build_id,arm,model,context_seed,cohort,age_quarters,rows,defaults,metric,value,ci_lo,ci_hi,floor
2012H2-R,R,scorecard,,2013H1,1,24341,85,auc,0.8374742938072325,0.7984562986051471,0.8764922890093179,False
2012H2-R,R,scorecard,,2013H1,1,24341,85,gini,0.674948587614465,0.5969125972102942,0.7529845780186357,False
2012H2-R,R,scorecard,,2013H1,1,24341,85,ks,0.568454621294428,,,False
2012H2-R,R,scorecard,,2013H1,1,24341,85,brier,0.004136212832927515,,,False
2012H2-R,R,scorecard,,2013H1,1,24341,85,brier_miscalibration,0.0006946490851385124,,,False
2012H2-R,R,scorecard,,2013H1,1,24341,85,brier_discrimination,3.829228572490564e-05,,,False
2012H2-R,R,scorecard,,2013H1,1,24341,85,brier_uncertainty,0.0034798560335139086,,,False
2012H2-R,R,scorecard,,2013H1,1,24341,85,observed_over_expected,0.2543207625972032,0.20320967136923718,0.31434162258199827,False
2012H2-R,R,scorecard,,2013H1,1,24341,85,log_oe,-1.369158963810622,-1.5935169690893825,-1.1572749144779682,False
2012H2-R,R,scorecard,,2013H1,1,24341,85,cox_intercept,-2.0430138824178736,-2.581356048864237,-1.5046717159715102,False
2012H2-R,R,scorecard,,2013H1,1,24341,85,cox_slope,0.8128889671082435,0.6694891742663595,0.9562887599501276,False
2012H2-R,R,scorecard,,2013H1,1,24341,85,psi,0.03292319294711539,,,False
2012H2-R,R,scorecard,,2013H1,1,24341,85,psi_critical,0.0008657010192657553,,,False
2012H2-R,R,scorecard,,2013H2,3,23974,142,auc,0.8219462587880422,0.7890111053090325,0.8548814122670518,True
2012H2-R,R,scorecard,,2013H2,3,23974,142,gini,0.6438925175760843,0.578022210618065,0.7097628245341037,True
2012H2-R,R,scorecard,,2013H2,3,23974,142,ks,0.510143776387766,,,True
2012H2-R,R,scorecard,,2013H2,3,23974,142,brier,0.006338695686220897,,,True
2012H2-R,R,scorecard,,2013H2,3,23974,142,brier_miscalibration,0.0005453719140909594,,,True
2012H2-R,R,scorecard,,2013H2,3,23974,142,brier_discrimination,9.467665189940612e-05,,,True
2012H2-R,R,scorecard,,2013H2,3,23974,142,brier_uncertainty,0.005888000424029344,,,True
2012H2-R,R,scorecard,,2013H2,3,23974,142,observed_over_expected,0.37332685609802974,0.3145906623473905,0.4397932884161085,True
2012H2-R,R,scorecard,,2013H2,3,23974,142,log_oe,-0.9853009532490353,-1.1564829698302665,-0.8214504615142803,True
2012H2-R,R,scorecard,,2013H2,3,23974,142,cox_intercept,-1.4658512151683212,-1.913430354092815,-1.0182720762438273,True
2012H2-R,R,scorecard,,2013H2,3,23974,142,cox_slope,0.8672461141538683,0.743541073892936,0.9909511544148006,True
2012H2-R,R,scorecard,,2013H2,3,23974,142,psi,0.12557087688044247,,,True
2012H2-R,R,scorecard,,2013H2,3,23974,142,psi_critical,0.0008763415003120926,,,True
2012H2-R,R,scorecard,,2014H1,5,24341,137,auc,0.788987040810049,0.7546943493886286,0.8232797322314694,True
2012H2-R,R,scorecard,,2014H1,5,24341,137,gini,0.577974081620098,0.5093886987772571,0.6465594644629389,True
2012H2-R,R,scorecard,,2014H1,5,24341,137,ks,0.45516606412404537,,,True
2012H2-R,R,scorecard,,2014H1,5,24341,137,brier,0.00613712333203636,,,True
2012H2-R,R,scorecard,,2014H1,5,24341,137,brier_miscalibration,0.0005945744479717574,,,True
2012H2-R,R,scorecard,,2014H1,5,24341,137,brier_discrimination,5.413630461806578e-05,,,True
2012H2-R,R,scorecard,,2014H1,5,24341,137,brier_uncertainty,0.005596685188682668,,,True
2012H2-R,R,scorecard,,2014H1,5,24341,137,observed_over_expected,0.35710871150305745,0.29994574231051396,0.4219442575983724,True
2012H2-R,R,scorecard,,2014H1,5,24341,137,log_oe,-1.0297150295433135,-1.2041536796478443,-0.8628820646700271,True
2012H2-R,R,scorecard,,2014H1,5,24341,137,cox_intercept,-1.899042982503829,-2.3819740176874378,-1.4161119473202204,True
2012H2-R,R,scorecard,,2014H1,5,24341,137,cox_slope,0.7578578231332405,0.6320439986878625,0.8836716475786184,True
2012H2-R,R,scorecard,,2014H1,5,24341,137,psi,0.15867511905064471,,,True
2012H2-R,R,scorecard,,2014H1,5,24341,137,psi_critical,0.0008657010192657553,,,True
2012H2-R,R,scorecard,,2014H2,7,24213,99,auc,0.7698308874596507,0.7277827535038726,0.8118790214154288,False
2012H2-R,R,scorecard,,2014H2,7,24213,99,gini,0.5396617749193013,0.4555655070077451,0.6237580428308576,False
2012H2-R,R,scorecard,,2014H2,7,24213,99,ks,0.4185158376499506,,,False
2012H2-R,R,scorecard,,2014H2,7,24213,99,brier,0.004559970421618217,,,False
2012H2-R,R,scorecard,,2014H2,7,24213,99,brier_miscalibration,0.0005222026640852376,,,False
2012H2-R,R,scorecard,,2014H2,7,24213,99,brier_discrimination,3.422734613753135e-05,,,False
2012H2-R,R,scorecard,,2014H2,7,24213,99,brier_uncertainty,0.004071995103670511,,,False
2012H2-R,R,scorecard,,2014H2,7,24213,99,observed_over_expected,0.28292730323543075,0.23003273599710436,0.3443005980921357,False
2012H2-R,R,scorecard,,2014H2,7,24213,99,log_oe,-1.2625652933647145,-1.4695336497647624,-1.066240171514173,False
2012H2-R,R,scorecard,,2014H2,7,24213,99,cox_intercept,-2.248215243054599,-2.843559015640002,-1.6528714704691962,False
2012H2-R,R,scorecard,,2014H2,7,24213,99,cox_slope,0.7333782789871172,0.5833158463598317,0.8834407116144026,False
2012H2-R,R,scorecard,,2014H2,7,24213,99,psi,0.12905225744380555,,,False
2012H2-R,R,scorecard,,2014H2,7,24213,99,psi_critical,0.0008693755092405066,,,False
2012H2-R,R,scorecard,,2015H1,9,24159,83,auc,0.8101373762202823,0.7654701184968435,0.854804633943721,False
2012H2-R,R,scorecard,,2015H1,9,24159,83,gini,0.6202747524405645,0.5309402369936871,0.7096092678874419,False
2012H2-R,R,scorecard,,2015H1,9,24159,83,ks,0.4866722247020979,,,False
2012H2-R,R,scorecard,,2015H1,9,24159,83,brier,0.0038066931179454614,,,False
2012H2-R,R,scorecard,,2015H1,9,24159,83,brier_miscalibration,0.00041880460256654315,,,False
2012H2-R,R,scorecard,,2015H1,9,24159,83,brier_discrimination,3.5880989519967554e-05,,,False
2012H2-R,R,scorecard,,2015H1,9,24159,83,brier_uncertainty,0.003423769504898886,,,False
2012H2-R,R,scorecard,,2015H1,9,24159,83,observed_over_expected,0.2694197987020234,0.21466201921445158,0.33384880801448624,False
2012H2-R,R,scorecard,,2015H1,9,24159,83,log_oe,-1.3114845258650512,-1.5386904914023696,-1.0970670591070197,False
2012H2-R,R,scorecard,,2015H1,9,24159,83,cox_intercept,-1.7806612316460266,-2.41687422208092,-1.1444482412111334,False
2012H2-R,R,scorecard,,2015H1,9,24159,83,cox_slope,0.8788832247975731,0.7131014024199678,1.0446650471751784,False
2012H2-R,R,scorecard,,2015H1,9,24159,83,psi,0.06612005303411853,,,False
2012H2-R,R,scorecard,,2015H1,9,24159,83,psi_critical,0.0008709373628282201,,,False
2012H2-R,R,scorecard,,2015H2,11,24159,130,auc,0.7843922567922734,0.7482887143567456,0.8204957992278012,True
2012H2-R,R,scorecard,,2015H2,11,24159,130,gini,0.5687845135845468,0.4965774287134912,0.6409915984556025,True
2012H2-R,R,scorecard,,2015H2,11,24159,130,ks,0.4336657308316553,,,True
2012H2-R,R,scorecard,,2015H2,11,24159,130,brier,0.005766529820928506,,,True
2012H2-R,R,scorecard,,2015H2,11,24159,130,brier_miscalibration,0.00046879480665809777,,,True
2012H2-R,R,scorecard,,2015H2,11,24159,130,brier_discrimination,5.4327063406302625e-05,,,True
2012H2-R,R,scorecard,,2015H2,11,24159,130,brier_uncertainty,0.005352062077676711,,,True
2012H2-R,R,scorecard,,2015H2,11,24159,130,observed_over_expected,0.3646860906037953,0.3048230355785369,0.4328165469522224,True
2012H2-R,R,scorecard,,2015H2,11,24159,130,log_oe,-1.008718321176986,-1.1880238819803026,-0.837441319851168,True
2012H2-R,R,scorecard,,2015H2,11,24159,130,cox_intercept,-1.8340433570622066,-2.3508471957411783,-1.3172395183832348,True
2012H2-R,R,scorecard,,2015H2,11,24159,130,cox_slope,0.7744832481742825,0.641266282579704,0.907700213768861,True
2012H2-R,R,scorecard,,2015H2,11,24159,130,psi,0.13250749629589356,,,True
2012H2-R,R,scorecard,,2015H2,11,24159,130,psi_critical,0.0008709373628282201,,,True
2012H2-R,R,scorecard,,2016H1,13,24632,115,auc,0.8161399986876896,0.7799260232118258,0.8523539741635534,True
2012H2-R,R,scorecard,,2016H1,13,24632,115,gini,0.6322799973753792,0.5598520464236516,0.7047079483271068,True
2012H2-R,R,scorecard,,2016H1,13,24632,115,ks,0.5131881870787085,,,True
2012H2-R,R,scorecard,,2016H1,13,24632,115,brier,0.005037391938309874,,,True
2012H2-R,R,scorecard,,2016H1,13,24632,115,brier_miscalibration,0.0004436351065851959,,,True
2012H2-R,R,scorecard,,2016H1,13,24632,115,brier_discrimination,5.3169799676359465e-05,,,True
2012H2-R,R,scorecard,,2016H1,13,24632,115,brier_uncertainty,0.004646926631401037,,,True
2012H2-R,R,scorecard,,2016H1,13,24632,115,observed_over_expected,0.32092425054030776,0.2650585189724872,0.3850406489815189,True
2012H2-R,R,scorecard,,2016H1,13,24632,115,log_oe,-1.1365501633249036,-1.3278046510631833,-0.9544063684975367,True
2012H2-R,R,scorecard,,2016H1,13,24632,115,cox_intercept,-1.5978111279082978,-2.143376065391625,-1.0522461904249707,True
2012H2-R,R,scorecard,,2016H1,13,24632,115,cox_slope,0.8775281030687448,0.7313883972141265,1.023667808923363,True
2012H2-R,R,scorecard,,2016H1,13,24632,115,psi,0.13381363711433145,,,True
2012H2-R,R,scorecard,,2016H1,13,24632,115,psi_critical,0.0008574893960800337,,,True
2012H2-R,R,scorecard,,2016H2,15,24760,121,auc,0.8025132500077986,0.764345873959605,0.8406806260559923,True
2012H2-R,R,scorecard,,2016H2,15,24760,121,gini,0.6050265000155972,0.5286917479192099,0.6813612521119845,True
2012H2-R,R,scorecard,,2016H2,15,24760,121,ks,0.49498359618678844,,,True
2012H2-R,R,scorecard,,2016H2,15,24760,121,brier,0.005227072465859635,,,True
2012H2-R,R,scorecard,,2016H2,15,24760,121,brier_miscalibration,0.00041257310766290144,,,True
2012H2-R,R,scorecard,,2016H2,15,24760,121,brier_discrimination,4.853308769415827e-05,,,True
2012H2-R,R,scorecard,,2016H2,15,24760,121,brier_uncertainty,0.004863032445890892,,,True
2012H2-R,R,scorecard,,2016H2,15,24760,121,observed_over_expected,0.3584382423591083,0.2975404323046705,0.4280838488418316,True
2012H2-R,R,scorecard,,2016H2,15,24760,121,log_oe,-1.025998900562818,-1.2122051563245042,-0.8484361940789539,True
2012H2-R,R,scorecard,,2016H2,15,24760,121,cox_intercept,-1.7337242162799578,-2.275660418747083,-1.1917880138128325,True
2012H2-R,R,scorecard,,2016H2,15,24760,121,cox_slope,0.8101011445780419,0.6709178213724037,0.9492844677836801,True
2012H2-R,R,scorecard,,2016H2,15,24760,121,psi,0.09035836906531888,,,True
2012H2-R,R,scorecard,,2016H2,15,24760,121,psi_critical,0.0008539385342871871,,,True
2012H2-R,R,scorecard,,2017H1,17,24541,162,auc,0.77230263954152,0.7415360590944204,0.8030692199886196,True
2012H2-R,R,scorecard,,2017H1,17,24541,162,gini,0.54460527908304,0.4830721181888409,0.6061384399772392,True
2012H2-R,R,scorecard,,2017H1,17,24541,162,ks,0.429067923769648,,,True
2012H2-R,R,scorecard,,2017H1,17,24541,162,brier,0.006963098664597805,,,True
2012H2-R,R,scorecard,,2017H1,17,24541,162,brier_miscalibration,0.00046998262017666076,,,True
2012H2-R,R,scorecard,,2017H1,17,24541,162,brier_discrimination,6.450613579885283e-05,,,True
2012H2-R,R,scorecard,,2017H1,17,24541,162,brier_uncertainty,0.006557622180219997,,,True
2012H2-R,R,scorecard,,2017H1,17,24541,162,observed_over_expected,0.4063324546374884,0.34633250377663144,0.47368461776629617,True
2012H2-R,R,scorecard,,2017H1,17,24541,162,log_oe,-0.9005836006713419,-1.0603559718090427,-0.7472135421017432,True
2012H2-R,R,scorecard,,2017H1,17,24541,162,cox_intercept,-1.8027847871594638,-2.281168279937052,-1.3244012943818757,True
2012H2-R,R,scorecard,,2017H1,17,24541,162,cox_slope,0.7499919242133001,0.6256372956823801,0.87434655274422,True
2012H2-R,R,scorecard,,2017H1,17,24541,162,psi,0.2285054239283475,,,True
2012H2-R,R,scorecard,,2017H1,17,24541,162,psi_critical,0.0008600363645961045,,,True
2012H2-R,R,scorecard,,2017H2,19,24680,143,auc,0.8130844783858601,0.7798131935943959,0.8463557631773242,True
2012H2-R,R,scorecard,,2017H2,19,24680,143,gini,0.6261689567717201,0.5596263871887919,0.6927115263546484,True
2012H2-R,R,scorecard,,2017H2,19,24680,143,ks,0.4979333337323312,,,True
2012H2-R,R,scorecard,,2017H2,19,24680,143,brier,0.006115743517427654,,,True
2012H2-R,R,scorecard,,2017H2,19,24680,143,brier_miscalibration,0.000439064513144489,,,True
2012H2-R,R,scorecard,,2017H2,19,24680,143,brier_discrimination,8.391396005255278e-05,,,True
2012H2-R,R,scorecard,,2017H2,19,24680,143,brier_uncertainty,0.005760592964335718,,,True
2012H2-R,R,scorecard,,2017H2,19,24680,143,observed_over_expected,0.35355895374707264,0.29811648046592737,0.4162723587496376,True
2012H2-R,R,scorecard,,2017H2,19,24680,143,log_oe,-1.0397050359886075,-1.2102709948013564,-0.8764155244162231,True
2012H2-R,R,scorecard,,2017H2,19,24680,143,cox_intercept,-1.3576345566844505,-1.857660548529806,-0.8576085648390949,True
2012H2-R,R,scorecard,,2017H2,19,24680,143,cox_slope,0.916717092651233,0.7776527132723297,1.0557814720301364,True
2012H2-R,R,scorecard,,2017H2,19,24680,143,psi,0.24309580320549823,,,True
2012H2-R,R,scorecard,,2017H2,19,24680,143,psi_critical,0.0008561535066251479,,,True
2012H2-R,R,scorecard,,2018H1,21,24416,148,auc,0.7632675272519923,0.72479609353718,0.8017389609668046,True
2012H2-R,R,scorecard,,2018H1,21,24416,148,gini,0.5265350545039846,0.44959218707436,0.6034779219336093,True
2012H2-R,R,scorecard,,2018H1,21,24416,148,ks,0.43519215605914136,,,True
2012H2-R,R,scorecard,,2018H1,21,24416,148,brier,0.006444069067310978,,,True
2012H2-R,R,scorecard,,2018H1,21,24416,148,brier_miscalibration,0.00048031612491662365,,,True
2012H2-R,R,scorecard,,2018H1,21,24416,148,brier_discrimination,6.110302726394009e-05,,,True
2012H2-R,R,scorecard,,2018H1,21,24416,148,brier_uncertainty,0.006024855969658295,,,True
2012H2-R,R,scorecard,,2018H1,21,24416,148,observed_over_expected,0.3647020307503784,0.30845164528815355,0.4281919050877694,True
2012H2-R,R,scorecard,,2018H1,21,24416,148,log_oe,-1.008674612906673,-1.1761901892893178,-0.8481838075176961,True
2012H2-R,R,scorecard,,2018H1,21,24416,148,cox_intercept,-1.913188322254209,-2.418702228870117,-1.4076744156383008,True
2012H2-R,R,scorecard,,2018H1,21,24416,148,cox_slope,0.7495602064060017,0.6176591970037754,0.8814612158082281,True
2012H2-R,R,scorecard,,2018H1,21,24416,148,psi,0.2704503499520802,,,True
2012H2-R,R,scorecard,,2018H1,21,24416,148,psi_critical,0.0008635658984907323,,,True
2012H2-R,R,scorecard,,2018H2,23,24543,146,auc,0.7678175679583331,0.7294062805469922,0.806228855369674,True
2012H2-R,R,scorecard,,2018H2,23,24543,146,gini,0.5356351359166662,0.4588125610939844,0.6124577107393481,True
2012H2-R,R,scorecard,,2018H2,23,24543,146,ks,0.42783190836960083,,,True
2012H2-R,R,scorecard,,2018H2,23,24543,146,brier,0.006399927840847419,,,True
2012H2-R,R,scorecard,,2018H2,23,24543,146,brier_miscalibration,0.0005426371826387872,,,True
2012H2-R,R,scorecard,,2018H2,23,24543,146,brier_discrimination,5.606482069460926e-05,,,True
2012H2-R,R,scorecard,,2018H2,23,24543,146,brier_uncertainty,0.005913355478903241,,,True
2012H2-R,R,scorecard,,2018H2,23,24543,146,observed_over_expected,0.34052517380338115,0.28765797568880275,0.400247331729255,True
2012H2-R,R,scorecard,,2018H2,23,24543,146,log_oe,-1.0772662242505617,-1.245983088997244,-0.9156725936378279,True
2012H2-R,R,scorecard,,2018H2,23,24543,146,cox_intercept,-1.918528652123866,-2.419560278818524,-1.417497025429208,True
2012H2-R,R,scorecard,,2018H2,23,24543,146,cox_slope,0.7645390711324023,0.6313354716343551,0.8977426706304494,True
2012H2-R,R,scorecard,,2018H2,23,24543,146,psi,0.3137655261798985,,,True
2012H2-R,R,scorecard,,2018H2,23,24543,146,psi_critical,0.0008599801842761298,,,True
2012H2-R,R,scorecard,,2019H1,25,24752,110,auc,0.6939770237067535,0.6445794502222798,0.7433745971912272,True
2012H2-R,R,scorecard,,2019H1,25,24752,110,gini,0.38795404741350703,0.2891589004445596,0.48674919438245445,True
2012H2-R,R,scorecard,,2019H1,25,24752,110,ks,0.3058075274291491,,,True
2012H2-R,R,scorecard,,2019H1,25,24752,110,brier,0.00500181912165929,,,True
2012H2-R,R,scorecard,,2019H1,25,24752,110,brier_miscalibration,0.0006134711621124094,,,True
2012H2-R,R,scorecard,,2019H1,25,24752,110,brier_discrimination,3.598747250272306e-05,,,True
2012H2-R,R,scorecard,,2019H1,25,24752,110,brier_uncertainty,0.004424335432049603,,,True
2012H2-R,R,scorecard,,2019H1,25,24752,110,observed_over_expected,0.26807858496717163,0.2204108629419696,0.322959700815514,True
2012H2-R,R,scorecard,,2019H1,25,24752,110,log_oe,-1.316475113964612,-1.512261915522455,-1.1302277288203615,True
2012H2-R,R,scorecard,,2019H1,25,24752,110,cox_intercept,-2.858968018008868,-3.465518719782441,-2.252417316235295,True
2012H2-R,R,scorecard,,2019H1,25,24752,110,cox_slope,0.582266118650626,0.43413380710205585,0.7303984301991963,True
2012H2-R,R,scorecard,,2019H1,25,24752,110,psi,0.31184456034353436,,,True
2012H2-R,R,scorecard,,2019H1,25,24752,110,psi_critical,0.0008541593872174589,,,True
2012H2-R,R,scorecard,,2019H2,27,24861,136,auc,0.6825889192886457,0.6381458019593622,0.7270320366179293,True
2012H2-R,R,scorecard,,2019H2,27,24861,136,gini,0.36517783857729147,0.2762916039187244,0.4540640732358585,True
2012H2-R,R,scorecard,,2019H2,27,24861,136,ks,0.2878025932314281,,,True
2012H2-R,R,scorecard,,2019H2,27,24861,136,brier,0.005823558490364458,,,True
2012H2-R,R,scorecard,,2019H2,27,24861,136,brier_miscalibration,0.000404637435723507,,,True
2012H2-R,R,scorecard,,2019H2,27,24861,136,brier_discrimination,2.156900974132573e-05,,,True
2012H2-R,R,scorecard,,2019H2,27,24861,136,brier_uncertainty,0.0054404900643822765,,,True
2012H2-R,R,scorecard,,2019H2,27,24861,136,observed_over_expected,0.39436323273710516,0.3310113781880768,0.4662539673728721,True
2012H2-R,R,scorecard,,2019H2,27,24861,136,log_oe,-0.930482883882419,-1.105602529005323,-0.7630247989495964,True
2012H2-R,R,scorecard,,2019H2,27,24861,136,cox_intercept,-2.8509042629205363,-3.4244703514965935,-2.277338174344479,True
2012H2-R,R,scorecard,,2019H2,27,24861,136,cox_slope,0.5063991145720291,0.3759967946116128,0.6368014345324455,True
2012H2-R,R,scorecard,,2019H2,27,24861,136,psi,0.17175847992248433,,,True
2012H2-R,R,scorecard,,2019H2,27,24861,136,psi_critical,0.0008511624908620493,,,True
2012H2-R,R,scorecard,,2020H1,29,24880,111,auc,0.6643714043891683,0.6137644122512028,0.7149783965271338,True
2012H2-R,R,scorecard,,2020H1,29,24880,111,gini,0.3287428087783366,0.22752882450240564,0.4299567930542676,True
2012H2-R,R,scorecard,,2020H1,29,24880,111,ks,0.2756875329849612,,,True
2012H2-R,R,scorecard,,2020H1,29,24880,111,brier,0.004777569629095028,,,True
2012H2-R,R,scorecard,,2020H1,29,24880,111,brier_miscalibration,0.0003452820982196604,,,True
2012H2-R,R,scorecard,,2020H1,29,24880,111,brier_discrimination,9.223038184092217e-06,,,True
2012H2-R,R,scorecard,,2020H1,29,24880,111,brier_uncertainty,0.00444151056905946,,,True
2012H2-R,R,scorecard,,2020H1,29,24880,111,observed_over_expected,0.4005139307809056,0.3296037232682713,0.4821021483576044,True
2012H2-R,R,scorecard,,2020H1,29,24880,111,log_oe,-0.9150067296057313,-1.1098641846869848,-0.7295992613315694,True
2012H2-R,R,scorecard,,2020H1,29,24880,111,cox_intercept,-3.3808850628027725,-4.036824102996938,-2.7249460226086066,True
2012H2-R,R,scorecard,,2020H1,29,24880,111,cox_slope,0.40560219694225674,0.2691822122216392,0.5420221816628743,True
2012H2-R,R,scorecard,,2020H1,29,24880,111,psi,0.04419545859177397,,,True
2012H2-R,R,scorecard,,2020H1,29,24880,111,psi_critical,0.0008506427836460573,,,True
2012H2-R,R,scorecard,,2020H2,31,24919,71,auc,0.6862665853459456,0.6231082173240744,0.7494249533678169,False
2012H2-R,R,scorecard,,2020H2,31,24919,71,gini,0.3725331706918913,0.2462164346481488,0.4988499067356338,False
2012H2-R,R,scorecard,,2020H2,31,24919,71,ks,0.3155846702883106,,,False
2012H2-R,R,scorecard,,2020H2,31,24919,71,brier,0.0031406771032593886,,,False
2012H2-R,R,scorecard,,2020H2,31,24919,71,brier_miscalibration,0.0003063778588535413,,,False
2012H2-R,R,scorecard,,2020H2,31,24919,71,brier_discrimination,6.814145488747737e-06,,,False
2012H2-R,R,scorecard,,2020H2,31,24919,71,brier_uncertainty,0.002841113389894595,,,False
2012H2-R,R,scorecard,,2020H2,31,24919,71,observed_over_expected,0.29619672697365423,0.23139969308919903,0.3734726949863665,False
2012H2-R,R,scorecard,,2020H2,31,24919,71,log_oe,-1.2167314272646759,-1.4636087905449657,-0.9849103828744846,False
2012H2-R,R,scorecard,,2020H2,31,24919,71,cox_intercept,-3.5360670099632445,-4.354543753681465,-2.7175902662450233,False
2012H2-R,R,scorecard,,2020H2,31,24919,71,cox_slope,0.4532417458397491,0.28543063549262854,0.6210528561868696,False
2012H2-R,R,scorecard,,2020H2,31,24919,71,psi,0.007095253074505391,,,False
2012H2-R,R,scorecard,,2020H2,31,24919,71,psi_critical,0.0008495784991479164,,,False
2012H2-R,R,scorecard,,2021H1,33,24909,90,auc,0.7289379552403848,0.6767843739900405,0.7810915364907292,False
2012H2-R,R,scorecard,,2021H1,33,24909,90,gini,0.4578759104807697,0.3535687479800811,0.5621830729814583,False
2012H2-R,R,scorecard,,2021H1,33,24909,90,ks,0.3791168056730731,,,False
2012H2-R,R,scorecard,,2021H1,33,24909,90,brier,0.0038807494636140315,,,False
2012H2-R,R,scorecard,,2021H1,33,24909,90,brier_miscalibration,0.0002977435943794398,,,False
2012H2-R,R,scorecard,,2021H1,33,24909,90,brier_discrimination,1.709113712642079e-05,,,False
2012H2-R,R,scorecard,,2021H1,33,24909,90,brier_uncertainty,0.0036000970063610124,,,False
2012H2-R,R,scorecard,,2021H1,33,24909,90,observed_over_expected,0.326228703800804,0.2624140685451797,0.4008243480052745,False
2012H2-R,R,scorecard,,2021H1,33,24909,90,log_oe,-1.1201565981821335,-1.337831608466885,-0.9142319825404445,False
2012H2-R,R,scorecard,,2021H1,33,24909,90,cox_intercept,-2.6545770186983075,-3.3448529118139434,-1.9643011255826717,False
2012H2-R,R,scorecard,,2021H1,33,24909,90,cox_slope,0.6160614153499245,0.46033513638957424,0.7717876943102748,False
2012H2-R,R,scorecard,,2021H1,33,24909,90,psi,0.033462951119937114,,,False
2012H2-R,R,scorecard,,2021H1,33,24909,90,psi_critical,0.0008498510748960885,,,False
2012H2-R,R,scorecard,,2021H2,35,24929,136,auc,0.7553120721930525,0.7153365680767284,0.7952875763093766,True
2012H2-R,R,scorecard,,2021H2,35,24929,136,gini,0.510624144386105,0.4306731361534568,0.5905751526187533,True
2012H2-R,R,scorecard,,2021H2,35,24929,136,ks,0.3791971049703308,,,True
2012H2-R,R,scorecard,,2021H2,35,24929,136,brier,0.005689191985671989,,,True
2012H2-R,R,scorecard,,2021H2,35,24929,136,brier_miscalibration,0.00030944858163942015,,,True
2012H2-R,R,scorecard,,2021H2,35,24929,136,brier_discrimination,4.598778735702674e-05,,,True
2012H2-R,R,scorecard,,2021H2,35,24929,136,brier_uncertainty,0.005425731191389596,,,True
2012H2-R,R,scorecard,,2021H2,35,24929,136,observed_over_expected,0.39919843236692326,0.3350694496277177,0.47197124888891767,True
2012H2-R,R,scorecard,,2021H2,35,24929,136,log_oe,-0.9182966614891036,-1.0934174563217551,-0.7508372086228136,True
2012H2-R,R,scorecard,,2021H2,35,24929,136,cox_intercept,-1.976419637884256,-2.527644546116126,-1.4251947296523857,True
2012H2-R,R,scorecard,,2021H2,35,24929,136,cox_slope,0.7194678575926623,0.58360165659755,0.8553340585877746,True
2012H2-R,R,scorecard,,2021H2,35,24929,136,psi,0.12330252671886166,,,True
2012H2-R,R,scorecard,,2021H2,35,24929,136,psi_critical,0.0008493061420813988,,,True
2012H2-R,R,scorecard,,2022H1,37,24889,291,auc,0.7505611888654093,0.7245710337641231,0.7765513439666956,True
2012H2-R,R,scorecard,,2022H1,37,24889,291,gini,0.5011223777308187,0.44914206752824626,0.5531026879333911,True
2012H2-R,R,scorecard,,2022H1,37,24889,291,ks,0.4077811762976846,,,True
2012H2-R,R,scorecard,,2022H1,37,24889,291,brier,0.011634987204608555,,,True
2012H2-R,R,scorecard,,2022H1,37,24889,291,brier_miscalibration,0.00021902315504217403,,,True
2012H2-R,R,scorecard,,2022H1,37,24889,291,brier_discrimination,0.00013924723179902822,,,True
2012H2-R,R,scorecard,,2022H1,37,24889,291,brier_uncertainty,0.01155521128136541,,,True
2012H2-R,R,scorecard,,2022H1,37,24889,291,observed_over_expected,0.7273557955634726,0.6465881795350467,0.8153279846692427,True
2012H2-R,R,scorecard,,2022H1,37,24889,291,log_oe,-0.3183395187412416,-0.43604569481205296,-0.20416481151960647,True
2012H2-R,R,scorecard,,2022H1,37,24889,291,cox_intercept,-1.338215520447678,-1.7254565877697643,-0.9509744531255917,True
2012H2-R,R,scorecard,,2022H1,37,24889,291,cox_slope,0.7194934614769165,0.6212305188301489,0.8177564041236841,True
2012H2-R,R,scorecard,,2022H1,37,24889,291,psi,0.29398798241617163,,,True
2012H2-R,R,scorecard,,2022H1,37,24889,291,psi_critical,0.0008503968834917491,,,True
2012H2-R,R,scorecard,,2022H2,39,24859,373,auc,0.7546820539131733,0.7311054375874586,0.7782586702388881,True
2012H2-R,R,scorecard,,2022H2,39,24859,373,gini,0.5093641078263467,0.4622108751749172,0.5565173404777761,True
2012H2-R,R,scorecard,,2022H2,39,24859,373,ks,0.41340622720561004,,,True
2012H2-R,R,scorecard,,2022H2,39,24859,373,brier,0.014623088024448535,,,True
2012H2-R,R,scorecard,,2022H2,39,24859,373,brier_miscalibration,0.00011014574904819573,,,True
2012H2-R,R,scorecard,,2022H2,39,24859,373,brier_discrimination,0.0002665450116184267,,,True
2012H2-R,R,scorecard,,2022H2,39,24859,373,brier_uncertainty,0.014779487287018766,,,True
2012H2-R,R,scorecard,,2022H2,39,24859,373,observed_over_expected,0.889433518557153,0.8020315315614859,0.9836469351009666,True
2012H2-R,R,scorecard,,2022H2,39,24859,373,log_oe,-0.11717051490872642,-0.22060735572702886,-0.016488252107784238,True
2012H2-R,R,scorecard,,2022H2,39,24859,373,cox_intercept,-0.8580953973857751,-1.2131574985969016,-0.5030332961746486,True
2012H2-R,R,scorecard,,2022H2,39,24859,373,cox_slope,0.7932976029618379,0.7007151608448057,0.8858800450788702,True
2012H2-R,R,scorecard,,2022H2,39,24859,373,psi,0.44855311816275373,,,True
2012H2-R,R,scorecard,,2022H2,39,24859,373,psi_critical,0.0008512172430984896,,,True
2012H2-R,R,scorecard,,2023H1,41,24882,381,auc,0.7633517770606825,0.7405656366716398,0.7861379174497252,True
2012H2-R,R,scorecard,,2023H1,41,24882,381,gini,0.5267035541213649,0.48113127334327954,0.5722758348994503,True
2012H2-R,R,scorecard,,2023H1,41,24882,381,ks,0.392745660067868,,,True
2012H2-R,R,scorecard,,2023H1,41,24882,381,brier,0.014935209579477617,,,True
2012H2-R,R,scorecard,,2023H1,41,24882,381,brier_miscalibration,0.00015939391651027292,,,True
2012H2-R,R,scorecard,,2023H1,41,24882,381,brier_discrimination,0.00030199253699812745,,,True
2012H2-R,R,scorecard,,2023H1,41,24882,381,brier_uncertainty,0.015077808199965471,,,True
2012H2-R,R,scorecard,,2023H1,41,24882,381,observed_over_expected,0.8750728611680395,0.7899786417681619,0.9667224944435273,True
2012H2-R,R,scorecard,,2023H1,41,24882,381,log_oe,-0.13344812618493795,-0.2357493696230459,-0.03384380047069983,True
2012H2-R,R,scorecard,,2023H1,41,24882,381,cox_intercept,-0.8898574678815264,-1.2177879459842293,-0.5619269897788235,True
2012H2-R,R,scorecard,,2023H1,41,24882,381,cox_slope,0.7841619801969836,0.6976296006856627,0.8706943597083044,True
2012H2-R,R,scorecard,,2023H1,41,24882,381,psi,0.3987136501859121,,,True
2012H2-R,R,scorecard,,2023H1,41,24882,381,psi_critical,0.0008505881237943074,,,True
2012H2-R,R,scorecard,,2023H2,43,24866,363,auc,0.8090874125830885,0.7891813018294564,0.8289935233367205,True
2012H2-R,R,scorecard,,2023H2,43,24866,363,gini,0.6181748251661769,0.5783626036589129,0.657987046673441,True
2012H2-R,R,scorecard,,2023H2,43,24866,363,ks,0.4884276271787263,,,True
2012H2-R,R,scorecard,,2023H2,43,24866,363,brier,0.014148240133417814,,,True
2012H2-R,R,scorecard,,2023H2,43,24866,363,brier_miscalibration,0.00014244657221471578,,,True
2012H2-R,R,scorecard,,2023H2,43,24866,363,brier_discrimination,0.0003793442367359297,,,True
2012H2-R,R,scorecard,,2023H2,43,24866,363,brier_uncertainty,0.014385137797939028,,,True
2012H2-R,R,scorecard,,2023H2,43,24866,363,observed_over_expected,0.8950937421338858,0.8059469294977224,0.9912916924164397,True
2012H2-R,R,scorecard,,2023H2,43,24866,363,log_oe,-0.1108268263777155,-0.21573738293896932,-0.008746446472258685,True
2012H2-R,R,scorecard,,2023H2,43,24866,363,cox_intercept,-0.4430546630071334,-0.7734397041569108,-0.11266962185735607,True
2012H2-R,R,scorecard,,2023H2,43,24866,363,cox_slope,0.9052390490431682,0.8156911460815327,0.9947869520048037,True
2012H2-R,R,scorecard,,2023H2,43,24866,363,psi,0.3091837882480645,,,True
2012H2-R,R,scorecard,,2023H2,43,24866,363,psi_critical,0.0008510256488040512,,,True
2012H2-R,R,gbm,,2013H1,1,24341,85,auc,0.8373190866056184,0.7965001164475206,0.8781380567637161,False
2012H2-R,R,gbm,,2013H1,1,24341,85,gini,0.6746381732112368,0.5930002328950412,0.7562761135274323,False
2012H2-R,R,gbm,,2013H1,1,24341,85,ks,0.5309759622846499,,,False
2012H2-R,R,gbm,,2013H1,1,24341,85,brier,0.004058985165929,,,False
2012H2-R,R,gbm,,2013H1,1,24341,85,brier_miscalibration,0.000653800451903616,,,False
2012H2-R,R,gbm,,2013H1,1,24341,85,brier_discrimination,7.467131948852472e-05,,,False
2012H2-R,R,gbm,,2013H1,1,24341,85,brier_uncertainty,0.0034798560335139086,,,False
2012H2-R,R,gbm,,2013H1,1,24341,85,observed_over_expected,0.23876308467683197,0.19077863512516038,0.2951122617104946,False
2012H2-R,R,gbm,,2013H1,1,24341,85,log_oe,-1.4322834961938935,-1.656641501472654,-1.2203994468612398,False
2012H2-R,R,gbm,,2013H1,1,24341,85,cox_intercept,-1.7517063724968256,-2.3019164649824218,-1.2014962800112294,False
2012H2-R,R,gbm,,2013H1,1,24341,85,cox_slope,0.9199735120408314,0.7667813705320227,1.07316565354964,False
2012H2-R,R,gbm,,2013H1,1,24341,85,psi,0.056052544137974024,,,False
2012H2-R,R,gbm,,2013H1,1,24341,85,psi_critical,0.0008657010192657553,,,False
2012H2-R,R,gbm,,2013H2,3,23974,142,auc,0.8327575599619874,0.8012792294253234,0.8642358904986515,True
2012H2-R,R,gbm,,2013H2,3,23974,142,gini,0.6655151199239748,0.6025584588506467,0.7284717809973029,True
2012H2-R,R,gbm,,2013H2,3,23974,142,ks,0.5320329158570084,,,True
2012H2-R,R,gbm,,2013H2,3,23974,142,brier,0.006246179493676908,,,True
2012H2-R,R,gbm,,2013H2,3,23974,142,brier_miscalibration,0.00046105248240681414,,,True
2012H2-R,R,gbm,,2013H2,3,23974,142,brier_discrimination,0.00010287341275925024,,,True
2012H2-R,R,gbm,,2013H2,3,23974,142,brier_uncertainty,0.005888000424029344,,,True
2012H2-R,R,gbm,,2013H2,3,23974,142,observed_over_expected,0.3807715284863069,0.32086405087900066,0.44856339669345485,True
2012H2-R,R,gbm,,2013H2,3,23974,142,log_oe,-0.965555746490662,-1.1367377630718933,-0.8017052547559069,True
2012H2-R,R,gbm,,2013H2,3,23974,142,cox_intercept,-1.171457287750405,-1.6257028095746757,-0.7172117659261344,True
2012H2-R,R,gbm,,2013H2,3,23974,142,cox_slope,0.9509388142962558,0.8240210468554177,1.077856581737094,True
2012H2-R,R,gbm,,2013H2,3,23974,142,psi,0.13342018789255433,,,True
2012H2-R,R,gbm,,2013H2,3,23974,142,psi_critical,0.0008763415003120926,,,True
2012H2-R,R,gbm,,2014H1,5,24341,137,auc,0.8166233306433032,0.7824386510922223,0.850808010194384,True
2012H2-R,R,gbm,,2014H1,5,24341,137,gini,0.6332466612866063,0.5648773021844447,0.701616020388768,True
2012H2-R,R,gbm,,2014H1,5,24341,137,ks,0.5004897543628548,,,True
2012H2-R,R,gbm,,2014H1,5,24341,137,brier,0.005877897346202874,,,True
2012H2-R,R,gbm,,2014H1,5,24341,137,brier_miscalibration,0.0004069443942619237,,,True
2012H2-R,R,gbm,,2014H1,5,24341,137,brier_discrimination,0.00012573223674171817,,,True
2012H2-R,R,gbm,,2014H1,5,24341,137,brier_uncertainty,0.005596685188682668,,,True
2012H2-R,R,gbm,,2014H1,5,24341,137,observed_over_expected,0.39653394801911573,0.33306011743399916,0.4685274173381371,True
2012H2-R,R,gbm,,2014H1,5,24341,137,log_oe,-0.9249936223564216,-1.099432272460952,-0.758160657483135,True
2012H2-R,R,gbm,,2014H1,5,24341,137,cox_intercept,-1.184367821534847,-1.6770412530777759,-0.6916943899919181,True
2012H2-R,R,gbm,,2014H1,5,24341,137,cox_slope,0.9360305189428759,0.804493348749205,1.0675676891365469,True
2012H2-R,R,gbm,,2014H1,5,24341,137,psi,0.1452422680948948,,,True
2012H2-R,R,gbm,,2014H1,5,24341,137,psi_critical,0.0008657010192657553,,,True
2012H2-R,R,gbm,,2014H2,7,24213,99,auc,0.7968481782241422,0.7558935765669477,0.8378027798813368,False
2012H2-R,R,gbm,,2014H2,7,24213,99,gini,0.5936963564482844,0.5117871531338953,0.6756055597626736,False
2012H2-R,R,gbm,,2014H2,7,24213,99,ks,0.46060128530892397,,,False
2012H2-R,R,gbm,,2014H2,7,24213,99,brier,0.004317055642644224,,,False
2012H2-R,R,gbm,,2014H2,7,24213,99,brier_miscalibration,0.00033256626012032834,,,False
2012H2-R,R,gbm,,2014H2,7,24213,99,brier_discrimination,8.750572114661539e-05,,,False
2012H2-R,R,gbm,,2014H2,7,24213,99,brier_uncertainty,0.004071995103670511,,,False
2012H2-R,R,gbm,,2014H2,7,24213,99,observed_over_expected,0.32178519149700835,0.26162596241838915,0.3915876361972058,False
2012H2-R,R,gbm,,2014H2,7,24213,99,log_oe,-1.1338710632048639,-1.3408394196049118,-0.9375459413543225,False
2012H2-R,R,gbm,,2014H2,7,24213,99,cox_intercept,-1.4418920258674053,-2.0731928891291065,-0.8105911626057042,False
2012H2-R,R,gbm,,2014H2,7,24213,99,cox_slope,0.9249386446306801,0.763195514982377,1.0866817742789832,False
2012H2-R,R,gbm,,2014H2,7,24213,99,psi,0.11628579469393067,,,False
2012H2-R,R,gbm,,2014H2,7,24213,99,psi_critical,0.0008693755092405066,,,False
2012H2-R,R,gbm,,2015H1,9,24159,83,auc,0.8146199184510095,0.7705081247294308,0.8587317121725881,False
2012H2-R,R,gbm,,2015H1,9,24159,83,gini,0.6292398369020189,0.5410162494588615,0.7174634243451763,False
2012H2-R,R,gbm,,2015H1,9,24159,83,ks,0.5100540056888128,,,False
2012H2-R,R,gbm,,2015H1,9,24159,83,brier,0.003634098943564359,,,False
2012H2-R,R,gbm,,2015H1,9,24159,83,brier_miscalibration,0.000250864770092609,,,False
2012H2-R,R,gbm,,2015H1,9,24159,83,brier_discrimination,4.05353314271357e-05,,,False
2012H2-R,R,gbm,,2015H1,9,24159,83,brier_uncertainty,0.003423769504898886,,,False
2012H2-R,R,gbm,,2015H1,9,24159,83,observed_over_expected,0.3014858337600834,0.24021084623802716,0.37358310977500364,False
2012H2-R,R,gbm,,2015H1,9,24159,83,log_oe,-1.1990322497891375,-1.4262382153264561,-0.9846147830311063,False
2012H2-R,R,gbm,,2015H1,9,24159,83,cox_intercept,-1.2307670801283503,-1.933232571966447,-0.5283015882902536,False
2012H2-R,R,gbm,,2015H1,9,24159,83,cox_slope,0.9997381390215525,0.8203139952849181,1.179162282758187,False
2012H2-R,R,gbm,,2015H1,9,24159,83,psi,0.0669849515268641,,,False
2012H2-R,R,gbm,,2015H1,9,24159,83,psi_critical,0.0008709373628282201,,,False
2012H2-R,R,gbm,,2015H2,11,24159,130,auc,0.8019756576188388,0.7667595487392861,0.8371917664983916,True
2012H2-R,R,gbm,,2015H2,11,24159,130,gini,0.6039513152376776,0.5335190974785722,0.6743835329967831,True
2012H2-R,R,gbm,,2015H2,11,24159,130,ks,0.45391434068449343,,,True
2012H2-R,R,gbm,,2015H2,11,24159,130,brier,0.0054921832525566105,,,True
2012H2-R,R,gbm,,2015H2,11,24159,130,brier_miscalibration,0.00021284442316191372,,,True
2012H2-R,R,gbm,,2015H2,11,24159,130,brier_discrimination,7.27232482820141e-05,,,True
2012H2-R,R,gbm,,2015H2,11,24159,130,brier_uncertainty,0.005352062077676711,,,True
2012H2-R,R,gbm,,2015H2,11,24159,130,observed_over_expected,0.4296464176520903,0.359120154644009,0.5099127268349807,True
2012H2-R,R,gbm,,2015H2,11,24159,130,log_oe,-0.8447926930859199,-1.0240982538892365,-0.6735156917601017,True
2012H2-R,R,gbm,,2015H2,11,24159,130,cox_intercept,-0.9904427218206747,-1.571553317705185,-0.4093321259361643,True
2012H2-R,R,gbm,,2015H2,11,24159,130,cox_slope,0.9673393667090457,0.8179716780525828,1.1167070553655087,True
2012H2-R,R,gbm,,2015H2,11,24159,130,psi,0.1198067480632207,,,True
2012H2-R,R,gbm,,2015H2,11,24159,130,psi_critical,0.0008709373628282201,,,True
2012H2-R,R,gbm,,2016H1,13,24632,115,auc,0.8110877811491938,0.7743093581909681,0.8478662041074194,True
2012H2-R,R,gbm,,2016H1,13,24632,115,gini,0.6221755622983876,0.5486187163819363,0.6957324082148388,True
2012H2-R,R,gbm,,2016H1,13,24632,115,ks,0.492823613074158,,,True
2012H2-R,R,gbm,,2016H1,13,24632,115,brier,0.004832273854873025,,,True
2012H2-R,R,gbm,,2016H1,13,24632,115,brier_miscalibration,0.00023543297658946624,,,True
2012H2-R,R,gbm,,2016H1,13,24632,115,brier_discrimination,5.008575311747903e-05,,,True
2012H2-R,R,gbm,,2016H1,13,24632,115,brier_uncertainty,0.004646926631401037,,,True
2012H2-R,R,gbm,,2016H1,13,24632,115,observed_over_expected,0.378299305442012,0.31244586054174267,0.4538784770281962,True
2012H2-R,R,gbm,,2016H1,13,24632,115,log_oe,-0.9720695833426924,-1.1633240710809722,-0.7899257885153256,True
2012H2-R,R,gbm,,2016H1,13,24632,115,cox_intercept,-1.070495802140986,-1.6966955570246807,-0.44429604725729155,True
2012H2-R,R,gbm,,2016H1,13,24632,115,cox_slope,0.9805487807350871,0.8197913261506329,1.1413062353195413,True
2012H2-R,R,gbm,,2016H1,13,24632,115,psi,0.12219517541841553,,,True
2012H2-R,R,gbm,,2016H1,13,24632,115,psi_critical,0.0008574893960800337,,,True
2012H2-R,R,gbm,,2016H2,15,24760,121,auc,0.7932007611396165,0.756550005155099,0.829851517124134,True
2012H2-R,R,gbm,,2016H2,15,24760,121,gini,0.5864015222792329,0.5131000103101979,0.6597030342482679,True
2012H2-R,R,gbm,,2016H2,15,24760,121,ks,0.49090151037175156,,,True
2012H2-R,R,gbm,,2016H2,15,24760,121,brier,0.005022409005356025,,,True
2012H2-R,R,gbm,,2016H2,15,24760,121,brier_miscalibration,0.00020858313400713095,,,True
2012H2-R,R,gbm,,2016H2,15,24760,121,brier_discrimination,4.9206574541997734e-05,,,True
2012H2-R,R,gbm,,2016H2,15,24760,121,brier_uncertainty,0.004863032445890892,,,True
2012H2-R,R,gbm,,2016H2,15,24760,121,observed_over_expected,0.41559582847556303,0.34498707965638603,0.4963473223322701,True
2012H2-R,R,gbm,,2016H2,15,24760,121,log_oe,-0.878042057161715,-1.064248312923401,-0.7004793506778509,True
2012H2-R,R,gbm,,2016H2,15,24760,121,cox_intercept,-1.281067117786507,-1.916432349235503,-0.6457018863375109,True
2012H2-R,R,gbm,,2016H2,15,24760,121,cox_slope,0.9003637973979706,0.7432414058620035,1.0574861889339378,True
2012H2-R,R,gbm,,2016H2,15,24760,121,psi,0.08496761176170588,,,True
2012H2-R,R,gbm,,2016H2,15,24760,121,psi_critical,0.0008539385342871871,,,True
2012H2-R,R,gbm,,2017H1,17,24541,162,auc,0.7873603774549945,0.7576499285764823,0.8170708263335068,True
2012H2-R,R,gbm,,2017H1,17,24541,162,gini,0.5747207549099891,0.5152998571529646,0.6341416526670136,True
2012H2-R,R,gbm,,2017H1,17,24541,162,ks,0.45189950468400497,,,True
2012H2-R,R,gbm,,2017H1,17,24541,162,brier,0.006728810182095311,,,True
2012H2-R,R,gbm,,2017H1,17,24541,162,brier_miscalibration,0.00024016060389426153,,,True
2012H2-R,R,gbm,,2017H1,17,24541,162,brier_discrimination,6.897260201894732e-05,,,True
2012H2-R,R,gbm,,2017H1,17,24541,162,brier_uncertainty,0.006557622180219997,,,True
2012H2-R,R,gbm,,2017H1,17,24541,162,observed_over_expected,0.4736925649299166,0.4037460708840381,0.5522100905224184,True
2012H2-R,R,gbm,,2017H1,17,24541,162,log_oe,-0.747196764911484,-0.9069691360491847,-0.5938267063418854,True
2012H2-R,R,gbm,,2017H1,17,24541,162,cox_intercept,-1.164483782683914,-1.7073932312161737,-0.6215743341516544,True
2012H2-R,R,gbm,,2017H1,17,24541,162,cox_slope,0.8927743543579396,0.7536220390329034,1.0319266696829759,True
2012H2-R,R,gbm,,2017H1,17,24541,162,psi,0.20948237698897804,,,True
2012H2-R,R,gbm,,2017H1,17,24541,162,psi_critical,0.0008600363645961045,,,True
2012H2-R,R,gbm,,2017H2,19,24680,143,auc,0.8119067222869644,0.779312484808341,0.8445009597655877,True
2012H2-R,R,gbm,,2017H2,19,24680,143,gini,0.6238134445739287,0.5586249696166821,0.6890019195311754,True
2012H2-R,R,gbm,,2017H2,19,24680,143,ks,0.5168914306950741,,,True
2012H2-R,R,gbm,,2017H2,19,24680,143,brier,0.005868366806239953,,,True
2012H2-R,R,gbm,,2017H2,19,24680,143,brier_miscalibration,0.00021550733643406223,,,True
2012H2-R,R,gbm,,2017H2,19,24680,143,brier_discrimination,0.00010773349452982729,,,True
2012H2-R,R,gbm,,2017H2,19,24680,143,brier_uncertainty,0.005760592964335718,,,True
2012H2-R,R,gbm,,2017H2,19,24680,143,observed_over_expected,0.42167497427766437,0.35555105563002193,0.49647062903638733,True
2012H2-R,R,gbm,,2017H2,19,24680,143,log_oe,-0.8635204648384416,-1.0340864236511902,-0.700230953266057,True
2012H2-R,R,gbm,,2017H2,19,24680,143,cox_intercept,-0.6757116927666577,-1.2657676847670147,-0.08565570076630058,True
2012H2-R,R,gbm,,2017H2,19,24680,143,cox_slope,1.0583665383638377,0.9006446201441711,1.2160884565835042,True
2012H2-R,R,gbm,,2017H2,19,24680,143,psi,0.22008851778594588,,,True
2012H2-R,R,gbm,,2017H2,19,24680,143,psi_critical,0.0008561535066251479,,,True
2012H2-R,R,gbm,,2018H1,21,24416,148,auc,0.7654797330707995,0.7293100234528004,0.8016494426887987,True
2012H2-R,R,gbm,,2018H1,21,24416,148,gini,0.5309594661415991,0.45862004690560076,0.6032988853775973,True
2012H2-R,R,gbm,,2018H1,21,24416,148,ks,0.4155655985637855,,,True
2012H2-R,R,gbm,,2018H1,21,24416,148,brier,0.006190672889646474,,,True
2012H2-R,R,gbm,,2018H1,21,24416,148,brier_miscalibration,0.00021735603072924829,,,True
2012H2-R,R,gbm,,2018H1,21,24416,148,brier_discrimination,5.1539110741068844e-05,,,True
2012H2-R,R,gbm,,2018H1,21,24416,148,brier_uncertainty,0.006024855969658295,,,True
2012H2-R,R,gbm,,2018H1,21,24416,148,observed_over_expected,0.4411236898640285,0.3730862908390855,0.517917579876346,True
2012H2-R,R,gbm,,2018H1,21,24416,148,log_oe,-0.8184299669791474,-0.9859455433617922,-0.6579391615901704,True
2012H2-R,R,gbm,,2018H1,21,24416,148,cox_intercept,-1.3349791757224154,-1.9284173074609403,-0.7415410439838905,True
2012H2-R,R,gbm,,2018H1,21,24416,148,cox_slope,0.8677602525974382,0.7179156626321184,1.017604842562758,True
2012H2-R,R,gbm,,2018H1,21,24416,148,psi,0.23081351403538342,,,True
2012H2-R,R,gbm,,2018H1,21,24416,148,psi_critical,0.0008635658984907323,,,True
2012H2-R,R,gbm,,2018H2,23,24543,146,auc,0.7760619007165153,0.7386111659959785,0.813512635437052,True
2012H2-R,R,gbm,,2018H2,23,24543,146,gini,0.5521238014330305,0.47722233199195707,0.627025270874104,True
2012H2-R,R,gbm,,2018H2,23,24543,146,ks,0.4281008612669085,,,True
2012H2-R,R,gbm,,2018H2,23,24543,146,brier,0.006042569978175305,,,True
2012H2-R,R,gbm,,2018H2,23,24543,146,brier_miscalibration,0.00021109203711243679,,,True
2012H2-R,R,gbm,,2018H2,23,24543,146,brier_discrimination,8.18775378403731e-05,,,True
2012H2-R,R,gbm,,2018H2,23,24543,146,brier_uncertainty,0.005913355478903241,,,True
2012H2-R,R,gbm,,2018H2,23,24543,146,observed_over_expected,0.4227549171144029,0.357121390795717,0.49689873339044754,True
2012H2-R,R,gbm,,2018H2,23,24543,146,log_oe,-0.8609626600128927,-1.029679524759575,-0.6993690294001588,True
2012H2-R,R,gbm,,2018H2,23,24543,146,cox_intercept,-1.0937550317224236,-1.692422070864128,-0.4950879925807192,True
2012H2-R,R,gbm,,2018H2,23,24543,146,cox_slope,0.9430155402136927,0.7878152219767733,1.098215858450612,True
2012H2-R,R,gbm,,2018H2,23,24543,146,psi,0.2616247680532572,,,True
2012H2-R,R,gbm,,2018H2,23,24543,146,psi_critical,0.0008599801842761298,,,True
2012H2-R,R,gbm,,2019H1,25,24752,110,auc,0.6986471729714973,0.6481404072958912,0.7491539386471033,True
2012H2-R,R,gbm,,2019H1,25,24752,110,gini,0.3972943459429945,0.29628081459178235,0.49830787729420667,True
2012H2-R,R,gbm,,2019H1,25,24752,110,ks,0.3171532712073252,,,True
2012H2-R,R,gbm,,2019H1,25,24752,110,brier,0.004682462539400742,,,True
2012H2-R,R,gbm,,2019H1,25,24752,110,brier_miscalibration,0.00029655098693114924,,,True
2012H2-R,R,gbm,,2019H1,25,24752,110,brier_discrimination,3.842387958001049e-05,,,True
2012H2-R,R,gbm,,2019H1,25,24752,110,brier_uncertainty,0.004424335432049603,,,True
2012H2-R,R,gbm,,2019H1,25,24752,110,observed_over_expected,0.32508961956724514,0.2672846232423512,0.39164204886609544,True
2012H2-R,R,gbm,,2019H1,25,24752,110,log_oe,-1.1236543821505358,-1.319441183708379,-0.9374069970062855,True
2012H2-R,R,gbm,,2019H1,25,24752,110,cox_intercept,-2.3668702189701607,-3.091084769948621,-1.6426556679917006,True
2012H2-R,R,gbm,,2019H1,25,24752,110,cox_slope,0.6849052923453219,0.5117244277127292,0.8580861569779147,True
2012H2-R,R,gbm,,2019H1,25,24752,110,psi,0.2732458668855627,,,True
2012H2-R,R,gbm,,2019H1,25,24752,110,psi_critical,0.0008541593872174589,,,True
2012H2-R,R,gbm,,2019H2,27,24861,136,auc,0.6879982751442337,0.6445143200114274,0.7314822302770401,True
2012H2-R,R,gbm,,2019H2,27,24861,136,gini,0.37599655028846746,0.2890286400228548,0.46296446055408014,True
2012H2-R,R,gbm,,2019H2,27,24861,136,ks,0.271154761196693,,,True
2012H2-R,R,gbm,,2019H2,27,24861,136,brier,0.005618512177547125,,,True
2012H2-R,R,gbm,,2019H2,27,24861,136,brier_miscalibration,0.000200779134477083,,,True
2012H2-R,R,gbm,,2019H2,27,24861,136,brier_discrimination,2.275702131223408e-05,,,True
2012H2-R,R,gbm,,2019H2,27,24861,136,brier_uncertainty,0.0054404900643822765,,,True
2012H2-R,R,gbm,,2019H2,27,24861,136,observed_over_expected,0.45160023584504744,0.37905363392936003,0.5339250319251853,True
2012H2-R,R,gbm,,2019H2,27,24861,136,log_oe,-0.7949579244635259,-0.9700775695864301,-0.6274998395307031,True
2012H2-R,R,gbm,,2019H2,27,24861,136,cox_intercept,-2.3614159748072874,-3.0347599789793014,-1.6880719706352734,True
2012H2-R,R,gbm,,2019H2,27,24861,136,cox_slope,0.6155917780973591,0.4620735456733169,0.7691100105214013,True
2012H2-R,R,gbm,,2019H2,27,24861,136,psi,0.1642471881089016,,,True
2012H2-R,R,gbm,,2019H2,27,24861,136,psi_critical,0.0008511624908620493,,,True
2012H2-R,R,gbm,,2020H1,29,24880,111,auc,0.6607285552741567,0.608559353643166,0.7128977569051475,True
2012H2-R,R,gbm,,2020H1,29,24880,111,gini,0.3214571105483135,0.2171187072863321,0.4257955138102949,True
2012H2-R,R,gbm,,2020H1,29,24880,111,ks,0.2817162109422596,,,True
2012H2-R,R,gbm,,2020H1,29,24880,111,brier,0.004603477070862581,,,True
2012H2-R,R,gbm,,2020H1,29,24880,111,brier_miscalibration,0.0001746038618241465,,,True
2012H2-R,R,gbm,,2020H1,29,24880,111,brier_discrimination,1.2637360021025383e-05,,,True
2012H2-R,R,gbm,,2020H1,29,24880,111,brier_uncertainty,0.00444151056905946,,,True
2012H2-R,R,gbm,,2020H1,29,24880,111,observed_over_expected,0.4427810402636763,0.3643875237471861,0.5329794405576023,True
2012H2-R,R,gbm,,2020H1,29,24880,111,log_oe,-0.8146798968970741,-1.0095373519783275,-0.6292724286229121,True
2012H2-R,R,gbm,,2020H1,29,24880,111,cox_intercept,-2.9238281214512,-3.692985133803925,-2.154671109098475,True
2012H2-R,R,gbm,,2020H1,29,24880,111,cox_slope,0.508446869997387,0.3450013381450302,0.6718924018497437,True
2012H2-R,R,gbm,,2020H1,29,24880,111,psi,0.04439615494835213,,,True
2012H2-R,R,gbm,,2020H1,29,24880,111,psi_critical,0.0008506427836460573,,,True
2012H2-R,R,gbm,,2020H2,31,24919,71,auc,0.682207823567289,0.6174528193209248,0.7469628278136533,False
2012H2-R,R,gbm,,2020H2,31,24919,71,gini,0.3644156471345781,0.23490563864184955,0.4939256556273066,False
2012H2-R,R,gbm,,2020H2,31,24919,71,ks,0.33232419306567024,,,False
2012H2-R,R,gbm,,2020H2,31,24919,71,brier,0.002986554587175184,,,False
2012H2-R,R,gbm,,2020H2,31,24919,71,brier_miscalibration,0.00019075360682612808,,,False
2012H2-R,R,gbm,,2020H2,31,24919,71,brier_discrimination,4.531240954553902e-05,,,False
2012H2-R,R,gbm,,2020H2,31,24919,71,brier_uncertainty,0.002841113389894595,,,False
2012H2-R,R,gbm,,2020H2,31,24919,71,observed_over_expected,0.325105407523993,0.25398420938453636,0.40992347870686074,False
2012H2-R,R,gbm,,2020H2,31,24919,71,log_oe,-1.1236058183932227,-1.3704831816735128,-0.8917847740030316,False
2012H2-R,R,gbm,,2020H2,31,24919,71,cox_intercept,-2.9643598831331555,-3.921008772632224,-2.007710993634087,False
2012H2-R,R,gbm,,2020H2,31,24919,71,cox_slope,0.5800620172398283,0.3789087239221025,0.7812153105575541,False
2012H2-R,R,gbm,,2020H2,31,24919,71,psi,0.008975247706629766,,,False
2012H2-R,R,gbm,,2020H2,31,24919,71,psi_critical,0.0008495784991479164,,,False
2012H2-R,R,gbm,,2021H1,33,24909,90,auc,0.7380575365647287,0.6881393927501878,0.7879756803792697,False
2012H2-R,R,gbm,,2021H1,33,24909,90,gini,0.47611507312945744,0.3762787855003755,0.5759513607585394,False
2012H2-R,R,gbm,,2021H1,33,24909,90,ks,0.40597257477470217,,,False
2012H2-R,R,gbm,,2021H1,33,24909,90,brier,0.003770480824651372,,,False
2012H2-R,R,gbm,,2021H1,33,24909,90,brier_miscalibration,0.00018910228946858584,,,False
2012H2-R,R,gbm,,2021H1,33,24909,90,brier_discrimination,1.8718471178226243e-05,,,False
2012H2-R,R,gbm,,2021H1,33,24909,90,brier_uncertainty,0.0036000970063610124,,,False
2012H2-R,R,gbm,,2021H1,33,24909,90,observed_over_expected,0.3531015820211163,0.2840302575106275,0.4338419941111757,False
2012H2-R,R,gbm,,2021H1,33,24909,90,log_oe,-1.04099949568084,-1.2586745059655917,-0.8350748800391511,False
2012H2-R,R,gbm,,2021H1,33,24909,90,cox_intercept,-2.132552389066329,-2.9105856448115133,-1.3545191333211446,False
2012H2-R,R,gbm,,2021H1,33,24909,90,cox_slope,0.7365379816262705,0.5593710157433941,0.9137049475091469,False
2012H2-R,R,gbm,,2021H1,33,24909,90,psi,0.03293554559604996,,,False
2012H2-R,R,gbm,,2021H1,33,24909,90,psi_critical,0.0008498510748960885,,,False
2012H2-R,R,gbm,,2021H2,35,24929,136,auc,0.763857089643424,0.7238503309916559,0.8038638482951922,True
2012H2-R,R,gbm,,2021H2,35,24929,136,gini,0.527714179286848,0.4477006619833117,0.6077276965903844,True
2012H2-R,R,gbm,,2021H2,35,24929,136,ks,0.40990281886965246,,,True
2012H2-R,R,gbm,,2021H2,35,24929,136,brier,0.00558044082523518,,,True
2012H2-R,R,gbm,,2021H2,35,24929,136,brier_miscalibration,0.00021150267318885332,,,True
2012H2-R,R,gbm,,2021H2,35,24929,136,brier_discrimination,5.679303934326852e-05,,,True
2012H2-R,R,gbm,,2021H2,35,24929,136,brier_uncertainty,0.005425731191389596,,,True
2012H2-R,R,gbm,,2021H2,35,24929,136,observed_over_expected,0.42679611029318215,0.3582337158271778,0.5045999103795478,True
2012H2-R,R,gbm,,2021H2,35,24929,136,log_oe,-0.8514488732484063,-1.0265696680810579,-0.6839894203821163,True
2012H2-R,R,gbm,,2021H2,35,24929,136,cox_intercept,-1.4452476744884428,-2.0437387545476207,-0.846756594429265,True
2012H2-R,R,gbm,,2021H2,35,24929,136,cox_slope,0.8485507649723976,0.6997682164521156,0.9973333134926795,True
2012H2-R,R,gbm,,2021H2,35,24929,136,psi,0.12368085170828912,,,True
2012H2-R,R,gbm,,2021H2,35,24929,136,psi_critical,0.0008493061420813988,,,True
2012H2-R,R,gbm,,2022H1,37,24889,291,auc,0.7595283359164506,0.7338710786045644,0.7851855932283369,True
2012H2-R,R,gbm,,2022H1,37,24889,291,gini,0.5190566718329013,0.4677421572091287,0.5703711864566738,True
2012H2-R,R,gbm,,2022H1,37,24889,291,ks,0.4181217482269533,,,True
2012H2-R,R,gbm,,2022H1,37,24889,291,brier,0.011499086987321824,,,True
2012H2-R,R,gbm,,2022H1,37,24889,291,brier_miscalibration,0.0001197901406745222,,,True
2012H2-R,R,gbm,,2022H1,37,24889,291,brier_discrimination,0.00017591443471810797,,,True
2012H2-R,R,gbm,,2022H1,37,24889,291,brier_uncertainty,0.01155521128136541,,,True
2012H2-R,R,gbm,,2022H1,37,24889,291,observed_over_expected,0.7703145059740103,0.6847766349360305,0.8634824628443696,True
2012H2-R,R,gbm,,2022H1,37,24889,291,log_oe,-0.26095639821022626,-0.3786625742810376,-0.1467816909885911,True
2012H2-R,R,gbm,,2022H1,37,24889,291,cox_intercept,-0.8792849429827295,-1.2916553170463556,-0.4669145689191034,True
2012H2-R,R,gbm,,2022H1,37,24889,291,cox_slope,0.8337608304957982,0.7282434564815509,0.9392782045100455,True
2012H2-R,R,gbm,,2022H1,37,24889,291,psi,0.2885583563038917,,,True
2012H2-R,R,gbm,,2022H1,37,24889,291,psi_critical,0.0008503968834917491,,,True
2012H2-R,R,gbm,,2022H2,39,24859,373,auc,0.7752849524562814,0.7524396226599012,0.7981302822526616,True
2012H2-R,R,gbm,,2022H2,39,24859,373,gini,0.5505699049125627,0.5048792453198023,0.5962605645053232,True
2012H2-R,R,gbm,,2022H2,39,24859,373,ks,0.4496800601054736,,,True
2012H2-R,R,gbm,,2022H2,39,24859,373,brier,0.014458254186940975,,,True
2012H2-R,R,gbm,,2022H2,39,24859,373,brier_miscalibration,6.527262869039478e-05,,,True
2012H2-R,R,gbm,,2022H2,39,24859,373,brier_discrimination,0.0003865057287681852,,,True
2012H2-R,R,gbm,,2022H2,39,24859,373,brier_uncertainty,0.014779487287018766,,,True
2012H2-R,R,gbm,,2022H2,39,24859,373,observed_over_expected,1.0313374613557094,0.9299909958753174,1.1405820803369773,True
2012H2-R,R,gbm,,2022H2,39,24859,373,log_oe,0.030856466082100135,-0.07258037473620228,0.13153872888304233,True
2012H2-R,R,gbm,,2022H2,39,24859,373,cox_intercept,-0.03767727839168471,-0.4346135820206689,0.35925902523729947,True
2012H2-R,R,gbm,,2022H2,39,24859,373,cox_slope,0.9811879026448205,0.8780523298684194,1.0843234754212216,True
2012H2-R,R,gbm,,2022H2,39,24859,373,psi,0.3573032924610424,,,True
2012H2-R,R,gbm,,2022H2,39,24859,373,psi_critical,0.0008512172430984896,,,True
2012H2-R,R,gbm,,2023H1,41,24882,381,auc,0.7784195106504304,0.7566128102319224,0.8002262110689383,True
2012H2-R,R,gbm,,2023H1,41,24882,381,gini,0.5568390213008607,0.5132256204638448,0.6004524221378766,True
2012H2-R,R,gbm,,2023H1,41,24882,381,ks,0.43158579097044725,,,True
2012H2-R,R,gbm,,2023H1,41,24882,381,brier,0.014786582668253261,,,True
2012H2-R,R,gbm,,2023H1,41,24882,381,brier_miscalibration,4.5916030919291445e-05,,,True
2012H2-R,R,gbm,,2023H1,41,24882,381,brier_discrimination,0.0003371415626315013,,,True
2012H2-R,R,gbm,,2023H1,41,24882,381,brier_uncertainty,0.015077808199965471,,,True
2012H2-R,R,gbm,,2023H1,41,24882,381,observed_over_expected,1.0755578830164079,0.970968011091342,1.1882050578053018,True
2012H2-R,R,gbm,,2023H1,41,24882,381,log_oe,0.07283948791146115,-0.029461755526646906,0.1724438136256992,True
2012H2-R,R,gbm,,2023H1,41,24882,381,cox_intercept,-0.018137132712215297,-0.41341377806374413,0.37713951263931356,True
2012H2-R,R,gbm,,2023H1,41,24882,381,cox_slope,0.9748121083299366,0.8726096713601469,1.0770145452997262,True
2012H2-R,R,gbm,,2023H1,41,24882,381,psi,0.3025770250727029,,,True
2012H2-R,R,gbm,,2023H1,41,24882,381,psi_critical,0.0008505881237943074,,,True
2012H2-R,R,gbm,,2023H2,43,24866,363,auc,0.8117761259120571,0.7924318455807162,0.8311204062433979,True
2012H2-R,R,gbm,,2023H2,43,24866,363,gini,0.6235522518241141,0.5848636911614324,0.6622408124867958,True
2012H2-R,R,gbm,,2023H2,43,24866,363,ks,0.4867136637791808,,,True
2012H2-R,R,gbm,,2023H2,43,24866,363,brier,0.01405501223084244,,,True
2012H2-R,R,gbm,,2023H2,43,24866,363,brier_miscalibration,5.481354872383451e-05,,,True
2012H2-R,R,gbm,,2023H2,43,24866,363,brier_discrimination,0.0003849391158204235,,,True
2012H2-R,R,gbm,,2023H2,43,24866,363,brier_uncertainty,0.014385137797939028,,,True
2012H2-R,R,gbm,,2023H2,43,24866,363,observed_over_expected,1.101943134696662,0.9921951680419959,1.220371703567044,True
2012H2-R,R,gbm,,2023H2,43,24866,363,log_oe,0.09707510749064323,-0.007835449070610623,0.19915548739609998,True
2012H2-R,R,gbm,,2023H2,43,24866,363,cox_intercept,0.40770635600012695,0.0036009773281789337,0.811811734672075,True
2012H2-R,R,gbm,,2023H2,43,24866,363,cox_slope,1.0823540959279616,0.9766065171019559,1.1881016747539672,True
2012H2-R,R,gbm,,2023H2,43,24866,363,psi,0.21515927295104362,,,True
2012H2-R,R,gbm,,2023H2,43,24866,363,psi_critical,0.0008510256488040512,,,True
2012H2-R,R,gbm-50k,20260911,2013H1,1,24341,85,auc,0.8386094889802889,0.7975286892047929,0.8796902887557848,False
2012H2-R,R,gbm-50k,20260911,2013H1,1,24341,85,gini,0.6772189779605777,0.5950573784095858,0.7593805775115696,False
2012H2-R,R,gbm-50k,20260911,2013H1,1,24341,85,ks,0.5489882430544777,,,False
2012H2-R,R,gbm-50k,20260911,2013H1,1,24341,85,brier,0.0039047020258314163,,,False
2012H2-R,R,gbm-50k,20260911,2013H1,1,24341,85,brier_miscalibration,0.00048100791663710854,,,False
2012H2-R,R,gbm-50k,20260911,2013H1,1,24341,85,brier_discrimination,5.616192431960078e-05,,,False
2012H2-R,R,gbm-50k,20260911,2013H1,1,24341,85,brier_uncertainty,0.0034798560335139086,,,False
2012H2-R,R,gbm-50k,20260911,2013H1,1,24341,85,observed_over_expected,0.24038084012652347,0.1920712686873217,0.29711181482524485,False
2012H2-R,R,gbm-50k,20260911,2013H1,1,24341,85,log_oe,-1.4255307794701602,-1.6498887847489208,-1.2136467301375065,False
2012H2-R,R,gbm-50k,20260911,2013H1,1,24341,85,cox_intercept,-1.3509378760750268,-1.9479484986854994,-0.7539272534645541,False
2012H2-R,R,gbm-50k,20260911,2013H1,1,24341,85,cox_slope,1.0369178250823325,0.8682949573836496,1.2055406927810155,False
2012H2-R,R,gbm-50k,20260911,2013H1,1,24341,85,psi,0.06845780525899373,,,False
2012H2-R,R,gbm-50k,20260911,2013H1,1,24341,85,psi_critical,0.0010334610033318997,,,False
2012H2-R,R,gbm-50k,20260911,2013H2,3,23974,142,auc,0.8277622051543906,0.7958305320235881,0.8596938782851931,True
2012H2-R,R,gbm-50k,20260911,2013H2,3,23974,142,gini,0.6555244103087812,0.5916610640471762,0.7193877565703861,True
2012H2-R,R,gbm-50k,20260911,2013H2,3,23974,142,ks,0.5191309826059411,,,True
2012H2-R,R,gbm-50k,20260911,2013H2,3,23974,142,brier,0.006141488231145408,,,True
2012H2-R,R,gbm-50k,20260911,2013H2,3,23974,142,brier_miscalibration,0.00035303880885259077,,,True
2012H2-R,R,gbm-50k,20260911,2013H2,3,23974,142,brier_discrimination,9.955100173652653e-05,,,True
2012H2-R,R,gbm-50k,20260911,2013H2,3,23974,142,brier_uncertainty,0.005888000424029344,,,True
2012H2-R,R,gbm-50k,20260911,2013H2,3,23974,142,observed_over_expected,0.38414530872729524,0.3237070281341606,0.45253783861302554,True
2012H2-R,R,gbm-50k,20260911,2013H2,3,23974,142,log_oe,-0.9567343898287173,-1.1279164064099485,-0.7928838980939622,True
2012H2-R,R,gbm-50k,20260911,2013H2,3,23974,142,cox_intercept,-0.8833976254914756,-1.3805205046183302,-0.386274746364621,True
2012H2-R,R,gbm-50k,20260911,2013H2,3,23974,142,cox_slope,1.0320720332853663,0.8937104489157537,1.170433617654979,True
2012H2-R,R,gbm-50k,20260911,2013H2,3,23974,142,psi,0.1500370757108624,,,True
2012H2-R,R,gbm-50k,20260911,2013H2,3,23974,142,psi_critical,0.001044101484378237,,,True
2012H2-R,R,gbm-50k,20260911,2014H1,5,24341,137,auc,0.8139910517293999,0.7798668463101731,0.8481152571486267,True
2012H2-R,R,gbm-50k,20260911,2014H1,5,24341,137,gini,0.6279821034587998,0.5597336926203462,0.6962305142972534,True
2012H2-R,R,gbm-50k,20260911,2014H1,5,24341,137,ks,0.4860257157229245,,,True
2012H2-R,R,gbm-50k,20260911,2014H1,5,24341,137,brier,0.0057807113172737125,,,True
2012H2-R,R,gbm-50k,20260911,2014H1,5,24341,137,brier_miscalibration,0.0002841133040792556,,,True
2012H2-R,R,gbm-50k,20260911,2014H1,5,24341,137,brier_discrimination,0.00010008717548821121,,,True
2012H2-R,R,gbm-50k,20260911,2014H1,5,24341,137,brier_uncertainty,0.005596685188682668,,,True
2012H2-R,R,gbm-50k,20260911,2014H1,5,24341,137,observed_over_expected,0.3991528475209974,0.33525980545567263,0.471621796081784,True
2012H2-R,R,gbm-50k,20260911,2014H1,5,24341,137,log_oe,-0.9184108589536127,-1.0928495090581434,-0.7515778940803262,True
2012H2-R,R,gbm-50k,20260911,2014H1,5,24341,137,cox_intercept,-0.8123078657217715,-1.3557134531357216,-0.26890227830782154,True
2012H2-R,R,gbm-50k,20260911,2014H1,5,24341,137,cox_slope,1.0379884715868106,0.8926150560721006,1.1833618871015208,True
2012H2-R,R,gbm-50k,20260911,2014H1,5,24341,137,psi,0.1632967065684795,,,True
2012H2-R,R,gbm-50k,20260911,2014H1,5,24341,137,psi_critical,0.0010334610033318997,,,True
2012H2-R,R,gbm-50k,20260911,2014H2,7,24213,99,auc,0.7970701876524221,0.7556737277793154,0.8384666475255288,False
2012H2-R,R,gbm-50k,20260911,2014H2,7,24213,99,gini,0.5941403753048442,0.5113474555586308,0.6769332950510576,False
2012H2-R,R,gbm-50k,20260911,2014H2,7,24213,99,ks,0.48208635245211506,,,False
2012H2-R,R,gbm-50k,20260911,2014H2,7,24213,99,brier,0.004237061947941535,,,False
2012H2-R,R,gbm-50k,20260911,2014H2,7,24213,99,brier_miscalibration,0.00024314582246418893,,,False
2012H2-R,R,gbm-50k,20260911,2014H2,7,24213,99,brier_discrimination,7.807897819316501e-05,,,False
2012H2-R,R,gbm-50k,20260911,2014H2,7,24213,99,brier_uncertainty,0.004071995103670511,,,False
2012H2-R,R,gbm-50k,20260911,2014H2,7,24213,99,observed_over_expected,0.31992460071578216,0.2601132176847347,0.38932344143248976,False
2012H2-R,R,gbm-50k,20260911,2014H2,7,24213,99,log_oe,-1.13966993371495,-1.346638290114998,-0.9433448118644088,False
2012H2-R,R,gbm-50k,20260911,2014H2,7,24213,99,cox_intercept,-0.9883509304388494,-1.6869564608187753,-0.28974540005892346,False
2012H2-R,R,gbm-50k,20260911,2014H2,7,24213,99,cox_slope,1.047807417979574,0.8670537979679598,1.2285610379911882,False
2012H2-R,R,gbm-50k,20260911,2014H2,7,24213,99,psi,0.13128400185360384,,,False
2012H2-R,R,gbm-50k,20260911,2014H2,7,24213,99,psi_critical,0.001037135493306651,,,False
2012H2-R,R,gbm-50k,20260911,2015H1,9,24159,83,auc,0.8064307404063837,0.7608696553482638,0.8519918254645037,False
2012H2-R,R,gbm-50k,20260911,2015H1,9,24159,83,gini,0.6128614808127675,0.5217393106965276,0.7039836509290074,False
2012H2-R,R,gbm-50k,20260911,2015H1,9,24159,83,ks,0.4819462265076254,,,False
2012H2-R,R,gbm-50k,20260911,2015H1,9,24159,83,brier,0.003572030349106059,,,False
2012H2-R,R,gbm-50k,20260911,2015H1,9,24159,83,brier_miscalibration,0.00018723208800420534,,,False
2012H2-R,R,gbm-50k,20260911,2015H1,9,24159,83,brier_discrimination,3.89712437970321e-05,,,False
2012H2-R,R,gbm-50k,20260911,2015H1,9,24159,83,brier_uncertainty,0.003423769504898886,,,False
2012H2-R,R,gbm-50k,20260911,2015H1,9,24159,83,observed_over_expected,0.29633144534248584,0.23610405293305256,0.36719610170229033,False
2012H2-R,R,gbm-50k,20260911,2015H1,9,24159,83,log_oe,-1.2162767033293518,-1.4434826688666702,-1.0018592365713206,False
2012H2-R,R,gbm-50k,20260911,2015H1,9,24159,83,cox_intercept,-0.7928126868809247,-1.5870887127587079,0.0014633389968585764,False
2012H2-R,R,gbm-50k,20260911,2015H1,9,24159,83,cox_slope,1.1172678929870337,0.913640947831817,1.3208948381422503,False
2012H2-R,R,gbm-50k,20260911,2015H1,9,24159,83,psi,0.07657514499413492,,,False
2012H2-R,R,gbm-50k,20260911,2015H1,9,24159,83,psi_critical,0.0010386973468943645,,,False
2012H2-R,R,gbm-50k,20260911,2015H2,11,24159,130,auc,0.7974473152632876,0.7640498293065994,0.8308448012199758,True
2012H2-R,R,gbm-50k,20260911,2015H2,11,24159,130,gini,0.5948946305265752,0.5280996586131987,0.6616896024399517,True
2012H2-R,R,gbm-50k,20260911,2015H2,11,24159,130,ks,0.4474986954865435,,,True
2012H2-R,R,gbm-50k,20260911,2015H2,11,24159,130,brier,0.0054505571399330955,,,True
2012H2-R,R,gbm-50k,20260911,2015H2,11,24159,130,brier_miscalibration,0.0001548778139889755,,,True
2012H2-R,R,gbm-50k,20260911,2015H2,11,24159,130,brier_discrimination,5.638275173259089e-05,,,True
2012H2-R,R,gbm-50k,20260911,2015H2,11,24159,130,brier_uncertainty,0.005352062077676711,,,True
2012H2-R,R,gbm-50k,20260911,2015H2,11,24159,130,observed_over_expected,0.43053120599425865,0.35985970538436685,0.5109628108521881,True
2012H2-R,R,gbm-50k,20260911,2015H2,11,24159,130,log_oe,-0.842735469949923,-1.0220410307532397,-0.671458468624105,True
2012H2-R,R,gbm-50k,20260911,2015H2,11,24159,130,cox_intercept,-0.6380793538199677,-1.3008655934756712,0.02470688583573577,True
2012H2-R,R,gbm-50k,20260911,2015H2,11,24159,130,cox_slope,1.0588994940877943,0.8895606251189122,1.2282383630566764,True
2012H2-R,R,gbm-50k,20260911,2015H2,11,24159,130,psi,0.131663761298701,,,True
2012H2-R,R,gbm-50k,20260911,2015H2,11,24159,130,psi_critical,0.0010386973468943645,,,True
2012H2-R,R,gbm-50k,20260911,2016H1,13,24632,115,auc,0.809058310914698,0.7715551687158217,0.8465614531135743,True
2012H2-R,R,gbm-50k,20260911,2016H1,13,24632,115,gini,0.6181166218293961,0.5431103374316435,0.6931229062271487,True
2012H2-R,R,gbm-50k,20260911,2016H1,13,24632,115,ks,0.48002574965729194,,,True
2012H2-R,R,gbm-50k,20260911,2016H1,13,24632,115,brier,0.004763544621917116,,,True
2012H2-R,R,gbm-50k,20260911,2016H1,13,24632,115,brier_miscalibration,0.00016693187351441569,,,True
2012H2-R,R,gbm-50k,20260911,2016H1,13,24632,115,brier_discrimination,5.031388299833739e-05,,,True
2012H2-R,R,gbm-50k,20260911,2016H1,13,24632,115,brier_uncertainty,0.004646926631401037,,,True
2012H2-R,R,gbm-50k,20260911,2016H1,13,24632,115,observed_over_expected,0.37925990780605695,0.3132392435270003,0.45503099497298327,True
2012H2-R,R,gbm-50k,20260911,2016H1,13,24632,115,log_oe,-0.9695335363589277,-1.1607880240972075,-0.7873897415315608,True
2012H2-R,R,gbm-50k,20260911,2016H1,13,24632,115,cox_intercept,-0.511456370839404,-1.2270147421292736,0.20410200045046567,True
2012H2-R,R,gbm-50k,20260911,2016H1,13,24632,115,cox_slope,1.1256692436595466,0.9411416277169917,1.3101968596021014,True
2012H2-R,R,gbm-50k,20260911,2016H1,13,24632,115,psi,0.13496181974648813,,,True
2012H2-R,R,gbm-50k,20260911,2016H1,13,24632,115,psi_critical,0.001025249380146178,,,True
2012H2-R,R,gbm-50k,20260911,2016H2,15,24760,121,auc,0.784859486690287,0.74744108277078,0.8222778906097941,True
2012H2-R,R,gbm-50k,20260911,2016H2,15,24760,121,gini,0.5697189733805741,0.49488216554156006,0.6445557812195881,True
2012H2-R,R,gbm-50k,20260911,2016H2,15,24760,121,ks,0.4413355296766297,,,True
2012H2-R,R,gbm-50k,20260911,2016H2,15,24760,121,brier,0.0049612405581129174,,,True
2012H2-R,R,gbm-50k,20260911,2016H2,15,24760,121,brier_miscalibration,0.00015260091462101274,,,True
2012H2-R,R,gbm-50k,20260911,2016H2,15,24760,121,brier_discrimination,5.439280239898699e-05,,,True
2012H2-R,R,gbm-50k,20260911,2016H2,15,24760,121,brier_uncertainty,0.004863032445890892,,,True
2012H2-R,R,gbm-50k,20260911,2016H2,15,24760,121,observed_over_expected,0.41751709035506424,0.3465819236842857,0.49864189105517426,True
2012H2-R,R,gbm-50k,20260911,2016H2,15,24760,121,log_oe,-0.8734298005468506,-1.0596360563085367,-0.6958670940629866,True
2012H2-R,R,gbm-50k,20260911,2016H2,15,24760,121,cox_intercept,-0.8361799090702136,-1.5704451314309003,-0.10191468670952686,True
2012H2-R,R,gbm-50k,20260911,2016H2,15,24760,121,cox_slope,1.0139434798524884,0.8320752875047375,1.1958116722002394,True
2012H2-R,R,gbm-50k,20260911,2016H2,15,24760,121,psi,0.0944978286301594,,,True
2012H2-R,R,gbm-50k,20260911,2016H2,15,24760,121,psi_critical,0.0010216985183533315,,,True
2012H2-R,R,gbm-50k,20260911,2017H1,17,24541,162,auc,0.7756132706807468,0.7448890157321494,0.8063375256293442,True
2012H2-R,R,gbm-50k,20260911,2017H1,17,24541,162,gini,0.5512265413614936,0.48977803146429877,0.6126750512586885,True
2012H2-R,R,gbm-50k,20260911,2017H1,17,24541,162,ks,0.42573247872207365,,,True
2012H2-R,R,gbm-50k,20260911,2017H1,17,24541,162,brier,0.006658785534131523,,,True
2012H2-R,R,gbm-50k,20260911,2017H1,17,24541,162,brier_miscalibration,0.00015859097570794425,,,True
2012H2-R,R,gbm-50k,20260911,2017H1,17,24541,162,brier_discrimination,5.7427621796417826e-05,,,True
2012H2-R,R,gbm-50k,20260911,2017H1,17,24541,162,brier_uncertainty,0.006557622180219997,,,True
2012H2-R,R,gbm-50k,20260911,2017H1,17,24541,162,observed_over_expected,0.484536312966844,0.41298860705138046,0.5648512580821413,True
2012H2-R,R,gbm-50k,20260911,2017H1,17,24541,162,log_oe,-0.7245629010959083,-0.884335272233609,-0.5711928425263095,True
2012H2-R,R,gbm-50k,20260911,2017H1,17,24541,162,cox_intercept,-0.804322504333171,-1.4317377256996768,-0.17690728296666502,True
2012H2-R,R,gbm-50k,20260911,2017H1,17,24541,162,cox_slope,0.9836300348840381,0.8239609508858012,1.143299118882275,True
2012H2-R,R,gbm-50k,20260911,2017H1,17,24541,162,psi,0.2227903229811637,,,True
2012H2-R,R,gbm-50k,20260911,2017H1,17,24541,162,psi_critical,0.001027796348662249,,,True
2012H2-R,R,gbm-50k,20260911,2017H2,19,24680,143,auc,0.8095998023250743,0.7772477711056226,0.8419518335445261,True
2012H2-R,R,gbm-50k,20260911,2017H2,19,24680,143,gini,0.6191996046501487,0.5544955422112452,0.6839036670890521,True
2012H2-R,R,gbm-50k,20260911,2017H2,19,24680,143,ks,0.5098984237020672,,,True
2012H2-R,R,gbm-50k,20260911,2017H2,19,24680,143,brier,0.005790879771758596,,,True
2012H2-R,R,gbm-50k,20260911,2017H2,19,24680,143,brier_miscalibration,0.00014436224511951527,,,True
2012H2-R,R,gbm-50k,20260911,2017H2,19,24680,143,brier_discrimination,0.00011407543769663755,,,True
2012H2-R,R,gbm-50k,20260911,2017H2,19,24680,143,brier_uncertainty,0.005760592964335718,,,True
2012H2-R,R,gbm-50k,20260911,2017H2,19,24680,143,observed_over_expected,0.4336210409911901,0.3656238294243327,0.5105356592553004,True
2012H2-R,R,gbm-50k,20260911,2017H2,19,24680,143,log_oe,-0.8355843037628672,-1.0061502625756158,-0.6722947921904826,True
2012H2-R,R,gbm-50k,20260911,2017H2,19,24680,143,cox_intercept,0.06653784478036379,-0.631819180871223,0.7648948704319507,True
2012H2-R,R,gbm-50k,20260911,2017H2,19,24680,143,cox_slope,1.245762440794662,1.059707466883294,1.4318174147060299,True
2012H2-R,R,gbm-50k,20260911,2017H2,19,24680,143,psi,0.23009572700951586,,,True
2012H2-R,R,gbm-50k,20260911,2017H2,19,24680,143,psi_critical,0.0010239134906912925,,,True
2012H2-R,R,gbm-50k,20260911,2018H1,21,24416,148,auc,0.7541196782327078,0.7184878492639893,0.7897515072014262,True
2012H2-R,R,gbm-50k,20260911,2018H1,21,24416,148,gini,0.5082393564654155,0.4369756985279787,0.5795030144028523,True
2012H2-R,R,gbm-50k,20260911,2018H1,21,24416,148,ks,0.398508323718477,,,True
2012H2-R,R,gbm-50k,20260911,2018H1,21,24416,148,brier,0.0061244060267535705,,,True
2012H2-R,R,gbm-50k,20260911,2018H1,21,24416,148,brier_miscalibration,0.000145774702011125,,,True
2012H2-R,R,gbm-50k,20260911,2018H1,21,24416,148,brier_discrimination,4.6224644915849114e-05,,,True
2012H2-R,R,gbm-50k,20260911,2018H1,21,24416,148,brier_uncertainty,0.006024855969658295,,,True
2012H2-R,R,gbm-50k,20260911,2018H1,21,24416,148,observed_over_expected,0.45129571219586395,0.381689415471287,0.5298604188342271,True
2012H2-R,R,gbm-50k,20260911,2018H1,21,24416,148,log_oe,-0.7956324732006006,-0.9631480495832455,-0.6351416678116237,True
2012H2-R,R,gbm-50k,20260911,2018H1,21,24416,148,cox_intercept,-0.9465616501591124,-1.6449290820758913,-0.24819421824233356,True
2012H2-R,R,gbm-50k,20260911,2018H1,21,24416,148,cox_slope,0.9652569050389458,0.789882465797651,1.1406313442802407,True
2012H2-R,R,gbm-50k,20260911,2018H1,21,24416,148,psi,0.2508630260137857,,,True
2012H2-R,R,gbm-50k,20260911,2018H1,21,24416,148,psi_critical,0.0010313258825568766,,,True
2012H2-R,R,gbm-50k,20260911,2018H2,23,24543,146,auc,0.761574519885389,0.7231579232830103,0.7999911164877678,True
2012H2-R,R,gbm-50k,20260911,2018H2,23,24543,146,gini,0.5231490397707781,0.44631584656602064,0.5999822329755355,True
2012H2-R,R,gbm-50k,20260911,2018H2,23,24543,146,ks,0.40470588961926035,,,True
2012H2-R,R,gbm-50k,20260911,2018H2,23,24543,146,brier,0.005983556595445616,,,True
2012H2-R,R,gbm-50k,20260911,2018H2,23,24543,146,brier_miscalibration,0.00013519080207033407,,,True
2012H2-R,R,gbm-50k,20260911,2018H2,23,24543,146,brier_discrimination,6.498968552795959e-05,,,True
2012H2-R,R,gbm-50k,20260911,2018H2,23,24543,146,brier_uncertainty,0.005913355478903241,,,True
2012H2-R,R,gbm-50k,20260911,2018H2,23,24543,146,observed_over_expected,0.4353789034202306,0.3677854785790018,0.5117367460350329,True
2012H2-R,R,gbm-50k,20260911,2018H2,23,24543,146,log_oe,-0.8315385846853318,-1.0002554494320142,-0.6699449540725978,True
2012H2-R,R,gbm-50k,20260911,2018H2,23,24543,146,cox_intercept,-0.6457285879626113,-1.3633289943760019,0.07187181845077917,True
2012H2-R,R,gbm-50k,20260911,2018H2,23,24543,146,cox_slope,1.0530585930755305,0.8692104743308904,1.2369067118201706,True
2012H2-R,R,gbm-50k,20260911,2018H2,23,24543,146,psi,0.28017311439378156,,,True
2012H2-R,R,gbm-50k,20260911,2018H2,23,24543,146,psi_critical,0.0010277401683422742,,,True
2012H2-R,R,gbm-50k,20260911,2019H1,25,24752,110,auc,0.6856732039164471,0.6352656383047935,0.7360807695281008,True
2012H2-R,R,gbm-50k,20260911,2019H1,25,24752,110,gini,0.3713464078328943,0.2705312766095871,0.4721615390562015,True
2012H2-R,R,gbm-50k,20260911,2019H1,25,24752,110,ks,0.2804959750905698,,,True
2012H2-R,R,gbm-50k,20260911,2019H1,25,24752,110,brier,0.004602107791204495,,,True
2012H2-R,R,gbm-50k,20260911,2019H1,25,24752,110,brier_miscalibration,0.00023754156483404495,,,True
2012H2-R,R,gbm-50k,20260911,2019H1,25,24752,110,brier_discrimination,5.9769205679152844e-05,,,True
2012H2-R,R,gbm-50k,20260911,2019H1,25,24752,110,brier_uncertainty,0.004424335432049603,,,True
2012H2-R,R,gbm-50k,20260911,2019H1,25,24752,110,observed_over_expected,0.32836111191379364,0.2699744033726779,0.3955832819548591,True
2012H2-R,R,gbm-50k,20260911,2019H1,25,24752,110,log_oe,-1.1136413252433586,-1.3094281268012018,-0.9273939400991081,True
2012H2-R,R,gbm-50k,20260911,2019H1,25,24752,110,cox_intercept,-2.15078113264733,-2.998655876298521,-1.3029063889961383,True
2012H2-R,R,gbm-50k,20260911,2019H1,25,24752,110,cox_slope,0.7431170859661965,0.5397225977415331,0.94651157419086,True
2012H2-R,R,gbm-50k,20260911,2019H1,25,24752,110,psi,0.29255874682231997,,,True
2012H2-R,R,gbm-50k,20260911,2019H1,25,24752,110,psi_critical,0.0010219193712836033,,,True
2012H2-R,R,gbm-50k,20260911,2019H2,27,24861,136,auc,0.6904561946113127,0.6464905840952807,0.7344218051273447,True
2012H2-R,R,gbm-50k,20260911,2019H2,27,24861,136,gini,0.3809123892226254,0.2929811681905614,0.46884361025468935,True
2012H2-R,R,gbm-50k,20260911,2019H2,27,24861,136,ks,0.28623446142865644,,,True
2012H2-R,R,gbm-50k,20260911,2019H2,27,24861,136,brier,0.005545224205493506,,,True
2012H2-R,R,gbm-50k,20260911,2019H2,27,24861,136,brier_miscalibration,0.00012918147325037717,,,True
2012H2-R,R,gbm-50k,20260911,2019H2,27,24861,136,brier_discrimination,2.4447332139147272e-05,,,True
2012H2-R,R,gbm-50k,20260911,2019H2,27,24861,136,brier_uncertainty,0.0054404900643822765,,,True
2012H2-R,R,gbm-50k,20260911,2019H2,27,24861,136,observed_over_expected,0.4494036179755198,0.37720988824521406,0.5313279799907008,True
2012H2-R,R,gbm-50k,20260911,2019H2,27,24861,136,log_oe,-0.7998338685834755,-0.9749535137063796,-0.6323757836506528,True
2012H2-R,R,gbm-50k,20260911,2019H2,27,24861,136,cox_intercept,-1.8808880741626135,-2.6541637303613745,-1.1076124179638525,True
2012H2-R,R,gbm-50k,20260911,2019H2,27,24861,136,cox_slope,0.7378085272217059,0.557116358527307,0.9185006959161047,True
2012H2-R,R,gbm-50k,20260911,2019H2,27,24861,136,psi,0.17552113178338785,,,True
2012H2-R,R,gbm-50k,20260911,2019H2,27,24861,136,psi_critical,0.0010189224749281936,,,True
2012H2-R,R,gbm-50k,20260911,2020H1,29,24880,111,auc,0.6627168369063481,0.6105246198888202,0.7149090539238759,True
2012H2-R,R,gbm-50k,20260911,2020H1,29,24880,111,gini,0.32543367381269617,0.22104923977764046,0.4298181078477519,True
2012H2-R,R,gbm-50k,20260911,2020H1,29,24880,111,ks,0.2589392654796991,,,True
2012H2-R,R,gbm-50k,20260911,2020H1,29,24880,111,brier,0.0045527343937246615,,,True
2012H2-R,R,gbm-50k,20260911,2020H1,29,24880,111,brier_miscalibration,0.00012290024426698035,,,True
2012H2-R,R,gbm-50k,20260911,2020H1,29,24880,111,brier_discrimination,1.1676419601779064e-05,,,True
2012H2-R,R,gbm-50k,20260911,2020H1,29,24880,111,brier_uncertainty,0.00444151056905946,,,True
2012H2-R,R,gbm-50k,20260911,2020H1,29,24880,111,observed_over_expected,0.4295934052647588,0.35353473371246447,0.517105368081926,True
2012H2-R,R,gbm-50k,20260911,2020H1,29,24880,111,log_oe,-0.8449160867787744,-1.039773541860028,-0.6595086185046126,True
2012H2-R,R,gbm-50k,20260911,2020H1,29,24880,111,cox_intercept,-2.5604327469649015,-3.425805366187542,-1.695060127742261,True
2012H2-R,R,gbm-50k,20260911,2020H1,29,24880,111,cox_slope,0.6011956612263998,0.4114305936739502,0.7909607287788494,True
2012H2-R,R,gbm-50k,20260911,2020H1,29,24880,111,psi,0.05279613246877789,,,True
2012H2-R,R,gbm-50k,20260911,2020H1,29,24880,111,psi_critical,0.0010184027677122018,,,True
2012H2-R,R,gbm-50k,20260911,2020H2,31,24919,71,auc,0.6790148894007964,0.6134007665629161,0.7446290122386766,False
2012H2-R,R,gbm-50k,20260911,2020H2,31,24919,71,gini,0.3580297788015927,0.22680153312583218,0.4892580244773532,False
2012H2-R,R,gbm-50k,20260911,2020H2,31,24919,71,ks,0.29455483707136565,,,False
2012H2-R,R,gbm-50k,20260911,2020H2,31,24919,71,brier,0.002940700228002137,,,False
2012H2-R,R,gbm-50k,20260911,2020H2,31,24919,71,brier_miscalibration,0.0001468011932747133,,,False
2012H2-R,R,gbm-50k,20260911,2020H2,31,24919,71,brier_discrimination,4.7214355167171564e-05,,,False
2012H2-R,R,gbm-50k,20260911,2020H2,31,24919,71,brier_uncertainty,0.002841113389894595,,,False
2012H2-R,R,gbm-50k,20260911,2020H2,31,24919,71,observed_over_expected,0.3112256094625094,0.24314080458265602,0.39242252371369535,False
2012H2-R,R,gbm-50k,20260911,2020H2,31,24919,71,log_oe,-1.1672371974464342,-1.414114560726724,-0.9354161530562429,False
2012H2-R,R,gbm-50k,20260911,2020H2,31,24919,71,cox_intercept,-2.500964721402112,-3.5803802902261,-1.4215491525781239,False
2012H2-R,R,gbm-50k,20260911,2020H2,31,24919,71,cox_slope,0.6962918124092012,0.46138959424884185,0.9311940305695606,False
2012H2-R,R,gbm-50k,20260911,2020H2,31,24919,71,psi,0.015376120452691091,,,False
2012H2-R,R,gbm-50k,20260911,2020H2,31,24919,71,psi_critical,0.0010173384832140608,,,False
2012H2-R,R,gbm-50k,20260911,2021H1,33,24909,90,auc,0.7378063848932942,0.6870551038384701,0.7885576659481183,False
2012H2-R,R,gbm-50k,20260911,2021H1,33,24909,90,gini,0.4756127697865884,0.37411020767694025,0.5771153318962365,False
2012H2-R,R,gbm-50k,20260911,2021H1,33,24909,90,ks,0.3850450595645809,,,False
2012H2-R,R,gbm-50k,20260911,2021H1,33,24909,90,brier,0.003710059979124724,,,False
2012H2-R,R,gbm-50k,20260911,2021H1,33,24909,90,brier_miscalibration,0.00012755743964149501,,,False
2012H2-R,R,gbm-50k,20260911,2021H1,33,24909,90,brier_discrimination,1.7594466877783512e-05,,,False
2012H2-R,R,gbm-50k,20260911,2021H1,33,24909,90,brier_uncertainty,0.0036000970063610124,,,False
2012H2-R,R,gbm-50k,20260911,2021H1,33,24909,90,observed_over_expected,0.34876279424512935,0.280540193823448,0.4285110966114109,False
2012H2-R,R,gbm-50k,20260911,2021H1,33,24909,90,log_oe,-1.0533632605119374,-1.271038270796689,-0.8474386448702484,False
2012H2-R,R,gbm-50k,20260911,2021H1,33,24909,90,cox_intercept,-1.5993415731263723,-2.4971158936918183,-0.701567252560926,False
2012H2-R,R,gbm-50k,20260911,2021H1,33,24909,90,cox_slope,0.8714959318773703,0.6625107453611956,1.080481118393545,False
2012H2-R,R,gbm-50k,20260911,2021H1,33,24909,90,psi,0.03735843931137193,,,False
2012H2-R,R,gbm-50k,20260911,2021H1,33,24909,90,psi_critical,0.001017611058962233,,,False
2012H2-R,R,gbm-50k,20260911,2021H2,35,24929,136,auc,0.7587244442809996,0.7181466468560789,0.7993022417059203,True
2012H2-R,R,gbm-50k,20260911,2021H2,35,24929,136,gini,0.5174488885619992,0.43629329371215775,0.5986044834118407,True
2012H2-R,R,gbm-50k,20260911,2021H2,35,24929,136,ks,0.4029813918065108,,,True
2012H2-R,R,gbm-50k,20260911,2021H2,35,24929,136,brier,0.0054943928326101794,,,True
2012H2-R,R,gbm-50k,20260911,2021H2,35,24929,136,brier_miscalibration,0.00012410551565146966,,,True
2012H2-R,R,gbm-50k,20260911,2021H2,35,24929,136,brier_discrimination,5.5443874430885845e-05,,,True
2012H2-R,R,gbm-50k,20260911,2021H2,35,24929,136,brier_uncertainty,0.005425731191389596,,,True
2012H2-R,R,gbm-50k,20260911,2021H2,35,24929,136,observed_over_expected,0.4423328467702879,0.37127456298062983,0.5229689527509807,True
2012H2-R,R,gbm-50k,20260911,2021H2,35,24929,136,log_oe,-0.8156926333104576,-0.9908134281431091,-0.6482331804441676,True
2012H2-R,R,gbm-50k,20260911,2021H2,35,24929,136,cox_intercept,-0.9010483539835054,-1.6118310873690493,-0.19026562059796126,True
2012H2-R,R,gbm-50k,20260911,2021H2,35,24929,136,cox_slope,0.9823867945343465,0.8057273941059391,1.159046194962754,True
2012H2-R,R,gbm-50k,20260911,2021H2,35,24929,136,psi,0.12946589890951943,,,True
2012H2-R,R,gbm-50k,20260911,2021H2,35,24929,136,psi_critical,0.0010170661261475434,,,True
2012H2-R,R,gbm-50k,20260911,2022H1,37,24889,291,auc,0.7530698441943007,0.7268717763710735,0.7792679120175279,True
2012H2-R,R,gbm-50k,20260911,2022H1,37,24889,291,gini,0.5061396883886013,0.45374355274214695,0.5585358240350558,True
2012H2-R,R,gbm-50k,20260911,2022H1,37,24889,291,ks,0.3980483144915255,,,True
2012H2-R,R,gbm-50k,20260911,2022H1,37,24889,291,brier,0.011441334532283277,,,True
2012H2-R,R,gbm-50k,20260911,2022H1,37,24889,291,brier_miscalibration,5.158536322937349e-05,,,True
2012H2-R,R,gbm-50k,20260911,2022H1,37,24889,291,brier_discrimination,0.00016546211231150548,,,True
2012H2-R,R,gbm-50k,20260911,2022H1,37,24889,291,brier_uncertainty,0.01155521128136541,,,True
2012H2-R,R,gbm-50k,20260911,2022H1,37,24889,291,observed_over_expected,0.8153512472063843,0.7248123708210696,0.9139663053998763,True
2012H2-R,R,gbm-50k,20260911,2022H1,37,24889,291,log_oe,-0.20413628041834703,-0.3218424564891583,-0.08996157319671184,True
2012H2-R,R,gbm-50k,20260911,2022H1,37,24889,291,cox_intercept,-0.3199426656697333,-0.8181498666475402,0.17826453530807362,True
2012H2-R,R,gbm-50k,20260911,2022H1,37,24889,291,cox_slope,0.9711281491413832,0.8441617518040401,1.0980945464787264,True
2012H2-R,R,gbm-50k,20260911,2022H1,37,24889,291,psi,0.30055525250235104,,,True
2012H2-R,R,gbm-50k,20260911,2022H1,37,24889,291,psi_critical,0.0010181568675578935,,,True
2012H2-R,R,gbm-50k,20260911,2022H2,39,24859,373,auc,0.7628815743920201,0.7395380446246921,0.7862251041593481,True
2012H2-R,R,gbm-50k,20260911,2022H2,39,24859,373,gini,0.5257631487840402,0.47907608924938416,0.5724502083186962,True
2012H2-R,R,gbm-50k,20260911,2022H2,39,24859,373,ks,0.40831572191276777,,,True
2012H2-R,R,gbm-50k,20260911,2022H2,39,24859,373,brier,0.014500007529688465,,,True
2012H2-R,R,gbm-50k,20260911,2022H2,39,24859,373,brier_miscalibration,5.1455739601209e-05,,,True
2012H2-R,R,gbm-50k,20260911,2022H2,39,24859,373,brier_discrimination,0.00033093549693150905,,,True
2012H2-R,R,gbm-50k,20260911,2022H2,39,24859,373,brier_uncertainty,0.014779487287018766,,,True
2012H2-R,R,gbm-50k,20260911,2022H2,39,24859,373,observed_over_expected,1.0529096109186247,0.9494433144489249,1.164439263991944,True
2012H2-R,R,gbm-50k,20260911,2022H2,39,24859,373,log_oe,0.05155738988395821,-0.05187945093434423,0.15223965268490042,True
2012H2-R,R,gbm-50k,20260911,2022H2,39,24859,373,cox_intercept,0.5084302168487712,0.02844622289168469,0.9884142108058578,True
2012H2-R,R,gbm-50k,20260911,2022H2,39,24859,373,cox_slope,1.1191360960605627,0.9952401233362834,1.243032068784842,True
2012H2-R,R,gbm-50k,20260911,2022H2,39,24859,373,psi,0.38944775153000777,,,True
2012H2-R,R,gbm-50k,20260911,2022H2,39,24859,373,psi_critical,0.001018977227164634,,,True
2012H2-R,R,gbm-50k,20260911,2023H1,41,24882,381,auc,0.7656147946610139,0.7431797597684996,0.7880498295535282,True
2012H2-R,R,gbm-50k,20260911,2023H1,41,24882,381,gini,0.5312295893220278,0.4863595195369992,0.5760996591070564,True
2012H2-R,R,gbm-50k,20260911,2023H1,41,24882,381,ks,0.4089972866285066,,,True
2012H2-R,R,gbm-50k,20260911,2023H1,41,24882,381,brier,0.014835812847948788,,,True
2012H2-R,R,gbm-50k,20260911,2023H1,41,24882,381,brier_miscalibration,5.800669447292815e-05,,,True
2012H2-R,R,gbm-50k,20260911,2023H1,41,24882,381,brier_discrimination,0.0003000020464896114,,,True
2012H2-R,R,gbm-50k,20260911,2023H1,41,24882,381,brier_uncertainty,0.015077808199965471,,,True
2012H2-R,R,gbm-50k,20260911,2023H1,41,24882,381,observed_over_expected,1.0929463458377462,0.9866655773759387,1.2074146789684415,True
2012H2-R,R,gbm-50k,20260911,2023H1,41,24882,381,log_oe,0.08887711909448506,-0.013424124343623006,0.1884814448087231,True
2012H2-R,R,gbm-50k,20260911,2023H1,41,24882,381,cox_intercept,0.45100763670459376,-0.02847456993666475,0.9304898433458523,True
2012H2-R,R,gbm-50k,20260911,2023H1,41,24882,381,cox_slope,1.0936011787289712,0.9706432358077378,1.2165591216502047,True
2012H2-R,R,gbm-50k,20260911,2023H1,41,24882,381,psi,0.338273213835096,,,True
2012H2-R,R,gbm-50k,20260911,2023H1,41,24882,381,psi_critical,0.0010183481078604518,,,True
2012H2-R,R,gbm-50k,20260911,2023H2,43,24866,363,auc,0.8059368454236615,0.7864465217504677,0.8254271690968553,True
2012H2-R,R,gbm-50k,20260911,2023H2,43,24866,363,gini,0.611873690847323,0.5728930435009354,0.6508543381937106,True
2012H2-R,R,gbm-50k,20260911,2023H2,43,24866,363,ks,0.47816082339498767,,,True
2012H2-R,R,gbm-50k,20260911,2023H2,43,24866,363,brier,0.014088757542230174,,,True
2012H2-R,R,gbm-50k,20260911,2023H2,43,24866,363,brier_miscalibration,6.351961568797602e-05,,,True
2012H2-R,R,gbm-50k,20260911,2023H2,43,24866,363,brier_discrimination,0.00035989987139683,,,True
2012H2-R,R,gbm-50k,20260911,2023H2,43,24866,363,brier_uncertainty,0.014385137797939028,,,True
2012H2-R,R,gbm-50k,20260911,2023H2,43,24866,363,observed_over_expected,1.1049679324742103,0.9949187112491631,1.2237215838834623,True
2012H2-R,R,gbm-50k,20260911,2023H2,43,24866,363,log_oe,0.09981631416328658,-0.005094242397967343,0.20189669406874336,True
2012H2-R,R,gbm-50k,20260911,2023H2,43,24866,363,cox_intercept,1.060731412960612,0.5789309821030226,1.5425318438182014,True
2012H2-R,R,gbm-50k,20260911,2023H2,43,24866,363,cox_slope,1.2509302836071607,1.1250237312923002,1.3768368359220213,True
2012H2-R,R,gbm-50k,20260911,2023H2,43,24866,363,psi,0.23927440930505176,,,True
2012H2-R,R,gbm-50k,20260911,2023H2,43,24866,363,psi_critical,0.0010187856328701956,,,True
2012H2-R,R,gbm-50k,20260912,2013H1,1,24341,85,auc,0.838627192301723,0.7970382574122994,0.8802161271911466,False
2012H2-R,R,gbm-50k,20260912,2013H1,1,24341,85,gini,0.677254384603446,0.5940765148245988,0.7604322543822932,False
2012H2-R,R,gbm-50k,20260912,2013H1,1,24341,85,ks,0.5517164946453516,,,False
2012H2-R,R,gbm-50k,20260912,2013H1,1,24341,85,brier,0.003771957901560663,,,False
2012H2-R,R,gbm-50k,20260912,2013H1,1,24341,85,brier_miscalibration,0.00036667829070840575,,,False
2012H2-R,R,gbm-50k,20260912,2013H1,1,24341,85,brier_discrimination,7.457642266165115e-05,,,False
2012H2-R,R,gbm-50k,20260912,2013H1,1,24341,85,brier_uncertainty,0.0034798560335139086,,,False
2012H2-R,R,gbm-50k,20260912,2013H1,1,24341,85,observed_over_expected,0.2604191133364045,0.20808243062393542,0.32187921191154417,False
2012H2-R,R,gbm-50k,20260912,2013H1,1,24341,85,log_oe,-1.345462971431977,-1.5698209767107374,-1.133578922099323,False
2012H2-R,R,gbm-50k,20260912,2013H1,1,24341,85,cox_intercept,-1.0846553649431483,-1.7243514211908668,-0.44495930869542977,False
2012H2-R,R,gbm-50k,20260912,2013H1,1,24341,85,cox_slope,1.086623884570533,0.9093420684511582,1.2639057006899077,False
2012H2-R,R,gbm-50k,20260912,2013H1,1,24341,85,psi,0.0621531162599959,,,False
2012H2-R,R,gbm-50k,20260912,2013H1,1,24341,85,psi_critical,0.0010334610033318997,,,False
2012H2-R,R,gbm-50k,20260912,2013H2,3,23974,142,auc,0.8350343543300757,0.8036937042916259,0.8663750043685254,True
2012H2-R,R,gbm-50k,20260912,2013H2,3,23974,142,gini,0.6700687086601513,0.6073874085832518,0.7327500087370509,True
2012H2-R,R,gbm-50k,20260912,2013H2,3,23974,142,ks,0.5329832300280366,,,True
2012H2-R,R,gbm-50k,20260912,2013H2,3,23974,142,brier,0.006022909533393323,,,True
2012H2-R,R,gbm-50k,20260912,2013H2,3,23974,142,brier_miscalibration,0.00024097810585873777,,,True
2012H2-R,R,gbm-50k,20260912,2013H2,3,23974,142,brier_discrimination,0.0001060689964947582,,,True
2012H2-R,R,gbm-50k,20260912,2013H2,3,23974,142,brier_uncertainty,0.005888000424029344,,,True
2012H2-R,R,gbm-50k,20260912,2013H2,3,23974,142,observed_over_expected,0.4157472557381756,0.3503369833040867,0.48976613861139806,True
2012H2-R,R,gbm-50k,20260912,2013H2,3,23974,142,log_oe,-0.8776777616809136,-1.048859778262145,-0.7138272699461585,True
2012H2-R,R,gbm-50k,20260912,2013H2,3,23974,142,cox_intercept,-0.5370944277219756,-1.0638642361515451,-0.010324619292406134,True
2012H2-R,R,gbm-50k,20260912,2013H2,3,23974,142,cox_slope,1.1053939894683964,0.9600455210353931,1.2507424579013997,True
2012H2-R,R,gbm-50k,20260912,2013H2,3,23974,142,psi,0.13178545297384706,,,True
2012H2-R,R,gbm-50k,20260912,2013H2,3,23974,142,psi_critical,0.001044101484378237,,,True
2012H2-R,R,gbm-50k,20260912,2014H1,5,24341,137,auc,0.8107189859430848,0.7743677389440548,0.8470702329421148,True
2012H2-R,R,gbm-50k,20260912,2014H1,5,24341,137,gini,0.6214379718861696,0.5487354778881095,0.6941404658842296,True
2012H2-R,R,gbm-50k,20260912,2014H1,5,24341,137,ks,0.5004059171012332,,,True
2012H2-R,R,gbm-50k,20260912,2014H1,5,24341,137,brier,0.005702924567896878,,,True
2012H2-R,R,gbm-50k,20260912,2014H1,5,24341,137,brier_miscalibration,0.0002245419684840091,,,True
2012H2-R,R,gbm-50k,20260912,2014H1,5,24341,137,brier_discrimination,0.00011830258926979944,,,True
2012H2-R,R,gbm-50k,20260912,2014H1,5,24341,137,brier_uncertainty,0.005596685188682668,,,True
2012H2-R,R,gbm-50k,20260912,2014H1,5,24341,137,observed_over_expected,0.42800222604293214,0.3594912172841254,0.5057089779692748,True
2012H2-R,R,gbm-50k,20260912,2014H1,5,24341,137,log_oe,-0.8486268823789774,-1.023065532483508,-0.6817939175056907,True
2012H2-R,R,gbm-50k,20260912,2014H1,5,24341,137,cox_intercept,-0.5898921354469255,-1.1650891911744026,-0.014695079719448612,True
2012H2-R,R,gbm-50k,20260912,2014H1,5,24341,137,cox_slope,1.0769252587770668,0.9255485605293049,1.2283019570248288,True
2012H2-R,R,gbm-50k,20260912,2014H1,5,24341,137,psi,0.1463817108658101,,,True
2012H2-R,R,gbm-50k,20260912,2014H1,5,24341,137,psi_critical,0.0010334610033318997,,,True
2012H2-R,R,gbm-50k,20260912,2014H2,7,24213,99,auc,0.7902373238899737,0.7475105970955137,0.8329640506844337,False
2012H2-R,R,gbm-50k,20260912,2014H2,7,24213,99,gini,0.5804746477799474,0.4950211941910274,0.6659281013688674,False
2012H2-R,R,gbm-50k,20260912,2014H2,7,24213,99,ks,0.45325863763286006,,,False
2012H2-R,R,gbm-50k,20260912,2014H2,7,24213,99,brier,0.0041988081690603855,,,False
2012H2-R,R,gbm-50k,20260912,2014H2,7,24213,99,brier_miscalibration,0.00021094960072220396,,,False
2012H2-R,R,gbm-50k,20260912,2014H2,7,24213,99,brier_discrimination,8.413653533232909e-05,,,False
2012H2-R,R,gbm-50k,20260912,2014H2,7,24213,99,brier_uncertainty,0.004071995103670511,,,False
2012H2-R,R,gbm-50k,20260912,2014H2,7,24213,99,observed_over_expected,0.34181581045439263,0.27791176456541056,0.41596334687735986,False
2012H2-R,R,gbm-50k,20260912,2014H2,7,24213,99,log_oe,-1.0734832529210792,-1.2804516093211271,-0.8771581310705377,False
2012H2-R,R,gbm-50k,20260912,2014H2,7,24213,99,cox_intercept,-0.8840607081087278,-1.618605692861231,-0.14951572335622476,False
2012H2-R,R,gbm-50k,20260912,2014H2,7,24213,99,cox_slope,1.0553609299753757,0.8695966625113187,1.2411251974394326,False
2012H2-R,R,gbm-50k,20260912,2014H2,7,24213,99,psi,0.11371448391511317,,,False
2012H2-R,R,gbm-50k,20260912,2014H2,7,24213,99,psi_critical,0.001037135493306651,,,False
2012H2-R,R,gbm-50k,20260912,2015H1,9,24159,83,auc,0.8165082659930303,0.7707350265876461,0.8622815053984144,False
2012H2-R,R,gbm-50k,20260912,2015H1,9,24159,83,gini,0.6330165319860606,0.5414700531752923,0.7245630107968288,False
2012H2-R,R,gbm-50k,20260912,2015H1,9,24159,83,ks,0.5227547505189389,,,False
2012H2-R,R,gbm-50k,20260912,2015H1,9,24159,83,brier,0.0035221321211623847,,,False
2012H2-R,R,gbm-50k,20260912,2015H1,9,24159,83,brier_miscalibration,0.00013776625797157997,,,False
2012H2-R,R,gbm-50k,20260912,2015H1,9,24159,83,brier_discrimination,3.9403641708081125e-05,,,False
2012H2-R,R,gbm-50k,20260912,2015H1,9,24159,83,brier_uncertainty,0.003423769504898886,,,False
2012H2-R,R,gbm-50k,20260912,2015H1,9,24159,83,observed_over_expected,0.31787946302816755,0.2532725795549322,0.3938971090302491,False
2012H2-R,R,gbm-50k,20260912,2015H1,9,24159,83,log_oe,-1.146083015139698,-1.3732889806770163,-0.9316655483816665,False
2012H2-R,R,gbm-50k,20260912,2015H1,9,24159,83,cox_intercept,-0.3966740397760892,-1.2202483027486495,0.426900223196471,False
2012H2-R,R,gbm-50k,20260912,2015H1,9,24159,83,cox_slope,1.1976630041606156,0.988233022632274,1.4070929856889571,False
2012H2-R,R,gbm-50k,20260912,2015H1,9,24159,83,psi,0.06486241731962432,,,False
2012H2-R,R,gbm-50k,20260912,2015H1,9,24159,83,psi_critical,0.0010386973468943645,,,False
2012H2-R,R,gbm-50k,20260912,2015H2,11,24159,130,auc,0.7916142993882392,0.7556819511184292,0.8275466476580493,True
2012H2-R,R,gbm-50k,20260912,2015H2,11,24159,130,gini,0.5832285987764785,0.5113639022368583,0.6550932953160986,True
2012H2-R,R,gbm-50k,20260912,2015H2,11,24159,130,ks,0.45244432208517266,,,True
2012H2-R,R,gbm-50k,20260912,2015H2,11,24159,130,brier,0.005406459239095405,,,True
2012H2-R,R,gbm-50k,20260912,2015H2,11,24159,130,brier_miscalibration,0.00011856392407531488,,,True
2012H2-R,R,gbm-50k,20260912,2015H2,11,24159,130,brier_discrimination,6.416676265662107e-05,,,True
2012H2-R,R,gbm-50k,20260912,2015H2,11,24159,130,brier_uncertainty,0.005352062077676711,,,True
2012H2-R,R,gbm-50k,20260912,2015H2,11,24159,130,observed_over_expected,0.45989524306780677,0.3844036491985664,0.5458126213006973,True
2012H2-R,R,gbm-50k,20260912,2015H2,11,24159,130,log_oe,-0.7767565478952605,-0.9560621086985772,-0.6054795465694426,True
2012H2-R,R,gbm-50k,20260912,2015H2,11,24159,130,cox_intercept,-0.4350808366780686,-1.1221844943859711,0.25202282102983387,True
2012H2-R,R,gbm-50k,20260912,2015H2,11,24159,130,cox_slope,1.0920601691717255,0.9193034245283922,1.264816913815059,True
2012H2-R,R,gbm-50k,20260912,2015H2,11,24159,130,psi,0.11156705880358553,,,True
2012H2-R,R,gbm-50k,20260912,2015H2,11,24159,130,psi_critical,0.0010386973468943645,,,True
2012H2-R,R,gbm-50k,20260912,2016H1,13,24632,115,auc,0.8055399004417517,0.7672116949757676,0.8438681059077359,True
2012H2-R,R,gbm-50k,20260912,2016H1,13,24632,115,gini,0.6110798008835034,0.5344233899515352,0.6877362118154717,True
2012H2-R,R,gbm-50k,20260912,2016H1,13,24632,115,ks,0.48498450941760024,,,True
2012H2-R,R,gbm-50k,20260912,2016H1,13,24632,115,brier,0.004737867994269524,,,True
2012H2-R,R,gbm-50k,20260912,2016H1,13,24632,115,brier_miscalibration,0.00013905997513361402,,,True
2012H2-R,R,gbm-50k,20260912,2016H1,13,24632,115,brier_discrimination,4.811861226512726e-05,,,True
2012H2-R,R,gbm-50k,20260912,2016H1,13,24632,115,brier_uncertainty,0.004646926631401037,,,True
2012H2-R,R,gbm-50k,20260912,2016H1,13,24632,115,observed_over_expected,0.40186751269231336,0.3319113702315967,0.4821552987383312,True
2012H2-R,R,gbm-50k,20260912,2016H1,13,24632,115,log_oe,-0.9116328151005121,-1.1028873028387918,-0.7294890202731452,True
2012H2-R,R,gbm-50k,20260912,2016H1,13,24632,115,cox_intercept,-0.460580333504535,-1.1916310152294207,0.27047034822035076,True
2012H2-R,R,gbm-50k,20260912,2016H1,13,24632,115,cox_slope,1.1206361117439474,0.9360339216424143,1.3052383018454805,True
2012H2-R,R,gbm-50k,20260912,2016H1,13,24632,115,psi,0.11526165601898353,,,True
2012H2-R,R,gbm-50k,20260912,2016H1,13,24632,115,psi_critical,0.001025249380146178,,,True
2012H2-R,R,gbm-50k,20260912,2016H2,15,24760,121,auc,0.7843472972868721,0.7463816341924912,0.8223129603812531,True
2012H2-R,R,gbm-50k,20260912,2016H2,15,24760,121,gini,0.5686945945737443,0.4927632683849823,0.6446259207625062,True
2012H2-R,R,gbm-50k,20260912,2016H2,15,24760,121,ks,0.48980568667760815,,,True
2012H2-R,R,gbm-50k,20260912,2016H2,15,24760,121,brier,0.004918491294067808,,,True
2012H2-R,R,gbm-50k,20260912,2016H2,15,24760,121,brier_miscalibration,0.00010745119883661357,,,True
2012H2-R,R,gbm-50k,20260912,2016H2,15,24760,121,brier_discrimination,5.1992350659697296e-05,,,True
2012H2-R,R,gbm-50k,20260912,2016H2,15,24760,121,brier_uncertainty,0.004863032445890892,,,True
2012H2-R,R,gbm-50k,20260912,2016H2,15,24760,121,observed_over_expected,0.44913356122123843,0.3728268308893733,0.5364015353557054,True
2012H2-R,R,gbm-50k,20260912,2016H2,15,24760,121,log_oe,-0.8004349717290443,-0.9866412274907304,-0.6228722652451801,True
2012H2-R,R,gbm-50k,20260912,2016H2,15,24760,121,cox_intercept,-0.5762208985145814,-1.3416327578518428,0.18919096082268017,True
2012H2-R,R,gbm-50k,20260912,2016H2,15,24760,121,cox_slope,1.0595682046423278,0.8727917570015339,1.2463446522831216,True
2012H2-R,R,gbm-50k,20260912,2016H2,15,24760,121,psi,0.07384975199490652,,,True
2012H2-R,R,gbm-50k,20260912,2016H2,15,24760,121,psi_critical,0.0010216985183533315,,,True
2012H2-R,R,gbm-50k,20260912,2017H1,17,24541,162,auc,0.7854797110850819,0.7546670456425632,0.8162923765276006,True
2012H2-R,R,gbm-50k,20260912,2017H1,17,24541,162,gini,0.5709594221701637,0.5093340912851263,0.6325847530552011,True
2012H2-R,R,gbm-50k,20260912,2017H1,17,24541,162,ks,0.4694566108556292,,,True
2012H2-R,R,gbm-50k,20260912,2017H1,17,24541,162,brier,0.00660710825657133,,,True
2012H2-R,R,gbm-50k,20260912,2017H1,17,24541,162,brier_miscalibration,0.00011507231287666113,,,True
2012H2-R,R,gbm-50k,20260912,2017H1,17,24541,162,brier_discrimination,6.558623652532826e-05,,,True
2012H2-R,R,gbm-50k,20260912,2017H1,17,24541,162,brier_uncertainty,0.006557622180219997,,,True
2012H2-R,R,gbm-50k,20260912,2017H1,17,24541,162,observed_over_expected,0.5220921972473842,0.44499890621891564,0.6086322666805661,True
2012H2-R,R,gbm-50k,20260912,2017H1,17,24541,162,log_oe,-0.649911083616238,-0.8096834547539387,-0.49654102504663916,True
2012H2-R,R,gbm-50k,20260912,2017H1,17,24541,162,cox_intercept,-0.4744461855398198,-1.119148219636592,0.17025584855695236,True
2012H2-R,R,gbm-50k,20260912,2017H1,17,24541,162,cox_slope,1.049122994802306,0.8866263182485398,1.2116196713560723,True
2012H2-R,R,gbm-50k,20260912,2017H1,17,24541,162,psi,0.1911197335689976,,,True
2012H2-R,R,gbm-50k,20260912,2017H1,17,24541,162,psi_critical,0.001027796348662249,,,True
2012H2-R,R,gbm-50k,20260912,2017H2,19,24680,143,auc,0.8120228591557604,0.7790273123796142,0.8450184059319067,True
2012H2-R,R,gbm-50k,20260912,2017H2,19,24680,143,gini,0.6240457183115209,0.5580546247592284,0.6900368118638134,True
2012H2-R,R,gbm-50k,20260912,2017H2,19,24680,143,ks,0.5070843489965633,,,True
2012H2-R,R,gbm-50k,20260912,2017H2,19,24680,143,brier,0.00576137237974528,,,True
2012H2-R,R,gbm-50k,20260912,2017H2,19,24680,143,brier_miscalibration,0.00010367351245121545,,,True
2012H2-R,R,gbm-50k,20260912,2017H2,19,24680,143,brier_discrimination,0.00010289409704165343,,,True
2012H2-R,R,gbm-50k,20260912,2017H2,19,24680,143,brier_uncertainty,0.005760592964335718,,,True
2012H2-R,R,gbm-50k,20260912,2017H2,19,24680,143,observed_over_expected,0.4677646823670215,0.39441332008600977,0.5507356145419278,True
2012H2-R,R,gbm-50k,20260912,2017H2,19,24680,143,log_oe,-0.7597899249736539,-0.9303558837864028,-0.5965004134012695,True
2012H2-R,R,gbm-50k,20260912,2017H2,19,24680,143,cox_intercept,0.29396325509429616,-0.4186074836753996,1.006533993863992,True
2012H2-R,R,gbm-50k,20260912,2017H2,19,24680,143,cox_slope,1.2790948067646828,1.0928761337340973,1.4653134797952683,True
2012H2-R,R,gbm-50k,20260912,2017H2,19,24680,143,psi,0.20142270954813885,,,True
2012H2-R,R,gbm-50k,20260912,2017H2,19,24680,143,psi_critical,0.0010239134906912925,,,True
2012H2-R,R,gbm-50k,20260912,2018H1,21,24416,148,auc,0.7627155546844027,0.7255999880645334,0.7998311213042719,True
2012H2-R,R,gbm-50k,20260912,2018H1,21,24416,148,gini,0.5254311093688053,0.4511999761290668,0.5996622426085438,True
2012H2-R,R,gbm-50k,20260912,2018H1,21,24416,148,ks,0.427515491426815,,,True
2012H2-R,R,gbm-50k,20260912,2018H1,21,24416,148,brier,0.006078050510932839,,,True
2012H2-R,R,gbm-50k,20260912,2018H1,21,24416,148,brier_miscalibration,0.00010539617303969174,,,True
2012H2-R,R,gbm-50k,20260912,2018H1,21,24416,148,brier_discrimination,5.2201631765147125e-05,,,True
2012H2-R,R,gbm-50k,20260912,2018H1,21,24416,148,brier_uncertainty,0.006024855969658295,,,True
2012H2-R,R,gbm-50k,20260912,2018H1,21,24416,148,observed_over_expected,0.4907876775233369,0.41509027604740845,0.5762274210536499,True
2012H2-R,R,gbm-50k,20260912,2018H1,21,24416,148,log_oe,-0.7117436733812311,-0.879259249763876,-0.5512528679922541,True
2012H2-R,R,gbm-50k,20260912,2018H1,21,24416,148,cox_intercept,-0.6183577275301909,-1.3344193772993413,0.09770392223895952,True
2012H2-R,R,gbm-50k,20260912,2018H1,21,24416,148,cox_slope,1.0273063435000789,0.8497821066047351,1.2048305803954227,True
2012H2-R,R,gbm-50k,20260912,2018H1,21,24416,148,psi,0.20841277196730218,,,True
2012H2-R,R,gbm-50k,20260912,2018H1,21,24416,148,psi_critical,0.0010313258825568766,,,True
2012H2-R,R,gbm-50k,20260912,2018H2,23,24543,146,auc,0.7622682386841859,0.7225059855479574,0.8020304918204144,True
2012H2-R,R,gbm-50k,20260912,2018H2,23,24543,146,gini,0.5245364773683718,0.44501197109591484,0.6040609836408288,True
2012H2-R,R,gbm-50k,20260912,2018H2,23,24543,146,ks,0.43112672173369615,,,True
2012H2-R,R,gbm-50k,20260912,2018H2,23,24543,146,brier,0.005947542474377314,,,True
2012H2-R,R,gbm-50k,20260912,2018H2,23,24543,146,brier_miscalibration,0.00010840720211895399,,,True
2012H2-R,R,gbm-50k,20260912,2018H2,23,24543,146,brier_discrimination,7.42202066448816e-05,,,True
2012H2-R,R,gbm-50k,20260912,2018H2,23,24543,146,brier_uncertainty,0.005913355478903241,,,True
2012H2-R,R,gbm-50k,20260912,2018H2,23,24543,146,observed_over_expected,0.47045569549217353,0.39741653019370027,0.5529653937605704,True
2012H2-R,R,gbm-50k,20260912,2018H2,23,24543,146,log_oe,-0.7540534891254987,-0.922770353872181,-0.5924598585127648,True
2012H2-R,R,gbm-50k,20260912,2018H2,23,24543,146,cox_intercept,-0.47699554817202594,-1.1991217267605725,0.24513063041652072,True
2012H2-R,R,gbm-50k,20260912,2018H2,23,24543,146,cox_slope,1.074800906177407,0.8931944253391557,1.2564073870156585,True
2012H2-R,R,gbm-50k,20260912,2018H2,23,24543,146,psi,0.23949247472352198,,,True
2012H2-R,R,gbm-50k,20260912,2018H2,23,24543,146,psi_critical,0.0010277401683422742,,,True
2012H2-R,R,gbm-50k,20260912,2019H1,25,24752,110,auc,0.6855213936295018,0.6334572127552975,0.7375855745037061,True
2012H2-R,R,gbm-50k,20260912,2019H1,25,24752,110,gini,0.37104278725900364,0.2669144255105951,0.4751711490074122,True
2012H2-R,R,gbm-50k,20260912,2019H1,25,24752,110,ks,0.3043982557496071,,,True
2012H2-R,R,gbm-50k,20260912,2019H1,25,24752,110,brier,0.004558327087372501,,,True
2012H2-R,R,gbm-50k,20260912,2019H1,25,24752,110,brier_miscalibration,0.00017118713252532378,,,True
2012H2-R,R,gbm-50k,20260912,2019H1,25,24752,110,brier_discrimination,3.7195477202426296e-05,,,True
2012H2-R,R,gbm-50k,20260912,2019H1,25,24752,110,brier_uncertainty,0.004424335432049603,,,True
2012H2-R,R,gbm-50k,20260912,2019H1,25,24752,110,observed_over_expected,0.3582254742004585,0.29452850889222726,0.4315614840567857,True
2012H2-R,R,gbm-50k,20260912,2019H1,25,24752,110,log_oe,-1.0265926746300262,-1.2223794761878697,-0.8403452894857759,True
2012H2-R,R,gbm-50k,20260912,2019H1,25,24752,110,cox_intercept,-1.9646544414419278,-2.8421209708102673,-1.0871879120735883,True
2012H2-R,R,gbm-50k,20260912,2019H1,25,24752,110,cox_slope,0.7728473338438289,0.5660101687313808,0.979684498956277,True
2012H2-R,R,gbm-50k,20260912,2019H1,25,24752,110,psi,0.24819582306245236,,,True
2012H2-R,R,gbm-50k,20260912,2019H1,25,24752,110,psi_critical,0.0010219193712836033,,,True
2012H2-R,R,gbm-50k,20260912,2019H2,27,24861,136,auc,0.6934849521203831,0.648744115464886,0.7382257887758802,True
2012H2-R,R,gbm-50k,20260912,2019H2,27,24861,136,gini,0.38696990424076616,0.29748823092977195,0.4764515775517604,True
2012H2-R,R,gbm-50k,20260912,2019H2,27,24861,136,ks,0.2930919526556831,,,True
2012H2-R,R,gbm-50k,20260912,2019H2,27,24861,136,brier,0.005510688338007168,,,True
2012H2-R,R,gbm-50k,20260912,2019H2,27,24861,136,brier_miscalibration,9.623785145439125e-05,,,True
2012H2-R,R,gbm-50k,20260912,2019H2,27,24861,136,brier_discrimination,2.6039577829499796e-05,,,True
2012H2-R,R,gbm-50k,20260912,2019H2,27,24861,136,brier_uncertainty,0.0054404900643822765,,,True
2012H2-R,R,gbm-50k,20260912,2019H2,27,24861,136,observed_over_expected,0.4929708224438094,0.41377830841653346,0.5828372999384523,True
2012H2-R,R,gbm-50k,20260912,2019H2,27,24861,136,log_oe,-0.7073052903748268,-0.8824249354977309,-0.5398472054420043,True
2012H2-R,R,gbm-50k,20260912,2019H2,27,24861,136,cox_intercept,-1.6327567242677288,-2.4412712852106617,-0.8242421633247957,True
2012H2-R,R,gbm-50k,20260912,2019H2,27,24861,136,cox_slope,0.7808366649804546,0.5949761313064417,0.9666971986544675,True
2012H2-R,R,gbm-50k,20260912,2019H2,27,24861,136,psi,0.14153821787001813,,,True
2012H2-R,R,gbm-50k,20260912,2019H2,27,24861,136,psi_critical,0.0010189224749281936,,,True
2012H2-R,R,gbm-50k,20260912,2020H1,29,24880,111,auc,0.6500569769171651,0.5966105020930643,0.7035034517412659,True
2012H2-R,R,gbm-50k,20260912,2020H1,29,24880,111,gini,0.30011395383433026,0.19322100418612864,0.4070069034825319,True
2012H2-R,R,gbm-50k,20260912,2020H1,29,24880,111,ks,0.25135931684439905,,,True
2012H2-R,R,gbm-50k,20260912,2020H1,29,24880,111,brier,0.004525566463144918,,,True
2012H2-R,R,gbm-50k,20260912,2020H1,29,24880,111,brier_miscalibration,9.491274657937813e-05,,,True
2012H2-R,R,gbm-50k,20260912,2020H1,29,24880,111,brier_discrimination,1.0856852493920134e-05,,,True
2012H2-R,R,gbm-50k,20260912,2020H1,29,24880,111,brier_uncertainty,0.00444151056905946,,,True
2012H2-R,R,gbm-50k,20260912,2020H1,29,24880,111,observed_over_expected,0.46979774190288276,0.3866209712413799,0.5654996824288465,True
2012H2-R,R,gbm-50k,20260912,2020H1,29,24880,111,log_oe,-0.7554530132761498,-0.9503104683574032,-0.5700455450019878,True
2012H2-R,R,gbm-50k,20260912,2020H1,29,24880,111,cox_intercept,-2.540415939109667,-3.4622503993196587,-1.6185814788996749,True
2012H2-R,R,gbm-50k,20260912,2020H1,29,24880,111,cox_slope,0.5955531582185292,0.3976392067703843,0.7934671096666741,True
2012H2-R,R,gbm-50k,20260912,2020H1,29,24880,111,psi,0.03504159868993769,,,True
2012H2-R,R,gbm-50k,20260912,2020H1,29,24880,111,psi_critical,0.0010184027677122018,,,True
2012H2-R,R,gbm-50k,20260912,2020H2,31,24919,71,auc,0.6802757951443368,0.6145798952808078,0.7459716950078658,False
2012H2-R,R,gbm-50k,20260912,2020H2,31,24919,71,gini,0.36055159028867356,0.22915979056161562,0.4919433900157315,False
2012H2-R,R,gbm-50k,20260912,2020H2,31,24919,71,ks,0.3378411162402619,,,False
2012H2-R,R,gbm-50k,20260912,2020H2,31,24919,71,brier,0.0029183842062405286,,,False
2012H2-R,R,gbm-50k,20260912,2020H2,31,24919,71,brier_miscalibration,8.897449869827833e-05,,,False
2012H2-R,R,gbm-50k,20260912,2020H2,31,24919,71,brier_discrimination,1.1703682352344827e-05,,,False
2012H2-R,R,gbm-50k,20260912,2020H2,31,24919,71,brier_uncertainty,0.002841113389894595,,,False
2012H2-R,R,gbm-50k,20260912,2020H2,31,24919,71,observed_over_expected,0.34128736977451957,0.2666261488705386,0.4303272188616578,False
2012H2-R,R,gbm-50k,20260912,2020H2,31,24919,71,log_oe,-1.0750304299818247,-1.3219077932621146,-0.8432093855916335,False
2012H2-R,R,gbm-50k,20260912,2020H2,31,24919,71,cox_intercept,-2.326396059333682,-3.4757443914359833,-1.1770477272313804,False
2012H2-R,R,gbm-50k,20260912,2020H2,31,24919,71,cox_slope,0.7221040696718932,0.47637727090550064,0.9678308684382858,False
2012H2-R,R,gbm-50k,20260912,2020H2,31,24919,71,psi,0.0070508405042361685,,,False
2012H2-R,R,gbm-50k,20260912,2020H2,31,24919,71,psi_critical,0.0010173384832140608,,,False
2012H2-R,R,gbm-50k,20260912,2021H1,33,24909,90,auc,0.7394227540728203,0.6894197919698706,0.7894257161757701,False
2012H2-R,R,gbm-50k,20260912,2021H1,33,24909,90,gini,0.47884550814564064,0.37883958393974115,0.5788514323515401,False
2012H2-R,R,gbm-50k,20260912,2021H1,33,24909,90,ks,0.3916931920437299,,,False
2012H2-R,R,gbm-50k,20260912,2021H1,33,24909,90,brier,0.003684282785166999,,,False
2012H2-R,R,gbm-50k,20260912,2021H1,33,24909,90,brier_miscalibration,9.966259717916846e-05,,,False
2012H2-R,R,gbm-50k,20260912,2021H1,33,24909,90,brier_discrimination,1.54768183731821e-05,,,False
2012H2-R,R,gbm-50k,20260912,2021H1,33,24909,90,brier_uncertainty,0.0036000970063610124,,,False
2012H2-R,R,gbm-50k,20260912,2021H1,33,24909,90,observed_over_expected,0.3829981776088825,0.30807868486368456,0.47057476254764286,False
2012H2-R,R,gbm-50k,20260912,2021H1,33,24909,90,log_oe,-0.9597250480141625,-1.1774000582989141,-0.7538004323724735,False
2012H2-R,R,gbm-50k,20260912,2021H1,33,24909,90,cox_intercept,-1.4603668137564148,-2.3957612296124573,-0.5249723979003724,False
2012H2-R,R,gbm-50k,20260912,2021H1,33,24909,90,cox_slope,0.8851276996665541,0.6724124531008231,1.0978429462322852,False
2012H2-R,R,gbm-50k,20260912,2021H1,33,24909,90,psi,0.0188573457912868,,,False
2012H2-R,R,gbm-50k,20260912,2021H1,33,24909,90,psi_critical,0.001017611058962233,,,False
2012H2-R,R,gbm-50k,20260912,2021H2,35,24929,136,auc,0.7608903188993097,0.7193322840321582,0.8024483537664612,True
2012H2-R,R,gbm-50k,20260912,2021H2,35,24929,136,gini,0.5217806377986194,0.4386645680643164,0.6048967075329224,True
2012H2-R,R,gbm-50k,20260912,2021H2,35,24929,136,ks,0.41801439448041544,,,True
2012H2-R,R,gbm-50k,20260912,2021H2,35,24929,136,brier,0.0054692249760934265,,,True
2012H2-R,R,gbm-50k,20260912,2021H2,35,24929,136,brier_miscalibration,0.00010034041234784248,,,True
2012H2-R,R,gbm-50k,20260912,2021H2,35,24929,136,brier_discrimination,5.684662764401157e-05,,,True
2012H2-R,R,gbm-50k,20260912,2021H2,35,24929,136,brier_uncertainty,0.005425731191389596,,,True
2012H2-R,R,gbm-50k,20260912,2021H2,35,24929,136,observed_over_expected,0.4824013351884898,0.40490627411260455,0.5703418204441275,True
2012H2-R,R,gbm-50k,20260912,2021H2,35,24929,136,log_oe,-0.7289788657693229,-0.9040996606019744,-0.561519412903033,True
2012H2-R,R,gbm-50k,20260912,2021H2,35,24929,136,cox_intercept,-0.716929025519523,-1.4359552633412729,0.002097212302226925,True
2012H2-R,R,gbm-50k,20260912,2021H2,35,24929,136,cox_slope,1.0066189021144951,0.8312714935431,1.1819663106858902,True
2012H2-R,R,gbm-50k,20260912,2021H2,35,24929,136,psi,0.08806908225782586,,,True
2012H2-R,R,gbm-50k,20260912,2021H2,35,24929,136,psi_critical,0.0010170661261475434,,,True
2012H2-R,R,gbm-50k,20260912,2022H1,37,24889,291,auc,0.7524074401601114,0.7255817527173063,0.7792331276029165,True
2012H2-R,R,gbm-50k,20260912,2022H1,37,24889,291,gini,0.5048148803202228,0.4511635054346126,0.558466255205833,True
2012H2-R,R,gbm-50k,20260912,2022H1,37,24889,291,ks,0.39217490092927954,,,True
2012H2-R,R,gbm-50k,20260912,2022H1,37,24889,291,brier,0.011436867633665328,,,True
2012H2-R,R,gbm-50k,20260912,2022H1,37,24889,291,brier_miscalibration,4.630580444281093e-05,,,True
2012H2-R,R,gbm-50k,20260912,2022H1,37,24889,291,brier_discrimination,0.00016464945214289192,,,True
2012H2-R,R,gbm-50k,20260912,2022H1,37,24889,291,brier_uncertainty,0.01155521128136541,,,True
2012H2-R,R,gbm-50k,20260912,2022H1,37,24889,291,observed_over_expected,0.8917598041498995,0.7927363085092737,0.999616320322738,True
2012H2-R,R,gbm-50k,20260912,2022H1,37,24889,291,log_oe,-0.11455846052277716,-0.23226463659358856,-0.0003837533011420151,True
2012H2-R,R,gbm-50k,20260912,2022H1,37,24889,291,cox_intercept,-0.2794923449512703,-0.777372440473381,0.21838775057084053,True
2012H2-R,R,gbm-50k,20260912,2022H1,37,24889,291,cox_slope,0.9585528820171343,0.8349480415230011,1.0821577225112675,True
2012H2-R,R,gbm-50k,20260912,2022H1,37,24889,291,psi,0.22666439879254094,,,True
2012H2-R,R,gbm-50k,20260912,2022H1,37,24889,291,psi_critical,0.0010181568675578935,,,True
2012H2-R,R,gbm-50k,20260912,2022H2,39,24859,373,auc,0.7654143452109965,0.7423829898912362,0.7884457005307568,True
2012H2-R,R,gbm-50k,20260912,2022H2,39,24859,373,gini,0.530828690421993,0.4847659797824724,0.5768914010615136,True
2012H2-R,R,gbm-50k,20260912,2022H2,39,24859,373,ks,0.42616648699404536,,,True
2012H2-R,R,gbm-50k,20260912,2022H2,39,24859,373,brier,0.014518462289914274,,,True
2012H2-R,R,gbm-50k,20260912,2022H2,39,24859,373,brier_miscalibration,7.158207371448996e-05,,,True
2012H2-R,R,gbm-50k,20260912,2022H2,39,24859,373,brier_discrimination,0.0003326070708189813,,,True
2012H2-R,R,gbm-50k,20260912,2022H2,39,24859,373,brier_uncertainty,0.014779487287018766,,,True
2012H2-R,R,gbm-50k,20260912,2022H2,39,24859,373,observed_over_expected,1.1948082750177498,1.0773980187854213,1.3213685713812708,True
2012H2-R,R,gbm-50k,20260912,2022H2,39,24859,373,log_oe,0.17798573319601965,0.07454889237771724,0.27866799599696185,True
2012H2-R,R,gbm-50k,20260912,2022H2,39,24859,373,cox_intercept,0.632491547059592,0.15228280755517226,1.1127002865640117,True
2012H2-R,R,gbm-50k,20260912,2022H2,39,24859,373,cox_slope,1.1136665319481107,0.9938587786299962,1.2334742852662253,True
2012H2-R,R,gbm-50k,20260912,2022H2,39,24859,373,psi,0.2782327523974585,,,True
2012H2-R,R,gbm-50k,20260912,2022H2,39,24859,373,psi_critical,0.001018977227164634,,,True
2012H2-R,R,gbm-50k,20260912,2023H1,41,24882,381,auc,0.7745909669335903,0.7524487148595961,0.7967332190075845,True
2012H2-R,R,gbm-50k,20260912,2023H1,41,24882,381,gini,0.5491819338671806,0.5048974297191922,0.5934664380151691,True
2012H2-R,R,gbm-50k,20260912,2023H1,41,24882,381,ks,0.432948422159854,,,True
2012H2-R,R,gbm-50k,20260912,2023H1,41,24882,381,brier,0.014822463723616324,,,True
2012H2-R,R,gbm-50k,20260912,2023H1,41,24882,381,brier_miscalibration,7.934051848128981e-05,,,True
2012H2-R,R,gbm-50k,20260912,2023H1,41,24882,381,brier_discrimination,0.0003346849948304368,,,True
2012H2-R,R,gbm-50k,20260912,2023H1,41,24882,381,brier_uncertainty,0.015077808199965471,,,True
2012H2-R,R,gbm-50k,20260912,2023H1,41,24882,381,observed_over_expected,1.266289395713445,1.1431523262827354,1.3989125907498756,True
2012H2-R,R,gbm-50k,20260912,2023H1,41,24882,381,log_oe,0.23609088821006757,0.13378964477195948,0.33569521392430574,True
2012H2-R,R,gbm-50k,20260912,2023H1,41,24882,381,cox_intercept,0.8771337260974367,0.3874564991560802,1.366810953038793,True
2012H2-R,R,gbm-50k,20260912,2023H1,41,24882,381,cox_slope,1.1593145357592638,1.0374605691176906,1.281168502400837,True
2012H2-R,R,gbm-50k,20260912,2023H1,41,24882,381,psi,0.2291188937623374,,,True
2012H2-R,R,gbm-50k,20260912,2023H1,41,24882,381,psi_critical,0.0010183481078604518,,,True
2012H2-R,R,gbm-50k,20260912,2023H2,43,24866,363,auc,0.8018414903712807,0.781523510087462,0.8221594706550994,True
2012H2-R,R,gbm-50k,20260912,2023H2,43,24866,363,gini,0.6036829807425614,0.563047020174924,0.6443189413101988,True
2012H2-R,R,gbm-50k,20260912,2023H2,43,24866,363,ks,0.4671434509228026,,,True
2012H2-R,R,gbm-50k,20260912,2023H2,43,24866,363,brier,0.014109711737932306,,,True
2012H2-R,R,gbm-50k,20260912,2023H2,43,24866,363,brier_miscalibration,8.5206934116221e-05,,,True
2012H2-R,R,gbm-50k,20260912,2023H2,43,24866,363,brier_discrimination,0.0003606329941229433,,,True
2012H2-R,R,gbm-50k,20260912,2023H2,43,24866,363,brier_uncertainty,0.014385137797939028,,,True
2012H2-R,R,gbm-50k,20260912,2023H2,43,24866,363,observed_over_expected,1.2659911300718865,1.1399048122271103,1.4020503449407946,True
2012H2-R,R,gbm-50k,20260912,2023H2,43,24866,363,log_oe,0.23585531743510751,0.13094476087385365,0.3379356973405643,True
2012H2-R,R,gbm-50k,20260912,2023H2,43,24866,363,cox_intercept,1.2200185977897882,0.728063013635905,1.7119741819436713,True
2012H2-R,R,gbm-50k,20260912,2023H2,43,24866,363,cox_slope,1.2458815306792994,1.122421513082147,1.3693415482764517,True
2012H2-R,R,gbm-50k,20260912,2023H2,43,24866,363,psi,0.1554490543859188,,,True
2012H2-R,R,gbm-50k,20260912,2023H2,43,24866,363,psi_critical,0.0010187856328701956,,,True
2012H2-R,R,gbm-50k,20260913,2013H1,1,24341,85,auc,0.8352931476020486,0.7919654612625401,0.8786208339415572,False
2012H2-R,R,gbm-50k,20260913,2013H1,1,24341,85,gini,0.6705862952040973,0.5839309225250802,0.7572416678831144,False
2012H2-R,R,gbm-50k,20260913,2013H1,1,24341,85,ks,0.5507605152879094,,,False
2012H2-R,R,gbm-50k,20260913,2013H1,1,24341,85,brier,0.0038596210238341293,,,False
2012H2-R,R,gbm-50k,20260913,2013H1,1,24341,85,brier_miscalibration,0.0004384932729290629,,,False
2012H2-R,R,gbm-50k,20260913,2013H1,1,24341,85,brier_discrimination,5.872828260884222e-05,,,False
2012H2-R,R,gbm-50k,20260913,2013H1,1,24341,85,brier_uncertainty,0.0034798560335139086,,,False
2012H2-R,R,gbm-50k,20260913,2013H1,1,24341,85,observed_over_expected,0.25004382939353775,0.19979227759489734,0.3090553136342528,False
2012H2-R,R,gbm-50k,20260913,2013H1,1,24341,85,log_oe,-1.3861190589120695,-1.61047706419083,-1.1742350095794158,False
2012H2-R,R,gbm-50k,20260913,2013H1,1,24341,85,cox_intercept,-1.3245915950353941,-1.93180993538739,-0.7173732546833982,False
2012H2-R,R,gbm-50k,20260913,2013H1,1,24341,85,cox_slope,1.0315956663199042,0.8622743296521093,1.200917002987699,False
2012H2-R,R,gbm-50k,20260913,2013H1,1,24341,85,psi,0.06390826286298731,,,False
2012H2-R,R,gbm-50k,20260913,2013H1,1,24341,85,psi_critical,0.0010334610033318997,,,False
2012H2-R,R,gbm-50k,20260913,2013H2,3,23974,142,auc,0.8401739110392465,0.8094628295553752,0.8708849925231179,True
2012H2-R,R,gbm-50k,20260913,2013H2,3,23974,142,gini,0.6803478220784931,0.6189256591107504,0.7417699850462358,True
2012H2-R,R,gbm-50k,20260913,2013H2,3,23974,142,ks,0.5448928887186834,,,True
2012H2-R,R,gbm-50k,20260913,2013H2,3,23974,142,brier,0.006076135613929082,,,True
2012H2-R,R,gbm-50k,20260913,2013H2,3,23974,142,brier_miscalibration,0.0002991484476925696,,,True
2012H2-R,R,gbm-50k,20260913,2013H2,3,23974,142,brier_discrimination,0.00011101325779283144,,,True
2012H2-R,R,gbm-50k,20260913,2013H2,3,23974,142,brier_uncertainty,0.005888000424029344,,,True
2012H2-R,R,gbm-50k,20260913,2013H2,3,23974,142,observed_over_expected,0.3978454269824471,0.33525168184906523,0.4686771009262107,True
2012H2-R,R,gbm-50k,20260913,2013H2,3,23974,142,log_oe,-0.9216917235505373,-1.0928737401317687,-0.7578412318157822,True
2012H2-R,R,gbm-50k,20260913,2013H2,3,23974,142,cox_intercept,-0.6713822099665643,-1.174500655965576,-0.1682637639675526,True
2012H2-R,R,gbm-50k,20260913,2013H2,3,23974,142,cox_slope,1.0830964615132272,0.9416402120072505,1.224552711019204,True
2012H2-R,R,gbm-50k,20260913,2013H2,3,23974,142,psi,0.1294769671102301,,,True
2012H2-R,R,gbm-50k,20260913,2013H2,3,23974,142,psi_critical,0.001044101484378237,,,True
2012H2-R,R,gbm-50k,20260913,2014H1,5,24341,137,auc,0.8026454274916254,0.7674367316117634,0.8378541233714873,True
2012H2-R,R,gbm-50k,20260913,2014H1,5,24341,137,gini,0.6052908549832507,0.5348734632235268,0.6757082467429747,True
2012H2-R,R,gbm-50k,20260913,2014H1,5,24341,137,ks,0.47407076347397487,,,True
2012H2-R,R,gbm-50k,20260913,2014H1,5,24341,137,brier,0.005770364515002232,,,True
2012H2-R,R,gbm-50k,20260913,2014H1,5,24341,137,brier_miscalibration,0.0002843805493583226,,,True
2012H2-R,R,gbm-50k,20260913,2014H1,5,24341,137,brier_discrimination,0.00011070122303875884,,,True
2012H2-R,R,gbm-50k,20260913,2014H1,5,24341,137,brier_uncertainty,0.005596685188682668,,,True
2012H2-R,R,gbm-50k,20260913,2014H1,5,24341,137,observed_over_expected,0.410798427403078,0.34504125852542544,0.48538171119829043,True
2012H2-R,R,gbm-50k,20260913,2014H1,5,24341,137,log_oe,-0.8896526290677828,-1.0640912791723134,-0.7228196641944962,True
2012H2-R,R,gbm-50k,20260913,2014H1,5,24341,137,cox_intercept,-0.9427982887861593,-1.5022597669085391,-0.38333681066377956,True
2012H2-R,R,gbm-50k,20260913,2014H1,5,24341,137,cox_slope,0.9929316787024248,0.8462494849931955,1.1396138724116542,True
2012H2-R,R,gbm-50k,20260913,2014H1,5,24341,137,psi,0.13937641036511525,,,True
2012H2-R,R,gbm-50k,20260913,2014H1,5,24341,137,psi_critical,0.0010334610033318997,,,True
2012H2-R,R,gbm-50k,20260913,2014H2,7,24213,99,auc,0.7864596030806532,0.7444280296030626,0.8284911765582438,False
2012H2-R,R,gbm-50k,20260913,2014H2,7,24213,99,gini,0.5729192061613064,0.4888560592061253,0.6569823531164876,False
2012H2-R,R,gbm-50k,20260913,2014H2,7,24213,99,ks,0.4455528160429877,,,False
2012H2-R,R,gbm-50k,20260913,2014H2,7,24213,99,brier,0.004242911401593287,,,False
2012H2-R,R,gbm-50k,20260913,2014H2,7,24213,99,brier_miscalibration,0.0002302816415090201,,,False
2012H2-R,R,gbm-50k,20260913,2014H2,7,24213,99,brier_discrimination,5.936534358624412e-05,,,False
2012H2-R,R,gbm-50k,20260913,2014H2,7,24213,99,brier_uncertainty,0.004071995103670511,,,False
2012H2-R,R,gbm-50k,20260913,2014H2,7,24213,99,observed_over_expected,0.32808188526051896,0.2667454601748533,0.3992502244450983,False
2012H2-R,R,gbm-50k,20260913,2014H2,7,24213,99,log_oe,-1.114492051570906,-1.3214604079709542,-0.9181669297203648,False
2012H2-R,R,gbm-50k,20260913,2014H2,7,24213,99,cox_intercept,-1.1761374824079616,-1.8885628324602382,-0.463712132355685,False
2012H2-R,R,gbm-50k,20260913,2014H2,7,24213,99,cox_slope,0.9905162302610394,0.8097535748172795,1.1712788857047993,False
2012H2-R,R,gbm-50k,20260913,2014H2,7,24213,99,psi,0.10667033203308682,,,False
2012H2-R,R,gbm-50k,20260913,2014H2,7,24213,99,psi_critical,0.001037135493306651,,,False
2012H2-R,R,gbm-50k,20260913,2015H1,9,24159,83,auc,0.818789946294565,0.7771227762217732,0.8604571163673569,False
2012H2-R,R,gbm-50k,20260913,2015H1,9,24159,83,gini,0.6375798925891301,0.5542455524435463,0.7209142327347138,False
2012H2-R,R,gbm-50k,20260913,2015H1,9,24159,83,ks,0.5141329564811832,,,False
2012H2-R,R,gbm-50k,20260913,2015H1,9,24159,83,brier,0.0035625234235031077,,,False
2012H2-R,R,gbm-50k,20260913,2015H1,9,24159,83,brier_miscalibration,0.0001773100694601867,,,False
2012H2-R,R,gbm-50k,20260913,2015H1,9,24159,83,brier_discrimination,3.855615085596479e-05,,,False
2012H2-R,R,gbm-50k,20260913,2015H1,9,24159,83,brier_uncertainty,0.003423769504898886,,,False
2012H2-R,R,gbm-50k,20260913,2015H1,9,24159,83,observed_over_expected,0.30387641608423416,0.24211555862840398,0.37654537558925777,False
2012H2-R,R,gbm-50k,20260913,2015H1,9,24159,83,log_oe,-1.1911341862687304,-1.4183401518060488,-0.9767167195106989,False
2012H2-R,R,gbm-50k,20260913,2015H1,9,24159,83,cox_intercept,-0.7050084163535719,-1.4943204110814883,0.08430357837434443,False
2012H2-R,R,gbm-50k,20260913,2015H1,9,24159,83,cox_slope,1.1334742472775596,0.9307989939205255,1.3361495006345938,False
2012H2-R,R,gbm-50k,20260913,2015H1,9,24159,83,psi,0.06450448210617919,,,False
2012H2-R,R,gbm-50k,20260913,2015H1,9,24159,83,psi_critical,0.0010386973468943645,,,False
2012H2-R,R,gbm-50k,20260913,2015H2,11,24159,130,auc,0.7925866821180816,0.7562151132069593,0.8289582510292038,True
2012H2-R,R,gbm-50k,20260913,2015H2,11,24159,130,gini,0.5851733642361632,0.5124302264139187,0.6579165020584077,True
2012H2-R,R,gbm-50k,20260913,2015H2,11,24159,130,ks,0.44634015948677397,,,True
2012H2-R,R,gbm-50k,20260913,2015H2,11,24159,130,brier,0.0054423818692862485,,,True
2012H2-R,R,gbm-50k,20260913,2015H2,11,24159,130,brier_miscalibration,0.0001546574324856791,,,True
2012H2-R,R,gbm-50k,20260913,2015H2,11,24159,130,brier_discrimination,6.433764087614147e-05,,,True
2012H2-R,R,gbm-50k,20260913,2015H2,11,24159,130,brier_uncertainty,0.005352062077676711,,,True
2012H2-R,R,gbm-50k,20260913,2015H2,11,24159,130,observed_over_expected,0.4344501219487182,0.3631353330767686,0.5156138565457512,True
2012H2-R,R,gbm-50k,20260913,2015H2,11,24159,130,log_oe,-0.8336741350001766,-1.0129796958034933,-0.6623971336743585,True
2012H2-R,R,gbm-50k,20260913,2015H2,11,24159,130,cox_intercept,-0.6979634518035978,-1.353133287558829,-0.04279361604836651,True
2012H2-R,R,gbm-50k,20260913,2015H2,11,24159,130,cox_slope,1.0408588213289134,0.8737178495265238,1.2079997931313031,True
2012H2-R,R,gbm-50k,20260913,2015H2,11,24159,130,psi,0.11316236521779834,,,True
2012H2-R,R,gbm-50k,20260913,2015H2,11,24159,130,psi_critical,0.0010386973468943645,,,True
2012H2-R,R,gbm-50k,20260913,2016H1,13,24632,115,auc,0.8105335960318573,0.774195492532578,0.8468716995311365,True
2012H2-R,R,gbm-50k,20260913,2016H1,13,24632,115,gini,0.6210671920637145,0.548390985065156,0.693743399062273,True
2012H2-R,R,gbm-50k,20260913,2016H1,13,24632,115,ks,0.5064216311308392,,,True
2012H2-R,R,gbm-50k,20260913,2016H1,13,24632,115,brier,0.004773802006623985,,,True
2012H2-R,R,gbm-50k,20260913,2016H1,13,24632,115,brier_miscalibration,0.00017076547174931737,,,True
2012H2-R,R,gbm-50k,20260913,2016H1,13,24632,115,brier_discrimination,4.3890096526369785e-05,,,True
2012H2-R,R,gbm-50k,20260913,2016H1,13,24632,115,brier_uncertainty,0.004646926631401037,,,True
2012H2-R,R,gbm-50k,20260913,2016H1,13,24632,115,observed_over_expected,0.38016429978036653,0.31398620109370795,0.45611607243950547,True
2012H2-R,R,gbm-50k,20260913,2016H1,13,24632,115,log_oe,-0.9671517518626778,-1.1584062396009578,-0.7850079570353111,True
2012H2-R,R,gbm-50k,20260913,2016H1,13,24632,115,cox_intercept,-0.6620897187542684,-1.3645545712329674,0.04037513372443069,True
2012H2-R,R,gbm-50k,20260913,2016H1,13,24632,115,cox_slope,1.0858311615527003,0.905289419553154,1.2663729035522466,True
2012H2-R,R,gbm-50k,20260913,2016H1,13,24632,115,psi,0.11712598545551389,,,True
2012H2-R,R,gbm-50k,20260913,2016H1,13,24632,115,psi_critical,0.001025249380146178,,,True
2012H2-R,R,gbm-50k,20260913,2016H2,15,24760,121,auc,0.8006924116473279,0.7641709761656903,0.8372138471289654,True
2012H2-R,R,gbm-50k,20260913,2016H2,15,24760,121,gini,0.6013848232946557,0.5283419523313806,0.6744276942579308,True
2012H2-R,R,gbm-50k,20260913,2016H2,15,24760,121,ks,0.48425579416359,,,True
2012H2-R,R,gbm-50k,20260913,2016H2,15,24760,121,brier,0.00493886544854622,,,True
2012H2-R,R,gbm-50k,20260913,2016H2,15,24760,121,brier_miscalibration,0.00014069511258921023,,,True
2012H2-R,R,gbm-50k,20260913,2016H2,15,24760,121,brier_discrimination,6.486210993388204e-05,,,True
2012H2-R,R,gbm-50k,20260913,2016H2,15,24760,121,brier_uncertainty,0.004863032445890892,,,True
2012H2-R,R,gbm-50k,20260913,2016H2,15,24760,121,observed_over_expected,0.4209071086378522,0.3493959858745888,0.5026905998776167,True
2012H2-R,R,gbm-50k,20260913,2016H2,15,24760,121,log_oe,-0.8653431142110208,-1.0515493699727068,-0.6877804077271567,True
2012H2-R,R,gbm-50k,20260913,2016H2,15,24760,121,cox_intercept,-0.5850422610225136,-1.3002540525215234,0.13016953047649626,True
2012H2-R,R,gbm-50k,20260913,2016H2,15,24760,121,cox_slope,1.0769165007943013,0.8964688102612124,1.2573641913273903,True
2012H2-R,R,gbm-50k,20260913,2016H2,15,24760,121,psi,0.08164987500575424,,,True
2012H2-R,R,gbm-50k,20260913,2016H2,15,24760,121,psi_critical,0.0010216985183533315,,,True
2012H2-R,R,gbm-50k,20260913,2017H1,17,24541,162,auc,0.7882878605802707,0.7583762921342059,0.8181994290263355,True
2012H2-R,R,gbm-50k,20260913,2017H1,17,24541,162,gini,0.5765757211605413,0.5167525842684118,0.6363988580526709,True
2012H2-R,R,gbm-50k,20260913,2017H1,17,24541,162,ks,0.45369142335110313,,,True
2012H2-R,R,gbm-50k,20260913,2017H1,17,24541,162,brier,0.00662584678488847,,,True
2012H2-R,R,gbm-50k,20260913,2017H1,17,24541,162,brier_miscalibration,0.0001432220059110305,,,True
2012H2-R,R,gbm-50k,20260913,2017H1,17,24541,162,brier_discrimination,7.499740124255767e-05,,,True
2012H2-R,R,gbm-50k,20260913,2017H1,17,24541,162,brier_uncertainty,0.006557622180219997,,,True
2012H2-R,R,gbm-50k,20260913,2017H1,17,24541,162,observed_over_expected,0.48902797453743707,0.4168170199189881,0.5700874408431272,True
2012H2-R,R,gbm-50k,20260913,2017H1,17,24541,162,log_oe,-0.7153355835005393,-0.87510795463824,-0.5619655249309407,True
2012H2-R,R,gbm-50k,20260913,2017H1,17,24541,162,cox_intercept,-0.6344066848540553,-1.2442816121801734,-0.024531757527937126,True
2012H2-R,R,gbm-50k,20260913,2017H1,17,24541,162,cox_slope,1.026237675660617,0.8689598542811199,1.1835154970401143,True
2012H2-R,R,gbm-50k,20260913,2017H1,17,24541,162,psi,0.19734106268570836,,,True
2012H2-R,R,gbm-50k,20260913,2017H1,17,24541,162,psi_critical,0.001027796348662249,,,True
2012H2-R,R,gbm-50k,20260913,2017H2,19,24680,143,auc,0.8087080421717908,0.7762824552330291,0.8411336291105526,True
2012H2-R,R,gbm-50k,20260913,2017H2,19,24680,143,gini,0.6174160843435816,0.5525649104660582,0.6822672582211051,True
2012H2-R,R,gbm-50k,20260913,2017H2,19,24680,143,ks,0.48868000402417816,,,True
2012H2-R,R,gbm-50k,20260913,2017H2,19,24680,143,brier,0.005803754463360061,,,True
2012H2-R,R,gbm-50k,20260913,2017H2,19,24680,143,brier_miscalibration,0.00015999911971276582,,,True
2012H2-R,R,gbm-50k,20260913,2017H2,19,24680,143,brier_discrimination,0.00011683762068842325,,,True
2012H2-R,R,gbm-50k,20260913,2017H2,19,24680,143,brier_uncertainty,0.005760592964335718,,,True
2012H2-R,R,gbm-50k,20260913,2017H2,19,24680,143,observed_over_expected,0.4360891152096883,0.3677048786857063,0.5134415143202478,True
2012H2-R,R,gbm-50k,20260913,2017H2,19,24680,143,log_oe,-0.82990866383567,-1.0004746226484187,-0.6666191522632854,True
2012H2-R,R,gbm-50k,20260913,2017H2,19,24680,143,cox_intercept,-0.13481188985471987,-0.8141727081868191,0.5445489284773795,True
2012H2-R,R,gbm-50k,20260913,2017H2,19,24680,143,cox_slope,1.1911033010563106,1.0106872030115146,1.3715193991011065,True
2012H2-R,R,gbm-50k,20260913,2017H2,19,24680,143,psi,0.20322887576848686,,,True
2012H2-R,R,gbm-50k,20260913,2017H2,19,24680,143,psi_critical,0.0010239134906912925,,,True
2012H2-R,R,gbm-50k,20260913,2018H1,21,24416,148,auc,0.7645910085130457,0.7282856337962018,0.8008963832298897,True
2012H2-R,R,gbm-50k,20260913,2018H1,21,24416,148,gini,0.5291820170260915,0.45657126759240363,0.6017927664597793,True
2012H2-R,R,gbm-50k,20260913,2018H1,21,24416,148,ks,0.4309423153168002,,,True
2012H2-R,R,gbm-50k,20260913,2018H1,21,24416,148,brier,0.00611910713465058,,,True
2012H2-R,R,gbm-50k,20260913,2018H1,21,24416,148,brier_miscalibration,0.00014712154683565494,,,True
2012H2-R,R,gbm-50k,20260913,2018H1,21,24416,148,brier_discrimination,5.2870381843369424e-05,,,True
2012H2-R,R,gbm-50k,20260913,2018H1,21,24416,148,brier_uncertainty,0.006024855969658295,,,True
2012H2-R,R,gbm-50k,20260913,2018H1,21,24416,148,observed_over_expected,0.4533513142942226,0.3834279685799492,0.5322738744894852,True
2012H2-R,R,gbm-50k,20260913,2018H1,21,24416,148,log_oe,-0.7910879258224256,-0.9586035022050705,-0.6305971204334486,True
2012H2-R,R,gbm-50k,20260913,2018H1,21,24416,148,cox_intercept,-0.9263060285408387,-1.5927935117302239,-0.2598185453514533,True
2012H2-R,R,gbm-50k,20260913,2018H1,21,24416,148,cox_slope,0.969251632165625,0.8007819861790236,1.1377212781522263,True
2012H2-R,R,gbm-50k,20260913,2018H1,21,24416,148,psi,0.2150640115169875,,,True
2012H2-R,R,gbm-50k,20260913,2018H1,21,24416,148,psi_critical,0.0010313258825568766,,,True
2012H2-R,R,gbm-50k,20260913,2018H2,23,24543,146,auc,0.7761462643340945,0.7382667681696857,0.8140257604985033,True
2012H2-R,R,gbm-50k,20260913,2018H2,23,24543,146,gini,0.552292528668189,0.47653353633937146,0.6280515209970066,True
2012H2-R,R,gbm-50k,20260913,2018H2,23,24543,146,ks,0.4337499950869773,,,True
2012H2-R,R,gbm-50k,20260913,2018H2,23,24543,146,brier,0.005979063319059326,,,True
2012H2-R,R,gbm-50k,20260913,2018H2,23,24543,146,brier_miscalibration,0.00014275619785395106,,,True
2012H2-R,R,gbm-50k,20260913,2018H2,23,24543,146,brier_discrimination,7.704835769786669e-05,,,True
2012H2-R,R,gbm-50k,20260913,2018H2,23,24543,146,brier_uncertainty,0.005913355478903241,,,True
2012H2-R,R,gbm-50k,20260913,2018H2,23,24543,146,observed_over_expected,0.4324832895613136,0.36533941442542045,0.5083332921646327,True
2012H2-R,R,gbm-50k,20260913,2018H2,23,24543,146,log_oe,-0.8382115902090795,-1.0069284549557618,-0.6766179595963457,True
2012H2-R,R,gbm-50k,20260913,2018H2,23,24543,146,cox_intercept,-0.605859368947039,-1.2761609241407976,0.0644421862467196,True
2012H2-R,R,gbm-50k,20260913,2018H2,23,24543,146,cox_slope,1.0668145237448627,0.8924012087255937,1.2412278387641318,True
2012H2-R,R,gbm-50k,20260913,2018H2,23,24543,146,psi,0.24636037990256765,,,True
2012H2-R,R,gbm-50k,20260913,2018H2,23,24543,146,psi_critical,0.0010277401683422742,,,True
2012H2-R,R,gbm-50k,20260913,2019H1,25,24752,110,auc,0.6874218813408002,0.6356302288930216,0.7392135337885788,True
2012H2-R,R,gbm-50k,20260913,2019H1,25,24752,110,gini,0.37484376268160036,0.27126045778604313,0.4784270675771576,True
2012H2-R,R,gbm-50k,20260913,2019H1,25,24752,110,ks,0.29266514671920074,,,True
2012H2-R,R,gbm-50k,20260913,2019H1,25,24752,110,brier,0.00461397291737062,,,True
2012H2-R,R,gbm-50k,20260913,2019H1,25,24752,110,brier_miscalibration,0.0002462002000133733,,,True
2012H2-R,R,gbm-50k,20260913,2019H1,25,24752,110,brier_discrimination,5.6562714692356963e-05,,,True
2012H2-R,R,gbm-50k,20260913,2019H1,25,24752,110,brier_uncertainty,0.004424335432049603,,,True
2012H2-R,R,gbm-50k,20260913,2019H1,25,24752,110,observed_over_expected,0.3317511888277265,0.27276168225260444,0.39966737627369253,True
2012H2-R,R,gbm-50k,20260913,2019H1,25,24752,110,log_oe,-1.1033700222714136,-1.2991568238292568,-0.917122637127163,True
2012H2-R,R,gbm-50k,20260913,2019H1,25,24752,110,cox_intercept,-2.200224105562248,-3.0068565070559155,-1.3935917040685804,True
2012H2-R,R,gbm-50k,20260913,2019H1,25,24752,110,cox_slope,0.7273338044727891,0.5345840794391947,0.9200835295063834,True
2012H2-R,R,gbm-50k,20260913,2019H1,25,24752,110,psi,0.255094079301199,,,True
2012H2-R,R,gbm-50k,20260913,2019H1,25,24752,110,psi_critical,0.0010219193712836033,,,True
2012H2-R,R,gbm-50k,20260913,2019H2,27,24861,136,auc,0.6886462856123238,0.6438656164598788,0.7334269547647687,True
2012H2-R,R,gbm-50k,20260913,2019H2,27,24861,136,gini,0.37729257122464754,0.28773123291975766,0.4668539095295374,True
2012H2-R,R,gbm-50k,20260913,2019H2,27,24861,136,ks,0.3056227324094451,,,True
2012H2-R,R,gbm-50k,20260913,2019H2,27,24861,136,brier,0.005555116211384035,,,True
2012H2-R,R,gbm-50k,20260913,2019H2,27,24861,136,brier_miscalibration,0.00013870413558598246,,,True
2012H2-R,R,gbm-50k,20260913,2019H2,27,24861,136,brier_discrimination,2.4077988584223983e-05,,,True
2012H2-R,R,gbm-50k,20260913,2019H2,27,24861,136,brier_uncertainty,0.0054404900643822765,,,True
2012H2-R,R,gbm-50k,20260913,2019H2,27,24861,136,observed_over_expected,0.4573580606792131,0.3838865021470553,0.540732483658794,True
2012H2-R,R,gbm-50k,20260913,2019H2,27,24861,136,log_oe,-0.7822886922855137,-0.9574083374084178,-0.614830607352691,True
2012H2-R,R,gbm-50k,20260913,2019H2,27,24861,136,cox_intercept,-2.00582045951873,-2.750167631202548,-1.2614732878349124,True
2012H2-R,R,gbm-50k,20260913,2019H2,27,24861,136,cox_slope,0.703480433485423,0.5313383773582269,0.8756224896126191,True
2012H2-R,R,gbm-50k,20260913,2019H2,27,24861,136,psi,0.1499297758572124,,,True
2012H2-R,R,gbm-50k,20260913,2019H2,27,24861,136,psi_critical,0.0010189224749281936,,,True
2012H2-R,R,gbm-50k,20260913,2020H1,29,24880,111,auc,0.6579397234046191,0.6063308730045568,0.7095485738046815,True
2012H2-R,R,gbm-50k,20260913,2020H1,29,24880,111,gini,0.3158794468092383,0.21266174600911358,0.419097147609363,True
2012H2-R,R,gbm-50k,20260913,2020H1,29,24880,111,ks,0.25058277220253883,,,True
2012H2-R,R,gbm-50k,20260913,2020H1,29,24880,111,brier,0.00455525753344612,,,True
2012H2-R,R,gbm-50k,20260913,2020H1,29,24880,111,brier_miscalibration,0.00012564486462135916,,,True
2012H2-R,R,gbm-50k,20260913,2020H1,29,24880,111,brier_discrimination,1.1897900234699582e-05,,,True
2012H2-R,R,gbm-50k,20260913,2020H1,29,24880,111,brier_uncertainty,0.00444151056905946,,,True
2012H2-R,R,gbm-50k,20260913,2020H1,29,24880,111,observed_over_expected,0.4426931587485465,0.3643152014822981,0.5328736568033083,True
2012H2-R,R,gbm-50k,20260913,2020H1,29,24880,111,log_oe,-0.8148783928340905,-1.0097358479153438,-0.6294709245599286,True
2012H2-R,R,gbm-50k,20260913,2020H1,29,24880,111,cox_intercept,-2.6371324158924705,-3.492199855026074,-1.782064976758867,True
2012H2-R,R,gbm-50k,20260913,2020H1,29,24880,111,cox_slope,0.5790377704743981,0.3937855094449302,0.764290031503866,True
2012H2-R,R,gbm-50k,20260913,2020H1,29,24880,111,psi,0.040704947769097,,,True
2012H2-R,R,gbm-50k,20260913,2020H1,29,24880,111,psi_critical,0.0010184027677122018,,,True
2012H2-R,R,gbm-50k,20260913,2020H2,31,24919,71,auc,0.6723067801529071,0.6052550541238058,0.7393585061820085,False
2012H2-R,R,gbm-50k,20260913,2020H2,31,24919,71,gini,0.34461356030581425,0.21051010824761152,0.478717012364017,False
2012H2-R,R,gbm-50k,20260913,2020H2,31,24919,71,ks,0.28512964457705664,,,False
2012H2-R,R,gbm-50k,20260913,2020H2,31,24919,71,brier,0.002952579402260153,,,False
2012H2-R,R,gbm-50k,20260913,2020H2,31,24919,71,brier_miscalibration,0.00012154930376276135,,,False
2012H2-R,R,gbm-50k,20260913,2020H2,31,24919,71,brier_discrimination,1.0083291397203382e-05,,,False
2012H2-R,R,gbm-50k,20260913,2020H2,31,24919,71,brier_uncertainty,0.002841113389894595,,,False
2012H2-R,R,gbm-50k,20260913,2020H2,31,24919,71,observed_over_expected,0.3183843759188114,0.24873349420421584,0.4014489698480948,False
2012H2-R,R,gbm-50k,20260913,2020H2,31,24919,71,log_oe,-1.1444958968226588,-1.3913732601029487,-0.9126748524324676,False
2012H2-R,R,gbm-50k,20260913,2020H2,31,24919,71,cox_intercept,-2.7023164063622636,-3.7709989560681016,-1.6336338566564255,False
2012H2-R,R,gbm-50k,20260913,2020H2,31,24919,71,cox_slope,0.6474613829129994,0.4184645103441382,0.8764582554818605,False
2012H2-R,R,gbm-50k,20260913,2020H2,31,24919,71,psi,0.011238548325177355,,,False
2012H2-R,R,gbm-50k,20260913,2020H2,31,24919,71,psi_critical,0.0010173384832140608,,,False
2012H2-R,R,gbm-50k,20260913,2021H1,33,24909,90,auc,0.7296878287691777,0.67794508329709,0.7814305742412654,False
2012H2-R,R,gbm-50k,20260913,2021H1,33,24909,90,gini,0.4593756575383554,0.35589016659418005,0.5628611484825308,False
2012H2-R,R,gbm-50k,20260913,2021H1,33,24909,90,ks,0.3813704554306513,,,False
2012H2-R,R,gbm-50k,20260913,2021H1,33,24909,90,brier,0.003721318430696462,,,False
2012H2-R,R,gbm-50k,20260913,2021H1,33,24909,90,brier_miscalibration,0.00013656291046854497,,,False
2012H2-R,R,gbm-50k,20260913,2021H1,33,24909,90,brier_discrimination,1.5341486133095463e-05,,,False
2012H2-R,R,gbm-50k,20260913,2021H1,33,24909,90,brier_uncertainty,0.0036000970063610124,,,False
2012H2-R,R,gbm-50k,20260913,2021H1,33,24909,90,observed_over_expected,0.35434239481903934,0.28502835096718837,0.43536653188154856,False
2012H2-R,R,gbm-50k,20260913,2021H1,33,24909,90,log_oe,-1.0374916162983974,-1.255166626583149,-0.8315670006567084,False
2012H2-R,R,gbm-50k,20260913,2021H1,33,24909,90,cox_intercept,-1.8540925200973515,-2.7291593352787618,-0.9790257049159412,False
2012H2-R,R,gbm-50k,20260913,2021H1,33,24909,90,cox_slope,0.806967240424599,0.6065154144424596,1.0074190664067384,False
2012H2-R,R,gbm-50k,20260913,2021H1,33,24909,90,psi,0.030269949466609103,,,False
2012H2-R,R,gbm-50k,20260913,2021H1,33,24909,90,psi_critical,0.001017611058962233,,,False
2012H2-R,R,gbm-50k,20260913,2021H2,35,24929,136,auc,0.7609579376057284,0.7198806651861127,0.8020352100253441,True
2012H2-R,R,gbm-50k,20260913,2021H2,35,24929,136,gini,0.5219158752114568,0.4397613303722254,0.6040704200506881,True
2012H2-R,R,gbm-50k,20260913,2021H2,35,24929,136,ks,0.4061568018487192,,,True
2012H2-R,R,gbm-50k,20260913,2021H2,35,24929,136,brier,0.005507805866775487,,,True
2012H2-R,R,gbm-50k,20260913,2021H2,35,24929,136,brier_miscalibration,0.00014827383046794786,,,True
2012H2-R,R,gbm-50k,20260913,2021H2,35,24929,136,brier_discrimination,6.619915508205686e-05,,,True
2012H2-R,R,gbm-50k,20260913,2021H2,35,24929,136,brier_uncertainty,0.005425731191389596,,,True
2012H2-R,R,gbm-50k,20260913,2021H2,35,24929,136,observed_over_expected,0.44210504817786406,0.3710833589507521,0.5226996270787231,True
2012H2-R,R,gbm-50k,20260913,2021H2,35,24929,136,log_oe,-0.8162077595816458,-0.9913285544142973,-0.6487483067153557,True
2012H2-R,R,gbm-50k,20260913,2021H2,35,24929,136,cox_intercept,-1.0144921326595768,-1.7001432350229633,-0.3288410302961904,True
2012H2-R,R,gbm-50k,20260913,2021H2,35,24929,136,cox_slope,0.9533559093440184,0.7830109657801813,1.1237008529078554,True
2012H2-R,R,gbm-50k,20260913,2021H2,35,24929,136,psi,0.11489729164112492,,,True
2012H2-R,R,gbm-50k,20260913,2021H2,35,24929,136,psi_critical,0.0010170661261475434,,,True
2012H2-R,R,gbm-50k,20260913,2022H1,37,24889,291,auc,0.7650764499334872,0.7397087629652751,0.7904441369016993,True
2012H2-R,R,gbm-50k,20260913,2022H1,37,24889,291,gini,0.5301528998669744,0.4794175259305502,0.5808882738033987,True
2012H2-R,R,gbm-50k,20260913,2022H1,37,24889,291,ks,0.42777805252794837,,,True
2012H2-R,R,gbm-50k,20260913,2022H1,37,24889,291,brier,0.011417843249303491,,,True
2012H2-R,R,gbm-50k,20260913,2022H1,37,24889,291,brier_miscalibration,4.7517951817109896e-05,,,True
2012H2-R,R,gbm-50k,20260913,2022H1,37,24889,291,brier_discrimination,0.0001848859838790278,,,True
2012H2-R,R,gbm-50k,20260913,2022H1,37,24889,291,brier_uncertainty,0.01155521128136541,,,True
2012H2-R,R,gbm-50k,20260913,2022H1,37,24889,291,observed_over_expected,0.8229992141521582,0.7316110861881221,0.9225392782348341,True
2012H2-R,R,gbm-50k,20260913,2022H1,37,24889,291,log_oe,-0.19480003316316813,-0.31250620923397954,-0.08062532594153304,True
2012H2-R,R,gbm-50k,20260913,2022H1,37,24889,291,cox_intercept,-0.26473498492960557,-0.7444772946426741,0.2150073247834629,True
2012H2-R,R,gbm-50k,20260913,2022H1,37,24889,291,cox_slope,0.9830427195908119,0.8599811435115933,1.1061042956700304,True
2012H2-R,R,gbm-50k,20260913,2022H1,37,24889,291,psi,0.2614924191333743,,,True
2012H2-R,R,gbm-50k,20260913,2022H1,37,24889,291,psi_critical,0.0010181568675578935,,,True
2012H2-R,R,gbm-50k,20260913,2022H2,39,24859,373,auc,0.7731729506098468,0.7504436838041063,0.7959022174155873,True
2012H2-R,R,gbm-50k,20260913,2022H2,39,24859,373,gini,0.5463459012196936,0.5008873676082126,0.5918044348311746,True
2012H2-R,R,gbm-50k,20260913,2022H2,39,24859,373,ks,0.4441107562914432,,,True
2012H2-R,R,gbm-50k,20260913,2022H2,39,24859,373,brier,0.014484405361867264,,,True
2012H2-R,R,gbm-50k,20260913,2022H2,39,24859,373,brier_miscalibration,0.00012970619314560047,,,True
2012H2-R,R,gbm-50k,20260913,2022H2,39,24859,373,brier_discrimination,0.0004247881182971019,,,True
2012H2-R,R,gbm-50k,20260913,2022H2,39,24859,373,brier_uncertainty,0.014779487287018766,,,True
2012H2-R,R,gbm-50k,20260913,2022H2,39,24859,373,observed_over_expected,1.0751504472733229,0.9694986099517341,1.1890359652157414,True
2012H2-R,R,gbm-50k,20260913,2022H2,39,24859,373,log_oe,0.07246060273933351,-0.030976238078968897,0.17314286554027578,True
2012H2-R,R,gbm-50k,20260913,2022H2,39,24859,373,cox_intercept,0.442343189929943,-0.013228794298702273,0.8979151741585882,True
2012H2-R,R,gbm-50k,20260913,2022H2,39,24859,373,cox_slope,1.096569136861284,0.978926029489764,1.2142122442328038,True
2012H2-R,R,gbm-50k,20260913,2022H2,39,24859,373,psi,0.32270255022382777,,,True
2012H2-R,R,gbm-50k,20260913,2022H2,39,24859,373,psi_critical,0.001018977227164634,,,True
2012H2-R,R,gbm-50k,20260913,2023H1,41,24882,381,auc,0.7765083989822688,0.754339638115933,0.7986771598486045,True
2012H2-R,R,gbm-50k,20260913,2023H1,41,24882,381,gini,0.5530167979645375,0.5086792762318659,0.5973543196972091,True
2012H2-R,R,gbm-50k,20260913,2023H1,41,24882,381,ks,0.44923025799686145,,,True
2012H2-R,R,gbm-50k,20260913,2023H1,41,24882,381,brier,0.014786934109384963,,,True
2012H2-R,R,gbm-50k,20260913,2023H1,41,24882,381,brier_miscalibration,5.327286878127786e-05,,,True
2012H2-R,R,gbm-50k,20260913,2023H1,41,24882,381,brier_discrimination,0.00034414695936178623,,,True
2012H2-R,R,gbm-50k,20260913,2023H1,41,24882,381,brier_uncertainty,0.015077808199965471,,,True
2012H2-R,R,gbm-50k,20260913,2023H1,41,24882,381,observed_over_expected,1.1010287715659794,0.9939620483126093,1.2163436071844564,True
2012H2-R,R,gbm-50k,20260913,2023H1,41,24882,381,log_oe,0.09624498961161798,-0.006056253826490125,0.1958493153258561,True
2012H2-R,R,gbm-50k,20260913,2023H1,41,24882,381,cox_intercept,0.37114401841166683,-0.06728566654954193,0.8095737033728756,True
2012H2-R,R,gbm-50k,20260913,2023H1,41,24882,381,cox_slope,1.071563459450361,0.958464682486146,1.1846622364145758,True
2012H2-R,R,gbm-50k,20260913,2023H1,41,24882,381,psi,0.27982473722774015,,,True
2012H2-R,R,gbm-50k,20260913,2023H1,41,24882,381,psi_critical,0.0010183481078604518,,,True
2012H2-R,R,gbm-50k,20260913,2023H2,43,24866,363,auc,0.8147745219031479,0.7954689418228357,0.8340801019834602,True
2012H2-R,R,gbm-50k,20260913,2023H2,43,24866,363,gini,0.6295490438062958,0.5909378836456713,0.6681602039669203,True
2012H2-R,R,gbm-50k,20260913,2023H2,43,24866,363,ks,0.5017109840600842,,,True
2012H2-R,R,gbm-50k,20260913,2023H2,43,24866,363,brier,0.014056638593757798,,,True
2012H2-R,R,gbm-50k,20260913,2023H2,43,24866,363,brier_miscalibration,0.00010045397873801286,,,True
2012H2-R,R,gbm-50k,20260913,2023H2,43,24866,363,brier_discrimination,0.00042895318291924327,,,True
2012H2-R,R,gbm-50k,20260913,2023H2,43,24866,363,brier_uncertainty,0.014385137797939028,,,True
2012H2-R,R,gbm-50k,20260913,2023H2,43,24866,363,observed_over_expected,1.1146597953656892,1.0036453135823207,1.2344550553804903,True
2012H2-R,R,gbm-50k,20260913,2023H2,43,24866,363,log_oe,0.10854924209068838,0.0036386855294344897,0.21062962199614518,True
2012H2-R,R,gbm-50k,20260913,2023H2,43,24866,363,cox_intercept,0.8845387569776871,0.4390597515850915,1.3300177623702827,True
2012H2-R,R,gbm-50k,20260913,2023H2,43,24866,363,cox_slope,1.2043073437427019,1.087390128409003,1.3212245590764007,True
2012H2-R,R,gbm-50k,20260913,2023H2,43,24866,363,psi,0.19285412304377286,,,True
2012H2-R,R,gbm-50k,20260913,2023H2,43,24866,363,psi_critical,0.0010187856328701956,,,True
2012H2-R,R,tabicl,20260911,2013H1,1,24341,85,auc,0.843947889182058,0.8046916733798825,0.8832041049842335,False
2012H2-R,R,tabicl,20260911,2013H1,1,24341,85,gini,0.687895778364116,0.6093833467597649,0.766408209968467,False
2012H2-R,R,tabicl,20260911,2013H1,1,24341,85,ks,0.546907981530343,,,False
2012H2-R,R,tabicl,20260911,2013H1,1,24341,85,brier,0.003781372823542716,,,False
2012H2-R,R,tabicl,20260911,2013H1,1,24341,85,brier_miscalibration,0.0003779533740794535,,,False
2012H2-R,R,tabicl,20260911,2013H1,1,24341,85,brier_discrimination,7.643658405064599e-05,,,False
2012H2-R,R,tabicl,20260911,2013H1,1,24341,85,brier_uncertainty,0.0034798560335139086,,,False
2012H2-R,R,tabicl,20260911,2013H1,1,24341,85,observed_over_expected,0.31561381881420986,0.25218460241252383,0.39010011963706875,False
2012H2-R,R,tabicl,20260911,2013H1,1,24341,85,log_oe,-1.1532359051191492,-1.3775939103979093,-0.9413518557864952,False
2012H2-R,R,tabicl,20260911,2013H1,1,24341,85,cox_intercept,-1.7991705714500448,-2.367927977019183,-1.2304131658809068,False
2012H2-R,R,tabicl,20260911,2013H1,1,24341,85,cox_slope,0.823727924132546,0.6761310187593124,0.9713248295057797,False
2012H2-R,R,tabicl,20260911,2013H1,1,24341,85,psi,0.05785438694552015,,,False
2012H2-R,R,tabicl,20260911,2013H1,1,24341,85,psi_critical,0.0010334610033318997,,,False
2012H2-R,R,tabicl,20260911,2013H2,3,23974,142,auc,0.8421914079306317,0.8127271732637185,0.871655642597545,True
2012H2-R,R,tabicl,20260911,2013H2,3,23974,142,gini,0.6843828158612635,0.6254543465274369,0.74331128519509,True
2012H2-R,R,tabicl,20260911,2013H2,3,23974,142,ks,0.5279905346817393,,,True
2012H2-R,R,tabicl,20260911,2013H2,3,23974,142,brier,0.0060565561546793364,,,True
2012H2-R,R,tabicl,20260911,2013H2,3,23974,142,brier_miscalibration,0.0002870433458809201,,,True
2012H2-R,R,tabicl,20260911,2013H2,3,23974,142,brier_discrimination,0.00011848761523092742,,,True
2012H2-R,R,tabicl,20260911,2013H2,3,23974,142,brier_uncertainty,0.005888000424029344,,,True
2012H2-R,R,tabicl,20260911,2013H2,3,23974,142,observed_over_expected,0.48840067733781545,0.4115597098491956,0.5753546428351534,True
2012H2-R,R,tabicl,20260911,2013H2,3,23974,142,log_oe,-0.7166191498959852,-0.8878011664772165,-0.5527686581612302,True
2012H2-R,R,tabicl,20260911,2013H2,3,23974,142,cox_intercept,-1.233507588161762,-1.692762925890515,-0.7742522504330092,True
2012H2-R,R,tabicl,20260911,2013H2,3,23974,142,cox_slope,0.8583072527958001,0.7372054001794024,0.9794091054121978,True
2012H2-R,R,tabicl,20260911,2013H2,3,23974,142,psi,0.1457591216287745,,,True
2012H2-R,R,tabicl,20260911,2013H2,3,23974,142,psi_critical,0.001044101484378237,,,True
2012H2-R,R,tabicl,20260911,2014H1,5,24341,137,auc,0.8176256081217197,0.7851336719853079,0.8501175442581315,True
2012H2-R,R,tabicl,20260911,2014H1,5,24341,137,gini,0.6352512162434394,0.5702673439706158,0.7002350885162629,True
2012H2-R,R,tabicl,20260911,2014H1,5,24341,137,ks,0.4833673507545957,,,True
2012H2-R,R,tabicl,20260911,2014H1,5,24341,137,brier,0.005741291396030871,,,True
2012H2-R,R,tabicl,20260911,2014H1,5,24341,137,brier_miscalibration,0.0002636332591249742,,,True
2012H2-R,R,tabicl,20260911,2014H1,5,24341,137,brier_discrimination,0.00011902705177677109,,,True
2012H2-R,R,tabicl,20260911,2014H1,5,24341,137,brier_uncertainty,0.005596685188682668,,,True
2012H2-R,R,tabicl,20260911,2014H1,5,24341,137,observed_over_expected,0.5161384211652625,0.43351930906358166,0.6098469063382348,True
2012H2-R,R,tabicl,20260911,2014H1,5,24341,137,log_oe,-0.6613802914031233,-0.8358189415076538,-0.49454732652983663,True
2012H2-R,R,tabicl,20260911,2014H1,5,24341,137,cox_intercept,-1.4163179613041668,-1.9070160907129592,-0.9256198318953743,True
2012H2-R,R,tabicl,20260911,2014H1,5,24341,137,cox_slope,0.7994946241196995,0.6783950226604075,0.9205942255789915,True
2012H2-R,R,tabicl,20260911,2014H1,5,24341,137,psi,0.15831043272464068,,,True
2012H2-R,R,tabicl,20260911,2014H1,5,24341,137,psi_critical,0.0010334610033318997,,,True
2012H2-R,R,tabicl,20260911,2014H2,7,24213,99,auc,0.804680084413849,0.7663027630115016,0.8430574058161964,False
2012H2-R,R,tabicl,20260911,2014H2,7,24213,99,gini,0.609360168827698,0.5326055260230032,0.6861148116323927,False
2012H2-R,R,tabicl,20260911,2014H2,7,24213,99,ks,0.4983198494022082,,,False
2012H2-R,R,tabicl,20260911,2014H2,7,24213,99,brier,0.004228775467138611,,,False
2012H2-R,R,tabicl,20260911,2014H2,7,24213,99,brier_miscalibration,0.00023865536193705666,,,False
2012H2-R,R,tabicl,20260911,2014H2,7,24213,99,brier_discrimination,8.187499846895596e-05,,,False
2012H2-R,R,tabicl,20260911,2014H2,7,24213,99,brier_uncertainty,0.004071995103670511,,,False
2012H2-R,R,tabicl,20260911,2014H2,7,24213,99,observed_over_expected,0.4178859633266267,0.3397602507058838,0.508534826658073,False
2012H2-R,R,tabicl,20260911,2014H2,7,24213,99,log_oe,-0.8725466986862349,-1.0795150550862829,-0.6762215768356936,False
2012H2-R,R,tabicl,20260911,2014H2,7,24213,99,cox_intercept,-1.7571519035871441,-2.3651159268292075,-1.1491878803450808,False
2012H2-R,R,tabicl,20260911,2014H2,7,24213,99,cox_slope,0.774021031307047,0.6297605632466998,0.9182814993673942,False
2012H2-R,R,tabicl,20260911,2014H2,7,24213,99,psi,0.12913414703333265,,,False
2012H2-R,R,tabicl,20260911,2014H2,7,24213,99,psi_critical,0.001037135493306651,,,False
2012H2-R,R,tabicl,20260911,2015H1,9,24159,83,auc,0.8228426248606322,0.7817391935239495,0.8639460561973149,False
2012H2-R,R,tabicl,20260911,2015H1,9,24159,83,gini,0.6456852497212644,0.563478387047899,0.7278921123946298,False
2012H2-R,R,tabicl,20260911,2015H1,9,24159,83,ks,0.5193994119024694,,,False
2012H2-R,R,tabicl,20260911,2015H1,9,24159,83,brier,0.0035454254206965436,,,False
2012H2-R,R,tabicl,20260911,2015H1,9,24159,83,brier_miscalibration,0.00016139498220262265,,,False
2012H2-R,R,tabicl,20260911,2015H1,9,24159,83,brier_discrimination,3.973906640496487e-05,,,False
2012H2-R,R,tabicl,20260911,2015H1,9,24159,83,brier_uncertainty,0.003423769504898886,,,False
2012H2-R,R,tabicl,20260911,2015H1,9,24159,83,observed_over_expected,0.4004699160974004,0.3190770731708083,0.4962382303709083,False
2012H2-R,R,tabicl,20260911,2015H1,9,24159,83,log_oe,-0.9151166311567327,-1.1423225966940511,-0.7006991643987013,False
2012H2-R,R,tabicl,20260911,2015H1,9,24159,83,cox_intercept,-1.5111285278489859,-2.195609084579184,-0.8266479711187882,False
2012H2-R,R,tabicl,20260911,2015H1,9,24159,83,cox_slope,0.8522482945459927,0.6892717431484972,1.0152248459434883,False
2012H2-R,R,tabicl,20260911,2015H1,9,24159,83,psi,0.08034494020141235,,,False
2012H2-R,R,tabicl,20260911,2015H1,9,24159,83,psi_critical,0.0010386973468943645,,,False
2012H2-R,R,tabicl,20260911,2015H2,11,24159,130,auc,0.804444789469135,0.771322826684476,0.837566752253794,True
2012H2-R,R,tabicl,20260911,2015H2,11,24159,130,gini,0.60888957893827,0.5426456533689521,0.6751335045075879,True
2012H2-R,R,tabicl,20260911,2015H2,11,24159,130,ks,0.4604641186771113,,,True
2012H2-R,R,tabicl,20260911,2015H2,11,24159,130,brier,0.005433722297617897,,,True
2012H2-R,R,tabicl,20260911,2015H2,11,24159,130,brier_miscalibration,0.00014308361450449635,,,True
2012H2-R,R,tabicl,20260911,2015H2,11,24159,130,brier_discrimination,6.142339456331053e-05,,,True
2012H2-R,R,tabicl,20260911,2015H2,11,24159,130,brier_uncertainty,0.005352062077676711,,,True
2012H2-R,R,tabicl,20260911,2015H2,11,24159,130,observed_over_expected,0.5627137861503634,0.47034457544638897,0.6678396684687732,True
2012H2-R,R,tabicl,20260911,2015H2,11,24159,130,log_oe,-0.5749841528423781,-0.7542897136456946,-0.40370715151655984,True
2012H2-R,R,tabicl,20260911,2015H2,11,24159,130,cox_intercept,-1.4129901002683192,-1.9678497395226697,-0.8581304610139686,True
2012H2-R,R,tabicl,20260911,2015H2,11,24159,130,cox_slope,0.7873259295253151,0.6562065572290899,0.9184453018215403,True
2012H2-R,R,tabicl,20260911,2015H2,11,24159,130,psi,0.1300737756042556,,,True
2012H2-R,R,tabicl,20260911,2015H2,11,24159,130,psi_critical,0.0010386973468943645,,,True
2012H2-R,R,tabicl,20260911,2016H1,13,24632,115,auc,0.8208573997456957,0.7832336491774915,0.8584811503138999,True
2012H2-R,R,tabicl,20260911,2016H1,13,24632,115,gini,0.6417147994913914,0.566467298354983,0.7169623006277999,True
2012H2-R,R,tabicl,20260911,2016H1,13,24632,115,ks,0.5083925794169442,,,True
2012H2-R,R,tabicl,20260911,2016H1,13,24632,115,brier,0.0047452001383065726,,,True
2012H2-R,R,tabicl,20260911,2016H1,13,24632,115,brier_miscalibration,0.00015837531680783744,,,True
2012H2-R,R,tabicl,20260911,2016H1,13,24632,115,brier_discrimination,6.0101809902302246e-05,,,True
2012H2-R,R,tabicl,20260911,2016H1,13,24632,115,brier_uncertainty,0.004646926631401037,,,True
2012H2-R,R,tabicl,20260911,2016H1,13,24632,115,observed_over_expected,0.48705151454290607,0.4022667432912959,0.5843579316031715,True
2012H2-R,R,tabicl,20260911,2016H1,13,24632,115,log_oe,-0.719385382144905,-0.9106398698831847,-0.5372415873175382,True
2012H2-R,R,tabicl,20260911,2016H1,13,24632,115,cox_intercept,-1.3043795617360057,-1.895615161376913,-0.7131439620950982,True
2012H2-R,R,tabicl,20260911,2016H1,13,24632,115,cox_slope,0.8518706480132378,0.708318785309186,0.9954225107172895,True
2012H2-R,R,tabicl,20260911,2016H1,13,24632,115,psi,0.1393171631401171,,,True
2012H2-R,R,tabicl,20260911,2016H1,13,24632,115,psi_critical,0.001025249380146178,,,True
2012H2-R,R,tabicl,20260911,2016H2,15,24760,121,auc,0.7898373169727896,0.7525992063814858,0.8270754275640934,True
2012H2-R,R,tabicl,20260911,2016H2,15,24760,121,gini,0.5796746339455792,0.5051984127629716,0.6541508551281867,True
2012H2-R,R,tabicl,20260911,2016H2,15,24760,121,ks,0.47093786340877986,,,True
2012H2-R,R,tabicl,20260911,2016H2,15,24760,121,brier,0.0049821092982486265,,,True
2012H2-R,R,tabicl,20260911,2016H2,15,24760,121,brier_miscalibration,0.00015680414224796772,,,True
2012H2-R,R,tabicl,20260911,2016H2,15,24760,121,brier_discrimination,3.77272898902329e-05,,,True
2012H2-R,R,tabicl,20260911,2016H2,15,24760,121,brier_uncertainty,0.004863032445890892,,,True
2012H2-R,R,tabicl,20260911,2016H2,15,24760,121,observed_over_expected,0.5426625170336677,0.4504654382050346,0.6481034428274792,True
2012H2-R,R,tabicl,20260911,2016H2,15,24760,121,log_oe,-0.6112676678608532,-0.7974739236225391,-0.4337049613769889,True
2012H2-R,R,tabicl,20260911,2016H2,15,24760,121,cox_intercept,-1.7696163071687037,-2.358180512364696,-1.1810521019727114,True
2012H2-R,R,tabicl,20260911,2016H2,15,24760,121,cox_slope,0.7134499926516334,0.5803421513388141,0.8465578339644528,True
2012H2-R,R,tabicl,20260911,2016H2,15,24760,121,psi,0.10461306258016469,,,True
2012H2-R,R,tabicl,20260911,2016H2,15,24760,121,psi_critical,0.0010216985183533315,,,True
2012H2-R,R,tabicl,20260911,2017H1,17,24541,162,auc,0.7999378639478726,0.771427303818523,0.8284484240772222,True
2012H2-R,R,tabicl,20260911,2017H1,17,24541,162,gini,0.5998757278957452,0.542854607637046,0.6568968481544444,True
2012H2-R,R,tabicl,20260911,2017H1,17,24541,162,ks,0.4700898719247845,,,True
2012H2-R,R,tabicl,20260911,2017H1,17,24541,162,brier,0.006628047785645903,,,True
2012H2-R,R,tabicl,20260911,2017H1,17,24541,162,brier_miscalibration,0.00014498124233657244,,,True
2012H2-R,R,tabicl,20260911,2017H1,17,24541,162,brier_discrimination,7.455563691066616e-05,,,True
2012H2-R,R,tabicl,20260911,2017H1,17,24541,162,brier_uncertainty,0.006557622180219997,,,True
2012H2-R,R,tabicl,20260911,2017H1,17,24541,162,observed_over_expected,0.6096435983962518,0.5196222734222354,0.71069586390197,True
2012H2-R,R,tabicl,20260911,2017H1,17,24541,162,log_oe,-0.4948807574882201,-0.6546531286259206,-0.3415106989186214,True
2012H2-R,R,tabicl,20260911,2017H1,17,24541,162,cox_intercept,-1.298226343115954,-1.8079458577848588,-0.7885068284470491,True
2012H2-R,R,tabicl,20260911,2017H1,17,24541,162,cox_slope,0.7922024554196436,0.6687812873119069,0.9156236235273804,True
2012H2-R,R,tabicl,20260911,2017H1,17,24541,162,psi,0.22718163138989608,,,True
2012H2-R,R,tabicl,20260911,2017H1,17,24541,162,psi_critical,0.001027796348662249,,,True
2012H2-R,R,tabicl,20260911,2017H2,19,24680,143,auc,0.816069267163533,0.7850486339703635,0.8470899003567025,True
2012H2-R,R,tabicl,20260911,2017H2,19,24680,143,gini,0.632138534327066,0.570097267940727,0.694179800713405,True
2012H2-R,R,tabicl,20260911,2017H2,19,24680,143,ks,0.5018865472466157,,,True
2012H2-R,R,tabicl,20260911,2017H2,19,24680,143,brier,0.005795871875284375,,,True
2012H2-R,R,tabicl,20260911,2017H2,19,24680,143,brier_miscalibration,0.00012139615342041804,,,True
2012H2-R,R,tabicl,20260911,2017H2,19,24680,143,brier_discrimination,8.611724247176156e-05,,,True
2012H2-R,R,tabicl,20260911,2017H2,19,24680,143,brier_uncertainty,0.005760592964335718,,,True
2012H2-R,R,tabicl,20260911,2017H2,19,24680,143,observed_over_expected,0.5440709009807045,0.4587537676681923,0.640576839811269,True
2012H2-R,R,tabicl,20260911,2017H2,19,24680,143,log_oe,-0.6086757079336423,-0.7792416667463911,-0.44538619636125765,True
2012H2-R,R,tabicl,20260911,2017H2,19,24680,143,cox_intercept,-1.021087609216632,-1.5801092427407037,-0.4620659756925606,True
2012H2-R,R,tabicl,20260911,2017H2,19,24680,143,cox_slope,0.8949011087974145,0.7549750095587286,1.0348272080361003,True
2012H2-R,R,tabicl,20260911,2017H2,19,24680,143,psi,0.22961454674519174,,,True
2012H2-R,R,tabicl,20260911,2017H2,19,24680,143,psi_critical,0.0010239134906912925,,,True
2012H2-R,R,tabicl,20260911,2018H1,21,24416,148,auc,0.7621350438125614,0.7260431293240172,0.7982269583011056,True
2012H2-R,R,tabicl,20260911,2018H1,21,24416,148,gini,0.5242700876251227,0.4520862586480343,0.5964539166022111,True
2012H2-R,R,tabicl,20260911,2018H1,21,24416,148,ks,0.4158974781605407,,,True
2012H2-R,R,tabicl,20260911,2018H1,21,24416,148,brier,0.006111937941226085,,,True
2012H2-R,R,tabicl,20260911,2018H1,21,24416,148,brier_miscalibration,0.00014212121401027764,,,True
2012H2-R,R,tabicl,20260911,2018H1,21,24416,148,brier_discrimination,5.5039242442486876e-05,,,True
2012H2-R,R,tabicl,20260911,2018H1,21,24416,148,brier_uncertainty,0.006024855969658295,,,True
2012H2-R,R,tabicl,20260911,2018H1,21,24416,148,observed_over_expected,0.5769935743805367,0.4880000722019135,0.6774406419648027,True
2012H2-R,R,tabicl,20260911,2018H1,21,24416,148,log_oe,-0.5499241487916151,-0.71743972517426,-0.3894333434026382,True
2012H2-R,R,tabicl,20260911,2018H1,21,24416,148,cox_intercept,-1.7655725691835986,-2.3152493911766028,-1.2158957471905945,True
2012H2-R,R,tabicl,20260911,2018H1,21,24416,148,cox_slope,0.6938449484491132,0.5669380612962845,0.8207518356019418,True
2012H2-R,R,tabicl,20260911,2018H1,21,24416,148,psi,0.2395009704014227,,,True
2012H2-R,R,tabicl,20260911,2018H1,21,24416,148,psi_critical,0.0010313258825568766,,,True
2012H2-R,R,tabicl,20260911,2018H2,23,24543,146,auc,0.7702500756605489,0.7334440122055936,0.8070561391155042,True
2012H2-R,R,tabicl,20260911,2018H2,23,24543,146,gini,0.5405001513210979,0.46688802441118726,0.6141122782310084,True
2012H2-R,R,tabicl,20260911,2018H2,23,24543,146,ks,0.41406589963621176,,,True
2012H2-R,R,tabicl,20260911,2018H2,23,24543,146,brier,0.005982506386208017,,,True
2012H2-R,R,tabicl,20260911,2018H2,23,24543,146,brier_miscalibration,0.00013372975310173198,,,True
2012H2-R,R,tabicl,20260911,2018H2,23,24543,146,brier_discrimination,6.457884579695594e-05,,,True
2012H2-R,R,tabicl,20260911,2018H2,23,24543,146,brier_uncertainty,0.005913355478903241,,,True
2012H2-R,R,tabicl,20260911,2018H2,23,24543,146,observed_over_expected,0.5553286995432579,0.4691128346497676,0.6527236378512323,True
2012H2-R,R,tabicl,20260911,2018H2,23,24543,146,log_oe,-0.5881950891180711,-0.7569119538647535,-0.4266014585053372,True
2012H2-R,R,tabicl,20260911,2018H2,23,24543,146,cox_intercept,-1.6317705063046526,-2.19450376517855,-1.069037247430755,True
2012H2-R,R,tabicl,20260911,2018H2,23,24543,146,cox_slope,0.7356363732249948,0.6031254765552357,0.8681472698947538,True
2012H2-R,R,tabicl,20260911,2018H2,23,24543,146,psi,0.2621523638612977,,,True
2012H2-R,R,tabicl,20260911,2018H2,23,24543,146,psi_critical,0.0010277401683422742,,,True
2012H2-R,R,tabicl,20260911,2019H1,25,24752,110,auc,0.7090241346998102,0.6598275364532076,0.7582207329464128,True
2012H2-R,R,tabicl,20260911,2019H1,25,24752,110,gini,0.41804826939962036,0.31965507290641515,0.5164414658928256,True
2012H2-R,R,tabicl,20260911,2019H1,25,24752,110,ks,0.3504327423246342,,,True
2012H2-R,R,tabicl,20260911,2019H1,25,24752,110,brier,0.004591740651510678,,,True
2012H2-R,R,tabicl,20260911,2019H1,25,24752,110,brier_miscalibration,0.00019153082482635704,,,True
2012H2-R,R,tabicl,20260911,2019H1,25,24752,110,brier_discrimination,2.412560536528205e-05,,,True
2012H2-R,R,tabicl,20260911,2019H1,25,24752,110,brier_uncertainty,0.004424335432049603,,,True
2012H2-R,R,tabicl,20260911,2019H1,25,24752,110,observed_over_expected,0.42409237154380314,0.34868344888691033,0.5109126693156072,True
2012H2-R,R,tabicl,20260911,2019H1,25,24752,110,log_oe,-0.8578039900630298,-1.0535907916208729,-0.6715566049187793,True
2012H2-R,R,tabicl,20260911,2019H1,25,24752,110,cox_intercept,-2.7184411207567893,-3.3738863473009024,-2.0629958942126763,True
2012H2-R,R,tabicl,20260911,2019H1,25,24752,110,cox_slope,0.5464521706589239,0.4035967740330665,0.6893075672847814,True
2012H2-R,R,tabicl,20260911,2019H1,25,24752,110,psi,0.2830259318191375,,,True
2012H2-R,R,tabicl,20260911,2019H1,25,24752,110,psi_critical,0.0010219193712836033,,,True
2012H2-R,R,tabicl,20260911,2019H2,27,24861,136,auc,0.6926604413251651,0.649629813263053,0.7356910693872772,True
2012H2-R,R,tabicl,20260911,2019H2,27,24861,136,gini,0.38532088265033027,0.29925962652610605,0.4713821387745545,True
2012H2-R,R,tabicl,20260911,2019H2,27,24861,136,ks,0.29279486111937186,,,True
2012H2-R,R,tabicl,20260911,2019H2,27,24861,136,brier,0.00555008069968854,,,True
2012H2-R,R,tabicl,20260911,2019H2,27,24861,136,brier_miscalibration,0.00013422632598050332,,,True
2012H2-R,R,tabicl,20260911,2019H2,27,24861,136,brier_discrimination,2.4635690674239437e-05,,,True
2012H2-R,R,tabicl,20260911,2019H2,27,24861,136,brier_uncertainty,0.0054404900643822765,,,True
2012H2-R,R,tabicl,20260911,2019H2,27,24861,136,observed_over_expected,0.5857495434742839,0.49165273931029085,0.6925291859390854,True
2012H2-R,R,tabicl,20260911,2019H2,27,24861,136,log_oe,-0.5348629809811617,-0.7099826261040657,-0.3674048960483389,True
2012H2-R,R,tabicl,20260911,2019H2,27,24861,136,cox_intercept,-2.728253109649591,-3.3205929502558122,-2.1359132690433693,True
2012H2-R,R,tabicl,20260911,2019H2,27,24861,136,cox_slope,0.48234881524673945,0.359622860216551,0.6050747702769279,True
2012H2-R,R,tabicl,20260911,2019H2,27,24861,136,psi,0.18539507757772808,,,True
2012H2-R,R,tabicl,20260911,2019H2,27,24861,136,psi_critical,0.0010189224749281936,,,True
2012H2-R,R,tabicl,20260911,2020H1,29,24880,111,auc,0.6584831227933493,0.6071978441372392,0.7097684014494594,True
2012H2-R,R,tabicl,20260911,2020H1,29,24880,111,gini,0.3169662455866986,0.2143956882744784,0.4195368028989188,True
2012H2-R,R,tabicl,20260911,2020H1,29,24880,111,ks,0.26196797144352557,,,True
2012H2-R,R,tabicl,20260911,2020H1,29,24880,111,brier,0.004571833104395449,,,True
2012H2-R,R,tabicl,20260911,2020H1,29,24880,111,brier_miscalibration,0.00013976485349892834,,,True
2012H2-R,R,tabicl,20260911,2020H1,29,24880,111,brier_discrimination,9.442318162939702e-06,,,True
2012H2-R,R,tabicl,20260911,2020H1,29,24880,111,brier_uncertainty,0.00444151056905946,,,True
2012H2-R,R,tabicl,20260911,2020H1,29,24880,111,observed_over_expected,0.5820513874957198,0.47900032859780567,0.7006203849616233,True
2012H2-R,R,tabicl,20260911,2020H1,29,24880,111,log_oe,-0.5411965404822585,-0.7360539955635121,-0.35578907220809664,True
2012H2-R,R,tabicl,20260911,2020H1,29,24880,111,cox_intercept,-3.4310388954741944,-4.087661446180229,-2.77441634476816,True
2012H2-R,R,tabicl,20260911,2020H1,29,24880,111,cox_slope,0.3576450187275649,0.2342243241883757,0.48106571326675407,True
2012H2-R,R,tabicl,20260911,2020H1,29,24880,111,psi,0.06294982970255532,,,True
2012H2-R,R,tabicl,20260911,2020H1,29,24880,111,psi_critical,0.0010184027677122018,,,True
2012H2-R,R,tabicl,20260911,2020H2,31,24919,71,auc,0.6780195419134252,0.6124673316727818,0.7435717521540686,False
2012H2-R,R,tabicl,20260911,2020H2,31,24919,71,gini,0.35603908382685034,0.22493466334556356,0.48714350430813713,False
2012H2-R,R,tabicl,20260911,2020H2,31,24919,71,ks,0.3065777958154594,,,False
2012H2-R,R,tabicl,20260911,2020H2,31,24919,71,brier,0.0029481162260125023,,,False
2012H2-R,R,tabicl,20260911,2020H2,31,24919,71,brier_miscalibration,0.00011365135429718684,,,False
2012H2-R,R,tabicl,20260911,2020H2,31,24919,71,brier_discrimination,6.64851817927959e-06,,,False
2012H2-R,R,tabicl,20260911,2020H2,31,24919,71,brier_uncertainty,0.002841113389894595,,,False
2012H2-R,R,tabicl,20260911,2020H2,31,24919,71,observed_over_expected,0.44029392026752834,0.3439736794526044,0.5551639907319178,False
2012H2-R,R,tabicl,20260911,2020H2,31,24919,71,log_oe,-0.8203127744749077,-1.0671901377551978,-0.5884917300847164,False
2012H2-R,R,tabicl,20260911,2020H2,31,24919,71,cox_intercept,-3.5311436758823542,-4.352904100189749,-2.70938325157496,False
2012H2-R,R,tabicl,20260911,2020H2,31,24919,71,cox_slope,0.41058478493021827,0.2579808655387044,0.5631887043217321,False
2012H2-R,R,tabicl,20260911,2020H2,31,24919,71,psi,0.016668492514996296,,,False
2012H2-R,R,tabicl,20260911,2020H2,31,24919,71,psi_critical,0.0010173384832140608,,,False
2012H2-R,R,tabicl,20260911,2021H1,33,24909,90,auc,0.7425205151966907,0.694999158583832,0.7900418718095494,False
2012H2-R,R,tabicl,20260911,2021H1,33,24909,90,gini,0.4850410303933814,0.389998317167664,0.5800837436190989,False
2012H2-R,R,tabicl,20260911,2021H1,33,24909,90,ks,0.4233006970466175,,,False
2012H2-R,R,tabicl,20260911,2021H1,33,24909,90,brier,0.003707519954438788,,,False
2012H2-R,R,tabicl,20260911,2021H1,33,24909,90,brier_miscalibration,0.00012468649538261312,,,False
2012H2-R,R,tabicl,20260911,2021H1,33,24909,90,brier_discrimination,1.7263547304837736e-05,,,False
2012H2-R,R,tabicl,20260911,2021H1,33,24909,90,brier_uncertainty,0.0036000970063610124,,,False
2012H2-R,R,tabicl,20260911,2021H1,33,24909,90,observed_over_expected,0.4639684432543679,0.37321009908831926,0.5700597359943159,False
2012H2-R,R,tabicl,20260911,2021H1,33,24909,90,log_oe,-0.7679387392963375,-0.985613749581089,-0.5620141236546486,False
2012H2-R,R,tabicl,20260911,2021H1,33,24909,90,cox_intercept,-2.541991546711733,-3.243840117097198,-1.840142976326268,False
2012H2-R,R,tabicl,20260911,2021H1,33,24909,90,cox_slope,0.5846146784416861,0.4385902095891517,0.7306391472942206,False
2012H2-R,R,tabicl,20260911,2021H1,33,24909,90,psi,0.051575041422060715,,,False
2012H2-R,R,tabicl,20260911,2021H1,33,24909,90,psi_critical,0.001017611058962233,,,False
2012H2-R,R,tabicl,20260911,2021H2,35,24929,136,auc,0.7635339730616564,0.7237719173158166,0.8032960288074962,True
2012H2-R,R,tabicl,20260911,2021H2,35,24929,136,gini,0.5270679461233128,0.44754383463163316,0.6065920576149924,True
2012H2-R,R,tabicl,20260911,2021H2,35,24929,136,ks,0.4035018779019695,,,True
2012H2-R,R,tabicl,20260911,2021H2,35,24929,136,brier,0.005509792043975506,,,True
2012H2-R,R,tabicl,20260911,2021H2,35,24929,136,brier_miscalibration,0.00014916712484013515,,,True
2012H2-R,R,tabicl,20260911,2021H2,35,24929,136,brier_discrimination,6.510627225422491e-05,,,True
2012H2-R,R,tabicl,20260911,2021H2,35,24929,136,brier_uncertainty,0.005425731191389596,,,True
2012H2-R,R,tabicl,20260911,2021H2,35,24929,136,observed_over_expected,0.5433123808345163,0.4560323028894499,0.6423567883242144,True
2012H2-R,R,tabicl,20260911,2021H2,35,24929,136,log_oe,-0.6100708374742642,-0.7851916323069156,-0.442611384607974,True
2012H2-R,R,tabicl,20260911,2021H2,35,24929,136,cox_intercept,-1.9136079943738873,-2.4728697072595756,-1.354346281488199,True
2012H2-R,R,tabicl,20260911,2021H2,35,24929,136,cox_slope,0.6728317313229071,0.545339840825151,0.8003236218206632,True
2012H2-R,R,tabicl,20260911,2021H2,35,24929,136,psi,0.15332224431250807,,,True
2012H2-R,R,tabicl,20260911,2021H2,35,24929,136,psi_critical,0.0010170661261475434,,,True
2012H2-R,R,tabicl,20260911,2022H1,37,24889,291,auc,0.7727685932055494,0.7474029215270201,0.7981342648840786,True
2012H2-R,R,tabicl,20260911,2022H1,37,24889,291,gini,0.5455371864110987,0.4948058430540403,0.5962685297681571,True
2012H2-R,R,tabicl,20260911,2022H1,37,24889,291,ks,0.4359613233719167,,,True
2012H2-R,R,tabicl,20260911,2022H1,37,24889,291,brier,0.011419419735901505,,,True
2012H2-R,R,tabicl,20260911,2022H1,37,24889,291,brier_miscalibration,6.495768648361391e-05,,,True
2012H2-R,R,tabicl,20260911,2022H1,37,24889,291,brier_discrimination,0.00020074923194751855,,,True
2012H2-R,R,tabicl,20260911,2022H1,37,24889,291,brier_uncertainty,0.01155521128136541,,,True
2012H2-R,R,tabicl,20260911,2022H1,37,24889,291,observed_over_expected,0.9659629969609834,0.8586997718487501,1.0827942368523173,True
2012H2-R,R,tabicl,20260911,2022H1,37,24889,291,log_oe,-0.03462975092670313,-0.15233592699751444,0.0795449562949321,True
2012H2-R,R,tabicl,20260911,2022H1,37,24889,291,cox_intercept,-1.0171668952505795,-1.4107725155811859,-0.6235612749199729,True
2012H2-R,R,tabicl,20260911,2022H1,37,24889,291,cox_slope,0.7405849577776761,0.6454298144815158,0.8357401010738363,True
2012H2-R,R,tabicl,20260911,2022H1,37,24889,291,psi,0.33232443409527684,,,True
2012H2-R,R,tabicl,20260911,2022H1,37,24889,291,psi_critical,0.0010181568675578935,,,True
2012H2-R,R,tabicl,20260911,2022H2,39,24859,373,auc,0.7865164621070331,0.7641099612275382,0.808922962986528,True
2012H2-R,R,tabicl,20260911,2022H2,39,24859,373,gini,0.5730329242140662,0.5282199224550763,0.617845925973056,True
2012H2-R,R,tabicl,20260911,2022H2,39,24859,373,ks,0.4565599558011921,,,True
2012H2-R,R,tabicl,20260911,2022H2,39,24859,373,brier,0.014444539888511541,,,True
2012H2-R,R,tabicl,20260911,2022H2,39,24859,373,brier_miscalibration,0.00012009050336295873,,,True
2012H2-R,R,tabicl,20260911,2022H2,39,24859,373,brier_discrimination,0.00045503790187018285,,,True
2012H2-R,R,tabicl,20260911,2022H2,39,24859,373,brier_uncertainty,0.014779487287018766,,,True
2012H2-R,R,tabicl,20260911,2022H2,39,24859,373,observed_over_expected,1.309322139984054,1.1806589467667952,1.4480123395219169,True
2012H2-R,R,tabicl,20260911,2022H2,39,24859,373,log_oe,0.269509552895552,0.16607271207724958,0.3701918156964942,True
2012H2-R,R,tabicl,20260911,2022H2,39,24859,373,cox_intercept,-0.3041998526606171,-0.6810514497233513,0.07265174440211702,True
2012H2-R,R,tabicl,20260911,2022H2,39,24859,373,cox_slope,0.8477706486845621,0.7555086576590014,0.9400326397101227,True
2012H2-R,R,tabicl,20260911,2022H2,39,24859,373,psi,0.37543471545357193,,,True
2012H2-R,R,tabicl,20260911,2022H2,39,24859,373,psi_critical,0.001018977227164634,,,True
2012H2-R,R,tabicl,20260911,2023H1,41,24882,381,auc,0.7842365639154908,0.7634015679394665,0.8050715598915151,True
2012H2-R,R,tabicl,20260911,2023H1,41,24882,381,gini,0.5684731278309816,0.5268031358789329,0.6101431197830303,True
2012H2-R,R,tabicl,20260911,2023H1,41,24882,381,ks,0.43490141973957674,,,True
2012H2-R,R,tabicl,20260911,2023H1,41,24882,381,brier,0.014803439355674448,,,True
2012H2-R,R,tabicl,20260911,2023H1,41,24882,381,brier_miscalibration,7.215130080025049e-05,,,True
2012H2-R,R,tabicl,20260911,2023H1,41,24882,381,brier_discrimination,0.00034652014509127353,,,True
2012H2-R,R,tabicl,20260911,2023H1,41,24882,381,brier_uncertainty,0.015077808199965471,,,True
2012H2-R,R,tabicl,20260911,2023H1,41,24882,381,observed_over_expected,1.3725737908521753,1.2391013676011609,1.5163285456359505,True
2012H2-R,R,tabicl,20260911,2023H1,41,24882,381,log_oe,0.3166876567830475,0.21438641334493944,0.41629198249728566,True
2012H2-R,R,tabicl,20260911,2023H1,41,24882,381,cox_intercept,-0.39127532044556457,-0.7630019405867399,-0.01954870030438921,True
2012H2-R,R,tabicl,20260911,2023H1,41,24882,381,cox_slope,0.8138281782983275,0.7240274040900053,0.9036289525066498,True
2012H2-R,R,tabicl,20260911,2023H1,41,24882,381,psi,0.3164659560682027,,,True
2012H2-R,R,tabicl,20260911,2023H1,41,24882,381,psi_critical,0.0010183481078604518,,,True
2012H2-R,R,tabicl,20260911,2023H2,43,24866,363,auc,0.8121669815210124,0.792732819340783,0.8316011437012418,True
2012H2-R,R,tabicl,20260911,2023H2,43,24866,363,gini,0.6243339630420248,0.585465638681566,0.6632022874024837,True
2012H2-R,R,tabicl,20260911,2023H2,43,24866,363,ks,0.48420269896675383,,,True
2012H2-R,R,tabicl,20260911,2023H2,43,24866,363,brier,0.014083419840317607,,,True
2012H2-R,R,tabicl,20260911,2023H2,43,24866,363,brier_miscalibration,7.67976058246942e-05,,,True
2012H2-R,R,tabicl,20260911,2023H2,43,24866,363,brier_discrimination,0.00037851556344611556,,,True
2012H2-R,R,tabicl,20260911,2023H2,43,24866,363,brier_uncertainty,0.014385137797939028,,,True
2012H2-R,R,tabicl,20260911,2023H2,43,24866,363,observed_over_expected,1.414606145340549,1.2737185231212256,1.566637385458984,True
2012H2-R,R,tabicl,20260911,2023H2,43,24866,363,log_oe,0.3468511498352202,0.2419405932739663,0.448931529740677,True
2012H2-R,R,tabicl,20260911,2023H2,43,24866,363,cox_intercept,-0.10631040287534932,-0.4811203243745705,0.26849951862387184,True
2012H2-R,R,tabicl,20260911,2023H2,43,24866,363,cox_slope,0.8788702266702398,0.7874298851907249,0.9703105681497548,True
2012H2-R,R,tabicl,20260911,2023H2,43,24866,363,psi,0.21312595592610864,,,True
2012H2-R,R,tabicl,20260911,2023H2,43,24866,363,psi_critical,0.0010187856328701956,,,True
2012H2-R,R,tabicl,20260912,2013H1,1,24341,85,auc,0.8389599177401831,0.7989127500368386,0.8790070854435276,False
2012H2-R,R,tabicl,20260912,2013H1,1,24341,85,gini,0.6779198354803662,0.5978255000736772,0.7580141708870551,False
2012H2-R,R,tabicl,20260912,2013H1,1,24341,85,ks,0.5443184463759119,,,False
2012H2-R,R,tabicl,20260912,2013H1,1,24341,85,brier,0.0037485034489365358,,,False
2012H2-R,R,tabicl,20260912,2013H1,1,24341,85,brier_miscalibration,0.0003413926541278459,,,False
2012H2-R,R,tabicl,20260912,2013H1,1,24341,85,brier_discrimination,7.274523870521871e-05,,,False
2012H2-R,R,tabicl,20260912,2013H1,1,24341,85,brier_uncertainty,0.0034798560335139086,,,False
2012H2-R,R,tabicl,20260912,2013H1,1,24341,85,observed_over_expected,0.32062829364064804,0.25619131335174705,0.39629803339464764,False
2012H2-R,R,tabicl,20260912,2013H1,1,24341,85,log_oe,-1.1374727905464408,-1.3618307958252014,-0.9255887412137869,False
2012H2-R,R,tabicl,20260912,2013H1,1,24341,85,cox_intercept,-1.6983389942689926,-2.2834256337395176,-1.1132523547984676,False
2012H2-R,R,tabicl,20260912,2013H1,1,24341,85,cox_slope,0.8505162796824511,0.699521272777313,1.0015112865875893,False
2012H2-R,R,tabicl,20260912,2013H1,1,24341,85,psi,0.045314742351554964,,,False
2012H2-R,R,tabicl,20260912,2013H1,1,24341,85,psi_critical,0.0010334610033318997,,,False
2012H2-R,R,tabicl,20260912,2013H2,3,23974,142,auc,0.8384154161288645,0.8083334040265894,0.8684974282311396,True
2012H2-R,R,tabicl,20260912,2013H2,3,23974,142,gini,0.676830832257729,0.6166668080531787,0.7369948564622792,True
2012H2-R,R,tabicl,20260912,2013H2,3,23974,142,ks,0.5365368613155941,,,True
2012H2-R,R,tabicl,20260912,2013H2,3,23974,142,brier,0.006022164712769977,,,True
2012H2-R,R,tabicl,20260912,2013H2,3,23974,142,brier_miscalibration,0.00024321178532648712,,,True
2012H2-R,R,tabicl,20260912,2013H2,3,23974,142,brier_discrimination,0.00010904749658585417,,,True
2012H2-R,R,tabicl,20260912,2013H2,3,23974,142,brier_uncertainty,0.005888000424029344,,,True
2012H2-R,R,tabicl,20260912,2013H2,3,23974,142,observed_over_expected,0.5003706361911359,0.42164641328996894,0.5894557113233121,True
2012H2-R,R,tabicl,20260912,2013H2,3,23974,142,log_oe,-0.6924061827843487,-0.8635881993655802,-0.5285556910495938,True
2012H2-R,R,tabicl,20260912,2013H2,3,23974,142,cox_intercept,-1.1306384276845747,-1.6010648930494027,-0.6602119623197467,True
2012H2-R,R,tabicl,20260912,2013H2,3,23974,142,cox_slope,0.8828079236570602,0.7599324846261801,1.0056833626879402,True
2012H2-R,R,tabicl,20260912,2013H2,3,23974,142,psi,0.12487032326328301,,,True
2012H2-R,R,tabicl,20260912,2013H2,3,23974,142,psi_critical,0.001044101484378237,,,True
2012H2-R,R,tabicl,20260912,2014H1,5,24341,137,auc,0.8250127866902618,0.7938628432751172,0.8561627301054063,True
2012H2-R,R,tabicl,20260912,2014H1,5,24341,137,gini,0.6500255733805236,0.5877256865502345,0.7123254602108127,True
2012H2-R,R,tabicl,20260912,2014H1,5,24341,137,ks,0.5109154305194171,,,True
2012H2-R,R,tabicl,20260912,2014H1,5,24341,137,brier,0.005718340967587618,,,True
2012H2-R,R,tabicl,20260912,2014H1,5,24341,137,brier_miscalibration,0.00021378797528943602,,,True
2012H2-R,R,tabicl,20260912,2014H1,5,24341,137,brier_discrimination,9.213219638448591e-05,,,True
2012H2-R,R,tabicl,20260912,2014H1,5,24341,137,brier_uncertainty,0.005596685188682668,,,True
2012H2-R,R,tabicl,20260912,2014H1,5,24341,137,observed_over_expected,0.5263117810573883,0.4420642027789778,0.62186730978596,True
2012H2-R,R,tabicl,20260912,2014H1,5,24341,137,log_oe,-0.6418615021923588,-0.8163001522968892,-0.47502853731907213,True
2012H2-R,R,tabicl,20260912,2014H1,5,24341,137,cox_intercept,-1.2022022063418585,-1.7053111753843853,-0.6990932372993316,True
2012H2-R,R,tabicl,20260912,2014H1,5,24341,137,cox_slope,0.8540766050248099,0.7291049431100033,0.9790482669396164,True
2012H2-R,R,tabicl,20260912,2014H1,5,24341,137,psi,0.14408370183049185,,,True
2012H2-R,R,tabicl,20260912,2014H1,5,24341,137,psi_critical,0.0010334610033318997,,,True
2012H2-R,R,tabicl,20260912,2014H2,7,24213,99,auc,0.7955035550830527,0.7541508281781194,0.836856281987986,False
2012H2-R,R,tabicl,20260912,2014H2,7,24213,99,gini,0.5910071101661054,0.5083016563562388,0.673712563975972,False
2012H2-R,R,tabicl,20260912,2014H2,7,24213,99,ks,0.46779690409946695,,,False
2012H2-R,R,tabicl,20260912,2014H2,7,24213,99,brier,0.004217412636083071,,,False
2012H2-R,R,tabicl,20260912,2014H2,7,24213,99,brier_miscalibration,0.00023287979280266127,,,False
2012H2-R,R,tabicl,20260912,2014H2,7,24213,99,brier_discrimination,8.746226039010093e-05,,,False
2012H2-R,R,tabicl,20260912,2014H2,7,24213,99,brier_uncertainty,0.004071995103670511,,,False
2012H2-R,R,tabicl,20260912,2014H2,7,24213,99,observed_over_expected,0.42175238415922695,0.3429038262903834,0.5132399611216508,False
2012H2-R,R,tabicl,20260912,2014H2,7,24213,99,log_oe,-0.8633369045566803,-1.0703052609567283,-0.667011782706139,False
2012H2-R,R,tabicl,20260912,2014H2,7,24213,99,cox_intercept,-1.6859926386565462,-2.3098355266911788,-1.0621497506219137,False
2012H2-R,R,tabicl,20260912,2014H2,7,24213,99,cox_slope,0.7930436423458045,0.6459123553237567,0.9401749293678523,False
2012H2-R,R,tabicl,20260912,2014H2,7,24213,99,psi,0.11496486514379478,,,False
2012H2-R,R,tabicl,20260912,2014H2,7,24213,99,psi_critical,0.001037135493306651,,,False
2012H2-R,R,tabicl,20260912,2015H1,9,24159,83,auc,0.8190679314700238,0.7758414310144905,0.862294431925557,False
2012H2-R,R,tabicl,20260912,2015H1,9,24159,83,gini,0.6381358629400475,0.5516828620289811,0.724588863851114,False
2012H2-R,R,tabicl,20260912,2015H1,9,24159,83,ks,0.5086948558480474,,,False
2012H2-R,R,tabicl,20260912,2015H1,9,24159,83,brier,0.0035303744867527746,,,False
2012H2-R,R,tabicl,20260912,2015H1,9,24159,83,brier_miscalibration,0.00014615520734928165,,,False
2012H2-R,R,tabicl,20260912,2015H1,9,24159,83,brier_discrimination,3.955022549539293e-05,,,False
2012H2-R,R,tabicl,20260912,2015H1,9,24159,83,brier_uncertainty,0.003423769504898886,,,False
2012H2-R,R,tabicl,20260912,2015H1,9,24159,83,observed_over_expected,0.40498649827187505,0.32267569010316316,0.5018349073134055,False
2012H2-R,R,tabicl,20260912,2015H1,9,24159,83,log_oe,-0.9039015500316165,-1.131107515568935,-0.6894840832735851,False
2012H2-R,R,tabicl,20260912,2015H1,9,24159,83,cox_intercept,-1.3268910700773897,-2.0276218709830727,-0.6261602691717068,False
2012H2-R,R,tabicl,20260912,2015H1,9,24159,83,cox_slope,0.8979369962064316,0.7309980224463075,1.0648759699665558,False
2012H2-R,R,tabicl,20260912,2015H1,9,24159,83,psi,0.06932449792061403,,,False
2012H2-R,R,tabicl,20260912,2015H1,9,24159,83,psi_critical,0.0010386973468943645,,,False
2012H2-R,R,tabicl,20260912,2015H2,11,24159,130,auc,0.7931272148717735,0.7587079397575335,0.8275464899860135,True
2012H2-R,R,tabicl,20260912,2015H2,11,24159,130,gini,0.586254429743547,0.517415879515067,0.6550929799720271,True
2012H2-R,R,tabicl,20260912,2015H2,11,24159,130,ks,0.4577872250517804,,,True
2012H2-R,R,tabicl,20260912,2015H2,11,24159,130,brier,0.005439442083217954,,,True
2012H2-R,R,tabicl,20260912,2015H2,11,24159,130,brier_miscalibration,0.0001452102557920323,,,True
2012H2-R,R,tabicl,20260912,2015H2,11,24159,130,brier_discrimination,5.7830250250788875e-05,,,True
2012H2-R,R,tabicl,20260912,2015H2,11,24159,130,brier_uncertainty,0.005352062077676711,,,True
2012H2-R,R,tabicl,20260912,2015H2,11,24159,130,observed_over_expected,0.5688070368600461,0.4754376218381265,0.6750712569494651,True
2012H2-R,R,tabicl,20260912,2015H2,11,24159,130,log_oe,-0.5642140291560481,-0.7435195899593648,-0.3929370278302301,True
2012H2-R,R,tabicl,20260912,2015H2,11,24159,130,cox_intercept,-1.4217021289299094,-1.9926558406088888,-0.85074841725093,True
2012H2-R,R,tabicl,20260912,2015H2,11,24159,130,cox_slope,0.7860079407808412,0.6530336179396556,0.9189822636220268,True
2012H2-R,R,tabicl,20260912,2015H2,11,24159,130,psi,0.11152579345073133,,,True
2012H2-R,R,tabicl,20260912,2015H2,11,24159,130,psi_critical,0.0010386973468943645,,,True
2012H2-R,R,tabicl,20260912,2016H1,13,24632,115,auc,0.8097123380227738,0.7705963012567192,0.8488283747888283,True
2012H2-R,R,tabicl,20260912,2016H1,13,24632,115,gini,0.6194246760455475,0.5411926025134384,0.6976567495776567,True
2012H2-R,R,tabicl,20260912,2016H1,13,24632,115,ks,0.5075030458014049,,,True
2012H2-R,R,tabicl,20260912,2016H1,13,24632,115,brier,0.004739811711467228,,,True
2012H2-R,R,tabicl,20260912,2016H1,13,24632,115,brier_miscalibration,0.00014494892094737196,,,True
2012H2-R,R,tabicl,20260912,2016H1,13,24632,115,brier_discrimination,5.206384088118129e-05,,,True
2012H2-R,R,tabicl,20260912,2016H1,13,24632,115,brier_uncertainty,0.004646926631401037,,,True
2012H2-R,R,tabicl,20260912,2016H1,13,24632,115,observed_over_expected,0.49766418823872444,0.41103198794767803,0.5970908764036573,True
2012H2-R,R,tabicl,20260912,2016H1,13,24632,115,log_oe,-0.6978297502197911,-0.889084237958071,-0.5156859553924242,True
2012H2-R,R,tabicl,20260912,2016H1,13,24632,115,cox_intercept,-1.299845608238946,-1.9045695897563089,-0.6951216267215832,True
2012H2-R,R,tabicl,20260912,2016H1,13,24632,115,cox_slope,0.8502460378518037,0.7061594015432031,0.9943326741604044,True
2012H2-R,R,tabicl,20260912,2016H1,13,24632,115,psi,0.11644265745013116,,,True
2012H2-R,R,tabicl,20260912,2016H1,13,24632,115,psi_critical,0.001025249380146178,,,True
2012H2-R,R,tabicl,20260912,2016H2,15,24760,121,auc,0.7827622605967359,0.7448119501916179,0.8207125710018539,True
2012H2-R,R,tabicl,20260912,2016H2,15,24760,121,gini,0.5655245211934719,0.4896239003832359,0.6414251420037078,True
2012H2-R,R,tabicl,20260912,2016H2,15,24760,121,ks,0.4583608798655897,,,True
2012H2-R,R,tabicl,20260912,2016H2,15,24760,121,brier,0.004962772298245039,,,True
2012H2-R,R,tabicl,20260912,2016H2,15,24760,121,brier_miscalibration,0.00013519515650557874,,,True
2012H2-R,R,tabicl,20260912,2016H2,15,24760,121,brier_discrimination,3.545530415143168e-05,,,True
2012H2-R,R,tabicl,20260912,2016H2,15,24760,121,brier_uncertainty,0.004863032445890892,,,True
2012H2-R,R,tabicl,20260912,2016H2,15,24760,121,observed_over_expected,0.560273278915367,0.465084173273615,0.6691360276257327,True
2012H2-R,R,tabicl,20260912,2016H2,15,24760,121,log_oe,-0.579330616222118,-0.765536871983804,-0.4017679097382538,True
2012H2-R,R,tabicl,20260912,2016H2,15,24760,121,cox_intercept,-1.6796806318436195,-2.295697788767817,-1.063663474919422,True
2012H2-R,R,tabicl,20260912,2016H2,15,24760,121,cox_slope,0.7332043671920132,0.595188088292548,0.8712206460914784,True
2012H2-R,R,tabicl,20260912,2016H2,15,24760,121,psi,0.0822835765898846,,,True
2012H2-R,R,tabicl,20260912,2016H2,15,24760,121,psi_critical,0.0010216985183533315,,,True
2012H2-R,R,tabicl,20260912,2017H1,17,24541,162,auc,0.7924560907763664,0.7630998684241328,0.8218123131285999,True
2012H2-R,R,tabicl,20260912,2017H1,17,24541,162,gini,0.5849121815527327,0.5261997368482656,0.6436246262571998,True
2012H2-R,R,tabicl,20260912,2017H1,17,24541,162,ks,0.45635461404497596,,,True
2012H2-R,R,tabicl,20260912,2017H1,17,24541,162,brier,0.006629649307481547,,,True
2012H2-R,R,tabicl,20260912,2017H1,17,24541,162,brier_miscalibration,0.00013940041176996754,,,True
2012H2-R,R,tabicl,20260912,2017H1,17,24541,162,brier_discrimination,6.73732845084176e-05,,,True
2012H2-R,R,tabicl,20260912,2017H1,17,24541,162,brier_uncertainty,0.006557622180219997,,,True
2012H2-R,R,tabicl,20260912,2017H1,17,24541,162,observed_over_expected,0.6297667525664484,0.5367739980460168,0.7341545575961912,True
2012H2-R,R,tabicl,20260912,2017H1,17,24541,162,log_oe,-0.46240576217160556,-0.6221781333093063,-0.30903570360200683,True
2012H2-R,R,tabicl,20260912,2017H1,17,24541,162,cox_intercept,-1.2790672929030578,-1.8017145352897088,-0.7564200505164067,True
2012H2-R,R,tabicl,20260912,2017H1,17,24541,162,cox_slope,0.7928738803897893,0.6686506339738993,0.9170971268056793,True
2012H2-R,R,tabicl,20260912,2017H1,17,24541,162,psi,0.19828084856376846,,,True
2012H2-R,R,tabicl,20260912,2017H1,17,24541,162,psi_critical,0.001027796348662249,,,True
2012H2-R,R,tabicl,20260912,2017H2,19,24680,143,auc,0.8066470758731425,0.7745999586525398,0.8386941930937453,True
2012H2-R,R,tabicl,20260912,2017H2,19,24680,143,gini,0.6132941517462851,0.5491999173050797,0.6773883861874905,True
2012H2-R,R,tabicl,20260912,2017H2,19,24680,143,ks,0.5127008134710789,,,True
2012H2-R,R,tabicl,20260912,2017H2,19,24680,143,brier,0.005802417422305448,,,True
2012H2-R,R,tabicl,20260912,2017H2,19,24680,143,brier_miscalibration,0.0001183931944493729,,,True
2012H2-R,R,tabicl,20260912,2017H2,19,24680,143,brier_discrimination,7.656873647964284e-05,,,True
2012H2-R,R,tabicl,20260912,2017H2,19,24680,143,brier_uncertainty,0.005760592964335718,,,True
2012H2-R,R,tabicl,20260912,2017H2,19,24680,143,observed_over_expected,0.562198045901593,0.47403834917132953,0.6619193324667169,True
2012H2-R,R,tabicl,20260912,2017H2,19,24680,143,log_oe,-0.5759010963222333,-0.746467055134982,-0.41261158474984866,True
2012H2-R,R,tabicl,20260912,2017H2,19,24680,143,cox_intercept,-1.0289693736572614,-1.5963932873060465,-0.4615454600084762,True
2012H2-R,R,tabicl,20260912,2017H2,19,24680,143,cox_slope,0.8864185040997272,0.7477566829531748,1.0250803252462797,True
2012H2-R,R,tabicl,20260912,2017H2,19,24680,143,psi,0.2033522306633578,,,True
2012H2-R,R,tabicl,20260912,2017H2,19,24680,143,psi_critical,0.0010239134906912925,,,True
2012H2-R,R,tabicl,20260912,2018H1,21,24416,148,auc,0.7614002868865238,0.725019789497907,0.7977807842751407,True
2012H2-R,R,tabicl,20260912,2018H1,21,24416,148,gini,0.5228005737730477,0.45003957899581404,0.5955615685502813,True
2012H2-R,R,tabicl,20260912,2018H1,21,24416,148,ks,0.4187407285313993,,,True
2012H2-R,R,tabicl,20260912,2018H1,21,24416,148,brier,0.006110904634378179,,,True
2012H2-R,R,tabicl,20260912,2018H1,21,24416,148,brier_miscalibration,0.00013360712704304882,,,True
2012H2-R,R,tabicl,20260912,2018H1,21,24416,148,brier_discrimination,4.755846232316462e-05,,,True
2012H2-R,R,tabicl,20260912,2018H1,21,24416,148,brier_uncertainty,0.006024855969658295,,,True
2012H2-R,R,tabicl,20260912,2018H1,21,24416,148,observed_over_expected,0.6046027091272842,0.5113508690705096,0.7098561675397792,True
2012H2-R,R,tabicl,20260912,2018H1,21,24416,148,log_oe,-0.5031837157879295,-0.6706992921705746,-0.3426929103989526,True
2012H2-R,R,tabicl,20260912,2018H1,21,24416,148,cox_intercept,-1.6360246603736937,-2.2060750040029413,-1.0659743167444458,True
2012H2-R,R,tabicl,20260912,2018H1,21,24416,148,cox_slope,0.720187472994366,0.5898826885570737,0.8504922574316583,True
2012H2-R,R,tabicl,20260912,2018H1,21,24416,148,psi,0.20554473918525687,,,True
2012H2-R,R,tabicl,20260912,2018H1,21,24416,148,psi_critical,0.0010313258825568766,,,True
2012H2-R,R,tabicl,20260912,2018H2,23,24543,146,auc,0.7681414063372939,0.7305807686407133,0.8057020440338745,True
2012H2-R,R,tabicl,20260912,2018H2,23,24543,146,gini,0.5362828126745878,0.4611615372814266,0.6114040880677489,True
2012H2-R,R,tabicl,20260912,2018H2,23,24543,146,ks,0.42454018319117387,,,True
2012H2-R,R,tabicl,20260912,2018H2,23,24543,146,brier,0.0059648098432107085,,,True
2012H2-R,R,tabicl,20260912,2018H2,23,24543,146,brier_miscalibration,0.00011621689473695525,,,True
2012H2-R,R,tabicl,20260912,2018H2,23,24543,146,brier_discrimination,6.476253042948799e-05,,,True
2012H2-R,R,tabicl,20260912,2018H2,23,24543,146,brier_uncertainty,0.005913355478903241,,,True
2012H2-R,R,tabicl,20260912,2018H2,23,24543,146,observed_over_expected,0.5830019450166752,0.49248975473092116,0.6852502864314612,True
2012H2-R,R,tabicl,20260912,2018H2,23,24543,146,log_oe,-0.5395647564164976,-0.7082816211631799,-0.37797112580376374,True
2012H2-R,R,tabicl,20260912,2018H2,23,24543,146,cox_intercept,-1.4590173141775642,-2.0427672825341894,-0.8752673458209388,True
2012H2-R,R,tabicl,20260912,2018H2,23,24543,146,cox_slope,0.7717810734871464,0.6355851664113714,0.9079769805629214,True
2012H2-R,R,tabicl,20260912,2018H2,23,24543,146,psi,0.23479340632271245,,,True
2012H2-R,R,tabicl,20260912,2018H2,23,24543,146,psi_critical,0.0010277401683422742,,,True
2012H2-R,R,tabicl,20260912,2019H1,25,24752,110,auc,0.7137094096553557,0.6626827790301832,0.7647360402805281,True
2012H2-R,R,tabicl,20260912,2019H1,25,24752,110,gini,0.42741881931071135,0.3253655580603665,0.5294720805610562,True
2012H2-R,R,tabicl,20260912,2019H1,25,24752,110,ks,0.34811961838988864,,,True
2012H2-R,R,tabicl,20260912,2019H1,25,24752,110,brier,0.004563154480100458,,,True
2012H2-R,R,tabicl,20260912,2019H1,25,24752,110,brier_miscalibration,0.0001666241499832348,,,True
2012H2-R,R,tabicl,20260912,2019H1,25,24752,110,brier_discrimination,2.780510193237974e-05,,,True
2012H2-R,R,tabicl,20260912,2019H1,25,24752,110,brier_uncertainty,0.004424335432049603,,,True
2012H2-R,R,tabicl,20260912,2019H1,25,24752,110,observed_over_expected,0.44721011477073913,0.3676905685139548,0.5387630827942348,True
2012H2-R,R,tabicl,20260912,2019H1,25,24752,110,log_oe,-0.8047267393944836,-1.0005135409523267,-0.618479354250233,True
2012H2-R,R,tabicl,20260912,2019H1,25,24752,110,cox_intercept,-2.445712521402635,-3.1365232684578386,-1.7549017743474318,True
2012H2-R,R,tabicl,20260912,2019H1,25,24752,110,cox_slope,0.6058569254172296,0.4544522955546296,0.7572615552798295,True
2012H2-R,R,tabicl,20260912,2019H1,25,24752,110,psi,0.2514329156841704,,,True
2012H2-R,R,tabicl,20260912,2019H1,25,24752,110,psi_critical,0.0010219193712836033,,,True
2012H2-R,R,tabicl,20260912,2019H2,27,24861,136,auc,0.6903379825135313,0.646794883936973,0.7338810810900895,True
2012H2-R,R,tabicl,20260912,2019H2,27,24861,136,gini,0.3806759650270626,0.2935897678739461,0.4677621621801791,True
2012H2-R,R,tabicl,20260912,2019H2,27,24861,136,ks,0.2892904300243859,,,True
2012H2-R,R,tabicl,20260912,2019H2,27,24861,136,brier,0.005539629488489177,,,True
2012H2-R,R,tabicl,20260912,2019H2,27,24861,136,brier_miscalibration,0.00012016948866642313,,,True
2012H2-R,R,tabicl,20260912,2019H2,27,24861,136,brier_discrimination,2.1030064559522665e-05,,,True
2012H2-R,R,tabicl,20260912,2019H2,27,24861,136,brier_uncertainty,0.0054404900643822765,,,True
2012H2-R,R,tabicl,20260912,2019H2,27,24861,136,observed_over_expected,0.6159303451472575,0.5169851940811234,0.7282118189798247,True
2012H2-R,R,tabicl,20260912,2019H2,27,24861,136,log_oe,-0.4846213979018438,-0.6597410430247478,-0.31716331296902106,True
2012H2-R,R,tabicl,20260912,2019H2,27,24861,136,cox_intercept,-2.597290748280818,-3.228738508539604,-1.9658429880220316,True
2012H2-R,R,tabicl,20260912,2019H2,27,24861,136,cox_slope,0.5102318087843889,0.3794305331663671,0.6410330844024107,True
2012H2-R,R,tabicl,20260912,2019H2,27,24861,136,psi,0.1526870658571719,,,True
2012H2-R,R,tabicl,20260912,2019H2,27,24861,136,psi_critical,0.0010189224749281936,,,True
2012H2-R,R,tabicl,20260912,2020H1,29,24880,111,auc,0.6533375597730237,0.6012240005308528,0.7054511190151945,True
2012H2-R,R,tabicl,20260912,2020H1,29,24880,111,gini,0.3066751195460473,0.20244800106170557,0.41090223803038906,True
2012H2-R,R,tabicl,20260912,2020H1,29,24880,111,ks,0.24849428539525031,,,True
2012H2-R,R,tabicl,20260912,2020H1,29,24880,111,brier,0.004554217956043548,,,True
2012H2-R,R,tabicl,20260912,2020H1,29,24880,111,brier_miscalibration,0.0001217344094008371,,,True
2012H2-R,R,tabicl,20260912,2020H1,29,24880,111,brier_discrimination,9.027022416749006e-06,,,True
2012H2-R,R,tabicl,20260912,2020H1,29,24880,111,brier_uncertainty,0.00444151056905946,,,True
2012H2-R,R,tabicl,20260912,2020H1,29,24880,111,observed_over_expected,0.6059781819713669,0.49869093094382516,0.7294212783476024,True
2012H2-R,R,tabicl,20260912,2020H1,29,24880,111,log_oe,-0.5009112969085381,-0.6957687519897915,-0.3155038286343762,True
2012H2-R,R,tabicl,20260912,2020H1,29,24880,111,cox_intercept,-3.3511914290424567,-4.05505100297529,-2.6473318551096234,True
2012H2-R,R,tabicl,20260912,2020H1,29,24880,111,cox_slope,0.37599775832773913,0.24266121972564642,0.5093342969298318,True
2012H2-R,R,tabicl,20260912,2020H1,29,24880,111,psi,0.044405867012022024,,,True
2012H2-R,R,tabicl,20260912,2020H1,29,24880,111,psi_critical,0.0010184027677122018,,,True
2012H2-R,R,tabicl,20260912,2020H2,31,24919,71,auc,0.6641464611882498,0.5975346011442304,0.7307583212322692,False
2012H2-R,R,tabicl,20260912,2020H2,31,24919,71,gini,0.32829292237649965,0.1950692022884608,0.4615166424645385,False
2012H2-R,R,tabicl,20260912,2020H2,31,24919,71,ks,0.294789503278525,,,False
2012H2-R,R,tabicl,20260912,2020H2,31,24919,71,brier,0.002924444913933263,,,False
2012H2-R,R,tabicl,20260912,2020H2,31,24919,71,brier_miscalibration,9.028868314851866e-05,,,False
2012H2-R,R,tabicl,20260912,2020H2,31,24919,71,brier_discrimination,6.957159109850872e-06,,,False
2012H2-R,R,tabicl,20260912,2020H2,31,24919,71,brier_uncertainty,0.002841113389894595,,,False
2012H2-R,R,tabicl,20260912,2020H2,31,24919,71,observed_over_expected,0.4682591488846174,0.36582113666552385,0.5904251815095697,False
2012H2-R,R,tabicl,20260912,2020H2,31,24919,71,log_oe,-0.7587333993872697,-1.0056107626675597,-0.5269123549970786,False
2012H2-R,R,tabicl,20260912,2020H2,31,24919,71,cox_intercept,-3.5342228611002042,-4.427270119196278,-2.6411756030041307,False
2012H2-R,R,tabicl,20260912,2020H2,31,24919,71,cox_slope,0.41172328343365905,0.24656923467186703,0.576877332195451,False
2012H2-R,R,tabicl,20260912,2020H2,31,24919,71,psi,0.011669681889019786,,,False
2012H2-R,R,tabicl,20260912,2020H2,31,24919,71,psi_critical,0.0010173384832140608,,,False
2012H2-R,R,tabicl,20260912,2021H1,33,24909,90,auc,0.7379554642276751,0.6897625491904357,0.7861483792649145,False
2012H2-R,R,tabicl,20260912,2021H1,33,24909,90,gini,0.4759109284553502,0.37952509838087134,0.5722967585298291,False
2012H2-R,R,tabicl,20260912,2021H1,33,24909,90,ks,0.40327303007104776,,,False
2012H2-R,R,tabicl,20260912,2021H1,33,24909,90,brier,0.0037005274557117863,,,False
2012H2-R,R,tabicl,20260912,2021H1,33,24909,90,brier_miscalibration,0.00011587059641533608,,,False
2012H2-R,R,tabicl,20260912,2021H1,33,24909,90,brier_discrimination,1.5440147064562162e-05,,,False
2012H2-R,R,tabicl,20260912,2021H1,33,24909,90,brier_uncertainty,0.0036000970063610124,,,False
2012H2-R,R,tabicl,20260912,2021H1,33,24909,90,observed_over_expected,0.48729980588835375,0.3919775396052199,0.5987260615103939,False
2012H2-R,R,tabicl,20260912,2021H1,33,24909,90,log_oe,-0.7188757274739138,-0.9365507377586655,-0.5129511118322247,False
2012H2-R,R,tabicl,20260912,2021H1,33,24909,90,cox_intercept,-2.445002576996171,-3.183832736551688,-1.706172417440654,False
2012H2-R,R,tabicl,20260912,2021H1,33,24909,90,cox_slope,0.6038347904476532,0.45119231440657415,0.7564772664887323,False
2012H2-R,R,tabicl,20260912,2021H1,33,24909,90,psi,0.029337915443365795,,,False
2012H2-R,R,tabicl,20260912,2021H1,33,24909,90,psi_critical,0.001017611058962233,,,False
2012H2-R,R,tabicl,20260912,2021H2,35,24929,136,auc,0.7615236511254362,0.7205558258186865,0.8024914764321859,True
2012H2-R,R,tabicl,20260912,2021H2,35,24929,136,gini,0.5230473022508724,0.441111651637373,0.6049829528643718,True
2012H2-R,R,tabicl,20260912,2021H2,35,24929,136,ks,0.42527895682130396,,,True
2012H2-R,R,tabicl,20260912,2021H2,35,24929,136,brier,0.005497991340671875,,,True
2012H2-R,R,tabicl,20260912,2021H2,35,24929,136,brier_miscalibration,0.00012995399823842024,,,True
2012H2-R,R,tabicl,20260912,2021H2,35,24929,136,brier_discrimination,5.7693848956140784e-05,,,True
2012H2-R,R,tabicl,20260912,2021H2,35,24929,136,brier_uncertainty,0.005425731191389596,,,True
2012H2-R,R,tabicl,20260912,2021H2,35,24929,136,observed_over_expected,0.5733118937462287,0.48121256279384717,0.6778251329543504,True
2012H2-R,R,tabicl,20260912,2021H2,35,24929,136,log_oe,-0.5563253931706155,-0.731446188003267,-0.3888659403043254,True
2012H2-R,R,tabicl,20260912,2021H2,35,24929,136,cox_intercept,-1.7704643518599237,-2.345635653905308,-1.1952930498145395,True
2012H2-R,R,tabicl,20260912,2021H2,35,24929,136,cox_slope,0.7005332391367227,0.5705052215534012,0.8305612567200442,True
2012H2-R,R,tabicl,20260912,2021H2,35,24929,136,psi,0.10467858254583919,,,True
2012H2-R,R,tabicl,20260912,2021H2,35,24929,136,psi_critical,0.0010170661261475434,,,True
2012H2-R,R,tabicl,20260912,2022H1,37,24889,291,auc,0.7704413428409931,0.7452218703131785,0.7956608153688076,True
2012H2-R,R,tabicl,20260912,2022H1,37,24889,291,gini,0.5408826856819862,0.4904437406263571,0.5913216307376152,True
2012H2-R,R,tabicl,20260912,2022H1,37,24889,291,ks,0.4398784691516562,,,True
2012H2-R,R,tabicl,20260912,2022H1,37,24889,291,brier,0.011453844806867727,,,True
2012H2-R,R,tabicl,20260912,2022H1,37,24889,291,brier_miscalibration,7.605765488330647e-05,,,True
2012H2-R,R,tabicl,20260912,2022H1,37,24889,291,brier_discrimination,0.00017742412938098924,,,True
2012H2-R,R,tabicl,20260912,2022H1,37,24889,291,brier_uncertainty,0.01155521128136541,,,True
2012H2-R,R,tabicl,20260912,2022H1,37,24889,291,observed_over_expected,1.0172811883043036,0.9043194481063692,1.140319258004319,True
2012H2-R,R,tabicl,20260912,2022H1,37,24889,291,log_oe,0.017133566858822325,-0.10057260921198895,0.1313082740804576,True
2012H2-R,R,tabicl,20260912,2022H1,37,24889,291,cox_intercept,-0.9765120530400339,-1.3725407536627934,-0.5804833524172742,True
2012H2-R,R,tabicl,20260912,2022H1,37,24889,291,cox_slope,0.7420206003240158,0.6480738597070945,0.8359673409409372,True
2012H2-R,R,tabicl,20260912,2022H1,37,24889,291,psi,0.2566370331962501,,,True
2012H2-R,R,tabicl,20260912,2022H1,37,24889,291,psi_critical,0.0010181568675578935,,,True
2012H2-R,R,tabicl,20260912,2022H2,39,24859,373,auc,0.7855683906698121,0.7630783180805261,0.8080584632590981,True
2012H2-R,R,tabicl,20260912,2022H2,39,24859,373,gini,0.5711367813396242,0.5261566361610521,0.6161169265181963,True
2012H2-R,R,tabicl,20260912,2022H2,39,24859,373,ks,0.4522591998185098,,,True
2012H2-R,R,tabicl,20260912,2022H2,39,24859,373,brier,0.014488098742389991,,,True
2012H2-R,R,tabicl,20260912,2022H2,39,24859,373,brier_miscalibration,0.00012393409962992326,,,True
2012H2-R,R,tabicl,20260912,2022H2,39,24859,373,brier_discrimination,0.0004153226442586977,,,True
2012H2-R,R,tabicl,20260912,2022H2,39,24859,373,brier_uncertainty,0.014779487287018766,,,True
2012H2-R,R,tabicl,20260912,2022H2,39,24859,373,observed_over_expected,1.465652045574185,1.3216267774065829,1.6209015204331652,True
2012H2-R,R,tabicl,20260912,2022H2,39,24859,373,log_oe,0.3823002257524805,0.278863384934178,0.4829824885534226,True
2012H2-R,R,tabicl,20260912,2022H2,39,24859,373,cox_intercept,-0.15878713715547632,-0.5382597003640317,0.22068542605307906,True
2012H2-R,R,tabicl,20260912,2022H2,39,24859,373,cox_slope,0.8598970021709492,0.7699495866406809,0.9498444177012175,True
2012H2-R,R,tabicl,20260912,2022H2,39,24859,373,psi,0.28575841359067156,,,True
2012H2-R,R,tabicl,20260912,2022H2,39,24859,373,psi_critical,0.001018977227164634,,,True
2012H2-R,R,tabicl,20260912,2023H1,41,24882,381,auc,0.7887802211940355,0.7678430271235818,0.8097174152644891,True
2012H2-R,R,tabicl,20260912,2023H1,41,24882,381,gini,0.5775604423880709,0.5356860542471635,0.6194348305289783,True
2012H2-R,R,tabicl,20260912,2023H1,41,24882,381,ks,0.45047076657967033,,,True
2012H2-R,R,tabicl,20260912,2023H1,41,24882,381,brier,0.014824857643091247,,,True
2012H2-R,R,tabicl,20260912,2023H1,41,24882,381,brier_miscalibration,0.00010055359336006917,,,True
2012H2-R,R,tabicl,20260912,2023H1,41,24882,381,brier_discrimination,0.00035350415023429303,,,True
2012H2-R,R,tabicl,20260912,2023H1,41,24882,381,brier_uncertainty,0.015077808199965471,,,True
2012H2-R,R,tabicl,20260912,2023H1,41,24882,381,observed_over_expected,1.5956816022517692,1.4405136312406261,1.762803267384445,True
2012H2-R,R,tabicl,20260912,2023H1,41,24882,381,log_oe,0.4673009817893923,0.36499973835128424,0.5669053075036304,True
2012H2-R,R,tabicl,20260912,2023H1,41,24882,381,cox_intercept,-0.016287113057194304,-0.408349750771226,0.37577552465683733,True
2012H2-R,R,tabicl,20260912,2023H1,41,24882,381,cox_slope,0.8759743034087993,0.7839852572206673,0.9679633495969314,True
2012H2-R,R,tabicl,20260912,2023H1,41,24882,381,psi,0.2264527780293799,,,True
2012H2-R,R,tabicl,20260912,2023H1,41,24882,381,psi_critical,0.0010183481078604518,,,True
2012H2-R,R,tabicl,20260912,2023H2,43,24866,363,auc,0.806622599425336,0.7867529909595573,0.8264922078911147,True
2012H2-R,R,tabicl,20260912,2023H2,43,24866,363,gini,0.613245198850672,0.5735059819191146,0.6529844157822293,True
2012H2-R,R,tabicl,20260912,2023H2,43,24866,363,ks,0.4969350466896222,,,True
2012H2-R,R,tabicl,20260912,2023H2,43,24866,363,brier,0.014131214668896722,,,True
2012H2-R,R,tabicl,20260912,2023H2,43,24866,363,brier_miscalibration,0.00010861462956203612,,,True
2012H2-R,R,tabicl,20260912,2023H2,43,24866,363,brier_discrimination,0.0003625377586043421,,,True
2012H2-R,R,tabicl,20260912,2023H2,43,24866,363,brier_uncertainty,0.014385137797939028,,,True
2012H2-R,R,tabicl,20260912,2023H2,43,24866,363,observed_over_expected,1.629755042501708,1.467439677554144,1.804908869605406,True
2012H2-R,R,tabicl,20260912,2023H2,43,24866,363,log_oe,0.4884297228516003,0.3835191662903464,0.5905101027570571,True
2012H2-R,R,tabicl,20260912,2023H2,43,24866,363,cox_intercept,0.11818927618284204,-0.27726258328529974,0.5136411356509838,True
2012H2-R,R,tabicl,20260912,2023H2,43,24866,363,cox_slope,0.9041120877513424,0.8114565100678374,0.9967676654348475,True
2012H2-R,R,tabicl,20260912,2023H2,43,24866,363,psi,0.14743014480971142,,,True
2012H2-R,R,tabicl,20260912,2023H2,43,24866,363,psi_critical,0.0010187856328701956,,,True
2012H2-R,R,tabicl,20260913,2013H1,1,24341,85,auc,0.8400039286822909,0.7987695328386879,0.8812383245258939,False
2012H2-R,R,tabicl,20260913,2013H1,1,24341,85,gini,0.6800078573645818,0.5975390656773758,0.7624766490517878,False
2012H2-R,R,tabicl,20260913,2013H1,1,24341,85,ks,0.5602504656216049,,,False
2012H2-R,R,tabicl,20260913,2013H1,1,24341,85,brier,0.003812022754983029,,,False
2012H2-R,R,tabicl,20260913,2013H1,1,24341,85,brier_miscalibration,0.0004041837318737749,,,False
2012H2-R,R,tabicl,20260913,2013H1,1,24341,85,brier_discrimination,7.201701040465431e-05,,,False
2012H2-R,R,tabicl,20260913,2013H1,1,24341,85,brier_uncertainty,0.0034798560335139086,,,False
2012H2-R,R,tabicl,20260913,2013H1,1,24341,85,observed_over_expected,0.31707674666650865,0.25335352423025753,0.39190830513523955,False
2012H2-R,R,tabicl,20260913,2013H1,1,24341,85,log_oe,-1.148611431358147,-1.3729694366369074,-0.9367273820254931,False
2012H2-R,R,tabicl,20260913,2013H1,1,24341,85,cox_intercept,-1.8878515018779998,-2.440433100066748,-1.3352699036892517,False
2012H2-R,R,tabicl,20260913,2013H1,1,24341,85,cox_slope,0.7964271840617272,0.6548702131294337,0.9379841549940207,False
2012H2-R,R,tabicl,20260913,2013H1,1,24341,85,psi,0.05315763782990802,,,False
2012H2-R,R,tabicl,20260913,2013H1,1,24341,85,psi_critical,0.0010334610033318997,,,False
2012H2-R,R,tabicl,20260913,2013H2,3,23974,142,auc,0.8412072595019597,0.8109869795238183,0.8714275394801012,True
2012H2-R,R,tabicl,20260913,2013H2,3,23974,142,gini,0.6824145190039195,0.6219739590476365,0.7428550789602024,True
2012H2-R,R,tabicl,20260913,2013H2,3,23974,142,ks,0.5378713198965528,,,True
2012H2-R,R,tabicl,20260913,2013H2,3,23974,142,brier,0.006065356743734826,,,True
2012H2-R,R,tabicl,20260913,2013H2,3,23974,142,brier_miscalibration,0.0002877972025088129,,,True
2012H2-R,R,tabicl,20260913,2013H2,3,23974,142,brier_discrimination,0.00011044088280333028,,,True
2012H2-R,R,tabicl,20260913,2013H2,3,23974,142,brier_uncertainty,0.005888000424029344,,,True
2012H2-R,R,tabicl,20260913,2013H2,3,23974,142,observed_over_expected,0.4983950083931156,0.41998161460919065,0.5871283463567011,True
2012H2-R,R,tabicl,20260913,2013H2,3,23974,142,log_oe,-0.6963623268216559,-0.8675443434028872,-0.5325118350869008,True
2012H2-R,R,tabicl,20260913,2013H2,3,23974,142,cox_intercept,-1.2833872851442345,-1.7333571681443485,-0.8334174021441205,True
2012H2-R,R,tabicl,20260913,2013H2,3,23974,142,cox_slope,0.8381912177725053,0.7209494270262338,0.9554330085187768,True
2012H2-R,R,tabicl,20260913,2013H2,3,23974,142,psi,0.12120675708333564,,,True
2012H2-R,R,tabicl,20260913,2013H2,3,23974,142,psi_critical,0.001044101484378237,,,True
2012H2-R,R,tabicl,20260913,2014H1,5,24341,137,auc,0.8172531656105585,0.7850982082635732,0.8494081229575438,True
2012H2-R,R,tabicl,20260913,2014H1,5,24341,137,gini,0.634506331221117,0.5701964165271465,0.6988162459150875,True
2012H2-R,R,tabicl,20260913,2014H1,5,24341,137,ks,0.4857500781073768,,,True
2012H2-R,R,tabicl,20260913,2014H1,5,24341,137,brier,0.005755276436169199,,,True
2012H2-R,R,tabicl,20260913,2014H1,5,24341,137,brier_miscalibration,0.00027332997635504553,,,True
2012H2-R,R,tabicl,20260913,2014H1,5,24341,137,brier_discrimination,0.00011473872886851467,,,True
2012H2-R,R,tabicl,20260913,2014H1,5,24341,137,brier_uncertainty,0.005596685188682668,,,True
2012H2-R,R,tabicl,20260913,2014H1,5,24341,137,observed_over_expected,0.5302291618896796,0.44535452212377635,0.6264959180886088,True
2012H2-R,R,tabicl,20260913,2014H1,5,24341,137,log_oe,-0.6344459849617412,-0.8088846350662716,-0.46761302008845446,True
2012H2-R,R,tabicl,20260913,2014H1,5,24341,137,cox_intercept,-1.4830050331156859,-1.9664856673662643,-0.9995243988651075,True
2012H2-R,R,tabicl,20260913,2014H1,5,24341,137,cox_slope,0.7750789846297614,0.6577135029908637,0.8924444662686591,True
2012H2-R,R,tabicl,20260913,2014H1,5,24341,137,psi,0.12761494797939943,,,True
2012H2-R,R,tabicl,20260913,2014H1,5,24341,137,psi_critical,0.0010334610033318997,,,True
2012H2-R,R,tabicl,20260913,2014H2,7,24213,99,auc,0.7997835198631416,0.7607381420299953,0.8388288976962878,False
2012H2-R,R,tabicl,20260913,2014H2,7,24213,99,gini,0.5995670397262831,0.5214762840599907,0.6776577953925755,False
2012H2-R,R,tabicl,20260913,2014H2,7,24213,99,ks,0.47186847323697284,,,False
2012H2-R,R,tabicl,20260913,2014H2,7,24213,99,brier,0.004226787103913151,,,False
2012H2-R,R,tabicl,20260913,2014H2,7,24213,99,brier_miscalibration,0.00023231466385556596,,,False
2012H2-R,R,tabicl,20260913,2014H2,7,24213,99,brier_discrimination,7.75226636129259e-05,,,False
2012H2-R,R,tabicl,20260913,2014H2,7,24213,99,brier_uncertainty,0.004071995103670511,,,False
2012H2-R,R,tabicl,20260913,2014H2,7,24213,99,observed_over_expected,0.4342964942030411,0.35310275697338717,0.5285051707399141,False
2012H2-R,R,tabicl,20260913,2014H2,7,24213,99,log_oe,-0.834027811767193,-1.0409961681672408,-0.6377026899166517,False
2012H2-R,R,tabicl,20260913,2014H2,7,24213,99,cox_intercept,-1.817550922165681,-2.420898845685331,-1.214202998646031,False
2012H2-R,R,tabicl,20260913,2014H2,7,24213,99,cox_slope,0.750535018479709,0.6100853072621012,0.8909847296973169,False
2012H2-R,R,tabicl,20260913,2014H2,7,24213,99,psi,0.10313286745695942,,,False
2012H2-R,R,tabicl,20260913,2014H2,7,24213,99,psi_critical,0.001037135493306651,,,False
2012H2-R,R,tabicl,20260913,2015H1,9,24159,83,auc,0.8236255372044752,0.7818291990811799,0.8654218753277705,False
2012H2-R,R,tabicl,20260913,2015H1,9,24159,83,gini,0.6472510744089504,0.5636583981623597,0.730843750655541,False
2012H2-R,R,tabicl,20260913,2015H1,9,24159,83,ks,0.5221937759344405,,,False
2012H2-R,R,tabicl,20260913,2015H1,9,24159,83,brier,0.0035322276793305993,,,False
2012H2-R,R,tabicl,20260913,2015H1,9,24159,83,brier_miscalibration,0.00015148877638352645,,,False
2012H2-R,R,tabicl,20260913,2015H1,9,24159,83,brier_discrimination,4.303060195181294e-05,,,False
2012H2-R,R,tabicl,20260913,2015H1,9,24159,83,brier_uncertainty,0.003423769504898886,,,False
2012H2-R,R,tabicl,20260913,2015H1,9,24159,83,observed_over_expected,0.4191379556008364,0.3339509579925203,0.5193705419761231,False
2012H2-R,R,tabicl,20260913,2015H1,9,24159,83,log_oe,-0.8695551636067679,-1.0967611291440864,-0.6551376968487366,False
2012H2-R,R,tabicl,20260913,2015H1,9,24159,83,cox_intercept,-1.4524563688786332,-2.129560691312169,-0.7753520464450971,False
2012H2-R,R,tabicl,20260913,2015H1,9,24159,83,cox_slope,0.8564713276494502,0.6965611878244321,1.0163814674744682,False
2012H2-R,R,tabicl,20260913,2015H1,9,24159,83,psi,0.06362390033530567,,,False
2012H2-R,R,tabicl,20260913,2015H1,9,24159,83,psi_critical,0.0010386973468943645,,,False
2012H2-R,R,tabicl,20260913,2015H2,11,24159,130,auc,0.800036974553184,0.7658683698678189,0.8342055792385491,True
2012H2-R,R,tabicl,20260913,2015H2,11,24159,130,gini,0.600073949106368,0.5317367397356378,0.6684111584770982,True
2012H2-R,R,tabicl,20260913,2015H2,11,24159,130,ks,0.48000492994042454,,,True
2012H2-R,R,tabicl,20260913,2015H2,11,24159,130,brier,0.005428144499738211,,,True
2012H2-R,R,tabicl,20260913,2015H2,11,24159,130,brier_miscalibration,0.00013597906056388772,,,True
2012H2-R,R,tabicl,20260913,2015H2,11,24159,130,brier_discrimination,5.98966385023875e-05,,,True
2012H2-R,R,tabicl,20260913,2015H2,11,24159,130,brier_uncertainty,0.005352062077676711,,,True
2012H2-R,R,tabicl,20260913,2015H2,11,24159,130,observed_over_expected,0.582267872742997,0.48668886766566044,0.6910468388432068,True
2012H2-R,R,tabicl,20260913,2015H2,11,24159,130,log_oe,-0.5408246746939567,-0.7201302354972733,-0.36954767336813843,True
2012H2-R,R,tabicl,20260913,2015H2,11,24159,130,cox_intercept,-1.4757756490428877,-2.0266600701341613,-0.9248912279516142,True
2012H2-R,R,tabicl,20260913,2015H2,11,24159,130,cox_slope,0.7643342725470965,0.6363467694982784,0.8923217755959146,True
2012H2-R,R,tabicl,20260913,2015H2,11,24159,130,psi,0.10733203749327058,,,True
2012H2-R,R,tabicl,20260913,2015H2,11,24159,130,psi_critical,0.0010386973468943645,,,True
2012H2-R,R,tabicl,20260913,2016H1,13,24632,115,auc,0.8223277193642035,0.7861957660251646,0.8584596727032423,True
2012H2-R,R,tabicl,20260913,2016H1,13,24632,115,gini,0.6446554387284069,0.5723915320503292,0.7169193454064846,True
2012H2-R,R,tabicl,20260913,2016H1,13,24632,115,ks,0.5208779710972511,,,True
2012H2-R,R,tabicl,20260913,2016H1,13,24632,115,brier,0.00474443761916167,,,True
2012H2-R,R,tabicl,20260913,2016H1,13,24632,115,brier_miscalibration,0.0001533133562209724,,,True
2012H2-R,R,tabicl,20260913,2016H1,13,24632,115,brier_discrimination,5.5802368460340125e-05,,,True
2012H2-R,R,tabicl,20260913,2016H1,13,24632,115,brier_uncertainty,0.004646926631401037,,,True
2012H2-R,R,tabicl,20260913,2016H1,13,24632,115,observed_over_expected,0.5080834704846833,0.41963750627862545,0.6095917927138186,True
2012H2-R,R,tabicl,20260913,2016H1,13,24632,115,log_oe,-0.6771095329236666,-0.8683640206619465,-0.49496573809629973,True
2012H2-R,R,tabicl,20260913,2016H1,13,24632,115,cox_intercept,-1.3203165452037449,-1.909479422165357,-0.7311536682421327,True
2012H2-R,R,tabicl,20260913,2016H1,13,24632,115,cox_slope,0.8380507112851504,0.6971316068170198,0.978969815753281,True
2012H2-R,R,tabicl,20260913,2016H1,13,24632,115,psi,0.1144726588373573,,,True
2012H2-R,R,tabicl,20260913,2016H1,13,24632,115,psi_critical,0.001025249380146178,,,True
2012H2-R,R,tabicl,20260913,2016H2,15,24760,121,auc,0.7915664174145739,0.7544367997514172,0.8286960350777306,True
2012H2-R,R,tabicl,20260913,2016H2,15,24760,121,gini,0.5831328348291478,0.5088735995028344,0.6573920701554612,True
2012H2-R,R,tabicl,20260913,2016H2,15,24760,121,ks,0.48147413946645756,,,True
2012H2-R,R,tabicl,20260913,2016H2,15,24760,121,brier,0.004952942110643869,,,True
2012H2-R,R,tabicl,20260913,2016H2,15,24760,121,brier_miscalibration,0.00013122986816488207,,,True
2012H2-R,R,tabicl,20260913,2016H2,15,24760,121,brier_discrimination,4.132020341190458e-05,,,True
2012H2-R,R,tabicl,20260913,2016H2,15,24760,121,brier_uncertainty,0.004863032445890892,,,True
2012H2-R,R,tabicl,20260913,2016H2,15,24760,121,observed_over_expected,0.5708569166181059,0.4738696759496212,0.6817760973144931,True
2012H2-R,R,tabicl,20260913,2016H2,15,24760,121,log_oe,-0.560616684583714,-0.7468229403454002,-0.38305397809985,True
2012H2-R,R,tabicl,20260913,2016H2,15,24760,121,cox_intercept,-1.6825267623938913,-2.2730238525933486,-1.092029672194434,True
2012H2-R,R,tabicl,20260913,2016H2,15,24760,121,cox_slope,0.7248363859236157,0.5922706499514385,0.8574021218957928,True
2012H2-R,R,tabicl,20260913,2016H2,15,24760,121,psi,0.08473969875961626,,,True
2012H2-R,R,tabicl,20260913,2016H2,15,24760,121,psi_critical,0.0010216985183533315,,,True
2012H2-R,R,tabicl,20260913,2017H1,17,24541,162,auc,0.7980087091754237,0.7687550237417613,0.827262394609086,True
2012H2-R,R,tabicl,20260913,2017H1,17,24541,162,gini,0.5960174183508473,0.5375100474835226,0.654524789218172,True
2012H2-R,R,tabicl,20260913,2017H1,17,24541,162,ks,0.47546537472293243,,,True
2012H2-R,R,tabicl,20260913,2017H1,17,24541,162,brier,0.006583529362801534,,,True
2012H2-R,R,tabicl,20260913,2017H1,17,24541,162,brier_miscalibration,0.0001156800086880112,,,True
2012H2-R,R,tabicl,20260913,2017H1,17,24541,162,brier_discrimination,8.977282610647414e-05,,,True
2012H2-R,R,tabicl,20260913,2017H1,17,24541,162,brier_uncertainty,0.006557622180219997,,,True
2012H2-R,R,tabicl,20260913,2017H1,17,24541,162,observed_over_expected,0.6397767563982315,0.5453059025254855,0.7458237825984804,True
2012H2-R,R,tabicl,20260913,2017H1,17,24541,162,log_oe,-0.446635981607377,-0.6064083527450778,-0.2932659230377783,True
2012H2-R,R,tabicl,20260913,2017H1,17,24541,162,cox_intercept,-1.2498654492489225,-1.7598602489707473,-0.7398706495270977,True
2012H2-R,R,tabicl,20260913,2017H1,17,24541,162,cox_slope,0.7939078345505962,0.6716985748969251,0.9161170942042673,True
2012H2-R,R,tabicl,20260913,2017H1,17,24541,162,psi,0.19266354674748548,,,True
2012H2-R,R,tabicl,20260913,2017H1,17,24541,162,psi_critical,0.001027796348662249,,,True
2012H2-R,R,tabicl,20260913,2017H2,19,24680,143,auc,0.8097224941582442,0.7778768898259686,0.8415680984905197,True
2012H2-R,R,tabicl,20260913,2017H2,19,24680,143,gini,0.6194449883164883,0.5557537796519372,0.6831361969810394,True
2012H2-R,R,tabicl,20260913,2017H2,19,24680,143,ks,0.49699340884082294,,,True
2012H2-R,R,tabicl,20260913,2017H2,19,24680,143,brier,0.0057884517790227795,,,True
2012H2-R,R,tabicl,20260913,2017H2,19,24680,143,brier_miscalibration,0.0001315952688468328,,,True
2012H2-R,R,tabicl,20260913,2017H2,19,24680,143,brier_discrimination,0.00010373645415977153,,,True
2012H2-R,R,tabicl,20260913,2017H2,19,24680,143,brier_uncertainty,0.005760592964335718,,,True
2012H2-R,R,tabicl,20260913,2017H2,19,24680,143,observed_over_expected,0.5710516689670029,0.4815036132232199,0.6723433890995887,True
2012H2-R,R,tabicl,20260913,2017H2,19,24680,143,log_oe,-0.5602755848612955,-0.7308415436740441,-0.39698607328891083,True
2012H2-R,R,tabicl,20260913,2017H2,19,24680,143,cox_intercept,-1.1158949284519002,-1.674274375102606,-0.5575154818011946,True
2012H2-R,R,tabicl,20260913,2017H2,19,24680,143,cox_slope,0.8587002419794549,0.7222725026788769,0.995127981280033,True
2012H2-R,R,tabicl,20260913,2017H2,19,24680,143,psi,0.19702161895519185,,,True
2012H2-R,R,tabicl,20260913,2017H2,19,24680,143,psi_critical,0.0010239134906912925,,,True
2012H2-R,R,tabicl,20260913,2018H1,21,24416,148,auc,0.7634878986453076,0.727335716470613,0.7996400808200023,True
2012H2-R,R,tabicl,20260913,2018H1,21,24416,148,gini,0.5269757972906153,0.45467143294122603,0.5992801616400045,True
2012H2-R,R,tabicl,20260913,2018H1,21,24416,148,ks,0.4092921832331755,,,True
2012H2-R,R,tabicl,20260913,2018H1,21,24416,148,brier,0.0060952656758050845,,,True
2012H2-R,R,tabicl,20260913,2018H1,21,24416,148,brier_miscalibration,0.0001321312265177713,,,True
2012H2-R,R,tabicl,20260913,2018H1,21,24416,148,brier_discrimination,6.172152037098137e-05,,,True
2012H2-R,R,tabicl,20260913,2018H1,21,24416,148,brier_uncertainty,0.006024855969658295,,,True
2012H2-R,R,tabicl,20260913,2018H1,21,24416,148,observed_over_expected,0.6025436162483261,0.509609363587228,0.7074386134044769,True
2012H2-R,R,tabicl,20260913,2018H1,21,24416,148,log_oe,-0.5065952241241053,-0.6741108005067503,-0.34610441873512837,True
2012H2-R,R,tabicl,20260913,2018H1,21,24416,148,cox_intercept,-1.7435723645434198,-2.291492925115904,-1.1956518039709354,True
2012H2-R,R,tabicl,20260913,2018H1,21,24416,148,cox_slope,0.6909735607581716,0.5658993435457038,0.8160477779706394,True
2012H2-R,R,tabicl,20260913,2018H1,21,24416,148,psi,0.2061351959535638,,,True
2012H2-R,R,tabicl,20260913,2018H1,21,24416,148,psi_critical,0.0010313258825568766,,,True
2012H2-R,R,tabicl,20260913,2018H2,23,24543,146,auc,0.7749160434614406,0.7376050360430024,0.8122270508798788,True
2012H2-R,R,tabicl,20260913,2018H2,23,24543,146,gini,0.5498320869228812,0.47521007208600485,0.6244541017597576,True
2012H2-R,R,tabicl,20260913,2018H2,23,24543,146,ks,0.427009889493487,,,True
2012H2-R,R,tabicl,20260913,2018H2,23,24543,146,brier,0.005963354126340373,,,True
2012H2-R,R,tabicl,20260913,2018H2,23,24543,146,brier_miscalibration,0.00011852418619767453,,,True
2012H2-R,R,tabicl,20260913,2018H2,23,24543,146,brier_discrimination,6.852553876054296e-05,,,True
2012H2-R,R,tabicl,20260913,2018H2,23,24543,146,brier_uncertainty,0.005913355478903241,,,True
2012H2-R,R,tabicl,20260913,2018H2,23,24543,146,observed_over_expected,0.5784842718723542,0.48867345916309507,0.6799402924552643,True
2012H2-R,R,tabicl,20260913,2018H2,23,24543,146,log_oe,-0.5473439204926687,-0.7160607852393509,-0.3857502898799346,True
2012H2-R,R,tabicl,20260913,2018H2,23,24543,146,cox_intercept,-1.553488929651699,-2.1102287097569485,-0.9967491495464493,True
2012H2-R,R,tabicl,20260913,2018H2,23,24543,146,cox_slope,0.7462810099123625,0.6158986900916463,0.8766633297330786,True
2012H2-R,R,tabicl,20260913,2018H2,23,24543,146,psi,0.23091225607472582,,,True
2012H2-R,R,tabicl,20260913,2018H2,23,24543,146,psi_critical,0.0010277401683422742,,,True
2012H2-R,R,tabicl,20260913,2019H1,25,24752,110,auc,0.7114866709461304,0.6609370938576998,0.7620362480345609,True
2012H2-R,R,tabicl,20260913,2019H1,25,24752,110,gini,0.42297334189226077,0.32187418771539966,0.5240724960691219,True
2012H2-R,R,tabicl,20260913,2019H1,25,24752,110,ks,0.35607204255852903,,,True
2012H2-R,R,tabicl,20260913,2019H1,25,24752,110,brier,0.00456985411129857,,,True
2012H2-R,R,tabicl,20260913,2019H1,25,24752,110,brier_miscalibration,0.0001773425761593594,,,True
2012H2-R,R,tabicl,20260913,2019H1,25,24752,110,brier_discrimination,3.182389691039258e-05,,,True
2012H2-R,R,tabicl,20260913,2019H1,25,24752,110,brier_uncertainty,0.004424335432049603,,,True
2012H2-R,R,tabicl,20260913,2019H1,25,24752,110,observed_over_expected,0.44648316696303236,0.36709288110960636,0.5378873140471182,True
2012H2-R,R,tabicl,20260913,2019H1,25,24752,110,log_oe,-0.8063535793470572,-1.0021403809049005,-0.6201061942028069,True
2012H2-R,R,tabicl,20260913,2019H1,25,24752,110,cox_intercept,-2.648866978819458,-3.30322614602301,-1.9945078116159054,True
2012H2-R,R,tabicl,20260913,2019H1,25,24752,110,cox_slope,0.5547425997711478,0.41349618587495773,0.6959890136673379,True
2012H2-R,R,tabicl,20260913,2019H1,25,24752,110,psi,0.24793649266327264,,,True
2012H2-R,R,tabicl,20260913,2019H1,25,24752,110,psi_critical,0.0010219193712836033,,,True
2012H2-R,R,tabicl,20260913,2019H2,27,24861,136,auc,0.6931802771664783,0.6496088527312651,0.7367517016016916,True
2012H2-R,R,tabicl,20260913,2019H2,27,24861,136,gini,0.3863605543329567,0.29921770546253024,0.47350340320338313,True
2012H2-R,R,tabicl,20260913,2019H2,27,24861,136,ks,0.3256432522452864,,,True
2012H2-R,R,tabicl,20260913,2019H2,27,24861,136,brier,0.005542616881188777,,,True
2012H2-R,R,tabicl,20260913,2019H2,27,24861,136,brier_miscalibration,0.00012365642790371657,,,True
2012H2-R,R,tabicl,20260913,2019H2,27,24861,136,brier_discrimination,2.15296110972164e-05,,,True
2012H2-R,R,tabicl,20260913,2019H2,27,24861,136,brier_uncertainty,0.0054404900643822765,,,True
2012H2-R,R,tabicl,20260913,2019H2,27,24861,136,observed_over_expected,0.6237474737932219,0.5235465525237323,0.7374539768233647,True
2012H2-R,R,tabicl,20260913,2019H2,27,24861,136,log_oe,-0.47200968195551674,-0.6471293270784211,-0.30455159702269413,True
2012H2-R,R,tabicl,20260913,2019H2,27,24861,136,cox_intercept,-2.7051567990091825,-3.3029167562827366,-2.1073968417356284,True
2012H2-R,R,tabicl,20260913,2019H2,27,24861,136,cox_slope,0.48035513051509887,0.35843325466298237,0.6022770063672154,True
2012H2-R,R,tabicl,20260913,2019H2,27,24861,136,psi,0.1573883255818365,,,True
2012H2-R,R,tabicl,20260913,2019H2,27,24861,136,psi_critical,0.0010189224749281936,,,True
2012H2-R,R,tabicl,20260913,2020H1,29,24880,111,auc,0.6638763799125541,0.6132861560352945,0.7144666037898137,True
2012H2-R,R,tabicl,20260913,2020H1,29,24880,111,gini,0.3277527598251082,0.22657231207058892,0.4289332075796275,True
2012H2-R,R,tabicl,20260913,2020H1,29,24880,111,ks,0.2675565468169126,,,True
2012H2-R,R,tabicl,20260913,2020H1,29,24880,111,brier,0.004558922374817585,,,True
2012H2-R,R,tabicl,20260913,2020H1,29,24880,111,brier_miscalibration,0.00012719278344629648,,,True
2012H2-R,R,tabicl,20260913,2020H1,29,24880,111,brier_discrimination,9.780977688171773e-06,,,True
2012H2-R,R,tabicl,20260913,2020H1,29,24880,111,brier_uncertainty,0.00444151056905946,,,True
2012H2-R,R,tabicl,20260913,2020H1,29,24880,111,observed_over_expected,0.6210420310825696,0.5110877550545948,0.7475537662860017,True
2012H2-R,R,tabicl,20260913,2020H1,29,24880,111,log_oe,-0.476356516436354,-0.6712139715176075,-0.2909490481621921,True
2012H2-R,R,tabicl,20260913,2020H1,29,24880,111,cox_intercept,-3.3200620216139116,-3.9894421793419528,-2.6506818638858705,True
2012H2-R,R,tabicl,20260913,2020H1,29,24880,111,cox_slope,0.37517613837766145,0.2499854898549318,0.5003667869003912,True
2012H2-R,R,tabicl,20260913,2020H1,29,24880,111,psi,0.049230859865619425,,,True
2012H2-R,R,tabicl,20260913,2020H1,29,24880,111,psi_critical,0.0010184027677122018,,,True
2012H2-R,R,tabicl,20260913,2020H2,31,24919,71,auc,0.672691371992418,0.6061806578417621,0.7392020861430739,False
2012H2-R,R,tabicl,20260913,2020H2,31,24919,71,gini,0.34538274398483604,0.21236131568352423,0.47840417228614784,False
2012H2-R,R,tabicl,20260913,2020H2,31,24919,71,ks,0.3233586969336949,,,False
2012H2-R,R,tabicl,20260913,2020H2,31,24919,71,brier,0.0029356525683085677,,,False
2012H2-R,R,tabicl,20260913,2020H2,31,24919,71,brier_miscalibration,0.00010072861681875711,,,False
2012H2-R,R,tabicl,20260913,2020H2,31,24919,71,brier_discrimination,6.189438404784458e-06,,,False
2012H2-R,R,tabicl,20260913,2020H2,31,24919,71,brier_uncertainty,0.002841113389894595,,,False
2012H2-R,R,tabicl,20260913,2020H2,31,24919,71,observed_over_expected,0.4698370465122969,0.36705384787912104,0.5924147432628112,False
2012H2-R,R,tabicl,20260913,2020H2,31,24919,71,log_oe,-0.7553693539439886,-1.0022467172242786,-0.5235483095537974,False
2012H2-R,R,tabicl,20260913,2020H2,31,24919,71,cox_intercept,-3.541056227421195,-4.383456740499955,-2.6986557143424346,False
2012H2-R,R,tabicl,20260913,2020H2,31,24919,71,cox_slope,0.4044312148766452,0.25030635265373313,0.5585560770995572,False
2012H2-R,R,tabicl,20260913,2020H2,31,24919,71,psi,0.011316818779053784,,,False
2012H2-R,R,tabicl,20260913,2020H2,31,24919,71,psi_critical,0.0010173384832140608,,,False
2012H2-R,R,tabicl,20260913,2021H1,33,24909,90,auc,0.7343151080489411,0.6843599026578677,0.7842703134400144,False
2012H2-R,R,tabicl,20260913,2021H1,33,24909,90,gini,0.46863021609788214,0.36871980531573545,0.5685406268800288,False
2012H2-R,R,tabicl,20260913,2021H1,33,24909,90,ks,0.4117530923888956,,,False
2012H2-R,R,tabicl,20260913,2021H1,33,24909,90,brier,0.0037089675569538616,,,False
2012H2-R,R,tabicl,20260913,2021H1,33,24909,90,brier_miscalibration,0.00012478755221341465,,,False
2012H2-R,R,tabicl,20260913,2021H1,33,24909,90,brier_discrimination,1.5917001620565502e-05,,,False
2012H2-R,R,tabicl,20260913,2021H1,33,24909,90,brier_uncertainty,0.0036000970063610124,,,False
2012H2-R,R,tabicl,20260913,2021H1,33,24909,90,observed_over_expected,0.4851952021952791,0.3902846241402701,0.5961402179188955,False
2012H2-R,R,tabicl,20260913,2021H1,33,24909,90,log_oe,-0.7232039902643486,-0.9408790005491001,-0.5172793746226595,False
2012H2-R,R,tabicl,20260913,2021H1,33,24909,90,cox_intercept,-2.6352429364556342,-3.3382844639889173,-1.9322014089223514,False
2012H2-R,R,tabicl,20260913,2021H1,33,24909,90,cox_slope,0.5584707177034773,0.4154473290756462,0.7014941063313085,False
2012H2-R,R,tabicl,20260913,2021H1,33,24909,90,psi,0.04029677092565605,,,False
2012H2-R,R,tabicl,20260913,2021H1,33,24909,90,psi_critical,0.001017611058962233,,,False
2012H2-R,R,tabicl,20260913,2021H2,35,24929,136,auc,0.7608145444278627,0.7206459305442744,0.800983158311451,True
2012H2-R,R,tabicl,20260913,2021H2,35,24929,136,gini,0.5216290888557253,0.4412918610885488,0.6019663166229019,True
2012H2-R,R,tabicl,20260913,2021H2,35,24929,136,ks,0.40842707025939484,,,True
2012H2-R,R,tabicl,20260913,2021H2,35,24929,136,brier,0.005510165229936544,,,True
2012H2-R,R,tabicl,20260913,2021H2,35,24929,136,brier_miscalibration,0.00014102169854344256,,,True
2012H2-R,R,tabicl,20260913,2021H2,35,24929,136,brier_discrimination,5.658765999649439e-05,,,True
2012H2-R,R,tabicl,20260913,2021H2,35,24929,136,brier_uncertainty,0.005425731191389596,,,True
2012H2-R,R,tabicl,20260913,2021H2,35,24929,136,observed_over_expected,0.5646689542054426,0.4739580628752829,0.6676066084352291,True
2012H2-R,R,tabicl,20260913,2021H2,35,24929,136,log_oe,-0.5715156413152086,-0.74663643614786,-0.40405618844891844,True
2012H2-R,R,tabicl,20260913,2021H2,35,24929,136,cox_intercept,-1.9554145020318416,-2.509523250547995,-1.4013057535156883,True
2012H2-R,R,tabicl,20260913,2021H2,35,24929,136,cox_slope,0.6556038916931792,0.5313738934478116,0.7798338899385469,True
2012H2-R,R,tabicl,20260913,2021H2,35,24929,136,psi,0.1312052258971626,,,True
2012H2-R,R,tabicl,20260913,2021H2,35,24929,136,psi_critical,0.0010170661261475434,,,True
2012H2-R,R,tabicl,20260913,2022H1,37,24889,291,auc,0.772939729964356,0.7482630400832122,0.7976164198454998,True
2012H2-R,R,tabicl,20260913,2022H1,37,24889,291,gini,0.545879459928712,0.4965260801664244,0.5952328396909996,True
2012H2-R,R,tabicl,20260913,2022H1,37,24889,291,ks,0.4352463209787961,,,True
2012H2-R,R,tabicl,20260913,2022H1,37,24889,291,brier,0.01143018345651936,,,True
2012H2-R,R,tabicl,20260913,2022H1,37,24889,291,brier_miscalibration,6.816194371177947e-05,,,True
2012H2-R,R,tabicl,20260913,2022H1,37,24889,291,brier_discrimination,0.00019318976855782835,,,True
2012H2-R,R,tabicl,20260913,2022H1,37,24889,291,brier_uncertainty,0.01155521128136541,,,True
2012H2-R,R,tabicl,20260913,2022H1,37,24889,291,observed_over_expected,1.0061755869867768,0.8944470437310402,1.1278704570241265,True
2012H2-R,R,tabicl,20260913,2022H1,37,24889,291,log_oe,0.006156596195544825,-0.11154957987526654,0.12033130341717992,True
2012H2-R,R,tabicl,20260913,2022H1,37,24889,291,cox_intercept,-1.0456379903237953,-1.4316427679232493,-0.6596332127243414,True
2012H2-R,R,tabicl,20260913,2022H1,37,24889,291,cox_slope,0.7240763240670601,0.6321918683902007,0.8159607797439196,True
2012H2-R,R,tabicl,20260913,2022H1,37,24889,291,psi,0.28984619811453916,,,True
2012H2-R,R,tabicl,20260913,2022H1,37,24889,291,psi_critical,0.0010181568675578935,,,True
2012H2-R,R,tabicl,20260913,2022H2,39,24859,373,auc,0.7903422517085322,0.7678044593004235,0.8128800441166409,True
2012H2-R,R,tabicl,20260913,2022H2,39,24859,373,gini,0.5806845034170645,0.535608918600847,0.6257600882332819,True
2012H2-R,R,tabicl,20260913,2022H2,39,24859,373,ks,0.47522182068694285,,,True
2012H2-R,R,tabicl,20260913,2022H2,39,24859,373,brier,0.014432382757340257,,,True
2012H2-R,R,tabicl,20260913,2022H2,39,24859,373,brier_miscalibration,0.00016243176682483387,,,True
2012H2-R,R,tabicl,20260913,2022H2,39,24859,373,brier_discrimination,0.0005095362965033424,,,True
2012H2-R,R,tabicl,20260913,2022H2,39,24859,373,brier_uncertainty,0.014779487287018766,,,True
2012H2-R,R,tabicl,20260913,2022H2,39,24859,373,observed_over_expected,1.4033364909781343,1.2654347870554092,1.5519851787295629,True
2012H2-R,R,tabicl,20260913,2022H2,39,24859,373,log_oe,0.33885260912683246,0.23541576830852998,0.4395348719277747,True
2012H2-R,R,tabicl,20260913,2022H2,39,24859,373,cox_intercept,-0.21842368336412785,-0.5908695258251422,0.15402215909688646,True
2012H2-R,R,tabicl,20260913,2022H2,39,24859,373,cox_slope,0.8531501227258184,0.7632410018151649,0.9430592436364719,True
2012H2-R,R,tabicl,20260913,2022H2,39,24859,373,psi,0.3299862262641479,,,True
2012H2-R,R,tabicl,20260913,2022H2,39,24859,373,psi_critical,0.001018977227164634,,,True
2012H2-R,R,tabicl,20260913,2023H1,41,24882,381,auc,0.7897349735899151,0.7687871394152863,0.8106828077645438,True
2012H2-R,R,tabicl,20260913,2023H1,41,24882,381,gini,0.5794699471798301,0.5375742788305726,0.6213656155290876,True
2012H2-R,R,tabicl,20260913,2023H1,41,24882,381,ks,0.4516698177512921,,,True
2012H2-R,R,tabicl,20260913,2023H1,41,24882,381,brier,0.014786811642357206,,,True
2012H2-R,R,tabicl,20260913,2023H1,41,24882,381,brier_miscalibration,9.15508328282813e-05,,,True
2012H2-R,R,tabicl,20260913,2023H1,41,24882,381,brier_discrimination,0.0003825473904365464,,,True
2012H2-R,R,tabicl,20260913,2023H1,41,24882,381,brier_uncertainty,0.015077808199965471,,,True
2012H2-R,R,tabicl,20260913,2023H1,41,24882,381,observed_over_expected,1.458891339242335,1.317025187049747,1.6116864516994562,True
2012H2-R,R,tabicl,20260913,2023H1,41,24882,381,log_oe,0.3776767905795894,0.2753755471414814,0.47728111629382763,True
2012H2-R,R,tabicl,20260913,2023H1,41,24882,381,cox_intercept,-0.31742224501183464,-0.6820898880514512,0.04724539802778194,True
2012H2-R,R,tabicl,20260913,2023H1,41,24882,381,cox_slope,0.8181353590154015,0.7311047866870709,0.905165931343732,True
2012H2-R,R,tabicl,20260913,2023H1,41,24882,381,psi,0.27221545266090114,,,True
2012H2-R,R,tabicl,20260913,2023H1,41,24882,381,psi_critical,0.0010183481078604518,,,True
2012H2-R,R,tabicl,20260913,2023H2,43,24866,363,auc,0.8199437320825054,0.8010056562578506,0.8388818079071602,True
2012H2-R,R,tabicl,20260913,2023H2,43,24866,363,gini,0.6398874641650107,0.6020113125157012,0.6777636158143203,True
2012H2-R,R,tabicl,20260913,2023H2,43,24866,363,ks,0.510587391952568,,,True
2012H2-R,R,tabicl,20260913,2023H2,43,24866,363,brier,0.014073503407378946,,,True
2012H2-R,R,tabicl,20260913,2023H2,43,24866,363,brier_miscalibration,0.00010087756468797962,,,True
2012H2-R,R,tabicl,20260913,2023H2,43,24866,363,brier_discrimination,0.00041251195524806203,,,True
2012H2-R,R,tabicl,20260913,2023H2,43,24866,363,brier_uncertainty,0.014385137797939028,,,True
2012H2-R,R,tabicl,20260913,2023H2,43,24866,363,observed_over_expected,1.4959750134717447,1.3469834632499582,1.6567511681869143,True
2012H2-R,R,tabicl,20260913,2023H2,43,24866,363,log_oe,0.40277817718803216,0.2978676206267784,0.504858557093489,True
2012H2-R,R,tabicl,20260913,2023H2,43,24866,363,cox_intercept,-0.01865160341358426,-0.38626038292699316,0.3489571760998247,True
2012H2-R,R,tabicl,20260913,2023H2,43,24866,363,cox_slope,0.8871303010541607,0.7982010748364544,0.976059527271867,True
2012H2-R,R,tabicl,20260913,2023H2,43,24866,363,psi,0.1792733786111027,,,True
2012H2-R,R,tabicl,20260913,2023H2,43,24866,363,psi_critical,0.0010187856328701956,,,True
2012H2-R,R,tabicl@t1,20260911,2013H1,1,24341,85,auc,0.843947889182058,0.8046916733798825,0.8832041049842335,False
2012H2-R,R,tabicl@t1,20260911,2013H1,1,24341,85,gini,0.687895778364116,0.6093833467597649,0.766408209968467,False
2012H2-R,R,tabicl@t1,20260911,2013H1,1,24341,85,ks,0.546907981530343,,,False
2012H2-R,R,tabicl@t1,20260911,2013H1,1,24341,85,brier,0.00405312692239245,,,False
2012H2-R,R,tabicl@t1,20260911,2013H1,1,24341,85,brier_miscalibration,0.0006497074729291878,,,False
2012H2-R,R,tabicl@t1,20260911,2013H1,1,24341,85,brier_discrimination,7.643658405064599e-05,,,False
2012H2-R,R,tabicl@t1,20260911,2013H1,1,24341,85,brier_uncertainty,0.0034798560335139086,,,False
2012H2-R,R,tabicl@t1,20260911,2013H1,1,24341,85,observed_over_expected,0.22887580309335162,0.18287841014629647,0.2828915365752889,False
2012H2-R,R,tabicl@t1,20260911,2013H1,1,24341,85,log_oe,-1.4745757671204271,-1.6989337723991875,-1.2626917177877732,False
2012H2-R,R,tabicl@t1,20260911,2013H1,1,24341,85,cox_intercept,-1.7991705714500474,-2.3679279770192037,-1.2304131658808912,False
2012H2-R,R,tabicl@t1,20260911,2013H1,1,24341,85,cox_slope,0.9152532490361615,0.7512566875103409,1.0792498105619819,False
2012H2-R,R,tabicl@t1,20260911,2013H1,1,24341,85,psi,0.05785438694552015,,,False
2012H2-R,R,tabicl@t1,20260911,2013H1,1,24341,85,psi_critical,0.0010334610033318997,,,False
2012H2-R,R,tabicl@t1,20260911,2013H2,3,23974,142,auc,0.8421914079306317,0.8127271732637185,0.871655642597545,True
2012H2-R,R,tabicl@t1,20260911,2013H2,3,23974,142,gini,0.6843828158612635,0.6254543465274369,0.74331128519509,True
2012H2-R,R,tabicl@t1,20260911,2013H2,3,23974,142,ks,0.5279905346817393,,,True
2012H2-R,R,tabicl@t1,20260911,2013H2,3,23974,142,brier,0.006292077607254837,,,True
2012H2-R,R,tabicl@t1,20260911,2013H2,3,23974,142,brier_miscalibration,0.0005225647984564204,,,True
2012H2-R,R,tabicl@t1,20260911,2013H2,3,23974,142,brier_discrimination,0.00011848761523092742,,,True
2012H2-R,R,tabicl@t1,20260911,2013H2,3,23974,142,brier_uncertainty,0.005888000424029344,,,True
2012H2-R,R,tabicl@t1,20260911,2013H2,3,23974,142,observed_over_expected,0.35325463323348333,0.2976764388389591,0.41614744361489264,True
2012H2-R,R,tabicl@t1,20260911,2013H2,3,23974,142,log_oe,-1.040566141485161,-1.2117481580663925,-0.876715649750406,True
2012H2-R,R,tabicl@t1,20260911,2013H2,3,23974,142,cox_intercept,-1.233507588161757,-1.6927629258904733,-0.7742522504330407,True
2012H2-R,R,tabicl@t1,20260911,2013H2,3,23974,142,cox_slope,0.9536747253286684,0.8191171113104596,1.0882323393468771,True
2012H2-R,R,tabicl@t1,20260911,2013H2,3,23974,142,psi,0.1457591216287745,,,True
2012H2-R,R,tabicl@t1,20260911,2013H2,3,23974,142,psi_critical,0.001044101484378237,,,True
2012H2-R,R,tabicl@t1,20260911,2014H1,5,24341,137,auc,0.8176256081217197,0.7851336719853079,0.8501175442581315,True
2012H2-R,R,tabicl@t1,20260911,2014H1,5,24341,137,gini,0.6352512162434394,0.5702673439706158,0.7002350885162629,True
2012H2-R,R,tabicl@t1,20260911,2014H1,5,24341,137,ks,0.4833673507545957,,,True
2012H2-R,R,tabicl@t1,20260911,2014H1,5,24341,137,brier,0.005943731147253226,,,True
2012H2-R,R,tabicl@t1,20260911,2014H1,5,24341,137,brier_miscalibration,0.0004660730103473289,,,True
2012H2-R,R,tabicl@t1,20260911,2014H1,5,24341,137,brier_discrimination,0.00011902705177677109,,,True
2012H2-R,R,tabicl@t1,20260911,2014H1,5,24341,137,brier_uncertainty,0.005596685188682668,,,True
2012H2-R,R,tabicl@t1,20260911,2014H1,5,24341,137,observed_over_expected,0.36697131878924094,0.30822962609234683,0.43359748916429397,True
2012H2-R,R,tabicl@t1,20260911,2014H1,5,24341,137,log_oe,-1.002471584419507,-1.1769102345240374,-0.8356386195462203,True
2012H2-R,R,tabicl@t1,20260911,2014H1,5,24341,137,cox_intercept,-1.4163179613041699,-1.9070160907129734,-0.9256198318953663,True
2012H2-R,R,tabicl@t1,20260911,2014H1,5,24341,137,cox_slope,0.8883273601329985,0.7537722474004491,1.022882472865548,True
2012H2-R,R,tabicl@t1,20260911,2014H1,5,24341,137,psi,0.15831043272464068,,,True
2012H2-R,R,tabicl@t1,20260911,2014H1,5,24341,137,psi_critical,0.0010334610033318997,,,True
2012H2-R,R,tabicl@t1,20260911,2014H2,7,24213,99,auc,0.804680084413849,0.7663027630115016,0.8430574058161964,False
2012H2-R,R,tabicl@t1,20260911,2014H2,7,24213,99,gini,0.609360168827698,0.5326055260230032,0.6861148116323927,False
2012H2-R,R,tabicl@t1,20260911,2014H2,7,24213,99,ks,0.4983198494022082,,,False
2012H2-R,R,tabicl@t1,20260911,2014H2,7,24213,99,brier,0.004424196733716688,,,False
2012H2-R,R,tabicl@t1,20260911,2014H2,7,24213,99,brier_miscalibration,0.0004340766285151334,,,False
2012H2-R,R,tabicl@t1,20260911,2014H2,7,24213,99,brier_discrimination,8.187499846895596e-05,,,False
2012H2-R,R,tabicl@t1,20260911,2014H2,7,24213,99,brier_uncertainty,0.004071995103670511,,,False
2012H2-R,R,tabicl@t1,20260911,2014H2,7,24213,99,observed_over_expected,0.2923273949628049,0.23767543712189573,0.3557397811149305,False
2012H2-R,R,tabicl@t1,20260911,2014H2,7,24213,99,log_oe,-1.22988088918061,-1.436849245580658,-1.0335557673300686,False
2012H2-R,R,tabicl@t1,20260911,2014H2,7,24213,99,cox_intercept,-1.7571519035871452,-2.3651159268292186,-1.149187880345072,False
2012H2-R,R,tabicl@t1,20260911,2014H2,7,24213,99,cox_slope,0.8600233681189409,0.6997339591629967,1.020312777074885,False
2012H2-R,R,tabicl@t1,20260911,2014H2,7,24213,99,psi,0.12913414703333265,,,False
2012H2-R,R,tabicl@t1,20260911,2014H2,7,24213,99,psi_critical,0.001037135493306651,,,False
2012H2-R,R,tabicl@t1,20260911,2015H1,9,24159,83,auc,0.8228426248606322,0.7817391935239495,0.8639460561973149,False
2012H2-R,R,tabicl@t1,20260911,2015H1,9,24159,83,gini,0.6456852497212644,0.563478387047899,0.7278921123946298,False
2012H2-R,R,tabicl@t1,20260911,2015H1,9,24159,83,ks,0.5193994119024694,,,False
2012H2-R,R,tabicl@t1,20260911,2015H1,9,24159,83,brier,0.0037051753269668137,,,False
2012H2-R,R,tabicl@t1,20260911,2015H1,9,24159,83,brier_miscalibration,0.0003211448884728927,,,False
2012H2-R,R,tabicl@t1,20260911,2015H1,9,24159,83,brier_discrimination,3.973906640496487e-05,,,False
2012H2-R,R,tabicl@t1,20260911,2015H1,9,24159,83,brier_uncertainty,0.003423769504898886,,,False
2012H2-R,R,tabicl@t1,20260911,2015H1,9,24159,83,observed_over_expected,0.2760394473515357,0.21993626836926639,0.3420514784260939,False
2012H2-R,R,tabicl@t1,20260911,2015H1,9,24159,83,log_oe,-1.287211498291095,-1.5144174638284134,-1.0727940315330635,False
2012H2-R,R,tabicl@t1,20260911,2015H1,9,24159,83,cox_intercept,-1.5111285278489839,-2.1956090845792144,-0.8266479711187532,False
2012H2-R,R,tabicl@t1,20260911,2015H1,9,24159,83,cox_slope,0.9469425494955478,0.7658574923872102,1.1280276066038852,False
2012H2-R,R,tabicl@t1,20260911,2015H1,9,24159,83,psi,0.08034494020141235,,,False
2012H2-R,R,tabicl@t1,20260911,2015H1,9,24159,83,psi_critical,0.0010386973468943645,,,False
2012H2-R,R,tabicl@t1,20260911,2015H2,11,24159,130,auc,0.804444789469135,0.771322826684476,0.837566752253794,True
2012H2-R,R,tabicl@t1,20260911,2015H2,11,24159,130,gini,0.60888957893827,0.5426456533689521,0.6751335045075879,True
2012H2-R,R,tabicl@t1,20260911,2015H2,11,24159,130,ks,0.4604641186771113,,,True
2012H2-R,R,tabicl@t1,20260911,2015H2,11,24159,130,brier,0.005588783068889866,,,True
2012H2-R,R,tabicl@t1,20260911,2015H2,11,24159,130,brier_miscalibration,0.00029814438577646565,,,True
2012H2-R,R,tabicl@t1,20260911,2015H2,11,24159,130,brier_discrimination,6.142339456331053e-05,,,True
2012H2-R,R,tabicl@t1,20260911,2015H2,11,24159,130,brier_uncertainty,0.005352062077676711,,,True
2012H2-R,R,tabicl@t1,20260911,2015H2,11,24159,130,observed_over_expected,0.3908090125750196,0.3266578918525069,0.46381973894445905,True
2012H2-R,R,tabicl@t1,20260911,2015H2,11,24159,130,log_oe,-0.9395362972190933,-1.1188418580224098,-0.768259295893275,True
2012H2-R,R,tabicl@t1,20260911,2015H2,11,24159,130,cox_intercept,-1.4129901002683207,-1.9678497395226713,-0.8581304610139701,True
2012H2-R,R,tabicl@t1,20260911,2015H2,11,24159,130,cox_slope,0.8748065883614609,0.7291183969212108,1.020494779801711,True
2012H2-R,R,tabicl@t1,20260911,2015H2,11,24159,130,psi,0.1300737756042556,,,True
2012H2-R,R,tabicl@t1,20260911,2015H2,11,24159,130,psi_critical,0.0010386973468943645,,,True
2012H2-R,R,tabicl@t1,20260911,2016H1,13,24632,115,auc,0.8208573997456957,0.7832336491774915,0.8584811503138999,True
2012H2-R,R,tabicl@t1,20260911,2016H1,13,24632,115,gini,0.6417147994913914,0.566467298354983,0.7169623006277999,True
2012H2-R,R,tabicl@t1,20260911,2016H1,13,24632,115,ks,0.5083925794169442,,,True
2012H2-R,R,tabicl@t1,20260911,2016H1,13,24632,115,brier,0.004907840290149638,,,True
2012H2-R,R,tabicl@t1,20260911,2016H1,13,24632,115,brier_miscalibration,0.0003210154686509028,,,True
2012H2-R,R,tabicl@t1,20260911,2016H1,13,24632,115,brier_discrimination,6.0101809902302246e-05,,,True
2012H2-R,R,tabicl@t1,20260911,2016H1,13,24632,115,brier_uncertainty,0.004646926631401037,,,True
2012H2-R,R,tabicl@t1,20260911,2016H1,13,24632,115,observed_over_expected,0.3380773192751468,0.2792256222282714,0.405620672792644,True
2012H2-R,R,tabicl@t1,20260911,2016H1,13,24632,115,log_oe,-1.084480654407698,-1.2757351421459777,-0.902336859580331,True
2012H2-R,R,tabicl@t1,20260911,2016H1,13,24632,115,cox_intercept,-1.304379561736004,-1.8956151613769792,-0.7131439620950286,True
2012H2-R,R,tabicl@t1,20260911,2016H1,13,24632,115,cox_slope,0.9465229422369312,0.7870208725657444,1.106025011908118,True
2012H2-R,R,tabicl@t1,20260911,2016H1,13,24632,115,psi,0.1393171631401171,,,True
2012H2-R,R,tabicl@t1,20260911,2016H1,13,24632,115,psi_critical,0.001025249380146178,,,True
2012H2-R,R,tabicl@t1,20260911,2016H2,15,24760,121,auc,0.7898373169727896,0.7525992063814858,0.8270754275640934,True
2012H2-R,R,tabicl@t1,20260911,2016H2,15,24760,121,gini,0.5796746339455792,0.5051984127629716,0.6541508551281867,True
2012H2-R,R,tabicl@t1,20260911,2016H2,15,24760,121,ks,0.47093786340877986,,,True
2012H2-R,R,tabicl@t1,20260911,2016H2,15,24760,121,brier,0.005133581098787723,,,True
2012H2-R,R,tabicl@t1,20260911,2016H2,15,24760,121,brier_miscalibration,0.0003082759427870639,,,True
2012H2-R,R,tabicl@t1,20260911,2016H2,15,24760,121,brier_discrimination,3.77272898902329e-05,,,True
2012H2-R,R,tabicl@t1,20260911,2016H2,15,24760,121,brier_uncertainty,0.004863032445890892,,,True
2012H2-R,R,tabicl@t1,20260911,2016H2,15,24760,121,observed_over_expected,0.37394812579984144,0.31041522321307846,0.44660734832865606,True
2012H2-R,R,tabicl@t1,20260911,2016H2,15,24760,121,log_oe,-0.9836381922574308,-1.1698444480191168,-0.8060754857735667,True
2012H2-R,R,tabicl@t1,20260911,2016H2,15,24760,121,cox_intercept,-1.7696163071687026,-2.3581805123647492,-1.1810521019726559,True
2012H2-R,R,tabicl@t1,20260911,2016H2,15,24760,121,cox_slope,0.7927222140573708,0.6448246125986679,0.9406198155160737,True
2012H2-R,R,tabicl@t1,20260911,2016H2,15,24760,121,psi,0.10461306258016469,,,True
2012H2-R,R,tabicl@t1,20260911,2016H2,15,24760,121,psi_critical,0.0010216985183533315,,,True
2012H2-R,R,tabicl@t1,20260911,2017H1,17,24541,162,auc,0.7999378639478726,0.771427303818523,0.8284484240772222,True
2012H2-R,R,tabicl@t1,20260911,2017H1,17,24541,162,gini,0.5998757278957452,0.542854607637046,0.6568968481544444,True
2012H2-R,R,tabicl@t1,20260911,2017H1,17,24541,162,ks,0.4700898719247845,,,True
2012H2-R,R,tabicl@t1,20260911,2017H1,17,24541,162,brier,0.006796019702302914,,,True
2012H2-R,R,tabicl@t1,20260911,2017H1,17,24541,162,brier_miscalibration,0.0003129531589935834,,,True
2012H2-R,R,tabicl@t1,20260911,2017H1,17,24541,162,brier_discrimination,7.455563691066616e-05,,,True
2012H2-R,R,tabicl@t1,20260911,2017H1,17,24541,162,brier_uncertainty,0.006557622180219997,,,True
2012H2-R,R,tabicl@t1,20260911,2017H1,17,24541,162,observed_over_expected,0.42602450299847944,0.36311678063051217,0.4966407471486594,True
2012H2-R,R,tabicl@t1,20260911,2017H1,17,24541,162,log_oe,-0.8532584155911347,-1.0130307867288353,-0.6998883570215361,True
2012H2-R,R,tabicl@t1,20260911,2017H1,17,24541,162,cox_intercept,-1.2982263431159529,-1.8079458577848588,-0.7885068284470468,True
2012H2-R,R,tabicl@t1,20260911,2017H1,17,24541,162,cox_slope,0.8802249504662709,0.7430903192354525,1.0173595816970893,True
2012H2-R,R,tabicl@t1,20260911,2017H1,17,24541,162,psi,0.22718163138989608,,,True
2012H2-R,R,tabicl@t1,20260911,2017H1,17,24541,162,psi_critical,0.001027796348662249,,,True
2012H2-R,R,tabicl@t1,20260911,2017H2,19,24680,143,auc,0.816069267163533,0.7850486339703635,0.8470899003567025,True
2012H2-R,R,tabicl@t1,20260911,2017H2,19,24680,143,gini,0.632138534327066,0.570097267940727,0.694179800713405,True
2012H2-R,R,tabicl@t1,20260911,2017H2,19,24680,143,ks,0.5018865472466157,,,True
2012H2-R,R,tabicl@t1,20260911,2017H2,19,24680,143,brier,0.005962156039568075,,,True
2012H2-R,R,tabicl@t1,20260911,2017H2,19,24680,143,brier_miscalibration,0.00028768031770411845,,,True
2012H2-R,R,tabicl@t1,20260911,2017H2,19,24680,143,brier_discrimination,8.611724247176156e-05,,,True
2012H2-R,R,tabicl@t1,20260911,2017H2,19,24680,143,brier_uncertainty,0.005760592964335718,,,True
2012H2-R,R,tabicl@t1,20260911,2017H2,19,24680,143,observed_over_expected,0.37861201010649553,0.319240903727256,0.44576926373280246,True
2012H2-R,R,tabicl@t1,20260911,2017H2,19,24680,143,log_oe,-0.9712433182945934,-1.1418092771073423,-0.807953806722209,True
2012H2-R,R,tabicl@t1,20260911,2017H2,19,24680,143,cox_intercept,-1.021087609216625,-1.5801092427406254,-0.46206597569262464,True
2012H2-R,R,tabicl@t1,20260911,2017H2,19,24680,143,cox_slope,0.9943345653304625,0.8388611217319424,1.1498080089289826,True
2012H2-R,R,tabicl@t1,20260911,2017H2,19,24680,143,psi,0.22961454674519174,,,True
2012H2-R,R,tabicl@t1,20260911,2017H2,19,24680,143,psi_critical,0.0010239134906912925,,,True
2012H2-R,R,tabicl@t1,20260911,2018H1,21,24416,148,auc,0.7621350438125614,0.7260431293240172,0.7982269583011056,True
2012H2-R,R,tabicl@t1,20260911,2018H1,21,24416,148,gini,0.5242700876251227,0.4520862586480343,0.5964539166022111,True
2012H2-R,R,tabicl@t1,20260911,2018H1,21,24416,148,ks,0.4158974781605407,,,True
2012H2-R,R,tabicl@t1,20260911,2018H1,21,24416,148,brier,0.006282459314061561,,,True
2012H2-R,R,tabicl@t1,20260911,2018H1,21,24416,148,brier_miscalibration,0.00031264258684575354,,,True
2012H2-R,R,tabicl@t1,20260911,2018H1,21,24416,148,brier_discrimination,5.5039242442486876e-05,,,True
2012H2-R,R,tabicl@t1,20260911,2018H1,21,24416,148,brier_uncertainty,0.006024855969658295,,,True
2012H2-R,R,tabicl@t1,20260911,2018H1,21,24416,148,observed_over_expected,0.4002757452390686,0.3385385925433441,0.4699585400215532,True
2012H2-R,R,tabicl@t1,20260911,2018H1,21,24416,148,log_oe,-0.9156016062780801,-1.083117182660725,-0.7551108008891032,True
2012H2-R,R,tabicl@t1,20260911,2018H1,21,24416,148,cox_intercept,-1.765572569183603,-2.3152493911765477,-1.2158957471906582,True
2012H2-R,R,tabicl@t1,20260911,2018H1,21,24416,148,cox_slope,0.7709388316101246,0.6299311792181088,0.9119464840021403,True
2012H2-R,R,tabicl@t1,20260911,2018H1,21,24416,148,psi,0.2395009704014227,,,True
2012H2-R,R,tabicl@t1,20260911,2018H1,21,24416,148,psi_critical,0.0010313258825568766,,,True
2012H2-R,R,tabicl@t1,20260911,2018H2,23,24543,146,auc,0.7702500756605489,0.7334440122055936,0.8070561391155042,True
2012H2-R,R,tabicl@t1,20260911,2018H2,23,24543,146,gini,0.5405001513210979,0.46688802441118726,0.6141122782310084,True
2012H2-R,R,tabicl@t1,20260911,2018H2,23,24543,146,ks,0.41406589963621176,,,True
2012H2-R,R,tabicl@t1,20260911,2018H2,23,24543,146,brier,0.006155024074979219,,,True
2012H2-R,R,tabicl@t1,20260911,2018H2,23,24543,146,brier_miscalibration,0.000306247441872934,,,True
2012H2-R,R,tabicl@t1,20260911,2018H2,23,24543,146,brier_discrimination,6.457884579695594e-05,,,True
2012H2-R,R,tabicl@t1,20260911,2018H2,23,24543,146,brier_uncertainty,0.005913355478903241,,,True
2012H2-R,R,tabicl@t1,20260911,2018H2,23,24543,146,observed_over_expected,0.3851073127426346,0.3253186505102989,0.45264839786459493,True
2012H2-R,R,tabicl@t1,20260911,2018H2,23,24543,146,log_oe,-0.9542332491371142,-1.1229501138837965,-0.7926396185243803,True
2012H2-R,R,tabicl@t1,20260911,2018H2,23,24543,146,cox_intercept,-1.6317705063046601,-2.194503765178585,-1.0690372474307352,True
2012H2-R,R,tabicl@t1,20260911,2018H2,23,24543,146,cox_slope,0.81737374802777,0.670139418394696,0.9646080776608439,True
2012H2-R,R,tabicl@t1,20260911,2018H2,23,24543,146,psi,0.2621523638612977,,,True
2012H2-R,R,tabicl@t1,20260911,2018H2,23,24543,146,psi_critical,0.0010277401683422742,,,True
2012H2-R,R,tabicl@t1,20260911,2019H1,25,24752,110,auc,0.7090241346998102,0.6598275364532076,0.7582207329464128,True
2012H2-R,R,tabicl@t1,20260911,2019H1,25,24752,110,gini,0.41804826939962036,0.31965507290641515,0.5164414658928256,True
2012H2-R,R,tabicl@t1,20260911,2019H1,25,24752,110,ks,0.3504327423246342,,,True
2012H2-R,R,tabicl@t1,20260911,2019H1,25,24752,110,brier,0.0047941665811995,,,True
2012H2-R,R,tabicl@t1,20260911,2019H1,25,24752,110,brier_miscalibration,0.00039395675451517863,,,True
2012H2-R,R,tabicl@t1,20260911,2019H1,25,24752,110,brier_discrimination,2.412560536528205e-05,,,True
2012H2-R,R,tabicl@t1,20260911,2019H1,25,24752,110,brier_uncertainty,0.004424335432049603,,,True
2012H2-R,R,tabicl@t1,20260911,2019H1,25,24752,110,observed_over_expected,0.2926161757801037,0.24058536351335089,0.35252063343774664,True
2012H2-R,R,tabicl@t1,20260911,2019H1,25,24752,110,log_oe,-1.2288935090119777,-1.424680310569821,-1.0426461238677274,True
2012H2-R,R,tabicl@t1,20260911,2019H1,25,24752,110,cox_intercept,-2.718441120756783,-3.3738863473009317,-2.0629958942126345,True
2012H2-R,R,tabicl@t1,20260911,2019H1,25,24752,110,cox_slope,0.607169078509917,0.4484408600367331,0.7658972969831008,True
2012H2-R,R,tabicl@t1,20260911,2019H1,25,24752,110,psi,0.2830259318191375,,,True
2012H2-R,R,tabicl@t1,20260911,2019H1,25,24752,110,psi_critical,0.0010219193712836033,,,True
2012H2-R,R,tabicl@t1,20260911,2019H2,27,24861,136,auc,0.6926604413251651,0.649629813263053,0.7356910693872772,True
2012H2-R,R,tabicl@t1,20260911,2019H2,27,24861,136,gini,0.38532088265033027,0.29925962652610605,0.4713821387745545,True
2012H2-R,R,tabicl@t1,20260911,2019H2,27,24861,136,ks,0.29279486111937186,,,True
2012H2-R,R,tabicl@t1,20260911,2019H2,27,24861,136,brier,0.005706142472963443,,,True
2012H2-R,R,tabicl@t1,20260911,2019H2,27,24861,136,brier_miscalibration,0.00029028809925540563,,,True
2012H2-R,R,tabicl@t1,20260911,2019H2,27,24861,136,brier_discrimination,2.4635690674239437e-05,,,True
2012H2-R,R,tabicl@t1,20260911,2019H2,27,24861,136,brier_uncertainty,0.0054404900643822765,,,True
2012H2-R,R,tabicl@t1,20260911,2019H2,27,24861,136,observed_over_expected,0.4003206597590701,0.3360117838174477,0.47329740792144176,True
2012H2-R,R,tabicl@t1,20260911,2019H2,27,24861,136,log_oe,-0.9154894036257369,-1.090609048748641,-0.7480313186929142,True
2012H2-R,R,tabicl@t1,20260911,2019H2,27,24861,136,cox_intercept,-2.7282531096495912,-3.320592950255685,-2.1359132690434977,True
2012H2-R,R,tabicl@t1,20260911,2019H2,27,24861,136,cox_slope,0.5359431280519326,0.3995809557961969,0.6723053003076682,True
2012H2-R,R,tabicl@t1,20260911,2019H2,27,24861,136,psi,0.18539507757772808,,,True
2012H2-R,R,tabicl@t1,20260911,2019H2,27,24861,136,psi_critical,0.0010189224749281936,,,True
2012H2-R,R,tabicl@t1,20260911,2020H1,29,24880,111,auc,0.6584831227933493,0.6071978441372392,0.7097684014494594,True
2012H2-R,R,tabicl@t1,20260911,2020H1,29,24880,111,gini,0.3169662455866986,0.2143956882744784,0.4195368028989188,True
2012H2-R,R,tabicl@t1,20260911,2020H1,29,24880,111,ks,0.26196797144352557,,,True
2012H2-R,R,tabicl@t1,20260911,2020H1,29,24880,111,brier,0.004706829475282937,,,True
2012H2-R,R,tabicl@t1,20260911,2020H1,29,24880,111,brier_miscalibration,0.00027476122438641667,,,True
2012H2-R,R,tabicl@t1,20260911,2020H1,29,24880,111,brier_discrimination,9.442318162939702e-06,,,True
2012H2-R,R,tabicl@t1,20260911,2020H1,29,24880,111,brier_uncertainty,0.00444151056905946,,,True
2012H2-R,R,tabicl@t1,20260911,2020H1,29,24880,111,observed_over_expected,0.39319560671222453,0.32358109415168107,0.4732930171770504,True
2012H2-R,R,tabicl@t1,20260911,2020H1,29,24880,111,log_oe,-0.9334480639347591,-1.1283055190160127,-0.7480405956605972,True
2012H2-R,R,tabicl@t1,20260911,2020H1,29,24880,111,cox_intercept,-3.431038895474191,-4.087661446180127,-2.7744163447682544,True
2012H2-R,R,tabicl@t1,20260911,2020H1,29,24880,111,cox_slope,0.3973833541417395,0.2602492490982179,0.5345174591852611,True
2012H2-R,R,tabicl@t1,20260911,2020H1,29,24880,111,psi,0.06294982970255532,,,True
2012H2-R,R,tabicl@t1,20260911,2020H1,29,24880,111,psi_critical,0.0010184027677122018,,,True
2012H2-R,R,tabicl@t1,20260911,2020H2,31,24919,71,auc,0.6780195419134252,0.6124673316727818,0.7435717521540686,False
2012H2-R,R,tabicl@t1,20260911,2020H2,31,24919,71,gini,0.35603908382685034,0.22493466334556356,0.48714350430813713,False
2012H2-R,R,tabicl@t1,20260911,2020H2,31,24919,71,ks,0.3065777958154594,,,False
2012H2-R,R,tabicl@t1,20260911,2020H2,31,24919,71,brier,0.0030652778020694798,,,False
2012H2-R,R,tabicl@t1,20260911,2020H2,31,24919,71,brier_miscalibration,0.0002308129303541643,,,False
2012H2-R,R,tabicl@t1,20260911,2020H2,31,24919,71,brier_discrimination,6.64851817927959e-06,,,False
2012H2-R,R,tabicl@t1,20260911,2020H2,31,24919,71,brier_uncertainty,0.002841113389894595,,,False
2012H2-R,R,tabicl@t1,20260911,2020H2,31,24919,71,observed_over_expected,0.2935501885193689,0.22933212066080805,0.3701356903576999,False
2012H2-R,R,tabicl@t1,20260911,2020H2,31,24919,71,log_oe,-1.2257066542668378,-1.4725840175471276,-0.9938856098766464,False
2012H2-R,R,tabicl@t1,20260911,2020H2,31,24919,71,cox_intercept,-3.5311436758823653,-4.352904100189794,-2.7093832515749363,False
2012H2-R,R,tabicl@t1,20260911,2020H2,31,24919,71,cox_slope,0.4562053165891291,0.2866454061541071,0.6257652270241512,False
2012H2-R,R,tabicl@t1,20260911,2020H2,31,24919,71,psi,0.016668492514996296,,,False
2012H2-R,R,tabicl@t1,20260911,2020H2,31,24919,71,psi_critical,0.0010173384832140608,,,False
2012H2-R,R,tabicl@t1,20260911,2021H1,33,24909,90,auc,0.7425205151966907,0.694999158583832,0.7900418718095494,False
2012H2-R,R,tabicl@t1,20260911,2021H1,33,24909,90,gini,0.4850410303933814,0.389998317167664,0.5800837436190989,False
2012H2-R,R,tabicl@t1,20260911,2021H1,33,24909,90,ks,0.4233006970466175,,,False
2012H2-R,R,tabicl@t1,20260911,2021H1,33,24909,90,brier,0.003847376893109808,,,False
2012H2-R,R,tabicl@t1,20260911,2021H1,33,24909,90,brier_miscalibration,0.0002645434340536332,,,False
2012H2-R,R,tabicl@t1,20260911,2021H1,33,24909,90,brier_discrimination,1.7263547304837736e-05,,,False
2012H2-R,R,tabicl@t1,20260911,2021H1,33,24909,90,brier_uncertainty,0.0036000970063610124,,,False
2012H2-R,R,tabicl@t1,20260911,2021H1,33,24909,90,observed_over_expected,0.31474262902718797,0.253174821422403,0.38671186072676195,False
2012H2-R,R,tabicl@t1,20260911,2021H1,33,24909,90,log_oe,-1.1560000248316977,-1.3736750351164495,-0.9500754091900089,False
2012H2-R,R,tabicl@t1,20260911,2021H1,33,24909,90,cox_intercept,-2.5419915467117433,-3.2438401170972124,-1.8401429763262742,False
2012H2-R,R,tabicl@t1,20260911,2021H1,33,24909,90,cox_slope,0.6495718649352045,0.4873224550990548,0.8118212747713541,False
2012H2-R,R,tabicl@t1,20260911,2021H1,33,24909,90,psi,0.051575041422060715,,,False
2012H2-R,R,tabicl@t1,20260911,2021H1,33,24909,90,psi_critical,0.001017611058962233,,,False
2012H2-R,R,tabicl@t1,20260911,2021H2,35,24929,136,auc,0.7635339730616564,0.7237719173158166,0.8032960288074962,True
2012H2-R,R,tabicl@t1,20260911,2021H2,35,24929,136,gini,0.5270679461233128,0.44754383463163316,0.6065920576149924,True
2012H2-R,R,tabicl@t1,20260911,2021H2,35,24929,136,ks,0.4035018779019695,,,True
2012H2-R,R,tabicl@t1,20260911,2021H2,35,24929,136,brier,0.0056800773893396226,,,True
2012H2-R,R,tabicl@t1,20260911,2021H2,35,24929,136,brier_miscalibration,0.00031945247020425185,,,True
2012H2-R,R,tabicl@t1,20260911,2021H2,35,24929,136,brier_discrimination,6.510627225422491e-05,,,True
2012H2-R,R,tabicl@t1,20260911,2021H2,35,24929,136,brier_uncertainty,0.005425731191389596,,,True
2012H2-R,R,tabicl@t1,20260911,2021H2,35,24929,136,observed_over_expected,0.37717128832336483,0.31658084237596956,0.4459286148483643,True
2012H2-R,R,tabicl@t1,20260911,2021H2,35,24929,136,log_oe,-0.9750558490325565,-1.150176643865208,-0.8075963961662664,True
2012H2-R,R,tabicl@t1,20260911,2021H2,35,24929,136,cox_intercept,-1.913607994373883,-2.4728697072596066,-1.3543462814881595,True
2012H2-R,R,tabicl@t1,20260911,2021H2,35,24929,136,cox_slope,0.7475908125810089,0.6059331564723818,0.889248468689636,True
2012H2-R,R,tabicl@t1,20260911,2021H2,35,24929,136,psi,0.15332224431250807,,,True
2012H2-R,R,tabicl@t1,20260911,2021H2,35,24929,136,psi_critical,0.0010170661261475434,,,True
2012H2-R,R,tabicl@t1,20260911,2022H1,37,24889,291,auc,0.7727685932055494,0.7474029215270201,0.7981342648840786,True
2012H2-R,R,tabicl@t1,20260911,2022H1,37,24889,291,gini,0.5455371864110987,0.4948058430540403,0.5962685297681571,True
2012H2-R,R,tabicl@t1,20260911,2022H1,37,24889,291,ks,0.4359613233719167,,,True
2012H2-R,R,tabicl@t1,20260911,2022H1,37,24889,291,brier,0.011518651952786086,,,True
2012H2-R,R,tabicl@t1,20260911,2022H1,37,24889,291,brier_miscalibration,0.00016418990336819483,,,True
2012H2-R,R,tabicl@t1,20260911,2022H1,37,24889,291,brier_discrimination,0.00020074923194751855,,,True
2012H2-R,R,tabicl@t1,20260911,2022H1,37,24889,291,brier_uncertainty,0.01155521128136541,,,True
2012H2-R,R,tabicl@t1,20260911,2022H1,37,24889,291,observed_over_expected,0.6784475292159073,0.6031108234807251,0.7605043639899912,True
2012H2-R,R,tabicl@t1,20260911,2022H1,37,24889,291,log_oe,-0.38794813620400337,-0.5056543122748147,-0.27377342898236834,True
2012H2-R,R,tabicl@t1,20260911,2022H1,37,24889,291,cox_intercept,-1.017166895250579,-1.4107725155811943,-0.6235612749199637,True
2012H2-R,R,tabicl@t1,20260911,2022H1,37,24889,291,cox_slope,0.8228721753085292,0.7171442383127931,0.9286001123042653,True
2012H2-R,R,tabicl@t1,20260911,2022H1,37,24889,291,psi,0.33232443409527684,,,True
2012H2-R,R,tabicl@t1,20260911,2022H1,37,24889,291,psi_critical,0.0010181568675578935,,,True
2012H2-R,R,tabicl@t1,20260911,2022H2,39,24859,373,auc,0.7865164621070331,0.7641099612275382,0.808922962986528,True
2012H2-R,R,tabicl@t1,20260911,2022H2,39,24859,373,gini,0.5730329242140662,0.5282199224550763,0.617845925973056,True
2012H2-R,R,tabicl@t1,20260911,2022H2,39,24859,373,ks,0.4565599558011921,,,True
2012H2-R,R,tabicl@t1,20260911,2022H2,39,24859,373,brier,0.014435374643132886,,,True
2012H2-R,R,tabicl@t1,20260911,2022H2,39,24859,373,brier_miscalibration,0.00011092525798430362,,,True
2012H2-R,R,tabicl@t1,20260911,2022H2,39,24859,373,brier_discrimination,0.00045503790187018285,,,True
2012H2-R,R,tabicl@t1,20260911,2022H2,39,24859,373,brier_uncertainty,0.014779487287018766,,,True
2012H2-R,R,tabicl@t1,20260911,2022H2,39,24859,373,observed_over_expected,0.9080721430971619,0.8188385938928817,1.004259859530685,True
2012H2-R,R,tabicl@t1,20260911,2022H2,39,24859,373,log_oe,-0.09643145078686804,-0.1998682916051705,0.004250812014073971,True
2012H2-R,R,tabicl@t1,20260911,2022H2,39,24859,373,cox_intercept,-0.30419985266061794,-0.6810514497233459,0.07265174440210997,True
2012H2-R,R,tabicl@t1,20260911,2022H2,39,24859,373,cox_slope,0.9419673874272909,0.8394540640655582,1.0444807107890235,True
2012H2-R,R,tabicl@t1,20260911,2022H2,39,24859,373,psi,0.37543471545357193,,,True
2012H2-R,R,tabicl@t1,20260911,2022H2,39,24859,373,psi_critical,0.001018977227164634,,,True
2012H2-R,R,tabicl@t1,20260911,2023H1,41,24882,381,auc,0.7842365639154908,0.7634015679394665,0.8050715598915151,True
2012H2-R,R,tabicl@t1,20260911,2023H1,41,24882,381,gini,0.5684731278309816,0.5268031358789329,0.6101431197830303,True
2012H2-R,R,tabicl@t1,20260911,2023H1,41,24882,381,ks,0.43490141973957674,,,True
2012H2-R,R,tabicl@t1,20260911,2023H1,41,24882,381,brier,0.014789778084094263,,,True
2012H2-R,R,tabicl@t1,20260911,2023H1,41,24882,381,brier_miscalibration,5.849002922006519e-05,,,True
2012H2-R,R,tabicl@t1,20260911,2023H1,41,24882,381,brier_discrimination,0.00034652014509127353,,,True
2012H2-R,R,tabicl@t1,20260911,2023H1,41,24882,381,brier_uncertainty,0.015077808199965471,,,True
2012H2-R,R,tabicl@t1,20260911,2023H1,41,24882,381,observed_over_expected,0.9507489954275373,0.8582958441514994,1.0503244715217956,True
2012H2-R,R,tabicl@t1,20260911,2023H1,41,24882,381,log_oe,-0.050505188784857574,-0.15280643222296553,0.04909913692938069,True
2012H2-R,R,tabicl@t1,20260911,2023H1,41,24882,381,cox_intercept,-0.39127532044556307,-0.7630019405867531,-0.019548700304373057,True
2012H2-R,R,tabicl@t1,20260911,2023H1,41,24882,381,cox_slope,0.9042535314425865,0.8044748934333358,1.0040321694518373,True
2012H2-R,R,tabicl@t1,20260911,2023H1,41,24882,381,psi,0.3164659560682027,,,True
2012H2-R,R,tabicl@t1,20260911,2023H1,41,24882,381,psi_critical,0.0010183481078604518,,,True
2012H2-R,R,tabicl@t1,20260911,2023H2,43,24866,363,auc,0.8121669815210124,0.792732819340783,0.8316011437012418,True
2012H2-R,R,tabicl@t1,20260911,2023H2,43,24866,363,gini,0.6243339630420248,0.585465638681566,0.6632022874024837,True
2012H2-R,R,tabicl@t1,20260911,2023H2,43,24866,363,ks,0.48420269896675383,,,True
2012H2-R,R,tabicl@t1,20260911,2023H2,43,24866,363,brier,0.014054289631321427,,,True
2012H2-R,R,tabicl@t1,20260911,2023H2,43,24866,363,brier_miscalibration,4.7667396828513994e-05,,,True
2012H2-R,R,tabicl@t1,20260911,2023H2,43,24866,363,brier_discrimination,0.00037851556344611556,,,True
2012H2-R,R,tabicl@t1,20260911,2023H2,43,24866,363,brier_uncertainty,0.014385137797939028,,,True
2012H2-R,R,tabicl@t1,20260911,2023H2,43,24866,363,observed_over_expected,0.9778001886200682,0.8804162319378193,1.082886806371302,True
2012H2-R,R,tabicl@t1,20260911,2023H2,43,24866,363,log_oe,-0.02244993593510666,-0.1273604924963605,0.07963044397035009,True
2012H2-R,R,tabicl@t1,20260911,2023H2,43,24866,363,cox_intercept,-0.10631040287534661,-0.4811203243746138,0.2684995186239206,True
2012H2-R,R,tabicl@t1,20260911,2023H2,43,24866,363,cox_slope,0.9765224740780449,0.874922094656349,1.078122853499741,True
2012H2-R,R,tabicl@t1,20260911,2023H2,43,24866,363,psi,0.21312595592610864,,,True
2012H2-R,R,tabicl@t1,20260911,2023H2,43,24866,363,psi_critical,0.0010187856328701956,,,True
2012H2-R,R,tabicl@t1,20260912,2013H1,1,24341,85,auc,0.8389599177401831,0.7989127500368386,0.8790070854435276,False
2012H2-R,R,tabicl@t1,20260912,2013H1,1,24341,85,gini,0.6779198354803662,0.5978255000736772,0.7580141708870551,False
2012H2-R,R,tabicl@t1,20260912,2013H1,1,24341,85,ks,0.5443184463759119,,,False
2012H2-R,R,tabicl@t1,20260912,2013H1,1,24341,85,brier,0.0040059733628166165,,,False
2012H2-R,R,tabicl@t1,20260912,2013H1,1,24341,85,brier_miscalibration,0.0005988625680079266,,,False
2012H2-R,R,tabicl@t1,20260912,2013H1,1,24341,85,brier_discrimination,7.274523870521871e-05,,,False
2012H2-R,R,tabicl@t1,20260912,2013H1,1,24341,85,brier_uncertainty,0.0034798560335139086,,,False
2012H2-R,R,tabicl@t1,20260912,2013H1,1,24341,85,observed_over_expected,0.23034389433634864,0.18405145766307343,0.2847061040479141,False
2012H2-R,R,tabicl@t1,20260912,2013H1,1,24341,85,log_oe,-1.468181893979943,-1.6925398992587033,-1.256297844647289,False
2012H2-R,R,tabicl@t1,20260912,2013H1,1,24341,85,cox_intercept,-1.6983389942689961,-2.283425633739505,-1.1132523547984872,False
2012H2-R,R,tabicl@t1,20260912,2013H1,1,24341,85,cox_slope,0.9450180885360557,0.7772458586414623,1.1127903184306491,False
2012H2-R,R,tabicl@t1,20260912,2013H1,1,24341,85,psi,0.045314742351554964,,,False
2012H2-R,R,tabicl@t1,20260912,2013H1,1,24341,85,psi_critical,0.0010334610033318997,,,False
2012H2-R,R,tabicl@t1,20260912,2013H2,3,23974,142,auc,0.8384154161288645,0.8083334040265894,0.8684974282311396,True
2012H2-R,R,tabicl@t1,20260912,2013H2,3,23974,142,gini,0.676830832257729,0.6166668080531787,0.7369948564622792,True
2012H2-R,R,tabicl@t1,20260912,2013H2,3,23974,142,ks,0.5365368613155941,,,True
2012H2-R,R,tabicl@t1,20260912,2013H2,3,23974,142,brier,0.0062423704500788645,,,True
2012H2-R,R,tabicl@t1,20260912,2013H2,3,23974,142,brier_miscalibration,0.0004634175226353749,,,True
2012H2-R,R,tabicl@t1,20260912,2013H2,3,23974,142,brier_discrimination,0.00010904749658585417,,,True
2012H2-R,R,tabicl@t1,20260912,2013H2,3,23974,142,brier_uncertainty,0.005888000424029344,,,True
2012H2-R,R,tabicl@t1,20260912,2013H2,3,23974,142,observed_over_expected,0.3585537583017275,0.3021418429154417,0.4223900152419372,True
2012H2-R,R,tabicl@t1,20260912,2013H2,3,23974,142,log_oe,-1.0256766767625185,-1.19685869334375,-0.8618261850277636,True
2012H2-R,R,tabicl@t1,20260912,2013H2,3,23974,142,cox_intercept,-1.1306384276845793,-1.601064893049406,-0.6602119623197527,True
2012H2-R,R,tabicl@t1,20260912,2013H2,3,23974,142,cox_slope,0.9808976929522877,0.8443694273624214,1.117425958542154,True
2012H2-R,R,tabicl@t1,20260912,2013H2,3,23974,142,psi,0.12487032326328301,,,True
2012H2-R,R,tabicl@t1,20260912,2013H2,3,23974,142,psi_critical,0.001044101484378237,,,True
2012H2-R,R,tabicl@t1,20260912,2014H1,5,24341,137,auc,0.8250127866902618,0.7938628432751172,0.8561627301054063,True
2012H2-R,R,tabicl@t1,20260912,2014H1,5,24341,137,gini,0.6500255733805236,0.5877256865502345,0.7123254602108127,True
2012H2-R,R,tabicl@t1,20260912,2014H1,5,24341,137,ks,0.5109154305194171,,,True
2012H2-R,R,tabicl@t1,20260912,2014H1,5,24341,137,brier,0.005905383844796781,,,True
2012H2-R,R,tabicl@t1,20260912,2014H1,5,24341,137,brier_miscalibration,0.0004008308524985991,,,True
2012H2-R,R,tabicl@t1,20260912,2014H1,5,24341,137,brier_discrimination,9.213219638448591e-05,,,True
2012H2-R,R,tabicl@t1,20260912,2014H1,5,24341,137,brier_uncertainty,0.005596685188682668,,,True
2012H2-R,R,tabicl@t1,20260912,2014H1,5,24341,137,observed_over_expected,0.3707679115677273,0.3114184921225279,0.43808337951006354,True
2012H2-R,R,tabicl@t1,20260912,2014H1,5,24341,137,log_oe,-0.9921789874177113,-1.1666176375222417,-0.8253460225444247,True
2012H2-R,R,tabicl@t1,20260912,2014H1,5,24341,137,cox_intercept,-1.202202206341859,-1.7053111753844057,-0.6990932372993123,True
2012H2-R,R,tabicl@t1,20260912,2014H1,5,24341,137,cox_slope,0.948974005583122,0.8101166034555539,1.0878314077106899,True
2012H2-R,R,tabicl@t1,20260912,2014H1,5,24341,137,psi,0.14408370183049185,,,True
2012H2-R,R,tabicl@t1,20260912,2014H1,5,24341,137,psi_critical,0.0010334610033318997,,,True
2012H2-R,R,tabicl@t1,20260912,2014H2,7,24213,99,auc,0.7955035550830527,0.7541508281781194,0.836856281987986,False
2012H2-R,R,tabicl@t1,20260912,2014H2,7,24213,99,gini,0.5910071101661054,0.5083016563562388,0.673712563975972,False
2012H2-R,R,tabicl@t1,20260912,2014H2,7,24213,99,ks,0.46779690409946695,,,False
2012H2-R,R,tabicl@t1,20260912,2014H2,7,24213,99,brier,0.00440354407657083,,,False
2012H2-R,R,tabicl@t1,20260912,2014H2,7,24213,99,brier_miscalibration,0.00041901123329042035,,,False
2012H2-R,R,tabicl@t1,20260912,2014H2,7,24213,99,brier_discrimination,8.746226039010093e-05,,,False
2012H2-R,R,tabicl@t1,20260912,2014H2,7,24213,99,brier_uncertainty,0.004071995103670511,,,False
2012H2-R,R,tabicl@t1,20260912,2014H2,7,24213,99,observed_over_expected,0.2927733919164299,0.23803805288331403,0.356282524837874,False
2012H2-R,R,tabicl@t1,20260912,2014H2,7,24213,99,log_oe,-1.2283563756266842,-1.4353247320267322,-1.032031253776143,False
2012H2-R,R,tabicl@t1,20260912,2014H2,7,24213,99,cox_intercept,-1.6859926386565445,-2.30983552669123,-1.062149750621859,False
2012H2-R,R,tabicl@t1,20260912,2014H2,7,24213,99,cox_slope,0.8811596026064499,0.7176803948041597,1.04463881040874,False
2012H2-R,R,tabicl@t1,20260912,2014H2,7,24213,99,psi,0.11496486514379478,,,False
2012H2-R,R,tabicl@t1,20260912,2014H2,7,24213,99,psi_critical,0.001037135493306651,,,False
2012H2-R,R,tabicl@t1,20260912,2015H1,9,24159,83,auc,0.8190679314700238,0.7758414310144905,0.862294431925557,False
2012H2-R,R,tabicl@t1,20260912,2015H1,9,24159,83,gini,0.6381358629400475,0.5516828620289811,0.724588863851114,False
2012H2-R,R,tabicl@t1,20260912,2015H1,9,24159,83,ks,0.5086948558480474,,,False
2012H2-R,R,tabicl@t1,20260912,2015H1,9,24159,83,brier,0.003679224776469457,,,False
2012H2-R,R,tabicl@t1,20260912,2015H1,9,24159,83,brier_miscalibration,0.000295005497065964,,,False
2012H2-R,R,tabicl@t1,20260912,2015H1,9,24159,83,brier_discrimination,3.955022549539293e-05,,,False
2012H2-R,R,tabicl@t1,20260912,2015H1,9,24159,83,brier_uncertainty,0.003423769504898886,,,False
2012H2-R,R,tabicl@t1,20260912,2015H1,9,24159,83,observed_over_expected,0.2766499632189907,0.22042270095329228,0.34280799296439335,False
2012H2-R,R,tabicl@t1,20260912,2015H1,9,24159,83,log_oe,-1.2850022425894434,-1.5122082081267616,-1.070584775831412,False
2012H2-R,R,tabicl@t1,20260912,2015H1,9,24159,83,cox_intercept,-1.3268910700773855,-2.027621870983061,-0.6261602691717097,False
2012H2-R,R,tabicl@t1,20260912,2015H1,9,24159,83,cox_slope,0.9977077735627029,0.8122200249403445,1.1831955221850614,False
2012H2-R,R,tabicl@t1,20260912,2015H1,9,24159,83,psi,0.06932449792061403,,,False
2012H2-R,R,tabicl@t1,20260912,2015H1,9,24159,83,psi_critical,0.0010386973468943645,,,False
2012H2-R,R,tabicl@t1,20260912,2015H2,11,24159,130,auc,0.7931272148717735,0.7587079397575335,0.8275464899860135,True
2012H2-R,R,tabicl@t1,20260912,2015H2,11,24159,130,gini,0.586254429743547,0.517415879515067,0.6550929799720271,True
2012H2-R,R,tabicl@t1,20260912,2015H2,11,24159,130,ks,0.4577872250517804,,,True
2012H2-R,R,tabicl@t1,20260912,2015H2,11,24159,130,brier,0.005588978508093732,,,True
2012H2-R,R,tabicl@t1,20260912,2015H2,11,24159,130,brier_miscalibration,0.0002947466806678097,,,True
2012H2-R,R,tabicl@t1,20260912,2015H2,11,24159,130,brier_discrimination,5.7830250250788875e-05,,,True
2012H2-R,R,tabicl@t1,20260912,2015H2,11,24159,130,brier_uncertainty,0.005352062077676711,,,True
2012H2-R,R,tabicl@t1,20260912,2015H2,11,24159,130,observed_over_expected,0.3920325912834076,0.32768062067537634,0.46527190595914264,True
2012H2-R,R,tabicl@t1,20260912,2015H2,11,24159,130,log_oe,-0.9364103016185973,-1.115715862421914,-0.7651333002927792,True
2012H2-R,R,tabicl@t1,20260912,2015H2,11,24159,130,cox_intercept,-1.4217021289299145,-1.992655840608882,-0.8507484172509472,True
2012H2-R,R,tabicl@t1,20260912,2015H2,11,24159,130,cox_slope,0.8733421564231557,0.7255929088218416,1.0210914040244699,True
2012H2-R,R,tabicl@t1,20260912,2015H2,11,24159,130,psi,0.11152579345073133,,,True
2012H2-R,R,tabicl@t1,20260912,2015H2,11,24159,130,psi_critical,0.0010386973468943645,,,True
2012H2-R,R,tabicl@t1,20260912,2016H1,13,24632,115,auc,0.8097123380227738,0.7705963012567192,0.8488283747888283,True
2012H2-R,R,tabicl@t1,20260912,2016H1,13,24632,115,gini,0.6194246760455475,0.5411926025134384,0.6976567495776567,True
2012H2-R,R,tabicl@t1,20260912,2016H1,13,24632,115,ks,0.5075030458014049,,,True
2012H2-R,R,tabicl@t1,20260912,2016H1,13,24632,115,brier,0.0048937730049480165,,,True
2012H2-R,R,tabicl@t1,20260912,2016H1,13,24632,115,brier_miscalibration,0.00029891021442816045,,,True
2012H2-R,R,tabicl@t1,20260912,2016H1,13,24632,115,brier_discrimination,5.206384088118129e-05,,,True
2012H2-R,R,tabicl@t1,20260912,2016H1,13,24632,115,brier_uncertainty,0.004646926631401037,,,True
2012H2-R,R,tabicl@t1,20260912,2016H1,13,24632,115,observed_over_expected,0.34250672423655415,0.2828839668906751,0.4109350139746235,True
2012H2-R,R,tabicl@t1,20260912,2016H1,13,24632,115,log_oe,-1.0714639886651207,-1.2627184764034005,-0.8893201938377538,True
2012H2-R,R,tabicl@t1,20260912,2016H1,13,24632,115,cox_intercept,-1.2998456082389478,-1.9045695897562478,-0.6951216267216477,True
2012H2-R,R,tabicl@t1,20260912,2016H1,13,24632,115,cox_slope,0.944717819835337,0.7846215572702415,1.1048140824004324,True
2012H2-R,R,tabicl@t1,20260912,2016H1,13,24632,115,psi,0.11644265745013116,,,True
2012H2-R,R,tabicl@t1,20260912,2016H1,13,24632,115,psi_critical,0.001025249380146178,,,True
2012H2-R,R,tabicl@t1,20260912,2016H2,15,24760,121,auc,0.7827622605967359,0.7448119501916179,0.8207125710018539,True
2012H2-R,R,tabicl@t1,20260912,2016H2,15,24760,121,gini,0.5655245211934719,0.4896239003832359,0.6414251420037078,True
2012H2-R,R,tabicl@t1,20260912,2016H2,15,24760,121,ks,0.4583608798655897,,,True
2012H2-R,R,tabicl@t1,20260912,2016H2,15,24760,121,brier,0.005100587571382844,,,True
2012H2-R,R,tabicl@t1,20260912,2016H2,15,24760,121,brier_miscalibration,0.000273010429643384,,,True
2012H2-R,R,tabicl@t1,20260912,2016H2,15,24760,121,brier_discrimination,3.545530415143168e-05,,,True
2012H2-R,R,tabicl@t1,20260912,2016H2,15,24760,121,brier_uncertainty,0.004863032445890892,,,True
2012H2-R,R,tabicl@t1,20260912,2016H2,15,24760,121,observed_over_expected,0.38190427478060374,0.3170196412897765,0.45610940049593424,True
2012H2-R,R,tabicl@t1,20260912,2016H2,15,24760,121,log_oe,-0.9625852913579482,-1.1487915471196344,-0.785022584874084,True
2012H2-R,R,tabicl@t1,20260912,2016H2,15,24760,121,cox_intercept,-1.6796806318436195,-2.2956977887678542,-1.0636634749193847,True
2012H2-R,R,tabicl@t1,20260912,2016H2,15,24760,121,cox_slope,0.8146715191022369,0.6613200981028209,0.9680229401016529,True
2012H2-R,R,tabicl@t1,20260912,2016H2,15,24760,121,psi,0.0822835765898846,,,True
2012H2-R,R,tabicl@t1,20260912,2016H2,15,24760,121,psi_critical,0.0010216985183533315,,,True
2012H2-R,R,tabicl@t1,20260912,2017H1,17,24541,162,auc,0.7924560907763664,0.7630998684241328,0.8218123131285999,True
2012H2-R,R,tabicl@t1,20260912,2017H1,17,24541,162,gini,0.5849121815527327,0.5261997368482656,0.6436246262571998,True
2012H2-R,R,tabicl@t1,20260912,2017H1,17,24541,162,ks,0.45635461404497596,,,True
2012H2-R,R,tabicl@t1,20260912,2017H1,17,24541,162,brier,0.006785120254403711,,,True
2012H2-R,R,tabicl@t1,20260912,2017H1,17,24541,162,brier_miscalibration,0.0002948713586921319,,,True
2012H2-R,R,tabicl@t1,20260912,2017H1,17,24541,162,brier_discrimination,6.73732845084176e-05,,,True
2012H2-R,R,tabicl@t1,20260912,2017H1,17,24541,162,brier_uncertainty,0.006557622180219997,,,True
2012H2-R,R,tabicl@t1,20260912,2017H1,17,24541,162,observed_over_expected,0.43623095662756844,0.3718161266947986,0.5085389847392494,True
2012H2-R,R,tabicl@t1,20260912,2017H1,17,24541,162,log_oe,-0.8295834588479377,-0.9893558299856384,-0.676213400278339,True
2012H2-R,R,tabicl@t1,20260912,2017H1,17,24541,162,cox_intercept,-1.2790672929030575,-1.8017145352897332,-0.7564200505163818,True
2012H2-R,R,tabicl@t1,20260912,2017H1,17,24541,162,cox_slope,0.8809709782108771,0.7429451488598814,1.0189968075618727,True
2012H2-R,R,tabicl@t1,20260912,2017H1,17,24541,162,psi,0.19828084856376846,,,True
2012H2-R,R,tabicl@t1,20260912,2017H1,17,24541,162,psi_critical,0.001027796348662249,,,True
2012H2-R,R,tabicl@t1,20260912,2017H2,19,24680,143,auc,0.8066470758731425,0.7745999586525398,0.8386941930937453,True
2012H2-R,R,tabicl@t1,20260912,2017H2,19,24680,143,gini,0.6132941517462851,0.5491999173050797,0.6773883861874905,True
2012H2-R,R,tabicl@t1,20260912,2017H2,19,24680,143,ks,0.5127008134710789,,,True
2012H2-R,R,tabicl@t1,20260912,2017H2,19,24680,143,brier,0.005956281920980769,,,True
2012H2-R,R,tabicl@t1,20260912,2017H2,19,24680,143,brier_miscalibration,0.00027225769312469363,,,True
2012H2-R,R,tabicl@t1,20260912,2017H2,19,24680,143,brier_discrimination,7.656873647964284e-05,,,True
2012H2-R,R,tabicl@t1,20260912,2017H2,19,24680,143,brier_uncertainty,0.005760592964335718,,,True
2012H2-R,R,tabicl@t1,20260912,2017H2,19,24680,143,observed_over_expected,0.38772927260998563,0.3269284652505001,0.45650372350943846,True
2012H2-R,R,tabicl@t1,20260912,2017H2,19,24680,143,log_oe,-0.947447933905582,-1.1180138927183307,-0.7841584223331974,True
2012H2-R,R,tabicl@t1,20260912,2017H2,19,24680,143,cox_intercept,-1.0289693736572634,-1.5963932873060487,-0.46154546000847807,True
2012H2-R,R,tabicl@t1,20260912,2017H2,19,24680,143,cox_slope,0.9849094489996963,0.8308407588368605,1.1389781391625322,True
2012H2-R,R,tabicl@t1,20260912,2017H2,19,24680,143,psi,0.2033522306633578,,,True
2012H2-R,R,tabicl@t1,20260912,2017H2,19,24680,143,psi_critical,0.0010239134906912925,,,True
2012H2-R,R,tabicl@t1,20260912,2018H1,21,24416,148,auc,0.7614002868865238,0.725019789497907,0.7977807842751407,True
2012H2-R,R,tabicl@t1,20260912,2018H1,21,24416,148,gini,0.5228005737730477,0.45003957899581404,0.5955615685502813,True
2012H2-R,R,tabicl@t1,20260912,2018H1,21,24416,148,ks,0.4187407285313993,,,True
2012H2-R,R,tabicl@t1,20260912,2018H1,21,24416,148,brier,0.006263089641007981,,,True
2012H2-R,R,tabicl@t1,20260912,2018H1,21,24416,148,brier_miscalibration,0.0002857921336728514,,,True
2012H2-R,R,tabicl@t1,20260912,2018H1,21,24416,148,brier_discrimination,4.755846232316462e-05,,,True
2012H2-R,R,tabicl@t1,20260912,2018H1,21,24416,148,brier_uncertainty,0.006024855969658295,,,True
2012H2-R,R,tabicl@t1,20260912,2018H1,21,24416,148,observed_over_expected,0.41516484333866766,0.35113124741896623,0.4874396362117459,True
2012H2-R,R,tabicl@t1,20260912,2018H1,21,24416,148,log_oe,-0.8790796247553249,-1.0465952011379698,-0.718588819366348,True
2012H2-R,R,tabicl@t1,20260912,2018H1,21,24416,148,cox_intercept,-1.6360246603736983,-2.206075004002931,-1.0659743167444655,True
2012H2-R,R,tabicl@t1,20260912,2018H1,21,24416,148,cox_slope,0.8002083033270723,0.6554252095078619,0.9449913971462827,True
2012H2-R,R,tabicl@t1,20260912,2018H1,21,24416,148,psi,0.20554473918525687,,,True
2012H2-R,R,tabicl@t1,20260912,2018H1,21,24416,148,psi_critical,0.0010313258825568766,,,True
2012H2-R,R,tabicl@t1,20260912,2018H2,23,24543,146,auc,0.7681414063372939,0.7305807686407133,0.8057020440338745,True
2012H2-R,R,tabicl@t1,20260912,2018H2,23,24543,146,gini,0.5362828126745878,0.4611615372814266,0.6114040880677489,True
2012H2-R,R,tabicl@t1,20260912,2018H2,23,24543,146,ks,0.42454018319117387,,,True
2012H2-R,R,tabicl@t1,20260912,2018H2,23,24543,146,brier,0.006115623954501057,,,True
2012H2-R,R,tabicl@t1,20260912,2018H2,23,24543,146,brier_miscalibration,0.0002670310060273037,,,True
2012H2-R,R,tabicl@t1,20260912,2018H2,23,24543,146,brier_discrimination,6.476253042948799e-05,,,True
2012H2-R,R,tabicl@t1,20260912,2018H2,23,24543,146,brier_uncertainty,0.005913355478903241,,,True
2012H2-R,R,tabicl@t1,20260912,2018H2,23,24543,146,observed_over_expected,0.39992217357260806,0.3378334752701334,0.47006152609505253,True
2012H2-R,R,tabicl@t1,20260912,2018H2,23,24543,146,log_oe,-0.9164853168730679,-1.0852021816197501,-0.754891686260334,True
2012H2-R,R,tabicl@t1,20260912,2018H2,23,24543,146,cox_intercept,-1.4590173141775706,-2.042767282534207,-0.8752673458209341,True
2012H2-R,R,tabicl@t1,20260912,2018H2,23,24543,146,cox_slope,0.8575345260968276,0.706205740457074,1.0088633117365813,True
2012H2-R,R,tabicl@t1,20260912,2018H2,23,24543,146,psi,0.23479340632271245,,,True
2012H2-R,R,tabicl@t1,20260912,2018H2,23,24543,146,psi_critical,0.0010277401683422742,,,True
2012H2-R,R,tabicl@t1,20260912,2019H1,25,24752,110,auc,0.7137094096553557,0.6626827790301832,0.7647360402805281,True
2012H2-R,R,tabicl@t1,20260912,2019H1,25,24752,110,gini,0.42741881931071135,0.3253655580603665,0.5294720805610562,True
2012H2-R,R,tabicl@t1,20260912,2019H1,25,24752,110,ks,0.34811961838988864,,,True
2012H2-R,R,tabicl@t1,20260912,2019H1,25,24752,110,brier,0.004740097126352524,,,True
2012H2-R,R,tabicl@t1,20260912,2019H1,25,24752,110,brier_miscalibration,0.0003435667962353008,,,True
2012H2-R,R,tabicl@t1,20260912,2019H1,25,24752,110,brier_discrimination,2.780510193237974e-05,,,True
2012H2-R,R,tabicl@t1,20260912,2019H1,25,24752,110,brier_uncertainty,0.004424335432049603,,,True
2012H2-R,R,tabicl@t1,20260912,2019H1,25,24752,110,observed_over_expected,0.30521299041907857,0.25094230711343923,0.36769627116177456,True
2012H2-R,R,tabicl@t1,20260912,2019H1,25,24752,110,log_oe,-1.1867454168502534,-1.3825322184080966,-1.000498031706003,True
2012H2-R,R,tabicl@t1,20260912,2019H1,25,24752,110,cox_intercept,-2.4457125214026396,-3.1365232684578697,-1.7549017743474093,True
2012H2-R,R,tabicl@t1,20260912,2019H1,25,24752,110,cox_slope,0.6731743615746985,0.5049469950606913,0.8414017280887056,True
2012H2-R,R,tabicl@t1,20260912,2019H1,25,24752,110,psi,0.2514329156841704,,,True
2012H2-R,R,tabicl@t1,20260912,2019H1,25,24752,110,psi_critical,0.0010219193712836033,,,True
2012H2-R,R,tabicl@t1,20260912,2019H2,27,24861,136,auc,0.6903379825135313,0.646794883936973,0.7338810810900895,True
2012H2-R,R,tabicl@t1,20260912,2019H2,27,24861,136,gini,0.3806759650270626,0.2935897678739461,0.4677621621801791,True
2012H2-R,R,tabicl@t1,20260912,2019H2,27,24861,136,ks,0.2892904300243859,,,True
2012H2-R,R,tabicl@t1,20260912,2019H2,27,24861,136,brier,0.005676662570332949,,,True
2012H2-R,R,tabicl@t1,20260912,2019H2,27,24861,136,brier_miscalibration,0.0002572025705101953,,,True
2012H2-R,R,tabicl@t1,20260912,2019H2,27,24861,136,brier_discrimination,2.1030064559522665e-05,,,True
2012H2-R,R,tabicl@t1,20260912,2019H2,27,24861,136,brier_uncertainty,0.0054404900643822765,,,True
2012H2-R,R,tabicl@t1,20260912,2019H2,27,24861,136,observed_over_expected,0.4162130203072999,0.34935114137170076,0.4920868779871563,True
2012H2-R,R,tabicl@t1,20260912,2019H2,27,24861,136,log_oe,-0.876558081736582,-1.051677726859486,-0.7090999968037592,True
2012H2-R,R,tabicl@t1,20260912,2019H2,27,24861,136,cox_intercept,-2.597290748280817,-3.228738508539621,-1.965842988022013,True
2012H2-R,R,tabicl@t1,20260912,2019H2,27,24861,136,cox_slope,0.5669242319826545,0.4215894812959581,0.712258982669351,True
2012H2-R,R,tabicl@t1,20260912,2019H2,27,24861,136,psi,0.1526870658571719,,,True
2012H2-R,R,tabicl@t1,20260912,2019H2,27,24861,136,psi_critical,0.0010189224749281936,,,True
2012H2-R,R,tabicl@t1,20260912,2020H1,29,24880,111,auc,0.6533375597730237,0.6012240005308528,0.7054511190151945,True
2012H2-R,R,tabicl@t1,20260912,2020H1,29,24880,111,gini,0.3066751195460473,0.20244800106170557,0.41090223803038906,True
2012H2-R,R,tabicl@t1,20260912,2020H1,29,24880,111,ks,0.24849428539525031,,,True
2012H2-R,R,tabicl@t1,20260912,2020H1,29,24880,111,brier,0.004673587289198857,,,True
2012H2-R,R,tabicl@t1,20260912,2020H1,29,24880,111,brier_miscalibration,0.00024110374255614537,,,True
2012H2-R,R,tabicl@t1,20260912,2020H1,29,24880,111,brier_discrimination,9.027022416749006e-06,,,True
2012H2-R,R,tabicl@t1,20260912,2020H1,29,24880,111,brier_uncertainty,0.00444151056905946,,,True
2012H2-R,R,tabicl@t1,20260912,2020H1,29,24880,111,observed_over_expected,0.4044750713394193,0.332863551644102,0.4868702081588765,True
2012H2-R,R,tabicl@t1,20260912,2020H1,29,24880,111,log_oe,-0.9051651727154032,-1.1000226277966567,-0.7197577044412412,True
2012H2-R,R,tabicl@t1,20260912,2020H1,29,24880,111,cox_intercept,-3.351191429042454,-4.055051002975352,-2.6473318551095555,True
2012H2-R,R,tabicl@t1,20260912,2020H1,29,24880,111,cox_slope,0.41777528703082173,0.2696235774729264,0.565926996588717,True
2012H2-R,R,tabicl@t1,20260912,2020H1,29,24880,111,psi,0.044405867012022024,,,True
2012H2-R,R,tabicl@t1,20260912,2020H1,29,24880,111,psi_critical,0.0010184027677122018,,,True
2012H2-R,R,tabicl@t1,20260912,2020H2,31,24919,71,auc,0.6641464611882498,0.5975346011442304,0.7307583212322692,False
2012H2-R,R,tabicl@t1,20260912,2020H2,31,24919,71,gini,0.32829292237649965,0.1950692022884608,0.4615166424645385,False
2012H2-R,R,tabicl@t1,20260912,2020H2,31,24919,71,ks,0.294789503278525,,,False
2012H2-R,R,tabicl@t1,20260912,2020H2,31,24919,71,brier,0.0030239093862200668,,,False
2012H2-R,R,tabicl@t1,20260912,2020H2,31,24919,71,brier_miscalibration,0.00018975315543532257,,,False
2012H2-R,R,tabicl@t1,20260912,2020H2,31,24919,71,brier_discrimination,6.957159109850872e-06,,,False
2012H2-R,R,tabicl@t1,20260912,2020H2,31,24919,71,brier_uncertainty,0.002841113389894595,,,False
2012H2-R,R,tabicl@t1,20260912,2020H2,31,24919,71,observed_over_expected,0.30712260669808805,0.2399353890801556,0.38724907188111907,False
2012H2-R,R,tabicl@t1,20260912,2020H2,31,24919,71,log_oe,-1.1805082407699743,-1.4273856040502644,-0.948687196379783,False
2012H2-R,R,tabicl@t1,20260912,2020H2,31,24919,71,cox_intercept,-3.534222861100202,-4.427270119196221,-2.641175603004183,False
2012H2-R,R,tabicl@t1,20260912,2020H2,31,24919,71,cox_slope,0.45747031492628826,0.2739658163020862,0.6409748135504902,False
2012H2-R,R,tabicl@t1,20260912,2020H2,31,24919,71,psi,0.011669681889019786,,,False
2012H2-R,R,tabicl@t1,20260912,2020H2,31,24919,71,psi_critical,0.0010173384832140608,,,False
2012H2-R,R,tabicl@t1,20260912,2021H1,33,24909,90,auc,0.7379554642276751,0.6897625491904357,0.7861483792649145,False
2012H2-R,R,tabicl@t1,20260912,2021H1,33,24909,90,gini,0.4759109284553502,0.37952509838087134,0.5722967585298291,False
2012H2-R,R,tabicl@t1,20260912,2021H1,33,24909,90,ks,0.40327303007104776,,,False
2012H2-R,R,tabicl@t1,20260912,2021H1,33,24909,90,brier,0.0038250639940679318,,,False
2012H2-R,R,tabicl@t1,20260912,2021H1,33,24909,90,brier_miscalibration,0.0002404071347714815,,,False
2012H2-R,R,tabicl@t1,20260912,2021H1,33,24909,90,brier_discrimination,1.5440147064562162e-05,,,False
2012H2-R,R,tabicl@t1,20260912,2021H1,33,24909,90,brier_uncertainty,0.0036000970063610124,,,False
2012H2-R,R,tabicl@t1,20260912,2021H1,33,24909,90,observed_over_expected,0.32683559196762174,0.2629022413857394,0.40157000757153194,False
2012H2-R,R,tabicl@t1,20260912,2021H1,33,24909,90,log_oe,-1.1182980113769745,-1.335973021661726,-0.9123733957352855,False
2012H2-R,R,tabicl@t1,20260912,2021H1,33,24909,90,cox_intercept,-2.445002576996167,-3.183832736551722,-1.7061724174406119,False
2012H2-R,R,tabicl@t1,20260912,2021H1,33,24909,90,cox_slope,0.6709275449418379,0.5013247937850747,0.8405302960986012,False
2012H2-R,R,tabicl@t1,20260912,2021H1,33,24909,90,psi,0.029337915443365795,,,False
2012H2-R,R,tabicl@t1,20260912,2021H1,33,24909,90,psi_critical,0.001017611058962233,,,False
2012H2-R,R,tabicl@t1,20260912,2021H2,35,24929,136,auc,0.7615236511254362,0.7205558258186865,0.8024914764321859,True
2012H2-R,R,tabicl@t1,20260912,2021H2,35,24929,136,gini,0.5230473022508724,0.441111651637373,0.6049829528643718,True
2012H2-R,R,tabicl@t1,20260912,2021H2,35,24929,136,ks,0.42527895682130396,,,True
2012H2-R,R,tabicl@t1,20260912,2021H2,35,24929,136,brier,0.005647753606372234,,,True
2012H2-R,R,tabicl@t1,20260912,2021H2,35,24929,136,brier_miscalibration,0.000279716263938779,,,True
2012H2-R,R,tabicl@t1,20260912,2021H2,35,24929,136,brier_discrimination,5.7693848956140784e-05,,,True
2012H2-R,R,tabicl@t1,20260912,2021H2,35,24929,136,brier_uncertainty,0.005425731191389596,,,True
2012H2-R,R,tabicl@t1,20260912,2021H2,35,24929,136,observed_over_expected,0.3943619980476353,0.33100996127773613,0.4662531454076258,True
2012H2-R,R,tabicl@t1,20260912,2021H2,35,24929,136,log_oe,-0.9304860147305818,-1.1056068095632332,-0.7630265618642917,True
2012H2-R,R,tabicl@t1,20260912,2021H2,35,24929,136,cox_intercept,-1.770464351859928,-2.3456356539053447,-1.1952930498145111,True
2012H2-R,R,tabicl@t1,20260912,2021H2,35,24929,136,cox_slope,0.7783702657074686,0.633894690614881,0.9228458408000562,True
2012H2-R,R,tabicl@t1,20260912,2021H2,35,24929,136,psi,0.10467858254583919,,,True
2012H2-R,R,tabicl@t1,20260912,2021H2,35,24929,136,psi_critical,0.0010170661261475434,,,True
2012H2-R,R,tabicl@t1,20260912,2022H1,37,24889,291,auc,0.7704413428409931,0.7452218703131785,0.7956608153688076,True
2012H2-R,R,tabicl@t1,20260912,2022H1,37,24889,291,gini,0.5408826856819862,0.4904437406263571,0.5913216307376152,True
2012H2-R,R,tabicl@t1,20260912,2022H1,37,24889,291,ks,0.4398784691516562,,,True
2012H2-R,R,tabicl@t1,20260912,2022H1,37,24889,291,brier,0.01154076002273077,,,True
2012H2-R,R,tabicl@t1,20260912,2022H1,37,24889,291,brier_miscalibration,0.0001629728707463491,,,True
2012H2-R,R,tabicl@t1,20260912,2022H1,37,24889,291,brier_discrimination,0.00017742412938098924,,,True
2012H2-R,R,tabicl@t1,20260912,2022H1,37,24889,291,brier_uncertainty,0.01155521128136541,,,True
2012H2-R,R,tabicl@t1,20260912,2022H1,37,24889,291,observed_over_expected,0.7097989947987637,0.6309809348906036,0.7956477249228552,True
2012H2-R,R,tabicl@t1,20260912,2022H1,37,24889,291,log_oe,-0.34277345494605543,-0.4604796310168668,-0.22859874772442026,True
2012H2-R,R,tabicl@t1,20260912,2022H1,37,24889,291,cox_intercept,-0.9765120530400329,-1.3725407536627097,-0.580483352417356,True
2012H2-R,R,tabicl@t1,20260912,2022H1,37,24889,291,cox_slope,0.8244673336933512,0.7200820663412383,0.9288526010454642,True
2012H2-R,R,tabicl@t1,20260912,2022H1,37,24889,291,psi,0.2566370331962501,,,True
2012H2-R,R,tabicl@t1,20260912,2022H1,37,24889,291,psi_critical,0.0010181568675578935,,,True
2012H2-R,R,tabicl@t1,20260912,2022H2,39,24859,373,auc,0.7855683906698121,0.7630783180805261,0.8080584632590981,True
2012H2-R,R,tabicl@t1,20260912,2022H2,39,24859,373,gini,0.5711367813396242,0.5261566361610521,0.6161169265181963,True
2012H2-R,R,tabicl@t1,20260912,2022H2,39,24859,373,ks,0.4522591998185098,,,True
2012H2-R,R,tabicl@t1,20260912,2022H2,39,24859,373,brier,0.014455506709950298,,,True
2012H2-R,R,tabicl@t1,20260912,2022H2,39,24859,373,brier_miscalibration,9.134206719023027e-05,,,True
2012H2-R,R,tabicl@t1,20260912,2022H2,39,24859,373,brier_discrimination,0.0004153226442586977,,,True
2012H2-R,R,tabicl@t1,20260912,2022H2,39,24859,373,brier_uncertainty,0.014779487287018766,,,True
2012H2-R,R,tabicl@t1,20260912,2022H2,39,24859,373,observed_over_expected,1.0029088442232938,0.9043559744114605,1.1091421564663069,True
2012H2-R,R,tabicl@t1,20260912,2022H2,39,24859,373,log_oe,0.002904621722352644,-0.10053221909594984,0.10358688452329479,True
2012H2-R,R,tabicl@t1,20260912,2022H2,39,24859,373,cox_intercept,-0.1587871371554737,-0.5382597003639906,0.2206854260530432,True
2012H2-R,R,tabicl@t1,20260912,2022H2,39,24859,373,cox_slope,0.9554411135232774,0.8554995407118782,1.0553826863346767,True
2012H2-R,R,tabicl@t1,20260912,2022H2,39,24859,373,psi,0.28575841359067156,,,True
2012H2-R,R,tabicl@t1,20260912,2022H2,39,24859,373,psi_critical,0.001018977227164634,,,True
2012H2-R,R,tabicl@t1,20260912,2023H1,41,24882,381,auc,0.7887802211940355,0.7678430271235818,0.8097174152644891,True
2012H2-R,R,tabicl@t1,20260912,2023H1,41,24882,381,gini,0.5775604423880709,0.5356860542471635,0.6194348305289783,True
2012H2-R,R,tabicl@t1,20260912,2023H1,41,24882,381,ks,0.45047076657967033,,,True
2012H2-R,R,tabicl@t1,20260912,2023H1,41,24882,381,brier,0.014771701090858812,,,True
2012H2-R,R,tabicl@t1,20260912,2023H1,41,24882,381,brier_miscalibration,4.7397041127633655e-05,,,True
2012H2-R,R,tabicl@t1,20260912,2023H1,41,24882,381,brier_discrimination,0.00035350415023429303,,,True
2012H2-R,R,tabicl@t1,20260912,2023H1,41,24882,381,brier_uncertainty,0.015077808199965471,,,True
2012H2-R,R,tabicl@t1,20260912,2023H1,41,24882,381,observed_over_expected,1.0822861982438203,0.9770420485350865,1.1956380544947027,True
2012H2-R,R,tabicl@t1,20260912,2023H1,41,24882,381,log_oe,0.07907565399134461,-0.02322558944676352,0.1786799797055827,True
2012H2-R,R,tabicl@t1,20260912,2023H1,41,24882,381,cox_intercept,-0.01628711305719006,-0.4083497507712881,0.375775524656908,True
2012H2-R,R,tabicl@t1,20260912,2023H1,41,24882,381,cox_slope,0.9733047815653336,0.8710947302451691,1.075514832885498,True
2012H2-R,R,tabicl@t1,20260912,2023H1,41,24882,381,psi,0.2264527780293799,,,True
2012H2-R,R,tabicl@t1,20260912,2023H1,41,24882,381,psi_critical,0.0010183481078604518,,,True
2012H2-R,R,tabicl@t1,20260912,2023H2,43,24866,363,auc,0.806622599425336,0.7867529909595573,0.8264922078911147,True
2012H2-R,R,tabicl@t1,20260912,2023H2,43,24866,363,gini,0.613245198850672,0.5735059819191146,0.6529844157822293,True
2012H2-R,R,tabicl@t1,20260912,2023H2,43,24866,363,ks,0.4969350466896222,,,True
2012H2-R,R,tabicl@t1,20260912,2023H2,43,24866,363,brier,0.014074959100204986,,,True
2012H2-R,R,tabicl@t1,20260912,2023H2,43,24866,363,brier_miscalibration,5.2359060870300206e-05,,,True
2012H2-R,R,tabicl@t1,20260912,2023H2,43,24866,363,brier_discrimination,0.0003625377586043421,,,True
2012H2-R,R,tabicl@t1,20260912,2023H2,43,24866,363,brier_uncertainty,0.014385137797939028,,,True
2012H2-R,R,tabicl@t1,20260912,2023H2,43,24866,363,observed_over_expected,1.1022828137692409,0.992501016795789,1.2207478887942278,True
2012H2-R,R,tabicl@t1,20260912,2023H2,43,24866,363,log_oe,0.09738331461932187,-0.007527241941932022,0.19946369452477877,True
2012H2-R,R,tabicl@t1,20260912,2023H2,43,24866,363,cox_intercept,0.11818927618284478,-0.2772625832853207,0.5136411356510102,True
2012H2-R,R,tabicl@t1,20260912,2023H2,43,24866,363,cox_slope,1.0045689863903813,0.9016183445198137,1.1075196282609487,True
2012H2-R,R,tabicl@t1,20260912,2023H2,43,24866,363,psi,0.14743014480971142,,,True
2012H2-R,R,tabicl@t1,20260912,2023H2,43,24866,363,psi_critical,0.0010187856328701956,,,True
2012H2-R,R,tabicl@t1,20260913,2013H1,1,24341,85,auc,0.8400039286822909,0.7987695328386879,0.8812383245258939,False
2012H2-R,R,tabicl@t1,20260913,2013H1,1,24341,85,gini,0.6800078573645818,0.5975390656773758,0.7624766490517878,False
2012H2-R,R,tabicl@t1,20260913,2013H1,1,24341,85,ks,0.5602504656216049,,,False
2012H2-R,R,tabicl@t1,20260913,2013H1,1,24341,85,brier,0.00408763526568033,,,False
2012H2-R,R,tabicl@t1,20260913,2013H1,1,24341,85,brier_miscalibration,0.0006797962425710759,,,False
2012H2-R,R,tabicl@t1,20260913,2013H1,1,24341,85,brier_discrimination,7.201701040465431e-05,,,False
2012H2-R,R,tabicl@t1,20260913,2013H1,1,24341,85,brier_uncertainty,0.0034798560335139086,,,False
2012H2-R,R,tabicl@t1,20260913,2013H1,1,24341,85,observed_over_expected,0.230964023512798,0.18454695887526637,0.28547258653854835,False
2012H2-R,R,tabicl@t1,20260913,2013H1,1,24341,85,log_oe,-1.4654933229582854,-1.689851328237046,-1.2536092736256317,False
2012H2-R,R,tabicl@t1,20260913,2013H1,1,24341,85,cox_intercept,-1.887851501878003,-2.4404331000667367,-1.3352699036892692,False
2012H2-R,R,tabicl@t1,20260913,2013H1,1,24341,85,cox_slope,0.8849190934019181,0.7276335701438186,1.0422046166600176,False
2012H2-R,R,tabicl@t1,20260913,2013H1,1,24341,85,psi,0.05315763782990802,,,False
2012H2-R,R,tabicl@t1,20260913,2013H1,1,24341,85,psi_critical,0.0010334610033318997,,,False
2012H2-R,R,tabicl@t1,20260913,2013H2,3,23974,142,auc,0.8412072595019597,0.8109869795238183,0.8714275394801012,True
2012H2-R,R,tabicl@t1,20260913,2013H2,3,23974,142,gini,0.6824145190039195,0.6219739590476365,0.7428550789602024,True
2012H2-R,R,tabicl@t1,20260913,2013H2,3,23974,142,ks,0.5378713198965528,,,True
2012H2-R,R,tabicl@t1,20260913,2013H2,3,23974,142,brier,0.0062970257225156015,,,True
2012H2-R,R,tabicl@t1,20260913,2013H2,3,23974,142,brier_miscalibration,0.000519466181289588,,,True
2012H2-R,R,tabicl@t1,20260913,2013H2,3,23974,142,brier_discrimination,0.00011044088280333028,,,True
2012H2-R,R,tabicl@t1,20260913,2013H2,3,23974,142,brier_uncertainty,0.005888000424029344,,,True
2012H2-R,R,tabicl@t1,20260913,2013H2,3,23974,142,observed_over_expected,0.3610662042586759,0.30425900117715776,0.4253497724930576,True
2012H2-R,R,tabicl@t1,20260913,2013H2,3,23974,142,log_oe,-1.0186939461651134,-1.1898759627463449,-0.8548434544303583,True
2012H2-R,R,tabicl@t1,20260913,2013H2,3,23974,142,cox_intercept,-1.2833872851442325,-1.7333571681443856,-0.8334174021440794,True
2012H2-R,R,tabicl@t1,20260913,2013H2,3,23974,142,cox_slope,0.9313235753027841,0.8010549189180266,1.0615922316875417,True
2012H2-R,R,tabicl@t1,20260913,2013H2,3,23974,142,psi,0.12120675708333564,,,True
2012H2-R,R,tabicl@t1,20260913,2013H2,3,23974,142,psi_critical,0.001044101484378237,,,True
2012H2-R,R,tabicl@t1,20260913,2014H1,5,24341,137,auc,0.8172531656105585,0.7850982082635732,0.8494081229575438,True
2012H2-R,R,tabicl@t1,20260913,2014H1,5,24341,137,gini,0.634506331221117,0.5701964165271465,0.6988162459150875,True
2012H2-R,R,tabicl@t1,20260913,2014H1,5,24341,137,ks,0.4857500781073768,,,True
2012H2-R,R,tabicl@t1,20260913,2014H1,5,24341,137,brier,0.0059535956337617105,,,True
2012H2-R,R,tabicl@t1,20260913,2014H1,5,24341,137,brier_miscalibration,0.0004716491739475571,,,True
2012H2-R,R,tabicl@t1,20260913,2014H1,5,24341,137,brier_discrimination,0.00011473872886851467,,,True
2012H2-R,R,tabicl@t1,20260913,2014H1,5,24341,137,brier_uncertainty,0.005596685188682668,,,True
2012H2-R,R,tabicl@t1,20260913,2014H1,5,24341,137,observed_over_expected,0.377215141998646,0.3168337039478274,0.4457011490298539,True
2012H2-R,R,tabicl@t1,20260913,2014H1,5,24341,137,log_oe,-0.974939585872012,-1.1493782359765425,-0.8081066209987254,True
2012H2-R,R,tabicl@t1,20260913,2014H1,5,24341,137,cox_intercept,-1.483005033115683,-1.966485667366293,-0.999524398865073,True
2012H2-R,R,tabicl@t1,20260913,2014H1,5,24341,137,cox_slope,0.861198871810847,0.7307927811009518,0.9916049625207422,True
2012H2-R,R,tabicl@t1,20260913,2014H1,5,24341,137,psi,0.12761494797939943,,,True
2012H2-R,R,tabicl@t1,20260913,2014H1,5,24341,137,psi_critical,0.0010334610033318997,,,True
2012H2-R,R,tabicl@t1,20260913,2014H2,7,24213,99,auc,0.7997835198631416,0.7607381420299953,0.8388288976962878,False
2012H2-R,R,tabicl@t1,20260913,2014H2,7,24213,99,gini,0.5995670397262831,0.5214762840599907,0.6776577953925755,False
2012H2-R,R,tabicl@t1,20260913,2014H2,7,24213,99,ks,0.47186847323697284,,,False
2012H2-R,R,tabicl@t1,20260913,2014H2,7,24213,99,brier,0.0044132191361180816,,,False
2012H2-R,R,tabicl@t1,20260913,2014H2,7,24213,99,brier_miscalibration,0.0004187466960604968,,,False
2012H2-R,R,tabicl@t1,20260913,2014H2,7,24213,99,brier_discrimination,7.75226636129259e-05,,,False
2012H2-R,R,tabicl@t1,20260913,2014H2,7,24213,99,brier_uncertainty,0.004071995103670511,,,False
2012H2-R,R,tabicl@t1,20260913,2014H2,7,24213,99,observed_over_expected,0.30330256965327684,0.24659875216863977,0.36909571801774244,False
2012H2-R,R,tabicl@t1,20260913,2014H2,7,24213,99,log_oe,-1.1930243920080386,-1.3999927484080867,-0.9966992701574974,False
2012H2-R,R,tabicl@t1,20260913,2014H2,7,24213,99,cox_intercept,-1.817550922165679,-2.4208988456852705,-1.2142029986460874,False
2012H2-R,R,tabicl@t1,20260913,2014H2,7,24213,99,cox_slope,0.8339277983107883,0.6778725636245728,0.9899830329970039,False
2012H2-R,R,tabicl@t1,20260913,2014H2,7,24213,99,psi,0.10313286745695942,,,False
2012H2-R,R,tabicl@t1,20260913,2014H2,7,24213,99,psi_critical,0.001037135493306651,,,False
2012H2-R,R,tabicl@t1,20260913,2015H1,9,24159,83,auc,0.8236255372044752,0.7818291990811799,0.8654218753277705,False
2012H2-R,R,tabicl@t1,20260913,2015H1,9,24159,83,gini,0.6472510744089504,0.5636583981623597,0.730843750655541,False
2012H2-R,R,tabicl@t1,20260913,2015H1,9,24159,83,ks,0.5221937759344405,,,False
2012H2-R,R,tabicl@t1,20260913,2015H1,9,24159,83,brier,0.0036797895526938006,,,False
2012H2-R,R,tabicl@t1,20260913,2015H1,9,24159,83,brier_miscalibration,0.0002990506497467277,,,False
2012H2-R,R,tabicl@t1,20260913,2015H1,9,24159,83,brier_discrimination,4.303060195181294e-05,,,False
2012H2-R,R,tabicl@t1,20260913,2015H1,9,24159,83,brier_uncertainty,0.003423769504898886,,,False
2012H2-R,R,tabicl@t1,20260913,2015H1,9,24159,83,observed_over_expected,0.2880776903421255,0.22952781865845756,0.3569685449978869,False
2012H2-R,R,tabicl@t1,20260913,2015H1,9,24159,83,log_oe,-1.2445250770919938,-1.4717310426293124,-1.0301076103339626,False
2012H2-R,R,tabicl@t1,20260913,2015H1,9,24159,83,cox_intercept,-1.4524563688786296,-2.129560691312186,-0.7753520464450736,False
2012H2-R,R,tabicl@t1,20260913,2015H1,9,24159,83,cox_slope,0.9516348084993901,0.7739568753604746,1.1293127416383055,False
2012H2-R,R,tabicl@t1,20260913,2015H1,9,24159,83,psi,0.06362390033530567,,,False
2012H2-R,R,tabicl@t1,20260913,2015H1,9,24159,83,psi_critical,0.0010386973468943645,,,False
2012H2-R,R,tabicl@t1,20260913,2015H2,11,24159,130,auc,0.800036974553184,0.7658683698678189,0.8342055792385491,True
2012H2-R,R,tabicl@t1,20260913,2015H2,11,24159,130,gini,0.600073949106368,0.5317367397356378,0.6684111584770982,True
2012H2-R,R,tabicl@t1,20260913,2015H2,11,24159,130,ks,0.48000492994042454,,,True
2012H2-R,R,tabicl@t1,20260913,2015H2,11,24159,130,brier,0.005576189742150717,,,True
2012H2-R,R,tabicl@t1,20260913,2015H2,11,24159,130,brier_miscalibration,0.0002840243029763939,,,True
2012H2-R,R,tabicl@t1,20260913,2015H2,11,24159,130,brier_discrimination,5.98966385023875e-05,,,True
2012H2-R,R,tabicl@t1,20260913,2015H2,11,24159,130,brier_uncertainty,0.005352062077676711,,,True
2012H2-R,R,tabicl@t1,20260913,2015H2,11,24159,130,observed_over_expected,0.40370318559009066,0.33743549226282504,0.47912279432270954,True
2012H2-R,R,tabicl@t1,20260913,2015H2,11,24159,130,log_oe,-0.9070753601707475,-1.0863809209740642,-0.7357983588449294,True
2012H2-R,R,tabicl@t1,20260913,2015H2,11,24159,130,cox_intercept,-1.4757756490428882,-2.0266600701342052,-0.9248912279515711,True
2012H2-R,R,tabicl@t1,20260913,2015H2,11,24159,130,cox_slope,0.8492603028301071,0.707051966109187,0.9914686395510273,True
2012H2-R,R,tabicl@t1,20260913,2015H2,11,24159,130,psi,0.10733203749327058,,,True
2012H2-R,R,tabicl@t1,20260913,2015H2,11,24159,130,psi_critical,0.0010386973468943645,,,True
2012H2-R,R,tabicl@t1,20260913,2016H1,13,24632,115,auc,0.8223277193642035,0.7861957660251646,0.8584596727032423,True
2012H2-R,R,tabicl@t1,20260913,2016H1,13,24632,115,gini,0.6446554387284069,0.5723915320503292,0.7169193454064846,True
2012H2-R,R,tabicl@t1,20260913,2016H1,13,24632,115,ks,0.5208779710972511,,,True
2012H2-R,R,tabicl@t1,20260913,2016H1,13,24632,115,brier,0.004897794549294592,,,True
2012H2-R,R,tabicl@t1,20260913,2016H1,13,24632,115,brier_miscalibration,0.0003066702863538948,,,True
2012H2-R,R,tabicl@t1,20260913,2016H1,13,24632,115,brier_discrimination,5.5802368460340125e-05,,,True
2012H2-R,R,tabicl@t1,20260913,2016H1,13,24632,115,brier_uncertainty,0.004646926631401037,,,True
2012H2-R,R,tabicl@t1,20260913,2016H1,13,24632,115,observed_over_expected,0.3515803791273633,0.2903781014815519,0.421821464474732,True
2012H2-R,R,tabicl@t1,20260913,2016H1,13,24632,115,log_oe,-1.0453169192579292,-1.236571406996209,-0.8631731244305625,True
2012H2-R,R,tabicl@t1,20260913,2016H1,13,24632,115,cox_intercept,-1.3203165452037429,-1.9094794221653921,-0.7311536682420936,True
2012H2-R,R,tabicl@t1,20260913,2016H1,13,24632,115,cox_slope,0.9311674569835009,0.7745906742411233,1.0877442397258785,True
2012H2-R,R,tabicl@t1,20260913,2016H1,13,24632,115,psi,0.1144726588373573,,,True
2012H2-R,R,tabicl@t1,20260913,2016H1,13,24632,115,psi_critical,0.001025249380146178,,,True
2012H2-R,R,tabicl@t1,20260913,2016H2,15,24760,121,auc,0.7915664174145739,0.7544367997514172,0.8286960350777306,True
2012H2-R,R,tabicl@t1,20260913,2016H2,15,24760,121,gini,0.5831328348291478,0.5088735995028344,0.6573920701554612,True
2012H2-R,R,tabicl@t1,20260913,2016H2,15,24760,121,ks,0.48147413946645756,,,True
2012H2-R,R,tabicl@t1,20260913,2016H2,15,24760,121,brier,0.00509073815887591,,,True
2012H2-R,R,tabicl@t1,20260913,2016H2,15,24760,121,brier_miscalibration,0.00026902591639692275,,,True
2012H2-R,R,tabicl@t1,20260913,2016H2,15,24760,121,brier_discrimination,4.132020341190458e-05,,,True
2012H2-R,R,tabicl@t1,20260913,2016H2,15,24760,121,brier_uncertainty,0.004863032445890892,,,True
2012H2-R,R,tabicl@t1,20260913,2016H2,15,24760,121,observed_over_expected,0.39159606749218434,0.3250648213303646,0.4676843370842963,True
2012H2-R,R,tabicl@t1,20260913,2016H2,15,24760,121,log_oe,-0.9375244105309942,-1.1237306662926803,-0.7599617040471301,True
2012H2-R,R,tabicl@t1,20260913,2016H2,15,24760,121,cox_intercept,-1.682526762393892,-2.2730238525934428,-1.0920296721943412,True
2012H2-R,R,tabicl@t1,20260913,2016H2,15,24760,121,cox_slope,0.8053737621373506,0.658078499946019,0.9526690243286822,True
2012H2-R,R,tabicl@t1,20260913,2016H2,15,24760,121,psi,0.08473969875961626,,,True
2012H2-R,R,tabicl@t1,20260913,2016H2,15,24760,121,psi_critical,0.0010216985183533315,,,True
2012H2-R,R,tabicl@t1,20260913,2017H1,17,24541,162,auc,0.7980087091754237,0.7687550237417613,0.827262394609086,True
2012H2-R,R,tabicl@t1,20260913,2017H1,17,24541,162,gini,0.5960174183508473,0.5375100474835226,0.654524789218172,True
2012H2-R,R,tabicl@t1,20260913,2017H1,17,24541,162,ks,0.47546537472293243,,,True
2012H2-R,R,tabicl@t1,20260913,2017H1,17,24541,162,brier,0.006734962487623872,,,True
2012H2-R,R,tabicl@t1,20260913,2017H1,17,24541,162,brier_miscalibration,0.0002671131335103497,,,True
2012H2-R,R,tabicl@t1,20260913,2017H1,17,24541,162,brier_discrimination,8.977282610647414e-05,,,True
2012H2-R,R,tabicl@t1,20260913,2017H1,17,24541,162,brier_uncertainty,0.006557622180219997,,,True
2012H2-R,R,tabicl@t1,20260913,2017H1,17,24541,162,observed_over_expected,0.4453248564031882,0.37956720107352127,0.5191402556691399,True
2012H2-R,R,tabicl@t1,20260913,2017H1,17,24541,162,log_oe,-0.808951248757605,-0.9687236198953058,-0.6555811901880063,True
2012H2-R,R,tabicl@t1,20260913,2017H1,17,24541,162,cox_intercept,-1.2498654492489232,-1.759860248970783,-0.7398706495270633,True
2012H2-R,R,tabicl@t1,20260913,2017H1,17,24541,162,cox_slope,0.8821198161673289,0.7463317498854628,1.0179078824491952,True
2012H2-R,R,tabicl@t1,20260913,2017H1,17,24541,162,psi,0.19266354674748548,,,True
2012H2-R,R,tabicl@t1,20260913,2017H1,17,24541,162,psi_critical,0.001027796348662249,,,True
2012H2-R,R,tabicl@t1,20260913,2017H2,19,24680,143,auc,0.8097224941582442,0.7778768898259686,0.8415680984905197,True
2012H2-R,R,tabicl@t1,20260913,2017H2,19,24680,143,gini,0.6194449883164883,0.5557537796519372,0.6831361969810394,True
2012H2-R,R,tabicl@t1,20260913,2017H2,19,24680,143,ks,0.49699340884082294,,,True
2012H2-R,R,tabicl@t1,20260913,2017H2,19,24680,143,brier,0.005942658231350219,,,True
2012H2-R,R,tabicl@t1,20260913,2017H2,19,24680,143,brier_miscalibration,0.00028580172117427267,,,True
2012H2-R,R,tabicl@t1,20260913,2017H2,19,24680,143,brier_discrimination,0.00010373645415977153,,,True
2012H2-R,R,tabicl@t1,20260913,2017H2,19,24680,143,brier_uncertainty,0.005760592964335718,,,True
2012H2-R,R,tabicl@t1,20260913,2017H2,19,24680,143,observed_over_expected,0.3957225858335596,0.33366832682158715,0.46591487068740567,True
2012H2-R,R,tabicl@t1,20260913,2017H2,19,24680,143,log_oe,-0.927041854045383,-1.0976078128581317,-0.7637523424729984,True
2012H2-R,R,tabicl@t1,20260913,2017H2,19,24680,143,cox_intercept,-1.1158949284518995,-1.6742743751025633,-0.5575154818012359,True
2012H2-R,R,tabicl@t1,20260913,2017H2,19,24680,143,cox_slope,0.9541113799771724,0.8025250029765412,1.1056977569778037,True
2012H2-R,R,tabicl@t1,20260913,2017H2,19,24680,143,psi,0.19702161895519185,,,True
2012H2-R,R,tabicl@t1,20260913,2017H2,19,24680,143,psi_critical,0.0010239134906912925,,,True
2012H2-R,R,tabicl@t1,20260913,2018H1,21,24416,148,auc,0.7634878986453076,0.727335716470613,0.7996400808200023,True
2012H2-R,R,tabicl@t1,20260913,2018H1,21,24416,148,gini,0.5269757972906153,0.45467143294122603,0.5992801616400045,True
2012H2-R,R,tabicl@t1,20260913,2018H1,21,24416,148,ks,0.4092921832331755,,,True
2012H2-R,R,tabicl@t1,20260913,2018H1,21,24416,148,brier,0.006253766045453982,,,True
2012H2-R,R,tabicl@t1,20260913,2018H1,21,24416,148,brier_miscalibration,0.0002906315961666685,,,True
2012H2-R,R,tabicl@t1,20260913,2018H1,21,24416,148,brier_discrimination,6.172152037098137e-05,,,True
2012H2-R,R,tabicl@t1,20260913,2018H1,21,24416,148,brier_uncertainty,0.006024855969658295,,,True
2012H2-R,R,tabicl@t1,20260913,2018H1,21,24416,148,observed_over_expected,0.4167005468927203,0.3524300893446549,0.48924268575634783,True
2012H2-R,R,tabicl@t1,20260913,2018H1,21,24416,148,log_oe,-0.8753874281170568,-1.0429030044997019,-0.71489662272808,True
2012H2-R,R,tabicl@t1,20260913,2018H1,21,24416,148,cox_intercept,-1.7435723645434253,-2.2914929251159233,-1.1956518039709272,True
2012H2-R,R,tabicl@t1,20260913,2018H1,21,24416,148,cox_slope,0.7677484008424116,0.6287770483841102,0.906719753300713,True
2012H2-R,R,tabicl@t1,20260913,2018H1,21,24416,148,psi,0.2061351959535638,,,True
2012H2-R,R,tabicl@t1,20260913,2018H1,21,24416,148,psi_critical,0.0010313258825568766,,,True
2012H2-R,R,tabicl@t1,20260913,2018H2,23,24543,146,auc,0.7749160434614406,0.7376050360430024,0.8122270508798788,True
2012H2-R,R,tabicl@t1,20260913,2018H2,23,24543,146,gini,0.5498320869228812,0.47521007208600485,0.6244541017597576,True
2012H2-R,R,tabicl@t1,20260913,2018H2,23,24543,146,ks,0.427009889493487,,,True
2012H2-R,R,tabicl@t1,20260913,2018H2,23,24543,146,brier,0.006123005389599615,,,True
2012H2-R,R,tabicl@t1,20260913,2018H2,23,24543,146,brier_miscalibration,0.0002781754494569164,,,True
2012H2-R,R,tabicl@t1,20260913,2018H2,23,24543,146,brier_discrimination,6.852553876054296e-05,,,True
2012H2-R,R,tabicl@t1,20260913,2018H2,23,24543,146,brier_uncertainty,0.005913355478903241,,,True
2012H2-R,R,tabicl@t1,20260913,2018H2,23,24543,146,observed_over_expected,0.4003184952938398,0.33816826727031857,0.4705273557124568,True
2012H2-R,R,tabicl@t1,20260913,2018H2,23,24543,146,log_oe,-0.9154948104690487,-1.084211675215731,-0.7539011798563147,True
2012H2-R,R,tabicl@t1,20260913,2018H2,23,24543,146,cox_intercept,-1.5534889296516996,-2.110228709756983,-0.9967491495464159,True
2012H2-R,R,tabicl@t1,20260913,2018H2,23,24543,146,cox_slope,0.8292011221248471,0.684331877879598,0.9740703663700961,True
2012H2-R,R,tabicl@t1,20260913,2018H2,23,24543,146,psi,0.23091225607472582,,,True
2012H2-R,R,tabicl@t1,20260913,2018H2,23,24543,146,psi_critical,0.0010277401683422742,,,True
2012H2-R,R,tabicl@t1,20260913,2019H1,25,24752,110,auc,0.7114866709461304,0.6609370938576998,0.7620362480345609,True
2012H2-R,R,tabicl@t1,20260913,2019H1,25,24752,110,gini,0.42297334189226077,0.32187418771539966,0.5240724960691219,True
2012H2-R,R,tabicl@t1,20260913,2019H1,25,24752,110,ks,0.35607204255852903,,,True
2012H2-R,R,tabicl@t1,20260913,2019H1,25,24752,110,brier,0.004756527168664097,,,True
2012H2-R,R,tabicl@t1,20260913,2019H1,25,24752,110,brier_miscalibration,0.0003640156335248867,,,True
2012H2-R,R,tabicl@t1,20260913,2019H1,25,24752,110,brier_discrimination,3.182389691039258e-05,,,True
2012H2-R,R,tabicl@t1,20260913,2019H1,25,24752,110,brier_uncertainty,0.004424335432049603,,,True
2012H2-R,R,tabicl@t1,20260913,2019H1,25,24752,110,observed_over_expected,0.3070113371346421,0.25242088531279355,0.36986277587266775,True
2012H2-R,R,tabicl@t1,20260913,2019H1,25,24752,110,log_oe,-1.1808706032994545,-1.3766574048572977,-0.9946232181552042,True
2012H2-R,R,tabicl@t1,20260913,2019H1,25,24752,110,cox_intercept,-2.6488669788194588,-3.3032261460230923,-1.9945078116158252,True
2012H2-R,R,tabicl@t1,20260913,2019H1,25,24752,110,cox_slope,0.6163806664123863,0.45944020652771056,0.7733211262970621,True
2012H2-R,R,tabicl@t1,20260913,2019H1,25,24752,110,psi,0.24793649266327264,,,True
2012H2-R,R,tabicl@t1,20260913,2019H1,25,24752,110,psi_critical,0.0010219193712836033,,,True
2012H2-R,R,tabicl@t1,20260913,2019H2,27,24861,136,auc,0.6931802771664783,0.6496088527312651,0.7367517016016916,True
2012H2-R,R,tabicl@t1,20260913,2019H2,27,24861,136,gini,0.3863605543329567,0.29921770546253024,0.47350340320338313,True
2012H2-R,R,tabicl@t1,20260913,2019H2,27,24861,136,ks,0.3256432522452864,,,True
2012H2-R,R,tabicl@t1,20260913,2019H2,27,24861,136,brier,0.005684033755668335,,,True
2012H2-R,R,tabicl@t1,20260913,2019H2,27,24861,136,brier_miscalibration,0.0002650733023832749,,,True
2012H2-R,R,tabicl@t1,20260913,2019H2,27,24861,136,brier_discrimination,2.15296110972164e-05,,,True
2012H2-R,R,tabicl@t1,20260913,2019H2,27,24861,136,brier_uncertainty,0.0054404900643822765,,,True
2012H2-R,R,tabicl@t1,20260913,2019H2,27,24861,136,observed_over_expected,0.4241381253294857,0.35600313049723803,0.5014566958395829,True
2012H2-R,R,tabicl@t1,20260913,2019H2,27,24861,136,log_oe,-0.8576961095142978,-1.0328157546372019,-0.6902380245814752,True
2012H2-R,R,tabicl@t1,20260913,2019H2,27,24861,136,cox_intercept,-2.705156799009193,-3.3029167562827046,-2.1073968417356816,True
2012H2-R,R,tabicl@t1,20260913,2019H2,27,24861,136,cox_slope,0.5337279227945518,0.3982591718477655,0.6691966737413382,True
2012H2-R,R,tabicl@t1,20260913,2019H2,27,24861,136,psi,0.1573883255818365,,,True
2012H2-R,R,tabicl@t1,20260913,2019H2,27,24861,136,psi_critical,0.0010189224749281936,,,True
2012H2-R,R,tabicl@t1,20260913,2020H1,29,24880,111,auc,0.6638763799125541,0.6132861560352945,0.7144666037898137,True
2012H2-R,R,tabicl@t1,20260913,2020H1,29,24880,111,gini,0.3277527598251082,0.22657231207058892,0.4289332075796275,True
2012H2-R,R,tabicl@t1,20260913,2020H1,29,24880,111,ks,0.2675565468169126,,,True
2012H2-R,R,tabicl@t1,20260913,2020H1,29,24880,111,brier,0.004680342317921845,,,True
2012H2-R,R,tabicl@t1,20260913,2020H1,29,24880,111,brier_miscalibration,0.0002486127265505563,,,True
2012H2-R,R,tabicl@t1,20260913,2020H1,29,24880,111,brier_discrimination,9.780977688171773e-06,,,True
2012H2-R,R,tabicl@t1,20260913,2020H1,29,24880,111,brier_uncertainty,0.00444151056905946,,,True
2012H2-R,R,tabicl@t1,20260913,2020H1,29,24880,111,observed_over_expected,0.41686343665818626,0.3430585811311207,0.5017821926762978,True
2012H2-R,R,tabicl@t1,20260913,2020H1,29,24880,111,log_oe,-0.8749966008482358,-1.0698540559294893,-0.6895891325740738,True
2012H2-R,R,tabicl@t1,20260913,2020H1,29,24880,111,cox_intercept,-3.320062021613902,-3.98944217934185,-2.6506818638859535,True
2012H2-R,R,tabicl@t1,20260913,2020H1,29,24880,111,cox_slope,0.41686237597518133,0.27776165539438985,0.5559630965559728,True
2012H2-R,R,tabicl@t1,20260913,2020H1,29,24880,111,psi,0.049230859865619425,,,True
2012H2-R,R,tabicl@t1,20260913,2020H1,29,24880,111,psi_critical,0.0010184027677122018,,,True
2012H2-R,R,tabicl@t1,20260913,2020H2,31,24919,71,auc,0.672691371992418,0.6061806578417621,0.7392020861430739,False
2012H2-R,R,tabicl@t1,20260913,2020H2,31,24919,71,gini,0.34538274398483604,0.21236131568352423,0.47840417228614784,False
2012H2-R,R,tabicl@t1,20260913,2020H2,31,24919,71,ks,0.3233586969336949,,,False
2012H2-R,R,tabicl@t1,20260913,2020H2,31,24919,71,brier,0.003041463804768712,,,False
2012H2-R,R,tabicl@t1,20260913,2020H2,31,24919,71,brier_miscalibration,0.00020653985327890147,,,False
2012H2-R,R,tabicl@t1,20260913,2020H2,31,24919,71,brier_discrimination,6.189438404784458e-06,,,False
2012H2-R,R,tabicl@t1,20260913,2020H2,31,24919,71,brier_uncertainty,0.002841113389894595,,,False
2012H2-R,R,tabicl@t1,20260913,2020H2,31,24919,71,observed_over_expected,0.3110846821109534,0.24303070699234464,0.39224482925258275,False
2012H2-R,R,tabicl@t1,20260913,2020H2,31,24919,71,log_oe,-1.1676901141211968,-1.4145674774014867,-0.9358690697310057,False
2012H2-R,R,tabicl@t1,20260913,2020H2,31,24919,71,cox_intercept,-3.541056227421186,-4.3834567405000495,-2.6986557143423227,False
2012H2-R,R,tabicl@t1,20260913,2020H2,31,24919,71,cox_slope,0.4493680165296076,0.27811816961523994,0.6206178634439753,False
2012H2-R,R,tabicl@t1,20260913,2020H2,31,24919,71,psi,0.011316818779053784,,,False
2012H2-R,R,tabicl@t1,20260913,2020H2,31,24919,71,psi_critical,0.0010173384832140608,,,False
2012H2-R,R,tabicl@t1,20260913,2021H1,33,24909,90,auc,0.7343151080489411,0.6843599026578677,0.7842703134400144,False
2012H2-R,R,tabicl@t1,20260913,2021H1,33,24909,90,gini,0.46863021609788214,0.36871980531573545,0.5685406268800288,False
2012H2-R,R,tabicl@t1,20260913,2021H1,33,24909,90,ks,0.4117530923888956,,,False
2012H2-R,R,tabicl@t1,20260913,2021H1,33,24909,90,brier,0.003841500375295008,,,False
2012H2-R,R,tabicl@t1,20260913,2021H1,33,24909,90,brier_miscalibration,0.0002573203705545611,,,False
2012H2-R,R,tabicl@t1,20260913,2021H1,33,24909,90,brier_discrimination,1.5917001620565502e-05,,,False
2012H2-R,R,tabicl@t1,20260913,2021H1,33,24909,90,brier_uncertainty,0.0036000970063610124,,,False
2012H2-R,R,tabicl@t1,20260913,2021H1,33,24909,90,observed_over_expected,0.3281504787451581,0.26395991897495696,0.40318555712056425,False
2012H2-R,R,tabicl@t1,20260913,2021H1,33,24909,90,log_oe,-1.1142829991417627,-1.3319580094265142,-0.9083583835000736,False
2012H2-R,R,tabicl@t1,20260913,2021H1,33,24909,90,cox_intercept,-2.635242936455634,-3.3382844639888885,-1.9322014089223791,False
2012H2-R,R,tabicl@t1,20260913,2021H1,33,24909,90,cox_slope,0.6205230196705306,0.4616081434173918,0.7794378959236694,False
2012H2-R,R,tabicl@t1,20260913,2021H1,33,24909,90,psi,0.04029677092565605,,,False
2012H2-R,R,tabicl@t1,20260913,2021H1,33,24909,90,psi_critical,0.001017611058962233,,,False
2012H2-R,R,tabicl@t1,20260913,2021H2,35,24929,136,auc,0.7608145444278627,0.7206459305442744,0.800983158311451,True
2012H2-R,R,tabicl@t1,20260913,2021H2,35,24929,136,gini,0.5216290888557253,0.4412918610885488,0.6019663166229019,True
2012H2-R,R,tabicl@t1,20260913,2021H2,35,24929,136,ks,0.40842707025939484,,,True
2012H2-R,R,tabicl@t1,20260913,2021H2,35,24929,136,brier,0.005672539634038483,,,True
2012H2-R,R,tabicl@t1,20260913,2021H2,35,24929,136,brier_miscalibration,0.0003033961026453818,,,True
2012H2-R,R,tabicl@t1,20260913,2021H2,35,24929,136,brier_discrimination,5.658765999649439e-05,,,True
2012H2-R,R,tabicl@t1,20260913,2021H2,35,24929,136,brier_uncertainty,0.005425731191389596,,,True
2012H2-R,R,tabicl@t1,20260913,2021H2,35,24929,136,observed_over_expected,0.39129753840557446,0.32843778984012917,0.46263004289227394,True
2012H2-R,R,tabicl@t1,20260913,2021H2,35,24929,136,log_oe,-0.9382870405967652,-1.1134078354294166,-0.770827587730475,True
2012H2-R,R,tabicl@t1,20260913,2021H2,35,24929,136,cox_intercept,-1.955414502031835,-2.509523250547976,-1.401305753515694,True
2012H2-R,R,tabicl@t1,20260913,2021H2,35,24929,136,cox_slope,0.7284487685479786,0.5904154371642399,0.8664820999317172,True
2012H2-R,R,tabicl@t1,20260913,2021H2,35,24929,136,psi,0.1312052258971626,,,True
2012H2-R,R,tabicl@t1,20260913,2021H2,35,24929,136,psi_critical,0.0010170661261475434,,,True
2012H2-R,R,tabicl@t1,20260913,2022H1,37,24889,291,auc,0.772939729964356,0.7482630400832122,0.7976164198454998,True
2012H2-R,R,tabicl@t1,20260913,2022H1,37,24889,291,gini,0.545879459928712,0.4965260801664244,0.5952328396909996,True
2012H2-R,R,tabicl@t1,20260913,2022H1,37,24889,291,ks,0.4352463209787961,,,True
2012H2-R,R,tabicl@t1,20260913,2022H1,37,24889,291,brier,0.011522620930476724,,,True
2012H2-R,R,tabicl@t1,20260913,2022H1,37,24889,291,brier_miscalibration,0.00016059941766914318,,,True
2012H2-R,R,tabicl@t1,20260913,2022H1,37,24889,291,brier_discrimination,0.00019318976855782835,,,True
2012H2-R,R,tabicl@t1,20260913,2022H1,37,24889,291,brier_uncertainty,0.01155521128136541,,,True
2012H2-R,R,tabicl@t1,20260913,2022H1,37,24889,291,observed_over_expected,0.7059844093435034,0.6275899316426169,0.7913717731939263,True
2012H2-R,R,tabicl@t1,20260913,2022H1,37,24889,291,log_oe,-0.3481621248155862,-0.4658683008863976,-0.23398741759395114,True
2012H2-R,R,tabicl@t1,20260913,2022H1,37,24889,291,cox_intercept,-1.0456379903237916,-1.4316427679232593,-0.6596332127243238,True
2012H2-R,R,tabicl@t1,20260913,2022H1,37,24889,291,cox_slope,0.8045292489634011,0.7024354093224425,0.9066230886043596,True
2012H2-R,R,tabicl@t1,20260913,2022H1,37,24889,291,psi,0.28984619811453916,,,True
2012H2-R,R,tabicl@t1,20260913,2022H1,37,24889,291,psi_critical,0.0010181568675578935,,,True
2012H2-R,R,tabicl@t1,20260913,2022H2,39,24859,373,auc,0.7903422517085322,0.7678044593004235,0.8128800441166409,True
2012H2-R,R,tabicl@t1,20260913,2022H2,39,24859,373,gini,0.5806845034170645,0.535608918600847,0.6257600882332819,True
2012H2-R,R,tabicl@t1,20260913,2022H2,39,24859,373,ks,0.47522182068694285,,,True
2012H2-R,R,tabicl@t1,20260913,2022H2,39,24859,373,brier,0.014404789418666809,,,True
2012H2-R,R,tabicl@t1,20260913,2022H2,39,24859,373,brier_miscalibration,0.00013483842815138584,,,True
2012H2-R,R,tabicl@t1,20260913,2022H2,39,24859,373,brier_discrimination,0.0005095362965033424,,,True
2012H2-R,R,tabicl@t1,20260913,2022H2,39,24859,373,brier_uncertainty,0.014779487287018766,,,True
2012H2-R,R,tabicl@t1,20260913,2022H2,39,24859,373,observed_over_expected,0.9685836860655432,0.8734038474745197,1.0711810993279394,True
2012H2-R,R,tabicl@t1,20260913,2022H2,39,24859,373,log_oe,-0.031920391953173956,-0.13535723277147638,0.06876187084776818,True
2012H2-R,R,tabicl@t1,20260913,2022H2,39,24859,373,cox_intercept,-0.21842368336412762,-0.5908695258251093,0.1540221590968541,True
2012H2-R,R,tabicl@t1,20260913,2022H2,39,24859,373,cox_slope,0.9479445808064648,0.8480455575724142,1.0478436040405155,True
2012H2-R,R,tabicl@t1,20260913,2022H2,39,24859,373,psi,0.3299862262641479,,,True
2012H2-R,R,tabicl@t1,20260913,2022H2,39,24859,373,psi_critical,0.001018977227164634,,,True
2012H2-R,R,tabicl@t1,20260913,2023H1,41,24882,381,auc,0.7897349735899151,0.7687871394152863,0.8106828077645438,True
2012H2-R,R,tabicl@t1,20260913,2023H1,41,24882,381,gini,0.5794699471798301,0.5375742788305726,0.6213656155290876,True
2012H2-R,R,tabicl@t1,20260913,2023H1,41,24882,381,ks,0.4516698177512921,,,True
2012H2-R,R,tabicl@t1,20260913,2023H1,41,24882,381,brier,0.014757524857016256,,,True
2012H2-R,R,tabicl@t1,20260913,2023H1,41,24882,381,brier_miscalibration,6.226404748733115e-05,,,True
2012H2-R,R,tabicl@t1,20260913,2023H1,41,24882,381,brier_discrimination,0.0003825473904365464,,,True
2012H2-R,R,tabicl@t1,20260913,2023H1,41,24882,381,brier_uncertainty,0.015077808199965471,,,True
2012H2-R,R,tabicl@t1,20260913,2023H1,41,24882,381,observed_over_expected,1.0073195208563972,0.9093653137071552,1.1128198383436751,True
2012H2-R,R,tabicl@t1,20260913,2023H1,41,24882,381,log_oe,0.00729286316559352,-0.09500838027251461,0.10689718887983163,True
2012H2-R,R,tabicl@t1,20260913,2023H1,41,24882,381,cox_intercept,-0.3174222450118321,-0.682089888051437,0.04724539802777289,True
2012H2-R,R,tabicl@t1,20260913,2023H1,41,24882,381,cox_slope,0.9090392877948912,0.8123386518745275,1.005739923715255,True
2012H2-R,R,tabicl@t1,20260913,2023H1,41,24882,381,psi,0.27221545266090114,,,True
2012H2-R,R,tabicl@t1,20260913,2023H1,41,24882,381,psi_critical,0.0010183481078604518,,,True
2012H2-R,R,tabicl@t1,20260913,2023H2,43,24866,363,auc,0.8199437320825054,0.8010056562578506,0.8388818079071602,True
2012H2-R,R,tabicl@t1,20260913,2023H2,43,24866,363,gini,0.6398874641650107,0.6020113125157012,0.6777636158143203,True
2012H2-R,R,tabicl@t1,20260913,2023H2,43,24866,363,ks,0.510587391952568,,,True
2012H2-R,R,tabicl@t1,20260913,2023H2,43,24866,363,brier,0.014031403794644065,,,True
2012H2-R,R,tabicl@t1,20260913,2023H2,43,24866,363,brier_miscalibration,5.877795195309912e-05,,,True
2012H2-R,R,tabicl@t1,20260913,2023H2,43,24866,363,brier_discrimination,0.00041251195524806203,,,True
2012H2-R,R,tabicl@t1,20260913,2023H2,43,24866,363,brier_uncertainty,0.014385137797939028,,,True
2012H2-R,R,tabicl@t1,20260913,2023H2,43,24866,363,observed_over_expected,1.0313123881911443,0.928598886898809,1.1421500950982204,True
2012H2-R,R,tabicl@t1,20260913,2023H2,43,24866,363,log_oe,0.030832154476742823,-0.07407840208451101,0.1329125343821996,True
2012H2-R,R,tabicl@t1,20260913,2023H2,43,24866,363,cox_intercept,-0.018651603413586272,-0.3862603829269556,0.348957176099783,True
2012H2-R,R,tabicl@t1,20260913,2023H2,43,24866,363,cox_slope,0.9857003345046225,0.8868900831516264,1.0845105858576185,True
2012H2-R,R,tabicl@t1,20260913,2023H2,43,24866,363,psi,0.1792733786111027,,,True
2012H2-R,R,tabicl@t1,20260913,2023H2,43,24866,363,psi_critical,0.0010187856328701956,,,True
2012H2-R,R,tabpfn,20260911,2013H1,1,24341,85,auc,0.846427324227844,0.807369840646338,0.8854848078093499,False
2012H2-R,R,tabpfn,20260911,2013H1,1,24341,85,gini,0.6928546484556879,0.614739681292676,0.7709696156186998,False
2012H2-R,R,tabpfn,20260911,2013H1,1,24341,85,ks,0.5732223925190129,,,False
2012H2-R,R,tabpfn,20260911,2013H1,1,24341,85,brier,0.003706853745082821,,,False
2012H2-R,R,tabpfn,20260911,2013H1,1,24341,85,brier_miscalibration,0.000300556289546216,,,False
2012H2-R,R,tabpfn,20260911,2013H1,1,24341,85,brier_discrimination,7.355857797730365e-05,,,False
2012H2-R,R,tabpfn,20260911,2013H1,1,24341,85,brier_uncertainty,0.0034798560335139086,,,False
2012H2-R,R,tabpfn,20260911,2013H1,1,24341,85,observed_over_expected,0.3302398862069769,0.26387125480360624,0.40817800564717704,False
2012H2-R,R,tabpfn,20260911,2013H1,1,24341,85,log_oe,-1.1079359607057946,-1.332293965984555,-0.8960519113731407,False
2012H2-R,R,tabpfn,20260911,2013H1,1,24341,85,cox_intercept,-1.717758849802524,-2.3159147207116138,-1.1196029788934343,False
2012H2-R,R,tabpfn,20260911,2013H1,1,24341,85,cox_slope,0.8351647259273416,0.6802226278598935,0.9901068239947897,False
2012H2-R,R,tabpfn,20260911,2013H1,1,24341,85,psi,0.04810667530007512,,,False
2012H2-R,R,tabpfn,20260911,2013H1,1,24341,85,psi_critical,0.0010334610033318997,,,False
2012H2-R,R,tabpfn,20260911,2013H2,3,23974,142,auc,0.8426414478816504,0.8135114210007782,0.8717714747625226,True
2012H2-R,R,tabpfn,20260911,2013H2,3,23974,142,gini,0.6852828957633008,0.6270228420015564,0.7435429495250452,True
2012H2-R,R,tabpfn,20260911,2013H2,3,23974,142,ks,0.5373612943184451,,,True
2012H2-R,R,tabpfn,20260911,2013H2,3,23974,142,brier,0.0059941658511802375,,,True
2012H2-R,R,tabpfn,20260911,2013H2,3,23974,142,brier_miscalibration,0.00021695322498272666,,,True
2012H2-R,R,tabpfn,20260911,2013H2,3,23974,142,brier_discrimination,0.00011078779783183293,,,True
2012H2-R,R,tabpfn,20260911,2013H2,3,23974,142,brier_uncertainty,0.005888000424029344,,,True
2012H2-R,R,tabpfn,20260911,2013H2,3,23974,142,observed_over_expected,0.5092388795103184,0.42911939974692737,0.5999028405027713,True
2012H2-R,R,tabpfn,20260911,2013H2,3,23974,142,log_oe,-0.6748380611086089,-0.8460200776898404,-0.5109875693738539,True
2012H2-R,R,tabpfn,20260911,2013H2,3,23974,142,cox_intercept,-1.1963594426228725,-1.6736671121221556,-0.7190517731235895,True
2012H2-R,R,tabpfn,20260911,2013H2,3,23974,142,cox_slope,0.857469150742171,0.7322700502039889,0.9826682512803531,True
2012H2-R,R,tabpfn,20260911,2013H2,3,23974,142,psi,0.11700824002672358,,,True
2012H2-R,R,tabpfn,20260911,2013H2,3,23974,142,psi_critical,0.001044101484378237,,,True
2012H2-R,R,tabpfn,20260911,2014H1,5,24341,137,auc,0.8233681589699234,0.7917403500326607,0.8549959679071861,True
2012H2-R,R,tabpfn,20260911,2014H1,5,24341,137,gini,0.6467363179398469,0.5834807000653215,0.7099919358143723,True
2012H2-R,R,tabpfn,20260911,2014H1,5,24341,137,ks,0.4982279577363698,,,True
2012H2-R,R,tabpfn,20260911,2014H1,5,24341,137,brier,0.005684756217023816,,,True
2012H2-R,R,tabpfn,20260911,2014H1,5,24341,137,brier_miscalibration,0.00021192414369152791,,,True
2012H2-R,R,tabpfn,20260911,2014H1,5,24341,137,brier_discrimination,0.00012385311535038045,,,True
2012H2-R,R,tabpfn,20260911,2014H1,5,24341,137,brier_uncertainty,0.005596685188682668,,,True
2012H2-R,R,tabpfn,20260911,2014H1,5,24341,137,observed_over_expected,0.5421558786324663,0.4553721100221095,0.640588012399162,True
2012H2-R,R,tabpfn,20260911,2014H1,5,24341,137,log_oe,-0.6122017199382522,-0.7866403700427828,-0.4453687550649655,True
2012H2-R,R,tabpfn,20260911,2014H1,5,24341,137,cox_intercept,-1.3377394011406074,-1.8388467895494283,-0.8366320127317867,True
2012H2-R,R,tabpfn,20260911,2014H1,5,24341,137,cox_slope,0.8079549090697236,0.6843384105229434,0.9315714076165037,True
2012H2-R,R,tabpfn,20260911,2014H1,5,24341,137,psi,0.11901498630063989,,,True
2012H2-R,R,tabpfn,20260911,2014H1,5,24341,137,psi_critical,0.0010334610033318997,,,True
2012H2-R,R,tabpfn,20260911,2014H2,7,24213,99,auc,0.8035229126296556,0.7656206465236269,0.8414251787356842,False
2012H2-R,R,tabpfn,20260911,2014H2,7,24213,99,gini,0.6070458252593112,0.5312412930472539,0.6828503574713685,False
2012H2-R,R,tabpfn,20260911,2014H2,7,24213,99,ks,0.47853880934249193,,,False
2012H2-R,R,tabpfn,20260911,2014H2,7,24213,99,brier,0.004213823314497762,,,False
2012H2-R,R,tabpfn,20260911,2014H2,7,24213,99,brier_miscalibration,0.0002183867314406304,,,False
2012H2-R,R,tabpfn,20260911,2014H2,7,24213,99,brier_discrimination,7.65585206133788e-05,,,False
2012H2-R,R,tabpfn,20260911,2014H2,7,24213,99,brier_uncertainty,0.004071995103670511,,,False
2012H2-R,R,tabpfn,20260911,2014H2,7,24213,99,observed_over_expected,0.43381848447654586,0.3527141133749733,0.5279234699537259,False
2012H2-R,R,tabpfn,20260911,2014H2,7,24213,99,log_oe,-0.8351290709011663,-1.0420974273012142,-0.638803949050625,False
2012H2-R,R,tabpfn,20260911,2014H2,7,24213,99,cox_intercept,-1.8270006280250708,-2.4432322051302933,-1.2107690509198483,False
2012H2-R,R,tabpfn,20260911,2014H2,7,24213,99,cox_slope,0.7477973748818328,0.6035725904330967,0.8920221593305689,False
2012H2-R,R,tabpfn,20260911,2014H2,7,24213,99,psi,0.10037325945570749,,,False
2012H2-R,R,tabpfn,20260911,2014H2,7,24213,99,psi_critical,0.001037135493306651,,,False
2012H2-R,R,tabpfn,20260911,2015H1,9,24159,83,auc,0.8211687087275834,0.7792663959984427,0.8630710214567241,False
2012H2-R,R,tabpfn,20260911,2015H1,9,24159,83,gini,0.6423374174551668,0.5585327919968854,0.7261420429134482,False
2012H2-R,R,tabpfn,20260911,2015H1,9,24159,83,ks,0.5293558350364408,,,False
2012H2-R,R,tabpfn,20260911,2015H1,9,24159,83,brier,0.0035308766739061983,,,False
2012H2-R,R,tabpfn,20260911,2015H1,9,24159,83,brier_miscalibration,0.00014385166902499942,,,False
2012H2-R,R,tabpfn,20260911,2015H1,9,24159,83,brier_discrimination,3.674450001768699e-05,,,False
2012H2-R,R,tabpfn,20260911,2015H1,9,24159,83,brier_uncertainty,0.003423769504898886,,,False
2012H2-R,R,tabpfn,20260911,2015H1,9,24159,83,observed_over_expected,0.4139591716443728,0.32982472737945606,0.5129533044191235,False
2012H2-R,R,tabpfn,20260911,2015H1,9,24159,83,log_oe,-0.8819879292365082,-1.1091938947738267,-0.6675704624784767,False
2012H2-R,R,tabpfn,20260911,2015H1,9,24159,83,cox_intercept,-1.5655814625216937,-2.264269502711008,-0.8668934223323793,False
2012H2-R,R,tabpfn,20260911,2015H1,9,24159,83,cox_slope,0.8307804323925475,0.6663025374850995,0.9952583272999955,False
2012H2-R,R,tabpfn,20260911,2015H1,9,24159,83,psi,0.0685313894454071,,,False
2012H2-R,R,tabpfn,20260911,2015H1,9,24159,83,psi_critical,0.0010386973468943645,,,False
2012H2-R,R,tabpfn,20260911,2015H2,11,24159,130,auc,0.8011588561257711,0.7677710234319385,0.8345466888196037,True
2012H2-R,R,tabpfn,20260911,2015H2,11,24159,130,gini,0.6023177122515422,0.535542046863877,0.6690933776392074,True
2012H2-R,R,tabpfn,20260911,2015H2,11,24159,130,ks,0.45991766359238995,,,True
2012H2-R,R,tabpfn,20260911,2015H2,11,24159,130,brier,0.005418260569349664,,,True
2012H2-R,R,tabpfn,20260911,2015H2,11,24159,130,brier_miscalibration,0.00012450785927127245,,,True
2012H2-R,R,tabpfn,20260911,2015H2,11,24159,130,brier_discrimination,5.8309367598319284e-05,,,True
2012H2-R,R,tabpfn,20260911,2015H2,11,24159,130,brier_uncertainty,0.005352062077676711,,,True
2012H2-R,R,tabpfn,20260911,2015H2,11,24159,130,observed_over_expected,0.5829652533601047,0.48727177357333695,0.6918745037264719,True
2012H2-R,R,tabpfn,20260911,2015H2,11,24159,130,log_oe,-0.5396276941331567,-0.7189332549364733,-0.3683506928073385,True
2012H2-R,R,tabpfn,20260911,2015H2,11,24159,130,cox_intercept,-1.5057356580761587,-2.067343814317311,-0.9441275018350064,True
2012H2-R,R,tabpfn,20260911,2015H2,11,24159,130,cox_slope,0.7562395507900649,0.6254762707100388,0.887002830870091,True
2012H2-R,R,tabpfn,20260911,2015H2,11,24159,130,psi,0.10510655991079271,,,True
2012H2-R,R,tabpfn,20260911,2015H2,11,24159,130,psi_critical,0.0010386973468943645,,,True
2012H2-R,R,tabpfn,20260911,2016H1,13,24632,115,auc,0.8016027920289559,0.7604293862297493,0.8427761978281625,True
2012H2-R,R,tabpfn,20260911,2016H1,13,24632,115,gini,0.6032055840579118,0.5208587724594986,0.685552395656325,True
2012H2-R,R,tabpfn,20260911,2016H1,13,24632,115,ks,0.5087770508839474,,,True
2012H2-R,R,tabpfn,20260911,2016H1,13,24632,115,brier,0.004723549755773933,,,True
2012H2-R,R,tabpfn,20260911,2016H1,13,24632,115,brier_miscalibration,0.00013106572550609062,,,True
2012H2-R,R,tabpfn,20260911,2016H1,13,24632,115,brier_discrimination,5.444260113319534e-05,,,True
2012H2-R,R,tabpfn,20260911,2016H1,13,24632,115,brier_uncertainty,0.004646926631401037,,,True
2012H2-R,R,tabpfn,20260911,2016H1,13,24632,115,observed_over_expected,0.5082216449128975,0.4197516276304418,0.6097575725557054,True
2012H2-R,R,tabpfn,20260911,2016H1,13,24632,115,log_oe,-0.6768376176750428,-0.8680921054133227,-0.49469382284767593,True
2012H2-R,R,tabpfn,20260911,2016H1,13,24632,115,cox_intercept,-1.5909753505861164,-2.1938440991995103,-0.9881066019727226,True
2012H2-R,R,tabpfn,20260911,2016H1,13,24632,115,cox_slope,0.7703797776895455,0.6294486050331844,0.9113109503459065,True
2012H2-R,R,tabpfn,20260911,2016H1,13,24632,115,psi,0.11448307355886139,,,True
2012H2-R,R,tabpfn,20260911,2016H1,13,24632,115,psi_critical,0.001025249380146178,,,True
2012H2-R,R,tabpfn,20260911,2016H2,15,24760,121,auc,0.7852430417543376,0.7473634140839212,0.823122669424754,True
2012H2-R,R,tabpfn,20260911,2016H2,15,24760,121,gini,0.5704860835086751,0.4947268281678423,0.646245338849508,True
2012H2-R,R,tabpfn,20260911,2016H2,15,24760,121,ks,0.4584269580008043,,,True
2012H2-R,R,tabpfn,20260911,2016H2,15,24760,121,brier,0.004950199329611112,,,True
2012H2-R,R,tabpfn,20260911,2016H2,15,24760,121,brier_miscalibration,0.00012486198203036456,,,True
2012H2-R,R,tabpfn,20260911,2016H2,15,24760,121,brier_discrimination,3.769509831014466e-05,,,True
2012H2-R,R,tabpfn,20260911,2016H2,15,24760,121,brier_uncertainty,0.004863032445890892,,,True
2012H2-R,R,tabpfn,20260911,2016H2,15,24760,121,observed_over_expected,0.5646275171223871,0.4686986367023701,0.6743363071443667,True
2012H2-R,R,tabpfn,20260911,2016H2,15,24760,121,log_oe,-0.5715890269745569,-0.757795282736243,-0.39402632049069297,True
2012H2-R,R,tabpfn,20260911,2016H2,15,24760,121,cox_intercept,-1.8421054534094934,-2.438182922344434,-1.246027984474553,True
2012H2-R,R,tabpfn,20260911,2016H2,15,24760,121,cox_slope,0.688556063956095,0.5556600140116161,0.8214521139005739,True
2012H2-R,R,tabpfn,20260911,2016H2,15,24760,121,psi,0.08928515598630529,,,True
2012H2-R,R,tabpfn,20260911,2016H2,15,24760,121,psi_critical,0.0010216985183533315,,,True
2012H2-R,R,tabpfn,20260911,2017H1,17,24541,162,auc,0.7995152678965249,0.7711380508840097,0.8278924849090402,True
2012H2-R,R,tabpfn,20260911,2017H1,17,24541,162,gini,0.5990305357930499,0.5422761017680193,0.6557849698180804,True
2012H2-R,R,tabpfn,20260911,2017H1,17,24541,162,ks,0.48005544136093653,,,True
2012H2-R,R,tabpfn,20260911,2017H1,17,24541,162,brier,0.006611033276853141,,,True
2012H2-R,R,tabpfn,20260911,2017H1,17,24541,162,brier_miscalibration,0.0001279415252544748,,,True
2012H2-R,R,tabpfn,20260911,2017H1,17,24541,162,brier_discrimination,7.453042862133087e-05,,,True
2012H2-R,R,tabpfn,20260911,2017H1,17,24541,162,brier_uncertainty,0.006557622180219997,,,True
2012H2-R,R,tabpfn,20260911,2017H1,17,24541,162,observed_over_expected,0.6310961414887659,0.537907086453562,0.7357043011038628,True
2012H2-R,R,tabpfn,20260911,2017H1,17,24541,162,log_oe,-0.46029706435649637,-0.6200694354941971,-0.30692700578689763,True
2012H2-R,R,tabpfn,20260911,2017H1,17,24541,162,cox_intercept,-1.3351767213216665,-1.8516709650404337,-0.8186824776028995,True
2012H2-R,R,tabpfn,20260911,2017H1,17,24541,162,cox_slope,0.7747120753285586,0.6507997831840178,0.8986243674730994,True
2012H2-R,R,tabpfn,20260911,2017H1,17,24541,162,psi,0.18964549353203103,,,True
2012H2-R,R,tabpfn,20260911,2017H1,17,24541,162,psi_critical,0.001027796348662249,,,True
2012H2-R,R,tabpfn,20260911,2017H2,19,24680,143,auc,0.8071911379161654,0.775292979608983,0.8390892962233477,True
2012H2-R,R,tabpfn,20260911,2017H2,19,24680,143,gini,0.6143822758323307,0.550585959217966,0.6781785924466954,True
2012H2-R,R,tabpfn,20260911,2017H2,19,24680,143,ks,0.5021815206434352,,,True
2012H2-R,R,tabpfn,20260911,2017H2,19,24680,143,brier,0.005794810172806496,,,True
2012H2-R,R,tabpfn,20260911,2017H2,19,24680,143,brier_miscalibration,0.00010783461927609938,,,True
2012H2-R,R,tabpfn,20260911,2017H2,19,24680,143,brier_discrimination,7.361741080532183e-05,,,True
2012H2-R,R,tabpfn,20260911,2017H2,19,24680,143,brier_uncertainty,0.005760592964335718,,,True
2012H2-R,R,tabpfn,20260911,2017H2,19,24680,143,observed_over_expected,0.5658117904252242,0.47708541328120546,0.6661740739768038,True
2012H2-R,R,tabpfn,20260911,2017H2,19,24680,143,log_oe,-0.569493781828388,-0.7400597406411367,-0.40620427025600325,True
2012H2-R,R,tabpfn,20260911,2017H2,19,24680,143,cox_intercept,-1.2003782247130286,-1.7679823843738487,-0.6327740650522083,True
2012H2-R,R,tabpfn,20260911,2017H2,19,24680,143,cox_slope,0.8387949362982546,0.700129568972214,0.9774603036242953,True
2012H2-R,R,tabpfn,20260911,2017H2,19,24680,143,psi,0.18838112435959636,,,True
2012H2-R,R,tabpfn,20260911,2017H2,19,24680,143,psi_critical,0.0010239134906912925,,,True
2012H2-R,R,tabpfn,20260911,2018H1,21,24416,148,auc,0.759171514930127,0.7230672674149846,0.7952757624452694,True
2012H2-R,R,tabpfn,20260911,2018H1,21,24416,148,gini,0.518343029860254,0.44613453482996923,0.5905515248905389,True
2012H2-R,R,tabpfn,20260911,2018H1,21,24416,148,ks,0.39854396179598095,,,True
2012H2-R,R,tabpfn,20260911,2018H1,21,24416,148,brier,0.006093391603062671,,,True
2012H2-R,R,tabpfn,20260911,2018H1,21,24416,148,brier_miscalibration,0.00012014168161092811,,,True
2012H2-R,R,tabpfn,20260911,2018H1,21,24416,148,brier_discrimination,5.1606048206551645e-05,,,True
2012H2-R,R,tabpfn,20260911,2018H1,21,24416,148,brier_uncertainty,0.006024855969658295,,,True
2012H2-R,R,tabpfn,20260911,2018H1,21,24416,148,observed_over_expected,0.6005966012285794,0.5079626494600651,0.7051526484241764,True
2012H2-R,R,tabpfn,20260911,2018H1,21,24416,148,log_oe,-0.5098317824089934,-0.6773473587916385,-0.34934097702001654,True
2012H2-R,R,tabpfn,20260911,2018H1,21,24416,148,cox_intercept,-1.8590573328975912,-2.41268584285163,-1.3054288229435522,True
2012H2-R,R,tabpfn,20260911,2018H1,21,24416,148,cox_slope,0.6632486791088101,0.5374033501809192,0.789094008036701,True
2012H2-R,R,tabpfn,20260911,2018H1,21,24416,148,psi,0.19496516415960966,,,True
2012H2-R,R,tabpfn,20260911,2018H1,21,24416,148,psi_critical,0.0010313258825568766,,,True
2012H2-R,R,tabpfn,20260911,2018H2,23,24543,146,auc,0.7737836619256464,0.737528904661639,0.8100384191896538,True
2012H2-R,R,tabpfn,20260911,2018H2,23,24543,146,gini,0.5475673238512928,0.475057809323278,0.6200768383793076,True
2012H2-R,R,tabpfn,20260911,2018H2,23,24543,146,ks,0.41089405221055136,,,True
2012H2-R,R,tabpfn,20260911,2018H2,23,24543,146,brier,0.005950355735819937,,,True
2012H2-R,R,tabpfn,20260911,2018H2,23,24543,146,brier_miscalibration,0.000114615037884137,,,True
2012H2-R,R,tabpfn,20260911,2018H2,23,24543,146,brier_discrimination,7.761478096744105e-05,,,True
2012H2-R,R,tabpfn,20260911,2018H2,23,24543,146,brier_uncertainty,0.005913355478903241,,,True
2012H2-R,R,tabpfn,20260911,2018H2,23,24543,146,observed_over_expected,0.5747590237187038,0.4855265630589138,0.6755617009494603,True
2012H2-R,R,tabpfn,20260911,2018H2,23,24543,146,log_oe,-0.5538044152120654,-0.7225212799587476,-0.3922107845993314,True
2012H2-R,R,tabpfn,20260911,2018H2,23,24543,146,cox_intercept,-1.611562171163504,-2.177065082096269,-1.0460592602307388,True
2012H2-R,R,tabpfn,20260911,2018H2,23,24543,146,cox_slope,0.7325310284031386,0.5997130465167766,0.8653490102895005,True
2012H2-R,R,tabpfn,20260911,2018H2,23,24543,146,psi,0.20846210324571796,,,True
2012H2-R,R,tabpfn,20260911,2018H2,23,24543,146,psi_critical,0.0010277401683422742,,,True
2012H2-R,R,tabpfn,20260911,2019H1,25,24752,110,auc,0.7064409618463672,0.6581318346433216,0.7547500890494128,True
2012H2-R,R,tabpfn,20260911,2019H1,25,24752,110,gini,0.41288192369273435,0.3162636692866432,0.5095001780988255,True
2012H2-R,R,tabpfn,20260911,2019H1,25,24752,110,ks,0.33871365222716576,,,True
2012H2-R,R,tabpfn,20260911,2019H1,25,24752,110,brier,0.004571169549852234,,,True
2012H2-R,R,tabpfn,20260911,2019H1,25,24752,110,brier_miscalibration,0.00017443580803436047,,,True
2012H2-R,R,tabpfn,20260911,2019H1,25,24752,110,brier_discrimination,2.7601690231729772e-05,,,True
2012H2-R,R,tabpfn,20260911,2019H1,25,24752,110,brier_uncertainty,0.004424335432049603,,,True
2012H2-R,R,tabpfn,20260911,2019H1,25,24752,110,observed_over_expected,0.44002558561929955,0.3617835384156929,0.5301077350142791,True
2012H2-R,R,tabpfn,20260911,2019H1,25,24752,110,log_oe,-0.8209224046256539,-1.016709206183497,-0.6346750194814035,True
2012H2-R,R,tabpfn,20260911,2019H1,25,24752,110,cox_intercept,-2.8312749924636833,-3.4825007016726084,-2.180049283254758,True
2012H2-R,R,tabpfn,20260911,2019H1,25,24752,110,cox_slope,0.514415881312444,0.37487628404160905,0.6539554785832788,True
2012H2-R,R,tabpfn,20260911,2019H1,25,24752,110,psi,0.23553414376806087,,,True
2012H2-R,R,tabpfn,20260911,2019H1,25,24752,110,psi_critical,0.0010219193712836033,,,True
2012H2-R,R,tabpfn,20260911,2019H2,27,24861,136,auc,0.692003806578243,0.6486264472107294,0.7353811659457566,True
2012H2-R,R,tabpfn,20260911,2019H2,27,24861,136,gini,0.384007613156486,0.29725289442145875,0.4707623318915133,True
2012H2-R,R,tabpfn,20260911,2019H2,27,24861,136,ks,0.28736602628918095,,,True
2012H2-R,R,tabpfn,20260911,2019H2,27,24861,136,brier,0.005531026106134443,,,True
2012H2-R,R,tabpfn,20260911,2019H2,27,24861,136,brier_miscalibration,0.00011452271593118644,,,True
2012H2-R,R,tabpfn,20260911,2019H2,27,24861,136,brier_discrimination,2.3986674179020048e-05,,,True
2012H2-R,R,tabpfn,20260911,2019H2,27,24861,136,brier_uncertainty,0.0054404900643822765,,,True
2012H2-R,R,tabpfn,20260911,2019H2,27,24861,136,observed_over_expected,0.6063325063611178,0.5089291848477653,0.716864335135594,True
2012H2-R,R,tabpfn,20260911,2019H2,27,24861,136,log_oe,-0.5003267530234595,-0.6754463981463635,-0.33286866809063687,True
2012H2-R,R,tabpfn,20260911,2019H2,27,24861,136,cox_intercept,-2.792461501833693,-3.3804349666592444,-2.204488037008142,True
2012H2-R,R,tabpfn,20260911,2019H2,27,24861,136,cox_slope,0.4631967673072638,0.3428955028008812,0.5834980318136463,True
2012H2-R,R,tabpfn,20260911,2019H2,27,24861,136,psi,0.16348095587491093,,,True
2012H2-R,R,tabpfn,20260911,2019H2,27,24861,136,psi_critical,0.0010189224749281936,,,True
2012H2-R,R,tabpfn,20260911,2020H1,29,24880,111,auc,0.6576467460233456,0.6074257653239176,0.7078677267227736,True
2012H2-R,R,tabpfn,20260911,2020H1,29,24880,111,gini,0.3152934920466912,0.21485153064783513,0.4157354534455473,True
2012H2-R,R,tabpfn,20260911,2020H1,29,24880,111,ks,0.2853672437830054,,,True
2012H2-R,R,tabpfn,20260911,2020H1,29,24880,111,brier,0.004560586188107834,,,True
2012H2-R,R,tabpfn,20260911,2020H1,29,24880,111,brier_miscalibration,0.00012882282419104506,,,True
2012H2-R,R,tabpfn,20260911,2020H1,29,24880,111,brier_discrimination,9.747205142671134e-06,,,True
2012H2-R,R,tabpfn,20260911,2020H1,29,24880,111,brier_uncertainty,0.00444151056905946,,,True
2012H2-R,R,tabpfn,20260911,2020H1,29,24880,111,observed_over_expected,0.6013770609755688,0.49490442941448765,0.7238828684535881,True
2012H2-R,R,tabpfn,20260911,2020H1,29,24880,111,log_oe,-0.5085331518628939,-0.7033906069441475,-0.323125683588732,True
2012H2-R,R,tabpfn,20260911,2020H1,29,24880,111,cox_intercept,-3.5380115083036214,-4.183556200765262,-2.892466815841981,True
2012H2-R,R,tabpfn,20260911,2020H1,29,24880,111,cox_slope,0.3326657894546907,0.21344909774384146,0.45188248116554,True
2012H2-R,R,tabpfn,20260911,2020H1,29,24880,111,psi,0.05743202328553775,,,True
2012H2-R,R,tabpfn,20260911,2020H1,29,24880,111,psi_critical,0.0010184027677122018,,,True
2012H2-R,R,tabpfn,20260911,2020H2,31,24919,71,auc,0.67142139702348,0.606892171308691,0.7359506227382691,False
2012H2-R,R,tabpfn,20260911,2020H2,31,24919,71,gini,0.34284279404696005,0.213784342617382,0.4719012454765381,False
2012H2-R,R,tabpfn,20260911,2020H2,31,24919,71,ks,0.30456102681769953,,,False
2012H2-R,R,tabpfn,20260911,2020H2,31,24919,71,brier,0.0029409439651894138,,,False
2012H2-R,R,tabpfn,20260911,2020H2,31,24919,71,brier_miscalibration,0.000105538163423301,,,False
2012H2-R,R,tabpfn,20260911,2020H2,31,24919,71,brier_discrimination,5.707588128482308e-06,,,False
2012H2-R,R,tabpfn,20260911,2020H2,31,24919,71,brier_uncertainty,0.002841113389894595,,,False
2012H2-R,R,tabpfn,20260911,2020H2,31,24919,71,observed_over_expected,0.45290575380786263,0.3538265040950083,0.5710661767862797,False
2012H2-R,R,tabpfn,20260911,2020H2,31,24919,71,log_oe,-0.7920712241335619,-1.038948587413852,-0.5602501797433709,False
2012H2-R,R,tabpfn,20260911,2020H2,31,24919,71,cox_intercept,-3.707065465890953,-4.51479529317801,-2.8993356386038958,False
2012H2-R,R,tabpfn,20260911,2020H2,31,24919,71,cox_slope,0.3721754029729756,0.22550766225073712,0.518843143695214,False
2012H2-R,R,tabpfn,20260911,2020H2,31,24919,71,psi,0.014139314079371195,,,False
2012H2-R,R,tabpfn,20260911,2020H2,31,24919,71,psi_critical,0.0010173384832140608,,,False
2012H2-R,R,tabpfn,20260911,2021H1,33,24909,90,auc,0.7422207896280182,0.6948857224635011,0.7895558567925353,False
2012H2-R,R,tabpfn,20260911,2021H1,33,24909,90,gini,0.48444157925603637,0.3897714449270022,0.5791117135850705,False
2012H2-R,R,tabpfn,20260911,2021H1,33,24909,90,ks,0.3897041245282512,,,False
2012H2-R,R,tabpfn,20260911,2021H1,33,24909,90,brier,0.0036958505088577707,,,False
2012H2-R,R,tabpfn,20260911,2021H1,33,24909,90,brier_miscalibration,0.00011287101384206905,,,False
2012H2-R,R,tabpfn,20260911,2021H1,33,24909,90,brier_discrimination,1.71175113453108e-05,,,False
2012H2-R,R,tabpfn,20260911,2021H1,33,24909,90,brier_uncertainty,0.0036000970063610124,,,False
2012H2-R,R,tabpfn,20260911,2021H1,33,24909,90,observed_over_expected,0.4778399106396349,0.3843681245804056,0.5871030611395215,False
2012H2-R,R,tabpfn,20260911,2021H1,33,24909,90,log_oe,-0.7384795175670716,-0.9561545278518234,-0.5325549019253827,False
2012H2-R,R,tabpfn,20260911,2021H1,33,24909,90,cox_intercept,-2.5903723771910916,-3.2930031734303316,-1.8877415809518516,False
2012H2-R,R,tabpfn,20260911,2021H1,33,24909,90,cox_slope,0.5688740273463421,0.4239376286947148,0.7138104259979694,False
2012H2-R,R,tabpfn,20260911,2021H1,33,24909,90,psi,0.0455784822382945,,,False
2012H2-R,R,tabpfn,20260911,2021H1,33,24909,90,psi_critical,0.001017611058962233,,,False
2012H2-R,R,tabpfn,20260911,2021H2,35,24929,136,auc,0.7600395984635132,0.720218892406121,0.7998603045209054,True
2012H2-R,R,tabpfn,20260911,2021H2,35,24929,136,gini,0.5200791969270264,0.44043778481224205,0.5997206090418108,True
2012H2-R,R,tabpfn,20260911,2021H2,35,24929,136,ks,0.40112721569892834,,,True
2012H2-R,R,tabpfn,20260911,2021H2,35,24929,136,brier,0.005496240022058382,,,True
2012H2-R,R,tabpfn,20260911,2021H2,35,24929,136,brier_miscalibration,0.00013528740067797734,,,True
2012H2-R,R,tabpfn,20260911,2021H2,35,24929,136,brier_discrimination,6.47785700091906e-05,,,True
2012H2-R,R,tabpfn,20260911,2021H2,35,24929,136,brier_uncertainty,0.005425731191389596,,,True
2012H2-R,R,tabpfn,20260911,2021H2,35,24929,136,observed_over_expected,0.5571505832266298,0.46764747590471,0.6587176583473215,True
2012H2-R,R,tabpfn,20260911,2021H2,35,24929,136,log_oe,-0.5849197286860147,-0.7600405235186664,-0.41746027581972484,True
2012H2-R,R,tabpfn,20260911,2021H2,35,24929,136,cox_intercept,-2.0153324320135915,-2.5803025273869107,-1.4503623366402725,True
2012H2-R,R,tabpfn,20260911,2021H2,35,24929,136,cox_slope,0.6438201386121842,0.5166900301285708,0.7709502470957976,True
2012H2-R,R,tabpfn,20260911,2021H2,35,24929,136,psi,0.13628033298173686,,,True
2012H2-R,R,tabpfn,20260911,2021H2,35,24929,136,psi_critical,0.0010170661261475434,,,True
2012H2-R,R,tabpfn,20260911,2022H1,37,24889,291,auc,0.7704018067571219,0.7447674025017027,0.7960362110125411,True
2012H2-R,R,tabpfn,20260911,2022H1,37,24889,291,gini,0.5408036135142438,0.4895348050034054,0.5920724220250821,True
2012H2-R,R,tabpfn,20260911,2022H1,37,24889,291,ks,0.42530292603343556,,,True
2012H2-R,R,tabpfn,20260911,2022H1,37,24889,291,brier,0.011411044106824341,,,True
2012H2-R,R,tabpfn,20260911,2022H1,37,24889,291,brier_miscalibration,5.663884697756569e-05,,,True
2012H2-R,R,tabpfn,20260911,2022H1,37,24889,291,brier_discrimination,0.00020080602151863365,,,True
2012H2-R,R,tabpfn,20260911,2022H1,37,24889,291,brier_uncertainty,0.01155521128136541,,,True
2012H2-R,R,tabpfn,20260911,2022H1,37,24889,291,observed_over_expected,0.9814034431580191,0.8724256678389182,1.100102173294166,True
2012H2-R,R,tabpfn,20260911,2022H1,37,24889,291,log_oe,-0.018771646917959173,-0.13647782298877043,0.09540306030367596,True
2012H2-R,R,tabpfn,20260911,2022H1,37,24889,291,cox_intercept,-1.0797225039929814,-1.478265153881812,-0.6811798541041509,True
2012H2-R,R,tabpfn,20260911,2022H1,37,24889,291,cox_slope,0.7212794027786181,0.6255487564215726,0.8170100491356637,True
2012H2-R,R,tabpfn,20260911,2022H1,37,24889,291,psi,0.30409101217745055,,,True
2012H2-R,R,tabpfn,20260911,2022H1,37,24889,291,psi_critical,0.0010181568675578935,,,True
2012H2-R,R,tabpfn,20260911,2022H2,39,24859,373,auc,0.7864633595955363,0.7640983493695718,0.8088283698215007,True
2012H2-R,R,tabpfn,20260911,2022H2,39,24859,373,gini,0.5729267191910725,0.5281966987391435,0.6176567396430015,True
2012H2-R,R,tabpfn,20260911,2022H2,39,24859,373,ks,0.4494167373422773,,,True
2012H2-R,R,tabpfn,20260911,2022H2,39,24859,373,brier,0.014446732966436341,,,True
2012H2-R,R,tabpfn,20260911,2022H2,39,24859,373,brier_miscalibration,0.00010622450927310657,,,True
2012H2-R,R,tabpfn,20260911,2022H2,39,24859,373,brier_discrimination,0.0004389788298555311,,,True
2012H2-R,R,tabpfn,20260911,2022H2,39,24859,373,brier_uncertainty,0.014779487287018766,,,True
2012H2-R,R,tabpfn,20260911,2022H2,39,24859,373,observed_over_expected,1.3473158148923294,1.2149190962221086,1.4900305017532811,True
2012H2-R,R,tabpfn,20260911,2022H2,39,24859,373,log_oe,0.29811432792225456,0.1946774871039521,0.3987965907231967,True
2012H2-R,R,tabpfn,20260911,2022H2,39,24859,373,cox_intercept,-0.36479449040038137,-0.7448103467956105,0.015221365994847802,True
2012H2-R,R,tabpfn,20260911,2022H2,39,24859,373,cox_slope,0.8252790294311609,0.7329477705235863,0.9176102883387356,True
2012H2-R,R,tabpfn,20260911,2022H2,39,24859,373,psi,0.31361418385036083,,,True
2012H2-R,R,tabpfn,20260911,2022H2,39,24859,373,psi_critical,0.001018977227164634,,,True
2012H2-R,R,tabpfn,20260911,2023H1,41,24882,381,auc,0.7847121457681143,0.763879154999772,0.8055451365364567,True
2012H2-R,R,tabpfn,20260911,2023H1,41,24882,381,gini,0.5694242915362286,0.527758309999544,0.6110902730729133,True
2012H2-R,R,tabpfn,20260911,2023H1,41,24882,381,ks,0.4372497089143397,,,True
2012H2-R,R,tabpfn,20260911,2023H1,41,24882,381,brier,0.014813083104448064,,,True
2012H2-R,R,tabpfn,20260911,2023H1,41,24882,381,brier_miscalibration,7.016777719062207e-05,,,True
2012H2-R,R,tabpfn,20260911,2023H1,41,24882,381,brier_discrimination,0.00033489287270802894,,,True
2012H2-R,R,tabpfn,20260911,2023H1,41,24882,381,brier_uncertainty,0.015077808199965471,,,True
2012H2-R,R,tabpfn,20260911,2023H1,41,24882,381,observed_over_expected,1.4428953302321113,1.3025846689713543,1.5940151212106282,True
2012H2-R,R,tabpfn,20260911,2023H1,41,24882,381,log_oe,0.36665174093917174,0.2643504975010637,0.4662560666534099,True
2012H2-R,R,tabpfn,20260911,2023H1,41,24882,381,cox_intercept,-0.4002000347533986,-0.7817455032430626,-0.01865456626373463,True
2012H2-R,R,tabpfn,20260911,2023H1,41,24882,381,cox_slope,0.8007661933566821,0.7095709551124885,0.8919614316008757,True
2012H2-R,R,tabpfn,20260911,2023H1,41,24882,381,psi,0.2604311472296947,,,True
2012H2-R,R,tabpfn,20260911,2023H1,41,24882,381,psi_critical,0.0010183481078604518,,,True
2012H2-R,R,tabpfn,20260911,2023H2,43,24866,363,auc,0.8084157120694391,0.7887417969995333,0.8280896271393449,True
2012H2-R,R,tabpfn,20260911,2023H2,43,24866,363,gini,0.6168314241388781,0.5774835939990666,0.6561792542786897,True
2012H2-R,R,tabpfn,20260911,2023H2,43,24866,363,ks,0.47918155633722936,,,True
2012H2-R,R,tabpfn,20260911,2023H2,43,24866,363,brier,0.014118232283856245,,,True
2012H2-R,R,tabpfn,20260911,2023H2,43,24866,363,brier_miscalibration,9.901172864799218e-05,,,True
2012H2-R,R,tabpfn,20260911,2023H2,43,24866,363,brier_discrimination,0.00036591724273077504,,,True
2012H2-R,R,tabpfn,20260911,2023H2,43,24866,363,brier_uncertainty,0.014385137797939028,,,True
2012H2-R,R,tabpfn,20260911,2023H2,43,24866,363,observed_over_expected,1.4796598608278766,1.332293217347596,1.638682585517778,True
2012H2-R,R,tabpfn,20260911,2023H2,43,24866,363,log_oe,0.3918122375975469,0.286901681036293,0.4938926175030037,True
2012H2-R,R,tabpfn,20260911,2023H2,43,24866,363,cox_intercept,-0.19992318950452098,-0.5822930097237853,0.18244663071474326,True
2012H2-R,R,tabpfn,20260911,2023H2,43,24866,363,cox_slope,0.8448382476503147,0.7530540386840475,0.9366224566165818,True
2012H2-R,R,tabpfn,20260911,2023H2,43,24866,363,psi,0.1776101971214127,,,True
2012H2-R,R,tabpfn,20260911,2023H2,43,24866,363,psi_critical,0.0010187856328701956,,,True
2012H2-R,R,tabpfn,20260912,2013H1,1,24341,85,auc,0.839761659941021,0.7994427262352608,0.8800805936467813,False
2012H2-R,R,tabpfn,20260912,2013H1,1,24341,85,gini,0.6795233198820421,0.5988854524705216,0.7601611872935625,False
2012H2-R,R,tabpfn,20260912,2013H1,1,24341,85,ks,0.5316874902995499,,,False
2012H2-R,R,tabpfn,20260912,2013H1,1,24341,85,brier,0.0036582889154980307,,,False
2012H2-R,R,tabpfn,20260912,2013H1,1,24341,85,brier_miscalibration,0.00025531639813680413,,,False
2012H2-R,R,tabpfn,20260912,2013H1,1,24341,85,brier_discrimination,7.688351615268204e-05,,,False
2012H2-R,R,tabpfn,20260912,2013H1,1,24341,85,brier_uncertainty,0.0034798560335139086,,,False
2012H2-R,R,tabpfn,20260912,2013H1,1,24341,85,observed_over_expected,0.35469001992053106,0.28340762134373976,0.43839848243946367,False
2012H2-R,R,tabpfn,20260912,2013H1,1,24341,85,log_oe,-1.036511054275791,-1.2608690595545515,-0.8246270049431372,False
2012H2-R,R,tabpfn,20260912,2013H1,1,24341,85,cox_intercept,-1.6285452426317097,-2.2343807188136524,-1.022709766449767,False
2012H2-R,R,tabpfn,20260912,2013H1,1,24341,85,cox_slope,0.8439786122265982,0.6911658450960108,0.9967913793571856,False
2012H2-R,R,tabpfn,20260912,2013H1,1,24341,85,psi,0.0439198062289278,,,False
2012H2-R,R,tabpfn,20260912,2013H1,1,24341,85,psi_critical,0.0010334610033318997,,,False
2012H2-R,R,tabpfn,20260912,2013H2,3,23974,142,auc,0.8390124651906067,0.8086346902196822,0.8693902401615312,True
2012H2-R,R,tabpfn,20260912,2013H2,3,23974,142,gini,0.6780249303812134,0.6172693804393643,0.7387804803230624,True
2012H2-R,R,tabpfn,20260912,2013H2,3,23974,142,ks,0.5560129828990727,,,True
2012H2-R,R,tabpfn,20260912,2013H2,3,23974,142,brier,0.005943444815343816,,,True
2012H2-R,R,tabpfn,20260912,2013H2,3,23974,142,brier_miscalibration,0.0001621502555100929,,,True
2012H2-R,R,tabpfn,20260912,2013H2,3,23974,142,brier_discrimination,0.00010670586419562079,,,True
2012H2-R,R,tabpfn,20260912,2013H2,3,23974,142,brier_uncertainty,0.005888000424029344,,,True
2012H2-R,R,tabpfn,20260912,2013H2,3,23974,142,observed_over_expected,0.5562117577444353,0.4687019495545787,0.6552386842748228,True
2012H2-R,R,tabpfn,20260912,2013H2,3,23974,142,log_oe,-0.5866061979874485,-0.7577882145686801,-0.42275570625269354,True
2012H2-R,R,tabpfn,20260912,2013H2,3,23974,142,cox_intercept,-1.091407386681575,-1.5718521756693884,-0.6109625976937616,True
2012H2-R,R,tabpfn,20260912,2013H2,3,23974,142,cox_slope,0.8653322595462838,0.7429905592673429,0.9876739598252247,True
2012H2-R,R,tabpfn,20260912,2013H2,3,23974,142,psi,0.10740561598834383,,,True
2012H2-R,R,tabpfn,20260912,2013H2,3,23974,142,psi_critical,0.001044101484378237,,,True
2012H2-R,R,tabpfn,20260912,2014H1,5,24341,137,auc,0.8296037814827011,0.7987219461278591,0.8604856168375431,True
2012H2-R,R,tabpfn,20260912,2014H1,5,24341,137,gini,0.6592075629654022,0.5974438922557181,0.7209712336750862,True
2012H2-R,R,tabpfn,20260912,2014H1,5,24341,137,ks,0.5220157252164389,,,True
2012H2-R,R,tabpfn,20260912,2014H1,5,24341,137,brier,0.005650457012006523,,,True
2012H2-R,R,tabpfn,20260912,2014H1,5,24341,137,brier_miscalibration,0.00014159434419494,,,True
2012H2-R,R,tabpfn,20260912,2014H1,5,24341,137,brier_discrimination,8.78225208710854e-05,,,True
2012H2-R,R,tabpfn,20260912,2014H1,5,24341,137,brier_uncertainty,0.005596685188682668,,,True
2012H2-R,R,tabpfn,20260912,2014H1,5,24341,137,observed_over_expected,0.600016660371567,0.5039710228191516,0.7089538175687098,True
2012H2-R,R,tabpfn,20260912,2014H1,5,24341,137,log_oe,-0.5107978568655497,-0.6852365069700803,-0.3439648919922631,True
2012H2-R,R,tabpfn,20260912,2014H1,5,24341,137,cox_intercept,-1.1334204986584044,-1.6408329939282633,-0.6260080033885457,True
2012H2-R,R,tabpfn,20260912,2014H1,5,24341,137,cox_slope,0.8397929596550715,0.7173232710062138,0.9622626483039292,True
2012H2-R,R,tabpfn,20260912,2014H1,5,24341,137,psi,0.11846609850675202,,,True
2012H2-R,R,tabpfn,20260912,2014H1,5,24341,137,psi_critical,0.0010334610033318997,,,True
2012H2-R,R,tabpfn,20260912,2014H2,7,24213,99,auc,0.7960428704394865,0.75494498324882,0.837140757630153,False
2012H2-R,R,tabpfn,20260912,2014H2,7,24213,99,gini,0.592085740878973,0.50988996649764,0.6742815152603061,False
2012H2-R,R,tabpfn,20260912,2014H2,7,24213,99,ks,0.4437382031310869,,,False
2012H2-R,R,tabpfn,20260912,2014H2,7,24213,99,brier,0.004165917345378701,,,False
2012H2-R,R,tabpfn,20260912,2014H2,7,24213,99,brier_miscalibration,0.0001572883386320098,,,False
2012H2-R,R,tabpfn,20260912,2014H2,7,24213,99,brier_discrimination,6.336609692381926e-05,,,False
2012H2-R,R,tabpfn,20260912,2014H2,7,24213,99,brier_uncertainty,0.004071995103670511,,,False
2012H2-R,R,tabpfn,20260912,2014H2,7,24213,99,observed_over_expected,0.4857220125646137,0.39491403695062643,0.5910860405485593,False
2012H2-R,R,tabpfn,20260912,2014H2,7,24213,99,log_oe,-0.7221188093384685,-0.9290871657385165,-0.5257936874879271,False
2012H2-R,R,tabpfn,20260912,2014H2,7,24213,99,cox_intercept,-1.671909548850439,-2.30324633100469,-1.0405727666961881,False
2012H2-R,R,tabpfn,20260912,2014H2,7,24213,99,cox_slope,0.7664175230194672,0.623020880739435,0.9098141652994994,False
2012H2-R,R,tabpfn,20260912,2014H2,7,24213,99,psi,0.09517660381893356,,,False
2012H2-R,R,tabpfn,20260912,2014H2,7,24213,99,psi_critical,0.001037135493306651,,,False
2012H2-R,R,tabpfn,20260912,2015H1,9,24159,83,auc,0.8171923447236363,0.770468651899566,0.8639160375477066,False
2012H2-R,R,tabpfn,20260912,2015H1,9,24159,83,gini,0.6343846894472727,0.5409373037991321,0.7278320750954133,False
2012H2-R,R,tabpfn,20260912,2015H1,9,24159,83,ks,0.5309697003665101,,,False
2012H2-R,R,tabpfn,20260912,2015H1,9,24159,83,brier,0.0034786637675436344,,,False
2012H2-R,R,tabpfn,20260912,2015H1,9,24159,83,brier_miscalibration,9.86293521377992e-05,,,False
2012H2-R,R,tabpfn,20260912,2015H1,9,24159,83,brier_discrimination,4.37350894930506e-05,,,False
2012H2-R,R,tabpfn,20260912,2015H1,9,24159,83,brier_uncertainty,0.003423769504898886,,,False
2012H2-R,R,tabpfn,20260912,2015H1,9,24159,83,observed_over_expected,0.46698602671530665,0.3720742273677925,0.5786609934734365,False
2012H2-R,R,tabpfn,20260912,2015H1,9,24159,83,log_oe,-0.7614559431413929,-0.9886619086787113,-0.5470384763833616,False
2012H2-R,R,tabpfn,20260912,2015H1,9,24159,83,cox_intercept,-1.2322273405013768,-1.947160872211228,-0.5172938087915259,False
2012H2-R,R,tabpfn,20260912,2015H1,9,24159,83,cox_slope,0.8880578337758515,0.7229522504297615,1.0531634171219415,False
2012H2-R,R,tabpfn,20260912,2015H1,9,24159,83,psi,0.0628499357881563,,,False
2012H2-R,R,tabpfn,20260912,2015H1,9,24159,83,psi_critical,0.0010386973468943645,,,False
2012H2-R,R,tabpfn,20260912,2015H2,11,24159,130,auc,0.7915518748179284,0.7569613906489512,0.8261423589869057,True
2012H2-R,R,tabpfn,20260912,2015H2,11,24159,130,gini,0.5831037496358569,0.5139227812979024,0.6522847179738114,True
2012H2-R,R,tabpfn,20260912,2015H2,11,24159,130,ks,0.43266853833668933,,,True
2012H2-R,R,tabpfn,20260912,2015H2,11,24159,130,brier,0.005396179957588115,,,True
2012H2-R,R,tabpfn,20260912,2015H2,11,24159,130,brier_miscalibration,9.928508174851091e-05,,,True
2012H2-R,R,tabpfn,20260912,2015H2,11,24159,130,brier_discrimination,5.516720183710699e-05,,,True
2012H2-R,R,tabpfn,20260912,2015H2,11,24159,130,brier_uncertainty,0.005352062077676711,,,True
2012H2-R,R,tabpfn,20260912,2015H2,11,24159,130,observed_over_expected,0.6589603132313052,0.550792279114304,0.7820669191937649,True
2012H2-R,R,tabpfn,20260912,2015H2,11,24159,130,log_oe,-0.4170919690073464,-0.5963975298106631,-0.2458149676815283,True
2012H2-R,R,tabpfn,20260912,2015H2,11,24159,130,cox_intercept,-1.4110380034104857,-1.9874109616700772,-0.8346650451508941,True
2012H2-R,R,tabpfn,20260912,2015H2,11,24159,130,cox_slope,0.7582979008294166,0.6291926012278861,0.8874032004309471,True
2012H2-R,R,tabpfn,20260912,2015H2,11,24159,130,psi,0.09312148629447935,,,True
2012H2-R,R,tabpfn,20260912,2015H2,11,24159,130,psi_critical,0.0010386973468943645,,,True
2012H2-R,R,tabpfn,20260912,2016H1,13,24632,115,auc,0.7927216430125679,0.750050224631571,0.8353930613935647,True
2012H2-R,R,tabpfn,20260912,2016H1,13,24632,115,gini,0.5854432860251357,0.500100449263142,0.6707861227871295,True
2012H2-R,R,tabpfn,20260912,2016H1,13,24632,115,ks,0.4763505712983538,,,True
2012H2-R,R,tabpfn,20260912,2016H1,13,24632,115,brier,0.004702716588148119,,,True
2012H2-R,R,tabpfn,20260912,2016H1,13,24632,115,brier_miscalibration,0.00010661420957725366,,,True
2012H2-R,R,tabpfn,20260912,2016H1,13,24632,115,brier_discrimination,5.082425283017226e-05,,,True
2012H2-R,R,tabpfn,20260912,2016H1,13,24632,115,brier_uncertainty,0.004646926631401037,,,True
2012H2-R,R,tabpfn,20260912,2016H1,13,24632,115,observed_over_expected,0.5783443670365358,0.47766755277825607,0.6938898822499061,True
2012H2-R,R,tabpfn,20260912,2016H1,13,24632,115,log_oe,-0.547585797001937,-0.7388402847402169,-0.3654420021745702,True
2012H2-R,R,tabpfn,20260912,2016H1,13,24632,115,cox_intercept,-1.5024363402156045,-2.11877966350327,-0.8860930169279386,True
2012H2-R,R,tabpfn,20260912,2016H1,13,24632,115,cox_slope,0.7689565838131964,0.6306960195208927,0.9072171481055001,True
2012H2-R,R,tabpfn,20260912,2016H1,13,24632,115,psi,0.09666375383893286,,,True
2012H2-R,R,tabpfn,20260912,2016H1,13,24632,115,psi_critical,0.001025249380146178,,,True
2012H2-R,R,tabpfn,20260912,2016H2,15,24760,121,auc,0.7828749623908074,0.7442885191219079,0.821461405659707,True
2012H2-R,R,tabpfn,20260912,2016H2,15,24760,121,gini,0.5657499247816149,0.4885770382438157,0.6429228113194141,True
2012H2-R,R,tabpfn,20260912,2016H2,15,24760,121,ks,0.4676842699489723,,,True
2012H2-R,R,tabpfn,20260912,2016H2,15,24760,121,brier,0.004913670095648473,,,True
2012H2-R,R,tabpfn,20260912,2016H2,15,24760,121,brier_miscalibration,8.833037140365107e-05,,,True
2012H2-R,R,tabpfn,20260912,2016H2,15,24760,121,brier_discrimination,3.769272164606992e-05,,,True
2012H2-R,R,tabpfn,20260912,2016H2,15,24760,121,brier_uncertainty,0.004863032445890892,,,True
2012H2-R,R,tabpfn,20260912,2016H2,15,24760,121,observed_over_expected,0.6561701851168688,0.5446884218049107,0.7836659852233773,True
2012H2-R,R,tabpfn,20260912,2016H2,15,24760,121,log_oe,-0.42133509515199846,-0.6075413509136843,-0.24377238866813428,True
2012H2-R,R,tabpfn,20260912,2016H2,15,24760,121,cox_intercept,-1.613859968236264,-2.23784995604551,-0.9898699804270179,True
2012H2-R,R,tabpfn,20260912,2016H2,15,24760,121,cox_slope,0.7192683022368126,0.5844706714293036,0.8540659330443215,True
2012H2-R,R,tabpfn,20260912,2016H2,15,24760,121,psi,0.06875347060068347,,,True
2012H2-R,R,tabpfn,20260912,2016H2,15,24760,121,psi_critical,0.0010216985183533315,,,True
2012H2-R,R,tabpfn,20260912,2017H1,17,24541,162,auc,0.7988746639361239,0.7697914747483365,0.8279578531239113,True
2012H2-R,R,tabpfn,20260912,2017H1,17,24541,162,gini,0.5977493278722479,0.5395829494966731,0.6559157062478227,True
2012H2-R,R,tabpfn,20260912,2017H1,17,24541,162,ks,0.4808418903336661,,,True
2012H2-R,R,tabpfn,20260912,2017H1,17,24541,162,brier,0.006585764773936842,,,True
2012H2-R,R,tabpfn,20260912,2017H1,17,24541,162,brier_miscalibration,0.00010004924949681693,,,True
2012H2-R,R,tabpfn,20260912,2017H1,17,24541,162,brier_discrimination,7.190665577997205e-05,,,True
2012H2-R,R,tabpfn,20260912,2017H1,17,24541,162,brier_uncertainty,0.006557622180219997,,,True
2012H2-R,R,tabpfn,20260912,2017H1,17,24541,162,observed_over_expected,0.7216750292937352,0.615110894923119,0.8412972099594248,True
2012H2-R,R,tabpfn,20260912,2017H1,17,24541,162,log_oe,-0.3261803393449044,-0.4859527104826051,-0.17281028077530564,True
2012H2-R,R,tabpfn,20260912,2017H1,17,24541,162,cox_intercept,-1.200362431250667,-1.7236323185320672,-0.6770925439692669,True
2012H2-R,R,tabpfn,20260912,2017H1,17,24541,162,cox_slope,0.7825505004685384,0.661711000979546,0.9033899999575307,True
2012H2-R,R,tabpfn,20260912,2017H1,17,24541,162,psi,0.1627696984320794,,,True
2012H2-R,R,tabpfn,20260912,2017H1,17,24541,162,psi_critical,0.001027796348662249,,,True
2012H2-R,R,tabpfn,20260912,2017H2,19,24680,143,auc,0.8055823216600817,0.7734448556669831,0.8377197876531803,True
2012H2-R,R,tabpfn,20260912,2017H2,19,24680,143,gini,0.6111646433201634,0.5468897113339661,0.6754395753063607,True
2012H2-R,R,tabpfn,20260912,2017H2,19,24680,143,ks,0.4869968031723747,,,True
2012H2-R,R,tabpfn,20260912,2017H2,19,24680,143,brier,0.005771304287021467,,,True
2012H2-R,R,tabpfn,20260912,2017H2,19,24680,143,brier_miscalibration,8.137881867584414e-05,,,True
2012H2-R,R,tabpfn,20260912,2017H2,19,24680,143,brier_discrimination,7.06674959900953e-05,,,True
2012H2-R,R,tabpfn,20260912,2017H2,19,24680,143,brier_uncertainty,0.005760592964335718,,,True
2012H2-R,R,tabpfn,20260912,2017H2,19,24680,143,observed_over_expected,0.6489809729931996,0.547212626091463,0.7640955986219338,True
2012H2-R,R,tabpfn,20260912,2017H2,19,24680,143,log_oe,-0.43235188012969156,-0.6029178389424402,-0.2690623685573069,True
2012H2-R,R,tabpfn,20260912,2017H2,19,24680,143,cox_intercept,-1.0586769728371554,-1.6298567303818567,-0.48749721529245416,True
2012H2-R,R,tabpfn,20260912,2017H2,19,24680,143,cox_slope,0.8453055927877899,0.7112224188180233,0.9793887667575566,True
2012H2-R,R,tabpfn,20260912,2017H2,19,24680,143,psi,0.16292609486561663,,,True
2012H2-R,R,tabpfn,20260912,2017H2,19,24680,143,psi_critical,0.0010239134906912925,,,True
2012H2-R,R,tabpfn,20260912,2018H1,21,24416,148,auc,0.7590846471162113,0.7231628253332403,0.7950064688991823,True
2012H2-R,R,tabpfn,20260912,2018H1,21,24416,148,gini,0.5181692942324225,0.44632565066648056,0.5900129377983645,True
2012H2-R,R,tabpfn,20260912,2018H1,21,24416,148,ks,0.41095046752702924,,,True
2012H2-R,R,tabpfn,20260912,2018H1,21,24416,148,brier,0.0060750878660244655,,,True
2012H2-R,R,tabpfn,20260912,2018H1,21,24416,148,brier_miscalibration,9.840318618468263e-05,,,True
2012H2-R,R,tabpfn,20260912,2018H1,21,24416,148,brier_discrimination,4.81712898185117e-05,,,True
2012H2-R,R,tabpfn,20260912,2018H1,21,24416,148,brier_uncertainty,0.006024855969658295,,,True
2012H2-R,R,tabpfn,20260912,2018H1,21,24416,148,observed_over_expected,0.69177175916712,0.5850752649771394,0.812200214060309,True
2012H2-R,R,tabpfn,20260912,2018H1,21,24416,148,log_oe,-0.36849920556279653,-0.5360147819454415,-0.20800840017381952,True
2012H2-R,R,tabpfn,20260912,2018H1,21,24416,148,cox_intercept,-1.687285260432071,-2.2537317648680286,-1.1208387559961133,True
2012H2-R,R,tabpfn,20260912,2018H1,21,24416,148,cox_slope,0.6820905005463368,0.5575387972881931,0.8066422038044805,True
2012H2-R,R,tabpfn,20260912,2018H1,21,24416,148,psi,0.1627951518915933,,,True
2012H2-R,R,tabpfn,20260912,2018H1,21,24416,148,psi_critical,0.0010313258825568766,,,True
2012H2-R,R,tabpfn,20260912,2018H2,23,24543,146,auc,0.7703761297846524,0.7334767316944749,0.8072755278748299,True
2012H2-R,R,tabpfn,20260912,2018H2,23,24543,146,gini,0.5407522595693048,0.46695346338894983,0.6145510557496598,True
2012H2-R,R,tabpfn,20260912,2018H2,23,24543,146,ks,0.4275722200292985,,,True
2012H2-R,R,tabpfn,20260912,2018H2,23,24543,146,brier,0.005936672371648526,,,True
2012H2-R,R,tabpfn,20260912,2018H2,23,24543,146,brier_miscalibration,8.739387348541232e-05,,,True
2012H2-R,R,tabpfn,20260912,2018H2,23,24543,146,brier_discrimination,6.407698074012771e-05,,,True
2012H2-R,R,tabpfn,20260912,2018H2,23,24543,146,brier_uncertainty,0.005913355478903241,,,True
2012H2-R,R,tabpfn,20260912,2018H2,23,24543,146,observed_over_expected,0.6629891153173351,0.5600587606659968,0.779265807010559,True
2012H2-R,R,tabpfn,20260912,2018H2,23,24543,146,log_oe,-0.4109967062502935,-0.5797135709969758,-0.24940307563755953,True
2012H2-R,R,tabpfn,20260912,2018H2,23,24543,146,cox_intercept,-1.5115754433144435,-2.083892372032029,-0.9392585145968579,True
2012H2-R,R,tabpfn,20260912,2018H2,23,24543,146,cox_slope,0.7318278560791819,0.6029573746682646,0.8606983374900992,True
2012H2-R,R,tabpfn,20260912,2018H2,23,24543,146,psi,0.17731643647806922,,,True
2012H2-R,R,tabpfn,20260912,2018H2,23,24543,146,psi_critical,0.0010277401683422742,,,True
2012H2-R,R,tabpfn,20260912,2019H1,25,24752,110,auc,0.709704790785872,0.6586263685295392,0.7607832130422049,True
2012H2-R,R,tabpfn,20260912,2019H1,25,24752,110,gini,0.419409581571744,0.3172527370590783,0.5215664260844097,True
2012H2-R,R,tabpfn,20260912,2019H1,25,24752,110,ks,0.35522574171222826,,,True
2012H2-R,R,tabpfn,20260912,2019H1,25,24752,110,brier,0.004517341290341684,,,True
2012H2-R,R,tabpfn,20260912,2019H1,25,24752,110,brier_miscalibration,0.0001277740538808067,,,True
2012H2-R,R,tabpfn,20260912,2019H1,25,24752,110,brier_discrimination,3.4768195588725896e-05,,,True
2012H2-R,R,tabpfn,20260912,2019H1,25,24752,110,brier_uncertainty,0.004424335432049603,,,True
2012H2-R,R,tabpfn,20260912,2019H1,25,24752,110,observed_over_expected,0.5136160493813348,0.4222886982145489,0.6187636571662564,True
2012H2-R,R,tabpfn,20260912,2019H1,25,24752,110,log_oe,-0.6662792782991853,-0.8620660798570285,-0.48003189315493505,True
2012H2-R,R,tabpfn,20260912,2019H1,25,24752,110,cox_intercept,-2.504049523597509,-3.187449854675747,-1.8206491925192712,True
2012H2-R,R,tabpfn,20260912,2019H1,25,24752,110,cox_slope,0.5702367048458553,0.42637308162670107,0.7141003280650096,True
2012H2-R,R,tabpfn,20260912,2019H1,25,24752,110,psi,0.1967659619268722,,,True
2012H2-R,R,tabpfn,20260912,2019H1,25,24752,110,psi_critical,0.0010219193712836033,,,True
2012H2-R,R,tabpfn,20260912,2019H2,27,24861,136,auc,0.6898194849223815,0.6457802492156421,0.7338587206291209,True
2012H2-R,R,tabpfn,20260912,2019H2,27,24861,136,gini,0.3796389698447631,0.2915604984312843,0.4677174412582419,True
2012H2-R,R,tabpfn,20260912,2019H2,27,24861,136,ks,0.28137155772319045,,,True
2012H2-R,R,tabpfn,20260912,2019H2,27,24861,136,brier,0.005507749070391519,,,True
2012H2-R,R,tabpfn,20260912,2019H2,27,24861,136,brier_miscalibration,8.782763198108764e-05,,,True
2012H2-R,R,tabpfn,20260912,2019H2,27,24861,136,brier_discrimination,2.0568625971844993e-05,,,True
2012H2-R,R,tabpfn,20260912,2019H2,27,24861,136,brier_uncertainty,0.0054404900643822765,,,True
2012H2-R,R,tabpfn,20260912,2019H2,27,24861,136,observed_over_expected,0.7161523100185023,0.6011071607424094,0.8467038204141304,True
2012H2-R,R,tabpfn,20260912,2019H2,27,24861,136,log_oe,-0.3338624111543964,-0.5089820562773005,-0.16640432622157372,True
2012H2-R,R,tabpfn,20260912,2019H2,27,24861,136,cox_intercept,-2.6056661842792472,-3.239165927052254,-1.9721664415062405,True
2012H2-R,R,tabpfn,20260912,2019H2,27,24861,136,cox_slope,0.48944550174387563,0.36316340219229365,0.6157276012954576,True
2012H2-R,R,tabpfn,20260912,2019H2,27,24861,136,psi,0.1284973008552464,,,True
2012H2-R,R,tabpfn,20260912,2019H2,27,24861,136,psi_critical,0.0010189224749281936,,,True
2012H2-R,R,tabpfn,20260912,2020H1,29,24880,111,auc,0.6531878885223793,0.6008919368773374,0.7054838401674212,True
2012H2-R,R,tabpfn,20260912,2020H1,29,24880,111,gini,0.3063757770447586,0.20178387375467488,0.4109676803348423,True
2012H2-R,R,tabpfn,20260912,2020H1,29,24880,111,ks,0.27636223570657736,,,True
2012H2-R,R,tabpfn,20260912,2020H1,29,24880,111,brier,0.004525547134026783,,,True
2012H2-R,R,tabpfn,20260912,2020H1,29,24880,111,brier_miscalibration,9.334184274683785e-05,,,True
2012H2-R,R,tabpfn,20260912,2020H1,29,24880,111,brier_discrimination,9.305277779514919e-06,,,True
2012H2-R,R,tabpfn,20260912,2020H1,29,24880,111,brier_uncertainty,0.00444151056905946,,,True
2012H2-R,R,tabpfn,20260912,2020H1,29,24880,111,observed_over_expected,0.7020792688282284,0.5777775084728263,0.8450990035714424,True
2012H2-R,R,tabpfn,20260912,2020H1,29,24880,111,log_oe,-0.35370896277241665,-0.5485664178536701,-0.1683014944982547,True
2012H2-R,R,tabpfn,20260912,2020H1,29,24880,111,cox_intercept,-3.3782045735587047,-4.087468084971273,-2.6689410621461365,True
2012H2-R,R,tabpfn,20260912,2020H1,29,24880,111,cox_slope,0.358092966470189,0.22852716023888503,0.487658772701493,True
2012H2-R,R,tabpfn,20260912,2020H1,29,24880,111,psi,0.04026273418787012,,,True
2012H2-R,R,tabpfn,20260912,2020H1,29,24880,111,psi_critical,0.0010184027677122018,,,True
2012H2-R,R,tabpfn,20260912,2020H2,31,24919,71,auc,0.6630051558546384,0.5962159742445278,0.729794337464749,False
2012H2-R,R,tabpfn,20260912,2020H2,31,24919,71,gini,0.32601031170927675,0.19243194848905554,0.45958867492949795,False
2012H2-R,R,tabpfn,20260912,2020H2,31,24919,71,ks,0.31877420349527946,,,False
2012H2-R,R,tabpfn,20260912,2020H2,31,24919,71,brier,0.0029037978383925256,,,False
2012H2-R,R,tabpfn,20260912,2020H2,31,24919,71,brier_miscalibration,6.835520623227733e-05,,,False
2012H2-R,R,tabpfn,20260912,2020H2,31,24919,71,brier_discrimination,5.670757734346776e-06,,,False
2012H2-R,R,tabpfn,20260912,2020H2,31,24919,71,brier_uncertainty,0.002841113389894595,,,False
2012H2-R,R,tabpfn,20260912,2020H2,31,24919,71,observed_over_expected,0.5478055289790287,0.4279656719150331,0.6907247400287025,False
2012H2-R,R,tabpfn,20260912,2020H2,31,24919,71,log_oe,-0.6018349291427053,-0.8487122924229954,-0.37001388475251407,False
2012H2-R,R,tabpfn,20260912,2020H2,31,24919,71,cox_intercept,-3.5869388032886587,-4.4887671298919,-2.6851104766854172,False
2012H2-R,R,tabpfn,20260912,2020H2,31,24919,71,cox_slope,0.38769231762868955,0.2272741290474537,0.5481105062099254,False
2012H2-R,R,tabpfn,20260912,2020H2,31,24919,71,psi,0.012721826356805624,,,False
2012H2-R,R,tabpfn,20260912,2020H2,31,24919,71,psi_critical,0.0010173384832140608,,,False
2012H2-R,R,tabpfn,20260912,2021H1,33,24909,90,auc,0.743786346481862,0.6950232533128928,0.7925494396508312,False
2012H2-R,R,tabpfn,20260912,2021H1,33,24909,90,gini,0.4875726929637241,0.39004650662578566,0.5850988793016625,False
2012H2-R,R,tabpfn,20260912,2021H1,33,24909,90,ks,0.38596371059806334,,,False
2012H2-R,R,tabpfn,20260912,2021H1,33,24909,90,brier,0.0036575159397056333,,,False
2012H2-R,R,tabpfn,20260912,2021H1,33,24909,90,brier_miscalibration,7.509196243670954e-05,,,False
2012H2-R,R,tabpfn,20260912,2021H1,33,24909,90,brier_discrimination,1.7673029092088715e-05,,,False
2012H2-R,R,tabpfn,20260912,2021H1,33,24909,90,brier_uncertainty,0.0036000970063610124,,,False
2012H2-R,R,tabpfn,20260912,2021H1,33,24909,90,observed_over_expected,0.5755735306559487,0.4629837600635096,0.7071845072686579,False
2012H2-R,R,tabpfn,20260912,2021H1,33,24909,90,log_oe,-0.5523882906830921,-0.7700633009678439,-0.3464636750414032,False
2012H2-R,R,tabpfn,20260912,2021H1,33,24909,90,cox_intercept,-2.2808047747256186,-3.036280345812385,-1.5253292036388522,False
2012H2-R,R,tabpfn,20260912,2021H1,33,24909,90,cox_slope,0.6152151686220869,0.46336328981121594,0.767067047432958,False
2012H2-R,R,tabpfn,20260912,2021H1,33,24909,90,psi,0.023334577161845286,,,False
2012H2-R,R,tabpfn,20260912,2021H1,33,24909,90,psi_critical,0.001017611058962233,,,False
2012H2-R,R,tabpfn,20260912,2021H2,35,24929,136,auc,0.7642654710413992,0.7231362059108172,0.8053947361719812,True
2012H2-R,R,tabpfn,20260912,2021H2,35,24929,136,gini,0.5285309420827984,0.44627241182163435,0.6107894723439624,True
2012H2-R,R,tabpfn,20260912,2021H2,35,24929,136,ks,0.4293974698740868,,,True
2012H2-R,R,tabpfn,20260912,2021H2,35,24929,136,brier,0.00544813847675251,,,True
2012H2-R,R,tabpfn,20260912,2021H2,35,24929,136,brier_miscalibration,7.774811889045986e-05,,,True
2012H2-R,R,tabpfn,20260912,2021H2,35,24929,136,brier_discrimination,5.534083352754567e-05,,,True
2012H2-R,R,tabpfn,20260912,2021H2,35,24929,136,brier_uncertainty,0.005425731191389596,,,True
2012H2-R,R,tabpfn,20260912,2021H2,35,24929,136,observed_over_expected,0.6707874699959506,0.5630292360019186,0.7930702484874247,True
2012H2-R,R,tabpfn,20260912,2021H2,35,24929,136,log_oe,-0.3993029284026063,-0.5744237232352578,-0.23184347553631618,True
2012H2-R,R,tabpfn,20260912,2021H2,35,24929,136,cox_intercept,-1.6837875010628427,-2.2729685363053562,-1.0946064658203292,True
2012H2-R,R,tabpfn,20260912,2021H2,35,24929,136,cox_slope,0.6928435469245298,0.5640851255190634,0.8216019683299961,True
2012H2-R,R,tabpfn,20260912,2021H2,35,24929,136,psi,0.08095912419146035,,,True
2012H2-R,R,tabpfn,20260912,2021H2,35,24929,136,psi_critical,0.0010170661261475434,,,True
2012H2-R,R,tabpfn,20260912,2022H1,37,24889,291,auc,0.7642279608684974,0.7387111232424555,0.7897447984945394,True
2012H2-R,R,tabpfn,20260912,2022H1,37,24889,291,gini,0.5284559217369948,0.47742224648491094,0.5794895969890788,True
2012H2-R,R,tabpfn,20260912,2022H1,37,24889,291,ks,0.41453206739631,,,True
2012H2-R,R,tabpfn,20260912,2022H1,37,24889,291,brier,0.01144943020965787,,,True
2012H2-R,R,tabpfn,20260912,2022H1,37,24889,291,brier_miscalibration,6.070696632503626e-05,,,True
2012H2-R,R,tabpfn,20260912,2022H1,37,24889,291,brier_discrimination,0.00016648803803257645,,,True
2012H2-R,R,tabpfn,20260912,2022H1,37,24889,291,brier_uncertainty,0.01155521128136541,,,True
2012H2-R,R,tabpfn,20260912,2022H1,37,24889,291,observed_over_expected,1.171425155919246,1.0413468396723409,1.3131066218102965,True
2012H2-R,R,tabpfn,20260912,2022H1,37,24889,291,log_oe,0.158221089531951,0.04051491346113979,0.27239579675358616,True
2012H2-R,R,tabpfn,20260912,2022H1,37,24889,291,cox_intercept,-1.0607892416769367,-1.4618651691505806,-0.6597133142032926,True
2012H2-R,R,tabpfn,20260912,2022H1,37,24889,291,cox_slope,0.6938052912091685,0.6028421647025698,0.7847684177157671,True
2012H2-R,R,tabpfn,20260912,2022H1,37,24889,291,psi,0.20613996020230696,,,True
2012H2-R,R,tabpfn,20260912,2022H1,37,24889,291,psi_critical,0.0010181568675578935,,,True
2012H2-R,R,tabpfn,20260912,2022H2,39,24859,373,auc,0.7790972200780486,0.7565303195105593,0.8016641206455379,True
2012H2-R,R,tabpfn,20260912,2022H2,39,24859,373,gini,0.5581944401560972,0.5130606390211185,0.6033282412910759,True
2012H2-R,R,tabpfn,20260912,2022H2,39,24859,373,ks,0.43975284667783027,,,True
2012H2-R,R,tabpfn,20260912,2022H2,39,24859,373,brier,0.014537218584988142,,,True
2012H2-R,R,tabpfn,20260912,2022H2,39,24859,373,brier_miscalibration,0.00011361518201109116,,,True
2012H2-R,R,tabpfn,20260912,2022H2,39,24859,373,brier_discrimination,0.0003558838840417144,,,True
2012H2-R,R,tabpfn,20260912,2022H2,39,24859,373,brier_uncertainty,0.014779487287018766,,,True
2012H2-R,R,tabpfn,20260912,2022H2,39,24859,373,observed_over_expected,1.69927192937328,1.5322895299308623,1.8792676353625943,True
2012H2-R,R,tabpfn,20260912,2022H2,39,24859,373,log_oe,0.5301998824862044,0.426763041667902,0.6308821452871467,True
2012H2-R,R,tabpfn,20260912,2022H2,39,24859,373,cox_intercept,-0.37006950524490495,-0.742420245649575,0.002281235159765138,True
2012H2-R,R,tabpfn,20260912,2022H2,39,24859,373,cox_slope,0.7755002846714913,0.6915000339442567,0.859500535398726,True
2012H2-R,R,tabpfn,20260912,2022H2,39,24859,373,psi,0.18277730080525645,,,True
2012H2-R,R,tabpfn,20260912,2022H2,39,24859,373,psi_critical,0.001018977227164634,,,True
2012H2-R,R,tabpfn,20260912,2023H1,41,24882,381,auc,0.7843354939393443,0.7631492319167306,0.8055217559619581,True
2012H2-R,R,tabpfn,20260912,2023H1,41,24882,381,gini,0.5686709878786886,0.5262984638334611,0.6110435119239161,True
2012H2-R,R,tabpfn,20260912,2023H1,41,24882,381,ks,0.44068424653726174,,,True
2012H2-R,R,tabpfn,20260912,2023H1,41,24882,381,brier,0.014872625867768314,,,True
2012H2-R,R,tabpfn,20260912,2023H1,41,24882,381,brier_miscalibration,0.00013276376557320828,,,True
2012H2-R,R,tabpfn,20260912,2023H1,41,24882,381,brier_discrimination,0.00033794609777036515,,,True
2012H2-R,R,tabpfn,20260912,2023H1,41,24882,381,brier_uncertainty,0.015077808199965471,,,True
2012H2-R,R,tabpfn,20260912,2023H1,41,24882,381,observed_over_expected,1.8509364619598154,1.6709468858015435,2.044791917296889,True
2012H2-R,R,tabpfn,20260912,2023H1,41,24882,381,log_oe,0.6156917066703861,0.5133904632322782,0.7152960323846244,True
2012H2-R,R,tabpfn,20260912,2023H1,41,24882,381,cox_intercept,-0.2501847565002695,-0.6277971690927031,0.12742765609216405,True
2012H2-R,R,tabpfn,20260912,2023H1,41,24882,381,cox_slope,0.7864902436393867,0.7021535276875056,0.8708269595912678,True
2012H2-R,R,tabpfn,20260912,2023H1,41,24882,381,psi,0.14163679186926603,,,True
2012H2-R,R,tabpfn,20260912,2023H1,41,24882,381,psi_critical,0.0010183481078604518,,,True
2012H2-R,R,tabpfn,20260912,2023H2,43,24866,363,auc,0.7950562977108891,0.774446373160136,0.8156662222616423,True
2012H2-R,R,tabpfn,20260912,2023H2,43,24866,363,gini,0.5901125954217783,0.548892746320272,0.6313324445232846,True
2012H2-R,R,tabpfn,20260912,2023H2,43,24866,363,ks,0.4664692207813087,,,True
2012H2-R,R,tabpfn,20260912,2023H2,43,24866,363,brier,0.01417445053252096,,,True
2012H2-R,R,tabpfn,20260912,2023H2,43,24866,363,brier_miscalibration,0.00012960054480311636,,,True
2012H2-R,R,tabpfn,20260912,2023H2,43,24866,363,brier_discrimination,0.00034028781022118516,,,True
2012H2-R,R,tabpfn,20260912,2023H2,43,24866,363,brier_uncertainty,0.014385137797939028,,,True
2012H2-R,R,tabpfn,20260912,2023H2,43,24866,363,observed_over_expected,1.8573143060044839,1.672335188566881,2.05692449302484,True
2012H2-R,R,tabpfn,20260912,2023H2,43,24866,363,log_oe,0.619131522762921,0.5142209662016672,0.721211902668378,True
2012H2-R,R,tabpfn,20260912,2023H2,43,24866,363,cox_intercept,-0.25139458118449376,-0.6268066726546371,0.12401751028564956,True
2012H2-R,R,tabpfn,20260912,2023H2,43,24866,363,cox_slope,0.7853967862592767,0.7020547315034081,0.8687388410151452,True
2012H2-R,R,tabpfn,20260912,2023H2,43,24866,363,psi,0.08494531103841219,,,True
2012H2-R,R,tabpfn,20260912,2023H2,43,24866,363,psi_critical,0.0010187856328701956,,,True
2012H2-R,R,tabpfn,20260913,2013H1,1,24341,85,auc,0.8431180156759274,0.8029402010567851,0.8832958302950696,False
2012H2-R,R,tabpfn,20260913,2013H1,1,24341,85,gini,0.6862360313518547,0.6058804021135702,0.7665916605901393,False
2012H2-R,R,tabpfn,20260913,2013H1,1,24341,85,ks,0.5505097586528015,,,False
2012H2-R,R,tabpfn,20260913,2013H1,1,24341,85,brier,0.0037350831900384083,,,False
2012H2-R,R,tabpfn,20260913,2013H1,1,24341,85,brier_miscalibration,0.0003191787984596181,,,False
2012H2-R,R,tabpfn,20260913,2013H1,1,24341,85,brier_discrimination,6.395164193511837e-05,,,False
2012H2-R,R,tabpfn,20260913,2013H1,1,24341,85,brier_uncertainty,0.0034798560335139086,,,False
2012H2-R,R,tabpfn,20260913,2013H1,1,24341,85,observed_over_expected,0.33632965093725226,0.2687371535879505,0.41570498263052785,False
2012H2-R,R,tabpfn,20260913,2013H1,1,24341,85,log_oe,-1.0896634960069644,-1.3140215012857248,-0.8777794466743105,False
2012H2-R,R,tabpfn,20260913,2013H1,1,24341,85,cox_intercept,-1.8162356002651021,-2.3898636876678294,-1.2426075128623748,False
2012H2-R,R,tabpfn,20260913,2013H1,1,24341,85,cox_slope,0.802150844103159,0.6563767808049834,0.9479249074013345,False
2012H2-R,R,tabpfn,20260913,2013H1,1,24341,85,psi,0.045263316516012085,,,False
2012H2-R,R,tabpfn,20260913,2013H1,1,24341,85,psi_critical,0.0010334610033318997,,,False
2012H2-R,R,tabpfn,20260913,2013H2,3,23974,142,auc,0.8453254353242653,0.8160213447078046,0.874629525940726,True
2012H2-R,R,tabpfn,20260913,2013H2,3,23974,142,gini,0.6906508706485306,0.6320426894156093,0.7492590518814519,True
2012H2-R,R,tabpfn,20260913,2013H2,3,23974,142,ks,0.551852403443825,,,True
2012H2-R,R,tabpfn,20260913,2013H2,3,23974,142,brier,0.005998410262825939,,,True
2012H2-R,R,tabpfn,20260913,2013H2,3,23974,142,brier_miscalibration,0.0002202024886615089,,,True
2012H2-R,R,tabpfn,20260913,2013H2,3,23974,142,brier_discrimination,0.00010979264986491367,,,True
2012H2-R,R,tabpfn,20260913,2013H2,3,23974,142,brier_uncertainty,0.005888000424029344,,,True
2012H2-R,R,tabpfn,20260913,2013H2,3,23974,142,observed_over_expected,0.5240904910284969,0.44163438019398926,0.6173986058386121,True
2012H2-R,R,tabpfn,20260913,2013H2,3,23974,142,log_oe,-0.6460909167683053,-0.8172729333495367,-0.4822404250335502,True
2012H2-R,R,tabpfn,20260913,2013H2,3,23974,142,cox_intercept,-1.2208117564995737,-1.682077336340458,-0.7595461766586895,True
2012H2-R,R,tabpfn,20260913,2013H2,3,23974,142,cox_slope,0.8420297441363203,0.7221990274925882,0.9618604607800523,True
2012H2-R,R,tabpfn,20260913,2013H2,3,23974,142,psi,0.09119411019381815,,,True
2012H2-R,R,tabpfn,20260913,2013H2,3,23974,142,psi_critical,0.001044101484378237,,,True
2012H2-R,R,tabpfn,20260913,2014H1,5,24341,137,auc,0.8239676858623839,0.7932807872882646,0.8546545844365032,True
2012H2-R,R,tabpfn,20260913,2014H1,5,24341,137,gini,0.6479353717247678,0.5865615745765291,0.7093091688730064,True
2012H2-R,R,tabpfn,20260913,2014H1,5,24341,137,ks,0.4968114699024231,,,True
2012H2-R,R,tabpfn,20260913,2014H1,5,24341,137,brier,0.005707394657661071,,,True
2012H2-R,R,tabpfn,20260913,2014H1,5,24341,137,brier_miscalibration,0.00020148334922943413,,,True
2012H2-R,R,tabpfn,20260913,2014H1,5,24341,137,brier_discrimination,9.077388025103151e-05,,,True
2012H2-R,R,tabpfn,20260913,2014H1,5,24341,137,brier_uncertainty,0.005596685188682668,,,True
2012H2-R,R,tabpfn,20260913,2014H1,5,24341,137,observed_over_expected,0.558341250745582,0.4689666634358501,0.6597119502932492,True
2012H2-R,R,tabpfn,20260913,2014H1,5,24341,137,log_oe,-0.582784943051773,-0.7572235931563036,-0.41595197817848645,True
2012H2-R,R,tabpfn,20260913,2014H1,5,24341,137,cox_intercept,-1.443931235721333,-1.9312672366664057,-0.9565952347762602,True
2012H2-R,R,tabpfn,20260913,2014H1,5,24341,137,cox_slope,0.7721526068430884,0.6544398888868289,0.8898653247993479,True
2012H2-R,R,tabpfn,20260913,2014H1,5,24341,137,psi,0.08591831905357175,,,True
2012H2-R,R,tabpfn,20260913,2014H1,5,24341,137,psi_critical,0.0010334610033318997,,,True
2012H2-R,R,tabpfn,20260913,2014H2,7,24213,99,auc,0.8009432049616175,0.7627979961639739,0.8390884137592611,False
2012H2-R,R,tabpfn,20260913,2014H2,7,24213,99,gini,0.601886409923235,0.5255959923279478,0.6781768275185223,False
2012H2-R,R,tabpfn,20260913,2014H2,7,24213,99,ks,0.46151236173629806,,,False
2012H2-R,R,tabpfn,20260913,2014H2,7,24213,99,brier,0.004207151262050526,,,False
2012H2-R,R,tabpfn,20260913,2014H2,7,24213,99,brier_miscalibration,0.00021230585313435947,,,False
2012H2-R,R,tabpfn,20260913,2014H2,7,24213,99,brier_discrimination,7.714969475434378e-05,,,False
2012H2-R,R,tabpfn,20260913,2014H2,7,24213,99,brier_uncertainty,0.004071995103670511,,,False
2012H2-R,R,tabpfn,20260913,2014H2,7,24213,99,observed_over_expected,0.454442373336525,0.36948227087376895,0.5530211441204633,False
2012H2-R,R,tabpfn,20260913,2014H2,7,24213,99,log_oe,-0.7886841647420837,-0.9956525211421317,-0.5923590428915423,False
2012H2-R,R,tabpfn,20260913,2014H2,7,24213,99,cox_intercept,-1.8659362296446227,-2.4708548096747682,-1.2610176496144772,False
2012H2-R,R,tabpfn,20260913,2014H2,7,24213,99,cox_slope,0.7278438501355454,0.5889159288943149,0.866771771376776,False
2012H2-R,R,tabpfn,20260913,2014H2,7,24213,99,psi,0.07039043340845959,,,False
2012H2-R,R,tabpfn,20260913,2014H2,7,24213,99,psi_critical,0.001037135493306651,,,False
2012H2-R,R,tabpfn,20260913,2015H1,9,24159,83,auc,0.8254773538413497,0.7824472087636486,0.8685074989190508,False
2012H2-R,R,tabpfn,20260913,2015H1,9,24159,83,gini,0.6509547076826994,0.5648944175272972,0.7370149978381015,False
2012H2-R,R,tabpfn,20260913,2015H1,9,24159,83,ks,0.5464593045716676,,,False
2012H2-R,R,tabpfn,20260913,2015H1,9,24159,83,brier,0.0035135540151994553,,,False
2012H2-R,R,tabpfn,20260913,2015H1,9,24159,83,brier_miscalibration,0.00013301744588998079,,,False
2012H2-R,R,tabpfn,20260913,2015H1,9,24159,83,brier_discrimination,4.323293558941132e-05,,,False
2012H2-R,R,tabpfn,20260913,2015H1,9,24159,83,brier_uncertainty,0.003423769504898886,,,False
2012H2-R,R,tabpfn,20260913,2015H1,9,24159,83,observed_over_expected,0.4374426958016533,0.3485353816749428,0.5420526749392477,False
2012H2-R,R,tabpfn,20260913,2015H1,9,24159,83,log_oe,-0.826809562788024,-1.0540155283253425,-0.6123920960299927,False
2012H2-R,R,tabpfn,20260913,2015H1,9,24159,83,cox_intercept,-1.4472407871202886,-2.130730803734373,-0.7637507705062043,False
2012H2-R,R,tabpfn,20260913,2015H1,9,24159,83,cox_slope,0.8473836937033005,0.6871605920590778,1.0076067953475232,False
2012H2-R,R,tabpfn,20260913,2015H1,9,24159,83,psi,0.047683372526276704,,,False
2012H2-R,R,tabpfn,20260913,2015H1,9,24159,83,psi_critical,0.0010386973468943645,,,False
2012H2-R,R,tabpfn,20260913,2015H2,11,24159,130,auc,0.7982822038754454,0.7637470832166565,0.8328173245342342,True
2012H2-R,R,tabpfn,20260913,2015H2,11,24159,130,gini,0.5965644077508907,0.527494166433313,0.6656346490684684,True
2012H2-R,R,tabpfn,20260913,2015H2,11,24159,130,ks,0.453726106595556,,,True
2012H2-R,R,tabpfn,20260913,2015H2,11,24159,130,brier,0.00541444861903118,,,True
2012H2-R,R,tabpfn,20260913,2015H2,11,24159,130,brier_miscalibration,0.00012174299958216724,,,True
2012H2-R,R,tabpfn,20260913,2015H2,11,24159,130,brier_discrimination,5.9356458227697965e-05,,,True
2012H2-R,R,tabpfn,20260913,2015H2,11,24159,130,brier_uncertainty,0.005352062077676711,,,True
2012H2-R,R,tabpfn,20260913,2015H2,11,24159,130,observed_over_expected,0.6064382965956051,0.506891727494434,0.7197327680842619,True
2012H2-R,R,tabpfn,20260913,2015H2,11,24159,130,log_oe,-0.5001522926316069,-0.6794578534349234,-0.32887529130578874,True
2012H2-R,R,tabpfn,20260913,2015H2,11,24159,130,cox_intercept,-1.5651151277029252,-2.1142585378131953,-1.0159717175926548,True
2012H2-R,R,tabpfn,20260913,2015H2,11,24159,130,cox_slope,0.7327199015062849,0.6071286657449666,0.8583111372676031,True
2012H2-R,R,tabpfn,20260913,2015H2,11,24159,130,psi,0.07710697934111493,,,True
2012H2-R,R,tabpfn,20260913,2015H2,11,24159,130,psi_critical,0.0010386973468943645,,,True
2012H2-R,R,tabpfn,20260913,2016H1,13,24632,115,auc,0.8030800278777281,0.7629627329565817,0.8431973227988746,True
2012H2-R,R,tabpfn,20260913,2016H1,13,24632,115,gini,0.6061600557554563,0.5259254659131634,0.6863946455977492,True
2012H2-R,R,tabpfn,20260913,2016H1,13,24632,115,ks,0.5320148752152455,,,True
2012H2-R,R,tabpfn,20260913,2016H1,13,24632,115,brier,0.0047317493901294794,,,True
2012H2-R,R,tabpfn,20260913,2016H1,13,24632,115,brier_miscalibration,0.00013301105191503015,,,True
2012H2-R,R,tabpfn,20260913,2016H1,13,24632,115,brier_discrimination,4.818829318658808e-05,,,True
2012H2-R,R,tabpfn,20260913,2016H1,13,24632,115,brier_uncertainty,0.004646926631401037,,,True
2012H2-R,R,tabpfn,20260913,2016H1,13,24632,115,observed_over_expected,0.5303700759730553,0.43804451239837655,0.6363309656694006,True
2012H2-R,R,tabpfn,20260913,2016H1,13,24632,115,log_oe,-0.6341802595507201,-0.8254347472890001,-0.4520364647233533,True
2012H2-R,R,tabpfn,20260913,2016H1,13,24632,115,cox_intercept,-1.629473659882022,-2.218851129789525,-1.0400961899745196,True
2012H2-R,R,tabpfn,20260913,2016H1,13,24632,115,cox_slope,0.7512870304571585,0.6157797574328574,0.8867943034814596,True
2012H2-R,R,tabpfn,20260913,2016H1,13,24632,115,psi,0.08469283530475462,,,True
2012H2-R,R,tabpfn,20260913,2016H1,13,24632,115,psi_critical,0.001025249380146178,,,True
2012H2-R,R,tabpfn,20260913,2016H2,15,24760,121,auc,0.7909643349135065,0.7534265916987417,0.8285020781282713,True
2012H2-R,R,tabpfn,20260913,2016H2,15,24760,121,gini,0.581928669827013,0.5068531833974834,0.6570041562565425,True
2012H2-R,R,tabpfn,20260913,2016H2,15,24760,121,ks,0.47559385627636624,,,True
2012H2-R,R,tabpfn,20260913,2016H2,15,24760,121,brier,0.004937315944731302,,,True
2012H2-R,R,tabpfn,20260913,2016H2,15,24760,121,brier_miscalibration,0.00011511424933267119,,,True
2012H2-R,R,tabpfn,20260913,2016H2,15,24760,121,brier_discrimination,4.083075049226073e-05,,,True
2012H2-R,R,tabpfn,20260913,2016H2,15,24760,121,brier_uncertainty,0.004863032445890892,,,True
2012H2-R,R,tabpfn,20260913,2016H2,15,24760,121,observed_over_expected,0.5949659058041484,0.4938826048648817,0.7105695341267048,True
2012H2-R,R,tabpfn,20260913,2016H2,15,24760,121,log_oe,-0.5192511762477805,-0.7054574320094664,-0.3416884697639163,True
2012H2-R,R,tabpfn,20260913,2016H2,15,24760,121,cox_intercept,-1.7537748329278087,-2.340780313400865,-1.1667693524547527,True
2012H2-R,R,tabpfn,20260913,2016H2,15,24760,121,cox_slope,0.6989396193803118,0.5691142607366606,0.828764978023963,True
2012H2-R,R,tabpfn,20260913,2016H2,15,24760,121,psi,0.06503741824823302,,,True
2012H2-R,R,tabpfn,20260913,2016H2,15,24760,121,psi_critical,0.0010216985183533315,,,True
2012H2-R,R,tabpfn,20260913,2017H1,17,24541,162,auc,0.8011813445998606,0.7727362837438729,0.8296264054558482,True
2012H2-R,R,tabpfn,20260913,2017H1,17,24541,162,gini,0.6023626891997211,0.5454725674877459,0.6592528109116964,True
2012H2-R,R,tabpfn,20260913,2017H1,17,24541,162,ks,0.475217235639457,,,True
2012H2-R,R,tabpfn,20260913,2017H1,17,24541,162,brier,0.006589953432701065,,,True
2012H2-R,R,tabpfn,20260913,2017H1,17,24541,162,brier_miscalibration,0.0001114292085144979,,,True
2012H2-R,R,tabpfn,20260913,2017H1,17,24541,162,brier_discrimination,7.90979560334297e-05,,,True
2012H2-R,R,tabpfn,20260913,2017H1,17,24541,162,brier_uncertainty,0.006557622180219997,,,True
2012H2-R,R,tabpfn,20260913,2017H1,17,24541,162,observed_over_expected,0.6630013222920825,0.565101077543732,0.772897966539883,True
2012H2-R,R,tabpfn,20260913,2017H1,17,24541,162,log_oe,-0.41097829439089906,-0.5707506655285999,-0.2576082358213004,True
2012H2-R,R,tabpfn,20260913,2017H1,17,24541,162,cox_intercept,-1.3354382152781004,-1.8395188581733395,-0.8313575723828611,True
2012H2-R,R,tabpfn,20260913,2017H1,17,24541,162,cox_slope,0.7629489519103858,0.6436750196826121,0.8822228841381595,True
2012H2-R,R,tabpfn,20260913,2017H1,17,24541,162,psi,0.14465930059748613,,,True
2012H2-R,R,tabpfn,20260913,2017H1,17,24541,162,psi_critical,0.001027796348662249,,,True
2012H2-R,R,tabpfn,20260913,2017H2,19,24680,143,auc,0.808748654451063,0.7769221674577561,0.84057514144437,True
2012H2-R,R,tabpfn,20260913,2017H2,19,24680,143,gini,0.6174973089021261,0.5538443349155122,0.6811502828887399,True
2012H2-R,R,tabpfn,20260913,2017H2,19,24680,143,ks,0.5091622727030479,,,True
2012H2-R,R,tabpfn,20260913,2017H2,19,24680,143,brier,0.0057869371620683325,,,True
2012H2-R,R,tabpfn,20260913,2017H2,19,24680,143,brier_miscalibration,0.00011198197960551534,,,True
2012H2-R,R,tabpfn,20260913,2017H2,19,24680,143,brier_discrimination,8.563778187290101e-05,,,True
2012H2-R,R,tabpfn,20260913,2017H2,19,24680,143,brier_uncertainty,0.005760592964335718,,,True
2012H2-R,R,tabpfn,20260913,2017H2,19,24680,143,observed_over_expected,0.593573960754058,0.5004941275021674,0.6988606288053945,True
2012H2-R,R,tabpfn,20260913,2017H2,19,24680,143,log_oe,-0.5215934547453511,-0.6921594135580998,-0.35830394317296654,True
2012H2-R,R,tabpfn,20260913,2017H2,19,24680,143,cox_intercept,-1.2373845688869252,-1.7895403298166284,-0.6852288079572221,True
2012H2-R,R,tabpfn,20260913,2017H2,19,24680,143,cox_slope,0.8175391292102345,0.6846958176723758,0.9503824407480933,True
2012H2-R,R,tabpfn,20260913,2017H2,19,24680,143,psi,0.14535012554178584,,,True
2012H2-R,R,tabpfn,20260913,2017H2,19,24680,143,psi_critical,0.0010239134906912925,,,True
2012H2-R,R,tabpfn,20260913,2018H1,21,24416,148,auc,0.7607813537123741,0.7246755178579941,0.7968871895667541,True
2012H2-R,R,tabpfn,20260913,2018H1,21,24416,148,gini,0.5215627074247482,0.4493510357159882,0.5937743791335082,True
2012H2-R,R,tabpfn,20260913,2018H1,21,24416,148,ks,0.39830674584259557,,,True
2012H2-R,R,tabpfn,20260913,2018H1,21,24416,148,brier,0.006095849003090605,,,True
2012H2-R,R,tabpfn,20260913,2018H1,21,24416,148,brier_miscalibration,0.00012172306462724519,,,True
2012H2-R,R,tabpfn,20260913,2018H1,21,24416,148,brier_discrimination,5.073003119493522e-05,,,True
2012H2-R,R,tabpfn,20260913,2018H1,21,24416,148,brier_uncertainty,0.006024855969658295,,,True
2012H2-R,R,tabpfn,20260913,2018H1,21,24416,148,observed_over_expected,0.6285307771498141,0.531588354271594,0.7379498006093729,True
2012H2-R,R,tabpfn,20260913,2018H1,21,24416,148,log_oe,-0.46437028293867294,-0.631885859321318,-0.3038794775496961,True
2012H2-R,R,tabpfn,20260913,2018H1,21,24416,148,cox_intercept,-1.8987288856617426,-2.436905935177389,-1.3605518361460958,True
2012H2-R,R,tabpfn,20260913,2018H1,21,24416,148,cox_slope,0.644007437164491,0.5238567880586145,0.7641580862703676,True
2012H2-R,R,tabpfn,20260913,2018H1,21,24416,148,psi,0.14832547540695692,,,True
2012H2-R,R,tabpfn,20260913,2018H1,21,24416,148,psi_critical,0.0010313258825568766,,,True
2012H2-R,R,tabpfn,20260913,2018H2,23,24543,146,auc,0.7792713678585005,0.7426542688826605,0.8158884668343405,True
2012H2-R,R,tabpfn,20260913,2018H2,23,24543,146,gini,0.558542735717001,0.485308537765321,0.6317769336686809,True
2012H2-R,R,tabpfn,20260913,2018H2,23,24543,146,ks,0.4367073539807555,,,True
2012H2-R,R,tabpfn,20260913,2018H2,23,24543,146,brier,0.005946306949445539,,,True
2012H2-R,R,tabpfn,20260913,2018H2,23,24543,146,brier_miscalibration,0.00010753397759173493,,,True
2012H2-R,R,tabpfn,20260913,2018H2,23,24543,146,brier_discrimination,7.458250704943728e-05,,,True
2012H2-R,R,tabpfn,20260913,2018H2,23,24543,146,brier_uncertainty,0.005913355478903241,,,True
2012H2-R,R,tabpfn,20260913,2018H2,23,24543,146,observed_over_expected,0.5991323515954011,0.5061158841933873,0.7042096841192541,True
2012H2-R,R,tabpfn,20260913,2018H2,23,24543,146,log_oe,-0.5122727510240652,-0.6809896157707475,-0.3506791204113312,True
2012H2-R,R,tabpfn,20260913,2018H2,23,24543,146,cox_intercept,-1.6148328532222582,-2.161076241093477,-1.0685894653510395,True
2012H2-R,R,tabpfn,20260913,2018H2,23,24543,146,cox_slope,0.7216130747725388,0.5948097249120139,0.8484164246330637,True
2012H2-R,R,tabpfn,20260913,2018H2,23,24543,146,psi,0.16362361183044138,,,True
2012H2-R,R,tabpfn,20260913,2018H2,23,24543,146,psi_critical,0.0010277401683422742,,,True
2012H2-R,R,tabpfn,20260913,2019H1,25,24752,110,auc,0.7099025315241532,0.6608396057270634,0.758965457321243,True
2012H2-R,R,tabpfn,20260913,2019H1,25,24752,110,gini,0.41980506304830634,0.3216792114541267,0.517930914642486,True
2012H2-R,R,tabpfn,20260913,2019H1,25,24752,110,ks,0.3557540341324126,,,True
2012H2-R,R,tabpfn,20260913,2019H1,25,24752,110,brier,0.0045634249526760075,,,True
2012H2-R,R,tabpfn,20260913,2019H1,25,24752,110,brier_miscalibration,0.00019753587494982829,,,True
2012H2-R,R,tabpfn,20260913,2019H1,25,24752,110,brier_discrimination,5.844635432342409e-05,,,True
2012H2-R,R,tabpfn,20260913,2019H1,25,24752,110,brier_uncertainty,0.004424335432049603,,,True
2012H2-R,R,tabpfn,20260913,2019H1,25,24752,110,observed_over_expected,0.4635452876374936,0.38112114353847043,0.5584423963897716,True
2012H2-R,R,tabpfn,20260913,2019H1,25,24752,110,log_oe,-0.7688511907935811,-0.9646379923514243,-0.5826038056493307,True
2012H2-R,R,tabpfn,20260913,2019H1,25,24752,110,cox_intercept,-2.7833338679654696,-3.421576377636578,-2.145091358294361,True
2012H2-R,R,tabpfn,20260913,2019H1,25,24752,110,cox_slope,0.5162061061538605,0.3813316993011157,0.6510805130066053,True
2012H2-R,R,tabpfn,20260913,2019H1,25,24752,110,psi,0.18231911709752918,,,True
2012H2-R,R,tabpfn,20260913,2019H1,25,24752,110,psi_critical,0.0010219193712836033,,,True
2012H2-R,R,tabpfn,20260913,2019H2,27,24861,136,auc,0.6924082555165645,0.6484103661326821,0.7364061449004469,True
2012H2-R,R,tabpfn,20260913,2019H2,27,24861,136,gini,0.38481651103312897,0.2968207322653642,0.47281228980089374,True
2012H2-R,R,tabpfn,20260913,2019H2,27,24861,136,ks,0.3177805864509605,,,True
2012H2-R,R,tabpfn,20260913,2019H2,27,24861,136,brier,0.0055292070983112875,,,True
2012H2-R,R,tabpfn,20260913,2019H2,27,24861,136,brier_miscalibration,0.00011187916860251612,,,True
2012H2-R,R,tabpfn,20260913,2019H2,27,24861,136,brier_discrimination,2.316213467350517e-05,,,True
2012H2-R,R,tabpfn,20260913,2019H2,27,24861,136,brier_uncertainty,0.0054404900643822765,,,True
2012H2-R,R,tabpfn,20260913,2019H2,27,24861,136,observed_over_expected,0.6516959810089692,0.547005316231431,0.7704973776522103,True
2012H2-R,R,tabpfn,20260913,2019H2,27,24861,136,log_oe,-0.4281771125970374,-0.6032967577199415,-0.2607190276642148,True
2012H2-R,R,tabpfn,20260913,2019H2,27,24861,136,cox_intercept,-2.760577080746814,-3.349245616540613,-2.1719085449530153,True
2012H2-R,R,tabpfn,20260913,2019H2,27,24861,136,cox_slope,0.4613696326216906,0.3432312646889878,0.5795080005543934,True
2012H2-R,R,tabpfn,20260913,2019H2,27,24861,136,psi,0.1259096530155483,,,True
2012H2-R,R,tabpfn,20260913,2019H2,27,24861,136,psi_critical,0.0010189224749281936,,,True
2012H2-R,R,tabpfn,20260913,2020H1,29,24880,111,auc,0.6629989026533094,0.6136250333085577,0.7123727719980611,True
2012H2-R,R,tabpfn,20260913,2020H1,29,24880,111,gini,0.3259978053066188,0.22725006661711533,0.4247455439961223,True
2012H2-R,R,tabpfn,20260913,2020H1,29,24880,111,ks,0.26719355311547166,,,True
2012H2-R,R,tabpfn,20260913,2020H1,29,24880,111,brier,0.004552054910857367,,,True
2012H2-R,R,tabpfn,20260913,2020H1,29,24880,111,brier_miscalibration,0.00012010975027325257,,,True
2012H2-R,R,tabpfn,20260913,2020H1,29,24880,111,brier_discrimination,9.565408475346003e-06,,,True
2012H2-R,R,tabpfn,20260913,2020H1,29,24880,111,brier_uncertainty,0.00444151056905946,,,True
2012H2-R,R,tabpfn,20260913,2020H1,29,24880,111,observed_over_expected,0.650445837968141,0.5352856754836028,0.7829473877807324,True
2012H2-R,R,tabpfn,20260913,2020H1,29,24880,111,log_oe,-0.4300972466511111,-0.6249547017323646,-0.24468977837694905,True
2012H2-R,R,tabpfn,20260913,2020H1,29,24880,111,cox_intercept,-3.3954458260925544,-4.0580587491717965,-2.732832903013312,True
2012H2-R,R,tabpfn,20260913,2020H1,29,24880,111,cox_slope,0.3551978713020229,0.23355515410588745,0.47684058849815836,True
2012H2-R,R,tabpfn,20260913,2020H1,29,24880,111,psi,0.04238084267367752,,,True
2012H2-R,R,tabpfn,20260913,2020H1,29,24880,111,psi_critical,0.0010184027677122018,,,True
2012H2-R,R,tabpfn,20260913,2020H2,31,24919,71,auc,0.669937445017821,0.6035875363262708,0.7362873537093713,False
2012H2-R,R,tabpfn,20260913,2020H2,31,24919,71,gini,0.3398748900356421,0.20717507265254165,0.4725747074187425,False
2012H2-R,R,tabpfn,20260913,2020H2,31,24919,71,ks,0.32762690113637394,,,False
2012H2-R,R,tabpfn,20260913,2020H2,31,24919,71,brier,0.0029300196812570745,,,False
2012H2-R,R,tabpfn,20260913,2020H2,31,24919,71,brier_miscalibration,9.500793338850389e-05,,,False
2012H2-R,R,tabpfn,20260913,2020H2,31,24919,71,brier_discrimination,6.101642026024468e-06,,,False
2012H2-R,R,tabpfn,20260913,2020H2,31,24919,71,brier_uncertainty,0.002841113389894595,,,False
2012H2-R,R,tabpfn,20260913,2020H2,31,24919,71,observed_over_expected,0.49364353768446845,0.385652347623047,0.6224322066800584,False
2012H2-R,R,tabpfn,20260913,2020H2,31,24919,71,log_oe,-0.7059416058956713,-0.9528189691759613,-0.47412056150548015,False
2012H2-R,R,tabpfn,20260913,2020H2,31,24919,71,cox_intercept,-3.656040254406362,-4.490623776767226,-2.821456732045499,False
2012H2-R,R,tabpfn,20260913,2020H2,31,24919,71,cox_slope,0.37664372351335057,0.22729757937476636,0.5259898676519348,False
2012H2-R,R,tabpfn,20260913,2020H2,31,24919,71,psi,0.008687893127550833,,,False
2012H2-R,R,tabpfn,20260913,2020H2,31,24919,71,psi_critical,0.0010173384832140608,,,False
2012H2-R,R,tabpfn,20260913,2021H1,33,24909,90,auc,0.7395387046662277,0.6903416545755819,0.7887357547568735,False
2012H2-R,R,tabpfn,20260913,2021H1,33,24909,90,gini,0.47907740933245546,0.3806833091511639,0.577471509513747,False
2012H2-R,R,tabpfn,20260913,2021H1,33,24909,90,ks,0.3967618894126812,,,False
2012H2-R,R,tabpfn,20260913,2021H1,33,24909,90,brier,0.0036891942900321877,,,False
2012H2-R,R,tabpfn,20260913,2021H1,33,24909,90,brier_miscalibration,0.0001060118432097668,,,False
2012H2-R,R,tabpfn,20260913,2021H1,33,24909,90,brier_discrimination,1.6914559538591493e-05,,,False
2012H2-R,R,tabpfn,20260913,2021H1,33,24909,90,brier_uncertainty,0.0036000970063610124,,,False
2012H2-R,R,tabpfn,20260913,2021H1,33,24909,90,observed_over_expected,0.5130670508317023,0.41270437173864555,0.6303852595943744,False
2012H2-R,R,tabpfn,20260913,2021H1,33,24909,90,log_oe,-0.6673487389766715,-0.8850237492614231,-0.4614241233349825,False
2012H2-R,R,tabpfn,20260913,2021H1,33,24909,90,cox_intercept,-2.584961534688561,-3.2888325930334465,-1.881090476343675,False
2012H2-R,R,tabpfn,20260913,2021H1,33,24909,90,cox_slope,0.5606617193584248,0.4185894090130721,0.7027340297037774,False
2012H2-R,R,tabpfn,20260913,2021H1,33,24909,90,psi,0.031613127019428804,,,False
2012H2-R,R,tabpfn,20260913,2021H1,33,24909,90,psi_critical,0.001017611058962233,,,False
2012H2-R,R,tabpfn,20260913,2021H2,35,24929,136,auc,0.7592278774132167,0.7187030558843174,0.7997526989421161,True
2012H2-R,R,tabpfn,20260913,2021H2,35,24929,136,gini,0.5184557548264335,0.43740611176863475,0.5995053978842322,True
2012H2-R,R,tabpfn,20260913,2021H2,35,24929,136,ks,0.40953210227744546,,,True
2012H2-R,R,tabpfn,20260913,2021H2,35,24929,136,brier,0.005489458428696706,,,True
2012H2-R,R,tabpfn,20260913,2021H2,35,24929,136,brier_miscalibration,0.00011103953774722376,,,True
2012H2-R,R,tabpfn,20260913,2021H2,35,24929,136,brier_discrimination,4.7312300440113635e-05,,,True
2012H2-R,R,tabpfn,20260913,2021H2,35,24929,136,brier_uncertainty,0.005425731191389596,,,True
2012H2-R,R,tabpfn,20260913,2021H2,35,24929,136,observed_over_expected,0.5908549418989953,0.49593741893741333,0.6985662323040827,True
2012H2-R,R,tabpfn,20260913,2021H2,35,24929,136,log_oe,-0.5261847368820015,-0.701305531714653,-0.3587252840157114,True
2012H2-R,R,tabpfn,20260913,2021H2,35,24929,136,cox_intercept,-2.0126572949768207,-2.5684007955559784,-1.4569137943976629,True
2012H2-R,R,tabpfn,20260913,2021H2,35,24929,136,cox_slope,0.6335252361681941,0.5108090363983437,0.7562414359380445,True
2012H2-R,R,tabpfn,20260913,2021H2,35,24929,136,psi,0.10802145809847966,,,True
2012H2-R,R,tabpfn,20260913,2021H2,35,24929,136,psi_critical,0.0010170661261475434,,,True
2012H2-R,R,tabpfn,20260913,2022H1,37,24889,291,auc,0.772367225117344,0.7475606058589401,0.7971738443757479,True
2012H2-R,R,tabpfn,20260913,2022H1,37,24889,291,gini,0.544734450234688,0.49512121171788026,0.5943476887514958,True
2012H2-R,R,tabpfn,20260913,2022H1,37,24889,291,ks,0.4188557502928883,,,True
2012H2-R,R,tabpfn,20260913,2022H1,37,24889,291,brier,0.011423141724399214,,,True
2012H2-R,R,tabpfn,20260913,2022H1,37,24889,291,brier_miscalibration,5.8889491858126614e-05,,,True
2012H2-R,R,tabpfn,20260913,2022H1,37,24889,291,brier_discrimination,0.00019095904882432228,,,True
2012H2-R,R,tabpfn,20260913,2022H1,37,24889,291,brier_uncertainty,0.01155521128136541,,,True
2012H2-R,R,tabpfn,20260913,2022H1,37,24889,291,observed_over_expected,1.0480707944505845,0.9316900905184534,1.1748328037561055,True
2012H2-R,R,tabpfn,20260913,2022H1,37,24889,291,log_oe,0.04695113557398433,-0.07075504049682697,0.1611258427956196,True
2012H2-R,R,tabpfn,20260913,2022H1,37,24889,291,cox_intercept,-1.1074763943201782,-1.494498678269678,-0.7204541103706783,True
2012H2-R,R,tabpfn,20260913,2022H1,37,24889,291,cox_slope,0.6995931228233151,0.6086918348459772,0.790494410800653,True
2012H2-R,R,tabpfn,20260913,2022H1,37,24889,291,psi,0.23775349372518018,,,True
2012H2-R,R,tabpfn,20260913,2022H1,37,24889,291,psi_critical,0.0010181568675578935,,,True
2012H2-R,R,tabpfn,20260913,2022H2,39,24859,373,auc,0.7909126931206956,0.7688026279649537,0.8130227582764374,True
2012H2-R,R,tabpfn,20260913,2022H2,39,24859,373,gini,0.5818253862413911,0.5376052559299074,0.6260455165528749,True
2012H2-R,R,tabpfn,20260913,2022H2,39,24859,373,ks,0.46491763417252824,,,True
2012H2-R,R,tabpfn,20260913,2022H2,39,24859,373,brier,0.014455343191270167,,,True
2012H2-R,R,tabpfn,20260913,2022H2,39,24859,373,brier_miscalibration,0.00011288826935758334,,,True
2012H2-R,R,tabpfn,20260913,2022H2,39,24859,373,brier_discrimination,0.0004370323651061818,,,True
2012H2-R,R,tabpfn,20260913,2022H2,39,24859,373,brier_uncertainty,0.014779487287018766,,,True
2012H2-R,R,tabpfn,20260913,2022H2,39,24859,373,observed_over_expected,1.4680232263214301,1.3237649492728818,1.6235238689571805,True
2012H2-R,R,tabpfn,20260913,2022H2,39,24859,373,log_oe,0.38391675181200474,0.28047991099370234,0.4845990146129469,True
2012H2-R,R,tabpfn,20260913,2022H2,39,24859,373,cox_intercept,-0.36893418443811654,-0.7356360209963632,-0.0022323478798699226,True
2012H2-R,R,tabpfn,20260913,2022H2,39,24859,373,cox_slope,0.8036064476447224,0.7164712536588144,0.8907416416306305,True
2012H2-R,R,tabpfn,20260913,2022H2,39,24859,373,psi,0.2269512492647548,,,True
2012H2-R,R,tabpfn,20260913,2022H2,39,24859,373,psi_critical,0.001018977227164634,,,True
2012H2-R,R,tabpfn,20260913,2023H1,41,24882,381,auc,0.7906009192832775,0.7700086732682542,0.8111931652983008,True
2012H2-R,R,tabpfn,20260913,2023H1,41,24882,381,gini,0.5812018385665549,0.5400173465365083,0.6223863305966015,True
2012H2-R,R,tabpfn,20260913,2023H1,41,24882,381,ks,0.4412405471478426,,,True
2012H2-R,R,tabpfn,20260913,2023H1,41,24882,381,brier,0.01481345413897133,,,True
2012H2-R,R,tabpfn,20260913,2023H1,41,24882,381,brier_miscalibration,9.313700208627221e-05,,,True
2012H2-R,R,tabpfn,20260913,2023H1,41,24882,381,brier_discrimination,0.00035749106308041387,,,True
2012H2-R,R,tabpfn,20260913,2023H1,41,24882,381,brier_uncertainty,0.015077808199965471,,,True
2012H2-R,R,tabpfn,20260913,2023H1,41,24882,381,observed_over_expected,1.549249186186586,1.3985964165663798,1.7115078118018565,True
2012H2-R,R,tabpfn,20260913,2023H1,41,24882,381,log_oe,0.4377704175648546,0.33546917412674643,0.5373747432790926,True
2012H2-R,R,tabpfn,20260913,2023H1,41,24882,381,cox_intercept,-0.43143634558699984,-0.7920659476693228,-0.0708067435046768,True
2012H2-R,R,tabpfn,20260913,2023H1,41,24882,381,cox_slope,0.7752852479411392,0.6908106558057373,0.859759840076541,True
2012H2-R,R,tabpfn,20260913,2023H1,41,24882,381,psi,0.1834996751762852,,,True
2012H2-R,R,tabpfn,20260913,2023H1,41,24882,381,psi_critical,0.0010183481078604518,,,True
2012H2-R,R,tabpfn,20260913,2023H2,43,24866,363,auc,0.8149494035081329,0.7958250651022555,0.8340737419140104,True
2012H2-R,R,tabpfn,20260913,2023H2,43,24866,363,gini,0.6298988070162659,0.591650130204511,0.6681474838280208,True
2012H2-R,R,tabpfn,20260913,2023H2,43,24866,363,ks,0.4992012559546034,,,True
2012H2-R,R,tabpfn,20260913,2023H2,43,24866,363,brier,0.014097636676477572,,,True
2012H2-R,R,tabpfn,20260913,2023H2,43,24866,363,brier_miscalibration,0.00010007865431397624,,,True
2012H2-R,R,tabpfn,20260913,2023H2,43,24866,363,brier_discrimination,0.0003875797757754325,,,True
2012H2-R,R,tabpfn,20260913,2023H2,43,24866,363,brier_uncertainty,0.014385137797939028,,,True
2012H2-R,R,tabpfn,20260913,2023H2,43,24866,363,observed_over_expected,1.5770935358725906,1.420022990817759,1.7465876999063235,True
2012H2-R,R,tabpfn,20260913,2023H2,43,24866,363,log_oe,0.4555836187600867,0.3506730621988329,0.5576639986655435,True
2012H2-R,R,tabpfn,20260913,2023H2,43,24866,363,cox_intercept,-0.21493998860036764,-0.5768777098557446,0.1469977326550093,True
2012H2-R,R,tabpfn,20260913,2023H2,43,24866,363,cox_slope,0.8243379895895816,0.7387695279046885,0.9099064512744747,True
2012H2-R,R,tabpfn,20260913,2023H2,43,24866,363,psi,0.11471011126399572,,,True
2012H2-R,R,tabpfn,20260913,2023H2,43,24866,363,psi_critical,0.0010187856328701956,,,True
2012H2-R,R,tabpfn@t1,20260911,2013H1,1,24341,85,auc,0.846427324227844,0.807369840646338,0.8854848078093499,False
2012H2-R,R,tabpfn@t1,20260911,2013H1,1,24341,85,gini,0.6928546484556879,0.614739681292676,0.7709696156186998,False
2012H2-R,R,tabpfn@t1,20260911,2013H1,1,24341,85,ks,0.5732223925190129,,,False
2012H2-R,R,tabpfn@t1,20260911,2013H1,1,24341,85,brier,0.003956963635103931,,,False
2012H2-R,R,tabpfn@t1,20260911,2013H1,1,24341,85,brier_miscalibration,0.0005506661795673263,,,False
2012H2-R,R,tabpfn@t1,20260911,2013H1,1,24341,85,brier_discrimination,7.355857797730365e-05,,,False
2012H2-R,R,tabpfn@t1,20260911,2013H1,1,24341,85,brier_uncertainty,0.0034798560335139086,,,False
2012H2-R,R,tabpfn@t1,20260911,2013H1,1,24341,85,observed_over_expected,0.2377758439557659,0.18998980113283745,0.29389202767623906,False
2012H2-R,R,tabpfn@t1,20260911,2013H1,1,24341,85,log_oe,-1.436426881231843,-1.6607848865106036,-1.224542831899189,False
2012H2-R,R,tabpfn@t1,20260911,2013H1,1,24341,85,cox_intercept,-1.7177588498025216,-2.3159147207115844,-1.1196029788934587,False
2012H2-R,R,tabpfn@t1,20260911,2013H1,1,24341,85,cox_slope,0.9279608065859358,0.7558029198443346,1.100118693327537,False
2012H2-R,R,tabpfn@t1,20260911,2013H1,1,24341,85,psi,0.04810667530007512,,,False
2012H2-R,R,tabpfn@t1,20260911,2013H1,1,24341,85,psi_critical,0.0010334610033318997,,,False
2012H2-R,R,tabpfn@t1,20260911,2013H2,3,23974,142,auc,0.8426414478816504,0.8135114210007782,0.8717714747625226,True
2012H2-R,R,tabpfn@t1,20260911,2013H2,3,23974,142,gini,0.6852828957633008,0.6270228420015564,0.7435429495250452,True
2012H2-R,R,tabpfn@t1,20260911,2013H2,3,23974,142,ks,0.5373612943184451,,,True
2012H2-R,R,tabpfn@t1,20260911,2013H2,3,23974,142,brier,0.00621323153587137,,,True
2012H2-R,R,tabpfn@t1,20260911,2013H2,3,23974,142,brier_miscalibration,0.0004360189096738595,,,True
2012H2-R,R,tabpfn@t1,20260911,2013H2,3,23974,142,brier_discrimination,0.00011078779783183293,,,True
2012H2-R,R,tabpfn@t1,20260911,2013H2,3,23974,142,brier_uncertainty,0.005888000424029344,,,True
2012H2-R,R,tabpfn@t1,20260911,2013H2,3,23974,142,observed_over_expected,0.3666113134003753,0.3089316882051109,0.431882122749193,True
2012H2-R,R,tabpfn@t1,20260911,2013H2,3,23974,142,log_oe,-1.003453083713436,-1.1746351002946671,-0.8396025919786808,True
2012H2-R,R,tabpfn@t1,20260911,2013H2,3,23974,142,cox_intercept,-1.1963594426228688,-1.6736671121221462,-0.7190517731235913,True
2012H2-R,R,tabpfn@t1,20260911,2013H2,3,23974,142,cox_slope,0.9527435008246354,0.8136333891155452,1.0918536125337257,True
2012H2-R,R,tabpfn@t1,20260911,2013H2,3,23974,142,psi,0.11700824002672358,,,True
2012H2-R,R,tabpfn@t1,20260911,2013H2,3,23974,142,psi_critical,0.001044101484378237,,,True
2012H2-R,R,tabpfn@t1,20260911,2014H1,5,24341,137,auc,0.8233681589699234,0.7917403500326607,0.8549959679071861,True
2012H2-R,R,tabpfn@t1,20260911,2014H1,5,24341,137,gini,0.6467363179398469,0.5834807000653215,0.7099919358143723,True
2012H2-R,R,tabpfn@t1,20260911,2014H1,5,24341,137,ks,0.4982279577363698,,,True
2012H2-R,R,tabpfn@t1,20260911,2014H1,5,24341,137,brier,0.0058689730701048295,,,True
2012H2-R,R,tabpfn@t1,20260911,2014H1,5,24341,137,brier_miscalibration,0.0003961409967725418,,,True
2012H2-R,R,tabpfn@t1,20260911,2014H1,5,24341,137,brier_discrimination,0.00012385311535038045,,,True
2012H2-R,R,tabpfn@t1,20260911,2014H1,5,24341,137,brier_uncertainty,0.005596685188682668,,,True
2012H2-R,R,tabpfn@t1,20260911,2014H1,5,24341,137,observed_over_expected,0.3840870476320149,0.32260561252886744,0.45382069645997336,True
2012H2-R,R,tabpfn@t1,20260911,2014H1,5,24341,137,log_oe,-0.9568860655422166,-1.1313247156467472,-0.7900531006689301,True
2012H2-R,R,tabpfn@t1,20260911,2014H1,5,24341,137,cox_intercept,-1.3377394011406092,-1.838846789549407,-0.8366320127318114,True
2012H2-R,R,tabpfn@t1,20260911,2014H1,5,24341,137,cox_slope,0.8977276767441368,0.7603760116921651,1.0350793417961084,True
2012H2-R,R,tabpfn@t1,20260911,2014H1,5,24341,137,psi,0.11901498630063989,,,True
2012H2-R,R,tabpfn@t1,20260911,2014H1,5,24341,137,psi_critical,0.0010334610033318997,,,True
2012H2-R,R,tabpfn@t1,20260911,2014H2,7,24213,99,auc,0.8035229126296556,0.7656206465236269,0.8414251787356842,False
2012H2-R,R,tabpfn@t1,20260911,2014H2,7,24213,99,gini,0.6070458252593112,0.5312412930472539,0.6828503574713685,False
2012H2-R,R,tabpfn@t1,20260911,2014H2,7,24213,99,ks,0.47853880934249193,,,False
2012H2-R,R,tabpfn@t1,20260911,2014H2,7,24213,99,brier,0.00439889200897977,,,False
2012H2-R,R,tabpfn@t1,20260911,2014H2,7,24213,99,brier_miscalibration,0.0004034554259226379,,,False
2012H2-R,R,tabpfn@t1,20260911,2014H2,7,24213,99,brier_discrimination,7.65585206133788e-05,,,False
2012H2-R,R,tabpfn@t1,20260911,2014H2,7,24213,99,brier_uncertainty,0.004071995103670511,,,False
2012H2-R,R,tabpfn@t1,20260911,2014H2,7,24213,99,observed_over_expected,0.3028144826802886,0.24620191531154928,0.36850175400366847,False
2012H2-R,R,tabpfn@t1,20260911,2014H2,7,24213,99,log_oe,-1.194634929367482,-1.4016032857675302,-0.9983098075169409,False
2012H2-R,R,tabpfn@t1,20260911,2014H2,7,24213,99,cox_intercept,-1.8270006280250715,-2.443232205130335,-1.2107690509198081,False
2012H2-R,R,tabpfn@t1,20260911,2014H2,7,24213,99,cox_slope,0.8308859720909252,0.6706362115923183,0.991135732589532,False
2012H2-R,R,tabpfn@t1,20260911,2014H2,7,24213,99,psi,0.10037325945570749,,,False
2012H2-R,R,tabpfn@t1,20260911,2014H2,7,24213,99,psi_critical,0.001037135493306651,,,False
2012H2-R,R,tabpfn@t1,20260911,2015H1,9,24159,83,auc,0.8211687087275834,0.7792663959984427,0.8630710214567241,False
2012H2-R,R,tabpfn@t1,20260911,2015H1,9,24159,83,gini,0.6423374174551668,0.5585327919968854,0.7261420429134482,False
2012H2-R,R,tabpfn@t1,20260911,2015H1,9,24159,83,ks,0.5293558350364408,,,False
2012H2-R,R,tabpfn@t1,20260911,2015H1,9,24159,83,brier,0.0036826657273519247,,,False
2012H2-R,R,tabpfn@t1,20260911,2015H1,9,24159,83,brier_miscalibration,0.00029564072247072583,,,False
2012H2-R,R,tabpfn@t1,20260911,2015H1,9,24159,83,brier_discrimination,3.674450001768699e-05,,,False
2012H2-R,R,tabpfn@t1,20260911,2015H1,9,24159,83,brier_uncertainty,0.003423769504898886,,,False
2012H2-R,R,tabpfn@t1,20260911,2015H1,9,24159,83,observed_over_expected,0.28464552704540347,0.22679321969023947,0.3527156146971372,False
2012H2-R,R,tabpfn@t1,20260911,2015H1,9,24159,83,log_oe,-1.2565106375837836,-1.4837166031211022,-1.0420931708257524,False
2012H2-R,R,tabpfn@t1,20260911,2015H1,9,24159,83,cox_intercept,-1.5655814625216986,-2.2642695027110276,-0.8668934223323697,False
2012H2-R,R,tabpfn@t1,20260911,2015H1,9,24159,83,cox_slope,0.9230893693250516,0.7403361527612167,1.1058425858888865,False
2012H2-R,R,tabpfn@t1,20260911,2015H1,9,24159,83,psi,0.0685313894454071,,,False
2012H2-R,R,tabpfn@t1,20260911,2015H1,9,24159,83,psi_critical,0.0010386973468943645,,,False
2012H2-R,R,tabpfn@t1,20260911,2015H2,11,24159,130,auc,0.8011588561257711,0.7677710234319385,0.8345466888196037,True
2012H2-R,R,tabpfn@t1,20260911,2015H2,11,24159,130,gini,0.6023177122515422,0.535542046863877,0.6690933776392074,True
2012H2-R,R,tabpfn@t1,20260911,2015H2,11,24159,130,ks,0.45991766359238995,,,True
2012H2-R,R,tabpfn@t1,20260911,2015H2,11,24159,130,brier,0.005565418428804187,,,True
2012H2-R,R,tabpfn@t1,20260911,2015H2,11,24159,130,brier_miscalibration,0.0002716657187257958,,,True
2012H2-R,R,tabpfn@t1,20260911,2015H2,11,24159,130,brier_discrimination,5.8309367598319284e-05,,,True
2012H2-R,R,tabpfn@t1,20260911,2015H2,11,24159,130,brier_uncertainty,0.005352062077676711,,,True
2012H2-R,R,tabpfn@t1,20260911,2015H2,11,24159,130,observed_over_expected,0.40399328565122633,0.33767797253156934,0.47946709071888827,True
2012H2-R,R,tabpfn@t1,20260911,2015H2,11,24159,130,log_oe,-0.9063570208342777,-1.0856625816375942,-0.7350800195084595,True
2012H2-R,R,tabpfn@t1,20260911,2015H2,11,24159,130,cox_intercept,-1.5057356580761603,-2.0673438143172973,-0.944127501835023,True
2012H2-R,R,tabpfn@t1,20260911,2015H2,11,24159,130,cox_slope,0.8402661675445161,0.6949736341222695,0.9855587009667627,True
2012H2-R,R,tabpfn@t1,20260911,2015H2,11,24159,130,psi,0.10510655991079271,,,True
2012H2-R,R,tabpfn@t1,20260911,2015H2,11,24159,130,psi_critical,0.0010386973468943645,,,True
2012H2-R,R,tabpfn@t1,20260911,2016H1,13,24632,115,auc,0.8016027920289559,0.7604293862297493,0.8427761978281625,True
2012H2-R,R,tabpfn@t1,20260911,2016H1,13,24632,115,gini,0.6032055840579118,0.5208587724594986,0.685552395656325,True
2012H2-R,R,tabpfn@t1,20260911,2016H1,13,24632,115,ks,0.5087770508839474,,,True
2012H2-R,R,tabpfn@t1,20260911,2016H1,13,24632,115,brier,0.004877778419097435,,,True
2012H2-R,R,tabpfn@t1,20260911,2016H1,13,24632,115,brier_miscalibration,0.00028529438882959283,,,True
2012H2-R,R,tabpfn@t1,20260911,2016H1,13,24632,115,brier_discrimination,5.444260113319534e-05,,,True
2012H2-R,R,tabpfn@t1,20260911,2016H1,13,24632,115,brier_uncertainty,0.004646926631401037,,,True
2012H2-R,R,tabpfn@t1,20260911,2016H1,13,24632,115,observed_over_expected,0.35146091922857664,0.2902794368783139,0.4216781380764351,True
2012H2-R,R,tabpfn@t1,20260911,2016H1,13,24632,115,log_oe,-1.0456567567616881,-1.2369112444999681,-0.8635129619343214,True
2012H2-R,R,tabpfn@t1,20260911,2016H1,13,24632,115,cox_intercept,-1.590975350586116,-2.1938440991994934,-0.9881066019727387,True
2012H2-R,R,tabpfn@t1,20260911,2016H1,13,24632,115,cox_slope,0.8559775307661618,0.6993873389257655,1.012567722606558,True
2012H2-R,R,tabpfn@t1,20260911,2016H1,13,24632,115,psi,0.11448307355886139,,,True
2012H2-R,R,tabpfn@t1,20260911,2016H1,13,24632,115,psi_critical,0.001025249380146178,,,True
2012H2-R,R,tabpfn@t1,20260911,2016H2,15,24760,121,auc,0.7852430417543376,0.7473634140839212,0.823122669424754,True
2012H2-R,R,tabpfn@t1,20260911,2016H2,15,24760,121,gini,0.5704860835086751,0.4947268281678423,0.646245338849508,True
2012H2-R,R,tabpfn@t1,20260911,2016H2,15,24760,121,ks,0.4584269580008043,,,True
2012H2-R,R,tabpfn@t1,20260911,2016H2,15,24760,121,brier,0.005091107649216016,,,True
2012H2-R,R,tabpfn@t1,20260911,2016H2,15,24760,121,brier_miscalibration,0.0002657703016352691,,,True
2012H2-R,R,tabpfn@t1,20260911,2016H2,15,24760,121,brier_discrimination,3.769509831014466e-05,,,True
2012H2-R,R,tabpfn@t1,20260911,2016H2,15,24760,121,brier_uncertainty,0.004863032445890892,,,True
2012H2-R,R,tabpfn@t1,20260911,2016H2,15,24760,121,observed_over_expected,0.38770097948103743,0.32183149956460194,0.46303242199729255,True
2012H2-R,R,tabpfn@t1,20260911,2016H2,15,24760,121,log_oe,-0.9475209079193878,-1.133727163681074,-0.7699582014355237,True
2012H2-R,R,tabpfn@t1,20260911,2016H2,15,24760,121,cox_intercept,-1.8421054534094905,-2.438182922344451,-1.2460279844745301,True
2012H2-R,R,tabpfn@t1,20260911,2016H2,15,24760,121,cox_slope,0.7650622932845507,0.617400015568458,0.9127245710006433,True
2012H2-R,R,tabpfn@t1,20260911,2016H2,15,24760,121,psi,0.08928515598630529,,,True
2012H2-R,R,tabpfn@t1,20260911,2016H2,15,24760,121,psi_critical,0.0010216985183533315,,,True
2012H2-R,R,tabpfn@t1,20260911,2017H1,17,24541,162,auc,0.7995152678965249,0.7711380508840097,0.8278924849090402,True
2012H2-R,R,tabpfn@t1,20260911,2017H1,17,24541,162,gini,0.5990305357930499,0.5422761017680193,0.6557849698180804,True
2012H2-R,R,tabpfn@t1,20260911,2017H1,17,24541,162,ks,0.48005544136093653,,,True
2012H2-R,R,tabpfn@t1,20260911,2017H1,17,24541,162,brier,0.006768998647344745,,,True
2012H2-R,R,tabpfn@t1,20260911,2017H1,17,24541,162,brier_miscalibration,0.0002859068957460787,,,True
2012H2-R,R,tabpfn@t1,20260911,2017H1,17,24541,162,brier_discrimination,7.453042862133087e-05,,,True
2012H2-R,R,tabpfn@t1,20260911,2017H1,17,24541,162,brier_uncertainty,0.006557622180219997,,,True
2012H2-R,R,tabpfn@t1,20260911,2017H1,17,24541,162,observed_over_expected,0.4399957945705027,0.37502504032256423,0.5129278682793099,True
2012H2-R,R,tabpfn@t1,20260911,2017H1,17,24541,162,log_oe,-0.8209901099098182,-0.9807624810475188,-0.6676200513402195,True
2012H2-R,R,tabpfn@t1,20260911,2017H1,17,24541,162,cox_intercept,-1.3351767213216663,-1.851670965040424,-0.8186824776029088,True
2012H2-R,R,tabpfn@t1,20260911,2017H1,17,24541,162,cox_slope,0.8607911948095095,0.7231108702044666,0.9984715194145524,True
2012H2-R,R,tabpfn@t1,20260911,2017H1,17,24541,162,psi,0.18964549353203103,,,True
2012H2-R,R,tabpfn@t1,20260911,2017H1,17,24541,162,psi_critical,0.001027796348662249,,,True
2012H2-R,R,tabpfn@t1,20260911,2017H2,19,24680,143,auc,0.8071911379161654,0.775292979608983,0.8390892962233477,True
2012H2-R,R,tabpfn@t1,20260911,2017H2,19,24680,143,gini,0.6143822758323307,0.550585959217966,0.6781785924466954,True
2012H2-R,R,tabpfn@t1,20260911,2017H2,19,24680,143,ks,0.5021815206434352,,,True
2012H2-R,R,tabpfn@t1,20260911,2017H2,19,24680,143,brier,0.00595202339630228,,,True
2012H2-R,R,tabpfn@t1,20260911,2017H2,19,24680,143,brier_miscalibration,0.00026504784277188356,,,True
2012H2-R,R,tabpfn@t1,20260911,2017H2,19,24680,143,brier_discrimination,7.361741080532183e-05,,,True
2012H2-R,R,tabpfn@t1,20260911,2017H2,19,24680,143,brier_uncertainty,0.005760592964335718,,,True
2012H2-R,R,tabpfn@t1,20260911,2017H2,19,24680,143,observed_over_expected,0.3926300675988231,0.33106075418866243,0.4622738092847549,True
2012H2-R,R,tabpfn@t1,20260911,2017H2,19,24680,143,log_oe,-0.9348874142373164,-1.105453373050065,-0.7715979026649319,True
2012H2-R,R,tabpfn@t1,20260911,2017H2,19,24680,143,cox_intercept,-1.2003782247130266,-1.7679823843738003,-0.6327740650522529,True
2012H2-R,R,tabpfn@t1,20260911,2017H2,19,24680,143,cox_slope,0.931994373664728,0.7779217433024742,1.0860670040269818,True
2012H2-R,R,tabpfn@t1,20260911,2017H2,19,24680,143,psi,0.18838112435959636,,,True
2012H2-R,R,tabpfn@t1,20260911,2017H2,19,24680,143,psi_critical,0.0010239134906912925,,,True
2012H2-R,R,tabpfn@t1,20260911,2018H1,21,24416,148,auc,0.759171514930127,0.7230672674149846,0.7952757624452694,True
2012H2-R,R,tabpfn@t1,20260911,2018H1,21,24416,148,gini,0.518343029860254,0.44613453482996923,0.5905515248905389,True
2012H2-R,R,tabpfn@t1,20260911,2018H1,21,24416,148,ks,0.39854396179598095,,,True
2012H2-R,R,tabpfn@t1,20260911,2018H1,21,24416,148,brier,0.006252297689639953,,,True
2012H2-R,R,tabpfn@t1,20260911,2018H1,21,24416,148,brier_miscalibration,0.00027904776818821024,,,True
2012H2-R,R,tabpfn@t1,20260911,2018H1,21,24416,148,brier_discrimination,5.1606048206551645e-05,,,True
2012H2-R,R,tabpfn@t1,20260911,2018H1,21,24416,148,brier_uncertainty,0.006024855969658295,,,True
2012H2-R,R,tabpfn@t1,20260911,2018H1,21,24416,148,observed_over_expected,0.4153563828050023,0.3512932444975319,0.48766452020490764,True
2012H2-R,R,tabpfn@t1,20260911,2018H1,21,24416,148,log_oe,-0.8786183735224818,-1.046133949905127,-0.718127568133505,True
2012H2-R,R,tabpfn@t1,20260911,2018H1,21,24416,148,cox_intercept,-1.8590573328975892,-2.4126858428516704,-1.305428822943508,True
2012H2-R,R,tabpfn@t1,20260911,2018H1,21,24416,148,cox_slope,0.7369429767875673,0.5971148335343439,0.8767711200407906,True
2012H2-R,R,tabpfn@t1,20260911,2018H1,21,24416,148,psi,0.19496516415960966,,,True
2012H2-R,R,tabpfn@t1,20260911,2018H1,21,24416,148,psi_critical,0.0010313258825568766,,,True
2012H2-R,R,tabpfn@t1,20260911,2018H2,23,24543,146,auc,0.7737836619256464,0.737528904661639,0.8100384191896538,True
2012H2-R,R,tabpfn@t1,20260911,2018H2,23,24543,146,gini,0.5475673238512928,0.475057809323278,0.6200768383793076,True
2012H2-R,R,tabpfn@t1,20260911,2018H2,23,24543,146,ks,0.41089405221055136,,,True
2012H2-R,R,tabpfn@t1,20260911,2018H2,23,24543,146,brier,0.0061106171469650404,,,True
2012H2-R,R,tabpfn@t1,20260911,2018H2,23,24543,146,brier_miscalibration,0.0002748764490292403,,,True
2012H2-R,R,tabpfn@t1,20260911,2018H2,23,24543,146,brier_discrimination,7.761478096744105e-05,,,True
2012H2-R,R,tabpfn@t1,20260911,2018H2,23,24543,146,brier_uncertainty,0.005913355478903241,,,True
2012H2-R,R,tabpfn@t1,20260911,2018H2,23,24543,146,observed_over_expected,0.39803796840391437,0.33624179663282433,0.46784686430433403,True
2012H2-R,R,tabpfn@t1,20260911,2018H2,23,24543,146,log_oe,-0.9212078802480144,-1.0899247449946965,-0.7596142496352803,True
2012H2-R,R,tabpfn@t1,20260911,2018H2,23,24543,146,cox_intercept,-1.6115621711635058,-2.1770650820961994,-1.046059260230812,True
2012H2-R,R,tabpfn@t1,20260911,2018H2,23,24543,146,cox_slope,0.8139233648923757,0.6663478294631038,0.9614989003216476,True
2012H2-R,R,tabpfn@t1,20260911,2018H2,23,24543,146,psi,0.20846210324571796,,,True
2012H2-R,R,tabpfn@t1,20260911,2018H2,23,24543,146,psi_critical,0.0010277401683422742,,,True
2012H2-R,R,tabpfn@t1,20260911,2019H1,25,24752,110,auc,0.7064409618463672,0.6581318346433216,0.7547500890494128,True
2012H2-R,R,tabpfn@t1,20260911,2019H1,25,24752,110,gini,0.41288192369273435,0.3162636692866432,0.5095001780988255,True
2012H2-R,R,tabpfn@t1,20260911,2019H1,25,24752,110,ks,0.33871365222716576,,,True
2012H2-R,R,tabpfn@t1,20260911,2019H1,25,24752,110,brier,0.004762116310582553,,,True
2012H2-R,R,tabpfn@t1,20260911,2019H1,25,24752,110,brier_miscalibration,0.0003653825687646795,,,True
2012H2-R,R,tabpfn@t1,20260911,2019H1,25,24752,110,brier_discrimination,2.7601690231729772e-05,,,True
2012H2-R,R,tabpfn@t1,20260911,2019H1,25,24752,110,brier_uncertainty,0.004424335432049603,,,True
2012H2-R,R,tabpfn@t1,20260911,2019H1,25,24752,110,observed_over_expected,0.30276622299536177,0.24893060550980028,0.36474860089103844,True
2012H2-R,R,tabpfn@t1,20260911,2019H1,25,24752,110,log_oe,-1.1947943125333482,-1.3905811140911915,-1.008546927389098,True
2012H2-R,R,tabpfn@t1,20260911,2019H1,25,24752,110,cox_intercept,-2.831274992463683,-3.4825007016726337,-2.180049283254732,True
2012H2-R,R,tabpfn@t1,20260911,2019H1,25,24752,110,cox_slope,0.5715732014582711,0.416529204490671,0.7266171984258711,True
2012H2-R,R,tabpfn@t1,20260911,2019H1,25,24752,110,psi,0.23553414376806087,,,True
2012H2-R,R,tabpfn@t1,20260911,2019H1,25,24752,110,psi_critical,0.0010219193712836033,,,True
2012H2-R,R,tabpfn@t1,20260911,2019H2,27,24861,136,auc,0.692003806578243,0.6486264472107294,0.7353811659457566,True
2012H2-R,R,tabpfn@t1,20260911,2019H2,27,24861,136,gini,0.384007613156486,0.29725289442145875,0.4707623318915133,True
2012H2-R,R,tabpfn@t1,20260911,2019H2,27,24861,136,ks,0.28736602628918095,,,True
2012H2-R,R,tabpfn@t1,20260911,2019H2,27,24861,136,brier,0.005676190842031347,,,True
2012H2-R,R,tabpfn@t1,20260911,2019H2,27,24861,136,brier_miscalibration,0.00025968745182809033,,,True
2012H2-R,R,tabpfn@t1,20260911,2019H2,27,24861,136,brier_discrimination,2.3986674179020048e-05,,,True
2012H2-R,R,tabpfn@t1,20260911,2019H2,27,24861,136,brier_uncertainty,0.0054404900643822765,,,True
2012H2-R,R,tabpfn@t1,20260911,2019H2,27,24861,136,observed_over_expected,0.41317915248261883,0.34680464442035436,0.48849994900312127,True
2012H2-R,R,tabpfn@t1,20260911,2019H2,27,24861,136,log_oe,-0.8838739968269664,-1.0589936419498704,-0.7164159118941438,True
2012H2-R,R,tabpfn@t1,20260911,2019H2,27,24861,136,cox_intercept,-2.792461501833697,-3.3804349666592595,-2.204488037008135,True
2012H2-R,R,tabpfn@t1,20260911,2019H2,27,24861,136,cox_slope,0.5146630747858477,0.3809950031120868,0.6483311464596087,True
2012H2-R,R,tabpfn@t1,20260911,2019H2,27,24861,136,psi,0.16348095587491093,,,True
2012H2-R,R,tabpfn@t1,20260911,2019H2,27,24861,136,psi_critical,0.0010189224749281936,,,True
2012H2-R,R,tabpfn@t1,20260911,2020H1,29,24880,111,auc,0.6576467460233456,0.6074257653239176,0.7078677267227736,True
2012H2-R,R,tabpfn@t1,20260911,2020H1,29,24880,111,gini,0.3152934920466912,0.21485153064783513,0.4157354534455473,True
2012H2-R,R,tabpfn@t1,20260911,2020H1,29,24880,111,ks,0.2853672437830054,,,True
2012H2-R,R,tabpfn@t1,20260911,2020H1,29,24880,111,brier,0.004688414900616331,,,True
2012H2-R,R,tabpfn@t1,20260911,2020H1,29,24880,111,brier_miscalibration,0.0002566515366995417,,,True
2012H2-R,R,tabpfn@t1,20260911,2020H1,29,24880,111,brier_discrimination,9.747205142671134e-06,,,True
2012H2-R,R,tabpfn@t1,20260911,2020H1,29,24880,111,brier_uncertainty,0.00444151056905946,,,True
2012H2-R,R,tabpfn@t1,20260911,2020H1,29,24880,111,observed_over_expected,0.4049242735061443,0.3332332234464387,0.48741091676594733,True
2012H2-R,R,tabpfn@t1,20260911,2020H1,29,24880,111,log_oe,-0.9040552083555244,-1.0989126634367778,-0.7186477400813626,True
2012H2-R,R,tabpfn@t1,20260911,2020H1,29,24880,111,cox_intercept,-3.538011508303618,-4.1835562007652465,-2.892466815841989,True
2012H2-R,R,tabpfn@t1,20260911,2020H1,29,24880,111,cox_slope,0.369628654949657,0.23716566415982684,0.5020916457394872,True
2012H2-R,R,tabpfn@t1,20260911,2020H1,29,24880,111,psi,0.05743202328553775,,,True
2012H2-R,R,tabpfn@t1,20260911,2020H1,29,24880,111,psi_critical,0.0010184027677122018,,,True
2012H2-R,R,tabpfn@t1,20260911,2020H2,31,24919,71,auc,0.67142139702348,0.606892171308691,0.7359506227382691,False
2012H2-R,R,tabpfn@t1,20260911,2020H2,31,24919,71,gini,0.34284279404696005,0.213784342617382,0.4719012454765381,False
2012H2-R,R,tabpfn@t1,20260911,2020H2,31,24919,71,ks,0.30456102681769953,,,False
2012H2-R,R,tabpfn@t1,20260911,2020H2,31,24919,71,brier,0.003053872322053764,,,False
2012H2-R,R,tabpfn@t1,20260911,2020H2,31,24919,71,brier_miscalibration,0.00021846652028765113,,,False
2012H2-R,R,tabpfn@t1,20260911,2020H2,31,24919,71,brier_discrimination,5.707588128482308e-06,,,False
2012H2-R,R,tabpfn@t1,20260911,2020H2,31,24919,71,brier_uncertainty,0.002841113389894595,,,False
2012H2-R,R,tabpfn@t1,20260911,2020H2,31,24919,71,observed_over_expected,0.30149700524949136,0.23554046391691028,0.38015578440494285,False
2012H2-R,R,tabpfn@t1,20260911,2020H2,31,24919,71,log_oe,-1.1989951957017357,-1.4458725589820258,-0.9671741513115446,False
2012H2-R,R,tabpfn@t1,20260911,2020H2,31,24919,71,cox_intercept,-3.707065465890954,-4.514795293178101,-2.899335638603807,False
2012H2-R,R,tabpfn@t1,20260911,2020H2,31,24919,71,cox_slope,0.4135282255255283,0.25056406916746676,0.5764923818835899,False
2012H2-R,R,tabpfn@t1,20260911,2020H2,31,24919,71,psi,0.014139314079371195,,,False
2012H2-R,R,tabpfn@t1,20260911,2020H2,31,24919,71,psi_critical,0.0010173384832140608,,,False
2012H2-R,R,tabpfn@t1,20260911,2021H1,33,24909,90,auc,0.7422207896280182,0.6948857224635011,0.7895558567925353,False
2012H2-R,R,tabpfn@t1,20260911,2021H1,33,24909,90,gini,0.48444157925603637,0.3897714449270022,0.5791117135850705,False
2012H2-R,R,tabpfn@t1,20260911,2021H1,33,24909,90,ks,0.3897041245282512,,,False
2012H2-R,R,tabpfn@t1,20260911,2021H1,33,24909,90,brier,0.0038281038205741306,,,False
2012H2-R,R,tabpfn@t1,20260911,2021H1,33,24909,90,brier_miscalibration,0.00024512432555842895,,,False
2012H2-R,R,tabpfn@t1,20260911,2021H1,33,24909,90,brier_discrimination,1.71175113453108e-05,,,False
2012H2-R,R,tabpfn@t1,20260911,2021H1,33,24909,90,brier_uncertainty,0.0036000970063610124,,,False
2012H2-R,R,tabpfn@t1,20260911,2021H1,33,24909,90,observed_over_expected,0.3233781627384659,0.2601211308943591,0.3973220005739719,False
2012H2-R,R,tabpfn@t1,20260911,2021H1,33,24909,90,log_oe,-1.1289328581187745,-1.3466078684035265,-0.9230082424770857,False
2012H2-R,R,tabpfn@t1,20260911,2021H1,33,24909,90,cox_intercept,-2.5903723771910827,-3.2930031734303533,-1.8877415809518119,False
2012H2-R,R,tabpfn@t1,20260911,2021H1,33,24909,90,cox_slope,0.6320822526070488,0.47104180966078923,0.7931226955533083,False
2012H2-R,R,tabpfn@t1,20260911,2021H1,33,24909,90,psi,0.0455784822382945,,,False
2012H2-R,R,tabpfn@t1,20260911,2021H1,33,24909,90,psi_critical,0.001017611058962233,,,False
2012H2-R,R,tabpfn@t1,20260911,2021H2,35,24929,136,auc,0.7600395984635132,0.720218892406121,0.7998603045209054,True
2012H2-R,R,tabpfn@t1,20260911,2021H2,35,24929,136,gini,0.5200791969270264,0.44043778481224205,0.5997206090418108,True
2012H2-R,R,tabpfn@t1,20260911,2021H2,35,24929,136,ks,0.40112721569892834,,,True
2012H2-R,R,tabpfn@t1,20260911,2021H2,35,24929,136,brier,0.005658615590373218,,,True
2012H2-R,R,tabpfn@t1,20260911,2021H2,35,24929,136,brier_miscalibration,0.0002976629689928128,,,True
2012H2-R,R,tabpfn@t1,20260911,2021H2,35,24929,136,brier_discrimination,6.47785700091906e-05,,,True
2012H2-R,R,tabpfn@t1,20260911,2021H2,35,24929,136,brier_uncertainty,0.005425731191389596,,,True
2012H2-R,R,tabpfn@t1,20260911,2021H2,35,24929,136,observed_over_expected,0.3856805715871391,0.323723157146631,0.4559891179053044,True
2012H2-R,R,tabpfn@t1,20260911,2021H2,35,24929,136,log_oe,-0.9527457868615501,-1.1278665816942017,-0.78528633399526,True
2012H2-R,R,tabpfn@t1,20260911,2021H2,35,24929,136,cox_intercept,-2.0153324320135972,-2.5803025273869573,-1.4503623366402372,True
2012H2-R,R,tabpfn@t1,20260911,2021H2,35,24929,136,cox_slope,0.7153557095690922,0.5741000334761787,0.8566113856620058,True
2012H2-R,R,tabpfn@t1,20260911,2021H2,35,24929,136,psi,0.13628033298173686,,,True
2012H2-R,R,tabpfn@t1,20260911,2021H2,35,24929,136,psi_critical,0.0010170661261475434,,,True
2012H2-R,R,tabpfn@t1,20260911,2022H1,37,24889,291,auc,0.7704018067571219,0.7447674025017027,0.7960362110125411,True
2012H2-R,R,tabpfn@t1,20260911,2022H1,37,24889,291,gini,0.5408036135142438,0.4895348050034054,0.5920724220250821,True
2012H2-R,R,tabpfn@t1,20260911,2022H1,37,24889,291,ks,0.42530292603343556,,,True
2012H2-R,R,tabpfn@t1,20260911,2022H1,37,24889,291,brier,0.011503851912858253,,,True
2012H2-R,R,tabpfn@t1,20260911,2022H1,37,24889,291,brier_miscalibration,0.00014944665301147748,,,True
2012H2-R,R,tabpfn@t1,20260911,2022H1,37,24889,291,brier_discrimination,0.00020080602151863365,,,True
2012H2-R,R,tabpfn@t1,20260911,2022H1,37,24889,291,brier_uncertainty,0.01155521128136541,,,True
2012H2-R,R,tabpfn@t1,20260911,2022H1,37,24889,291,observed_over_expected,0.6881034898683352,0.6116945593332438,0.7713281932449582,True
2012H2-R,R,tabpfn@t1,20260911,2022H1,37,24889,291,log_oe,-0.3738160310406911,-0.4915222071115023,-0.25964132381905586,True
2012H2-R,R,tabpfn@t1,20260911,2022H1,37,24889,291,cox_intercept,-1.07972250399299,-1.4782651538818745,-0.6811798541041056,True
2012H2-R,R,tabpfn@t1,20260911,2022H1,37,24889,291,cox_slope,0.8014215586429067,0.6950541738017302,0.9077889434840831,True
2012H2-R,R,tabpfn@t1,20260911,2022H1,37,24889,291,psi,0.30409101217745055,,,True
2012H2-R,R,tabpfn@t1,20260911,2022H1,37,24889,291,psi_critical,0.0010181568675578935,,,True
2012H2-R,R,tabpfn@t1,20260911,2022H2,39,24859,373,auc,0.7864633595955363,0.7640983493695718,0.8088283698215007,True
2012H2-R,R,tabpfn@t1,20260911,2022H2,39,24859,373,gini,0.5729267191910725,0.5281966987391435,0.6176567396430015,True
2012H2-R,R,tabpfn@t1,20260911,2022H2,39,24859,373,ks,0.4494167373422773,,,True
2012H2-R,R,tabpfn@t1,20260911,2022H2,39,24859,373,brier,0.014429749758372938,,,True
2012H2-R,R,tabpfn@t1,20260911,2022H2,39,24859,373,brier_miscalibration,8.924130120970333e-05,,,True
2012H2-R,R,tabpfn@t1,20260911,2022H2,39,24859,373,brier_discrimination,0.0004389788298555311,,,True
2012H2-R,R,tabpfn@t1,20260911,2022H2,39,24859,373,brier_uncertainty,0.014779487287018766,,,True
2012H2-R,R,tabpfn@t1,20260911,2022H2,39,24859,373,observed_over_expected,0.9332618763052233,0.8415530069242909,1.0321178200742853,True
2012H2-R,R,tabpfn@t1,20260911,2022H2,39,24859,373,log_oe,-0.06906943551944866,-0.1725062763377511,0.03161282728149342,True
2012H2-R,R,tabpfn@t1,20260911,2022H2,39,24859,373,cox_intercept,-0.364794490400382,-0.7448103467956027,0.015221365994838643,True
2012H2-R,R,tabpfn@t1,20260911,2022H2,39,24859,373,cox_slope,0.9169766993679563,0.8143864116928753,1.0195669870430375,True
2012H2-R,R,tabpfn@t1,20260911,2022H2,39,24859,373,psi,0.31361418385036083,,,True
2012H2-R,R,tabpfn@t1,20260911,2022H2,39,24859,373,psi_critical,0.001018977227164634,,,True
2012H2-R,R,tabpfn@t1,20260911,2023H1,41,24882,381,auc,0.7847121457681143,0.763879154999772,0.8055451365364567,True
2012H2-R,R,tabpfn@t1,20260911,2023H1,41,24882,381,gini,0.5694242915362286,0.527758309999544,0.6110902730729133,True
2012H2-R,R,tabpfn@t1,20260911,2023H1,41,24882,381,ks,0.4372497089143397,,,True
2012H2-R,R,tabpfn@t1,20260911,2023H1,41,24882,381,brier,0.01478590687675878,,,True
2012H2-R,R,tabpfn@t1,20260911,2023H1,41,24882,381,brier_miscalibration,4.29915495013377e-05,,,True
2012H2-R,R,tabpfn@t1,20260911,2023H1,41,24882,381,brier_discrimination,0.00033489287270802894,,,True
2012H2-R,R,tabpfn@t1,20260911,2023H1,41,24882,381,brier_uncertainty,0.015077808199965471,,,True
2012H2-R,R,tabpfn@t1,20260911,2023H1,41,24882,381,observed_over_expected,0.9944520613583827,0.8977491173555965,1.0986047219858581,True
2012H2-R,R,tabpfn@t1,20260911,2023H1,41,24882,381,log_oe,-0.005563385612258844,-0.10786462905036691,0.09404094010197935,True
2012H2-R,R,tabpfn@t1,20260911,2023H1,41,24882,381,cox_intercept,-0.40020003475340005,-0.7817455032430569,-0.018654566263743233,True
2012H2-R,R,tabpfn@t1,20260911,2023H1,41,24882,381,cox_slope,0.8897402148407575,0.7884121723472111,0.9910682573343039,True
2012H2-R,R,tabpfn@t1,20260911,2023H1,41,24882,381,psi,0.2604311472296947,,,True
2012H2-R,R,tabpfn@t1,20260911,2023H1,41,24882,381,psi_critical,0.0010183481078604518,,,True
2012H2-R,R,tabpfn@t1,20260911,2023H2,43,24866,363,auc,0.8084157120694391,0.7887417969995333,0.8280896271393449,True
2012H2-R,R,tabpfn@t1,20260911,2023H2,43,24866,363,gini,0.6168314241388781,0.5774835939990666,0.6561792542786897,True
2012H2-R,R,tabpfn@t1,20260911,2023H2,43,24866,363,ks,0.47918155633722936,,,True
2012H2-R,R,tabpfn@t1,20260911,2023H2,43,24866,363,brier,0.014082319223324747,,,True
2012H2-R,R,tabpfn@t1,20260911,2023H2,43,24866,363,brier_miscalibration,6.30986681164937e-05,,,True
2012H2-R,R,tabpfn@t1,20260911,2023H2,43,24866,363,brier_discrimination,0.00036591724273077504,,,True
2012H2-R,R,tabpfn@t1,20260911,2023H2,43,24866,363,brier_uncertainty,0.014385137797939028,,,True
2012H2-R,R,tabpfn@t1,20260911,2023H2,43,24866,363,observed_over_expected,1.018633804569606,0.9171830261244962,1.128108912567242,True
2012H2-R,R,tabpfn@t1,20260911,2023H2,43,24866,363,log_oe,0.01846232220376617,-0.08644823435748776,0.1205427021092228,True
2012H2-R,R,tabpfn@t1,20260911,2023H2,43,24866,363,cox_intercept,-0.19992318950452706,-0.5822930097237649,0.1824466307147107,True
2012H2-R,R,tabpfn@t1,20260911,2023H2,43,24866,363,cox_slope,0.9387091640559035,0.8367267096489475,1.0406916184628596,True
2012H2-R,R,tabpfn@t1,20260911,2023H2,43,24866,363,psi,0.1776101971214127,,,True
2012H2-R,R,tabpfn@t1,20260911,2023H2,43,24866,363,psi_critical,0.0010187856328701956,,,True
2012H2-R,R,tabpfn@t1,20260912,2013H1,1,24341,85,auc,0.839761659941021,0.7994427262352608,0.8800805936467813,False
2012H2-R,R,tabpfn@t1,20260912,2013H1,1,24341,85,gini,0.6795233198820421,0.5988854524705216,0.7601611872935625,False
2012H2-R,R,tabpfn@t1,20260912,2013H1,1,24341,85,ks,0.5316874902995499,,,False
2012H2-R,R,tabpfn@t1,20260912,2013H1,1,24341,85,brier,0.0038777025157537177,,,False
2012H2-R,R,tabpfn@t1,20260912,2013H1,1,24341,85,brier_miscalibration,0.0004747299983924912,,,False
2012H2-R,R,tabpfn@t1,20260912,2013H1,1,24341,85,brier_discrimination,7.688351615268204e-05,,,False
2012H2-R,R,tabpfn@t1,20260912,2013H1,1,24341,85,brier_uncertainty,0.0034798560335139086,,,False
2012H2-R,R,tabpfn@t1,20260912,2013H1,1,24341,85,observed_over_expected,0.2524452679320832,0.2017110966926685,0.3120235026213742,False
2012H2-R,R,tabpfn@t1,20260912,2013H1,1,24341,85,log_oe,-1.376560814427728,-1.6009188197064883,-1.164676765095074,False
2012H2-R,R,tabpfn@t1,20260912,2013H1,1,24341,85,cox_intercept,-1.628545242631707,-2.2343807188136906,-1.0227097664497236,False
2012H2-R,R,tabpfn@t1,20260912,2013H1,1,24341,85,cox_slope,0.9377540135851098,0.7679620501066674,1.107545977063552,False
2012H2-R,R,tabpfn@t1,20260912,2013H1,1,24341,85,psi,0.0439198062289278,,,False
2012H2-R,R,tabpfn@t1,20260912,2013H1,1,24341,85,psi_critical,0.0010334610033318997,,,False
2012H2-R,R,tabpfn@t1,20260912,2013H2,3,23974,142,auc,0.8390124651906067,0.8086346902196822,0.8693902401615312,True
2012H2-R,R,tabpfn@t1,20260912,2013H2,3,23974,142,gini,0.6780249303812134,0.6172693804393643,0.7387804803230624,True
2012H2-R,R,tabpfn@t1,20260912,2013H2,3,23974,142,ks,0.5560129828990727,,,True
2012H2-R,R,tabpfn@t1,20260912,2013H2,3,23974,142,brier,0.006127363397454854,,,True
2012H2-R,R,tabpfn@t1,20260912,2013H2,3,23974,142,brier_miscalibration,0.00034606883762113103,,,True
2012H2-R,R,tabpfn@t1,20260912,2013H2,3,23974,142,brier_discrimination,0.00010670586419562079,,,True
2012H2-R,R,tabpfn@t1,20260912,2013H2,3,23974,142,brier_uncertainty,0.005888000424029344,,,True
2012H2-R,R,tabpfn@t1,20260912,2013H2,3,23974,142,observed_over_expected,0.3957484791944957,0.33348465067318245,0.4662068163800116,True
2012H2-R,R,tabpfn@t1,20260912,2013H2,3,23974,142,log_oe,-0.9269764230723774,-1.0981584396536086,-0.7631259313376222,True
2012H2-R,R,tabpfn@t1,20260912,2013H2,3,23974,142,cox_intercept,-1.0914073866815728,-1.5718521756693955,-0.61096259769375,True
2012H2-R,R,tabpfn@t1,20260912,2013H2,3,23974,142,cox_slope,0.9614802883847604,0.8255450658526013,1.0974155109169195,True
2012H2-R,R,tabpfn@t1,20260912,2013H2,3,23974,142,psi,0.10740561598834383,,,True
2012H2-R,R,tabpfn@t1,20260912,2013H2,3,23974,142,psi_critical,0.001044101484378237,,,True
2012H2-R,R,tabpfn@t1,20260912,2014H1,5,24341,137,auc,0.8296037814827011,0.7987219461278591,0.8604856168375431,True
2012H2-R,R,tabpfn@t1,20260912,2014H1,5,24341,137,gini,0.6592075629654022,0.5974438922557181,0.7209712336750862,True
2012H2-R,R,tabpfn@t1,20260912,2014H1,5,24341,137,ks,0.5220157252164389,,,True
2012H2-R,R,tabpfn@t1,20260912,2014H1,5,24341,137,brier,0.005799007949152041,,,True
2012H2-R,R,tabpfn@t1,20260912,2014H1,5,24341,137,brier_miscalibration,0.0002901452813404582,,,True
2012H2-R,R,tabpfn@t1,20260912,2014H1,5,24341,137,brier_discrimination,8.78225208710854e-05,,,True
2012H2-R,R,tabpfn@t1,20260912,2014H1,5,24341,137,brier_uncertainty,0.005596685188682668,,,True
2012H2-R,R,tabpfn@t1,20260912,2014H1,5,24341,137,observed_over_expected,0.4192684139777679,0.3521554406460811,0.49538948217112233,True
2012H2-R,R,tabpfn@t1,20260912,2014H1,5,24341,137,log_oe,-0.8692439580083421,-1.0436826081128727,-0.7024109931350554,True
2012H2-R,R,tabpfn@t1,20260912,2014H1,5,24341,137,cox_intercept,-1.1334204986584056,-1.6408329939282877,-0.6260080033885235,True
2012H2-R,R,tabpfn@t1,20260912,2014H1,5,24341,137,cox_slope,0.9331032885056346,0.7970258566735646,1.0691807203377046,True
2012H2-R,R,tabpfn@t1,20260912,2014H1,5,24341,137,psi,0.11846609850675202,,,True
2012H2-R,R,tabpfn@t1,20260912,2014H1,5,24341,137,psi_critical,0.0010334610033318997,,,True
2012H2-R,R,tabpfn@t1,20260912,2014H2,7,24213,99,auc,0.7960428704394865,0.75494498324882,0.837140757630153,False
2012H2-R,R,tabpfn@t1,20260912,2014H2,7,24213,99,gini,0.592085740878973,0.50988996649764,0.6742815152603061,False
2012H2-R,R,tabpfn@t1,20260912,2014H2,7,24213,99,ks,0.4437382031310869,,,False
2012H2-R,R,tabpfn@t1,20260912,2014H2,7,24213,99,brier,0.004314732841566994,,,False
2012H2-R,R,tabpfn@t1,20260912,2014H2,7,24213,99,brier_miscalibration,0.0003061038348203026,,,False
2012H2-R,R,tabpfn@t1,20260912,2014H2,7,24213,99,brier_discrimination,6.336609692381926e-05,,,False
2012H2-R,R,tabpfn@t1,20260912,2014H2,7,24213,99,brier_uncertainty,0.004071995103670511,,,False
2012H2-R,R,tabpfn@t1,20260912,2014H2,7,24213,99,observed_over_expected,0.33377535280819753,0.2713745076450913,0.4061787331449204,False
2012H2-R,R,tabpfn@t1,20260912,2014H2,7,24213,99,log_oe,-1.0972871086825013,-1.3042554650825493,-0.9009619868319599,False
2012H2-R,R,tabpfn@t1,20260912,2014H2,7,24213,99,cox_intercept,-1.6719095488504394,-2.3032463310047073,-1.0405727666961715,False
2012H2-R,R,tabpfn@t1,20260912,2014H2,7,24213,99,cox_slope,0.8515750255771856,0.6922454230438121,1.0109046281105591,False
2012H2-R,R,tabpfn@t1,20260912,2014H2,7,24213,99,psi,0.09517660381893356,,,False
2012H2-R,R,tabpfn@t1,20260912,2014H2,7,24213,99,psi_critical,0.001037135493306651,,,False
2012H2-R,R,tabpfn@t1,20260912,2015H1,9,24159,83,auc,0.8171923447236363,0.770468651899566,0.8639160375477066,False
2012H2-R,R,tabpfn@t1,20260912,2015H1,9,24159,83,gini,0.6343846894472727,0.5409373037991321,0.7278320750954133,False
2012H2-R,R,tabpfn@t1,20260912,2015H1,9,24159,83,ks,0.5309697003665101,,,False
2012H2-R,R,tabpfn@t1,20260912,2015H1,9,24159,83,brier,0.003593742398565084,,,False
2012H2-R,R,tabpfn@t1,20260912,2015H1,9,24159,83,brier_miscalibration,0.00021370798315924894,,,False
2012H2-R,R,tabpfn@t1,20260912,2015H1,9,24159,83,brier_discrimination,4.37350894930506e-05,,,False
2012H2-R,R,tabpfn@t1,20260912,2015H1,9,24159,83,brier_uncertainty,0.003423769504898886,,,False
2012H2-R,R,tabpfn@t1,20260912,2015H1,9,24159,83,observed_over_expected,0.3152893803196945,0.25120891390447947,0.39068763434038417,False
2012H2-R,R,tabpfn@t1,20260912,2015H1,9,24159,83,log_oe,-1.15426439419183,-1.3814703597291484,-0.9398469274337986,False
2012H2-R,R,tabpfn@t1,20260912,2015H1,9,24159,83,cox_intercept,-1.2322273405013802,-1.9471608722112423,-0.517293808791518,False
2012H2-R,R,tabpfn@t1,20260912,2015H1,9,24159,83,cox_slope,0.9867309264176118,0.8032802782552861,1.1701815745799375,False
2012H2-R,R,tabpfn@t1,20260912,2015H1,9,24159,83,psi,0.0628499357881563,,,False
2012H2-R,R,tabpfn@t1,20260912,2015H1,9,24159,83,psi_critical,0.0010386973468943645,,,False
2012H2-R,R,tabpfn@t1,20260912,2015H2,11,24159,130,auc,0.7915518748179284,0.7569613906489512,0.8261423589869057,True
2012H2-R,R,tabpfn@t1,20260912,2015H2,11,24159,130,gini,0.5831037496358569,0.5139227812979024,0.6522847179738114,True
2012H2-R,R,tabpfn@t1,20260912,2015H2,11,24159,130,ks,0.43266853833668933,,,True
2012H2-R,R,tabpfn@t1,20260912,2015H2,11,24159,130,brier,0.0055106297322059525,,,True
2012H2-R,R,tabpfn@t1,20260912,2015H2,11,24159,130,brier_miscalibration,0.00021373485636634864,,,True
2012H2-R,R,tabpfn@t1,20260912,2015H2,11,24159,130,brier_discrimination,5.516720183710699e-05,,,True
2012H2-R,R,tabpfn@t1,20260912,2015H2,11,24159,130,brier_uncertainty,0.005352062077676711,,,True
2012H2-R,R,tabpfn@t1,20260912,2015H2,11,24159,130,observed_over_expected,0.44922032077475166,0.375481010518965,0.5331434158527631,True
2012H2-R,R,tabpfn@t1,20260912,2015H2,11,24159,130,log_oe,-0.8002418194412395,-0.9795473802445561,-0.6289648181154215,True
2012H2-R,R,tabpfn@t1,20260912,2015H2,11,24159,130,cox_intercept,-1.4110380034104817,-1.9874109616700282,-0.8346650451509352,True
2012H2-R,R,tabpfn@t1,20260912,2015H2,11,24159,130,cox_slope,0.8425532231437973,0.6991028902532188,0.9860035560343758,True
2012H2-R,R,tabpfn@t1,20260912,2015H2,11,24159,130,psi,0.09312148629447935,,,True
2012H2-R,R,tabpfn@t1,20260912,2015H2,11,24159,130,psi_critical,0.0010386973468943645,,,True
2012H2-R,R,tabpfn@t1,20260912,2016H1,13,24632,115,auc,0.7927216430125679,0.750050224631571,0.8353930613935647,True
2012H2-R,R,tabpfn@t1,20260912,2016H1,13,24632,115,gini,0.5854432860251357,0.500100449263142,0.6707861227871295,True
2012H2-R,R,tabpfn@t1,20260912,2016H1,13,24632,115,ks,0.4763505712983538,,,True
2012H2-R,R,tabpfn@t1,20260912,2016H1,13,24632,115,brier,0.004823242253061123,,,True
2012H2-R,R,tabpfn@t1,20260912,2016H1,13,24632,115,brier_miscalibration,0.00022713987449025832,,,True
2012H2-R,R,tabpfn@t1,20260912,2016H1,13,24632,115,brier_discrimination,5.082425283017226e-05,,,True
2012H2-R,R,tabpfn@t1,20260912,2016H1,13,24632,115,brier_uncertainty,0.004646926631401037,,,True
2012H2-R,R,tabpfn@t1,20260912,2016H1,13,24632,115,observed_over_expected,0.39336599306496006,0.3248897749559266,0.47195528852054897,True
2012H2-R,R,tabpfn@t1,20260912,2016H1,13,24632,115,log_oe,-0.9330148204216028,-1.1242693081598827,-0.750871025594236,True
2012H2-R,R,tabpfn@t1,20260912,2016H1,13,24632,115,cox_intercept,-1.5024363402156096,-2.1187796635032727,-0.8860930169279462,True
2012H2-R,R,tabpfn@t1,20260912,2016H1,13,24632,115,cox_slope,0.8543962042368836,0.7007733550232139,1.0080190534505533,True
2012H2-R,R,tabpfn@t1,20260912,2016H1,13,24632,115,psi,0.09666375383893286,,,True
2012H2-R,R,tabpfn@t1,20260912,2016H1,13,24632,115,psi_critical,0.001025249380146178,,,True
2012H2-R,R,tabpfn@t1,20260912,2016H2,15,24760,121,auc,0.7828749623908074,0.7442885191219079,0.821461405659707,True
2012H2-R,R,tabpfn@t1,20260912,2016H2,15,24760,121,gini,0.5657499247816149,0.4885770382438157,0.6429228113194141,True
2012H2-R,R,tabpfn@t1,20260912,2016H2,15,24760,121,ks,0.4676842699489723,,,True
2012H2-R,R,tabpfn@t1,20260912,2016H2,15,24760,121,brier,0.005015691711405603,,,True
2012H2-R,R,tabpfn@t1,20260912,2016H2,15,24760,121,brier_miscalibration,0.00019035198716078113,,,True
2012H2-R,R,tabpfn@t1,20260912,2016H2,15,24760,121,brier_discrimination,3.769272164606992e-05,,,True
2012H2-R,R,tabpfn@t1,20260912,2016H2,15,24760,121,brier_uncertainty,0.004863032445890892,,,True
2012H2-R,R,tabpfn@t1,20260912,2016H2,15,24760,121,observed_over_expected,0.441530943143025,0.3665158796506028,0.5273217061868761,True
2012H2-R,R,tabpfn@t1,20260912,2016H2,15,24760,121,log_oe,-0.8175071749998913,-1.0037134307615774,-0.6399444685160274,True
2012H2-R,R,tabpfn@t1,20260912,2016H2,15,24760,121,cox_intercept,-1.6138599682362693,-2.237849956045534,-0.9898699804270048,True
2012H2-R,R,tabpfn@t1,20260912,2016H2,15,24760,121,cox_slope,0.799187002485346,0.6494118571436653,0.9489621478270267,True
2012H2-R,R,tabpfn@t1,20260912,2016H2,15,24760,121,psi,0.06875347060068347,,,True
2012H2-R,R,tabpfn@t1,20260912,2016H2,15,24760,121,psi_critical,0.0010216985183533315,,,True
2012H2-R,R,tabpfn@t1,20260912,2017H1,17,24541,162,auc,0.7988746639361239,0.7697914747483365,0.8279578531239113,True
2012H2-R,R,tabpfn@t1,20260912,2017H1,17,24541,162,gini,0.5977493278722479,0.5395829494966731,0.6559157062478227,True
2012H2-R,R,tabpfn@t1,20260912,2017H1,17,24541,162,ks,0.4808418903336661,,,True
2012H2-R,R,tabpfn@t1,20260912,2017H1,17,24541,162,brier,0.006704321168383058,,,True
2012H2-R,R,tabpfn@t1,20260912,2017H1,17,24541,162,brier_miscalibration,0.00021860564394303363,,,True
2012H2-R,R,tabpfn@t1,20260912,2017H1,17,24541,162,brier_discrimination,7.190665577997205e-05,,,True
2012H2-R,R,tabpfn@t1,20260912,2017H1,17,24541,162,brier_uncertainty,0.006557622180219997,,,True
2012H2-R,R,tabpfn@t1,20260912,2017H1,17,24541,162,observed_over_expected,0.49536781491757376,0.42222070541675577,0.5774781496897627,True
2012H2-R,R,tabpfn@t1,20260912,2017H1,17,24541,162,log_oe,-0.7024547319066309,-0.8622271030443316,-0.5490846733370321,True
2012H2-R,R,tabpfn@t1,20260912,2017H1,17,24541,162,cox_intercept,-1.20036243125067,-1.7236323185320246,-0.6770925439693153,True
2012H2-R,R,tabpfn@t1,20260912,2017H1,17,24541,162,cox_slope,0.869500556076153,0.7352344455328399,1.003766666619466,True
2012H2-R,R,tabpfn@t1,20260912,2017H1,17,24541,162,psi,0.1627696984320794,,,True
2012H2-R,R,tabpfn@t1,20260912,2017H1,17,24541,162,psi_critical,0.001027796348662249,,,True
2012H2-R,R,tabpfn@t1,20260912,2017H2,19,24680,143,auc,0.8055823216600817,0.7734448556669831,0.8377197876531803,True
2012H2-R,R,tabpfn@t1,20260912,2017H2,19,24680,143,gini,0.6111646433201634,0.5468897113339661,0.6754395753063607,True
2012H2-R,R,tabpfn@t1,20260912,2017H2,19,24680,143,ks,0.4869968031723747,,,True
2012H2-R,R,tabpfn@t1,20260912,2017H2,19,24680,143,brier,0.005888567951717547,,,True
2012H2-R,R,tabpfn@t1,20260912,2017H2,19,24680,143,brier_miscalibration,0.00019864248337192383,,,True
2012H2-R,R,tabpfn@t1,20260912,2017H2,19,24680,143,brier_discrimination,7.06674959900953e-05,,,True
2012H2-R,R,tabpfn@t1,20260912,2017H2,19,24680,143,brier_uncertainty,0.005760592964335718,,,True
2012H2-R,R,tabpfn@t1,20260912,2017H2,19,24680,143,observed_over_expected,0.4430746280822322,0.3735949756263766,0.5216661000356191,True
2012H2-R,R,tabpfn@t1,20260912,2017H2,19,24680,143,log_oe,-0.814017062442669,-0.9845830212554177,-0.6507275508702844,True
2012H2-R,R,tabpfn@t1,20260912,2017H2,19,24680,143,cox_intercept,-1.0586769728371563,-1.629856730381872,-0.4874972152924406,True
2012H2-R,R,tabpfn@t1,20260912,2017H2,19,24680,143,cox_slope,0.9392284364308774,0.7902471320200217,1.088209740841733,True
2012H2-R,R,tabpfn@t1,20260912,2017H2,19,24680,143,psi,0.16292609486561663,,,True
2012H2-R,R,tabpfn@t1,20260912,2017H2,19,24680,143,psi_critical,0.0010239134906912925,,,True
2012H2-R,R,tabpfn@t1,20260912,2018H1,21,24416,148,auc,0.7590846471162113,0.7231628253332403,0.7950064688991823,True
2012H2-R,R,tabpfn@t1,20260912,2018H1,21,24416,148,gini,0.5181692942324225,0.44632565066648056,0.5900129377983645,True
2012H2-R,R,tabpfn@t1,20260912,2018H1,21,24416,148,ks,0.41095046752702924,,,True
2012H2-R,R,tabpfn@t1,20260912,2018H1,21,24416,148,brier,0.006196115892196896,,,True
2012H2-R,R,tabpfn@t1,20260912,2018H1,21,24416,148,brier_miscalibration,0.00021943121235711276,,,True
2012H2-R,R,tabpfn@t1,20260912,2018H1,21,24416,148,brier_discrimination,4.81712898185117e-05,,,True
2012H2-R,R,tabpfn@t1,20260912,2018H1,21,24416,148,brier_uncertainty,0.006024855969658295,,,True
2012H2-R,R,tabpfn@t1,20260912,2018H1,21,24416,148,observed_over_expected,0.47110349537321683,0.3984421143745386,0.553116479122198,True
2012H2-R,R,tabpfn@t1,20260912,2018H1,21,24416,148,log_oe,-0.7526774737043952,-0.9201930500870402,-0.5921866683154182,True
2012H2-R,R,tabpfn@t1,20260912,2018H1,21,24416,148,cox_intercept,-1.6872852604320703,-2.2537317648679767,-1.120838755996164,True
2012H2-R,R,tabpfn@t1,20260912,2018H1,21,24416,148,cox_slope,0.7578783339403744,0.6194875525424497,0.8962691153382991,True
2012H2-R,R,tabpfn@t1,20260912,2018H1,21,24416,148,psi,0.1627951518915933,,,True
2012H2-R,R,tabpfn@t1,20260912,2018H1,21,24416,148,psi_critical,0.0010313258825568766,,,True
2012H2-R,R,tabpfn@t1,20260912,2018H2,23,24543,146,auc,0.7703761297846524,0.7334767316944749,0.8072755278748299,True
2012H2-R,R,tabpfn@t1,20260912,2018H2,23,24543,146,gini,0.5407522595693048,0.46695346338894983,0.6145510557496598,True
2012H2-R,R,tabpfn@t1,20260912,2018H2,23,24543,146,ks,0.4275722200292985,,,True
2012H2-R,R,tabpfn@t1,20260912,2018H2,23,24543,146,brier,0.006058185301635256,,,True
2012H2-R,R,tabpfn@t1,20260912,2018H2,23,24543,146,brier_miscalibration,0.00020890680347214214,,,True
2012H2-R,R,tabpfn@t1,20260912,2018H2,23,24543,146,brier_discrimination,6.407698074012771e-05,,,True
2012H2-R,R,tabpfn@t1,20260912,2018H2,23,24543,146,brier_uncertainty,0.005913355478903241,,,True
2012H2-R,R,tabpfn@t1,20260912,2018H2,23,24543,146,observed_over_expected,0.4520394115514967,0.3818594102929433,0.5313192158134438,True
2012H2-R,R,tabpfn@t1,20260912,2018H2,23,24543,146,log_oe,-0.7939859092530539,-0.962702773999736,-0.6323922786403199,True
2012H2-R,R,tabpfn@t1,20260912,2018H2,23,24543,146,cox_intercept,-1.5115754433144466,-2.0838923720320466,-0.9392585145968468,True
2012H2-R,R,tabpfn@t1,20260912,2018H2,23,24543,146,cox_slope,0.8131420623102011,0.6699526385202894,0.9563314861001129,True
2012H2-R,R,tabpfn@t1,20260912,2018H2,23,24543,146,psi,0.17731643647806922,,,True
2012H2-R,R,tabpfn@t1,20260912,2018H2,23,24543,146,psi_critical,0.0010277401683422742,,,True
2012H2-R,R,tabpfn@t1,20260912,2019H1,25,24752,110,auc,0.709704790785872,0.6586263685295392,0.7607832130422049,True
2012H2-R,R,tabpfn@t1,20260912,2019H1,25,24752,110,gini,0.419409581571744,0.3172527370590783,0.5215664260844097,True
2012H2-R,R,tabpfn@t1,20260912,2019H1,25,24752,110,ks,0.35522574171222826,,,True
2012H2-R,R,tabpfn@t1,20260912,2019H1,25,24752,110,brier,0.004660105336060843,,,True
2012H2-R,R,tabpfn@t1,20260912,2019H1,25,24752,110,brier_miscalibration,0.0002705380995999653,,,True
2012H2-R,R,tabpfn@t1,20260912,2019H1,25,24752,110,brier_discrimination,3.4768195588725896e-05,,,True
2012H2-R,R,tabpfn@t1,20260912,2019H1,25,24752,110,brier_uncertainty,0.004424335432049603,,,True
2012H2-R,R,tabpfn@t1,20260912,2019H1,25,24752,110,observed_over_expected,0.3475167999655385,0.2857239707402067,0.418660527318805,True
2012H2-R,R,tabpfn@t1,20260912,2019H1,25,24752,110,log_oe,-1.0569422699213116,-1.2527290714791548,-0.8706948847770613,True
2012H2-R,R,tabpfn@t1,20260912,2019H1,25,24752,110,cox_intercept,-2.5040495235975104,-3.1874498546757404,-1.8206491925192805,True
2012H2-R,R,tabpfn@t1,20260912,2019H1,25,24752,110,cox_slope,0.6335963387176167,0.47374786847411415,0.7934448089611192,True
2012H2-R,R,tabpfn@t1,20260912,2019H1,25,24752,110,psi,0.1967659619268722,,,True
2012H2-R,R,tabpfn@t1,20260912,2019H1,25,24752,110,psi_critical,0.0010219193712836033,,,True
2012H2-R,R,tabpfn@t1,20260912,2019H2,27,24861,136,auc,0.6898194849223815,0.6457802492156421,0.7338587206291209,True
2012H2-R,R,tabpfn@t1,20260912,2019H2,27,24861,136,gini,0.3796389698447631,0.2915604984312843,0.4677174412582419,True
2012H2-R,R,tabpfn@t1,20260912,2019H2,27,24861,136,ks,0.28137155772319045,,,True
2012H2-R,R,tabpfn@t1,20260912,2019H2,27,24861,136,brier,0.005612313655313876,,,True
2012H2-R,R,tabpfn@t1,20260912,2019H2,27,24861,136,brier_miscalibration,0.00019239221690344442,,,True
2012H2-R,R,tabpfn@t1,20260912,2019H2,27,24861,136,brier_discrimination,2.0568625971844993e-05,,,True
2012H2-R,R,tabpfn@t1,20260912,2019H2,27,24861,136,brier_uncertainty,0.0054404900643822765,,,True
2012H2-R,R,tabpfn@t1,20260912,2019H2,27,24861,136,observed_over_expected,0.4782517550352723,0.40142376219089426,0.5654350093455204,True
2012H2-R,R,tabpfn@t1,20260912,2019H2,27,24861,136,log_oe,-0.7376180009659001,-0.9127376460888043,-0.5701599160330775,True
2012H2-R,R,tabpfn@t1,20260912,2019H2,27,24861,136,cox_intercept,-2.605666184279254,-3.239165927052217,-1.9721664415062907,True
2012H2-R,R,tabpfn@t1,20260912,2019H2,27,24861,136,cox_slope,0.5438283352709715,0.4035148913247793,0.6841417792171638,True
2012H2-R,R,tabpfn@t1,20260912,2019H2,27,24861,136,psi,0.1284973008552464,,,True
2012H2-R,R,tabpfn@t1,20260912,2019H2,27,24861,136,psi_critical,0.0010189224749281936,,,True
2012H2-R,R,tabpfn@t1,20260912,2020H1,29,24880,111,auc,0.6531878885223793,0.6008919368773374,0.7054838401674212,True
2012H2-R,R,tabpfn@t1,20260912,2020H1,29,24880,111,gini,0.3063757770447586,0.20178387375467488,0.4109676803348423,True
2012H2-R,R,tabpfn@t1,20260912,2020H1,29,24880,111,ks,0.27636223570657736,,,True
2012H2-R,R,tabpfn@t1,20260912,2020H1,29,24880,111,brier,0.004619332989761384,,,True
2012H2-R,R,tabpfn@t1,20260912,2020H1,29,24880,111,brier_miscalibration,0.00018712769848143896,,,True
2012H2-R,R,tabpfn@t1,20260912,2020H1,29,24880,111,brier_discrimination,9.305277779514919e-06,,,True
2012H2-R,R,tabpfn@t1,20260912,2020H1,29,24880,111,brier_uncertainty,0.00444151056905946,,,True
2012H2-R,R,tabpfn@t1,20260912,2020H1,29,24880,111,observed_over_expected,0.4628658173505908,0.3809163303631079,0.5571556637516513,True
2012H2-R,R,tabpfn@t1,20260912,2020H1,29,24880,111,log_oe,-0.7703180782371412,-0.9651755333183945,-0.5849106099629792,True
2012H2-R,R,tabpfn@t1,20260912,2020H1,29,24880,111,cox_intercept,-3.37820457355869,-4.0874680849714,-2.6689410621459806,True
2012H2-R,R,tabpfn@t1,20260912,2020H1,29,24880,111,cox_slope,0.3978810738557685,0.2539190669320678,0.5418430807794692,True
2012H2-R,R,tabpfn@t1,20260912,2020H1,29,24880,111,psi,0.04026273418787012,,,True
2012H2-R,R,tabpfn@t1,20260912,2020H1,29,24880,111,psi_critical,0.0010184027677122018,,,True
2012H2-R,R,tabpfn@t1,20260912,2020H2,31,24919,71,auc,0.6630051558546384,0.5962159742445278,0.729794337464749,False
2012H2-R,R,tabpfn@t1,20260912,2020H2,31,24919,71,gini,0.32601031170927675,0.19243194848905554,0.45958867492949795,False
2012H2-R,R,tabpfn@t1,20260912,2020H2,31,24919,71,ks,0.31877420349527946,,,False
2012H2-R,R,tabpfn@t1,20260912,2020H2,31,24919,71,brier,0.0029816688695425324,,,False
2012H2-R,R,tabpfn@t1,20260912,2020H2,31,24919,71,brier_miscalibration,0.00014622623738228414,,,False
2012H2-R,R,tabpfn@t1,20260912,2020H2,31,24919,71,brier_discrimination,5.670757734346776e-06,,,False
2012H2-R,R,tabpfn@t1,20260912,2020H2,31,24919,71,brier_uncertainty,0.002841113389894595,,,False
2012H2-R,R,tabpfn@t1,20260912,2020H2,31,24919,71,observed_over_expected,0.3546268182186042,0.2770474128307407,0.4471468502294517,False
2012H2-R,R,tabpfn@t1,20260912,2020H2,31,24919,71,log_oe,-1.036689258707706,-1.283566621987996,-0.8048682143175148,False
2012H2-R,R,tabpfn@t1,20260912,2020H2,31,24919,71,cox_intercept,-3.5869388032886618,-4.488767129891885,-2.6851104766854386,False
2012H2-R,R,tabpfn@t1,20260912,2020H2,31,24919,71,cox_slope,0.4307692418096544,0.2525268100527289,0.6090116735665799,False
2012H2-R,R,tabpfn@t1,20260912,2020H2,31,24919,71,psi,0.012721826356805624,,,False
2012H2-R,R,tabpfn@t1,20260912,2020H2,31,24919,71,psi_critical,0.0010173384832140608,,,False
2012H2-R,R,tabpfn@t1,20260912,2021H1,33,24909,90,auc,0.743786346481862,0.6950232533128928,0.7925494396508312,False
2012H2-R,R,tabpfn@t1,20260912,2021H1,33,24909,90,gini,0.4875726929637241,0.39004650662578566,0.5850988793016625,False
2012H2-R,R,tabpfn@t1,20260912,2021H1,33,24909,90,ks,0.38596371059806334,,,False
2012H2-R,R,tabpfn@t1,20260912,2021H1,33,24909,90,brier,0.0037483484934110636,,,False
2012H2-R,R,tabpfn@t1,20260912,2021H1,33,24909,90,brier_miscalibration,0.0001659245161421399,,,False
2012H2-R,R,tabpfn@t1,20260912,2021H1,33,24909,90,brier_discrimination,1.7673029092088715e-05,,,False
2012H2-R,R,tabpfn@t1,20260912,2021H1,33,24909,90,brier_uncertainty,0.0036000970063610124,,,False
2012H2-R,R,tabpfn@t1,20260912,2021H1,33,24909,90,observed_over_expected,0.3800674791803396,0.30572126968423274,0.4669739289203908,False
2012H2-R,R,tabpfn@t1,20260912,2021H1,33,24909,90,log_oe,-0.9674064652362301,-1.1850814755209818,-0.7614818495945411,False
2012H2-R,R,tabpfn@t1,20260912,2021H1,33,24909,90,cox_intercept,-2.2808047747256155,-3.0362803458124348,-1.5253292036387962,False
2012H2-R,R,tabpfn@t1,20260912,2021H1,33,24909,90,cox_slope,0.6835724095800974,0.5148480997902292,0.8522967193699655,False
2012H2-R,R,tabpfn@t1,20260912,2021H1,33,24909,90,psi,0.023334577161845286,,,False
2012H2-R,R,tabpfn@t1,20260912,2021H1,33,24909,90,psi_critical,0.001017611058962233,,,False
2012H2-R,R,tabpfn@t1,20260912,2021H2,35,24929,136,auc,0.7642654710413992,0.7231362059108172,0.8053947361719812,True
2012H2-R,R,tabpfn@t1,20260912,2021H2,35,24929,136,gini,0.5285309420827984,0.44627241182163435,0.6107894723439624,True
2012H2-R,R,tabpfn@t1,20260912,2021H2,35,24929,136,ks,0.4293974698740868,,,True
2012H2-R,R,tabpfn@t1,20260912,2021H2,35,24929,136,brier,0.005556091873904833,,,True
2012H2-R,R,tabpfn@t1,20260912,2021H2,35,24929,136,brier_miscalibration,0.00018570151604278308,,,True
2012H2-R,R,tabpfn@t1,20260912,2021H2,35,24929,136,brier_discrimination,5.534083352754567e-05,,,True
2012H2-R,R,tabpfn@t1,20260912,2021H2,35,24929,136,brier_uncertainty,0.005425731191389596,,,True
2012H2-R,R,tabpfn@t1,20260912,2021H2,35,24929,136,observed_over_expected,0.4548112932235158,0.38174841720019986,0.5377221869302927,True
2012H2-R,R,tabpfn@t1,20260912,2021H2,35,24929,136,log_oe,-0.7878726862277744,-0.9629934810604258,-0.6204132333614842,True
2012H2-R,R,tabpfn@t1,20260912,2021H2,35,24929,136,cox_intercept,-1.6837875010628387,-2.272968536305296,-1.0946064658203816,True
2012H2-R,R,tabpfn@t1,20260912,2021H2,35,24929,136,cox_slope,0.7698261632494784,0.6267612505767519,0.9128910759222049,True
2012H2-R,R,tabpfn@t1,20260912,2021H2,35,24929,136,psi,0.08095912419146035,,,True
2012H2-R,R,tabpfn@t1,20260912,2021H2,35,24929,136,psi_critical,0.0010170661261475434,,,True
2012H2-R,R,tabpfn@t1,20260912,2022H1,37,24889,291,auc,0.7642279608684974,0.7387111232424555,0.7897447984945394,True
2012H2-R,R,tabpfn@t1,20260912,2022H1,37,24889,291,gini,0.5284559217369948,0.47742224648491094,0.5794895969890788,True
2012H2-R,R,tabpfn@t1,20260912,2022H1,37,24889,291,ks,0.41453206739631,,,True
2012H2-R,R,tabpfn@t1,20260912,2022H1,37,24889,291,brier,0.011502222173675667,,,True
2012H2-R,R,tabpfn@t1,20260912,2022H1,37,24889,291,brier_miscalibration,0.00011349893034283409,,,True
2012H2-R,R,tabpfn@t1,20260912,2022H1,37,24889,291,brier_discrimination,0.00016648803803257645,,,True
2012H2-R,R,tabpfn@t1,20260912,2022H1,37,24889,291,brier_uncertainty,0.01155521128136541,,,True
2012H2-R,R,tabpfn@t1,20260912,2022H1,37,24889,291,observed_over_expected,0.8080206686390916,0.7182958001418018,0.9057491084156959,True
2012H2-R,R,tabpfn@t1,20260912,2022H1,37,24889,291,log_oe,-0.2131676407893285,-0.33087381686013984,-0.0989929335676934,True
2012H2-R,R,tabpfn@t1,20260912,2022H1,37,24889,291,cox_intercept,-1.060789241676941,-1.4618651691505642,-0.6597133142033181,True
2012H2-R,R,tabpfn@t1,20260912,2022H1,37,24889,291,cox_slope,0.7708947680101861,0.6698246274473043,0.8719649085730679,True
2012H2-R,R,tabpfn@t1,20260912,2022H1,37,24889,291,psi,0.20613996020230696,,,True
2012H2-R,R,tabpfn@t1,20260912,2022H1,37,24889,291,psi_critical,0.0010181568675578935,,,True
2012H2-R,R,tabpfn@t1,20260912,2022H2,39,24859,373,auc,0.7790972200780486,0.7565303195105593,0.8016641206455379,True
2012H2-R,R,tabpfn@t1,20260912,2022H2,39,24859,373,gini,0.5581944401560972,0.5130606390211185,0.6033282412910759,True
2012H2-R,R,tabpfn@t1,20260912,2022H2,39,24859,373,ks,0.43975284667783027,,,True
2012H2-R,R,tabpfn@t1,20260912,2022H2,39,24859,373,brier,0.014487971357753043,,,True
2012H2-R,R,tabpfn@t1,20260912,2022H2,39,24859,373,brier_miscalibration,6.436795477599185e-05,,,True
2012H2-R,R,tabpfn@t1,20260912,2022H2,39,24859,373,brier_discrimination,0.0003558838840417144,,,True
2012H2-R,R,tabpfn@t1,20260912,2022H2,39,24859,373,brier_uncertainty,0.014779487287018766,,,True
2012H2-R,R,tabpfn@t1,20260912,2022H2,39,24859,373,observed_over_expected,1.1542657427116843,1.040839480569363,1.2765315635419596,True
2012H2-R,R,tabpfn@t1,20260912,2022H2,39,24859,373,log_oe,0.1434644212217934,0.0400275804034909,0.24414668402273562,True
2012H2-R,R,tabpfn@t1,20260912,2022H2,39,24859,373,cox_intercept,-0.37006950524490373,-0.7424202456495685,0.0022812351597611413,True
2012H2-R,R,tabpfn@t1,20260912,2022H2,39,24859,373,cox_slope,0.861666982968324,0.7683333710491754,0.9550005948874726,True
2012H2-R,R,tabpfn@t1,20260912,2022H2,39,24859,373,psi,0.18277730080525645,,,True
2012H2-R,R,tabpfn@t1,20260912,2022H2,39,24859,373,psi_critical,0.001018977227164634,,,True
2012H2-R,R,tabpfn@t1,20260912,2023H1,41,24882,381,auc,0.7843354939393443,0.7631492319167306,0.8055217559619581,True
2012H2-R,R,tabpfn@t1,20260912,2023H1,41,24882,381,gini,0.5686709878786886,0.5262984638334611,0.6110435119239161,True
2012H2-R,R,tabpfn@t1,20260912,2023H1,41,24882,381,ks,0.44068424653726174,,,True
2012H2-R,R,tabpfn@t1,20260912,2023H1,41,24882,381,brier,0.014808520662825734,,,True
2012H2-R,R,tabpfn@t1,20260912,2023H1,41,24882,381,brier_miscalibration,6.865856063062795e-05,,,True
2012H2-R,R,tabpfn@t1,20260912,2023H1,41,24882,381,brier_discrimination,0.00033794609777036515,,,True
2012H2-R,R,tabpfn@t1,20260912,2023H1,41,24882,381,brier_uncertainty,0.015077808199965471,,,True
2012H2-R,R,tabpfn@t1,20260912,2023H1,41,24882,381,observed_over_expected,1.2477672428730084,1.1264313127616676,1.3784505439981678,True
2012H2-R,R,tabpfn@t1,20260912,2023H1,41,24882,381,log_oe,0.22135574844501568,0.1190545050069076,0.32096007415925376,True
2012H2-R,R,tabpfn@t1,20260912,2023H1,41,24882,381,cox_intercept,-0.25018475650026845,-0.6277971690926475,0.1274276560921106,True
2012H2-R,R,tabpfn@t1,20260912,2023H1,41,24882,381,cox_slope,0.8738780484882076,0.7801705863194646,0.9675855106569506,True
2012H2-R,R,tabpfn@t1,20260912,2023H1,41,24882,381,psi,0.14163679186926603,,,True
2012H2-R,R,tabpfn@t1,20260912,2023H1,41,24882,381,psi_critical,0.0010183481078604518,,,True
2012H2-R,R,tabpfn@t1,20260912,2023H2,43,24866,363,auc,0.7950562977108891,0.774446373160136,0.8156662222616423,True
2012H2-R,R,tabpfn@t1,20260912,2023H2,43,24866,363,gini,0.5901125954217783,0.548892746320272,0.6313324445232846,True
2012H2-R,R,tabpfn@t1,20260912,2023H2,43,24866,363,ks,0.4664692207813087,,,True
2012H2-R,R,tabpfn@t1,20260912,2023H2,43,24866,363,brier,0.01411460749825368,,,True
2012H2-R,R,tabpfn@t1,20260912,2023H2,43,24866,363,brier_miscalibration,6.975751053583598e-05,,,True
2012H2-R,R,tabpfn@t1,20260912,2023H2,43,24866,363,brier_discrimination,0.00034028781022118516,,,True
2012H2-R,R,tabpfn@t1,20260912,2023H2,43,24866,363,brier_uncertainty,0.014385137797939028,,,True
2012H2-R,R,tabpfn@t1,20260912,2023H2,43,24866,363,observed_over_expected,1.2528528431443235,1.1280750322725706,1.3875000536463566,True
2012H2-R,R,tabpfn@t1,20260912,2023H2,43,24866,363,log_oe,0.2254232253970358,0.12051266883578196,0.3275036053024926,True
2012H2-R,R,tabpfn@t1,20260912,2023H2,43,24866,363,cox_intercept,-0.2513945811844962,-0.6268066726546896,0.12401751028569719,True
2012H2-R,R,tabpfn@t1,20260912,2023H2,43,24866,363,cox_slope,0.8726630958436401,0.7800608127815511,0.965265378905729,True
2012H2-R,R,tabpfn@t1,20260912,2023H2,43,24866,363,psi,0.08494531103841219,,,True
2012H2-R,R,tabpfn@t1,20260912,2023H2,43,24866,363,psi_critical,0.0010187856328701956,,,True
2012H2-R,R,tabpfn@t1,20260913,2013H1,1,24341,85,auc,0.8431180156759274,0.8029402010567851,0.8832958302950696,False
2012H2-R,R,tabpfn@t1,20260913,2013H1,1,24341,85,gini,0.6862360313518547,0.6058804021135702,0.7665916605901393,False
2012H2-R,R,tabpfn@t1,20260913,2013H1,1,24341,85,ks,0.5505097586528015,,,False
2012H2-R,R,tabpfn@t1,20260913,2013H1,1,24341,85,brier,0.003985403355695087,,,False
2012H2-R,R,tabpfn@t1,20260913,2013H1,1,24341,85,brier_miscalibration,0.0005694989641162971,,,False
2012H2-R,R,tabpfn@t1,20260913,2013H1,1,24341,85,brier_discrimination,6.395164193511837e-05,,,False
2012H2-R,R,tabpfn@t1,20260913,2013H1,1,24341,85,brier_uncertainty,0.0034798560335139086,,,False
2012H2-R,R,tabpfn@t1,20260913,2013H1,1,24341,85,observed_over_expected,0.2431115242983567,0.1942531646029543,0.3004869529168702,False
2012H2-R,R,tabpfn@t1,20260913,2013H1,1,24341,85,log_oe,-1.414234993196023,-1.6385929984747833,-1.202350943863369,False
2012H2-R,R,tabpfn@t1,20260913,2013H1,1,24341,85,cox_intercept,-1.8162356002651032,-2.389863687667824,-1.2426075128623824,False
2012H2-R,R,tabpfn@t1,20260913,2013H1,1,24341,85,cox_slope,0.8912787156701764,0.7293075342277613,1.0532498971125914,False
2012H2-R,R,tabpfn@t1,20260913,2013H1,1,24341,85,psi,0.045263316516012085,,,False
2012H2-R,R,tabpfn@t1,20260913,2013H1,1,24341,85,psi_critical,0.0010334610033318997,,,False
2012H2-R,R,tabpfn@t1,20260913,2013H2,3,23974,142,auc,0.8453254353242653,0.8160213447078046,0.874629525940726,True
2012H2-R,R,tabpfn@t1,20260913,2013H2,3,23974,142,gini,0.6906508706485306,0.6320426894156093,0.7492590518814519,True
2012H2-R,R,tabpfn@t1,20260913,2013H2,3,23974,142,ks,0.551852403443825,,,True
2012H2-R,R,tabpfn@t1,20260913,2013H2,3,23974,142,brier,0.006211330627545945,,,True
2012H2-R,R,tabpfn@t1,20260913,2013H2,3,23974,142,brier_miscalibration,0.00043312285338151495,,,True
2012H2-R,R,tabpfn@t1,20260913,2013H2,3,23974,142,brier_discrimination,0.00010979264986491367,,,True
2012H2-R,R,tabpfn@t1,20260913,2013H2,3,23974,142,brier_uncertainty,0.005888000424029344,,,True
2012H2-R,R,tabpfn@t1,20260913,2013H2,3,23974,142,observed_over_expected,0.37826444643493795,0.3187514126098366,0.4456099583278768,True
2012H2-R,R,tabpfn@t1,20260913,2013H2,3,23974,142,log_oe,-0.9721617342209555,-1.1433437508021869,-0.8083112424862005,True
2012H2-R,R,tabpfn@t1,20260913,2013H2,3,23974,142,cox_intercept,-1.2208117564995753,-1.68207733634046,-0.7595461766586906,True
2012H2-R,R,tabpfn@t1,20260913,2013H2,3,23974,142,cox_slope,0.9355886045959109,0.802443363880653,1.0687338453111688,True
2012H2-R,R,tabpfn@t1,20260913,2013H2,3,23974,142,psi,0.09119411019381815,,,True
2012H2-R,R,tabpfn@t1,20260913,2013H2,3,23974,142,psi_critical,0.001044101484378237,,,True
2012H2-R,R,tabpfn@t1,20260913,2014H1,5,24341,137,auc,0.8239676858623839,0.7932807872882646,0.8546545844365032,True
2012H2-R,R,tabpfn@t1,20260913,2014H1,5,24341,137,gini,0.6479353717247678,0.5865615745765291,0.7093091688730064,True
2012H2-R,R,tabpfn@t1,20260913,2014H1,5,24341,137,ks,0.4968114699024231,,,True
2012H2-R,R,tabpfn@t1,20260913,2014H1,5,24341,137,brier,0.005890379963983937,,,True
2012H2-R,R,tabpfn@t1,20260913,2014H1,5,24341,137,brier_miscalibration,0.0003844686555523006,,,True
2012H2-R,R,tabpfn@t1,20260913,2014H1,5,24341,137,brier_discrimination,9.077388025103151e-05,,,True
2012H2-R,R,tabpfn@t1,20260913,2014H1,5,24341,137,brier_uncertainty,0.005596685188682668,,,True
2012H2-R,R,tabpfn@t1,20260913,2014H1,5,24341,137,observed_over_expected,0.3963954120498461,0.3329437571414585,0.468363729209505,True
2012H2-R,R,tabpfn@t1,20260913,2014H1,5,24341,137,log_oe,-0.9253430506350445,-1.0997817007395752,-0.7585100857617579,True
2012H2-R,R,tabpfn@t1,20260913,2014H1,5,24341,137,cox_intercept,-1.4439312357213334,-1.9312672366663912,-0.9565952347762756,True
2012H2-R,R,tabpfn@t1,20260913,2014H1,5,24341,137,cox_slope,0.8579473409367648,0.72715543209648,0.9887392497770496,True
2012H2-R,R,tabpfn@t1,20260913,2014H1,5,24341,137,psi,0.08591831905357175,,,True
2012H2-R,R,tabpfn@t1,20260913,2014H1,5,24341,137,psi_critical,0.0010334610033318997,,,True
2012H2-R,R,tabpfn@t1,20260913,2014H2,7,24213,99,auc,0.8009432049616175,0.7627979961639739,0.8390884137592611,False
2012H2-R,R,tabpfn@t1,20260913,2014H2,7,24213,99,gini,0.601886409923235,0.5255959923279478,0.6781768275185223,False
2012H2-R,R,tabpfn@t1,20260913,2014H2,7,24213,99,ks,0.46151236173629806,,,False
2012H2-R,R,tabpfn@t1,20260913,2014H2,7,24213,99,brier,0.004383030918377649,,,False
2012H2-R,R,tabpfn@t1,20260913,2014H2,7,24213,99,brier_miscalibration,0.0003881855094614818,,,False
2012H2-R,R,tabpfn@t1,20260913,2014H2,7,24213,99,brier_discrimination,7.714969475434378e-05,,,False
2012H2-R,R,tabpfn@t1,20260913,2014H2,7,24213,99,brier_uncertainty,0.004071995103670511,,,False
2012H2-R,R,tabpfn@t1,20260913,2014H2,7,24213,99,observed_over_expected,0.3169730798736856,0.25771349730817217,0.3857316693426479,False
2012H2-R,R,tabpfn@t1,20260913,2014H2,7,24213,99,log_oe,-1.1489384302450087,-1.355906786645057,-0.9526133083944676,False
2012H2-R,R,tabpfn@t1,20260913,2014H2,7,24213,99,cox_intercept,-1.8659362296446222,-2.4708548096747456,-1.261017649614499,False
2012H2-R,R,tabpfn@t1,20260913,2014H2,7,24213,99,cox_slope,0.808715389039495,0.6543510321048001,0.96307974597419,False
2012H2-R,R,tabpfn@t1,20260913,2014H2,7,24213,99,psi,0.07039043340845959,,,False
2012H2-R,R,tabpfn@t1,20260913,2014H2,7,24213,99,psi_critical,0.001037135493306651,,,False
2012H2-R,R,tabpfn@t1,20260913,2015H1,9,24159,83,auc,0.8254773538413497,0.7824472087636486,0.8685074989190508,False
2012H2-R,R,tabpfn@t1,20260913,2015H1,9,24159,83,gini,0.6509547076826994,0.5648944175272972,0.7370149978381015,False
2012H2-R,R,tabpfn@t1,20260913,2015H1,9,24159,83,ks,0.5464593045716676,,,False
2012H2-R,R,tabpfn@t1,20260913,2015H1,9,24159,83,brier,0.0036518153958579615,,,False
2012H2-R,R,tabpfn@t1,20260913,2015H1,9,24159,83,brier_miscalibration,0.000271278826548487,,,False
2012H2-R,R,tabpfn@t1,20260913,2015H1,9,24159,83,brier_discrimination,4.323293558941132e-05,,,False
2012H2-R,R,tabpfn@t1,20260913,2015H1,9,24159,83,brier_uncertainty,0.003423769504898886,,,False
2012H2-R,R,tabpfn@t1,20260913,2015H1,9,24159,83,observed_over_expected,0.3001003097610353,0.23910692076284448,0.37186625177946614,False
2012H2-R,R,tabpfn@t1,20260913,2015H1,9,24159,83,log_oe,-1.2036384943436282,-1.4308444598809467,-0.9892210275855969,False
2012H2-R,R,tabpfn@t1,20260913,2015H1,9,24159,83,cox_intercept,-1.447240787120294,-2.1307308037343207,-0.7637507705062672,False
2012H2-R,R,tabpfn@t1,20260913,2015H1,9,24159,83,cox_slope,0.9415374374481102,0.7635117689545442,1.1195631059416762,False
2012H2-R,R,tabpfn@t1,20260913,2015H1,9,24159,83,psi,0.047683372526276704,,,False
2012H2-R,R,tabpfn@t1,20260913,2015H1,9,24159,83,psi_critical,0.0010386973468943645,,,False
2012H2-R,R,tabpfn@t1,20260913,2015H2,11,24159,130,auc,0.7982822038754454,0.7637470832166565,0.8328173245342342,True
2012H2-R,R,tabpfn@t1,20260913,2015H2,11,24159,130,gini,0.5965644077508907,0.527494166433313,0.6656346490684684,True
2012H2-R,R,tabpfn@t1,20260913,2015H2,11,24159,130,ks,0.453726106595556,,,True
2012H2-R,R,tabpfn@t1,20260913,2015H2,11,24159,130,brier,0.0055550945134164855,,,True
2012H2-R,R,tabpfn@t1,20260913,2015H2,11,24159,130,brier_miscalibration,0.00026238889396747265,,,True
2012H2-R,R,tabpfn@t1,20260913,2015H2,11,24159,130,brier_discrimination,5.9356458227697965e-05,,,True
2012H2-R,R,tabpfn@t1,20260913,2015H2,11,24159,130,brier_uncertainty,0.005352062077676711,,,True
2012H2-R,R,tabpfn@t1,20260913,2015H2,11,24159,130,observed_over_expected,0.4202395086584809,0.35125738546052976,0.49874842423883053,True
2012H2-R,R,tabpfn@t1,20260913,2015H2,11,24159,130,log_oe,-0.8669304715297641,-1.0462360323330806,-0.695653470203946,True
2012H2-R,R,tabpfn@t1,20260913,2015H2,11,24159,130,cox_intercept,-1.5651151277029194,-2.114258537813179,-1.01597171759266,True
2012H2-R,R,tabpfn@t1,20260913,2015H2,11,24159,130,cox_slope,0.8141332238958735,0.6745874063833,0.9536790414084471,True
2012H2-R,R,tabpfn@t1,20260913,2015H2,11,24159,130,psi,0.07710697934111493,,,True
2012H2-R,R,tabpfn@t1,20260913,2015H2,11,24159,130,psi_critical,0.0010386973468943645,,,True
2012H2-R,R,tabpfn@t1,20260913,2016H1,13,24632,115,auc,0.8030800278777281,0.7629627329565817,0.8431973227988746,True
2012H2-R,R,tabpfn@t1,20260913,2016H1,13,24632,115,gini,0.6061600557554563,0.5259254659131634,0.6863946455977492,True
2012H2-R,R,tabpfn@t1,20260913,2016H1,13,24632,115,ks,0.5320148752152455,,,True
2012H2-R,R,tabpfn@t1,20260913,2016H1,13,24632,115,brier,0.004879774084791123,,,True
2012H2-R,R,tabpfn@t1,20260913,2016H1,13,24632,115,brier_miscalibration,0.00028103574657667354,,,True
2012H2-R,R,tabpfn@t1,20260913,2016H1,13,24632,115,brier_discrimination,4.818829318658808e-05,,,True
2012H2-R,R,tabpfn@t1,20260913,2016H1,13,24632,115,brier_uncertainty,0.004646926631401037,,,True
2012H2-R,R,tabpfn@t1,20260913,2016H1,13,24632,115,observed_over_expected,0.3665772752684062,0.30276437354929575,0.4398145410750008,True
2012H2-R,R,tabpfn@t1,20260913,2016H1,13,24632,115,log_oe,-1.0035459333090777,-1.1948004210473575,-0.8214021384817108,True
2012H2-R,R,tabpfn@t1,20260913,2016H1,13,24632,115,cox_intercept,-1.6294736598820154,-2.218851129789508,-1.040096189974523,True
2012H2-R,R,tabpfn@t1,20260913,2016H1,13,24632,115,cox_slope,0.8347633671746223,0.6841997304809572,0.9853270038682874,True
2012H2-R,R,tabpfn@t1,20260913,2016H1,13,24632,115,psi,0.08469283530475462,,,True
2012H2-R,R,tabpfn@t1,20260913,2016H1,13,24632,115,psi_critical,0.001025249380146178,,,True
2012H2-R,R,tabpfn@t1,20260913,2016H2,15,24760,121,auc,0.7909643349135065,0.7534265916987417,0.8285020781282713,True
2012H2-R,R,tabpfn@t1,20260913,2016H2,15,24760,121,gini,0.581928669827013,0.5068531833974834,0.6570041562565425,True
2012H2-R,R,tabpfn@t1,20260913,2016H2,15,24760,121,ks,0.47559385627636624,,,True
2012H2-R,R,tabpfn@t1,20260913,2016H2,15,24760,121,brier,0.0050676850308038705,,,True
2012H2-R,R,tabpfn@t1,20260913,2016H2,15,24760,121,brier_miscalibration,0.0002454833354052395,,,True
2012H2-R,R,tabpfn@t1,20260913,2016H2,15,24760,121,brier_discrimination,4.083075049226073e-05,,,True
2012H2-R,R,tabpfn@t1,20260913,2016H2,15,24760,121,brier_uncertainty,0.004863032445890892,,,True
2012H2-R,R,tabpfn@t1,20260913,2016H2,15,24760,121,observed_over_expected,0.40776731138122263,0.33848860911031947,0.486997701302961,True
2012H2-R,R,tabpfn@t1,20260913,2016H2,15,24760,121,log_oe,-0.8970585825116744,-1.0832648382733603,-0.7194958760278103,True
2012H2-R,R,tabpfn@t1,20260913,2016H2,15,24760,121,cox_intercept,-1.753774832927809,-2.340780313400897,-1.1667693524547207,True
2012H2-R,R,tabpfn@t1,20260913,2016H2,15,24760,121,cox_slope,0.7765995770892352,0.632349178596281,0.9208499755821894,True
2012H2-R,R,tabpfn@t1,20260913,2016H2,15,24760,121,psi,0.06503741824823302,,,True
2012H2-R,R,tabpfn@t1,20260913,2016H2,15,24760,121,psi_critical,0.0010216985183533315,,,True
2012H2-R,R,tabpfn@t1,20260913,2017H1,17,24541,162,auc,0.8011813445998606,0.7727362837438729,0.8296264054558482,True
2012H2-R,R,tabpfn@t1,20260913,2017H1,17,24541,162,gini,0.6023626891997211,0.5454725674877459,0.6592528109116964,True
2012H2-R,R,tabpfn@t1,20260913,2017H1,17,24541,162,ks,0.475217235639457,,,True
2012H2-R,R,tabpfn@t1,20260913,2017H1,17,24541,162,brier,0.006736670391984493,,,True
2012H2-R,R,tabpfn@t1,20260913,2017H1,17,24541,162,brier_miscalibration,0.0002581461677979256,,,True
2012H2-R,R,tabpfn@t1,20260913,2017H1,17,24541,162,brier_discrimination,7.90979560334297e-05,,,True
2012H2-R,R,tabpfn@t1,20260913,2017H1,17,24541,162,brier_uncertainty,0.006557622180219997,,,True
2012H2-R,R,tabpfn@t1,20260913,2017H1,17,24541,162,observed_over_expected,0.46188842559122745,0.39368495692319605,0.5384493407548531,True
2012H2-R,R,tabpfn@t1,20260913,2017H1,17,24541,162,log_oe,-0.7724319201162468,-0.9322042912539474,-0.6190618615466482,True
2012H2-R,R,tabpfn@t1,20260913,2017H1,17,24541,162,cox_intercept,-1.3354382152781028,-1.8395188581733908,-0.8313575723828148,True
2012H2-R,R,tabpfn@t1,20260913,2017H1,17,24541,162,cox_slope,0.8477210576782058,0.7151944663139995,0.9802476490424121,True
2012H2-R,R,tabpfn@t1,20260913,2017H1,17,24541,162,psi,0.14465930059748613,,,True
2012H2-R,R,tabpfn@t1,20260913,2017H1,17,24541,162,psi_critical,0.001027796348662249,,,True
2012H2-R,R,tabpfn@t1,20260913,2017H2,19,24680,143,auc,0.808748654451063,0.7769221674577561,0.84057514144437,True
2012H2-R,R,tabpfn@t1,20260913,2017H2,19,24680,143,gini,0.6174973089021261,0.5538443349155122,0.6811502828887399,True
2012H2-R,R,tabpfn@t1,20260913,2017H2,19,24680,143,ks,0.5091622727030479,,,True
2012H2-R,R,tabpfn@t1,20260913,2017H2,19,24680,143,brier,0.005934546446495339,,,True
2012H2-R,R,tabpfn@t1,20260913,2017H2,19,24680,143,brier_miscalibration,0.00025959126403252153,,,True
2012H2-R,R,tabpfn@t1,20260913,2017H2,19,24680,143,brier_discrimination,8.563778187290101e-05,,,True
2012H2-R,R,tabpfn@t1,20260913,2017H2,19,24680,143,brier_uncertainty,0.005760592964335718,,,True
2012H2-R,R,tabpfn@t1,20260913,2017H2,19,24680,143,observed_over_expected,0.4116064972172036,0.34706144190901356,0.48461623063817016,True
2012H2-R,R,tabpfn@t1,20260913,2017H2,19,24680,143,log_oe,-0.8876874898766546,-1.0582534486894033,-0.7243979783042701,True
2012H2-R,R,tabpfn@t1,20260913,2017H2,19,24680,143,cox_intercept,-1.2373845688869196,-1.789540329816617,-0.6852288079572222,True
2012H2-R,R,tabpfn@t1,20260913,2017H2,19,24680,143,cox_slope,0.9083768102335954,0.7607731307470869,1.055980489720104,True
2012H2-R,R,tabpfn@t1,20260913,2017H2,19,24680,143,psi,0.14535012554178584,,,True
2012H2-R,R,tabpfn@t1,20260913,2017H2,19,24680,143,psi_critical,0.0010239134906912925,,,True
2012H2-R,R,tabpfn@t1,20260913,2018H1,21,24416,148,auc,0.7607813537123741,0.7246755178579941,0.7968871895667541,True
2012H2-R,R,tabpfn@t1,20260913,2018H1,21,24416,148,gini,0.5215627074247482,0.4493510357159882,0.5937743791335082,True
2012H2-R,R,tabpfn@t1,20260913,2018H1,21,24416,148,ks,0.39830674584259557,,,True
2012H2-R,R,tabpfn@t1,20260913,2018H1,21,24416,148,brier,0.006247964558901917,,,True
2012H2-R,R,tabpfn@t1,20260913,2018H1,21,24416,148,brier_miscalibration,0.0002738386204385575,,,True
2012H2-R,R,tabpfn@t1,20260913,2018H1,21,24416,148,brier_discrimination,5.073003119493522e-05,,,True
2012H2-R,R,tabpfn@t1,20260913,2018H1,21,24416,148,brier_uncertainty,0.006024855969658295,,,True
2012H2-R,R,tabpfn@t1,20260913,2018H1,21,24416,148,observed_over_expected,0.43482281084581287,0.36775723770513,0.5105197998722529,True
2012H2-R,R,tabpfn@t1,20260913,2018H1,21,24416,148,log_oe,-0.832816662264354,-1.000332238646999,-0.672325856875377,True
2012H2-R,R,tabpfn@t1,20260913,2018H1,21,24416,148,cox_intercept,-1.8987288856617388,-2.436905935177398,-1.3605518361460796,True
2012H2-R,R,tabpfn@t1,20260913,2018H1,21,24416,148,cox_slope,0.7155638190716577,0.5820630978429028,0.8490645403004126,True
2012H2-R,R,tabpfn@t1,20260913,2018H1,21,24416,148,psi,0.14832547540695692,,,True
2012H2-R,R,tabpfn@t1,20260913,2018H1,21,24416,148,psi_critical,0.0010313258825568766,,,True
2012H2-R,R,tabpfn@t1,20260913,2018H2,23,24543,146,auc,0.7792713678585005,0.7426542688826605,0.8158884668343405,True
2012H2-R,R,tabpfn@t1,20260913,2018H2,23,24543,146,gini,0.558542735717001,0.485308537765321,0.6317769336686809,True
2012H2-R,R,tabpfn@t1,20260913,2018H2,23,24543,146,ks,0.4367073539807555,,,True
2012H2-R,R,tabpfn@t1,20260913,2018H2,23,24543,146,brier,0.006099120681023337,,,True
2012H2-R,R,tabpfn@t1,20260913,2018H2,23,24543,146,brier_miscalibration,0.0002603477091695332,,,True
2012H2-R,R,tabpfn@t1,20260913,2018H2,23,24543,146,brier_discrimination,7.458250704943728e-05,,,True
2012H2-R,R,tabpfn@t1,20260913,2018H2,23,24543,146,brier_uncertainty,0.005913355478903241,,,True
2012H2-R,R,tabpfn@t1,20260913,2018H2,23,24543,146,observed_over_expected,0.41534925049581634,0.35086546837936494,0.48819424241064957,True
2012H2-R,R,tabpfn@t1,20260913,2018H2,23,24543,146,log_oe,-0.8786355452109843,-1.0473524099576665,-0.7170419145982503,True
2012H2-R,R,tabpfn@t1,20260913,2018H2,23,24543,146,cox_intercept,-1.6148328532222587,-2.1610762410935034,-1.068589465351014,True
2012H2-R,R,tabpfn@t1,20260913,2018H2,23,24543,146,cox_slope,0.8017923053028208,0.6608996943466744,0.9426849162589671,True
2012H2-R,R,tabpfn@t1,20260913,2018H2,23,24543,146,psi,0.16362361183044138,,,True
2012H2-R,R,tabpfn@t1,20260913,2018H2,23,24543,146,psi_critical,0.0010277401683422742,,,True
2012H2-R,R,tabpfn@t1,20260913,2019H1,25,24752,110,auc,0.7099025315241532,0.6608396057270634,0.758965457321243,True
2012H2-R,R,tabpfn@t1,20260913,2019H1,25,24752,110,gini,0.41980506304830634,0.3216792114541267,0.517930914642486,True
2012H2-R,R,tabpfn@t1,20260913,2019H1,25,24752,110,ks,0.3557540341324126,,,True
2012H2-R,R,tabpfn@t1,20260913,2019H1,25,24752,110,brier,0.0047444809978127375,,,True
2012H2-R,R,tabpfn@t1,20260913,2019H1,25,24752,110,brier_miscalibration,0.00037859192008655833,,,True
2012H2-R,R,tabpfn@t1,20260913,2019H1,25,24752,110,brier_discrimination,5.844635432342409e-05,,,True
2012H2-R,R,tabpfn@t1,20260913,2019H1,25,24752,110,brier_uncertainty,0.004424335432049603,,,True
2012H2-R,R,tabpfn@t1,20260913,2019H1,25,24752,110,observed_over_expected,0.31895747455994494,0.2622428502379546,0.38425452957895234,True
2012H2-R,R,tabpfn@t1,20260913,2019H1,25,24752,110,log_oe,-1.1426974936731866,-1.3384842952310299,-0.9564501085289361,True
2012H2-R,R,tabpfn@t1,20260913,2019H1,25,24752,110,cox_intercept,-2.783333867965468,-3.421576377636578,-2.1450913582943576,True
2012H2-R,R,tabpfn@t1,20260913,2019H1,25,24752,110,cox_slope,0.5735623401709565,0.4237018881123511,0.723422792229562,True
2012H2-R,R,tabpfn@t1,20260913,2019H1,25,24752,110,psi,0.18231911709752918,,,True
2012H2-R,R,tabpfn@t1,20260913,2019H1,25,24752,110,psi_critical,0.0010219193712836033,,,True
2012H2-R,R,tabpfn@t1,20260913,2019H2,27,24861,136,auc,0.6924082555165645,0.6484103661326821,0.7364061449004469,True
2012H2-R,R,tabpfn@t1,20260913,2019H2,27,24861,136,gini,0.38481651103312897,0.2968207322653642,0.47281228980089374,True
2012H2-R,R,tabpfn@t1,20260913,2019H2,27,24861,136,ks,0.3177805864509605,,,True
2012H2-R,R,tabpfn@t1,20260913,2019H2,27,24861,136,brier,0.005661425071151088,,,True
2012H2-R,R,tabpfn@t1,20260913,2019H2,27,24861,136,brier_miscalibration,0.0002440971414423166,,,True
2012H2-R,R,tabpfn@t1,20260913,2019H2,27,24861,136,brier_discrimination,2.316213467350517e-05,,,True
2012H2-R,R,tabpfn@t1,20260913,2019H2,27,24861,136,brier_uncertainty,0.0054404900643822765,,,True
2012H2-R,R,tabpfn@t1,20260913,2019H2,27,24861,136,observed_over_expected,0.4425564757489372,0.3714626942957675,0.5232326329520008,True
2012H2-R,R,tabpfn@t1,20260913,2019H2,27,24861,136,log_oe,-0.8151871938668591,-0.9903068389897632,-0.6477291089340366,True
2012H2-R,R,tabpfn@t1,20260913,2019H2,27,24861,136,cox_intercept,-2.7605770807468155,-3.3492456165406486,-2.1719085449529825,True
2012H2-R,R,tabpfn@t1,20260913,2019H2,27,24861,136,cox_slope,0.5126329251352114,0.38136807187664495,0.6438977783937778,True
2012H2-R,R,tabpfn@t1,20260913,2019H2,27,24861,136,psi,0.1259096530155483,,,True
2012H2-R,R,tabpfn@t1,20260913,2019H2,27,24861,136,psi_critical,0.0010189224749281936,,,True
2012H2-R,R,tabpfn@t1,20260913,2020H1,29,24880,111,auc,0.6629989026533094,0.6136250333085577,0.7123727719980611,True
2012H2-R,R,tabpfn@t1,20260913,2020H1,29,24880,111,gini,0.3259978053066188,0.22725006661711533,0.4247455439961223,True
2012H2-R,R,tabpfn@t1,20260913,2020H1,29,24880,111,ks,0.26719355311547166,,,True
2012H2-R,R,tabpfn@t1,20260913,2020H1,29,24880,111,brier,0.004666975140087777,,,True
2012H2-R,R,tabpfn@t1,20260913,2020H1,29,24880,111,brier_miscalibration,0.00023502997950366252,,,True
2012H2-R,R,tabpfn@t1,20260913,2020H1,29,24880,111,brier_discrimination,9.565408475346003e-06,,,True
2012H2-R,R,tabpfn@t1,20260913,2020H1,29,24880,111,brier_uncertainty,0.00444151056905946,,,True
2012H2-R,R,tabpfn@t1,20260913,2020H1,29,24880,111,observed_over_expected,0.43551524776887757,0.3584081255921432,0.5242335420955105,True
2012H2-R,R,tabpfn@t1,20260913,2020H1,29,24880,111,log_oe,-0.8312254712040328,-1.0260829262852862,-0.6458180029298708,True
2012H2-R,R,tabpfn@t1,20260913,2020H1,29,24880,111,cox_intercept,-3.395445826092567,-4.058058749171823,-2.7328329030133105,True
2012H2-R,R,tabpfn@t1,20260913,2020H1,29,24880,111,cox_slope,0.3946643014466896,0.2595057267843144,0.5298228761090649,True
2012H2-R,R,tabpfn@t1,20260913,2020H1,29,24880,111,psi,0.04238084267367752,,,True
2012H2-R,R,tabpfn@t1,20260913,2020H1,29,24880,111,psi_critical,0.0010184027677122018,,,True
2012H2-R,R,tabpfn@t1,20260913,2020H2,31,24919,71,auc,0.669937445017821,0.6035875363262708,0.7362873537093713,False
2012H2-R,R,tabpfn@t1,20260913,2020H2,31,24919,71,gini,0.3398748900356421,0.20717507265254165,0.4725747074187425,False
2012H2-R,R,tabpfn@t1,20260913,2020H2,31,24919,71,ks,0.32762690113637394,,,False
2012H2-R,R,tabpfn@t1,20260913,2020H2,31,24919,71,brier,0.0030300081013047127,,,False
2012H2-R,R,tabpfn@t1,20260913,2020H2,31,24919,71,brier_miscalibration,0.00019499635343614213,,,False
2012H2-R,R,tabpfn@t1,20260913,2020H2,31,24919,71,brier_discrimination,6.101642026024468e-06,,,False
2012H2-R,R,tabpfn@t1,20260913,2020H2,31,24919,71,brier_uncertainty,0.002841113389894595,,,False
2012H2-R,R,tabpfn@t1,20260913,2020H2,31,24919,71,observed_over_expected,0.3261893886073046,0.2548310549677258,0.41129026402091534,False
2012H2-R,R,tabpfn@t1,20260913,2020H2,31,24919,71,log_oe,-1.1202771196514318,-1.367154482931722,-0.8884560752612408,False
2012H2-R,R,tabpfn@t1,20260913,2020H2,31,24919,71,cox_intercept,-3.656040254406358,-4.490623776767279,-2.8214567320454367,False
2012H2-R,R,tabpfn@t1,20260913,2020H2,31,24919,71,cox_slope,0.4184930261259459,0.2525528659719515,0.5844331862799403,False
2012H2-R,R,tabpfn@t1,20260913,2020H2,31,24919,71,psi,0.008687893127550833,,,False
2012H2-R,R,tabpfn@t1,20260913,2020H2,31,24919,71,psi_critical,0.0010173384832140608,,,False
2012H2-R,R,tabpfn@t1,20260913,2021H1,33,24909,90,auc,0.7395387046662277,0.6903416545755819,0.7887357547568735,False
2012H2-R,R,tabpfn@t1,20260913,2021H1,33,24909,90,gini,0.47907740933245546,0.3806833091511639,0.577471509513747,False
2012H2-R,R,tabpfn@t1,20260913,2021H1,33,24909,90,ks,0.3967618894126812,,,False
2012H2-R,R,tabpfn@t1,20260913,2021H1,33,24909,90,brier,0.003809477705171728,,,False
2012H2-R,R,tabpfn@t1,20260913,2021H1,33,24909,90,brier_miscalibration,0.00022629525834930685,,,False
2012H2-R,R,tabpfn@t1,20260913,2021H1,33,24909,90,brier_discrimination,1.6914559538591493e-05,,,False
2012H2-R,R,tabpfn@t1,20260913,2021H1,33,24909,90,brier_uncertainty,0.0036000970063610124,,,False
2012H2-R,R,tabpfn@t1,20260913,2021H1,33,24909,90,observed_over_expected,0.34557606105534605,0.2779768276574542,0.4245956831662421,False
2012H2-R,R,tabpfn@t1,20260913,2021H1,33,24909,90,log_oe,-1.06254251223103,-1.2802175225157817,-0.856617896589341,False
2012H2-R,R,tabpfn@t1,20260913,2021H1,33,24909,90,cox_intercept,-2.584961534688559,-3.2888325930334115,-1.8810904763437066,False
2012H2-R,R,tabpfn@t1,20260913,2021H1,33,24909,90,cox_slope,0.6229574659538057,0.4650993433478666,0.7808155885597449,False
2012H2-R,R,tabpfn@t1,20260913,2021H1,33,24909,90,psi,0.031613127019428804,,,False
2012H2-R,R,tabpfn@t1,20260913,2021H1,33,24909,90,psi_critical,0.001017611058962233,,,False
2012H2-R,R,tabpfn@t1,20260913,2021H2,35,24929,136,auc,0.7592278774132167,0.7187030558843174,0.7997526989421161,True
2012H2-R,R,tabpfn@t1,20260913,2021H2,35,24929,136,gini,0.5184557548264335,0.43740611176863475,0.5995053978842322,True
2012H2-R,R,tabpfn@t1,20260913,2021H2,35,24929,136,ks,0.40953210227744546,,,True
2012H2-R,R,tabpfn@t1,20260913,2021H2,35,24929,136,brier,0.0056385868147804784,,,True
2012H2-R,R,tabpfn@t1,20260913,2021H2,35,24929,136,brier_miscalibration,0.00026016792383099646,,,True
2012H2-R,R,tabpfn@t1,20260913,2021H2,35,24929,136,brier_discrimination,4.7312300440113635e-05,,,True
2012H2-R,R,tabpfn@t1,20260913,2021H2,35,24929,136,brier_uncertainty,0.005425731191389596,,,True
2012H2-R,R,tabpfn@t1,20260913,2021H2,35,24929,136,observed_over_expected,0.40809836218519635,0.34253965578121554,0.4824936123322019,True
2012H2-R,R,tabpfn@t1,20260913,2021H2,35,24929,136,log_oe,-0.8962470498467557,-1.0713678446794073,-0.7287875969804657,True
2012H2-R,R,tabpfn@t1,20260913,2021H2,35,24929,136,cox_intercept,-2.0126572949768224,-2.5684007955559727,-1.4569137943976722,True
2012H2-R,R,tabpfn@t1,20260913,2021H2,35,24929,136,cox_slope,0.7039169290757707,0.5675655959981611,0.8402682621533804,True
2012H2-R,R,tabpfn@t1,20260913,2021H2,35,24929,136,psi,0.10802145809847966,,,True
2012H2-R,R,tabpfn@t1,20260913,2021H2,35,24929,136,psi_critical,0.0010170661261475434,,,True
2012H2-R,R,tabpfn@t1,20260913,2022H1,37,24889,291,auc,0.772367225117344,0.7475606058589401,0.7971738443757479,True
2012H2-R,R,tabpfn@t1,20260913,2022H1,37,24889,291,gini,0.544734450234688,0.49512121171788026,0.5943476887514958,True
2012H2-R,R,tabpfn@t1,20260913,2022H1,37,24889,291,ks,0.4188557502928883,,,True
2012H2-R,R,tabpfn@t1,20260913,2022H1,37,24889,291,brier,0.01150416993678314,,,True
2012H2-R,R,tabpfn@t1,20260913,2022H1,37,24889,291,brier_miscalibration,0.00013991770424205338,,,True
2012H2-R,R,tabpfn@t1,20260913,2022H1,37,24889,291,brier_discrimination,0.00019095904882432228,,,True
2012H2-R,R,tabpfn@t1,20260913,2022H1,37,24889,291,brier_uncertainty,0.01155521128136541,,,True
2012H2-R,R,tabpfn@t1,20260913,2022H1,37,24889,291,observed_over_expected,0.733583791634321,0.6521246015532167,0.8223092440693125,True
2012H2-R,R,tabpfn@t1,20260913,2022H1,37,24889,291,log_oe,-0.3098134525665147,-0.4275196286373261,-0.19563874534487954,True
2012H2-R,R,tabpfn@t1,20260913,2022H1,37,24889,291,cox_intercept,-1.107476394320183,-1.4944986782696725,-0.7204541103706936,True
2012H2-R,R,tabpfn@t1,20260913,2022H1,37,24889,291,cox_slope,0.7773256920259044,0.6763242609399763,0.8783271231118325,True
2012H2-R,R,tabpfn@t1,20260913,2022H1,37,24889,291,psi,0.23775349372518018,,,True
2012H2-R,R,tabpfn@t1,20260913,2022H1,37,24889,291,psi_critical,0.0010181568675578935,,,True
2012H2-R,R,tabpfn@t1,20260913,2022H2,39,24859,373,auc,0.7909126931206956,0.7688026279649537,0.8130227582764374,True
2012H2-R,R,tabpfn@t1,20260913,2022H2,39,24859,373,gini,0.5818253862413911,0.5376052559299074,0.6260455165528749,True
2012H2-R,R,tabpfn@t1,20260913,2022H2,39,24859,373,ks,0.46491763417252824,,,True
2012H2-R,R,tabpfn@t1,20260913,2022H2,39,24859,373,brier,0.014422155031221774,,,True
2012H2-R,R,tabpfn@t1,20260913,2022H2,39,24859,373,brier_miscalibration,7.970010930919043e-05,,,True
2012H2-R,R,tabpfn@t1,20260913,2022H2,39,24859,373,brier_discrimination,0.0004370323651061818,,,True
2012H2-R,R,tabpfn@t1,20260913,2022H2,39,24859,373,brier_uncertainty,0.014779487287018766,,,True
2012H2-R,R,tabpfn@t1,20260913,2022H2,39,24859,373,observed_over_expected,1.0138459246425446,0.914218300461071,1.121237749232814,True
2012H2-R,R,tabpfn@t1,20260913,2022H2,39,24859,373,log_oe,0.013750945539436222,-0.0896858952788662,0.11443320834037846,True
2012H2-R,R,tabpfn@t1,20260913,2022H2,39,24859,373,cox_intercept,-0.36893418443811654,-0.7356360209963543,-0.0022323478798788043,True
2012H2-R,R,tabpfn@t1,20260913,2022H2,39,24859,373,cox_slope,0.8928960529385804,0.7960791707320184,0.9897129351451425,True
2012H2-R,R,tabpfn@t1,20260913,2022H2,39,24859,373,psi,0.2269512492647548,,,True
2012H2-R,R,tabpfn@t1,20260913,2022H2,39,24859,373,psi_critical,0.001018977227164634,,,True
2012H2-R,R,tabpfn@t1,20260913,2023H1,41,24882,381,auc,0.7906009192832775,0.7700086732682542,0.8111931652983008,True
2012H2-R,R,tabpfn@t1,20260913,2023H1,41,24882,381,gini,0.5812018385665549,0.5400173465365083,0.6223863305966015,True
2012H2-R,R,tabpfn@t1,20260913,2023H1,41,24882,381,ks,0.4412405471478426,,,True
2012H2-R,R,tabpfn@t1,20260913,2023H1,41,24882,381,brier,0.01477585884319665,,,True
2012H2-R,R,tabpfn@t1,20260913,2023H1,41,24882,381,brier_miscalibration,5.554170631159351e-05,,,True
2012H2-R,R,tabpfn@t1,20260913,2023H1,41,24882,381,brier_discrimination,0.00035749106308041387,,,True
2012H2-R,R,tabpfn@t1,20260913,2023H1,41,24882,381,brier_uncertainty,0.015077808199965471,,,True
2012H2-R,R,tabpfn@t1,20260913,2023H1,41,24882,381,observed_over_expected,1.0681988765471382,0.96432461236041,1.1800753152360917,True
2012H2-R,R,tabpfn@t1,20260913,2023H1,41,24882,381,log_oe,0.06597393719777685,-0.03632730624033122,0.16557826291201497,True
2012H2-R,R,tabpfn@t1,20260913,2023H1,41,24882,381,cox_intercept,-0.43143634558699845,-0.7920659476693248,-0.07080674350467203,True
2012H2-R,R,tabpfn@t1,20260913,2023H1,41,24882,381,cox_slope,0.8614280532679327,0.7675673953397075,0.9552887111961579,True
2012H2-R,R,tabpfn@t1,20260913,2023H1,41,24882,381,psi,0.1834996751762852,,,True
2012H2-R,R,tabpfn@t1,20260913,2023H1,41,24882,381,psi_critical,0.0010183481078604518,,,True
2012H2-R,R,tabpfn@t1,20260913,2023H2,43,24866,363,auc,0.8149494035081329,0.7958250651022555,0.8340737419140104,True
2012H2-R,R,tabpfn@t1,20260913,2023H2,43,24866,363,gini,0.6298988070162659,0.591650130204511,0.6681474838280208,True
2012H2-R,R,tabpfn@t1,20260913,2023H2,43,24866,363,ks,0.4992012559546034,,,True
2012H2-R,R,tabpfn@t1,20260913,2023H2,43,24866,363,brier,0.014052249628821541,,,True
2012H2-R,R,tabpfn@t1,20260913,2023H2,43,24866,363,brier_miscalibration,5.4691606657945174e-05,,,True
2012H2-R,R,tabpfn@t1,20260913,2023H2,43,24866,363,brier_discrimination,0.0003875797757754325,,,True
2012H2-R,R,tabpfn@t1,20260913,2023H2,43,24866,363,brier_uncertainty,0.014385137797939028,,,True
2012H2-R,R,tabpfn@t1,20260913,2023H2,43,24866,363,observed_over_expected,1.0872013590212832,0.9789215987143951,1.2040455926016924,True
2012H2-R,R,tabpfn@t1,20260913,2023H2,43,24866,363,log_oe,0.08360683387359182,-0.02130372268766215,0.18568721377904857,True
2012H2-R,R,tabpfn@t1,20260913,2023H2,43,24866,363,cox_intercept,-0.2149399886003727,-0.5768777098557623,0.1469977326550169,True
2012H2-R,R,tabpfn@t1,20260913,2023H2,43,24866,363,cox_slope,0.9159310995439783,0.8208550310052047,1.011007168082752,True
2012H2-R,R,tabpfn@t1,20260913,2023H2,43,24866,363,psi,0.11471011126399572,,,True
2012H2-R,R,tabpfn@t1,20260913,2023H2,43,24866,363,psi_critical,0.0010187856328701956,,,True
