build_id,cohorts,draw,metric,pair,is_difference,value,ci_lo,ci_hi,se,alpha,resamples,seed,excludes_zero,reads_derived
2006H2-E,all,,gini,scorecard,False,0.5655710164943971,0.5543823368589885,0.5754961745366697,0.005407253135221679,0.05,200,20260905,,False
2006H2-E,all,,gini,gbm,False,0.5673631416933553,0.5570436140266126,0.5783733177773772,0.005293923739956959,0.05,200,20260905,,False
2006H2-E,all,,gini,gbm-50k,False,0.5259683156746383,0.510375535631975,0.5409744447117851,0.008477647450030495,0.05,200,20260905,,False
2006H2-E,all,,gini,tabpfn,False,0.5870317445645502,0.5732842307194043,0.6025640637598141,0.008066110764143014,0.05,200,20260905,,False
2006H2-E,all,,gini,tabicl,False,0.5840901364477548,0.5675224702052906,0.6031110929892619,0.010159898116328857,0.05,200,20260905,,False
2006H2-E,all,,gini,tabicl@t1,False,0.5840901364477548,0.5675224702052906,0.6031110929892619,0.010159898116328857,0.05,200,20260905,,True
2006H2-E,all,,gini,tabpfn@t1,False,0.5870317445645502,0.5732842307194043,0.6025640637598141,0.008066110764143014,0.05,200,20260905,,True
2006H2-E,all,,gini,gbm - scorecard,True,0.0017921251989582165,-0.00352360540861846,0.007877804793015798,0.0028144688960111764,0.05,200,20260905,False,False
2006H2-E,all,,gini,gbm-50k - scorecard,True,-0.03960270081975873,-0.05314686862853166,-0.025324253942686687,0.007737432152718965,0.05,200,20260905,True,False
2006H2-E,all,,gini,tabpfn - scorecard,True,0.021460728070153163,0.009985726140470682,0.032925063978769764,0.00699740718647333,0.05,200,20260905,True,False
2006H2-E,all,,gini,tabicl - scorecard,True,0.018519119953357716,0.0070057050905538544,0.03324116353868634,0.009281368834850836,0.05,200,20260905,True,False
2006H2-E,all,,gini,tabicl@t1 - scorecard,True,0.018519119953357716,0.0070057050905538544,0.03324116353868634,0.009281368834850836,0.05,200,20260905,True,True
2006H2-E,all,,gini,tabpfn@t1 - scorecard,True,0.021460728070153163,0.009985726140470682,0.032925063978769764,0.00699740718647333,0.05,200,20260905,True,True
2006H2-E,all,,gini,gbm-50k - gbm,True,-0.04139482601871695,-0.05317058191744495,-0.02863942461794908,0.007205168700485888,0.05,200,20260905,True,False
2006H2-E,all,,gini,tabpfn - gbm,True,0.019668602871194946,0.00929008528682164,0.03138184002235253,0.0065780382182885466,0.05,200,20260905,True,False
2006H2-E,all,,gini,tabicl - gbm,True,0.0167269947543995,0.0059354654446315495,0.031148968036613704,0.00891314676785166,0.05,200,20260905,True,False
2006H2-E,all,,gini,tabicl@t1 - gbm,True,0.0167269947543995,0.0059354654446315495,0.031148968036613704,0.00891314676785166,0.05,200,20260905,True,True
2006H2-E,all,,gini,tabpfn@t1 - gbm,True,0.019668602871194946,0.00929008528682164,0.03138184002235253,0.0065780382182885466,0.05,200,20260905,True,True
2006H2-E,all,,gini,tabpfn - gbm-50k,True,0.0610634288899119,0.048453882840844675,0.07441368239965818,0.007946480302770622,0.05,200,20260905,True,False
2006H2-E,all,,gini,tabicl - gbm-50k,True,0.05812182077311645,0.0386341201381821,0.07553584165813806,0.012479158134127675,0.05,200,20260905,True,False
2006H2-E,all,,gini,tabicl@t1 - gbm-50k,True,0.05812182077311645,0.0386341201381821,0.07553584165813806,0.012479158134127675,0.05,200,20260905,True,True
2006H2-E,all,,gini,tabpfn@t1 - gbm-50k,True,0.0610634288899119,0.048453882840844675,0.07441368239965818,0.007946480302770622,0.05,200,20260905,True,True
2006H2-E,all,,gini,tabicl - tabpfn,True,-0.0029416081167954466,-0.012002648866823203,0.002556055363311316,0.005204522810728914,0.05,200,20260905,False,False
2006H2-E,all,,gini,tabicl@t1 - tabpfn,True,-0.0029416081167954466,-0.012002648866823203,0.002556055363311316,0.005204522810728914,0.05,200,20260905,False,True
2006H2-E,all,,gini,tabpfn@t1 - tabpfn,True,0.0,0.0,0.0,0.0,0.05,200,20260905,False,True
2006H2-E,all,,gini,tabicl@t1 - tabicl,True,0.0,0.0,0.0,0.0,0.05,200,20260905,False,True
2006H2-E,all,,gini,tabpfn@t1 - tabicl,True,0.0029416081167954466,-0.0025560553633113157,0.012002648866823208,0.005204522810728914,0.05,200,20260905,False,True
2006H2-E,all,,gini,tabpfn@t1 - tabicl@t1,True,0.0029416081167954466,-0.0025560553633113157,0.012002648866823208,0.005204522810728914,0.05,200,20260905,False,True
2006H2-E,all,,abs_log_oe,scorecard,False,0.5367469256907359,0.5205916182856223,0.5693219920921017,0.012605242623474126,0.05,200,20260905,,False
2006H2-E,all,,abs_log_oe,gbm,False,0.4865853150566542,0.47654516103414585,0.519143873572407,0.011038049175565721,0.05,200,20260905,,False
2006H2-E,all,,abs_log_oe,gbm-50k,False,0.48343563655896116,0.46649052549142567,0.5130162033522003,0.01246716617928373,0.05,200,20260905,,False
2006H2-E,all,,abs_log_oe,tabpfn,False,0.8596788030253638,0.7742154385701688,0.9133337696803396,0.044151775572170766,0.05,200,20260905,,False
2006H2-E,all,,abs_log_oe,tabicl,False,0.8227100323776423,0.6776453123473701,0.9489910582135025,0.0901933888181478,0.05,200,20260905,,False
2006H2-E,all,,abs_log_oe,tabicl@t1,False,0.49434726360670683,0.47297374351358773,0.5359231605708961,0.01767679795997325,0.05,200,20260905,,True
2006H2-E,all,,abs_log_oe,tabpfn@t1,False,0.5005828684716472,0.4898248211174296,0.5343920854190805,0.011541954547838181,0.05,200,20260905,,True
2006H2-E,all,,abs_log_oe,gbm - scorecard,True,-0.050161610634081644,-0.06534164735469665,-0.024944319035717387,0.010914743077914388,0.05,200,20260905,True,False
2006H2-E,all,,abs_log_oe,gbm-50k - scorecard,True,-0.05331128913177471,-0.08482317243737898,-0.022157264340309443,0.01683109634913266,0.05,200,20260905,True,False
2006H2-E,all,,abs_log_oe,tabpfn - scorecard,True,0.32293187733462797,0.23328297571706652,0.3649560744536063,0.043832497236334075,0.05,200,20260905,True,False
2006H2-E,all,,abs_log_oe,tabicl - scorecard,True,0.28596310668690633,0.13564979352690365,0.4009133285940079,0.0902962895326123,0.05,200,20260905,True,False
2006H2-E,all,,abs_log_oe,tabicl@t1 - scorecard,True,-0.042399662084029066,-0.07345962965864221,-0.013797615644243512,0.01862155333615743,0.05,200,20260905,True,True
2006H2-E,all,,abs_log_oe,tabpfn@t1 - scorecard,True,-0.0361640572190887,-0.0579581085668763,-0.010221880972626964,0.01154015943480853,0.05,200,20260905,True,True
2006H2-E,all,,abs_log_oe,gbm-50k - gbm,True,-0.003149678497693061,-0.02793831114062101,0.00839031031587646,0.009039202780472601,0.05,200,20260905,False,False
2006H2-E,all,,abs_log_oe,tabpfn - gbm,True,0.3730934879687096,0.27419909906485035,0.420645584922708,0.04534035777001813,0.05,200,20260905,True,False
2006H2-E,all,,abs_log_oe,tabicl - gbm,True,0.336124717320988,0.1770450022579666,0.4533360547125239,0.09070126632767446,0.05,200,20260905,True,False
2006H2-E,all,,abs_log_oe,tabicl@t1 - gbm,True,0.0077619485500525776,-0.016132144959702898,0.03389297998044302,0.015128104061197975,0.05,200,20260905,False,True
2006H2-E,all,,abs_log_oe,tabpfn@t1 - gbm,True,0.013997553414992944,0.0010352664598857072,0.025697977351338372,0.006607699387226248,0.05,200,20260905,True,True
2006H2-E,all,,abs_log_oe,tabpfn - gbm-50k,True,0.3762431664664027,0.27804787481461674,0.43574662672131825,0.04733552584599849,0.05,200,20260905,True,False
2006H2-E,all,,abs_log_oe,tabicl - gbm-50k,True,0.339274395818681,0.17771780627159736,0.468065992327812,0.09210748080179099,0.05,200,20260905,True,False
2006H2-E,all,,abs_log_oe,tabicl@t1 - gbm-50k,True,0.01091162704774564,-0.009524521160434233,0.05070890235329654,0.01694490765663963,0.05,200,20260905,False,True
2006H2-E,all,,abs_log_oe,tabpfn@t1 - gbm-50k,True,0.017147231912686006,0.0023408503029581588,0.043783600928857185,0.011277240339728867,0.05,200,20260905,True,True
2006H2-E,all,,abs_log_oe,tabicl - tabpfn,True,-0.03696877064772167,-0.1055701320889359,0.038843730200264666,0.05431267060770455,0.05,200,20260905,False,False
2006H2-E,all,,abs_log_oe,tabicl@t1 - tabpfn,True,-0.3653315394186571,-0.4220478610008093,-0.27168156703335145,0.04246432555991039,0.05,200,20260905,True,True
2006H2-E,all,,abs_log_oe,tabpfn@t1 - tabpfn,True,-0.35909593455371674,-0.4013505622369717,-0.26505470705119183,0.04174720677224641,0.05,200,20260905,True,True
2006H2-E,all,,abs_log_oe,tabicl@t1 - tabicl,True,-0.3283627687709354,-0.42609562586142885,-0.17016553301326826,0.08141590318654393,0.05,200,20260905,True,True
2006H2-E,all,,abs_log_oe,tabpfn@t1 - tabicl,True,-0.322127163905995,-0.4375450471482899,-0.16468583785854324,0.08759700597308887,0.05,200,20260905,True,True
2006H2-E,all,,abs_log_oe,tabpfn@t1 - tabicl@t1,True,0.0062356048649403655,-0.013671223312313827,0.02764086724740232,0.013971165603629062,0.05,200,20260905,False,True
2006H2-E,all,,cox_slope_deviation,scorecard,False,0.18963142726547247,0.17631861276186364,0.20845226507199033,0.008760820499837186,0.05,200,20260905,,False
2006H2-E,all,,cox_slope_deviation,gbm,False,0.1237112938058139,0.11674933253604718,0.15029709252548965,0.009129736271445888,0.05,200,20260905,,False
2006H2-E,all,,cox_slope_deviation,gbm-50k,False,0.12528204388469383,0.1175223761182185,0.16312385701528714,0.011657647609082184,0.05,200,20260905,,False
2006H2-E,all,,cox_slope_deviation,tabpfn,False,0.2066356393836329,0.1745977769020588,0.23776819811472966,0.018824675672526398,0.05,200,20260905,,False
2006H2-E,all,,cox_slope_deviation,tabicl,False,0.19526955403894686,0.16993590513264867,0.2257272161050612,0.015876743618198793,0.05,200,20260905,,False
2006H2-E,all,,cox_slope_deviation,tabicl@t1,False,0.12701878658434065,0.11367384339211913,0.1582739690344265,0.012653874521075047,0.05,200,20260905,,True
2006H2-E,all,,cox_slope_deviation,tabpfn@t1,False,0.13030324785596478,0.1067820890345705,0.1628612436618582,0.015170164960040365,0.05,200,20260905,,True
2006H2-E,all,,cox_slope_deviation,gbm - scorecard,True,-0.06592013345965857,-0.07356592674629159,-0.043602415960885224,0.007647060683344145,0.05,200,20260905,True,False
2006H2-E,all,,cox_slope_deviation,gbm-50k - scorecard,True,-0.06434938338077864,-0.07665103897854791,-0.028305461469152072,0.011929933081349573,0.05,200,20260905,True,False
2006H2-E,all,,cox_slope_deviation,tabpfn - scorecard,True,0.017004212118160444,-0.015206234784788046,0.045486439183513264,0.018064476734759957,0.05,200,20260905,False,False
2006H2-E,all,,cox_slope_deviation,tabicl - scorecard,True,0.0056381267734743985,-0.01692578141133402,0.03327466447319057,0.014993115045497437,0.05,200,20260905,False,False
2006H2-E,all,,cox_slope_deviation,tabicl@t1 - scorecard,True,-0.0626126406811318,-0.0794565902510651,-0.03543945850367312,0.01193834502411738,0.05,200,20260905,True,True
2006H2-E,all,,cox_slope_deviation,tabpfn@t1 - scorecard,True,-0.059328179409507686,-0.08155965743843135,-0.02974002981574435,0.014609393063962499,0.05,200,20260905,True,True
2006H2-E,all,,cox_slope_deviation,gbm-50k - gbm,True,0.0015707500788799261,-0.011963248042451942,0.02243668764975009,0.00908482885811467,0.05,200,20260905,False,False
2006H2-E,all,,cox_slope_deviation,tabpfn - gbm,True,0.08292434557781901,0.04201585929538532,0.10793326178022626,0.018774073568116112,0.05,200,20260905,True,False
2006H2-E,all,,cox_slope_deviation,tabicl - gbm,True,0.07155826023313296,0.03959794813942855,0.09671924548440815,0.01562095930644723,0.05,200,20260905,True,False
2006H2-E,all,,cox_slope_deviation,tabicl@t1 - gbm,True,0.003307492778526766,-0.014510042983010889,0.02016883968212871,0.009790616184632079,0.05,200,20260905,False,True
2006H2-E,all,,cox_slope_deviation,tabpfn@t1 - gbm,True,0.006591954050150885,-0.01640652393024464,0.029114019811606273,0.013335348306684194,0.05,200,20260905,False,True
2006H2-E,all,,cox_slope_deviation,tabpfn - gbm-50k,True,0.08135359549893909,0.02810130076949192,0.10885314760824231,0.022937795943468987,0.05,200,20260905,True,False
2006H2-E,all,,cox_slope_deviation,tabicl - gbm-50k,True,0.06998751015425304,0.03465148910732162,0.09692199622890182,0.0169498616120748,0.05,200,20260905,True,False
2006H2-E,all,,cox_slope_deviation,tabicl@t1 - gbm-50k,True,0.00173674269964684,-0.020854784924575993,0.026100273469838228,0.011804608947206741,0.05,200,20260905,False,True
2006H2-E,all,,cox_slope_deviation,tabpfn@t1 - gbm-50k,True,0.005021203971270959,-0.03145126689329046,0.0341604337626715,0.0178639466188454,0.05,200,20260905,False,True
2006H2-E,all,,cox_slope_deviation,tabicl - tabpfn,True,-0.011366085344686047,-0.02884205757177323,0.013163854707462789,0.014380281494155886,0.05,200,20260905,False,False
2006H2-E,all,,cox_slope_deviation,tabicl@t1 - tabpfn,True,-0.07961685279929225,-0.09215168832063633,-0.03875781382325842,0.016760318050342917,0.05,200,20260905,True,True
2006H2-E,all,,cox_slope_deviation,tabpfn@t1 - tabpfn,True,-0.07633239152766813,-0.08242415441187104,-0.05267525829595368,0.007977670003606942,0.05,200,20260905,True,True
2006H2-E,all,,cox_slope_deviation,tabicl@t1 - tabicl,True,-0.06825076745460619,-0.07896339854590999,-0.04527751953446629,0.008996682242730092,0.05,200,20260905,True,True
2006H2-E,all,,cox_slope_deviation,tabpfn@t1 - tabicl,True,-0.06496630618298209,-0.0820545007870483,-0.03981525990986895,0.012376186888768912,0.05,200,20260905,True,True
2006H2-E,all,,cox_slope_deviation,tabpfn@t1 - tabicl@t1,True,0.0032844612716241193,-0.01779449130212454,0.0167048861049093,0.011059314259472016,0.05,200,20260905,False,True
2006H2-E,all,,psi,scorecard,False,0.1684802943706872,0.16683362829395967,0.17095940948774388,0.0010986272677761325,0.05,200,20260905,,False
2006H2-E,all,,psi,gbm,False,0.1464705460367238,0.14491844191621248,0.14865328834987546,0.0010113294663561864,0.05,200,20260905,,False
2006H2-E,all,,psi,gbm-50k,False,0.13536713950414814,0.09982427469993362,0.16175546761447682,0.02551089630498199,0.05,200,20260905,,False
2006H2-E,all,,psi,tabpfn,False,0.16741883491794293,0.14919259896555603,0.18487113341240896,0.013217844248789148,0.05,200,20260905,,False
2006H2-E,all,,psi,tabicl,False,0.1466837333054258,0.14264476877949633,0.1537048157286131,0.0036876787933598832,0.05,200,20260905,,False
2006H2-E,all,,psi,tabicl@t1,False,0.1466837333054258,0.14264476877949633,0.1537048157286131,0.0036876787933598832,0.05,200,20260905,,True
2006H2-E,all,,psi,tabpfn@t1,False,0.16741883491794293,0.14919259896555603,0.18487113341240896,0.013217844248789148,0.05,200,20260905,,True
2006H2-E,all,,psi,gbm - scorecard,True,-0.02200974833396338,-0.023083828616226383,-0.02076920632250861,0.0006232396839886956,0.05,200,20260905,True,False
2006H2-E,all,,psi,gbm-50k - scorecard,True,-0.03311315486653902,-0.06902515054654913,-0.007462926838938025,0.025644461698372274,0.05,200,20260905,True,False
2006H2-E,all,,psi,tabpfn - scorecard,True,-0.001061459452744264,-0.01951281684302534,0.015893334334067345,0.013340043163850733,0.05,200,20260905,False,False
2006H2-E,all,,psi,tabicl - scorecard,True,-0.021796561065261382,-0.025784198218072967,-0.014977030734982518,0.0037632492648117877,0.05,200,20260905,True,False
2006H2-E,all,,psi,tabicl@t1 - scorecard,True,-0.021796561065261382,-0.025784198218072967,-0.014977030734982518,0.0037632492648117877,0.05,200,20260905,True,True
2006H2-E,all,,psi,tabpfn@t1 - scorecard,True,-0.001061459452744264,-0.01951281684302534,0.015893334334067345,0.013340043163850733,0.05,200,20260905,False,True
2006H2-E,all,,psi,gbm-50k - gbm,True,-0.011103406532575641,-0.046959705904759154,0.014183831803829582,0.02556547108420469,0.05,200,20260905,False,False
2006H2-E,all,,psi,tabpfn - gbm,True,0.020948288881219117,0.002829105536234606,0.037650441821317764,0.013262184978410608,0.05,200,20260905,True,False
2006H2-E,all,,psi,tabicl - gbm,True,0.00021318726870199942,-0.0038321925241602607,0.006833052192594957,0.0037046689837504335,0.05,200,20260905,False,False
2006H2-E,all,,psi,tabicl@t1 - gbm,True,0.00021318726870199942,-0.0038321925241602607,0.006833052192594957,0.0037046689837504335,0.05,200,20260905,False,True
2006H2-E,all,,psi,tabpfn@t1 - gbm,True,0.020948288881219117,0.002829105536234606,0.037650441821317764,0.013262184978410608,0.05,200,20260905,True,True
2006H2-E,all,,psi,tabpfn - gbm-50k,True,0.03205169541379476,0.022041181702564618,0.050519262321583526,0.012895429264089684,0.05,200,20260905,True,False
2006H2-E,all,,psi,tabicl - gbm-50k,True,0.011316593801277641,-0.008559856514009482,0.04429774432647337,0.023451458160146682,0.05,200,20260905,False,False
2006H2-E,all,,psi,tabicl@t1 - gbm-50k,True,0.011316593801277641,-0.008559856514009482,0.04429774432647337,0.023451458160146682,0.05,200,20260905,False,True
2006H2-E,all,,psi,tabpfn@t1 - gbm-50k,True,0.03205169541379476,0.022041181702564618,0.050519262321583526,0.012895429264089684,0.05,200,20260905,True,True
2006H2-E,all,,psi,tabicl - tabpfn,True,-0.020735101612517116,-0.03187818085701513,-0.005449846376304522,0.010696497272798542,0.05,200,20260905,True,False
2006H2-E,all,,psi,tabicl@t1 - tabpfn,True,-0.020735101612517116,-0.03187818085701513,-0.005449846376304522,0.010696497272798542,0.05,200,20260905,True,True
2006H2-E,all,,psi,tabpfn@t1 - tabpfn,True,0.0,0.0,0.0,0.0,0.05,200,20260905,False,True
2006H2-E,all,,psi,tabicl@t1 - tabicl,True,0.0,0.0,0.0,0.0,0.05,200,20260905,False,True
2006H2-E,all,,psi,tabpfn@t1 - tabicl,True,0.020735101612517116,0.005449846376304522,0.03187818085701513,0.010696497272798542,0.05,200,20260905,True,True
2006H2-E,all,,psi,tabpfn@t1 - tabicl@t1,True,0.020735101612517116,0.005449846376304522,0.03187818085701513,0.010696497272798542,0.05,200,20260905,True,True
2006H2-E,nearest,,gini,scorecard,False,0.536150620969945,0.5229456180322862,0.5484270493066316,0.007152424488809552,0.05,200,20260905,,False
2006H2-E,nearest,,gini,gbm,False,0.546003313642615,0.5335380273313058,0.5585997803646805,0.00713611667596386,0.05,200,20260905,,False
2006H2-E,nearest,,gini,gbm-50k,False,0.5354685341922348,0.5173022889006357,0.5529559222682313,0.009029108107913634,0.05,200,20260905,,False
2006H2-E,nearest,,gini,tabpfn,False,0.5719117478099819,0.5596081127903697,0.5850682829014333,0.006723071480042843,0.05,200,20260905,,False
2006H2-E,nearest,,gini,tabicl,False,0.5680073373219264,0.5462943698731102,0.5880998353104092,0.011644082496824654,0.05,200,20260905,,False
2006H2-E,nearest,,gini,tabicl@t1,False,0.5680073373219264,0.5462943698731102,0.5880998353104092,0.011644082496824654,0.05,200,20260905,,True
2006H2-E,nearest,,gini,tabpfn@t1,False,0.5719117478099819,0.5596081127903697,0.5850682829014333,0.006723071480042843,0.05,200,20260905,,True
2006H2-E,nearest,,gini,gbm - scorecard,True,0.009852692672669972,0.005782291054952296,0.01596534488155902,0.0025233863462256687,0.05,200,20260905,True,False
2006H2-E,nearest,,gini,gbm-50k - scorecard,True,-0.0006820867777101632,-0.011967653626250107,0.01256281737864726,0.006689264731072849,0.05,200,20260905,False,False
2006H2-E,nearest,,gini,tabpfn - scorecard,True,0.035761126840036885,0.03158377133952642,0.041488350775335844,0.002849057999563735,0.05,200,20260905,True,False
2006H2-E,nearest,,gini,tabicl - scorecard,True,0.03185671635198132,0.01587955667767226,0.04661103414298314,0.009704585811915587,0.05,200,20260905,True,False
2006H2-E,nearest,,gini,tabicl@t1 - scorecard,True,0.03185671635198132,0.01587955667767226,0.04661103414298314,0.009704585811915587,0.05,200,20260905,True,True
2006H2-E,nearest,,gini,tabpfn@t1 - scorecard,True,0.035761126840036885,0.03158377133952642,0.041488350775335844,0.002849057999563735,0.05,200,20260905,True,True
2006H2-E,nearest,,gini,gbm-50k - gbm,True,-0.010534779450380135,-0.02072207864770525,0.002713162959859523,0.0063020750851055405,0.05,200,20260905,False,False
2006H2-E,nearest,,gini,tabpfn - gbm,True,0.025908434167366916,0.020760241730397706,0.031213766082831006,0.002682336631516403,0.05,200,20260905,True,False
2006H2-E,nearest,,gini,tabicl - gbm,True,0.02200402367931135,0.005339824455270805,0.03605759200693233,0.009736764343052656,0.05,200,20260905,True,False
2006H2-E,nearest,,gini,tabicl@t1 - gbm,True,0.02200402367931135,0.005339824455270805,0.03605759200693233,0.009736764343052656,0.05,200,20260905,True,True
2006H2-E,nearest,,gini,tabpfn@t1 - gbm,True,0.025908434167366916,0.020760241730397706,0.031213766082831006,0.002682336631516403,0.05,200,20260905,True,True
2006H2-E,nearest,,gini,tabpfn - gbm-50k,True,0.03644321361774705,0.022166557054885166,0.04642084666907036,0.006811228292702644,0.05,200,20260905,True,False
2006H2-E,nearest,,gini,tabicl - gbm-50k,True,0.032538803129691485,0.02087874426894922,0.04110655638036923,0.006032541420435081,0.05,200,20260905,True,False
2006H2-E,nearest,,gini,tabicl@t1 - gbm-50k,True,0.032538803129691485,0.02087874426894922,0.04110655638036923,0.006032541420435081,0.05,200,20260905,True,True
2006H2-E,nearest,,gini,tabpfn@t1 - gbm-50k,True,0.03644321361774705,0.022166557054885166,0.04642084666907036,0.006811228292702644,0.05,200,20260905,True,True
2006H2-E,nearest,,gini,tabicl - tabpfn,True,-0.0039044104880555652,-0.019585239631149092,0.009655481821084683,0.0099082960437605,0.05,200,20260905,False,False
2006H2-E,nearest,,gini,tabicl@t1 - tabpfn,True,-0.0039044104880555652,-0.019585239631149092,0.009655481821084683,0.0099082960437605,0.05,200,20260905,False,True
2006H2-E,nearest,,gini,tabpfn@t1 - tabpfn,True,0.0,0.0,0.0,0.0,0.05,200,20260905,False,True
2006H2-E,nearest,,gini,tabicl@t1 - tabicl,True,0.0,0.0,0.0,0.0,0.05,200,20260905,False,True
2006H2-E,nearest,,gini,tabpfn@t1 - tabicl,True,0.0039044104880555652,-0.009655481821084683,0.019585239631149092,0.0099082960437605,0.05,200,20260905,False,True
2006H2-E,nearest,,gini,tabpfn@t1 - tabicl@t1,True,0.0039044104880555652,-0.009655481821084683,0.019585239631149092,0.0099082960437605,0.05,200,20260905,False,True
2006H2-E,nearest,,abs_log_oe,scorecard,False,1.5622055917069109,1.5321847253635983,1.6004284388655026,0.01749565217707999,0.05,200,20260905,,False
2006H2-E,nearest,,abs_log_oe,gbm,False,1.5138614688444498,1.483438680926965,1.5516787949019246,0.01735607313178868,0.05,200,20260905,,False
2006H2-E,nearest,,abs_log_oe,gbm-50k,False,1.5455429296369747,1.4854276534385558,1.6303666183234073,0.04595976406038368,0.05,200,20260905,,False
2006H2-E,nearest,,abs_log_oe,tabpfn,False,1.9192842498951832,1.8637012208352626,2.002268378106123,0.04543250738542911,0.05,200,20260905,,False
2006H2-E,nearest,,abs_log_oe,tabicl,False,1.9349112063336407,1.8588111712612692,2.0002695800114663,0.03966099399016839,0.05,200,20260905,,False
2006H2-E,nearest,,abs_log_oe,tabicl@t1,False,1.5405735239275538,1.4734558686754609,1.6037588480268752,0.03517553146035644,0.05,200,20260905,,True
2006H2-E,nearest,,abs_log_oe,tabpfn@t1,False,1.5266494079026687,1.4772825170646389,1.5982899572011018,0.036806996024288746,0.05,200,20260905,,True
2006H2-E,nearest,,abs_log_oe,gbm - scorecard,True,-0.048344122862461036,-0.05420422173605267,-0.04270340307861723,0.0032467647279236117,0.05,200,20260905,True,False
2006H2-E,nearest,,abs_log_oe,gbm-50k - scorecard,True,-0.01666266206993609,-0.056386397180009255,0.04732759656592728,0.04352425642822466,0.05,200,20260905,False,False
2006H2-E,nearest,,abs_log_oe,tabpfn - scorecard,True,0.3570786581882724,0.3212345551911999,0.42058068738975396,0.04290288849286907,0.05,200,20260905,True,False
2006H2-E,nearest,,abs_log_oe,tabicl - scorecard,True,0.37270561462672985,0.312167830058974,0.4174822142832637,0.03733795481500985,0.05,200,20260905,True,False
2006H2-E,nearest,,abs_log_oe,tabicl@t1 - scorecard,True,-0.02163206777935726,-0.0721205426494825,0.020622953347983797,0.032273670407657114,0.05,200,20260905,False,True
2006H2-E,nearest,,abs_log_oe,tabpfn@t1 - scorecard,True,-0.03555618380424227,-0.06406958816297896,0.014379684246160524,0.033433244803697006,0.05,200,20260905,False,True
2006H2-E,nearest,,abs_log_oe,gbm-50k - gbm,True,0.03168146079252495,-0.00671532859257461,0.09475194941431611,0.04318952357016921,0.05,200,20260905,False,False
2006H2-E,nearest,,abs_log_oe,tabpfn - gbm,True,0.4054227810507334,0.37064622566650557,0.4669455884144517,0.04258324039530061,0.05,200,20260905,True,False
2006H2-E,nearest,,abs_log_oe,tabicl - gbm,True,0.4210497374891909,0.36192320080057494,0.4654764240620164,0.03724760955536862,0.05,200,20260905,True,False
2006H2-E,nearest,,abs_log_oe,tabicl@t1 - gbm,True,0.026712055083103776,-0.022192638431965228,0.06846599127219251,0.03222861540080747,0.05,200,20260905,False,True
2006H2-E,nearest,,abs_log_oe,tabpfn@t1 - gbm,True,0.01278793905821877,-0.013943303917022393,0.06110026466139574,0.033115932482172206,0.05,200,20260905,False,True
2006H2-E,nearest,,abs_log_oe,tabpfn - gbm-50k,True,0.3737413202582085,0.36632719935212643,0.38096756515091185,0.003898583133943014,0.05,200,20260905,True,False
2006H2-E,nearest,,abs_log_oe,tabicl - gbm-50k,True,0.38936827669666596,0.3425605999572272,0.4579194198055203,0.048395270761601016,0.05,200,20260905,True,False
2006H2-E,nearest,,abs_log_oe,tabicl@t1 - gbm-50k,True,-0.004969405709421171,-0.05935413965852416,0.06146130871411688,0.04964577874733714,0.05,200,20260905,False,True
2006H2-E,nearest,,abs_log_oe,tabpfn@t1 - gbm-50k,True,-0.01889352173430618,-0.037542025936029975,-0.004427041400878978,0.010792299859739025,0.05,200,20260905,True,True
2006H2-E,nearest,,abs_log_oe,tabicl - tabpfn,True,0.015626956438457462,-0.029306627464110592,0.08417687590376348,0.04969640267230801,0.05,200,20260905,False,False
2006H2-E,nearest,,abs_log_oe,tabicl@t1 - tabpfn,True,-0.37871072596762967,-0.43129559954326846,-0.3123692255155178,0.050686243516870524,0.05,200,20260905,True,True
2006H2-E,nearest,,abs_log_oe,tabpfn@t1 - tabpfn,True,-0.3926348419925147,-0.40745836493163823,-0.3839527898573705,0.009561507640539119,0.05,200,20260905,True,True
2006H2-E,nearest,,abs_log_oe,tabicl@t1 - tabicl,True,-0.39433768240608713,-0.4037470591742375,-0.3838015214535635,0.006820404610429279,0.05,200,20260905,True,True
2006H2-E,nearest,,abs_log_oe,tabpfn@t1 - tabicl,True,-0.40826179843097216,-0.4725386368266906,-0.3736558207270976,0.04424105962794401,0.05,200,20260905,True,True
2006H2-E,nearest,,abs_log_oe,tabpfn@t1 - tabicl@t1,True,-0.013924116024885006,-0.07499546563997415,0.025258207399323253,0.04415680598304937,0.05,200,20260905,False,True
2006H2-E,nearest,,cox_slope_deviation,scorecard,False,0.31183863515977867,0.2892137286144622,0.3317489389021529,0.011360306378695612,0.05,200,20260905,,False
2006H2-E,nearest,,cox_slope_deviation,gbm,False,0.251359643072214,0.22782526416115845,0.27321075321454075,0.012161252497173026,0.05,200,20260905,,False
2006H2-E,nearest,,cox_slope_deviation,gbm-50k,False,0.18047981232782392,0.1295856062225984,0.24014979743828666,0.037004595339113766,0.05,200,20260905,,False
2006H2-E,nearest,,cox_slope_deviation,tabpfn,False,0.3082500291180259,0.2660669717654814,0.33942042069058076,0.022854946435295558,0.05,200,20260905,,False
2006H2-E,nearest,,cox_slope_deviation,tabicl,False,0.3087667217915487,0.28450595715513033,0.33100316759538473,0.012508443744143945,0.05,200,20260905,,False
2006H2-E,nearest,,cox_slope_deviation,tabicl@t1,False,0.23196302421283196,0.20500661906125572,0.2566701862170943,0.013898270826826611,0.05,200,20260905,,True
2006H2-E,nearest,,cox_slope_deviation,tabpfn@t1,False,0.23138892124225072,0.1845188575172016,0.26602268965620096,0.02539438492810618,0.05,200,20260905,,True
2006H2-E,nearest,,cox_slope_deviation,gbm - scorecard,True,-0.06047899208756469,-0.06968685201612053,-0.05265524038995439,0.004648523648535608,0.05,200,20260905,True,False
2006H2-E,nearest,,cox_slope_deviation,gbm-50k - scorecard,True,-0.13135882283195477,-0.17008820389327833,-0.07644782117336665,0.035584352836941606,0.05,200,20260905,True,False
2006H2-E,nearest,,cox_slope_deviation,tabpfn - scorecard,True,-0.0035886060417527807,-0.038095462592427215,0.017637573670963323,0.021095109223006277,0.05,200,20260905,False,False
2006H2-E,nearest,,cox_slope_deviation,tabicl - scorecard,True,-0.003071913368229965,-0.017947277786897618,0.009823537125622762,0.007413224144566922,0.05,200,20260905,False,False
2006H2-E,nearest,,cox_slope_deviation,tabicl@t1 - scorecard,True,-0.07987561094694669,-0.09520141878015527,-0.06585933848844384,0.008126418508217537,0.05,200,20260905,True,True
2006H2-E,nearest,,cox_slope_deviation,tabpfn@t1 - scorecard,True,-0.08044971391752796,-0.11849072987065166,-0.057453851871803095,0.023336588052948,0.05,200,20260905,True,True
2006H2-E,nearest,,cox_slope_deviation,gbm-50k - gbm,True,-0.07087983074439007,-0.10756500493197288,-0.017454381978283806,0.03556793127263503,0.05,200,20260905,True,False
2006H2-E,nearest,,cox_slope_deviation,tabpfn - gbm,True,0.056890386045811904,0.02214813533685932,0.07906860877391503,0.02112286621276075,0.05,200,20260905,True,False
2006H2-E,nearest,,cox_slope_deviation,tabicl - gbm,True,0.057407078719334724,0.04503540014816409,0.0716462788833106,0.007663509300700413,0.05,200,20260905,True,False
2006H2-E,nearest,,cox_slope_deviation,tabicl@t1 - gbm,True,-0.019396618859382004,-0.03330353224846016,-0.004833339456688416,0.008254584076590127,0.05,200,20260905,True,True
2006H2-E,nearest,,cox_slope_deviation,tabpfn@t1 - gbm,True,-0.01997072182996328,-0.058256869223199545,0.0035551015925546887,0.023319629345756113,0.05,200,20260905,False,True
2006H2-E,nearest,,cox_slope_deviation,tabpfn - gbm-50k,True,0.12777021679020198,0.08771897315481178,0.1661579205780352,0.025204991822938515,0.05,200,20260905,True,False
2006H2-E,nearest,,cox_slope_deviation,tabicl - gbm-50k,True,0.12828690946372479,0.08071573192757199,0.16309069671740248,0.030304953061861505,0.05,200,20260905,True,False
2006H2-E,nearest,,cox_slope_deviation,tabicl@t1 - gbm-50k,True,0.05148321188500807,0.003890092378214956,0.08676078398091093,0.029792630452257378,0.05,200,20260905,True,True
2006H2-E,nearest,,cox_slope_deviation,tabpfn@t1 - gbm-50k,True,0.05090910891442679,0.012476011409390742,0.09075915639663328,0.02486399306230588,0.05,200,20260905,True,True
2006H2-E,nearest,,cox_slope_deviation,tabicl - tabpfn,True,0.0005166926735228153,-0.021500612492122578,0.03258298108465002,0.019848633630232,0.05,200,20260905,False,False
2006H2-E,nearest,,cox_slope_deviation,tabicl@t1 - tabpfn,True,-0.07628700490519391,-0.09944073043862135,-0.04471954641376187,0.019975484230230746,0.05,200,20260905,True,True
2006H2-E,nearest,,cox_slope_deviation,tabpfn@t1 - tabpfn,True,-0.07686110787577519,-0.08154811424827978,-0.07339773103437984,0.0025394384928106232,0.05,200,20260905,True,True
2006H2-E,nearest,,cox_slope_deviation,tabicl@t1 - tabicl,True,-0.07680369757871673,-0.07949933809387459,-0.07433298137829045,0.0013898270826826656,0.05,200,20260905,True,True
2006H2-E,nearest,,cox_slope_deviation,tabpfn@t1 - tabicl,True,-0.077377800549298,-0.11294030388862318,-0.05356870276998083,0.02201920553683508,0.05,200,20260905,True,True
2006H2-E,nearest,,cox_slope_deviation,tabpfn@t1 - tabicl@t1,True,-0.000574102970581275,-0.03620331231627807,0.023889569435691694,0.022054037366924444,0.05,200,20260905,False,True
2006H2-E,nearest,,psi,scorecard,False,0.02617556085484483,0.024195703634368806,0.028790269893584106,0.0011867410256609999,0.05,200,20260905,,False
2006H2-E,nearest,,psi,gbm,False,0.0417578557354896,0.03906768958519429,0.044853816279213546,0.0015314562727700256,0.05,200,20260905,,False
2006H2-E,nearest,,psi,gbm-50k,False,0.0636465039780574,0.039855442301723804,0.10164057646168492,0.02247673552557299,0.05,200,20260905,,False
2006H2-E,nearest,,psi,tabpfn,False,0.05415946780469557,0.026932351869784488,0.10335437122919768,0.02980513176712546,0.05,200,20260905,,False
2006H2-E,nearest,,psi,tabicl,False,0.05131605681925406,0.0184104402904487,0.10776746934521142,0.034692253347614166,0.05,200,20260905,,False
2006H2-E,nearest,,psi,tabicl@t1,False,0.05131605681925406,0.0184104402904487,0.10776746934521142,0.034692253347614166,0.05,200,20260905,,True
2006H2-E,nearest,,psi,tabpfn@t1,False,0.05415946780469557,0.026932351869784488,0.10335437122919768,0.02980513176712546,0.05,200,20260905,,True
2006H2-E,nearest,,psi,gbm - scorecard,True,0.01558229488064477,0.01381508743852099,0.01746131961674304,0.0008837033008522971,0.05,200,20260905,True,False
2006H2-E,nearest,,psi,gbm-50k - scorecard,True,0.03747094312321257,0.013788825419649512,0.07403060448254216,0.022504589198582652,0.05,200,20260905,True,False
2006H2-E,nearest,,psi,tabpfn - scorecard,True,0.027983906949850732,0.0011757202185586795,0.07610923092660854,0.029852061253649725,0.05,200,20260905,True,False
2006H2-E,nearest,,psi,tabicl - scorecard,True,0.025140495964409232,-0.007316293628425331,0.08176415102793451,0.034742029142697826,0.05,200,20260905,False,False
2006H2-E,nearest,,psi,tabicl@t1 - scorecard,True,0.025140495964409232,-0.007316293628425331,0.08176415102793451,0.034742029142697826,0.05,200,20260905,False,True
2006H2-E,nearest,,psi,tabpfn@t1 - scorecard,True,0.027983906949850732,0.0011757202185586795,0.07610923092660854,0.029852061253649725,0.05,200,20260905,True,True
2006H2-E,nearest,,psi,gbm-50k - gbm,True,0.0218886482425678,-0.0014832404387939923,0.0581968474210155,0.022447256253978667,0.05,200,20260905,False,False
2006H2-E,nearest,,psi,tabpfn - gbm,True,0.012401612069205958,-0.014466468789040565,0.060932561124493835,0.02980358488569443,0.05,200,20260905,False,False
2006H2-E,nearest,,psi,tabicl - gbm,True,0.009558201083764454,-0.02324114171020662,0.0656794672901019,0.03469208219563669,0.05,200,20260905,False,False
2006H2-E,nearest,,psi,tabicl@t1 - gbm,True,0.009558201083764454,-0.02324114171020662,0.0656794672901019,0.03469208219563669,0.05,200,20260905,False,True
2006H2-E,nearest,,psi,tabpfn@t1 - gbm,True,0.012401612069205958,-0.014466468789040565,0.060932561124493835,0.02980358488569443,0.05,200,20260905,False,True
2006H2-E,nearest,,psi,tabpfn - gbm-50k,True,-0.00948703617336184,-0.0201682810107491,0.0049368054001610335,0.00814848800491616,0.05,200,20260905,False,False
2006H2-E,nearest,,psi,tabicl - gbm-50k,True,-0.012330447158803342,-0.02390571972281945,0.009936676182268626,0.012507441689982659,0.05,200,20260905,False,False
2006H2-E,nearest,,psi,tabicl@t1 - gbm-50k,True,-0.012330447158803342,-0.02390571972281945,0.009936676182268626,0.012507441689982659,0.05,200,20260905,False,True
2006H2-E,nearest,,psi,tabpfn@t1 - gbm-50k,True,-0.00948703617336184,-0.0201682810107491,0.0049368054001610335,0.00814848800491616,0.05,200,20260905,False,True
2006H2-E,nearest,,psi,tabicl - tabpfn,True,-0.0028434109854415025,-0.009855128281736968,0.0067235533754952306,0.00526843825317725,0.05,200,20260905,False,False
2006H2-E,nearest,,psi,tabicl@t1 - tabpfn,True,-0.0028434109854415025,-0.009855128281736968,0.0067235533754952306,0.00526843825317725,0.05,200,20260905,False,True
2006H2-E,nearest,,psi,tabpfn@t1 - tabpfn,True,0.0,0.0,0.0,0.0,0.05,200,20260905,False,True
2006H2-E,nearest,,psi,tabicl@t1 - tabicl,True,0.0,0.0,0.0,0.0,0.05,200,20260905,False,True
2006H2-E,nearest,,psi,tabpfn@t1 - tabicl,True,0.0028434109854415025,-0.0067235533754952306,0.00985512828173697,0.00526843825317725,0.05,200,20260905,False,True
2006H2-E,nearest,,psi,tabpfn@t1 - tabicl@t1,True,0.0028434109854415025,-0.0067235533754952306,0.00985512828173697,0.00526843825317725,0.05,200,20260905,False,True
2006H2-E,"all, cohorts resampled",,gini,scorecard,False,0.5655710164943971,0.5250389520971163,0.604136272111186,0.01978671665992974,0.05,200,20260905,,False
2006H2-E,"all, cohorts resampled",,gini,gbm,False,0.5673631416933553,0.5271532854585304,0.6085896734394115,0.020944387707040765,0.05,200,20260905,,False
2006H2-E,"all, cohorts resampled",,gini,gbm-50k,False,0.5259683156746383,0.4810553093272493,0.5748518171364423,0.02378671279778203,0.05,200,20260905,,False
2006H2-E,"all, cohorts resampled",,gini,tabpfn,False,0.5870317445645502,0.541216938530191,0.6310436327296536,0.022412218737466134,0.05,200,20260905,,False
2006H2-E,"all, cohorts resampled",,gini,tabicl,False,0.5840901364477548,0.5379324182379636,0.6323139120767228,0.02335595421812173,0.05,200,20260905,,False
2006H2-E,"all, cohorts resampled",,gini,tabicl@t1,False,0.5840901364477548,0.5379324182379636,0.6323139120767228,0.02335595421812173,0.05,200,20260905,,True
2006H2-E,"all, cohorts resampled",,gini,tabpfn@t1,False,0.5870317445645502,0.541216938530191,0.6310436327296536,0.022412218737466134,0.05,200,20260905,,True
2006H2-E,"all, cohorts resampled",,gini,gbm - scorecard,True,0.0017921251989582165,-0.006436971977716055,0.010719811506102295,0.004330754674602275,0.05,200,20260905,False,False
2006H2-E,"all, cohorts resampled",,gini,gbm-50k - scorecard,True,-0.03960270081975873,-0.060690895472973724,-0.016617466033348946,0.010731451881899187,0.05,200,20260905,True,False
2006H2-E,"all, cohorts resampled",,gini,tabpfn - scorecard,True,0.021460728070153163,0.004830942118471102,0.03634878885524238,0.008645704430654584,0.05,200,20260905,True,False
2006H2-E,"all, cohorts resampled",,gini,tabicl - scorecard,True,0.018519119953357716,0.00093775827306766,0.036083590865045465,0.010172129820395524,0.05,200,20260905,True,False
2006H2-E,"all, cohorts resampled",,gini,tabicl@t1 - scorecard,True,0.018519119953357716,0.00093775827306766,0.036083590865045465,0.010172129820395524,0.05,200,20260905,True,True
2006H2-E,"all, cohorts resampled",,gini,tabpfn@t1 - scorecard,True,0.021460728070153163,0.004830942118471102,0.03634878885524238,0.008645704430654584,0.05,200,20260905,True,True
2006H2-E,"all, cohorts resampled",,gini,gbm-50k - gbm,True,-0.04139482601871695,-0.059108452337208774,-0.02362007281423137,0.008870406701159027,0.05,200,20260905,True,False
2006H2-E,"all, cohorts resampled",,gini,tabpfn - gbm,True,0.019668602871194946,0.0068334554714049095,0.03391963820605784,0.007350164696213543,0.05,200,20260905,True,False
2006H2-E,"all, cohorts resampled",,gini,tabicl - gbm,True,0.0167269947543995,0.003904248831332291,0.034260641910883655,0.009235425140349774,0.05,200,20260905,True,False
2006H2-E,"all, cohorts resampled",,gini,tabicl@t1 - gbm,True,0.0167269947543995,0.003904248831332291,0.034260641910883655,0.009235425140349774,0.05,200,20260905,True,True
2006H2-E,"all, cohorts resampled",,gini,tabpfn@t1 - gbm,True,0.019668602871194946,0.0068334554714049095,0.03391963820605784,0.007350164696213543,0.05,200,20260905,True,True
2006H2-E,"all, cohorts resampled",,gini,tabpfn - gbm-50k,True,0.0610634288899119,0.04358110492679793,0.07498161478944264,0.009050674259880103,0.05,200,20260905,True,False
2006H2-E,"all, cohorts resampled",,gini,tabicl - gbm-50k,True,0.05812182077311645,0.03379213795802506,0.07661421209799715,0.012705867715614416,0.05,200,20260905,True,False
2006H2-E,"all, cohorts resampled",,gini,tabicl@t1 - gbm-50k,True,0.05812182077311645,0.03379213795802506,0.07661421209799715,0.012705867715614416,0.05,200,20260905,True,True
2006H2-E,"all, cohorts resampled",,gini,tabpfn@t1 - gbm-50k,True,0.0610634288899119,0.04358110492679793,0.07498161478944264,0.009050674259880103,0.05,200,20260905,True,True
2006H2-E,"all, cohorts resampled",,gini,tabicl - tabpfn,True,-0.0029416081167954466,-0.012578063377735713,0.0036199611011151055,0.005101626347760914,0.05,200,20260905,False,False
2006H2-E,"all, cohorts resampled",,gini,tabicl@t1 - tabpfn,True,-0.0029416081167954466,-0.012578063377735713,0.0036199611011151055,0.005101626347760914,0.05,200,20260905,False,True
2006H2-E,"all, cohorts resampled",,gini,tabpfn@t1 - tabpfn,True,0.0,0.0,0.0,0.0,0.05,200,20260905,False,True
2006H2-E,"all, cohorts resampled",,gini,tabicl@t1 - tabicl,True,0.0,0.0,0.0,0.0,0.05,200,20260905,False,True
2006H2-E,"all, cohorts resampled",,gini,tabpfn@t1 - tabicl,True,0.0029416081167954466,-0.0036199611011151042,0.012578063377735713,0.005101626347760914,0.05,200,20260905,False,True
2006H2-E,"all, cohorts resampled",,gini,tabpfn@t1 - tabicl@t1,True,0.0029416081167954466,-0.0036199611011151042,0.012578063377735713,0.005101626347760914,0.05,200,20260905,False,True
2006H2-E,"all, cohorts resampled",,abs_log_oe,scorecard,False,0.5367469256907359,0.3309359512701712,0.7665709102347651,0.10417388085580155,0.05,200,20260905,,False
2006H2-E,"all, cohorts resampled",,abs_log_oe,gbm,False,0.4865853150566542,0.2952920938369473,0.7045619284894334,0.09836894653655287,0.05,200,20260905,,False
2006H2-E,"all, cohorts resampled",,abs_log_oe,gbm-50k,False,0.48343563655896116,0.31022406162466865,0.6832683694309625,0.09431730057871321,0.05,200,20260905,,False
2006H2-E,"all, cohorts resampled",,abs_log_oe,tabpfn,False,0.8596788030253638,0.6246037534213943,1.0953188654276382,0.12213713943530419,0.05,200,20260905,,False
2006H2-E,"all, cohorts resampled",,abs_log_oe,tabicl,False,0.8227100323776423,0.5525198845577515,1.093263451555564,0.14858801172866093,0.05,200,20260905,,False
2006H2-E,"all, cohorts resampled",,abs_log_oe,tabicl@t1,False,0.49434726360670683,0.3129584364164193,0.698145548279704,0.09871099016771175,0.05,200,20260905,,True
2006H2-E,"all, cohorts resampled",,abs_log_oe,tabpfn@t1,False,0.5005828684716472,0.31451539772925574,0.7134438868558922,0.09821925408918457,0.05,200,20260905,,True
2006H2-E,"all, cohorts resampled",,abs_log_oe,gbm - scorecard,True,-0.050161610634081644,-0.08351626974479802,-0.015517738499133722,0.017738070100691554,0.05,200,20260905,True,False
2006H2-E,"all, cohorts resampled",,abs_log_oe,gbm-50k - scorecard,True,-0.05331128913177471,-0.11599334660473344,0.0015910616089232156,0.03554738013908489,0.05,200,20260905,False,False
2006H2-E,"all, cohorts resampled",,abs_log_oe,tabpfn - scorecard,True,0.32293187733462797,0.20002736933939497,0.3845965948308629,0.0541899353042379,0.05,200,20260905,True,False
2006H2-E,"all, cohorts resampled",,abs_log_oe,tabicl - scorecard,True,0.28596310668690633,0.1109700863411294,0.41467637562130066,0.10166415237294177,0.05,200,20260905,True,False
2006H2-E,"all, cohorts resampled",,abs_log_oe,tabicl@t1 - scorecard,True,-0.042399662084029066,-0.1042344403194527,0.01563959199078555,0.029106405828407424,0.05,200,20260905,False,True
2006H2-E,"all, cohorts resampled",,abs_log_oe,tabpfn@t1 - scorecard,True,-0.0361640572190887,-0.07656256124761053,0.010638540092980833,0.02130407571076133,0.05,200,20260905,False,True
2006H2-E,"all, cohorts resampled",,abs_log_oe,gbm-50k - gbm,True,-0.003149678497693061,-0.044912770463639264,0.03300960598049492,0.02227932488522677,0.05,200,20260905,False,False
2006H2-E,"all, cohorts resampled",,abs_log_oe,tabpfn - gbm,True,0.3730934879687096,0.22701304814383014,0.4555505007131091,0.06081692629167711,0.05,200,20260905,True,False
2006H2-E,"all, cohorts resampled",,abs_log_oe,tabicl - gbm,True,0.336124717320988,0.13776311613391284,0.48864188712619133,0.10640523989311335,0.05,200,20260905,True,False
2006H2-E,"all, cohorts resampled",,abs_log_oe,tabicl@t1 - gbm,True,0.0077619485500525776,-0.03397934004582079,0.05100633148054967,0.0231340609973988,0.05,200,20260905,False,True
2006H2-E,"all, cohorts resampled",,abs_log_oe,tabpfn@t1 - gbm,True,0.013997553414992944,-0.014667435807514364,0.03997186434083468,0.014244500754180415,0.05,200,20260905,False,True
2006H2-E,"all, cohorts resampled",,abs_log_oe,tabpfn - gbm-50k,True,0.3762431664664027,0.21868341876407454,0.4799176097219735,0.07317266966800633,0.05,200,20260905,True,False
2006H2-E,"all, cohorts resampled",,abs_log_oe,tabicl - gbm-50k,True,0.339274395818681,0.13053137677204749,0.5082415989839534,0.11536772017458212,0.05,200,20260905,True,False
2006H2-E,"all, cohorts resampled",,abs_log_oe,tabicl@t1 - gbm-50k,True,0.01091162704774564,-0.025950379676113744,0.06984479778658689,0.026599297772767382,0.05,200,20260905,False,True
2006H2-E,"all, cohorts resampled",,abs_log_oe,tabpfn@t1 - gbm-50k,True,0.017147231912686006,-0.03090238840230106,0.06245594668717796,0.02563279035955801,0.05,200,20260905,False,True
2006H2-E,"all, cohorts resampled",,abs_log_oe,tabicl - tabpfn,True,-0.03696877064772167,-0.11694162715628949,0.04663530846143304,0.05721540836845637,0.05,200,20260905,False,False
2006H2-E,"all, cohorts resampled",,abs_log_oe,tabicl@t1 - tabpfn,True,-0.3653315394186571,-0.44623519695135305,-0.19836093732031562,0.06297339345553252,0.05,200,20260905,True,True
2006H2-E,"all, cohorts resampled",,abs_log_oe,tabpfn@t1 - tabpfn,True,-0.35909593455371674,-0.43058596803889676,-0.19757613891243905,0.059500042718087454,0.05,200,20260905,True,True
2006H2-E,"all, cohorts resampled",,abs_log_oe,tabicl@t1 - tabicl,True,-0.3283627687709354,-0.4542554404349271,-0.1023400205092451,0.10088839268016311,0.05,200,20260905,True,True
2006H2-E,"all, cohorts resampled",,abs_log_oe,tabpfn@t1 - tabicl,True,-0.322127163905995,-0.4643774108874429,-0.1105947195602196,0.10334714605337174,0.05,200,20260905,True,True
2006H2-E,"all, cohorts resampled",,abs_log_oe,tabpfn@t1 - tabicl@t1,True,0.0062356048649403655,-0.020243127633703867,0.03387869605924379,0.01624574316977723,0.05,200,20260905,False,True
2006H2-E,"all, cohorts resampled",,cox_slope_deviation,scorecard,False,0.18963142726547247,0.1496487557126534,0.2553768892592557,0.027316460744830667,0.05,200,20260905,,False
2006H2-E,"all, cohorts resampled",,cox_slope_deviation,gbm,False,0.1237112938058139,0.08830520997738808,0.19373867404413714,0.02628879545843346,0.05,200,20260905,,False
2006H2-E,"all, cohorts resampled",,cox_slope_deviation,gbm-50k,False,0.12528204388469383,0.09618897680263344,0.1952702048274746,0.024615834803053092,0.05,200,20260905,,False
2006H2-E,"all, cohorts resampled",,cox_slope_deviation,tabpfn,False,0.2066356393836329,0.14706471698806198,0.27034763834702225,0.03218601483398642,0.05,200,20260905,,False
2006H2-E,"all, cohorts resampled",,cox_slope_deviation,tabicl,False,0.19526955403894686,0.14941995626452556,0.2606040334752261,0.03225731541582653,0.05,200,20260905,,False
2006H2-E,"all, cohorts resampled",,cox_slope_deviation,tabicl@t1,False,0.12701878658434065,0.08834508767351887,0.19337429300943176,0.028315437100455088,0.05,200,20260905,,True
2006H2-E,"all, cohorts resampled",,cox_slope_deviation,tabpfn@t1,False,0.13030324785596478,0.08777221639974964,0.1999265405543006,0.029481569644568474,0.05,200,20260905,,True
2006H2-E,"all, cohorts resampled",,cox_slope_deviation,gbm - scorecard,True,-0.06592013345965857,-0.07802927289657453,-0.040918557210328124,0.010511891625714542,0.05,200,20260905,True,False
2006H2-E,"all, cohorts resampled",,cox_slope_deviation,gbm-50k - scorecard,True,-0.06434938338077864,-0.09036401225619427,-0.023056515877017278,0.017050194123125462,0.05,200,20260905,True,False
2006H2-E,"all, cohorts resampled",,cox_slope_deviation,tabpfn - scorecard,True,0.017004212118160444,-0.017734147158474663,0.050586975039942854,0.019550076518400725,0.05,200,20260905,False,False
2006H2-E,"all, cohorts resampled",,cox_slope_deviation,tabicl - scorecard,True,0.0056381267734743985,-0.0199058817481275,0.040363075210321085,0.017556608039335054,0.05,200,20260905,False,False
2006H2-E,"all, cohorts resampled",,cox_slope_deviation,tabicl@t1 - scorecard,True,-0.0626126406811318,-0.08622608288677158,-0.02970660791641878,0.01539783995108495,0.05,200,20260905,True,True
2006H2-E,"all, cohorts resampled",,cox_slope_deviation,tabpfn@t1 - scorecard,True,-0.059328179409507686,-0.08759936040433063,-0.024721288276833647,0.017599814243614325,0.05,200,20260905,True,True
2006H2-E,"all, cohorts resampled",,cox_slope_deviation,gbm-50k - gbm,True,0.0015707500788799261,-0.0193828619682414,0.02935886769093961,0.012473746247561857,0.05,200,20260905,False,False
2006H2-E,"all, cohorts resampled",,cox_slope_deviation,tabpfn - gbm,True,0.08292434557781901,0.04168163878107901,0.11348993348502091,0.020439990559751983,0.05,200,20260905,True,False
2006H2-E,"all, cohorts resampled",,cox_slope_deviation,tabicl - gbm,True,0.07155826023313296,0.033743719427679134,0.10492142856093073,0.018877329338350245,0.05,200,20260905,True,False
2006H2-E,"all, cohorts resampled",,cox_slope_deviation,tabicl@t1 - gbm,True,0.003307492778526766,-0.017787592469309638,0.027918572483862744,0.01145504844262633,0.05,200,20260905,False,True
2006H2-E,"all, cohorts resampled",,cox_slope_deviation,tabpfn@t1 - gbm,True,0.006591954050150885,-0.018227037433161074,0.035402676085689734,0.014764056700166157,0.05,200,20260905,False,True
2006H2-E,"all, cohorts resampled",,cox_slope_deviation,tabpfn - gbm-50k,True,0.08135359549893909,0.020431951259476562,0.12158148071117104,0.026103802764336832,0.05,200,20260905,True,False
2006H2-E,"all, cohorts resampled",,cox_slope_deviation,tabicl - gbm-50k,True,0.06998751015425304,0.02205755033664069,0.10763726598152179,0.023109962969359427,0.05,200,20260905,True,False
2006H2-E,"all, cohorts resampled",,cox_slope_deviation,tabicl@t1 - gbm-50k,True,0.00173674269964684,-0.026764390140973857,0.033985736900868584,0.01561714142134039,0.05,200,20260905,False,True
2006H2-E,"all, cohorts resampled",,cox_slope_deviation,tabpfn@t1 - gbm-50k,True,0.005021203971270959,-0.03571243604446118,0.04115520409984119,0.020473827367321142,0.05,200,20260905,False,True
2006H2-E,"all, cohorts resampled",,cox_slope_deviation,tabicl - tabpfn,True,-0.011366085344686047,-0.031455999590393885,0.013052884324761324,0.013660318121829416,0.05,200,20260905,False,False
2006H2-E,"all, cohorts resampled",,cox_slope_deviation,tabicl@t1 - tabpfn,True,-0.07961685279929225,-0.10009832619824495,-0.039698634879534754,0.017658965612969802,0.05,200,20260905,True,True
2006H2-E,"all, cohorts resampled",,cox_slope_deviation,tabpfn@t1 - tabpfn,True,-0.07633239152766813,-0.08431133429947821,-0.04796407135278101,0.009853617740467264,0.05,200,20260905,True,True
2006H2-E,"all, cohorts resampled",,cox_slope_deviation,tabicl@t1 - tabicl,True,-0.06825076745460619,-0.08237932182328421,-0.03498868266738136,0.01252731061447916,0.05,200,20260905,True,True
2006H2-E,"all, cohorts resampled",,cox_slope_deviation,tabpfn@t1 - tabicl,True,-0.06496630618298209,-0.08642726368162648,-0.033281888750526636,0.013707568661807824,0.05,200,20260905,True,True
2006H2-E,"all, cohorts resampled",,cox_slope_deviation,tabpfn@t1 - tabicl@t1,True,0.0032844612716241193,-0.01945901768487365,0.01813576294887033,0.01072373477448397,0.05,200,20260905,False,True
2006H2-E,"all, cohorts resampled",,psi,scorecard,False,0.1684802943706872,0.128619335306173,0.21615452383066824,0.02332385214133749,0.05,200,20260905,,False
2006H2-E,"all, cohorts resampled",,psi,gbm,False,0.1464705460367238,0.11028859886999876,0.1819319283911402,0.019581827814589663,0.05,200,20260905,,False
2006H2-E,"all, cohorts resampled",,psi,gbm-50k,False,0.13536713950414814,0.08306464088948119,0.17955070110244345,0.02880694329170245,0.05,200,20260905,,False
2006H2-E,"all, cohorts resampled",,psi,tabpfn,False,0.16741883491794293,0.12780725987894373,0.21584244866901914,0.023398856734086516,0.05,200,20260905,,False
2006H2-E,"all, cohorts resampled",,psi,tabicl,False,0.1466837333054258,0.11405292425954552,0.18264504527787992,0.019069719683198767,0.05,200,20260905,,False
2006H2-E,"all, cohorts resampled",,psi,tabicl@t1,False,0.1466837333054258,0.11405292425954552,0.18264504527787992,0.019069719683198767,0.05,200,20260905,,True
2006H2-E,"all, cohorts resampled",,psi,tabpfn@t1,False,0.16741883491794293,0.12780725987894373,0.21584244866901914,0.023398856734086516,0.05,200,20260905,,True
2006H2-E,"all, cohorts resampled",,psi,gbm - scorecard,True,-0.02200974833396338,-0.03611092289984471,-0.010034301287904583,0.0065042928465234365,0.05,200,20260905,True,False
2006H2-E,"all, cohorts resampled",,psi,gbm-50k - scorecard,True,-0.03311315486653902,-0.0882754233733685,0.013156750100156569,0.02931146283220702,0.05,200,20260905,False,False
2006H2-E,"all, cohorts resampled",,psi,tabpfn - scorecard,True,-0.001061459452744264,-0.0390742295916855,0.04545208922624242,0.020606677822833964,0.05,200,20260905,False,False
2006H2-E,"all, cohorts resampled",,psi,tabicl - scorecard,True,-0.021796561065261382,-0.05445352446212806,0.017273807637122374,0.016952393667122756,0.05,200,20260905,False,False
2006H2-E,"all, cohorts resampled",,psi,tabicl@t1 - scorecard,True,-0.021796561065261382,-0.05445352446212806,0.017273807637122374,0.016952393667122756,0.05,200,20260905,False,True
2006H2-E,"all, cohorts resampled",,psi,tabpfn@t1 - scorecard,True,-0.001061459452744264,-0.0390742295916855,0.04545208922624242,0.020606677822833964,0.05,200,20260905,False,True
2006H2-E,"all, cohorts resampled",,psi,gbm-50k - gbm,True,-0.011103406532575641,-0.058508022272522095,0.02836570975205071,0.026909065784885083,0.05,200,20260905,False,False
2006H2-E,"all, cohorts resampled",,psi,tabpfn - gbm,True,0.020948288881219117,-0.009452389349861205,0.05780143189399889,0.017691103687219507,0.05,200,20260905,False,False
2006H2-E,"all, cohorts resampled",,psi,tabicl - gbm,True,0.00021318726870199942,-0.022514582719962165,0.03140047938952844,0.012827236104315598,0.05,200,20260905,False,False
2006H2-E,"all, cohorts resampled",,psi,tabicl@t1 - gbm,True,0.00021318726870199942,-0.022514582719962165,0.03140047938952844,0.012827236104315598,0.05,200,20260905,False,True
2006H2-E,"all, cohorts resampled",,psi,tabpfn@t1 - gbm,True,0.020948288881219117,-0.009452389349861205,0.05780143189399889,0.017691103687219507,0.05,200,20260905,False,True
2006H2-E,"all, cohorts resampled",,psi,tabpfn - gbm-50k,True,0.03205169541379476,0.008353721213208692,0.05673981444468038,0.013790738723262471,0.05,200,20260905,True,False
2006H2-E,"all, cohorts resampled",,psi,tabicl - gbm-50k,True,0.011316593801277641,-0.02000366136926959,0.050242972089919104,0.023550629220598206,0.05,200,20260905,False,False
2006H2-E,"all, cohorts resampled",,psi,tabicl@t1 - gbm-50k,True,0.011316593801277641,-0.02000366136926959,0.050242972089919104,0.023550629220598206,0.05,200,20260905,False,True
2006H2-E,"all, cohorts resampled",,psi,tabpfn@t1 - gbm-50k,True,0.03205169541379476,0.008353721213208692,0.05673981444468038,0.013790738723262471,0.05,200,20260905,True,True
2006H2-E,"all, cohorts resampled",,psi,tabicl - tabpfn,True,-0.020735101612517116,-0.039573436102446395,-0.002089751231720711,0.011532407214603971,0.05,200,20260905,True,False
2006H2-E,"all, cohorts resampled",,psi,tabicl@t1 - tabpfn,True,-0.020735101612517116,-0.039573436102446395,-0.002089751231720711,0.011532407214603971,0.05,200,20260905,True,True
2006H2-E,"all, cohorts resampled",,psi,tabpfn@t1 - tabpfn,True,0.0,0.0,0.0,0.0,0.05,200,20260905,False,True
2006H2-E,"all, cohorts resampled",,psi,tabicl@t1 - tabicl,True,0.0,0.0,0.0,0.0,0.05,200,20260905,False,True
2006H2-E,"all, cohorts resampled",,psi,tabpfn@t1 - tabicl,True,0.020735101612517116,0.0020897512317207155,0.039573436102446395,0.011532407214603971,0.05,200,20260905,True,True
2006H2-E,"all, cohorts resampled",,psi,tabpfn@t1 - tabicl@t1,True,0.020735101612517116,0.0020897512317207155,0.039573436102446395,0.011532407214603971,0.05,200,20260905,True,True
2006H2-E,all,20260911,gini,scorecard,False,0.5655710164943971,0.555366057133006,0.5757802299516044,0.005473636590623841,0.05,200,20260905,,False
2006H2-E,all,20260911,gini,gbm,False,0.5673631416933553,0.5561305655075723,0.5779285181465974,0.005366622198349677,0.05,200,20260905,,False
2006H2-E,all,20260911,gini,gbm-50k,False,0.5258396784387338,0.513502371445392,0.5360968672754163,0.00612417710299799,0.05,200,20260905,,False
2006H2-E,all,20260911,gini,tabpfn,False,0.5952727786103901,0.5848803148790613,0.6048954014576897,0.005417988814307746,0.05,200,20260905,,False
2006H2-E,all,20260911,gini,tabicl,False,0.5960858053580553,0.5852997457200786,0.6054418520516296,0.005200008363102072,0.05,200,20260905,,False
2006H2-E,all,20260911,gini,tabicl@t1,False,0.5960858053580553,0.5852997457200786,0.6054418520516296,0.005200008363102072,0.05,200,20260905,,True
2006H2-E,all,20260911,gini,tabpfn@t1,False,0.5952727786103901,0.5848803148790613,0.6048954014576897,0.005417988814307746,0.05,200,20260905,,True
2006H2-E,all,20260911,gini,gbm - scorecard,True,0.0017921251989582165,-0.003521160285653915,0.007965474106571523,0.002842856196687844,0.05,200,20260905,False,False
2006H2-E,all,20260911,gini,gbm-50k - scorecard,True,-0.03973133805566331,-0.046938439926917465,-0.03357141503548455,0.0036600932280422905,0.05,200,20260905,True,False
2006H2-E,all,20260911,gini,tabpfn - scorecard,True,0.029701762115992958,0.025183717553622344,0.03441786340785923,0.002536533567478865,0.05,200,20260905,True,False
2006H2-E,all,20260911,gini,tabicl - scorecard,True,0.030514788863658215,0.026076217885754975,0.03535127967221333,0.0024908296707578325,0.05,200,20260905,True,False
2006H2-E,all,20260911,gini,tabicl@t1 - scorecard,True,0.030514788863658215,0.026076217885754975,0.03535127967221333,0.0024908296707578325,0.05,200,20260905,True,True
2006H2-E,all,20260911,gini,tabpfn@t1 - scorecard,True,0.029701762115992958,0.025183717553622344,0.03441786340785923,0.002536533567478865,0.05,200,20260905,True,True
2006H2-E,all,20260911,gini,gbm-50k - gbm,True,-0.04152346325462153,-0.04729434940424608,-0.03640005723154862,0.002833678702861019,0.05,200,20260905,True,False
2006H2-E,all,20260911,gini,tabpfn - gbm,True,0.02790963691703474,0.022955547262496136,0.03253912170171078,0.002437831158404254,0.05,200,20260905,True,False
2006H2-E,all,20260911,gini,tabicl - gbm,True,0.0287226636647,0.024016663143691528,0.03327368318601929,0.0024606374686428523,0.05,200,20260905,True,False
2006H2-E,all,20260911,gini,tabicl@t1 - gbm,True,0.0287226636647,0.024016663143691528,0.03327368318601929,0.0024606374686428523,0.05,200,20260905,True,True
2006H2-E,all,20260911,gini,tabpfn@t1 - gbm,True,0.02790963691703474,0.022955547262496136,0.03253912170171078,0.002437831158404254,0.05,200,20260905,True,True
2006H2-E,all,20260911,gini,tabpfn - gbm-50k,True,0.06943310017165627,0.0626048189310988,0.07617864849331396,0.003257709483590323,0.05,200,20260905,True,False
2006H2-E,all,20260911,gini,tabicl - gbm-50k,True,0.07024612691932153,0.06409386395322722,0.07737170970377119,0.003214509499969571,0.05,200,20260905,True,False
2006H2-E,all,20260911,gini,tabicl@t1 - gbm-50k,True,0.07024612691932153,0.06409386395322722,0.07737170970377119,0.003214509499969571,0.05,200,20260905,True,True
2006H2-E,all,20260911,gini,tabpfn@t1 - gbm-50k,True,0.06943310017165627,0.0626048189310988,0.07617864849331396,0.003257709483590323,0.05,200,20260905,True,True
2006H2-E,all,20260911,gini,tabicl - tabpfn,True,0.0008130267476652575,-0.0015327560583743099,0.0035512334939767857,0.0012427730507327149,0.05,200,20260905,False,False
2006H2-E,all,20260911,gini,tabicl@t1 - tabpfn,True,0.0008130267476652575,-0.0015327560583743099,0.0035512334939767857,0.0012427730507327149,0.05,200,20260905,False,True
2006H2-E,all,20260911,gini,tabpfn@t1 - tabpfn,True,0.0,0.0,0.0,0.0,0.05,200,20260905,False,True
2006H2-E,all,20260911,gini,tabicl@t1 - tabicl,True,0.0,0.0,0.0,0.0,0.05,200,20260905,False,True
2006H2-E,all,20260911,gini,tabpfn@t1 - tabicl,True,-0.0008130267476652575,-0.0035512334939767853,0.0015327560583743103,0.0012427730507327149,0.05,200,20260905,False,True
2006H2-E,all,20260911,gini,tabpfn@t1 - tabicl@t1,True,-0.0008130267476652575,-0.0035512334939767853,0.0015327560583743103,0.0012427730507327149,0.05,200,20260905,False,True
2006H2-E,all,20260911,abs_log_oe,scorecard,False,0.5367469256907359,0.5216812729501438,0.5685309548431995,0.012490955514029343,0.05,200,20260905,,False
2006H2-E,all,20260911,abs_log_oe,gbm,False,0.48658531505665426,0.4764546391012442,0.5193963271796022,0.01103573258816983,0.05,200,20260905,,False
2006H2-E,all,20260911,abs_log_oe,gbm-50k,False,0.4807495477240523,0.4651646036039602,0.5129255031085775,0.012156789102783254,0.05,200,20260905,,False
2006H2-E,all,20260911,abs_log_oe,tabpfn,False,0.8930218478735741,0.8568918655774286,0.9150270494136807,0.015045838004378746,0.05,200,20260905,,False
2006H2-E,all,20260911,abs_log_oe,tabicl,False,0.9310133595619587,0.8946706922591366,0.9533775923530676,0.015126398048480996,0.05,200,20260905,,False
2006H2-E,all,20260911,abs_log_oe,tabicl@t1,False,0.5118414026491457,0.49928231435091985,0.5454196815593408,0.011271566014779806,0.05,200,20260905,,True
2006H2-E,all,20260911,abs_log_oe,tabpfn@t1,False,0.5031295824455791,0.4927672397049857,0.5354018110563217,0.010963812033328784,0.05,200,20260905,,True
2006H2-E,all,20260911,abs_log_oe,gbm - scorecard,True,-0.050161610634081644,-0.0663947391643376,-0.02492072204728693,0.010835756153437924,0.05,200,20260905,True,False
2006H2-E,all,20260911,abs_log_oe,gbm-50k - scorecard,True,-0.05599737796668358,-0.08687757582974462,-0.027307065529739636,0.015431669349011976,0.05,200,20260905,True,False
2006H2-E,all,20260911,abs_log_oe,tabpfn - scorecard,True,0.3562749221828382,0.31959027037150595,0.36452793012634244,0.012433519446305268,0.05,200,20260905,True,False
2006H2-E,all,20260911,abs_log_oe,tabicl - scorecard,True,0.39426643387122284,0.356995447586381,0.4023079257890033,0.012601576036380716,0.05,200,20260905,True,False
2006H2-E,all,20260911,abs_log_oe,tabicl@t1 - scorecard,True,-0.024905523041590216,-0.03281503424415058,-0.00984411051707814,0.005823891022892538,0.05,200,20260905,True,True
2006H2-E,all,20260911,abs_log_oe,tabpfn@t1 - scorecard,True,-0.03361734324515675,-0.04526410821516401,-0.013136967860755097,0.008305465211167281,0.05,200,20260905,True,True
2006H2-E,all,20260911,abs_log_oe,gbm-50k - gbm,True,-0.005835767332601938,-0.026329469870213274,0.003221296311909841,0.007520152305215406,0.05,200,20260905,False,False
2006H2-E,all,20260911,abs_log_oe,tabpfn - gbm,True,0.4064365328169198,0.35307761469881743,0.4228648367604387,0.01857511644489993,0.05,200,20260905,True,False
2006H2-E,all,20260911,abs_log_oe,tabicl - gbm,True,0.4444280445053045,0.39030714223881713,0.46086438344944053,0.018694503988205147,0.05,200,20260905,True,False
2006H2-E,all,20260911,abs_log_oe,tabicl@t1 - gbm,True,0.025256087592491427,0.011899201518717751,0.037247080096277155,0.00660537286621113,0.05,200,20260905,True,True
2006H2-E,all,20260911,abs_log_oe,tabpfn@t1 - gbm,True,0.016544267388924894,0.006711388335359991,0.024608292250922256,0.0048543078565202215,0.05,200,20260905,True,True
2006H2-E,all,20260911,abs_log_oe,tabpfn - gbm-50k,True,0.41227230014952176,0.3571978546699957,0.4434836119049117,0.022089207518700554,0.05,200,20260905,True,False
2006H2-E,all,20260911,abs_log_oe,tabicl - gbm-50k,True,0.4502638118379064,0.3955238986434974,0.48131889429747077,0.02219278385867517,0.05,200,20260905,True,False
2006H2-E,all,20260911,abs_log_oe,tabicl@t1 - gbm-50k,True,0.031091854925093365,0.0096368460569234,0.05819529239418367,0.012229614826411597,0.05,200,20260905,True,True
2006H2-E,all,20260911,abs_log_oe,tabpfn@t1 - gbm-50k,True,0.02238003472152683,0.006111593940860802,0.04675108438477038,0.010752776678282623,0.05,200,20260905,True,True
2006H2-E,all,20260911,abs_log_oe,tabicl - tabpfn,True,0.03799151168838466,0.0360161115874858,0.03907251709236592,0.000819767212730904,0.05,200,20260905,True,False
2006H2-E,all,20260911,abs_log_oe,tabicl@t1 - tabpfn,True,-0.3811804452244284,-0.3927288390585004,-0.33569467144409615,0.015067817491167935,0.05,200,20260905,True,True
2006H2-E,all,20260911,abs_log_oe,tabpfn@t1 - tabpfn,True,-0.38989226542799493,-0.4032396185883174,-0.34057892211522833,0.016565628652356498,0.05,200,20260905,True,True
2006H2-E,all,20260911,abs_log_oe,tabicl@t1 - tabicl,True,-0.41917195691281306,-0.43037693871455485,-0.3723616675313247,0.01519987883859677,0.05,200,20260905,True,True
2006H2-E,all,20260911,abs_log_oe,tabpfn@t1 - tabicl,True,-0.4278837771163796,-0.4415214959543926,-0.37877356943342366,0.016683185064736327,0.05,200,20260905,True,True
2006H2-E,all,20260911,abs_log_oe,tabpfn@t1 - tabicl@t1,True,-0.008711820203566534,-0.015034416207984416,-0.0022864535663371086,0.0033377891399564708,0.05,200,20260905,True,True
2006H2-E,all,20260911,cox_slope_deviation,scorecard,False,0.18963142726547247,0.17724443121820135,0.2081379195011853,0.008808124195989482,0.05,200,20260905,,False
2006H2-E,all,20260911,cox_slope_deviation,gbm,False,0.1237112938058139,0.11640891760436238,0.1499978820764957,0.009193807614345757,0.05,200,20260905,,False
2006H2-E,all,20260911,cox_slope_deviation,gbm-50k,False,0.12119902783447661,0.11309317603319154,0.15127908581154242,0.009773330022306233,0.05,200,20260905,,False
2006H2-E,all,20260911,cox_slope_deviation,tabpfn,False,0.20547687979288548,0.19205311544516507,0.22173727696587212,0.00827089306517432,0.05,200,20260905,,False
2006H2-E,all,20260911,cox_slope_deviation,tabicl,False,0.17724181302582875,0.1682269185716777,0.19768459057408005,0.008068870206231092,0.05,200,20260905,,False
2006H2-E,all,20260911,cox_slope_deviation,tabicl@t1,False,0.11510389800513214,0.10697250963626366,0.1432198243948602,0.009151310889702354,0.05,200,20260905,,True
2006H2-E,all,20260911,cox_slope_deviation,tabpfn@t1,False,0.12876806208364697,0.12154782512347871,0.15340125975491825,0.00885042009053723,0.05,200,20260905,,True
2006H2-E,all,20260911,cox_slope_deviation,gbm - scorecard,True,-0.06592013345965857,-0.0735171612114107,-0.04376684601113625,0.007651189899500723,0.05,200,20260905,True,False
2006H2-E,all,20260911,cox_slope_deviation,gbm-50k - scorecard,True,-0.06843239943099585,-0.07694991709675934,-0.04164417380152558,0.009501535709311896,0.05,200,20260905,True,False
2006H2-E,all,20260911,cox_slope_deviation,tabpfn - scorecard,True,0.015845452527413012,0.005498505331046514,0.021898342291748963,0.004090909060169573,0.05,200,20260905,True,False
2006H2-E,all,20260911,cox_slope_deviation,tabicl - scorecard,True,-0.012389614239643715,-0.01858260179399123,-0.0011377347746229088,0.004499555434274593,0.05,200,20260905,True,False
2006H2-E,all,20260911,cox_slope_deviation,tabicl@t1 - scorecard,True,-0.07452752926034033,-0.08157181255748813,-0.04985648771891687,0.008399886860696232,0.05,200,20260905,True,True
2006H2-E,all,20260911,cox_slope_deviation,tabpfn@t1 - scorecard,True,-0.0608633651818255,-0.06790179573380038,-0.04480047271490406,0.006399267374592531,0.05,200,20260905,True,True
2006H2-E,all,20260911,cox_slope_deviation,gbm-50k - gbm,True,-0.002512265971337288,-0.012694909837133703,0.009398084209900053,0.005816733452461101,0.05,200,20260905,False,False
2006H2-E,all,20260911,cox_slope_deviation,tabpfn - gbm,True,0.08176558598707158,0.0582944933163703,0.08689955330614343,0.007925035631913997,0.05,200,20260905,True,False
2006H2-E,all,20260911,cox_slope_deviation,tabicl - gbm,True,0.05353051922001485,0.035578531075663236,0.061025786880317824,0.006639902218714832,0.05,200,20260905,True,False
2006H2-E,all,20260911,cox_slope_deviation,tabicl@t1 - gbm,True,-0.00860739580068176,-0.01584012923017616,0.002918070770341075,0.004768496458479769,0.05,200,20260905,False,True
2006H2-E,all,20260911,cox_slope_deviation,tabpfn@t1 - gbm,True,0.005056768277833065,-0.007200902190915512,0.01189232920374698,0.0046005307059306015,0.05,200,20260905,False,True
2006H2-E,all,20260911,cox_slope_deviation,tabpfn - gbm-50k,True,0.08427785195840887,0.057410098467348174,0.09287782439557801,0.0096350877563167,0.05,200,20260905,True,False
2006H2-E,all,20260911,cox_slope_deviation,tabicl - gbm-50k,True,0.05604278519135214,0.0323611021678066,0.06625765431372257,0.008656662633358124,0.05,200,20260905,True,False
2006H2-E,all,20260911,cox_slope_deviation,tabicl@t1 - gbm-50k,True,-0.006095129829344473,-0.019105298430166527,0.008431049641521917,0.007279908543099498,0.05,200,20260905,False,True
2006H2-E,all,20260911,cox_slope_deviation,tabpfn@t1 - gbm-50k,True,0.007569034249170353,-0.010920931185255847,0.01741445298778343,0.007518290620782312,0.05,200,20260905,False,True
2006H2-E,all,20260911,cox_slope_deviation,tabicl - tabpfn,True,-0.028235066767056727,-0.030275519785918664,-0.01794984469893345,0.003132051811670221,0.05,200,20260905,True,False
2006H2-E,all,20260911,cox_slope_deviation,tabicl@t1 - tabpfn,True,-0.09037298178775334,-0.09702058019705598,-0.06375627197546693,0.008655556376200994,0.05,200,20260905,True,True
2006H2-E,all,20260911,cox_slope_deviation,tabpfn@t1 - tabpfn,True,-0.07670881770923851,-0.08235121957607679,-0.0579426358284179,0.006147252472577224,0.05,200,20260905,True,True
2006H2-E,all,20260911,cox_slope_deviation,tabicl@t1 - tabicl,True,-0.06213791502069661,-0.06949307692032085,-0.04363737885124219,0.007196783200944633,0.05,200,20260905,True,True
2006H2-E,all,20260911,cox_slope_deviation,tabpfn@t1 - tabicl,True,-0.04847375094218179,-0.054606574372427094,-0.037035683120482686,0.004742679762117142,0.05,200,20260905,True,True
2006H2-E,all,20260911,cox_slope_deviation,tabpfn@t1 - tabicl@t1,True,0.013664164078514826,0.0009974787785896671,0.017326227060271815,0.004562008840289667,0.05,200,20260905,True,True
2006H2-E,all,20260911,psi,scorecard,False,0.16848029437068718,0.166893384116414,0.17083674373161378,0.0011044699442896652,0.05,200,20260905,,False
2006H2-E,all,20260911,psi,gbm,False,0.1464705460367238,0.14499339398924,0.14862682535894095,0.0010093019504103572,0.05,200,20260905,,False
2006H2-E,all,20260911,psi,gbm-50k,False,0.14580071282485788,0.14439211049810977,0.14796090377583276,0.0009321814392131227,0.05,200,20260905,,False
2006H2-E,all,20260911,psi,tabpfn,False,0.16903254458513295,0.1674579433239482,0.17129199962022376,0.0010804692616767182,0.05,200,20260905,,False
2006H2-E,all,20260911,psi,tabicl,False,0.1438067031284895,0.14226540975313695,0.146171335125317,0.0009845460203769488,0.05,200,20260905,,False
2006H2-E,all,20260911,psi,tabicl@t1,False,0.1438067031284895,0.14226540975313695,0.146171335125317,0.0009845460203769488,0.05,200,20260905,,True
2006H2-E,all,20260911,psi,tabpfn@t1,False,0.16903254458513295,0.1674579433239482,0.17129199962022376,0.0010804692616767182,0.05,200,20260905,,True
2006H2-E,all,20260911,psi,gbm - scorecard,True,-0.02200974833396338,-0.023064476855124447,-0.02077753076478441,0.0006274086614865816,0.05,200,20260905,True,False
2006H2-E,all,20260911,psi,gbm-50k - scorecard,True,-0.022679581545829303,-0.024370121734796545,-0.021077213372830944,0.0008331545448000759,0.05,200,20260905,True,False
2006H2-E,all,20260911,psi,tabpfn - scorecard,True,0.0005522502144457708,-0.0007175100448194068,0.0017356381468893408,0.0006583218324218102,0.05,200,20260905,False,False
2006H2-E,all,20260911,psi,tabicl - scorecard,True,-0.024673591242197673,-0.02591037453186954,-0.023560580238550947,0.0005833997468244201,0.05,200,20260905,True,False
2006H2-E,all,20260911,psi,tabicl@t1 - scorecard,True,-0.024673591242197673,-0.02591037453186954,-0.023560580238550947,0.0005833997468244201,0.05,200,20260905,True,True
2006H2-E,all,20260911,psi,tabpfn@t1 - scorecard,True,0.0005522502144457708,-0.0007175100448194068,0.0017356381468893408,0.0006583218324218102,0.05,200,20260905,False,True
2006H2-E,all,20260911,psi,gbm-50k - gbm,True,-0.0006698332118659223,-0.002323297547046027,0.0006721234560261856,0.0007309789823535855,0.05,200,20260905,False,False
2006H2-E,all,20260911,psi,tabpfn - gbm,True,0.02256199854840915,0.021108166704369023,0.02400983591510394,0.0006929083806213386,0.05,200,20260905,True,False
2006H2-E,all,20260911,psi,tabicl - gbm,True,-0.002663842908234293,-0.00403784984853094,-0.0016531337465335446,0.000609582981811109,0.05,200,20260905,True,False
2006H2-E,all,20260911,psi,tabicl@t1 - gbm,True,-0.002663842908234293,-0.00403784984853094,-0.0016531337465335446,0.000609582981811109,0.05,200,20260905,True,True
2006H2-E,all,20260911,psi,tabpfn@t1 - gbm,True,0.02256199854840915,0.021108166704369023,0.02400983591510394,0.0006929083806213386,0.05,200,20260905,True,True
2006H2-E,all,20260911,psi,tabpfn - gbm-50k,True,0.023231831760275073,0.021758032964825577,0.024925240223371545,0.0008223788608189615,0.05,200,20260905,True,False
2006H2-E,all,20260911,psi,tabicl - gbm-50k,True,-0.0019940096963683707,-0.0034114999141418426,-0.0006485906984653721,0.0006964238899529591,0.05,200,20260905,True,False
2006H2-E,all,20260911,psi,tabicl@t1 - gbm-50k,True,-0.0019940096963683707,-0.0034114999141418426,-0.0006485906984653721,0.0006964238899529591,0.05,200,20260905,True,True
2006H2-E,all,20260911,psi,tabpfn@t1 - gbm-50k,True,0.023231831760275073,0.021758032964825577,0.024925240223371545,0.0008223788608189615,0.05,200,20260905,True,True
2006H2-E,all,20260911,psi,tabicl - tabpfn,True,-0.025225841456643444,-0.02611808649429689,-0.024291935055666073,0.00047196112383637845,0.05,200,20260905,True,False
2006H2-E,all,20260911,psi,tabicl@t1 - tabpfn,True,-0.025225841456643444,-0.02611808649429689,-0.024291935055666073,0.00047196112383637845,0.05,200,20260905,True,True
2006H2-E,all,20260911,psi,tabpfn@t1 - tabpfn,True,0.0,0.0,0.0,0.0,0.05,200,20260905,False,True
2006H2-E,all,20260911,psi,tabicl@t1 - tabicl,True,0.0,0.0,0.0,0.0,0.05,200,20260905,False,True
2006H2-E,all,20260911,psi,tabpfn@t1 - tabicl,True,0.025225841456643444,0.024291935055666073,0.02611808649429689,0.00047196112383637845,0.05,200,20260905,True,True
2006H2-E,all,20260911,psi,tabpfn@t1 - tabicl@t1,True,0.025225841456643444,0.024291935055666073,0.02611808649429689,0.00047196112383637845,0.05,200,20260905,True,True
2006H2-E,all,20260912,gini,scorecard,False,0.5655710164943971,0.555366057133006,0.5757802299516044,0.005473636590623841,0.05,200,20260905,,False
2006H2-E,all,20260912,gini,gbm,False,0.5673631416933553,0.5561305655075723,0.5779285181465974,0.005366622198349677,0.05,200,20260905,,False
2006H2-E,all,20260912,gini,gbm-50k,False,0.5176057782546122,0.506058084355476,0.5269555257035534,0.005580199179613093,0.05,200,20260905,,False
2006H2-E,all,20260912,gini,tabpfn,False,0.5789453666478566,0.5666790659586048,0.5886558739472314,0.0056784529439372145,0.05,200,20260905,,False
2006H2-E,all,20260912,gini,tabicl,False,0.5791707489477007,0.5686524189341691,0.5883612336105135,0.005384132544933432,0.05,200,20260905,,False
2006H2-E,all,20260912,gini,tabicl@t1,False,0.5791707489477007,0.5686524189341691,0.5883612336105135,0.005384132544933432,0.05,200,20260905,,True
2006H2-E,all,20260912,gini,tabpfn@t1,False,0.5789453666478566,0.5666790659586048,0.5886558739472314,0.0056784529439372145,0.05,200,20260905,,True
2006H2-E,all,20260912,gini,gbm - scorecard,True,0.0017921251989582165,-0.003521160285653915,0.007965474106571523,0.002842856196687844,0.05,200,20260905,False,False
2006H2-E,all,20260912,gini,gbm-50k - scorecard,True,-0.047965238239784935,-0.055492924763643696,-0.04108470243556354,0.003868368497379686,0.05,200,20260905,True,False
2006H2-E,all,20260912,gini,tabpfn - scorecard,True,0.013374350153459447,0.00812285286679223,0.018940846265845787,0.0029291434067086073,0.05,200,20260905,True,False
2006H2-E,all,20260912,gini,tabicl - scorecard,True,0.013599732453303592,0.006652291911111041,0.020484680008877893,0.003410651225291811,0.05,200,20260905,True,False
2006H2-E,all,20260912,gini,tabicl@t1 - scorecard,True,0.013599732453303592,0.006652291911111041,0.020484680008877893,0.003410651225291811,0.05,200,20260905,True,True
2006H2-E,all,20260912,gini,tabpfn@t1 - scorecard,True,0.013374350153459447,0.00812285286679223,0.018940846265845787,0.0029291434067086073,0.05,200,20260905,True,True
2006H2-E,all,20260912,gini,gbm-50k - gbm,True,-0.04975736343874315,-0.055507794548197126,-0.044819792065637645,0.0029959662052238883,0.05,200,20260905,True,False
2006H2-E,all,20260912,gini,tabpfn - gbm,True,0.01158222495450123,0.006725253869445294,0.015864681268622487,0.002251229043122726,0.05,200,20260905,True,False
2006H2-E,all,20260912,gini,tabicl - gbm,True,0.011807607254345376,0.0076152787663810095,0.016574046682760628,0.0023387906607616016,0.05,200,20260905,True,False
2006H2-E,all,20260912,gini,tabicl@t1 - gbm,True,0.011807607254345376,0.0076152787663810095,0.016574046682760628,0.0023387906607616016,0.05,200,20260905,True,True
2006H2-E,all,20260912,gini,tabpfn@t1 - gbm,True,0.01158222495450123,0.006725253869445294,0.015864681268622487,0.002251229043122726,0.05,200,20260905,True,True
2006H2-E,all,20260912,gini,tabpfn - gbm-50k,True,0.06133958839324438,0.055598075746144206,0.06829504963026593,0.003297711769349753,0.05,200,20260905,True,False
2006H2-E,all,20260912,gini,tabicl - gbm-50k,True,0.06156497069308853,0.05550857261136732,0.06826996733411957,0.0032753727579170502,0.05,200,20260905,True,False
2006H2-E,all,20260912,gini,tabicl@t1 - gbm-50k,True,0.06156497069308853,0.05550857261136732,0.06826996733411957,0.0032753727579170502,0.05,200,20260905,True,True
2006H2-E,all,20260912,gini,tabpfn@t1 - gbm-50k,True,0.06133958839324438,0.055598075746144206,0.06829504963026593,0.003297711769349753,0.05,200,20260905,True,True
2006H2-E,all,20260912,gini,tabicl - tabpfn,True,0.0002253822998441457,-0.0030015726448478553,0.003124157354059443,0.0016186145041888274,0.05,200,20260905,False,False
2006H2-E,all,20260912,gini,tabicl@t1 - tabpfn,True,0.0002253822998441457,-0.0030015726448478553,0.003124157354059443,0.0016186145041888274,0.05,200,20260905,False,True
2006H2-E,all,20260912,gini,tabpfn@t1 - tabpfn,True,0.0,0.0,0.0,0.0,0.05,200,20260905,False,True
2006H2-E,all,20260912,gini,tabicl@t1 - tabicl,True,0.0,0.0,0.0,0.0,0.05,200,20260905,False,True
2006H2-E,all,20260912,gini,tabpfn@t1 - tabicl,True,-0.0002253822998441457,-0.0031241573540594426,0.0030015726448478558,0.0016186145041888274,0.05,200,20260905,False,True
2006H2-E,all,20260912,gini,tabpfn@t1 - tabicl@t1,True,-0.0002253822998441457,-0.0031241573540594426,0.0030015726448478558,0.0016186145041888274,0.05,200,20260905,False,True
2006H2-E,all,20260912,abs_log_oe,scorecard,False,0.5367469256907359,0.5216812729501438,0.5685309548431995,0.012490955514029343,0.05,200,20260905,,False
2006H2-E,all,20260912,abs_log_oe,gbm,False,0.48658531505665426,0.4764546391012442,0.5193963271796022,0.01103573258816983,0.05,200,20260905,,False
2006H2-E,all,20260912,abs_log_oe,gbm-50k,False,0.4864065303817435,0.4652246746675299,0.5130241452787688,0.012595292860392378,0.05,200,20260905,,False
2006H2-E,all,20260912,abs_log_oe,tabpfn,False,0.7911456615009357,0.7633935665720697,0.8154622206087735,0.014678991232359526,0.05,200,20260905,,False
2006H2-E,all,20260912,abs_log_oe,tabicl,False,0.6882606387995357,0.6670035146016912,0.71655898416928,0.013812067944679311,0.05,200,20260905,,False
2006H2-E,all,20260912,abs_log_oe,tabicl@t1,False,0.48920456001372903,0.4706567920726092,0.5190602931611958,0.012534915660246972,0.05,200,20260905,,True
2006H2-E,all,20260912,abs_log_oe,tabpfn@t1,False,0.496102687810247,0.4839893151028895,0.5278011597623732,0.011574432927004746,0.05,200,20260905,,True
2006H2-E,all,20260912,abs_log_oe,gbm - scorecard,True,-0.050161610634081644,-0.0663947391643376,-0.02492072204728693,0.010835756153437924,0.05,200,20260905,True,False
2006H2-E,all,20260912,abs_log_oe,gbm-50k - scorecard,True,-0.050340395308992425,-0.08715833851432019,-0.02200986973525436,0.017163521761266537,0.05,200,20260905,True,False
2006H2-E,all,20260912,abs_log_oe,tabpfn - scorecard,True,0.2543987358101998,0.22403426337307167,0.2641891452458533,0.01103369519590177,0.05,200,20260905,True,False
2006H2-E,all,20260912,abs_log_oe,tabicl - scorecard,True,0.1515137131087998,0.12496851441162514,0.16316143690890106,0.009836135298688094,0.05,200,20260905,True,False
2006H2-E,all,20260912,abs_log_oe,tabicl@t1 - scorecard,True,-0.04754236567700687,-0.08117181869149942,-0.013800451334550615,0.017768106214818415,0.05,200,20260905,True,True
2006H2-E,all,20260912,abs_log_oe,tabpfn@t1 - scorecard,True,-0.040644237880488876,-0.06146363626210368,-0.010453833236089938,0.013463667381218658,0.05,200,20260905,True,True
2006H2-E,all,20260912,abs_log_oe,gbm-50k - gbm,True,-0.00017878467491078132,-0.025929271284414378,0.009404553566017637,0.009798023207907408,0.05,200,20260905,False,False
2006H2-E,all,20260912,abs_log_oe,tabpfn - gbm,True,0.3045603464442814,0.2618517855196005,0.3231392778347517,0.01717600580699324,0.05,200,20260905,True,False
2006H2-E,all,20260912,abs_log_oe,tabicl - gbm,True,0.20167532374288144,0.1630218897174833,0.2188109766767212,0.015757062416766193,0.05,200,20260905,True,False
2006H2-E,all,20260912,abs_log_oe,tabicl@t1 - gbm,True,0.0026192449570747733,-0.02247333351063974,0.016318606637798803,0.01047111765880417,0.05,200,20260905,False,True
2006H2-E,all,20260912,abs_log_oe,tabpfn@t1 - gbm,True,0.009517372753592768,-0.005464149202079982,0.017627982654019308,0.006209328078173332,0.05,200,20260905,False,True
2006H2-E,all,20260912,abs_log_oe,tabpfn - gbm-50k,True,0.3047391311191922,0.2597121934123288,0.3373997135894949,0.022259908828664896,0.05,200,20260905,True,False
2006H2-E,all,20260912,abs_log_oe,tabicl - gbm-50k,True,0.20185410841779222,0.1600456011378679,0.23816715844369193,0.020829794704417776,0.05,200,20260905,True,False
2006H2-E,all,20260912,abs_log_oe,tabicl@t1 - gbm-50k,True,0.0027980296319855547,-0.0064607467005540885,0.014270491761595096,0.0053194265254520165,0.05,200,20260905,False,True
2006H2-E,all,20260912,abs_log_oe,tabpfn@t1 - gbm-50k,True,0.009696157428503549,-0.0040998416560709995,0.03691666613251208,0.010677246256138646,0.05,200,20260905,False,True
2006H2-E,all,20260912,abs_log_oe,tabicl - tabpfn,True,-0.10288502270139999,-0.10621902557130795,-0.09090919381604677,0.00447657736685151,0.05,200,20260905,True,False
2006H2-E,all,20260912,abs_log_oe,tabicl@t1 - tabpfn,True,-0.30194110148720665,-0.3329697297613747,-0.253173205241401,0.022492009956913285,0.05,200,20260905,True,True
2006H2-E,all,20260912,abs_log_oe,tabpfn@t1 - tabpfn,True,-0.29504297369068866,-0.3152063492385533,-0.24846502821537977,0.018590700526941284,0.05,200,20260905,True,True
2006H2-E,all,20260912,abs_log_oe,tabicl@t1 - tabicl,True,-0.19905607878580667,-0.2311089539379033,-0.15549690743071465,0.02106245089374679,0.05,200,20260905,True,True
2006H2-E,all,20260912,abs_log_oe,tabpfn@t1 - tabicl,True,-0.19215795098928867,-0.2126516709022863,-0.14970023044115224,0.017166808875405865,0.05,200,20260905,True,True
2006H2-E,all,20260912,abs_log_oe,tabpfn@t1 - tabicl@t1,True,0.006898127796517994,-0.005804560104575524,0.02730248433540601,0.008794778212683567,0.05,200,20260905,False,True
2006H2-E,all,20260912,cox_slope_deviation,scorecard,False,0.18963142726547247,0.17724443121820135,0.2081379195011853,0.008808124195989482,0.05,200,20260905,,False
2006H2-E,all,20260912,cox_slope_deviation,gbm,False,0.1237112938058139,0.11640891760436238,0.1499978820764957,0.009193807614345757,0.05,200,20260905,,False
2006H2-E,all,20260912,cox_slope_deviation,gbm-50k,False,0.12282419762973068,0.11367052697033304,0.16177529505277755,0.011615213923196482,0.05,200,20260905,,False
2006H2-E,all,20260912,cox_slope_deviation,tabpfn,False,0.2308645134422732,0.2164736068623194,0.24800979937452236,0.008204967207152226,0.05,200,20260905,,False
2006H2-E,all,20260912,cox_slope_deviation,tabicl,False,0.2186881833934216,0.20379488395412187,0.2358955971884999,0.008117911367455722,0.05,200,20260905,,False
2006H2-E,all,20260912,cox_slope_deviation,tabicl@t1,False,0.14157420719017072,0.13200209614898606,0.16638429398781432,0.009800538397020594,0.05,200,20260905,,True
2006H2-E,all,20260912,cox_slope_deviation,tabpfn@t1,False,0.15029846159576205,0.1410635918699738,0.174594445547127,0.009360940194765731,0.05,200,20260905,,True
2006H2-E,all,20260912,cox_slope_deviation,gbm - scorecard,True,-0.06592013345965857,-0.0735171612114107,-0.04376684601113625,0.007651189899500723,0.05,200,20260905,True,False
2006H2-E,all,20260912,cox_slope_deviation,gbm-50k - scorecard,True,-0.06680722963574179,-0.08053890316562831,-0.03210327118774601,0.012313463916806667,0.05,200,20260905,True,False
2006H2-E,all,20260912,cox_slope_deviation,tabpfn - scorecard,True,0.04123308617680074,0.02969546486101136,0.04817713784546914,0.004787164257361778,0.05,200,20260905,True,False
2006H2-E,all,20260912,cox_slope_deviation,tabicl - scorecard,True,0.02905675612794914,0.01528874274603618,0.03954073459190637,0.005867625336720094,0.05,200,20260905,True,False
2006H2-E,all,20260912,cox_slope_deviation,tabicl@t1 - scorecard,True,-0.04805722007530175,-0.05811569305987999,-0.030277113799353158,0.007635372366128354,0.05,200,20260905,True,True
2006H2-E,all,20260912,cox_slope_deviation,tabpfn@t1 - scorecard,True,-0.039332965669710424,-0.04679443117431994,-0.025127966945347087,0.006013543745693324,0.05,200,20260905,True,True
2006H2-E,all,20260912,cox_slope_deviation,gbm-50k - gbm,True,-0.0008870961760832213,-0.017013787908164883,0.018481272870140356,0.008625941297433977,0.05,200,20260905,False,False
2006H2-E,all,20260912,cox_slope_deviation,tabpfn - gbm,True,0.10715321963645931,0.08211594818946667,0.11296276595340803,0.008129522128362402,0.05,200,20260905,True,False
2006H2-E,all,20260912,cox_slope_deviation,tabicl - gbm,True,0.09497688958760771,0.07084259225731025,0.10042951054413818,0.00831216141459002,0.05,200,20260905,True,False
2006H2-E,all,20260912,cox_slope_deviation,tabicl@t1 - gbm,True,0.01786291338435682,0.004657703432143234,0.023408364894676938,0.0051912934675787245,0.05,200,20260905,True,True
2006H2-E,all,20260912,cox_slope_deviation,tabpfn@t1 - gbm,True,0.026587167789948143,0.011831201390705108,0.031023086958968934,0.005337739445156732,0.05,200,20260905,True,True
2006H2-E,all,20260912,cox_slope_deviation,tabpfn - gbm-50k,True,0.10804031581254253,0.07070255955501792,0.11892408341335982,0.012305734156151743,0.05,200,20260905,True,False
2006H2-E,all,20260912,cox_slope_deviation,tabicl - gbm-50k,True,0.09586398576369093,0.05910287007104881,0.10774384886208752,0.01238714176326786,0.05,200,20260905,True,False
2006H2-E,all,20260912,cox_slope_deviation,tabicl@t1 - gbm-50k,True,0.01875000956044004,-0.007395801894210988,0.03313371682164617,0.00984864122646308,0.05,200,20260905,False,True
2006H2-E,all,20260912,cox_slope_deviation,tabpfn@t1 - gbm-50k,True,0.027474263966031365,-0.0017369818243276008,0.04247864010869417,0.010451215197361875,0.05,200,20260905,False,True
2006H2-E,all,20260912,cox_slope_deviation,tabicl - tabpfn,True,-0.012176330048851602,-0.01674287318035944,-0.006606085121354038,0.0026245475828699486,0.05,200,20260905,True,False
2006H2-E,all,20260912,cox_slope_deviation,tabicl@t1 - tabpfn,True,-0.08929030625210249,-0.09588928534838076,-0.06701203459835373,0.0070869830570710205,0.05,200,20260905,True,True
2006H2-E,all,20260912,cox_slope_deviation,tabpfn@t1 - tabpfn,True,-0.08056605184651117,-0.08444567590097325,-0.06245282385044031,0.005333224966241013,0.05,200,20260905,True,True
2006H2-E,all,20260912,cox_slope_deviation,tabicl@t1 - tabicl,True,-0.07711397620325089,-0.08281268230246809,-0.058331406221793274,0.006613144046160891,0.05,200,20260905,True,True
2006H2-E,all,20260912,cox_slope_deviation,tabpfn@t1 - tabicl,True,-0.06838972179765956,-0.07332321406002755,-0.051638440221420744,0.005639175725473151,0.05,200,20260905,True,True
2006H2-E,all,20260912,cox_slope_deviation,tabpfn@t1 - tabicl@t1,True,0.008724254405591325,0.0010825043186821737,0.013494328057111862,0.0033175695512455234,0.05,200,20260905,True,True
2006H2-E,all,20260912,psi,scorecard,False,0.16848029437068718,0.166893384116414,0.17083674373161378,0.0011044699442896652,0.05,200,20260905,,False
2006H2-E,all,20260912,psi,gbm,False,0.1464705460367238,0.14499339398924,0.14862682535894095,0.0010093019504103572,0.05,200,20260905,,False
2006H2-E,all,20260912,psi,gbm-50k,False,0.15989997206501916,0.15847111881094122,0.16194912378366003,0.0009525390801011894,0.05,200,20260905,,False
2006H2-E,all,20260912,psi,tabpfn,False,0.18311863747928078,0.1812087310543025,0.18551408347145656,0.001111560112689971,0.05,200,20260905,,False
2006H2-E,all,20260912,psi,tabicl,False,0.1523093961085103,0.1506331626979822,0.15471635956743487,0.0010346923260249673,0.05,200,20260905,,False
2006H2-E,all,20260912,psi,tabicl@t1,False,0.1523093961085103,0.1506331626979822,0.15471635956743487,0.0010346923260249673,0.05,200,20260905,,True
2006H2-E,all,20260912,psi,tabpfn@t1,False,0.18311863747928078,0.1812087310543025,0.18551408347145656,0.001111560112689971,0.05,200,20260905,,True
2006H2-E,all,20260912,psi,gbm - scorecard,True,-0.02200974833396338,-0.023064476855124447,-0.02077753076478441,0.0006274086614865816,0.05,200,20260905,True,False
2006H2-E,all,20260912,psi,gbm-50k - scorecard,True,-0.00858032230566802,-0.010246387316658868,-0.006835691737812404,0.000856861697656761,0.05,200,20260905,True,False
2006H2-E,all,20260912,psi,tabpfn - scorecard,True,0.014638343108593604,0.013084485519267438,0.01627156916157124,0.0008304309897653113,0.05,200,20260905,True,False
2006H2-E,all,20260912,psi,tabicl - scorecard,True,-0.01617089826217688,-0.01822939101286632,-0.014365664196013789,0.000950946185793225,0.05,200,20260905,True,False
2006H2-E,all,20260912,psi,tabicl@t1 - scorecard,True,-0.01617089826217688,-0.01822939101286632,-0.014365664196013789,0.000950946185793225,0.05,200,20260905,True,True
2006H2-E,all,20260912,psi,tabpfn@t1 - scorecard,True,0.014638343108593604,0.013084485519267438,0.01627156916157124,0.0008304309897653113,0.05,200,20260905,True,True
2006H2-E,all,20260912,psi,gbm-50k - gbm,True,0.01342942602829536,0.011930430242188438,0.014935706822333292,0.0007836417092247237,0.05,200,20260905,True,False
2006H2-E,all,20260912,psi,tabpfn - gbm,True,0.036648091442556985,0.03490454939945957,0.03790828147264043,0.0007940530111591356,0.05,200,20260905,True,False
2006H2-E,all,20260912,psi,tabicl - gbm,True,0.0058388500717865,0.004190008692181301,0.0073162343159840805,0.0008719098395890453,0.05,200,20260905,True,False
2006H2-E,all,20260912,psi,tabicl@t1 - gbm,True,0.0058388500717865,0.004190008692181301,0.0073162343159840805,0.0008719098395890453,0.05,200,20260905,True,True
2006H2-E,all,20260912,psi,tabpfn@t1 - gbm,True,0.036648091442556985,0.03490454939945957,0.03790828147264043,0.0007940530111591356,0.05,200,20260905,True,True
2006H2-E,all,20260912,psi,tabpfn - gbm-50k,True,0.023218665414261624,0.02154589088280522,0.02455365723352627,0.0007950303016775276,0.05,200,20260905,True,False
2006H2-E,all,20260912,psi,tabicl - gbm-50k,True,-0.00759057595650886,-0.009162662210020975,-0.006121674595844348,0.0008413347557391589,0.05,200,20260905,True,False
2006H2-E,all,20260912,psi,tabicl@t1 - gbm-50k,True,-0.00759057595650886,-0.009162662210020975,-0.006121674595844348,0.0008413347557391589,0.05,200,20260905,True,True
2006H2-E,all,20260912,psi,tabpfn@t1 - gbm-50k,True,0.023218665414261624,0.02154589088280522,0.02455365723352627,0.0007950303016775276,0.05,200,20260905,True,True
2006H2-E,all,20260912,psi,tabicl - tabpfn,True,-0.030809241370770485,-0.03211664662174299,-0.02950689363871219,0.000708113993361412,0.05,200,20260905,True,False
2006H2-E,all,20260912,psi,tabicl@t1 - tabpfn,True,-0.030809241370770485,-0.03211664662174299,-0.02950689363871219,0.000708113993361412,0.05,200,20260905,True,True
2006H2-E,all,20260912,psi,tabpfn@t1 - tabpfn,True,0.0,0.0,0.0,0.0,0.05,200,20260905,False,True
2006H2-E,all,20260912,psi,tabicl@t1 - tabicl,True,0.0,0.0,0.0,0.0,0.05,200,20260905,False,True
2006H2-E,all,20260912,psi,tabpfn@t1 - tabicl,True,0.030809241370770485,0.02950689363871219,0.03211664662174299,0.000708113993361412,0.05,200,20260905,True,True
2006H2-E,all,20260912,psi,tabpfn@t1 - tabicl@t1,True,0.030809241370770485,0.02950689363871219,0.03211664662174299,0.000708113993361412,0.05,200,20260905,True,True
2006H2-E,all,20260913,gini,scorecard,False,0.5655710164943971,0.555366057133006,0.5757802299516044,0.005473636590623841,0.05,200,20260905,,False
2006H2-E,all,20260913,gini,gbm,False,0.5673631416933553,0.5561305655075723,0.5779285181465974,0.005366622198349677,0.05,200,20260905,,False
2006H2-E,all,20260913,gini,gbm-50k,False,0.5344594903305692,0.523795344113021,0.5450872549509111,0.005484236036105733,0.05,200,20260905,,False
2006H2-E,all,20260913,gini,tabpfn,False,0.5868770884354042,0.5759721951131817,0.595635620713388,0.005404070123749795,0.05,200,20260905,,False
2006H2-E,all,20260913,gini,tabicl,False,0.5770138550375085,0.5667075772464972,0.5866120473829513,0.005324919808770082,0.05,200,20260905,,False
2006H2-E,all,20260913,gini,tabicl@t1,False,0.5770138550375085,0.5667075772464972,0.5866120473829513,0.005324919808770082,0.05,200,20260905,,True
2006H2-E,all,20260913,gini,tabpfn@t1,False,0.5868770884354042,0.5759721951131817,0.595635620713388,0.005404070123749795,0.05,200,20260905,,True
2006H2-E,all,20260913,gini,gbm - scorecard,True,0.0017921251989582165,-0.003521160285653915,0.007965474106571523,0.002842856196687844,0.05,200,20260905,False,False
2006H2-E,all,20260913,gini,gbm-50k - scorecard,True,-0.03111152616382795,-0.039514278049255815,-0.02330733314350368,0.004065546617236346,0.05,200,20260905,True,False
2006H2-E,all,20260913,gini,tabpfn - scorecard,True,0.021306071941007088,0.015305815006261428,0.027393681308793258,0.003105328975457577,0.05,200,20260905,True,False
2006H2-E,all,20260913,gini,tabicl - scorecard,True,0.011442838543111344,0.005841833722599457,0.018717124124993188,0.0031339048735842053,0.05,200,20260905,True,False
2006H2-E,all,20260913,gini,tabicl@t1 - scorecard,True,0.011442838543111344,0.005841833722599457,0.018717124124993188,0.0031339048735842053,0.05,200,20260905,True,True
2006H2-E,all,20260913,gini,tabpfn@t1 - scorecard,True,0.021306071941007088,0.015305815006261428,0.027393681308793258,0.003105328975457577,0.05,200,20260905,True,True
2006H2-E,all,20260913,gini,gbm-50k - gbm,True,-0.03290365136278617,-0.03937656118322266,-0.028282117953501676,0.002838996441559904,0.05,200,20260905,True,False
2006H2-E,all,20260913,gini,tabpfn - gbm,True,0.01951394674204887,0.014912778251521444,0.024460826916632844,0.0024762769624392736,0.05,200,20260905,True,False
2006H2-E,all,20260913,gini,tabicl - gbm,True,0.009650713344153128,0.0036614341690035163,0.014843409601523208,0.0026511893440668947,0.05,200,20260905,True,False
2006H2-E,all,20260913,gini,tabicl@t1 - gbm,True,0.009650713344153128,0.0036614341690035163,0.014843409601523208,0.0026511893440668947,0.05,200,20260905,True,True
2006H2-E,all,20260913,gini,tabpfn@t1 - gbm,True,0.01951394674204887,0.014912778251521444,0.024460826916632844,0.0024762769624392736,0.05,200,20260905,True,True
2006H2-E,all,20260913,gini,tabpfn - gbm-50k,True,0.05241759810483504,0.04733744380849916,0.05856481078830121,0.002902726155008891,0.05,200,20260905,True,False
2006H2-E,all,20260913,gini,tabicl - gbm-50k,True,0.042554364706939296,0.036013480468891065,0.04903789601921679,0.003079379754075349,0.05,200,20260905,True,False
2006H2-E,all,20260913,gini,tabicl@t1 - gbm-50k,True,0.042554364706939296,0.036013480468891065,0.04903789601921679,0.003079379754075349,0.05,200,20260905,True,True
2006H2-E,all,20260913,gini,tabpfn@t1 - gbm-50k,True,0.05241759810483504,0.04733744380849916,0.05856481078830121,0.002902726155008891,0.05,200,20260905,True,True
2006H2-E,all,20260913,gini,tabicl - tabpfn,True,-0.009863233397895743,-0.01288690273329939,-0.006428474687461518,0.0017098631327178556,0.05,200,20260905,True,False
2006H2-E,all,20260913,gini,tabicl@t1 - tabpfn,True,-0.009863233397895743,-0.01288690273329939,-0.006428474687461518,0.0017098631327178556,0.05,200,20260905,True,True
2006H2-E,all,20260913,gini,tabpfn@t1 - tabpfn,True,0.0,0.0,0.0,0.0,0.05,200,20260905,False,True
2006H2-E,all,20260913,gini,tabicl@t1 - tabicl,True,0.0,0.0,0.0,0.0,0.05,200,20260905,False,True
2006H2-E,all,20260913,gini,tabpfn@t1 - tabicl,True,0.009863233397895743,0.006428474687461519,0.012886902733299392,0.0017098631327178556,0.05,200,20260905,True,True
2006H2-E,all,20260913,gini,tabpfn@t1 - tabicl@t1,True,0.009863233397895743,0.006428474687461519,0.012886902733299392,0.0017098631327178556,0.05,200,20260905,True,True
2006H2-E,all,20260913,abs_log_oe,scorecard,False,0.5367469256907359,0.5216812729501438,0.5685309548431995,0.012490955514029343,0.05,200,20260905,,False
2006H2-E,all,20260913,abs_log_oe,gbm,False,0.48658531505665426,0.4764546391012442,0.5193963271796022,0.01103573258816983,0.05,200,20260905,,False
2006H2-E,all,20260913,abs_log_oe,gbm-50k,False,0.4831508315710878,0.46886466627060763,0.512603107545717,0.012137094969015645,0.05,200,20260905,,False
2006H2-E,all,20260913,abs_log_oe,tabpfn,False,0.8948688997015819,0.8582166073734425,0.9175821114277904,0.015076491007870214,0.05,200,20260905,,False
2006H2-E,all,20260913,abs_log_oe,tabicl,False,0.8488560987714322,0.8120254692617307,0.8714808163188441,0.015040520613288396,0.05,200,20260905,,False
2006H2-E,all,20260913,abs_log_oe,tabicl@t1,False,0.4819958281572458,0.4718858157205051,0.5154309743323989,0.01100822041466496,0.05,200,20260905,,True
2006H2-E,all,20260913,abs_log_oe,tabpfn@t1,False,0.5025163351591154,0.4931085331921653,0.5361546828328767,0.01085800577149449,0.05,200,20260905,,True
2006H2-E,all,20260913,abs_log_oe,gbm - scorecard,True,-0.050161610634081644,-0.0663947391643376,-0.02492072204728693,0.010835756153437924,0.05,200,20260905,True,False
2006H2-E,all,20260913,abs_log_oe,gbm-50k - scorecard,True,-0.05359609411964811,-0.08494661277653025,-0.020914030166992205,0.016857270258965128,0.05,200,20260905,True,False
2006H2-E,all,20260913,abs_log_oe,tabpfn - scorecard,True,0.358121974010846,0.32127097668819254,0.366427115787495,0.012489752327925915,0.05,200,20260905,True,False
2006H2-E,all,20260913,abs_log_oe,tabicl - scorecard,True,0.3121091730806963,0.27516337165052773,0.3207277621432553,0.0124013733651968,0.05,200,20260905,True,False
2006H2-E,all,20260913,abs_log_oe,tabicl@t1 - scorecard,True,-0.05475109753349011,-0.07168614602382964,-0.023239454784283603,0.011945045757489958,0.05,200,20260905,True,True
2006H2-E,all,20260913,abs_log_oe,tabpfn@t1 - scorecard,True,-0.034230590531620475,-0.04717851096413859,-0.00957353369113309,0.009684380413164998,0.05,200,20260905,True,True
2006H2-E,all,20260913,abs_log_oe,gbm-50k - gbm,True,-0.003434483485566464,-0.025473004178860024,0.009107276164642849,0.009321552542379255,0.05,200,20260905,False,False
2006H2-E,all,20260913,abs_log_oe,tabpfn - gbm,True,0.40828358464492764,0.35633581875486814,0.4248978286079888,0.018639641218931375,0.05,200,20260905,True,False
2006H2-E,all,20260913,abs_log_oe,tabicl - gbm,True,0.36227078371477794,0.30914595062136585,0.37849174572755234,0.018560867723269866,0.05,200,20260905,True,False
2006H2-E,all,20260913,abs_log_oe,tabicl@t1 - gbm,True,-0.004589486899408468,-0.010654041956843543,0.0032486985887590267,0.0036501163971247937,0.05,200,20260905,False,True
2006H2-E,all,20260913,abs_log_oe,tabpfn@t1 - gbm,True,0.01593102010246117,0.005705395465968527,0.02729896119367458,0.005874993680459822,0.05,200,20260905,True,True
2006H2-E,all,20260913,abs_log_oe,tabpfn - gbm-50k,True,0.4117180681304941,0.35351035771806183,0.4393628304701922,0.02296706974669687,0.05,200,20260905,True,False
2006H2-E,all,20260913,abs_log_oe,tabicl - gbm-50k,True,0.3657052672003444,0.30833173642758144,0.3934885212514963,0.02287746885211094,0.05,200,20260905,True,False
2006H2-E,all,20260913,abs_log_oe,tabicl@t1 - gbm-50k,True,-0.001155003413842004,-0.011480874480990787,0.020315865642075735,0.008468068149728246,0.05,200,20260905,False,True
2006H2-E,all,20260913,abs_log_oe,tabpfn@t1 - gbm-50k,True,0.019365503588027633,0.003128797953730088,0.04467590614040073,0.011056454699340397,0.05,200,20260905,True,True
2006H2-E,all,20260913,abs_log_oe,tabicl - tabpfn,True,-0.0460128009301497,-0.04749455917349847,-0.044592451283738684,0.0009439093525894266,0.05,200,20260905,True,False
2006H2-E,all,20260913,abs_log_oe,tabicl@t1 - tabpfn,True,-0.4128730715443361,-0.4280360775201073,-0.35793418504587476,0.019089814910997246,0.05,200,20260905,True,True
2006H2-E,all,20260913,abs_log_oe,tabpfn@t1 - tabpfn,True,-0.3923525645424665,-0.40532880771501806,-0.33832856364474784,0.01717317191708046,0.05,200,20260905,True,True
2006H2-E,all,20260913,abs_log_oe,tabicl@t1 - tabicl,True,-0.3668602706141864,-0.38266496325672644,-0.31224833497511384,0.01901471775136832,0.05,200,20260905,True,True
2006H2-E,all,20260913,abs_log_oe,tabpfn@t1 - tabicl,True,-0.3463397636123168,-0.3596197746435302,-0.2926909055796902,0.017120767683140324,0.05,200,20260905,True,True
2006H2-E,all,20260913,abs_log_oe,tabpfn@t1 - tabicl@t1,True,0.020520507001869637,0.012331846454171798,0.028375261621798716,0.004347955022462775,0.05,200,20260905,True,True
2006H2-E,all,20260913,cox_slope_deviation,scorecard,False,0.18963142726547247,0.17724443121820135,0.2081379195011853,0.008808124195989482,0.05,200,20260905,,False
2006H2-E,all,20260913,cox_slope_deviation,gbm,False,0.1237112938058139,0.11640891760436238,0.1499978820764957,0.009193807614345757,0.05,200,20260905,,False
2006H2-E,all,20260913,cox_slope_deviation,gbm-50k,False,0.1318229061898742,0.12043939380327742,0.16566373565452489,0.011135759015655389,0.05,200,20260905,,False
2006H2-E,all,20260913,cox_slope_deviation,tabpfn,False,0.18356552491574005,0.17053395696846566,0.20345157283782572,0.00934954481577475,0.05,200,20260905,,False
2006H2-E,all,20260913,cox_slope_deviation,tabicl,False,0.18987866569759024,0.17782906898625175,0.21212665985233684,0.009099502281660747,0.05,200,20260905,,False
2006H2-E,all,20260913,cox_slope_deviation,tabicl@t1,False,0.12437825455771914,0.11482790542195823,0.15715338768115455,0.010553096904602653,0.05,200,20260905,,True
2006H2-E,all,20260913,cox_slope_deviation,tabpfn@t1,False,0.11184321988848535,0.1040093414161329,0.14394410555655462,0.009955205157271788,0.05,200,20260905,,True
2006H2-E,all,20260913,cox_slope_deviation,gbm - scorecard,True,-0.06592013345965857,-0.0735171612114107,-0.04376684601113625,0.007651189899500723,0.05,200,20260905,True,False
2006H2-E,all,20260913,cox_slope_deviation,gbm-50k - scorecard,True,-0.05780852107559828,-0.07179259601867306,-0.026083263532726497,0.012053395197703126,0.05,200,20260905,True,False
2006H2-E,all,20260913,cox_slope_deviation,tabpfn - scorecard,True,-0.006065902349732422,-0.019145058042608798,0.005752081696190621,0.005602200539337534,0.05,200,20260905,False,False
2006H2-E,all,20260913,cox_slope_deviation,tabicl - scorecard,True,0.00024723843211776897,-0.009486160887632883,0.01158862022832827,0.005365515948458177,0.05,200,20260905,False,False
2006H2-E,all,20260913,cox_slope_deviation,tabicl@t1 - scorecard,True,-0.06525317270775333,-0.07579653118988068,-0.03944935606729578,0.008915339145039777,0.05,200,20260905,True,True
2006H2-E,all,20260913,cox_slope_deviation,tabpfn@t1 - scorecard,True,-0.07778820737698712,-0.08517529906368013,-0.05326408954366377,0.00838966297798654,0.05,200,20260905,True,True
2006H2-E,all,20260913,cox_slope_deviation,gbm-50k - gbm,True,0.008111612384060288,-0.0072884524566051035,0.0264393876163706,0.008908383518753995,0.05,200,20260905,False,False
2006H2-E,all,20260913,cox_slope_deviation,tabpfn - gbm,True,0.059854231109926145,0.0382886446186045,0.06543724959165563,0.0075951195908444845,0.05,200,20260905,True,False
2006H2-E,all,20260913,cox_slope_deviation,tabicl - gbm,True,0.06616737189177634,0.046176521411571414,0.0735240260043386,0.007205391403062564,0.05,200,20260905,True,False
2006H2-E,all,20260913,cox_slope_deviation,tabicl@t1 - gbm,True,0.0006669607519052406,-0.00879781037179181,0.013610736828829097,0.005630103489892797,0.05,200,20260905,False,True
2006H2-E,all,20260913,cox_slope_deviation,tabpfn@t1 - gbm,True,-0.011868073917328553,-0.018896081055878058,-0.00015044298057607,0.005177444021160538,0.05,200,20260905,True,True
2006H2-E,all,20260913,cox_slope_deviation,tabpfn - gbm-50k,True,0.05174261872586586,0.021488318699073767,0.0653986696831735,0.01189051549883843,0.05,200,20260905,True,False
2006H2-E,all,20260913,cox_slope_deviation,tabicl - gbm-50k,True,0.05805575950771605,0.02898320228581993,0.0738700680418093,0.01151907010238721,0.05,200,20260905,True,False
2006H2-E,all,20260913,cox_slope_deviation,tabicl@t1 - gbm-50k,True,-0.007444651632155047,-0.023912663049641944,0.00970826139530544,0.009647435206658462,0.05,200,20260905,False,True
2006H2-E,all,20260913,cox_slope_deviation,tabpfn@t1 - gbm-50k,True,-0.01997968630138884,-0.03617588700848024,-0.0028302796774079646,0.009338714517194507,0.05,200,20260905,True,True
2006H2-E,all,20260913,cox_slope_deviation,tabicl - tabpfn,True,0.0063131407818501906,0.0018328364263218795,0.013509607611085415,0.0031606286364781,0.05,200,20260905,True,False
2006H2-E,all,20260913,cox_slope_deviation,tabicl@t1 - tabpfn,True,-0.059187270358020905,-0.06806093088965476,-0.035470596420977836,0.007822505614404913,0.05,200,20260905,True,True
2006H2-E,all,20260913,cox_slope_deviation,tabpfn@t1 - tabpfn,True,-0.0717223050272547,-0.07581733308796348,-0.04821787503668596,0.0069098015184869445,0.05,200,20260905,True,True
2006H2-E,all,20260913,cox_slope_deviation,tabicl@t1 - tabicl,True,-0.0655004111398711,-0.07423376107373725,-0.04384518410772257,0.007093665853761839,0.05,200,20260905,True,True
2006H2-E,all,20260913,cox_slope_deviation,tabpfn@t1 - tabicl,True,-0.07803544580910489,-0.08410409695152746,-0.057126361988939826,0.00692758955835495,0.05,200,20260905,True,True
2006H2-E,all,20260913,cox_slope_deviation,tabpfn@t1 - tabicl@t1,True,-0.012535034669233794,-0.018487199073930618,-0.005143874109408124,0.0037193446332343338,0.05,200,20260905,True,True
2006H2-E,all,20260913,psi,scorecard,False,0.16848029437068718,0.166893384116414,0.17083674373161378,0.0011044699442896652,0.05,200,20260905,,False
2006H2-E,all,20260913,psi,gbm,False,0.1464705460367238,0.14499339398924,0.14862682535894095,0.0010093019504103572,0.05,200,20260905,,False
2006H2-E,all,20260913,psi,gbm-50k,False,0.10040073362256743,0.09916017251806365,0.1021947636199409,0.0007837653503650439,0.05,200,20260905,,False
2006H2-E,all,20260913,psi,tabpfn,False,0.150105322689415,0.14842798398132878,0.15223154555979343,0.0010094201568696087,0.05,200,20260905,,False
2006H2-E,all,20260913,psi,tabicl,False,0.1439351006792776,0.1425133848878588,0.14598657394919826,0.0009678011767481783,0.05,200,20260905,,False
2006H2-E,all,20260913,psi,tabicl@t1,False,0.1439351006792776,0.1425133848878588,0.14598657394919826,0.0009678011767481783,0.05,200,20260905,,True
2006H2-E,all,20260913,psi,tabpfn@t1,False,0.150105322689415,0.14842798398132878,0.15223154555979343,0.0010094201568696087,0.05,200,20260905,,True
2006H2-E,all,20260913,psi,gbm - scorecard,True,-0.02200974833396338,-0.023064476855124447,-0.02077753076478441,0.0006274086614865816,0.05,200,20260905,True,False
2006H2-E,all,20260913,psi,gbm-50k - scorecard,True,-0.06807956074811974,-0.06930400205304742,-0.06643502008984813,0.0008151634473899823,0.05,200,20260905,True,False
2006H2-E,all,20260913,psi,tabpfn - scorecard,True,-0.018374971681272168,-0.019659241279443882,-0.01687193992016164,0.0006783717497954752,0.05,200,20260905,True,False
2006H2-E,all,20260913,psi,tabicl - scorecard,True,-0.02454519369140959,-0.025788092564644965,-0.02330475728407607,0.000620567938498241,0.05,200,20260905,True,False
2006H2-E,all,20260913,psi,tabicl@t1 - scorecard,True,-0.02454519369140959,-0.025788092564644965,-0.02330475728407607,0.000620567938498241,0.05,200,20260905,True,True
2006H2-E,all,20260913,psi,tabpfn@t1 - scorecard,True,-0.018374971681272168,-0.019659241279443882,-0.01687193992016164,0.0006783717497954752,0.05,200,20260905,True,True
2006H2-E,all,20260913,psi,gbm-50k - gbm,True,-0.046069812414156364,-0.04735950868619338,-0.04467583787584159,0.0006902932700445989,0.05,200,20260905,True,False
2006H2-E,all,20260913,psi,tabpfn - gbm,True,0.003634776652691213,0.0023726373644319225,0.0047773590611895145,0.0006286157065991803,0.05,200,20260905,True,False
2006H2-E,all,20260913,psi,tabicl - gbm,True,-0.002535445357446209,-0.0037651019531928552,-0.0014591109390483662,0.0006319354066107147,0.05,200,20260905,True,False
2006H2-E,all,20260913,psi,tabicl@t1 - gbm,True,-0.002535445357446209,-0.0037651019531928552,-0.0014591109390483662,0.0006319354066107147,0.05,200,20260905,True,True
2006H2-E,all,20260913,psi,tabpfn@t1 - gbm,True,0.003634776652691213,0.0023726373644319225,0.0047773590611895145,0.0006286157065991803,0.05,200,20260905,True,True
2006H2-E,all,20260913,psi,tabpfn - gbm-50k,True,0.049704589066847576,0.04818070500164379,0.05088051617884634,0.0007218618582195728,0.05,200,20260905,True,False
2006H2-E,all,20260913,psi,tabicl - gbm-50k,True,0.043534367056710155,0.04215562156177713,0.044929138864628765,0.000710046183005968,0.05,200,20260905,True,False
2006H2-E,all,20260913,psi,tabicl@t1 - gbm-50k,True,0.043534367056710155,0.04215562156177713,0.044929138864628765,0.000710046183005968,0.05,200,20260905,True,True
2006H2-E,all,20260913,psi,tabpfn@t1 - gbm-50k,True,0.049704589066847576,0.04818070500164379,0.05088051617884634,0.0007218618582195728,0.05,200,20260905,True,True
2006H2-E,all,20260913,psi,tabicl - tabpfn,True,-0.006170222010137422,-0.007142472163652486,-0.005087341835756721,0.0005300238225753168,0.05,200,20260905,True,False
2006H2-E,all,20260913,psi,tabicl@t1 - tabpfn,True,-0.006170222010137422,-0.007142472163652486,-0.005087341835756721,0.0005300238225753168,0.05,200,20260905,True,True
2006H2-E,all,20260913,psi,tabpfn@t1 - tabpfn,True,0.0,0.0,0.0,0.0,0.05,200,20260905,False,True
2006H2-E,all,20260913,psi,tabicl@t1 - tabicl,True,0.0,0.0,0.0,0.0,0.05,200,20260905,False,True
2006H2-E,all,20260913,psi,tabpfn@t1 - tabicl,True,0.006170222010137422,0.005087341835756721,0.007142472163652487,0.0005300238225753168,0.05,200,20260905,True,True
2006H2-E,all,20260913,psi,tabpfn@t1 - tabicl@t1,True,0.006170222010137422,0.005087341835756721,0.007142472163652487,0.0005300238225753168,0.05,200,20260905,True,True
