build_id,bootstrap_seed,cohorts,metric,pair,value,ci_lo,ci_hi,se,alpha,resamples,seed,excludes_zero
2015H1-R,20260905,all,gini,gbm - scorecard,0.015866504906990098,0.011244781984148687,0.020570819166251947,0.002378247334509794,0.05,200,20260905,True
2015H1-R,20260905,all,gini,gbm-50k - scorecard,0.0016891978767311078,-0.012209213224799982,0.01081827219028668,0.00720727602479141,0.05,200,20260905,False
2015H1-R,20260905,all,gini,tabpfn - scorecard,0.01943264340329942,0.008586363741624609,0.029775251807923772,0.006346896337947914,0.05,200,20260905,True
2015H1-R,20260905,all,gini,tabicl - scorecard,0.02209181902009692,0.016066887314295595,0.029235269077557344,0.0034701300883063038,0.05,200,20260905,True
2015H1-R,20260905,all,gini,tabicl@t1 - scorecard,0.02209181902009692,0.016066887314295595,0.029235269077557344,0.0034701300883063038,0.05,200,20260905,True
2015H1-R,20260905,all,gini,tabpfn@t1 - scorecard,0.019419413347017134,0.008548159829386719,0.029785277572007364,0.00635373354351499,0.05,200,20260905,True
2015H1-R,20260905,all,gini,gbm-50k - gbm,-0.01417730703025899,-0.02702676147103173,-0.005798270891677736,0.0070496794907308705,0.05,200,20260905,True
2015H1-R,20260905,all,gini,tabpfn - gbm,0.0035661384963093234,-0.006617218710401301,0.014241501452573533,0.006183535192186821,0.05,200,20260905,False
2015H1-R,20260905,all,gini,tabicl - gbm,0.006225314113106821,0.0005553932996035002,0.012305089801381421,0.003127440876874841,0.05,200,20260905,True
2015H1-R,20260905,all,gini,tabicl@t1 - gbm,0.006225314113106821,0.0005553932996035002,0.012305089801381421,0.003127440876874841,0.05,200,20260905,True
2015H1-R,20260905,all,gini,tabpfn@t1 - gbm,0.003552908440027036,-0.006621505125375773,0.014244069444726259,0.006190318626733636,0.05,200,20260905,False
2015H1-R,20260905,all,gini,tabpfn - gbm-50k,0.017743445526568313,0.009337733073775329,0.02477864138038851,0.004642613793930574,0.05,200,20260905,True
2015H1-R,20260905,all,gini,tabicl - gbm-50k,0.02040262114336581,0.012364222708170067,0.03081881961618185,0.00577505557457466,0.05,200,20260905,True
2015H1-R,20260905,all,gini,tabicl@t1 - gbm-50k,0.02040262114336581,0.012364222708170067,0.03081881961618185,0.00577505557457466,0.05,200,20260905,True
2015H1-R,20260905,all,gini,tabpfn@t1 - gbm-50k,0.017730215470286026,0.009322928312755148,0.02476040082107654,0.0046443524252479185,0.05,200,20260905,True
2015H1-R,20260905,all,gini,tabicl - tabpfn,0.002659175616797497,-0.003366914516002821,0.008766538583079365,0.0037435321221143025,0.05,200,20260905,False
2015H1-R,20260905,all,gini,tabicl@t1 - tabpfn,0.002659175616797497,-0.003366914516002821,0.008766538583079365,0.0037435321221143025,0.05,200,20260905,False
2015H1-R,20260905,all,gini,tabpfn@t1 - tabpfn,-1.323005628228735e-05,-3.557915502958309e-05,6.793738889397669e-06,1.082547403878456e-05,0.05,200,20260905,False
2015H1-R,20260905,all,gini,tabicl@t1 - tabicl,0.0,0.0,0.0,0.0,0.05,200,20260905,False
2015H1-R,20260905,all,gini,tabpfn@t1 - tabicl,-0.0026724056730797843,-0.008807696317954358,0.0033698362609340823,0.003750952666061412,0.05,200,20260905,False
2015H1-R,20260905,all,gini,tabpfn@t1 - tabicl@t1,-0.0026724056730797843,-0.008807696317954358,0.0033698362609340823,0.003750952666061412,0.05,200,20260905,False
2015H1-R,20260905,all,abs_log_oe,gbm - scorecard,-0.028347301782085166,-0.029668796979079527,-0.02707437611372267,0.0006611375299874118,0.05,200,20260905,True
2015H1-R,20260905,all,abs_log_oe,gbm-50k - scorecard,-0.002786125103426962,-0.010029691104876396,0.0061460957941548875,0.005984930863691202,0.05,200,20260905,False
2015H1-R,20260905,all,abs_log_oe,tabpfn - scorecard,0.35256973389533314,0.3307203027001998,0.3786816856363106,0.01856506515720761,0.05,200,20260905,True
2015H1-R,20260905,all,abs_log_oe,tabicl - scorecard,0.2497472330250464,0.2187548890927444,0.2789018963793472,0.02317366154399245,0.05,200,20260905,True
2015H1-R,20260905,all,abs_log_oe,tabicl@t1 - scorecard,-0.11568298271916327,-0.1367761218755762,-0.09527626930098845,0.015973980123266823,0.05,200,20260905,True
2015H1-R,20260905,all,abs_log_oe,tabpfn@t1 - scorecard,-0.026223848973300174,-0.04123532384199521,-0.008435293072916288,0.012569361720961037,0.05,200,20260905,True
2015H1-R,20260905,all,abs_log_oe,gbm-50k - gbm,0.025561176678658204,0.018161260460100578,0.03458423891267664,0.005927508542503464,0.05,200,20260905,True
2015H1-R,20260905,all,abs_log_oe,tabpfn - gbm,0.3809170356774183,0.3592900542110985,0.40680439322757767,0.01851548264336812,0.05,200,20260905,True
2015H1-R,20260905,all,abs_log_oe,tabicl - gbm,0.27809453480713153,0.24768286643642692,0.3069838833001494,0.023139171275389725,0.05,200,20260905,True
2015H1-R,20260905,all,abs_log_oe,tabicl@t1 - gbm,-0.08733568093707811,-0.10834995666634302,-0.06716857612293406,0.015938379944430724,0.05,200,20260905,True
2015H1-R,20260905,all,abs_log_oe,tabpfn@t1 - gbm,0.0021234528087849904,-0.012819796121049507,0.019814109927837074,0.012520354837586088,0.05,200,20260905,False
2015H1-R,20260905,all,abs_log_oe,tabpfn - gbm-50k,0.35535585899876015,0.3398948842206828,0.373382254916622,0.012643274796352785,0.05,200,20260905,True
2015H1-R,20260905,all,abs_log_oe,tabicl - gbm-50k,0.2525333581284734,0.22803586776267307,0.27355372346459,0.017445786330490938,0.05,200,20260905,True
2015H1-R,20260905,all,abs_log_oe,tabicl@t1 - gbm-50k,-0.11289685761573631,-0.12748876698403416,-0.10060304506604728,0.010256800086742596,0.05,200,20260905,True
2015H1-R,20260905,all,abs_log_oe,tabpfn@t1 - gbm-50k,-0.023437723869873212,-0.03191651519181538,-0.013662410232033738,0.0066589778846036125,0.05,200,20260905,True
2015H1-R,20260905,all,abs_log_oe,tabicl - tabpfn,-0.10282250087028677,-0.11214767101810967,-0.09627927317926907,0.006476458947108767,0.05,200,20260905,True
2015H1-R,20260905,all,abs_log_oe,tabicl@t1 - tabpfn,-0.46825271661449647,-0.4744353350872995,-0.4624352257070309,0.004391517902860386,0.05,200,20260905,True
2015H1-R,20260905,all,abs_log_oe,tabpfn@t1 - tabpfn,-0.37879358286863335,-0.38728123158667727,-0.3718652400062271,0.006005915517923909,0.05,200,20260905,True
2015H1-R,20260905,all,abs_log_oe,tabicl@t1 - tabicl,-0.3654302157442097,-0.37423490187438485,-0.3557122662800444,0.007209572991024785,0.05,200,20260905,True
2015H1-R,20260905,all,abs_log_oe,tabpfn@t1 - tabicl,-0.2759710819983466,-0.28773454626770006,-0.2599723545710832,0.0111818912282183,0.05,200,20260905,True
2015H1-R,20260905,all,abs_log_oe,tabpfn@t1 - tabicl@t1,0.0894591337458631,0.08542624350138772,0.09595881039188825,0.0043692535994508935,0.05,200,20260905,True
2015H1-R,20260905,all,cox_slope_deviation,gbm - scorecard,0.007215647322173668,-0.01579985030931323,0.019899427483890196,0.009417488355947164,0.05,200,20260905,False
2015H1-R,20260905,all,cox_slope_deviation,gbm-50k - scorecard,0.04681331458097728,-0.01100233975335327,0.0755403647091521,0.025496099617983426,0.05,200,20260905,False
2015H1-R,20260905,all,cox_slope_deviation,tabpfn - scorecard,0.0510359732418015,-0.022882540882486098,0.10768687012868224,0.04135621118873316,0.05,200,20260905,False
2015H1-R,20260905,all,cox_slope_deviation,tabicl - scorecard,0.07191547766304493,-0.020775643870788393,0.15566792864814685,0.05433133114955087,0.05,200,20260905,False
2015H1-R,20260905,all,cox_slope_deviation,tabicl@t1 - scorecard,0.022612469579698976,-0.02648145084848032,0.06765452430653769,0.023741025596683063,0.05,200,20260905,False
2015H1-R,20260905,all,cox_slope_deviation,tabpfn@t1 - scorecard,0.02238415065403565,-0.028404386569001076,0.07169800846086981,0.02939230135495852,0.05,200,20260905,False
2015H1-R,20260905,all,cox_slope_deviation,gbm-50k - gbm,0.03959766725880361,-0.027050938900089003,0.06603082310979748,0.02467809212053466,0.05,200,20260905,False
2015H1-R,20260905,all,cox_slope_deviation,tabpfn - gbm,0.04382032591962783,-0.025668203162304764,0.10436105026618368,0.042028496394909416,0.05,200,20260905,False
2015H1-R,20260905,all,cox_slope_deviation,tabicl - gbm,0.06469983034087126,-0.029480540257144458,0.14809637489502236,0.05517371459071422,0.05,200,20260905,False
2015H1-R,20260905,all,cox_slope_deviation,tabicl@t1 - gbm,0.015396822257525306,-0.03405152810861112,0.06259994560728023,0.024785649225552694,0.05,200,20260905,False
2015H1-R,20260905,all,cox_slope_deviation,tabpfn@t1 - gbm,0.015168503331861982,-0.04016605782747504,0.06531546274668305,0.029928606499875308,0.05,200,20260905,False
2015H1-R,20260905,all,cox_slope_deviation,tabpfn - gbm-50k,0.004222658660824223,-0.08222068107401682,0.06648228841170802,0.048794840404794614,0.05,200,20260905,False
2015H1-R,20260905,all,cox_slope_deviation,tabicl - gbm-50k,0.02510216308206765,-0.09006973124961945,0.11065165773316268,0.05612433940164963,0.05,200,20260905,False
2015H1-R,20260905,all,cox_slope_deviation,tabicl@t1 - gbm-50k,-0.0242008450012783,-0.05799624704090758,0.02407645061627031,0.02158996078848354,0.05,200,20260905,False
2015H1-R,20260905,all,cox_slope_deviation,tabpfn@t1 - gbm-50k,-0.024429163926941624,-0.08246933849321453,0.01180774302289652,0.02637900119598818,0.05,200,20260905,False
2015H1-R,20260905,all,cox_slope_deviation,tabicl - tabpfn,0.020879504421243433,-0.007077914498672844,0.05061719538568859,0.021155488110884902,0.05,200,20260905,False
2015H1-R,20260905,all,cox_slope_deviation,tabicl@t1 - tabpfn,-0.028423503662102525,-0.07821881757853166,0.032754140449357365,0.03464215963646618,0.05,200,20260905,False
2015H1-R,20260905,all,cox_slope_deviation,tabpfn@t1 - tabpfn,-0.028651822587765847,-0.0913671977751266,0.08405861204170573,0.06269632148545397,0.05,200,20260905,False
2015H1-R,20260905,all,cox_slope_deviation,tabicl@t1 - tabicl,-0.04930300808334596,-0.08995043723156522,0.03828737181434531,0.04195944585383363,0.05,200,20260905,False
2015H1-R,20260905,all,cox_slope_deviation,tabpfn@t1 - tabicl,-0.04953132700900928,-0.1382263636993468,0.0871284264073603,0.07377002700229478,0.05,200,20260905,False
2015H1-R,20260905,all,cox_slope_deviation,tabpfn@t1 - tabicl@t1,-0.00022831892566332426,-0.05027685678283649,0.05685317049768762,0.0333170339399219,0.05,200,20260905,False
2015H1-R,20260905,all,psi,gbm - scorecard,-0.006697643773835929,-0.0074008715046227,-0.005891473891644577,0.000386265517985916,0.05,200,20260905,True
2015H1-R,20260905,all,psi,gbm-50k - scorecard,-0.005321420672337843,-0.014925010097135639,0.005327528150489737,0.007911811521066887,0.05,200,20260905,False
2015H1-R,20260905,all,psi,tabpfn - scorecard,-0.0099752491750096,-0.01534798620992416,-0.004106019958246356,0.004081500447484887,0.05,200,20260905,True
2015H1-R,20260905,all,psi,tabicl - scorecard,-0.01852080831451171,-0.021296564614083552,-0.016385375855355,0.0014584763000410803,0.05,200,20260905,True
2015H1-R,20260905,all,psi,tabicl@t1 - scorecard,-0.01852080831451171,-0.021296564614083552,-0.016385375855355,0.0014584763000410803,0.05,200,20260905,True
2015H1-R,20260905,all,psi,tabpfn@t1 - scorecard,-0.009927240349626977,-0.015289366390550448,-0.004035592005306376,0.004076995367729225,0.05,200,20260905,True
2015H1-R,20260905,all,psi,gbm-50k - gbm,0.001376223101498086,-0.008110156855008668,0.011980829053876518,0.007883381734485856,0.05,200,20260905,False
2015H1-R,20260905,all,psi,tabpfn - gbm,-0.003277605401173672,-0.008518237820885703,0.002428757919852333,0.004101562788849293,0.05,200,20260905,False
2015H1-R,20260905,all,psi,tabicl - gbm,-0.011823164540675779,-0.014344109707019789,-0.009694120165946474,0.0013930481089498008,0.05,200,20260905,True
2015H1-R,20260905,all,psi,tabicl@t1 - gbm,-0.011823164540675779,-0.014344109707019789,-0.009694120165946474,0.0013930481089498008,0.05,200,20260905,True
2015H1-R,20260905,all,psi,tabpfn@t1 - gbm,-0.0032295965757910485,-0.008473421198966201,0.00247212144062374,0.00409700377888527,0.05,200,20260905,False
2015H1-R,20260905,all,psi,tabpfn - gbm-50k,-0.004653828502671758,-0.009994770884079959,0.004166484705973331,0.005984029525067642,0.05,200,20260905,False
2015H1-R,20260905,all,psi,tabicl - gbm-50k,-0.013199387642173864,-0.022652329644864765,-0.005163188085463667,0.006692986293972384,0.05,200,20260905,True
2015H1-R,20260905,all,psi,tabicl@t1 - gbm-50k,-0.013199387642173864,-0.022652329644864765,-0.005163188085463667,0.006692986293972384,0.05,200,20260905,True
2015H1-R,20260905,all,psi,tabpfn@t1 - gbm-50k,-0.004605819677289134,-0.009964081842636124,0.00418947140107653,0.00597824858198378,0.05,200,20260905,False
2015H1-R,20260905,all,psi,tabicl - tabpfn,-0.008545559139502107,-0.012970348134422317,-0.0029580994564333035,0.0036269627296320883,0.05,200,20260905,True
2015H1-R,20260905,all,psi,tabicl@t1 - tabpfn,-0.008545559139502107,-0.012970348134422317,-0.0029580994564333035,0.0036269627296320883,0.05,200,20260905,True
2015H1-R,20260905,all,psi,tabpfn@t1 - tabpfn,4.800882538262321e-05,9.115991266812548e-06,8.515878775215303e-05,1.886921534175172e-05,0.05,200,20260905,True
2015H1-R,20260905,all,psi,tabicl@t1 - tabicl,0.0,0.0,0.0,0.0,0.05,200,20260905,False
2015H1-R,20260905,all,psi,tabpfn@t1 - tabicl,0.008593567964884731,0.003052586708347779,0.01303649296214137,0.003620428471164869,0.05,200,20260905,True
2015H1-R,20260905,all,psi,tabpfn@t1 - tabicl@t1,0.008593567964884731,0.003052586708347779,0.01303649296214137,0.003620428471164869,0.05,200,20260905,True
2015H1-R,20260905,nearest,gini,gbm - scorecard,0.010393447160524871,0.002604939924587371,0.01929990897479357,0.004316178864724037,0.05,200,20260905,True
2015H1-R,20260905,nearest,gini,gbm-50k - scorecard,-0.0011583690172430143,-0.020515338974077656,0.011312997623995522,0.008415833563563116,0.05,200,20260905,False
2015H1-R,20260905,nearest,gini,tabpfn - scorecard,0.011779335467333155,-0.0029924160244647236,0.022969910399452682,0.0065952674506828445,0.05,200,20260905,False
2015H1-R,20260905,nearest,gini,tabicl - scorecard,0.017269999991009404,0.006220975824243172,0.02583192829814858,0.00482393371131914,0.05,200,20260905,True
2015H1-R,20260905,nearest,gini,tabicl@t1 - scorecard,0.017269999991009404,0.006220975824243172,0.02583192829814858,0.00482393371131914,0.05,200,20260905,True
2015H1-R,20260905,nearest,gini,tabpfn@t1 - scorecard,0.011767030916092805,-0.0030197861506216076,0.022960849999442007,0.006601289262973912,0.05,200,20260905,False
2015H1-R,20260905,nearest,gini,gbm-50k - gbm,-0.011551816177767885,-0.028113466336580246,0.001904913692280757,0.008411487321788896,0.05,200,20260905,False
2015H1-R,20260905,nearest,gini,tabpfn - gbm,0.0013858883068082843,-0.011984926036511552,0.0111395756027731,0.00624608797924659,0.05,200,20260905,False
2015H1-R,20260905,nearest,gini,tabicl - gbm,0.006876552830484532,-0.0028870116094582244,0.014535623478241961,0.004315394853558459,0.05,200,20260905,False
2015H1-R,20260905,nearest,gini,tabicl@t1 - gbm,0.006876552830484532,-0.0028870116094582244,0.014535623478241961,0.004315394853558459,0.05,200,20260905,False
2015H1-R,20260905,nearest,gini,tabpfn@t1 - gbm,0.0013735837555679347,-0.012003222957111408,0.011127840562215765,0.006251779119314251,0.05,200,20260905,False
2015H1-R,20260905,nearest,gini,tabpfn - gbm-50k,0.01293770448457617,0.0007501861762522962,0.02446018582890009,0.006506856749582036,0.05,200,20260905,True
2015H1-R,20260905,nearest,gini,tabicl - gbm-50k,0.018428369008252416,0.004927482742254137,0.031017247266975898,0.0072920405496736075,0.05,200,20260905,True
2015H1-R,20260905,nearest,gini,tabicl@t1 - gbm-50k,0.018428369008252416,0.004927482742254137,0.031017247266975898,0.0072920405496736075,0.05,200,20260905,True
2015H1-R,20260905,nearest,gini,tabpfn@t1 - gbm-50k,0.01292539993333582,0.0007523833521448644,0.024425653821508506,0.00650706147235854,0.05,200,20260905,True
2015H1-R,20260905,nearest,gini,tabicl - tabpfn,0.0054906645236762475,-0.000855056353042395,0.013639458091028083,0.0036763550797992385,0.05,200,20260905,False
2015H1-R,20260905,nearest,gini,tabicl@t1 - tabpfn,0.0054906645236762475,-0.000855056353042395,0.013639458091028083,0.0036763550797992385,0.05,200,20260905,False
2015H1-R,20260905,nearest,gini,tabpfn@t1 - tabpfn,-1.2304551240349682e-05,-5.049867922812118e-05,1.7572781416155832e-05,1.6919817876322933e-05,0.05,200,20260905,False
2015H1-R,20260905,nearest,gini,tabicl@t1 - tabicl,0.0,0.0,0.0,0.0,0.05,200,20260905,False
2015H1-R,20260905,nearest,gini,tabpfn@t1 - tabicl,-0.005502969074916597,-0.013652148533579541,0.000877720410286405,0.0036832663327012673,0.05,200,20260905,False
2015H1-R,20260905,nearest,gini,tabpfn@t1 - tabicl@t1,-0.005502969074916597,-0.013652148533579541,0.000877720410286405,0.0036832663327012673,0.05,200,20260905,False
2015H1-R,20260905,nearest,abs_log_oe,gbm - scorecard,-0.021702344419231023,-0.024144139851980113,-0.01889752150825083,0.0013888544479119798,0.05,200,20260905,True
2015H1-R,20260905,nearest,abs_log_oe,gbm-50k - scorecard,-0.003640662406594164,-0.022209347606894872,0.008684627867533403,0.012225169285178994,0.05,200,20260905,False
2015H1-R,20260905,nearest,abs_log_oe,tabpfn - scorecard,0.36824888485135454,0.33799581488743874,0.3918942813436906,0.020645876854657186,0.05,200,20260905,True
2015H1-R,20260905,nearest,abs_log_oe,tabicl - scorecard,0.26545849277336986,0.22815826849767723,0.28949267450717964,0.025184989962332,0.05,200,20260905,True
2015H1-R,20260905,nearest,abs_log_oe,tabicl@t1 - scorecard,-0.09732620905398898,-0.12392823165943226,-0.08149092701326033,0.017823022077284596,0.05,200,20260905,True
2015H1-R,20260905,nearest,abs_log_oe,tabpfn@t1 - scorecard,-0.007750458183552429,-0.030081063904369834,0.007369552469806908,0.014719506819533743,0.05,200,20260905,False
2015H1-R,20260905,nearest,abs_log_oe,gbm-50k - gbm,0.01806168201263686,-0.0004978020594013545,0.029310417302036845,0.012242446154626012,0.05,200,20260905,False
2015H1-R,20260905,nearest,abs_log_oe,tabpfn - gbm,0.38995122927058556,0.3602015441139826,0.4130684550084509,0.020636023342943104,0.05,200,20260905,True
2015H1-R,20260905,nearest,abs_log_oe,tabicl - gbm,0.2871608371926009,0.25018256522486243,0.31082475360627065,0.025196254463858737,0.05,200,20260905,True
2015H1-R,20260905,nearest,abs_log_oe,tabicl@t1 - gbm,-0.07562386463475795,-0.10198364519550068,-0.06032041962167235,0.017840797468582838,0.05,200,20260905,True
2015H1-R,20260905,nearest,abs_log_oe,tabpfn@t1 - gbm,0.013951886235678593,-0.007752590445501946,0.028871415761139788,0.014719304622297147,0.05,200,20260905,False
2015H1-R,20260905,nearest,abs_log_oe,tabpfn - gbm-50k,0.37188954725794865,0.35841529550436224,0.38764245394167385,0.010218596561594944,0.05,200,20260905,True
2015H1-R,20260905,nearest,abs_log_oe,tabicl - gbm-50k,0.26909915517996397,0.2485010598688549,0.28530432853629556,0.0135482550939785,0.05,200,20260905,True
2015H1-R,20260905,nearest,abs_log_oe,tabicl@t1 - gbm-50k,-0.09368554664739481,-0.10373785248113088,-0.08597615982947956,0.006054792922134084,0.05,200,20260905,True
2015H1-R,20260905,nearest,abs_log_oe,tabpfn@t1 - gbm-50k,-0.004109795776958265,-0.00999528062012122,0.00320842743966332,0.00414019604915233,0.05,200,20260905,False
2015H1-R,20260905,nearest,abs_log_oe,tabicl - tabpfn,-0.10279039207798468,-0.11100197141081522,-0.09507808759736915,0.005777697720922408,0.05,200,20260905,True
2015H1-R,20260905,nearest,abs_log_oe,tabicl@t1 - tabpfn,-0.4655750939053435,-0.4739094100993542,-0.4596366762405013,0.005335517005264847,0.05,200,20260905,True
2015H1-R,20260905,nearest,abs_log_oe,tabpfn@t1 - tabpfn,-0.37599934303490695,-0.3846644717995739,-0.3677066678373703,0.006346908557884687,0.05,200,20260905,True
2015H1-R,20260905,nearest,abs_log_oe,tabicl@t1 - tabicl,-0.36278470182735884,-0.3714662073377983,-0.35189810281875356,0.007572878131760423,0.05,200,20260905,True
2015H1-R,20260905,nearest,abs_log_oe,tabpfn@t1 - tabicl,-0.27320895095692227,-0.28292404740655375,-0.25698229057616845,0.010527596949446332,0.05,200,20260905,True
2015H1-R,20260905,nearest,abs_log_oe,tabpfn@t1 - tabicl@t1,0.08957575087043655,0.08456472613621775,0.09512209427640254,0.0036142834514517547,0.05,200,20260905,True
2015H1-R,20260905,nearest,cox_slope_deviation,gbm - scorecard,0.034417326032773074,-0.0049218348056843594,0.058398449713680675,0.01671722673813413,0.05,200,20260905,False
2015H1-R,20260905,nearest,cox_slope_deviation,gbm-50k - scorecard,0.04338310384291538,-0.08608930096944846,0.11986439996058325,0.06772054340505432,0.05,200,20260905,False
2015H1-R,20260905,nearest,cox_slope_deviation,tabpfn - scorecard,-0.002930733879374594,-0.07769450474153983,0.09549321406561063,0.04620487647543052,0.05,200,20260905,False
2015H1-R,20260905,nearest,cox_slope_deviation,tabicl - scorecard,-0.0053712358202528355,-0.09089209762791615,0.13532390107149947,0.060293261642676635,0.05,200,20260905,False
2015H1-R,20260905,nearest,cox_slope_deviation,tabicl@t1 - scorecard,-0.010798019663836178,-0.09573481207501097,0.06090396806872019,0.04559575826309068,0.05,200,20260905,False
2015H1-R,20260905,nearest,cox_slope_deviation,tabpfn@t1 - scorecard,-0.00731017444993461,-0.0890475324419539,0.11173449168134474,0.06381057677679636,0.05,200,20260905,False
2015H1-R,20260905,nearest,cox_slope_deviation,gbm-50k - gbm,0.008965777810142314,-0.11540574606725143,0.08919895318720894,0.06814238809000299,0.05,200,20260905,False
2015H1-R,20260905,nearest,cox_slope_deviation,tabpfn - gbm,-0.03734805991214767,-0.12753437041743518,0.07517974461286837,0.04994973695891322,0.05,200,20260905,False
2015H1-R,20260905,nearest,cox_slope_deviation,tabicl - gbm,-0.03978856185302591,-0.12160931856955043,0.11379093183973647,0.06448174819146353,0.05,200,20260905,False
2015H1-R,20260905,nearest,cox_slope_deviation,tabicl@t1 - gbm,-0.04521534569660925,-0.1319627877396398,0.026604603410304666,0.046705748349524984,0.05,200,20260905,False
2015H1-R,20260905,nearest,cox_slope_deviation,tabpfn@t1 - gbm,-0.04172750048270768,-0.11747106380647933,0.06958239143861565,0.06411702786154433,0.05,200,20260905,False
2015H1-R,20260905,nearest,cox_slope_deviation,tabpfn - gbm-50k,-0.046313837722289974,-0.16373904384325244,0.07468953650869245,0.07792821243260124,0.05,200,20260905,False
2015H1-R,20260905,nearest,cox_slope_deviation,tabicl - gbm-50k,-0.04875433966316822,-0.17691998521083416,0.06474649492467671,0.08014493242743166,0.05,200,20260905,False
2015H1-R,20260905,nearest,cox_slope_deviation,tabicl@t1 - gbm-50k,-0.05418112350675156,-0.18783977259288798,0.03639816627525299,0.06565512204515862,0.05,200,20260905,False
2015H1-R,20260905,nearest,cox_slope_deviation,tabpfn@t1 - gbm-50k,-0.05069327829285,-0.1798742209824348,0.03383795144428933,0.07250313689426095,0.05,200,20260905,False
2015H1-R,20260905,nearest,cox_slope_deviation,tabicl - tabpfn,-0.002440501940878241,-0.04769647576551709,0.049783756567611456,0.03099415913124227,0.05,200,20260905,False
2015H1-R,20260905,nearest,cox_slope_deviation,tabicl@t1 - tabpfn,-0.00786728578446158,-0.08618766988995952,0.07395835661480679,0.05268132313950075,0.05,200,20260905,False
2015H1-R,20260905,nearest,cox_slope_deviation,tabpfn@t1 - tabpfn,-0.004379440570560019,-0.09609669659458597,0.12268801115311032,0.07773314216261609,0.05,200,20260905,False
2015H1-R,20260905,nearest,cox_slope_deviation,tabicl@t1 - tabicl,-0.0054267838435833465,-0.09619096887478693,0.11636418463312347,0.07568021509544819,0.05,200,20260905,False
2015H1-R,20260905,nearest,cox_slope_deviation,tabpfn@t1 - tabicl,-0.00193893862968178,-0.13758542193643608,0.1687022630906749,0.10108422583251563,0.05,200,20260905,False
2015H1-R,20260905,nearest,cox_slope_deviation,tabpfn@t1 - tabicl@t1,0.0034878452139015643,-0.0449582373994555,0.05757820227600993,0.030111105792162123,0.05,200,20260905,False
2015H1-R,20260905,nearest,psi,gbm - scorecard,-0.0022108252701800966,-0.003391045475023014,-0.0010031314425595413,0.0006005592631009681,0.05,200,20260905,True
2015H1-R,20260905,nearest,psi,gbm-50k - scorecard,-0.006627712454303443,-0.010170190934946845,-0.0021662457847126215,0.002667840714077033,0.05,200,20260905,True
2015H1-R,20260905,nearest,psi,tabpfn - scorecard,0.0011449633047052096,-0.011303730742126995,0.008864696302382416,0.007900258974960507,0.05,200,20260905,False
2015H1-R,20260905,nearest,psi,tabicl - scorecard,-0.012731486229881588,-0.01773066454330733,-0.005902170680843463,0.003979633509715246,0.05,200,20260905,True
2015H1-R,20260905,nearest,psi,tabicl@t1 - scorecard,-0.012731486229881588,-0.01773066454330733,-0.005902170680843463,0.003979633509715246,0.05,200,20260905,True
2015H1-R,20260905,nearest,psi,tabpfn@t1 - scorecard,0.0012185092675667537,-0.011189833209957489,0.008907591948890783,0.007882027055454205,0.05,200,20260905,False
2015H1-R,20260905,nearest,psi,gbm-50k - gbm,-0.004416887184123346,-0.007766669198134515,0.0002501518300039847,0.0026624966133976173,0.05,200,20260905,False
2015H1-R,20260905,nearest,psi,tabpfn - gbm,0.003355788574885306,-0.009115025598362506,0.010818076030038782,0.007859308999527378,0.05,200,20260905,False
2015H1-R,20260905,nearest,psi,tabicl - gbm,-0.010520660959701493,-0.015659556669484136,-0.003933486311343678,0.003971308419738352,0.05,200,20260905,True
2015H1-R,20260905,nearest,psi,tabicl@t1 - gbm,-0.010520660959701493,-0.015659556669484136,-0.003933486311343678,0.003971308419738352,0.05,200,20260905,True
2015H1-R,20260905,nearest,psi,tabpfn@t1 - gbm,0.00342933453774685,-0.009053213197822109,0.010877272939619027,0.007840834208720782,0.05,200,20260905,False
2015H1-R,20260905,nearest,psi,tabpfn - gbm-50k,0.007772675759008652,-0.0024818242146380305,0.0152332884678121,0.006690052382827957,0.05,200,20260905,False
2015H1-R,20260905,nearest,psi,tabicl - gbm-50k,-0.006103773775578146,-0.008778975975828851,-0.00307994438209203,0.0016112243830671842,0.05,200,20260905,True
2015H1-R,20260905,nearest,psi,tabicl@t1 - gbm-50k,-0.006103773775578146,-0.008778975975828851,-0.00307994438209203,0.0016112243830671842,0.05,200,20260905,True
2015H1-R,20260905,nearest,psi,tabpfn@t1 - gbm-50k,0.007846221721870196,-0.0023719124545371704,0.015259146713044227,0.006670788844711629,0.05,200,20260905,False
2015H1-R,20260905,nearest,psi,tabicl - tabpfn,-0.0138764495345868,-0.023346311459167764,-0.0034961024660157083,0.006932281282942891,0.05,200,20260905,True
2015H1-R,20260905,nearest,psi,tabicl@t1 - tabpfn,-0.0138764495345868,-0.023346311459167764,-0.0034961024660157083,0.006932281282942891,0.05,200,20260905,True
2015H1-R,20260905,nearest,psi,tabpfn@t1 - tabpfn,7.354596286154406e-05,-1.2865072443577792e-05,0.00014294834950502448,4.211062124688801e-05,0.05,200,20260905,False
2015H1-R,20260905,nearest,psi,tabicl@t1 - tabicl,0.0,0.0,0.0,0.0,0.05,200,20260905,False
2015H1-R,20260905,nearest,psi,tabpfn@t1 - tabicl,0.013949995497448344,0.003566592120638668,0.02332206959636775,0.006913432951691217,0.05,200,20260905,True
2015H1-R,20260905,nearest,psi,tabpfn@t1 - tabicl@t1,0.013949995497448344,0.003566592120638668,0.02332206959636775,0.006913432951691217,0.05,200,20260905,True
2015H1-R,20260905,"all, cohorts resampled",gini,gbm - scorecard,0.015866504906990098,0.007797678001170719,0.024082134998991377,0.0040190400678280684,0.05,200,20260905,True
2015H1-R,20260905,"all, cohorts resampled",gini,gbm-50k - scorecard,0.0016891978767311078,-0.012995795135699557,0.011273755746198296,0.007317408790689832,0.05,200,20260905,False
2015H1-R,20260905,"all, cohorts resampled",gini,tabpfn - scorecard,0.01943264340329942,0.008366237025929282,0.034169169250544466,0.007259899154377363,0.05,200,20260905,True
2015H1-R,20260905,"all, cohorts resampled",gini,tabicl - scorecard,0.02209181902009692,0.014318409933659423,0.03219584691726573,0.004530239751015045,0.05,200,20260905,True
2015H1-R,20260905,"all, cohorts resampled",gini,tabicl@t1 - scorecard,0.02209181902009692,0.014318409933659423,0.03219584691726573,0.004530239751015045,0.05,200,20260905,True
2015H1-R,20260905,"all, cohorts resampled",gini,tabpfn@t1 - scorecard,0.019419413347017134,0.00833271949745022,0.03415409520868333,0.007266218207410637,0.05,200,20260905,True
2015H1-R,20260905,"all, cohorts resampled",gini,gbm-50k - gbm,-0.01417730703025899,-0.027751070883235432,-0.004784022848311879,0.00701488523736061,0.05,200,20260905,True
2015H1-R,20260905,"all, cohorts resampled",gini,tabpfn - gbm,0.0035661384963093234,-0.006496369310274889,0.017243767694676147,0.006579314285133409,0.05,200,20260905,False
2015H1-R,20260905,"all, cohorts resampled",gini,tabicl - gbm,0.006225314113106821,0.0004942420141880997,0.012753188143178629,0.003563161628275889,0.05,200,20260905,True
2015H1-R,20260905,"all, cohorts resampled",gini,tabicl@t1 - gbm,0.006225314113106821,0.0004942420141880997,0.012753188143178629,0.003563161628275889,0.05,200,20260905,True
2015H1-R,20260905,"all, cohorts resampled",gini,tabpfn@t1 - gbm,0.003552908440027036,-0.00651134081930564,0.017243391249456664,0.006585391909294814,0.05,200,20260905,False
2015H1-R,20260905,"all, cohorts resampled",gini,tabpfn - gbm-50k,0.017743445526568313,0.006530927769659337,0.02751386675048931,0.005930295734226862,0.05,200,20260905,True
2015H1-R,20260905,"all, cohorts resampled",gini,tabicl - gbm-50k,0.02040262114336581,0.010514037273485155,0.031367626238657936,0.0061245151399587335,0.05,200,20260905,True
2015H1-R,20260905,"all, cohorts resampled",gini,tabicl@t1 - gbm-50k,0.02040262114336581,0.010514037273485155,0.031367626238657936,0.0061245151399587335,0.05,200,20260905,True
2015H1-R,20260905,"all, cohorts resampled",gini,tabpfn@t1 - gbm-50k,0.017730215470286026,0.006510462368393049,0.02749726362228566,0.005932509572294596,0.05,200,20260905,True
2015H1-R,20260905,"all, cohorts resampled",gini,tabicl - tabpfn,0.002659175616797497,-0.00459078662141969,0.009594539324337315,0.003996602979611907,0.05,200,20260905,False
2015H1-R,20260905,"all, cohorts resampled",gini,tabicl@t1 - tabpfn,0.002659175616797497,-0.00459078662141969,0.009594539324337315,0.003996602979611907,0.05,200,20260905,False
2015H1-R,20260905,"all, cohorts resampled",gini,tabpfn@t1 - tabpfn,-1.323005628228735e-05,-3.3087821480198844e-05,9.736816259062203e-06,1.1516370072058579e-05,0.05,200,20260905,False
2015H1-R,20260905,"all, cohorts resampled",gini,tabicl@t1 - tabicl,0.0,0.0,0.0,0.0,0.05,200,20260905,False
2015H1-R,20260905,"all, cohorts resampled",gini,tabpfn@t1 - tabicl,-0.0026724056730797843,-0.009614470181098076,0.004591396005782695,0.004002882967819377,0.05,200,20260905,False
2015H1-R,20260905,"all, cohorts resampled",gini,tabpfn@t1 - tabicl@t1,-0.0026724056730797843,-0.009614470181098076,0.004591396005782695,0.004002882967819377,0.05,200,20260905,False
2015H1-R,20260905,"all, cohorts resampled",abs_log_oe,gbm - scorecard,-0.028347301782085166,-0.03452590588207343,-0.023129147433468538,0.002915920167005565,0.05,200,20260905,True
2015H1-R,20260905,"all, cohorts resampled",abs_log_oe,gbm-50k - scorecard,-0.002786125103426962,-0.014296384336460143,0.0075829409781479964,0.007299681739084885,0.05,200,20260905,False
2015H1-R,20260905,"all, cohorts resampled",abs_log_oe,tabpfn - scorecard,0.35256973389533314,0.3280402173018561,0.3818804854560933,0.019679193648903727,0.05,200,20260905,True
2015H1-R,20260905,"all, cohorts resampled",abs_log_oe,tabicl - scorecard,0.2497472330250464,0.21502734897223374,0.283221833769754,0.02401525632895051,0.05,200,20260905,True
2015H1-R,20260905,"all, cohorts resampled",abs_log_oe,tabicl@t1 - scorecard,-0.11568298271916327,-0.1408695192842018,-0.09109310526563556,0.0170629612977804,0.05,200,20260905,True
2015H1-R,20260905,"all, cohorts resampled",abs_log_oe,tabpfn@t1 - scorecard,-0.026223848973300174,-0.0454235596201389,-0.004876223256596892,0.013770215352251102,0.05,200,20260905,True
2015H1-R,20260905,"all, cohorts resampled",abs_log_oe,gbm-50k - gbm,0.025561176678658204,0.012682308495358575,0.03940740830317839,0.007640629455503573,0.05,200,20260905,True
2015H1-R,20260905,"all, cohorts resampled",abs_log_oe,tabpfn - gbm,0.3809170356774183,0.35574239375626815,0.4112434655972977,0.019804626942047487,0.05,200,20260905,True
2015H1-R,20260905,"all, cohorts resampled",abs_log_oe,tabicl - gbm,0.27809453480713153,0.244983189399981,0.30984621241295346,0.023998533394666285,0.05,200,20260905,True
2015H1-R,20260905,"all, cohorts resampled",abs_log_oe,tabicl@t1 - gbm,-0.08733568093707811,-0.11095401061435621,-0.06451742012887712,0.016810522814456667,0.05,200,20260905,True
2015H1-R,20260905,"all, cohorts resampled",abs_log_oe,tabpfn@t1 - gbm,0.0021234528087849904,-0.014895027429546343,0.02377091435803526,0.01367403941011143,0.05,200,20260905,False
2015H1-R,20260905,"all, cohorts resampled",abs_log_oe,tabpfn - gbm-50k,0.35535585899876015,0.3362173011136658,0.3768003778731584,0.013187050207027071,0.05,200,20260905,True
2015H1-R,20260905,"all, cohorts resampled",abs_log_oe,tabicl - gbm-50k,0.2525333581284734,0.2231130956054183,0.2776146845013783,0.017627932836880196,0.05,200,20260905,True
2015H1-R,20260905,"all, cohorts resampled",abs_log_oe,tabicl@t1 - gbm-50k,-0.11289685761573631,-0.13291174180768017,-0.09656381103319989,0.010809114386315894,0.05,200,20260905,True
2015H1-R,20260905,"all, cohorts resampled",abs_log_oe,tabpfn@t1 - gbm-50k,-0.023437723869873212,-0.03670344850964135,-0.009505598860306467,0.007512582044775378,0.05,200,20260905,True
2015H1-R,20260905,"all, cohorts resampled",abs_log_oe,tabicl - tabpfn,-0.10282250087028677,-0.11465105595166351,-0.09389224719469003,0.006618329533008073,0.05,200,20260905,True
2015H1-R,20260905,"all, cohorts resampled",abs_log_oe,tabicl@t1 - tabpfn,-0.46825271661449647,-0.4781580422419286,-0.45910255462969174,0.005532399050724871,0.05,200,20260905,True
2015H1-R,20260905,"all, cohorts resampled",abs_log_oe,tabpfn@t1 - tabpfn,-0.37879358286863335,-0.388727231673488,-0.369889796435831,0.006398277862001624,0.05,200,20260905,True
2015H1-R,20260905,"all, cohorts resampled",abs_log_oe,tabicl@t1 - tabicl,-0.3654302157442097,-0.3761554387798027,-0.3540336859125898,0.007482278577017267,0.05,200,20260905,True
2015H1-R,20260905,"all, cohorts resampled",abs_log_oe,tabpfn@t1 - tabicl,-0.2759710819983466,-0.2913592038851682,-0.2581865303409816,0.01128262932862997,0.05,200,20260905,True
2015H1-R,20260905,"all, cohorts resampled",abs_log_oe,tabpfn@t1 - tabicl@t1,0.0894591337458631,0.08288515760043703,0.0980687177282546,0.004658479979399542,0.05,200,20260905,True
2015H1-R,20260905,"all, cohorts resampled",cox_slope_deviation,gbm - scorecard,0.007215647322173668,-0.03113128532138524,0.0308607430597767,0.015593009058719316,0.05,200,20260905,False
2015H1-R,20260905,"all, cohorts resampled",cox_slope_deviation,gbm-50k - scorecard,0.04681331458097728,-0.014204764523704581,0.08972023892878758,0.028964946453186362,0.05,200,20260905,False
2015H1-R,20260905,"all, cohorts resampled",cox_slope_deviation,tabpfn - scorecard,0.0510359732418015,-0.028960694557931918,0.11345505628312864,0.04383619436303808,0.05,200,20260905,False
2015H1-R,20260905,"all, cohorts resampled",cox_slope_deviation,tabicl - scorecard,0.07191547766304493,-0.03543570932848297,0.15571437670897437,0.05608421002318262,0.05,200,20260905,False
2015H1-R,20260905,"all, cohorts resampled",cox_slope_deviation,tabicl@t1 - scorecard,0.022612469579698976,-0.02832329640981733,0.06846900449273685,0.025690630423510875,0.05,200,20260905,False
2015H1-R,20260905,"all, cohorts resampled",cox_slope_deviation,tabpfn@t1 - scorecard,0.02238415065403565,-0.034049554250790814,0.0888611953744099,0.031416482249791024,0.05,200,20260905,False
2015H1-R,20260905,"all, cohorts resampled",cox_slope_deviation,gbm-50k - gbm,0.03959766725880361,-0.02419595309977775,0.07350044860294574,0.026246223438059064,0.05,200,20260905,False
2015H1-R,20260905,"all, cohorts resampled",cox_slope_deviation,tabpfn - gbm,0.04382032591962783,-0.035121652377012244,0.12347425026205242,0.04763943883957395,0.05,200,20260905,False
2015H1-R,20260905,"all, cohorts resampled",cox_slope_deviation,tabicl - gbm,0.06469983034087126,-0.051417322786101526,0.16423876097707543,0.06079368531644675,0.05,200,20260905,False
2015H1-R,20260905,"all, cohorts resampled",cox_slope_deviation,tabicl@t1 - gbm,0.015396822257525306,-0.03352484640590726,0.08037062021072704,0.03048816675509025,0.05,200,20260905,False
2015H1-R,20260905,"all, cohorts resampled",cox_slope_deviation,tabpfn@t1 - gbm,0.015168503331861982,-0.041836102581164714,0.06659754363806422,0.03338729610314854,0.05,200,20260905,False
2015H1-R,20260905,"all, cohorts resampled",cox_slope_deviation,tabpfn - gbm-50k,0.004222658660824223,-0.10057406352583786,0.08866116081652223,0.054322170280408956,0.05,200,20260905,False
2015H1-R,20260905,"all, cohorts resampled",cox_slope_deviation,tabicl - gbm-50k,0.02510216308206765,-0.11578320071472294,0.1333708539593522,0.06269903377155255,0.05,200,20260905,False
2015H1-R,20260905,"all, cohorts resampled",cox_slope_deviation,tabicl@t1 - gbm-50k,-0.0242008450012783,-0.07524618237868763,0.0494466573628193,0.03053965960478989,0.05,200,20260905,False
2015H1-R,20260905,"all, cohorts resampled",cox_slope_deviation,tabpfn@t1 - gbm-50k,-0.024429163926941624,-0.10092641160171463,0.016963020880696417,0.03232204690598012,0.05,200,20260905,False
2015H1-R,20260905,"all, cohorts resampled",cox_slope_deviation,tabicl - tabpfn,0.020879504421243433,-0.01771041031391075,0.050950838453234205,0.022038548510926716,0.05,200,20260905,False
2015H1-R,20260905,"all, cohorts resampled",cox_slope_deviation,tabicl@t1 - tabpfn,-0.028423503662102525,-0.08391968947827882,0.03865451799846229,0.03529974959282237,0.05,200,20260905,False
2015H1-R,20260905,"all, cohorts resampled",cox_slope_deviation,tabpfn@t1 - tabpfn,-0.028651822587765847,-0.09181962016769082,0.09581524427197803,0.06472135200410915,0.05,200,20260905,False
2015H1-R,20260905,"all, cohorts resampled",cox_slope_deviation,tabicl@t1 - tabicl,-0.04930300808334596,-0.09039131437958621,0.0581545861007634,0.044224026762203765,0.05,200,20260905,False
2015H1-R,20260905,"all, cohorts resampled",cox_slope_deviation,tabpfn@t1 - tabicl,-0.04953132700900928,-0.1367588126563466,0.11423737349044627,0.07676320407460159,0.05,200,20260905,False
2015H1-R,20260905,"all, cohorts resampled",cox_slope_deviation,tabpfn@t1 - tabicl@t1,-0.00022831892566332426,-0.051091577166507085,0.0590503482007245,0.034679057368032944,0.05,200,20260905,False
2015H1-R,20260905,"all, cohorts resampled",psi,gbm - scorecard,-0.006697643773835929,-0.009424043556941123,-0.003773976591399245,0.0014599399968967975,0.05,200,20260905,True
2015H1-R,20260905,"all, cohorts resampled",psi,gbm-50k - scorecard,-0.005321420672337843,-0.019346855526462297,0.008105799442052452,0.008305011413275906,0.05,200,20260905,False
2015H1-R,20260905,"all, cohorts resampled",psi,tabpfn - scorecard,-0.0099752491750096,-0.018776866854941815,0.00046748466198856325,0.005584986526527001,0.05,200,20260905,False
2015H1-R,20260905,"all, cohorts resampled",psi,tabicl - scorecard,-0.01852080831451171,-0.0334334930794632,-0.006796694429141916,0.006847575991151165,0.05,200,20260905,True
2015H1-R,20260905,"all, cohorts resampled",psi,tabicl@t1 - scorecard,-0.01852080831451171,-0.0334334930794632,-0.006796694429141916,0.006847575991151165,0.05,200,20260905,True
2015H1-R,20260905,"all, cohorts resampled",psi,tabpfn@t1 - scorecard,-0.009927240349626977,-0.01869942077741121,0.0005531958096903701,0.005578967993501809,0.05,200,20260905,False
2015H1-R,20260905,"all, cohorts resampled",psi,gbm-50k - gbm,0.001376223101498086,-0.010822180430664354,0.017234765224037073,0.0083575890852921,0.05,200,20260905,False
2015H1-R,20260905,"all, cohorts resampled",psi,tabpfn - gbm,-0.003277605401173672,-0.011473453352739832,0.005151768741248699,0.004885359279218148,0.05,200,20260905,False
2015H1-R,20260905,"all, cohorts resampled",psi,tabicl - gbm,-0.011823164540675779,-0.024806754483639656,-0.0014768415073246068,0.005842722328127568,0.05,200,20260905,True
2015H1-R,20260905,"all, cohorts resampled",psi,tabicl@t1 - gbm,-0.011823164540675779,-0.024806754483639656,-0.0014768415073246068,0.005842722328127568,0.05,200,20260905,True
2015H1-R,20260905,"all, cohorts resampled",psi,tabpfn@t1 - gbm,-0.0032295965757910485,-0.011404480841864762,0.005181708388807791,0.0048809195591066,0.05,200,20260905,False
2015H1-R,20260905,"all, cohorts resampled",psi,tabpfn - gbm-50k,-0.004653828502671758,-0.016973948858560642,0.006621991728650576,0.007079592311782365,0.05,200,20260905,False
2015H1-R,20260905,"all, cohorts resampled",psi,tabicl - gbm-50k,-0.013199387642173864,-0.035074927521007146,-0.0003812128644217784,0.00915072934828467,0.05,200,20260905,True
2015H1-R,20260905,"all, cohorts resampled",psi,tabicl@t1 - gbm-50k,-0.013199387642173864,-0.035074927521007146,-0.0003812128644217784,0.00915072934828467,0.05,200,20260905,True
2015H1-R,20260905,"all, cohorts resampled",psi,tabpfn@t1 - gbm-50k,-0.004605819677289134,-0.016904769375459552,0.006685238927876859,0.0070718525200577685,0.05,200,20260905,False
2015H1-R,20260905,"all, cohorts resampled",psi,tabicl - tabpfn,-0.008545559139502107,-0.018654638644523252,0.0018396676155529943,0.0057872918849200886,0.05,200,20260905,False
2015H1-R,20260905,"all, cohorts resampled",psi,tabicl@t1 - tabpfn,-0.008545559139502107,-0.018654638644523252,0.0018396676155529943,0.0057872918849200886,0.05,200,20260905,False
2015H1-R,20260905,"all, cohorts resampled",psi,tabpfn@t1 - tabpfn,4.800882538262321e-05,-1.383589978117424e-05,0.0001106519216120424,3.071348885239789e-05,0.05,200,20260905,False
2015H1-R,20260905,"all, cohorts resampled",psi,tabicl@t1 - tabicl,0.0,0.0,0.0,0.0,0.05,200,20260905,False
2015H1-R,20260905,"all, cohorts resampled",psi,tabpfn@t1 - tabicl,0.008593567964884731,-0.0018177679631336703,0.018716652530986404,0.005799237576665332,0.05,200,20260905,False
2015H1-R,20260905,"all, cohorts resampled",psi,tabpfn@t1 - tabicl@t1,0.008593567964884731,-0.0018177679631336703,0.018716652530986404,0.005799237576665332,0.05,200,20260905,False
2015H1-R,20260906,all,gini,gbm - scorecard,0.015866504906990098,0.011953755862327765,0.02097318460730211,0.0024632410006478226,0.05,200,20260906,True
2015H1-R,20260906,all,gini,gbm-50k - scorecard,0.0016891978767311078,-0.012542865692292562,0.010668426763052572,0.007370192063304533,0.05,200,20260906,False
2015H1-R,20260906,all,gini,tabpfn - scorecard,0.01943264340329942,0.008893193815701356,0.03139756705136267,0.006658720139446035,0.05,200,20260906,True
2015H1-R,20260906,all,gini,tabicl - scorecard,0.02209181902009692,0.0157041098807561,0.02921645420647031,0.0036057552437946077,0.05,200,20260906,True
2015H1-R,20260906,all,gini,tabicl@t1 - scorecard,0.02209181902009692,0.0157041098807561,0.02921645420647031,0.0036057552437946077,0.05,200,20260906,True
2015H1-R,20260906,all,gini,tabpfn@t1 - scorecard,0.019419413347017134,0.00888013456974523,0.031389830679477114,0.006664845398723989,0.05,200,20260906,True
2015H1-R,20260906,all,gini,gbm-50k - gbm,-0.01417730703025899,-0.027720161347843376,-0.004988831964558799,0.007278614336513335,0.05,200,20260906,True
2015H1-R,20260906,all,gini,tabpfn - gbm,0.0035661384963093234,-0.00699272846475107,0.01483131244198699,0.00659368687559727,0.05,200,20260906,False
2015H1-R,20260906,all,gini,tabicl - gbm,0.006225314113106821,0.0007526925673480527,0.012845351019522222,0.0033194363752185973,0.05,200,20260906,True
2015H1-R,20260906,all,gini,tabicl@t1 - gbm,0.006225314113106821,0.0007526925673480527,0.012845351019522222,0.0033194363752185973,0.05,200,20260906,True
2015H1-R,20260906,all,gini,tabpfn@t1 - gbm,0.003552908440027036,-0.00701720346400439,0.014814525412941995,0.006600166407917632,0.05,200,20260906,False
2015H1-R,20260906,all,gini,tabpfn - gbm-50k,0.017743445526568313,0.008701529765312714,0.02568629386086174,0.004982506471672907,0.05,200,20260906,True
2015H1-R,20260906,all,gini,tabicl - gbm-50k,0.02040262114336581,0.011808114906176153,0.03129396818926546,0.005916984261033132,0.05,200,20260906,True
2015H1-R,20260906,all,gini,tabicl@t1 - gbm-50k,0.02040262114336581,0.011808114906176153,0.03129396818926546,0.005916984261033132,0.05,200,20260906,True
2015H1-R,20260906,all,gini,tabpfn@t1 - gbm-50k,0.017730215470286026,0.008677783806133234,0.025666137193037387,0.0049850593148847745,0.05,200,20260906,True
2015H1-R,20260906,all,gini,tabicl - tabpfn,0.002659175616797497,-0.003725554246726907,0.008921373794787062,0.0039058782597401914,0.05,200,20260906,False
2015H1-R,20260906,all,gini,tabicl@t1 - tabpfn,0.002659175616797497,-0.003725554246726907,0.008921373794787062,0.0039058782597401914,0.05,200,20260906,False
2015H1-R,20260906,all,gini,tabpfn@t1 - tabpfn,-1.323005628228735e-05,-3.156484504701212e-05,6.109467518797266e-06,9.91488971011333e-06,0.05,200,20260906,False
2015H1-R,20260906,all,gini,tabicl@t1 - tabicl,0.0,0.0,0.0,0.0,0.05,200,20260906,False
2015H1-R,20260906,all,gini,tabpfn@t1 - tabicl,-0.0026724056730797843,-0.008925680314698222,0.00372031572170991,0.003912613862619157,0.05,200,20260906,False
2015H1-R,20260906,all,gini,tabpfn@t1 - tabicl@t1,-0.0026724056730797843,-0.008925680314698222,0.00372031572170991,0.003912613862619157,0.05,200,20260906,False
2015H1-R,20260906,all,abs_log_oe,gbm - scorecard,-0.028347301782085166,-0.029638170828421267,-0.02706474676409222,0.0006896462299037796,0.05,200,20260906,True
2015H1-R,20260906,all,abs_log_oe,gbm-50k - scorecard,-0.002786125103426962,-0.010167116026431656,0.006473228536888199,0.00630276099477188,0.05,200,20260906,False
2015H1-R,20260906,all,abs_log_oe,tabpfn - scorecard,0.35256973389533314,0.3309653661902557,0.3790879487953006,0.019228076820161873,0.05,200,20260906,True
2015H1-R,20260906,all,abs_log_oe,tabicl - scorecard,0.2497472330250464,0.2192261996514013,0.2791355938791851,0.023862294135201696,0.05,200,20260906,True
2015H1-R,20260906,all,abs_log_oe,tabicl@t1 - scorecard,-0.11568298271916327,-0.13670904822197938,-0.09489166278471695,0.016467208395664023,0.05,200,20260906,True
2015H1-R,20260906,all,abs_log_oe,tabpfn@t1 - scorecard,-0.026223848973300174,-0.04100600099412239,-0.008016014932462238,0.013016007835793405,0.05,200,20260906,True
2015H1-R,20260906,all,abs_log_oe,gbm-50k - gbm,0.025561176678658204,0.017966582408256545,0.034662963967004634,0.006321667227803082,0.05,200,20260906,True
2015H1-R,20260906,all,abs_log_oe,tabpfn - gbm,0.3809170356774183,0.359405805188383,0.4070837170491958,0.0192587894570106,0.05,200,20260906,True
2015H1-R,20260906,all,abs_log_oe,tabicl - gbm,0.27809453480713153,0.24762436922647466,0.30720236425598646,0.023905437210631115,0.05,200,20260906,True
2015H1-R,20260906,all,abs_log_oe,tabicl@t1 - gbm,-0.08733568093707811,-0.10839845964941339,-0.06687753777487204,0.0165087066420315,0.05,200,20260906,True
2015H1-R,20260906,all,abs_log_oe,tabpfn@t1 - gbm,0.0021234528087849904,-0.012744236505832968,0.01983100811016276,0.013045886498763887,0.05,200,20260906,False
2015H1-R,20260906,all,abs_log_oe,tabpfn - gbm-50k,0.35535585899876015,0.34063239015118196,0.3732754056471068,0.012985600355489867,0.05,200,20260906,True
2015H1-R,20260906,all,abs_log_oe,tabicl - gbm-50k,0.2525333581284734,0.22858555483394025,0.27366382222503693,0.017817187061301063,0.05,200,20260906,True
2015H1-R,20260906,all,abs_log_oe,tabicl@t1 - gbm-50k,-0.11289685761573631,-0.12740064112101243,-0.1005236204850739,0.010434140478010964,0.05,200,20260906,True
2015H1-R,20260906,all,abs_log_oe,tabpfn@t1 - gbm-50k,-0.023437723869873212,-0.03173060136349079,-0.013963322770239699,0.006786187051671773,0.05,200,20260906,True
2015H1-R,20260906,all,abs_log_oe,tabicl - tabpfn,-0.10282250087028677,-0.11228366220634596,-0.09656249604060002,0.006319561625307737,0.05,200,20260906,True
2015H1-R,20260906,all,abs_log_oe,tabicl@t1 - tabpfn,-0.46825271661449647,-0.4742393306009373,-0.46270646831221124,0.004324715208188906,0.05,200,20260906,True
2015H1-R,20260906,all,abs_log_oe,tabpfn@t1 - tabpfn,-0.37879358286863335,-0.38730217081245466,-0.37204493167562963,0.006223542818780372,0.05,200,20260906,True
2015H1-R,20260906,all,abs_log_oe,tabicl@t1 - tabicl,-0.3654302157442097,-0.37434031019098224,-0.3558606842398975,0.007405731599468333,0.05,200,20260906,True
2015H1-R,20260906,all,abs_log_oe,tabpfn@t1 - tabicl,-0.2759710819983466,-0.28789034693920834,-0.2599627079984266,0.011350529121857578,0.05,200,20260906,True
2015H1-R,20260906,all,abs_log_oe,tabpfn@t1 - tabicl@t1,0.0894591337458631,0.08566653884019121,0.09603068420519419,0.004297469533467254,0.05,200,20260906,True
2015H1-R,20260906,all,cox_slope_deviation,gbm - scorecard,0.007215647322173668,-0.015950298908664336,0.022266441269199685,0.008995757189478636,0.05,200,20260906,False
2015H1-R,20260906,all,cox_slope_deviation,gbm-50k - scorecard,0.04681331458097728,-0.015995463619694873,0.0776966023966028,0.024850439283963428,0.05,200,20260906,False
2015H1-R,20260906,all,cox_slope_deviation,tabpfn - scorecard,0.0510359732418015,-0.023708472523449826,0.103463730824103,0.0430868411392642,0.05,200,20260906,False
2015H1-R,20260906,all,cox_slope_deviation,tabicl - scorecard,0.07191547766304493,-0.02175694813806651,0.14992664387110982,0.055358136194229864,0.05,200,20260906,False
2015H1-R,20260906,all,cox_slope_deviation,tabicl@t1 - scorecard,0.022612469579698976,-0.023366354919792165,0.062271512419910115,0.022853283470451288,0.05,200,20260906,False
2015H1-R,20260906,all,cox_slope_deviation,tabpfn@t1 - scorecard,0.02238415065403565,-0.02739114246991044,0.07731701141667238,0.02981238264397676,0.05,200,20260906,False
2015H1-R,20260906,all,cox_slope_deviation,gbm-50k - gbm,0.03959766725880361,-0.022945583261046246,0.06692491771772534,0.023794755494262798,0.05,200,20260906,False
2015H1-R,20260906,all,cox_slope_deviation,tabpfn - gbm,0.04382032591962783,-0.029061356191208813,0.10458394856452753,0.043789596115992424,0.05,200,20260906,False
2015H1-R,20260906,all,cox_slope_deviation,tabicl - gbm,0.06469983034087126,-0.028179245254981507,0.15149279025937043,0.055920561904669236,0.05,200,20260906,False
2015H1-R,20260906,all,cox_slope_deviation,tabicl@t1 - gbm,0.015396822257525306,-0.028469397509640035,0.0642684802761144,0.023130546914701174,0.05,200,20260906,False
2015H1-R,20260906,all,cox_slope_deviation,tabpfn@t1 - gbm,0.015168503331861982,-0.033772582134865545,0.06683777319891523,0.030163840481840266,0.05,200,20260906,False
2015H1-R,20260906,all,cox_slope_deviation,tabpfn - gbm-50k,0.004222658660824223,-0.09193483599840312,0.06264652006769986,0.051080335800931485,0.05,200,20260906,False
2015H1-R,20260906,all,cox_slope_deviation,tabicl - gbm-50k,0.02510216308206765,-0.08296705490369091,0.10488083333352664,0.05802810315566201,0.05,200,20260906,False
2015H1-R,20260906,all,cox_slope_deviation,tabicl@t1 - gbm-50k,-0.0242008450012783,-0.06252293331621214,0.021407325239347325,0.02243574720010935,0.05,200,20260906,False
2015H1-R,20260906,all,cox_slope_deviation,tabpfn@t1 - gbm-50k,-0.024429163926941624,-0.08528432494182253,0.010764767992805756,0.027136192823335674,0.05,200,20260906,False
2015H1-R,20260906,all,cox_slope_deviation,tabicl - tabpfn,0.020879504421243433,-0.005536061275694157,0.04986199497691632,0.02064408090694025,0.05,200,20260906,False
2015H1-R,20260906,all,cox_slope_deviation,tabicl@t1 - tabpfn,-0.028423503662102525,-0.07714870827868676,0.03422058915529232,0.035000534975266166,0.05,200,20260906,False
2015H1-R,20260906,all,cox_slope_deviation,tabpfn@t1 - tabpfn,-0.028651822587765847,-0.09156671942416486,0.0867813168138974,0.06560626380990718,0.05,200,20260906,False
2015H1-R,20260906,all,cox_slope_deviation,tabicl@t1 - tabicl,-0.04930300808334596,-0.0902053370518193,0.03560987924739936,0.04258452005088122,0.05,200,20260906,False
2015H1-R,20260906,all,cox_slope_deviation,tabpfn@t1 - tabicl,-0.04953132700900928,-0.13827338158876507,0.08318457121332005,0.07631312304683564,0.05,200,20260906,False
2015H1-R,20260906,all,cox_slope_deviation,tabpfn@t1 - tabicl@t1,-0.00022831892566332426,-0.04874737400857459,0.05686071303286647,0.035211565345496514,0.05,200,20260906,False
2015H1-R,20260906,all,psi,gbm - scorecard,-0.006697643773835929,-0.007426132623699074,-0.00598355457363379,0.00035287858729464536,0.05,200,20260906,True
2015H1-R,20260906,all,psi,gbm-50k - scorecard,-0.005321420672337843,-0.01496104707959443,0.0053058715813132035,0.007686214015380849,0.05,200,20260906,False
2015H1-R,20260906,all,psi,tabpfn - scorecard,-0.0099752491750096,-0.01537636809962176,-0.004070546608346402,0.004218965865196358,0.05,200,20260906,True
2015H1-R,20260906,all,psi,tabicl - scorecard,-0.01852080831451171,-0.021456303303693282,-0.01624901529995819,0.0014711260034641147,0.05,200,20260906,True
2015H1-R,20260906,all,psi,tabicl@t1 - scorecard,-0.01852080831451171,-0.021456303303693282,-0.01624901529995819,0.0014711260034641147,0.05,200,20260906,True
2015H1-R,20260906,all,psi,tabpfn@t1 - scorecard,-0.009927240349626977,-0.015319237934835769,-0.004030640095998493,0.004216210336080432,0.05,200,20260906,True
2015H1-R,20260906,all,psi,gbm-50k - gbm,0.001376223101498086,-0.008025618824550489,0.011974322062570073,0.007670019195886731,0.05,200,20260906,False
2015H1-R,20260906,all,psi,tabpfn - gbm,-0.003277605401173672,-0.008719085032196476,0.00249445009168206,0.0042019127104146545,0.05,200,20260906,False
2015H1-R,20260906,all,psi,tabicl - gbm,-0.011823164540675779,-0.014411397392006042,-0.009644689330453147,0.0014084208376102631,0.05,200,20260906,True
2015H1-R,20260906,all,psi,tabicl@t1 - gbm,-0.011823164540675779,-0.014411397392006042,-0.009644689330453147,0.0014084208376102631,0.05,200,20260906,True
2015H1-R,20260906,all,psi,tabpfn@t1 - gbm,-0.0032295965757910485,-0.00864628753374193,0.0025357300967057744,0.004199131912591339,0.05,200,20260906,False
2015H1-R,20260906,all,psi,tabpfn - gbm-50k,-0.004653828502671758,-0.010074830657028137,0.004162576676813088,0.005798630156811446,0.05,200,20260906,False
2015H1-R,20260906,all,psi,tabicl - gbm-50k,-0.013199387642173864,-0.02284101599218828,-0.0052249251643452545,0.006480578480759198,0.05,200,20260906,True
2015H1-R,20260906,all,psi,tabicl@t1 - gbm-50k,-0.013199387642173864,-0.02284101599218828,-0.0052249251643452545,0.006480578480759198,0.05,200,20260906,True
2015H1-R,20260906,all,psi,tabpfn@t1 - gbm-50k,-0.004605819677289134,-0.010058475688266483,0.004203604668686041,0.005791469001736772,0.05,200,20260906,False
2015H1-R,20260906,all,psi,tabicl - tabpfn,-0.008545559139502107,-0.013025130369831424,-0.003038350194486755,0.003784519725255139,0.05,200,20260906,True
2015H1-R,20260906,all,psi,tabicl@t1 - tabpfn,-0.008545559139502107,-0.013025130369831424,-0.003038350194486755,0.003784519725255139,0.05,200,20260906,True
2015H1-R,20260906,all,psi,tabpfn@t1 - tabpfn,4.800882538262321e-05,1.097337363370225e-05,8.471076296498316e-05,1.992981118148878e-05,0.05,200,20260906,True
2015H1-R,20260906,all,psi,tabicl@t1 - tabicl,0.0,0.0,0.0,0.0,0.05,200,20260906,False
2015H1-R,20260906,all,psi,tabpfn@t1 - tabicl,0.008593567964884731,0.003090825265282322,0.013079977272371904,0.003779728952481539,0.05,200,20260906,True
2015H1-R,20260906,all,psi,tabpfn@t1 - tabicl@t1,0.008593567964884731,0.003090825265282322,0.013079977272371904,0.003779728952481539,0.05,200,20260906,True
2015H1-R,20260906,nearest,gini,gbm - scorecard,0.010393447160524871,0.0026897379482251752,0.019946670127367356,0.004376823243315467,0.05,200,20260906,True
2015H1-R,20260906,nearest,gini,gbm-50k - scorecard,-0.0011583690172430143,-0.01919177655542809,0.012213484959554686,0.009073380576085307,0.05,200,20260906,False
2015H1-R,20260906,nearest,gini,tabpfn - scorecard,0.011779335467333155,-0.0005800970292584694,0.02450738764671484,0.006789348084912843,0.05,200,20260906,False
2015H1-R,20260906,nearest,gini,tabicl - scorecard,0.017269999991009404,0.0070399223871142795,0.02700785149576202,0.004971314480622183,0.05,200,20260906,True
2015H1-R,20260906,nearest,gini,tabicl@t1 - scorecard,0.017269999991009404,0.0070399223871142795,0.02700785149576202,0.004971314480622183,0.05,200,20260906,True
2015H1-R,20260906,nearest,gini,tabpfn@t1 - scorecard,0.011767030916092805,-0.0005812307320442021,0.024496267959567462,0.006796039662313155,0.05,200,20260906,False
2015H1-R,20260906,nearest,gini,gbm-50k - gbm,-0.011551816177767885,-0.03054838676715238,0.000819596564619399,0.008975915458758166,0.05,200,20260906,False
2015H1-R,20260906,nearest,gini,tabpfn - gbm,0.0013858883068082843,-0.011864221944445315,0.012555913072993521,0.006231569712019604,0.05,200,20260906,False
2015H1-R,20260906,nearest,gini,tabicl - gbm,0.006876552830484532,-0.0013968648141001432,0.014376825357932449,0.004245310660326845,0.05,200,20260906,False
2015H1-R,20260906,nearest,gini,tabicl@t1 - gbm,0.006876552830484532,-0.0013968648141001432,0.014376825357932449,0.004245310660326845,0.05,200,20260906,False
2015H1-R,20260906,nearest,gini,tabpfn@t1 - gbm,0.0013735837555679347,-0.011906078166307909,0.012545860724087204,0.006237892312886183,0.05,200,20260906,False
2015H1-R,20260906,nearest,gini,tabpfn - gbm-50k,0.01293770448457617,-0.0014420169662128694,0.023753225470538975,0.006931723383143247,0.05,200,20260906,False
2015H1-R,20260906,nearest,gini,tabicl - gbm-50k,0.018428369008252416,0.004923876741040458,0.03303998087322287,0.007804130688888585,0.05,200,20260906,True
2015H1-R,20260906,nearest,gini,tabicl@t1 - gbm-50k,0.018428369008252416,0.004923876741040458,0.03303998087322287,0.007804130688888585,0.05,200,20260906,True
2015H1-R,20260906,nearest,gini,tabpfn@t1 - gbm-50k,0.01292539993333582,-0.00144272069516225,0.02372604004090259,0.006931768113167945,0.05,200,20260906,False
2015H1-R,20260906,nearest,gini,tabicl - tabpfn,0.0054906645236762475,8.147042660754252e-05,0.012591971452971062,0.0034341349278956294,0.05,200,20260906,True
2015H1-R,20260906,nearest,gini,tabicl@t1 - tabpfn,0.0054906645236762475,8.147042660754252e-05,0.012591971452971062,0.0034341349278956294,0.05,200,20260906,True
2015H1-R,20260906,nearest,gini,tabpfn@t1 - tabpfn,-1.2304551240349682e-05,-4.7503658046522955e-05,1.8052588246218754e-05,1.657362273347433e-05,0.05,200,20260906,False
2015H1-R,20260906,nearest,gini,tabicl@t1 - tabicl,0.0,0.0,0.0,0.0,0.05,200,20260906,False
2015H1-R,20260906,nearest,gini,tabpfn@t1 - tabicl,-0.005502969074916597,-0.012618531927896841,-8.992801609360831e-05,0.00344225616169268,0.05,200,20260906,True
2015H1-R,20260906,nearest,gini,tabpfn@t1 - tabicl@t1,-0.005502969074916597,-0.012618531927896841,-8.992801609360831e-05,0.00344225616169268,0.05,200,20260906,True
2015H1-R,20260906,nearest,abs_log_oe,gbm - scorecard,-0.021702344419231023,-0.024549135002795992,-0.019007017440118217,0.0013626137269711072,0.05,200,20260906,True
2015H1-R,20260906,nearest,abs_log_oe,gbm-50k - scorecard,-0.003640662406594164,-0.022627845737004448,0.008347204821738974,0.012271305572138244,0.05,200,20260906,False
2015H1-R,20260906,nearest,abs_log_oe,tabpfn - scorecard,0.36824888485135454,0.33751977643077624,0.39208196866357325,0.020983451531375964,0.05,200,20260906,True
2015H1-R,20260906,nearest,abs_log_oe,tabicl - scorecard,0.26545849277336986,0.2272099945316974,0.2896738377097146,0.025307813771941523,0.05,200,20260906,True
2015H1-R,20260906,nearest,abs_log_oe,tabicl@t1 - scorecard,-0.09732620905398898,-0.12481541802472887,-0.08134575048370601,0.01784632982813858,0.05,200,20260906,True
2015H1-R,20260906,nearest,abs_log_oe,tabpfn@t1 - scorecard,-0.007750458183552429,-0.030836341412839644,0.007823709327018957,0.01490222305820672,0.05,200,20260906,False
2015H1-R,20260906,nearest,abs_log_oe,gbm-50k - gbm,0.01806168201263686,-0.0011947604430271486,0.0297940105446473,0.012368689438066637,0.05,200,20260906,False
2015H1-R,20260906,nearest,abs_log_oe,tabpfn - gbm,0.38995122927058556,0.35943494278256594,0.4128476073511709,0.02112867437953586,0.05,200,20260906,True
2015H1-R,20260906,nearest,abs_log_oe,tabicl - gbm,0.2871608371926009,0.24951341543572228,0.31070349913738166,0.02544416739246384,0.05,200,20260906,True
2015H1-R,20260906,nearest,abs_log_oe,tabicl@t1 - gbm,-0.07562386463475795,-0.10296982435386122,-0.06033412086183499,0.01796739835976412,0.05,200,20260906,True
2015H1-R,20260906,nearest,abs_log_oe,tabpfn@t1 - gbm,0.013951886235678593,-0.008638816743145181,0.028771886888574908,0.01502752158901452,0.05,200,20260906,False
2015H1-R,20260906,nearest,abs_log_oe,tabpfn - gbm-50k,0.37188954725794865,0.3585237836316096,0.3877320287566165,0.010375120266146521,0.05,200,20260906,True
2015H1-R,20260906,nearest,abs_log_oe,tabicl - gbm-50k,0.26909915517996397,0.2483979646497977,0.285432708178863,0.013609335002191084,0.05,200,20260906,True
2015H1-R,20260906,nearest,abs_log_oe,tabicl@t1 - gbm-50k,-0.09368554664739481,-0.10356042914386566,-0.0860390779844032,0.006000403029583909,0.05,200,20260906,True
2015H1-R,20260906,nearest,abs_log_oe,tabpfn@t1 - gbm-50k,-0.004109795776958265,-0.009576978954344142,0.0028119299430815438,0.004101750273156612,0.05,200,20260906,False
2015H1-R,20260906,nearest,abs_log_oe,tabicl - tabpfn,-0.10279039207798468,-0.11106200180172474,-0.09552362897624742,0.005474015095671252,0.05,200,20260906,True
2015H1-R,20260906,nearest,abs_log_oe,tabicl@t1 - tabpfn,-0.4655750939053435,-0.47402247882270176,-0.46017234941033897,0.005391826931389613,0.05,200,20260906,True
2015H1-R,20260906,nearest,abs_log_oe,tabpfn@t1 - tabpfn,-0.37599934303490695,-0.3846976973352129,-0.3677777122095318,0.006517325909405696,0.05,200,20260906,True
2015H1-R,20260906,nearest,abs_log_oe,tabicl@t1 - tabicl,-0.36278470182735884,-0.3716592929621126,-0.35190500765479477,0.00768778517361423,0.05,200,20260906,True
2015H1-R,20260906,nearest,abs_log_oe,tabpfn@t1 - tabicl,-0.27320895095692227,-0.28313073735585614,-0.2572305715695282,0.010472372941795103,0.05,200,20260906,True
2015H1-R,20260906,nearest,abs_log_oe,tabpfn@t1 - tabicl@t1,0.08957575087043655,0.08501858365946828,0.09504534755305648,0.0034041023353673905,0.05,200,20260906,True
2015H1-R,20260906,nearest,cox_slope_deviation,gbm - scorecard,0.034417326032773074,-0.009458489062569093,0.06280863428287886,0.01667306131513719,0.05,200,20260906,False
2015H1-R,20260906,nearest,cox_slope_deviation,gbm-50k - scorecard,0.04338310384291538,-0.09455944800194013,0.12018152705824883,0.06781956698220876,0.05,200,20260906,False
2015H1-R,20260906,nearest,cox_slope_deviation,tabpfn - scorecard,-0.002930733879374594,-0.09668611087979971,0.08913683114292044,0.046331087417124946,0.05,200,20260906,False
2015H1-R,20260906,nearest,cox_slope_deviation,tabicl - scorecard,-0.0053712358202528355,-0.10180697299513251,0.1210285068951144,0.060651615987619444,0.05,200,20260906,False
2015H1-R,20260906,nearest,cox_slope_deviation,tabicl@t1 - scorecard,-0.010798019663836178,-0.09361918566260456,0.06412375340824653,0.045884682966228364,0.05,200,20260906,False
2015H1-R,20260906,nearest,cox_slope_deviation,tabpfn@t1 - scorecard,-0.00731017444993461,-0.08150173281072294,0.11066675659116067,0.06268697986466805,0.05,200,20260906,False
2015H1-R,20260906,nearest,cox_slope_deviation,gbm-50k - gbm,0.008965777810142314,-0.12140362227587352,0.08723414320566882,0.06706382045502679,0.05,200,20260906,False
2015H1-R,20260906,nearest,cox_slope_deviation,tabpfn - gbm,-0.03734805991214767,-0.12991769722269542,0.07342991339969525,0.04974105855078761,0.05,200,20260906,False
2015H1-R,20260906,nearest,cox_slope_deviation,tabicl - gbm,-0.03978856185302591,-0.12853401516410132,0.11083806256033378,0.06400587576387744,0.05,200,20260906,False
2015H1-R,20260906,nearest,cox_slope_deviation,tabicl@t1 - gbm,-0.04521534569660925,-0.13236671766814603,0.029073101339648497,0.047460080941169006,0.05,200,20260906,False
2015H1-R,20260906,nearest,cox_slope_deviation,tabpfn@t1 - gbm,-0.04172750048270768,-0.11690644998553688,0.07346151934271286,0.06333133275195416,0.05,200,20260906,False
2015H1-R,20260906,nearest,cox_slope_deviation,tabpfn - gbm-50k,-0.046313837722289974,-0.17080822476172045,0.06489500774759757,0.07664871187233116,0.05,200,20260906,False
2015H1-R,20260906,nearest,cox_slope_deviation,tabicl - gbm-50k,-0.04875433966316822,-0.1747586937202527,0.060783725350777564,0.07921099149028285,0.05,200,20260906,False
2015H1-R,20260906,nearest,cox_slope_deviation,tabicl@t1 - gbm-50k,-0.05418112350675156,-0.2063329143602535,0.04328340739901456,0.06751778584869222,0.05,200,20260906,False
2015H1-R,20260906,nearest,cox_slope_deviation,tabpfn@t1 - gbm-50k,-0.05069327829285,-0.18732635305925294,0.04035193081309231,0.07268092552387931,0.05,200,20260906,False
2015H1-R,20260906,nearest,cox_slope_deviation,tabicl - tabpfn,-0.002440501940878241,-0.043339514958307214,0.04781053048473882,0.029557274321963437,0.05,200,20260906,False
2015H1-R,20260906,nearest,cox_slope_deviation,tabicl@t1 - tabpfn,-0.00786728578446158,-0.07417140408670012,0.07934819966992131,0.051624271671516765,0.05,200,20260906,False
2015H1-R,20260906,nearest,cox_slope_deviation,tabpfn@t1 - tabpfn,-0.004379440570560019,-0.09602539810207321,0.12165855770655579,0.07540420218563246,0.05,200,20260906,False
2015H1-R,20260906,nearest,cox_slope_deviation,tabicl@t1 - tabicl,-0.0054267838435833465,-0.09573235950071599,0.11635624825916524,0.07406941890590774,0.05,200,20260906,False
2015H1-R,20260906,nearest,cox_slope_deviation,tabpfn@t1 - tabicl,-0.00193893862968178,-0.13644895932754386,0.16426596138096575,0.09783687808207103,0.05,200,20260906,False
2015H1-R,20260906,nearest,cox_slope_deviation,tabpfn@t1 - tabicl@t1,0.0034878452139015643,-0.045319945915197626,0.05455959292905428,0.02915329100619944,0.05,200,20260906,False
2015H1-R,20260906,nearest,psi,gbm - scorecard,-0.0022108252701800966,-0.0035130919090152596,-0.001186014627560884,0.0006239966535655871,0.05,200,20260906,True
2015H1-R,20260906,nearest,psi,gbm-50k - scorecard,-0.006627712454303443,-0.010244286157173408,-0.0022558231097577265,0.0026822995817397314,0.05,200,20260906,True
2015H1-R,20260906,nearest,psi,tabpfn - scorecard,0.0011449633047052096,-0.011529297883097728,0.008616507336922869,0.008238124223038662,0.05,200,20260906,False
2015H1-R,20260906,nearest,psi,tabicl - scorecard,-0.012731486229881588,-0.017773800210051635,-0.006105895852796906,0.003949990448540784,0.05,200,20260906,True
2015H1-R,20260906,nearest,psi,tabicl@t1 - scorecard,-0.012731486229881588,-0.017773800210051635,-0.006105895852796906,0.003949990448540784,0.05,200,20260906,True
2015H1-R,20260906,nearest,psi,tabpfn@t1 - scorecard,0.0012185092675667537,-0.011410034087342699,0.008692841794028646,0.008222362091593759,0.05,200,20260906,False
2015H1-R,20260906,nearest,psi,gbm-50k - gbm,-0.004416887184123346,-0.007490846711710508,-5.7956228781095846e-05,0.002608999668258023,0.05,200,20260906,True
2015H1-R,20260906,nearest,psi,tabpfn - gbm,0.003355788574885306,-0.00869642353498772,0.010932093924667699,0.00812308110640197,0.05,200,20260906,False
2015H1-R,20260906,nearest,psi,tabicl - gbm,-0.010520660959701493,-0.015114330499367435,-0.003947633514089705,0.003861131949206443,0.05,200,20260906,True
2015H1-R,20260906,nearest,psi,tabicl@t1 - gbm,-0.010520660959701493,-0.015114330499367435,-0.003947633514089705,0.003861131949206443,0.05,200,20260906,True
2015H1-R,20260906,nearest,psi,tabpfn@t1 - gbm,0.00342933453774685,-0.008583797006532043,0.011059107673471708,0.008107133117109717,0.05,200,20260906,False
2015H1-R,20260906,nearest,psi,tabpfn - gbm-50k,0.007772675759008652,-0.002781660162893111,0.015757246637203456,0.006889015019590008,0.05,200,20260906,False
2015H1-R,20260906,nearest,psi,tabicl - gbm-50k,-0.006103773775578146,-0.008574424784080029,-0.0033625955395295963,0.0015498098899244075,0.05,200,20260906,True
2015H1-R,20260906,nearest,psi,tabicl@t1 - gbm-50k,-0.006103773775578146,-0.008574424784080029,-0.0033625955395295963,0.0015498098899244075,0.05,200,20260906,True
2015H1-R,20260906,nearest,psi,tabpfn@t1 - gbm-50k,0.007846221721870196,-0.002643933993033893,0.015800198486742766,0.006873711996514237,0.05,200,20260906,False
2015H1-R,20260906,nearest,psi,tabicl - tabpfn,-0.0138764495345868,-0.02332257203461599,-0.0037581323759754803,0.00698191863401809,0.05,200,20260906,True
2015H1-R,20260906,nearest,psi,tabicl@t1 - tabpfn,-0.0138764495345868,-0.02332257203461599,-0.0037581323759754803,0.00698191863401809,0.05,200,20260906,True
2015H1-R,20260906,nearest,psi,tabpfn@t1 - tabpfn,7.354596286154406e-05,1.2769949478260051e-06,0.00015333717524977677,4.1599908101898494e-05,0.05,200,20260906,True
2015H1-R,20260906,nearest,psi,tabicl@t1 - tabicl,0.0,0.0,0.0,0.0,0.05,200,20260906,False
2015H1-R,20260906,nearest,psi,tabpfn@t1 - tabicl,0.013949995497448344,0.0038269273482449944,0.023424833023484457,0.006967558546957035,0.05,200,20260906,True
2015H1-R,20260906,nearest,psi,tabpfn@t1 - tabicl@t1,0.013949995497448344,0.0038269273482449944,0.023424833023484457,0.006967558546957035,0.05,200,20260906,True
2015H1-R,20260906,"all, cohorts resampled",gini,gbm - scorecard,0.015866504906990098,0.009181213486045765,0.02394700888859599,0.004254011675358478,0.05,200,20260906,True
2015H1-R,20260906,"all, cohorts resampled",gini,gbm-50k - scorecard,0.0016891978767311078,-0.01333959432947947,0.011823096616069947,0.00762663074734736,0.05,200,20260906,False
2015H1-R,20260906,"all, cohorts resampled",gini,tabpfn - scorecard,0.01943264340329942,0.005509763965806088,0.03304824895131797,0.007408048131915725,0.05,200,20260906,True
2015H1-R,20260906,"all, cohorts resampled",gini,tabicl - scorecard,0.02209181902009692,0.013204340649205518,0.030743922328052304,0.0049052874060636015,0.05,200,20260906,True
2015H1-R,20260906,"all, cohorts resampled",gini,tabicl@t1 - scorecard,0.02209181902009692,0.013204340649205518,0.030743922328052304,0.0049052874060636015,0.05,200,20260906,True
2015H1-R,20260906,"all, cohorts resampled",gini,tabpfn@t1 - scorecard,0.019419413347017134,0.005490826699758142,0.03305660860121393,0.007413513535627484,0.05,200,20260906,True
2015H1-R,20260906,"all, cohorts resampled",gini,gbm-50k - gbm,-0.01417730703025899,-0.027780772636780762,-0.0045692008674219995,0.007525175566149097,0.05,200,20260906,True
2015H1-R,20260906,"all, cohorts resampled",gini,tabpfn - gbm,0.0035661384963093234,-0.007978586608272931,0.015879095470419314,0.006718859567582392,0.05,200,20260906,False
2015H1-R,20260906,"all, cohorts resampled",gini,tabicl - gbm,0.006225314113106821,0.00017298885199730794,0.014406714912734552,0.0037158960628837826,0.05,200,20260906,True
2015H1-R,20260906,"all, cohorts resampled",gini,tabicl@t1 - gbm,0.006225314113106821,0.00017298885199730794,0.014406714912734552,0.0037158960628837826,0.05,200,20260906,True
2015H1-R,20260906,"all, cohorts resampled",gini,tabpfn@t1 - gbm,0.003552908440027036,-0.00799941876497387,0.01586296089224332,0.006724224322635562,0.05,200,20260906,False
2015H1-R,20260906,"all, cohorts resampled",gini,tabpfn - gbm-50k,0.017743445526568313,0.007662940181733242,0.026351069042182165,0.0055551740349978765,0.05,200,20260906,True
2015H1-R,20260906,"all, cohorts resampled",gini,tabicl - gbm-50k,0.02040262114336581,0.01079360377034249,0.032725933424857405,0.006550901204565759,0.05,200,20260906,True
2015H1-R,20260906,"all, cohorts resampled",gini,tabicl@t1 - gbm-50k,0.02040262114336581,0.01079360377034249,0.032725933424857405,0.006550901204565759,0.05,200,20260906,True
2015H1-R,20260906,"all, cohorts resampled",gini,tabpfn@t1 - gbm-50k,0.017730215470286026,0.00764839101888324,0.026320488609804397,0.005556083710093681,0.05,200,20260906,True
2015H1-R,20260906,"all, cohorts resampled",gini,tabicl - tabpfn,0.002659175616797497,-0.0038747768082465065,0.011402982417900914,0.004154707431335316,0.05,200,20260906,False
2015H1-R,20260906,"all, cohorts resampled",gini,tabicl@t1 - tabpfn,0.002659175616797497,-0.0038747768082465065,0.011402982417900914,0.004154707431335316,0.05,200,20260906,False
2015H1-R,20260906,"all, cohorts resampled",gini,tabpfn@t1 - tabpfn,-1.323005628228735e-05,-3.099222949810299e-05,8.70962374059232e-06,1.0305008291095934e-05,0.05,200,20260906,False
2015H1-R,20260906,"all, cohorts resampled",gini,tabicl@t1 - tabicl,0.0,0.0,0.0,0.0,0.05,200,20260906,False
2015H1-R,20260906,"all, cohorts resampled",gini,tabpfn@t1 - tabicl,-0.0026724056730797843,-0.011419179689210458,0.0038719167163654127,0.004159819259156321,0.05,200,20260906,False
2015H1-R,20260906,"all, cohorts resampled",gini,tabpfn@t1 - tabicl@t1,-0.0026724056730797843,-0.011419179689210458,0.0038719167163654127,0.004159819259156321,0.05,200,20260906,False
2015H1-R,20260906,"all, cohorts resampled",abs_log_oe,gbm - scorecard,-0.028347301782085166,-0.034560858431840875,-0.023727575668427914,0.0028154365816364085,0.05,200,20260906,True
2015H1-R,20260906,"all, cohorts resampled",abs_log_oe,gbm-50k - scorecard,-0.002786125103426962,-0.014239562265634295,0.006909623986273523,0.007034923494413867,0.05,200,20260906,False
2015H1-R,20260906,"all, cohorts resampled",abs_log_oe,tabpfn - scorecard,0.35256973389533314,0.3266521107130804,0.3826114919616583,0.01969478631616922,0.05,200,20260906,True
2015H1-R,20260906,"all, cohorts resampled",abs_log_oe,tabicl - scorecard,0.2497472330250464,0.2147270593588064,0.2837832798201157,0.02465209581336622,0.05,200,20260906,True
2015H1-R,20260906,"all, cohorts resampled",abs_log_oe,tabicl@t1 - scorecard,-0.11568298271916327,-0.1425983328139475,-0.08979984004103983,0.017802401757560603,0.05,200,20260906,True
2015H1-R,20260906,"all, cohorts resampled",abs_log_oe,tabpfn@t1 - scorecard,-0.026223848973300174,-0.04528928441456722,-0.0036802425032106236,0.014034932320680298,0.05,200,20260906,True
2015H1-R,20260906,"all, cohorts resampled",abs_log_oe,gbm-50k - gbm,0.025561176678658204,0.012221206668694026,0.03696142451901066,0.006945453782208431,0.05,200,20260906,True
2015H1-R,20260906,"all, cohorts resampled",abs_log_oe,tabpfn - gbm,0.3809170356774183,0.3559063179066874,0.410058850093449,0.01928271681205663,0.05,200,20260906,True
2015H1-R,20260906,"all, cohorts resampled",abs_log_oe,tabicl - gbm,0.27809453480713153,0.2452110834744308,0.3094532276152294,0.024083053921654458,0.05,200,20260906,True
2015H1-R,20260906,"all, cohorts resampled",abs_log_oe,tabicl@t1 - gbm,-0.08733568093707811,-0.11074307367044837,-0.06346148839144686,0.017026909594427684,0.05,200,20260906,True
2015H1-R,20260906,"all, cohorts resampled",abs_log_oe,tabpfn@t1 - gbm,0.0021234528087849904,-0.014981849473037167,0.02288286784424631,0.013404100709885706,0.05,200,20260906,False
2015H1-R,20260906,"all, cohorts resampled",abs_log_oe,tabpfn - gbm-50k,0.35535585899876015,0.3340808754173198,0.3775024206336394,0.013560506261464588,0.05,200,20260906,True
2015H1-R,20260906,"all, cohorts resampled",abs_log_oe,tabicl - gbm-50k,0.2525333581284734,0.2213513684293639,0.27852205112673956,0.018505340667186586,0.05,200,20260906,True
2015H1-R,20260906,"all, cohorts resampled",abs_log_oe,tabicl@t1 - gbm-50k,-0.11289685761573631,-0.1359311583086705,-0.09541065611013597,0.011841618080002248,0.05,200,20260906,True
2015H1-R,20260906,"all, cohorts resampled",abs_log_oe,tabpfn@t1 - gbm-50k,-0.023437723869873212,-0.039405355720893945,-0.008470335447388495,0.008199131106333486,0.05,200,20260906,True
2015H1-R,20260906,"all, cohorts resampled",abs_log_oe,tabicl - tabpfn,-0.10282250087028677,-0.1148747627736576,-0.09273199724844523,0.007053530118031505,0.05,200,20260906,True
2015H1-R,20260906,"all, cohorts resampled",abs_log_oe,tabicl@t1 - tabpfn,-0.46825271661449647,-0.47797472572966004,-0.4586823527420568,0.005250838574606042,0.05,200,20260906,True
2015H1-R,20260906,"all, cohorts resampled",abs_log_oe,tabpfn@t1 - tabpfn,-0.37879358286863335,-0.3885591683156415,-0.37045975805143555,0.006140991748285609,0.05,200,20260906,True
2015H1-R,20260906,"all, cohorts resampled",abs_log_oe,tabicl@t1 - tabicl,-0.3654302157442097,-0.37579606725120374,-0.35452658906506546,0.007328137223458234,0.05,200,20260906,True
2015H1-R,20260906,"all, cohorts resampled",abs_log_oe,tabpfn@t1 - tabicl,-0.2759710819983466,-0.29022755309078296,-0.2582007077437337,0.011553455198375627,0.05,200,20260906,True
2015H1-R,20260906,"all, cohorts resampled",abs_log_oe,tabpfn@t1 - tabicl@t1,0.0894591337458631,0.08220355784293663,0.09824498920334751,0.004978039950691911,0.05,200,20260906,True
2015H1-R,20260906,"all, cohorts resampled",cox_slope_deviation,gbm - scorecard,0.007215647322173668,-0.02585618906531882,0.030689486581123943,0.01461699255655558,0.05,200,20260906,False
2015H1-R,20260906,"all, cohorts resampled",cox_slope_deviation,gbm-50k - scorecard,0.04681331458097728,-0.01156804641462824,0.0876651424821549,0.028960884571234382,0.05,200,20260906,False
2015H1-R,20260906,"all, cohorts resampled",cox_slope_deviation,tabpfn - scorecard,0.0510359732418015,-0.028991981853975852,0.12135578357502344,0.04556429400266145,0.05,200,20260906,False
2015H1-R,20260906,"all, cohorts resampled",cox_slope_deviation,tabicl - scorecard,0.07191547766304493,-0.0279355548814176,0.167279269676682,0.05861797016083099,0.05,200,20260906,False
2015H1-R,20260906,"all, cohorts resampled",cox_slope_deviation,tabicl@t1 - scorecard,0.022612469579698976,-0.02780474053513378,0.08121789739794935,0.029165270040995936,0.05,200,20260906,False
2015H1-R,20260906,"all, cohorts resampled",cox_slope_deviation,tabpfn@t1 - scorecard,0.02238415065403565,-0.03732107828978504,0.08721583579426972,0.03251384428188274,0.05,200,20260906,False
2015H1-R,20260906,"all, cohorts resampled",cox_slope_deviation,gbm-50k - gbm,0.03959766725880361,-0.02816847436298379,0.07548213087885436,0.026516684239612523,0.05,200,20260906,False
2015H1-R,20260906,"all, cohorts resampled",cox_slope_deviation,tabpfn - gbm,0.04382032591962783,-0.031047086101207853,0.1285033307807248,0.04982169135404454,0.05,200,20260906,False
2015H1-R,20260906,"all, cohorts resampled",cox_slope_deviation,tabicl - gbm,0.06469983034087126,-0.039394206869401364,0.17103953422184445,0.06296269024021459,0.05,200,20260906,False
2015H1-R,20260906,"all, cohorts resampled",cox_slope_deviation,tabicl@t1 - gbm,0.015396822257525306,-0.0357382614083669,0.08485315831883537,0.032238998979965294,0.05,200,20260906,False
2015H1-R,20260906,"all, cohorts resampled",cox_slope_deviation,tabpfn@t1 - gbm,0.015168503331861982,-0.04613980994657852,0.06933189550294129,0.03261655140654597,0.05,200,20260906,False
2015H1-R,20260906,"all, cohorts resampled",cox_slope_deviation,tabpfn - gbm-50k,0.004222658660824223,-0.09303830862257724,0.09372367006933066,0.05567334283439677,0.05,200,20260906,False
2015H1-R,20260906,"all, cohorts resampled",cox_slope_deviation,tabicl - gbm-50k,0.02510216308206765,-0.1048257351524447,0.13633888932190308,0.06469618899413451,0.05,200,20260906,False
2015H1-R,20260906,"all, cohorts resampled",cox_slope_deviation,tabicl@t1 - gbm-50k,-0.0242008450012783,-0.07184464448625652,0.050929236705055544,0.031994211699849506,0.05,200,20260906,False
2015H1-R,20260906,"all, cohorts resampled",cox_slope_deviation,tabpfn@t1 - gbm-50k,-0.024429163926941624,-0.09686043572313026,0.015751075872773145,0.030858353914100647,0.05,200,20260906,False
2015H1-R,20260906,"all, cohorts resampled",cox_slope_deviation,tabicl - tabpfn,0.020879504421243433,-0.011572989990174663,0.051237292181788054,0.02265679239090292,0.05,200,20260906,False
2015H1-R,20260906,"all, cohorts resampled",cox_slope_deviation,tabicl@t1 - tabpfn,-0.028423503662102525,-0.08413824066426344,0.03851237291066779,0.03673340772367501,0.05,200,20260906,False
2015H1-R,20260906,"all, cohorts resampled",cox_slope_deviation,tabpfn@t1 - tabpfn,-0.028651822587765847,-0.09086337160662689,0.09744034500887301,0.06438396116184453,0.05,200,20260906,False
2015H1-R,20260906,"all, cohorts resampled",cox_slope_deviation,tabicl@t1 - tabicl,-0.04930300808334596,-0.09104088909663513,0.04308696387721029,0.0454805193600936,0.05,200,20260906,False
2015H1-R,20260906,"all, cohorts resampled",cox_slope_deviation,tabpfn@t1 - tabicl,-0.04953132700900928,-0.13796911843901025,0.10770705708719858,0.07689691195946553,0.05,200,20260906,False
2015H1-R,20260906,"all, cohorts resampled",cox_slope_deviation,tabpfn@t1 - tabicl@t1,-0.00022831892566332426,-0.050868056496682426,0.057538139477081425,0.03385166716108313,0.05,200,20260906,False
2015H1-R,20260906,"all, cohorts resampled",psi,gbm - scorecard,-0.006697643773835929,-0.00915297896643521,-0.0036781618261782535,0.0014140003889423491,0.05,200,20260906,True
2015H1-R,20260906,"all, cohorts resampled",psi,gbm-50k - scorecard,-0.005321420672337843,-0.01904135456133568,0.007654649479723107,0.008154751543902597,0.05,200,20260906,False
2015H1-R,20260906,"all, cohorts resampled",psi,tabpfn - scorecard,-0.0099752491750096,-0.018792266552607535,1.2642426483109569e-05,0.0052972340270302535,0.05,200,20260906,False
2015H1-R,20260906,"all, cohorts resampled",psi,tabicl - scorecard,-0.01852080831451171,-0.03208686187500274,-0.006861952459713671,0.006000112615383698,0.05,200,20260906,True
2015H1-R,20260906,"all, cohorts resampled",psi,tabicl@t1 - scorecard,-0.01852080831451171,-0.03208686187500274,-0.006861952459713671,0.006000112615383698,0.05,200,20260906,True
2015H1-R,20260906,"all, cohorts resampled",psi,tabpfn@t1 - scorecard,-0.009927240349626977,-0.01871530160438273,4.2185943271572664e-05,0.005291716159983459,0.05,200,20260906,False
2015H1-R,20260906,"all, cohorts resampled",psi,gbm-50k - gbm,0.001376223101498086,-0.010083053565332735,0.01581804435297448,0.008322139744678771,0.05,200,20260906,False
2015H1-R,20260906,"all, cohorts resampled",psi,tabpfn - gbm,-0.003277605401173672,-0.011011926285635128,0.005162279863547433,0.004829294894777979,0.05,200,20260906,False
2015H1-R,20260906,"all, cohorts resampled",psi,tabicl - gbm,-0.011823164540675779,-0.021475474330880567,-0.002878917927002444,0.005016598201653273,0.05,200,20260906,True
2015H1-R,20260906,"all, cohorts resampled",psi,tabicl@t1 - gbm,-0.011823164540675779,-0.021475474330880567,-0.002878917927002444,0.005016598201653273,0.05,200,20260906,True
2015H1-R,20260906,"all, cohorts resampled",psi,tabpfn@t1 - gbm,-0.0032295965757910485,-0.010978564091917756,0.005207392102842325,0.004825936987673916,0.05,200,20260906,False
2015H1-R,20260906,"all, cohorts resampled",psi,tabpfn - gbm-50k,-0.004653828502671758,-0.01637183185039884,0.0071585289971439255,0.006986181458299624,0.05,200,20260906,False
2015H1-R,20260906,"all, cohorts resampled",psi,tabicl - gbm-50k,-0.013199387642173864,-0.029944833347606125,0.0005137697172080614,0.009216654958441288,0.05,200,20260906,False
2015H1-R,20260906,"all, cohorts resampled",psi,tabicl@t1 - gbm-50k,-0.013199387642173864,-0.029944833347606125,0.0005137697172080614,0.009216654958441288,0.05,200,20260906,False
2015H1-R,20260906,"all, cohorts resampled",psi,tabpfn@t1 - gbm-50k,-0.004605819677289134,-0.016327735240686654,0.007218754989516437,0.006975544273014781,0.05,200,20260906,False
2015H1-R,20260906,"all, cohorts resampled",psi,tabicl - tabpfn,-0.008545559139502107,-0.018347841783820176,0.0016617450176199034,0.005398539592547916,0.05,200,20260906,False
2015H1-R,20260906,"all, cohorts resampled",psi,tabicl@t1 - tabpfn,-0.008545559139502107,-0.018347841783820176,0.0016617450176199034,0.005398539592547916,0.05,200,20260906,False
2015H1-R,20260906,"all, cohorts resampled",psi,tabpfn@t1 - tabpfn,4.800882538262321e-05,-9.437975432127331e-06,0.00010637317889751986,2.9749309024078027e-05,0.05,200,20260906,False
2015H1-R,20260906,"all, cohorts resampled",psi,tabicl@t1 - tabicl,0.0,0.0,0.0,0.0,0.05,200,20260906,False
2015H1-R,20260906,"all, cohorts resampled",psi,tabpfn@t1 - tabicl,0.008593567964884731,-0.0016380806878263832,0.018398165311865618,0.00540901362299528,0.05,200,20260906,False
2015H1-R,20260906,"all, cohorts resampled",psi,tabpfn@t1 - tabicl@t1,0.008593567964884731,-0.0016380806878263832,0.018398165311865618,0.00540901362299528,0.05,200,20260906,False
2015H1-R,20260907,all,gini,gbm - scorecard,0.015866504906990098,0.01175242020978232,0.020123458378474506,0.0022886260204430767,0.05,200,20260907,True
2015H1-R,20260907,all,gini,gbm-50k - scorecard,0.0016891978767311078,-0.012269146417473679,0.010768019159333614,0.0074188715155200525,0.05,200,20260907,False
2015H1-R,20260907,all,gini,tabpfn - scorecard,0.01943264340329942,0.008940465984792907,0.031255533921431176,0.006842579305352956,0.05,200,20260907,True
2015H1-R,20260907,all,gini,tabicl - scorecard,0.02209181902009692,0.01514404704273484,0.029620139821656906,0.00372676955592686,0.05,200,20260907,True
2015H1-R,20260907,all,gini,tabicl@t1 - scorecard,0.02209181902009692,0.01514404704273484,0.029620139821656906,0.00372676955592686,0.05,200,20260907,True
2015H1-R,20260907,all,gini,tabpfn@t1 - scorecard,0.019419413347017134,0.008924924590710922,0.031242859878561215,0.006849556795029558,0.05,200,20260907,True
2015H1-R,20260907,all,gini,gbm-50k - gbm,-0.01417730703025899,-0.026660906601131632,-0.004787647280194505,0.0073333328147612235,0.05,200,20260907,True
2015H1-R,20260907,all,gini,tabpfn - gbm,0.0035661384963093234,-0.005741685506658585,0.01466644980416752,0.0065820004228996495,0.05,200,20260907,False
2015H1-R,20260907,all,gini,tabicl - gbm,0.006225314113106821,0.0004965682952382603,0.01270341761970933,0.0033304693145840536,0.05,200,20260907,True
2015H1-R,20260907,all,gini,tabicl@t1 - gbm,0.006225314113106821,0.0004965682952382603,0.01270341761970933,0.0033304693145840536,0.05,200,20260907,True
2015H1-R,20260907,all,gini,tabpfn@t1 - gbm,0.003552908440027036,-0.005759237321575387,0.014656888187985627,0.006588990795443518,0.05,200,20260907,False
2015H1-R,20260907,all,gini,tabpfn - gbm-50k,0.017743445526568313,0.00965436048613808,0.02553580986401371,0.004610131496916705,0.05,200,20260907,True
2015H1-R,20260907,all,gini,tabicl - gbm-50k,0.02040262114336581,0.013061987736423622,0.03080146452396617,0.005942609866719876,0.05,200,20260907,True
2015H1-R,20260907,all,gini,tabicl@t1 - gbm-50k,0.02040262114336581,0.013061987736423622,0.03080146452396617,0.005942609866719876,0.05,200,20260907,True
2015H1-R,20260907,all,gini,tabpfn@t1 - gbm-50k,0.017730215470286026,0.009630842702765048,0.025533268729202068,0.0046121016081510395,0.05,200,20260907,True
2015H1-R,20260907,all,gini,tabicl - tabpfn,0.002659175616797497,-0.0034165449402033866,0.009417870456877836,0.004011645532583337,0.05,200,20260907,False
2015H1-R,20260907,all,gini,tabicl@t1 - tabpfn,0.002659175616797497,-0.0034165449402033866,0.009417870456877836,0.004011645532583337,0.05,200,20260907,False
2015H1-R,20260907,all,gini,tabpfn@t1 - tabpfn,-1.323005628228735e-05,-3.048888607130318e-05,6.525019587338977e-06,9.911656735622619e-06,0.05,200,20260907,False
2015H1-R,20260907,all,gini,tabicl@t1 - tabicl,0.0,0.0,0.0,0.0,0.05,200,20260907,False
2015H1-R,20260907,all,gini,tabpfn@t1 - tabicl,-0.0026724056730797843,-0.009431542019471733,0.003413174331007824,0.004018818937076465,0.05,200,20260907,False
2015H1-R,20260907,all,gini,tabpfn@t1 - tabicl@t1,-0.0026724056730797843,-0.009431542019471733,0.003413174331007824,0.004018818937076465,0.05,200,20260907,False
2015H1-R,20260907,all,abs_log_oe,gbm - scorecard,-0.028347301782085166,-0.029505914448449938,-0.026884193006411348,0.0006569926560727585,0.05,200,20260907,True
2015H1-R,20260907,all,abs_log_oe,gbm-50k - scorecard,-0.002786125103426962,-0.0102435988443208,0.006038636556471367,0.006055689658909143,0.05,200,20260907,False
2015H1-R,20260907,all,abs_log_oe,tabpfn - scorecard,0.35256973389533314,0.330852722327978,0.3789181926984893,0.01853635962497977,0.05,200,20260907,True
2015H1-R,20260907,all,abs_log_oe,tabicl - scorecard,0.2497472330250464,0.21922246168484977,0.2790782881576648,0.022773525263215702,0.05,200,20260907,True
2015H1-R,20260907,all,abs_log_oe,tabicl@t1 - scorecard,-0.11568298271916327,-0.13677739395776847,-0.09513737094622088,0.01573380113430465,0.05,200,20260907,True
2015H1-R,20260907,all,abs_log_oe,tabpfn@t1 - scorecard,-0.026223848973300174,-0.04100827349885485,-0.008144286359912987,0.01256474034413799,0.05,200,20260907,True
2015H1-R,20260907,all,abs_log_oe,gbm-50k - gbm,0.025561176678658204,0.01806350186647914,0.03449897119554282,0.006061620871261347,0.05,200,20260907,True
2015H1-R,20260907,all,abs_log_oe,tabpfn - gbm,0.3809170356774183,0.3593969557842721,0.4070358523083235,0.01854851427431503,0.05,200,20260907,True
2015H1-R,20260907,all,abs_log_oe,tabicl - gbm,0.27809453480713153,0.24791967336466786,0.30721681940007073,0.022785184240766844,0.05,200,20260907,True
2015H1-R,20260907,all,abs_log_oe,tabicl@t1 - gbm,-0.08733568093707811,-0.10819562411696046,-0.06679503056620677,0.015744970386183183,0.05,200,20260907,True
2015H1-R,20260907,all,abs_log_oe,tabpfn@t1 - gbm,0.0021234528087849904,-0.012831871591235057,0.020113362299202863,0.012575670866430692,0.05,200,20260907,False
2015H1-R,20260907,all,abs_log_oe,tabpfn - gbm-50k,0.35535585899876015,0.3405668175247534,0.3733205280937242,0.012543739815525536,0.05,200,20260907,True
2015H1-R,20260907,all,abs_log_oe,tabicl - gbm-50k,0.2525333581284734,0.2290168926491701,0.2736183005222624,0.017016396500593143,0.05,200,20260907,True
2015H1-R,20260907,all,abs_log_oe,tabicl@t1 - gbm-50k,-0.11289685761573631,-0.12715843405703214,-0.10048342062668736,0.009992604935373028,0.05,200,20260907,True
2015H1-R,20260907,all,abs_log_oe,tabpfn@t1 - gbm-50k,-0.023437723869873212,-0.03169694591693835,-0.013866310858163639,0.006588334926356292,0.05,200,20260907,True
2015H1-R,20260907,all,abs_log_oe,tabicl - tabpfn,-0.10282250087028677,-0.11203225974706588,-0.09650922582176326,0.006185343064305301,0.05,200,20260907,True
2015H1-R,20260907,all,abs_log_oe,tabicl@t1 - tabpfn,-0.46825271661449647,-0.4742630220452215,-0.46253792737286703,0.004487496517521256,0.05,200,20260907,True
2015H1-R,20260907,all,abs_log_oe,tabpfn@t1 - tabpfn,-0.37879358286863335,-0.3872709452770042,-0.3720014054157097,0.005983786456217491,0.05,200,20260907,True
2015H1-R,20260907,all,abs_log_oe,tabicl@t1 - tabicl,-0.3654302157442097,-0.374304057184475,-0.3559424656912705,0.007050603171019221,0.05,200,20260907,True
2015H1-R,20260907,all,abs_log_oe,tabpfn@t1 - tabicl,-0.2759710819983466,-0.28771075121399103,-0.2603855930931452,0.010788886455628024,0.05,200,20260907,True
2015H1-R,20260907,all,abs_log_oe,tabpfn@t1 - tabicl@t1,0.0894591337458631,0.0856060075888587,0.09583993326540696,0.004153128027489117,0.05,200,20260907,True
2015H1-R,20260907,all,cox_slope_deviation,gbm - scorecard,0.007215647322173668,-0.016749752202536123,0.020513209502582456,0.009932620037014228,0.05,200,20260907,False
2015H1-R,20260907,all,cox_slope_deviation,gbm-50k - scorecard,0.04681331458097728,-0.009453543740341188,0.08037706705595625,0.024317896652253354,0.05,200,20260907,False
2015H1-R,20260907,all,cox_slope_deviation,tabpfn - scorecard,0.0510359732418015,-0.02943790873832164,0.10369560046285092,0.041124544694092185,0.05,200,20260907,False
2015H1-R,20260907,all,cox_slope_deviation,tabicl - scorecard,0.07191547766304493,-0.02151789770319598,0.14757898333509278,0.05248612620311977,0.05,200,20260907,False
2015H1-R,20260907,all,cox_slope_deviation,tabicl@t1 - scorecard,0.022612469579698976,-0.02057562954250138,0.06032905143583106,0.021502147920093584,0.05,200,20260907,False
2015H1-R,20260907,all,cox_slope_deviation,tabpfn@t1 - scorecard,0.02238415065403565,-0.024835857171751755,0.07582348412954654,0.028671219972056457,0.05,200,20260907,False
2015H1-R,20260907,all,cox_slope_deviation,gbm-50k - gbm,0.03959766725880361,-0.014789919183857888,0.06721177972178237,0.023506340507684177,0.05,200,20260907,False
2015H1-R,20260907,all,cox_slope_deviation,tabpfn - gbm,0.04382032591962783,-0.026703636281298904,0.10859949296689941,0.04153919351959996,0.05,200,20260907,False
2015H1-R,20260907,all,cox_slope_deviation,tabicl - gbm,0.06469983034087126,-0.028771255427068224,0.1509195911575447,0.05283118764011914,0.05,200,20260907,False
2015H1-R,20260907,all,cox_slope_deviation,tabicl@t1 - gbm,0.015396822257525306,-0.022125411812731307,0.06242604492404823,0.021616968447917953,0.05,200,20260907,False
2015H1-R,20260907,all,cox_slope_deviation,tabpfn@t1 - gbm,0.015168503331861982,-0.02815298949757111,0.06441342034688034,0.029183336313053223,0.05,200,20260907,False
2015H1-R,20260907,all,cox_slope_deviation,tabpfn - gbm-50k,0.004222658660824223,-0.08249652569648878,0.060779855635856854,0.04990625527044397,0.05,200,20260907,False
2015H1-R,20260907,all,cox_slope_deviation,tabicl - gbm-50k,0.02510216308206765,-0.08466783848296731,0.10303226499669997,0.056055940482571835,0.05,200,20260907,False
2015H1-R,20260907,all,cox_slope_deviation,tabicl@t1 - gbm-50k,-0.0242008450012783,-0.06152333750963021,0.0197545529369844,0.021405778588036963,0.05,200,20260907,False
2015H1-R,20260907,all,cox_slope_deviation,tabpfn@t1 - gbm-50k,-0.024429163926941624,-0.08389957358448961,0.01186505943610266,0.025514134582281574,0.05,200,20260907,False
2015H1-R,20260907,all,cox_slope_deviation,tabicl - tabpfn,0.020879504421243433,-0.0074855210533786585,0.049569052305690205,0.02075791901635644,0.05,200,20260907,False
2015H1-R,20260907,all,cox_slope_deviation,tabicl@t1 - tabpfn,-0.028423503662102525,-0.07781372043272972,0.034115190070434516,0.03558139786377816,0.05,200,20260907,False
2015H1-R,20260907,all,cox_slope_deviation,tabpfn@t1 - tabpfn,-0.028651822587765847,-0.09178615271849443,0.08207192051283636,0.06291617270141649,0.05,200,20260907,False
2015H1-R,20260907,all,cox_slope_deviation,tabicl@t1 - tabicl,-0.04930300808334596,-0.08973101894669946,0.03710807971390493,0.04185806661073477,0.05,200,20260907,False
2015H1-R,20260907,all,cox_slope_deviation,tabpfn@t1 - tabicl,-0.04953132700900928,-0.13668430898294706,0.08260489767789773,0.07278552556446627,0.05,200,20260907,False
2015H1-R,20260907,all,cox_slope_deviation,tabpfn@t1 - tabicl@t1,-0.00022831892566332426,-0.04892479565999129,0.05457011302263426,0.032423760332653956,0.05,200,20260907,False
2015H1-R,20260907,all,psi,gbm - scorecard,-0.006697643773835929,-0.007324752987262422,-0.006013626534241444,0.00035726645501237973,0.05,200,20260907,True
2015H1-R,20260907,all,psi,gbm-50k - scorecard,-0.005321420672337843,-0.014882424999176113,0.005355437819345753,0.007760668068171012,0.05,200,20260907,False
2015H1-R,20260907,all,psi,tabpfn - scorecard,-0.0099752491750096,-0.015392661894791135,-0.004241285590612846,0.003994772361767753,0.05,200,20260907,True
2015H1-R,20260907,all,psi,tabicl - scorecard,-0.01852080831451171,-0.021360828836736446,-0.016453167441431153,0.0014403839731264342,0.05,200,20260907,True
2015H1-R,20260907,all,psi,tabicl@t1 - scorecard,-0.01852080831451171,-0.021360828836736446,-0.016453167441431153,0.0014403839731264342,0.05,200,20260907,True
2015H1-R,20260907,all,psi,tabpfn@t1 - scorecard,-0.009927240349626977,-0.015329817777852832,-0.004187962604933329,0.003993765820646187,0.05,200,20260907,True
2015H1-R,20260907,all,psi,gbm-50k - gbm,0.001376223101498086,-0.008150746252081576,0.011998242004852396,0.007721738352711987,0.05,200,20260907,False
2015H1-R,20260907,all,psi,tabpfn - gbm,-0.003277605401173672,-0.008551944432323558,0.0023866844630076427,0.003957370225282609,0.05,200,20260907,False
2015H1-R,20260907,all,psi,tabicl - gbm,-0.011823164540675779,-0.01455233915444631,-0.009915959859806124,0.0013644476163839287,0.05,200,20260907,True
2015H1-R,20260907,all,psi,tabicl@t1 - gbm,-0.011823164540675779,-0.01455233915444631,-0.009915959859806124,0.0013644476163839287,0.05,200,20260907,True
2015H1-R,20260907,all,psi,tabpfn@t1 - gbm,-0.0032295965757910485,-0.008515065712999884,0.002465110955230334,0.0039564561244635815,0.05,200,20260907,False
2015H1-R,20260907,all,psi,tabpfn - gbm-50k,-0.004653828502671758,-0.0101759973822663,0.004333178264521861,0.0060970052534622165,0.05,200,20260907,False
2015H1-R,20260907,all,psi,tabicl - gbm-50k,-0.013199387642173864,-0.022739980484888345,-0.00508439867080857,0.006585494036481688,0.05,200,20260907,True
2015H1-R,20260907,all,psi,tabicl@t1 - gbm-50k,-0.013199387642173864,-0.022739980484888345,-0.00508439867080857,0.006585494036481688,0.05,200,20260907,True
2015H1-R,20260907,all,psi,tabpfn@t1 - gbm-50k,-0.004605819677289134,-0.010136433949332165,0.004337235652492949,0.006090930557171674,0.05,200,20260907,False
2015H1-R,20260907,all,psi,tabicl - tabpfn,-0.008545559139502107,-0.013137413800889832,-0.0031163714253428162,0.003606725749139637,0.05,200,20260907,True
2015H1-R,20260907,all,psi,tabicl@t1 - tabpfn,-0.008545559139502107,-0.013137413800889832,-0.0031163714253428162,0.003606725749139637,0.05,200,20260907,True
2015H1-R,20260907,all,psi,tabpfn@t1 - tabpfn,4.800882538262321e-05,1.1226193511323665e-05,7.960166119544448e-05,1.755552566985691e-05,0.05,200,20260907,True
2015H1-R,20260907,all,psi,tabicl@t1 - tabicl,0.0,0.0,0.0,0.0,0.05,200,20260907,False
2015H1-R,20260907,all,psi,tabpfn@t1 - tabicl,0.008593567964884731,0.003148517625417065,0.01317886715973771,0.0036041159533278027,0.05,200,20260907,True
2015H1-R,20260907,all,psi,tabpfn@t1 - tabicl@t1,0.008593567964884731,0.003148517625417065,0.01317886715973771,0.0036041159533278027,0.05,200,20260907,True
2015H1-R,20260907,nearest,gini,gbm - scorecard,0.010393447160524871,0.0019825007294116044,0.01808802436298401,0.004012067859045277,0.05,200,20260907,True
2015H1-R,20260907,nearest,gini,gbm-50k - scorecard,-0.0011583690172430143,-0.017976276721199877,0.011014615735836831,0.00870015945868107,0.05,200,20260907,False
2015H1-R,20260907,nearest,gini,tabpfn - scorecard,0.011779335467333155,-0.0030235918894651517,0.02233534937113448,0.006892913039745554,0.05,200,20260907,False
2015H1-R,20260907,nearest,gini,tabicl - scorecard,0.017269999991009404,0.006932698456642161,0.026697458465991572,0.005070292990083539,0.05,200,20260907,True
2015H1-R,20260907,nearest,gini,tabicl@t1 - scorecard,0.017269999991009404,0.006932698456642161,0.026697458465991572,0.005070292990083539,0.05,200,20260907,True
2015H1-R,20260907,nearest,gini,tabpfn@t1 - scorecard,0.011767030916092805,-0.003057863006511804,0.022327484998210342,0.006900048169883776,0.05,200,20260907,False
2015H1-R,20260907,nearest,gini,gbm-50k - gbm,-0.011551816177767885,-0.026213872733260774,0.0026743928413535414,0.008174934068987335,0.05,200,20260907,False
2015H1-R,20260907,nearest,gini,tabpfn - gbm,0.0013858883068082843,-0.011111593868159653,0.012453773993208277,0.006213393084700913,0.05,200,20260907,False
2015H1-R,20260907,nearest,gini,tabicl - gbm,0.006876552830484532,-0.0011531916260859114,0.016330452282462417,0.004531767755371679,0.05,200,20260907,False
2015H1-R,20260907,nearest,gini,tabicl@t1 - gbm,0.006876552830484532,-0.0011531916260859114,0.016330452282462417,0.004531767755371679,0.05,200,20260907,False
2015H1-R,20260907,nearest,gini,tabpfn@t1 - gbm,0.0013735837555679347,-0.011144915778347956,0.012444248415786426,0.006220220067458333,0.05,200,20260907,False
2015H1-R,20260907,nearest,gini,tabpfn - gbm-50k,0.01293770448457617,0.0016713223545439715,0.025713365159912478,0.0065468507694126914,0.05,200,20260907,True
2015H1-R,20260907,nearest,gini,tabicl - gbm-50k,0.018428369008252416,0.004549046025531108,0.03403144025298095,0.007727677054309706,0.05,200,20260907,True
2015H1-R,20260907,nearest,gini,tabicl@t1 - gbm-50k,0.018428369008252416,0.004549046025531108,0.03403144025298095,0.007727677054309706,0.05,200,20260907,True
2015H1-R,20260907,nearest,gini,tabpfn@t1 - gbm-50k,0.01292539993333582,0.0016630513621101039,0.025716385901866725,0.00654685219153371,0.05,200,20260907,True
2015H1-R,20260907,nearest,gini,tabicl - tabpfn,0.0054906645236762475,2.6675868746740925e-05,0.012844582681498845,0.003543344229169663,0.05,200,20260907,True
2015H1-R,20260907,nearest,gini,tabicl@t1 - tabpfn,0.0054906645236762475,2.6675868746740925e-05,0.012844582681498845,0.003543344229169663,0.05,200,20260907,True
2015H1-R,20260907,nearest,gini,tabpfn@t1 - tabpfn,-1.2304551240349682e-05,-4.5995301256780694e-05,1.5095717070170991e-05,1.7175572817370076e-05,0.05,200,20260907,False
2015H1-R,20260907,nearest,gini,tabicl@t1 - tabicl,0.0,0.0,0.0,0.0,0.05,200,20260907,False
2015H1-R,20260907,nearest,gini,tabpfn@t1 - tabicl,-0.005502969074916597,-0.012886147794182947,-3.252177810655087e-05,0.003551727968302959,0.05,200,20260907,True
2015H1-R,20260907,nearest,gini,tabpfn@t1 - tabicl@t1,-0.005502969074916597,-0.012886147794182947,-3.252177810655087e-05,0.003551727968302959,0.05,200,20260907,True
2015H1-R,20260907,nearest,abs_log_oe,gbm - scorecard,-0.021702344419231023,-0.02427615415254567,-0.019141969725353272,0.00132834195818818,0.05,200,20260907,True
2015H1-R,20260907,nearest,abs_log_oe,gbm-50k - scorecard,-0.003640662406594164,-0.021959295115567875,0.008326710054483037,0.011680819524106514,0.05,200,20260907,False
2015H1-R,20260907,nearest,abs_log_oe,tabpfn - scorecard,0.36824888485135454,0.3384033805196443,0.3920478940171867,0.019820995645264964,0.05,200,20260907,True
2015H1-R,20260907,nearest,abs_log_oe,tabicl - scorecard,0.26545849277336986,0.22885145020531208,0.2893751162814439,0.02405596892163212,0.05,200,20260907,True
2015H1-R,20260907,nearest,abs_log_oe,tabicl@t1 - scorecard,-0.09732620905398898,-0.12385442112828358,-0.08172238361145445,0.01703120893534513,0.05,200,20260907,True
2015H1-R,20260907,nearest,abs_log_oe,tabpfn@t1 - scorecard,-0.007750458183552429,-0.02972870596389554,0.007566329961260634,0.014116830053826534,0.05,200,20260907,False
2015H1-R,20260907,nearest,abs_log_oe,gbm-50k - gbm,0.01806168201263686,-0.00047358454309899805,0.029088488365361962,0.011825786247409665,0.05,200,20260907,False
2015H1-R,20260907,nearest,abs_log_oe,tabpfn - gbm,0.38995122927058556,0.36089888770344636,0.41339445564141064,0.01996987937932071,0.05,200,20260907,True
2015H1-R,20260907,nearest,abs_log_oe,tabicl - gbm,0.2871608371926009,0.2506984499375853,0.31080727655265233,0.02421135657735343,0.05,200,20260907,True
2015H1-R,20260907,nearest,abs_log_oe,tabicl@t1 - gbm,-0.07562386463475795,-0.10150103435564438,-0.06009233167723979,0.01718407998159304,0.05,200,20260907,True
2015H1-R,20260907,nearest,abs_log_oe,tabpfn@t1 - gbm,0.013951886235678593,-0.007447741132137045,0.02902750398610257,0.014266229907220027,0.05,200,20260907,False
2015H1-R,20260907,nearest,abs_log_oe,tabpfn - gbm-50k,0.37188954725794865,0.3593310559519128,0.38796556379651825,0.009977352916863682,0.05,200,20260907,True
2015H1-R,20260907,nearest,abs_log_oe,tabicl - gbm-50k,0.26909915517996397,0.2495289017811672,0.28595714199542194,0.012985435279859197,0.05,200,20260907,True
2015H1-R,20260907,nearest,abs_log_oe,tabicl@t1 - gbm-50k,-0.09368554664739481,-0.10273233366085677,-0.08538337831790331,0.00581115150353309,0.05,200,20260907,True
2015H1-R,20260907,nearest,abs_log_oe,tabpfn@t1 - gbm-50k,-0.004109795776958265,-0.009118817324927548,0.0033548756879972644,0.004038070353842127,0.05,200,20260907,False
2015H1-R,20260907,nearest,abs_log_oe,tabicl - tabpfn,-0.10279039207798468,-0.11069168531897777,-0.0951622277397884,0.005548976355474465,0.05,200,20260907,True
2015H1-R,20260907,nearest,abs_log_oe,tabicl@t1 - tabpfn,-0.4655750939053435,-0.473878891845546,-0.45978608316042024,0.005383049141526603,0.05,200,20260907,True
2015H1-R,20260907,nearest,abs_log_oe,tabpfn@t1 - tabpfn,-0.37599934303490695,-0.38469299983644173,-0.3680592994957827,0.006181325612068717,0.05,200,20260907,True
2015H1-R,20260907,nearest,abs_log_oe,tabicl@t1 - tabicl,-0.36278470182735884,-0.37153154249710907,-0.3521296813865567,0.007266221814538746,0.05,200,20260907,True
2015H1-R,20260907,nearest,abs_log_oe,tabpfn@t1 - tabicl,-0.27320895095692227,-0.2831429213678175,-0.25775357774013335,0.010006930789945875,0.05,200,20260907,True
2015H1-R,20260907,nearest,abs_log_oe,tabpfn@t1 - tabicl@t1,0.08957575087043655,0.08469789395750668,0.09475437043346635,0.0034438336045701677,0.05,200,20260907,True
2015H1-R,20260907,nearest,cox_slope_deviation,gbm - scorecard,0.034417326032773074,-0.0034656425775218868,0.0529509273602908,0.015087771621310827,0.05,200,20260907,False
2015H1-R,20260907,nearest,cox_slope_deviation,gbm-50k - scorecard,0.04338310384291538,-0.09976342103100692,0.11766361112482879,0.07229587978744915,0.05,200,20260907,False
2015H1-R,20260907,nearest,cox_slope_deviation,tabpfn - scorecard,-0.002930733879374594,-0.09691452358818292,0.09206167268024354,0.04638745750455609,0.05,200,20260907,False
2015H1-R,20260907,nearest,cox_slope_deviation,tabicl - scorecard,-0.0053712358202528355,-0.09426573482378826,0.11507576259832657,0.05693607204007549,0.05,200,20260907,False
2015H1-R,20260907,nearest,cox_slope_deviation,tabicl@t1 - scorecard,-0.010798019663836178,-0.0968921812202125,0.06081132133379138,0.047441921951545424,0.05,200,20260907,False
2015H1-R,20260907,nearest,cox_slope_deviation,tabpfn@t1 - scorecard,-0.00731017444993461,-0.08087102063375826,0.10639403973282889,0.06471649905303398,0.05,200,20260907,False
2015H1-R,20260907,nearest,cox_slope_deviation,gbm-50k - gbm,0.008965777810142314,-0.12525953013538668,0.08502932991753759,0.07116910376633122,0.05,200,20260907,False
2015H1-R,20260907,nearest,cox_slope_deviation,tabpfn - gbm,-0.03734805991214767,-0.1328819236767113,0.0794997275691772,0.05043776528783147,0.05,200,20260907,False
2015H1-R,20260907,nearest,cox_slope_deviation,tabicl - gbm,-0.03978856185302591,-0.13001042106091013,0.10609768724307754,0.06019409048943989,0.05,200,20260907,False
2015H1-R,20260907,nearest,cox_slope_deviation,tabicl@t1 - gbm,-0.04521534569660925,-0.1420642931741801,0.02865571703456149,0.049853541641647986,0.05,200,20260907,False
2015H1-R,20260907,nearest,cox_slope_deviation,tabpfn@t1 - gbm,-0.04172750048270768,-0.12191044895414711,0.07638010156485132,0.06596726271053524,0.05,200,20260907,False
2015H1-R,20260907,nearest,cox_slope_deviation,tabpfn - gbm-50k,-0.046313837722289974,-0.19019073252362953,0.07472246149454587,0.08048115480894164,0.05,200,20260907,False
2015H1-R,20260907,nearest,cox_slope_deviation,tabicl - gbm-50k,-0.04875433966316822,-0.17334039351080746,0.06759097277799067,0.08018001955969596,0.05,200,20260907,False
2015H1-R,20260907,nearest,cox_slope_deviation,tabicl@t1 - gbm-50k,-0.05418112350675156,-0.2084180855228256,0.048495292041937796,0.07127496350884525,0.05,200,20260907,False
2015H1-R,20260907,nearest,cox_slope_deviation,tabpfn@t1 - gbm-50k,-0.05069327829285,-0.18064913256803733,0.044807296319532924,0.07337755659030146,0.05,200,20260907,False
2015H1-R,20260907,nearest,cox_slope_deviation,tabicl - tabpfn,-0.002440501940878241,-0.044823981780465184,0.05019918940756369,0.029255171541074612,0.05,200,20260907,False
2015H1-R,20260907,nearest,cox_slope_deviation,tabicl@t1 - tabpfn,-0.00786728578446158,-0.09127783887009494,0.08020985126000327,0.05239915514517363,0.05,200,20260907,False
2015H1-R,20260907,nearest,cox_slope_deviation,tabpfn@t1 - tabpfn,-0.004379440570560019,-0.09635712289585444,0.12091888919329981,0.07441511914162702,0.05,200,20260907,False
2015H1-R,20260907,nearest,cox_slope_deviation,tabicl@t1 - tabicl,-0.0054267838435833465,-0.09740605655057608,0.11534865065053629,0.07342123431265067,0.05,200,20260907,False
2015H1-R,20260907,nearest,cox_slope_deviation,tabpfn@t1 - tabicl,-0.00193893862968178,-0.1363353055547177,0.16432104523510926,0.09514952215893714,0.05,200,20260907,False
2015H1-R,20260907,nearest,cox_slope_deviation,tabpfn@t1 - tabicl@t1,0.0034878452139015643,-0.043267275924816245,0.05498714994383788,0.02790918741310307,0.05,200,20260907,False
2015H1-R,20260907,nearest,psi,gbm - scorecard,-0.0022108252701800966,-0.003464408494593575,-0.001163040081135855,0.0005920958645275903,0.05,200,20260907,True
2015H1-R,20260907,nearest,psi,gbm-50k - scorecard,-0.006627712454303443,-0.00974199309249605,-0.0024159804936813405,0.0025259677755900827,0.05,200,20260907,True
2015H1-R,20260907,nearest,psi,tabpfn - scorecard,0.0011449633047052096,-0.01149815028628,0.008265190431901971,0.00801775781149431,0.05,200,20260907,False
2015H1-R,20260907,nearest,psi,tabicl - scorecard,-0.012731486229881588,-0.01820177696077225,-0.006541371650749774,0.0038208597106215224,0.05,200,20260907,True
2015H1-R,20260907,nearest,psi,tabicl@t1 - scorecard,-0.012731486229881588,-0.01820177696077225,-0.006541371650749774,0.0038208597106215224,0.05,200,20260907,True
2015H1-R,20260907,nearest,psi,tabpfn@t1 - scorecard,0.0012185092675667537,-0.011404684011039742,0.008349751937446033,0.008005204234817907,0.05,200,20260907,False
2015H1-R,20260907,nearest,psi,gbm-50k - gbm,-0.004416887184123346,-0.007738158869062797,-0.0002317670473906097,0.002539263215471597,0.05,200,20260907,True
2015H1-R,20260907,nearest,psi,tabpfn - gbm,0.003355788574885306,-0.008989784739082286,0.01043288495867513,0.007987526071908401,0.05,200,20260907,False
2015H1-R,20260907,nearest,psi,tabicl - gbm,-0.010520660959701493,-0.01600635572992131,-0.004627908186173588,0.003807505662775597,0.05,200,20260907,True
2015H1-R,20260907,nearest,psi,tabicl@t1 - gbm,-0.010520660959701493,-0.01600635572992131,-0.004627908186173588,0.003807505662775597,0.05,200,20260907,True
2015H1-R,20260907,nearest,psi,tabpfn@t1 - gbm,0.00342933453774685,-0.008896450935111211,0.010514552207572157,0.007975186414276985,0.05,200,20260907,False
2015H1-R,20260907,nearest,psi,tabpfn - gbm-50k,0.007772675759008652,-0.0023401441783604954,0.015643820831647472,0.006867873544424074,0.05,200,20260907,False
2015H1-R,20260907,nearest,psi,tabicl - gbm-50k,-0.006103773775578146,-0.009166106625352671,-0.003279363355525634,0.0016106418950641852,0.05,200,20260907,True
2015H1-R,20260907,nearest,psi,tabicl@t1 - gbm-50k,-0.006103773775578146,-0.009166106625352671,-0.003279363355525634,0.0016106418950641852,0.05,200,20260907,True
2015H1-R,20260907,nearest,psi,tabpfn@t1 - gbm-50k,0.007846221721870196,-0.002272363283695714,0.01573473444154737,0.006853950926339466,0.05,200,20260907,False
2015H1-R,20260907,nearest,psi,tabicl - tabpfn,-0.0138764495345868,-0.023796441998489855,-0.003772723830070779,0.0070698042928231675,0.05,200,20260907,True
2015H1-R,20260907,nearest,psi,tabicl@t1 - tabpfn,-0.0138764495345868,-0.023796441998489855,-0.003772723830070779,0.0070698042928231675,0.05,200,20260907,True
2015H1-R,20260907,nearest,psi,tabpfn@t1 - tabpfn,7.354596286154406e-05,-4.541193349267244e-06,0.0001461350432714755,3.969994560245024e-05,0.05,200,20260907,False
2015H1-R,20260907,nearest,psi,tabicl@t1 - tabicl,0.0,0.0,0.0,0.0,0.05,200,20260907,False
2015H1-R,20260907,nearest,psi,tabpfn@t1 - tabicl,0.013949995497448344,0.0038485690329190803,0.023902084357092353,0.0070560451958987,0.05,200,20260907,True
2015H1-R,20260907,nearest,psi,tabpfn@t1 - tabicl@t1,0.013949995497448344,0.0038485690329190803,0.023902084357092353,0.0070560451958987,0.05,200,20260907,True
2015H1-R,20260907,"all, cohorts resampled",gini,gbm - scorecard,0.015866504906990098,0.009298239609261941,0.023230782517797255,0.003864907582648889,0.05,200,20260907,True
2015H1-R,20260907,"all, cohorts resampled",gini,gbm-50k - scorecard,0.0016891978767311078,-0.012239366645044877,0.01209900202206175,0.007593994212074063,0.05,200,20260907,False
2015H1-R,20260907,"all, cohorts resampled",gini,tabpfn - scorecard,0.01943264340329942,0.008312131498781647,0.033651811372891145,0.007107096043418308,0.05,200,20260907,True
2015H1-R,20260907,"all, cohorts resampled",gini,tabicl - scorecard,0.02209181902009692,0.013231393163433872,0.030079593314135327,0.00446740114560735,0.05,200,20260907,True
2015H1-R,20260907,"all, cohorts resampled",gini,tabicl@t1 - scorecard,0.02209181902009692,0.013231393163433872,0.030079593314135327,0.00446740114560735,0.05,200,20260907,True
2015H1-R,20260907,"all, cohorts resampled",gini,tabpfn@t1 - scorecard,0.019419413347017134,0.00828945887382686,0.033640159847980064,0.007113639500534757,0.05,200,20260907,True
2015H1-R,20260907,"all, cohorts resampled",gini,gbm-50k - gbm,-0.01417730703025899,-0.02844448462588439,-0.003948605820594798,0.007703292783414701,0.05,200,20260907,True
2015H1-R,20260907,"all, cohorts resampled",gini,tabpfn - gbm,0.0035661384963093234,-0.006662992005475621,0.0172745575433387,0.006617081532399706,0.05,200,20260907,False
2015H1-R,20260907,"all, cohorts resampled",gini,tabicl - gbm,0.006225314113106821,0.0008587276963015995,0.014554354529295115,0.0036491627892622364,0.05,200,20260907,True
2015H1-R,20260907,"all, cohorts resampled",gini,tabicl@t1 - gbm,0.006225314113106821,0.0008587276963015995,0.014554354529295115,0.0036491627892622364,0.05,200,20260907,True
2015H1-R,20260907,"all, cohorts resampled",gini,tabpfn@t1 - gbm,0.003552908440027036,-0.00667312760124264,0.01728105107638149,0.006623279821896962,0.05,200,20260907,False
2015H1-R,20260907,"all, cohorts resampled",gini,tabpfn - gbm-50k,0.017743445526568313,0.008238168166316824,0.02843057389227309,0.005748574442975386,0.05,200,20260907,True
2015H1-R,20260907,"all, cohorts resampled",gini,tabicl - gbm-50k,0.02040262114336581,0.011484643287179668,0.032716371571690404,0.006548724658500291,0.05,200,20260907,True
2015H1-R,20260907,"all, cohorts resampled",gini,tabicl@t1 - gbm-50k,0.02040262114336581,0.011484643287179668,0.032716371571690404,0.006548724658500291,0.05,200,20260907,True
2015H1-R,20260907,"all, cohorts resampled",gini,tabpfn@t1 - gbm-50k,0.017730215470286026,0.008224682647949169,0.028405695430150812,0.005749491767204425,0.05,200,20260907,True
2015H1-R,20260907,"all, cohorts resampled",gini,tabicl - tabpfn,0.002659175616797497,-0.004438598065583723,0.00988873821202272,0.004053044824466202,0.05,200,20260907,False
2015H1-R,20260907,"all, cohorts resampled",gini,tabicl@t1 - tabpfn,0.002659175616797497,-0.004438598065583723,0.00988873821202272,0.004053044824466202,0.05,200,20260907,False
2015H1-R,20260907,"all, cohorts resampled",gini,tabpfn@t1 - tabpfn,-1.323005628228735e-05,-3.6021817446039996e-05,9.808529646666853e-06,1.208049374936873e-05,0.05,200,20260907,False
2015H1-R,20260907,"all, cohorts resampled",gini,tabicl@t1 - tabicl,0.0,0.0,0.0,0.0,0.05,200,20260907,False
2015H1-R,20260907,"all, cohorts resampled",gini,tabpfn@t1 - tabicl,-0.0026724056730797843,-0.009907677893531518,0.004441596644918514,0.004059210644152127,0.05,200,20260907,False
2015H1-R,20260907,"all, cohorts resampled",gini,tabpfn@t1 - tabicl@t1,-0.0026724056730797843,-0.009907677893531518,0.004441596644918514,0.004059210644152127,0.05,200,20260907,False
2015H1-R,20260907,"all, cohorts resampled",abs_log_oe,gbm - scorecard,-0.028347301782085166,-0.03490093553604045,-0.023744699100583636,0.0029897674165306346,0.05,200,20260907,True
2015H1-R,20260907,"all, cohorts resampled",abs_log_oe,gbm-50k - scorecard,-0.002786125103426962,-0.013742100529319626,0.007516268157685199,0.007232642645975772,0.05,200,20260907,False
2015H1-R,20260907,"all, cohorts resampled",abs_log_oe,tabpfn - scorecard,0.35256973389533314,0.3250751501274145,0.38343064807172655,0.019741655058845335,0.05,200,20260907,True
2015H1-R,20260907,"all, cohorts resampled",abs_log_oe,tabicl - scorecard,0.2497472330250464,0.2103244409822309,0.2822947999874663,0.024189615215261112,0.05,200,20260907,True
2015H1-R,20260907,"all, cohorts resampled",abs_log_oe,tabicl@t1 - scorecard,-0.11568298271916327,-0.1439509713788209,-0.09131359460234958,0.01761389277242284,0.05,200,20260907,True
2015H1-R,20260907,"all, cohorts resampled",abs_log_oe,tabpfn@t1 - scorecard,-0.026223848973300174,-0.04672798768903111,-0.0032081816253925768,0.014203480458360326,0.05,200,20260907,True
2015H1-R,20260907,"all, cohorts resampled",abs_log_oe,gbm-50k - gbm,0.025561176678658204,0.014694686311391683,0.03922180014460747,0.006913010385368724,0.05,200,20260907,True
2015H1-R,20260907,"all, cohorts resampled",abs_log_oe,tabpfn - gbm,0.3809170356774183,0.35493722437419073,0.4104912015939466,0.019194285796245714,0.05,200,20260907,True
2015H1-R,20260907,"all, cohorts resampled",abs_log_oe,tabicl - gbm,0.27809453480713153,0.2436923416969637,0.3098196452909561,0.023498778491533066,0.05,200,20260907,True
2015H1-R,20260907,"all, cohorts resampled",abs_log_oe,tabicl@t1 - gbm,-0.08733568093707811,-0.11265998449925646,-0.06370023736746083,0.016684600645990165,0.05,200,20260907,True
2015H1-R,20260907,"all, cohorts resampled",abs_log_oe,tabpfn@t1 - gbm,0.0021234528087849904,-0.01567721792897408,0.02355496262195861,0.01341739432009676,0.05,200,20260907,False
2015H1-R,20260907,"all, cohorts resampled",abs_log_oe,tabpfn - gbm-50k,0.35535585899876015,0.3341480188873616,0.3779334504164069,0.013513058582295269,0.05,200,20260907,True
2015H1-R,20260907,"all, cohorts resampled",abs_log_oe,tabicl - gbm-50k,0.2525333581284734,0.2197495995881884,0.27895367610300936,0.018104108436707105,0.05,200,20260907,True
2015H1-R,20260907,"all, cohorts resampled",abs_log_oe,tabicl@t1 - gbm-50k,-0.11289685761573631,-0.13743090891334603,-0.09461178679720467,0.01159022183829252,0.05,200,20260907,True
2015H1-R,20260907,"all, cohorts resampled",abs_log_oe,tabpfn@t1 - gbm-50k,-0.023437723869873212,-0.038195839295935834,-0.00798878071723699,0.008164929101075111,0.05,200,20260907,True
2015H1-R,20260907,"all, cohorts resampled",abs_log_oe,tabicl - tabpfn,-0.10282250087028677,-0.11527494262939698,-0.09355877171394236,0.0067658914022288765,0.05,200,20260907,True
2015H1-R,20260907,"all, cohorts resampled",abs_log_oe,tabicl@t1 - tabpfn,-0.46825271661449647,-0.4777777677614187,-0.45937557730209344,0.00530511496564519,0.05,200,20260907,True
2015H1-R,20260907,"all, cohorts resampled",abs_log_oe,tabpfn@t1 - tabpfn,-0.37879358286863335,-0.38902390988329055,-0.3708484645829637,0.006064355037703682,0.05,200,20260907,True
2015H1-R,20260907,"all, cohorts resampled",abs_log_oe,tabicl@t1 - tabicl,-0.3654302157442097,-0.3758477205320144,-0.35472230161329255,0.0071257028818758296,0.05,200,20260907,True
2015H1-R,20260907,"all, cohorts resampled",abs_log_oe,tabpfn@t1 - tabicl,-0.2759710819983466,-0.2903033769931801,-0.2574292015420329,0.011099655317422748,0.05,200,20260907,True
2015H1-R,20260907,"all, cohorts resampled",abs_log_oe,tabpfn@t1 - tabicl@t1,0.0894591337458631,0.08241787902532384,0.09855786383493463,0.004764578707347948,0.05,200,20260907,True
2015H1-R,20260907,"all, cohorts resampled",cox_slope_deviation,gbm - scorecard,0.007215647322173668,-0.02795611449900718,0.027866454323208244,0.015225773117792772,0.05,200,20260907,False
2015H1-R,20260907,"all, cohorts resampled",cox_slope_deviation,gbm-50k - scorecard,0.04681331458097728,-0.0285035095997461,0.08938429599073805,0.030649788174029222,0.05,200,20260907,False
2015H1-R,20260907,"all, cohorts resampled",cox_slope_deviation,tabpfn - scorecard,0.0510359732418015,-0.033325930905664616,0.11069101003798598,0.043715752276437134,0.05,200,20260907,False
2015H1-R,20260907,"all, cohorts resampled",cox_slope_deviation,tabicl - scorecard,0.07191547766304493,-0.031719490492791186,0.15811318314701758,0.05652403975491699,0.05,200,20260907,False
2015H1-R,20260907,"all, cohorts resampled",cox_slope_deviation,tabicl@t1 - scorecard,0.022612469579698976,-0.03142691179158544,0.07176911715097838,0.027436583461761768,0.05,200,20260907,False
2015H1-R,20260907,"all, cohorts resampled",cox_slope_deviation,tabpfn@t1 - scorecard,0.02238415065403565,-0.035744458114009746,0.08736146174954477,0.03358342131243721,0.05,200,20260907,False
2015H1-R,20260907,"all, cohorts resampled",cox_slope_deviation,gbm-50k - gbm,0.03959766725880361,-0.03256068078724088,0.07194729589755441,0.027536091003331476,0.05,200,20260907,False
2015H1-R,20260907,"all, cohorts resampled",cox_slope_deviation,tabpfn - gbm,0.04382032591962783,-0.03582529205029494,0.12189177712170125,0.046513733934069365,0.05,200,20260907,False
2015H1-R,20260907,"all, cohorts resampled",cox_slope_deviation,tabicl - gbm,0.06469983034087126,-0.04064808158733063,0.16389202414369955,0.0595154105099671,0.05,200,20260907,False
2015H1-R,20260907,"all, cohorts resampled",cox_slope_deviation,tabicl@t1 - gbm,0.015396822257525306,-0.039645899699990106,0.0787791034367033,0.02853532926454747,0.05,200,20260907,False
2015H1-R,20260907,"all, cohorts resampled",cox_slope_deviation,tabpfn@t1 - gbm,0.015168503331861982,-0.044196507919206325,0.06688577133397916,0.03271333715967745,0.05,200,20260907,False
2015H1-R,20260907,"all, cohorts resampled",cox_slope_deviation,tabpfn - gbm-50k,0.004222658660824223,-0.08974617784787113,0.0862624111546787,0.05353540059645237,0.05,200,20260907,False
2015H1-R,20260907,"all, cohorts resampled",cox_slope_deviation,tabicl - gbm-50k,0.02510216308206765,-0.09271158281873301,0.13806086677666363,0.061864239293420664,0.05,200,20260907,False
2015H1-R,20260907,"all, cohorts resampled",cox_slope_deviation,tabicl@t1 - gbm-50k,-0.0242008450012783,-0.07279438906678652,0.05256711152059829,0.027766799226307277,0.05,200,20260907,False
2015H1-R,20260907,"all, cohorts resampled",cox_slope_deviation,tabpfn@t1 - gbm-50k,-0.024429163926941624,-0.09180557859377829,0.014245819567858016,0.028391400339176472,0.05,200,20260907,False
2015H1-R,20260907,"all, cohorts resampled",cox_slope_deviation,tabicl - tabpfn,0.020879504421243433,-0.011265884545942637,0.051187075092651406,0.02165110946145943,0.05,200,20260907,False
2015H1-R,20260907,"all, cohorts resampled",cox_slope_deviation,tabicl@t1 - tabpfn,-0.028423503662102525,-0.07952023823990996,0.039198499378053475,0.036238850041733425,0.05,200,20260907,False
2015H1-R,20260907,"all, cohorts resampled",cox_slope_deviation,tabpfn@t1 - tabpfn,-0.028651822587765847,-0.09173084283944401,0.09564989197597602,0.06444902510168708,0.05,200,20260907,False
2015H1-R,20260907,"all, cohorts resampled",cox_slope_deviation,tabicl@t1 - tabicl,-0.04930300808334596,-0.08968757457476749,0.04954785074729073,0.04449298378911531,0.05,200,20260907,False
2015H1-R,20260907,"all, cohorts resampled",cox_slope_deviation,tabpfn@t1 - tabicl,-0.04953132700900928,-0.13997191484645594,0.09943580470937595,0.07598777987094203,0.05,200,20260907,False
2015H1-R,20260907,"all, cohorts resampled",cox_slope_deviation,tabpfn@t1 - tabicl@t1,-0.00022831892566332426,-0.050753569732139805,0.05891650972569837,0.03354403146439386,0.05,200,20260907,False
2015H1-R,20260907,"all, cohorts resampled",psi,gbm - scorecard,-0.006697643773835929,-0.00986865338073221,-0.004568477714215145,0.0014666385812902587,0.05,200,20260907,True
2015H1-R,20260907,"all, cohorts resampled",psi,gbm-50k - scorecard,-0.005321420672337843,-0.01987322927485178,0.008638701027758568,0.008449493152994857,0.05,200,20260907,False
2015H1-R,20260907,"all, cohorts resampled",psi,tabpfn - scorecard,-0.0099752491750096,-0.020004930610430585,-0.0014592460656459238,0.005294632934698928,0.05,200,20260907,True
2015H1-R,20260907,"all, cohorts resampled",psi,tabicl - scorecard,-0.01852080831451171,-0.032628875897304455,-0.007237903156696295,0.006479881461929336,0.05,200,20260907,True
2015H1-R,20260907,"all, cohorts resampled",psi,tabicl@t1 - scorecard,-0.01852080831451171,-0.032628875897304455,-0.007237903156696295,0.006479881461929336,0.05,200,20260907,True
2015H1-R,20260907,"all, cohorts resampled",psi,tabpfn@t1 - scorecard,-0.009927240349626977,-0.019944339293973087,-0.00141292830265715,0.0052896259680514255,0.05,200,20260907,True
2015H1-R,20260907,"all, cohorts resampled",psi,gbm-50k - gbm,0.001376223101498086,-0.011126001775876127,0.017832524603417433,0.008528742904514483,0.05,200,20260907,False
2015H1-R,20260907,"all, cohorts resampled",psi,tabpfn - gbm,-0.003277605401173672,-0.011243967153763036,0.004143948463886234,0.0047776536117492925,0.05,200,20260907,False
2015H1-R,20260907,"all, cohorts resampled",psi,tabicl - gbm,-0.011823164540675779,-0.023710900540945126,-0.0022638543578614406,0.00540949884983436,0.05,200,20260907,True
2015H1-R,20260907,"all, cohorts resampled",psi,tabicl@t1 - gbm,-0.011823164540675779,-0.023710900540945126,-0.0022638543578614406,0.00540949884983436,0.05,200,20260907,True
2015H1-R,20260907,"all, cohorts resampled",psi,tabpfn@t1 - gbm,-0.0032295965757910485,-0.011175815970345433,0.004216931947289755,0.004775172843119288,0.05,200,20260907,False
2015H1-R,20260907,"all, cohorts resampled",psi,tabpfn - gbm-50k,-0.004653828502671758,-0.017484217772126574,0.006627896902923016,0.007020434020178806,0.05,200,20260907,False
2015H1-R,20260907,"all, cohorts resampled",psi,tabicl - gbm-50k,-0.013199387642173864,-0.03478888265588982,0.0013103994501311171,0.009241238960646013,0.05,200,20260907,False
2015H1-R,20260907,"all, cohorts resampled",psi,tabicl@t1 - gbm-50k,-0.013199387642173864,-0.03478888265588982,0.0013103994501311171,0.009241238960646013,0.05,200,20260907,False
2015H1-R,20260907,"all, cohorts resampled",psi,tabpfn@t1 - gbm-50k,-0.004605819677289134,-0.01744228520139301,0.006701389630993887,0.007009594951167898,0.05,200,20260907,False
2015H1-R,20260907,"all, cohorts resampled",psi,tabicl - tabpfn,-0.008545559139502107,-0.01937016037216728,0.0005356882746290198,0.005593069383591543,0.05,200,20260907,False
2015H1-R,20260907,"all, cohorts resampled",psi,tabicl@t1 - tabpfn,-0.008545559139502107,-0.01937016037216728,0.0005356882746290198,0.005593069383591543,0.05,200,20260907,False
2015H1-R,20260907,"all, cohorts resampled",psi,tabpfn@t1 - tabpfn,4.800882538262321e-05,-6.388359436741361e-06,0.00010665280388735666,2.9840940523786784e-05,0.05,200,20260907,False
2015H1-R,20260907,"all, cohorts resampled",psi,tabicl@t1 - tabicl,0.0,0.0,0.0,0.0,0.05,200,20260907,False
2015H1-R,20260907,"all, cohorts resampled",psi,tabpfn@t1 - tabicl,0.008593567964884731,-0.00048471056957067303,0.019431105682649902,0.0056046165981629165,0.05,200,20260907,False
2015H1-R,20260907,"all, cohorts resampled",psi,tabpfn@t1 - tabicl@t1,0.008593567964884731,-0.00048471056957067303,0.019431105682649902,0.0056046165981629165,0.05,200,20260907,False
