arm,cohorts,draw,scope,metric,pair,is_difference,value,ci_lo,ci_hi,se,alpha,resamples,seed,excludes_zero,reads_derived
E,all,,arm,auc_slope_build,scorecard,False,-0.0009819205508174618,-0.0014267575762607332,-0.0005754417234402028,0.00021566248189241948,0.05,200,20260905,,False
E,all,,arm,auc_slope_build,gbm,False,-0.001123007459254596,-0.0015340520319731112,-0.000725190006761642,0.00020914013332955052,0.05,200,20260905,,False
E,all,,arm,auc_slope_build,gbm-50k,False,-0.0013091287053500376,-0.0017373164582588619,-0.0008962691827346491,0.00021868720900004502,0.05,200,20260905,,False
E,all,,arm,auc_slope_build,tabpfn,False,-0.0011539416620658229,-0.001625894704719701,-0.0007490064271031964,0.00021997403695537475,0.05,200,20260905,,False
E,all,,arm,auc_slope_build,tabicl,False,-0.001085575931297006,-0.001556960639027385,-0.0006917908608974089,0.00021344654422089266,0.05,200,20260905,,False
E,all,,arm,auc_slope_build,gbm-50k@share,False,-0.0013123268660030021,-0.0017474549538004209,-0.0009133177689331724,0.00021327382548158518,0.05,200,20260905,,False
E,all,,arm,auc_slope_build,tabicl@t1,False,-0.001085575931297006,-0.001556960639027385,-0.0006917908608974089,0.00021344654422089266,0.05,200,20260905,,True
E,all,,arm,auc_slope_build,tabpfn@t1,False,-0.0011536122842186847,-0.0016253965480857997,-0.000748325845205285,0.00021995377822602738,0.05,200,20260905,,False
E,all,,arm,auc_slope_build,gbm - scorecard,True,-0.00014108690843713423,-0.00028005981719859453,-8.870111438053033e-06,6.567810736242234e-05,0.05,200,20260905,True,False
E,all,,arm,auc_slope_build,gbm-50k - scorecard,True,-0.0003272081545325758,-0.0005512166503018999,-0.00014432396407061722,0.00010517382109637769,0.05,200,20260905,True,False
E,all,,arm,auc_slope_build,tabpfn - scorecard,True,-0.00017202111124836107,-0.0003465121889458464,-3.398455773327445e-05,8.370308840156726e-05,0.05,200,20260905,True,False
E,all,,arm,auc_slope_build,tabicl - scorecard,True,-0.00010365538047954431,-0.000253278854104538,3.377221830666773e-05,7.705671815256795e-05,0.05,200,20260905,False,False
E,all,,arm,auc_slope_build,gbm-50k@share - scorecard,True,-0.00033040631518554026,-0.0005247039763750676,-0.00016565723182858337,9.432677131666544e-05,0.05,200,20260905,True,False
E,all,,arm,auc_slope_build,tabicl@t1 - scorecard,True,-0.00010365538047954431,-0.000253278854104538,3.377221830666773e-05,7.705671815256795e-05,0.05,200,20260905,False,True
E,all,,arm,auc_slope_build,tabpfn@t1 - scorecard,True,-0.00017169173340122294,-0.0003457167753319035,-3.420830665529189e-05,8.361208557272256e-05,0.05,200,20260905,True,False
E,all,,arm,auc_slope_build,gbm-50k - gbm,True,-0.00018612124609544158,-0.00035695961761223865,-2.906179664156947e-05,9.213727018812593e-05,0.05,200,20260905,True,False
E,all,,arm,auc_slope_build,tabpfn - gbm,True,-3.093420281122684e-05,-0.00018196487350288654,0.00011864910086427754,7.52766903816438e-05,0.05,200,20260905,False,False
E,all,,arm,auc_slope_build,tabicl - gbm,True,3.7431527957589927e-05,-9.630374405347873e-05,0.00018093949310338668,6.839709048163271e-05,0.05,200,20260905,False,False
E,all,,arm,auc_slope_build,gbm-50k@share - gbm,True,-0.000189319406748406,-0.00033756085966875517,-4.16563245598276e-05,8.111307652583627e-05,0.05,200,20260905,True,False
E,all,,arm,auc_slope_build,tabicl@t1 - gbm,True,3.7431527957589927e-05,-9.630374405347873e-05,0.00018093949310338668,6.839709048163271e-05,0.05,200,20260905,False,True
E,all,,arm,auc_slope_build,tabpfn@t1 - gbm,True,-3.06048249640887e-05,-0.00018140311810215366,0.00011845265796226056,7.523854305327559e-05,0.05,200,20260905,False,False
E,all,,arm,auc_slope_build,tabpfn - gbm-50k,True,0.00015518704328421474,1.669577962996684e-05,0.00031963939977417864,7.856321067636172e-05,0.05,200,20260905,True,False
E,all,,arm,auc_slope_build,tabicl - gbm-50k,True,0.00022355277405303151,7.968329775114061e-05,0.0004062183889751691,9.242494529314012e-05,0.05,200,20260905,True,False
E,all,,arm,auc_slope_build,gbm-50k@share - gbm-50k,True,-3.1981606529644297e-06,-2.8596256038690414e-05,3.35984329458317e-05,1.7915721691283896e-05,0.05,200,20260905,False,False
E,all,,arm,auc_slope_build,tabicl@t1 - gbm-50k,True,0.00022355277405303151,7.968329775114061e-05,0.0004062183889751691,9.242494529314012e-05,0.05,200,20260905,True,True
E,all,,arm,auc_slope_build,tabpfn@t1 - gbm-50k,True,0.00015551642113135287,1.6572636248453804e-05,0.0003200427374779322,7.867617165771169e-05,0.05,200,20260905,True,False
E,all,,arm,auc_slope_build,tabicl - tabpfn,True,6.836573076881676e-05,-1.3949373327316846e-05,0.00015679600388509343,4.497165936324357e-05,0.05,200,20260905,False,False
E,all,,arm,auc_slope_build,gbm-50k@share - tabpfn,True,-0.00015838520393717916,-0.00030938065310171257,-3.93608094739491e-05,7.444219708093281e-05,0.05,200,20260905,True,False
E,all,,arm,auc_slope_build,tabicl@t1 - tabpfn,True,6.836573076881676e-05,-1.3949373327316846e-05,0.00015679600388509343,4.497165936324357e-05,0.05,200,20260905,False,True
E,all,,arm,auc_slope_build,tabpfn@t1 - tabpfn,True,3.293778471381385e-07,-3.9452782745261336e-07,9.182525672203677e-07,3.7253947245544905e-07,0.05,200,20260905,False,False
E,all,,arm,auc_slope_build,gbm-50k@share - tabicl,True,-0.00022675093470599593,-0.0004032564197023433,-9.497217364099344e-05,8.485258937127967e-05,0.05,200,20260905,True,False
E,all,,arm,auc_slope_build,tabicl@t1 - tabicl,True,0.0,0.0,0.0,0.0,0.05,200,20260905,False,True
E,all,,arm,auc_slope_build,tabpfn@t1 - tabicl,True,-6.803635292167863e-05,-0.0001561656835709793,1.462018361170026e-05,4.497171928082201e-05,0.05,200,20260905,False,False
E,all,,arm,auc_slope_build,tabicl@t1 - gbm-50k@share,True,0.00022675093470599593,9.49721736409935e-05,0.0004032564197023433,8.485258937127967e-05,0.05,200,20260905,True,True
E,all,,arm,auc_slope_build,tabpfn@t1 - gbm-50k@share,True,0.00015871458178431732,4.023390633910136e-05,0.00030985292110594044,7.452994741473086e-05,0.05,200,20260905,True,False
E,all,,arm,auc_slope_build,tabpfn@t1 - tabicl@t1,True,-6.803635292167863e-05,-0.0001561656835709793,1.462018361170026e-05,4.497171928082201e-05,0.05,200,20260905,False,True
E,all,,arm,auc_slope_cohort,scorecard,False,-0.00010093296936775634,-0.00027379035097175816,5.762957919658387e-05,8.656433753593278e-05,0.05,200,20260905,,False
E,all,,arm,auc_slope_cohort,gbm,False,-0.0002467581008693178,-0.00043293044035313535,-8.9422328089109e-05,9.036619154926116e-05,0.05,200,20260905,,False
E,all,,arm,auc_slope_cohort,gbm-50k,False,-0.0002203921091744569,-0.00046651691529019107,-5.6297226694634323e-05,0.00010841829598785935,0.05,200,20260905,,False
E,all,,arm,auc_slope_cohort,tabpfn,False,-5.521223881522718e-05,-0.00021961012917929776,7.950568412970817e-05,8.027211298463629e-05,0.05,200,20260905,,False
E,all,,arm,auc_slope_cohort,tabicl,False,-0.000209100995248894,-0.0004065700226069955,-2.0882484968463474e-05,0.00010294634248952583,0.05,200,20260905,,False
E,all,,arm,auc_slope_cohort,gbm-50k@share,False,-0.0002916087183866514,-0.000602964146734093,1.4445481855415545e-05,0.00017418149482847754,0.05,200,20260905,,False
E,all,,arm,auc_slope_cohort,tabicl@t1,False,-0.000209100995248894,-0.0004065700226069955,-2.0882484968463474e-05,0.00010294634248952583,0.05,200,20260905,,True
E,all,,arm,auc_slope_cohort,tabpfn@t1,False,-5.503278017290295e-05,-0.00021956220422507912,8.002945406618942e-05,8.042022868848786e-05,0.05,200,20260905,,False
E,all,,arm,auc_slope_cohort,gbm - scorecard,True,-0.00014582513150156146,-0.0002905745143716789,-1.5640971851125627e-06,7.93195876402207e-05,0.05,200,20260905,True,False
E,all,,arm,auc_slope_cohort,gbm-50k - scorecard,True,-0.00011945913980670054,-0.0003429016682131998,7.396368352322306e-05,0.00010515225235422538,0.05,200,20260905,False,False
E,all,,arm,auc_slope_cohort,tabpfn - scorecard,True,4.572073055252916e-05,-8.359143302454898e-05,0.00016569852568023457,6.69639207331547e-05,0.05,200,20260905,False,False
E,all,,arm,auc_slope_cohort,tabicl - scorecard,True,-0.00010816802588113767,-0.00029422339108453474,9.206073891811486e-05,0.0001007106114503698,0.05,200,20260905,False,False
E,all,,arm,auc_slope_cohort,gbm-50k@share - scorecard,True,-0.00019067574901889504,-0.00047785036180227134,0.00012100687551573703,0.00017201279185766568,0.05,200,20260905,False,False
E,all,,arm,auc_slope_cohort,tabicl@t1 - scorecard,True,-0.00010816802588113767,-0.00029422339108453474,9.206073891811486e-05,0.0001007106114503698,0.05,200,20260905,False,True
E,all,,arm,auc_slope_cohort,tabpfn@t1 - scorecard,True,4.590018919485339e-05,-8.313376512631305e-05,0.00016648103774180115,6.707098068589471e-05,0.05,200,20260905,False,False
E,all,,arm,auc_slope_cohort,gbm-50k - gbm,True,2.6365991694860913e-05,-0.0001694178307197672,0.00022205366744479707,9.807859484894661e-05,0.05,200,20260905,False,False
E,all,,arm,auc_slope_cohort,tabpfn - gbm,True,0.00019154586205409062,4.225243813644678e-05,0.0003489709682106641,8.415967151484081e-05,0.05,200,20260905,True,False
E,all,,arm,auc_slope_cohort,tabicl - gbm,True,3.7657105620423786e-05,-0.00013497887170705063,0.00023222867423663897,0.00010094422591901284,0.05,200,20260905,False,False
E,all,,arm,auc_slope_cohort,gbm-50k@share - gbm,True,-4.48506175173336e-05,-0.00031836343642901657,0.0002477737838646867,0.00016733956064270356,0.05,200,20260905,False,False
E,all,,arm,auc_slope_cohort,tabicl@t1 - gbm,True,3.7657105620423786e-05,-0.00013497887170705063,0.00023222867423663897,0.00010094422591901284,0.05,200,20260905,False,True
E,all,,arm,auc_slope_cohort,tabpfn@t1 - gbm,True,0.00019172532069641488,4.2806477997286293e-05,0.00034954526758838834,8.429902220096223e-05,0.05,200,20260905,True,False
E,all,,arm,auc_slope_cohort,tabpfn - gbm-50k,True,0.0001651798703592297,1.0791638559357659e-05,0.0003447031224943154,9.065812912955327e-05,0.05,200,20260905,True,False
E,all,,arm,auc_slope_cohort,tabicl - gbm-50k,True,1.1291113925562878e-05,-0.0001764969181203079,0.00023870005174831,0.00010576743342208058,0.05,200,20260905,False,False
E,all,,arm,auc_slope_cohort,gbm-50k@share - gbm-50k,True,-7.121660921219452e-05,-0.0002209502414700048,0.00012239292053254944,0.0001149658826584174,0.05,200,20260905,False,False
E,all,,arm,auc_slope_cohort,tabicl@t1 - gbm-50k,True,1.1291113925562878e-05,-0.0001764969181203079,0.00023870005174831,0.00010576743342208058,0.05,200,20260905,False,True
E,all,,arm,auc_slope_cohort,tabpfn@t1 - gbm-50k,True,0.00016535932900155396,1.0139616417334892e-05,0.0003451561489354744,9.07630438660762e-05,0.05,200,20260905,True,False
E,all,,arm,auc_slope_cohort,tabicl - tabpfn,True,-0.00015388875643366682,-0.0002864283315793553,-1.5128915043458264e-06,9.141560434487984e-05,0.05,200,20260905,True,False
E,all,,arm,auc_slope_cohort,gbm-50k@share - tabpfn,True,-0.0002363964795714242,-0.0004887279875253729,6.561714091193504e-05,0.000162032604673634,0.05,200,20260905,False,False
E,all,,arm,auc_slope_cohort,tabicl@t1 - tabpfn,True,-0.00015388875643366682,-0.0002864283315793553,-1.5128915043458264e-06,9.141560434487984e-05,0.05,200,20260905,True,True
E,all,,arm,auc_slope_cohort,tabpfn@t1 - tabpfn,True,1.7945864232423854e-07,-6.065420363338329e-07,9.646012608857645e-07,4.5599481437489555e-07,0.05,200,20260905,False,False
E,all,,arm,auc_slope_cohort,gbm-50k@share - tabicl,True,-8.25077231377574e-05,-0.00029296756961090227,0.00011347867635839263,0.00011763156354103647,0.05,200,20260905,False,False
E,all,,arm,auc_slope_cohort,tabicl@t1 - tabicl,True,0.0,0.0,0.0,0.0,0.05,200,20260905,False,True
E,all,,arm,auc_slope_cohort,tabpfn@t1 - tabicl,True,0.00015406821507599105,1.0775979660064858e-06,0.000287178288158193,9.177033781675921e-05,0.05,200,20260905,True,False
E,all,,arm,auc_slope_cohort,tabicl@t1 - gbm-50k@share,True,8.25077231377574e-05,-0.00011347867635839256,0.00029296756961090227,0.00011763156354103647,0.05,200,20260905,False,True
E,all,,arm,auc_slope_cohort,tabpfn@t1 - gbm-50k@share,True,0.00023657593821374846,-6.562082799323242e-05,0.0004885926689334712,0.00016227739717603114,0.05,200,20260905,False,False
E,all,,arm,auc_slope_cohort,tabpfn@t1 - tabicl@t1,True,0.00015406821507599105,1.0775979660064858e-06,0.000287178288158193,9.177033781675921e-05,0.05,200,20260905,True,True
E,all,,builds,auc_slope_build,scorecard,False,0.00038315119168038405,-0.0005247867512529449,0.0012658019518468923,0.00046667875166763183,0.05,200,20260905,,False
E,all,,builds,auc_slope_build,gbm,False,0.00019575208095719935,-0.0007154678537583627,0.0010951666683167972,0.0004742034309127305,0.05,200,20260905,,False
E,all,,builds,auc_slope_build,gbm-50k,False,-8.505357777079937e-05,-0.0011689581884942598,0.0006655563161953959,0.00047644758292539905,0.05,200,20260905,,False
E,all,,builds,auc_slope_build,tabpfn,False,0.00033347431210499967,-0.00048402548334860356,0.0012154417112601793,0.0004729106195080835,0.05,200,20260905,,False
E,all,,builds,auc_slope_build,tabicl,False,0.0003837816880133984,-0.0004918775343111742,0.0012937573430564003,0.0004846640471583964,0.05,200,20260905,,False
E,all,,builds,auc_slope_build,gbm-50k@share,False,-0.00014967464906734854,-0.0013997299137644115,0.0007843753857911182,0.0005414282383954451,0.05,200,20260905,,False
E,all,,builds,auc_slope_build,tabicl@t1,False,0.0003837816880133984,-0.0004918775343111742,0.0012937573430564003,0.0004846640471583964,0.05,200,20260905,,True
E,all,,builds,auc_slope_build,tabpfn@t1,False,0.000333915471568852,-0.000483971178563903,0.0012160190046713584,0.0004728480393060383,0.05,200,20260905,,False
E,all,,builds,auc_slope_build,gbm - scorecard,True,-0.0001873991107231848,-0.00047468245914773956,0.00010521912422435235,0.0001583830039860362,0.05,200,20260905,False,False
E,all,,builds,auc_slope_build,gbm-50k - scorecard,True,-0.00046820476945118344,-0.000901161322280757,-8.174187254386327e-05,0.0002255671604455919,0.05,200,20260905,True,False
E,all,,builds,auc_slope_build,tabpfn - scorecard,True,-4.967687957538442e-05,-0.0004158572823324477,0.00031936640417112497,0.0001908561027809065,0.05,200,20260905,False,False
E,all,,builds,auc_slope_build,tabicl - scorecard,True,6.304963330143284e-07,-0.00032806699131056186,0.0003584349530152348,0.000180122308557652,0.05,200,20260905,False,False
E,all,,builds,auc_slope_build,gbm-50k@share - scorecard,True,-0.0005328258407477326,-0.0011189180342468677,-4.369436383561095e-06,0.0003235827009234741,0.05,200,20260905,True,False
E,all,,builds,auc_slope_build,tabicl@t1 - scorecard,True,6.304963330143284e-07,-0.00032806699131056186,0.0003584349530152348,0.000180122308557652,0.05,200,20260905,False,True
E,all,,builds,auc_slope_build,tabpfn@t1 - scorecard,True,-4.923572011153212e-05,-0.00041578763097871793,0.00031982131593877707,0.000190783064404775,0.05,200,20260905,False,False
E,all,,builds,auc_slope_build,gbm-50k - gbm,True,-0.00028080565872799865,-0.0007172230450729169,9.938552134236077e-05,0.00021703587442639273,0.05,200,20260905,False,False
E,all,,builds,auc_slope_build,tabpfn - gbm,True,0.00013772223114780037,-0.00018067114722335894,0.0004935679501052304,0.00017333069414723592,0.05,200,20260905,False,False
E,all,,builds,auc_slope_build,tabicl - gbm,True,0.0001880296070561991,-0.00014655391982009008,0.0005416654821747638,0.0001732785065640537,0.05,200,20260905,False,False
E,all,,builds,auc_slope_build,gbm-50k@share - gbm,True,-0.00034542673002454794,-0.0009341035843248183,0.0001959487806442118,0.00032017228920406285,0.05,200,20260905,False,False
E,all,,builds,auc_slope_build,tabicl@t1 - gbm,True,0.0001880296070561991,-0.00014655391982009008,0.0005416654821747638,0.0001732785065640537,0.05,200,20260905,False,True
E,all,,builds,auc_slope_build,tabpfn@t1 - gbm,True,0.00013816339061165265,-0.00017985892140958884,0.0004937842612301359,0.0001732713466756093,0.05,200,20260905,False,False
E,all,,builds,auc_slope_build,tabpfn - gbm-50k,True,0.00041852788987579905,-7.543941818295528e-07,0.0008391448415026709,0.0002298917418768305,0.05,200,20260905,False,False
E,all,,builds,auc_slope_build,tabicl - gbm-50k,True,0.0004688352657841978,8.076103953251605e-05,0.0008780569214078089,0.00023164225604059118,0.05,200,20260905,True,False
E,all,,builds,auc_slope_build,gbm-50k@share - gbm-50k,True,-6.462107129654921e-05,-0.00032086204529605683,0.0003054738640671799,0.0001915742566694606,0.05,200,20260905,False,False
E,all,,builds,auc_slope_build,tabicl@t1 - gbm-50k,True,0.0004688352657841978,8.076103953251605e-05,0.0008780569214078089,0.00023164225604059118,0.05,200,20260905,True,True
E,all,,builds,auc_slope_build,tabpfn@t1 - gbm-50k,True,0.0004189690493396513,-4.784885464832496e-07,0.0008396409093002113,0.0002297605687763184,0.05,200,20260905,False,False
E,all,,builds,auc_slope_build,tabicl - tabpfn,True,5.0307375908398753e-05,-9.758207504933304e-05,0.00019386365295208377,7.827480961707433e-05,0.05,200,20260905,False,False
E,all,,builds,auc_slope_build,gbm-50k@share - tabpfn,True,-0.00048314896117234823,-0.0010601822395778667,7.514498096261164e-06,0.00029608921681088395,0.05,200,20260905,False,False
E,all,,builds,auc_slope_build,tabicl@t1 - tabpfn,True,5.0307375908398753e-05,-9.758207504933304e-05,0.00019386365295208377,7.827480961707433e-05,0.05,200,20260905,False,True
E,all,,builds,auc_slope_build,tabpfn@t1 - tabpfn,True,4.411594638523019e-07,-2.788713806067735e-07,1.4745552785089768e-06,4.676831540958753e-07,0.05,200,20260905,False,False
E,all,,builds,auc_slope_build,gbm-50k@share - tabicl,True,-0.000533456337080747,-0.001120527861120893,-8.366363067237682e-05,0.0002837916495396065,0.05,200,20260905,True,False
E,all,,builds,auc_slope_build,tabicl@t1 - tabicl,True,0.0,0.0,0.0,0.0,0.05,200,20260905,False,True
E,all,,builds,auc_slope_build,tabpfn@t1 - tabicl,True,-4.986621644454645e-05,-0.00019395213484711826,9.754917757500049e-05,7.838962546647497e-05,0.05,200,20260905,False,False
E,all,,builds,auc_slope_build,tabicl@t1 - gbm-50k@share,True,0.000533456337080747,8.366363067237683e-05,0.001120527861120893,0.0002837916495396065,0.05,200,20260905,True,True
E,all,,builds,auc_slope_build,tabpfn@t1 - gbm-50k@share,True,0.00048359012063620057,-7.204635703378748e-06,0.0010602415904084218,0.00029606274054622513,0.05,200,20260905,False,False
E,all,,builds,auc_slope_build,tabpfn@t1 - tabicl@t1,True,-4.986621644454645e-05,-0.00019395213484711826,9.754917757500049e-05,7.838962546647497e-05,0.05,200,20260905,False,True
E,all,,2002H2-E,auc_slope_build,scorecard,False,-0.0009097347166270076,-0.0012940380599202029,-0.00046980165987831106,0.00020545027716939603,0.05,200,20260905,,False
E,all,,2002H2-E,auc_slope_build,gbm,False,-0.0010174459215752396,-0.0013919489565779582,-0.0006204399704533375,0.00020384866729441546,0.05,200,20260905,,False
E,all,,2002H2-E,auc_slope_build,gbm-50k,False,-0.0012323781191263636,-0.0016793367963883008,-0.0007511830447832596,0.0002472101406886446,0.05,200,20260905,,False
E,all,,2002H2-E,auc_slope_build,tabpfn,False,-0.0009456402123095368,-0.001358283648401113,-0.000569786503041077,0.0002141618314416419,0.05,200,20260905,,False
E,all,,2002H2-E,auc_slope_build,tabicl,False,-0.0008519998925269073,-0.0012600636406264948,-0.00042395131186988126,0.00022070188751977074,0.05,200,20260905,,False
E,all,,2002H2-E,auc_slope_build,gbm-50k@share,False,-0.0012323781191263636,-0.0016793367963883008,-0.0007511830447832596,0.0002472101406886446,0.05,200,20260905,,False
E,all,,2002H2-E,auc_slope_build,tabicl@t1,False,-0.0008519998925269073,-0.0012600636406264948,-0.00042395131186988126,0.00022070188751977074,0.05,200,20260905,,True
E,all,,2002H2-E,auc_slope_build,tabpfn@t1,False,-0.0009454823813784133,-0.0013579505615631958,-0.0005697766720127879,0.0002140573299858401,0.05,200,20260905,,False
E,all,,2002H2-E,auc_slope_build,gbm - scorecard,True,-0.00010771120494823202,-0.00028605633556441206,7.289670476688527e-05,9.372075127829456e-05,0.05,200,20260905,False,False
E,all,,2002H2-E,auc_slope_build,gbm-50k - scorecard,True,-0.0003226434024993561,-0.0006787449216146031,-2.0570278341893907e-05,0.00017118097474669205,0.05,200,20260905,True,False
E,all,,2002H2-E,auc_slope_build,tabpfn - scorecard,True,-3.5905495682529123e-05,-0.0002369018671703789,0.0001957820338293348,0.00011518760292088556,0.05,200,20260905,False,False
E,all,,2002H2-E,auc_slope_build,tabicl - scorecard,True,5.773482410010027e-05,-0.00021390069362977097,0.00030455024889178517,0.0001397272432635622,0.05,200,20260905,False,False
E,all,,2002H2-E,auc_slope_build,gbm-50k@share - scorecard,True,-0.0003226434024993561,-0.0006787449216146031,-2.0570278341893907e-05,0.00017118097474669205,0.05,200,20260905,True,False
E,all,,2002H2-E,auc_slope_build,tabicl@t1 - scorecard,True,5.773482410010027e-05,-0.00021390069362977097,0.00030455024889178517,0.0001397272432635622,0.05,200,20260905,False,True
E,all,,2002H2-E,auc_slope_build,tabpfn@t1 - scorecard,True,-3.5747664751405724e-05,-0.00023633316784288597,0.00019562581011847228,0.00011488965521730139,0.05,200,20260905,False,False
E,all,,2002H2-E,auc_slope_build,gbm-50k - gbm,True,-0.00021493219755112412,-0.0005061548857120673,6.709170302060913e-05,0.00015287538313584346,0.05,200,20260905,False,False
E,all,,2002H2-E,auc_slope_build,tabpfn - gbm,True,7.18057092657029e-05,-0.00013538154162321498,0.00030989965983077957,0.00011644414832081192,0.05,200,20260905,False,False
E,all,,2002H2-E,auc_slope_build,tabicl - gbm,True,0.0001654460290483323,-8.822983313363993e-05,0.0004282340767051018,0.00013784324976946435,0.05,200,20260905,False,False
E,all,,2002H2-E,auc_slope_build,gbm-50k@share - gbm,True,-0.00021493219755112412,-0.0005061548857120673,6.709170302060913e-05,0.00015287538313584346,0.05,200,20260905,False,False
E,all,,2002H2-E,auc_slope_build,tabicl@t1 - gbm,True,0.0001654460290483323,-8.822983313363993e-05,0.0004282340767051018,0.00013784324976946435,0.05,200,20260905,False,True
E,all,,2002H2-E,auc_slope_build,tabpfn@t1 - gbm,True,7.19635401968263e-05,-0.000134389571114745,0.000309725175748867,0.00011619852177631286,0.05,200,20260905,False,False
E,all,,2002H2-E,auc_slope_build,tabpfn - gbm-50k,True,0.000286737906816827,3.880877432617819e-05,0.0005036028878618984,0.00011890337386255766,0.05,200,20260905,True,False
E,all,,2002H2-E,auc_slope_build,tabicl - gbm-50k,True,0.00038037822659945644,0.00014754038086267103,0.0006336510156576595,0.0001283188529398691,0.05,200,20260905,True,False
E,all,,2002H2-E,auc_slope_build,gbm-50k@share - gbm-50k,True,0.0,0.0,0.0,0.0,0.05,200,20260905,False,False
E,all,,2002H2-E,auc_slope_build,tabicl@t1 - gbm-50k,True,0.00038037822659945644,0.00014754038086267103,0.0006336510156576595,0.0001283188529398691,0.05,200,20260905,True,True
E,all,,2002H2-E,auc_slope_build,tabpfn@t1 - gbm-50k,True,0.0002868957377479504,3.8450984043454347e-05,0.00050321709074026,0.0001190665494767326,0.05,200,20260905,True,False
E,all,,2002H2-E,auc_slope_build,tabicl - tabpfn,True,9.364031978262939e-05,-4.660818707846411e-05,0.00025767080454920275,7.493173152783675e-05,0.05,200,20260905,False,False
E,all,,2002H2-E,auc_slope_build,gbm-50k@share - tabpfn,True,-0.000286737906816827,-0.0005036028878618984,-3.880877432617816e-05,0.00011890337386255766,0.05,200,20260905,True,False
E,all,,2002H2-E,auc_slope_build,tabicl@t1 - tabpfn,True,9.364031978262939e-05,-4.660818707846411e-05,0.00025767080454920275,7.493173152783675e-05,0.05,200,20260905,False,True
E,all,,2002H2-E,auc_slope_build,tabpfn@t1 - tabpfn,True,1.5783093112340147e-07,-6.901826382919824e-07,1.1534703444456713e-06,4.686592529251525e-07,0.05,200,20260905,False,False
E,all,,2002H2-E,auc_slope_build,gbm-50k@share - tabicl,True,-0.00038037822659945644,-0.0006336510156576595,-0.000147540380862671,0.0001283188529398691,0.05,200,20260905,True,False
E,all,,2002H2-E,auc_slope_build,tabicl@t1 - tabicl,True,0.0,0.0,0.0,0.0,0.05,200,20260905,False,True
E,all,,2002H2-E,auc_slope_build,tabpfn@t1 - tabicl,True,-9.348248885150598e-05,-0.00025778044784905573,4.743872301907517e-05,7.497933019338333e-05,0.05,200,20260905,False,False
E,all,,2002H2-E,auc_slope_build,tabicl@t1 - gbm-50k@share,True,0.00038037822659945644,0.00014754038086267103,0.0006336510156576595,0.0001283188529398691,0.05,200,20260905,True,True
E,all,,2002H2-E,auc_slope_build,tabpfn@t1 - gbm-50k@share,True,0.0002868957377479504,3.8450984043454347e-05,0.00050321709074026,0.0001190665494767326,0.05,200,20260905,True,False
E,all,,2002H2-E,auc_slope_build,tabpfn@t1 - tabicl@t1,True,-9.348248885150598e-05,-0.00025778044784905573,4.743872301907517e-05,7.497933019338333e-05,0.05,200,20260905,False,True
E,all,,2004H2-E,auc_slope_build,scorecard,False,-0.0008682119494052976,-0.0012881044327334515,-0.00044804197254033574,0.00022335337459011953,0.05,200,20260905,,False
E,all,,2004H2-E,auc_slope_build,gbm,False,-0.0009335030814313309,-0.001362324101520808,-0.0005131195281467413,0.00021755355092770493,0.05,200,20260905,,False
E,all,,2004H2-E,auc_slope_build,gbm-50k,False,-0.0010087522692426973,-0.0014655974540877124,-0.000499977732937025,0.0002563946483116643,0.05,200,20260905,,False
E,all,,2004H2-E,auc_slope_build,tabpfn,False,-0.0009256469836022369,-0.0013535246410521563,-0.0004972310928129212,0.00023036816465280737,0.05,200,20260905,,False
E,all,,2004H2-E,auc_slope_build,tabicl,False,-0.0008513593484925823,-0.0012488012402114195,-0.0004263744219784479,0.00022304547232279674,0.05,200,20260905,,False
E,all,,2004H2-E,auc_slope_build,gbm-50k@share,False,-0.0010087522692426973,-0.0014655974540877124,-0.000499977732937025,0.0002563946483116643,0.05,200,20260905,,False
E,all,,2004H2-E,auc_slope_build,tabicl@t1,False,-0.0008513593484925823,-0.0012488012402114195,-0.0004263744219784479,0.00022304547232279674,0.05,200,20260905,,True
E,all,,2004H2-E,auc_slope_build,tabpfn@t1,False,-0.000925355789411287,-0.0013534978078504208,-0.0004968541357132985,0.00023033782805588466,0.05,200,20260905,,False
E,all,,2004H2-E,auc_slope_build,gbm - scorecard,True,-6.529113202603343e-05,-0.0002620864554204798,0.00011215783120447368,0.00010079459114096224,0.05,200,20260905,False,False
E,all,,2004H2-E,auc_slope_build,gbm-50k - scorecard,True,-0.00014054031983739968,-0.00043432046381749713,0.00019973337646588777,0.00016297925571501535,0.05,200,20260905,False,False
E,all,,2004H2-E,auc_slope_build,tabpfn - scorecard,True,-5.743503419693947e-05,-0.00024706786266040335,9.99399415992115e-05,9.078230994617208e-05,0.05,200,20260905,False,False
E,all,,2004H2-E,auc_slope_build,tabicl - scorecard,True,1.685260091271513e-05,-0.00016603792675165934,0.0002109901298631691,8.539460046663663e-05,0.05,200,20260905,False,False
E,all,,2004H2-E,auc_slope_build,gbm-50k@share - scorecard,True,-0.00014054031983739968,-0.00043432046381749713,0.00019973337646588777,0.00016297925571501535,0.05,200,20260905,False,False
E,all,,2004H2-E,auc_slope_build,tabicl@t1 - scorecard,True,1.685260091271513e-05,-0.00016603792675165934,0.0002109901298631691,8.539460046663663e-05,0.05,200,20260905,False,True
E,all,,2004H2-E,auc_slope_build,tabpfn@t1 - scorecard,True,-5.714384000598945e-05,-0.000246681134301785,0.00010005455257998039,9.073080494349751e-05,0.05,200,20260905,False,False
E,all,,2004H2-E,auc_slope_build,gbm-50k - gbm,True,-7.524918781136624e-05,-0.0003602301591007033,0.0002755468347175263,0.000169284618707384,0.05,200,20260905,False,False
E,all,,2004H2-E,auc_slope_build,tabpfn - gbm,True,7.856097829093953e-06,-0.0002141344241951887,0.00024175078788950477,0.00011527441721463564,0.05,200,20260905,False,False
E,all,,2004H2-E,auc_slope_build,tabicl - gbm,True,8.214373293874856e-05,-0.00014029258063492822,0.0002948933025801652,0.00010470459338801717,0.05,200,20260905,False,False
E,all,,2004H2-E,auc_slope_build,gbm-50k@share - gbm,True,-7.524918781136624e-05,-0.0003602301591007033,0.0002755468347175263,0.000169284618707384,0.05,200,20260905,False,False
E,all,,2004H2-E,auc_slope_build,tabicl@t1 - gbm,True,8.214373293874856e-05,-0.00014029258063492822,0.0002948933025801652,0.00010470459338801717,0.05,200,20260905,False,True
E,all,,2004H2-E,auc_slope_build,tabpfn@t1 - gbm,True,8.147292020043976e-06,-0.00021427156442585467,0.00024179713149828947,0.00011524203343708587,0.05,200,20260905,False,False
E,all,,2004H2-E,auc_slope_build,tabpfn - gbm-50k,True,8.31052856404602e-05,-0.00015381744525958996,0.0003390376523637575,0.00013072106122533216,0.05,200,20260905,False,False
E,all,,2004H2-E,auc_slope_build,tabicl - gbm-50k,True,0.0001573929207501148,-0.0001049918443491202,0.0004327184392234803,0.00015201492595453924,0.05,200,20260905,False,False
E,all,,2004H2-E,auc_slope_build,gbm-50k@share - gbm-50k,True,0.0,0.0,0.0,0.0,0.05,200,20260905,False,False
E,all,,2004H2-E,auc_slope_build,tabicl@t1 - gbm-50k,True,0.0001573929207501148,-0.0001049918443491202,0.0004327184392234803,0.00015201492595453924,0.05,200,20260905,False,True
E,all,,2004H2-E,auc_slope_build,tabpfn@t1 - gbm-50k,True,8.339647983141023e-05,-0.00015338385873580815,0.00033926896399406545,0.0001307577115445975,0.05,200,20260905,False,False
E,all,,2004H2-E,auc_slope_build,tabicl - tabpfn,True,7.428763510965461e-05,-1.9869126442244132e-05,0.00022054489650486523,6.376486703848816e-05,0.05,200,20260905,False,False
E,all,,2004H2-E,auc_slope_build,gbm-50k@share - tabpfn,True,-8.31052856404602e-05,-0.0003390376523637574,0.00015381744525959,0.00013072106122533216,0.05,200,20260905,False,False
E,all,,2004H2-E,auc_slope_build,tabicl@t1 - tabpfn,True,7.428763510965461e-05,-1.9869126442244132e-05,0.00022054489650486523,6.376486703848816e-05,0.05,200,20260905,False,True
E,all,,2004H2-E,auc_slope_build,tabpfn@t1 - tabpfn,True,2.9119419095002385e-07,-2.359084538253468e-07,8.172949250890867e-07,2.7653961595671497e-07,0.05,200,20260905,False,False
E,all,,2004H2-E,auc_slope_build,gbm-50k@share - tabicl,True,-0.0001573929207501148,-0.00043271843922348014,0.00010499184434912028,0.00015201492595453924,0.05,200,20260905,False,False
E,all,,2004H2-E,auc_slope_build,tabicl@t1 - tabicl,True,0.0,0.0,0.0,0.0,0.05,200,20260905,False,True
E,all,,2004H2-E,auc_slope_build,tabpfn@t1 - tabicl,True,-7.399644091870458e-05,-0.0002205348017270241,2.006398061805128e-05,6.375634539934971e-05,0.05,200,20260905,False,False
E,all,,2004H2-E,auc_slope_build,tabicl@t1 - gbm-50k@share,True,0.0001573929207501148,-0.0001049918443491202,0.0004327184392234803,0.00015201492595453924,0.05,200,20260905,False,True
E,all,,2004H2-E,auc_slope_build,tabpfn@t1 - gbm-50k@share,True,8.339647983141023e-05,-0.00015338385873580815,0.00033926896399406545,0.0001307577115445975,0.05,200,20260905,False,False
E,all,,2004H2-E,auc_slope_build,tabpfn@t1 - tabicl@t1,True,-7.399644091870458e-05,-0.0002205348017270241,2.006398061805128e-05,6.375634539934971e-05,0.05,200,20260905,False,True
E,all,,2006H2-E,auc_slope_build,scorecard,False,-0.001184445208393057,-0.0017635917653824,-0.000682541826949466,0.0002501311770309266,0.05,200,20260905,,False
E,all,,2006H2-E,auc_slope_build,gbm,False,-0.0012122863554948164,-0.0016924337728286313,-0.0007338743128927818,0.00024361668647991696,0.05,200,20260905,,False
E,all,,2006H2-E,auc_slope_build,gbm-50k,False,-0.001447991034079675,-0.002064210403361048,-0.0007073586865507468,0.0003377895796853938,0.05,200,20260905,,False
E,all,,2006H2-E,auc_slope_build,tabpfn,False,-0.0013668964590517862,-0.0018570605098760416,-0.0008474922477753115,0.0002745233356660657,0.05,200,20260905,,False
E,all,,2006H2-E,auc_slope_build,tabicl,False,-0.0013138778627335562,-0.0017921064137161988,-0.0007838808566559412,0.00027240458575264383,0.05,200,20260905,,False
E,all,,2006H2-E,auc_slope_build,gbm-50k@share,False,-0.001404205134526539,-0.002021483152844412,-0.0007073586865507468,0.00031867477866531893,0.05,200,20260905,,False
E,all,,2006H2-E,auc_slope_build,tabicl@t1,False,-0.0013138778627335562,-0.0017921064137161988,-0.0007838808566559412,0.00027240458575264383,0.05,200,20260905,,True
E,all,,2006H2-E,auc_slope_build,tabpfn@t1,False,-0.001366298208866016,-0.0018553769799566917,-0.0008469596064942221,0.0002744086660111471,0.05,200,20260905,,False
E,all,,2006H2-E,auc_slope_build,gbm - scorecard,True,-2.7841147101759396e-05,-0.00020093299898314801,0.00016413665379270105,9.476778494491383e-05,0.05,200,20260905,False,False
E,all,,2006H2-E,auc_slope_build,gbm-50k - scorecard,True,-0.00026354582568661826,-0.0006986948678971061,0.00025154410441068006,0.0002681516887165422,0.05,200,20260905,False,False
E,all,,2006H2-E,auc_slope_build,tabpfn - scorecard,True,-0.00018245125065872886,-0.0004708881434222358,0.00011825149769522481,0.0001606504393701283,0.05,200,20260905,False,False
E,all,,2006H2-E,auc_slope_build,tabicl - scorecard,True,-0.0001294326543404991,-0.00037914325386276634,0.00019398683948122116,0.00015738998930689549,0.05,200,20260905,False,False
E,all,,2006H2-E,auc_slope_build,gbm-50k@share - scorecard,True,-0.00021975992613348203,-0.0006532826786381253,0.00025154410441068006,0.00024222148616565435,0.05,200,20260905,False,False
E,all,,2006H2-E,auc_slope_build,tabicl@t1 - scorecard,True,-0.0001294326543404991,-0.00037914325386276634,0.00019398683948122116,0.00015738998930689549,0.05,200,20260905,False,True
E,all,,2006H2-E,auc_slope_build,tabpfn@t1 - scorecard,True,-0.00018185300047295918,-0.00046904167769967,0.00011879725935143113,0.0001604408103899278,0.05,200,20260905,False,False
E,all,,2006H2-E,auc_slope_build,gbm-50k - gbm,True,-0.00023570467858485887,-0.0006521314701321183,0.00025846098768312183,0.0002574641907674265,0.05,200,20260905,False,False
E,all,,2006H2-E,auc_slope_build,tabpfn - gbm,True,-0.00015461010355696946,-0.0004338863333472897,0.0001366201193349663,0.00015767169030457263,0.05,200,20260905,False,False
E,all,,2006H2-E,auc_slope_build,tabicl - gbm,True,-0.00010159150723873971,-0.0003722339026738413,0.00020745972801262637,0.0001589870250359095,0.05,200,20260905,False,False
E,all,,2006H2-E,auc_slope_build,gbm-50k@share - gbm,True,-0.00019191877903172264,-0.000578606926336118,0.00025846098768312183,0.00023177157653942737,0.05,200,20260905,False,False
E,all,,2006H2-E,auc_slope_build,tabicl@t1 - gbm,True,-0.00010159150723873971,-0.0003722339026738413,0.00020745972801262637,0.0001589870250359095,0.05,200,20260905,False,True
E,all,,2006H2-E,auc_slope_build,tabpfn@t1 - gbm,True,-0.00015401185337119978,-0.0004323610900334126,0.00013722529564417013,0.0001575818964625737,0.05,200,20260905,False,False
E,all,,2006H2-E,auc_slope_build,tabpfn - gbm-50k,True,8.109457502788939e-05,-0.00022215747400865872,0.0003769252345354672,0.00016343136180654706,0.05,200,20260905,False,False
E,all,,2006H2-E,auc_slope_build,tabicl - gbm-50k,True,0.00013411317134611917,-0.00017484857499441774,0.0004587186711454871,0.00017572093228481015,0.05,200,20260905,False,False
E,all,,2006H2-E,auc_slope_build,gbm-50k@share - gbm-50k,True,4.3785899553136226e-05,0.0,0.00011041201051119513,3.847187802131201e-05,0.05,200,20260905,False,False
E,all,,2006H2-E,auc_slope_build,tabicl@t1 - gbm-50k,True,0.00013411317134611917,-0.00017484857499441774,0.0004587186711454871,0.00017572093228481015,0.05,200,20260905,False,True
E,all,,2006H2-E,auc_slope_build,tabpfn@t1 - gbm-50k,True,8.169282521365909e-05,-0.0002218491236923364,0.0003798763929397146,0.00016360829516983636,0.05,200,20260905,False,False
E,all,,2006H2-E,auc_slope_build,tabicl - tabpfn,True,5.301859631822977e-05,-7.58736571296129e-05,0.0001812087508059601,6.264384158684014e-05,0.05,200,20260905,False,False
E,all,,2006H2-E,auc_slope_build,gbm-50k@share - tabpfn,True,-3.7308675474753174e-05,-0.0002975292941885834,0.00022215747400865875,0.00014155248965307273,0.05,200,20260905,False,False
E,all,,2006H2-E,auc_slope_build,tabicl@t1 - tabpfn,True,5.301859631822977e-05,-7.58736571296129e-05,0.0001812087508059601,6.264384158684014e-05,0.05,200,20260905,False,True
E,all,,2006H2-E,auc_slope_build,tabpfn@t1 - tabpfn,True,5.982501857696899e-07,-1.185675630809539e-06,2.2282992072708855e-06,9.813607705941748e-07,0.05,200,20260905,False,False
E,all,,2006H2-E,auc_slope_build,gbm-50k@share - tabicl,True,-9.032727179298294e-05,-0.0003852207743580292,0.0001876965080971526,0.00015856450570206744,0.05,200,20260905,False,False
E,all,,2006H2-E,auc_slope_build,tabicl@t1 - tabicl,True,0.0,0.0,0.0,0.0,0.05,200,20260905,False,True
E,all,,2006H2-E,auc_slope_build,tabpfn@t1 - tabicl,True,-5.242034613246008e-05,-0.0001794561955116888,7.494829426332619e-05,6.211024952738617e-05,0.05,200,20260905,False,False
E,all,,2006H2-E,auc_slope_build,tabicl@t1 - gbm-50k@share,True,9.032727179298294e-05,-0.00018769650809715257,0.0003852207743580292,0.00015856450570206744,0.05,200,20260905,False,True
E,all,,2006H2-E,auc_slope_build,tabpfn@t1 - gbm-50k@share,True,3.790692566052286e-05,-0.0002218491236923364,0.00029769821810414856,0.00014178761608374952,0.05,200,20260905,False,False
E,all,,2006H2-E,auc_slope_build,tabpfn@t1 - tabicl@t1,True,-5.242034613246008e-05,-0.0001794561955116888,7.494829426332619e-05,6.211024952738617e-05,0.05,200,20260905,False,True
E,all,,2008H2-E,auc_slope_build,scorecard,False,-0.0013402793741057498,-0.0020118322156766825,-0.0007300192995155506,0.00032554578853237216,0.05,200,20260905,,False
E,all,,2008H2-E,auc_slope_build,gbm,False,-0.001485007071761452,-0.0021099809978876146,-0.0008732026315452387,0.00032516992011893183,0.05,200,20260905,,False
E,all,,2008H2-E,auc_slope_build,gbm-50k,False,-0.0016923693798174086,-0.0025465362155234735,-0.0008802611921065021,0.0004406816553068814,0.05,200,20260905,,False
E,all,,2008H2-E,auc_slope_build,tabpfn,False,-0.0018580724597366185,-0.002515161349306111,-0.0011785851150201007,0.00037884080452116044,0.05,200,20260905,,False
E,all,,2008H2-E,auc_slope_build,tabicl,False,-0.0018251445679192478,-0.0025686329818013134,-0.0011567738865735032,0.0003789389757414106,0.05,200,20260905,,False
E,all,,2008H2-E,auc_slope_build,gbm-50k@share,False,-0.0016662726280436628,-0.0025409874385874625,-0.0008222881844553824,0.0004613427225088037,0.05,200,20260905,,False
E,all,,2008H2-E,auc_slope_build,tabicl@t1,False,-0.0018251445679192478,-0.0025686329818013134,-0.0011567738865735032,0.0003789389757414106,0.05,200,20260905,,True
E,all,,2008H2-E,auc_slope_build,tabpfn@t1,False,-0.0018578239705307354,-0.00251472546157712,-0.0011783579359256073,0.00037893402598284504,0.05,200,20260905,,False
E,all,,2008H2-E,auc_slope_build,gbm - scorecard,True,-0.00014472769765570218,-0.0003417658154159283,6.211533395291533e-05,0.00010505091136546929,0.05,200,20260905,False,False
E,all,,2008H2-E,auc_slope_build,gbm-50k - scorecard,True,-0.00035209000571165895,-0.001004998019413195,0.0002353816642152732,0.0003389173869157805,0.05,200,20260905,False,False
E,all,,2008H2-E,auc_slope_build,tabpfn - scorecard,True,-0.0005177930856308685,-0.0009789851892989415,-0.00011304131612372692,0.00025000214420191444,0.05,200,20260905,True,False
E,all,,2008H2-E,auc_slope_build,tabicl - scorecard,True,-0.0004848651938134979,-0.0009810876402384734,-0.00010173618476703277,0.0002590774382181141,0.05,200,20260905,True,False
E,all,,2008H2-E,auc_slope_build,gbm-50k@share - scorecard,True,-0.00032599325393791286,-0.001003133758918096,0.0002853372817086803,0.0003697091084832619,0.05,200,20260905,False,False
E,all,,2008H2-E,auc_slope_build,tabicl@t1 - scorecard,True,-0.0004848651938134979,-0.0009810876402384734,-0.00010173618476703277,0.0002590774382181141,0.05,200,20260905,True,True
E,all,,2008H2-E,auc_slope_build,tabpfn@t1 - scorecard,True,-0.0005175445964249857,-0.000978767051425484,-0.00011231117200896647,0.00025009326226422456,0.05,200,20260905,True,False
E,all,,2008H2-E,auc_slope_build,gbm-50k - gbm,True,-0.00020736230805595675,-0.0007859144018131676,0.00027414333160635107,0.00031683187756478544,0.05,200,20260905,False,False
E,all,,2008H2-E,auc_slope_build,tabpfn - gbm,True,-0.0003730653879751664,-0.0007896087426796464,1.0288455138487818e-05,0.0002443359182251862,0.05,200,20260905,False,False
E,all,,2008H2-E,auc_slope_build,tabicl - gbm,True,-0.00034013749615779574,-0.0008233807318591077,5.050871111637688e-05,0.0002496591208131067,0.05,200,20260905,False,False
E,all,,2008H2-E,auc_slope_build,gbm-50k@share - gbm,True,-0.00018126555628221065,-0.0007932963375683269,0.00036605604356957814,0.0003510422256648287,0.05,200,20260905,False,False
E,all,,2008H2-E,auc_slope_build,tabicl@t1 - gbm,True,-0.00034013749615779574,-0.0008233807318591077,5.050871111637688e-05,0.0002496591208131067,0.05,200,20260905,False,True
E,all,,2008H2-E,auc_slope_build,tabpfn@t1 - gbm,True,-0.00037281689876928354,-0.0007891872627806283,1.1368297121467548e-05,0.0002444957277323472,0.05,200,20260905,False,False
E,all,,2008H2-E,auc_slope_build,tabpfn - gbm-50k,True,-0.0001657030799192096,-0.0007433597723859673,0.00027761803886802754,0.00029748949475307115,0.05,200,20260905,False,False
E,all,,2008H2-E,auc_slope_build,tabicl - gbm-50k,True,-0.000132775188101839,-0.0005886052093633543,0.00022164837967323197,0.00021915037634568816,0.05,200,20260905,False,False
E,all,,2008H2-E,auc_slope_build,gbm-50k@share - gbm-50k,True,2.6096751773746095e-05,-4.2789021042853386e-05,0.0001568239865927828,5.488278340036367e-05,0.05,200,20260905,False,False
E,all,,2008H2-E,auc_slope_build,tabicl@t1 - gbm-50k,True,-0.000132775188101839,-0.0005886052093633543,0.00022164837967323197,0.00021915037634568816,0.05,200,20260905,False,True
E,all,,2008H2-E,auc_slope_build,tabpfn@t1 - gbm-50k,True,-0.00016545459071332677,-0.0007423280245563994,0.000278222617999104,0.00029770403273203364,0.05,200,20260905,False,False
E,all,,2008H2-E,auc_slope_build,tabicl - tabpfn,True,3.2927891817370615e-05,-0.0001389802935437392,0.0003091785795666666,0.0001261909838834425,0.05,200,20260905,False,False
E,all,,2008H2-E,auc_slope_build,gbm-50k@share - tabpfn,True,0.0001917998316929557,-0.0002625620614465643,0.0008395186631828838,0.00033291585765288494,0.05,200,20260905,False,False
E,all,,2008H2-E,auc_slope_build,tabicl@t1 - tabpfn,True,3.2927891817370615e-05,-0.0001389802935437392,0.0003091785795666666,0.0001261909838834425,0.05,200,20260905,False,True
E,all,,2008H2-E,auc_slope_build,tabpfn@t1 - tabpfn,True,2.4848920588283613e-07,-1.2997183107837104e-06,1.2485450588031964e-06,6.517638316351535e-07,0.05,200,20260905,False,False
E,all,,2008H2-E,auc_slope_build,gbm-50k@share - tabicl,True,0.0001588719398755851,-0.00021160011928228782,0.000644465559227883,0.0002492747722913479,0.05,200,20260905,False,False
E,all,,2008H2-E,auc_slope_build,tabicl@t1 - tabicl,True,0.0,0.0,0.0,0.0,0.05,200,20260905,False,True
E,all,,2008H2-E,auc_slope_build,tabpfn@t1 - tabicl,True,-3.267940261148778e-05,-0.00031009998834080805,0.00013948693987713437,0.0001263779572130764,0.05,200,20260905,False,False
E,all,,2008H2-E,auc_slope_build,tabicl@t1 - gbm-50k@share,True,-0.0001588719398755851,-0.000644465559227883,0.00021160011928228782,0.0002492747722913479,0.05,200,20260905,False,True
E,all,,2008H2-E,auc_slope_build,tabpfn@t1 - gbm-50k@share,True,-0.00019155134248707286,-0.0008386626258611225,0.0002630845801367181,0.0003331186352091833,0.05,200,20260905,False,False
E,all,,2008H2-E,auc_slope_build,tabpfn@t1 - tabicl@t1,True,-3.267940261148778e-05,-0.00031009998834080805,0.00013948693987713437,0.0001263779572130764,0.05,200,20260905,False,True
E,all,,2010H2-E,auc_slope_build,scorecard,False,-0.0020983189745502136,-0.002876350280033348,-0.001480050102217088,0.00037971273275318786,0.05,200,20260905,,False
E,all,,2010H2-E,auc_slope_build,gbm,False,-0.002861320910349951,-0.003553630858703458,-0.0022154401266350535,0.0003476618777321415,0.05,200,20260905,,False
E,all,,2010H2-E,auc_slope_build,gbm-50k,False,-0.003145196099882664,-0.0041496107536996615,-0.002270278078628685,0.0004995585763930176,0.05,200,20260905,,False
E,all,,2010H2-E,auc_slope_build,tabpfn,False,-0.0028300818537260893,-0.003642072404876226,-0.0020944907395006734,0.00042022553363693546,0.05,200,20260905,,False
E,all,,2010H2-E,auc_slope_build,tabicl,False,-0.002735182805139187,-0.00357422094041165,-0.0020067328526517806,0.0004251940714169163,0.05,200,20260905,,False
E,all,,2010H2-E,auc_slope_build,gbm-50k@share,False,-0.0032898374971783036,-0.0041496107536996615,-0.002455218995746624,0.00043298070044539826,0.05,200,20260905,,False
E,all,,2010H2-E,auc_slope_build,tabicl@t1,False,-0.002735182805139187,-0.00357422094041165,-0.0020067328526517806,0.0004251940714169163,0.05,200,20260905,,True
E,all,,2010H2-E,auc_slope_build,tabpfn@t1,False,-0.00282954640625384,-0.00364136143312263,-0.002095139955058307,0.0004197236710769707,0.05,200,20260905,,False
E,all,,2010H2-E,auc_slope_build,gbm - scorecard,True,-0.0007630019357997373,-0.00113806907141713,-0.00036837004376393857,0.00019248153478246507,0.05,200,20260905,True,False
E,all,,2010H2-E,auc_slope_build,gbm-50k - scorecard,True,-0.0010468771253324502,-0.0017609958586512502,-0.00036622641928967724,0.00037318928316329864,0.05,200,20260905,True,False
E,all,,2010H2-E,auc_slope_build,tabpfn - scorecard,True,-0.0007317628791758752,-0.0011737266481496407,-9.215481588165115e-05,0.00028590837327308635,0.05,200,20260905,True,False
E,all,,2010H2-E,auc_slope_build,tabicl - scorecard,True,-0.0006368638305889737,-0.0010783040905760837,-7.761092098072974e-06,0.0002937235347100076,0.05,200,20260905,True,False
E,all,,2010H2-E,auc_slope_build,gbm-50k@share - scorecard,True,-0.00119151852262809,-0.0017609958586512502,-0.0006925965542096048,0.00029064743221458297,0.05,200,20260905,True,False
E,all,,2010H2-E,auc_slope_build,tabicl@t1 - scorecard,True,-0.0006368638305889737,-0.0010783040905760837,-7.761092098072974e-06,0.0002937235347100076,0.05,200,20260905,True,True
E,all,,2010H2-E,auc_slope_build,tabpfn@t1 - scorecard,True,-0.0007312274317036265,-0.0011722779765421514,-9.342445339662602e-05,0.0002851877754137468,0.05,200,20260905,True,False
E,all,,2010H2-E,auc_slope_build,gbm-50k - gbm,True,-0.000283875189532713,-0.0009464117711790716,0.00031191843864045057,0.0003442289387105482,0.05,200,20260905,False,False
E,all,,2010H2-E,auc_slope_build,tabpfn - gbm,True,3.123905662386217e-05,-0.0003246654883009563,0.0004967325468472581,0.0002332848632634341,0.05,200,20260905,False,False
E,all,,2010H2-E,auc_slope_build,tabicl - gbm,True,0.0001261381052107636,-0.0002213214815944159,0.0006219378881072519,0.00024645452043298665,0.05,200,20260905,False,False
E,all,,2010H2-E,auc_slope_build,gbm-50k@share - gbm,True,-0.0004285165868283527,-0.0009464117711790716,1.2001747195400597e-05,0.00025805977301706886,0.05,200,20260905,False,False
E,all,,2010H2-E,auc_slope_build,tabicl@t1 - gbm,True,0.0001261381052107636,-0.0002213214815944159,0.0006219378881072519,0.00024645452043298665,0.05,200,20260905,False,True
E,all,,2010H2-E,auc_slope_build,tabpfn@t1 - gbm,True,3.177450409611081e-05,-0.00032396831572943446,0.0004960993653107469,0.0002324838025497771,0.05,200,20260905,False,False
E,all,,2010H2-E,auc_slope_build,tabpfn - gbm-50k,True,0.0003151142461565752,-0.00011415621147925743,0.0008213810949593096,0.0002501463783517253,0.05,200,20260905,False,False
E,all,,2010H2-E,auc_slope_build,tabicl - gbm-50k,True,0.0004100132947434766,-5.1626320272062285e-05,0.0009096473885788543,0.0002448901319448553,0.05,200,20260905,False,False
E,all,,2010H2-E,auc_slope_build,gbm-50k@share - gbm-50k,True,-0.0001446413972956397,-0.00044465332698006275,0.0,0.00016838413366675146,0.05,200,20260905,False,False
E,all,,2010H2-E,auc_slope_build,tabicl@t1 - gbm-50k,True,0.0004100132947434766,-5.1626320272062285e-05,0.0009096473885788543,0.0002448901319448553,0.05,200,20260905,False,True
E,all,,2010H2-E,auc_slope_build,tabpfn@t1 - gbm-50k,True,0.0003156496936288238,-0.00011234207122684605,0.000822256230901567,0.0002503054062898418,0.05,200,20260905,False,False
E,all,,2010H2-E,auc_slope_build,tabicl - tabpfn,True,9.489904858690143e-05,-1.748391847130172e-05,0.0002277075662702075,6.092117479107176e-05,0.05,200,20260905,False,False
E,all,,2010H2-E,auc_slope_build,gbm-50k@share - tabpfn,True,-0.0004597556434522149,-0.0008923337342743462,7.984034511715453e-05,0.00027455031958151466,0.05,200,20260905,False,False
E,all,,2010H2-E,auc_slope_build,tabicl@t1 - tabpfn,True,9.489904858690143e-05,-1.748391847130172e-05,0.0002277075662702075,6.092117479107176e-05,0.05,200,20260905,False,True
E,all,,2010H2-E,auc_slope_build,tabpfn@t1 - tabpfn,True,5.354474722486386e-07,-1.4121534522807386e-06,2.2617536532882745e-06,1.0862407082055848e-06,0.05,200,20260905,False,False
E,all,,2010H2-E,auc_slope_build,gbm-50k@share - tabicl,True,-0.0005546546920391164,-0.0009698532194471958,-2.2227062445465786e-06,0.0002800453454194562,0.05,200,20260905,True,False
E,all,,2010H2-E,auc_slope_build,tabicl@t1 - tabicl,True,0.0,0.0,0.0,0.0,0.05,200,20260905,False,True
E,all,,2010H2-E,auc_slope_build,tabpfn@t1 - tabicl,True,-9.436360111465278e-05,-0.00022817389300984207,1.8860300257667473e-05,6.122416860515639e-05,0.05,200,20260905,False,False
E,all,,2010H2-E,auc_slope_build,tabicl@t1 - gbm-50k@share,True,0.0005546546920391164,2.22270624454672e-06,0.000969853219447196,0.0002800453454194562,0.05,200,20260905,True,True
E,all,,2010H2-E,auc_slope_build,tabpfn@t1 - gbm-50k@share,True,0.00046029109092446353,-7.803970527583276e-05,0.0008908761065078745,0.0002741382152597235,0.05,200,20260905,False,False
E,all,,2010H2-E,auc_slope_build,tabpfn@t1 - tabicl@t1,True,-9.436360111465278e-05,-0.00022817389300984207,1.8860300257667473e-05,6.122416860515639e-05,0.05,200,20260905,False,True
E,all,,2012H2-E,auc_slope_build,scorecard,False,0.0009235578797552254,-0.000575244988779034,0.00253982370422861,0.0008878721382764922,0.05,200,20260905,,False
E,all,,2012H2-E,auc_slope_build,gbm,False,0.000523047938689669,-0.0012315482390343707,0.0021271056345582074,0.0008954534458641953,0.05,200,20260905,,False
E,all,,2012H2-E,auc_slope_build,gbm-50k,False,6.301517822450008e-05,-0.002054927837341414,0.0018552146814601064,0.001035336626230897,0.05,200,20260905,,False
E,all,,2012H2-E,auc_slope_build,tabpfn,False,0.0008134293574428257,-0.0009136240556979126,0.002635447326328752,0.0009678550580674877,0.05,200,20260905,,False
E,all,,2012H2-E,auc_slope_build,tabicl,False,0.0008107791267626114,-0.0008987624010455231,0.0025013741317423625,0.0009594606214245947,0.05,200,20260905,,False
E,all,,2012H2-E,auc_slope_build,gbm-50k@share,False,-5.799492177691422e-05,-0.0021162629100170095,0.0017496712808436326,0.0010541714199978273,0.05,200,20260905,,False
E,all,,2012H2-E,auc_slope_build,tabicl@t1,False,0.0008107791267626114,-0.0008987624010455231,0.0025013741317423625,0.0009594606214245947,0.05,200,20260905,,True
E,all,,2012H2-E,auc_slope_build,tabpfn@t1,False,0.0008129995970186215,-0.0009139060091409214,0.002633207034011821,0.0009676297354178174,0.05,200,20260905,,False
E,all,,2012H2-E,auc_slope_build,gbm - scorecard,True,-0.00040050994106555633,-0.001035018928154998,0.00021492366769736935,0.0003109754707064903,0.05,200,20260905,False,False
E,all,,2012H2-E,auc_slope_build,gbm-50k - scorecard,True,-0.0008605427015307253,-0.0019815034890036986,0.0001306925059042798,0.0005592932517211783,0.05,200,20260905,False,False
E,all,,2012H2-E,auc_slope_build,tabpfn - scorecard,True,-0.00011012852231239967,-0.0010622581141902633,0.0009372639462799495,0.0005013721049931336,0.05,200,20260905,False,False
E,all,,2012H2-E,auc_slope_build,tabicl - scorecard,True,-0.00011277875299261391,-0.0009687044369559139,0.000776913319185326,0.0004555946084222771,0.05,200,20260905,False,False
E,all,,2012H2-E,auc_slope_build,gbm-50k@share - scorecard,True,-0.0009815528015321396,-0.0021617708336597904,0.00017738218316005563,0.0006166230334852501,0.05,200,20260905,False,False
E,all,,2012H2-E,auc_slope_build,tabicl@t1 - scorecard,True,-0.00011277875299261391,-0.0009687044369559139,0.000776913319185326,0.0004555946084222771,0.05,200,20260905,False,True
E,all,,2012H2-E,auc_slope_build,tabpfn@t1 - scorecard,True,-0.00011055828273660389,-0.0010628532232773167,0.0009361274282091608,0.0005010019846747131,0.05,200,20260905,False,False
E,all,,2012H2-E,auc_slope_build,gbm-50k - gbm,True,-0.0004600327604651689,-0.0013571254263462025,0.00036972918210230834,0.00048739432093978103,0.05,200,20260905,False,False
E,all,,2012H2-E,auc_slope_build,tabpfn - gbm,True,0.0002903814187531567,-0.00034327691563113433,0.0010637655471630553,0.0004021155200518254,0.05,200,20260905,False,False
E,all,,2012H2-E,auc_slope_build,tabicl - gbm,True,0.0002877311880729425,-0.00035662834663089836,0.0009333833976778309,0.00036908514742885494,0.05,200,20260905,False,False
E,all,,2012H2-E,auc_slope_build,gbm-50k@share - gbm,True,-0.0005810428604665832,-0.0015161042235994904,0.0003170046878817176,0.0005353368208732271,0.05,200,20260905,False,False
E,all,,2012H2-E,auc_slope_build,tabicl@t1 - gbm,True,0.0002877311880729425,-0.00035662834663089836,0.0009333833976778309,0.00036908514742885494,0.05,200,20260905,False,True
E,all,,2012H2-E,auc_slope_build,tabpfn@t1 - gbm,True,0.0002899516583289525,-0.0003418584026857294,0.0010626145499881522,0.00040175278438536256,0.05,200,20260905,False,False
E,all,,2012H2-E,auc_slope_build,tabpfn - gbm-50k,True,0.0007504141792183255,-7.584349114701287e-05,0.0016648019051254766,0.0004490998514251533,0.05,200,20260905,False,False
E,all,,2012H2-E,auc_slope_build,tabicl - gbm-50k,True,0.0007477639485381115,-4.109419368946525e-05,0.0017592998063911082,0.0004347275655377297,0.05,200,20260905,False,False
E,all,,2012H2-E,auc_slope_build,gbm-50k@share - gbm-50k,True,-0.00012101010000141432,-0.0003329382120554114,0.00014416067574888955,0.00013118750701815245,0.05,200,20260905,False,False
E,all,,2012H2-E,auc_slope_build,tabicl@t1 - gbm-50k,True,0.0007477639485381115,-4.109419368946525e-05,0.0017592998063911082,0.0004347275655377297,0.05,200,20260905,False,True
E,all,,2012H2-E,auc_slope_build,tabpfn@t1 - gbm-50k,True,0.0007499844187941213,-7.663814289515345e-05,0.0016654003792973783,0.0004491300651168465,0.05,200,20260905,False,False
E,all,,2012H2-E,auc_slope_build,tabicl - tabpfn,True,-2.650230680214244e-06,-0.0003314440016286441,0.0002997375047793586,0.0001660418595955699,0.05,200,20260905,False,False
E,all,,2012H2-E,auc_slope_build,gbm-50k@share - tabpfn,True,-0.0008714242792197399,-0.0018230639807044317,0.00010827468375074865,0.0004691432526941417,0.05,200,20260905,False,False
E,all,,2012H2-E,auc_slope_build,tabicl@t1 - tabpfn,True,-2.650230680214244e-06,-0.0003314440016286441,0.0002997375047793586,0.0001660418595955699,0.05,200,20260905,False,True
E,all,,2012H2-E,auc_slope_build,tabpfn@t1 - tabpfn,True,-4.297604242042147e-07,-2.349081760729012e-06,1.823568986981167e-06,1.088719228737506e-06,0.05,200,20260905,False,False
E,all,,2012H2-E,auc_slope_build,gbm-50k@share - tabicl,True,-0.0008687740485395257,-0.001913292162595168,-2.2705978895097556e-05,0.00046569580374650313,0.05,200,20260905,True,False
E,all,,2012H2-E,auc_slope_build,tabicl@t1 - tabicl,True,0.0,0.0,0.0,0.0,0.05,200,20260905,False,True
E,all,,2012H2-E,auc_slope_build,tabpfn@t1 - tabicl,True,2.220470256010029e-06,-0.0003002939986656576,0.00033057497089841026,0.0001660794139118077,0.05,200,20260905,False,False
E,all,,2012H2-E,auc_slope_build,tabicl@t1 - gbm-50k@share,True,0.0008687740485395257,2.270597889509764e-05,0.0019132921625951683,0.00046569580374650313,0.05,200,20260905,True,True
E,all,,2012H2-E,auc_slope_build,tabpfn@t1 - gbm-50k@share,True,0.0008709945187955357,-0.00010701630297153486,0.001823687931013085,0.0004692503538642008,0.05,200,20260905,False,False
E,all,,2012H2-E,auc_slope_build,tabpfn@t1 - tabicl@t1,True,2.220470256010029e-06,-0.0003002939986656576,0.00033057497089841026,0.0001660794139118077,0.05,200,20260905,False,True
E,all,,2014H2-E,auc_slope_build,scorecard,False,0.0007766068376316094,-0.0008714856869805111,0.0024351199512416865,0.0008819626351193757,0.05,200,20260905,,False
E,all,,2014H2-E,auc_slope_build,gbm,False,0.0006318717096488397,-0.0010898453875876207,0.0023144025614008977,0.0008696122590400088,0.05,200,20260905,,False
E,all,,2014H2-E,auc_slope_build,gbm-50k,False,0.0007995506206594931,-0.0009691625028560356,0.002564847288024842,0.0009348191606495837,0.05,200,20260905,,False
E,all,,2014H2-E,auc_slope_build,tabpfn,False,0.001049666474358106,-0.0006199501167511089,0.002783285437392403,0.0009580503567057537,0.05,200,20260905,,False
E,all,,2014H2-E,auc_slope_build,tabicl,False,0.001113839506924344,-0.0006064703707559821,0.002886119772460625,0.0009710339774938596,0.05,200,20260905,,False
E,all,,2014H2-E,auc_slope_build,gbm-50k@share,False,0.0006815325084601896,-0.0010345312787313247,0.0023837678215785354,0.0009340539241447875,0.05,200,20260905,,False
E,all,,2014H2-E,auc_slope_build,tabicl@t1,False,0.001113839506924344,-0.0006064703707559821,0.002886119772460625,0.0009710339774938596,0.05,200,20260905,,True
E,all,,2014H2-E,auc_slope_build,tabpfn@t1,False,0.0010503357744695461,-0.0006189398111133643,0.0027860001447268814,0.0009576172702895685,0.05,200,20260905,,False
E,all,,2014H2-E,auc_slope_build,gbm - scorecard,True,-0.00014473512798276957,-0.0007985955877519712,0.00044830399357304626,0.0002944198182642469,0.05,200,20260905,False,False
E,all,,2014H2-E,auc_slope_build,gbm-50k - scorecard,True,2.294378302788391e-05,-0.0006992694272539109,0.0008192419635055459,0.0004058247811468029,0.05,200,20260905,False,False
E,all,,2014H2-E,auc_slope_build,tabpfn - scorecard,True,0.00027305963672649686,-0.000508268058114284,0.0012213140919599375,0.0004657555750510446,0.05,200,20260905,False,False
E,all,,2014H2-E,auc_slope_build,tabicl - scorecard,True,0.00033723266929273476,-0.00040142402071043,0.001215832782771267,0.0004494855503693859,0.05,200,20260905,False,False
E,all,,2014H2-E,auc_slope_build,gbm-50k@share - scorecard,True,-9.507432917141958e-05,-0.0008549262103950397,0.0007876983005860892,0.0004398716516446288,0.05,200,20260905,False,False
E,all,,2014H2-E,auc_slope_build,tabicl@t1 - scorecard,True,0.00033723266929273476,-0.00040142402071043,0.001215832782771267,0.0004494855503693859,0.05,200,20260905,False,True
E,all,,2014H2-E,auc_slope_build,tabpfn@t1 - scorecard,True,0.0002737289368379369,-0.0005091889896183053,0.0012216845098025966,0.00046526946374180926,0.05,200,20260905,False,False
E,all,,2014H2-E,auc_slope_build,gbm-50k - gbm,True,0.0001676789110106535,-0.0004606823876973296,0.0008657495318570238,0.00037937543541646834,0.05,200,20260905,False,False
E,all,,2014H2-E,auc_slope_build,tabpfn - gbm,True,0.0004177947647092664,-0.0002339277443177299,0.0012094717575260251,0.00039295741228338564,0.05,200,20260905,False,False
E,all,,2014H2-E,auc_slope_build,tabicl - gbm,True,0.00048196779727550427,-0.000181325156133953,0.001268355004319122,0.0003987105604375667,0.05,200,20260905,False,False
E,all,,2014H2-E,auc_slope_build,gbm-50k@share - gbm,True,4.966079881134998e-05,-0.0005838234858933373,0.0008266810179895201,0.00039655067935727835,0.05,200,20260905,False,False
E,all,,2014H2-E,auc_slope_build,tabicl@t1 - gbm,True,0.00048196779727550427,-0.000181325156133953,0.001268355004319122,0.0003987105604375667,0.05,200,20260905,False,True
E,all,,2014H2-E,auc_slope_build,tabpfn@t1 - gbm,True,0.00041846406482070643,-0.00023432040207609358,0.0012102152994762493,0.0003924961561827052,0.05,200,20260905,False,False
E,all,,2014H2-E,auc_slope_build,tabpfn - gbm-50k,True,0.0002501158536986129,-0.0004042460868325755,0.001098605423544657,0.00038950502210894993,0.05,200,20260905,False,False
E,all,,2014H2-E,auc_slope_build,tabicl - gbm-50k,True,0.0003142888862648508,-0.0002961728240112158,0.0010931277843437982,0.0003507390481159663,0.05,200,20260905,False,False
E,all,,2014H2-E,auc_slope_build,gbm-50k@share - gbm-50k,True,-0.0001180181121993035,-0.00034573690994428103,9.366748556692243e-05,0.00011892925673154573,0.05,200,20260905,False,False
E,all,,2014H2-E,auc_slope_build,tabicl@t1 - gbm-50k,True,0.0003142888862648508,-0.0002961728240112158,0.0010931277843437982,0.0003507390481159663,0.05,200,20260905,False,True
E,all,,2014H2-E,auc_slope_build,tabpfn@t1 - gbm-50k,True,0.00025078515381005297,-0.000404512353027,0.0011001513073337574,0.0003894244686139336,0.05,200,20260905,False,False
E,all,,2014H2-E,auc_slope_build,tabicl - tabpfn,True,6.417303256623788e-05,-0.00030345681237460375,0.0003973300226851088,0.00018057475199074715,0.05,200,20260905,False,False
E,all,,2014H2-E,auc_slope_build,gbm-50k@share - tabpfn,True,-0.0003681339658979164,-0.001134801627768236,0.000235978546288797,0.00038222243686119895,0.05,200,20260905,False,False
E,all,,2014H2-E,auc_slope_build,tabicl@t1 - tabpfn,True,6.417303256623788e-05,-0.00030345681237460375,0.0003973300226851088,0.00018057475199074715,0.05,200,20260905,False,True
E,all,,2014H2-E,auc_slope_build,tabpfn@t1 - tabpfn,True,6.693001114400562e-07,-1.3526693545972529e-06,3.582745850189116e-06,1.295711660204005e-06,0.05,200,20260905,False,False
E,all,,2014H2-E,auc_slope_build,gbm-50k@share - tabicl,True,-0.0004323069984641543,-0.0011331431706022522,0.00014481024213767882,0.0003467431894928212,0.05,200,20260905,False,False
E,all,,2014H2-E,auc_slope_build,tabicl@t1 - tabicl,True,0.0,0.0,0.0,0.0,0.05,200,20260905,False,True
E,all,,2014H2-E,auc_slope_build,tabpfn@t1 - tabicl,True,-6.350373245479783e-05,-0.00039829088658686765,0.0003030844359984893,0.0001808329359786284,0.05,200,20260905,False,False
E,all,,2014H2-E,auc_slope_build,tabicl@t1 - gbm-50k@share,True,0.0004323069984641543,-0.0001448102421376785,0.0011331431706022525,0.0003467431894928212,0.05,200,20260905,False,True
E,all,,2014H2-E,auc_slope_build,tabpfn@t1 - gbm-50k@share,True,0.0003688032660093565,-0.00023666962533851733,0.0011346123894431584,0.00038219064737358765,0.05,200,20260905,False,False
E,all,,2014H2-E,auc_slope_build,tabpfn@t1 - tabicl@t1,True,-6.350373245479783e-05,-0.00039829088658686765,0.0003030844359984893,0.0001808329359786284,0.05,200,20260905,False,True
E,all,,2016H2-E,auc_slope_build,scorecard,False,0.0008728762231242918,-0.0007668901444458895,0.002580001108393309,0.0008772692932998887,0.05,200,20260905,,False
E,all,,2016H2-E,auc_slope_build,gbm,False,0.0005295535407998367,-0.0010596253764510366,0.0022058386411853183,0.0009059049864520544,0.05,200,20260905,,False
E,all,,2016H2-E,auc_slope_build,gbm-50k,False,0.0006626924989154405,-0.0011795666116265232,0.002645294206179479,0.0009551645875453187,0.05,200,20260905,,False
E,all,,2016H2-E,auc_slope_build,tabpfn,False,0.0013342381960080713,-0.00018207746027118873,0.003050519035275631,0.000934310193471114,0.05,200,20260905,,False
E,all,,2016H2-E,auc_slope_build,tabicl,False,0.0011639868081983688,-0.0004417238121381869,0.003015692924648307,0.0009703825242656713,0.05,200,20260905,,False
E,all,,2016H2-E,auc_slope_build,gbm-50k@share,False,0.0007306762065963115,-0.001278042062147838,0.002645294206179479,0.0009532400068820772,0.05,200,20260905,,False
E,all,,2016H2-E,auc_slope_build,tabicl@t1,False,0.0011639868081983688,-0.0004417238121381869,0.003015692924648307,0.0009703825242656713,0.05,200,20260905,,True
E,all,,2016H2-E,auc_slope_build,tabpfn@t1,False,0.0013350786964905928,-0.00018255666280447155,0.0030522660901262837,0.0009344115864089859,0.05,200,20260905,,False
E,all,,2016H2-E,auc_slope_build,gbm - scorecard,True,-0.0003433226823244551,-0.0010816924897063302,0.0004797629614630242,0.00040648716133065486,0.05,200,20260905,False,False
E,all,,2016H2-E,auc_slope_build,gbm-50k - scorecard,True,-0.00021018372420885124,-0.0016625537959050573,0.001009354887242934,0.0006743997108234597,0.05,200,20260905,False,False
E,all,,2016H2-E,auc_slope_build,tabpfn - scorecard,True,0.00046136197288377943,-0.00024065536174622756,0.001308907165613851,0.00044368820333314646,0.05,200,20260905,False,False
E,all,,2016H2-E,auc_slope_build,tabicl - scorecard,True,0.0002911105850740769,-0.0005330903451086834,0.0011999960390571582,0.00047449944442564865,0.05,200,20260905,False,False
E,all,,2016H2-E,auc_slope_build,gbm-50k@share - scorecard,True,-0.00014220001652798028,-0.0011578004712109525,0.001009354887242934,0.000557926440532378,0.05,200,20260905,False,False
E,all,,2016H2-E,auc_slope_build,tabicl@t1 - scorecard,True,0.0002911105850740769,-0.0005330903451086834,0.0011999960390571582,0.00047449944442564865,0.05,200,20260905,False,True
E,all,,2016H2-E,auc_slope_build,tabpfn@t1 - scorecard,True,0.0004622024733663011,-0.00023972896720521374,0.0013101147951889815,0.00044370729135170833,0.05,200,20260905,False,False
E,all,,2016H2-E,auc_slope_build,gbm-50k - gbm,True,0.0001331389581156039,-0.0011493208825371511,0.001324802907489875,0.0006331439699533068,0.05,200,20260905,False,False
E,all,,2016H2-E,auc_slope_build,tabpfn - gbm,True,0.0008046846552082345,3.238184827011007e-05,0.0017385353498096108,0.00045987138752433347,0.05,200,20260905,True,False
E,all,,2016H2-E,auc_slope_build,tabicl - gbm,True,0.000634433267398532,-0.00018471949783220552,0.0016926845555593148,0.0005118138997541615,0.05,200,20260905,False,False
E,all,,2016H2-E,auc_slope_build,gbm-50k@share - gbm,True,0.00020112266579647487,-0.0009347369493567234,0.0011445053563524505,0.0005446431696522513,0.05,200,20260905,False,False
E,all,,2016H2-E,auc_slope_build,tabicl@t1 - gbm,True,0.000634433267398532,-0.00018471949783220552,0.0016926845555593148,0.0005118138997541615,0.05,200,20260905,False,True
E,all,,2016H2-E,auc_slope_build,tabpfn@t1 - gbm,True,0.0008055251556907563,3.270920604492433e-05,0.0017394038791112552,0.0004598144086882718,0.05,200,20260905,True,False
E,all,,2016H2-E,auc_slope_build,tabpfn - gbm-50k,True,0.0006715456970926306,-0.0004679505712789107,0.0023513567231715797,0.000774632160557919,0.05,200,20260905,False,False
E,all,,2016H2-E,auc_slope_build,tabicl - gbm-50k,True,0.0005012943092829282,-0.0008193001011091158,0.0022928596071666845,0.0008602759266927816,0.05,200,20260905,False,False
E,all,,2016H2-E,auc_slope_build,gbm-50k@share - gbm-50k,True,6.798370768087095e-05,-0.0007344370849706834,0.0012678868625653305,0.0005172766515490956,0.05,200,20260905,False,False
E,all,,2016H2-E,auc_slope_build,tabicl@t1 - gbm-50k,True,0.0005012943092829282,-0.0008193001011091158,0.0022928596071666845,0.0008602759266927816,0.05,200,20260905,False,True
E,all,,2016H2-E,auc_slope_build,tabpfn@t1 - gbm-50k,True,0.0006723861975751524,-0.0004680635938924886,0.002351580946922237,0.0007747542312186238,0.05,200,20260905,False,False
E,all,,2016H2-E,auc_slope_build,tabicl - tabpfn,True,-0.0001702513878097026,-0.0006673820805733996,0.00018527840243311034,0.0002196724164965002,0.05,200,20260905,False,False
E,all,,2016H2-E,auc_slope_build,gbm-50k@share - tabpfn,True,-0.0006035619894117597,-0.0016778626677141815,0.00038968157288994155,0.0005420392288783486,0.05,200,20260905,False,False
E,all,,2016H2-E,auc_slope_build,tabicl@t1 - tabpfn,True,-0.0001702513878097026,-0.0006673820805733996,0.00018527840243311034,0.0002196724164965002,0.05,200,20260905,False,True
E,all,,2016H2-E,auc_slope_build,tabpfn@t1 - tabpfn,True,8.405004825215995e-07,-8.272933959747027e-07,2.298482408054847e-06,8.398804123840809e-07,0.05,200,20260905,False,False
E,all,,2016H2-E,auc_slope_build,gbm-50k@share - tabicl,True,-0.0004333106016020572,-0.0014429919024349011,0.0008193001011091158,0.0005911147921374394,0.05,200,20260905,False,False
E,all,,2016H2-E,auc_slope_build,tabicl@t1 - tabicl,True,0.0,0.0,0.0,0.0,0.05,200,20260905,False,True
E,all,,2016H2-E,auc_slope_build,tabpfn@t1 - tabicl,True,0.0001710918882922242,-0.00018481923013733982,0.000668245403884853,0.00021952658889341404,0.05,200,20260905,False,False
E,all,,2016H2-E,auc_slope_build,tabicl@t1 - gbm-50k@share,True,0.0004333106016020572,-0.0008193001011091158,0.0014429919024349011,0.0005911147921374394,0.05,200,20260905,False,True
E,all,,2016H2-E,auc_slope_build,tabpfn@t1 - gbm-50k@share,True,0.0006044024898942814,-0.00038962003823815974,0.0016782407838112987,0.000542304737955558,0.05,200,20260905,False,False
E,all,,2016H2-E,auc_slope_build,tabpfn@t1 - tabicl@t1,True,0.0001710918882922242,-0.00018481923013733982,0.000668245403884853,0.00021952658889341404,0.05,200,20260905,False,True
E,all,,2018H2-E,auc_slope_build,scorecard,False,0.007276310007693656,0.0032341233106174833,0.01066077622658231,0.0019227268910860524,0.05,200,20260905,,False
E,all,,2018H2-E,auc_slope_build,gbm,False,0.007586858880089237,0.0031756328823958602,0.01102149212809428,0.0019466852842790739,0.05,200,20260905,,False
E,all,,2018H2-E,auc_slope_build,gbm-50k,False,0.006235946404412181,0.0006797348528318655,0.010499535675889272,0.0026346775650376284,0.05,200,20260905,,False
E,all,,2018H2-E,auc_slope_build,tabpfn,False,0.00773027274956226,0.0037716738035199317,0.011191868153767841,0.0018657440788494464,0.05,200,20260905,,False
E,all,,2018H2-E,auc_slope_build,tabicl,False,0.007942994227046743,0.003594634789030813,0.011570864701610452,0.001967517055606886,0.05,200,20260905,,False
E,all,,2018H2-E,auc_slope_build,gbm-50k@share,False,0.005900160013231843,-0.0005257087150128862,0.010646081451549164,0.003199953540337245,0.05,200,20260905,,False
E,all,,2018H2-E,auc_slope_build,tabicl@t1,False,0.007942994227046743,0.003594634789030813,0.011570864701610452,0.001967517055606886,0.05,200,20260905,,True
E,all,,2018H2-E,auc_slope_build,tabpfn@t1,False,0.007731331932581198,0.0037710740229608057,0.011196600837569121,0.001865542171554678,0.05,200,20260905,,False
E,all,,2018H2-E,auc_slope_build,gbm - scorecard,True,0.0003105488723955819,-0.0011924101613284925,0.0020054492702542824,0.0008355795700476118,0.05,200,20260905,False,False
E,all,,2018H2-E,auc_slope_build,gbm-50k - scorecard,True,-0.0010403636032814752,-0.005278118155331131,0.0022265641866277028,0.002207446771038175,0.05,200,20260905,False,False
E,all,,2018H2-E,auc_slope_build,tabpfn - scorecard,True,0.0004539627418686052,-0.0013614701175032602,0.002099192544521458,0.0008489307874615843,0.05,200,20260905,False,False
E,all,,2018H2-E,auc_slope_build,tabicl - scorecard,True,0.0006666842193530871,-0.0007740767685785108,0.0022657912040141043,0.0007700974760171803,0.05,200,20260905,False,False
E,all,,2018H2-E,auc_slope_build,gbm-50k@share - scorecard,True,-0.0013761499944618134,-0.006615674763675213,0.0023993596818675865,0.002882646682020284,0.05,200,20260905,False,False
E,all,,2018H2-E,auc_slope_build,tabicl@t1 - scorecard,True,0.0006666842193530871,-0.0007740767685785108,0.0022657912040141043,0.0007700974760171803,0.05,200,20260905,False,True
E,all,,2018H2-E,auc_slope_build,tabpfn@t1 - scorecard,True,0.0004550219248875432,-0.0013555901449468204,0.0020981105639785486,0.0008485558025459858,0.05,200,20260905,False,False
E,all,,2018H2-E,auc_slope_build,gbm-50k - gbm,True,-0.001350912475677057,-0.005564226865798235,0.0019836391859349455,0.002258641762010241,0.05,200,20260905,False,False
E,all,,2018H2-E,auc_slope_build,tabpfn - gbm,True,0.00014341386947302331,-0.0017981100484188576,0.0019437162557531622,0.0009855077694765314,0.05,200,20260905,False,False
E,all,,2018H2-E,auc_slope_build,tabicl - gbm,True,0.00035613534695750514,-0.0015749106469333946,0.00200977435750171,0.0009415520128914522,0.05,200,20260905,False,False
E,all,,2018H2-E,auc_slope_build,gbm-50k@share - gbm,True,-0.0016866988668573953,-0.007092177896001779,0.002251007054562593,0.0029334819323726096,0.05,200,20260905,False,False
E,all,,2018H2-E,auc_slope_build,tabicl@t1 - gbm,True,0.00035613534695750514,-0.0015749106469333946,0.00200977435750171,0.0009415520128914522,0.05,200,20260905,False,True
E,all,,2018H2-E,auc_slope_build,tabpfn@t1 - gbm,True,0.0001444730524919613,-0.0017968386967451026,0.0019428253991874314,0.000985116069970694,0.05,200,20260905,False,False
E,all,,2018H2-E,auc_slope_build,tabpfn - gbm-50k,True,0.0014943263451500804,-0.001873250322097708,0.005037227342812573,0.002096515875243265,0.05,200,20260905,False,False
E,all,,2018H2-E,auc_slope_build,tabicl - gbm-50k,True,0.0017070478226345624,-0.001723335987686775,0.0056214653425044085,0.002168890951873893,0.05,200,20260905,False,False
E,all,,2018H2-E,auc_slope_build,gbm-50k@share - gbm-50k,True,-0.0003357863911803381,-0.0024227832762082407,0.0020483443835311566,0.0012469839406127013,0.05,200,20260905,False,False
E,all,,2018H2-E,auc_slope_build,tabicl@t1 - gbm-50k,True,0.0017070478226345624,-0.001723335987686775,0.0056214653425044085,0.002168890951873893,0.05,200,20260905,False,True
E,all,,2018H2-E,auc_slope_build,tabpfn@t1 - gbm-50k,True,0.0014953855281690182,-0.001869687956472063,0.005037352111621071,0.002096538155120537,0.05,200,20260905,False,False
E,all,,2018H2-E,auc_slope_build,tabicl - tabpfn,True,0.00021272147748448186,-0.00036168063261367994,0.0008722162216909517,0.0003285586782668609,0.05,200,20260905,False,False
E,all,,2018H2-E,auc_slope_build,gbm-50k@share - tabpfn,True,-0.0018301127363304186,-0.007099303149705508,0.00168551503427672,0.0027200764973548727,0.05,200,20260905,False,False
E,all,,2018H2-E,auc_slope_build,tabicl@t1 - tabpfn,True,0.00021272147748448186,-0.00036168063261367994,0.0008722162216909517,0.0003285586782668609,0.05,200,20260905,False,True
E,all,,2018H2-E,auc_slope_build,tabpfn@t1 - tabpfn,True,1.0591830189379814e-06,-2.5431676234402695e-06,5.90941285228766e-06,2.387938614036027e-06,0.05,200,20260905,False,False
E,all,,2018H2-E,auc_slope_build,gbm-50k@share - tabicl,True,-0.0020428342138149006,-0.007390514721811583,0.0015991198644931927,0.002776085906555663,0.05,200,20260905,False,False
E,all,,2018H2-E,auc_slope_build,tabicl@t1 - tabicl,True,0.0,0.0,0.0,0.0,0.05,200,20260905,False,True
E,all,,2018H2-E,auc_slope_build,tabpfn@t1 - tabicl,True,-0.00021166229446554387,-0.0008724441898485079,0.0003682442555645835,0.00032872910100276967,0.05,200,20260905,False,False
E,all,,2018H2-E,auc_slope_build,tabicl@t1 - gbm-50k@share,True,0.0020428342138149006,-0.0015991198644931923,0.0073905147218115835,0.002776085906555663,0.05,200,20260905,False,True
E,all,,2018H2-E,auc_slope_build,tabpfn@t1 - gbm-50k@share,True,0.0018311719193493563,-0.0016838342444353432,0.007098597733577663,0.002720549504356114,0.05,200,20260905,False,False
E,all,,2018H2-E,auc_slope_build,tabpfn@t1 - tabicl@t1,True,-0.00021166229446554387,-0.0008724441898485079,0.0003682442555645835,0.00032872910100276967,0.05,200,20260905,False,True
E,nearest,,arm,auc_slope_build,scorecard,False,-0.002808300609887492,-0.004692909518690688,-0.0005917399289845893,0.0010435087966877657,0.05,200,20260905,,False
E,nearest,,arm,auc_slope_build,gbm,False,-0.0033110699590690462,-0.005284092285586867,-0.0007498433129280016,0.001088478826276423,0.05,200,20260905,,False
E,nearest,,arm,auc_slope_build,gbm-50k,False,-0.0028801050392445013,-0.005798933905553784,-0.00022758638072815414,0.0013854144355806438,0.05,200,20260905,,False
E,nearest,,arm,auc_slope_build,tabpfn,False,-0.0023542331393075562,-0.0042122592471704095,-0.00017814876795061718,0.0010738200734043929,0.05,200,20260905,,False
E,nearest,,arm,auc_slope_build,tabicl,False,-0.0022796911205723784,-0.004221882712647637,-0.0002221911238192554,0.001089203665584553,0.05,200,20260905,,False
E,nearest,,arm,auc_slope_build,gbm-50k@share,False,-0.0030049275195213215,-0.005753394610577513,-0.00036698675014094564,0.0013276042102384283,0.05,200,20260905,,False
E,nearest,,arm,auc_slope_build,tabicl@t1,False,-0.0022796911205723784,-0.004221882712647637,-0.0002221911238192554,0.001089203665584553,0.05,200,20260905,,True
E,nearest,,arm,auc_slope_build,tabpfn@t1,False,-0.0023565184801181893,-0.004217287096686894,-0.00017405453514738012,0.0010734474282752856,0.05,200,20260905,,False
E,nearest,,arm,auc_slope_build,gbm - scorecard,True,-0.000502769349181554,-0.0014848493250384145,0.0004967546728078902,0.0005277986742172696,0.05,200,20260905,False,False
E,nearest,,arm,auc_slope_build,gbm-50k - scorecard,True,-7.180442935700911e-05,-0.0018580960051863612,0.0018310546259979498,0.0009956249176582624,0.05,200,20260905,False,False
E,nearest,,arm,auc_slope_build,tabpfn - scorecard,True,0.00045406747057993624,-0.0007096019476936739,0.001908058671541401,0.0006617081561449163,0.05,200,20260905,False,False
E,nearest,,arm,auc_slope_build,tabicl - scorecard,True,0.0005286094893151137,-0.0005487170108886585,0.001808309007232534,0.0006176300563009837,0.05,200,20260905,False,False
E,nearest,,arm,auc_slope_build,gbm-50k@share - scorecard,True,-0.0001966269096338293,-0.0019397130531575064,0.0016421459222526644,0.000919920631096153,0.05,200,20260905,False,False
E,nearest,,arm,auc_slope_build,tabicl@t1 - scorecard,True,0.0005286094893151137,-0.0005487170108886585,0.001808309007232534,0.0006176300563009837,0.05,200,20260905,False,True
E,nearest,,arm,auc_slope_build,tabpfn@t1 - scorecard,True,0.00045178212976930274,-0.000709490171172062,0.001905287714603742,0.0006609947020360142,0.05,200,20260905,False,False
E,nearest,,arm,auc_slope_build,gbm-50k - gbm,True,0.0004309649198245449,-0.0013927206619012414,0.0021800446485101487,0.0009334350238156571,0.05,200,20260905,False,False
E,nearest,,arm,auc_slope_build,tabpfn - gbm,True,0.0009568368197614903,-0.000350026675574499,0.0023676075165683314,0.0006794200500803517,0.05,200,20260905,False,False
E,nearest,,arm,auc_slope_build,tabicl - gbm,True,0.0010313788384966676,-0.00020044468168113958,0.0023034023677645627,0.0006402360257495794,0.05,200,20260905,False,False
E,nearest,,arm,auc_slope_build,gbm-50k@share - gbm,True,0.00030614243954772474,-0.001283188729488314,0.0020350864393533087,0.0008865183869457563,0.05,200,20260905,False,False
E,nearest,,arm,auc_slope_build,tabicl@t1 - gbm,True,0.0010313788384966676,-0.00020044468168113958,0.0023034023677645627,0.0006402360257495794,0.05,200,20260905,False,True
E,nearest,,arm,auc_slope_build,tabpfn@t1 - gbm,True,0.0009545514789508568,-0.00034847252023016673,0.002362870766743657,0.0006787930760081963,0.05,200,20260905,False,False
E,nearest,,arm,auc_slope_build,tabpfn - gbm-50k,True,0.0005258718999369454,-0.0015783117043885392,0.0026935130014749476,0.0011507761104070592,0.05,200,20260905,False,False
E,nearest,,arm,auc_slope_build,tabicl - gbm-50k,True,0.0006004139186721228,-0.0012391071095743003,0.0024778998367748013,0.0010454121703842858,0.05,200,20260905,False,False
E,nearest,,arm,auc_slope_build,gbm-50k@share - gbm-50k,True,-0.00012482248027682018,-0.0007044872774965002,0.0005250665017750152,0.0003130028208401562,0.05,200,20260905,False,False
E,nearest,,arm,auc_slope_build,tabicl@t1 - gbm-50k,True,0.0006004139186721228,-0.0012391071095743003,0.0024778998367748013,0.0010454121703842858,0.05,200,20260905,False,True
E,nearest,,arm,auc_slope_build,tabpfn@t1 - gbm-50k,True,0.0005235865591263119,-0.0015741367774513187,0.002685658203214713,0.0011495852269391628,0.05,200,20260905,False,False
E,nearest,,arm,auc_slope_build,tabicl - tabpfn,True,7.45420187351774e-05,-0.0006795483831070735,0.0007396661030910083,0.00036596610150255345,0.05,200,20260905,False,False
E,nearest,,arm,auc_slope_build,gbm-50k@share - tabpfn,True,-0.0006506943802137656,-0.0027902824137868874,0.0013317948472952635,0.0010642560614012595,0.05,200,20260905,False,False
E,nearest,,arm,auc_slope_build,tabicl@t1 - tabpfn,True,7.45420187351774e-05,-0.0006795483831070735,0.0007396661030910083,0.00036596610150255345,0.05,200,20260905,False,True
E,nearest,,arm,auc_slope_build,tabpfn@t1 - tabpfn,True,-2.2853408106334946e-06,-7.875019116205563e-06,2.344790882457013e-06,2.6598499333123117e-06,0.05,200,20260905,False,False
E,nearest,,arm,auc_slope_build,gbm-50k@share - tabicl,True,-0.000725236398948943,-0.0024434931511947765,0.001033711950246951,0.0009609323851172564,0.05,200,20260905,False,False
E,nearest,,arm,auc_slope_build,tabicl@t1 - tabicl,True,0.0,0.0,0.0,0.0,0.05,200,20260905,False,True
E,nearest,,arm,auc_slope_build,tabpfn@t1 - tabicl,True,-7.682735954581089e-05,-0.0007415520470979063,0.0006725665019584677,0.0003650102496873081,0.05,200,20260905,False,False
E,nearest,,arm,auc_slope_build,tabicl@t1 - gbm-50k@share,True,0.000725236398948943,-0.0010337119502469509,0.0024434931511947773,0.0009609323851172564,0.05,200,20260905,False,True
E,nearest,,arm,auc_slope_build,tabpfn@t1 - gbm-50k@share,True,0.0006484090394031321,-0.0013347098777134923,0.002783187153123965,0.0010631747044571509,0.05,200,20260905,False,False
E,nearest,,arm,auc_slope_build,tabpfn@t1 - tabicl@t1,True,-7.682735954581089e-05,-0.0007415520470979063,0.0006725665019584677,0.0003650102496873081,0.05,200,20260905,False,True
E,nearest,,arm,auc_slope_cohort,scorecard,False,-0.000582065214100029,-0.0010472339698912446,-0.00022726002975833717,0.00022816749753996088,0.05,200,20260905,,False
E,nearest,,arm,auc_slope_cohort,gbm,False,-0.0012629401717275622,-0.002082345053913361,-0.0006420657682927296,0.00037457414212214014,0.05,200,20260905,,False
E,nearest,,arm,auc_slope_cohort,gbm-50k,False,-0.0006213072189968338,-0.0028562591270686,0.001484998218322261,0.0012641942314256282,0.05,200,20260905,,False
E,nearest,,arm,auc_slope_cohort,tabpfn,False,-0.0008488603485451294,-0.0015722487623231688,-3.743562112928709e-05,0.0003855476556251421,0.05,200,20260905,,False
E,nearest,,arm,auc_slope_cohort,tabicl,False,-0.0009133084713023668,-0.0015587079469569997,-0.0002593698982124546,0.0003549261340620207,0.05,200,20260905,,False
E,nearest,,arm,auc_slope_cohort,gbm-50k@share,False,-0.0009255680712610642,-0.00283684691962969,0.0009451620687565328,0.001035398909156496,0.05,200,20260905,,False
E,nearest,,arm,auc_slope_cohort,tabicl@t1,False,-0.0009133084713023668,-0.0015587079469569997,-0.0002593698982124546,0.0003549261340620207,0.05,200,20260905,,True
E,nearest,,arm,auc_slope_cohort,tabpfn@t1,False,-0.0008505367785532278,-0.0015716624484600303,-4.345127261774986e-05,0.0003843236356315284,0.05,200,20260905,,False
E,nearest,,arm,auc_slope_cohort,gbm - scorecard,True,-0.0006808749576275331,-0.0013784023425431227,-3.922178013532158e-06,0.00034201718679186904,0.05,200,20260905,True,False
E,nearest,,arm,auc_slope_cohort,gbm-50k - scorecard,True,-3.924200489680466e-05,-0.002240180477490178,0.0021742780331866526,0.00129030246584858,0.05,200,20260905,False,False
E,nearest,,arm,auc_slope_cohort,tabpfn - scorecard,True,-0.00026679513444510035,-0.0009620158530838002,0.000578406225456782,0.00038182860170880997,0.05,200,20260905,False,False
E,nearest,,arm,auc_slope_cohort,tabicl - scorecard,True,-0.0003312432572023377,-0.0011407503824723338,0.0003687578037921364,0.00038003484513747976,0.05,200,20260905,False,False
E,nearest,,arm,auc_slope_cohort,gbm-50k@share - scorecard,True,-0.00034350285716103516,-0.0023782455509116377,0.0015808804687890948,0.001063352837575159,0.05,200,20260905,False,False
E,nearest,,arm,auc_slope_cohort,tabicl@t1 - scorecard,True,-0.0003312432572023377,-0.0011407503824723338,0.0003687578037921364,0.00038003484513747976,0.05,200,20260905,False,True
E,nearest,,arm,auc_slope_cohort,tabpfn@t1 - scorecard,True,-0.0002684715644531988,-0.0009614932285173778,0.0005750286341108049,0.0003808889370103017,0.05,200,20260905,False,False
E,nearest,,arm,auc_slope_cohort,gbm-50k - gbm,True,0.0006416329527307286,-0.001771408099128361,0.00298426366270296,0.0012635642952424438,0.05,200,20260905,False,False
E,nearest,,arm,auc_slope_cohort,tabpfn - gbm,True,0.0004140798231824329,-0.0005896151548128625,0.0013472119396432313,0.0004945922765915417,0.05,200,20260905,False,False
E,nearest,,arm,auc_slope_cohort,tabicl - gbm,True,0.0003496317004251955,-0.0005473583359559553,0.0012662769004106547,0.00047592097757872864,0.05,200,20260905,False,False
E,nearest,,arm,auc_slope_cohort,gbm-50k@share - gbm,True,0.00033737210046649803,-0.0017231973323294282,0.0022382891100103607,0.0010407622396744452,0.05,200,20260905,False,False
E,nearest,,arm,auc_slope_cohort,tabicl@t1 - gbm,True,0.0003496317004251955,-0.0005473583359559553,0.0012662769004106547,0.00047592097757872864,0.05,200,20260905,False,True
E,nearest,,arm,auc_slope_cohort,tabpfn@t1 - gbm,True,0.0004124033931743344,-0.0005944834181719521,0.001346368170811906,0.0004938327172865573,0.05,200,20260905,False,False
E,nearest,,arm,auc_slope_cohort,tabpfn - gbm-50k,True,-0.00022755312954829572,-0.002637750592896384,0.002271613637072957,0.0014262356845703796,0.05,200,20260905,False,False
E,nearest,,arm,auc_slope_cohort,tabicl - gbm-50k,True,-0.00029200125230553314,-0.0024066934803162604,0.002047507643531305,0.001322279718964281,0.05,200,20260905,False,False
E,nearest,,arm,auc_slope_cohort,gbm-50k@share - gbm-50k,True,-0.00030426085226423053,-0.0009909885915271527,0.0004251662663607515,0.00040487448608566987,0.05,200,20260905,False,False
E,nearest,,arm,auc_slope_cohort,tabicl@t1 - gbm-50k,True,-0.00029200125230553314,-0.0024066934803162604,0.002047507643531305,0.001322279718964281,0.05,200,20260905,False,True
E,nearest,,arm,auc_slope_cohort,tabpfn@t1 - gbm-50k,True,-0.0002292295595563941,-0.0026385788070224575,0.0022635572599042546,0.0014245256552006505,0.05,200,20260905,False,False
E,nearest,,arm,auc_slope_cohort,tabicl - tabpfn,True,-6.444812275723736e-05,-0.000655450179088973,0.00040957514269286395,0.000280079433967896,0.05,200,20260905,False,False
E,nearest,,arm,auc_slope_cohort,gbm-50k@share - tabpfn,True,-7.670772271593477e-05,-0.0022420464133460203,0.0018981628183347278,0.0011823124613955628,0.05,200,20260905,False,False
E,nearest,,arm,auc_slope_cohort,tabicl@t1 - tabpfn,True,-6.444812275723736e-05,-0.000655450179088973,0.00040957514269286395,0.000280079433967896,0.05,200,20260905,False,True
E,nearest,,arm,auc_slope_cohort,tabpfn@t1 - tabpfn,True,-1.6764300080984354e-06,-6.571769196121097e-06,2.10082957234407e-06,2.534352063337487e-06,0.05,200,20260905,False,False
E,nearest,,arm,auc_slope_cohort,gbm-50k@share - tabicl,True,-1.2259599958697447e-05,-0.001986448851311235,0.0017074321977659447,0.0010884313601660436,0.05,200,20260905,False,False
E,nearest,,arm,auc_slope_cohort,tabicl@t1 - tabicl,True,0.0,0.0,0.0,0.0,0.05,200,20260905,False,True
E,nearest,,arm,auc_slope_cohort,tabpfn@t1 - tabicl,True,6.277169274913892e-05,-0.0004097112608192477,0.0006559137510192255,0.00027926574772775824,0.05,200,20260905,False,False
E,nearest,,arm,auc_slope_cohort,tabicl@t1 - gbm-50k@share,True,1.2259599958697447e-05,-0.0017074321977659445,0.0019864488513112355,0.0010884313601660436,0.05,200,20260905,False,True
E,nearest,,arm,auc_slope_cohort,tabpfn@t1 - gbm-50k@share,True,7.503129270783641e-05,-0.0018968070964700916,0.002236660841833972,0.0011806534297188205,0.05,200,20260905,False,False
E,nearest,,arm,auc_slope_cohort,tabpfn@t1 - tabicl@t1,True,6.277169274913892e-05,-0.0004097112608192477,0.0006559137510192255,0.00027926574772775824,0.05,200,20260905,False,True
E,nearest,,builds,auc_slope_build,scorecard,False,,,,,0.05,200,20260905,,False
E,nearest,,builds,auc_slope_build,gbm,False,,,,,0.05,200,20260905,,False
E,nearest,,builds,auc_slope_build,gbm-50k,False,,,,,0.05,200,20260905,,False
E,nearest,,builds,auc_slope_build,tabpfn,False,,,,,0.05,200,20260905,,False
E,nearest,,builds,auc_slope_build,tabicl,False,,,,,0.05,200,20260905,,False
E,nearest,,builds,auc_slope_build,gbm-50k@share,False,,,,,0.05,200,20260905,,False
E,nearest,,builds,auc_slope_build,tabicl@t1,False,,,,,0.05,200,20260905,,True
E,nearest,,builds,auc_slope_build,tabpfn@t1,False,,,,,0.05,200,20260905,,False
E,nearest,,builds,auc_slope_build,gbm - scorecard,True,,,,,0.05,200,20260905,False,False
E,nearest,,builds,auc_slope_build,gbm-50k - scorecard,True,,,,,0.05,200,20260905,False,False
E,nearest,,builds,auc_slope_build,tabpfn - scorecard,True,,,,,0.05,200,20260905,False,False
E,nearest,,builds,auc_slope_build,tabicl - scorecard,True,,,,,0.05,200,20260905,False,False
E,nearest,,builds,auc_slope_build,gbm-50k@share - scorecard,True,,,,,0.05,200,20260905,False,False
E,nearest,,builds,auc_slope_build,tabicl@t1 - scorecard,True,,,,,0.05,200,20260905,False,True
E,nearest,,builds,auc_slope_build,tabpfn@t1 - scorecard,True,,,,,0.05,200,20260905,False,False
E,nearest,,builds,auc_slope_build,gbm-50k - gbm,True,,,,,0.05,200,20260905,False,False
E,nearest,,builds,auc_slope_build,tabpfn - gbm,True,,,,,0.05,200,20260905,False,False
E,nearest,,builds,auc_slope_build,tabicl - gbm,True,,,,,0.05,200,20260905,False,False
E,nearest,,builds,auc_slope_build,gbm-50k@share - gbm,True,,,,,0.05,200,20260905,False,False
E,nearest,,builds,auc_slope_build,tabicl@t1 - gbm,True,,,,,0.05,200,20260905,False,True
E,nearest,,builds,auc_slope_build,tabpfn@t1 - gbm,True,,,,,0.05,200,20260905,False,False
E,nearest,,builds,auc_slope_build,tabpfn - gbm-50k,True,,,,,0.05,200,20260905,False,False
E,nearest,,builds,auc_slope_build,tabicl - gbm-50k,True,,,,,0.05,200,20260905,False,False
E,nearest,,builds,auc_slope_build,gbm-50k@share - gbm-50k,True,,,,,0.05,200,20260905,False,False
E,nearest,,builds,auc_slope_build,tabicl@t1 - gbm-50k,True,,,,,0.05,200,20260905,False,True
E,nearest,,builds,auc_slope_build,tabpfn@t1 - gbm-50k,True,,,,,0.05,200,20260905,False,False
E,nearest,,builds,auc_slope_build,tabicl - tabpfn,True,,,,,0.05,200,20260905,False,False
E,nearest,,builds,auc_slope_build,gbm-50k@share - tabpfn,True,,,,,0.05,200,20260905,False,False
E,nearest,,builds,auc_slope_build,tabicl@t1 - tabpfn,True,,,,,0.05,200,20260905,False,True
E,nearest,,builds,auc_slope_build,tabpfn@t1 - tabpfn,True,,,,,0.05,200,20260905,False,False
E,nearest,,builds,auc_slope_build,gbm-50k@share - tabicl,True,,,,,0.05,200,20260905,False,False
E,nearest,,builds,auc_slope_build,tabicl@t1 - tabicl,True,,,,,0.05,200,20260905,False,True
E,nearest,,builds,auc_slope_build,tabpfn@t1 - tabicl,True,,,,,0.05,200,20260905,False,False
E,nearest,,builds,auc_slope_build,tabicl@t1 - gbm-50k@share,True,,,,,0.05,200,20260905,False,True
E,nearest,,builds,auc_slope_build,tabpfn@t1 - gbm-50k@share,True,,,,,0.05,200,20260905,False,False
E,nearest,,builds,auc_slope_build,tabpfn@t1 - tabicl@t1,True,,,,,0.05,200,20260905,False,True
E,nearest,,2002H2-E,auc_slope_build,scorecard,False,-0.014333346100714184,-0.02621493396307485,-0.001898487916977548,0.006366764817994289,0.05,200,20260905,,False
E,nearest,,2002H2-E,auc_slope_build,gbm,False,-0.016073339760454858,-0.028285230247594387,-0.0037629095191131154,0.0063079456272146645,0.05,200,20260905,,False
E,nearest,,2002H2-E,auc_slope_build,gbm-50k,False,-0.01628765700182817,-0.03091259358794019,-0.002874439684176539,0.006823572041453317,0.05,200,20260905,,False
E,nearest,,2002H2-E,auc_slope_build,tabpfn,False,-0.014433690887673323,-0.02678923370754539,-0.0020284964109372828,0.0065998201751259,0.05,200,20260905,,False
E,nearest,,2002H2-E,auc_slope_build,tabicl,False,-0.01622922019556161,-0.029349773051181895,-0.002506187333724843,0.006938294717138496,0.05,200,20260905,,False
E,nearest,,2002H2-E,auc_slope_build,gbm-50k@share,False,-0.01628765700182817,-0.03091259358794019,-0.002874439684176539,0.006823572041453317,0.05,200,20260905,,False
E,nearest,,2002H2-E,auc_slope_build,tabicl@t1,False,-0.01622922019556161,-0.029349773051181895,-0.002506187333724843,0.006938294717138496,0.05,200,20260905,,True
E,nearest,,2002H2-E,auc_slope_build,tabpfn@t1,False,-0.014437462239317652,-0.026800796761070056,-0.002044929219869846,0.00659883876610332,0.05,200,20260905,,False
E,nearest,,2002H2-E,auc_slope_build,gbm - scorecard,True,-0.001739993659740674,-0.006218599307598632,0.0025628533677121462,0.002397760584502037,0.05,200,20260905,False,False
E,nearest,,2002H2-E,auc_slope_build,gbm-50k - scorecard,True,-0.001954310901113985,-0.00864887892818887,0.004904749103222115,0.00348981481914723,0.05,200,20260905,False,False
E,nearest,,2002H2-E,auc_slope_build,tabpfn - scorecard,True,-0.00010034478695913895,-0.004671155273601006,0.00443791255890685,0.0024303894406586548,0.05,200,20260905,False,False
E,nearest,,2002H2-E,auc_slope_build,tabicl - scorecard,True,-0.0018958740948474273,-0.007453871799396768,0.003343725418962961,0.0031049709034323713,0.05,200,20260905,False,False
E,nearest,,2002H2-E,auc_slope_build,gbm-50k@share - scorecard,True,-0.001954310901113985,-0.00864887892818887,0.004904749103222115,0.00348981481914723,0.05,200,20260905,False,False
E,nearest,,2002H2-E,auc_slope_build,tabicl@t1 - scorecard,True,-0.0018958740948474273,-0.007453871799396768,0.003343725418962961,0.0031049709034323713,0.05,200,20260905,False,True
E,nearest,,2002H2-E,auc_slope_build,tabpfn@t1 - scorecard,True,-0.00010411613860346798,-0.004662356683635693,0.004430607555450619,0.0024287572386521533,0.05,200,20260905,False,False
E,nearest,,2002H2-E,auc_slope_build,gbm-50k - gbm,True,-0.00021431724137331112,-0.0055565524519111285,0.006056841161753664,0.002997999368364763,0.05,200,20260905,False,False
E,nearest,,2002H2-E,auc_slope_build,tabpfn - gbm,True,0.001639648872781535,-0.003503226164204989,0.006435443140576051,0.0026333805522954995,0.05,200,20260905,False,False
E,nearest,,2002H2-E,auc_slope_build,tabicl - gbm,True,-0.0001558804351067533,-0.006079454997678276,0.005192696249592835,0.003051239792249861,0.05,200,20260905,False,False
E,nearest,,2002H2-E,auc_slope_build,gbm-50k@share - gbm,True,-0.00021431724137331112,-0.0055565524519111285,0.006056841161753664,0.002997999368364763,0.05,200,20260905,False,False
E,nearest,,2002H2-E,auc_slope_build,tabicl@t1 - gbm,True,-0.0001558804351067533,-0.006079454997678276,0.005192696249592835,0.003051239792249861,0.05,200,20260905,False,True
E,nearest,,2002H2-E,auc_slope_build,tabpfn@t1 - gbm,True,0.001635877521137206,-0.0035146147257760253,0.006439310208178448,0.002632212892941097,0.05,200,20260905,False,False
E,nearest,,2002H2-E,auc_slope_build,tabpfn - gbm-50k,True,0.0018539661141548462,-0.005681421954653643,0.008014954748284512,0.003715380782362086,0.05,200,20260905,False,False
E,nearest,,2002H2-E,auc_slope_build,tabicl - gbm-50k,True,5.843680626655782e-05,-0.007621277750978606,0.007063448682427195,0.004070934022792546,0.05,200,20260905,False,False
E,nearest,,2002H2-E,auc_slope_build,gbm-50k@share - gbm-50k,True,0.0,0.0,0.0,0.0,0.05,200,20260905,False,False
E,nearest,,2002H2-E,auc_slope_build,tabicl@t1 - gbm-50k,True,5.843680626655782e-05,-0.007621277750978606,0.007063448682427195,0.004070934022792546,0.05,200,20260905,False,True
E,nearest,,2002H2-E,auc_slope_build,tabpfn@t1 - gbm-50k,True,0.001850194762510517,-0.005689730224102815,0.008000182364742868,0.003716450159903695,0.05,200,20260905,False,False
E,nearest,,2002H2-E,auc_slope_build,tabicl - tabpfn,True,-0.0017955293078882884,-0.005825593173319913,0.0024334947964829755,0.0021573902131180865,0.05,200,20260905,False,False
E,nearest,,2002H2-E,auc_slope_build,gbm-50k@share - tabpfn,True,-0.0018539661141548462,-0.00801495474828451,0.005681421954653646,0.003715380782362086,0.05,200,20260905,False,False
E,nearest,,2002H2-E,auc_slope_build,tabicl@t1 - tabpfn,True,-0.0017955293078882884,-0.005825593173319913,0.0024334947964829755,0.0021573902131180865,0.05,200,20260905,False,True
E,nearest,,2002H2-E,auc_slope_build,tabpfn@t1 - tabpfn,True,-3.7713516443290316e-06,-2.1667161094886255e-05,1.0458833364565546e-05,8.27017444473099e-06,0.05,200,20260905,False,False
E,nearest,,2002H2-E,auc_slope_build,gbm-50k@share - tabicl,True,-5.843680626655782e-05,-0.007063448682427193,0.00762127775097861,0.004070934022792546,0.05,200,20260905,False,False
E,nearest,,2002H2-E,auc_slope_build,tabicl@t1 - tabicl,True,0.0,0.0,0.0,0.0,0.05,200,20260905,False,True
E,nearest,,2002H2-E,auc_slope_build,tabpfn@t1 - tabicl,True,0.0017917579562439594,-0.0024344560483832885,0.005801597864102519,0.0021551795739582157,0.05,200,20260905,False,False
E,nearest,,2002H2-E,auc_slope_build,tabicl@t1 - gbm-50k@share,True,5.843680626655782e-05,-0.007621277750978606,0.007063448682427195,0.004070934022792546,0.05,200,20260905,False,True
E,nearest,,2002H2-E,auc_slope_build,tabpfn@t1 - gbm-50k@share,True,0.001850194762510517,-0.005689730224102815,0.008000182364742868,0.003716450159903695,0.05,200,20260905,False,False
E,nearest,,2002H2-E,auc_slope_build,tabpfn@t1 - tabicl@t1,True,0.0017917579562439594,-0.0024344560483832885,0.005801597864102519,0.0021551795739582157,0.05,200,20260905,False,True
E,nearest,,2004H2-E,auc_slope_build,scorecard,False,0.0007473265073861673,-0.004033034241579345,0.005327609242092239,0.0023014050024250297,0.05,200,20260905,,False
E,nearest,,2004H2-E,auc_slope_build,gbm,False,0.0033285109721594153,-0.002200130943864153,0.008518324629027943,0.0024129053457613353,0.05,200,20260905,,False
E,nearest,,2004H2-E,auc_slope_build,gbm-50k,False,0.0027517993624027507,-0.0037203717754153236,0.008256678648799315,0.0028110630640085983,0.05,200,20260905,,False
E,nearest,,2004H2-E,auc_slope_build,tabpfn,False,0.0038226940987769464,-0.0009683338554415513,0.008169847017578202,0.0023666959103179055,0.05,200,20260905,,False
E,nearest,,2004H2-E,auc_slope_build,tabicl,False,0.004293357114723432,-0.0007469037738227171,0.00918106236432025,0.0025243404646931263,0.05,200,20260905,,False
E,nearest,,2004H2-E,auc_slope_build,gbm-50k@share,False,0.0027517993624027507,-0.0037203717754153236,0.008256678648799315,0.0028110630640085983,0.05,200,20260905,,False
E,nearest,,2004H2-E,auc_slope_build,tabicl@t1,False,0.004293357114723432,-0.0007469037738227171,0.00918106236432025,0.0025243404646931263,0.05,200,20260905,,True
E,nearest,,2004H2-E,auc_slope_build,tabpfn@t1,False,0.003823926356004851,-0.0009702199201180838,0.008176225437537352,0.0023669305610993356,0.05,200,20260905,,False
E,nearest,,2004H2-E,auc_slope_build,gbm - scorecard,True,0.002581184464773248,0.00040998290247893715,0.004506044263565931,0.0010508327424701782,0.05,200,20260905,True,False
E,nearest,,2004H2-E,auc_slope_build,gbm-50k - scorecard,True,0.0020044728550165833,-0.0009578980250112404,0.005729384419655144,0.001903885680337663,0.05,200,20260905,False,False
E,nearest,,2004H2-E,auc_slope_build,tabpfn - scorecard,True,0.003075367591390779,0.001667058305984855,0.004315300234230483,0.0007279723913048235,0.05,200,20260905,True,False
E,nearest,,2004H2-E,auc_slope_build,tabicl - scorecard,True,0.0035460306073372646,0.001734628694969678,0.005523990371341454,0.0009717413814343137,0.05,200,20260905,True,False
E,nearest,,2004H2-E,auc_slope_build,gbm-50k@share - scorecard,True,0.0020044728550165833,-0.0009578980250112404,0.005729384419655144,0.001903885680337663,0.05,200,20260905,False,False
E,nearest,,2004H2-E,auc_slope_build,tabicl@t1 - scorecard,True,0.0035460306073372646,0.001734628694969678,0.005523990371341454,0.0009717413814343137,0.05,200,20260905,True,True
E,nearest,,2004H2-E,auc_slope_build,tabpfn@t1 - scorecard,True,0.0030765998486186837,0.0016682316355249905,0.004315819220394883,0.0007280761566404813,0.05,200,20260905,True,False
E,nearest,,2004H2-E,auc_slope_build,gbm-50k - gbm,True,-0.0005767116097566647,-0.003375679048896754,0.0029225784015715654,0.0018804378466380522,0.05,200,20260905,False,False
E,nearest,,2004H2-E,auc_slope_build,tabpfn - gbm,True,0.0004941831266175312,-0.0013364744228934703,0.002281621123972051,0.0009610380456623526,0.05,200,20260905,False,False
E,nearest,,2004H2-E,auc_slope_build,tabicl - gbm,True,0.0009648461425640168,-0.0014450254666914524,0.0033252012428097266,0.0012145816235826976,0.05,200,20260905,False,False
E,nearest,,2004H2-E,auc_slope_build,gbm-50k@share - gbm,True,-0.0005767116097566647,-0.003375679048896754,0.0029225784015715654,0.0018804378466380522,0.05,200,20260905,False,False
E,nearest,,2004H2-E,auc_slope_build,tabicl@t1 - gbm,True,0.0009648461425640168,-0.0014450254666914524,0.0033252012428097266,0.0012145816235826976,0.05,200,20260905,False,True
E,nearest,,2004H2-E,auc_slope_build,tabpfn@t1 - gbm,True,0.0004954153838454359,-0.0013382706774310662,0.002285860672224969,0.0009610212624964693,0.05,200,20260905,False,False
E,nearest,,2004H2-E,auc_slope_build,tabpfn - gbm-50k,True,0.001070894736374196,-0.002677780706620809,0.004157473774534633,0.001908005484326163,0.05,200,20260905,False,False
E,nearest,,2004H2-E,auc_slope_build,tabicl - gbm-50k,True,0.0015415577523206815,-0.00290704563202383,0.005991066135048692,0.0024002708618094514,0.05,200,20260905,False,False
E,nearest,,2004H2-E,auc_slope_build,gbm-50k@share - gbm-50k,True,0.0,0.0,0.0,0.0,0.05,200,20260905,False,False
E,nearest,,2004H2-E,auc_slope_build,tabicl@t1 - gbm-50k,True,0.0015415577523206815,-0.00290704563202383,0.005991066135048692,0.0024002708618094514,0.05,200,20260905,False,True
E,nearest,,2004H2-E,auc_slope_build,tabpfn@t1 - gbm-50k,True,0.0010721269936021006,-0.002676020210658789,0.004160575256708477,0.0019079155019910315,0.05,200,20260905,False,False
E,nearest,,2004H2-E,auc_slope_build,tabicl - tabpfn,True,0.0004706630159464857,-0.0005653153550675304,0.0021715640669461513,0.0007768216024113046,0.05,200,20260905,False,False
E,nearest,,2004H2-E,auc_slope_build,gbm-50k@share - tabpfn,True,-0.001070894736374196,-0.004157473774534631,0.0026777807066208094,0.001908005484326163,0.05,200,20260905,False,False
E,nearest,,2004H2-E,auc_slope_build,tabicl@t1 - tabpfn,True,0.0004706630159464857,-0.0005653153550675304,0.0021715640669461513,0.0007768216024113046,0.05,200,20260905,False,True
E,nearest,,2004H2-E,auc_slope_build,tabpfn@t1 - tabpfn,True,1.232257227904802e-06,-4.1807519344055214e-06,1.1668369346245351e-05,3.8417288380964895e-06,0.05,200,20260905,False,False
E,nearest,,2004H2-E,auc_slope_build,gbm-50k@share - tabicl,True,-0.0015415577523206815,-0.005991066135048691,0.0029070456320238313,0.0024002708618094514,0.05,200,20260905,False,False
E,nearest,,2004H2-E,auc_slope_build,tabicl@t1 - tabicl,True,0.0,0.0,0.0,0.0,0.05,200,20260905,False,True
E,nearest,,2004H2-E,auc_slope_build,tabpfn@t1 - tabicl,True,-0.00046943075871858087,-0.0021744567524644943,0.0005648132428061339,0.0007760284541479045,0.05,200,20260905,False,False
E,nearest,,2004H2-E,auc_slope_build,tabicl@t1 - gbm-50k@share,True,0.0015415577523206815,-0.00290704563202383,0.005991066135048692,0.0024002708618094514,0.05,200,20260905,False,True
E,nearest,,2004H2-E,auc_slope_build,tabpfn@t1 - gbm-50k@share,True,0.0010721269936021006,-0.002676020210658789,0.004160575256708477,0.0019079155019910315,0.05,200,20260905,False,False
E,nearest,,2004H2-E,auc_slope_build,tabpfn@t1 - tabicl@t1,True,-0.00046943075871858087,-0.0021744567524644943,0.0005648132428061339,0.0007760284541479045,0.05,200,20260905,False,True
E,nearest,,2006H2-E,auc_slope_build,scorecard,False,-0.0006458450800842785,-0.005778577822643741,0.005593026109572499,0.0029382220356659176,0.05,200,20260905,,False
E,nearest,,2006H2-E,auc_slope_build,gbm,False,-0.002503984615163185,-0.007990858600127259,0.003240923730577092,0.00291236630280683,0.05,200,20260905,,False
E,nearest,,2006H2-E,auc_slope_build,gbm-50k,False,-0.0031597023276533956,-0.008376025960292278,0.0021946442425871994,0.002851724849196985,0.05,200,20260905,,False
E,nearest,,2006H2-E,auc_slope_build,tabpfn,False,-0.001893166158909702,-0.00728537470030719,0.004018913360942803,0.002845993344669258,0.05,200,20260905,,False
E,nearest,,2006H2-E,auc_slope_build,tabicl,False,-0.0015196023436064114,-0.0067735011023365935,0.00395754545187555,0.002848219080045497,0.05,200,20260905,,False
E,nearest,,2006H2-E,auc_slope_build,gbm-50k@share,False,-0.0028863497145124825,-0.008355617858544393,0.002467160015002109,0.0028968390266526887,0.05,200,20260905,,False
E,nearest,,2006H2-E,auc_slope_build,tabicl@t1,False,-0.0015196023436064114,-0.0067735011023365935,0.00395754545187555,0.002848219080045497,0.05,200,20260905,,True
E,nearest,,2006H2-E,auc_slope_build,tabpfn@t1,False,-0.0018946081913422351,-0.007279932741551798,0.004015888591705369,0.0028447604499972747,0.05,200,20260905,,False
E,nearest,,2006H2-E,auc_slope_build,gbm - scorecard,True,-0.0018581395350789065,-0.003952801741905708,0.00023323233858089628,0.0011135307217804728,0.05,200,20260905,False,False
E,nearest,,2006H2-E,auc_slope_build,gbm-50k - scorecard,True,-0.002513857247569117,-0.006319317059145629,0.001234877164423792,0.0019475213535456552,0.05,200,20260905,False,False
E,nearest,,2006H2-E,auc_slope_build,tabpfn - scorecard,True,-0.0012473210788254234,-0.004243634047517927,0.0012404293124474897,0.001405662806642542,0.05,200,20260905,False,False
E,nearest,,2006H2-E,auc_slope_build,tabicl - scorecard,True,-0.0008737572635221328,-0.004080254830734768,0.001681376301209514,0.0014486729601814654,0.05,200,20260905,False,False
E,nearest,,2006H2-E,auc_slope_build,gbm-50k@share - scorecard,True,-0.002240504634428204,-0.006074389483067199,0.0017750995467985693,0.001995777401517014,0.05,200,20260905,False,False
E,nearest,,2006H2-E,auc_slope_build,tabicl@t1 - scorecard,True,-0.0008737572635221328,-0.004080254830734768,0.001681376301209514,0.0014486729601814654,0.05,200,20260905,False,True
E,nearest,,2006H2-E,auc_slope_build,tabpfn@t1 - scorecard,True,-0.0012487631112579566,-0.004237211688840095,0.0012417791632500068,0.00140503672041114,0.05,200,20260905,False,False
E,nearest,,2006H2-E,auc_slope_build,gbm-50k - gbm,True,-0.0006557177124902105,-0.003847991265140516,0.003078214658288196,0.001733763916528829,0.05,200,20260905,False,False
E,nearest,,2006H2-E,auc_slope_build,tabpfn - gbm,True,0.0006108184562534832,-0.0019526689638097081,0.0031992725797045556,0.0013685514992191838,0.05,200,20260905,False,False
E,nearest,,2006H2-E,auc_slope_build,tabicl - gbm,True,0.0009843822715567736,-0.0013857649716784634,0.004095108103672424,0.0014794639816984128,0.05,200,20260905,False,False
E,nearest,,2006H2-E,auc_slope_build,gbm-50k@share - gbm,True,-0.0003823650993492976,-0.0035621083599230905,0.0034590279619335996,0.0017679839514774436,0.05,200,20260905,False,False
E,nearest,,2006H2-E,auc_slope_build,tabicl@t1 - gbm,True,0.0009843822715567736,-0.0013857649716784634,0.004095108103672424,0.0014794639816984128,0.05,200,20260905,False,True
E,nearest,,2006H2-E,auc_slope_build,tabpfn@t1 - gbm,True,0.00060937642382095,-0.001948899167419229,0.003199873996026789,0.0013684539087543668,0.05,200,20260905,False,False
E,nearest,,2006H2-E,auc_slope_build,tabpfn - gbm-50k,True,0.0012665361687436937,-0.0016699216494910317,0.004317482885739175,0.0016234612331805442,0.05,200,20260905,False,False
E,nearest,,2006H2-E,auc_slope_build,tabicl - gbm-50k,True,0.0016400999840469842,-0.001759413103013047,0.004795796694945994,0.0016703357311091205,0.05,200,20260905,False,False
E,nearest,,2006H2-E,auc_slope_build,gbm-50k@share - gbm-50k,True,0.0002733526131409129,-0.0004491039246650438,0.0013857181860777287,0.0004981293795223267,0.05,200,20260905,False,False
E,nearest,,2006H2-E,auc_slope_build,tabicl@t1 - gbm-50k,True,0.0016400999840469842,-0.001759413103013047,0.004795796694945994,0.0016703357311091205,0.05,200,20260905,False,True
E,nearest,,2006H2-E,auc_slope_build,tabpfn@t1 - gbm-50k,True,0.0012650941363111605,-0.0016671202899221302,0.004314533912285059,0.0016224962687617541,0.05,200,20260905,False,False
E,nearest,,2006H2-E,auc_slope_build,tabicl - tabpfn,True,0.0003735638153032905,-0.0007903655816617282,0.002203254933153251,0.0008191808650139596,0.05,200,20260905,False,False
E,nearest,,2006H2-E,auc_slope_build,gbm-50k@share - tabpfn,True,-0.0009931835556027807,-0.004273397989037784,0.001970509061995573,0.0016439603539742241,0.05,200,20260905,False,False
E,nearest,,2006H2-E,auc_slope_build,tabicl@t1 - tabpfn,True,0.0003735638153032905,-0.0007903655816617282,0.002203254933153251,0.0008191808650139596,0.05,200,20260905,False,True
E,nearest,,2006H2-E,auc_slope_build,tabpfn@t1 - tabpfn,True,-1.442032432533158e-06,-1.9454085371968176e-05,7.256023505021818e-06,6.6073461675136735e-06,0.05,200,20260905,False,False
E,nearest,,2006H2-E,auc_slope_build,gbm-50k@share - tabicl,True,-0.0013667473709060712,-0.004416263886081766,0.0017457226893544257,0.0016169531133774055,0.05,200,20260905,False,False
E,nearest,,2006H2-E,auc_slope_build,tabicl@t1 - tabicl,True,0.0,0.0,0.0,0.0,0.05,200,20260905,False,True
E,nearest,,2006H2-E,auc_slope_build,tabpfn@t1 - tabicl,True,-0.0003750058477358237,-0.0022057660720868396,0.0007872457693139684,0.0008201209434686824,0.05,200,20260905,False,False
E,nearest,,2006H2-E,auc_slope_build,tabicl@t1 - gbm-50k@share,True,0.0013667473709060712,-0.0017457226893544244,0.004416263886081767,0.0016169531133774055,0.05,200,20260905,False,True
E,nearest,,2006H2-E,auc_slope_build,tabpfn@t1 - gbm-50k@share,True,0.0009917415231702476,-0.0019754001404012783,0.0042690346984611055,0.0016437331845353263,0.05,200,20260905,False,False
E,nearest,,2006H2-E,auc_slope_build,tabpfn@t1 - tabicl@t1,True,-0.0003750058477358237,-0.0022057660720868396,0.0007872457693139684,0.0008201209434686824,0.05,200,20260905,False,True
E,nearest,,2008H2-E,auc_slope_build,scorecard,False,0.0062360366264302,-0.002173515672727456,0.012043251213022346,0.0035494300813070706,0.05,200,20260905,,False
E,nearest,,2008H2-E,auc_slope_build,gbm,False,0.004887166690603975,-0.0031100397958619087,0.01092616743398653,0.0033935252142677733,0.05,200,20260905,,False
E,nearest,,2008H2-E,auc_slope_build,gbm-50k,False,0.006214402424859243,-3.328577855406795e-05,0.012592915592900957,0.0033923880556109135,0.05,200,20260905,,False
E,nearest,,2008H2-E,auc_slope_build,tabpfn,False,0.00837584634289413,0.0008453871507311611,0.015493409170589827,0.003856223195696698,0.05,200,20260905,,False
E,nearest,,2008H2-E,auc_slope_build,tabicl,False,0.009169607357196833,0.0023128462476791163,0.017132337160977184,0.003723560640508337,0.05,200,20260905,,False
E,nearest,,2008H2-E,auc_slope_build,gbm-50k@share,False,0.006092724705153467,-0.00019603145201885718,0.012557584800200675,0.003443104236725687,0.05,200,20260905,,False
E,nearest,,2008H2-E,auc_slope_build,tabicl@t1,False,0.009169607357196833,0.0023128462476791163,0.017132337160977184,0.003723560640508337,0.05,200,20260905,,True
E,nearest,,2008H2-E,auc_slope_build,tabpfn@t1,False,0.008370792605263295,0.0008434270237733799,0.01547943460151424,0.0038526901194803126,0.05,200,20260905,,False
E,nearest,,2008H2-E,auc_slope_build,gbm - scorecard,True,-0.0013488699358262246,-0.0031201464826568007,0.000643988010836262,0.001047449422853291,0.05,200,20260905,False,False
E,nearest,,2008H2-E,auc_slope_build,gbm-50k - scorecard,True,-2.163420157095623e-05,-0.003099428704102146,0.003915438407022952,0.0017379826171165114,0.05,200,20260905,False,False
E,nearest,,2008H2-E,auc_slope_build,tabpfn - scorecard,True,0.0021398097164639315,-0.0013575408863139278,0.008268189842507026,0.002775519497264983,0.05,200,20260905,False,False
E,nearest,,2008H2-E,auc_slope_build,tabicl - scorecard,True,0.0029335707307666333,-0.0012021428176085774,0.008981644099113005,0.002477920571187847,0.05,200,20260905,False,False
E,nearest,,2008H2-E,auc_slope_build,gbm-50k@share - scorecard,True,-0.00014331192127673328,-0.003048393216391068,0.0035506212587490364,0.0017485776002121292,0.05,200,20260905,False,False
E,nearest,,2008H2-E,auc_slope_build,tabicl@t1 - scorecard,True,0.0029335707307666333,-0.0012021428176085774,0.008981644099113005,0.002477920571187847,0.05,200,20260905,False,True
E,nearest,,2008H2-E,auc_slope_build,tabpfn@t1 - scorecard,True,0.002134755978833095,-0.001351457299442479,0.008247006513668255,0.0027688353855955155,0.05,200,20260905,False,False
E,nearest,,2008H2-E,auc_slope_build,gbm-50k - gbm,True,0.0013272357342552683,-0.001547166455006707,0.004707065984931098,0.0016318554069732327,0.05,200,20260905,False,False
E,nearest,,2008H2-E,auc_slope_build,tabpfn - gbm,True,0.003488679652290156,-0.00022270731353335658,0.009562892417184941,0.002703196992139576,0.05,200,20260905,False,False
E,nearest,,2008H2-E,auc_slope_build,tabicl - gbm,True,0.004282440666592858,0.0006262359226352782,0.009942263471626543,0.0023747163143187982,0.05,200,20260905,True,False
E,nearest,,2008H2-E,auc_slope_build,gbm-50k@share - gbm,True,0.0012055580145494914,-0.001903708643416846,0.004560684553523076,0.001703591855502073,0.05,200,20260905,False,False
E,nearest,,2008H2-E,auc_slope_build,tabicl@t1 - gbm,True,0.004282440666592858,0.0006262359226352782,0.009942263471626543,0.0023747163143187982,0.05,200,20260905,True,True
E,nearest,,2008H2-E,auc_slope_build,tabpfn@t1 - gbm,True,0.00348362591465932,-0.00022457690348985223,0.009548902532237738,0.00269665352197627,0.05,200,20260905,False,False
E,nearest,,2008H2-E,auc_slope_build,tabpfn - gbm-50k,True,0.002161443918034888,-0.0012893103632051158,0.0076197087046827915,0.0024906980890221867,0.05,200,20260905,False,False
E,nearest,,2008H2-E,auc_slope_build,tabicl - gbm-50k,True,0.00295520493233759,-0.0004896841590000365,0.007810897025627797,0.002267864677599875,0.05,200,20260905,False,False
E,nearest,,2008H2-E,auc_slope_build,gbm-50k@share - gbm-50k,True,-0.00012167771970577705,-0.001106279029202505,0.001252722572334343,0.0005796384421592215,0.05,200,20260905,False,False
E,nearest,,2008H2-E,auc_slope_build,tabicl@t1 - gbm-50k,True,0.00295520493233759,-0.0004896841590000365,0.007810897025627797,0.002267864677599875,0.05,200,20260905,False,True
E,nearest,,2008H2-E,auc_slope_build,tabpfn@t1 - gbm-50k,True,0.0021563901804040517,-0.0012883207796415795,0.007607923802039533,0.002484356840077217,0.05,200,20260905,False,False
E,nearest,,2008H2-E,auc_slope_build,tabicl - tabpfn,True,0.0007937610143027019,-0.0014383733153800632,0.0025083405006931184,0.0010084911133153873,0.05,200,20260905,False,False
E,nearest,,2008H2-E,auc_slope_build,gbm-50k@share - tabpfn,True,-0.002283121637740665,-0.007717106114881073,0.0010663319944330275,0.0023511410985186314,0.05,200,20260905,False,False
E,nearest,,2008H2-E,auc_slope_build,tabicl@t1 - tabpfn,True,0.0007937610143027019,-0.0014383733153800632,0.0025083405006931184,0.0010084911133153873,0.05,200,20260905,False,True
E,nearest,,2008H2-E,auc_slope_build,tabpfn@t1 - tabpfn,True,-5.053737630836275e-06,-2.8089924984207523e-05,3.55427333102905e-06,8.580877655691698e-06,0.05,200,20260905,False,False
E,nearest,,2008H2-E,auc_slope_build,gbm-50k@share - tabicl,True,-0.0030768826520433668,-0.008140030192458255,0.00048493697374903057,0.0021597896571576686,0.05,200,20260905,False,False
E,nearest,,2008H2-E,auc_slope_build,tabicl@t1 - tabicl,True,0.0,0.0,0.0,0.0,0.05,200,20260905,False,True
E,nearest,,2008H2-E,auc_slope_build,tabpfn@t1 - tabicl,True,-0.0007988147519335381,-0.002516201654439016,0.0014169614176690571,0.0010050886469107,0.05,200,20260905,False,False
E,nearest,,2008H2-E,auc_slope_build,tabicl@t1 - gbm-50k@share,True,0.0030768826520433668,-0.00048493697374902927,0.008140030192458255,0.0021597896571576686,0.05,200,20260905,False,True
E,nearest,,2008H2-E,auc_slope_build,tabpfn@t1 - gbm-50k@share,True,0.0022780679001098286,-0.0010673613816062951,0.007695557981687639,0.0023448496473414755,0.05,200,20260905,False,False
E,nearest,,2008H2-E,auc_slope_build,tabpfn@t1 - tabicl@t1,True,-0.0007988147519335381,-0.002516201654439016,0.0014169614176690571,0.0010050886469107,0.05,200,20260905,False,True
E,nearest,,2010H2-E,auc_slope_build,scorecard,False,-0.004595860402670154,-0.015530385180896477,0.007334306527555723,0.005839751517048384,0.05,200,20260905,,False
E,nearest,,2010H2-E,auc_slope_build,gbm,False,-0.007552813313712853,-0.017458561252224176,0.002631448330961633,0.005261210546074786,0.05,200,20260905,,False
E,nearest,,2010H2-E,auc_slope_build,gbm-50k,False,-0.0073697185721483165,-0.01808448741157047,0.004216527225893728,0.005771512566061426,0.05,200,20260905,,False
E,nearest,,2010H2-E,auc_slope_build,tabpfn,False,-0.007931128028648537,-0.017340123091946085,0.0022001249019314053,0.005483886596970962,0.05,200,20260905,,False
E,nearest,,2010H2-E,auc_slope_build,tabicl,False,-0.009172268735506786,-0.018901654707687083,0.0006980050457023606,0.005516623229659869,0.05,200,20260905,,False
E,nearest,,2010H2-E,auc_slope_build,gbm-50k@share,False,-0.007696251762466484,-0.017996034924200845,0.003021131497922309,0.0057763688676717604,0.05,200,20260905,,False
E,nearest,,2010H2-E,auc_slope_build,tabicl@t1,False,-0.009172268735506786,-0.018901654707687083,0.0006980050457023606,0.005516623229659869,0.05,200,20260905,,True
E,nearest,,2010H2-E,auc_slope_build,tabpfn@t1,False,-0.007936932145528866,-0.01733591917118407,0.002192922427765781,0.005483769087404475,0.05,200,20260905,,False
E,nearest,,2010H2-E,auc_slope_build,gbm - scorecard,True,-0.0029569529110426984,-0.008976221318364959,0.002809742797143462,0.0031563370113066205,0.05,200,20260905,False,False
E,nearest,,2010H2-E,auc_slope_build,gbm-50k - scorecard,True,-0.0027738581694781625,-0.008916408211007448,0.0031652851872208633,0.0031892727441112253,0.05,200,20260905,False,False
E,nearest,,2010H2-E,auc_slope_build,tabpfn - scorecard,True,-0.003335267625978383,-0.010164459069991841,0.0036543588370574363,0.0033132346855289556,0.05,200,20260905,False,False
E,nearest,,2010H2-E,auc_slope_build,tabicl - scorecard,True,-0.004576408332836633,-0.010539320924677043,0.0020779444021599217,0.003233310158391316,0.05,200,20260905,False,False
E,nearest,,2010H2-E,auc_slope_build,gbm-50k@share - scorecard,True,-0.0031003913597963304,-0.009593450049902676,0.003814458850528035,0.003490169762702235,0.05,200,20260905,False,False
E,nearest,,2010H2-E,auc_slope_build,tabicl@t1 - scorecard,True,-0.004576408332836633,-0.010539320924677043,0.0020779444021599217,0.003233310158391316,0.05,200,20260905,False,True
E,nearest,,2010H2-E,auc_slope_build,tabpfn@t1 - scorecard,True,-0.003341071742858711,-0.01016575068166918,0.0036548807176014116,0.0033109504751387244,0.05,200,20260905,False,False
E,nearest,,2010H2-E,auc_slope_build,gbm-50k - gbm,True,0.000183094741564536,-0.004443009677704507,0.00518321686359725,0.002446347994007674,0.05,200,20260905,False,False
E,nearest,,2010H2-E,auc_slope_build,tabpfn - gbm,True,-0.0003783147149356847,-0.003393903463247642,0.0032203018732990508,0.0017080728962435418,0.05,200,20260905,False,False
E,nearest,,2010H2-E,auc_slope_build,tabicl - gbm,True,-0.0016194554217939343,-0.0051914613986424555,0.0017698947517994553,0.001957630662472227,0.05,200,20260905,False,False
E,nearest,,2010H2-E,auc_slope_build,gbm-50k@share - gbm,True,-0.00014343844875363185,-0.005132311958358875,0.005092609806181908,0.0026236928542574195,0.05,200,20260905,False,False
E,nearest,,2010H2-E,auc_slope_build,tabicl@t1 - gbm,True,-0.0016194554217939343,-0.0051914613986424555,0.0017698947517994553,0.001957630662472227,0.05,200,20260905,False,True
E,nearest,,2010H2-E,auc_slope_build,tabpfn@t1 - gbm,True,-0.0003841188318160123,-0.0034122715265653635,0.0032252212069144746,0.0017084831145852497,0.05,200,20260905,False,False
E,nearest,,2010H2-E,auc_slope_build,tabpfn - gbm-50k,True,-0.0005614094565002207,-0.0048983462380562445,0.004039144766634588,0.002443116912189556,0.05,200,20260905,False,False
E,nearest,,2010H2-E,auc_slope_build,tabicl - gbm-50k,True,-0.0018025501633584702,-0.006767101651376961,0.002744547460531036,0.002521336302232133,0.05,200,20260905,False,False
E,nearest,,2010H2-E,auc_slope_build,gbm-50k@share - gbm-50k,True,-0.00032653319031816785,-0.0018243225213513882,0.0008801334426212013,0.000664735686320903,0.05,200,20260905,False,False
E,nearest,,2010H2-E,auc_slope_build,tabicl@t1 - gbm-50k,True,-0.0018025501633584702,-0.006767101651376961,0.002744547460531036,0.002521336302232133,0.05,200,20260905,False,True
E,nearest,,2010H2-E,auc_slope_build,tabpfn@t1 - gbm-50k,True,-0.0005672135733805483,-0.004903907668731437,0.004031139811440812,0.0024428192129439127,0.05,200,20260905,False,False
E,nearest,,2010H2-E,auc_slope_build,tabicl - tabpfn,True,-0.0012411407068582496,-0.003377585926126102,0.0004942704778798381,0.0010129666925536055,0.05,200,20260905,False,False
E,nearest,,2010H2-E,auc_slope_build,gbm-50k@share - tabpfn,True,0.00023487626618205285,-0.004384926842301499,0.005095561945248759,0.002701828763072271,0.05,200,20260905,False,False
E,nearest,,2010H2-E,auc_slope_build,tabicl@t1 - tabpfn,True,-0.0012411407068582496,-0.003377585926126102,0.0004942704778798381,0.0010129666925536055,0.05,200,20260905,False,True
E,nearest,,2010H2-E,auc_slope_build,tabpfn@t1 - tabpfn,True,-5.804116880327633e-06,-2.5639251286851268e-05,1.2102016079740958e-05,9.154087719967506e-06,0.05,200,20260905,False,False
E,nearest,,2010H2-E,auc_slope_build,gbm-50k@share - tabicl,True,0.0014760169730403023,-0.0036725759371421694,0.006577744115114566,0.002760745143811587,0.05,200,20260905,False,False
E,nearest,,2010H2-E,auc_slope_build,tabicl@t1 - tabicl,True,0.0,0.0,0.0,0.0,0.05,200,20260905,False,True
E,nearest,,2010H2-E,auc_slope_build,tabpfn@t1 - tabicl,True,0.0012353365899779218,-0.0004962943812109683,0.003369401433462179,0.0010102370171004701,0.05,200,20260905,False,False
E,nearest,,2010H2-E,auc_slope_build,tabicl@t1 - gbm-50k@share,True,-0.0014760169730403023,-0.0065777441151145645,0.00367257593714217,0.002760745143811587,0.05,200,20260905,False,True
E,nearest,,2010H2-E,auc_slope_build,tabpfn@t1 - gbm-50k@share,True,-0.0002406803830623805,-0.005103820605919905,0.004374400502523228,0.0027019584939478045,0.05,200,20260905,False,False
E,nearest,,2010H2-E,auc_slope_build,tabpfn@t1 - tabicl@t1,True,0.0012353365899779218,-0.0004962943812109683,0.003369401433462179,0.0010102370171004701,0.05,200,20260905,False,True
E,nearest,,2012H2-E,auc_slope_build,scorecard,False,,,,,0.05,200,20260905,,False
E,nearest,,2012H2-E,auc_slope_build,gbm,False,,,,,0.05,200,20260905,,False
E,nearest,,2012H2-E,auc_slope_build,gbm-50k,False,,,,,0.05,200,20260905,,False
E,nearest,,2012H2-E,auc_slope_build,tabpfn,False,,,,,0.05,200,20260905,,False
E,nearest,,2012H2-E,auc_slope_build,tabicl,False,,,,,0.05,200,20260905,,False
E,nearest,,2012H2-E,auc_slope_build,gbm-50k@share,False,,,,,0.05,200,20260905,,False
E,nearest,,2012H2-E,auc_slope_build,tabicl@t1,False,,,,,0.05,200,20260905,,True
E,nearest,,2012H2-E,auc_slope_build,tabpfn@t1,False,,,,,0.05,200,20260905,,False
E,nearest,,2012H2-E,auc_slope_build,gbm - scorecard,True,,,,,0.05,200,20260905,False,False
E,nearest,,2012H2-E,auc_slope_build,gbm-50k - scorecard,True,,,,,0.05,200,20260905,False,False
E,nearest,,2012H2-E,auc_slope_build,tabpfn - scorecard,True,,,,,0.05,200,20260905,False,False
E,nearest,,2012H2-E,auc_slope_build,tabicl - scorecard,True,,,,,0.05,200,20260905,False,False
E,nearest,,2012H2-E,auc_slope_build,gbm-50k@share - scorecard,True,,,,,0.05,200,20260905,False,False
E,nearest,,2012H2-E,auc_slope_build,tabicl@t1 - scorecard,True,,,,,0.05,200,20260905,False,True
E,nearest,,2012H2-E,auc_slope_build,tabpfn@t1 - scorecard,True,,,,,0.05,200,20260905,False,False
E,nearest,,2012H2-E,auc_slope_build,gbm-50k - gbm,True,,,,,0.05,200,20260905,False,False
E,nearest,,2012H2-E,auc_slope_build,tabpfn - gbm,True,,,,,0.05,200,20260905,False,False
E,nearest,,2012H2-E,auc_slope_build,tabicl - gbm,True,,,,,0.05,200,20260905,False,False
E,nearest,,2012H2-E,auc_slope_build,gbm-50k@share - gbm,True,,,,,0.05,200,20260905,False,False
E,nearest,,2012H2-E,auc_slope_build,tabicl@t1 - gbm,True,,,,,0.05,200,20260905,False,True
E,nearest,,2012H2-E,auc_slope_build,tabpfn@t1 - gbm,True,,,,,0.05,200,20260905,False,False
E,nearest,,2012H2-E,auc_slope_build,tabpfn - gbm-50k,True,,,,,0.05,200,20260905,False,False
E,nearest,,2012H2-E,auc_slope_build,tabicl - gbm-50k,True,,,,,0.05,200,20260905,False,False
E,nearest,,2012H2-E,auc_slope_build,gbm-50k@share - gbm-50k,True,,,,,0.05,200,20260905,False,False
E,nearest,,2012H2-E,auc_slope_build,tabicl@t1 - gbm-50k,True,,,,,0.05,200,20260905,False,True
E,nearest,,2012H2-E,auc_slope_build,tabpfn@t1 - gbm-50k,True,,,,,0.05,200,20260905,False,False
E,nearest,,2012H2-E,auc_slope_build,tabicl - tabpfn,True,,,,,0.05,200,20260905,False,False
E,nearest,,2012H2-E,auc_slope_build,gbm-50k@share - tabpfn,True,,,,,0.05,200,20260905,False,False
E,nearest,,2012H2-E,auc_slope_build,tabicl@t1 - tabpfn,True,,,,,0.05,200,20260905,False,True
E,nearest,,2012H2-E,auc_slope_build,tabpfn@t1 - tabpfn,True,,,,,0.05,200,20260905,False,False
E,nearest,,2012H2-E,auc_slope_build,gbm-50k@share - tabicl,True,,,,,0.05,200,20260905,False,False
E,nearest,,2012H2-E,auc_slope_build,tabicl@t1 - tabicl,True,,,,,0.05,200,20260905,False,True
E,nearest,,2012H2-E,auc_slope_build,tabpfn@t1 - tabicl,True,,,,,0.05,200,20260905,False,False
E,nearest,,2012H2-E,auc_slope_build,tabicl@t1 - gbm-50k@share,True,,,,,0.05,200,20260905,False,True
E,nearest,,2012H2-E,auc_slope_build,tabpfn@t1 - gbm-50k@share,True,,,,,0.05,200,20260905,False,False
E,nearest,,2012H2-E,auc_slope_build,tabpfn@t1 - tabicl@t1,True,,,,,0.05,200,20260905,False,True
E,nearest,,2014H2-E,auc_slope_build,scorecard,False,,,,,0.05,200,20260905,,False
E,nearest,,2014H2-E,auc_slope_build,gbm,False,,,,,0.05,200,20260905,,False
E,nearest,,2014H2-E,auc_slope_build,gbm-50k,False,,,,,0.05,200,20260905,,False
E,nearest,,2014H2-E,auc_slope_build,tabpfn,False,,,,,0.05,200,20260905,,False
E,nearest,,2014H2-E,auc_slope_build,tabicl,False,,,,,0.05,200,20260905,,False
E,nearest,,2014H2-E,auc_slope_build,gbm-50k@share,False,,,,,0.05,200,20260905,,False
E,nearest,,2014H2-E,auc_slope_build,tabicl@t1,False,,,,,0.05,200,20260905,,True
E,nearest,,2014H2-E,auc_slope_build,tabpfn@t1,False,,,,,0.05,200,20260905,,False
E,nearest,,2014H2-E,auc_slope_build,gbm - scorecard,True,,,,,0.05,200,20260905,False,False
E,nearest,,2014H2-E,auc_slope_build,gbm-50k - scorecard,True,,,,,0.05,200,20260905,False,False
E,nearest,,2014H2-E,auc_slope_build,tabpfn - scorecard,True,,,,,0.05,200,20260905,False,False
E,nearest,,2014H2-E,auc_slope_build,tabicl - scorecard,True,,,,,0.05,200,20260905,False,False
E,nearest,,2014H2-E,auc_slope_build,gbm-50k@share - scorecard,True,,,,,0.05,200,20260905,False,False
E,nearest,,2014H2-E,auc_slope_build,tabicl@t1 - scorecard,True,,,,,0.05,200,20260905,False,True
E,nearest,,2014H2-E,auc_slope_build,tabpfn@t1 - scorecard,True,,,,,0.05,200,20260905,False,False
E,nearest,,2014H2-E,auc_slope_build,gbm-50k - gbm,True,,,,,0.05,200,20260905,False,False
E,nearest,,2014H2-E,auc_slope_build,tabpfn - gbm,True,,,,,0.05,200,20260905,False,False
E,nearest,,2014H2-E,auc_slope_build,tabicl - gbm,True,,,,,0.05,200,20260905,False,False
E,nearest,,2014H2-E,auc_slope_build,gbm-50k@share - gbm,True,,,,,0.05,200,20260905,False,False
E,nearest,,2014H2-E,auc_slope_build,tabicl@t1 - gbm,True,,,,,0.05,200,20260905,False,True
E,nearest,,2014H2-E,auc_slope_build,tabpfn@t1 - gbm,True,,,,,0.05,200,20260905,False,False
E,nearest,,2014H2-E,auc_slope_build,tabpfn - gbm-50k,True,,,,,0.05,200,20260905,False,False
E,nearest,,2014H2-E,auc_slope_build,tabicl - gbm-50k,True,,,,,0.05,200,20260905,False,False
E,nearest,,2014H2-E,auc_slope_build,gbm-50k@share - gbm-50k,True,,,,,0.05,200,20260905,False,False
E,nearest,,2014H2-E,auc_slope_build,tabicl@t1 - gbm-50k,True,,,,,0.05,200,20260905,False,True
E,nearest,,2014H2-E,auc_slope_build,tabpfn@t1 - gbm-50k,True,,,,,0.05,200,20260905,False,False
E,nearest,,2014H2-E,auc_slope_build,tabicl - tabpfn,True,,,,,0.05,200,20260905,False,False
E,nearest,,2014H2-E,auc_slope_build,gbm-50k@share - tabpfn,True,,,,,0.05,200,20260905,False,False
E,nearest,,2014H2-E,auc_slope_build,tabicl@t1 - tabpfn,True,,,,,0.05,200,20260905,False,True
E,nearest,,2014H2-E,auc_slope_build,tabpfn@t1 - tabpfn,True,,,,,0.05,200,20260905,False,False
E,nearest,,2014H2-E,auc_slope_build,gbm-50k@share - tabicl,True,,,,,0.05,200,20260905,False,False
E,nearest,,2014H2-E,auc_slope_build,tabicl@t1 - tabicl,True,,,,,0.05,200,20260905,False,True
E,nearest,,2014H2-E,auc_slope_build,tabpfn@t1 - tabicl,True,,,,,0.05,200,20260905,False,False
E,nearest,,2014H2-E,auc_slope_build,tabicl@t1 - gbm-50k@share,True,,,,,0.05,200,20260905,False,True
E,nearest,,2014H2-E,auc_slope_build,tabpfn@t1 - gbm-50k@share,True,,,,,0.05,200,20260905,False,False
E,nearest,,2014H2-E,auc_slope_build,tabpfn@t1 - tabicl@t1,True,,,,,0.05,200,20260905,False,True
E,nearest,,2016H2-E,auc_slope_build,scorecard,False,-0.014242569172379718,-0.02174461193512879,-0.006195032169245986,0.004100737131055398,0.05,200,20260905,,False
E,nearest,,2016H2-E,auc_slope_build,gbm,False,-0.014704969594868986,-0.021876439023556554,-0.006683042346027647,0.003910328018012135,0.05,200,20260905,,False
E,nearest,,2016H2-E,auc_slope_build,gbm-50k,False,-0.012852628242714733,-0.02264618022580533,-0.004600492323339913,0.004616985651071091,0.05,200,20260905,,False
E,nearest,,2016H2-E,auc_slope_build,tabpfn,False,-0.015308218680564914,-0.023376779110689683,-0.007205890668915185,0.004174190790789657,0.05,200,20260905,,False
E,nearest,,2016H2-E,auc_slope_build,tabicl,False,-0.01585159993812246,-0.02428109027584434,-0.007091369796006553,0.004388643036552446,0.05,200,20260905,,False
E,nearest,,2016H2-E,auc_slope_build,gbm-50k@share,False,-0.013484370999816017,-0.02265916764947777,-0.004510672361517175,0.004389351052582724,0.05,200,20260905,,False
E,nearest,,2016H2-E,auc_slope_build,tabicl@t1,False,-0.01585159993812246,-0.02428109027584434,-0.007091369796006553,0.004388643036552446,0.05,200,20260905,,True
E,nearest,,2016H2-E,auc_slope_build,tabpfn@t1,False,-0.015310845334246134,-0.023382528739913994,-0.007204838832827767,0.0041745432684358015,0.05,200,20260905,,False
E,nearest,,2016H2-E,auc_slope_build,gbm - scorecard,True,-0.0004624004224892675,-0.0039533572654024815,0.003153815341854053,0.0018409971142552043,0.05,200,20260905,False,False
E,nearest,,2016H2-E,auc_slope_build,gbm-50k - scorecard,True,0.0013899409296649855,-0.00378112131518198,0.005739001786497719,0.002528230796401434,0.05,200,20260905,False,False
E,nearest,,2016H2-E,auc_slope_build,tabpfn - scorecard,True,-0.0010656495081851948,-0.0049890758495715675,0.002706160261429767,0.0020257671830140886,0.05,200,20260905,False,False
E,nearest,,2016H2-E,auc_slope_build,tabicl - scorecard,True,-0.0016090307657427398,-0.005351150598478412,0.002343744985441794,0.0020374371004917005,0.05,200,20260905,False,False
E,nearest,,2016H2-E,auc_slope_build,gbm-50k@share - scorecard,True,0.000758198172563701,-0.00378112131518198,0.004895293053878943,0.0021847955244844886,0.05,200,20260905,False,False
E,nearest,,2016H2-E,auc_slope_build,tabicl@t1 - scorecard,True,-0.0016090307657427398,-0.005351150598478412,0.002343744985441794,0.0020374371004917005,0.05,200,20260905,False,True
E,nearest,,2016H2-E,auc_slope_build,tabpfn@t1 - scorecard,True,-0.001068276161866416,-0.004993322873702593,0.0026999097256103603,0.002025580076889294,0.05,200,20260905,False,False
E,nearest,,2016H2-E,auc_slope_build,gbm-50k - gbm,True,0.001852341352154253,-0.0029906327473094045,0.005861148693295204,0.002412467849419555,0.05,200,20260905,False,False
E,nearest,,2016H2-E,auc_slope_build,tabpfn - gbm,True,-0.0006032490856959274,-0.004283967331511852,0.002952280620014213,0.001960623106733906,0.05,200,20260905,False,False
E,nearest,,2016H2-E,auc_slope_build,tabicl - gbm,True,-0.0011466303432534723,-0.005222729081471015,0.002963790148163351,0.0021095124795618217,0.05,200,20260905,False,False
E,nearest,,2016H2-E,auc_slope_build,gbm-50k@share - gbm,True,0.0012205985950529685,-0.0030487167419520093,0.005291274516969133,0.002244087012679211,0.05,200,20260905,False,False
E,nearest,,2016H2-E,auc_slope_build,tabicl@t1 - gbm,True,-0.0011466303432534723,-0.005222729081471015,0.002963790148163351,0.0021095124795618217,0.05,200,20260905,False,True
E,nearest,,2016H2-E,auc_slope_build,tabpfn@t1 - gbm,True,-0.0006058757393771486,-0.00428274010368916,0.0029455984851773525,0.0019607762993281708,0.05,200,20260905,False,False
E,nearest,,2016H2-E,auc_slope_build,tabpfn - gbm-50k,True,-0.0024555904378501803,-0.007375324568672289,0.0019639570434056386,0.002426063890266314,0.05,200,20260905,False,False
E,nearest,,2016H2-E,auc_slope_build,tabicl - gbm-50k,True,-0.0029989716954077253,-0.007499634979256096,0.0018497321764746357,0.0024340627835188846,0.05,200,20260905,False,False
E,nearest,,2016H2-E,auc_slope_build,gbm-50k@share - gbm-50k,True,-0.0006317427571012844,-0.0033637369244973805,0.0016091150000308266,0.0012259053534016031,0.05,200,20260905,False,False
E,nearest,,2016H2-E,auc_slope_build,tabicl@t1 - gbm-50k,True,-0.0029989716954077253,-0.007499634979256096,0.0018497321764746357,0.0024340627835188846,0.05,200,20260905,False,True
E,nearest,,2016H2-E,auc_slope_build,tabpfn@t1 - gbm-50k,True,-0.0024582170915314013,-0.007376495619674615,0.0019609595913168787,0.0024253241601868204,0.05,200,20260905,False,False
E,nearest,,2016H2-E,auc_slope_build,tabicl - tabpfn,True,-0.000543381257557545,-0.0025412552340905925,0.001065377502847807,0.0009244987523101699,0.05,200,20260905,False,False
E,nearest,,2016H2-E,auc_slope_build,gbm-50k@share - tabpfn,True,0.0018238476807488958,-0.0020966120314875854,0.00611724593613599,0.0021417937862405795,0.05,200,20260905,False,False
E,nearest,,2016H2-E,auc_slope_build,tabicl@t1 - tabpfn,True,-0.000543381257557545,-0.0025412552340905925,0.001065377502847807,0.0009244987523101699,0.05,200,20260905,False,True
E,nearest,,2016H2-E,auc_slope_build,tabpfn@t1 - tabpfn,True,-2.6266536812212062e-06,-1.0895871155239266e-05,5.456950464695009e-06,4.382926541795073e-06,0.05,200,20260905,False,False
E,nearest,,2016H2-E,auc_slope_build,gbm-50k@share - tabicl,True,0.0023672289383064407,-0.0015124425135142425,0.006729730408827766,0.002133253890484719,0.05,200,20260905,False,False
E,nearest,,2016H2-E,auc_slope_build,tabicl@t1 - tabicl,True,0.0,0.0,0.0,0.0,0.05,200,20260905,False,True
E,nearest,,2016H2-E,auc_slope_build,tabpfn@t1 - tabicl,True,0.0005407546038763237,-0.0010673084929806224,0.0025366309763507314,0.0009243915084425629,0.05,200,20260905,False,False
E,nearest,,2016H2-E,auc_slope_build,tabicl@t1 - gbm-50k@share,True,-0.0023672289383064407,-0.006729730408827766,0.001512442513514243,0.002133253890484719,0.05,200,20260905,False,True
E,nearest,,2016H2-E,auc_slope_build,tabpfn@t1 - gbm-50k@share,True,-0.001826474334430117,-0.006120910660702438,0.0020960299582098987,0.0021414915608389323,0.05,200,20260905,False,False
E,nearest,,2016H2-E,auc_slope_build,tabpfn@t1 - tabicl@t1,True,0.0005407546038763237,-0.0010673084929806224,0.0025366309763507314,0.0009243915084425629,0.05,200,20260905,False,True
E,nearest,,2018H2-E,auc_slope_build,scorecard,False,,,,,0.05,200,20260905,,False
E,nearest,,2018H2-E,auc_slope_build,gbm,False,,,,,0.05,200,20260905,,False
E,nearest,,2018H2-E,auc_slope_build,gbm-50k,False,,,,,0.05,200,20260905,,False
E,nearest,,2018H2-E,auc_slope_build,tabpfn,False,,,,,0.05,200,20260905,,False
E,nearest,,2018H2-E,auc_slope_build,tabicl,False,,,,,0.05,200,20260905,,False
E,nearest,,2018H2-E,auc_slope_build,gbm-50k@share,False,,,,,0.05,200,20260905,,False
E,nearest,,2018H2-E,auc_slope_build,tabicl@t1,False,,,,,0.05,200,20260905,,True
E,nearest,,2018H2-E,auc_slope_build,tabpfn@t1,False,,,,,0.05,200,20260905,,False
E,nearest,,2018H2-E,auc_slope_build,gbm - scorecard,True,,,,,0.05,200,20260905,False,False
E,nearest,,2018H2-E,auc_slope_build,gbm-50k - scorecard,True,,,,,0.05,200,20260905,False,False
E,nearest,,2018H2-E,auc_slope_build,tabpfn - scorecard,True,,,,,0.05,200,20260905,False,False
E,nearest,,2018H2-E,auc_slope_build,tabicl - scorecard,True,,,,,0.05,200,20260905,False,False
E,nearest,,2018H2-E,auc_slope_build,gbm-50k@share - scorecard,True,,,,,0.05,200,20260905,False,False
E,nearest,,2018H2-E,auc_slope_build,tabicl@t1 - scorecard,True,,,,,0.05,200,20260905,False,True
E,nearest,,2018H2-E,auc_slope_build,tabpfn@t1 - scorecard,True,,,,,0.05,200,20260905,False,False
E,nearest,,2018H2-E,auc_slope_build,gbm-50k - gbm,True,,,,,0.05,200,20260905,False,False
E,nearest,,2018H2-E,auc_slope_build,tabpfn - gbm,True,,,,,0.05,200,20260905,False,False
E,nearest,,2018H2-E,auc_slope_build,tabicl - gbm,True,,,,,0.05,200,20260905,False,False
E,nearest,,2018H2-E,auc_slope_build,gbm-50k@share - gbm,True,,,,,0.05,200,20260905,False,False
E,nearest,,2018H2-E,auc_slope_build,tabicl@t1 - gbm,True,,,,,0.05,200,20260905,False,True
E,nearest,,2018H2-E,auc_slope_build,tabpfn@t1 - gbm,True,,,,,0.05,200,20260905,False,False
E,nearest,,2018H2-E,auc_slope_build,tabpfn - gbm-50k,True,,,,,0.05,200,20260905,False,False
E,nearest,,2018H2-E,auc_slope_build,tabicl - gbm-50k,True,,,,,0.05,200,20260905,False,False
E,nearest,,2018H2-E,auc_slope_build,gbm-50k@share - gbm-50k,True,,,,,0.05,200,20260905,False,False
E,nearest,,2018H2-E,auc_slope_build,tabicl@t1 - gbm-50k,True,,,,,0.05,200,20260905,False,True
E,nearest,,2018H2-E,auc_slope_build,tabpfn@t1 - gbm-50k,True,,,,,0.05,200,20260905,False,False
E,nearest,,2018H2-E,auc_slope_build,tabicl - tabpfn,True,,,,,0.05,200,20260905,False,False
E,nearest,,2018H2-E,auc_slope_build,gbm-50k@share - tabpfn,True,,,,,0.05,200,20260905,False,False
E,nearest,,2018H2-E,auc_slope_build,tabicl@t1 - tabpfn,True,,,,,0.05,200,20260905,False,True
E,nearest,,2018H2-E,auc_slope_build,tabpfn@t1 - tabpfn,True,,,,,0.05,200,20260905,False,False
E,nearest,,2018H2-E,auc_slope_build,gbm-50k@share - tabicl,True,,,,,0.05,200,20260905,False,False
E,nearest,,2018H2-E,auc_slope_build,tabicl@t1 - tabicl,True,,,,,0.05,200,20260905,False,True
E,nearest,,2018H2-E,auc_slope_build,tabpfn@t1 - tabicl,True,,,,,0.05,200,20260905,False,False
E,nearest,,2018H2-E,auc_slope_build,tabicl@t1 - gbm-50k@share,True,,,,,0.05,200,20260905,False,True
E,nearest,,2018H2-E,auc_slope_build,tabpfn@t1 - gbm-50k@share,True,,,,,0.05,200,20260905,False,False
E,nearest,,2018H2-E,auc_slope_build,tabpfn@t1 - tabicl@t1,True,,,,,0.05,200,20260905,False,True
E,"all, cohorts resampled",,arm,auc_slope_build,scorecard,False,-0.0009819205508174618,-0.002871269523728388,-7.57868485268264e-05,0.0007984607013664161,0.05,200,20260905,,False
E,"all, cohorts resampled",,arm,auc_slope_build,gbm,False,-0.001123007459254596,-0.0031387158257517546,-0.0001780018395018382,0.0008339393627932371,0.05,200,20260905,,False
E,"all, cohorts resampled",,arm,auc_slope_build,gbm-50k,False,-0.0013091287053500376,-0.0031489829351598604,-0.00039251801212415255,0.0007808377193609372,0.05,200,20260905,,False
E,"all, cohorts resampled",,arm,auc_slope_build,tabpfn,False,-0.0011539416620658229,-0.003252905660905173,-0.00011336370316936618,0.0008766865919595039,0.05,200,20260905,,False
E,"all, cohorts resampled",,arm,auc_slope_build,tabicl,False,-0.001085575931297006,-0.0032853854004440235,-7.140725058817441e-05,0.0008809196171295095,0.05,200,20260905,,False
E,"all, cohorts resampled",,arm,auc_slope_build,gbm-50k@share,False,-0.0013123268660030021,-0.003148064612394061,-0.00039832075893572955,0.0007806854112388436,0.05,200,20260905,,False
E,"all, cohorts resampled",,arm,auc_slope_build,tabicl@t1,False,-0.001085575931297006,-0.0032853854004440235,-7.140725058817441e-05,0.0008809196171295095,0.05,200,20260905,,True
E,"all, cohorts resampled",,arm,auc_slope_build,tabpfn@t1,False,-0.0011536122842186847,-0.003252645878736386,-0.00011333843036055561,0.0008766191239769086,0.05,200,20260905,,False
E,"all, cohorts resampled",,arm,auc_slope_build,gbm - scorecard,True,-0.00014108690843713423,-0.00035196926027510956,0.00013490158055808,0.00014331318436898623,0.05,200,20260905,False,False
E,"all, cohorts resampled",,arm,auc_slope_build,gbm-50k - scorecard,True,-0.0003272081545325758,-0.0006084532841195766,1.811756436946092e-05,0.0001610153622555029,0.05,200,20260905,False,False
E,"all, cohorts resampled",,arm,auc_slope_build,tabpfn - scorecard,True,-0.00017202111124836107,-0.0004066823123796456,0.00015234811725193119,0.00019262566787328964,0.05,200,20260905,False,False
E,"all, cohorts resampled",,arm,auc_slope_build,tabicl - scorecard,True,-0.00010365538047954431,-0.00037980086124037536,0.00028061287858223964,0.0002323992485625865,0.05,200,20260905,False,False
E,"all, cohorts resampled",,arm,auc_slope_build,gbm-50k@share - scorecard,True,-0.00033040631518554026,-0.0005763732400608573,-8.118906695673797e-07,0.00015222879567900735,0.05,200,20260905,True,False
E,"all, cohorts resampled",,arm,auc_slope_build,tabicl@t1 - scorecard,True,-0.00010365538047954431,-0.00037980086124037536,0.00028061287858223964,0.0002323992485625865,0.05,200,20260905,False,True
E,"all, cohorts resampled",,arm,auc_slope_build,tabpfn@t1 - scorecard,True,-0.00017169173340122294,-0.00040643887107453364,0.00015223292369336496,0.0001925956269338022,0.05,200,20260905,False,False
E,"all, cohorts resampled",,arm,auc_slope_build,gbm-50k - gbm,True,-0.00018612124609544158,-0.0003884127673274982,5.136214651549281e-05,0.00011264641748739896,0.05,200,20260905,False,False
E,"all, cohorts resampled",,arm,auc_slope_build,tabpfn - gbm,True,-3.093420281122684e-05,-0.00026123351778929645,0.00024203080308718135,0.00014614887646194097,0.05,200,20260905,False,False
E,"all, cohorts resampled",,arm,auc_slope_build,tabicl - gbm,True,3.7431527957589927e-05,-0.0002093600387729144,0.0003852262980227903,0.00017141886946077465,0.05,200,20260905,False,False
E,"all, cohorts resampled",,arm,auc_slope_build,gbm-50k@share - gbm,True,-0.000189319406748406,-0.0003806931840020395,5.00261739810059e-05,0.00010601181297532343,0.05,200,20260905,False,False
E,"all, cohorts resampled",,arm,auc_slope_build,tabicl@t1 - gbm,True,3.7431527957589927e-05,-0.0002093600387729144,0.0003852262980227903,0.00017141886946077465,0.05,200,20260905,False,True
E,"all, cohorts resampled",,arm,auc_slope_build,tabpfn@t1 - gbm,True,-3.06048249640887e-05,-0.0002600760227646533,0.00024268739918893348,0.00014611001718893321,0.05,200,20260905,False,False
E,"all, cohorts resampled",,arm,auc_slope_build,tabpfn - gbm-50k,True,0.00015518704328421474,-0.00011323819284876649,0.000425061954337607,0.00015767517951832045,0.05,200,20260905,False,False
E,"all, cohorts resampled",,arm,auc_slope_build,tabicl - gbm-50k,True,0.00022355277405303151,-2.2388996209406122e-05,0.0004973876174860507,0.00018027815106787948,0.05,200,20260905,False,False
E,"all, cohorts resampled",,arm,auc_slope_build,gbm-50k@share - gbm-50k,True,-3.1981606529644297e-06,-4.062307957596545e-05,3.6058273457783266e-05,1.9533710442339073e-05,0.05,200,20260905,False,False
E,"all, cohorts resampled",,arm,auc_slope_build,tabicl@t1 - gbm-50k,True,0.00022355277405303151,-2.2388996209406122e-05,0.0004973876174860507,0.00018027815106787948,0.05,200,20260905,False,True
E,"all, cohorts resampled",,arm,auc_slope_build,tabpfn@t1 - gbm-50k,True,0.00015551642113135287,-0.00011207423515194753,0.0004255900005574472,0.00015766371069880905,0.05,200,20260905,False,False
E,"all, cohorts resampled",,arm,auc_slope_build,tabicl - tabpfn,True,6.836573076881676e-05,-3.568221497160526e-05,0.00027978607479323467,7.892305400906362e-05,0.05,200,20260905,False,False
E,"all, cohorts resampled",,arm,auc_slope_build,gbm-50k@share - tabpfn,True,-0.00015838520393717916,-0.00039194914377703915,8.694028986694385e-05,0.0001534650061444191,0.05,200,20260905,False,False
E,"all, cohorts resampled",,arm,auc_slope_build,tabicl@t1 - tabpfn,True,6.836573076881676e-05,-3.568221497160526e-05,0.00027978607479323467,7.892305400906362e-05,0.05,200,20260905,False,True
E,"all, cohorts resampled",,arm,auc_slope_build,tabpfn@t1 - tabpfn,True,3.293778471381385e-07,-5.211352636229707e-07,9.990433681105953e-07,4.0085290432714333e-07,0.05,200,20260905,False,False
E,"all, cohorts resampled",,arm,auc_slope_build,gbm-50k@share - tabicl,True,-0.00022675093470599593,-0.00046522896562277053,1.6982293525107392e-05,0.00017805254337686013,0.05,200,20260905,False,False
E,"all, cohorts resampled",,arm,auc_slope_build,tabicl@t1 - tabicl,True,0.0,0.0,0.0,0.0,0.05,200,20260905,False,True
E,"all, cohorts resampled",,arm,auc_slope_build,tabpfn@t1 - tabicl,True,-6.803635292167863e-05,-0.000279596144825051,3.594800547956789e-05,7.890810968150877e-05,0.05,200,20260905,False,False
E,"all, cohorts resampled",,arm,auc_slope_build,tabicl@t1 - gbm-50k@share,True,0.00022675093470599593,-1.6982293525107294e-05,0.000465228965622771,0.00017805254337686013,0.05,200,20260905,False,True
E,"all, cohorts resampled",,arm,auc_slope_build,tabpfn@t1 - gbm-50k@share,True,0.00015871458178431732,-8.62528033118355e-05,0.00039272680405785354,0.00015345101674419845,0.05,200,20260905,False,False
E,"all, cohorts resampled",,arm,auc_slope_build,tabpfn@t1 - tabicl@t1,True,-6.803635292167863e-05,-0.000279596144825051,3.594800547956789e-05,7.890810968150877e-05,0.05,200,20260905,False,True
E,"all, cohorts resampled",,arm,auc_slope_cohort,scorecard,False,-0.00010093296936775634,-0.00031146140495765396,0.00012804495659861275,0.00012480113355747946,0.05,200,20260905,,False
E,"all, cohorts resampled",,arm,auc_slope_cohort,gbm,False,-0.0002467581008693178,-0.0005263922398741194,4.917139827456726e-05,0.00015772551259736863,0.05,200,20260905,,False
E,"all, cohorts resampled",,arm,auc_slope_cohort,gbm-50k,False,-0.0002203921091744569,-0.00047372477622458295,8.10435970434799e-05,0.0001571356789608146,0.05,200,20260905,,False
E,"all, cohorts resampled",,arm,auc_slope_cohort,tabpfn,False,-5.521223881522718e-05,-0.00021434955348865074,0.00016810562004973794,0.00010373198802183698,0.05,200,20260905,,False
E,"all, cohorts resampled",,arm,auc_slope_cohort,tabicl,False,-0.000209100995248894,-0.00042633066113456007,7.127349947794312e-05,0.0001282177861151336,0.05,200,20260905,,False
E,"all, cohorts resampled",,arm,auc_slope_cohort,gbm-50k@share,False,-0.0002916087183866514,-0.0005932843079093254,0.00012961265040522477,0.00020723056049880214,0.05,200,20260905,,False
E,"all, cohorts resampled",,arm,auc_slope_cohort,tabicl@t1,False,-0.000209100995248894,-0.00042633066113456007,7.127349947794312e-05,0.0001282177861151336,0.05,200,20260905,,True
E,"all, cohorts resampled",,arm,auc_slope_cohort,tabpfn@t1,False,-5.503278017290295e-05,-0.0002150143635210789,0.00016869720555135102,0.00010383912107579827,0.05,200,20260905,,False
E,"all, cohorts resampled",,arm,auc_slope_cohort,gbm - scorecard,True,-0.00014582513150156146,-0.0003502935958299572,2.5726943425755575e-05,0.00010481174062742383,0.05,200,20260905,False,False
E,"all, cohorts resampled",,arm,auc_slope_cohort,gbm-50k - scorecard,True,-0.00011945913980670054,-0.00035716921677002577,9.298013702303767e-05,0.00011419148473872345,0.05,200,20260905,False,False
E,"all, cohorts resampled",,arm,auc_slope_cohort,tabpfn - scorecard,True,4.572073055252916e-05,-0.00016161508845928354,0.00024534863475729734,0.0001009116246654918,0.05,200,20260905,False,False
E,"all, cohorts resampled",,arm,auc_slope_cohort,tabicl - scorecard,True,-0.00010816802588113767,-0.00036979848833558715,0.00012560536580820647,0.00012620037668780286,0.05,200,20260905,False,False
E,"all, cohorts resampled",,arm,auc_slope_cohort,gbm-50k@share - scorecard,True,-0.00019067574901889504,-0.0005222530317373363,0.00011403608427286998,0.00017557130899973047,0.05,200,20260905,False,False
E,"all, cohorts resampled",,arm,auc_slope_cohort,tabicl@t1 - scorecard,True,-0.00010816802588113767,-0.00036979848833558715,0.00012560536580820647,0.00012620037668780286,0.05,200,20260905,False,True
E,"all, cohorts resampled",,arm,auc_slope_cohort,tabpfn@t1 - scorecard,True,4.590018919485339e-05,-0.0001619043763159451,0.0002458342922022524,0.00010112858404165006,0.05,200,20260905,False,False
E,"all, cohorts resampled",,arm,auc_slope_cohort,gbm-50k - gbm,True,2.6365991694860913e-05,-0.00017794488777477205,0.0002285348076183687,0.00011121400690893928,0.05,200,20260905,False,False
E,"all, cohorts resampled",,arm,auc_slope_cohort,tabpfn - gbm,True,0.00019154586205409062,-5.121828871916573e-05,0.00045672354434120083,0.00013825868866550759,0.05,200,20260905,False,False
E,"all, cohorts resampled",,arm,auc_slope_cohort,tabicl - gbm,True,3.7657105620423786e-05,-0.00025689460932799195,0.00031981434795841325,0.000149490197470374,0.05,200,20260905,False,False
E,"all, cohorts resampled",,arm,auc_slope_cohort,gbm-50k@share - gbm,True,-4.48506175173336e-05,-0.0003927699874250221,0.0002494591477753941,0.00017171864589508894,0.05,200,20260905,False,False
E,"all, cohorts resampled",,arm,auc_slope_cohort,tabicl@t1 - gbm,True,3.7657105620423786e-05,-0.00025689460932799195,0.00031981434795841325,0.000149490197470374,0.05,200,20260905,False,True
E,"all, cohorts resampled",,arm,auc_slope_cohort,tabpfn@t1 - gbm,True,0.00019172532069641488,-5.150716698358657e-05,0.000458774380178689,0.00013851314461485313,0.05,200,20260905,False,False
E,"all, cohorts resampled",,arm,auc_slope_cohort,tabpfn - gbm-50k,True,0.0001651798703592297,-8.04185070405065e-05,0.0004035176728623729,0.00012894268378322235,0.05,200,20260905,False,False
E,"all, cohorts resampled",,arm,auc_slope_cohort,tabicl - gbm-50k,True,1.1291113925562878e-05,-0.00020115918841842365,0.0003091484241110111,0.00013600362842043807,0.05,200,20260905,False,False
E,"all, cohorts resampled",,arm,auc_slope_cohort,gbm-50k@share - gbm-50k,True,-7.121660921219452e-05,-0.00029147848964912557,0.00015237577088174554,0.00012211160864590765,0.05,200,20260905,False,False
E,"all, cohorts resampled",,arm,auc_slope_cohort,tabicl@t1 - gbm-50k,True,1.1291113925562878e-05,-0.00020115918841842365,0.0003091484241110111,0.00013600362842043807,0.05,200,20260905,False,True
E,"all, cohorts resampled",,arm,auc_slope_cohort,tabpfn@t1 - gbm-50k,True,0.00016535932900155396,-7.95461148211101e-05,0.0004043032137092989,0.00012907772089752295,0.05,200,20260905,False,False
E,"all, cohorts resampled",,arm,auc_slope_cohort,tabicl - tabpfn,True,-0.00015388875643366682,-0.0003655507772446655,2.134036659242028e-05,0.00011028255338824289,0.05,200,20260905,False,False
E,"all, cohorts resampled",,arm,auc_slope_cohort,gbm-50k@share - tabpfn,True,-0.0002363964795714242,-0.0005199067393704349,0.0001105485103046847,0.00017454872620996118,0.05,200,20260905,False,False
E,"all, cohorts resampled",,arm,auc_slope_cohort,tabicl@t1 - tabpfn,True,-0.00015388875643366682,-0.0003655507772446655,2.134036659242028e-05,0.00011028255338824289,0.05,200,20260905,False,True
E,"all, cohorts resampled",,arm,auc_slope_cohort,tabpfn@t1 - tabpfn,True,1.7945864232423854e-07,-7.030727891925297e-07,1.3448600854185158e-06,5.426942076137565e-07,0.05,200,20260905,False,False
E,"all, cohorts resampled",,arm,auc_slope_cohort,gbm-50k@share - tabicl,True,-8.25077231377574e-05,-0.0003456131724362824,0.00017033046070087134,0.00013133381691648874,0.05,200,20260905,False,False
E,"all, cohorts resampled",,arm,auc_slope_cohort,tabicl@t1 - tabicl,True,0.0,0.0,0.0,0.0,0.05,200,20260905,False,True
E,"all, cohorts resampled",,arm,auc_slope_cohort,tabpfn@t1 - tabicl,True,0.00015406821507599105,-2.212159170156384e-05,0.0003676330145276712,0.000110603237522919,0.05,200,20260905,False,False
E,"all, cohorts resampled",,arm,auc_slope_cohort,tabicl@t1 - gbm-50k@share,True,8.25077231377574e-05,-0.0001703304607008713,0.00034561317243628247,0.00013133381691648874,0.05,200,20260905,False,True
E,"all, cohorts resampled",,arm,auc_slope_cohort,tabpfn@t1 - gbm-50k@share,True,0.00023657593821374846,-0.00011139272696515776,0.0005210663751966301,0.00017477406909351207,0.05,200,20260905,False,False
E,"all, cohorts resampled",,arm,auc_slope_cohort,tabpfn@t1 - tabicl@t1,True,0.00015406821507599105,-2.212159170156384e-05,0.0003676330145276712,0.000110603237522919,0.05,200,20260905,False,True
E,all,20260911,arm,auc_slope_build,scorecard,False,-0.0009819205508174618,-0.00143248536380941,-0.0005649448830293574,0.00021595729624350983,0.05,200,20260905,,False
E,all,20260911,arm,auc_slope_build,gbm,False,-0.001123007459254596,-0.0015331493111495958,-0.0007277440791558927,0.00020958948334521248,0.05,200,20260905,,False
E,all,20260911,arm,auc_slope_build,gbm-50k,False,-0.0012670898902891155,-0.0017207399785506932,-0.0009039306974652988,0.00020547187958198392,0.05,200,20260905,,False
E,all,20260911,arm,auc_slope_build,tabpfn,False,-0.0011178973809740078,-0.0015725196040814694,-0.0007276524596854431,0.00021612555877197984,0.05,200,20260905,,False
E,all,20260911,arm,auc_slope_build,tabicl,False,-0.0010742826806909409,-0.0015257125921078855,-0.0006803962105224556,0.00021095068473114012,0.05,200,20260905,,False
E,all,20260911,arm,auc_slope_build,gbm-50k@share,False,-0.0012795364130917758,-0.0017293332960589087,-0.0009200854989915558,0.00020545656357975558,0.05,200,20260905,,False
E,all,20260911,arm,auc_slope_build,tabicl@t1,False,-0.0010742826806909409,-0.0015257125921078855,-0.0006803962105224556,0.00021095068473114012,0.05,200,20260905,,True
E,all,20260911,arm,auc_slope_build,tabpfn@t1,False,-0.001117317765093773,-0.001571845073159001,-0.0007268018001456965,0.0002161348315290207,0.05,200,20260905,,False
E,all,20260911,arm,auc_slope_build,gbm - scorecard,True,-0.00014108690843713423,-0.0002881801228489133,-8.078116157867168e-06,6.60387939500951e-05,0.05,200,20260905,True,False
E,all,20260911,arm,auc_slope_build,gbm-50k - scorecard,True,-0.00028516933947165374,-0.0004571249177489646,-0.00011946975102899642,8.155445077774823e-05,0.05,200,20260905,True,False
E,all,20260911,arm,auc_slope_build,tabpfn - scorecard,True,-0.00013597683015654605,-0.0002468307890358664,-5.250547612557558e-06,6.818233539140583e-05,0.05,200,20260905,True,False
E,all,20260911,arm,auc_slope_build,tabicl - scorecard,True,-9.236212987347907e-05,-0.00021288202336106586,4.047203763709379e-05,7.052642064735403e-05,0.05,200,20260905,False,False
E,all,20260911,arm,auc_slope_build,gbm-50k@share - scorecard,True,-0.000297615862274314,-0.0004764168354895644,-0.00013654438862787212,8.013840269390059e-05,0.05,200,20260905,True,False
E,all,20260911,arm,auc_slope_build,tabicl@t1 - scorecard,True,-9.236212987347907e-05,-0.00021288202336106586,4.047203763709379e-05,7.052642064735403e-05,0.05,200,20260905,False,True
E,all,20260911,arm,auc_slope_build,tabpfn@t1 - scorecard,True,-0.0001353972142763113,-0.00024626404981992135,-5.03890682998019e-06,6.813529008241089e-05,0.05,200,20260905,True,False
E,all,20260911,arm,auc_slope_build,gbm-50k - gbm,True,-0.0001440824310345195,-0.00026197716008280903,-2.396907059003083e-05,5.5863449269734e-05,0.05,200,20260905,True,False
E,all,20260911,arm,auc_slope_build,tabpfn - gbm,True,5.110078280588185e-06,-0.00011308799557907988,0.0001402136766754911,6.496810158135371e-05,0.05,200,20260905,False,False
E,all,20260911,arm,auc_slope_build,tabicl - gbm,True,4.872477856365516e-05,-7.038555166193919e-05,0.00018130666277794386,6.63836240033193e-05,0.05,200,20260905,False,False
E,all,20260911,arm,auc_slope_build,gbm-50k@share - gbm,True,-0.00015652895383717978,-0.00026996862731422567,-3.537602863726408e-05,5.582506457046719e-05,0.05,200,20260905,True,False
E,all,20260911,arm,auc_slope_build,tabicl@t1 - gbm,True,4.872477856365516e-05,-7.038555166193919e-05,0.00018130666277794386,6.63836240033193e-05,0.05,200,20260905,False,True
E,all,20260911,arm,auc_slope_build,tabpfn@t1 - gbm,True,5.689694160822918e-06,-0.0001125282491608033,0.00014065000884374776,6.494207482859535e-05,0.05,200,20260905,False,False
E,all,20260911,arm,auc_slope_build,tabpfn - gbm-50k,True,0.0001491925093151077,1.9526194937482212e-05,0.0002891169818229965,6.996643786961443e-05,0.05,200,20260905,True,False
E,all,20260911,arm,auc_slope_build,tabicl - gbm-50k,True,0.00019280720959817467,6.888807000972223e-05,0.0003462470870865881,7.355701686387456e-05,0.05,200,20260905,True,False
E,all,20260911,arm,auc_slope_build,gbm-50k@share - gbm-50k,True,-1.2446522802660263e-05,-2.6099313709536154e-05,5.149565267911315e-06,7.915510230913361e-06,0.05,200,20260905,False,False
E,all,20260911,arm,auc_slope_build,tabicl@t1 - gbm-50k,True,0.00019280720959817467,6.888807000972223e-05,0.0003462470870865881,7.355701686387456e-05,0.05,200,20260905,True,True
E,all,20260911,arm,auc_slope_build,tabpfn@t1 - gbm-50k,True,0.00014977212519534243,2.0084328165088748e-05,0.00028976505170393875,6.997527760762361e-05,0.05,200,20260905,True,False
E,all,20260911,arm,auc_slope_build,tabicl - tabpfn,True,4.3614700283066974e-05,-2.2761380698205715e-05,0.00011458611091315968,3.5348365071203744e-05,0.05,200,20260905,False,False
E,all,20260911,arm,auc_slope_build,gbm-50k@share - tabpfn,True,-0.00016163903211776796,-0.00029833533547306556,-4.2013346439521106e-05,6.862452753119865e-05,0.05,200,20260905,True,False
E,all,20260911,arm,auc_slope_build,tabicl@t1 - tabpfn,True,4.3614700283066974e-05,-2.2761380698205715e-05,0.00011458611091315968,3.5348365071203744e-05,0.05,200,20260905,False,True
E,all,20260911,arm,auc_slope_build,tabpfn@t1 - tabpfn,True,5.796158802347327e-07,1.8331103390325556e-07,9.287082682957021e-07,1.9789237501417967e-07,0.05,200,20260905,True,False
E,all,20260911,arm,auc_slope_build,gbm-50k@share - tabicl,True,-0.00020525373240083493,-0.0003535848624036278,-9.015350900389465e-05,7.208135415921856e-05,0.05,200,20260905,True,False
E,all,20260911,arm,auc_slope_build,tabicl@t1 - tabicl,True,0.0,0.0,0.0,0.0,0.05,200,20260905,False,True
E,all,20260911,arm,auc_slope_build,tabpfn@t1 - tabicl,True,-4.303508440283224e-05,-0.00011382739035884287,2.340401338292399e-05,3.531852447955901e-05,0.05,200,20260905,False,False
E,all,20260911,arm,auc_slope_build,tabicl@t1 - gbm-50k@share,True,0.00020525373240083493,9.015350900389466e-05,0.0003535848624036278,7.208135415921856e-05,0.05,200,20260905,True,True
E,all,20260911,arm,auc_slope_build,tabpfn@t1 - gbm-50k@share,True,0.0001622186479980027,4.240543443247244e-05,0.0002989845816304839,6.863236141426371e-05,0.05,200,20260905,True,False
E,all,20260911,arm,auc_slope_build,tabpfn@t1 - tabicl@t1,True,-4.303508440283224e-05,-0.00011382739035884287,2.340401338292399e-05,3.531852447955901e-05,0.05,200,20260905,False,True
E,all,20260911,arm,auc_slope_cohort,scorecard,False,-0.00010093296936775634,-0.0002696659723167744,5.021794201923869e-05,8.624977384002543e-05,0.05,200,20260905,,False
E,all,20260911,arm,auc_slope_cohort,gbm,False,-0.0002467581008693178,-0.0004226626295385887,-8.620233836874464e-05,9.061470244482575e-05,0.05,200,20260905,,False
E,all,20260911,arm,auc_slope_cohort,gbm-50k,False,-0.00016734019740262642,-0.00034587673560884544,1.1616863985671576e-05,9.605750664354911e-05,0.05,200,20260905,,False
E,all,20260911,arm,auc_slope_cohort,tabpfn,False,6.999591927400707e-08,-0.00014549408591077125,0.00014413822953715887,7.296461121049163e-05,0.05,200,20260905,,False
E,all,20260911,arm,auc_slope_cohort,tabicl,False,-0.00023588861357771608,-0.0003968495126793233,-9.343977578987604e-05,7.380196084687878e-05,0.05,200,20260905,,False
E,all,20260911,arm,auc_slope_cohort,gbm-50k@share,False,-0.00027936137329798757,-0.00043751253570367015,-0.00010021790575524643,8.834293833055762e-05,0.05,200,20260905,,False
E,all,20260911,arm,auc_slope_cohort,tabicl@t1,False,-0.00023588861357771608,-0.0003968495126793233,-9.343977578987604e-05,7.380196084687878e-05,0.05,200,20260905,,True
E,all,20260911,arm,auc_slope_cohort,tabpfn@t1,False,7.22791645525469e-07,-0.00014479730205968356,0.00014499692131642942,7.297295875863479e-05,0.05,200,20260905,,False
E,all,20260911,arm,auc_slope_cohort,gbm - scorecard,True,-0.00014582513150156146,-0.00029409671158791775,-2.1681760237899796e-06,7.93149882839415e-05,0.05,200,20260905,True,False
E,all,20260911,arm,auc_slope_cohort,gbm-50k - scorecard,True,-6.640722803487008e-05,-0.0002540947229114416,0.00012833475415830928,9.908944480681844e-05,0.05,200,20260905,False,False
E,all,20260911,arm,auc_slope_cohort,tabpfn - scorecard,True,0.00010100296528703035,-3.1318927421119096e-05,0.0002127108573839317,6.123409901386596e-05,0.05,200,20260905,False,False
E,all,20260911,arm,auc_slope_cohort,tabicl - scorecard,True,-0.00013495564420995973,-0.00027661604507887996,-1.819582671553967e-05,6.433750607046708e-05,0.05,200,20260905,True,False
E,all,20260911,arm,auc_slope_cohort,gbm-50k@share - scorecard,True,-0.00017842840393023123,-0.0003375888795611896,3.749240444696882e-06,8.524210332862598e-05,0.05,200,20260905,False,False
E,all,20260911,arm,auc_slope_cohort,tabicl@t1 - scorecard,True,-0.00013495564420995973,-0.00027661604507887996,-1.819582671553967e-05,6.433750607046708e-05,0.05,200,20260905,True,True
E,all,20260911,arm,auc_slope_cohort,tabpfn@t1 - scorecard,True,0.00010165576101328181,-3.092115052480849e-05,0.00021330880262147064,6.122877946953703e-05,0.05,200,20260905,False,False
E,all,20260911,arm,auc_slope_cohort,gbm-50k - gbm,True,7.941790346669138e-05,-8.329213365651122e-05,0.0002363555264248907,8.525809530719714e-05,0.05,200,20260905,False,False
E,all,20260911,arm,auc_slope_cohort,tabpfn - gbm,True,0.00024682809678859183,9.361421713459191e-05,0.0003990183331181517,7.77582435563471e-05,0.05,200,20260905,True,False
E,all,20260911,arm,auc_slope_cohort,tabicl - gbm,True,1.086948729160173e-05,-0.0001052495954279222,0.0001718374235732454,7.194042218034996e-05,0.05,200,20260905,False,False
E,all,20260911,arm,auc_slope_cohort,gbm-50k@share - gbm,True,-3.2603272428669765e-05,-0.0001679629669313498,0.00012349615189724653,7.719934230704925e-05,0.05,200,20260905,False,False
E,all,20260911,arm,auc_slope_cohort,tabicl@t1 - gbm,True,1.086948729160173e-05,-0.0001052495954279222,0.0001718374235732454,7.194042218034996e-05,0.05,200,20260905,False,True
E,all,20260911,arm,auc_slope_cohort,tabpfn@t1 - gbm,True,0.0002474808925148433,9.438902703441084e-05,0.0003997996499721493,7.779369574499863e-05,0.05,200,20260905,True,False
E,all,20260911,arm,auc_slope_cohort,tabpfn - gbm-50k,True,0.00016741019332190042,-5.689704162209971e-06,0.00036141260543028634,9.066730332185092e-05,0.05,200,20260905,False,False
E,all,20260911,arm,auc_slope_cohort,tabicl - gbm-50k,True,-6.854841617508965e-05,-0.00022221958739327896,0.00011384093001148118,8.908582325873047e-05,0.05,200,20260905,False,False
E,all,20260911,arm,auc_slope_cohort,gbm-50k@share - gbm-50k,True,-0.00011202117589536115,-0.00018006101905914974,-5.436302283024794e-05,3.374075902737742e-05,0.05,200,20260905,True,False
E,all,20260911,arm,auc_slope_cohort,tabicl@t1 - gbm-50k,True,-6.854841617508965e-05,-0.00022221958739327896,0.00011384093001148118,8.908582325873047e-05,0.05,200,20260905,False,True
E,all,20260911,arm,auc_slope_cohort,tabpfn@t1 - gbm-50k,True,0.00016806298904815188,-5.020079463033983e-06,0.000362018406021316,9.071758312098656e-05,0.05,200,20260905,False,False
E,all,20260911,arm,auc_slope_cohort,tabicl - tabpfn,True,-0.00023595860949699008,-0.0003176938530391091,-0.0001646480014436372,3.6395256724756226e-05,0.05,200,20260905,True,False
E,all,20260911,arm,auc_slope_cohort,gbm-50k@share - tabpfn,True,-0.0002794313692172616,-0.00042410971793429414,-0.00012474340960048186,7.492573866014616e-05,0.05,200,20260905,True,False
E,all,20260911,arm,auc_slope_cohort,tabicl@t1 - tabpfn,True,-0.00023595860949699008,-0.0003176938530391091,-0.0001646480014436372,3.6395256724756226e-05,0.05,200,20260905,True,True
E,all,20260911,arm,auc_slope_cohort,tabpfn@t1 - tabpfn,True,6.527957262514619e-07,1.8620135379906174e-07,1.0727173818990424e-06,2.1011009937767884e-07,0.05,200,20260905,True,False
E,all,20260911,arm,auc_slope_cohort,gbm-50k@share - tabicl,True,-4.3472759720271495e-05,-0.00018841649905667511,8.298566049916252e-05,7.438872850230088e-05,0.05,200,20260905,False,False
E,all,20260911,arm,auc_slope_cohort,tabicl@t1 - tabicl,True,0.0,0.0,0.0,0.0,0.05,200,20260905,False,True
E,all,20260911,arm,auc_slope_cohort,tabpfn@t1 - tabicl,True,0.00023661140522324153,0.0001649992500919608,0.00031823544132783023,3.641741946457791e-05,0.05,200,20260905,True,False
E,all,20260911,arm,auc_slope_cohort,tabicl@t1 - gbm-50k@share,True,4.3472759720271495e-05,-8.298566049916252e-05,0.00018841649905667514,7.438872850230088e-05,0.05,200,20260905,False,True
E,all,20260911,arm,auc_slope_cohort,tabpfn@t1 - gbm-50k@share,True,0.00028008416494351306,0.00012522090337057046,0.00042474433097687824,7.496815001697717e-05,0.05,200,20260905,True,False
E,all,20260911,arm,auc_slope_cohort,tabpfn@t1 - tabicl@t1,True,0.00023661140522324153,0.0001649992500919608,0.00031823544132783023,3.641741946457791e-05,0.05,200,20260905,True,True
E,all,20260912,arm,auc_slope_build,scorecard,False,-0.0009819205508174618,-0.00143248536380941,-0.0005649448830293574,0.00021595729624350983,0.05,200,20260905,,False
E,all,20260912,arm,auc_slope_build,gbm,False,-0.001123007459254596,-0.0015331493111495958,-0.0007277440791558927,0.00020958948334521248,0.05,200,20260905,,False
E,all,20260912,arm,auc_slope_build,gbm-50k,False,-0.0012593774830044191,-0.001714363953363701,-0.000872665114395559,0.0002111300552817903,0.05,200,20260905,,False
E,all,20260912,arm,auc_slope_build,tabpfn,False,-0.0011401308730352583,-0.0016116073920934523,-0.0007502859253480253,0.00021920169949406204,0.05,200,20260905,,False
E,all,20260912,arm,auc_slope_build,tabicl,False,-0.0010657634636461557,-0.001563544526530574,-0.0006845388783325061,0.00021753335145483795,0.05,200,20260905,,False
E,all,20260912,arm,auc_slope_build,gbm-50k@share,False,-0.0012744593025076987,-0.001730332182068236,-0.0008971523467643597,0.00020992164312666673,0.05,200,20260905,,False
E,all,20260912,arm,auc_slope_build,tabicl@t1,False,-0.0010657634636461557,-0.001563544526530574,-0.0006845388783325061,0.00021753335145483795,0.05,200,20260905,,True
E,all,20260912,arm,auc_slope_build,tabpfn@t1,False,-0.0011401810317580505,-0.0016116446976361335,-0.0007502882795972924,0.00021921453726745486,0.05,200,20260905,,False
E,all,20260912,arm,auc_slope_build,gbm - scorecard,True,-0.00014108690843713423,-0.0002881801228489133,-8.078116157867168e-06,6.60387939500951e-05,0.05,200,20260905,True,False
E,all,20260912,arm,auc_slope_build,gbm-50k - scorecard,True,-0.0002774569321869573,-0.0004490802199792701,-0.00012549758024110565,8.264762821508717e-05,0.05,200,20260905,True,False
E,all,20260912,arm,auc_slope_build,tabpfn - scorecard,True,-0.0001582103222177965,-0.0002940888548192487,-1.9333927979406326e-05,7.400690518026487e-05,0.05,200,20260905,True,False
E,all,20260912,arm,auc_slope_build,tabicl - scorecard,True,-8.384291282869391e-05,-0.0002322223145163554,4.656390099488619e-05,7.594578283046464e-05,0.05,200,20260905,False,False
E,all,20260912,arm,auc_slope_build,gbm-50k@share - scorecard,True,-0.0002925387516902369,-0.0004625833396327748,-0.000141573979677221,8.0304854066373e-05,0.05,200,20260905,True,False
E,all,20260912,arm,auc_slope_build,tabicl@t1 - scorecard,True,-8.384291282869391e-05,-0.0002322223145163554,4.656390099488619e-05,7.594578283046464e-05,0.05,200,20260905,False,True
E,all,20260912,arm,auc_slope_build,tabpfn@t1 - scorecard,True,-0.0001582604809405887,-0.00029396468493381953,-1.9542098150202623e-05,7.393892480144659e-05,0.05,200,20260905,True,False
E,all,20260912,arm,auc_slope_build,gbm-50k - gbm,True,-0.0001363700237498231,-0.00024311261987318514,-2.988190007631463e-05,5.741078090932193e-05,0.05,200,20260905,True,False
E,all,20260912,arm,auc_slope_build,tabpfn - gbm,True,-1.712341378066226e-05,-0.0001333098964709596,0.00011313942431375272,6.291974186234645e-05,0.05,200,20260905,False,False
E,all,20260912,arm,auc_slope_build,tabicl - gbm,True,5.7243995608440316e-05,-6.66345595092607e-05,0.00018404258795458935,6.194043021705075e-05,0.05,200,20260905,False,False
E,all,20260912,arm,auc_slope_build,gbm-50k@share - gbm,True,-0.0001514518432531027,-0.00024623566373542185,-3.9448546036117816e-05,5.534138810071093e-05,0.05,200,20260905,True,False
E,all,20260912,arm,auc_slope_build,tabicl@t1 - gbm,True,5.7243995608440316e-05,-6.66345595092607e-05,0.00018404258795458935,6.194043021705075e-05,0.05,200,20260905,False,True
E,all,20260912,arm,auc_slope_build,tabpfn@t1 - gbm,True,-1.7173572503454467e-05,-0.0001334608230216011,0.00011295331029513067,6.288101186274249e-05,0.05,200,20260905,False,False
E,all,20260912,arm,auc_slope_build,tabpfn - gbm-50k,True,0.00011924660996916084,-3.445590515793082e-06,0.0002645437882404,7.210983539419614e-05,0.05,200,20260905,False,False
E,all,20260912,arm,auc_slope_build,tabicl - gbm-50k,True,0.0001936140193582634,6.0037878743382545e-05,0.00036321273958877446,7.71995737932663e-05,0.05,200,20260905,True,False
E,all,20260912,arm,auc_slope_build,gbm-50k@share - gbm-50k,True,-1.5081819503279595e-05,-3.463604364953876e-05,5.594252196194492e-06,1.1445731571700998e-05,0.05,200,20260905,False,False
E,all,20260912,arm,auc_slope_build,tabicl@t1 - gbm-50k,True,0.0001936140193582634,6.0037878743382545e-05,0.00036321273958877446,7.71995737932663e-05,0.05,200,20260905,True,True
E,all,20260912,arm,auc_slope_build,tabpfn@t1 - gbm-50k,True,0.00011919645124636863,-3.2000830756750613e-06,0.0002643466221741746,7.20908391777755e-05,0.05,200,20260905,False,False
E,all,20260912,arm,auc_slope_build,tabicl - tabpfn,True,7.436740938910258e-05,4.422376231092331e-06,0.0001369774509362399,3.5775205343130766e-05,0.05,200,20260905,True,False
E,all,20260912,arm,auc_slope_build,gbm-50k@share - tabpfn,True,-0.00013432842947244043,-0.0002772350445753608,-1.2030505589319461e-05,7.217462757569385e-05,0.05,200,20260905,True,False
E,all,20260912,arm,auc_slope_build,tabicl@t1 - tabpfn,True,7.436740938910258e-05,4.422376231092331e-06,0.0001369774509362399,3.5775205343130766e-05,0.05,200,20260905,True,True
E,all,20260912,arm,auc_slope_build,tabpfn@t1 - tabpfn,True,-5.015872279220783e-08,-4.81846111341055e-07,3.761503415221098e-07,2.2897978435528806e-07,0.05,200,20260905,False,False
E,all,20260912,arm,auc_slope_build,gbm-50k@share - tabicl,True,-0.000208695838861543,-0.0003673498105564447,-7.59421013751305e-05,7.676868146723302e-05,0.05,200,20260905,True,False
E,all,20260912,arm,auc_slope_build,tabicl@t1 - tabicl,True,0.0,0.0,0.0,0.0,0.05,200,20260905,False,True
E,all,20260912,arm,auc_slope_build,tabpfn@t1 - tabicl,True,-7.441756811189478e-05,-0.00013717196343466444,-4.656584035116181e-06,3.577157336994046e-05,0.05,200,20260905,True,False
E,all,20260912,arm,auc_slope_build,tabicl@t1 - gbm-50k@share,True,0.000208695838861543,7.594210137513052e-05,0.00036734981055644477,7.676868146723302e-05,0.05,200,20260905,True,True
E,all,20260912,arm,auc_slope_build,tabpfn@t1 - gbm-50k@share,True,0.00013427827074964822,1.2075414668891345e-05,0.00027704143417086154,7.215349026035903e-05,0.05,200,20260905,True,False
E,all,20260912,arm,auc_slope_build,tabpfn@t1 - tabicl@t1,True,-7.441756811189478e-05,-0.00013717196343466444,-4.656584035116181e-06,3.577157336994046e-05,0.05,200,20260905,True,True
E,all,20260912,arm,auc_slope_cohort,scorecard,False,-0.00010093296936775634,-0.0002696659723167744,5.021794201923869e-05,8.624977384002543e-05,0.05,200,20260905,,False
E,all,20260912,arm,auc_slope_cohort,gbm,False,-0.0002467581008693178,-0.0004226626295385887,-8.620233836874464e-05,9.061470244482575e-05,0.05,200,20260905,,False
E,all,20260912,arm,auc_slope_cohort,gbm-50k,False,-0.00020582298529021794,-0.00038867384861143045,-3.57395732841307e-05,9.67289586153088e-05,0.05,200,20260905,,False
E,all,20260912,arm,auc_slope_cohort,tabpfn,False,-6.800205027891237e-05,-0.00023648566944912906,7.384287594705427e-05,7.870723320345168e-05,0.05,200,20260905,,False
E,all,20260912,arm,auc_slope_cohort,tabicl,False,-0.0001084581637212686,-0.00026917649276767886,2.5779230219253968e-05,7.78729377802604e-05,0.05,200,20260905,,False
E,all,20260912,arm,auc_slope_cohort,gbm-50k@share,False,-0.00012859409124555722,-0.0003540641948108232,5.7785084321701995e-05,0.0001026937678573928,0.05,200,20260905,,False
E,all,20260912,arm,auc_slope_cohort,tabicl@t1,False,-0.0001084581637212686,-0.00026917649276767886,2.5779230219253968e-05,7.78729377802604e-05,0.05,200,20260905,,True
E,all,20260912,arm,auc_slope_cohort,tabpfn@t1,False,-6.825921454125808e-05,-0.00023684333973380238,7.361172089300809e-05,7.86946587286838e-05,0.05,200,20260905,,False
E,all,20260912,arm,auc_slope_cohort,gbm - scorecard,True,-0.00014582513150156146,-0.00029409671158791775,-2.1681760237899796e-06,7.93149882839415e-05,0.05,200,20260905,True,False
E,all,20260912,arm,auc_slope_cohort,gbm-50k - scorecard,True,-0.0001048900159224616,-0.00025941594417817654,6.643925364600296e-05,8.945174222049613e-05,0.05,200,20260905,False,False
E,all,20260912,arm,auc_slope_cohort,tabpfn - scorecard,True,3.293091908884397e-05,-9.511715943211732e-05,0.00014875597737409616,6.170628444645379e-05,0.05,200,20260905,False,False
E,all,20260912,arm,auc_slope_cohort,tabicl - scorecard,True,-7.525194353512254e-06,-0.00012431421969129965,9.884981183817026e-05,6.159210616392713e-05,0.05,200,20260905,False,False
E,all,20260912,arm,auc_slope_cohort,gbm-50k@share - scorecard,True,-2.766112187780088e-05,-0.00019503909435035488,0.00013905827808554142,9.202132766766238e-05,0.05,200,20260905,False,False
E,all,20260912,arm,auc_slope_cohort,tabicl@t1 - scorecard,True,-7.525194353512254e-06,-0.00012431421969129965,9.884981183817026e-05,6.159210616392713e-05,0.05,200,20260905,False,True
E,all,20260912,arm,auc_slope_cohort,tabpfn@t1 - scorecard,True,3.2673754826498266e-05,-9.532299206144677e-05,0.0001486656247443043,6.167766910012829e-05,0.05,200,20260905,False,False
E,all,20260912,arm,auc_slope_cohort,gbm-50k - gbm,True,4.0935115579099866e-05,-0.00010551976455317403,0.00021389633706463224,7.652489958357102e-05,0.05,200,20260905,False,False
E,all,20260912,arm,auc_slope_cohort,tabpfn - gbm,True,0.00017875605059040542,3.124590756045813e-05,0.0003299728483158386,7.880587313513451e-05,0.05,200,20260905,True,False
E,all,20260912,arm,auc_slope_cohort,tabicl - gbm,True,0.0001382999371480492,1.6031170988079064e-07,0.00027699006802184024,6.948911282257027e-05,0.05,200,20260905,True,False
E,all,20260912,arm,auc_slope_cohort,gbm-50k@share - gbm,True,0.00011816400962376059,-2.538882110788391e-05,0.00028906271778793687,8.187230565289434e-05,0.05,200,20260905,False,False
E,all,20260912,arm,auc_slope_cohort,tabicl@t1 - gbm,True,0.0001382999371480492,1.6031170988079064e-07,0.00027699006802184024,6.948911282257027e-05,0.05,200,20260905,True,True
E,all,20260912,arm,auc_slope_cohort,tabpfn@t1 - gbm,True,0.00017849888632805974,3.064161597275772e-05,0.0003294490293582066,7.878920608189811e-05,0.05,200,20260905,True,False
E,all,20260912,arm,auc_slope_cohort,tabpfn - gbm-50k,True,0.00013782093501130555,-1.7052125043638372e-05,0.0002881957759313624,8.156648713327913e-05,0.05,200,20260905,False,False
E,all,20260912,arm,auc_slope_cohort,tabicl - gbm-50k,True,9.736482156894934e-05,-4.949819017804449e-05,0.0002586621158700863,7.979100207281895e-05,0.05,200,20260905,False,False
E,all,20260912,arm,auc_slope_cohort,gbm-50k@share - gbm-50k,True,7.722889404466072e-05,1.594337199686251e-05,0.0001402041887004207,3.2773781038408874e-05,0.05,200,20260905,True,False
E,all,20260912,arm,auc_slope_cohort,tabicl@t1 - gbm-50k,True,9.736482156894934e-05,-4.949819017804449e-05,0.0002586621158700863,7.979100207281895e-05,0.05,200,20260905,False,True
E,all,20260912,arm,auc_slope_cohort,tabpfn@t1 - gbm-50k,True,0.00013756377074895988,-1.726915186989172e-05,0.0002875770255296076,8.154812550419422e-05,0.05,200,20260905,False,False
E,all,20260912,arm,auc_slope_cohort,tabicl - tabpfn,True,-4.0456113442356224e-05,-0.00011572055725012275,1.9552290715520527e-05,3.544536598195212e-05,0.05,200,20260905,False,False
E,all,20260912,arm,auc_slope_cohort,gbm-50k@share - tabpfn,True,-6.059204096664485e-05,-0.00021308903549474478,9.137825451745018e-05,8.496923169298319e-05,0.05,200,20260905,False,False
E,all,20260912,arm,auc_slope_cohort,tabicl@t1 - tabpfn,True,-4.0456113442356224e-05,-0.00011572055725012275,1.9552290715520527e-05,3.544536598195212e-05,0.05,200,20260905,False,True
E,all,20260912,arm,auc_slope_cohort,tabpfn@t1 - tabpfn,True,-2.571642623457038e-07,-7.000360704536369e-07,1.3924601655851265e-07,2.2571822893446844e-07,0.05,200,20260905,False,False
E,all,20260912,arm,auc_slope_cohort,gbm-50k@share - tabicl,True,-2.0135927524288626e-05,-0.0001706363388228684,0.0001376747980581775,8.501753530469229e-05,0.05,200,20260905,False,False
E,all,20260912,arm,auc_slope_cohort,tabicl@t1 - tabicl,True,0.0,0.0,0.0,0.0,0.05,200,20260905,False,True
E,all,20260912,arm,auc_slope_cohort,tabpfn@t1 - tabicl,True,4.019894918001052e-05,-1.9773355139392993e-05,0.000115422941890704,3.5442469307799034e-05,0.05,200,20260905,False,False
E,all,20260912,arm,auc_slope_cohort,tabicl@t1 - gbm-50k@share,True,2.0135927524288626e-05,-0.0001376747980581775,0.00017063633882286858,8.501753530469229e-05,0.05,200,20260905,False,True
E,all,20260912,arm,auc_slope_cohort,tabpfn@t1 - gbm-50k@share,True,6.0334876704299146e-05,-9.144931277104543e-05,0.00021247544343184184,8.494337421192759e-05,0.05,200,20260905,False,False
E,all,20260912,arm,auc_slope_cohort,tabpfn@t1 - tabicl@t1,True,4.019894918001052e-05,-1.9773355139392993e-05,0.000115422941890704,3.5442469307799034e-05,0.05,200,20260905,False,True
E,all,20260913,arm,auc_slope_build,scorecard,False,-0.0009819205508174618,-0.00143248536380941,-0.0005649448830293574,0.00021595729624350983,0.05,200,20260905,,False
E,all,20260913,arm,auc_slope_build,gbm,False,-0.001123007459254596,-0.0015331493111495958,-0.0007277440791558927,0.00020958948334521248,0.05,200,20260905,,False
E,all,20260913,arm,auc_slope_build,gbm-50k,False,-0.0014009187427565782,-0.0018186140588144857,-0.0010472298573225576,0.0002056063072526466,0.05,200,20260905,,False
E,all,20260913,arm,auc_slope_build,tabpfn,False,-0.0012037967321882025,-0.0016434386446847232,-0.0008204028764627675,0.00021804505608083016,0.05,200,20260905,,False
E,all,20260913,arm,auc_slope_build,tabicl,False,-0.0011166816495539217,-0.0015739353381831658,-0.0007189110046822282,0.0002133945237886723,0.05,200,20260905,,False
E,all,20260913,arm,auc_slope_build,gbm-50k@share,False,-0.0013829848824095316,-0.001817794189164735,-0.001027706822150697,0.00020560910568036188,0.05,200,20260905,,False
E,all,20260913,arm,auc_slope_build,tabicl@t1,False,-0.0011166816495539217,-0.0015739353381831658,-0.0007189110046822282,0.0002133945237886723,0.05,200,20260905,,True
E,all,20260913,arm,auc_slope_build,tabpfn@t1,False,-0.0012033380558042306,-0.0016429370672493523,-0.0008200161733988506,0.00021805162693136934,0.05,200,20260905,,False
E,all,20260913,arm,auc_slope_build,gbm - scorecard,True,-0.00014108690843713423,-0.0002881801228489133,-8.078116157867168e-06,6.60387939500951e-05,0.05,200,20260905,True,False
E,all,20260913,arm,auc_slope_build,gbm-50k - scorecard,True,-0.00041899819193911636,-0.000573525625391784,-0.0002789910233834414,7.618341151169538e-05,0.05,200,20260905,True,False
E,all,20260913,arm,auc_slope_build,tabpfn - scorecard,True,-0.00022187618137074067,-0.00035287774989319206,-7.95098577956993e-05,7.574725071609188e-05,0.05,200,20260905,True,False
E,all,20260913,arm,auc_slope_build,tabicl - scorecard,True,-0.00013476109873645993,-0.00028395514484221045,8.14280129092323e-06,7.656822940543645e-05,0.05,200,20260905,False,False
E,all,20260913,arm,auc_slope_build,gbm-50k@share - scorecard,True,-0.0004010643315920698,-0.0005388169631560279,-0.0002594137701012105,7.432872538981913e-05,0.05,200,20260905,True,False
E,all,20260913,arm,auc_slope_build,tabicl@t1 - scorecard,True,-0.00013476109873645993,-0.00028395514484221045,8.14280129092323e-06,7.656822940543645e-05,0.05,200,20260905,False,True
E,all,20260913,arm,auc_slope_build,tabpfn@t1 - scorecard,True,-0.00022141750498676878,-0.00035242136355598047,-7.925140661654868e-05,7.571191410903099e-05,0.05,200,20260905,True,False
E,all,20260913,arm,auc_slope_build,gbm-50k - gbm,True,-0.00027791128350198213,-0.0004115808123582894,-0.00017268191920929497,5.949522704209721e-05,0.05,200,20260905,True,False
E,all,20260913,arm,auc_slope_build,tabpfn - gbm,True,-8.078927293360644e-05,-0.0001960265465347941,5.061519300506829e-05,6.238053178472125e-05,0.05,200,20260905,False,False
E,all,20260913,arm,auc_slope_build,tabicl - gbm,True,6.325809700674298e-06,-0.00011388392360075807,0.000150197056490237,6.88592034068034e-05,0.05,200,20260905,False,False
E,all,20260913,arm,auc_slope_build,gbm-50k@share - gbm,True,-0.00025997742315493557,-0.0003829674098940844,-0.00015777706748388423,5.8447779807013204e-05,0.05,200,20260905,True,False
E,all,20260913,arm,auc_slope_build,tabicl@t1 - gbm,True,6.325809700674298e-06,-0.00011388392360075807,0.000150197056490237,6.88592034068034e-05,0.05,200,20260905,False,True
E,all,20260913,arm,auc_slope_build,tabpfn@t1 - gbm,True,-8.033059654963455e-05,-0.00019553704603850148,5.1062321049182485e-05,6.238987592569472e-05,0.05,200,20260905,False,False
E,all,20260913,arm,auc_slope_build,tabpfn - gbm-50k,True,0.0001971220105683757,7.289707989229612e-05,0.0003348795336839163,7.007249760790568e-05,0.05,200,20260905,True,False
E,all,20260913,arm,auc_slope_build,tabicl - gbm-50k,True,0.00028423709320265643,0.00014231491050112886,0.00043632002793704517,7.776669522330518e-05,0.05,200,20260905,True,False
E,all,20260913,arm,auc_slope_build,gbm-50k@share - gbm-50k,True,1.7933860347046568e-05,3.7418000877764995e-07,4.083176441211536e-05,1.0106293336047907e-05,0.05,200,20260905,True,False
E,all,20260913,arm,auc_slope_build,tabicl@t1 - gbm-50k,True,0.00028423709320265643,0.00014231491050112886,0.00043632002793704517,7.776669522330518e-05,0.05,200,20260905,True,True
E,all,20260913,arm,auc_slope_build,tabpfn@t1 - gbm-50k,True,0.0001975806869523476,7.334789266274116e-05,0.00033535594834163896,7.00694718011202e-05,0.05,200,20260905,True,False
E,all,20260913,arm,auc_slope_build,tabicl - tabpfn,True,8.711508263428073e-05,9.199638569878032e-06,0.0001642073399013741,4.169177318767288e-05,0.05,200,20260905,True,False
E,all,20260913,arm,auc_slope_build,gbm-50k@share - tabpfn,True,-0.00017918815022132913,-0.00030995370129153176,-4.9460855321258885e-05,6.914659698566356e-05,0.05,200,20260905,True,False
E,all,20260913,arm,auc_slope_build,tabicl@t1 - tabpfn,True,8.711508263428073e-05,9.199638569878032e-06,0.0001642073399013741,4.169177318767288e-05,0.05,200,20260905,True,True
E,all,20260913,arm,auc_slope_build,tabpfn@t1 - tabpfn,True,4.586763839718906e-07,7.266657578913543e-08,8.846833400481023e-07,1.9199253024171012e-07,0.05,200,20260905,True,False
E,all,20260913,arm,auc_slope_build,gbm-50k@share - tabicl,True,-0.00026630323285560986,-0.0004255546207761133,-0.0001323758931346951,7.658357323493755e-05,0.05,200,20260905,True,False
E,all,20260913,arm,auc_slope_build,tabicl@t1 - tabicl,True,0.0,0.0,0.0,0.0,0.05,200,20260905,False,True
E,all,20260913,arm,auc_slope_build,tabpfn@t1 - tabicl,True,-8.665640625030884e-05,-0.0001637687158979613,-8.587936334586601e-06,4.166561750802792e-05,0.05,200,20260905,True,False
E,all,20260913,arm,auc_slope_build,tabicl@t1 - gbm-50k@share,True,0.00026630323285560986,0.00013237589313469514,0.0004255546207761133,7.658357323493755e-05,0.05,200,20260905,True,True
E,all,20260913,arm,auc_slope_build,tabpfn@t1 - gbm-50k@share,True,0.00017964682660530102,5.0196184354877716e-05,0.00031034888276770795,6.91434470837107e-05,0.05,200,20260905,True,False
E,all,20260913,arm,auc_slope_build,tabpfn@t1 - tabicl@t1,True,-8.665640625030884e-05,-0.0001637687158979613,-8.587936334586601e-06,4.166561750802792e-05,0.05,200,20260905,True,True
E,all,20260913,arm,auc_slope_cohort,scorecard,False,-0.00010093296936775634,-0.0002696659723167744,5.021794201923869e-05,8.624977384002543e-05,0.05,200,20260905,,False
E,all,20260913,arm,auc_slope_cohort,gbm,False,-0.0002467581008693178,-0.0004226626295385887,-8.620233836874464e-05,9.061470244482575e-05,0.05,200,20260905,,False
E,all,20260913,arm,auc_slope_cohort,gbm-50k,False,-0.0002880131448305263,-0.0005122865706137542,-0.00011444648449380221,9.728069330286399e-05,0.05,200,20260905,,False
E,all,20260913,arm,auc_slope_cohort,tabpfn,False,-9.770466208604319e-05,-0.0002364399704097003,2.7773481911826403e-05,6.721183837414301e-05,0.05,200,20260905,,False
E,all,20260913,arm,auc_slope_cohort,tabicl,False,-0.00028295620844769737,-0.0004320039448519795,-0.0001603090390684497,7.24421483411112e-05,0.05,200,20260905,,False
E,all,20260913,arm,auc_slope_cohort,gbm-50k@share,False,-0.0004668706906164094,-0.0006593720012726621,-0.00031163295882664384,8.980448224528052e-05,0.05,200,20260905,,False
E,all,20260913,arm,auc_slope_cohort,tabicl@t1,False,-0.00028295620844769737,-0.0004320039448519795,-0.0001603090390684497,7.24421483411112e-05,0.05,200,20260905,,True
E,all,20260913,arm,auc_slope_cohort,tabpfn@t1,False,-9.756191762297623e-05,-0.0002363732202161881,2.793257490763434e-05,6.723139106310572e-05,0.05,200,20260905,,False
E,all,20260913,arm,auc_slope_cohort,gbm - scorecard,True,-0.00014582513150156146,-0.00029409671158791775,-2.1681760237899796e-06,7.93149882839415e-05,0.05,200,20260905,True,False
E,all,20260913,arm,auc_slope_cohort,gbm-50k - scorecard,True,-0.00018708017546276997,-0.00037141683676221714,-2.2854823982408324e-05,9.049891045647528e-05,0.05,200,20260905,True,False
E,all,20260913,arm,auc_slope_cohort,tabpfn - scorecard,True,3.228307281713153e-06,-0.00012850625137218107,0.00012731874078285253,6.579236548574274e-05,0.05,200,20260905,False,False
E,all,20260913,arm,auc_slope_cohort,tabicl - scorecard,True,-0.00018202323907994103,-0.00033717937589792586,-5.718818888840012e-05,7.5003950199231e-05,0.05,200,20260905,True,False
E,all,20260913,arm,auc_slope_cohort,gbm-50k@share - scorecard,True,-0.0003659377212486531,-0.0005398318841669114,-0.00021709534894270456,8.464210761314983e-05,0.05,200,20260905,True,False
E,all,20260913,arm,auc_slope_cohort,tabicl@t1 - scorecard,True,-0.00018202323907994103,-0.00033717937589792586,-5.718818888840012e-05,7.5003950199231e-05,0.05,200,20260905,True,True
E,all,20260913,arm,auc_slope_cohort,tabpfn@t1 - scorecard,True,3.3710517447801106e-06,-0.00012845467879572665,0.00012718455913356445,6.578123347779183e-05,0.05,200,20260905,False,False
E,all,20260913,arm,auc_slope_cohort,gbm-50k - gbm,True,-4.1255043961208504e-05,-0.0001823349527864241,0.0001008860910752376,7.764639907516779e-05,0.05,200,20260905,False,False
E,all,20260913,arm,auc_slope_cohort,tabpfn - gbm,True,0.00014905343878327462,-1.8538454868130123e-06,0.0003051405482779247,8.017650802361477e-05,0.05,200,20260905,False,False
E,all,20260913,arm,auc_slope_cohort,tabicl - gbm,True,-3.619810757837956e-05,-0.00020089429772026182,0.00013354271093423897,8.314591888364339e-05,0.05,200,20260905,False,False
E,all,20260913,arm,auc_slope_cohort,gbm-50k@share - gbm,True,-0.0002201125897470916,-0.0003646965155509231,-8.491827159722942e-05,7.454517035067745e-05,0.05,200,20260905,True,False
E,all,20260913,arm,auc_slope_cohort,tabicl@t1 - gbm,True,-3.619810757837956e-05,-0.00020089429772026182,0.00013354271093423897,8.314591888364339e-05,0.05,200,20260905,False,True
E,all,20260913,arm,auc_slope_cohort,tabpfn@t1 - gbm,True,0.0001491961832463416,-1.7941452477455203e-06,0.0003053239164634094,8.018832669056379e-05,0.05,200,20260905,False,False
E,all,20260913,arm,auc_slope_cohort,tabpfn - gbm-50k,True,0.00019030848274448312,3.800349225060499e-05,0.000356384978968372,8.69221539739363e-05,0.05,200,20260905,True,False
E,all,20260913,arm,auc_slope_cohort,tabicl - gbm-50k,True,5.056936382828942e-06,-0.00016780065914108577,0.00017367413730071067,8.898109208536308e-05,0.05,200,20260905,False,False
E,all,20260913,arm,auc_slope_cohort,gbm-50k@share - gbm-50k,True,-0.0001788575457858831,-0.0002570408471438622,-0.00010358985818025409,3.8888944046070915e-05,0.05,200,20260905,True,False
E,all,20260913,arm,auc_slope_cohort,tabicl@t1 - gbm-50k,True,5.056936382828942e-06,-0.00016780065914108577,0.00017367413730071067,8.898109208536308e-05,0.05,200,20260905,False,True
E,all,20260913,arm,auc_slope_cohort,tabpfn@t1 - gbm-50k,True,0.0001904512272075501,3.798667894963516e-05,0.00035651659801744527,8.693439109511513e-05,0.05,200,20260905,True,False
E,all,20260913,arm,auc_slope_cohort,tabicl - tabpfn,True,-0.00018525154636165418,-0.0002837465673391263,-8.502567922884584e-05,4.8415288259060606e-05,0.05,200,20260905,True,False
E,all,20260913,arm,auc_slope_cohort,gbm-50k@share - tabpfn,True,-0.0003691660285303662,-0.0005105436625606553,-0.0001943248341477533,7.94064128863649e-05,0.05,200,20260905,True,False
E,all,20260913,arm,auc_slope_cohort,tabicl@t1 - tabpfn,True,-0.00018525154636165418,-0.0002837465673391263,-8.502567922884584e-05,4.8415288259060606e-05,0.05,200,20260905,True,True
E,all,20260913,arm,auc_slope_cohort,tabpfn@t1 - tabpfn,True,1.427444630669575e-07,-2.251814201956093e-07,4.7546495196938014e-07,1.8028627999623e-07,0.05,200,20260905,False,False
E,all,20260913,arm,auc_slope_cohort,gbm-50k@share - tabicl,True,-0.00018391448216871205,-0.000324240988935502,-3.693356877685352e-05,8.061487252662593e-05,0.05,200,20260905,True,False
E,all,20260913,arm,auc_slope_cohort,tabicl@t1 - tabicl,True,0.0,0.0,0.0,0.0,0.05,200,20260905,False,True
E,all,20260913,arm,auc_slope_cohort,tabpfn@t1 - tabicl,True,0.00018539429082472115,8.560759263239775e-05,0.0002838599380692739,4.840267470013636e-05,0.05,200,20260905,True,False
E,all,20260913,arm,auc_slope_cohort,tabicl@t1 - gbm-50k@share,True,0.00018391448216871205,3.693356877685353e-05,0.000324240988935502,8.061487252662593e-05,0.05,200,20260905,True,True
E,all,20260913,arm,auc_slope_cohort,tabpfn@t1 - gbm-50k@share,True,0.0003693087729934332,0.00019474353044049547,0.0005105661239314333,7.94193548609885e-05,0.05,200,20260905,True,False
E,all,20260913,arm,auc_slope_cohort,tabpfn@t1 - tabicl@t1,True,0.00018539429082472115,8.560759263239775e-05,0.0002838599380692739,4.840267470013636e-05,0.05,200,20260905,True,True
