
### tabicl@2026-09-14-fm-2006h2e-bundle-upb-nominal: /home/node/outoftime-node/.venv/bin/python score_context.py 2026-09-14-fm-2006h2e-bundle-upb-nominal --out-dir 2026-09-14-fm-2006h2e-bundle-upb-nominal-scored-tabicl --models tabicl --chunk 20000
Warning: You are sending unauthenticated requests to the HF Hub. Please set a HF_TOKEN to enable higher rate limits and faster downloads.
INFO: You are downloading 'tabicl-classifier-v2-20260212.ckpt', the latest best-performing version, used in our TabICLv2 paper.

Checkpoint 'tabicl-classifier-v2-20260212.ckpt' not cached.
 Downloading from Hugging Face Hub (jingang/TabICL).

tabicl/20260911: context 50,000 rows read in 7.9s
  reference   50,000 rows     19.5s  mean pd 0.0062
  2007H1      23,169 rows     11.8s  mean pd 0.0070
  2007H2      24,367 rows     11.9s  mean pd 0.0079
  2008H1      24,660 rows     11.7s  mean pd 0.0049
  2008H2      24,746 rows     11.8s  mean pd 0.0039
  2009H1      24,844 rows     11.8s  mean pd 0.0017
  2009H2      24,709 rows     11.9s  mean pd 0.0024
  2010H1      24,843 rows     11.8s  mean pd 0.0027
  2010H2      24,683 rows     11.9s  mean pd 0.0021
  2011H1      24,614 rows     11.8s  mean pd 0.0029
  2011H2      24,646 rows     11.8s  mean pd 0.0022
  2012H1      24,306 rows     11.8s  mean pd 0.0035
  2012H2      24,538 rows     11.8s  mean pd 0.0033
  2013H1      24,341 rows     11.8s  mean pd 0.0038
  2013H2      23,974 rows     11.7s  mean pd 0.0046
  2014H1      24,341 rows     11.8s  mean pd 0.0042
  2014H2      24,213 rows     11.8s  mean pd 0.0038
  2015H1      24,159 rows     11.9s  mean pd 0.0032
  2015H2      24,159 rows     11.8s  mean pd 0.0035
  2016H1      24,632 rows     11.8s  mean pd 0.0034
  2016H2      24,760 rows     12.0s  mean pd 0.0030
  2017H1      24,541 rows     11.8s  mean pd 0.0037
  2017H2      24,680 rows     11.9s  mean pd 0.0036
  2018H1      24,416 rows     11.9s  mean pd 0.0036
  2018H2      24,543 rows     11.8s  mean pd 0.0038
  2019H1      24,752 rows     11.8s  mean pd 0.0035
  2019H2      24,861 rows     11.9s  mean pd 0.0029
  2020H1      24,880 rows     11.8s  mean pd 0.0024
  2020H2      24,919 rows     11.8s  mean pd 0.0020
  2021H1      24,909 rows     11.8s  mean pd 0.0023
  2021H2      24,929 rows     11.9s  mean pd 0.0027
  2022H1      24,889 rows     11.8s  mean pd 0.0033
  2022H2      24,859 rows     11.8s  mean pd 0.0035
  2023H1      24,882 rows     11.8s  mean pd 0.0035
  2023H2      24,866 rows     11.8s  mean pd 0.0032
  repeat 2007H1: largest disagreement 0.00e+00, 0 rows differ
tabicl/20260912: context 50,000 rows read in 0.9s
  reference   50,000 rows     18.9s  mean pd 0.0061
  2007H1      23,169 rows     11.7s  mean pd 0.0076
  2007H2      24,367 rows     11.8s  mean pd 0.0088
  2008H1      24,660 rows     11.8s  mean pd 0.0054
  2008H2      24,746 rows     11.8s  mean pd 0.0043
  2009H1      24,844 rows     11.8s  mean pd 0.0018
  2009H2      24,709 rows     11.8s  mean pd 0.0029
  2010H1      24,843 rows     11.8s  mean pd 0.0033
  2010H2      24,683 rows     11.9s  mean pd 0.0027
  2011H1      24,614 rows     11.9s  mean pd 0.0040
  2011H2      24,646 rows     11.8s  mean pd 0.0030
  2012H1      24,306 rows     11.8s  mean pd 0.0055
  2012H2      24,538 rows     11.8s  mean pd 0.0051
  2013H1      24,341 rows     11.9s  mean pd 0.0056
  2013H2      23,974 rows     11.7s  mean pd 0.0063
  2014H1      24,341 rows     11.8s  mean pd 0.0054
  2014H2      24,213 rows     11.7s  mean pd 0.0046
  2015H1      24,159 rows     11.9s  mean pd 0.0038
  2015H2      24,159 rows     11.8s  mean pd 0.0042
  2016H1      24,632 rows     11.8s  mean pd 0.0041
  2016H2      24,760 rows     11.8s  mean pd 0.0036
  2017H1      24,541 rows     11.9s  mean pd 0.0046
  2017H2      24,680 rows     12.0s  mean pd 0.0045
  2018H1      24,416 rows     11.8s  mean pd 0.0046
  2018H2      24,543 rows     11.8s  mean pd 0.0049
  2019H1      24,752 rows     11.8s  mean pd 0.0046
  2019H2      24,861 rows     11.8s  mean pd 0.0038
  2020H1      24,880 rows     11.8s  mean pd 0.0030
  2020H2      24,919 rows     11.8s  mean pd 0.0026
  2021H1      24,909 rows     12.0s  mean pd 0.0029
  2021H2      24,929 rows     11.9s  mean pd 0.0036
  2022H1      24,889 rows     11.8s  mean pd 0.0044
  2022H2      24,859 rows     11.8s  mean pd 0.0051
  2023H1      24,882 rows     11.9s  mean pd 0.0053
  2023H2      24,866 rows     11.9s  mean pd 0.0049
  repeat 2007H1: largest disagreement 0.00e+00, 0 rows differ
tabicl/20260913: context 50,000 rows read in 1.0s
  reference   50,000 rows     18.8s  mean pd 0.0064
  2007H1      23,169 rows     11.6s  mean pd 0.0073
  2007H2      24,367 rows     11.8s  mean pd 0.0079
  2008H1      24,660 rows     11.9s  mean pd 0.0050
  2008H2      24,746 rows     11.8s  mean pd 0.0041
  2009H1      24,844 rows     12.0s  mean pd 0.0019
  2009H2      24,709 rows     12.2s  mean pd 0.0028
  2010H1      24,843 rows     12.2s  mean pd 0.0031
  2010H2      24,683 rows     12.0s  mean pd 0.0025
  2011H1      24,614 rows     11.8s  mean pd 0.0033
  2011H2      24,646 rows     11.8s  mean pd 0.0025
  2012H1      24,306 rows     11.8s  mean pd 0.0039
  2012H2      24,538 rows     11.9s  mean pd 0.0037
  2013H1      24,341 rows     11.8s  mean pd 0.0042
  2013H2      23,974 rows     11.9s  mean pd 0.0050
  2014H1      24,341 rows     11.8s  mean pd 0.0046
  2014H2      24,213 rows     11.7s  mean pd 0.0041
  2015H1      24,159 rows     11.9s  mean pd 0.0034
  2015H2      24,159 rows     11.8s  mean pd 0.0038
  2016H1      24,632 rows     11.8s  mean pd 0.0036
  2016H2      24,760 rows     11.8s  mean pd 0.0032
  2017H1      24,541 rows     11.9s  mean pd 0.0039
  2017H2      24,680 rows     11.8s  mean pd 0.0039
  2018H1      24,416 rows     11.8s  mean pd 0.0039
  2018H2      24,543 rows     11.8s  mean pd 0.0040
  2019H1      24,752 rows     11.8s  mean pd 0.0038
  2019H2      24,861 rows     12.0s  mean pd 0.0032
  2020H1      24,880 rows     11.9s  mean pd 0.0026
  2020H2      24,919 rows     11.8s  mean pd 0.0022
  2021H1      24,909 rows     11.8s  mean pd 0.0024
  2021H2      24,929 rows     11.8s  mean pd 0.0029
  2022H1      24,889 rows     11.8s  mean pd 0.0034
  2022H2      24,859 rows     11.8s  mean pd 0.0038
  2023H1      24,882 rows     11.8s  mean pd 0.0037
  2023H2      24,866 rows     11.8s  mean pd 0.0034
  repeat 2007H1: largest disagreement 0.00e+00, 0 rows differ

scored rows           : 2,506,890
reference rows        : 150,000
wall                  : 1326s

### tabpfn@2026-09-14-fm-2006h2e-bundle-upb-nominal: /home/node/outoftime-node/.venv/bin/python score_context.py 2026-09-14-fm-2006h2e-bundle-upb-nominal --out-dir 2026-09-14-fm-2006h2e-bundle-upb-nominal-scored-tabpfn --models tabpfn --chunk 20000
tabpfn/20260911: context 50,000 rows read in 2.6s
  reference   50,000 rows     37.1s  mean pd 0.0066
  2007H1      23,169 rows     22.2s  mean pd 0.0076
  2007H2      24,367 rows     22.5s  mean pd 0.0086
  2008H1      24,660 rows     22.6s  mean pd 0.0052
  2008H2      24,746 rows     22.7s  mean pd 0.0040
  2009H1      24,844 rows     22.6s  mean pd 0.0017
  2009H2      24,709 rows     22.8s  mean pd 0.0024
  2010H1      24,843 rows     22.7s  mean pd 0.0027
  2010H2      24,683 rows     22.8s  mean pd 0.0022
  2011H1      24,614 rows     22.6s  mean pd 0.0030
  2011H2      24,646 rows     22.7s  mean pd 0.0023
  2012H1      24,306 rows     22.7s  mean pd 0.0037
  2012H2      24,538 rows     22.6s  mean pd 0.0036
  2013H1      24,341 rows     22.8s  mean pd 0.0041
  2013H2      23,974 rows     22.5s  mean pd 0.0049
  2014H1      24,341 rows     22.7s  mean pd 0.0045
  2014H2      24,213 rows     22.6s  mean pd 0.0039
  2015H1      24,159 rows     22.6s  mean pd 0.0032
  2015H2      24,159 rows     22.6s  mean pd 0.0037
  2016H1      24,632 rows     22.8s  mean pd 0.0035
  2016H2      24,760 rows     22.7s  mean pd 0.0030
  2017H1      24,541 rows     22.7s  mean pd 0.0039
  2017H2      24,680 rows     22.7s  mean pd 0.0038
  2018H1      24,416 rows     22.6s  mean pd 0.0038
  2018H2      24,543 rows     22.7s  mean pd 0.0039
  2019H1      24,752 rows     22.7s  mean pd 0.0036
  2019H2      24,861 rows     22.7s  mean pd 0.0030
  2020H1      24,880 rows     22.6s  mean pd 0.0024
  2020H2      24,919 rows     22.6s  mean pd 0.0020
  2021H1      24,909 rows     22.6s  mean pd 0.0023
  2021H2      24,929 rows     23.0s  mean pd 0.0028
  2022H1      24,889 rows     22.8s  mean pd 0.0034
  2022H2      24,859 rows     22.6s  mean pd 0.0036
  2023H1      24,882 rows     22.6s  mean pd 0.0035
  2023H2      24,866 rows     22.7s  mean pd 0.0033
  repeat 2007H1: largest disagreement 0.00e+00, 0 rows differ
tabpfn/20260912: context 50,000 rows read in 0.9s
  reference   50,000 rows     36.0s  mean pd 0.0065
  2007H1      23,169 rows     22.3s  mean pd 0.0076
  2007H2      24,367 rows     22.7s  mean pd 0.0087
  2008H1      24,660 rows     22.7s  mean pd 0.0052
  2008H2      24,746 rows     23.0s  mean pd 0.0041
  2009H1      24,844 rows     22.7s  mean pd 0.0017
  2009H2      24,709 rows     22.7s  mean pd 0.0027
  2010H1      24,843 rows     22.7s  mean pd 0.0031
  2010H2      24,683 rows     22.7s  mean pd 0.0025
  2011H1      24,614 rows     22.7s  mean pd 0.0037
  2011H2      24,646 rows     22.7s  mean pd 0.0027
  2012H1      24,306 rows     22.7s  mean pd 0.0051
  2012H2      24,538 rows     22.7s  mean pd 0.0049
  2013H1      24,341 rows     23.0s  mean pd 0.0055
  2013H2      23,974 rows     22.4s  mean pd 0.0062
  2014H1      24,341 rows     22.6s  mean pd 0.0053
  2014H2      24,213 rows     22.7s  mean pd 0.0044
  2015H1      24,159 rows     22.7s  mean pd 0.0035
  2015H2      24,159 rows     22.7s  mean pd 0.0039
  2016H1      24,632 rows     22.7s  mean pd 0.0038
  2016H2      24,760 rows     23.0s  mean pd 0.0032
  2017H1      24,541 rows     22.7s  mean pd 0.0042
  2017H2      24,680 rows     22.7s  mean pd 0.0040
  2018H1      24,416 rows     22.7s  mean pd 0.0040
  2018H2      24,543 rows     22.8s  mean pd 0.0043
  2019H1      24,752 rows     22.7s  mean pd 0.0039
  2019H2      24,861 rows     22.7s  mean pd 0.0032
  2020H1      24,880 rows     23.1s  mean pd 0.0025
  2020H2      24,919 rows     22.7s  mean pd 0.0021
  2021H1      24,909 rows     22.7s  mean pd 0.0023
  2021H2      24,929 rows     22.7s  mean pd 0.0029
  2022H1      24,889 rows     22.7s  mean pd 0.0036
  2022H2      24,859 rows     22.8s  mean pd 0.0040
  2023H1      24,882 rows     22.7s  mean pd 0.0042
  2023H2      24,866 rows     22.8s  mean pd 0.0040
  repeat 2007H1: largest disagreement 0.00e+00, 0 rows differ
tabpfn/20260913: context 50,000 rows read in 0.8s
  reference   50,000 rows     36.4s  mean pd 0.0061
  2007H1      23,169 rows     22.3s  mean pd 0.0071
  2007H2      24,367 rows     22.7s  mean pd 0.0078
  2008H1      24,660 rows     22.7s  mean pd 0.0048
  2008H2      24,746 rows     22.7s  mean pd 0.0038
  2009H1      24,844 rows     22.7s  mean pd 0.0017
  2009H2      24,709 rows     22.7s  mean pd 0.0025
  2010H1      24,843 rows     22.7s  mean pd 0.0028
  2010H2      24,683 rows     22.7s  mean pd 0.0023
  2011H1      24,614 rows     22.7s  mean pd 0.0032
  2011H2      24,646 rows     23.1s  mean pd 0.0024
  2012H1      24,306 rows     22.7s  mean pd 0.0040
  2012H2      24,538 rows     22.8s  mean pd 0.0038
  2013H1      24,341 rows     22.8s  mean pd 0.0044
  2013H2      23,974 rows     22.8s  mean pd 0.0051
  2014H1      24,341 rows     22.8s  mean pd 0.0045
  2014H2      24,213 rows     22.7s  mean pd 0.0040
  2015H1      24,159 rows     22.7s  mean pd 0.0033
  2015H2      24,159 rows     22.7s  mean pd 0.0036
  2016H1      24,632 rows     22.7s  mean pd 0.0035
  2016H2      24,760 rows     22.8s  mean pd 0.0030
  2017H1      24,541 rows     23.1s  mean pd 0.0038
  2017H2      24,680 rows     22.7s  mean pd 0.0037
  2018H1      24,416 rows     22.7s  mean pd 0.0036
  2018H2      24,543 rows     22.7s  mean pd 0.0038
  2019H1      24,752 rows     22.8s  mean pd 0.0036
  2019H2      24,861 rows     22.8s  mean pd 0.0030
  2020H1      24,880 rows     22.9s  mean pd 0.0024
  2020H2      24,919 rows     22.8s  mean pd 0.0020
  2021H1      24,909 rows     22.7s  mean pd 0.0023
  2021H2      24,929 rows     22.7s  mean pd 0.0028
  2022H1      24,889 rows     22.8s  mean pd 0.0034
  2022H2      24,859 rows     22.7s  mean pd 0.0035
  2023H1      24,882 rows     22.7s  mean pd 0.0035
  2023H2      24,866 rows     22.7s  mean pd 0.0033
  repeat 2007H1: largest disagreement 0.00e+00, 0 rows differ

scored rows           : 2,506,890
reference rows        : 150,000
wall                  : 2512s

### tabicl@2026-09-14-fm-2002h2e-bundle-upb-nominal: /home/node/outoftime-node/.venv/bin/python score_context.py 2026-09-14-fm-2002h2e-bundle-upb-nominal --out-dir 2026-09-14-fm-2002h2e-bundle-upb-nominal-scored-tabicl --models tabicl --chunk 20000
tabicl/20260911: context 50,000 rows read in 2.2s
  reference   50,000 rows     19.5s  mean pd 0.0095
  2003H1      24,276 rows     11.8s  mean pd 0.0053
  2003H2      24,205 rows     11.7s  mean pd 0.0073
  2004H1      24,219 rows     12.0s  mean pd 0.0082
  2004H2      24,090 rows     11.8s  mean pd 0.0099
  2005H1      24,233 rows     11.7s  mean pd 0.0091
  2005H2      24,082 rows     11.8s  mean pd 0.0095
  2006H1      23,280 rows     11.7s  mean pd 0.0109
  2006H2      23,898 rows     11.7s  mean pd 0.0114
  2007H1      23,169 rows     11.7s  mean pd 0.0126
  2007H2      24,367 rows     11.8s  mean pd 0.0131
  2008H1      24,660 rows     11.8s  mean pd 0.0086
  2008H2      24,746 rows     11.8s  mean pd 0.0070
  2009H1      24,844 rows     11.8s  mean pd 0.0041
  2009H2      24,709 rows     11.8s  mean pd 0.0065
  2010H1      24,843 rows     11.8s  mean pd 0.0074
  2010H2      24,683 rows     11.8s  mean pd 0.0065
  2011H1      24,614 rows     11.8s  mean pd 0.0087
  2011H2      24,646 rows     11.8s  mean pd 0.0067
  2012H1      24,306 rows     11.8s  mean pd 0.0124
  2012H2      24,538 rows     12.0s  mean pd 0.0112
  2013H1      24,341 rows     11.8s  mean pd 0.0115
  2013H2      23,974 rows     11.7s  mean pd 0.0119
  2014H1      24,341 rows     11.8s  mean pd 0.0097
  2014H2      24,213 rows     11.8s  mean pd 0.0081
  2015H1      24,159 rows     11.7s  mean pd 0.0067
  2015H2      24,159 rows     11.7s  mean pd 0.0071
  2016H1      24,632 rows     11.8s  mean pd 0.0070
  2016H2      24,760 rows     11.8s  mean pd 0.0067
  2017H1      24,541 rows     12.0s  mean pd 0.0081
  2017H2      24,680 rows     11.8s  mean pd 0.0081
  2018H1      24,416 rows     11.8s  mean pd 0.0083
  2018H2      24,543 rows     11.8s  mean pd 0.0084
  2019H1      24,752 rows     11.8s  mean pd 0.0083
  2019H2      24,861 rows     11.8s  mean pd 0.0074
  2020H1      24,880 rows     11.8s  mean pd 0.0061
  2020H2      24,919 rows     11.8s  mean pd 0.0054
  2021H1      24,909 rows     11.8s  mean pd 0.0058
  2021H2      24,929 rows     12.1s  mean pd 0.0066
  2022H1      24,889 rows     11.8s  mean pd 0.0077
  2022H2      24,859 rows     11.8s  mean pd 0.0085
  2023H1      24,882 rows     11.8s  mean pd 0.0088
  2023H2      24,866 rows     11.8s  mean pd 0.0080
  repeat 2003H1: largest disagreement 0.00e+00, 0 rows differ
tabicl/20260912: context 50,000 rows read in 1.0s
  reference   50,000 rows     18.8s  mean pd 0.0081
  2003H1      24,276 rows     11.8s  mean pd 0.0048
  2003H2      24,205 rows     11.7s  mean pd 0.0064
  2004H1      24,219 rows     11.9s  mean pd 0.0071
  2004H2      24,090 rows     11.8s  mean pd 0.0085
  2005H1      24,233 rows     11.7s  mean pd 0.0078
  2005H2      24,082 rows     11.7s  mean pd 0.0081
  2006H1      23,280 rows     11.7s  mean pd 0.0092
  2006H2      23,898 rows     11.7s  mean pd 0.0096
  2007H1      23,169 rows     11.6s  mean pd 0.0105
  2007H2      24,367 rows     11.8s  mean pd 0.0108
  2008H1      24,660 rows     11.8s  mean pd 0.0070
  2008H2      24,746 rows     12.0s  mean pd 0.0053
  2009H1      24,844 rows     11.8s  mean pd 0.0028
  2009H2      24,709 rows     11.8s  mean pd 0.0042
  2010H1      24,843 rows     11.8s  mean pd 0.0048
  2010H2      24,683 rows     11.8s  mean pd 0.0041
  2011H1      24,614 rows     11.8s  mean pd 0.0055
  2011H2      24,646 rows     11.8s  mean pd 0.0042
  2012H1      24,306 rows     11.8s  mean pd 0.0071
  2012H2      24,538 rows     11.8s  mean pd 0.0066
  2013H1      24,341 rows     11.8s  mean pd 0.0071
  2013H2      23,974 rows     11.7s  mean pd 0.0076
  2014H1      24,341 rows     11.8s  mean pd 0.0065
  2014H2      24,213 rows     11.8s  mean pd 0.0056
  2015H1      24,159 rows     11.9s  mean pd 0.0047
  2015H2      24,159 rows     11.7s  mean pd 0.0051
  2016H1      24,632 rows     11.8s  mean pd 0.0050
  2016H2      24,760 rows     11.8s  mean pd 0.0045
  2017H1      24,541 rows     11.8s  mean pd 0.0053
  2017H2      24,680 rows     11.8s  mean pd 0.0052
  2018H1      24,416 rows     11.8s  mean pd 0.0051
  2018H2      24,543 rows     11.8s  mean pd 0.0052
  2019H1      24,752 rows     11.8s  mean pd 0.0051
  2019H2      24,861 rows     11.8s  mean pd 0.0046
  2020H1      24,880 rows     11.8s  mean pd 0.0039
  2020H2      24,919 rows     11.8s  mean pd 0.0034
  2021H1      24,909 rows     11.8s  mean pd 0.0038
  2021H2      24,929 rows     11.8s  mean pd 0.0045
  2022H1      24,889 rows     11.8s  mean pd 0.0053
  2022H2      24,859 rows     11.8s  mean pd 0.0053
  2023H1      24,882 rows     11.8s  mean pd 0.0051
  2023H2      24,866 rows     11.8s  mean pd 0.0048
  repeat 2003H1: largest disagreement 0.00e+00, 0 rows differ
tabicl/20260913: context 50,000 rows read in 1.1s
  reference   50,000 rows     19.2s  mean pd 0.0112
  2003H1      24,276 rows     11.8s  mean pd 0.0064
  2003H2      24,205 rows     11.7s  mean pd 0.0086
  2004H1      24,219 rows     11.7s  mean pd 0.0095
  2004H2      24,090 rows     11.7s  mean pd 0.0116
  2005H1      24,233 rows     11.8s  mean pd 0.0110
  2005H2      24,082 rows     11.7s  mean pd 0.0113
  2006H1      23,280 rows     11.7s  mean pd 0.0128
  2006H2      23,898 rows     11.7s  mean pd 0.0131
  2007H1      23,169 rows     11.7s  mean pd 0.0142
  2007H2      24,367 rows     11.8s  mean pd 0.0144
  2008H1      24,660 rows     11.8s  mean pd 0.0095
  2008H2      24,746 rows     11.8s  mean pd 0.0076
  2009H1      24,844 rows     11.8s  mean pd 0.0042
  2009H2      24,709 rows     11.8s  mean pd 0.0059
  2010H1      24,843 rows     11.8s  mean pd 0.0066
  2010H2      24,683 rows     11.8s  mean pd 0.0055
  2011H1      24,614 rows     11.8s  mean pd 0.0073
  2011H2      24,646 rows     11.8s  mean pd 0.0056
  2012H1      24,306 rows     11.8s  mean pd 0.0093
  2012H2      24,538 rows     11.8s  mean pd 0.0085
  2013H1      24,341 rows     11.8s  mean pd 0.0091
  2013H2      23,974 rows     11.8s  mean pd 0.0098
  2014H1      24,341 rows     11.9s  mean pd 0.0083
  2014H2      24,213 rows     11.9s  mean pd 0.0072
  2015H1      24,159 rows     11.8s  mean pd 0.0061
  2015H2      24,159 rows     11.8s  mean pd 0.0066
  2016H1      24,632 rows     11.8s  mean pd 0.0064
  2016H2      24,760 rows     11.8s  mean pd 0.0059
  2017H1      24,541 rows     11.8s  mean pd 0.0072
  2017H2      24,680 rows     11.8s  mean pd 0.0071
  2018H1      24,416 rows     11.8s  mean pd 0.0070
  2018H2      24,543 rows     11.8s  mean pd 0.0072
  2019H1      24,752 rows     11.8s  mean pd 0.0070
  2019H2      24,861 rows     12.0s  mean pd 0.0062
  2020H1      24,880 rows     12.0s  mean pd 0.0052
  2020H2      24,919 rows     11.9s  mean pd 0.0045
  2021H1      24,909 rows     11.8s  mean pd 0.0052
  2021H2      24,929 rows     11.8s  mean pd 0.0062
  2022H1      24,889 rows     11.8s  mean pd 0.0073
  2022H2      24,859 rows     11.8s  mean pd 0.0073
  2023H1      24,882 rows     11.9s  mean pd 0.0069
  2023H2      24,866 rows     11.8s  mean pd 0.0064
  repeat 2003H1: largest disagreement 0.00e+00, 0 rows differ

scored rows           : 3,083,739
reference rows        : 150,000
wall                  : 1604s

### tabpfn@2026-09-14-fm-2002h2e-bundle-upb-nominal: /home/node/outoftime-node/.venv/bin/python score_context.py 2026-09-14-fm-2002h2e-bundle-upb-nominal --out-dir 2026-09-14-fm-2002h2e-bundle-upb-nominal-scored-tabpfn --models tabpfn --chunk 20000
tabpfn/20260911: context 50,000 rows read in 2.1s
  reference   50,000 rows     37.1s  mean pd 0.0085
  2003H1      24,276 rows     22.8s  mean pd 0.0044
  2003H2      24,205 rows     22.8s  mean pd 0.0061
  2004H1      24,219 rows     22.8s  mean pd 0.0068
  2004H2      24,090 rows     22.5s  mean pd 0.0083
  2005H1      24,233 rows     22.8s  mean pd 0.0076
  2005H2      24,082 rows     22.5s  mean pd 0.0078
  2006H1      23,280 rows     22.5s  mean pd 0.0090
  2006H2      23,898 rows     22.6s  mean pd 0.0096
  2007H1      23,169 rows     22.7s  mean pd 0.0105
  2007H2      24,367 rows     23.1s  mean pd 0.0111
  2008H1      24,660 rows     22.8s  mean pd 0.0065
  2008H2      24,746 rows     23.0s  mean pd 0.0049
  2009H1      24,844 rows     23.0s  mean pd 0.0027
  2009H2      24,709 rows     22.8s  mean pd 0.0055
  2010H1      24,843 rows     22.8s  mean pd 0.0069
  2010H2      24,683 rows     23.0s  mean pd 0.0060
  2011H1      24,614 rows     22.9s  mean pd 0.0092
  2011H2      24,646 rows     22.9s  mean pd 0.0066
  2012H1      24,306 rows     22.9s  mean pd 0.0151
  2012H2      24,538 rows     22.8s  mean pd 0.0139
  2013H1      24,341 rows     23.1s  mean pd 0.0140
  2013H2      23,974 rows     22.7s  mean pd 0.0141
  2014H1      24,341 rows     23.0s  mean pd 0.0103
  2014H2      24,213 rows     23.0s  mean pd 0.0074
  2015H1      24,159 rows     22.9s  mean pd 0.0056
  2015H2      24,159 rows     22.7s  mean pd 0.0059
  2016H1      24,632 rows     22.8s  mean pd 0.0054
  2016H2      24,760 rows     22.6s  mean pd 0.0043
  2017H1      24,541 rows     22.7s  mean pd 0.0057
  2017H2      24,680 rows     22.7s  mean pd 0.0051
  2018H1      24,416 rows     22.7s  mean pd 0.0050
  2018H2      24,543 rows     23.1s  mean pd 0.0051
  2019H1      24,752 rows     23.0s  mean pd 0.0048
  2019H2      24,861 rows     22.8s  mean pd 0.0041
  2020H1      24,880 rows     22.7s  mean pd 0.0033
  2020H2      24,919 rows     23.7s  mean pd 0.0027
  2021H1      24,909 rows     22.9s  mean pd 0.0031
  2021H2      24,929 rows     22.8s  mean pd 0.0037
  2022H1      24,889 rows     22.7s  mean pd 0.0045
  2022H2      24,859 rows     22.7s  mean pd 0.0046
  2023H1      24,882 rows     22.7s  mean pd 0.0047
  2023H2      24,866 rows     22.7s  mean pd 0.0044
  repeat 2003H1: largest disagreement 0.00e+00, 0 rows differ
tabpfn/20260912: context 50,000 rows read in 0.8s
  reference   50,000 rows     36.1s  mean pd 0.0083
  2003H1      24,276 rows     23.1s  mean pd 0.0045
  2003H2      24,205 rows     22.9s  mean pd 0.0062
  2004H1      24,219 rows     22.8s  mean pd 0.0069
  2004H2      24,090 rows     22.4s  mean pd 0.0083
  2005H1      24,233 rows     22.8s  mean pd 0.0077
  2005H2      24,082 rows     22.9s  mean pd 0.0079
  2006H1      23,280 rows     22.6s  mean pd 0.0090
  2006H2      23,898 rows     22.6s  mean pd 0.0094
  2007H1      23,169 rows     22.4s  mean pd 0.0102
  2007H2      24,367 rows     23.0s  mean pd 0.0107
  2008H1      24,660 rows     22.9s  mean pd 0.0064
  2008H2      24,746 rows     22.8s  mean pd 0.0048
  2009H1      24,844 rows     22.8s  mean pd 0.0024
  2009H2      24,709 rows     22.9s  mean pd 0.0043
  2010H1      24,843 rows     22.9s  mean pd 0.0051
  2010H2      24,683 rows     22.9s  mean pd 0.0043
  2011H1      24,614 rows     22.9s  mean pd 0.0064
  2011H2      24,646 rows     22.9s  mean pd 0.0047
  2012H1      24,306 rows     23.0s  mean pd 0.0098
  2012H2      24,538 rows     22.7s  mean pd 0.0091
  2013H1      24,341 rows     23.3s  mean pd 0.0095
  2013H2      23,974 rows     22.6s  mean pd 0.0098
  2014H1      24,341 rows     22.8s  mean pd 0.0076
  2014H2      24,213 rows     22.8s  mean pd 0.0058
  2015H1      24,159 rows     22.8s  mean pd 0.0046
  2015H2      24,159 rows     23.3s  mean pd 0.0050
  2016H1      24,632 rows     23.0s  mean pd 0.0046
  2016H2      24,760 rows     22.9s  mean pd 0.0039
  2017H1      24,541 rows     22.9s  mean pd 0.0049
  2017H2      24,680 rows     22.8s  mean pd 0.0046
  2018H1      24,416 rows     22.8s  mean pd 0.0045
  2018H2      24,543 rows     22.9s  mean pd 0.0046
  2019H1      24,752 rows     23.2s  mean pd 0.0043
  2019H2      24,861 rows     22.9s  mean pd 0.0037
  2020H1      24,880 rows     22.9s  mean pd 0.0030
  2020H2      24,919 rows     22.9s  mean pd 0.0024
  2021H1      24,909 rows     22.8s  mean pd 0.0029
  2021H2      24,929 rows     22.9s  mean pd 0.0036
  2022H1      24,889 rows     22.9s  mean pd 0.0043
  2022H2      24,859 rows     22.9s  mean pd 0.0042
  2023H1      24,882 rows     22.9s  mean pd 0.0040
  2023H2      24,866 rows     22.9s  mean pd 0.0038
  repeat 2003H1: largest disagreement 0.00e+00, 0 rows differ
tabpfn/20260913: context 50,000 rows read in 0.9s
  reference   50,000 rows     36.2s  mean pd 0.0085
  2003H1      24,276 rows     22.8s  mean pd 0.0047
  2003H2      24,205 rows     22.7s  mean pd 0.0063
  2004H1      24,219 rows     23.1s  mean pd 0.0070
  2004H2      24,090 rows     22.6s  mean pd 0.0085
  2005H1      24,233 rows     22.8s  mean pd 0.0080
  2005H2      24,082 rows     22.5s  mean pd 0.0082
  2006H1      23,280 rows     22.8s  mean pd 0.0093
  2006H2      23,898 rows     22.8s  mean pd 0.0098
  2007H1      23,169 rows     22.7s  mean pd 0.0106
  2007H2      24,367 rows     23.0s  mean pd 0.0111
  2008H1      24,660 rows     22.8s  mean pd 0.0068
  2008H2      24,746 rows     22.8s  mean pd 0.0051
  2009H1      24,844 rows     22.8s  mean pd 0.0027
  2009H2      24,709 rows     22.8s  mean pd 0.0044
  2010H1      24,843 rows     22.8s  mean pd 0.0052
  2010H2      24,683 rows     23.4s  mean pd 0.0043
  2011H1      24,614 rows     23.2s  mean pd 0.0061
  2011H2      24,646 rows     22.7s  mean pd 0.0046
  2012H1      24,306 rows     22.7s  mean pd 0.0089
  2012H2      24,538 rows     22.7s  mean pd 0.0082
  2013H1      24,341 rows     22.9s  mean pd 0.0087
  2013H2      23,974 rows     22.6s  mean pd 0.0094
  2014H1      24,341 rows     23.0s  mean pd 0.0075
  2014H2      24,213 rows     22.8s  mean pd 0.0060
  2015H1      24,159 rows     22.8s  mean pd 0.0049
  2015H2      24,159 rows     22.8s  mean pd 0.0052
  2016H1      24,632 rows     22.8s  mean pd 0.0050
  2016H2      24,760 rows     23.2s  mean pd 0.0043
  2017H1      24,541 rows     22.8s  mean pd 0.0053
  2017H2      24,680 rows     23.0s  mean pd 0.0050
  2018H1      24,416 rows     22.9s  mean pd 0.0049
  2018H2      24,543 rows     22.8s  mean pd 0.0050
  2019H1      24,752 rows     22.6s  mean pd 0.0047
  2019H2      24,861 rows     22.7s  mean pd 0.0041
  2020H1      24,880 rows     22.9s  mean pd 0.0035
  2020H2      24,919 rows     22.6s  mean pd 0.0030
  2021H1      24,909 rows     22.7s  mean pd 0.0034
  2021H2      24,929 rows     23.1s  mean pd 0.0041
  2022H1      24,889 rows     22.7s  mean pd 0.0049
  2022H2      24,859 rows     22.7s  mean pd 0.0048
  2023H1      24,882 rows     23.0s  mean pd 0.0046
  2023H2      24,866 rows     22.8s  mean pd 0.0044
  repeat 2003H1: largest disagreement 0.00e+00, 0 rows differ

scored rows           : 3,083,739
reference rows        : 150,000
wall                  : 3077s

### tabicl@2026-09-13-fm-2004h2e-bundle-upb-nominal: /home/node/outoftime-node/.venv/bin/python score_context.py 2026-09-13-fm-2004h2e-bundle-upb-nominal --out-dir 2026-09-13-fm-2004h2e-bundle-upb-nominal-scored-tabicl --models tabicl --chunk 20000
tabicl/20260911: context 50,000 rows read in 2.1s
  reference   50,000 rows     19.5s  mean pd 0.0090
  2005H1      24,233 rows     11.7s  mean pd 0.0073
  2005H2      24,082 rows     11.7s  mean pd 0.0071
  2006H1      23,280 rows     11.8s  mean pd 0.0081
  2006H2      23,898 rows     11.8s  mean pd 0.0084
  2007H1      23,169 rows     11.7s  mean pd 0.0089
  2007H2      24,367 rows     11.8s  mean pd 0.0099
  2008H1      24,660 rows     11.8s  mean pd 0.0063
  2008H2      24,746 rows     11.8s  mean pd 0.0050
  2009H1      24,844 rows     11.8s  mean pd 0.0023
  2009H2      24,709 rows     12.0s  mean pd 0.0032
  2010H1      24,843 rows     11.8s  mean pd 0.0035
  2010H2      24,683 rows     11.8s  mean pd 0.0029
  2011H1      24,614 rows     11.8s  mean pd 0.0038
  2011H2      24,646 rows     11.8s  mean pd 0.0030
  2012H1      24,306 rows     11.8s  mean pd 0.0045
  2012H2      24,538 rows     11.8s  mean pd 0.0043
  2013H1      24,341 rows     11.8s  mean pd 0.0048
  2013H2      23,974 rows     11.7s  mean pd 0.0057
  2014H1      24,341 rows     12.0s  mean pd 0.0053
  2014H2      24,213 rows     11.8s  mean pd 0.0048
  2015H1      24,159 rows     11.7s  mean pd 0.0040
  2015H2      24,159 rows     11.7s  mean pd 0.0045
  2016H1      24,632 rows     11.8s  mean pd 0.0043
  2016H2      24,760 rows     11.8s  mean pd 0.0038
  2017H1      24,541 rows     11.8s  mean pd 0.0046
  2017H2      24,680 rows     11.8s  mean pd 0.0046
  2018H1      24,416 rows     11.8s  mean pd 0.0046
  2018H2      24,543 rows     11.8s  mean pd 0.0048
  2019H1      24,752 rows     11.8s  mean pd 0.0045
  2019H2      24,861 rows     11.8s  mean pd 0.0039
  2020H1      24,880 rows     11.8s  mean pd 0.0032
  2020H2      24,919 rows     11.8s  mean pd 0.0027
  2021H1      24,909 rows     11.8s  mean pd 0.0031
  2021H2      24,929 rows     11.8s  mean pd 0.0037
  2022H1      24,889 rows     11.8s  mean pd 0.0044
  2022H2      24,859 rows     11.8s  mean pd 0.0046
  2023H1      24,882 rows     11.9s  mean pd 0.0045
  2023H2      24,866 rows     12.0s  mean pd 0.0041
  repeat 2005H1: largest disagreement 0.00e+00, 0 rows differ
tabicl/20260912: context 50,000 rows read in 1.0s
  reference   50,000 rows     18.8s  mean pd 0.0081
  2005H1      24,233 rows     11.7s  mean pd 0.0064
  2005H2      24,082 rows     11.7s  mean pd 0.0063
  2006H1      23,280 rows     11.7s  mean pd 0.0072
  2006H2      23,898 rows     11.7s  mean pd 0.0078
  2007H1      23,169 rows     11.7s  mean pd 0.0084
  2007H2      24,367 rows     11.8s  mean pd 0.0095
  2008H1      24,660 rows     11.8s  mean pd 0.0056
  2008H2      24,746 rows     11.8s  mean pd 0.0042
  2009H1      24,844 rows     11.8s  mean pd 0.0018
  2009H2      24,709 rows     11.8s  mean pd 0.0026
  2010H1      24,843 rows     11.8s  mean pd 0.0030
  2010H2      24,683 rows     11.8s  mean pd 0.0024
  2011H1      24,614 rows     11.8s  mean pd 0.0033
  2011H2      24,646 rows     11.8s  mean pd 0.0025
  2012H1      24,306 rows     11.8s  mean pd 0.0041
  2012H2      24,538 rows     11.8s  mean pd 0.0039
  2013H1      24,341 rows     11.8s  mean pd 0.0044
  2013H2      23,974 rows     11.7s  mean pd 0.0052
  2014H1      24,341 rows     11.8s  mean pd 0.0047
  2014H2      24,213 rows     11.7s  mean pd 0.0041
  2015H1      24,159 rows     11.7s  mean pd 0.0034
  2015H2      24,159 rows     11.7s  mean pd 0.0038
  2016H1      24,632 rows     11.8s  mean pd 0.0036
  2016H2      24,760 rows     11.8s  mean pd 0.0031
  2017H1      24,541 rows     11.8s  mean pd 0.0039
  2017H2      24,680 rows     11.8s  mean pd 0.0038
  2018H1      24,416 rows     11.8s  mean pd 0.0038
  2018H2      24,543 rows     11.8s  mean pd 0.0041
  2019H1      24,752 rows     11.8s  mean pd 0.0038
  2019H2      24,861 rows     11.8s  mean pd 0.0032
  2020H1      24,880 rows     11.8s  mean pd 0.0026
  2020H2      24,919 rows     11.8s  mean pd 0.0022
  2021H1      24,909 rows     11.8s  mean pd 0.0024
  2021H2      24,929 rows     11.8s  mean pd 0.0029
  2022H1      24,889 rows     11.8s  mean pd 0.0036
  2022H2      24,859 rows     11.8s  mean pd 0.0040
  2023H1      24,882 rows     11.8s  mean pd 0.0040
  2023H2      24,866 rows     11.8s  mean pd 0.0037
  repeat 2005H1: largest disagreement 0.00e+00, 0 rows differ
tabicl/20260913: context 50,000 rows read in 1.0s
  reference   50,000 rows     18.9s  mean pd 0.0081
  2005H1      24,233 rows     11.8s  mean pd 0.0069
  2005H2      24,082 rows     11.9s  mean pd 0.0069
  2006H1      23,280 rows     11.7s  mean pd 0.0080
  2006H2      23,898 rows     11.7s  mean pd 0.0087
  2007H1      23,169 rows     11.7s  mean pd 0.0092
  2007H2      24,367 rows     11.8s  mean pd 0.0100
  2008H1      24,660 rows     11.8s  mean pd 0.0060
  2008H2      24,746 rows     11.8s  mean pd 0.0046
  2009H1      24,844 rows     11.8s  mean pd 0.0025
  2009H2      24,709 rows     11.8s  mean pd 0.0042
  2010H1      24,843 rows     11.8s  mean pd 0.0050
  2010H2      24,683 rows     11.8s  mean pd 0.0042
  2011H1      24,614 rows     11.8s  mean pd 0.0060
  2011H2      24,646 rows     11.8s  mean pd 0.0045
  2012H1      24,306 rows     11.8s  mean pd 0.0086
  2012H2      24,538 rows     11.8s  mean pd 0.0078
  2013H1      24,341 rows     11.8s  mean pd 0.0081
  2013H2      23,974 rows     11.7s  mean pd 0.0085
  2014H1      24,341 rows     11.8s  mean pd 0.0068
  2014H2      24,213 rows     11.7s  mean pd 0.0056
  2015H1      24,159 rows     11.7s  mean pd 0.0046
  2015H2      24,159 rows     11.7s  mean pd 0.0049
  2016H1      24,632 rows     11.8s  mean pd 0.0046
  2016H2      24,760 rows     11.8s  mean pd 0.0040
  2017H1      24,541 rows     11.8s  mean pd 0.0050
  2017H2      24,680 rows     11.8s  mean pd 0.0048
  2018H1      24,416 rows     11.9s  mean pd 0.0049
  2018H2      24,543 rows     11.8s  mean pd 0.0051
  2019H1      24,752 rows     11.8s  mean pd 0.0049
  2019H2      24,861 rows     11.8s  mean pd 0.0043
  2020H1      24,880 rows     11.8s  mean pd 0.0036
  2020H2      24,919 rows     11.8s  mean pd 0.0032
  2021H1      24,909 rows     11.8s  mean pd 0.0035
  2021H2      24,929 rows     11.8s  mean pd 0.0042
  2022H1      24,889 rows     11.8s  mean pd 0.0050
  2022H2      24,859 rows     11.9s  mean pd 0.0056
  2023H1      24,882 rows     12.1s  mean pd 0.0058
  2023H2      24,866 rows     12.0s  mean pd 0.0054
  repeat 2005H1: largest disagreement 0.00e+00, 0 rows differ

scored rows           : 2,793,369
reference rows        : 150,000
wall                  : 1458s

### tabpfn@2026-09-13-fm-2004h2e-bundle-upb-nominal: /home/node/outoftime-node/.venv/bin/python score_context.py 2026-09-13-fm-2004h2e-bundle-upb-nominal --out-dir 2026-09-13-fm-2004h2e-bundle-upb-nominal-scored-tabpfn --models tabpfn --chunk 20000
tabpfn/20260911: context 50,000 rows read in 2.1s
  reference   50,000 rows     36.7s  mean pd 0.0089
  2005H1      24,233 rows     22.7s  mean pd 0.0073
  2005H2      24,082 rows     22.5s  mean pd 0.0072
  2006H1      23,280 rows     22.3s  mean pd 0.0081
  2006H2      23,898 rows     22.3s  mean pd 0.0085
  2007H1      23,169 rows     22.4s  mean pd 0.0091
  2007H2      24,367 rows     22.8s  mean pd 0.0102
  2008H1      24,660 rows     22.8s  mean pd 0.0063
  2008H2      24,746 rows     22.8s  mean pd 0.0048
  2009H1      24,844 rows     22.8s  mean pd 0.0022
  2009H2      24,709 rows     22.8s  mean pd 0.0030
  2010H1      24,843 rows     23.2s  mean pd 0.0034
  2010H2      24,683 rows     23.0s  mean pd 0.0027
  2011H1      24,614 rows     22.8s  mean pd 0.0038
  2011H2      24,646 rows     22.8s  mean pd 0.0029
  2012H1      24,306 rows     22.8s  mean pd 0.0046
  2012H2      24,538 rows     23.1s  mean pd 0.0045
  2013H1      24,341 rows     22.7s  mean pd 0.0051
  2013H2      23,974 rows     22.4s  mean pd 0.0059
  2014H1      24,341 rows     22.6s  mean pd 0.0053
  2014H2      24,213 rows     22.6s  mean pd 0.0047
  2015H1      24,159 rows     22.7s  mean pd 0.0039
  2015H2      24,159 rows     22.8s  mean pd 0.0044
  2016H1      24,632 rows     22.6s  mean pd 0.0042
  2016H2      24,760 rows     22.6s  mean pd 0.0036
  2017H1      24,541 rows     22.7s  mean pd 0.0046
  2017H2      24,680 rows     22.5s  mean pd 0.0045
  2018H1      24,416 rows     22.9s  mean pd 0.0044
  2018H2      24,543 rows     22.8s  mean pd 0.0047
  2019H1      24,752 rows     22.8s  mean pd 0.0043
  2019H2      24,861 rows     22.8s  mean pd 0.0036
  2020H1      24,880 rows     22.9s  mean pd 0.0029
  2020H2      24,919 rows     22.9s  mean pd 0.0024
  2021H1      24,909 rows     23.1s  mean pd 0.0028
  2021H2      24,929 rows     22.8s  mean pd 0.0034
  2022H1      24,889 rows     22.8s  mean pd 0.0041
  2022H2      24,859 rows     22.5s  mean pd 0.0042
  2023H1      24,882 rows     22.6s  mean pd 0.0041
  2023H2      24,866 rows     22.6s  mean pd 0.0038
  repeat 2005H1: largest disagreement 0.00e+00, 0 rows differ
tabpfn/20260912: context 50,000 rows read in 0.8s
  reference   50,000 rows     36.3s  mean pd 0.0084
  2005H1      24,233 rows     22.9s  mean pd 0.0065
  2005H2      24,082 rows     22.6s  mean pd 0.0064
  2006H1      23,280 rows     22.4s  mean pd 0.0072
  2006H2      23,898 rows     22.8s  mean pd 0.0077
  2007H1      23,169 rows     22.6s  mean pd 0.0084
  2007H2      24,367 rows     22.8s  mean pd 0.0095
  2008H1      24,660 rows     22.8s  mean pd 0.0057
  2008H2      24,746 rows     22.7s  mean pd 0.0043
  2009H1      24,844 rows     22.7s  mean pd 0.0018
  2009H2      24,709 rows     22.6s  mean pd 0.0026
  2010H1      24,843 rows     22.7s  mean pd 0.0030
  2010H2      24,683 rows     22.7s  mean pd 0.0024
  2011H1      24,614 rows     22.7s  mean pd 0.0034
  2011H2      24,646 rows     22.6s  mean pd 0.0025
  2012H1      24,306 rows     23.1s  mean pd 0.0044
  2012H2      24,538 rows     22.8s  mean pd 0.0043
  2013H1      24,341 rows     22.7s  mean pd 0.0048
  2013H2      23,974 rows     22.6s  mean pd 0.0056
  2014H1      24,341 rows     22.9s  mean pd 0.0050
  2014H2      24,213 rows     22.8s  mean pd 0.0043
  2015H1      24,159 rows     22.8s  mean pd 0.0035
  2015H2      24,159 rows     22.7s  mean pd 0.0039
  2016H1      24,632 rows     23.1s  mean pd 0.0037
  2016H2      24,760 rows     23.0s  mean pd 0.0032
  2017H1      24,541 rows     23.0s  mean pd 0.0041
  2017H2      24,680 rows     22.8s  mean pd 0.0040
  2018H1      24,416 rows     22.8s  mean pd 0.0040
  2018H2      24,543 rows     22.8s  mean pd 0.0042
  2019H1      24,752 rows     22.8s  mean pd 0.0039
  2019H2      24,861 rows     22.8s  mean pd 0.0032
  2020H1      24,880 rows     22.7s  mean pd 0.0025
  2020H2      24,919 rows     23.2s  mean pd 0.0021
  2021H1      24,909 rows     22.7s  mean pd 0.0023
  2021H2      24,929 rows     22.6s  mean pd 0.0029
  2022H1      24,889 rows     23.0s  mean pd 0.0035
  2022H2      24,859 rows     22.7s  mean pd 0.0038
  2023H1      24,882 rows     23.0s  mean pd 0.0038
  2023H2      24,866 rows     23.1s  mean pd 0.0035
  repeat 2005H1: largest disagreement 0.00e+00, 0 rows differ
tabpfn/20260913: context 50,000 rows read in 0.9s
  reference   50,000 rows     36.2s  mean pd 0.0084
  2005H1      24,233 rows     22.8s  mean pd 0.0068
  2005H2      24,082 rows     22.5s  mean pd 0.0068
  2006H1      23,280 rows     22.5s  mean pd 0.0077
  2006H2      23,898 rows     22.5s  mean pd 0.0082
  2007H1      23,169 rows     22.5s  mean pd 0.0087
  2007H2      24,367 rows     22.7s  mean pd 0.0095
  2008H1      24,660 rows     22.9s  mean pd 0.0056
  2008H2      24,746 rows     22.7s  mean pd 0.0042
  2009H1      24,844 rows     22.7s  mean pd 0.0021
  2009H2      24,709 rows     22.7s  mean pd 0.0034
  2010H1      24,843 rows     23.1s  mean pd 0.0041
  2010H2      24,683 rows     22.6s  mean pd 0.0034
  2011H1      24,614 rows     22.6s  mean pd 0.0049
  2011H2      24,646 rows     22.7s  mean pd 0.0037
  2012H1      24,306 rows     22.7s  mean pd 0.0073
  2012H2      24,538 rows     23.1s  mean pd 0.0066
  2013H1      24,341 rows     22.9s  mean pd 0.0069
  2013H2      23,974 rows     22.3s  mean pd 0.0074
  2014H1      24,341 rows     22.7s  mean pd 0.0059
  2014H2      24,213 rows     22.8s  mean pd 0.0048
  2015H1      24,159 rows     22.9s  mean pd 0.0038
  2015H2      24,159 rows     22.7s  mean pd 0.0042
  2016H1      24,632 rows     22.6s  mean pd 0.0039
  2016H2      24,760 rows     22.7s  mean pd 0.0033
  2017H1      24,541 rows     23.0s  mean pd 0.0043
  2017H2      24,680 rows     22.6s  mean pd 0.0041
  2018H1      24,416 rows     22.7s  mean pd 0.0041
  2018H2      24,543 rows     22.8s  mean pd 0.0043
  2019H1      24,752 rows     22.6s  mean pd 0.0040
  2019H2      24,861 rows     23.0s  mean pd 0.0034
  2020H1      24,880 rows     22.9s  mean pd 0.0027
  2020H2      24,919 rows     22.8s  mean pd 0.0023
  2021H1      24,909 rows     22.6s  mean pd 0.0026
  2021H2      24,929 rows     23.1s  mean pd 0.0032
  2022H1      24,889 rows     23.0s  mean pd 0.0038
  2022H2      24,859 rows     22.7s  mean pd 0.0042
  2023H1      24,882 rows     23.1s  mean pd 0.0042
  2023H2      24,866 rows     22.7s  mean pd 0.0039
  repeat 2005H1: largest disagreement 0.00e+00, 0 rows differ

scored rows           : 2,793,369
reference rows        : 150,000
wall                  : 2793s

### tabicl@2026-09-14-fm-2008h2e-bundle-upb-nominal: /home/node/outoftime-node/.venv/bin/python score_context.py 2026-09-14-fm-2008h2e-bundle-upb-nominal --out-dir 2026-09-14-fm-2008h2e-bundle-upb-nominal-scored-tabicl --models tabicl --chunk 20000
tabicl/20260911: context 50,000 rows read in 2.1s
  reference   50,000 rows     19.4s  mean pd 0.0072
  2009H1      24,844 rows     12.0s  mean pd 0.0021
  2009H2      24,709 rows     11.9s  mean pd 0.0032
  2010H1      24,843 rows     11.8s  mean pd 0.0037
  2010H2      24,683 rows     11.8s  mean pd 0.0029
  2011H1      24,614 rows     12.0s  mean pd 0.0041
  2011H2      24,646 rows     11.8s  mean pd 0.0030
  2012H1      24,306 rows     11.7s  mean pd 0.0049
  2012H2      24,538 rows     11.8s  mean pd 0.0047
  2013H1      24,341 rows     11.8s  mean pd 0.0052
  2013H2      23,974 rows     11.7s  mean pd 0.0062
  2014H1      24,341 rows     11.8s  mean pd 0.0056
  2014H2      24,213 rows     11.8s  mean pd 0.0049
  2015H1      24,159 rows     11.7s  mean pd 0.0041
  2015H2      24,159 rows     12.0s  mean pd 0.0046
  2016H1      24,632 rows     11.8s  mean pd 0.0044
  2016H2      24,760 rows     11.8s  mean pd 0.0039
  2017H1      24,541 rows     11.8s  mean pd 0.0049
  2017H2      24,680 rows     11.8s  mean pd 0.0048
  2018H1      24,416 rows     11.8s  mean pd 0.0048
  2018H2      24,543 rows     11.8s  mean pd 0.0050
  2019H1      24,752 rows     11.8s  mean pd 0.0047
  2019H2      24,861 rows     11.8s  mean pd 0.0039
  2020H1      24,880 rows     11.8s  mean pd 0.0032
  2020H2      24,919 rows     11.8s  mean pd 0.0027
  2021H1      24,909 rows     11.8s  mean pd 0.0031
  2021H2      24,929 rows     11.8s  mean pd 0.0038
  2022H1      24,889 rows     11.8s  mean pd 0.0046
  2022H2      24,859 rows     11.8s  mean pd 0.0049
  2023H1      24,882 rows     11.8s  mean pd 0.0049
  2023H2      24,866 rows     11.8s  mean pd 0.0046
  repeat 2009H1: largest disagreement 0.00e+00, 0 rows differ
tabicl/20260912: context 50,000 rows read in 1.0s
  reference   50,000 rows     18.9s  mean pd 0.0086
  2009H1      24,844 rows     11.8s  mean pd 0.0028
  2009H2      24,709 rows     12.1s  mean pd 0.0042
  2010H1      24,843 rows     11.9s  mean pd 0.0047
  2010H2      24,683 rows     11.8s  mean pd 0.0039
  2011H1      24,614 rows     11.8s  mean pd 0.0054
  2011H2      24,646 rows     11.8s  mean pd 0.0041
  2012H1      24,306 rows     11.8s  mean pd 0.0072
  2012H2      24,538 rows     11.8s  mean pd 0.0066
  2013H1      24,341 rows     11.8s  mean pd 0.0069
  2013H2      23,974 rows     11.7s  mean pd 0.0077
  2014H1      24,341 rows     11.8s  mean pd 0.0067
  2014H2      24,213 rows     11.7s  mean pd 0.0058
  2015H1      24,159 rows     11.7s  mean pd 0.0048
  2015H2      24,159 rows     11.7s  mean pd 0.0054
  2016H1      24,632 rows     11.8s  mean pd 0.0052
  2016H2      24,760 rows     11.8s  mean pd 0.0047
  2017H1      24,541 rows     11.8s  mean pd 0.0057
  2017H2      24,680 rows     11.8s  mean pd 0.0057
  2018H1      24,416 rows     11.8s  mean pd 0.0058
  2018H2      24,543 rows     11.8s  mean pd 0.0060
  2019H1      24,752 rows     11.8s  mean pd 0.0057
  2019H2      24,861 rows     11.9s  mean pd 0.0048
  2020H1      24,880 rows     11.8s  mean pd 0.0038
  2020H2      24,919 rows     11.8s  mean pd 0.0032
  2021H1      24,909 rows     11.8s  mean pd 0.0036
  2021H2      24,929 rows     11.8s  mean pd 0.0043
  2022H1      24,889 rows     11.8s  mean pd 0.0050
  2022H2      24,859 rows     11.8s  mean pd 0.0055
  2023H1      24,882 rows     11.8s  mean pd 0.0057
  2023H2      24,866 rows     11.8s  mean pd 0.0054
  repeat 2009H1: largest disagreement 0.00e+00, 0 rows differ
tabicl/20260913: context 50,000 rows read in 1.0s
  reference   50,000 rows     18.8s  mean pd 0.0072
  2009H1      24,844 rows     11.8s  mean pd 0.0023
  2009H2      24,709 rows     11.8s  mean pd 0.0035
  2010H1      24,843 rows     11.8s  mean pd 0.0040
  2010H2      24,683 rows     11.8s  mean pd 0.0032
  2011H1      24,614 rows     11.8s  mean pd 0.0047
  2011H2      24,646 rows     11.8s  mean pd 0.0036
  2012H1      24,306 rows     11.8s  mean pd 0.0063
  2012H2      24,538 rows     11.8s  mean pd 0.0060
  2013H1      24,341 rows     11.8s  mean pd 0.0065
  2013H2      23,974 rows     11.7s  mean pd 0.0074
  2014H1      24,341 rows     11.8s  mean pd 0.0066
  2014H2      24,213 rows     11.8s  mean pd 0.0058
  2015H1      24,159 rows     11.7s  mean pd 0.0049
  2015H2      24,159 rows     11.7s  mean pd 0.0055
  2016H1      24,632 rows     11.8s  mean pd 0.0054
  2016H2      24,760 rows     11.8s  mean pd 0.0049
  2017H1      24,541 rows     11.8s  mean pd 0.0061
  2017H2      24,680 rows     11.8s  mean pd 0.0060
  2018H1      24,416 rows     11.8s  mean pd 0.0063
  2018H2      24,543 rows     11.8s  mean pd 0.0066
  2019H1      24,752 rows     11.8s  mean pd 0.0063
  2019H2      24,861 rows     11.8s  mean pd 0.0052
  2020H1      24,880 rows     12.0s  mean pd 0.0041
  2020H2      24,919 rows     11.8s  mean pd 0.0036
  2021H1      24,909 rows     11.8s  mean pd 0.0039
  2021H2      24,929 rows     11.8s  mean pd 0.0047
  2022H1      24,889 rows     11.8s  mean pd 0.0058
  2022H2      24,859 rows     11.8s  mean pd 0.0068
  2023H1      24,882 rows     11.8s  mean pd 0.0073
  2023H2      24,866 rows     11.8s  mean pd 0.0067
  repeat 2009H1: largest disagreement 0.00e+00, 0 rows differ

scored rows           : 2,216,064
reference rows        : 150,000
wall                  : 1174s

### tabpfn@2026-09-14-fm-2008h2e-bundle-upb-nominal: /home/node/outoftime-node/.venv/bin/python score_context.py 2026-09-14-fm-2008h2e-bundle-upb-nominal --out-dir 2026-09-14-fm-2008h2e-bundle-upb-nominal-scored-tabpfn --models tabpfn --chunk 20000
tabpfn/20260911: context 50,000 rows read in 2.1s
  reference   50,000 rows     36.9s  mean pd 0.0073
  2009H1      24,844 rows     22.6s  mean pd 0.0022
  2009H2      24,709 rows     22.7s  mean pd 0.0033
  2010H1      24,843 rows     22.8s  mean pd 0.0037
  2010H2      24,683 rows     22.8s  mean pd 0.0029
  2011H1      24,614 rows     22.8s  mean pd 0.0040
  2011H2      24,646 rows     22.6s  mean pd 0.0030
  2012H1      24,306 rows     22.6s  mean pd 0.0047
  2012H2      24,538 rows     22.8s  mean pd 0.0046
  2013H1      24,341 rows     22.7s  mean pd 0.0053
  2013H2      23,974 rows     22.5s  mean pd 0.0063
  2014H1      24,341 rows     22.8s  mean pd 0.0058
  2014H2      24,213 rows     22.7s  mean pd 0.0051
  2015H1      24,159 rows     22.6s  mean pd 0.0043
  2015H2      24,159 rows     22.6s  mean pd 0.0047
  2016H1      24,632 rows     22.6s  mean pd 0.0046
  2016H2      24,760 rows     22.6s  mean pd 0.0041
  2017H1      24,541 rows     22.7s  mean pd 0.0051
  2017H2      24,680 rows     22.8s  mean pd 0.0050
  2018H1      24,416 rows     22.5s  mean pd 0.0050
  2018H2      24,543 rows     22.6s  mean pd 0.0052
  2019H1      24,752 rows     22.9s  mean pd 0.0049
  2019H2      24,861 rows     22.6s  mean pd 0.0042
  2020H1      24,880 rows     22.5s  mean pd 0.0034
  2020H2      24,919 rows     22.6s  mean pd 0.0029
  2021H1      24,909 rows     22.6s  mean pd 0.0033
  2021H2      24,929 rows     22.7s  mean pd 0.0041
  2022H1      24,889 rows     22.8s  mean pd 0.0050
  2022H2      24,859 rows     22.6s  mean pd 0.0052
  2023H1      24,882 rows     22.5s  mean pd 0.0051
  2023H2      24,866 rows     22.6s  mean pd 0.0049
  repeat 2009H1: largest disagreement 0.00e+00, 0 rows differ
tabpfn/20260912: context 50,000 rows read in 0.8s
  reference   50,000 rows     36.0s  mean pd 0.0076
  2009H1      24,844 rows     22.7s  mean pd 0.0024
  2009H2      24,709 rows     22.6s  mean pd 0.0038
  2010H1      24,843 rows     22.6s  mean pd 0.0045
  2010H2      24,683 rows     22.6s  mean pd 0.0038
  2011H1      24,614 rows     22.9s  mean pd 0.0054
  2011H2      24,646 rows     22.6s  mean pd 0.0041
  2012H1      24,306 rows     22.5s  mean pd 0.0076
  2012H2      24,538 rows     22.5s  mean pd 0.0070
  2013H1      24,341 rows     22.5s  mean pd 0.0072
  2013H2      23,974 rows     22.3s  mean pd 0.0077
  2014H1      24,341 rows     22.5s  mean pd 0.0064
  2014H2      24,213 rows     22.6s  mean pd 0.0054
  2015H1      24,159 rows     22.8s  mean pd 0.0045
  2015H2      24,159 rows     23.0s  mean pd 0.0049
  2016H1      24,632 rows     22.7s  mean pd 0.0047
  2016H2      24,760 rows     22.8s  mean pd 0.0042
  2017H1      24,541 rows     22.8s  mean pd 0.0053
  2017H2      24,680 rows     22.8s  mean pd 0.0052
  2018H1      24,416 rows     22.7s  mean pd 0.0054
  2018H2      24,543 rows     22.6s  mean pd 0.0056
  2019H1      24,752 rows     22.6s  mean pd 0.0053
  2019H2      24,861 rows     23.1s  mean pd 0.0045
  2020H1      24,880 rows     22.7s  mean pd 0.0036
  2020H2      24,919 rows     22.8s  mean pd 0.0031
  2021H1      24,909 rows     22.8s  mean pd 0.0034
  2021H2      24,929 rows     22.7s  mean pd 0.0041
  2022H1      24,889 rows     22.7s  mean pd 0.0049
  2022H2      24,859 rows     22.8s  mean pd 0.0055
  2023H1      24,882 rows     22.8s  mean pd 0.0058
  2023H2      24,866 rows     22.8s  mean pd 0.0054
  repeat 2009H1: largest disagreement 0.00e+00, 0 rows differ
tabpfn/20260913: context 50,000 rows read in 0.8s
  reference   50,000 rows     36.4s  mean pd 0.0074
  2009H1      24,844 rows     22.8s  mean pd 0.0022
  2009H2      24,709 rows     22.8s  mean pd 0.0035
  2010H1      24,843 rows     22.8s  mean pd 0.0040
  2010H2      24,683 rows     22.7s  mean pd 0.0033
  2011H1      24,614 rows     22.8s  mean pd 0.0048
  2011H2      24,646 rows     22.5s  mean pd 0.0036
  2012H1      24,306 rows     22.8s  mean pd 0.0069
  2012H2      24,538 rows     22.7s  mean pd 0.0067
  2013H1      24,341 rows     22.7s  mean pd 0.0072
  2013H2      23,974 rows     22.4s  mean pd 0.0081
  2014H1      24,341 rows     22.8s  mean pd 0.0070
  2014H2      24,213 rows     22.7s  mean pd 0.0059
  2015H1      24,159 rows     22.6s  mean pd 0.0049
  2015H2      24,159 rows     22.7s  mean pd 0.0055
  2016H1      24,632 rows     22.9s  mean pd 0.0053
  2016H2      24,760 rows     22.7s  mean pd 0.0048
  2017H1      24,541 rows     22.8s  mean pd 0.0061
  2017H2      24,680 rows     22.7s  mean pd 0.0059
  2018H1      24,416 rows     22.9s  mean pd 0.0061
  2018H2      24,543 rows     22.7s  mean pd 0.0065
  2019H1      24,752 rows     22.7s  mean pd 0.0061
  2019H2      24,861 rows     22.7s  mean pd 0.0051
  2020H1      24,880 rows     22.6s  mean pd 0.0041
  2020H2      24,919 rows     22.7s  mean pd 0.0035
  2021H1      24,909 rows     22.8s  mean pd 0.0038
  2021H2      24,929 rows     22.8s  mean pd 0.0047
  2022H1      24,889 rows     22.7s  mean pd 0.0057
  2022H2      24,859 rows     23.2s  mean pd 0.0066
  2023H1      24,882 rows     22.9s  mean pd 0.0070
  2023H2      24,866 rows     22.8s  mean pd 0.0065
  repeat 2009H1: largest disagreement 0.00e+00, 0 rows differ

scored rows           : 2,216,064
reference rows        : 150,000
wall                  : 2238s

### tabicl@2026-09-14-fm-2010h2e-bundle-upb-nominal: /home/node/outoftime-node/.venv/bin/python score_context.py 2026-09-14-fm-2010h2e-bundle-upb-nominal --out-dir 2026-09-14-fm-2010h2e-bundle-upb-nominal-scored-tabicl --models tabicl --chunk 20000
tabicl/20260911: context 50,000 rows read in 2.1s
  reference   50,000 rows     19.3s  mean pd 0.0125
  2011H1      24,614 rows     11.8s  mean pd 0.0143
  2011H2      24,646 rows     11.8s  mean pd 0.0109
  2012H1      24,306 rows     11.8s  mean pd 0.0201
  2012H2      24,538 rows     11.8s  mean pd 0.0192
  2013H1      24,341 rows     11.8s  mean pd 0.0191
  2013H2      23,974 rows     11.7s  mean pd 0.0197
  2014H1      24,341 rows     11.9s  mean pd 0.0173
  2014H2      24,213 rows     11.7s  mean pd 0.0157
  2015H1      24,159 rows     11.7s  mean pd 0.0146
  2015H2      24,159 rows     11.7s  mean pd 0.0150
  2016H1      24,632 rows     11.8s  mean pd 0.0157
  2016H2      24,760 rows     11.8s  mean pd 0.0157
  2017H1      24,541 rows     11.8s  mean pd 0.0180
  2017H2      24,680 rows     11.8s  mean pd 0.0177
  2018H1      24,416 rows     11.8s  mean pd 0.0188
  2018H2      24,543 rows     11.8s  mean pd 0.0192
  2019H1      24,752 rows     11.8s  mean pd 0.0205
  2019H2      24,861 rows     11.8s  mean pd 0.0199
  2020H1      24,880 rows     11.9s  mean pd 0.0170
  2020H2      24,919 rows     11.8s  mean pd 0.0159
  2021H1      24,909 rows     11.8s  mean pd 0.0170
  2021H2      24,929 rows     11.8s  mean pd 0.0198
  2022H1      24,889 rows     11.8s  mean pd 0.0247
  2022H2      24,859 rows     11.8s  mean pd 0.0281
  2023H1      24,882 rows     11.8s  mean pd 0.0305
  2023H2      24,866 rows     11.8s  mean pd 0.0271
  repeat 2011H1: largest disagreement 0.00e+00, 0 rows differ
tabicl/20260912: context 50,000 rows read in 1.0s
  reference   50,000 rows     18.8s  mean pd 0.0120
  2011H1      24,614 rows     11.8s  mean pd 0.0146
  2011H2      24,646 rows     11.8s  mean pd 0.0114
  2012H1      24,306 rows     11.8s  mean pd 0.0191
  2012H2      24,538 rows     11.8s  mean pd 0.0181
  2013H1      24,341 rows     11.7s  mean pd 0.0184
  2013H2      23,974 rows     11.7s  mean pd 0.0190
  2014H1      24,341 rows     11.7s  mean pd 0.0169
  2014H2      24,213 rows     11.8s  mean pd 0.0156
  2015H1      24,159 rows     11.7s  mean pd 0.0150
  2015H2      24,159 rows     11.7s  mean pd 0.0150
  2016H1      24,632 rows     11.8s  mean pd 0.0158
  2016H2      24,760 rows     11.8s  mean pd 0.0160
  2017H1      24,541 rows     11.8s  mean pd 0.0173
  2017H2      24,680 rows     11.8s  mean pd 0.0170
  2018H1      24,416 rows     11.8s  mean pd 0.0175
  2018H2      24,543 rows     11.8s  mean pd 0.0174
  2019H1      24,752 rows     11.8s  mean pd 0.0196
  2019H2      24,861 rows     11.8s  mean pd 0.0205
  2020H1      24,880 rows     11.8s  mean pd 0.0186
  2020H2      24,919 rows     11.8s  mean pd 0.0178
  2021H1      24,909 rows     12.1s  mean pd 0.0190
  2021H2      24,929 rows     11.9s  mean pd 0.0216
  2022H1      24,889 rows     11.8s  mean pd 0.0260
  2022H2      24,859 rows     11.8s  mean pd 0.0272
  2023H1      24,882 rows     11.8s  mean pd 0.0290
  2023H2      24,866 rows     11.8s  mean pd 0.0257
  repeat 2011H1: largest disagreement 0.00e+00, 0 rows differ
tabicl/20260913: context 50,000 rows read in 1.1s
  reference   50,000 rows     19.1s  mean pd 0.0128
  2011H1      24,614 rows     11.8s  mean pd 0.0128
  2011H2      24,646 rows     11.8s  mean pd 0.0098
  2012H1      24,306 rows     11.7s  mean pd 0.0175
  2012H2      24,538 rows     11.8s  mean pd 0.0169
  2013H1      24,341 rows     11.7s  mean pd 0.0174
  2013H2      23,974 rows     11.7s  mean pd 0.0186
  2014H1      24,341 rows     11.8s  mean pd 0.0169
  2014H2      24,213 rows     11.7s  mean pd 0.0155
  2015H1      24,159 rows     11.7s  mean pd 0.0143
  2015H2      24,159 rows     12.0s  mean pd 0.0153
  2016H1      24,632 rows     12.0s  mean pd 0.0158
  2016H2      24,760 rows     11.8s  mean pd 0.0158
  2017H1      24,541 rows     11.8s  mean pd 0.0187
  2017H2      24,680 rows     11.8s  mean pd 0.0184
  2018H1      24,416 rows     11.8s  mean pd 0.0194
  2018H2      24,543 rows     11.8s  mean pd 0.0200
  2019H1      24,752 rows     11.8s  mean pd 0.0207
  2019H2      24,861 rows     11.8s  mean pd 0.0190
  2020H1      24,880 rows     11.8s  mean pd 0.0159
  2020H2      24,919 rows     11.9s  mean pd 0.0144
  2021H1      24,909 rows     11.8s  mean pd 0.0160
  2021H2      24,929 rows     11.8s  mean pd 0.0192
  2022H1      24,889 rows     11.8s  mean pd 0.0246
  2022H2      24,859 rows     11.8s  mean pd 0.0277
  2023H1      24,882 rows     11.8s  mean pd 0.0305
  2023H2      24,866 rows     11.8s  mean pd 0.0271
  repeat 2011H1: largest disagreement 0.00e+00, 0 rows differ

scored rows           : 1,918,827
reference rows        : 150,000
wall                  : 1030s

### tabpfn@2026-09-14-fm-2010h2e-bundle-upb-nominal: /home/node/outoftime-node/.venv/bin/python score_context.py 2026-09-14-fm-2010h2e-bundle-upb-nominal --out-dir 2026-09-14-fm-2010h2e-bundle-upb-nominal-scored-tabpfn --models tabpfn --chunk 20000
tabpfn/20260911: context 50,000 rows read in 2.2s
  reference   50,000 rows     37.1s  mean pd 0.0125
  2011H1      24,614 rows     22.5s  mean pd 0.0154
  2011H2      24,646 rows     22.6s  mean pd 0.0118
  2012H1      24,306 rows     22.6s  mean pd 0.0227
  2012H2      24,538 rows     22.6s  mean pd 0.0215
  2013H1      24,341 rows     22.8s  mean pd 0.0211
  2013H2      23,974 rows     22.3s  mean pd 0.0212
  2014H1      24,341 rows     22.5s  mean pd 0.0180
  2014H2      24,213 rows     23.0s  mean pd 0.0160
  2015H1      24,159 rows     22.8s  mean pd 0.0150
  2015H2      24,159 rows     22.8s  mean pd 0.0153
  2016H1      24,632 rows     22.8s  mean pd 0.0161
  2016H2      24,760 rows     22.7s  mean pd 0.0161
  2017H1      24,541 rows     22.5s  mean pd 0.0185
  2017H2      24,680 rows     22.7s  mean pd 0.0182
  2018H1      24,416 rows     22.8s  mean pd 0.0193
  2018H2      24,543 rows     22.8s  mean pd 0.0196
  2019H1      24,752 rows     22.6s  mean pd 0.0211
  2019H2      24,861 rows     22.5s  mean pd 0.0207
  2020H1      24,880 rows     22.5s  mean pd 0.0180
  2020H2      24,919 rows     22.7s  mean pd 0.0170
  2021H1      24,909 rows     22.5s  mean pd 0.0182
  2021H2      24,929 rows     22.8s  mean pd 0.0211
  2022H1      24,889 rows     22.7s  mean pd 0.0264
  2022H2      24,859 rows     22.7s  mean pd 0.0299
  2023H1      24,882 rows     22.7s  mean pd 0.0325
  2023H2      24,866 rows     22.6s  mean pd 0.0288
  repeat 2011H1: largest disagreement 0.00e+00, 0 rows differ
tabpfn/20260912: context 50,000 rows read in 0.9s
  reference   50,000 rows     36.2s  mean pd 0.0120
  2011H1      24,614 rows     22.6s  mean pd 0.0148
  2011H2      24,646 rows     22.6s  mean pd 0.0118
  2012H1      24,306 rows     23.0s  mean pd 0.0198
  2012H2      24,538 rows     23.0s  mean pd 0.0188
  2013H1      24,341 rows     22.9s  mean pd 0.0192
  2013H2      23,974 rows     22.5s  mean pd 0.0198
  2014H1      24,341 rows     22.7s  mean pd 0.0174
  2014H2      24,213 rows     22.7s  mean pd 0.0160
  2015H1      24,159 rows     22.7s  mean pd 0.0155
  2015H2      24,159 rows     22.6s  mean pd 0.0156
  2016H1      24,632 rows     22.6s  mean pd 0.0165
  2016H2      24,760 rows     22.7s  mean pd 0.0167
  2017H1      24,541 rows     22.8s  mean pd 0.0186
  2017H2      24,680 rows     22.7s  mean pd 0.0184
  2018H1      24,416 rows     23.1s  mean pd 0.0191
  2018H2      24,543 rows     22.8s  mean pd 0.0189
  2019H1      24,752 rows     22.8s  mean pd 0.0213
  2019H2      24,861 rows     22.7s  mean pd 0.0221
  2020H1      24,880 rows     22.7s  mean pd 0.0201
  2020H2      24,919 rows     23.0s  mean pd 0.0192
  2021H1      24,909 rows     22.6s  mean pd 0.0204
  2021H2      24,929 rows     23.1s  mean pd 0.0232
  2022H1      24,889 rows     22.8s  mean pd 0.0280
  2022H2      24,859 rows     22.8s  mean pd 0.0301
  2023H1      24,882 rows     23.0s  mean pd 0.0318
  2023H2      24,866 rows     22.8s  mean pd 0.0282
  repeat 2011H1: largest disagreement 0.00e+00, 0 rows differ
tabpfn/20260913: context 50,000 rows read in 0.9s
  reference   50,000 rows     36.4s  mean pd 0.0127
  2011H1      24,614 rows     22.9s  mean pd 0.0111
  2011H2      24,646 rows     23.0s  mean pd 0.0086
  2012H1      24,306 rows     23.2s  mean pd 0.0153
  2012H2      24,538 rows     22.8s  mean pd 0.0151
  2013H1      24,341 rows     22.8s  mean pd 0.0158
  2013H2      23,974 rows     22.4s  mean pd 0.0172
  2014H1      24,341 rows     22.8s  mean pd 0.0159
  2014H2      24,213 rows     22.7s  mean pd 0.0147
  2015H1      24,159 rows     22.7s  mean pd 0.0136
  2015H2      24,159 rows     22.8s  mean pd 0.0145
  2016H1      24,632 rows     22.8s  mean pd 0.0152
  2016H2      24,760 rows     22.6s  mean pd 0.0151
  2017H1      24,541 rows     22.8s  mean pd 0.0177
  2017H2      24,680 rows     22.7s  mean pd 0.0175
  2018H1      24,416 rows     22.6s  mean pd 0.0182
  2018H2      24,543 rows     22.7s  mean pd 0.0187
  2019H1      24,752 rows     23.0s  mean pd 0.0194
  2019H2      24,861 rows     22.6s  mean pd 0.0180
  2020H1      24,880 rows     22.8s  mean pd 0.0151
  2020H2      24,919 rows     22.6s  mean pd 0.0137
  2021H1      24,909 rows     23.1s  mean pd 0.0152
  2021H2      24,929 rows     22.7s  mean pd 0.0182
  2022H1      24,889 rows     22.6s  mean pd 0.0231
  2022H2      24,859 rows     23.1s  mean pd 0.0257
  2023H1      24,882 rows     22.8s  mean pd 0.0279
  2023H2      24,866 rows     22.8s  mean pd 0.0249
  repeat 2011H1: largest disagreement 0.00e+00, 0 rows differ

scored rows           : 1,918,827
reference rows        : 150,000
wall                  : 1969s

### tabicl@2026-09-14-fm-2012h2e-bundle-upb-nominal: /home/node/outoftime-node/.venv/bin/python score_context.py 2026-09-14-fm-2012h2e-bundle-upb-nominal --out-dir 2026-09-14-fm-2012h2e-bundle-upb-nominal-scored-tabicl --models tabicl --chunk 20000
tabicl/20260911: context 50,000 rows read in 2.2s
  reference   50,000 rows     19.5s  mean pd 0.0110
  2013H1      24,341 rows     12.0s  mean pd 0.0133
  2013H2      23,974 rows     11.7s  mean pd 0.0147
  2014H1      24,341 rows     11.8s  mean pd 0.0133
  2014H2      24,213 rows     11.8s  mean pd 0.0118
  2015H1      24,159 rows     11.7s  mean pd 0.0106
  2015H2      24,159 rows     11.8s  mean pd 0.0113
  2016H1      24,632 rows     11.8s  mean pd 0.0116
  2016H2      24,760 rows     11.8s  mean pd 0.0112
  2017H1      24,541 rows     11.8s  mean pd 0.0132
  2017H2      24,680 rows     11.8s  mean pd 0.0131
  2018H1      24,416 rows     11.8s  mean pd 0.0135
  2018H2      24,543 rows     12.0s  mean pd 0.0137
  2019H1      24,752 rows     11.9s  mean pd 0.0141
  2019H2      24,861 rows     11.8s  mean pd 0.0131
  2020H1      24,880 rows     11.8s  mean pd 0.0108
  2020H2      24,919 rows     11.8s  mean pd 0.0095
  2021H1      24,909 rows     11.8s  mean pd 0.0107
  2021H2      24,929 rows     11.8s  mean pd 0.0131
  2022H1      24,889 rows     11.8s  mean pd 0.0161
  2022H2      24,859 rows     11.8s  mean pd 0.0174
  2023H1      24,882 rows     11.8s  mean pd 0.0190
  2023H2      24,866 rows     11.8s  mean pd 0.0171
  repeat 2013H1: largest disagreement 0.00e+00, 0 rows differ
tabicl/20260912: context 50,000 rows read in 1.1s
  reference   50,000 rows     18.8s  mean pd 0.0119
  2013H1      24,341 rows     11.8s  mean pd 0.0137
  2013H2      23,974 rows     11.7s  mean pd 0.0153
  2014H1      24,341 rows     11.7s  mean pd 0.0141
  2014H2      24,213 rows     11.7s  mean pd 0.0130
  2015H1      24,159 rows     11.7s  mean pd 0.0117
  2015H2      24,159 rows     11.7s  mean pd 0.0126
  2016H1      24,632 rows     11.8s  mean pd 0.0128
  2016H2      24,760 rows     11.8s  mean pd 0.0124
  2017H1      24,541 rows     11.8s  mean pd 0.0144
  2017H2      24,680 rows     11.8s  mean pd 0.0143
  2018H1      24,416 rows     11.8s  mean pd 0.0145
  2018H2      24,543 rows     11.8s  mean pd 0.0149
  2019H1      24,752 rows     11.8s  mean pd 0.0152
  2019H2      24,861 rows     11.8s  mean pd 0.0143
  2020H1      24,880 rows     11.8s  mean pd 0.0121
  2020H2      24,919 rows     11.8s  mean pd 0.0107
  2021H1      24,909 rows     11.8s  mean pd 0.0119
  2021H2      24,929 rows     11.8s  mean pd 0.0145
  2022H1      24,889 rows     11.8s  mean pd 0.0176
  2022H2      24,859 rows     11.8s  mean pd 0.0180
  2023H1      24,882 rows     11.8s  mean pd 0.0189
  2023H2      24,866 rows     11.8s  mean pd 0.0169
  repeat 2013H1: largest disagreement 0.00e+00, 0 rows differ
tabicl/20260913: context 50,000 rows read in 1.0s
  reference   50,000 rows     18.8s  mean pd 0.0115
  2013H1      24,341 rows     11.8s  mean pd 0.0114
  2013H2      23,974 rows     11.7s  mean pd 0.0131
  2014H1      24,341 rows     11.8s  mean pd 0.0129
  2014H2      24,213 rows     11.7s  mean pd 0.0125
  2015H1      24,159 rows     11.7s  mean pd 0.0118
  2015H2      24,159 rows     11.7s  mean pd 0.0125
  2016H1      24,632 rows     11.8s  mean pd 0.0132
  2016H2      24,760 rows     11.8s  mean pd 0.0133
  2017H1      24,541 rows     11.8s  mean pd 0.0151
  2017H2      24,680 rows     11.8s  mean pd 0.0152
  2018H1      24,416 rows     11.8s  mean pd 0.0160
  2018H2      24,543 rows     11.8s  mean pd 0.0164
  2019H1      24,752 rows     11.8s  mean pd 0.0173
  2019H2      24,861 rows     11.8s  mean pd 0.0165
  2020H1      24,880 rows     11.8s  mean pd 0.0141
  2020H2      24,919 rows     11.8s  mean pd 0.0129
  2021H1      24,909 rows     11.8s  mean pd 0.0143
  2021H2      24,929 rows     11.8s  mean pd 0.0170
  2022H1      24,889 rows     11.8s  mean pd 0.0211
  2022H2      24,859 rows     11.8s  mean pd 0.0232
  2023H1      24,882 rows     11.8s  mean pd 0.0254
  2023H2      24,866 rows     11.8s  mean pd 0.0226
  repeat 2013H1: largest disagreement 0.00e+00, 0 rows differ

scored rows           : 1,624,515
reference rows        : 150,000
wall                  : 888s

### tabpfn@2026-09-14-fm-2012h2e-bundle-upb-nominal: /home/node/outoftime-node/.venv/bin/python score_context.py 2026-09-14-fm-2012h2e-bundle-upb-nominal --out-dir 2026-09-14-fm-2012h2e-bundle-upb-nominal-scored-tabpfn --models tabpfn --chunk 20000
tabpfn/20260911: context 50,000 rows read in 2.2s
  reference   50,000 rows     36.9s  mean pd 0.0110
  2013H1      24,341 rows     22.6s  mean pd 0.0139
  2013H2      23,974 rows     22.8s  mean pd 0.0151
  2014H1      24,341 rows     22.6s  mean pd 0.0134
  2014H2      24,213 rows     22.8s  mean pd 0.0118
  2015H1      24,159 rows     22.7s  mean pd 0.0106
  2015H2      24,159 rows     22.8s  mean pd 0.0112
  2016H1      24,632 rows     22.8s  mean pd 0.0115
  2016H2      24,760 rows     22.7s  mean pd 0.0111
  2017H1      24,541 rows     23.1s  mean pd 0.0133
  2017H2      24,680 rows     22.8s  mean pd 0.0131
  2018H1      24,416 rows     22.8s  mean pd 0.0135
  2018H2      24,543 rows     22.8s  mean pd 0.0138
  2019H1      24,752 rows     22.8s  mean pd 0.0142
  2019H2      24,861 rows     22.7s  mean pd 0.0133
  2020H1      24,880 rows     23.0s  mean pd 0.0110
  2020H2      24,919 rows     22.7s  mean pd 0.0097
  2021H1      24,909 rows     22.4s  mean pd 0.0109
  2021H2      24,929 rows     22.9s  mean pd 0.0133
  2022H1      24,889 rows     22.8s  mean pd 0.0165
  2022H2      24,859 rows     22.8s  mean pd 0.0179
  2023H1      24,882 rows     22.8s  mean pd 0.0195
  2023H2      24,866 rows     22.8s  mean pd 0.0176
  repeat 2013H1: largest disagreement 0.00e+00, 0 rows differ
tabpfn/20260912: context 50,000 rows read in 0.9s
  reference   50,000 rows     36.2s  mean pd 0.0119
  2013H1      24,341 rows     22.8s  mean pd 0.0147
  2013H2      23,974 rows     22.6s  mean pd 0.0161
  2014H1      24,341 rows     22.7s  mean pd 0.0144
  2014H2      24,213 rows     22.7s  mean pd 0.0129
  2015H1      24,159 rows     23.1s  mean pd 0.0116
  2015H2      24,159 rows     22.8s  mean pd 0.0125
  2016H1      24,632 rows     22.7s  mean pd 0.0127
  2016H2      24,760 rows     23.2s  mean pd 0.0123
  2017H1      24,541 rows     22.6s  mean pd 0.0144
  2017H2      24,680 rows     22.7s  mean pd 0.0142
  2018H1      24,416 rows     22.7s  mean pd 0.0144
  2018H2      24,543 rows     22.7s  mean pd 0.0147
  2019H1      24,752 rows     23.2s  mean pd 0.0151
  2019H2      24,861 rows     22.8s  mean pd 0.0142
  2020H1      24,880 rows     22.8s  mean pd 0.0122
  2020H2      24,919 rows     23.2s  mean pd 0.0108
  2021H1      24,909 rows     22.8s  mean pd 0.0119
  2021H2      24,929 rows     23.1s  mean pd 0.0143
  2022H1      24,889 rows     22.7s  mean pd 0.0174
  2022H2      24,859 rows     23.1s  mean pd 0.0178
  2023H1      24,882 rows     22.7s  mean pd 0.0187
  2023H2      24,866 rows     23.1s  mean pd 0.0167
  repeat 2013H1: largest disagreement 0.00e+00, 0 rows differ
tabpfn/20260913: context 50,000 rows read in 0.9s
  reference   50,000 rows     36.7s  mean pd 0.0115
  2013H1      24,341 rows     22.8s  mean pd 0.0119
  2013H2      23,974 rows     22.5s  mean pd 0.0135
  2014H1      24,341 rows     22.8s  mean pd 0.0129
  2014H2      24,213 rows     22.8s  mean pd 0.0122
  2015H1      24,159 rows     22.8s  mean pd 0.0114
  2015H2      24,159 rows     22.8s  mean pd 0.0120
  2016H1      24,632 rows     22.5s  mean pd 0.0126
  2016H2      24,760 rows     22.9s  mean pd 0.0126
  2017H1      24,541 rows     22.8s  mean pd 0.0144
  2017H2      24,680 rows     22.8s  mean pd 0.0145
  2018H1      24,416 rows     22.8s  mean pd 0.0152
  2018H2      24,543 rows     22.6s  mean pd 0.0154
  2019H1      24,752 rows     23.1s  mean pd 0.0163
  2019H2      24,861 rows     22.8s  mean pd 0.0156
  2020H1      24,880 rows     22.8s  mean pd 0.0134
  2020H2      24,919 rows     23.6s  mean pd 0.0122
  2021H1      24,909 rows     22.8s  mean pd 0.0134
  2021H2      24,929 rows     22.8s  mean pd 0.0159
  2022H1      24,889 rows     22.7s  mean pd 0.0197
  2022H2      24,859 rows     22.8s  mean pd 0.0213
  2023H1      24,882 rows     22.7s  mean pd 0.0233
  2023H2      24,866 rows     23.2s  mean pd 0.0208
  repeat 2013H1: largest disagreement 0.00e+00, 0 rows differ

scored rows           : 1,624,515
reference rows        : 150,000
wall                  : 1700s

### tabicl@2026-09-14-fm-2014h2e-bundle-upb-nominal: /home/node/outoftime-node/.venv/bin/python score_context.py 2026-09-14-fm-2014h2e-bundle-upb-nominal --out-dir 2026-09-14-fm-2014h2e-bundle-upb-nominal-scored-tabicl --models tabicl --chunk 20000
tabicl/20260911: context 50,000 rows read in 2.1s
  reference   50,000 rows     19.4s  mean pd 0.0103
  2015H1      24,159 rows     11.8s  mean pd 0.0092
  2015H2      24,159 rows     11.7s  mean pd 0.0102
  2016H1      24,632 rows     11.8s  mean pd 0.0104
  2016H2      24,760 rows     11.8s  mean pd 0.0101
  2017H1      24,541 rows     11.8s  mean pd 0.0120
  2017H2      24,680 rows     11.8s  mean pd 0.0121
  2018H1      24,416 rows     11.8s  mean pd 0.0124
  2018H2      24,543 rows     11.8s  mean pd 0.0126
  2019H1      24,752 rows     11.8s  mean pd 0.0125
  2019H2      24,861 rows     12.1s  mean pd 0.0112
  2020H1      24,880 rows     12.1s  mean pd 0.0092
  2020H2      24,919 rows     11.8s  mean pd 0.0079
  2021H1      24,909 rows     11.8s  mean pd 0.0091
  2021H2      24,929 rows     11.8s  mean pd 0.0111
  2022H1      24,889 rows     11.8s  mean pd 0.0133
  2022H2      24,859 rows     11.8s  mean pd 0.0137
  2023H1      24,882 rows     11.8s  mean pd 0.0145
  2023H2      24,866 rows     11.8s  mean pd 0.0133
  repeat 2015H1: largest disagreement 0.00e+00, 0 rows differ
tabicl/20260912: context 50,000 rows read in 1.1s
  reference   50,000 rows     19.1s  mean pd 0.0102
  2015H1      24,159 rows     11.7s  mean pd 0.0099
  2015H2      24,159 rows     11.8s  mean pd 0.0109
  2016H1      24,632 rows     11.8s  mean pd 0.0112
  2016H2      24,760 rows     11.8s  mean pd 0.0111
  2017H1      24,541 rows     11.8s  mean pd 0.0130
  2017H2      24,680 rows     11.8s  mean pd 0.0131
  2018H1      24,416 rows     11.8s  mean pd 0.0134
  2018H2      24,543 rows     12.0s  mean pd 0.0138
  2019H1      24,752 rows     11.8s  mean pd 0.0139
  2019H2      24,861 rows     11.8s  mean pd 0.0127
  2020H1      24,880 rows     11.8s  mean pd 0.0104
  2020H2      24,919 rows     11.8s  mean pd 0.0092
  2021H1      24,909 rows     11.8s  mean pd 0.0104
  2021H2      24,929 rows     11.8s  mean pd 0.0128
  2022H1      24,889 rows     11.8s  mean pd 0.0157
  2022H2      24,859 rows     11.8s  mean pd 0.0171
  2023H1      24,882 rows     11.8s  mean pd 0.0183
  2023H2      24,866 rows     11.8s  mean pd 0.0167
  repeat 2015H1: largest disagreement 0.00e+00, 0 rows differ
tabicl/20260913: context 50,000 rows read in 1.1s
  reference   50,000 rows     18.9s  mean pd 0.0103
  2015H1      24,159 rows     11.7s  mean pd 0.0094
  2015H2      24,159 rows     11.7s  mean pd 0.0101
  2016H1      24,632 rows     11.8s  mean pd 0.0104
  2016H2      24,760 rows     11.8s  mean pd 0.0103
  2017H1      24,541 rows     11.8s  mean pd 0.0118
  2017H2      24,680 rows     11.8s  mean pd 0.0118
  2018H1      24,416 rows     11.8s  mean pd 0.0119
  2018H2      24,543 rows     11.8s  mean pd 0.0122
  2019H1      24,752 rows     11.8s  mean pd 0.0124
  2019H2      24,861 rows     11.8s  mean pd 0.0118
  2020H1      24,880 rows     11.8s  mean pd 0.0099
  2020H2      24,919 rows     11.8s  mean pd 0.0088
  2021H1      24,909 rows     11.8s  mean pd 0.0099
  2021H2      24,929 rows     11.8s  mean pd 0.0119
  2022H1      24,889 rows     11.8s  mean pd 0.0143
  2022H2      24,859 rows     11.8s  mean pd 0.0146
  2023H1      24,882 rows     11.8s  mean pd 0.0157
  2023H2      24,866 rows     11.8s  mean pd 0.0142
  repeat 2015H1: largest disagreement 0.00e+00, 0 rows differ

scored rows           : 1,333,908
reference rows        : 150,000
wall                  : 746s

### tabpfn@2026-09-14-fm-2014h2e-bundle-upb-nominal: /home/node/outoftime-node/.venv/bin/python score_context.py 2026-09-14-fm-2014h2e-bundle-upb-nominal --out-dir 2026-09-14-fm-2014h2e-bundle-upb-nominal-scored-tabpfn --models tabpfn --chunk 20000
tabpfn/20260911: context 50,000 rows read in 2.0s
  reference   50,000 rows     36.9s  mean pd 0.0104
  2015H1      24,159 rows     22.8s  mean pd 0.0093
  2015H2      24,159 rows     23.1s  mean pd 0.0102
  2016H1      24,632 rows     22.9s  mean pd 0.0105
  2016H2      24,760 rows     22.8s  mean pd 0.0102
  2017H1      24,541 rows     22.8s  mean pd 0.0122
  2017H2      24,680 rows     22.8s  mean pd 0.0123
  2018H1      24,416 rows     22.8s  mean pd 0.0126
  2018H2      24,543 rows     23.1s  mean pd 0.0129
  2019H1      24,752 rows     23.1s  mean pd 0.0129
  2019H2      24,861 rows     22.8s  mean pd 0.0116
  2020H1      24,880 rows     22.8s  mean pd 0.0096
  2020H2      24,919 rows     22.8s  mean pd 0.0082
  2021H1      24,909 rows     22.8s  mean pd 0.0093
  2021H2      24,929 rows     22.7s  mean pd 0.0114
  2022H1      24,889 rows     23.0s  mean pd 0.0138
  2022H2      24,859 rows     23.2s  mean pd 0.0143
  2023H1      24,882 rows     22.8s  mean pd 0.0152
  2023H2      24,866 rows     23.5s  mean pd 0.0141
  repeat 2015H1: largest disagreement 0.00e+00, 0 rows differ
tabpfn/20260912: context 50,000 rows read in 0.9s
  reference   50,000 rows     36.1s  mean pd 0.0104
  2015H1      24,159 rows     22.7s  mean pd 0.0101
  2015H2      24,159 rows     22.7s  mean pd 0.0110
  2016H1      24,632 rows     22.7s  mean pd 0.0115
  2016H2      24,760 rows     22.7s  mean pd 0.0114
  2017H1      24,541 rows     22.7s  mean pd 0.0136
  2017H2      24,680 rows     22.7s  mean pd 0.0138
  2018H1      24,416 rows     22.7s  mean pd 0.0142
  2018H2      24,543 rows     23.5s  mean pd 0.0145
  2019H1      24,752 rows     23.0s  mean pd 0.0146
  2019H2      24,861 rows     22.6s  mean pd 0.0133
  2020H1      24,880 rows     22.8s  mean pd 0.0109
  2020H2      24,919 rows     22.8s  mean pd 0.0096
  2021H1      24,909 rows     22.9s  mean pd 0.0108
  2021H2      24,929 rows     23.1s  mean pd 0.0131
  2022H1      24,889 rows     22.7s  mean pd 0.0159
  2022H2      24,859 rows     22.8s  mean pd 0.0172
  2023H1      24,882 rows     22.8s  mean pd 0.0186
  2023H2      24,866 rows     22.7s  mean pd 0.0169
  repeat 2015H1: largest disagreement 0.00e+00, 0 rows differ
tabpfn/20260913: context 50,000 rows read in 0.8s
  reference   50,000 rows     36.1s  mean pd 0.0105
  2015H1      24,159 rows     22.7s  mean pd 0.0094
  2015H2      24,159 rows     22.7s  mean pd 0.0100
  2016H1      24,632 rows     22.7s  mean pd 0.0104
  2016H2      24,760 rows     22.7s  mean pd 0.0103
  2017H1      24,541 rows     23.4s  mean pd 0.0119
  2017H2      24,680 rows     22.7s  mean pd 0.0118
  2018H1      24,416 rows     22.7s  mean pd 0.0120
  2018H2      24,543 rows     22.7s  mean pd 0.0122
  2019H1      24,752 rows     22.5s  mean pd 0.0124
  2019H2      24,861 rows     22.6s  mean pd 0.0116
  2020H1      24,880 rows     22.7s  mean pd 0.0098
  2020H2      24,919 rows     22.8s  mean pd 0.0087
  2021H1      24,909 rows     22.7s  mean pd 0.0099
  2021H2      24,929 rows     22.8s  mean pd 0.0120
  2022H1      24,889 rows     22.8s  mean pd 0.0143
  2022H2      24,859 rows     22.6s  mean pd 0.0143
  2023H1      24,882 rows     23.1s  mean pd 0.0152
  2023H2      24,866 rows     22.5s  mean pd 0.0138
  repeat 2015H1: largest disagreement 0.00e+00, 0 rows differ

scored rows           : 1,333,908
reference rows        : 150,000
wall                  : 1424s

### tabicl@2026-09-15-fm-2016h2e-bundle-upb-nominal: /home/node/outoftime-node/.venv/bin/python score_context.py 2026-09-15-fm-2016h2e-bundle-upb-nominal --out-dir 2026-09-15-fm-2016h2e-bundle-upb-nominal-scored-tabicl --models tabicl --chunk 20000
tabicl/20260911: context 50,000 rows read in 2.1s
  reference   50,000 rows     19.5s  mean pd 0.0093
  2017H1      24,541 rows     11.8s  mean pd 0.0099
  2017H2      24,680 rows     11.8s  mean pd 0.0099
  2018H1      24,416 rows     11.8s  mean pd 0.0099
  2018H2      24,543 rows     12.1s  mean pd 0.0101
  2019H1      24,752 rows     11.8s  mean pd 0.0101
  2019H2      24,861 rows     11.8s  mean pd 0.0095
  2020H1      24,880 rows     11.8s  mean pd 0.0080
  2020H2      24,919 rows     11.8s  mean pd 0.0069
  2021H1      24,909 rows     11.8s  mean pd 0.0079
  2021H2      24,929 rows     11.8s  mean pd 0.0095
  2022H1      24,889 rows     11.8s  mean pd 0.0111
  2022H2      24,859 rows     11.8s  mean pd 0.0109
  2023H1      24,882 rows     11.8s  mean pd 0.0114
  2023H2      24,866 rows     11.8s  mean pd 0.0103
  repeat 2017H1: largest disagreement 0.00e+00, 0 rows differ
tabicl/20260912: context 50,000 rows read in 1.0s
  reference   50,000 rows     18.8s  mean pd 0.0094
  2017H1      24,541 rows     11.9s  mean pd 0.0111
  2017H2      24,680 rows     11.9s  mean pd 0.0114
  2018H1      24,416 rows     11.8s  mean pd 0.0115
  2018H2      24,543 rows     11.8s  mean pd 0.0119
  2019H1      24,752 rows     11.8s  mean pd 0.0118
  2019H2      24,861 rows     11.8s  mean pd 0.0108
  2020H1      24,880 rows     11.8s  mean pd 0.0088
  2020H2      24,919 rows     11.8s  mean pd 0.0076
  2021H1      24,909 rows     11.8s  mean pd 0.0086
  2021H2      24,929 rows     11.8s  mean pd 0.0106
  2022H1      24,889 rows     11.8s  mean pd 0.0127
  2022H2      24,859 rows     11.8s  mean pd 0.0131
  2023H1      24,882 rows     11.8s  mean pd 0.0139
  2023H2      24,866 rows     11.8s  mean pd 0.0125
  repeat 2017H1: largest disagreement 0.00e+00, 0 rows differ
tabicl/20260913: context 50,000 rows read in 1.0s
  reference   50,000 rows     18.8s  mean pd 0.0095
  2017H1      24,541 rows     11.8s  mean pd 0.0092
  2017H2      24,680 rows     11.8s  mean pd 0.0093
  2018H1      24,416 rows     11.8s  mean pd 0.0093
  2018H2      24,543 rows     11.8s  mean pd 0.0095
  2019H1      24,752 rows     11.8s  mean pd 0.0094
  2019H2      24,861 rows     11.8s  mean pd 0.0085
  2020H1      24,880 rows     11.8s  mean pd 0.0070
  2020H2      24,919 rows     11.8s  mean pd 0.0061
  2021H1      24,909 rows     11.8s  mean pd 0.0071
  2021H2      24,929 rows     11.8s  mean pd 0.0089
  2022H1      24,889 rows     11.8s  mean pd 0.0106
  2022H2      24,859 rows     11.8s  mean pd 0.0104
  2023H1      24,882 rows     11.9s  mean pd 0.0105
  2023H2      24,866 rows     12.0s  mean pd 0.0098
  repeat 2017H1: largest disagreement 0.00e+00, 0 rows differ

scored rows           : 1,040,778
reference rows        : 150,000
wall                  : 603s

### tabpfn@2026-09-15-fm-2016h2e-bundle-upb-nominal: /home/node/outoftime-node/.venv/bin/python score_context.py 2026-09-15-fm-2016h2e-bundle-upb-nominal --out-dir 2026-09-15-fm-2016h2e-bundle-upb-nominal-scored-tabpfn --models tabpfn --chunk 20000
tabpfn/20260911: context 50,000 rows read in 2.1s
  reference   50,000 rows     37.7s  mean pd 0.0095
  2017H1      24,541 rows     23.1s  mean pd 0.0098
  2017H2      24,680 rows     22.8s  mean pd 0.0098
  2018H1      24,416 rows     22.7s  mean pd 0.0099
  2018H2      24,543 rows     22.8s  mean pd 0.0101
  2019H1      24,752 rows     22.9s  mean pd 0.0101
  2019H2      24,861 rows     23.2s  mean pd 0.0093
  2020H1      24,880 rows     22.7s  mean pd 0.0079
  2020H2      24,919 rows     22.7s  mean pd 0.0068
  2021H1      24,909 rows     22.7s  mean pd 0.0078
  2021H2      24,929 rows     22.7s  mean pd 0.0095
  2022H1      24,889 rows     22.7s  mean pd 0.0112
  2022H2      24,859 rows     22.7s  mean pd 0.0107
  2023H1      24,882 rows     22.7s  mean pd 0.0111
  2023H2      24,866 rows     22.7s  mean pd 0.0101
  repeat 2017H1: largest disagreement 0.00e+00, 0 rows differ
tabpfn/20260912: context 50,000 rows read in 0.8s
  reference   50,000 rows     36.1s  mean pd 0.0097
  2017H1      24,541 rows     22.7s  mean pd 0.0105
  2017H2      24,680 rows     23.1s  mean pd 0.0107
  2018H1      24,416 rows     22.6s  mean pd 0.0108
  2018H2      24,543 rows     22.5s  mean pd 0.0111
  2019H1      24,752 rows     22.7s  mean pd 0.0110
  2019H2      24,861 rows     22.7s  mean pd 0.0102
  2020H1      24,880 rows     23.1s  mean pd 0.0085
  2020H2      24,919 rows     22.7s  mean pd 0.0073
  2021H1      24,909 rows     22.6s  mean pd 0.0084
  2021H2      24,929 rows     23.0s  mean pd 0.0103
  2022H1      24,889 rows     22.9s  mean pd 0.0124
  2022H2      24,859 rows     22.7s  mean pd 0.0120
  2023H1      24,882 rows     23.2s  mean pd 0.0127
  2023H2      24,866 rows     22.9s  mean pd 0.0116
  repeat 2017H1: largest disagreement 0.00e+00, 0 rows differ
tabpfn/20260913: context 50,000 rows read in 0.8s
  reference   50,000 rows     36.5s  mean pd 0.0097
  2017H1      24,541 rows     22.6s  mean pd 0.0095
  2017H2      24,680 rows     22.6s  mean pd 0.0095
  2018H1      24,416 rows     22.9s  mean pd 0.0096
  2018H2      24,543 rows     22.9s  mean pd 0.0098
  2019H1      24,752 rows     22.9s  mean pd 0.0097
  2019H2      24,861 rows     22.8s  mean pd 0.0088
  2020H1      24,880 rows     22.8s  mean pd 0.0073
  2020H2      24,919 rows     22.7s  mean pd 0.0063
  2021H1      24,909 rows     23.3s  mean pd 0.0074
  2021H2      24,929 rows     22.8s  mean pd 0.0092
  2022H1      24,889 rows     22.8s  mean pd 0.0109
  2022H2      24,859 rows     22.8s  mean pd 0.0105
  2023H1      24,882 rows     22.8s  mean pd 0.0106
  2023H2      24,866 rows     23.1s  mean pd 0.0100
  repeat 2017H1: largest disagreement 0.00e+00, 0 rows differ

scored rows           : 1,040,778
reference rows        : 150,000
wall                  : 1150s

### tabicl@2026-09-15-fm-2018h2e-bundle-upb-nominal: /home/node/outoftime-node/.venv/bin/python score_context.py 2026-09-15-fm-2018h2e-bundle-upb-nominal --out-dir 2026-09-15-fm-2018h2e-bundle-upb-nominal-scored-tabicl --models tabicl --chunk 20000
tabicl/20260911: context 50,000 rows read in 2.4s
  reference   50,000 rows     19.6s  mean pd 0.0079
  2019H1      24,752 rows     12.0s  mean pd 0.0076
  2019H2      24,861 rows     12.0s  mean pd 0.0068
  2020H1      24,880 rows     12.1s  mean pd 0.0055
  2020H2      24,919 rows     11.8s  mean pd 0.0047
  2021H1      24,909 rows     11.8s  mean pd 0.0055
  2021H2      24,929 rows     11.8s  mean pd 0.0070
  2022H1      24,889 rows     11.8s  mean pd 0.0085
  2022H2      24,859 rows     11.8s  mean pd 0.0084
  2023H1      24,882 rows     11.8s  mean pd 0.0087
  2023H2      24,866 rows     11.8s  mean pd 0.0082
  repeat 2019H1: largest disagreement 0.00e+00, 0 rows differ
tabicl/20260912: context 50,000 rows read in 1.0s
  reference   50,000 rows     18.8s  mean pd 0.0083
  2019H1      24,752 rows     11.8s  mean pd 0.0081
  2019H2      24,861 rows     11.8s  mean pd 0.0073
  2020H1      24,880 rows     11.8s  mean pd 0.0061
  2020H2      24,919 rows     11.8s  mean pd 0.0053
  2021H1      24,909 rows     11.8s  mean pd 0.0061
  2021H2      24,929 rows     11.8s  mean pd 0.0075
  2022H1      24,889 rows     11.8s  mean pd 0.0090
  2022H2      24,859 rows     11.8s  mean pd 0.0088
  2023H1      24,882 rows     12.0s  mean pd 0.0092
  2023H2      24,866 rows     11.9s  mean pd 0.0086
  repeat 2019H1: largest disagreement 0.00e+00, 0 rows differ
tabicl/20260913: context 50,000 rows read in 1.0s
  reference   50,000 rows     18.8s  mean pd 0.0082
  2019H1      24,752 rows     11.8s  mean pd 0.0074
  2019H2      24,861 rows     11.8s  mean pd 0.0065
  2020H1      24,880 rows     11.8s  mean pd 0.0054
  2020H2      24,919 rows     11.8s  mean pd 0.0045
  2021H1      24,909 rows     11.8s  mean pd 0.0052
  2021H2      24,929 rows     11.8s  mean pd 0.0063
  2022H1      24,889 rows     11.8s  mean pd 0.0075
  2022H2      24,859 rows     11.8s  mean pd 0.0077
  2023H1      24,882 rows     11.8s  mean pd 0.0080
  2023H2      24,866 rows     12.1s  mean pd 0.0075
  repeat 2019H1: largest disagreement 0.00e+00, 0 rows differ

scored rows           : 746,238
reference rows        : 150,000
wall                  : 462s

### tabpfn@2026-09-15-fm-2018h2e-bundle-upb-nominal: /home/node/outoftime-node/.venv/bin/python score_context.py 2026-09-15-fm-2018h2e-bundle-upb-nominal --out-dir 2026-09-15-fm-2018h2e-bundle-upb-nominal-scored-tabpfn --models tabpfn --chunk 20000
tabpfn/20260911: context 50,000 rows read in 2.1s
  reference   50,000 rows     36.9s  mean pd 0.0081
  2019H1      24,752 rows     22.6s  mean pd 0.0078
  2019H2      24,861 rows     22.9s  mean pd 0.0069
  2020H1      24,880 rows     22.7s  mean pd 0.0056
  2020H2      24,919 rows     22.8s  mean pd 0.0047
  2021H1      24,909 rows     22.8s  mean pd 0.0055
  2021H2      24,929 rows     22.8s  mean pd 0.0070
  2022H1      24,889 rows     22.6s  mean pd 0.0087
  2022H2      24,859 rows     23.2s  mean pd 0.0084
  2023H1      24,882 rows     22.8s  mean pd 0.0089
  2023H2      24,866 rows     22.6s  mean pd 0.0084
  repeat 2019H1: largest disagreement 0.00e+00, 0 rows differ
tabpfn/20260912: context 50,000 rows read in 0.8s
  reference   50,000 rows     36.3s  mean pd 0.0086
  2019H1      24,752 rows     22.8s  mean pd 0.0085
  2019H2      24,861 rows     22.8s  mean pd 0.0078
  2020H1      24,880 rows     22.8s  mean pd 0.0066
  2020H2      24,919 rows     22.8s  mean pd 0.0057
  2021H1      24,909 rows     22.9s  mean pd 0.0065
  2021H2      24,929 rows     22.8s  mean pd 0.0079
  2022H1      24,889 rows     22.9s  mean pd 0.0094
  2022H2      24,859 rows     22.8s  mean pd 0.0092
  2023H1      24,882 rows     22.8s  mean pd 0.0095
  2023H2      24,866 rows     22.8s  mean pd 0.0090
  repeat 2019H1: largest disagreement 0.00e+00, 0 rows differ
tabpfn/20260913: context 50,000 rows read in 0.8s
  reference   50,000 rows     36.2s  mean pd 0.0088
  2019H1      24,752 rows     22.8s  mean pd 0.0085
  2019H2      24,861 rows     22.8s  mean pd 0.0075
  2020H1      24,880 rows     22.8s  mean pd 0.0062
  2020H2      24,919 rows     22.7s  mean pd 0.0053
  2021H1      24,909 rows     23.3s  mean pd 0.0060
  2021H2      24,929 rows     22.9s  mean pd 0.0073
  2022H1      24,889 rows     22.9s  mean pd 0.0087
  2022H2      24,859 rows     22.9s  mean pd 0.0089
  2023H1      24,882 rows     22.9s  mean pd 0.0097
  2023H2      24,866 rows     22.9s  mean pd 0.0092
  repeat 2019H1: largest disagreement 0.00e+00, 0 rows differ

scored rows           : 746,238
reference rows        : 150,000
wall                  : 875s

### tabicl@2026-09-15-fm-2004h2r-bundle-upb-nominal: /home/node/outoftime-node/.venv/bin/python score_context.py 2026-09-15-fm-2004h2r-bundle-upb-nominal --out-dir 2026-09-15-fm-2004h2r-bundle-upb-nominal-scored-tabicl --models tabicl --chunk 20000
tabicl/20260911: context 50,000 rows read in 2.1s
  reference   50,000 rows     19.4s  mean pd 0.0080
  2005H1      24,233 rows     11.7s  mean pd 0.0064
  2005H2      24,082 rows     11.7s  mean pd 0.0062
  2006H1      23,280 rows     11.7s  mean pd 0.0070
  2006H2      23,898 rows     11.7s  mean pd 0.0074
  2007H1      23,169 rows     11.7s  mean pd 0.0079
  2007H2      24,367 rows     11.8s  mean pd 0.0090
  2008H1      24,660 rows     11.8s  mean pd 0.0054
  2008H2      24,746 rows     11.8s  mean pd 0.0043
  2009H1      24,844 rows     11.8s  mean pd 0.0019
  2009H2      24,709 rows     11.8s  mean pd 0.0029
  2010H1      24,843 rows     11.8s  mean pd 0.0032
  2010H2      24,683 rows     11.8s  mean pd 0.0027
  2011H1      24,614 rows     11.8s  mean pd 0.0037
  2011H2      24,646 rows     11.8s  mean pd 0.0028
  2012H1      24,306 rows     11.8s  mean pd 0.0047
  2012H2      24,538 rows     11.8s  mean pd 0.0044
  2013H1      24,341 rows     11.8s  mean pd 0.0049
  2013H2      23,974 rows     11.7s  mean pd 0.0057
  2014H1      24,341 rows     11.8s  mean pd 0.0051
  2014H2      24,213 rows     11.7s  mean pd 0.0045
  2015H1      24,159 rows     11.9s  mean pd 0.0037
  2015H2      24,159 rows     11.9s  mean pd 0.0042
  2016H1      24,632 rows     12.1s  mean pd 0.0040
  2016H2      24,760 rows     11.8s  mean pd 0.0035
  2017H1      24,541 rows     11.8s  mean pd 0.0044
  2017H2      24,680 rows     11.8s  mean pd 0.0044
  2018H1      24,416 rows     11.8s  mean pd 0.0044
  2018H2      24,543 rows     11.8s  mean pd 0.0047
  2019H1      24,752 rows     11.8s  mean pd 0.0044
  2019H2      24,861 rows     11.8s  mean pd 0.0036
  2020H1      24,880 rows     11.8s  mean pd 0.0029
  2020H2      24,919 rows     11.8s  mean pd 0.0025
  2021H1      24,909 rows     11.8s  mean pd 0.0027
  2021H2      24,929 rows     12.0s  mean pd 0.0033
  2022H1      24,889 rows     12.0s  mean pd 0.0040
  2022H2      24,859 rows     12.1s  mean pd 0.0046
  2023H1      24,882 rows     11.8s  mean pd 0.0048
  2023H2      24,866 rows     11.8s  mean pd 0.0044
  repeat 2005H1: largest disagreement 0.00e+00, 0 rows differ
tabicl/20260912: context 50,000 rows read in 1.2s
  reference   50,000 rows     18.9s  mean pd 0.0075
  2005H1      24,233 rows     11.7s  mean pd 0.0061
  2005H2      24,082 rows     11.7s  mean pd 0.0060
  2006H1      23,280 rows     11.7s  mean pd 0.0069
  2006H2      23,898 rows     11.9s  mean pd 0.0074
  2007H1      23,169 rows     11.8s  mean pd 0.0079
  2007H2      24,367 rows     11.9s  mean pd 0.0088
  2008H1      24,660 rows     11.8s  mean pd 0.0054
  2008H2      24,746 rows     11.8s  mean pd 0.0043
  2009H1      24,844 rows     11.8s  mean pd 0.0020
  2009H2      24,709 rows     11.8s  mean pd 0.0031
  2010H1      24,843 rows     11.8s  mean pd 0.0035
  2010H2      24,683 rows     11.8s  mean pd 0.0029
  2011H1      24,614 rows     11.8s  mean pd 0.0039
  2011H2      24,646 rows     11.9s  mean pd 0.0030
  2012H1      24,306 rows     12.0s  mean pd 0.0048
  2012H2      24,538 rows     12.1s  mean pd 0.0045
  2013H1      24,341 rows     11.8s  mean pd 0.0050
  2013H2      23,974 rows     11.7s  mean pd 0.0057
  2014H1      24,341 rows     11.8s  mean pd 0.0051
  2014H2      24,213 rows     11.7s  mean pd 0.0045
  2015H1      24,159 rows     11.8s  mean pd 0.0038
  2015H2      24,159 rows     11.7s  mean pd 0.0042
  2016H1      24,632 rows     11.8s  mean pd 0.0040
  2016H2      24,760 rows     11.8s  mean pd 0.0036
  2017H1      24,541 rows     11.8s  mean pd 0.0045
  2017H2      24,680 rows     11.8s  mean pd 0.0044
  2018H1      24,416 rows     11.8s  mean pd 0.0045
  2018H2      24,543 rows     11.8s  mean pd 0.0047
  2019H1      24,752 rows     11.8s  mean pd 0.0045
  2019H2      24,861 rows     11.8s  mean pd 0.0038
  2020H1      24,880 rows     11.8s  mean pd 0.0031
  2020H2      24,919 rows     11.8s  mean pd 0.0028
  2021H1      24,909 rows     11.8s  mean pd 0.0030
  2021H2      24,929 rows     11.8s  mean pd 0.0036
  2022H1      24,889 rows     11.8s  mean pd 0.0044
  2022H2      24,859 rows     11.8s  mean pd 0.0051
  2023H1      24,882 rows     11.8s  mean pd 0.0053
  2023H2      24,866 rows     11.9s  mean pd 0.0049
  repeat 2005H1: largest disagreement 0.00e+00, 0 rows differ
tabicl/20260913: context 50,000 rows read in 1.0s
  reference   50,000 rows     18.9s  mean pd 0.0079
  2005H1      24,233 rows     12.0s  mean pd 0.0061
  2005H2      24,082 rows     11.7s  mean pd 0.0059
  2006H1      23,280 rows     11.7s  mean pd 0.0067
  2006H2      23,898 rows     11.7s  mean pd 0.0072
  2007H1      23,169 rows     11.7s  mean pd 0.0077
  2007H2      24,367 rows     11.8s  mean pd 0.0089
  2008H1      24,660 rows     11.8s  mean pd 0.0054
  2008H2      24,746 rows     11.8s  mean pd 0.0042
  2009H1      24,844 rows     11.8s  mean pd 0.0019
  2009H2      24,709 rows     11.9s  mean pd 0.0031
  2010H1      24,843 rows     12.0s  mean pd 0.0036
  2010H2      24,683 rows     11.8s  mean pd 0.0030
  2011H1      24,614 rows     11.8s  mean pd 0.0041
  2011H2      24,646 rows     11.8s  mean pd 0.0032
  2012H1      24,306 rows     11.8s  mean pd 0.0055
  2012H2      24,538 rows     11.8s  mean pd 0.0051
  2013H1      24,341 rows     11.8s  mean pd 0.0056
  2013H2      23,974 rows     11.7s  mean pd 0.0064
  2014H1      24,341 rows     11.8s  mean pd 0.0056
  2014H2      24,213 rows     11.8s  mean pd 0.0048
  2015H1      24,159 rows     11.8s  mean pd 0.0040
  2015H2      24,159 rows     11.8s  mean pd 0.0044
  2016H1      24,632 rows     11.9s  mean pd 0.0042
  2016H2      24,760 rows     12.0s  mean pd 0.0037
  2017H1      24,541 rows     11.8s  mean pd 0.0046
  2017H2      24,680 rows     11.8s  mean pd 0.0045
  2018H1      24,416 rows     11.8s  mean pd 0.0046
  2018H2      24,543 rows     11.8s  mean pd 0.0049
  2019H1      24,752 rows     11.8s  mean pd 0.0046
  2019H2      24,861 rows     11.8s  mean pd 0.0038
  2020H1      24,880 rows     11.8s  mean pd 0.0031
  2020H2      24,919 rows     11.8s  mean pd 0.0027
  2021H1      24,909 rows     11.8s  mean pd 0.0029
  2021H2      24,929 rows     11.8s  mean pd 0.0035
  2022H1      24,889 rows     11.8s  mean pd 0.0042
  2022H2      24,859 rows     11.8s  mean pd 0.0050
  2023H1      24,882 rows     11.8s  mean pd 0.0053
  2023H2      24,866 rows     11.8s  mean pd 0.0049
  repeat 2005H1: largest disagreement 0.00e+00, 0 rows differ

scored rows           : 2,793,369
reference rows        : 150,000
wall                  : 1461s

### tabpfn@2026-09-15-fm-2004h2r-bundle-upb-nominal: /home/node/outoftime-node/.venv/bin/python score_context.py 2026-09-15-fm-2004h2r-bundle-upb-nominal --out-dir 2026-09-15-fm-2004h2r-bundle-upb-nominal-scored-tabpfn --models tabpfn --chunk 20000
tabpfn/20260911: context 50,000 rows read in 2.1s
  reference   50,000 rows     37.1s  mean pd 0.0080
  2005H1      24,233 rows     22.9s  mean pd 0.0064
  2005H2      24,082 rows     22.6s  mean pd 0.0063
  2006H1      23,280 rows     22.7s  mean pd 0.0071
  2006H2      23,898 rows     22.7s  mean pd 0.0077
  2007H1      23,169 rows     22.6s  mean pd 0.0081
  2007H2      24,367 rows     22.9s  mean pd 0.0093
  2008H1      24,660 rows     22.9s  mean pd 0.0055
  2008H2      24,746 rows     22.8s  mean pd 0.0042
  2009H1      24,844 rows     22.7s  mean pd 0.0018
  2009H2      24,709 rows     22.6s  mean pd 0.0028
  2010H1      24,843 rows     22.8s  mean pd 0.0032
  2010H2      24,683 rows     23.0s  mean pd 0.0026
  2011H1      24,614 rows     22.9s  mean pd 0.0037
  2011H2      24,646 rows     22.9s  mean pd 0.0028
  2012H1      24,306 rows     22.9s  mean pd 0.0047
  2012H2      24,538 rows     22.8s  mean pd 0.0045
  2013H1      24,341 rows     23.4s  mean pd 0.0050
  2013H2      23,974 rows     22.6s  mean pd 0.0058
  2014H1      24,341 rows     22.8s  mean pd 0.0051
  2014H2      24,213 rows     22.9s  mean pd 0.0045
  2015H1      24,159 rows     22.9s  mean pd 0.0036
  2015H2      24,159 rows     22.8s  mean pd 0.0041
  2016H1      24,632 rows     22.9s  mean pd 0.0040
  2016H2      24,760 rows     23.3s  mean pd 0.0034
  2017H1      24,541 rows     22.8s  mean pd 0.0044
  2017H2      24,680 rows     22.9s  mean pd 0.0044
  2018H1      24,416 rows     22.8s  mean pd 0.0045
  2018H2      24,543 rows     22.8s  mean pd 0.0048
  2019H1      24,752 rows     23.5s  mean pd 0.0044
  2019H2      24,861 rows     22.9s  mean pd 0.0035
  2020H1      24,880 rows     22.9s  mean pd 0.0028
  2020H2      24,919 rows     23.1s  mean pd 0.0023
  2021H1      24,909 rows     23.1s  mean pd 0.0026
  2021H2      24,929 rows     22.9s  mean pd 0.0032
  2022H1      24,889 rows     22.8s  mean pd 0.0038
  2022H2      24,859 rows     23.5s  mean pd 0.0044
  2023H1      24,882 rows     22.9s  mean pd 0.0046
  2023H2      24,866 rows     22.7s  mean pd 0.0044
  repeat 2005H1: largest disagreement 0.00e+00, 0 rows differ
tabpfn/20260912: context 50,000 rows read in 0.9s
  reference   50,000 rows     36.6s  mean pd 0.0076
  2005H1      24,233 rows     22.8s  mean pd 0.0061
  2005H2      24,082 rows     22.7s  mean pd 0.0060
  2006H1      23,280 rows     22.7s  mean pd 0.0069
  2006H2      23,898 rows     22.7s  mean pd 0.0075
  2007H1      23,169 rows     22.6s  mean pd 0.0080
  2007H2      24,367 rows     22.9s  mean pd 0.0090
  2008H1      24,660 rows     23.1s  mean pd 0.0053
  2008H2      24,746 rows     23.0s  mean pd 0.0041
  2009H1      24,844 rows     22.9s  mean pd 0.0018
  2009H2      24,709 rows     22.9s  mean pd 0.0028
  2010H1      24,843 rows     22.9s  mean pd 0.0032
  2010H2      24,683 rows     22.8s  mean pd 0.0026
  2011H1      24,614 rows     23.0s  mean pd 0.0036
  2011H2      24,646 rows     22.9s  mean pd 0.0027
  2012H1      24,306 rows     22.9s  mean pd 0.0045
  2012H2      24,538 rows     22.9s  mean pd 0.0042
  2013H1      24,341 rows     22.8s  mean pd 0.0047
  2013H2      23,974 rows     22.5s  mean pd 0.0054
  2014H1      24,341 rows     23.1s  mean pd 0.0048
  2014H2      24,213 rows     23.0s  mean pd 0.0043
  2015H1      24,159 rows     23.0s  mean pd 0.0036
  2015H2      24,159 rows     23.4s  mean pd 0.0040
  2016H1      24,632 rows     23.3s  mean pd 0.0038
  2016H2      24,760 rows     23.0s  mean pd 0.0034
  2017H1      24,541 rows     22.9s  mean pd 0.0043
  2017H2      24,680 rows     23.9s  mean pd 0.0042
  2018H1      24,416 rows     22.9s  mean pd 0.0043
  2018H2      24,543 rows     22.9s  mean pd 0.0046
  2019H1      24,752 rows     23.3s  mean pd 0.0043
  2019H2      24,861 rows     22.9s  mean pd 0.0035
  2020H1      24,880 rows     22.8s  mean pd 0.0029
  2020H2      24,919 rows     23.3s  mean pd 0.0025
  2021H1      24,909 rows     23.0s  mean pd 0.0027
  2021H2      24,929 rows     23.3s  mean pd 0.0033
  2022H1      24,889 rows     22.9s  mean pd 0.0040
  2022H2      24,859 rows     22.8s  mean pd 0.0046
  2023H1      24,882 rows     23.4s  mean pd 0.0049
  2023H2      24,866 rows     22.9s  mean pd 0.0045
  repeat 2005H1: largest disagreement 0.00e+00, 0 rows differ
tabpfn/20260913: context 50,000 rows read in 0.8s
  reference   50,000 rows     36.3s  mean pd 0.0085
  2005H1      24,233 rows     22.9s  mean pd 0.0065
  2005H2      24,082 rows     22.7s  mean pd 0.0063
  2006H1      23,280 rows     22.7s  mean pd 0.0072
  2006H2      23,898 rows     22.8s  mean pd 0.0077
  2007H1      23,169 rows     22.6s  mean pd 0.0083
  2007H2      24,367 rows     22.8s  mean pd 0.0096
  2008H1      24,660 rows     23.4s  mean pd 0.0057
  2008H2      24,746 rows     22.9s  mean pd 0.0044
  2009H1      24,844 rows     22.9s  mean pd 0.0019
  2009H2      24,709 rows     23.0s  mean pd 0.0029
  2010H1      24,843 rows     22.9s  mean pd 0.0033
  2010H2      24,683 rows     23.3s  mean pd 0.0027
  2011H1      24,614 rows     23.0s  mean pd 0.0038
  2011H2      24,646 rows     23.0s  mean pd 0.0030
  2012H1      24,306 rows     23.5s  mean pd 0.0051
  2012H2      24,538 rows     23.0s  mean pd 0.0048
  2013H1      24,341 rows     22.8s  mean pd 0.0054
  2013H2      23,974 rows     23.1s  mean pd 0.0062
  2014H1      24,341 rows     22.8s  mean pd 0.0055
  2014H2      24,213 rows     23.3s  mean pd 0.0047
  2015H1      24,159 rows     23.0s  mean pd 0.0039
  2015H2      24,159 rows     22.8s  mean pd 0.0043
  2016H1      24,632 rows     22.9s  mean pd 0.0041
  2016H2      24,760 rows     23.1s  mean pd 0.0036
  2017H1      24,541 rows     23.0s  mean pd 0.0046
  2017H2      24,680 rows     23.0s  mean pd 0.0044
  2018H1      24,416 rows     22.9s  mean pd 0.0045
  2018H2      24,543 rows     23.2s  mean pd 0.0048
  2019H1      24,752 rows     22.8s  mean pd 0.0045
  2019H2      24,861 rows     23.1s  mean pd 0.0036
  2020H1      24,880 rows     23.0s  mean pd 0.0029
  2020H2      24,919 rows     22.8s  mean pd 0.0025
  2021H1      24,909 rows     23.3s  mean pd 0.0027
  2021H2      24,929 rows     22.9s  mean pd 0.0033
  2022H1      24,889 rows     23.1s  mean pd 0.0040
  2022H2      24,859 rows     22.9s  mean pd 0.0046
  2023H1      24,882 rows     23.4s  mean pd 0.0049
  2023H2      24,866 rows     22.9s  mean pd 0.0046
  repeat 2005H1: largest disagreement 0.00e+00, 0 rows differ

scored rows           : 2,793,369
reference rows        : 150,000
wall                  : 2817s

### tabicl@2026-09-15-fm-2006h2r-bundle-upb-nominal: /home/node/outoftime-node/.venv/bin/python score_context.py 2026-09-15-fm-2006h2r-bundle-upb-nominal --out-dir 2026-09-15-fm-2006h2r-bundle-upb-nominal-scored-tabicl --models tabicl --chunk 20000
tabicl/20260911: context 50,000 rows read in 2.1s
  reference   50,000 rows     19.4s  mean pd 0.0036
  2007H1      23,169 rows     11.7s  mean pd 0.0061
  2007H2      24,367 rows     11.8s  mean pd 0.0069
  2008H1      24,660 rows     11.8s  mean pd 0.0043
  2008H2      24,746 rows     11.8s  mean pd 0.0035
  2009H1      24,844 rows     11.8s  mean pd 0.0016
  2009H2      24,709 rows     11.9s  mean pd 0.0023
  2010H1      24,843 rows     12.0s  mean pd 0.0026
  2010H2      24,683 rows     11.8s  mean pd 0.0021
  2011H1      24,614 rows     11.8s  mean pd 0.0029
  2011H2      24,646 rows     11.8s  mean pd 0.0022
  2012H1      24,306 rows     11.8s  mean pd 0.0036
  2012H2      24,538 rows     11.8s  mean pd 0.0035
  2013H1      24,341 rows     11.8s  mean pd 0.0038
  2013H2      23,974 rows     11.7s  mean pd 0.0044
  2014H1      24,341 rows     11.8s  mean pd 0.0040
  2014H2      24,213 rows     11.8s  mean pd 0.0036
  2015H1      24,159 rows     11.8s  mean pd 0.0030
  2015H2      24,159 rows     11.8s  mean pd 0.0034
  2016H1      24,632 rows     11.8s  mean pd 0.0033
  2016H2      24,760 rows     11.9s  mean pd 0.0030
  2017H1      24,541 rows     11.8s  mean pd 0.0037
  2017H2      24,680 rows     11.8s  mean pd 0.0036
  2018H1      24,416 rows     11.8s  mean pd 0.0037
  2018H2      24,543 rows     11.8s  mean pd 0.0039
  2019H1      24,752 rows     11.8s  mean pd 0.0037
  2019H2      24,861 rows     11.8s  mean pd 0.0031
  2020H1      24,880 rows     11.8s  mean pd 0.0025
  2020H2      24,919 rows     11.8s  mean pd 0.0022
  2021H1      24,909 rows     11.8s  mean pd 0.0024
  2021H2      24,929 rows     11.8s  mean pd 0.0030
  2022H1      24,889 rows     11.8s  mean pd 0.0037
  2022H2      24,859 rows     11.8s  mean pd 0.0040
  2023H1      24,882 rows     11.8s  mean pd 0.0041
  2023H2      24,866 rows     11.8s  mean pd 0.0039
  repeat 2007H1: largest disagreement 0.00e+00, 0 rows differ
tabicl/20260912: context 50,000 rows read in 1.0s
  reference   50,000 rows     18.8s  mean pd 0.0033
  2007H1      23,169 rows     11.8s  mean pd 0.0055
  2007H2      24,367 rows     11.8s  mean pd 0.0060
  2008H1      24,660 rows     11.8s  mean pd 0.0035
  2008H2      24,746 rows     11.8s  mean pd 0.0029
  2009H1      24,844 rows     11.8s  mean pd 0.0012
  2009H2      24,709 rows     11.8s  mean pd 0.0018
  2010H1      24,843 rows     11.8s  mean pd 0.0020
  2010H2      24,683 rows     11.8s  mean pd 0.0016
  2011H1      24,614 rows     11.8s  mean pd 0.0023
  2011H2      24,646 rows     11.8s  mean pd 0.0017
  2012H1      24,306 rows     11.8s  mean pd 0.0028
  2012H2      24,538 rows     11.8s  mean pd 0.0027
  2013H1      24,341 rows     11.8s  mean pd 0.0029
  2013H2      23,974 rows     11.7s  mean pd 0.0034
  2014H1      24,341 rows     11.8s  mean pd 0.0032
  2014H2      24,213 rows     11.8s  mean pd 0.0028
  2015H1      24,159 rows     11.7s  mean pd 0.0023
  2015H2      24,159 rows     11.7s  mean pd 0.0027
  2016H1      24,632 rows     11.8s  mean pd 0.0025
  2016H2      24,760 rows     11.8s  mean pd 0.0022
  2017H1      24,541 rows     11.8s  mean pd 0.0028
  2017H2      24,680 rows     11.8s  mean pd 0.0028
  2018H1      24,416 rows     11.8s  mean pd 0.0029
  2018H2      24,543 rows     12.2s  mean pd 0.0031
  2019H1      24,752 rows     11.9s  mean pd 0.0028
  2019H2      24,861 rows     11.8s  mean pd 0.0022
  2020H1      24,880 rows     11.8s  mean pd 0.0017
  2020H2      24,919 rows     11.8s  mean pd 0.0015
  2021H1      24,909 rows     11.8s  mean pd 0.0016
  2021H2      24,929 rows     11.8s  mean pd 0.0020
  2022H1      24,889 rows     11.8s  mean pd 0.0025
  2022H2      24,859 rows     11.8s  mean pd 0.0028
  2023H1      24,882 rows     11.8s  mean pd 0.0029
  2023H2      24,866 rows     11.9s  mean pd 0.0028
  repeat 2007H1: largest disagreement 0.00e+00, 0 rows differ
tabicl/20260913: context 50,000 rows read in 1.0s
  reference   50,000 rows     18.9s  mean pd 0.0032
  2007H1      23,169 rows     11.7s  mean pd 0.0050
  2007H2      24,367 rows     11.8s  mean pd 0.0055
  2008H1      24,660 rows     11.8s  mean pd 0.0035
  2008H2      24,746 rows     11.8s  mean pd 0.0030
  2009H1      24,844 rows     11.8s  mean pd 0.0013
  2009H2      24,709 rows     11.8s  mean pd 0.0019
  2010H1      24,843 rows     11.8s  mean pd 0.0021
  2010H2      24,683 rows     11.8s  mean pd 0.0017
  2011H1      24,614 rows     11.8s  mean pd 0.0022
  2011H2      24,646 rows     11.8s  mean pd 0.0017
  2012H1      24,306 rows     11.8s  mean pd 0.0025
  2012H2      24,538 rows     11.8s  mean pd 0.0024
  2013H1      24,341 rows     11.8s  mean pd 0.0028
  2013H2      23,974 rows     11.7s  mean pd 0.0033
  2014H1      24,341 rows     11.8s  mean pd 0.0031
  2014H2      24,213 rows     11.9s  mean pd 0.0028
  2015H1      24,159 rows     11.8s  mean pd 0.0024
  2015H2      24,159 rows     11.7s  mean pd 0.0027
  2016H1      24,632 rows     11.8s  mean pd 0.0026
  2016H2      24,760 rows     11.8s  mean pd 0.0022
  2017H1      24,541 rows     11.8s  mean pd 0.0028
  2017H2      24,680 rows     11.8s  mean pd 0.0028
  2018H1      24,416 rows     11.8s  mean pd 0.0028
  2018H2      24,543 rows     11.8s  mean pd 0.0030
  2019H1      24,752 rows     11.8s  mean pd 0.0028
  2019H2      24,861 rows     11.8s  mean pd 0.0023
  2020H1      24,880 rows     12.1s  mean pd 0.0018
  2020H2      24,919 rows     11.8s  mean pd 0.0015
  2021H1      24,909 rows     11.8s  mean pd 0.0017
  2021H2      24,929 rows     11.8s  mean pd 0.0021
  2022H1      24,889 rows     11.8s  mean pd 0.0025
  2022H2      24,859 rows     11.8s  mean pd 0.0028
  2023H1      24,882 rows     11.9s  mean pd 0.0028
  2023H2      24,866 rows     12.2s  mean pd 0.0027
  repeat 2007H1: largest disagreement 0.00e+00, 0 rows differ

scored rows           : 2,506,890
reference rows        : 150,000
wall                  : 1319s

### tabpfn@2026-09-15-fm-2006h2r-bundle-upb-nominal: /home/node/outoftime-node/.venv/bin/python score_context.py 2026-09-15-fm-2006h2r-bundle-upb-nominal --out-dir 2026-09-15-fm-2006h2r-bundle-upb-nominal-scored-tabpfn --models tabpfn --chunk 20000
tabpfn/20260911: context 50,000 rows read in 3.3s
  reference   50,000 rows     37.3s  mean pd 0.0038
  2007H1      23,169 rows     22.5s  mean pd 0.0065
  2007H2      24,367 rows     22.8s  mean pd 0.0075
  2008H1      24,660 rows     22.8s  mean pd 0.0047
  2008H2      24,746 rows     23.0s  mean pd 0.0037
  2009H1      24,844 rows     22.8s  mean pd 0.0017
  2009H2      24,709 rows     22.7s  mean pd 0.0023
  2010H1      24,843 rows     22.8s  mean pd 0.0026
  2010H2      24,683 rows     22.8s  mean pd 0.0021
  2011H1      24,614 rows     22.7s  mean pd 0.0030
  2011H2      24,646 rows     22.7s  mean pd 0.0023
  2012H1      24,306 rows     22.8s  mean pd 0.0040
  2012H2      24,538 rows     22.9s  mean pd 0.0041
  2013H1      24,341 rows     22.9s  mean pd 0.0046
  2013H2      23,974 rows     22.6s  mean pd 0.0051
  2014H1      24,341 rows     22.8s  mean pd 0.0045
  2014H2      24,213 rows     22.8s  mean pd 0.0038
  2015H1      24,159 rows     22.8s  mean pd 0.0032
  2015H2      24,159 rows     22.7s  mean pd 0.0036
  2016H1      24,632 rows     22.8s  mean pd 0.0035
  2016H2      24,760 rows     22.8s  mean pd 0.0030
  2017H1      24,541 rows     22.9s  mean pd 0.0039
  2017H2      24,680 rows     22.8s  mean pd 0.0038
  2018H1      24,416 rows     22.8s  mean pd 0.0038
  2018H2      24,543 rows     22.7s  mean pd 0.0041
  2019H1      24,752 rows     22.6s  mean pd 0.0038
  2019H2      24,861 rows     22.6s  mean pd 0.0032
  2020H1      24,880 rows     22.8s  mean pd 0.0026
  2020H2      24,919 rows     22.8s  mean pd 0.0022
  2021H1      24,909 rows     22.7s  mean pd 0.0025
  2021H2      24,929 rows     22.7s  mean pd 0.0031
  2022H1      24,889 rows     22.9s  mean pd 0.0040
  2022H2      24,859 rows     23.0s  mean pd 0.0042
  2023H1      24,882 rows     22.9s  mean pd 0.0042
  2023H2      24,866 rows     22.8s  mean pd 0.0040
  repeat 2007H1: largest disagreement 0.00e+00, 0 rows differ
tabpfn/20260912: context 50,000 rows read in 0.9s
  reference   50,000 rows     36.4s  mean pd 0.0036
  2007H1      23,169 rows     22.5s  mean pd 0.0057
  2007H2      24,367 rows     22.9s  mean pd 0.0064
  2008H1      24,660 rows     22.9s  mean pd 0.0038
  2008H2      24,746 rows     23.0s  mean pd 0.0031
  2009H1      24,844 rows     22.8s  mean pd 0.0012
  2009H2      24,709 rows     22.7s  mean pd 0.0018
  2010H1      24,843 rows     22.7s  mean pd 0.0020
  2010H2      24,683 rows     22.9s  mean pd 0.0016
  2011H1      24,614 rows     22.8s  mean pd 0.0022
  2011H2      24,646 rows     22.9s  mean pd 0.0017
  2012H1      24,306 rows     22.8s  mean pd 0.0026
  2012H2      24,538 rows     23.1s  mean pd 0.0025
  2013H1      24,341 rows     22.8s  mean pd 0.0029
  2013H2      23,974 rows     22.5s  mean pd 0.0035
  2014H1      24,341 rows     22.8s  mean pd 0.0033
  2014H2      24,213 rows     22.8s  mean pd 0.0029
  2015H1      24,159 rows     22.9s  mean pd 0.0024
  2015H2      24,159 rows     22.9s  mean pd 0.0029
  2016H1      24,632 rows     22.9s  mean pd 0.0027
  2016H2      24,760 rows     22.8s  mean pd 0.0024
  2017H1      24,541 rows     23.4s  mean pd 0.0031
  2017H2      24,680 rows     22.8s  mean pd 0.0031
  2018H1      24,416 rows     22.8s  mean pd 0.0032
  2018H2      24,543 rows     22.8s  mean pd 0.0034
  2019H1      24,752 rows     22.8s  mean pd 0.0031
  2019H2      24,861 rows     22.8s  mean pd 0.0024
  2020H1      24,880 rows     23.2s  mean pd 0.0019
  2020H2      24,919 rows     22.8s  mean pd 0.0015
  2021H1      24,909 rows     22.8s  mean pd 0.0017
  2021H2      24,929 rows     23.1s  mean pd 0.0023
  2022H1      24,889 rows     23.3s  mean pd 0.0028
  2022H2      24,859 rows     23.2s  mean pd 0.0031
  2023H1      24,882 rows     22.7s  mean pd 0.0032
  2023H2      24,866 rows     22.9s  mean pd 0.0031
  repeat 2007H1: largest disagreement 0.00e+00, 0 rows differ
tabpfn/20260913: context 50,000 rows read in 0.9s
  reference   50,000 rows     36.5s  mean pd 0.0036
  2007H1      23,169 rows     22.4s  mean pd 0.0056
  2007H2      24,367 rows     22.7s  mean pd 0.0063
  2008H1      24,660 rows     23.1s  mean pd 0.0040
  2008H2      24,746 rows     22.9s  mean pd 0.0033
  2009H1      24,844 rows     22.8s  mean pd 0.0014
  2009H2      24,709 rows     22.7s  mean pd 0.0020
  2010H1      24,843 rows     23.3s  mean pd 0.0022
  2010H2      24,683 rows     22.9s  mean pd 0.0017
  2011H1      24,614 rows     22.7s  mean pd 0.0023
  2011H2      24,646 rows     23.0s  mean pd 0.0018
  2012H1      24,306 rows     22.9s  mean pd 0.0025
  2012H2      24,538 rows     22.6s  mean pd 0.0025
  2013H1      24,341 rows     23.5s  mean pd 0.0029
  2013H2      23,974 rows     22.5s  mean pd 0.0036
  2014H1      24,341 rows     23.3s  mean pd 0.0034
  2014H2      24,213 rows     22.7s  mean pd 0.0031
  2015H1      24,159 rows     23.2s  mean pd 0.0026
  2015H2      24,159 rows     22.8s  mean pd 0.0030
  2016H1      24,632 rows     23.3s  mean pd 0.0029
  2016H2      24,760 rows     22.6s  mean pd 0.0025
  2017H1      24,541 rows     23.3s  mean pd 0.0033
  2017H2      24,680 rows     23.1s  mean pd 0.0032
  2018H1      24,416 rows     22.8s  mean pd 0.0033
  2018H2      24,543 rows     23.3s  mean pd 0.0035
  2019H1      24,752 rows     22.7s  mean pd 0.0032
  2019H2      24,861 rows     23.0s  mean pd 0.0026
  2020H1      24,880 rows     22.8s  mean pd 0.0020
  2020H2      24,919 rows     23.2s  mean pd 0.0017
  2021H1      24,909 rows     22.7s  mean pd 0.0019
  2021H2      24,929 rows     23.4s  mean pd 0.0024
  2022H1      24,889 rows     22.7s  mean pd 0.0029
  2022H2      24,859 rows     23.2s  mean pd 0.0032
  2023H1      24,882 rows     22.8s  mean pd 0.0032
  2023H2      24,866 rows     22.8s  mean pd 0.0031
  repeat 2007H1: largest disagreement 0.00e+00, 0 rows differ

scored rows           : 2,506,890
reference rows        : 150,000
wall                  : 2532s

### tabicl@2026-09-15-fm-2008h2r-bundle-upb-nominal: /home/node/outoftime-node/.venv/bin/python score_context.py 2026-09-15-fm-2008h2r-bundle-upb-nominal --out-dir 2026-09-15-fm-2008h2r-bundle-upb-nominal-scored-tabicl --models tabicl --chunk 20000
tabicl/20260911: context 50,000 rows read in 2.1s
  reference   50,000 rows     19.4s  mean pd 0.0088
  2009H1      24,844 rows     11.8s  mean pd 0.0031
  2009H2      24,709 rows     11.8s  mean pd 0.0047
  2010H1      24,843 rows     11.8s  mean pd 0.0054
  2010H2      24,683 rows     11.8s  mean pd 0.0045
  2011H1      24,614 rows     11.8s  mean pd 0.0063
  2011H2      24,646 rows     11.8s  mean pd 0.0049
  2012H1      24,306 rows     11.8s  mean pd 0.0083
  2012H2      24,538 rows     11.8s  mean pd 0.0078
  2013H1      24,341 rows     11.8s  mean pd 0.0084
  2013H2      23,974 rows     11.7s  mean pd 0.0093
  2014H1      24,341 rows     11.8s  mean pd 0.0083
  2014H2      24,213 rows     11.7s  mean pd 0.0073
  2015H1      24,159 rows     11.7s  mean pd 0.0064
  2015H2      24,159 rows     11.7s  mean pd 0.0070
  2016H1      24,632 rows     11.8s  mean pd 0.0069
  2016H2      24,760 rows     11.8s  mean pd 0.0064
  2017H1      24,541 rows     11.8s  mean pd 0.0076
  2017H2      24,680 rows     11.8s  mean pd 0.0075
  2018H1      24,416 rows     11.8s  mean pd 0.0076
  2018H2      24,543 rows     11.8s  mean pd 0.0078
  2019H1      24,752 rows     12.1s  mean pd 0.0076
  2019H2      24,861 rows     11.9s  mean pd 0.0067
  2020H1      24,880 rows     11.8s  mean pd 0.0055
  2020H2      24,919 rows     11.8s  mean pd 0.0048
  2021H1      24,909 rows     11.8s  mean pd 0.0053
  2021H2      24,929 rows     11.8s  mean pd 0.0062
  2022H1      24,889 rows     11.8s  mean pd 0.0074
  2022H2      24,859 rows     11.8s  mean pd 0.0082
  2023H1      24,882 rows     11.8s  mean pd 0.0086
  2023H2      24,866 rows     12.0s  mean pd 0.0080
  repeat 2009H1: largest disagreement 0.00e+00, 0 rows differ
tabicl/20260912: context 50,000 rows read in 1.0s
  reference   50,000 rows     18.8s  mean pd 0.0089
  2009H1      24,844 rows     11.8s  mean pd 0.0034
  2009H2      24,709 rows     11.8s  mean pd 0.0048
  2010H1      24,843 rows     11.8s  mean pd 0.0054
  2010H2      24,683 rows     11.8s  mean pd 0.0046
  2011H1      24,614 rows     11.8s  mean pd 0.0062
  2011H2      24,646 rows     12.2s  mean pd 0.0049
  2012H1      24,306 rows     11.8s  mean pd 0.0078
  2012H2      24,538 rows     11.8s  mean pd 0.0075
  2013H1      24,341 rows     11.8s  mean pd 0.0081
  2013H2      23,974 rows     11.7s  mean pd 0.0091
  2014H1      24,341 rows     11.8s  mean pd 0.0083
  2014H2      24,213 rows     12.1s  mean pd 0.0075
  2015H1      24,159 rows     11.7s  mean pd 0.0067
  2015H2      24,159 rows     11.7s  mean pd 0.0073
  2016H1      24,632 rows     11.8s  mean pd 0.0073
  2016H2      24,760 rows     11.8s  mean pd 0.0069
  2017H1      24,541 rows     11.8s  mean pd 0.0080
  2017H2      24,680 rows     11.9s  mean pd 0.0079
  2018H1      24,416 rows     12.1s  mean pd 0.0081
  2018H2      24,543 rows     11.8s  mean pd 0.0083
  2019H1      24,752 rows     11.8s  mean pd 0.0082
  2019H2      24,861 rows     11.8s  mean pd 0.0075
  2020H1      24,880 rows     11.8s  mean pd 0.0063
  2020H2      24,919 rows     11.8s  mean pd 0.0056
  2021H1      24,909 rows     11.8s  mean pd 0.0061
  2021H2      24,929 rows     11.8s  mean pd 0.0071
  2022H1      24,889 rows     11.8s  mean pd 0.0085
  2022H2      24,859 rows     11.8s  mean pd 0.0094
  2023H1      24,882 rows     11.8s  mean pd 0.0099
  2023H2      24,866 rows     11.8s  mean pd 0.0091
  repeat 2009H1: largest disagreement 0.00e+00, 0 rows differ
tabicl/20260913: context 50,000 rows read in 1.0s
  reference   50,000 rows     18.9s  mean pd 0.0086
  2009H1      24,844 rows     11.8s  mean pd 0.0030
  2009H2      24,709 rows     11.8s  mean pd 0.0047
  2010H1      24,843 rows     12.2s  mean pd 0.0054
  2010H2      24,683 rows     11.9s  mean pd 0.0045
  2011H1      24,614 rows     11.8s  mean pd 0.0063
  2011H2      24,646 rows     11.8s  mean pd 0.0048
  2012H1      24,306 rows     11.8s  mean pd 0.0087
  2012H2      24,538 rows     11.8s  mean pd 0.0081
  2013H1      24,341 rows     11.8s  mean pd 0.0086
  2013H2      23,974 rows     11.7s  mean pd 0.0092
  2014H1      24,341 rows     11.8s  mean pd 0.0079
  2014H2      24,213 rows     11.8s  mean pd 0.0069
  2015H1      24,159 rows     11.8s  mean pd 0.0059
  2015H2      24,159 rows     11.9s  mean pd 0.0064
  2016H1      24,632 rows     11.8s  mean pd 0.0063
  2016H2      24,760 rows     11.8s  mean pd 0.0057
  2017H1      24,541 rows     11.8s  mean pd 0.0067
  2017H2      24,680 rows     11.8s  mean pd 0.0066
  2018H1      24,416 rows     11.8s  mean pd 0.0066
  2018H2      24,543 rows     11.8s  mean pd 0.0068
  2019H1      24,752 rows     11.8s  mean pd 0.0065
  2019H2      24,861 rows     11.8s  mean pd 0.0058
  2020H1      24,880 rows     11.8s  mean pd 0.0048
  2020H2      24,919 rows     11.8s  mean pd 0.0041
  2021H1      24,909 rows     11.8s  mean pd 0.0046
  2021H2      24,929 rows     11.8s  mean pd 0.0054
  2022H1      24,889 rows     12.0s  mean pd 0.0063
  2022H2      24,859 rows     11.9s  mean pd 0.0065
  2023H1      24,882 rows     11.9s  mean pd 0.0068
  2023H2      24,866 rows     11.8s  mean pd 0.0063
  repeat 2009H1: largest disagreement 0.00e+00, 0 rows differ

scored rows           : 2,216,064
reference rows        : 150,000
wall                  : 1176s

### tabpfn@2026-09-15-fm-2008h2r-bundle-upb-nominal: /home/node/outoftime-node/.venv/bin/python score_context.py 2026-09-15-fm-2008h2r-bundle-upb-nominal --out-dir 2026-09-15-fm-2008h2r-bundle-upb-nominal-scored-tabpfn --models tabpfn --chunk 20000
tabpfn/20260911: context 50,000 rows read in 2.1s
  reference   50,000 rows     36.9s  mean pd 0.0087
  2009H1      24,844 rows     23.0s  mean pd 0.0029
  2009H2      24,709 rows     22.8s  mean pd 0.0043
  2010H1      24,843 rows     22.7s  mean pd 0.0049
  2010H2      24,683 rows     22.9s  mean pd 0.0041
  2011H1      24,614 rows     22.8s  mean pd 0.0056
  2011H2      24,646 rows     22.7s  mean pd 0.0045
  2012H1      24,306 rows     22.6s  mean pd 0.0073
  2012H2      24,538 rows     22.7s  mean pd 0.0070
  2013H1      24,341 rows     22.9s  mean pd 0.0077
  2013H2      23,974 rows     22.4s  mean pd 0.0087
  2014H1      24,341 rows     22.7s  mean pd 0.0079
  2014H2      24,213 rows     22.6s  mean pd 0.0071
  2015H1      24,159 rows     22.7s  mean pd 0.0062
  2015H2      24,159 rows     22.7s  mean pd 0.0067
  2016H1      24,632 rows     22.7s  mean pd 0.0067
  2016H2      24,760 rows     22.7s  mean pd 0.0062
  2017H1      24,541 rows     22.6s  mean pd 0.0074
  2017H2      24,680 rows     22.7s  mean pd 0.0073
  2018H1      24,416 rows     22.7s  mean pd 0.0074
  2018H2      24,543 rows     22.7s  mean pd 0.0076
  2019H1      24,752 rows     22.7s  mean pd 0.0074
  2019H2      24,861 rows     22.7s  mean pd 0.0066
  2020H1      24,880 rows     23.2s  mean pd 0.0054
  2020H2      24,919 rows     22.9s  mean pd 0.0047
  2021H1      24,909 rows     22.7s  mean pd 0.0052
  2021H2      24,929 rows     22.8s  mean pd 0.0061
  2022H1      24,889 rows     22.7s  mean pd 0.0072
  2022H2      24,859 rows     22.7s  mean pd 0.0078
  2023H1      24,882 rows     22.7s  mean pd 0.0081
  2023H2      24,866 rows     22.7s  mean pd 0.0075
  repeat 2009H1: largest disagreement 0.00e+00, 0 rows differ
tabpfn/20260912: context 50,000 rows read in 0.8s
  reference   50,000 rows     36.6s  mean pd 0.0089
  2009H1      24,844 rows     22.8s  mean pd 0.0033
  2009H2      24,709 rows     23.0s  mean pd 0.0047
  2010H1      24,843 rows     23.1s  mean pd 0.0055
  2010H2      24,683 rows     22.8s  mean pd 0.0046
  2011H1      24,614 rows     23.4s  mean pd 0.0062
  2011H2      24,646 rows     22.7s  mean pd 0.0050
  2012H1      24,306 rows     22.7s  mean pd 0.0080
  2012H2      24,538 rows     22.7s  mean pd 0.0078
  2013H1      24,341 rows     22.7s  mean pd 0.0085
  2013H2      23,974 rows     22.4s  mean pd 0.0096
  2014H1      24,341 rows     23.1s  mean pd 0.0086
  2014H2      24,213 rows     22.9s  mean pd 0.0077
  2015H1      24,159 rows     22.8s  mean pd 0.0069
  2015H2      24,159 rows     22.7s  mean pd 0.0074
  2016H1      24,632 rows     23.0s  mean pd 0.0074
  2016H2      24,760 rows     22.8s  mean pd 0.0069
  2017H1      24,541 rows     22.7s  mean pd 0.0081
  2017H2      24,680 rows     22.7s  mean pd 0.0079
  2018H1      24,416 rows     23.4s  mean pd 0.0080
  2018H2      24,543 rows     22.8s  mean pd 0.0082
  2019H1      24,752 rows     22.8s  mean pd 0.0082
  2019H2      24,861 rows     22.7s  mean pd 0.0075
  2020H1      24,880 rows     23.4s  mean pd 0.0064
  2020H2      24,919 rows     23.0s  mean pd 0.0058
  2021H1      24,909 rows     22.7s  mean pd 0.0062
  2021H2      24,929 rows     22.7s  mean pd 0.0072
  2022H1      24,889 rows     22.9s  mean pd 0.0086
  2022H2      24,859 rows     22.8s  mean pd 0.0092
  2023H1      24,882 rows     22.9s  mean pd 0.0096
  2023H2      24,866 rows     23.4s  mean pd 0.0088
  repeat 2009H1: largest disagreement 0.00e+00, 0 rows differ
tabpfn/20260913: context 50,000 rows read in 0.8s
  reference   50,000 rows     36.3s  mean pd 0.0085
  2009H1      24,844 rows     22.7s  mean pd 0.0028
  2009H2      24,709 rows     22.8s  mean pd 0.0044
  2010H1      24,843 rows     23.1s  mean pd 0.0051
  2010H2      24,683 rows     23.1s  mean pd 0.0042
  2011H1      24,614 rows     22.9s  mean pd 0.0060
  2011H2      24,646 rows     22.8s  mean pd 0.0046
  2012H1      24,306 rows     22.8s  mean pd 0.0083
  2012H2      24,538 rows     22.8s  mean pd 0.0079
  2013H1      24,341 rows     23.3s  mean pd 0.0085
  2013H2      23,974 rows     22.6s  mean pd 0.0092
  2014H1      24,341 rows     22.8s  mean pd 0.0079
  2014H2      24,213 rows     22.7s  mean pd 0.0068
  2015H1      24,159 rows     22.9s  mean pd 0.0058
  2015H2      24,159 rows     22.7s  mean pd 0.0063
  2016H1      24,632 rows     22.7s  mean pd 0.0062
  2016H2      24,760 rows     22.8s  mean pd 0.0056
  2017H1      24,541 rows     23.4s  mean pd 0.0067
  2017H2      24,680 rows     22.7s  mean pd 0.0066
  2018H1      24,416 rows     22.8s  mean pd 0.0066
  2018H2      24,543 rows     22.8s  mean pd 0.0067
  2019H1      24,752 rows     22.8s  mean pd 0.0065
  2019H2      24,861 rows     23.1s  mean pd 0.0058
  2020H1      24,880 rows     22.8s  mean pd 0.0048
  2020H2      24,919 rows     22.7s  mean pd 0.0041
  2021H1      24,909 rows     22.9s  mean pd 0.0046
  2021H2      24,929 rows     22.8s  mean pd 0.0054
  2022H1      24,889 rows     22.8s  mean pd 0.0063
  2022H2      24,859 rows     23.0s  mean pd 0.0064
  2023H1      24,882 rows     23.0s  mean pd 0.0067
  2023H2      24,866 rows     23.0s  mean pd 0.0062
  repeat 2009H1: largest disagreement 0.00e+00, 0 rows differ

scored rows           : 2,216,064
reference rows        : 150,000
wall                  : 2252s

### tabicl@2026-09-15-fm-2010h2r-bundle-upb-nominal: /home/node/outoftime-node/.venv/bin/python score_context.py 2026-09-15-fm-2010h2r-bundle-upb-nominal --out-dir 2026-09-15-fm-2010h2r-bundle-upb-nominal-scored-tabicl --models tabicl --chunk 20000
tabicl/20260911: context 50,000 rows read in 2.1s
  reference   50,000 rows     19.4s  mean pd 0.0387
  2011H1      24,614 rows     11.8s  mean pd 0.0216
  2011H2      24,646 rows     11.8s  mean pd 0.0176
  2012H1      24,306 rows     11.8s  mean pd 0.0260
  2012H2      24,538 rows     11.8s  mean pd 0.0267
  2013H1      24,341 rows     11.8s  mean pd 0.0293
  2013H2      23,974 rows     11.7s  mean pd 0.0329
  2014H1      24,341 rows     11.8s  mean pd 0.0324
  2014H2      24,213 rows     11.8s  mean pd 0.0313
  2015H1      24,159 rows     12.1s  mean pd 0.0298
  2015H2      24,159 rows     11.8s  mean pd 0.0307
  2016H1      24,632 rows     11.8s  mean pd 0.0318
  2016H2      24,760 rows     11.8s  mean pd 0.0319
  2017H1      24,541 rows     11.8s  mean pd 0.0350
  2017H2      24,680 rows     11.8s  mean pd 0.0344
  2018H1      24,416 rows     11.8s  mean pd 0.0342
  2018H2      24,543 rows     11.8s  mean pd 0.0339
  2019H1      24,752 rows     11.8s  mean pd 0.0358
  2019H2      24,861 rows     11.8s  mean pd 0.0351
  2020H1      24,880 rows     11.8s  mean pd 0.0306
  2020H2      24,919 rows     11.8s  mean pd 0.0272
  2021H1      24,909 rows     11.8s  mean pd 0.0292
  2021H2      24,929 rows     11.8s  mean pd 0.0329
  2022H1      24,889 rows     11.8s  mean pd 0.0381
  2022H2      24,859 rows     12.2s  mean pd 0.0386
  2023H1      24,882 rows     12.0s  mean pd 0.0407
  2023H2      24,866 rows     11.8s  mean pd 0.0357
  repeat 2011H1: largest disagreement 0.00e+00, 0 rows differ
tabicl/20260912: context 50,000 rows read in 1.1s
  reference   50,000 rows     18.9s  mean pd 0.0390
  2011H1      24,614 rows     11.8s  mean pd 0.0211
  2011H2      24,646 rows     11.8s  mean pd 0.0171
  2012H1      24,306 rows     11.8s  mean pd 0.0270
  2012H2      24,538 rows     11.8s  mean pd 0.0277
  2013H1      24,341 rows     11.8s  mean pd 0.0296
  2013H2      23,974 rows     12.1s  mean pd 0.0325
  2014H1      24,341 rows     12.0s  mean pd 0.0315
  2014H2      24,213 rows     11.8s  mean pd 0.0305
  2015H1      24,159 rows     11.8s  mean pd 0.0291
  2015H2      24,159 rows     11.8s  mean pd 0.0300
  2016H1      24,632 rows     11.8s  mean pd 0.0308
  2016H2      24,760 rows     11.8s  mean pd 0.0312
  2017H1      24,541 rows     11.8s  mean pd 0.0341
  2017H2      24,680 rows     11.8s  mean pd 0.0337
  2018H1      24,416 rows     11.8s  mean pd 0.0335
  2018H2      24,543 rows     12.0s  mean pd 0.0330
  2019H1      24,752 rows     12.1s  mean pd 0.0350
  2019H2      24,861 rows     11.8s  mean pd 0.0343
  2020H1      24,880 rows     11.8s  mean pd 0.0301
  2020H2      24,919 rows     11.8s  mean pd 0.0268
  2021H1      24,909 rows     11.8s  mean pd 0.0290
  2021H2      24,929 rows     11.8s  mean pd 0.0327
  2022H1      24,889 rows     11.8s  mean pd 0.0379
  2022H2      24,859 rows     11.8s  mean pd 0.0375
  2023H1      24,882 rows     12.3s  mean pd 0.0396
  2023H2      24,866 rows     11.9s  mean pd 0.0348
  repeat 2011H1: largest disagreement 0.00e+00, 0 rows differ
tabicl/20260913: context 50,000 rows read in 1.0s
  reference   50,000 rows     18.9s  mean pd 0.0439
  2011H1      24,614 rows     11.8s  mean pd 0.0252
  2011H2      24,646 rows     11.8s  mean pd 0.0208
  2012H1      24,306 rows     11.9s  mean pd 0.0315
  2012H2      24,538 rows     12.4s  mean pd 0.0321
  2013H1      24,341 rows     11.8s  mean pd 0.0346
  2013H2      23,974 rows     11.7s  mean pd 0.0377
  2014H1      24,341 rows     11.8s  mean pd 0.0360
  2014H2      24,213 rows     11.8s  mean pd 0.0346
  2015H1      24,159 rows     11.8s  mean pd 0.0334
  2015H2      24,159 rows     11.7s  mean pd 0.0339
  2016H1      24,632 rows     12.3s  mean pd 0.0351
  2016H2      24,760 rows     11.8s  mean pd 0.0353
  2017H1      24,541 rows     11.8s  mean pd 0.0383
  2017H2      24,680 rows     11.8s  mean pd 0.0377
  2018H1      24,416 rows     11.8s  mean pd 0.0371
  2018H2      24,543 rows     11.8s  mean pd 0.0363
  2019H1      24,752 rows     11.8s  mean pd 0.0386
  2019H2      24,861 rows     11.8s  mean pd 0.0386
  2020H1      24,880 rows     11.9s  mean pd 0.0348
  2020H2      24,919 rows     12.3s  mean pd 0.0313
  2021H1      24,909 rows     11.8s  mean pd 0.0338
  2021H2      24,929 rows     11.8s  mean pd 0.0377
  2022H1      24,889 rows     11.8s  mean pd 0.0423
  2022H2      24,859 rows     11.8s  mean pd 0.0405
  2023H1      24,882 rows     11.8s  mean pd 0.0417
  2023H2      24,866 rows     11.8s  mean pd 0.0369
  repeat 2011H1: largest disagreement 0.00e+00, 0 rows differ

scored rows           : 1,918,827
reference rows        : 150,000
wall                  : 1036s

### tabpfn@2026-09-15-fm-2010h2r-bundle-upb-nominal: /home/node/outoftime-node/.venv/bin/python score_context.py 2026-09-15-fm-2010h2r-bundle-upb-nominal --out-dir 2026-09-15-fm-2010h2r-bundle-upb-nominal-scored-tabpfn --models tabpfn --chunk 20000
tabpfn/20260911: context 50,000 rows read in 2.3s
  reference   50,000 rows     37.9s  mean pd 0.0371
  2011H1      24,614 rows     22.7s  mean pd 0.0201
  2011H2      24,646 rows     22.9s  mean pd 0.0163
  2012H1      24,306 rows     23.4s  mean pd 0.0252
  2012H2      24,538 rows     22.8s  mean pd 0.0256
  2013H1      24,341 rows     22.8s  mean pd 0.0279
  2013H2      23,974 rows     22.4s  mean pd 0.0312
  2014H1      24,341 rows     22.7s  mean pd 0.0307
  2014H2      24,213 rows     22.7s  mean pd 0.0295
  2015H1      24,159 rows     23.3s  mean pd 0.0282
  2015H2      24,159 rows     22.7s  mean pd 0.0292
  2016H1      24,632 rows     22.9s  mean pd 0.0302
  2016H2      24,760 rows     22.9s  mean pd 0.0306
  2017H1      24,541 rows     23.0s  mean pd 0.0340
  2017H2      24,680 rows     23.0s  mean pd 0.0334
  2018H1      24,416 rows     23.2s  mean pd 0.0333
  2018H2      24,543 rows     22.7s  mean pd 0.0331
  2019H1      24,752 rows     22.8s  mean pd 0.0348
  2019H2      24,861 rows     22.7s  mean pd 0.0336
  2020H1      24,880 rows     22.9s  mean pd 0.0288
  2020H2      24,919 rows     23.1s  mean pd 0.0256
  2021H1      24,909 rows     22.9s  mean pd 0.0275
  2021H2      24,929 rows     22.7s  mean pd 0.0312
  2022H1      24,889 rows     22.7s  mean pd 0.0362
  2022H2      24,859 rows     22.7s  mean pd 0.0366
  2023H1      24,882 rows     22.9s  mean pd 0.0389
  2023H2      24,866 rows     23.3s  mean pd 0.0345
  repeat 2011H1: largest disagreement 0.00e+00, 0 rows differ
tabpfn/20260912: context 50,000 rows read in 0.9s
  reference   50,000 rows     36.1s  mean pd 0.0355
  2011H1      24,614 rows     22.7s  mean pd 0.0207
  2011H2      24,646 rows     22.8s  mean pd 0.0166
  2012H1      24,306 rows     23.3s  mean pd 0.0279
  2012H2      24,538 rows     23.0s  mean pd 0.0277
  2013H1      24,341 rows     22.7s  mean pd 0.0292
  2013H2      23,974 rows     22.4s  mean pd 0.0316
  2014H1      24,341 rows     22.7s  mean pd 0.0302
  2014H2      24,213 rows     22.7s  mean pd 0.0287
  2015H1      24,159 rows     22.7s  mean pd 0.0274
  2015H2      24,159 rows     22.8s  mean pd 0.0283
  2016H1      24,632 rows     23.1s  mean pd 0.0291
  2016H2      24,760 rows     22.9s  mean pd 0.0295
  2017H1      24,541 rows     22.7s  mean pd 0.0331
  2017H2      24,680 rows     22.7s  mean pd 0.0325
  2018H1      24,416 rows     22.7s  mean pd 0.0325
  2018H2      24,543 rows     22.7s  mean pd 0.0324
  2019H1      24,752 rows     22.7s  mean pd 0.0343
  2019H2      24,861 rows     22.7s  mean pd 0.0330
  2020H1      24,880 rows     22.7s  mean pd 0.0284
  2020H2      24,919 rows     22.7s  mean pd 0.0257
  2021H1      24,909 rows     22.7s  mean pd 0.0276
  2021H2      24,929 rows     23.1s  mean pd 0.0313
  2022H1      24,889 rows     23.1s  mean pd 0.0363
  2022H2      24,859 rows     22.8s  mean pd 0.0373
  2023H1      24,882 rows     22.8s  mean pd 0.0400
  2023H2      24,866 rows     22.8s  mean pd 0.0352
  repeat 2011H1: largest disagreement 0.00e+00, 0 rows differ
tabpfn/20260913: context 50,000 rows read in 0.8s
  reference   50,000 rows     36.2s  mean pd 0.0346
  2011H1      24,614 rows     22.7s  mean pd 0.0233
  2011H2      24,646 rows     22.7s  mean pd 0.0189
  2012H1      24,306 rows     22.6s  mean pd 0.0334
  2012H2      24,538 rows     23.1s  mean pd 0.0324
  2013H1      24,341 rows     22.9s  mean pd 0.0337
  2013H2      23,974 rows     22.4s  mean pd 0.0352
  2014H1      24,341 rows     22.9s  mean pd 0.0322
  2014H2      24,213 rows     22.9s  mean pd 0.0297
  2015H1      24,159 rows     22.7s  mean pd 0.0283
  2015H2      24,159 rows     22.7s  mean pd 0.0288
  2016H1      24,632 rows     22.7s  mean pd 0.0297
  2016H2      24,760 rows     22.7s  mean pd 0.0297
  2017H1      24,541 rows     23.1s  mean pd 0.0331
  2017H2      24,680 rows     23.0s  mean pd 0.0323
  2018H1      24,416 rows     22.8s  mean pd 0.0323
  2018H2      24,543 rows     22.8s  mean pd 0.0318
  2019H1      24,752 rows     22.8s  mean pd 0.0339
  2019H2      24,861 rows     22.8s  mean pd 0.0331
  2020H1      24,880 rows     22.8s  mean pd 0.0293
  2020H2      24,919 rows     23.3s  mean pd 0.0266
  2021H1      24,909 rows     22.9s  mean pd 0.0280
  2021H2      24,929 rows     22.8s  mean pd 0.0309
  2022H1      24,889 rows     22.7s  mean pd 0.0355
  2022H2      24,859 rows     22.7s  mean pd 0.0362
  2023H1      24,882 rows     22.7s  mean pd 0.0385
  2023H2      24,866 rows     23.5s  mean pd 0.0342
  repeat 2011H1: largest disagreement 0.00e+00, 0 rows differ

scored rows           : 1,918,827
reference rows        : 150,000
wall                  : 1977s

### tabicl@2026-09-15-fm-2012h2r-bundle-upb-nominal: /home/node/outoftime-node/.venv/bin/python score_context.py 2026-09-15-fm-2012h2r-bundle-upb-nominal --out-dir 2026-09-15-fm-2012h2r-bundle-upb-nominal-scored-tabicl --models tabicl --chunk 20000
tabicl/20260911: context 50,000 rows read in 2.1s
  reference   50,000 rows     19.2s  mean pd 0.0064
  2013H1      24,341 rows     11.6s  mean pd 0.0111
  2013H2      23,974 rows     11.6s  mean pd 0.0121
  2014H1      24,341 rows     11.6s  mean pd 0.0109
  2014H2      24,213 rows     12.0s  mean pd 0.0098
  2015H1      24,159 rows     11.7s  mean pd 0.0086
  2015H2      24,159 rows     11.6s  mean pd 0.0096
  2016H1      24,632 rows     11.6s  mean pd 0.0096
  2016H2      24,760 rows     11.7s  mean pd 0.0090
  2017H1      24,541 rows     11.6s  mean pd 0.0108
  2017H2      24,680 rows     11.7s  mean pd 0.0106
  2018H1      24,416 rows     12.0s  mean pd 0.0105
  2018H2      24,543 rows     11.7s  mean pd 0.0107
  2019H1      24,752 rows     11.6s  mean pd 0.0105
  2019H2      24,861 rows     11.7s  mean pd 0.0093
  2020H1      24,880 rows     11.7s  mean pd 0.0077
  2020H2      24,919 rows     11.7s  mean pd 0.0065
  2021H1      24,909 rows     11.7s  mean pd 0.0078
  2021H2      24,929 rows     11.7s  mean pd 0.0100
  2022H1      24,889 rows     11.7s  mean pd 0.0121
  2022H2      24,859 rows     11.7s  mean pd 0.0115
  2023H1      24,882 rows     11.7s  mean pd 0.0112
  2023H2      24,866 rows     11.6s  mean pd 0.0103
  repeat 2013H1: largest disagreement 0.00e+00, 0 rows differ
tabicl/20260912: context 50,000 rows read in 1.0s
  reference   50,000 rows     18.7s  mean pd 0.0069
  2013H1      24,341 rows     12.0s  mean pd 0.0109
  2013H2      23,974 rows     11.7s  mean pd 0.0118
  2014H1      24,341 rows     11.6s  mean pd 0.0107
  2014H2      24,213 rows     11.6s  mean pd 0.0097
  2015H1      24,159 rows     11.6s  mean pd 0.0085
  2015H2      24,159 rows     11.6s  mean pd 0.0095
  2016H1      24,632 rows     11.6s  mean pd 0.0094
  2016H2      24,760 rows     11.6s  mean pd 0.0087
  2017H1      24,541 rows     11.6s  mean pd 0.0105
  2017H2      24,680 rows     11.6s  mean pd 0.0103
  2018H1      24,416 rows     11.6s  mean pd 0.0100
  2018H2      24,543 rows     11.6s  mean pd 0.0102
  2019H1      24,752 rows     11.6s  mean pd 0.0099
  2019H2      24,861 rows     11.7s  mean pd 0.0089
  2020H1      24,880 rows     12.2s  mean pd 0.0074
  2020H2      24,919 rows     11.7s  mean pd 0.0061
  2021H1      24,909 rows     11.7s  mean pd 0.0074
  2021H2      24,929 rows     11.7s  mean pd 0.0095
  2022H1      24,889 rows     11.7s  mean pd 0.0115
  2022H2      24,859 rows     11.7s  mean pd 0.0102
  2023H1      24,882 rows     11.7s  mean pd 0.0096
  2023H2      24,866 rows     11.7s  mean pd 0.0090
  repeat 2013H1: largest disagreement 0.00e+00, 0 rows differ
tabicl/20260913: context 50,000 rows read in 1.0s
  reference   50,000 rows     18.7s  mean pd 0.0063
  2013H1      24,341 rows     11.6s  mean pd 0.0110
  2013H2      23,974 rows     11.9s  mean pd 0.0119
  2014H1      24,341 rows     11.8s  mean pd 0.0106
  2014H2      24,213 rows     11.6s  mean pd 0.0094
  2015H1      24,159 rows     11.6s  mean pd 0.0082
  2015H2      24,159 rows     11.6s  mean pd 0.0092
  2016H1      24,632 rows     11.6s  mean pd 0.0092
  2016H2      24,760 rows     11.6s  mean pd 0.0086
  2017H1      24,541 rows     11.6s  mean pd 0.0103
  2017H2      24,680 rows     11.6s  mean pd 0.0101
  2018H1      24,416 rows     11.6s  mean pd 0.0101
  2018H2      24,543 rows     11.6s  mean pd 0.0103
  2019H1      24,752 rows     11.6s  mean pd 0.0100
  2019H2      24,861 rows     11.7s  mean pd 0.0088
  2020H1      24,880 rows     11.7s  mean pd 0.0072
  2020H2      24,919 rows     11.7s  mean pd 0.0061
  2021H1      24,909 rows     11.7s  mean pd 0.0074
  2021H2      24,929 rows     12.1s  mean pd 0.0097
  2022H1      24,889 rows     11.8s  mean pd 0.0116
  2022H2      24,859 rows     11.7s  mean pd 0.0107
  2023H1      24,882 rows     11.7s  mean pd 0.0105
  2023H2      24,866 rows     11.7s  mean pd 0.0098
  repeat 2013H1: largest disagreement 0.00e+00, 0 rows differ

scored rows           : 1,624,515
reference rows        : 150,000
wall                  : 879s

### tabpfn@2026-09-15-fm-2012h2r-bundle-upb-nominal: /home/node/outoftime-node/.venv/bin/python score_context.py 2026-09-15-fm-2012h2r-bundle-upb-nominal --out-dir 2026-09-15-fm-2012h2r-bundle-upb-nominal-scored-tabpfn --models tabpfn --chunk 20000
tabpfn/20260911: context 50,000 rows read in 2.1s
  reference   50,000 rows     37.1s  mean pd 0.0065
  2013H1      24,341 rows     23.1s  mean pd 0.0106
  2013H2      23,974 rows     22.5s  mean pd 0.0116
  2014H1      24,341 rows     22.7s  mean pd 0.0104
  2014H2      24,213 rows     22.8s  mean pd 0.0094
  2015H1      24,159 rows     22.8s  mean pd 0.0083
  2015H2      24,159 rows     22.8s  mean pd 0.0092
  2016H1      24,632 rows     22.7s  mean pd 0.0092
  2016H2      24,760 rows     22.7s  mean pd 0.0087
  2017H1      24,541 rows     23.4s  mean pd 0.0105
  2017H2      24,680 rows     22.7s  mean pd 0.0102
  2018H1      24,416 rows     22.9s  mean pd 0.0101
  2018H2      24,543 rows     22.8s  mean pd 0.0103
  2019H1      24,752 rows     22.8s  mean pd 0.0101
  2019H2      24,861 rows     23.5s  mean pd 0.0090
  2020H1      24,880 rows     23.0s  mean pd 0.0074
  2020H2      24,919 rows     22.9s  mean pd 0.0063
  2021H1      24,909 rows     22.9s  mean pd 0.0076
  2021H2      24,929 rows     22.9s  mean pd 0.0098
  2022H1      24,889 rows     22.7s  mean pd 0.0119
  2022H2      24,859 rows     22.8s  mean pd 0.0111
  2023H1      24,882 rows     23.0s  mean pd 0.0106
  2023H2      24,866 rows     23.0s  mean pd 0.0099
  repeat 2013H1: largest disagreement 0.00e+00, 0 rows differ
tabpfn/20260912: context 50,000 rows read in 0.9s
  reference   50,000 rows     36.4s  mean pd 0.0062
  2013H1      24,341 rows     22.9s  mean pd 0.0098
  2013H2      23,974 rows     22.8s  mean pd 0.0106
  2014H1      24,341 rows     22.9s  mean pd 0.0094
  2014H2      24,213 rows     22.7s  mean pd 0.0084
  2015H1      24,159 rows     22.9s  mean pd 0.0074
  2015H2      24,159 rows     22.8s  mean pd 0.0082
  2016H1      24,632 rows     22.9s  mean pd 0.0081
  2016H2      24,760 rows     22.9s  mean pd 0.0074
  2017H1      24,541 rows     22.9s  mean pd 0.0091
  2017H2      24,680 rows     22.8s  mean pd 0.0089
  2018H1      24,416 rows     22.7s  mean pd 0.0088
  2018H2      24,543 rows     23.5s  mean pd 0.0090
  2019H1      24,752 rows     22.7s  mean pd 0.0087
  2019H2      24,861 rows     22.8s  mean pd 0.0076
  2020H1      24,880 rows     22.8s  mean pd 0.0064
  2020H2      24,919 rows     22.8s  mean pd 0.0052
  2021H1      24,909 rows     22.8s  mean pd 0.0063
  2021H2      24,929 rows     23.3s  mean pd 0.0081
  2022H1      24,889 rows     23.0s  mean pd 0.0100
  2022H2      24,859 rows     22.7s  mean pd 0.0088
  2023H1      24,882 rows     22.9s  mean pd 0.0083
  2023H2      24,866 rows     22.8s  mean pd 0.0079
  repeat 2013H1: largest disagreement 0.00e+00, 0 rows differ
tabpfn/20260913: context 50,000 rows read in 0.8s
  reference   50,000 rows     36.9s  mean pd 0.0062
  2013H1      24,341 rows     22.8s  mean pd 0.0104
  2013H2      23,974 rows     22.5s  mean pd 0.0113
  2014H1      24,341 rows     22.9s  mean pd 0.0101
  2014H2      24,213 rows     22.8s  mean pd 0.0090
  2015H1      24,159 rows     22.8s  mean pd 0.0079
  2015H2      24,159 rows     22.8s  mean pd 0.0089
  2016H1      24,632 rows     23.5s  mean pd 0.0088
  2016H2      24,760 rows     22.9s  mean pd 0.0082
  2017H1      24,541 rows     22.7s  mean pd 0.0100
  2017H2      24,680 rows     22.7s  mean pd 0.0098
  2018H1      24,416 rows     22.7s  mean pd 0.0096
  2018H2      24,543 rows     22.8s  mean pd 0.0099
  2019H1      24,752 rows     22.8s  mean pd 0.0096
  2019H2      24,861 rows     23.4s  mean pd 0.0084
  2020H1      24,880 rows     23.0s  mean pd 0.0069
  2020H2      24,919 rows     22.9s  mean pd 0.0058
  2021H1      24,909 rows     22.8s  mean pd 0.0070
  2021H2      24,929 rows     22.8s  mean pd 0.0092
  2022H1      24,889 rows     22.9s  mean pd 0.0112
  2022H2      24,859 rows     23.3s  mean pd 0.0102
  2023H1      24,882 rows     22.7s  mean pd 0.0099
  2023H2      24,866 rows     22.7s  mean pd 0.0093
  repeat 2013H1: largest disagreement 0.00e+00, 0 rows differ

scored rows           : 1,624,515
reference rows        : 150,000
wall                  : 1705s

### tabicl@2026-09-15-fm-2014h2r-bundle-upb-nominal: /home/node/outoftime-node/.venv/bin/python score_context.py 2026-09-15-fm-2014h2r-bundle-upb-nominal --out-dir 2026-09-15-fm-2014h2r-bundle-upb-nominal-scored-tabicl --models tabicl --chunk 20000
tabicl/20260911: context 50,000 rows read in 2.1s
  reference   50,000 rows     19.2s  mean pd 0.0043
  2015H1      24,159 rows     11.6s  mean pd 0.0033
  2015H2      24,159 rows     11.6s  mean pd 0.0036
  2016H1      24,632 rows     11.6s  mean pd 0.0035
  2016H2      24,760 rows     11.6s  mean pd 0.0031
  2017H1      24,541 rows     11.6s  mean pd 0.0039
  2017H2      24,680 rows     11.6s  mean pd 0.0038
  2018H1      24,416 rows     11.6s  mean pd 0.0040
  2018H2      24,543 rows     12.2s  mean pd 0.0041
  2019H1      24,752 rows     11.7s  mean pd 0.0040
  2019H2      24,861 rows     11.7s  mean pd 0.0034
  2020H1      24,880 rows     11.7s  mean pd 0.0027
  2020H2      24,919 rows     11.7s  mean pd 0.0022
  2021H1      24,909 rows     11.7s  mean pd 0.0025
  2021H2      24,929 rows     11.7s  mean pd 0.0028
  2022H1      24,889 rows     11.7s  mean pd 0.0032
  2022H2      24,859 rows     11.7s  mean pd 0.0036
  2023H1      24,882 rows     11.7s  mean pd 0.0042
  2023H2      24,866 rows     11.7s  mean pd 0.0041
  repeat 2015H1: largest disagreement 0.00e+00, 0 rows differ
tabicl/20260912: context 50,000 rows read in 1.0s
  reference   50,000 rows     18.9s  mean pd 0.0044
  2015H1      24,159 rows     11.9s  mean pd 0.0030
  2015H2      24,159 rows     11.7s  mean pd 0.0031
  2016H1      24,632 rows     11.6s  mean pd 0.0030
  2016H2      24,760 rows     11.6s  mean pd 0.0026
  2017H1      24,541 rows     11.6s  mean pd 0.0031
  2017H2      24,680 rows     11.6s  mean pd 0.0029
  2018H1      24,416 rows     11.6s  mean pd 0.0029
  2018H2      24,543 rows     11.6s  mean pd 0.0030
  2019H1      24,752 rows     11.6s  mean pd 0.0029
  2019H2      24,861 rows     11.7s  mean pd 0.0026
  2020H1      24,880 rows     11.7s  mean pd 0.0022
  2020H2      24,919 rows     11.7s  mean pd 0.0019
  2021H1      24,909 rows     12.0s  mean pd 0.0021
  2021H2      24,929 rows     11.9s  mean pd 0.0023
  2022H1      24,889 rows     11.7s  mean pd 0.0024
  2022H2      24,859 rows     11.7s  mean pd 0.0025
  2023H1      24,882 rows     11.7s  mean pd 0.0028
  2023H2      24,866 rows     11.7s  mean pd 0.0028
  repeat 2015H1: largest disagreement 0.00e+00, 0 rows differ
tabicl/20260913: context 50,000 rows read in 1.1s
  reference   50,000 rows     18.7s  mean pd 0.0038
  2015H1      24,159 rows     11.6s  mean pd 0.0026
  2015H2      24,159 rows     11.6s  mean pd 0.0027
  2016H1      24,632 rows     11.6s  mean pd 0.0026
  2016H2      24,760 rows     11.6s  mean pd 0.0023
  2017H1      24,541 rows     11.6s  mean pd 0.0027
  2017H2      24,680 rows     11.6s  mean pd 0.0026
  2018H1      24,416 rows     11.6s  mean pd 0.0025
  2018H2      24,543 rows     12.0s  mean pd 0.0026
  2019H1      24,752 rows     11.9s  mean pd 0.0025
  2019H2      24,861 rows     11.7s  mean pd 0.0023
  2020H1      24,880 rows     11.7s  mean pd 0.0020
  2020H2      24,919 rows     11.7s  mean pd 0.0017
  2021H1      24,909 rows     11.7s  mean pd 0.0018
  2021H2      24,929 rows     11.7s  mean pd 0.0020
  2022H1      24,889 rows     11.7s  mean pd 0.0021
  2022H2      24,859 rows     11.7s  mean pd 0.0022
  2023H1      24,882 rows     11.6s  mean pd 0.0023
  2023H2      24,866 rows     11.7s  mean pd 0.0023
  repeat 2015H1: largest disagreement 0.00e+00, 0 rows differ

scored rows           : 1,333,908
reference rows        : 150,000
wall                  : 737s

### tabpfn@2026-09-15-fm-2014h2r-bundle-upb-nominal: /home/node/outoftime-node/.venv/bin/python score_context.py 2026-09-15-fm-2014h2r-bundle-upb-nominal --out-dir 2026-09-15-fm-2014h2r-bundle-upb-nominal-scored-tabpfn --models tabpfn --chunk 20000
tabpfn/20260911: context 50,000 rows read in 2.2s
  reference   50,000 rows     38.0s  mean pd 0.0046
  2015H1      24,159 rows     22.7s  mean pd 0.0034
  2015H2      24,159 rows     22.7s  mean pd 0.0037
  2016H1      24,632 rows     22.7s  mean pd 0.0035
  2016H2      24,760 rows     22.8s  mean pd 0.0031
  2017H1      24,541 rows     22.7s  mean pd 0.0038
  2017H2      24,680 rows     22.7s  mean pd 0.0037
  2018H1      24,416 rows     23.1s  mean pd 0.0037
  2018H2      24,543 rows     22.9s  mean pd 0.0039
  2019H1      24,752 rows     22.8s  mean pd 0.0037
  2019H2      24,861 rows     22.7s  mean pd 0.0031
  2020H1      24,880 rows     22.7s  mean pd 0.0025
  2020H2      24,919 rows     22.7s  mean pd 0.0021
  2021H1      24,909 rows     23.2s  mean pd 0.0023
  2021H2      24,929 rows     22.8s  mean pd 0.0028
  2022H1      24,889 rows     22.8s  mean pd 0.0032
  2022H2      24,859 rows     22.8s  mean pd 0.0034
  2023H1      24,882 rows     22.8s  mean pd 0.0036
  2023H2      24,866 rows     22.9s  mean pd 0.0036
  repeat 2015H1: largest disagreement 0.00e+00, 0 rows differ
tabpfn/20260912: context 50,000 rows read in 1.0s
  reference   50,000 rows     36.4s  mean pd 0.0046
  2015H1      24,159 rows     22.7s  mean pd 0.0031
  2015H2      24,159 rows     22.7s  mean pd 0.0032
  2016H1      24,632 rows     22.8s  mean pd 0.0030
  2016H2      24,760 rows     22.8s  mean pd 0.0025
  2017H1      24,541 rows     23.4s  mean pd 0.0030
  2017H2      24,680 rows     22.9s  mean pd 0.0028
  2018H1      24,416 rows     22.8s  mean pd 0.0027
  2018H2      24,543 rows     23.0s  mean pd 0.0027
  2019H1      24,752 rows     23.1s  mean pd 0.0026
  2019H2      24,861 rows     22.9s  mean pd 0.0024
  2020H1      24,880 rows     23.0s  mean pd 0.0021
  2020H2      24,919 rows     22.8s  mean pd 0.0018
  2021H1      24,909 rows     22.8s  mean pd 0.0020
  2021H2      24,929 rows     22.9s  mean pd 0.0023
  2022H1      24,889 rows     22.8s  mean pd 0.0025
  2022H2      24,859 rows     22.9s  mean pd 0.0023
  2023H1      24,882 rows     22.9s  mean pd 0.0023
  2023H2      24,866 rows     22.8s  mean pd 0.0023
  repeat 2015H1: largest disagreement 0.00e+00, 0 rows differ
tabpfn/20260913: context 50,000 rows read in 0.8s
  reference   50,000 rows     36.5s  mean pd 0.0041
  2015H1      24,159 rows     23.4s  mean pd 0.0027
  2015H2      24,159 rows     22.9s  mean pd 0.0028
  2016H1      24,632 rows     23.0s  mean pd 0.0026
  2016H2      24,760 rows     23.3s  mean pd 0.0023
  2017H1      24,541 rows     23.0s  mean pd 0.0027
  2017H2      24,680 rows     22.9s  mean pd 0.0025
  2018H1      24,416 rows     23.4s  mean pd 0.0024
  2018H2      24,543 rows     23.2s  mean pd 0.0024
  2019H1      24,752 rows     22.9s  mean pd 0.0023
  2019H2      24,861 rows     23.4s  mean pd 0.0022
  2020H1      24,880 rows     22.9s  mean pd 0.0019
  2020H2      24,919 rows     22.8s  mean pd 0.0016
  2021H1      24,909 rows     23.3s  mean pd 0.0019
  2021H2      24,929 rows     22.8s  mean pd 0.0021
  2022H1      24,889 rows     23.3s  mean pd 0.0023
  2022H2      24,859 rows     23.0s  mean pd 0.0021
  2023H1      24,882 rows     23.4s  mean pd 0.0020
  2023H2      24,866 rows     23.0s  mean pd 0.0019
  repeat 2015H1: largest disagreement 0.00e+00, 0 rows differ

scored rows           : 1,333,908
reference rows        : 150,000
wall                  : 1434s

### tabicl@2026-09-15-fm-2016h2r-bundle-upb-nominal: /home/node/outoftime-node/.venv/bin/python score_context.py 2026-09-15-fm-2016h2r-bundle-upb-nominal --out-dir 2026-09-15-fm-2016h2r-bundle-upb-nominal-scored-tabicl --models tabicl --chunk 20000
tabicl/20260911: context 50,000 rows read in 2.1s
  reference   50,000 rows     19.3s  mean pd 0.0028
  2017H1      24,541 rows     11.6s  mean pd 0.0025
  2017H2      24,680 rows     11.6s  mean pd 0.0025
  2018H1      24,416 rows     11.6s  mean pd 0.0025
  2018H2      24,543 rows     11.7s  mean pd 0.0025
  2019H1      24,752 rows     12.1s  mean pd 0.0024
  2019H2      24,861 rows     11.7s  mean pd 0.0021
  2020H1      24,880 rows     11.7s  mean pd 0.0017
  2020H2      24,919 rows     11.7s  mean pd 0.0015
  2021H1      24,909 rows     11.7s  mean pd 0.0018
  2021H2      24,929 rows     11.7s  mean pd 0.0021
  2022H1      24,889 rows     11.6s  mean pd 0.0025
  2022H2      24,859 rows     11.7s  mean pd 0.0024
  2023H1      24,882 rows     11.6s  mean pd 0.0024
  2023H2      24,866 rows     11.6s  mean pd 0.0023
  repeat 2017H1: largest disagreement 0.00e+00, 0 rows differ
tabicl/20260912: context 50,000 rows read in 1.2s
  reference   50,000 rows     18.7s  mean pd 0.0026
  2017H1      24,541 rows     11.6s  mean pd 0.0025
  2017H2      24,680 rows     11.6s  mean pd 0.0025
  2018H1      24,416 rows     11.6s  mean pd 0.0025
  2018H2      24,543 rows     11.6s  mean pd 0.0026
  2019H1      24,752 rows     11.6s  mean pd 0.0025
  2019H2      24,861 rows     11.7s  mean pd 0.0021
  2020H1      24,880 rows     12.0s  mean pd 0.0017
  2020H2      24,919 rows     11.9s  mean pd 0.0015
  2021H1      24,909 rows     11.7s  mean pd 0.0017
  2021H2      24,929 rows     11.7s  mean pd 0.0020
  2022H1      24,889 rows     11.7s  mean pd 0.0023
  2022H2      24,859 rows     11.7s  mean pd 0.0024
  2023H1      24,882 rows     11.7s  mean pd 0.0025
  2023H2      24,866 rows     11.7s  mean pd 0.0024
  repeat 2017H1: largest disagreement 0.00e+00, 0 rows differ
tabicl/20260913: context 50,000 rows read in 1.1s
  reference   50,000 rows     18.7s  mean pd 0.0029
  2017H1      24,541 rows     11.9s  mean pd 0.0025
  2017H2      24,680 rows     11.7s  mean pd 0.0025
  2018H1      24,416 rows     11.6s  mean pd 0.0025
  2018H2      24,543 rows     11.6s  mean pd 0.0025
  2019H1      24,752 rows     11.6s  mean pd 0.0024
  2019H2      24,861 rows     11.7s  mean pd 0.0022
  2020H1      24,880 rows     11.7s  mean pd 0.0019
  2020H2      24,919 rows     11.7s  mean pd 0.0017
  2021H1      24,909 rows     11.7s  mean pd 0.0019
  2021H2      24,929 rows     11.7s  mean pd 0.0022
  2022H1      24,889 rows     11.9s  mean pd 0.0025
  2022H2      24,859 rows     11.7s  mean pd 0.0024
  2023H1      24,882 rows     11.7s  mean pd 0.0024
  2023H2      24,866 rows     11.7s  mean pd 0.0023
  repeat 2017H1: largest disagreement 0.00e+00, 0 rows differ

scored rows           : 1,040,778
reference rows        : 150,000
wall                  : 598s

### tabpfn@2026-09-15-fm-2016h2r-bundle-upb-nominal: /home/node/outoftime-node/.venv/bin/python score_context.py 2026-09-15-fm-2016h2r-bundle-upb-nominal --out-dir 2026-09-15-fm-2016h2r-bundle-upb-nominal-scored-tabpfn --models tabpfn --chunk 20000
tabpfn/20260911: context 50,000 rows read in 2.2s
  reference   50,000 rows     37.6s  mean pd 0.0030
  2017H1      24,541 rows     23.2s  mean pd 0.0024
  2017H2      24,680 rows     23.1s  mean pd 0.0023
  2018H1      24,416 rows     22.8s  mean pd 0.0023
  2018H2      24,543 rows     22.8s  mean pd 0.0023
  2019H1      24,752 rows     22.9s  mean pd 0.0022
  2019H2      24,861 rows     22.9s  mean pd 0.0019
  2020H1      24,880 rows     22.8s  mean pd 0.0017
  2020H2      24,919 rows     22.8s  mean pd 0.0015
  2021H1      24,909 rows     22.9s  mean pd 0.0017
  2021H2      24,929 rows     23.0s  mean pd 0.0021
  2022H1      24,889 rows     23.0s  mean pd 0.0024
  2022H2      24,859 rows     23.0s  mean pd 0.0023
  2023H1      24,882 rows     23.0s  mean pd 0.0021
  2023H2      24,866 rows     22.7s  mean pd 0.0021
  repeat 2017H1: largest disagreement 0.00e+00, 0 rows differ
tabpfn/20260912: context 50,000 rows read in 0.8s
  reference   50,000 rows     36.4s  mean pd 0.0029
  2017H1      24,541 rows     23.0s  mean pd 0.0024
  2017H2      24,680 rows     23.1s  mean pd 0.0023
  2018H1      24,416 rows     22.8s  mean pd 0.0023
  2018H2      24,543 rows     23.2s  mean pd 0.0024
  2019H1      24,752 rows     22.9s  mean pd 0.0022
  2019H2      24,861 rows     22.8s  mean pd 0.0020
  2020H1      24,880 rows     22.9s  mean pd 0.0017
  2020H2      24,919 rows     22.9s  mean pd 0.0014
  2021H1      24,909 rows     23.0s  mean pd 0.0017
  2021H2      24,929 rows     22.9s  mean pd 0.0021
  2022H1      24,889 rows     22.9s  mean pd 0.0025
  2022H2      24,859 rows     22.9s  mean pd 0.0024
  2023H1      24,882 rows     23.2s  mean pd 0.0023
  2023H2      24,866 rows     22.9s  mean pd 0.0022
  repeat 2017H1: largest disagreement 0.00e+00, 0 rows differ
tabpfn/20260913: context 50,000 rows read in 0.8s
  reference   50,000 rows     36.3s  mean pd 0.0032
  2017H1      24,541 rows     22.8s  mean pd 0.0025
  2017H2      24,680 rows     22.8s  mean pd 0.0025
  2018H1      24,416 rows     22.8s  mean pd 0.0024
  2018H2      24,543 rows     23.4s  mean pd 0.0024
  2019H1      24,752 rows     23.2s  mean pd 0.0023
  2019H2      24,861 rows     22.9s  mean pd 0.0021
  2020H1      24,880 rows     22.9s  mean pd 0.0019
  2020H2      24,919 rows     22.9s  mean pd 0.0016
  2021H1      24,909 rows     23.3s  mean pd 0.0019
  2021H2      24,929 rows     23.0s  mean pd 0.0023
  2022H1      24,889 rows     22.8s  mean pd 0.0026
  2022H2      24,859 rows     22.8s  mean pd 0.0024
  2023H1      24,882 rows     23.7s  mean pd 0.0022
  2023H2      24,866 rows     23.0s  mean pd 0.0021
  repeat 2017H1: largest disagreement 0.00e+00, 0 rows differ

scored rows           : 1,040,778
reference rows        : 150,000
wall                  : 1157s

### tabicl@2026-09-15-fm-2018h2r-bundle-upb-nominal: /home/node/outoftime-node/.venv/bin/python score_context.py 2026-09-15-fm-2018h2r-bundle-upb-nominal --out-dir 2026-09-15-fm-2018h2r-bundle-upb-nominal-scored-tabicl --models tabicl --chunk 20000
tabicl/20260911: context 50,000 rows read in 2.2s
  reference   50,000 rows     19.2s  mean pd 0.0025
  2019H1      24,752 rows     11.6s  mean pd 0.0027
  2019H2      24,861 rows     11.7s  mean pd 0.0023
  2020H1      24,880 rows     11.7s  mean pd 0.0018
  2020H2      24,919 rows     11.7s  mean pd 0.0016
  2021H1      24,909 rows     11.7s  mean pd 0.0018
  2021H2      24,929 rows     11.7s  mean pd 0.0022
  2022H1      24,889 rows     11.7s  mean pd 0.0026
  2022H2      24,859 rows     11.7s  mean pd 0.0028
  2023H1      24,882 rows     11.7s  mean pd 0.0029
  2023H2      24,866 rows     11.7s  mean pd 0.0027
  repeat 2019H1: largest disagreement 5.94e-04, 4,676 rows differ
tabicl/20260912: context 50,000 rows read in 1.0s
  reference   50,000 rows     18.7s  mean pd 0.0029
  2019H1      24,752 rows     11.6s  mean pd 0.0032
  2019H2      24,861 rows     11.7s  mean pd 0.0026
  2020H1      24,880 rows     11.7s  mean pd 0.0021
  2020H2      24,919 rows     11.7s  mean pd 0.0017
  2021H1      24,909 rows     11.6s  mean pd 0.0021
  2021H2      24,929 rows     11.6s  mean pd 0.0026
  2022H1      24,889 rows     11.6s  mean pd 0.0031
  2022H2      24,859 rows     11.6s  mean pd 0.0033
  2023H1      24,882 rows     11.7s  mean pd 0.0033
  2023H2      24,866 rows     11.7s  mean pd 0.0032
  repeat 2019H1: largest disagreement 1.35e-03, 4,679 rows differ
tabicl/20260913: context 50,000 rows read in 1.0s
  reference   50,000 rows     18.7s  mean pd 0.0027
  2019H1      24,752 rows     11.6s  mean pd 0.0030
  2019H2      24,861 rows     11.7s  mean pd 0.0026
  2020H1      24,880 rows     11.7s  mean pd 0.0022
  2020H2      24,919 rows     11.7s  mean pd 0.0019
  2021H1      24,909 rows     11.7s  mean pd 0.0022
  2021H2      24,929 rows     11.7s  mean pd 0.0027
  2022H1      24,889 rows     11.7s  mean pd 0.0031
  2022H2      24,859 rows     11.7s  mean pd 0.0031
  2023H1      24,882 rows     11.7s  mean pd 0.0030
  2023H2      24,866 rows     11.7s  mean pd 0.0028
  repeat 2019H1: largest disagreement 3.82e-04, 4,566 rows differ

scored rows           : 746,238
reference rows        : 150,000
wall                  : 454s

### tabpfn@2026-09-15-fm-2018h2r-bundle-upb-nominal: /home/node/outoftime-node/.venv/bin/python score_context.py 2026-09-15-fm-2018h2r-bundle-upb-nominal --out-dir 2026-09-15-fm-2018h2r-bundle-upb-nominal-scored-tabpfn --models tabpfn --chunk 20000
tabpfn/20260911: context 50,000 rows read in 2.2s
  reference   50,000 rows     37.3s  mean pd 0.0027
  2019H1      24,752 rows     22.9s  mean pd 0.0029
  2019H2      24,861 rows     22.9s  mean pd 0.0024
  2020H1      24,880 rows     22.9s  mean pd 0.0019
  2020H2      24,919 rows     23.0s  mean pd 0.0016
  2021H1      24,909 rows     22.8s  mean pd 0.0018
  2021H2      24,929 rows     22.9s  mean pd 0.0023
  2022H1      24,889 rows     22.8s  mean pd 0.0027
  2022H2      24,859 rows     22.9s  mean pd 0.0029
  2023H1      24,882 rows     22.9s  mean pd 0.0029
  2023H2      24,866 rows     22.9s  mean pd 0.0028
  repeat 2019H1: largest disagreement 0.00e+00, 0 rows differ
tabpfn/20260912: context 50,000 rows read in 0.9s
  reference   50,000 rows     36.3s  mean pd 0.0031
  2019H1      24,752 rows     22.9s  mean pd 0.0034
  2019H2      24,861 rows     22.9s  mean pd 0.0027
  2020H1      24,880 rows     23.1s  mean pd 0.0021
  2020H2      24,919 rows     22.8s  mean pd 0.0018
  2021H1      24,909 rows     23.0s  mean pd 0.0021
  2021H2      24,929 rows     22.8s  mean pd 0.0027
  2022H1      24,889 rows     23.4s  mean pd 0.0032
  2022H2      24,859 rows     23.0s  mean pd 0.0033
  2023H1      24,882 rows     23.0s  mean pd 0.0035
  2023H2      24,866 rows     23.0s  mean pd 0.0034
  repeat 2019H1: largest disagreement 0.00e+00, 0 rows differ
tabpfn/20260913: context 50,000 rows read in 0.8s
  reference   50,000 rows     36.3s  mean pd 0.0029
  2019H1      24,752 rows     23.2s  mean pd 0.0031
  2019H2      24,861 rows     23.0s  mean pd 0.0027
  2020H1      24,880 rows     22.9s  mean pd 0.0022
  2020H2      24,919 rows     23.0s  mean pd 0.0019
  2021H1      24,909 rows     22.9s  mean pd 0.0022
  2021H2      24,929 rows     23.0s  mean pd 0.0027
  2022H1      24,889 rows     22.9s  mean pd 0.0031
  2022H2      24,859 rows     23.0s  mean pd 0.0031
  2023H1      24,882 rows     23.0s  mean pd 0.0031
  2023H2      24,866 rows     22.9s  mean pd 0.0030
  repeat 2019H1: largest disagreement 0.00e+00, 0 rows differ

scored rows           : 746,238
reference rows        : 150,000
wall                  : 879s
