build_id,arm,model,context_seed,cohort,rows,defaults,mean_pd,realised_rate
2002H2-E,E,gbm,,2003H1,24276,72,0.007715127207882724,0.002965892239248641
2002H2-E,E,gbm,,2003H2,24205,139,0.009410113558954982,0.005742615162156579
2002H2-E,E,gbm,,2004H1,24219,181,0.0101859903510758,0.007473471241587184
2002H2-E,E,gbm,,2004H2,24090,202,0.011673105026453396,0.008385222083852222
2002H2-E,E,gbm,,2005H1,24233,248,0.011190602971197961,0.010233978459125985
2002H2-E,E,gbm,,2005H2,24082,266,0.011351917665124502,0.01104559421974919
2002H2-E,E,gbm,,2006H1,23280,405,0.012784813780767726,0.017396907216494846
2002H2-E,E,gbm,,2006H2,23898,525,0.01309442190253229,0.021968365553602813
2002H2-E,E,gbm,,2007H1,23169,808,0.013939704275226247,0.03487418533385127
2002H2-E,E,gbm,,2007H2,24367,1560,0.014820333260721963,0.06402101202445931
2002H2-E,E,gbm,,2008H1,24660,1109,0.010479802279632196,0.04497161394971614
2002H2-E,E,gbm,,2008H2,24746,863,0.008886633343381274,0.03487432312292896
2002H2-E,E,gbm,,2009H1,24844,119,0.005850291785663583,0.0047898889067782965
2002H2-E,E,gbm,,2009H2,24709,196,0.007203507625292835,0.00793233234853697
2002H2-E,E,gbm,,2010H1,24843,191,0.007617000177285674,0.0076882824135571385
2002H2-E,E,gbm,,2010H2,24683,152,0.006925363794255759,0.006158084511607179
2002H2-E,E,gbm,,2011H1,24614,195,0.00832385759807767,0.007922320630535468
2002H2-E,E,gbm,,2011H2,24646,119,0.007005926713909096,0.004828369715166762
2002H2-E,E,gbm,,2012H1,24306,148,0.01021935268980813,0.0060890315148523
2002H2-E,E,gbm,,2012H2,24538,131,0.009848844802938043,0.005338658407368164
2002H2-E,E,gbm,,2013H1,24341,85,0.010335111594243334,0.003492050449858264
2002H2-E,E,gbm,,2013H2,23974,142,0.011210005113951997,0.0059230833402853095
2002H2-E,E,gbm,,2014H1,24341,137,0.010171342121598377,0.005628363666242143
2002H2-E,E,gbm,,2014H2,24213,99,0.009212080652474815,0.004088712675009293
2002H2-E,E,gbm,,2015H1,24159,83,0.008203402491884086,0.0034355726644314747
2002H2-E,E,gbm,,2015H2,24159,130,0.008764899165452856,0.0053810174262179725
2002H2-E,E,gbm,,2016H1,24632,115,0.0085137966796452,0.0046687236115621955
2002H2-E,E,gbm,,2016H2,24760,121,0.007885289663837863,0.004886914378029079
2002H2-E,E,gbm,,2017H1,24541,162,0.009037742981705298,0.00660119799519172
2002H2-E,E,gbm,,2017H2,24680,143,0.008967056720745048,0.005794165316045381
2002H2-E,E,gbm,,2018H1,24416,148,0.009001500830742602,0.006061598951507209
2002H2-E,E,gbm,,2018H2,24543,146,0.009261437941760372,0.005948743022450393
2002H2-E,E,gbm,,2019H1,24752,110,0.009095143491515023,0.0044440853264382674
2002H2-E,E,gbm,,2019H2,24861,136,0.008290629380318184,0.005470415510236917
2002H2-E,E,gbm,,2020H1,24880,111,0.007314657582004482,0.004461414790996785
2002H2-E,E,gbm,,2020H2,24919,71,0.006489335515254462,0.0028492315100927005
2002H2-E,E,gbm,,2021H1,24909,90,0.007029528395203653,0.003613151872817054
2002H2-E,E,gbm,,2021H2,24929,136,0.007821610760018815,0.005455493601829195
2002H2-E,E,gbm,,2022H1,24889,291,0.009089511229210865,0.011691912089678172
2002H2-E,E,gbm,,2022H2,24859,373,0.009349246208477678,0.015004626091154109
2002H2-E,E,gbm,,2023H1,24882,381,0.009300321888761365,0.015312273932963588
2002H2-E,E,gbm,,2023H2,24866,363,0.00888550751493214,0.014598246601785572
2002H2-E,E,gbm-50k,20260911,2003H1,24276,72,0.00732947204679164,0.002965892239248641
2002H2-E,E,gbm-50k,20260911,2003H2,24205,139,0.009068203204703166,0.005742615162156579
2002H2-E,E,gbm-50k,20260911,2004H1,24219,181,0.009975886071680463,0.007473471241587184
2002H2-E,E,gbm-50k,20260911,2004H2,24090,202,0.01161466087747803,0.008385222083852222
2002H2-E,E,gbm-50k,20260911,2005H1,24233,248,0.010867039080081376,0.010233978459125985
2002H2-E,E,gbm-50k,20260911,2005H2,24082,266,0.011122136637622052,0.01104559421974919
2002H2-E,E,gbm-50k,20260911,2006H1,23280,405,0.012697738247480404,0.017396907216494846
2002H2-E,E,gbm-50k,20260911,2006H2,23898,525,0.013115208251197285,0.021968365553602813
2002H2-E,E,gbm-50k,20260911,2007H1,23169,808,0.014071095405452785,0.03487418533385127
2002H2-E,E,gbm-50k,20260911,2007H2,24367,1560,0.014793704999328056,0.06402101202445931
2002H2-E,E,gbm-50k,20260911,2008H1,24660,1109,0.01027221151375505,0.04497161394971614
2002H2-E,E,gbm-50k,20260911,2008H2,24746,863,0.00872796123742229,0.03487432312292896
2002H2-E,E,gbm-50k,20260911,2009H1,24844,119,0.005401981710647878,0.0047898889067782965
2002H2-E,E,gbm-50k,20260911,2009H2,24709,196,0.007355413108795288,0.00793233234853697
2002H2-E,E,gbm-50k,20260911,2010H1,24843,191,0.008018583925533881,0.0076882824135571385
2002H2-E,E,gbm-50k,20260911,2010H2,24683,152,0.007109488287259081,0.006158084511607179
2002H2-E,E,gbm-50k,20260911,2011H1,24614,195,0.009029439227940058,0.007922320630535468
2002H2-E,E,gbm-50k,20260911,2011H2,24646,119,0.007234431401966628,0.004828369715166762
2002H2-E,E,gbm-50k,20260911,2012H1,24306,148,0.011409170926608914,0.0060890315148523
2002H2-E,E,gbm-50k,20260911,2012H2,24538,131,0.010826864417463002,0.005338658407368164
2002H2-E,E,gbm-50k,20260911,2013H1,24341,85,0.011320110199160191,0.003492050449858264
2002H2-E,E,gbm-50k,20260911,2013H2,23974,142,0.012495445612324707,0.0059230833402853095
2002H2-E,E,gbm-50k,20260911,2014H1,24341,137,0.010869481594755481,0.005628363666242143
2002H2-E,E,gbm-50k,20260911,2014H2,24213,99,0.009603207638355234,0.004088712675009293
2002H2-E,E,gbm-50k,20260911,2015H1,24159,83,0.008306085784330088,0.0034355726644314747
2002H2-E,E,gbm-50k,20260911,2015H2,24159,130,0.008904948314804123,0.0053810174262179725
2002H2-E,E,gbm-50k,20260911,2016H1,24632,115,0.008588841867510553,0.0046687236115621955
2002H2-E,E,gbm-50k,20260911,2016H2,24760,121,0.007761607243086861,0.004886914378029079
2002H2-E,E,gbm-50k,20260911,2017H1,24541,162,0.009066348407655913,0.00660119799519172
2002H2-E,E,gbm-50k,20260911,2017H2,24680,143,0.008963508773630956,0.005794165316045381
2002H2-E,E,gbm-50k,20260911,2018H1,24416,148,0.00888066271566929,0.006061598951507209
2002H2-E,E,gbm-50k,20260911,2018H2,24543,146,0.009125077029258351,0.005948743022450393
2002H2-E,E,gbm-50k,20260911,2019H1,24752,110,0.008972239239696344,0.0044440853264382674
2002H2-E,E,gbm-50k,20260911,2019H2,24861,136,0.00804689408603408,0.005470415510236917
2002H2-E,E,gbm-50k,20260911,2020H1,24880,111,0.006948153947746516,0.004461414790996785
2002H2-E,E,gbm-50k,20260911,2020H2,24919,71,0.006037297024251959,0.0028492315100927005
2002H2-E,E,gbm-50k,20260911,2021H1,24909,90,0.006573387163766546,0.003613151872817054
2002H2-E,E,gbm-50k,20260911,2021H2,24929,136,0.00738222291129397,0.005455493601829195
2002H2-E,E,gbm-50k,20260911,2022H1,24889,291,0.008547743109470063,0.011691912089678172
2002H2-E,E,gbm-50k,20260911,2022H2,24859,373,0.008925159024029895,0.015004626091154109
2002H2-E,E,gbm-50k,20260911,2023H1,24882,381,0.008921230346231119,0.015312273932963588
2002H2-E,E,gbm-50k,20260911,2023H2,24866,363,0.008558101457486884,0.014598246601785572
2002H2-E,E,gbm-50k,20260912,2003H1,24276,72,0.00751109531250454,0.002965892239248641
2002H2-E,E,gbm-50k,20260912,2003H2,24205,139,0.009376932105595415,0.005742615162156579
2002H2-E,E,gbm-50k,20260912,2004H1,24219,181,0.010067662067728963,0.007473471241587184
2002H2-E,E,gbm-50k,20260912,2004H2,24090,202,0.011776573458740378,0.008385222083852222
2002H2-E,E,gbm-50k,20260912,2005H1,24233,248,0.011142899108403121,0.010233978459125985
2002H2-E,E,gbm-50k,20260912,2005H2,24082,266,0.011396287748144118,0.01104559421974919
2002H2-E,E,gbm-50k,20260912,2006H1,23280,405,0.012930932416577884,0.017396907216494846
2002H2-E,E,gbm-50k,20260912,2006H2,23898,525,0.013164912267391969,0.021968365553602813
2002H2-E,E,gbm-50k,20260912,2007H1,23169,808,0.013993522184045265,0.03487418533385127
2002H2-E,E,gbm-50k,20260912,2007H2,24367,1560,0.014935724893836624,0.06402101202445931
2002H2-E,E,gbm-50k,20260912,2008H1,24660,1109,0.010512798714252465,0.04497161394971614
2002H2-E,E,gbm-50k,20260912,2008H2,24746,863,0.00894545472967509,0.03487432312292896
2002H2-E,E,gbm-50k,20260912,2009H1,24844,119,0.005640461913159053,0.0047898889067782965
2002H2-E,E,gbm-50k,20260912,2009H2,24709,196,0.00695020195403852,0.00793233234853697
2002H2-E,E,gbm-50k,20260912,2010H1,24843,191,0.007338756007809641,0.0076882824135571385
2002H2-E,E,gbm-50k,20260912,2010H2,24683,152,0.006545511129418938,0.006158084511607179
2002H2-E,E,gbm-50k,20260912,2011H1,24614,195,0.00797826797298914,0.007922320630535468
2002H2-E,E,gbm-50k,20260912,2011H2,24646,119,0.006704340825977539,0.004828369715166762
2002H2-E,E,gbm-50k,20260912,2012H1,24306,148,0.009624755864396456,0.0060890315148523
2002H2-E,E,gbm-50k,20260912,2012H2,24538,131,0.009408597149562735,0.005338658407368164
2002H2-E,E,gbm-50k,20260912,2013H1,24341,85,0.009890875345176407,0.003492050449858264
2002H2-E,E,gbm-50k,20260912,2013H2,23974,142,0.010886777835350818,0.0059230833402853095
2002H2-E,E,gbm-50k,20260912,2014H1,24341,137,0.009981703377209565,0.005628363666242143
2002H2-E,E,gbm-50k,20260912,2014H2,24213,99,0.009096255668904894,0.004088712675009293
2002H2-E,E,gbm-50k,20260912,2015H1,24159,83,0.008150180573808999,0.0034355726644314747
2002H2-E,E,gbm-50k,20260912,2015H2,24159,130,0.008703357412705549,0.0053810174262179725
2002H2-E,E,gbm-50k,20260912,2016H1,24632,115,0.008437294845143398,0.0046687236115621955
2002H2-E,E,gbm-50k,20260912,2016H2,24760,121,0.00788802477865587,0.004886914378029079
2002H2-E,E,gbm-50k,20260912,2017H1,24541,162,0.009074299120288154,0.00660119799519172
2002H2-E,E,gbm-50k,20260912,2017H2,24680,143,0.009030771864062783,0.005794165316045381
2002H2-E,E,gbm-50k,20260912,2018H1,24416,148,0.009074325056700468,0.006061598951507209
2002H2-E,E,gbm-50k,20260912,2018H2,24543,146,0.009331089052239613,0.005948743022450393
2002H2-E,E,gbm-50k,20260912,2019H1,24752,110,0.009158860058969116,0.0044440853264382674
2002H2-E,E,gbm-50k,20260912,2019H2,24861,136,0.008341727610017557,0.005470415510236917
2002H2-E,E,gbm-50k,20260912,2020H1,24880,111,0.007332884811897971,0.004461414790996785
2002H2-E,E,gbm-50k,20260912,2020H2,24919,71,0.006433705664287787,0.0028492315100927005
2002H2-E,E,gbm-50k,20260912,2021H1,24909,90,0.007007446920026945,0.003613151872817054
2002H2-E,E,gbm-50k,20260912,2021H2,24929,136,0.007921192993617083,0.005455493601829195
2002H2-E,E,gbm-50k,20260912,2022H1,24889,291,0.009301652105344196,0.011691912089678172
2002H2-E,E,gbm-50k,20260912,2022H2,24859,373,0.009391430310122954,0.015004626091154109
2002H2-E,E,gbm-50k,20260912,2023H1,24882,381,0.00927452830852304,0.015312273932963588
2002H2-E,E,gbm-50k,20260912,2023H2,24866,363,0.008823037683980276,0.014598246601785572
2002H2-E,E,gbm-50k,20260913,2003H1,24276,72,0.0072300078720712235,0.002965892239248641
2002H2-E,E,gbm-50k,20260913,2003H2,24205,139,0.009028566600845538,0.005742615162156579
2002H2-E,E,gbm-50k,20260913,2004H1,24219,181,0.009797750522891993,0.007473471241587184
2002H2-E,E,gbm-50k,20260913,2004H2,24090,202,0.011573321428718685,0.008385222083852222
2002H2-E,E,gbm-50k,20260913,2005H1,24233,248,0.010983259456408307,0.010233978459125985
2002H2-E,E,gbm-50k,20260913,2005H2,24082,266,0.011310500470251212,0.01104559421974919
2002H2-E,E,gbm-50k,20260913,2006H1,23280,405,0.012774311326354638,0.017396907216494846
2002H2-E,E,gbm-50k,20260913,2006H2,23898,525,0.013051130074991476,0.021968365553602813
2002H2-E,E,gbm-50k,20260913,2007H1,23169,808,0.014070988637259437,0.03487418533385127
2002H2-E,E,gbm-50k,20260913,2007H2,24367,1560,0.014952530777073186,0.06402101202445931
2002H2-E,E,gbm-50k,20260913,2008H1,24660,1109,0.01009169176973542,0.04497161394971614
2002H2-E,E,gbm-50k,20260913,2008H2,24746,863,0.008448419256005153,0.03487432312292896
2002H2-E,E,gbm-50k,20260913,2009H1,24844,119,0.005399994114113298,0.0047898889067782965
2002H2-E,E,gbm-50k,20260913,2009H2,24709,196,0.0066627273665439204,0.00793233234853697
2002H2-E,E,gbm-50k,20260913,2010H1,24843,191,0.0070794903694093355,0.0076882824135571385
2002H2-E,E,gbm-50k,20260913,2010H2,24683,152,0.006313731109687861,0.006158084511607179
2002H2-E,E,gbm-50k,20260913,2011H1,24614,195,0.007629075902116251,0.007922320630535468
2002H2-E,E,gbm-50k,20260913,2011H2,24646,119,0.006378358635820629,0.004828369715166762
2002H2-E,E,gbm-50k,20260913,2012H1,24306,148,0.009221122110382453,0.0060890315148523
2002H2-E,E,gbm-50k,20260913,2012H2,24538,131,0.008950969571884288,0.005338658407368164
2002H2-E,E,gbm-50k,20260913,2013H1,24341,85,0.009454116319479558,0.003492050449858264
2002H2-E,E,gbm-50k,20260913,2013H2,23974,142,0.010494816925294704,0.0059230833402853095
2002H2-E,E,gbm-50k,20260913,2014H1,24341,137,0.009465785312249621,0.005628363666242143
2002H2-E,E,gbm-50k,20260913,2014H2,24213,99,0.008591209408541524,0.004088712675009293
2002H2-E,E,gbm-50k,20260913,2015H1,24159,83,0.0076388683481799224,0.0034355726644314747
2002H2-E,E,gbm-50k,20260913,2015H2,24159,130,0.008186797940267963,0.0053810174262179725
2002H2-E,E,gbm-50k,20260913,2016H1,24632,115,0.007953144659246653,0.0046687236115621955
2002H2-E,E,gbm-50k,20260913,2016H2,24760,121,0.007393089912204859,0.004886914378029079
2002H2-E,E,gbm-50k,20260913,2017H1,24541,162,0.008484859840658648,0.00660119799519172
2002H2-E,E,gbm-50k,20260913,2017H2,24680,143,0.00844965475740937,0.005794165316045381
2002H2-E,E,gbm-50k,20260913,2018H1,24416,148,0.008413889591414979,0.006061598951507209
2002H2-E,E,gbm-50k,20260913,2018H2,24543,146,0.008649608626465827,0.005948743022450393
2002H2-E,E,gbm-50k,20260913,2019H1,24752,110,0.008392236733336833,0.0044440853264382674
2002H2-E,E,gbm-50k,20260913,2019H2,24861,136,0.007647767081284322,0.005470415510236917
2002H2-E,E,gbm-50k,20260913,2020H1,24880,111,0.006711474013118319,0.004461414790996785
2002H2-E,E,gbm-50k,20260913,2020H2,24919,71,0.005951912423439112,0.0028492315100927005
2002H2-E,E,gbm-50k,20260913,2021H1,24909,90,0.006470631866915181,0.003613151872817054
2002H2-E,E,gbm-50k,20260913,2021H2,24929,136,0.0073905417867986154,0.005455493601829195
2002H2-E,E,gbm-50k,20260913,2022H1,24889,291,0.008497412839294831,0.011691912089678172
2002H2-E,E,gbm-50k,20260913,2022H2,24859,373,0.008666716569884778,0.015004626091154109
2002H2-E,E,gbm-50k,20260913,2023H1,24882,381,0.008516877551481066,0.015312273932963588
2002H2-E,E,gbm-50k,20260913,2023H2,24866,363,0.008237824385263449,0.014598246601785572
2002H2-E,E,scorecard,,2003H1,24276,72,0.00628200273903415,0.002965892239248641
2002H2-E,E,scorecard,,2003H2,24205,139,0.008254324701628306,0.005742615162156579
2002H2-E,E,scorecard,,2004H1,24219,181,0.009138675062129235,0.007473471241587184
2002H2-E,E,scorecard,,2004H2,24090,202,0.01088570894577353,0.008385222083852222
2002H2-E,E,scorecard,,2005H1,24233,248,0.010297206386698262,0.010233978459125985
2002H2-E,E,scorecard,,2005H2,24082,266,0.010345258186191798,0.01104559421974919
2002H2-E,E,scorecard,,2006H1,23280,405,0.011852412223718915,0.017396907216494846
2002H2-E,E,scorecard,,2006H2,23898,525,0.012320199117098293,0.021968365553602813
2002H2-E,E,scorecard,,2007H1,23169,808,0.012713485130829906,0.03487418533385127
2002H2-E,E,scorecard,,2007H2,24367,1560,0.013316487996525874,0.06402101202445931
2002H2-E,E,scorecard,,2008H1,24660,1109,0.008614098085141025,0.04497161394971614
2002H2-E,E,scorecard,,2008H2,24746,863,0.007268786941523206,0.03487432312292896
2002H2-E,E,scorecard,,2009H1,24844,119,0.0036265656884542246,0.0047898889067782965
2002H2-E,E,scorecard,,2009H2,24709,196,0.0047395317176890705,0.00793233234853697
2002H2-E,E,scorecard,,2010H1,24843,191,0.005084820486816387,0.0076882824135571385
2002H2-E,E,scorecard,,2010H2,24683,152,0.004161991528604912,0.006158084511607179
2002H2-E,E,scorecard,,2011H1,24614,195,0.005245781538196137,0.007922320630535468
2002H2-E,E,scorecard,,2011H2,24646,119,0.004182668672102876,0.004828369715166762
2002H2-E,E,scorecard,,2012H1,24306,148,0.005829950523210058,0.0060890315148523
2002H2-E,E,scorecard,,2012H2,24538,131,0.005697746406190694,0.005338658407368164
2002H2-E,E,scorecard,,2013H1,24341,85,0.0064790980746670356,0.003492050449858264
2002H2-E,E,scorecard,,2013H2,23974,142,0.007760536540355738,0.0059230833402853095
2002H2-E,E,scorecard,,2014H1,24341,137,0.007358334342456388,0.005628363666242143
2002H2-E,E,scorecard,,2014H2,24213,99,0.006730238381574651,0.004088712675009293
2002H2-E,E,scorecard,,2015H1,24159,83,0.005823157468211441,0.0034355726644314747
2002H2-E,E,scorecard,,2015H2,24159,130,0.00661246394419511,0.0053810174262179725
2002H2-E,E,scorecard,,2016H1,24632,115,0.006379209532029698,0.0046687236115621955
2002H2-E,E,scorecard,,2016H2,24760,121,0.005768145679731073,0.004886914378029079
2002H2-E,E,scorecard,,2017H1,24541,162,0.00695400768021249,0.00660119799519172
2002H2-E,E,scorecard,,2017H2,24680,143,0.007024761824018679,0.005794165316045381
2002H2-E,E,scorecard,,2018H1,24416,148,0.007038061905185304,0.006061598951507209
2002H2-E,E,scorecard,,2018H2,24543,146,0.007409013889396849,0.005948743022450393
2002H2-E,E,scorecard,,2019H1,24752,110,0.007036874505371463,0.0044440853264382674
2002H2-E,E,scorecard,,2019H2,24861,136,0.005941907838000283,0.005470415510236917
2002H2-E,E,scorecard,,2020H1,24880,111,0.005008841308254619,0.004461414790996785
2002H2-E,E,scorecard,,2020H2,24919,71,0.004350239548208822,0.0028492315100927005
2002H2-E,E,scorecard,,2021H1,24909,90,0.004973355279308828,0.003613151872817054
2002H2-E,E,scorecard,,2021H2,24929,136,0.005991169273166416,0.005455493601829195
2002H2-E,E,scorecard,,2022H1,24889,291,0.007197465395527287,0.011691912089678172
2002H2-E,E,scorecard,,2022H2,24859,373,0.007489021144240248,0.015004626091154109
2002H2-E,E,scorecard,,2023H1,24882,381,0.00742480620369678,0.015312273932963588
2002H2-E,E,scorecard,,2023H2,24866,363,0.007115343195997837,0.014598246601785572
2002H2-E,E,tabicl,20260911,2003H1,24276,72,0.005692978940824063,0.002965892239248641
2002H2-E,E,tabicl,20260911,2003H2,24205,139,0.007769474863144416,0.005742615162156579
2002H2-E,E,tabicl,20260911,2004H1,24219,181,0.008813229468038636,0.007473471241587184
2002H2-E,E,tabicl,20260911,2004H2,24090,202,0.010689131362353995,0.008385222083852222
2002H2-E,E,tabicl,20260911,2005H1,24233,248,0.01006411206351119,0.010233978459125985
2002H2-E,E,tabicl,20260911,2005H2,24082,266,0.01041463754298691,0.01104559421974919
2002H2-E,E,tabicl,20260911,2006H1,23280,405,0.012469105916373359,0.017396907216494846
2002H2-E,E,tabicl,20260911,2006H2,23898,525,0.012841600308570133,0.021968365553602813
2002H2-E,E,tabicl,20260911,2007H1,23169,808,0.014000356911985977,0.03487418533385127
2002H2-E,E,tabicl,20260911,2007H2,24367,1560,0.014147796308702158,0.06402101202445931
2002H2-E,E,tabicl,20260911,2008H1,24660,1109,0.00899402566163452,0.04497161394971614
2002H2-E,E,tabicl,20260911,2008H2,24746,863,0.007374441623009074,0.03487432312292896
2002H2-E,E,tabicl,20260911,2009H1,24844,119,0.0040689819220025136,0.0047898889067782965
2002H2-E,E,tabicl,20260911,2009H2,24709,196,0.006367443343100041,0.00793233234853697
2002H2-E,E,tabicl,20260911,2010H1,24843,191,0.007298005826198083,0.0076882824135571385
2002H2-E,E,tabicl,20260911,2010H2,24683,152,0.006151494439808585,0.006158084511607179
2002H2-E,E,tabicl,20260911,2011H1,24614,195,0.008469726804910344,0.007922320630535468
2002H2-E,E,tabicl,20260911,2011H2,24646,119,0.006305915089967174,0.004828369715166762
2002H2-E,E,tabicl,20260911,2012H1,24306,148,0.011824807016194091,0.0060890315148523
2002H2-E,E,tabicl,20260911,2012H2,24538,131,0.010751743381660404,0.005338658407368164
2002H2-E,E,tabicl,20260911,2013H1,24341,85,0.011219004743268946,0.003492050449858264
2002H2-E,E,tabicl,20260911,2013H2,23974,142,0.011800153049526776,0.0059230833402853095
2002H2-E,E,tabicl,20260911,2014H1,24341,137,0.009490647484932389,0.005628363666242143
2002H2-E,E,tabicl,20260911,2014H2,24213,99,0.00782423008344865,0.004088712675009293
2002H2-E,E,tabicl,20260911,2015H1,24159,83,0.0063105778110993565,0.0034355726644314747
2002H2-E,E,tabicl,20260911,2015H2,24159,130,0.006848030164837897,0.0053810174262179725
2002H2-E,E,tabicl,20260911,2016H1,24632,115,0.006599681566376706,0.0046687236115621955
2002H2-E,E,tabicl,20260911,2016H2,24760,121,0.006140475656877789,0.004886914378029079
2002H2-E,E,tabicl,20260911,2017H1,24541,162,0.007751988435945592,0.00660119799519172
2002H2-E,E,tabicl,20260911,2017H2,24680,143,0.007812182198706225,0.005794165316045381
2002H2-E,E,tabicl,20260911,2018H1,24416,148,0.008151942846368167,0.006061598951507209
2002H2-E,E,tabicl,20260911,2018H2,24543,146,0.00835670694735104,0.005948743022450393
2002H2-E,E,tabicl,20260911,2019H1,24752,110,0.007890994208714704,0.0044440853264382674
2002H2-E,E,tabicl,20260911,2019H2,24861,136,0.006536367312395441,0.005470415510236917
2002H2-E,E,tabicl,20260911,2020H1,24880,111,0.005166864359922223,0.004461414790996785
2002H2-E,E,tabicl,20260911,2020H2,24919,71,0.004248239447723545,0.0028492315100927005
2002H2-E,E,tabicl,20260911,2021H1,24909,90,0.005051502301287483,0.003613151872817054
2002H2-E,E,tabicl,20260911,2021H2,24929,136,0.005953815801010138,0.005455493601829195
2002H2-E,E,tabicl,20260911,2022H1,24889,291,0.00715553885776213,0.011691912089678172
2002H2-E,E,tabicl,20260911,2022H2,24859,373,0.007254529197092648,0.015004626091154109
2002H2-E,E,tabicl,20260911,2023H1,24882,381,0.007251538648634085,0.015312273932963588
2002H2-E,E,tabicl,20260911,2023H2,24866,363,0.0065777933090059425,0.014598246601785572
2002H2-E,E,tabicl,20260912,2003H1,24276,72,0.005217911290080616,0.002965892239248641
2002H2-E,E,tabicl,20260912,2003H2,24205,139,0.006919053275254723,0.005742615162156579
2002H2-E,E,tabicl,20260912,2004H1,24219,181,0.007707716208412662,0.007473471241587184
2002H2-E,E,tabicl,20260912,2004H2,24090,202,0.009166814633659374,0.008385222083852222
2002H2-E,E,tabicl,20260912,2005H1,24233,248,0.008666210344726115,0.010233978459125985
2002H2-E,E,tabicl,20260912,2005H2,24082,266,0.008894365290557224,0.01104559421974919
2002H2-E,E,tabicl,20260912,2006H1,23280,405,0.010498306719367462,0.017396907216494846
2002H2-E,E,tabicl,20260912,2006H2,23898,525,0.010930240855620202,0.021968365553602813
2002H2-E,E,tabicl,20260912,2007H1,23169,808,0.011821721166132644,0.03487418533385127
2002H2-E,E,tabicl,20260912,2007H2,24367,1560,0.011974232513885201,0.06402101202445931
2002H2-E,E,tabicl,20260912,2008H1,24660,1109,0.007632728356384841,0.04497161394971614
2002H2-E,E,tabicl,20260912,2008H2,24746,863,0.005904316234452312,0.03487432312292896
2002H2-E,E,tabicl,20260912,2009H1,24844,119,0.0031429229266061566,0.0047898889067782965
2002H2-E,E,tabicl,20260912,2009H2,24709,196,0.004615858637598027,0.00793233234853697
2002H2-E,E,tabicl,20260912,2010H1,24843,191,0.00517507225767511,0.0076882824135571385
2002H2-E,E,tabicl,20260912,2010H2,24683,152,0.0043581456026481405,0.006158084511607179
2002H2-E,E,tabicl,20260912,2011H1,24614,195,0.0058648055547549285,0.007922320630535468
2002H2-E,E,tabicl,20260912,2011H2,24646,119,0.00447210436361572,0.004828369715166762
2002H2-E,E,tabicl,20260912,2012H1,24306,148,0.007500046209799815,0.0060890315148523
2002H2-E,E,tabicl,20260912,2012H2,24538,131,0.006966992623937394,0.005338658407368164
2002H2-E,E,tabicl,20260912,2013H1,24341,85,0.007540041945900991,0.003492050449858264
2002H2-E,E,tabicl,20260912,2013H2,23974,142,0.00820639621185045,0.0059230833402853095
2002H2-E,E,tabicl,20260912,2014H1,24341,137,0.006960981242732628,0.005628363666242143
2002H2-E,E,tabicl,20260912,2014H2,24213,99,0.005919653175895349,0.004088712675009293
2002H2-E,E,tabicl,20260912,2015H1,24159,83,0.004930093754928687,0.0034355726644314747
2002H2-E,E,tabicl,20260912,2015H2,24159,130,0.005382085261388135,0.0053810174262179725
2002H2-E,E,tabicl,20260912,2016H1,24632,115,0.005124605215544765,0.0046687236115621955
2002H2-E,E,tabicl,20260912,2016H2,24760,121,0.004492247758187686,0.004886914378029079
2002H2-E,E,tabicl,20260912,2017H1,24541,162,0.005494751637498165,0.00660119799519172
2002H2-E,E,tabicl,20260912,2017H2,24680,143,0.005350472255695554,0.005794165316045381
2002H2-E,E,tabicl,20260912,2018H1,24416,148,0.0052991879250303894,0.006061598951507209
2002H2-E,E,tabicl,20260912,2018H2,24543,146,0.0054461048540339705,0.005948743022450393
2002H2-E,E,tabicl,20260912,2019H1,24752,110,0.005257531296220054,0.0044440853264382674
2002H2-E,E,tabicl,20260912,2019H2,24861,136,0.004594217553706833,0.005470415510236917
2002H2-E,E,tabicl,20260912,2020H1,24880,111,0.003845400818642623,0.004461414790996785
2002H2-E,E,tabicl,20260912,2020H2,24919,71,0.003181199823853278,0.0028492315100927005
2002H2-E,E,tabicl,20260912,2021H1,24909,90,0.0038295951513821766,0.003613151872817054
2002H2-E,E,tabicl,20260912,2021H2,24929,136,0.004620829771570384,0.005455493601829195
2002H2-E,E,tabicl,20260912,2022H1,24889,291,0.005764856402141087,0.011691912089678172
2002H2-E,E,tabicl,20260912,2022H2,24859,373,0.0055329080189763565,0.015004626091154109
2002H2-E,E,tabicl,20260912,2023H1,24882,381,0.005270950249520671,0.015312273932963588
2002H2-E,E,tabicl,20260912,2023H2,24866,363,0.004980872684862628,0.014598246601785572
2002H2-E,E,tabicl,20260913,2003H1,24276,72,0.006784199252929223,0.002965892239248641
2002H2-E,E,tabicl,20260913,2003H2,24205,139,0.00908335785199298,0.005742615162156579
2002H2-E,E,tabicl,20260913,2004H1,24219,181,0.010173043217118425,0.007473471241587184
2002H2-E,E,tabicl,20260913,2004H2,24090,202,0.012309674199091993,0.008385222083852222
2002H2-E,E,tabicl,20260913,2005H1,24233,248,0.01202524702264537,0.010233978459125985
2002H2-E,E,tabicl,20260913,2005H2,24082,266,0.012465627709523077,0.01104559421974919
2002H2-E,E,tabicl,20260913,2006H1,23280,405,0.014331923498924804,0.017396907216494846
2002H2-E,E,tabicl,20260913,2006H2,23898,525,0.014488635434265514,0.021968365553602813
2002H2-E,E,tabicl,20260913,2007H1,23169,808,0.01565273137764999,0.03487418533385127
2002H2-E,E,tabicl,20260913,2007H2,24367,1560,0.015453487364485997,0.06402101202445931
2002H2-E,E,tabicl,20260913,2008H1,24660,1109,0.010320094166756583,0.04497161394971614
2002H2-E,E,tabicl,20260913,2008H2,24746,863,0.008365213106921386,0.03487432312292896
2002H2-E,E,tabicl,20260913,2009H1,24844,119,0.004678046211135261,0.0047898889067782965
2002H2-E,E,tabicl,20260913,2009H2,24709,196,0.0063037332275069705,0.00793233234853697
2002H2-E,E,tabicl,20260913,2010H1,24843,191,0.0069116338113543565,0.0076882824135571385
2002H2-E,E,tabicl,20260913,2010H2,24683,152,0.005712774446150952,0.006158084511607179
2002H2-E,E,tabicl,20260913,2011H1,24614,195,0.007423672446601623,0.007922320630535468
2002H2-E,E,tabicl,20260913,2011H2,24646,119,0.00565463195797433,0.004828369715166762
2002H2-E,E,tabicl,20260913,2012H1,24306,148,0.009144197664996686,0.0060890315148523
2002H2-E,E,tabicl,20260913,2012H2,24538,131,0.008524652672845254,0.005338658407368164
2002H2-E,E,tabicl,20260913,2013H1,24341,85,0.009180367900460328,0.003492050449858264
2002H2-E,E,tabicl,20260913,2013H2,23974,142,0.009969667764128675,0.0059230833402853095
2002H2-E,E,tabicl,20260913,2014H1,24341,137,0.00846613614057358,0.005628363666242143
2002H2-E,E,tabicl,20260913,2014H2,24213,99,0.007417260921144175,0.004088712675009293
2002H2-E,E,tabicl,20260913,2015H1,24159,83,0.006256160519184348,0.0034355726644314747
2002H2-E,E,tabicl,20260913,2015H2,24159,130,0.006797727083466559,0.0053810174262179725
2002H2-E,E,tabicl,20260913,2016H1,24632,115,0.006554294440576618,0.0046687236115621955
2002H2-E,E,tabicl,20260913,2016H2,24760,121,0.0060927109196091305,0.004886914378029079
2002H2-E,E,tabicl,20260913,2017H1,24541,162,0.007447774805367719,0.00660119799519172
2002H2-E,E,tabicl,20260913,2017H2,24680,143,0.00740277962607309,0.005794165316045381
2002H2-E,E,tabicl,20260913,2018H1,24416,148,0.007387777179019693,0.006061598951507209
2002H2-E,E,tabicl,20260913,2018H2,24543,146,0.0075135173133674665,0.005948743022450393
2002H2-E,E,tabicl,20260913,2019H1,24752,110,0.007198614706242569,0.0044440853264382674
2002H2-E,E,tabicl,20260913,2019H2,24861,136,0.00627982759565103,0.005470415510236917
2002H2-E,E,tabicl,20260913,2020H1,24880,111,0.005284952786280611,0.004461414790996785
2002H2-E,E,tabicl,20260913,2020H2,24919,71,0.004431462538902843,0.0028492315100927005
2002H2-E,E,tabicl,20260913,2021H1,24909,90,0.005458762725113317,0.003613151872817054
2002H2-E,E,tabicl,20260913,2021H2,24929,136,0.00664899653919215,0.005455493601829195
2002H2-E,E,tabicl,20260913,2022H1,24889,291,0.008039301560593258,0.011691912089678172
2002H2-E,E,tabicl,20260913,2022H2,24859,373,0.007392622127515314,0.015004626091154109
2002H2-E,E,tabicl,20260913,2023H1,24882,381,0.006661497340037782,0.015312273932963588
2002H2-E,E,tabicl,20260913,2023H2,24866,363,0.0062642327686690666,0.014598246601785572
2002H2-E,E,tabicl@t1,20260911,2003H1,24276,72,0.00846686839131438,0.002965892239248641
2002H2-E,E,tabicl@t1,20260911,2003H2,24205,139,0.011299850547932528,0.005742615162156579
2002H2-E,E,tabicl@t1,20260911,2004H1,24219,181,0.012696002510175292,0.007473471241587184
2002H2-E,E,tabicl@t1,20260911,2004H2,24090,202,0.015242165637102924,0.008385222083852222
2002H2-E,E,tabicl@t1,20260911,2005H1,24233,248,0.014400173912702662,0.010233978459125985
2002H2-E,E,tabicl@t1,20260911,2005H2,24082,266,0.014904374688475575,0.01104559421974919
2002H2-E,E,tabicl@t1,20260911,2006H1,23280,405,0.017571980888238657,0.017396907216494846
2002H2-E,E,tabicl@t1,20260911,2006H2,23898,525,0.01805374380964574,0.021968365553602813
2002H2-E,E,tabicl@t1,20260911,2007H1,23169,808,0.019425983506828507,0.03487418533385127
2002H2-E,E,tabicl@t1,20260911,2007H2,24367,1560,0.01959275309966286,0.06402101202445931
2002H2-E,E,tabicl@t1,20260911,2008H1,24660,1109,0.01300141140250812,0.04497161394971614
2002H2-E,E,tabicl@t1,20260911,2008H2,24746,863,0.010970502810774113,0.03487432312292896
2002H2-E,E,tabicl@t1,20260911,2009H1,24844,119,0.006375398872160267,0.0047898889067782965
2002H2-E,E,tabicl@t1,20260911,2009H2,24709,196,0.009413151116217598,0.00793233234853697
2002H2-E,E,tabicl@t1,20260911,2010H1,24843,191,0.010540397318659954,0.0076882824135571385
2002H2-E,E,tabicl@t1,20260911,2010H2,24683,152,0.008966145510153794,0.006158084511607179
2002H2-E,E,tabicl@t1,20260911,2011H1,24614,195,0.01196716901813362,0.007922320630535468
2002H2-E,E,tabicl@t1,20260911,2011H2,24646,119,0.009124955037976935,0.004828369715166762
2002H2-E,E,tabicl@t1,20260911,2012H1,24306,148,0.016070803155380304,0.0060890315148523
2002H2-E,E,tabicl@t1,20260911,2012H2,24538,131,0.014716631103397451,0.005338658407368164
2002H2-E,E,tabicl@t1,20260911,2013H1,24341,85,0.01530331563010119,0.003492050449858264
2002H2-E,E,tabicl@t1,20260911,2013H2,23974,142,0.016153472951065555,0.0059230833402853095
2002H2-E,E,tabicl@t1,20260911,2014H1,24341,137,0.01337455174232704,0.005628363666242143
2002H2-E,E,tabicl@t1,20260911,2014H2,24213,99,0.011349537038972707,0.004088712675009293
2002H2-E,E,tabicl@t1,20260911,2015H1,24159,83,0.009455170253233775,0.0034355726644314747
2002H2-E,E,tabicl@t1,20260911,2015H2,24159,130,0.010216242083238505,0.0053810174262179725
2002H2-E,E,tabicl@t1,20260911,2016H1,24632,115,0.009920965455489861,0.0046687236115621955
2002H2-E,E,tabicl@t1,20260911,2016H2,24760,121,0.00928585315375677,0.004886914378029079
2002H2-E,E,tabicl@t1,20260911,2017H1,24541,162,0.011448239561387704,0.00660119799519172
2002H2-E,E,tabicl@t1,20260911,2017H2,24680,143,0.011548569954545205,0.005794165316045381
2002H2-E,E,tabicl@t1,20260911,2018H1,24416,148,0.01198562770252101,0.006061598951507209
2002H2-E,E,tabicl@t1,20260911,2018H2,24543,146,0.012287949161868861,0.005948743022450393
2002H2-E,E,tabicl@t1,20260911,2019H1,24752,110,0.011686955434536328,0.0044440853264382674
2002H2-E,E,tabicl@t1,20260911,2019H2,24861,136,0.009895818001474063,0.005470415510236917
2002H2-E,E,tabicl@t1,20260911,2020H1,24880,111,0.008011693273626682,0.004461414790996785
2002H2-E,E,tabicl@t1,20260911,2020H2,24919,71,0.006722354258233227,0.0028492315100927005
2002H2-E,E,tabicl@t1,20260911,2021H1,24909,90,0.007841062493089013,0.003613151872817054
2002H2-E,E,tabicl@t1,20260911,2021H2,24929,136,0.009132377269199866,0.005455493601829195
2002H2-E,E,tabicl@t1,20260911,2022H1,24889,291,0.010819309681120624,0.011691912089678172
2002H2-E,E,tabicl@t1,20260911,2022H2,24859,373,0.010945522586163459,0.015004626091154109
2002H2-E,E,tabicl@t1,20260911,2023H1,24882,381,0.010850294264528297,0.015312273932963588
2002H2-E,E,tabicl@t1,20260911,2023H2,24866,363,0.009967201040296683,0.014598246601785572
2002H2-E,E,tabicl@t1,20260912,2003H1,24276,72,0.007925013651192523,0.002965892239248641
2002H2-E,E,tabicl@t1,20260912,2003H2,24205,139,0.01029592331114013,0.005742615162156579
2002H2-E,E,tabicl@t1,20260912,2004H1,24219,181,0.01137430847073349,0.007473471241587184
2002H2-E,E,tabicl@t1,20260912,2004H2,24090,202,0.013381099755316081,0.008385222083852222
2002H2-E,E,tabicl@t1,20260912,2005H1,24233,248,0.012700580034746462,0.010233978459125985
2002H2-E,E,tabicl@t1,20260912,2005H2,24082,266,0.013040184732659978,0.01104559421974919
2002H2-E,E,tabicl@t1,20260912,2006H1,23280,405,0.015182902247963388,0.017396907216494846
2002H2-E,E,tabicl@t1,20260912,2006H2,23898,525,0.015741475513946928,0.021968365553602813
2002H2-E,E,tabicl@t1,20260912,2007H1,23169,808,0.016858894686854076,0.03487418533385127
2002H2-E,E,tabicl@t1,20260912,2007H2,24367,1560,0.017030071818230155,0.06402101202445931
2002H2-E,E,tabicl@t1,20260912,2008H1,24660,1109,0.011321403981402967,0.04497161394971614
2002H2-E,E,tabicl@t1,20260912,2008H2,24746,863,0.009050862952307932,0.03487432312292896
2002H2-E,E,tabicl@t1,20260912,2009H1,24844,119,0.005134968620359578,0.0047898889067782965
2002H2-E,E,tabicl@t1,20260912,2009H2,24709,196,0.007188040875804515,0.00793233234853697
2002H2-E,E,tabicl@t1,20260912,2010H1,24843,191,0.007908640765636663,0.0076882824135571385
2002H2-E,E,tabicl@t1,20260912,2010H2,24683,152,0.006738046438014714,0.006158084511607179
2002H2-E,E,tabicl@t1,20260912,2011H1,24614,195,0.008817749224142812,0.007922320630535468
2002H2-E,E,tabicl@t1,20260912,2011H2,24646,119,0.006870526259137298,0.004828369715166762
2002H2-E,E,tabicl@t1,20260912,2012H1,24306,148,0.010925141283685474,0.0060890315148523
2002H2-E,E,tabicl@t1,20260912,2012H2,24538,131,0.010228034943858922,0.005338658407368164
2002H2-E,E,tabicl@t1,20260912,2013H1,24341,85,0.010992471903514026,0.003492050449858264
2002H2-E,E,tabicl@t1,20260912,2013H2,23974,142,0.011941611227197299,0.0059230833402853095
2002H2-E,E,tabicl@t1,20260912,2014H1,24341,137,0.010358039830635215,0.005628363666242143
2002H2-E,E,tabicl@t1,20260912,2014H2,24213,99,0.009016575361102558,0.004088712675009293
2002H2-E,E,tabicl@t1,20260912,2015H1,24159,83,0.0076882567587667145,0.0034355726644314747
2002H2-E,E,tabicl@t1,20260912,2015H2,24159,130,0.008358695763767623,0.0053810174262179725
2002H2-E,E,tabicl@t1,20260912,2016H1,24632,115,0.00801842816563203,0.0046687236115621955
2002H2-E,E,tabicl@t1,20260912,2016H2,24760,121,0.007162027301133361,0.004886914378029079
2002H2-E,E,tabicl@t1,20260912,2017H1,24541,162,0.008597841628461445,0.00660119799519172
2002H2-E,E,tabicl@t1,20260912,2017H2,24680,143,0.008426348048779942,0.005794165316045381
2002H2-E,E,tabicl@t1,20260912,2018H1,24416,148,0.008377179816414176,0.006061598951507209
2002H2-E,E,tabicl@t1,20260912,2018H2,24543,146,0.00860427391282597,0.005948743022450393
2002H2-E,E,tabicl@t1,20260912,2019H1,24752,110,0.00834188733552333,0.0044440853264382674
2002H2-E,E,tabicl@t1,20260912,2019H2,24861,136,0.007378607053774675,0.005470415510236917
2002H2-E,E,tabicl@t1,20260912,2020H1,24880,111,0.006262440359434842,0.004461414790996785
2002H2-E,E,tabicl@t1,20260912,2020H2,24919,71,0.005274653557461648,0.0028492315100927005
2002H2-E,E,tabicl@t1,20260912,2021H1,24909,90,0.0062328755697898895,0.003613151872817054
2002H2-E,E,tabicl@t1,20260912,2021H2,24929,136,0.007388134662493658,0.005455493601829195
2002H2-E,E,tabicl@t1,20260912,2022H1,24889,291,0.00903095419541933,0.011691912089678172
2002H2-E,E,tabicl@t1,20260912,2022H2,24859,373,0.008705124188611227,0.015004626091154109
2002H2-E,E,tabicl@t1,20260912,2023H1,24882,381,0.008346950038937255,0.015312273932963588
2002H2-E,E,tabicl@t1,20260912,2023H2,24866,363,0.007927753034624483,0.014598246601785572
2002H2-E,E,tabicl@t1,20260913,2003H1,24276,72,0.010028587103560476,0.002965892239248641
2002H2-E,E,tabicl@t1,20260913,2003H2,24205,139,0.013096502126680393,0.005742615162156579
2002H2-E,E,tabicl@t1,20260913,2004H1,24219,181,0.014511661484379164,0.007473471241587184
2002H2-E,E,tabicl@t1,20260913,2004H2,24090,202,0.017330246528018404,0.008385222083852222
2002H2-E,E,tabicl@t1,20260913,2005H1,24233,248,0.016926965435371866,0.010233978459125985
2002H2-E,E,tabicl@t1,20260913,2005H2,24082,266,0.017535422769386258,0.01104559421974919
2002H2-E,E,tabicl@t1,20260913,2006H1,23280,405,0.01991227839261933,0.017396907216494846
2002H2-E,E,tabicl@t1,20260913,2006H2,23898,525,0.020131339672449407,0.021968365553602813
2002H2-E,E,tabicl@t1,20260913,2007H1,23169,808,0.02151168641494067,0.03487418533385127
2002H2-E,E,tabicl@t1,20260913,2007H2,24367,1560,0.02126205877069248,0.06402101202445931
2002H2-E,E,tabicl@t1,20260913,2008H1,24660,1109,0.014781068660149669,0.04497161394971614
2002H2-E,E,tabicl@t1,20260913,2008H2,24746,863,0.012292002390111538,0.03487432312292896
2002H2-E,E,tabicl@t1,20260913,2009H1,24844,119,0.007401899836934556,0.0047898889067782965
2002H2-E,E,tabicl@t1,20260913,2009H2,24709,196,0.009547893171219833,0.00793233234853697
2002H2-E,E,tabicl@t1,20260913,2010H1,24843,191,0.01027060533010347,0.0076882824135571385
2002H2-E,E,tabicl@t1,20260913,2010H2,24683,152,0.008630080279248876,0.006158084511607179
2002H2-E,E,tabicl@t1,20260913,2011H1,24614,195,0.010914843544241352,0.007922320630535468
2002H2-E,E,tabicl@t1,20260913,2011H2,24646,119,0.008516040352807092,0.004828369715166762
2002H2-E,E,tabicl@t1,20260913,2012H1,24306,148,0.013068352063909648,0.0060890315148523
2002H2-E,E,tabicl@t1,20260913,2012H2,24538,131,0.012289241955583428,0.005338658407368164
2002H2-E,E,tabicl@t1,20260913,2013H1,24341,85,0.013127265439450713,0.003492050449858264
2002H2-E,E,tabicl@t1,20260913,2013H2,23974,142,0.014199440661259806,0.0059230833402853095
2002H2-E,E,tabicl@t1,20260913,2014H1,24341,137,0.01233325039220199,0.005628363666242143
2002H2-E,E,tabicl@t1,20260913,2014H2,24213,99,0.01101405270948632,0.004088712675009293
2002H2-E,E,tabicl@t1,20260913,2015H1,24159,83,0.009523072100083681,0.0034355726644314747
2002H2-E,E,tabicl@t1,20260913,2015H2,24159,130,0.010289196643682665,0.0053810174262179725
2002H2-E,E,tabicl@t1,20260913,2016H1,24632,115,0.009989083869378971,0.0046687236115621955
2002H2-E,E,tabicl@t1,20260913,2016H2,24760,121,0.009380718003518052,0.004886914378029079
2002H2-E,E,tabicl@t1,20260913,2017H1,24541,162,0.011206438146236715,0.00660119799519172
2002H2-E,E,tabicl@t1,20260913,2017H2,24680,143,0.011176931285871909,0.005794165316045381
2002H2-E,E,tabicl@t1,20260913,2018H1,24416,148,0.011163631669317766,0.006061598951507209
2002H2-E,E,tabicl@t1,20260913,2018H2,24543,146,0.011371157504220927,0.005948743022450393
2002H2-E,E,tabicl@t1,20260913,2019H1,24752,110,0.01096145013066309,0.0044440853264382674
2002H2-E,E,tabicl@t1,20260913,2019H2,24861,136,0.009717470806452118,0.005470415510236917
2002H2-E,E,tabicl@t1,20260913,2020H1,24880,111,0.008327643373647888,0.004461414790996785
2002H2-E,E,tabicl@t1,20260913,2020H2,24919,71,0.007113418504456182,0.0028492315100927005
2002H2-E,E,tabicl@t1,20260913,2021H1,24909,90,0.008538622079297961,0.003613151872817054
2002H2-E,E,tabicl@t1,20260913,2021H2,24929,136,0.010168678772135264,0.005455493601829195
2002H2-E,E,tabicl@t1,20260913,2022H1,24889,291,0.012044818735651582,0.011691912089678172
2002H2-E,E,tabicl@t1,20260913,2022H2,24859,373,0.011168904842145572,0.015004626091154109
2002H2-E,E,tabicl@t1,20260913,2023H1,24882,381,0.010235901292401001,0.015312273932963588
2002H2-E,E,tabicl@t1,20260913,2023H2,24866,363,0.009720003778460842,0.014598246601785572
2002H2-E,E,tabpfn,20260911,2003H1,24276,72,0.0046038669134904914,0.002965892239248641
2002H2-E,E,tabpfn,20260911,2003H2,24205,139,0.006342448414652969,0.005742615162156579
2002H2-E,E,tabpfn,20260911,2004H1,24219,181,0.007118874153786129,0.007473471241587184
2002H2-E,E,tabpfn,20260911,2004H2,24090,202,0.00866385933600691,0.008385222083852222
2002H2-E,E,tabpfn,20260911,2005H1,24233,248,0.0080627725389898,0.010233978459125985
2002H2-E,E,tabpfn,20260911,2005H2,24082,266,0.008278720296025313,0.01104559421974919
2002H2-E,E,tabpfn,20260911,2006H1,23280,405,0.009746374061941208,0.017396907216494846
2002H2-E,E,tabpfn,20260911,2006H2,23898,525,0.010341567914676544,0.021968365553602813
2002H2-E,E,tabpfn,20260911,2007H1,23169,808,0.011343904762457765,0.03487418533385127
2002H2-E,E,tabpfn,20260911,2007H2,24367,1560,0.011958749910638469,0.06402101202445931
2002H2-E,E,tabpfn,20260911,2008H1,24660,1109,0.007022861914811074,0.04497161394971614
2002H2-E,E,tabpfn,20260911,2008H2,24746,863,0.00525478065572126,0.03487432312292896
2002H2-E,E,tabpfn,20260911,2009H1,24844,119,0.002920812160261488,0.0047898889067782965
2002H2-E,E,tabpfn,20260911,2009H2,24709,196,0.005776901090814719,0.00793233234853697
2002H2-E,E,tabpfn,20260911,2010H1,24843,191,0.007132999790912583,0.0076882824135571385
2002H2-E,E,tabpfn,20260911,2010H2,24683,152,0.006143190676496142,0.006158084511607179
2002H2-E,E,tabpfn,20260911,2011H1,24614,195,0.009484867894764989,0.007922320630535468
2002H2-E,E,tabpfn,20260911,2011H2,24646,119,0.00673626783544287,0.004828369715166762
2002H2-E,E,tabpfn,20260911,2012H1,24306,148,0.015350580627820033,0.0060890315148523
2002H2-E,E,tabpfn,20260911,2012H2,24538,131,0.014182101936177749,0.005338658407368164
2002H2-E,E,tabpfn,20260911,2013H1,24341,85,0.014436256320463546,0.003492050449858264
2002H2-E,E,tabpfn,20260911,2013H2,23974,142,0.01459985011170715,0.0059230833402853095
2002H2-E,E,tabpfn,20260911,2014H1,24341,137,0.01073891950838261,0.005628363666242143
2002H2-E,E,tabpfn,20260911,2014H2,24213,99,0.0077344640933617965,0.004088712675009293
2002H2-E,E,tabpfn,20260911,2015H1,24159,83,0.005825444105459949,0.0034355726644314747
2002H2-E,E,tabpfn,20260911,2015H2,24159,130,0.0062046635925923025,0.0053810174262179725
2002H2-E,E,tabpfn,20260911,2016H1,24632,115,0.005656938545876784,0.0046687236115621955
2002H2-E,E,tabpfn,20260911,2016H2,24760,121,0.0045540364760462745,0.004886914378029079
2002H2-E,E,tabpfn,20260911,2017H1,24541,162,0.005951848651719179,0.00660119799519172
2002H2-E,E,tabpfn,20260911,2017H2,24680,143,0.005379917887416016,0.005794165316045381
2002H2-E,E,tabpfn,20260911,2018H1,24416,148,0.005361165098760845,0.006061598951507209
2002H2-E,E,tabpfn,20260911,2018H2,24543,146,0.005403319063530268,0.005948743022450393
2002H2-E,E,tabpfn,20260911,2019H1,24752,110,0.005170479526322877,0.0044440853264382674
2002H2-E,E,tabpfn,20260911,2019H2,24861,136,0.0043483104391503205,0.005470415510236917
2002H2-E,E,tabpfn,20260911,2020H1,24880,111,0.003489309630707753,0.004461414790996785
2002H2-E,E,tabpfn,20260911,2020H2,24919,71,0.002865171647120596,0.0028492315100927005
2002H2-E,E,tabpfn,20260911,2021H1,24909,90,0.0033457251711634444,0.003613151872817054
2002H2-E,E,tabpfn,20260911,2021H2,24929,136,0.004094612009047184,0.005455493601829195
2002H2-E,E,tabpfn,20260911,2022H1,24889,291,0.0050135649374235475,0.011691912089678172
2002H2-E,E,tabpfn,20260911,2022H2,24859,373,0.0050994959368042365,0.015004626091154109
2002H2-E,E,tabpfn,20260911,2023H1,24882,381,0.005101736932763469,0.015312273932963588
2002H2-E,E,tabpfn,20260911,2023H2,24866,363,0.004798636236320688,0.014598246601785572
2002H2-E,E,tabpfn,20260912,2003H1,24276,72,0.004756890782961074,0.002965892239248641
2002H2-E,E,tabpfn,20260912,2003H2,24205,139,0.006488969438648766,0.005742615162156579
2002H2-E,E,tabpfn,20260912,2004H1,24219,181,0.007255471721909489,0.007473471241587184
2002H2-E,E,tabpfn,20260912,2004H2,24090,202,0.008754998407154577,0.008385222083852222
2002H2-E,E,tabpfn,20260912,2005H1,24233,248,0.00822334523879408,0.010233978459125985
2002H2-E,E,tabpfn,20260912,2005H2,24082,266,0.008458585536768865,0.01104559421974919
2002H2-E,E,tabpfn,20260912,2006H1,23280,405,0.009867700150801961,0.017396907216494846
2002H2-E,E,tabpfn,20260912,2006H2,23898,525,0.010332544166154168,0.021968365553602813
2002H2-E,E,tabpfn,20260912,2007H1,23169,808,0.01113615192080055,0.03487418533385127
2002H2-E,E,tabpfn,20260912,2007H2,24367,1560,0.011500728799044945,0.06402101202445931
2002H2-E,E,tabpfn,20260912,2008H1,24660,1109,0.0070411683092271365,0.04497161394971614
2002H2-E,E,tabpfn,20260912,2008H2,24746,863,0.005315924239062856,0.03487432312292896
2002H2-E,E,tabpfn,20260912,2009H1,24844,119,0.0027656439829978918,0.0047898889067782965
2002H2-E,E,tabpfn,20260912,2009H2,24709,196,0.004782610892258137,0.00793233234853697
2002H2-E,E,tabpfn,20260912,2010H1,24843,191,0.005680471684909836,0.0076882824135571385
2002H2-E,E,tabpfn,20260912,2010H2,24683,152,0.004803006737970469,0.006158084511607179
2002H2-E,E,tabpfn,20260912,2011H1,24614,195,0.0070695481501995144,0.007922320630535468
2002H2-E,E,tabpfn,20260912,2011H2,24646,119,0.005212733412491283,0.004828369715166762
2002H2-E,E,tabpfn,20260912,2012H1,24306,148,0.010668378767190699,0.0060890315148523
2002H2-E,E,tabpfn,20260912,2012H2,24538,131,0.009840170191214984,0.005338658407368164
2002H2-E,E,tabpfn,20260912,2013H1,24341,85,0.010212671277988885,0.003492050449858264
2002H2-E,E,tabpfn,20260912,2013H2,23974,142,0.010521504176372142,0.0059230833402853095
2002H2-E,E,tabpfn,20260912,2014H1,24341,137,0.008196001752531863,0.005628363666242143
2002H2-E,E,tabpfn,20260912,2014H2,24213,99,0.006325390934943492,0.004088712675009293
2002H2-E,E,tabpfn,20260912,2015H1,24159,83,0.005010075455121461,0.0034355726644314747
2002H2-E,E,tabpfn,20260912,2015H2,24159,130,0.005428179211030336,0.0053810174262179725
2002H2-E,E,tabpfn,20260912,2016H1,24632,115,0.005057457458697533,0.0046687236115621955
2002H2-E,E,tabpfn,20260912,2016H2,24760,121,0.004212352411077327,0.004886914378029079
2002H2-E,E,tabpfn,20260912,2017H1,24541,162,0.005343296631628751,0.00660119799519172
2002H2-E,E,tabpfn,20260912,2017H2,24680,143,0.005021115063208847,0.005794165316045381
2002H2-E,E,tabpfn,20260912,2018H1,24416,148,0.004962098242361376,0.006061598951507209
2002H2-E,E,tabpfn,20260912,2018H2,24543,146,0.005072135166593201,0.005948743022450393
2002H2-E,E,tabpfn,20260912,2019H1,24752,110,0.0048414877029232025,0.0044440853264382674
2002H2-E,E,tabpfn,20260912,2019H2,24861,136,0.004135826361904669,0.005470415510236917
2002H2-E,E,tabpfn,20260912,2020H1,24880,111,0.0034005433352501,0.004461414790996785
2002H2-E,E,tabpfn,20260912,2020H2,24919,71,0.002793687291874254,0.0028492315100927005
2002H2-E,E,tabpfn,20260912,2021H1,24909,90,0.0033689632569536454,0.003613151872817054
2002H2-E,E,tabpfn,20260912,2021H2,24929,136,0.004177587034605467,0.005455493601829195
2002H2-E,E,tabpfn,20260912,2022H1,24889,291,0.005219343894104941,0.011691912089678172
2002H2-E,E,tabpfn,20260912,2022H2,24859,373,0.005037666974184395,0.015004626091154109
2002H2-E,E,tabpfn,20260912,2023H1,24882,381,0.004802341758705063,0.015312273932963588
2002H2-E,E,tabpfn,20260912,2023H2,24866,363,0.004562575805760856,0.014598246601785572
2002H2-E,E,tabpfn,20260913,2003H1,24276,72,0.004762428868402629,0.002965892239248641
2002H2-E,E,tabpfn,20260913,2003H2,24205,139,0.006375704986644998,0.005742615162156579
2002H2-E,E,tabpfn,20260913,2004H1,24219,181,0.007138563505883303,0.007473471241587184
2002H2-E,E,tabpfn,20260913,2004H2,24090,202,0.008601777234113789,0.008385222083852222
2002H2-E,E,tabpfn,20260913,2005H1,24233,248,0.008171698427497293,0.010233978459125985
2002H2-E,E,tabpfn,20260913,2005H2,24082,266,0.00839422768427332,0.01104559421974919
2002H2-E,E,tabpfn,20260913,2006H1,23280,405,0.009615475721788669,0.017396907216494846
2002H2-E,E,tabpfn,20260913,2006H2,23898,525,0.010060319317333167,0.021968365553602813
2002H2-E,E,tabpfn,20260913,2007H1,23169,808,0.010905021029424932,0.03487418533385127
2002H2-E,E,tabpfn,20260913,2007H2,24367,1560,0.011371647111063053,0.06402101202445931
2002H2-E,E,tabpfn,20260913,2008H1,24660,1109,0.006986422947480142,0.04497161394971614
2002H2-E,E,tabpfn,20260913,2008H2,24746,863,0.005296536576258676,0.03487432312292896
2002H2-E,E,tabpfn,20260913,2009H1,24844,119,0.0028758972189623414,0.0047898889067782965
2002H2-E,E,tabpfn,20260913,2009H2,24709,196,0.004537039740299334,0.00793233234853697
2002H2-E,E,tabpfn,20260913,2010H1,24843,191,0.005332010083295403,0.0076882824135571385
2002H2-E,E,tabpfn,20260913,2010H2,24683,152,0.004447907696728407,0.006158084511607179
2002H2-E,E,tabpfn,20260913,2011H1,24614,195,0.006238656540561444,0.007922320630535468
2002H2-E,E,tabpfn,20260913,2011H2,24646,119,0.004665225925940905,0.004828369715166762
2002H2-E,E,tabpfn,20260913,2012H1,24306,148,0.008842749368380688,0.0060890315148523
2002H2-E,E,tabpfn,20260913,2012H2,24538,131,0.008222972426126443,0.005338658407368164
2002H2-E,E,tabpfn,20260913,2013H1,24341,85,0.008716761504390734,0.003492050449858264
2002H2-E,E,tabpfn,20260913,2013H2,23974,142,0.009353708986257205,0.0059230833402853095
2002H2-E,E,tabpfn,20260913,2014H1,24341,137,0.007535117686176493,0.005628363666242143
2002H2-E,E,tabpfn,20260913,2014H2,24213,99,0.006102933894872851,0.004088712675009293
2002H2-E,E,tabpfn,20260913,2015H1,24159,83,0.004974601900464162,0.0034355726644314747
2002H2-E,E,tabpfn,20260913,2015H2,24159,130,0.005293099129524406,0.0053810174262179725
2002H2-E,E,tabpfn,20260913,2016H1,24632,115,0.005034794783801115,0.0046687236115621955
2002H2-E,E,tabpfn,20260913,2016H2,24760,121,0.004326635689324139,0.004886914378029079
2002H2-E,E,tabpfn,20260913,2017H1,24541,162,0.005359016970884914,0.00660119799519172
2002H2-E,E,tabpfn,20260913,2017H2,24680,143,0.005049130577798335,0.005794165316045381
2002H2-E,E,tabpfn,20260913,2018H1,24416,148,0.004972002434037123,0.006061598951507209
2002H2-E,E,tabpfn,20260913,2018H2,24543,146,0.005080032823376136,0.005948743022450393
2002H2-E,E,tabpfn,20260913,2019H1,24752,110,0.00485858347278974,0.0044440853264382674
2002H2-E,E,tabpfn,20260913,2019H2,24861,136,0.004223994565014054,0.005470415510236917
2002H2-E,E,tabpfn,20260913,2020H1,24880,111,0.0035613749729803924,0.004461414790996785
2002H2-E,E,tabpfn,20260913,2020H2,24919,71,0.0030457791360462344,0.0028492315100927005
2002H2-E,E,tabpfn,20260913,2021H1,24909,90,0.003549857956185292,0.003613151872817054
2002H2-E,E,tabpfn,20260913,2021H2,24929,136,0.004300370786254268,0.005455493601829195
2002H2-E,E,tabpfn,20260913,2022H1,24889,291,0.005163423296254153,0.011691912089678172
2002H2-E,E,tabpfn,20260913,2022H2,24859,373,0.005008243046905589,0.015004626091154109
2002H2-E,E,tabpfn,20260913,2023H1,24882,381,0.0048096137431206205,0.015312273932963588
2002H2-E,E,tabpfn,20260913,2023H2,24866,363,0.00459279581768815,0.014598246601785572
2002H2-E,E,tabpfn@t1,20260911,2003H1,24276,72,0.0069824617911237044,0.002965892239248641
2002H2-E,E,tabpfn@t1,20260911,2003H2,24205,139,0.009396696418126255,0.005742615162156579
2002H2-E,E,tabpfn@t1,20260911,2004H1,24219,181,0.010474966919318575,0.007473471241587184
2002H2-E,E,tabpfn@t1,20260911,2004H2,24090,202,0.012572342260388914,0.008385222083852222
2002H2-E,E,tabpfn@t1,20260911,2005H1,24233,248,0.011773520908106915,0.010233978459125985
2002H2-E,E,tabpfn@t1,20260911,2005H2,24082,266,0.012095386002815612,0.01104559421974919
2002H2-E,E,tabpfn@t1,20260911,2006H1,23280,405,0.014033112791285614,0.017396907216494846
2002H2-E,E,tabpfn@t1,20260911,2006H2,23898,525,0.014756118715363576,0.021968365553602813
2002H2-E,E,tabpfn@t1,20260911,2007H1,23169,808,0.015980385449307126,0.03487418533385127
2002H2-E,E,tabpfn@t1,20260911,2007H2,24367,1560,0.01676685703326749,0.06402101202445931
2002H2-E,E,tabpfn@t1,20260911,2008H1,24660,1109,0.010383669350376915,0.04497161394971614
2002H2-E,E,tabpfn@t1,20260911,2008H2,24746,863,0.008109282747038237,0.03487432312292896
2002H2-E,E,tabpfn@t1,20260911,2009H1,24844,119,0.004611950961312854,0.0047898889067782965
2002H2-E,E,tabpfn@t1,20260911,2009H2,24709,196,0.00824723921034249,0.00793233234853697
2002H2-E,E,tabpfn@t1,20260911,2010H1,24843,191,0.00985722220850088,0.0076882824135571385
2002H2-E,E,tabpfn@t1,20260911,2010H2,24683,152,0.008555417732400011,0.006158084511607179
2002H2-E,E,tabpfn@t1,20260911,2011H1,24614,195,0.012592359594085346,0.007922320630535468
2002H2-E,E,tabpfn@t1,20260911,2011H2,24646,119,0.009228893094161333,0.004828369715166762
2002H2-E,E,tabpfn@t1,20260911,2012H1,24306,148,0.01942797604459449,0.0060890315148523
2002H2-E,E,tabpfn@t1,20260911,2012H2,24538,131,0.01790895927883147,0.005338658407368164
2002H2-E,E,tabpfn@t1,20260911,2013H1,24341,85,0.01824362513626931,0.003492050449858264
2002H2-E,E,tabpfn@t1,20260911,2013H2,23974,142,0.01855468124732719,0.0059230833402853095
2002H2-E,E,tabpfn@t1,20260911,2014H1,24341,137,0.01414050753685627,0.005628363666242143
2002H2-E,E,tabpfn@t1,20260911,2014H2,24213,99,0.010725484614806189,0.004088712675009293
2002H2-E,E,tabpfn@t1,20260911,2015H1,24159,83,0.008468057006342263,0.0034355726644314747
2002H2-E,E,tabpfn@t1,20260911,2015H2,24159,130,0.009038613881252598,0.0053810174262179725
2002H2-E,E,tabpfn@t1,20260911,2016H1,24632,115,0.008428488770793505,0.0046687236115621955
2002H2-E,E,tabpfn@t1,20260911,2016H2,24760,121,0.007096633535466188,0.004886914378029079
2002H2-E,E,tabpfn@t1,20260911,2017H1,24541,162,0.008973432826558913,0.00660119799519172
2002H2-E,E,tabpfn@t1,20260911,2017H2,24680,143,0.008372272631396555,0.005794165316045381
2002H2-E,E,tabpfn@t1,20260911,2018H1,24416,148,0.008365704673565977,0.006061598951507209
2002H2-E,E,tabpfn@t1,20260911,2018H2,24543,146,0.008491275001891669,0.005948743022450393
2002H2-E,E,tabpfn@t1,20260911,2019H1,24752,110,0.008167780252446893,0.0044440853264382674
2002H2-E,E,tabpfn@t1,20260911,2019H2,24861,136,0.006983322219259167,0.005470415510236917
2002H2-E,E,tabpfn@t1,20260911,2020H1,24880,111,0.0057114709616845815,0.004461414790996785
2002H2-E,E,tabpfn@t1,20260911,2020H2,24919,71,0.004778402299213059,0.0028492315100927005
2002H2-E,E,tabpfn@t1,20260911,2021H1,24909,90,0.00550166894005782,0.003613151872817054
2002H2-E,E,tabpfn@t1,20260911,2021H2,24929,136,0.006611306656409199,0.005455493601829195
2002H2-E,E,tabpfn@t1,20260911,2022H1,24889,291,0.00797674422468798,0.011691912089678172
2002H2-E,E,tabpfn@t1,20260911,2022H2,24859,373,0.008114578222635548,0.015004626091154109
2002H2-E,E,tabpfn@t1,20260911,2023H1,24882,381,0.008084235589656598,0.015312273932963588
2002H2-E,E,tabpfn@t1,20260911,2023H2,24866,363,0.007634182468985183,0.014598246601785572
2002H2-E,E,tabpfn@t1,20260912,2003H1,24276,72,0.007207612631998961,0.002965892239248641
2002H2-E,E,tabpfn@t1,20260912,2003H2,24205,139,0.009639606229956637,0.005742615162156579
2002H2-E,E,tabpfn@t1,20260912,2004H1,24219,181,0.010705745985163351,0.007473471241587184
2002H2-E,E,tabpfn@t1,20260912,2004H2,24090,202,0.012759116951722884,0.008385222083852222
2002H2-E,E,tabpfn@t1,20260912,2005H1,24233,248,0.012033038098524974,0.010233978459125985
2002H2-E,E,tabpfn@t1,20260912,2005H2,24082,266,0.012380671980784679,0.01104559421974919
2002H2-E,E,tabpfn@t1,20260912,2006H1,23280,405,0.014277032055102121,0.017396907216494846
2002H2-E,E,tabpfn@t1,20260912,2006H2,23898,525,0.014860648473705447,0.021968365553602813
2002H2-E,E,tabpfn@t1,20260912,2007H1,23169,808,0.015869775897036857,0.03487418533385127
2002H2-E,E,tabpfn@t1,20260912,2007H2,24367,1560,0.0163423391914246,0.06402101202445931
2002H2-E,E,tabpfn@t1,20260912,2008H1,24660,1109,0.010460583842019585,0.04497161394971614
2002H2-E,E,tabpfn@t1,20260912,2008H2,24746,863,0.008208504682639204,0.03487432312292896
2002H2-E,E,tabpfn@t1,20260912,2009H1,24844,119,0.004476142712576906,0.0047898889067782965
2002H2-E,E,tabpfn@t1,20260912,2009H2,24709,196,0.007208154683037245,0.00793233234853697
2002H2-E,E,tabpfn@t1,20260912,2010H1,24843,191,0.008331951188031546,0.0076882824135571385
2002H2-E,E,tabpfn@t1,20260912,2010H2,24683,152,0.007100348440445499,0.006158084511607179
2002H2-E,E,tabpfn@t1,20260912,2011H1,24614,195,0.010053816698544734,0.007922320630535468
2002H2-E,E,tabpfn@t1,20260912,2011H2,24646,119,0.007585082435700572,0.004828369715166762
2002H2-E,E,tabpfn@t1,20260912,2012H1,24306,148,0.014458205229543173,0.0060890315148523
2002H2-E,E,tabpfn@t1,20260912,2012H2,24538,131,0.013365711416072562,0.005338658407368164
2002H2-E,E,tabpfn@t1,20260912,2013H1,24341,85,0.013866642275903172,0.003492050449858264
2002H2-E,E,tabpfn@t1,20260912,2013H2,23974,142,0.014377411959415375,0.0059230833402853095
2002H2-E,E,tabpfn@t1,20260912,2014H1,24341,137,0.011571392256167363,0.005628363666242143
2002H2-E,E,tabpfn@t1,20260912,2014H2,24213,99,0.009296222628913466,0.004088712675009293
2002H2-E,E,tabpfn@t1,20260912,2015H1,24159,83,0.007617611560190376,0.0034355726644314747
2002H2-E,E,tabpfn@t1,20260912,2015H2,24159,130,0.008245535883275352,0.0053810174262179725
2002H2-E,E,tabpfn@t1,20260912,2016H1,24632,115,0.007789669554339587,0.0046687236115621955
2002H2-E,E,tabpfn@t1,20260912,2016H2,24760,121,0.006694452897273742,0.004886914378029079
2002H2-E,E,tabpfn@t1,20260912,2017H1,24541,162,0.008291132724973541,0.00660119799519172
2002H2-E,E,tabpfn@t1,20260912,2017H2,24680,143,0.007923377240776191,0.005794165316045381
2002H2-E,E,tabpfn@t1,20260912,2018H1,24416,148,0.00786770006999233,0.006061598951507209
2002H2-E,E,tabpfn@t1,20260912,2018H2,24543,146,0.00806045732177218,0.005948743022450393
2002H2-E,E,tabpfn@t1,20260912,2019H1,24752,110,0.007732424251289599,0.0044440853264382674
2002H2-E,E,tabpfn@t1,20260912,2019H2,24861,136,0.006691078764993365,0.005470415510236917
2002H2-E,E,tabpfn@t1,20260912,2020H1,24880,111,0.005584448168592995,0.004461414790996785
2002H2-E,E,tabpfn@t1,20260912,2020H2,24919,71,0.00467361142892969,0.0028492315100927005
2002H2-E,E,tabpfn@t1,20260912,2021H1,24909,90,0.005536999049728645,0.003613151872817054
2002H2-E,E,tabpfn@t1,20260912,2021H2,24929,136,0.006726344898007415,0.005455493601829195
2002H2-E,E,tabpfn@t1,20260912,2022H1,24889,291,0.0082543117755164,0.011691912089678172
2002H2-E,E,tabpfn@t1,20260912,2022H2,24859,373,0.008013555318083832,0.015004626091154109
2002H2-E,E,tabpfn@t1,20260912,2023H1,24882,381,0.007696772765682314,0.015312273932963588
2002H2-E,E,tabpfn@t1,20260912,2023H2,24866,363,0.007341395514061989,0.014598246601785572
2002H2-E,E,tabpfn@t1,20260913,2003H1,24276,72,0.007266867900608913,0.002965892239248641
2002H2-E,E,tabpfn@t1,20260913,2003H2,24205,139,0.00952048525486777,0.005742615162156579
2002H2-E,E,tabpfn@t1,20260913,2004H1,24219,181,0.010563657308007767,0.007473471241587184
2002H2-E,E,tabpfn@t1,20260913,2004H2,24090,202,0.012553419307889443,0.008385222083852222
2002H2-E,E,tabpfn@t1,20260913,2005H1,24233,248,0.011974271153714093,0.010233978459125985
2002H2-E,E,tabpfn@t1,20260913,2005H2,24082,266,0.012304127218234087,0.01104559421974919
2002H2-E,E,tabpfn@t1,20260913,2006H1,23280,405,0.013928463368545986,0.017396907216494846
2002H2-E,E,tabpfn@t1,20260913,2006H2,23898,525,0.01447592435729075,0.021968365553602813
2002H2-E,E,tabpfn@t1,20260913,2007H1,23169,808,0.015540136850298453,0.03487418533385127
2002H2-E,E,tabpfn@t1,20260913,2007H2,24367,1560,0.016147064230208848,0.06402101202445931
2002H2-E,E,tabpfn@t1,20260913,2008H1,24660,1109,0.010442946737160829,0.04497161394971614
2002H2-E,E,tabpfn@t1,20260913,2008H2,24746,863,0.008236115537213543,0.03487432312292896
2002H2-E,E,tabpfn@t1,20260913,2009H1,24844,119,0.0047546216888419805,0.0047898889067782965
2002H2-E,E,tabpfn@t1,20260913,2009H2,24709,196,0.006952065432434104,0.00793233234853697
2002H2-E,E,tabpfn@t1,20260913,2010H1,24843,191,0.007929734457431776,0.0076882824135571385
2002H2-E,E,tabpfn@t1,20260913,2010H2,24683,152,0.006723187527286813,0.006158084511607179
2002H2-E,E,tabpfn@t1,20260913,2011H1,24614,195,0.009056114729437214,0.007922320630535468
2002H2-E,E,tabpfn@t1,20260913,2011H2,24646,119,0.0069810000372523846,0.004828369715166762
2002H2-E,E,tabpfn@t1,20260913,2012H1,24306,148,0.012227695880550466,0.0060890315148523
2002H2-E,E,tabpfn@t1,20260913,2012H2,24538,131,0.011447240542024966,0.005338658407368164
2002H2-E,E,tabpfn@t1,20260913,2013H1,24341,85,0.012117293092730737,0.003492050449858264
2002H2-E,E,tabpfn@t1,20260913,2013H2,23974,142,0.013000153170424009,0.0059230833402853095
2002H2-E,E,tabpfn@t1,20260913,2014H1,24341,137,0.010822790133280039,0.005628363666242143
2002H2-E,E,tabpfn@t1,20260913,2014H2,24213,99,0.00907671134303436,0.004088712675009293
2002H2-E,E,tabpfn@t1,20260913,2015H1,24159,83,0.007658322557077637,0.0034355726644314747
2002H2-E,E,tabpfn@t1,20260913,2015H2,24159,130,0.008159301135273656,0.0053810174262179725
2002H2-E,E,tabpfn@t1,20260913,2016H1,24632,115,0.007851161291022762,0.0046687236115621955
2002H2-E,E,tabpfn@t1,20260913,2016H2,24760,121,0.006941314042157584,0.004886914378029079
2002H2-E,E,tabpfn@t1,20260913,2017H1,24541,162,0.008370809801873737,0.00660119799519172
2002H2-E,E,tabpfn@t1,20260913,2017H2,24680,143,0.008026632393009464,0.005794165316045381
2002H2-E,E,tabpfn@t1,20260913,2018H1,24416,148,0.007940679062526625,0.006061598951507209
2002H2-E,E,tabpfn@t1,20260913,2018H2,24543,146,0.00812483880890126,0.005948743022450393
2002H2-E,E,tabpfn@t1,20260913,2019H1,24752,110,0.007821422395406527,0.0044440853264382674
2002H2-E,E,tabpfn@t1,20260913,2019H2,24861,136,0.006897867594303558,0.005470415510236917
2002H2-E,E,tabpfn@t1,20260913,2020H1,24880,111,0.005907963404477186,0.004461414790996785
2002H2-E,E,tabpfn@t1,20260913,2020H2,24919,71,0.005134127541873632,0.0028492315100927005
2002H2-E,E,tabpfn@t1,20260913,2021H1,24909,90,0.005883990927597865,0.003613151872817054
2002H2-E,E,tabpfn@t1,20260913,2021H2,24929,136,0.006980129877557156,0.005455493601829195
2002H2-E,E,tabpfn@t1,20260913,2022H1,24889,291,0.008243506622069257,0.011691912089678172
2002H2-E,E,tabpfn@t1,20260913,2022H2,24859,373,0.008038815809638576,0.015004626091154109
2002H2-E,E,tabpfn@t1,20260913,2023H1,24882,381,0.007767240188518576,0.015312273932963588
2002H2-E,E,tabpfn@t1,20260913,2023H2,24866,363,0.007446448346598345,0.014598246601785572
2004H2-E,E,gbm,,2005H1,24233,248,0.010265700904422885,0.010233978459125985
2004H2-E,E,gbm,,2005H2,24082,266,0.010319411095353101,0.01104559421974919
2004H2-E,E,gbm,,2006H1,23280,405,0.012266144035057755,0.017396907216494846
2004H2-E,E,gbm,,2006H2,23898,525,0.01256882723966945,0.021968365553602813
2004H2-E,E,gbm,,2007H1,23169,808,0.013512770614070161,0.03487418533385127
2004H2-E,E,gbm,,2007H2,24367,1560,0.014792033975209977,0.06402101202445931
2004H2-E,E,gbm,,2008H1,24660,1109,0.009657738095802117,0.04497161394971614
2004H2-E,E,gbm,,2008H2,24746,863,0.007704307018698495,0.03487432312292896
2004H2-E,E,gbm,,2009H1,24844,119,0.0038544165228273372,0.0047898889067782965
2004H2-E,E,gbm,,2009H2,24709,196,0.005218504677814936,0.00793233234853697
2004H2-E,E,gbm,,2010H1,24843,191,0.005722217892516251,0.0076882824135571385
2004H2-E,E,gbm,,2010H2,24683,152,0.004858734200464033,0.006158084511607179
2004H2-E,E,gbm,,2011H1,24614,195,0.006293126753208993,0.007922320630535468
2004H2-E,E,gbm,,2011H2,24646,119,0.005065620251584288,0.004828369715166762
2004H2-E,E,gbm,,2012H1,24306,148,0.0075869274755779,0.0060890315148523
2004H2-E,E,gbm,,2012H2,24538,131,0.0070876324999466925,0.005338658407368164
2004H2-E,E,gbm,,2013H1,24341,85,0.007864466601273094,0.003492050449858264
2004H2-E,E,gbm,,2013H2,23974,142,0.009023614393093647,0.0059230833402853095
2004H2-E,E,gbm,,2014H1,24341,137,0.008220562990035816,0.005628363666242143
2004H2-E,E,gbm,,2014H2,24213,99,0.007379536132854405,0.004088712675009293
2004H2-E,E,gbm,,2015H1,24159,83,0.006231071375675912,0.0034355726644314747
2004H2-E,E,gbm,,2015H2,24159,130,0.007081846567691446,0.0053810174262179725
2004H2-E,E,gbm,,2016H1,24632,115,0.006799516469928042,0.0046687236115621955
2004H2-E,E,gbm,,2016H2,24760,121,0.006039406773864074,0.004886914378029079
2004H2-E,E,gbm,,2017H1,24541,162,0.0076131876177147765,0.00660119799519172
2004H2-E,E,gbm,,2017H2,24680,143,0.007525815160010519,0.005794165316045381
2004H2-E,E,gbm,,2018H1,24416,148,0.0075765156446331965,0.006061598951507209
2004H2-E,E,gbm,,2018H2,24543,146,0.007990149863045422,0.005948743022450393
2004H2-E,E,gbm,,2019H1,24752,110,0.0076009819703613665,0.0044440853264382674
2004H2-E,E,gbm,,2019H2,24861,136,0.006424443990799812,0.005470415510236917
2004H2-E,E,gbm,,2020H1,24880,111,0.005305395794867774,0.004461414790996785
2004H2-E,E,gbm,,2020H2,24919,71,0.004571505279292231,0.0028492315100927005
2004H2-E,E,gbm,,2021H1,24909,90,0.005206613754334046,0.003613151872817054
2004H2-E,E,gbm,,2021H2,24929,136,0.006228589951994037,0.005455493601829195
2004H2-E,E,gbm,,2022H1,24889,291,0.007733176351903464,0.011691912089678172
2004H2-E,E,gbm,,2022H2,24859,373,0.008006469603219357,0.015004626091154109
2004H2-E,E,gbm,,2023H1,24882,381,0.008000871507996863,0.015312273932963588
2004H2-E,E,gbm,,2023H2,24866,363,0.007579994333077312,0.014598246601785572
2004H2-E,E,gbm-50k,20260911,2005H1,24233,248,0.011611892717518469,0.010233978459125985
2004H2-E,E,gbm-50k,20260911,2005H2,24082,266,0.011645896654897129,0.01104559421974919
2004H2-E,E,gbm-50k,20260911,2006H1,23280,405,0.013844928592445216,0.017396907216494846
2004H2-E,E,gbm-50k,20260911,2006H2,23898,525,0.014168345049778708,0.021968365553602813
2004H2-E,E,gbm-50k,20260911,2007H1,23169,808,0.014889667872966807,0.03487418533385127
2004H2-E,E,gbm-50k,20260911,2007H2,24367,1560,0.016257755052543687,0.06402101202445931
2004H2-E,E,gbm-50k,20260911,2008H1,24660,1109,0.010658459433527313,0.04497161394971614
2004H2-E,E,gbm-50k,20260911,2008H2,24746,863,0.008670114473839556,0.03487432312292896
2004H2-E,E,gbm-50k,20260911,2009H1,24844,119,0.00460070788976814,0.0047898889067782965
2004H2-E,E,gbm-50k,20260911,2009H2,24709,196,0.005649881623235617,0.00793233234853697
2004H2-E,E,gbm-50k,20260911,2010H1,24843,191,0.0060425547647602025,0.0076882824135571385
2004H2-E,E,gbm-50k,20260911,2010H2,24683,152,0.005019989829956241,0.006158084511607179
2004H2-E,E,gbm-50k,20260911,2011H1,24614,195,0.006349565003635545,0.007922320630535468
2004H2-E,E,gbm-50k,20260911,2011H2,24646,119,0.005211637046762541,0.004828369715166762
2004H2-E,E,gbm-50k,20260911,2012H1,24306,148,0.006886455901053203,0.0060890315148523
2004H2-E,E,gbm-50k,20260911,2012H2,24538,131,0.006924175740558783,0.005338658407368164
2004H2-E,E,gbm-50k,20260911,2013H1,24341,85,0.007805130468090102,0.003492050449858264
2004H2-E,E,gbm-50k,20260911,2013H2,23974,142,0.009425132059702428,0.0059230833402853095
2004H2-E,E,gbm-50k,20260911,2014H1,24341,137,0.008986729901129854,0.005628363666242143
2004H2-E,E,gbm-50k,20260911,2014H2,24213,99,0.00819952929029487,0.004088712675009293
2004H2-E,E,gbm-50k,20260911,2015H1,24159,83,0.0071076049207803435,0.0034355726644314747
2004H2-E,E,gbm-50k,20260911,2015H2,24159,130,0.008113627914115726,0.0053810174262179725
2004H2-E,E,gbm-50k,20260911,2016H1,24632,115,0.007825855875643682,0.0046687236115621955
2004H2-E,E,gbm-50k,20260911,2016H2,24760,121,0.006976388634784986,0.004886914378029079
2004H2-E,E,gbm-50k,20260911,2017H1,24541,162,0.008488208016683043,0.00660119799519172
2004H2-E,E,gbm-50k,20260911,2017H2,24680,143,0.00854460509406889,0.005794165316045381
2004H2-E,E,gbm-50k,20260911,2018H1,24416,148,0.008521227918589227,0.006061598951507209
2004H2-E,E,gbm-50k,20260911,2018H2,24543,146,0.009030273310475748,0.005948743022450393
2004H2-E,E,gbm-50k,20260911,2019H1,24752,110,0.008645125484657287,0.0044440853264382674
2004H2-E,E,gbm-50k,20260911,2019H2,24861,136,0.0072118119167183655,0.005470415510236917
2004H2-E,E,gbm-50k,20260911,2020H1,24880,111,0.0061686669857652695,0.004461414790996785
2004H2-E,E,gbm-50k,20260911,2020H2,24919,71,0.0053280178560832815,0.0028492315100927005
2004H2-E,E,gbm-50k,20260911,2021H1,24909,90,0.006121191358815004,0.003613151872817054
2004H2-E,E,gbm-50k,20260911,2021H2,24929,136,0.007369243775151504,0.005455493601829195
2004H2-E,E,gbm-50k,20260911,2022H1,24889,291,0.009076741797397569,0.011691912089678172
2004H2-E,E,gbm-50k,20260911,2022H2,24859,373,0.009175168978550276,0.015004626091154109
2004H2-E,E,gbm-50k,20260911,2023H1,24882,381,0.009111312194474265,0.015312273932963588
2004H2-E,E,gbm-50k,20260911,2023H2,24866,363,0.008782526450759335,0.014598246601785572
2004H2-E,E,gbm-50k,20260912,2005H1,24233,248,0.010541728104007813,0.010233978459125985
2004H2-E,E,gbm-50k,20260912,2005H2,24082,266,0.010570810922869755,0.01104559421974919
2004H2-E,E,gbm-50k,20260912,2006H1,23280,405,0.012408522337901413,0.017396907216494846
2004H2-E,E,gbm-50k,20260912,2006H2,23898,525,0.013113768733112343,0.021968365553602813
2004H2-E,E,gbm-50k,20260912,2007H1,23169,808,0.013585097421550401,0.03487418533385127
2004H2-E,E,gbm-50k,20260912,2007H2,24367,1560,0.01477121062640227,0.06402101202445931
2004H2-E,E,gbm-50k,20260912,2008H1,24660,1109,0.009573686620417738,0.04497161394971614
2004H2-E,E,gbm-50k,20260912,2008H2,24746,863,0.00782919720348908,0.03487432312292896
2004H2-E,E,gbm-50k,20260912,2009H1,24844,119,0.004290852918581527,0.0047898889067782965
2004H2-E,E,gbm-50k,20260912,2009H2,24709,196,0.005387177187860682,0.00793233234853697
2004H2-E,E,gbm-50k,20260912,2010H1,24843,191,0.005764992056437078,0.0076882824135571385
2004H2-E,E,gbm-50k,20260912,2010H2,24683,152,0.004928214087828673,0.006158084511607179
2004H2-E,E,gbm-50k,20260912,2011H1,24614,195,0.006125166471151324,0.007922320630535468
2004H2-E,E,gbm-50k,20260912,2011H2,24646,119,0.005071119035672163,0.004828369715166762
2004H2-E,E,gbm-50k,20260912,2012H1,24306,148,0.006920478104480263,0.0060890315148523
2004H2-E,E,gbm-50k,20260912,2012H2,24538,131,0.006640779567226957,0.005338658407368164
2004H2-E,E,gbm-50k,20260912,2013H1,24341,85,0.007438026924633239,0.003492050449858264
2004H2-E,E,gbm-50k,20260912,2013H2,23974,142,0.008603274875783117,0.0059230833402853095
2004H2-E,E,gbm-50k,20260912,2014H1,24341,137,0.008135280181293407,0.005628363666242143
2004H2-E,E,gbm-50k,20260912,2014H2,24213,99,0.007473272633810285,0.004088712675009293
2004H2-E,E,gbm-50k,20260912,2015H1,24159,83,0.006487844238165791,0.0034355726644314747
2004H2-E,E,gbm-50k,20260912,2015H2,24159,130,0.007181161278959654,0.0053810174262179725
2004H2-E,E,gbm-50k,20260912,2016H1,24632,115,0.007015016308167288,0.0046687236115621955
2004H2-E,E,gbm-50k,20260912,2016H2,24760,121,0.00632464295602823,0.004886914378029079
2004H2-E,E,gbm-50k,20260912,2017H1,24541,162,0.0077094770860278395,0.00660119799519172
2004H2-E,E,gbm-50k,20260912,2017H2,24680,143,0.007614786106973916,0.005794165316045381
2004H2-E,E,gbm-50k,20260912,2018H1,24416,148,0.007745434271034516,0.006061598951507209
2004H2-E,E,gbm-50k,20260912,2018H2,24543,146,0.008212669206330226,0.005948743022450393
2004H2-E,E,gbm-50k,20260912,2019H1,24752,110,0.007812439239184318,0.0044440853264382674
2004H2-E,E,gbm-50k,20260912,2019H2,24861,136,0.00665433635285365,0.005470415510236917
2004H2-E,E,gbm-50k,20260912,2020H1,24880,111,0.005619264689192046,0.004461414790996785
2004H2-E,E,gbm-50k,20260912,2020H2,24919,71,0.004979539270358805,0.0028492315100927005
2004H2-E,E,gbm-50k,20260912,2021H1,24909,90,0.005602757903685418,0.003613151872817054
2004H2-E,E,gbm-50k,20260912,2021H2,24929,136,0.006596855828143815,0.005455493601829195
2004H2-E,E,gbm-50k,20260912,2022H1,24889,291,0.008058988136615956,0.011691912089678172
2004H2-E,E,gbm-50k,20260912,2022H2,24859,373,0.008671852373233372,0.015004626091154109
2004H2-E,E,gbm-50k,20260912,2023H1,24882,381,0.008541240456296164,0.015312273932963588
2004H2-E,E,gbm-50k,20260912,2023H2,24866,363,0.008248932021533885,0.014598246601785572
2004H2-E,E,gbm-50k,20260913,2005H1,24233,248,0.010485614590356906,0.010233978459125985
2004H2-E,E,gbm-50k,20260913,2005H2,24082,266,0.01056639818255846,0.01104559421974919
2004H2-E,E,gbm-50k,20260913,2006H1,23280,405,0.012552947757607541,0.017396907216494846
2004H2-E,E,gbm-50k,20260913,2006H2,23898,525,0.012999845779075321,0.021968365553602813
2004H2-E,E,gbm-50k,20260913,2007H1,23169,808,0.013607424187675332,0.03487418533385127
2004H2-E,E,gbm-50k,20260913,2007H2,24367,1560,0.01458713241810308,0.06402101202445931
2004H2-E,E,gbm-50k,20260913,2008H1,24660,1109,0.009165358395681375,0.04497161394971614
2004H2-E,E,gbm-50k,20260913,2008H2,24746,863,0.007376201939709365,0.03487432312292896
2004H2-E,E,gbm-50k,20260913,2009H1,24844,119,0.003576939190770657,0.0047898889067782965
2004H2-E,E,gbm-50k,20260913,2009H2,24709,196,0.004723743027537985,0.00793233234853697
2004H2-E,E,gbm-50k,20260913,2010H1,24843,191,0.005082600366372609,0.0076882824135571385
2004H2-E,E,gbm-50k,20260913,2010H2,24683,152,0.0042913692040168535,0.006158084511607179
2004H2-E,E,gbm-50k,20260913,2011H1,24614,195,0.005632774786420525,0.007922320630535468
2004H2-E,E,gbm-50k,20260913,2011H2,24646,119,0.004588403130625192,0.004828369715166762
2004H2-E,E,gbm-50k,20260913,2012H1,24306,148,0.006953558811333296,0.0060890315148523
2004H2-E,E,gbm-50k,20260913,2012H2,24538,131,0.006528411825542605,0.005338658407368164
2004H2-E,E,gbm-50k,20260913,2013H1,24341,85,0.007110317711368535,0.003492050449858264
2004H2-E,E,gbm-50k,20260913,2013H2,23974,142,0.00829476510331875,0.0059230833402853095
2004H2-E,E,gbm-50k,20260913,2014H1,24341,137,0.007676896897139067,0.005628363666242143
2004H2-E,E,gbm-50k,20260913,2014H2,24213,99,0.00693150173005218,0.004088712675009293
2004H2-E,E,gbm-50k,20260913,2015H1,24159,83,0.005879388665470374,0.0034355726644314747
2004H2-E,E,gbm-50k,20260913,2015H2,24159,130,0.006684041914537423,0.0053810174262179725
2004H2-E,E,gbm-50k,20260913,2016H1,24632,115,0.006444990744158377,0.0046687236115621955
2004H2-E,E,gbm-50k,20260913,2016H2,24760,121,0.005796936820336394,0.004886914378029079
2004H2-E,E,gbm-50k,20260913,2017H1,24541,162,0.007248288823280581,0.00660119799519172
2004H2-E,E,gbm-50k,20260913,2017H2,24680,143,0.0073273710688097505,0.005794165316045381
2004H2-E,E,gbm-50k,20260913,2018H1,24416,148,0.007341538296004911,0.006061598951507209
2004H2-E,E,gbm-50k,20260913,2018H2,24543,146,0.0077447597891091916,0.005948743022450393
2004H2-E,E,gbm-50k,20260913,2019H1,24752,110,0.007325834565608429,0.0044440853264382674
2004H2-E,E,gbm-50k,20260913,2019H2,24861,136,0.006157098987697237,0.005470415510236917
2004H2-E,E,gbm-50k,20260913,2020H1,24880,111,0.00511980563200751,0.004461414790996785
2004H2-E,E,gbm-50k,20260913,2020H2,24919,71,0.004384751452080668,0.0028492315100927005
2004H2-E,E,gbm-50k,20260913,2021H1,24909,90,0.004976249798942028,0.003613151872817054
2004H2-E,E,gbm-50k,20260913,2021H2,24929,136,0.006018314942688573,0.005455493601829195
2004H2-E,E,gbm-50k,20260913,2022H1,24889,291,0.007345411712785122,0.011691912089678172
2004H2-E,E,gbm-50k,20260913,2022H2,24859,373,0.007720725372920081,0.015004626091154109
2004H2-E,E,gbm-50k,20260913,2023H1,24882,381,0.007803280995584627,0.015312273932963588
2004H2-E,E,gbm-50k,20260913,2023H2,24866,363,0.007181298767884101,0.014598246601785572
2004H2-E,E,scorecard,,2005H1,24233,248,0.010702124792589232,0.010233978459125985
2004H2-E,E,scorecard,,2005H2,24082,266,0.010622392721064071,0.01104559421974919
2004H2-E,E,scorecard,,2006H1,23280,405,0.012526544136554288,0.017396907216494846
2004H2-E,E,scorecard,,2006H2,23898,525,0.01311562355250389,0.021968365553602813
2004H2-E,E,scorecard,,2007H1,23169,808,0.013580782374679044,0.03487418533385127
2004H2-E,E,scorecard,,2007H2,24367,1560,0.014680577365162867,0.06402101202445931
2004H2-E,E,scorecard,,2008H1,24660,1109,0.00921310646102891,0.04497161394971614
2004H2-E,E,scorecard,,2008H2,24746,863,0.007660776778154295,0.03487432312292896
2004H2-E,E,scorecard,,2009H1,24844,119,0.003620497627022037,0.0047898889067782965
2004H2-E,E,scorecard,,2009H2,24709,196,0.0047674502458049635,0.00793233234853697
2004H2-E,E,scorecard,,2010H1,24843,191,0.005181572461066744,0.0076882824135571385
2004H2-E,E,scorecard,,2010H2,24683,152,0.004191911173263369,0.006158084511607179
2004H2-E,E,scorecard,,2011H1,24614,195,0.005421478655549339,0.007922320630535468
2004H2-E,E,scorecard,,2011H2,24646,119,0.00429584142540039,0.004828369715166762
2004H2-E,E,scorecard,,2012H1,24306,148,0.006096552527106737,0.0060890315148523
2004H2-E,E,scorecard,,2012H2,24538,131,0.0059081259022514595,0.005338658407368164
2004H2-E,E,scorecard,,2013H1,24341,85,0.006768227369791428,0.003492050449858264
2004H2-E,E,scorecard,,2013H2,23974,142,0.008209689909279984,0.0059230833402853095
2004H2-E,E,scorecard,,2014H1,24341,137,0.007743472981862372,0.005628363666242143
2004H2-E,E,scorecard,,2014H2,24213,99,0.007143955907730541,0.004088712675009293
2004H2-E,E,scorecard,,2015H1,24159,83,0.006021825578022463,0.0034355726644314747
2004H2-E,E,scorecard,,2015H2,24159,130,0.0069838177765747965,0.0053810174262179725
2004H2-E,E,scorecard,,2016H1,24632,115,0.006655040646171053,0.0046687236115621955
2004H2-E,E,scorecard,,2016H2,24760,121,0.005861069604217997,0.004886914378029079
2004H2-E,E,scorecard,,2017H1,24541,162,0.007312340813503337,0.00660119799519172
2004H2-E,E,scorecard,,2017H2,24680,143,0.007402690311635431,0.005794165316045381
2004H2-E,E,scorecard,,2018H1,24416,148,0.007543143747090742,0.006061598951507209
2004H2-E,E,scorecard,,2018H2,24543,146,0.00801901978964305,0.005948743022450393
2004H2-E,E,scorecard,,2019H1,24752,110,0.007601076337379989,0.0044440853264382674
2004H2-E,E,scorecard,,2019H2,24861,136,0.006243573803265684,0.005470415510236917
2004H2-E,E,scorecard,,2020H1,24880,111,0.00519582382216444,0.004461414790996785
2004H2-E,E,scorecard,,2020H2,24919,71,0.004397917445908619,0.0028492315100927005
2004H2-E,E,scorecard,,2021H1,24909,90,0.005114861405645701,0.003613151872817054
2004H2-E,E,scorecard,,2021H2,24929,136,0.006239683518264683,0.005455493601829195
2004H2-E,E,scorecard,,2022H1,24889,291,0.007848674085756296,0.011691912089678172
2004H2-E,E,scorecard,,2022H2,24859,373,0.008350564500754231,0.015004626091154109
2004H2-E,E,scorecard,,2023H1,24882,381,0.008456755826125394,0.015312273932963588
2004H2-E,E,scorecard,,2023H2,24866,363,0.00811206163328754,0.014598246601785572
2004H2-E,E,tabicl,20260911,2005H1,24233,248,0.00863949267786252,0.010233978459125985
2004H2-E,E,tabicl,20260911,2005H2,24082,266,0.008524631808781212,0.01104559421974919
2004H2-E,E,tabicl,20260911,2006H1,23280,405,0.010320283051948265,0.017396907216494846
2004H2-E,E,tabicl,20260911,2006H2,23898,525,0.010628249094220166,0.021968365553602813
2004H2-E,E,tabicl,20260911,2007H1,23169,808,0.011316791885359105,0.03487418533385127
2004H2-E,E,tabicl,20260911,2007H2,24367,1560,0.012423347571875524,0.06402101202445931
2004H2-E,E,tabicl,20260911,2008H1,24660,1109,0.007998042708710193,0.04497161394971614
2004H2-E,E,tabicl,20260911,2008H2,24746,863,0.00639113732737949,0.03487432312292896
2004H2-E,E,tabicl,20260911,2009H1,24844,119,0.003005759450554778,0.0047898889067782965
2004H2-E,E,tabicl,20260911,2009H2,24709,196,0.004013445614590324,0.00793233234853697
2004H2-E,E,tabicl,20260911,2010H1,24843,191,0.004352898408855438,0.0076882824135571385
2004H2-E,E,tabicl,20260911,2010H2,24683,152,0.0035589224442152904,0.006158084511607179
2004H2-E,E,tabicl,20260911,2011H1,24614,195,0.004728702149675114,0.007922320630535468
2004H2-E,E,tabicl,20260911,2011H2,24646,119,0.0036698703420272503,0.004828369715166762
2004H2-E,E,tabicl,20260911,2012H1,24306,148,0.005409835096115404,0.0060890315148523
2004H2-E,E,tabicl,20260911,2012H2,24538,131,0.005204551844665127,0.005338658407368164
2004H2-E,E,tabicl,20260911,2013H1,24341,85,0.00594905971490384,0.003492050449858264
2004H2-E,E,tabicl,20260911,2013H2,23974,142,0.007062801083031218,0.0059230833402853095
2004H2-E,E,tabicl,20260911,2014H1,24341,137,0.006575174822839963,0.005628363666242143
2004H2-E,E,tabicl,20260911,2014H2,24213,99,0.005969816966974649,0.004088712675009293
2004H2-E,E,tabicl,20260911,2015H1,24159,83,0.005002949638821036,0.0034355726644314747
2004H2-E,E,tabicl,20260911,2015H2,24159,130,0.005658879847537108,0.0053810174262179725
2004H2-E,E,tabicl,20260911,2016H1,24632,115,0.005382741647550904,0.0046687236115621955
2004H2-E,E,tabicl,20260911,2016H2,24760,121,0.004747219540078558,0.004886914378029079
2004H2-E,E,tabicl,20260911,2017H1,24541,162,0.005850582173615679,0.00660119799519172
2004H2-E,E,tabicl,20260911,2017H2,24680,143,0.005824974024449184,0.005794165316045381
2004H2-E,E,tabicl,20260911,2018H1,24416,148,0.005914739486337064,0.006061598951507209
2004H2-E,E,tabicl,20260911,2018H2,24543,146,0.0062092211274755735,0.005948743022450393
2004H2-E,E,tabicl,20260911,2019H1,24752,110,0.005935573211696187,0.0044440853264382674
2004H2-E,E,tabicl,20260911,2019H2,24861,136,0.005052951628979818,0.005470415510236917
2004H2-E,E,tabicl,20260911,2020H1,24880,111,0.004257413729996117,0.004461414790996785
2004H2-E,E,tabicl,20260911,2020H2,24919,71,0.003500689569461809,0.0028492315100927005
2004H2-E,E,tabicl,20260911,2021H1,24909,90,0.004229466302320237,0.003613151872817054
2004H2-E,E,tabicl,20260911,2021H2,24929,136,0.005100042529970148,0.005455493601829195
2004H2-E,E,tabicl,20260911,2022H1,24889,291,0.006562990850857718,0.011691912089678172
2004H2-E,E,tabicl,20260911,2022H2,24859,373,0.006609018720123059,0.015004626091154109
2004H2-E,E,tabicl,20260911,2023H1,24882,381,0.006474961271989535,0.015312273932963588
2004H2-E,E,tabicl,20260911,2023H2,24866,363,0.006056712986734207,0.014598246601785572
2004H2-E,E,tabicl,20260912,2005H1,24233,248,0.007674185327799543,0.010233978459125985
2004H2-E,E,tabicl,20260912,2005H2,24082,266,0.007571270763433339,0.01104559421974919
2004H2-E,E,tabicl,20260912,2006H1,23280,405,0.00949659201326593,0.017396907216494846
2004H2-E,E,tabicl,20260912,2006H2,23898,525,0.010102097090073307,0.021968365553602813
2004H2-E,E,tabicl,20260912,2007H1,23169,808,0.010910165193278833,0.03487418533385127
2004H2-E,E,tabicl,20260912,2007H2,24367,1560,0.012138138586185737,0.06402101202445931
2004H2-E,E,tabicl,20260912,2008H1,24660,1109,0.007223776315375389,0.04497161394971614
2004H2-E,E,tabicl,20260912,2008H2,24746,863,0.005579971948748258,0.03487432312292896
2004H2-E,E,tabicl,20260912,2009H1,24844,119,0.0024434192033523966,0.0047898889067782965
2004H2-E,E,tabicl,20260912,2009H2,24709,196,0.0034581606876017824,0.00793233234853697
2004H2-E,E,tabicl,20260912,2010H1,24843,191,0.003815842840386797,0.0076882824135571385
2004H2-E,E,tabicl,20260912,2010H2,24683,152,0.0030568299175978892,0.006158084511607179
2004H2-E,E,tabicl,20260912,2011H1,24614,195,0.004175152624183069,0.007922320630535468
2004H2-E,E,tabicl,20260912,2011H2,24646,119,0.0031158678026941555,0.004828369715166762
2004H2-E,E,tabicl,20260912,2012H1,24306,148,0.004982469247852601,0.0060890315148523
2004H2-E,E,tabicl,20260912,2012H2,24538,131,0.0047420333273408026,0.005338658407368164
2004H2-E,E,tabicl,20260912,2013H1,24341,85,0.005443446326342871,0.003492050449858264
2004H2-E,E,tabicl,20260912,2013H2,23974,142,0.006484279831735702,0.0059230833402853095
2004H2-E,E,tabicl,20260912,2014H1,24341,137,0.005885667898595437,0.005628363666242143
2004H2-E,E,tabicl,20260912,2014H2,24213,99,0.0052342638474348275,0.004088712675009293
2004H2-E,E,tabicl,20260912,2015H1,24159,83,0.004258010619671342,0.0034355726644314747
2004H2-E,E,tabicl,20260912,2015H2,24159,130,0.004815156211097103,0.0053810174262179725
2004H2-E,E,tabicl,20260912,2016H1,24632,115,0.004510685061827796,0.0046687236115621955
2004H2-E,E,tabicl,20260912,2016H2,24760,121,0.0039038592732979355,0.004886914378029079
2004H2-E,E,tabicl,20260912,2017H1,24541,162,0.005003134511048163,0.00660119799519172
2004H2-E,E,tabicl,20260912,2017H2,24680,143,0.004886148751192427,0.005794165316045381
2004H2-E,E,tabicl,20260912,2018H1,24416,148,0.005021650792345597,0.006061598951507209
2004H2-E,E,tabicl,20260912,2018H2,24543,146,0.005327712078124111,0.005948743022450393
2004H2-E,E,tabicl,20260912,2019H1,24752,110,0.005090579863679707,0.0044440853264382674
2004H2-E,E,tabicl,20260912,2019H2,24861,136,0.004201522942368199,0.005470415510236917
2004H2-E,E,tabicl,20260912,2020H1,24880,111,0.003424783710398775,0.004461414790996785
2004H2-E,E,tabicl,20260912,2020H2,24919,71,0.0027619258127457454,0.0028492315100927005
2004H2-E,E,tabicl,20260912,2021H1,24909,90,0.003307138405363728,0.003613151872817054
2004H2-E,E,tabicl,20260912,2021H2,24929,136,0.004052095328758321,0.005455493601829195
2004H2-E,E,tabicl,20260912,2022H1,24889,291,0.005433914744416217,0.011691912089678172
2004H2-E,E,tabicl,20260912,2022H2,24859,373,0.005804828997104745,0.015004626091154109
2004H2-E,E,tabicl,20260912,2023H1,24882,381,0.00590347809337335,0.015312273932963588
2004H2-E,E,tabicl,20260912,2023H2,24866,363,0.005575623383722829,0.014598246601785572
2004H2-E,E,tabicl,20260913,2005H1,24233,248,0.008024078518629005,0.010233978459125985
2004H2-E,E,tabicl,20260913,2005H2,24082,266,0.008044834479576598,0.01104559421974919
2004H2-E,E,tabicl,20260913,2006H1,23280,405,0.009911993373701727,0.017396907216494846
2004H2-E,E,tabicl,20260913,2006H2,23898,525,0.010583255384847957,0.021968365553602813
2004H2-E,E,tabicl,20260913,2007H1,23169,808,0.011233765879786283,0.03487418533385127
2004H2-E,E,tabicl,20260913,2007H2,24367,1560,0.011918979360738827,0.06402101202445931
2004H2-E,E,tabicl,20260913,2008H1,24660,1109,0.00713460918091242,0.04497161394971614
2004H2-E,E,tabicl,20260913,2008H2,24746,863,0.005539353777128589,0.03487432312292896
2004H2-E,E,tabicl,20260913,2009H1,24844,119,0.002802212303545759,0.0047898889067782965
2004H2-E,E,tabicl,20260913,2009H2,24709,196,0.004586237775726316,0.00793233234853697
2004H2-E,E,tabicl,20260913,2010H1,24843,191,0.005363307176621188,0.0076882824135571385
2004H2-E,E,tabicl,20260913,2010H2,24683,152,0.0044412973116799166,0.006158084511607179
2004H2-E,E,tabicl,20260913,2011H1,24614,195,0.006262192850219069,0.007922320630535468
2004H2-E,E,tabicl,20260913,2011H2,24646,119,0.0046434509851890115,0.004828369715166762
2004H2-E,E,tabicl,20260913,2012H1,24306,148,0.008554725935484474,0.0060890315148523
2004H2-E,E,tabicl,20260913,2012H2,24538,131,0.007839527720991394,0.005338658407368164
2004H2-E,E,tabicl,20260913,2013H1,24341,85,0.008380146533808006,0.003492050449858264
2004H2-E,E,tabicl,20260913,2013H2,23974,142,0.009073582240388954,0.0059230833402853095
2004H2-E,E,tabicl,20260913,2014H1,24341,137,0.0074093366497743314,0.005628363666242143
2004H2-E,E,tabicl,20260913,2014H2,24213,99,0.0061251032624757935,0.004088712675009293
2004H2-E,E,tabicl,20260913,2015H1,24159,83,0.004901836748660146,0.0034355726644314747
2004H2-E,E,tabicl,20260913,2015H2,24159,130,0.005368245485086927,0.0053810174262179725
2004H2-E,E,tabicl,20260913,2016H1,24632,115,0.004977220268254346,0.0046687236115621955
2004H2-E,E,tabicl,20260913,2016H2,24760,121,0.004235975095236929,0.004886914378029079
2004H2-E,E,tabicl,20260913,2017H1,24541,162,0.005371845968893163,0.00660119799519172
2004H2-E,E,tabicl,20260913,2017H2,24680,143,0.005107435152023822,0.005794165316045381
2004H2-E,E,tabicl,20260913,2018H1,24416,148,0.0052121139343889785,0.006061598951507209
2004H2-E,E,tabicl,20260913,2018H2,24543,146,0.005407023475763479,0.005948743022450393
2004H2-E,E,tabicl,20260913,2019H1,24752,110,0.005127428747857258,0.0044440853264382674
2004H2-E,E,tabicl,20260913,2019H2,24861,136,0.00432290278937735,0.005470415510236917
2004H2-E,E,tabicl,20260913,2020H1,24880,111,0.003562951580969437,0.004461414790996785
2004H2-E,E,tabicl,20260913,2020H2,24919,71,0.0029420722427138495,0.0028492315100927005
2004H2-E,E,tabicl,20260913,2021H1,24909,90,0.003476537299763853,0.003613151872817054
2004H2-E,E,tabicl,20260913,2021H2,24929,136,0.0042009327262213245,0.005455493601829195
2004H2-E,E,tabicl,20260913,2022H1,24889,291,0.005377217442661962,0.011691912089678172
2004H2-E,E,tabicl,20260913,2022H2,24859,373,0.005600289857822955,0.015004626091154109
2004H2-E,E,tabicl,20260913,2023H1,24882,381,0.005682193888855427,0.015312273932963588
2004H2-E,E,tabicl,20260913,2023H2,24866,363,0.005375048355189214,0.014598246601785572
2004H2-E,E,tabicl@t1,20260911,2005H1,24233,248,0.012596875891267501,0.010233978459125985
2004H2-E,E,tabicl@t1,20260911,2005H2,24082,266,0.012463587465518008,0.01104559421974919
2004H2-E,E,tabicl@t1,20260911,2006H1,23280,405,0.014842099319598194,0.017396907216494846
2004H2-E,E,tabicl@t1,20260911,2006H2,23898,525,0.015189709136374008,0.021968365553602813
2004H2-E,E,tabicl@t1,20260911,2007H1,23169,808,0.01606914619718533,0.03487418533385127
2004H2-E,E,tabicl@t1,20260911,2007H2,24367,1560,0.017487988436637226,0.06402101202445931
2004H2-E,E,tabicl@t1,20260911,2008H1,24660,1109,0.011716217895810134,0.04497161394971614
2004H2-E,E,tabicl@t1,20260911,2008H2,24746,863,0.009650839145570989,0.03487432312292896
2004H2-E,E,tabicl@t1,20260911,2009H1,24844,119,0.004919212146218613,0.0047898889067782965
2004H2-E,E,tabicl@t1,20260911,2009H2,24709,196,0.006359146122536842,0.00793233234853697
2004H2-E,E,tabicl@t1,20260911,2010H1,24843,191,0.006804300833850179,0.0076882824135571385
2004H2-E,E,tabicl@t1,20260911,2010H2,24683,152,0.005649532825196545,0.006158084511607179
2004H2-E,E,tabicl@t1,20260911,2011H1,24614,195,0.007314560879691969,0.007922320630535468
2004H2-E,E,tabicl@t1,20260911,2011H2,24646,119,0.00579969158955397,0.004828369715166762
2004H2-E,E,tabicl@t1,20260911,2012H1,24306,148,0.008184671374047858,0.0060890315148523
2004H2-E,E,tabicl@t1,20260911,2012H2,24538,131,0.00792526929252226,0.005338658407368164
2004H2-E,E,tabicl@t1,20260911,2013H1,24341,85,0.008940558476925525,0.003492050449858264
2004H2-E,E,tabicl@t1,20260911,2013H2,23974,142,0.0105093805399367,0.0059230833402853095
2004H2-E,E,tabicl@t1,20260911,2014H1,24341,137,0.009911737027064615,0.005628363666242143
2004H2-E,E,tabicl@t1,20260911,2014H2,24213,99,0.009102524054522337,0.004088712675009293
2004H2-E,E,tabicl@t1,20260911,2015H1,24159,83,0.007786608499324453,0.0034355726644314747
2004H2-E,E,tabicl@t1,20260911,2015H2,24159,130,0.008729538429551655,0.0053810174262179725
2004H2-E,E,tabicl@t1,20260911,2016H1,24632,115,0.008359414516474177,0.0046687236115621955
2004H2-E,E,tabicl@t1,20260911,2016H2,24760,121,0.007482754406130151,0.004886914378029079
2004H2-E,E,tabicl@t1,20260911,2017H1,24541,162,0.009051521129315327,0.00660119799519172
2004H2-E,E,tabicl@t1,20260911,2017H2,24680,143,0.009025908040278906,0.005794165316045381
2004H2-E,E,tabicl@t1,20260911,2018H1,24416,148,0.009177057369668291,0.006061598951507209
2004H2-E,E,tabicl@t1,20260911,2018H2,24543,146,0.009597039627120755,0.005948743022450393
2004H2-E,E,tabicl@t1,20260911,2019H1,24752,110,0.009229282922016437,0.0044440853264382674
2004H2-E,E,tabicl@t1,20260911,2019H2,24861,136,0.007974815925857314,0.005470415510236917
2004H2-E,E,tabicl@t1,20260911,2020H1,24880,111,0.006810615094433773,0.004461414790996785
2004H2-E,E,tabicl@t1,20260911,2020H2,24919,71,0.005706505110116946,0.0028492315100927005
2004H2-E,E,tabicl@t1,20260911,2021H1,24909,90,0.006772718749385793,0.003613151872817054
2004H2-E,E,tabicl@t1,20260911,2021H2,24929,136,0.008028283027189108,0.005455493601829195
2004H2-E,E,tabicl@t1,20260911,2022H1,24889,291,0.01009866626469147,0.011691912089678172
2004H2-E,E,tabicl@t1,20260911,2022H2,24859,373,0.010163268532699624,0.015004626091154109
2004H2-E,E,tabicl@t1,20260911,2023H1,24882,381,0.009976475654146664,0.015312273932963588
2004H2-E,E,tabicl@t1,20260911,2023H2,24866,363,0.009398096658792642,0.014598246601785572
2004H2-E,E,tabicl@t1,20260912,2005H1,24233,248,0.011182673037242918,0.010233978459125985
2004H2-E,E,tabicl@t1,20260912,2005H2,24082,266,0.01107502869196223,0.01104559421974919
2004H2-E,E,tabicl@t1,20260912,2006H1,23280,405,0.013594822901088389,0.017396907216494846
2004H2-E,E,tabicl@t1,20260912,2006H2,23898,525,0.014267188120104657,0.021968365553602813
2004H2-E,E,tabicl@t1,20260912,2007H1,23169,808,0.015280781005472312,0.03487418533385127
2004H2-E,E,tabicl@t1,20260912,2007H2,24367,1560,0.016866840049337025,0.06402101202445931
2004H2-E,E,tabicl@t1,20260912,2008H1,24660,1109,0.010567441628591348,0.04497161394971614
2004H2-E,E,tabicl@t1,20260912,2008H2,24746,863,0.008489642342651165,0.03487432312292896
2004H2-E,E,tabicl@t1,20260912,2009H1,24844,119,0.00404571166157628,0.0047898889067782965
2004H2-E,E,tabicl@t1,20260912,2009H2,24709,196,0.005482767778564111,0.00793233234853697
2004H2-E,E,tabicl@t1,20260912,2010H1,24843,191,0.005936859808053358,0.0076882824135571385
2004H2-E,E,tabicl@t1,20260912,2010H2,24683,152,0.004819410368554178,0.006158084511607179
2004H2-E,E,tabicl@t1,20260912,2011H1,24614,195,0.006401587072548564,0.007922320630535468
2004H2-E,E,tabicl@t1,20260912,2011H2,24646,119,0.0049018794361445715,0.004828369715166762
2004H2-E,E,tabicl@t1,20260912,2012H1,24306,148,0.007383916536064138,0.0060890315148523
2004H2-E,E,tabicl@t1,20260912,2012H2,24538,131,0.007098612498461746,0.005338658407368164
2004H2-E,E,tabicl@t1,20260912,2013H1,24341,85,0.00804312261089041,0.003492050449858264
2004H2-E,E,tabicl@t1,20260912,2013H2,23974,142,0.009526354747652455,0.0059230833402853095
2004H2-E,E,tabicl@t1,20260912,2014H1,24341,137,0.008807921237018769,0.005628363666242143
2004H2-E,E,tabicl@t1,20260912,2014H2,24213,99,0.00796159253192941,0.004088712675009293
2004H2-E,E,tabicl@t1,20260912,2015H1,24159,83,0.006645812864152026,0.0034355726644314747
2004H2-E,E,tabicl@t1,20260912,2015H2,24159,130,0.007480606021787795,0.0053810174262179725
2004H2-E,E,tabicl@t1,20260912,2016H1,24632,115,0.007072540921418726,0.0046687236115621955
2004H2-E,E,tabicl@t1,20260912,2016H2,24760,121,0.006238255828610924,0.004886914378029079
2004H2-E,E,tabicl@t1,20260912,2017H1,24541,162,0.0078036863300660194,0.00660119799519172
2004H2-E,E,tabicl@t1,20260912,2017H2,24680,143,0.007680238435473344,0.005794165316045381
2004H2-E,E,tabicl@t1,20260912,2018H1,24416,148,0.007891991535144338,0.006061598951507209
2004H2-E,E,tabicl@t1,20260912,2018H2,24543,146,0.008342962183466982,0.005948743022450393
2004H2-E,E,tabicl@t1,20260912,2019H1,24752,110,0.008013509435559273,0.0044440853264382674
2004H2-E,E,tabicl@t1,20260912,2019H2,24861,136,0.006730356828261159,0.005470415510236917
2004H2-E,E,tabicl@t1,20260912,2020H1,24880,111,0.005569580177635334,0.004461414790996785
2004H2-E,E,tabicl@t1,20260912,2020H2,24919,71,0.004580971570848326,0.0028492315100927005
2004H2-E,E,tabicl@t1,20260912,2021H1,24909,90,0.005408670028716378,0.003613151872817054
2004H2-E,E,tabicl@t1,20260912,2021H2,24929,136,0.006511407462572931,0.005455493601829195
2004H2-E,E,tabicl@t1,20260912,2022H1,24889,291,0.008505021478987084,0.011691912089678172
2004H2-E,E,tabicl@t1,20260912,2022H2,24859,373,0.00902042961303671,0.015004626091154109
2004H2-E,E,tabicl@t1,20260912,2023H1,24882,381,0.009135627039862732,0.015312273932963588
2004H2-E,E,tabicl@t1,20260912,2023H2,24866,363,0.008678140297121963,0.014598246601785572
2004H2-E,E,tabicl@t1,20260913,2005H1,24233,248,0.011699222280560763,0.010233978459125985
2004H2-E,E,tabicl@t1,20260913,2005H2,24082,266,0.011750862848723122,0.01104559421974919
2004H2-E,E,tabicl@t1,20260913,2006H1,23280,405,0.014203191835289626,0.017396907216494846
2004H2-E,E,tabicl@t1,20260913,2006H2,23898,525,0.01499579703113799,0.021968365553602813
2004H2-E,E,tabicl@t1,20260913,2007H1,23169,808,0.015836894876216753,0.03487418533385127
2004H2-E,E,tabicl@t1,20260913,2007H2,24367,1560,0.01669325919049036,0.06402101202445931
2004H2-E,E,tabicl@t1,20260913,2008H1,24660,1109,0.010485436727171627,0.04497161394971614
2004H2-E,E,tabicl@t1,20260913,2008H2,24746,863,0.00842578552002911,0.03487432312292896
2004H2-E,E,tabicl@t1,20260913,2009H1,24844,119,0.004535301670945278,0.0047898889067782965
2004H2-E,E,tabicl@t1,20260913,2009H2,24709,196,0.006954659215646143,0.00793233234853697
2004H2-E,E,tabicl@t1,20260913,2010H1,24843,191,0.007935634202262728,0.0076882824135571385
2004H2-E,E,tabicl@t1,20260913,2010H2,24683,152,0.006647206101252557,0.006158084511607179
2004H2-E,E,tabicl@t1,20260913,2011H1,24614,195,0.00908393000899803,0.007922320630535468
2004H2-E,E,tabicl@t1,20260913,2011H2,24646,119,0.00689721044590345,0.004828369715166762
2004H2-E,E,tabicl@t1,20260913,2012H1,24306,148,0.011926043883679783,0.0060890315148523
2004H2-E,E,tabicl@t1,20260913,2012H2,24538,131,0.011009673503904246,0.005338658407368164
2004H2-E,E,tabicl@t1,20260913,2013H1,24341,85,0.011727734079840249,0.003492050449858264
2004H2-E,E,tabicl@t1,20260913,2013H2,23974,142,0.012711505101988398,0.0059230833402853095
2004H2-E,E,tabicl@t1,20260913,2014H1,24341,137,0.01067132512050362,0.005628363666242143
2004H2-E,E,tabicl@t1,20260913,2014H2,24213,99,0.00905087528515108,0.004088712675009293
2004H2-E,E,tabicl@t1,20260913,2015H1,24159,83,0.007460667407005951,0.0034355726644314747
2004H2-E,E,tabicl@t1,20260913,2015H2,24159,130,0.008166098014595865,0.0053810174262179725
2004H2-E,E,tabicl@t1,20260913,2016H1,24632,115,0.007662450958423923,0.0046687236115621955
2004H2-E,E,tabicl@t1,20260913,2016H2,24760,121,0.006681051163536951,0.004886914378029079
2004H2-E,E,tabicl@t1,20260913,2017H1,24541,162,0.008270760919351973,0.00660119799519172
2004H2-E,E,tabicl@t1,20260913,2017H2,24680,143,0.007967048196969343,0.005794165316045381
2004H2-E,E,tabicl@t1,20260913,2018H1,24416,148,0.00813588681006248,0.006061598951507209
2004H2-E,E,tabicl@t1,20260913,2018H2,24543,146,0.008435644733231521,0.005948743022450393
2004H2-E,E,tabicl@t1,20260913,2019H1,24752,110,0.008053621298339001,0.0044440853264382674
2004H2-E,E,tabicl@t1,20260913,2019H2,24861,136,0.0069004422039368515,0.005470415510236917
2004H2-E,E,tabicl@t1,20260913,2020H1,24880,111,0.0057673466733761305,0.004461414790996785
2004H2-E,E,tabicl@t1,20260913,2020H2,24919,71,0.004851103796273143,0.0028492315100927005
2004H2-E,E,tabicl@t1,20260913,2021H1,24909,90,0.005651300409046689,0.003613151872817054
2004H2-E,E,tabicl@t1,20260913,2021H2,24929,136,0.006721692078827404,0.005455493601829195
2004H2-E,E,tabicl@t1,20260913,2022H1,24889,291,0.008414805637823722,0.011691912089678172
2004H2-E,E,tabicl@t1,20260913,2022H2,24859,373,0.008730838677268184,0.015004626091154109
2004H2-E,E,tabicl@t1,20260913,2023H1,24882,381,0.008813844042700685,0.015312273932963588
2004H2-E,E,tabicl@t1,20260913,2023H2,24866,363,0.008372261000872362,0.014598246601785572
2004H2-E,E,tabpfn,20260911,2005H1,24233,248,0.008437225083162787,0.010233978459125985
2004H2-E,E,tabpfn,20260911,2005H2,24082,266,0.008399111169268406,0.01104559421974919
2004H2-E,E,tabpfn,20260911,2006H1,23280,405,0.010063533171913313,0.017396907216494846
2004H2-E,E,tabpfn,20260911,2006H2,23898,525,0.010462651305195537,0.021968365553602813
2004H2-E,E,tabpfn,20260911,2007H1,23169,808,0.011175477233487587,0.03487418533385127
2004H2-E,E,tabpfn,20260911,2007H2,24367,1560,0.01229144311770739,0.06402101202445931
2004H2-E,E,tabpfn,20260911,2008H1,24660,1109,0.007762320006074996,0.04497161394971614
2004H2-E,E,tabpfn,20260911,2008H2,24746,863,0.006056748822343876,0.03487432312292896
2004H2-E,E,tabpfn,20260911,2009H1,24844,119,0.002824121270096527,0.0047898889067782965
2004H2-E,E,tabpfn,20260911,2009H2,24709,196,0.0038595004082173615,0.00793233234853697
2004H2-E,E,tabpfn,20260911,2010H1,24843,191,0.004240757585591715,0.0076882824135571385
2004H2-E,E,tabpfn,20260911,2010H2,24683,152,0.003429002083912668,0.006158084511607179
2004H2-E,E,tabpfn,20260911,2011H1,24614,195,0.0046882850467272925,0.007922320630535468
2004H2-E,E,tabpfn,20260911,2011H2,24646,119,0.003567672195199451,0.004828369715166762
2004H2-E,E,tabpfn,20260911,2012H1,24306,148,0.0056259482751721875,0.0060890315148523
2004H2-E,E,tabpfn,20260911,2012H2,24538,131,0.005436524396237887,0.005338658407368164
2004H2-E,E,tabpfn,20260911,2013H1,24341,85,0.0061636926988004135,0.003492050449858264
2004H2-E,E,tabpfn,20260911,2013H2,23974,142,0.007204769244660634,0.0059230833402853095
2004H2-E,E,tabpfn,20260911,2014H1,24341,137,0.0065136148688548865,0.005628363666242143
2004H2-E,E,tabpfn,20260911,2014H2,24213,99,0.005776794326486627,0.004088712675009293
2004H2-E,E,tabpfn,20260911,2015H1,24159,83,0.0048105062942818844,0.0034355726644314747
2004H2-E,E,tabpfn,20260911,2015H2,24159,130,0.005444099821815423,0.0053810174262179725
2004H2-E,E,tabpfn,20260911,2016H1,24632,115,0.005185681874674626,0.0046687236115621955
2004H2-E,E,tabpfn,20260911,2016H2,24760,121,0.004534023805205388,0.004886914378029079
2004H2-E,E,tabpfn,20260911,2017H1,24541,162,0.0056957540748296944,0.00660119799519172
2004H2-E,E,tabpfn,20260911,2017H2,24680,143,0.00563565657823665,0.005794165316045381
2004H2-E,E,tabpfn,20260911,2018H1,24416,148,0.005712800277728912,0.006061598951507209
2004H2-E,E,tabpfn,20260911,2018H2,24543,146,0.005991787388113566,0.005948743022450393
2004H2-E,E,tabpfn,20260911,2019H1,24752,110,0.005727135108406554,0.0044440853264382674
2004H2-E,E,tabpfn,20260911,2019H2,24861,136,0.004826643797096755,0.005470415510236917
2004H2-E,E,tabpfn,20260911,2020H1,24880,111,0.004051350350522819,0.004461414790996785
2004H2-E,E,tabpfn,20260911,2020H2,24919,71,0.003318080935400224,0.0028492315100927005
2004H2-E,E,tabpfn,20260911,2021H1,24909,90,0.004009968305617097,0.003613151872817054
2004H2-E,E,tabpfn,20260911,2021H2,24929,136,0.004895427997922838,0.005455493601829195
2004H2-E,E,tabpfn,20260911,2022H1,24889,291,0.00627546561573257,0.011691912089678172
2004H2-E,E,tabpfn,20260911,2022H2,24859,373,0.006244462316758084,0.015004626091154109
2004H2-E,E,tabpfn,20260911,2023H1,24882,381,0.006188289059003026,0.015312273932963588
2004H2-E,E,tabpfn,20260911,2023H2,24866,363,0.005843887435155823,0.014598246601785572
2004H2-E,E,tabpfn,20260912,2005H1,24233,248,0.007595924274796297,0.010233978459125985
2004H2-E,E,tabpfn,20260912,2005H2,24082,266,0.007489621029751127,0.01104559421974919
2004H2-E,E,tabpfn,20260912,2006H1,23280,405,0.009152204786165335,0.017396907216494846
2004H2-E,E,tabpfn,20260912,2006H2,23898,525,0.00965338816049955,0.021968365553602813
2004H2-E,E,tabpfn,20260912,2007H1,23169,808,0.010453189209957098,0.03487418533385127
2004H2-E,E,tabpfn,20260912,2007H2,24367,1560,0.011748139670147963,0.06402101202445931
2004H2-E,E,tabpfn,20260912,2008H1,24660,1109,0.007092896892861018,0.04497161394971614
2004H2-E,E,tabpfn,20260912,2008H2,24746,863,0.005385962943327895,0.03487432312292896
2004H2-E,E,tabpfn,20260912,2009H1,24844,119,0.002393172900430036,0.0047898889067782965
2004H2-E,E,tabpfn,20260912,2009H2,24709,196,0.0034019739604308967,0.00793233234853697
2004H2-E,E,tabpfn,20260912,2010H1,24843,191,0.00377416502077209,0.0076882824135571385
2004H2-E,E,tabpfn,20260912,2010H2,24683,152,0.003051581107679871,0.006158084511607179
2004H2-E,E,tabpfn,20260912,2011H1,24614,195,0.004241601981260107,0.007922320630535468
2004H2-E,E,tabpfn,20260912,2011H2,24646,119,0.003168067968963768,0.004828369715166762
2004H2-E,E,tabpfn,20260912,2012H1,24306,148,0.005365184638655955,0.0060890315148523
2004H2-E,E,tabpfn,20260912,2012H2,24538,131,0.005189507949681768,0.005338658407368164
2004H2-E,E,tabpfn,20260912,2013H1,24341,85,0.005878538824497399,0.003492050449858264
2004H2-E,E,tabpfn,20260912,2013H2,23974,142,0.006824630387304105,0.0059230833402853095
2004H2-E,E,tabpfn,20260912,2014H1,24341,137,0.006034750990247858,0.005628363666242143
2004H2-E,E,tabpfn,20260912,2014H2,24213,99,0.005265507661540236,0.004088712675009293
2004H2-E,E,tabpfn,20260912,2015H1,24159,83,0.004273629222274682,0.0034355726644314747
2004H2-E,E,tabpfn,20260912,2015H2,24159,130,0.004799377138805327,0.0053810174262179725
2004H2-E,E,tabpfn,20260912,2016H1,24632,115,0.004546301931805038,0.0046687236115621955
2004H2-E,E,tabpfn,20260912,2016H2,24760,121,0.003923372953170146,0.004886914378029079
2004H2-E,E,tabpfn,20260912,2017H1,24541,162,0.005076063143058311,0.00660119799519172
2004H2-E,E,tabpfn,20260912,2017H2,24680,143,0.004939432065716419,0.005794165316045381
2004H2-E,E,tabpfn,20260912,2018H1,24416,148,0.005077021568354659,0.006061598951507209
2004H2-E,E,tabpfn,20260912,2018H2,24543,146,0.005355502409364013,0.005948743022450393
2004H2-E,E,tabpfn,20260912,2019H1,24752,110,0.005126187932819095,0.0044440853264382674
2004H2-E,E,tabpfn,20260912,2019H2,24861,136,0.004236154786892928,0.005470415510236917
2004H2-E,E,tabpfn,20260912,2020H1,24880,111,0.0034897118879756482,0.004461414790996785
2004H2-E,E,tabpfn,20260912,2020H2,24919,71,0.0028191962396816052,0.0028492315100927005
2004H2-E,E,tabpfn,20260912,2021H1,24909,90,0.0033564900381106762,0.003613151872817054
2004H2-E,E,tabpfn,20260912,2021H2,24929,136,0.004121511098105205,0.005455493601829195
2004H2-E,E,tabpfn,20260912,2022H1,24889,291,0.005435914532766234,0.011691912089678172
2004H2-E,E,tabpfn,20260912,2022H2,24859,373,0.005667976221573133,0.015004626091154109
2004H2-E,E,tabpfn,20260912,2023H1,24882,381,0.005743891486425308,0.015312273932963588
2004H2-E,E,tabpfn,20260912,2023H2,24866,363,0.005432200093194881,0.014598246601785572
2004H2-E,E,tabpfn,20260913,2005H1,24233,248,0.007698748892326697,0.010233978459125985
2004H2-E,E,tabpfn,20260913,2005H2,24082,266,0.007738603840757585,0.01104559421974919
2004H2-E,E,tabpfn,20260913,2006H1,23280,405,0.009278190452766882,0.017396907216494846
2004H2-E,E,tabpfn,20260913,2006H2,23898,525,0.009737246231897412,0.021968365553602813
2004H2-E,E,tabpfn,20260913,2007H1,23169,808,0.010355194238825,0.03487418533385127
2004H2-E,E,tabpfn,20260913,2007H2,24367,1560,0.011096302855196772,0.06402101202445931
2004H2-E,E,tabpfn,20260913,2008H1,24660,1109,0.006680565522359106,0.04497161394971614
2004H2-E,E,tabpfn,20260913,2008H2,24746,863,0.0049795991698442415,0.03487432312292896
2004H2-E,E,tabpfn,20260913,2009H1,24844,119,0.0024607531389136497,0.0047898889067782965
2004H2-E,E,tabpfn,20260913,2009H2,24709,196,0.004012872489094872,0.00793233234853697
2004H2-E,E,tabpfn,20260913,2010H1,24843,191,0.00470465307790634,0.0076882824135571385
2004H2-E,E,tabpfn,20260913,2010H2,24683,152,0.0039429754626115416,0.006158084511607179
2004H2-E,E,tabpfn,20260913,2011H1,24614,195,0.005588558264910472,0.007922320630535468
2004H2-E,E,tabpfn,20260913,2011H2,24646,119,0.004142457955192321,0.004828369715166762
2004H2-E,E,tabpfn,20260913,2012H1,24306,148,0.007942146343590122,0.0060890315148523
2004H2-E,E,tabpfn,20260913,2012H2,24538,131,0.007220465092214595,0.005338658407368164
2004H2-E,E,tabpfn,20260913,2013H1,24341,85,0.007670686440822187,0.003492050449858264
2004H2-E,E,tabpfn,20260913,2013H2,23974,142,0.008225013542732923,0.0059230833402853095
2004H2-E,E,tabpfn,20260913,2014H1,24341,137,0.006629615289297212,0.005628363666242143
2004H2-E,E,tabpfn,20260913,2014H2,24213,99,0.00540213157466652,0.004088712675009293
2004H2-E,E,tabpfn,20260913,2015H1,24159,83,0.004308854960827941,0.0034355726644314747
2004H2-E,E,tabpfn,20260913,2015H2,24159,130,0.004749444664691554,0.0053810174262179725
2004H2-E,E,tabpfn,20260913,2016H1,24632,115,0.004442525769680824,0.0046687236115621955
2004H2-E,E,tabpfn,20260913,2016H2,24760,121,0.0037081362896013437,0.004886914378029079
2004H2-E,E,tabpfn,20260913,2017H1,24541,162,0.004778769025349867,0.00660119799519172
2004H2-E,E,tabpfn,20260913,2017H2,24680,143,0.00454199307181569,0.005794165316045381
2004H2-E,E,tabpfn,20260913,2018H1,24416,148,0.004569822675076081,0.006061598951507209
2004H2-E,E,tabpfn,20260913,2018H2,24543,146,0.004756585577299033,0.005948743022450393
2004H2-E,E,tabpfn,20260913,2019H1,24752,110,0.004487691899134724,0.0044440853264382674
2004H2-E,E,tabpfn,20260913,2019H2,24861,136,0.003780888491198428,0.005470415510236917
2004H2-E,E,tabpfn,20260913,2020H1,24880,111,0.0031372150185722584,0.004461414790996785
2004H2-E,E,tabpfn,20260913,2020H2,24919,71,0.0025742314375344216,0.0028492315100927005
2004H2-E,E,tabpfn,20260913,2021H1,24909,90,0.00308465801447744,0.003613151872817054
2004H2-E,E,tabpfn,20260913,2021H2,24929,136,0.0037961802362342124,0.005455493601829195
2004H2-E,E,tabpfn,20260913,2022H1,24889,291,0.0048222017180658775,0.011691912089678172
2004H2-E,E,tabpfn,20260913,2022H2,24859,373,0.004795771680074925,0.015004626091154109
2004H2-E,E,tabpfn,20260913,2023H1,24882,381,0.00468047549792477,0.015312273932963588
2004H2-E,E,tabpfn,20260913,2023H2,24866,363,0.004429876437836195,0.014598246601785572
2004H2-E,E,tabpfn@t1,20260911,2005H1,24233,248,0.012329473247390256,0.010233978459125985
2004H2-E,E,tabpfn@t1,20260911,2005H2,24082,266,0.012301064714169009,0.01104559421974919
2004H2-E,E,tabpfn@t1,20260911,2006H1,23280,405,0.014510822073332003,0.017396907216494846
2004H2-E,E,tabpfn@t1,20260911,2006H2,23898,525,0.014972336962130536,0.021968365553602813
2004H2-E,E,tabpfn@t1,20260911,2007H1,23169,808,0.015891716406321525,0.03487418533385127
2004H2-E,E,tabpfn@t1,20260911,2007H2,24367,1560,0.017334875602186377,0.06402101202445931
2004H2-E,E,tabpfn@t1,20260911,2008H1,24660,1109,0.011413895483668552,0.04497161394971614
2004H2-E,E,tabpfn@t1,20260911,2008H2,24746,863,0.009208239290663875,0.03487432312292896
2004H2-E,E,tabpfn@t1,20260911,2009H1,24844,119,0.004634518960355242,0.0047898889067782965
2004H2-E,E,tabpfn@t1,20260911,2009H2,24709,196,0.006094618188567579,0.00793233234853697
2004H2-E,E,tabpfn@t1,20260911,2010H1,24843,191,0.006583859937144465,0.0076882824135571385
2004H2-E,E,tabpfn@t1,20260911,2010H2,24683,152,0.0054032231064622595,0.006158084511607179
2004H2-E,E,tabpfn@t1,20260911,2011H1,24614,195,0.007174496531322374,0.007922320630535468
2004H2-E,E,tabpfn@t1,20260911,2011H2,24646,119,0.005582696054632702,0.004828369715166762
2004H2-E,E,tabpfn@t1,20260911,2012H1,24306,148,0.008342217207813678,0.0060890315148523
2004H2-E,E,tabpfn@t1,20260911,2012H2,24538,131,0.008109055153082446,0.005338658407368164
2004H2-E,E,tabpfn@t1,20260911,2013H1,24341,85,0.009112964408111431,0.003492050449858264
2004H2-E,E,tabpfn@t1,20260911,2013H2,23974,142,0.010593361157319892,0.0059230833402853095
2004H2-E,E,tabpfn@t1,20260911,2014H1,24341,137,0.009746782980662195,0.005628363666242143
2004H2-E,E,tabpfn@t1,20260911,2014H2,24213,99,0.00878638719556448,0.004088712675009293
2004H2-E,E,tabpfn@t1,20260911,2015H1,24159,83,0.007482901798783975,0.0034355726644314747
2004H2-E,E,tabpfn@t1,20260911,2015H2,24159,130,0.008400605706630454,0.0053810174262179725
2004H2-E,E,tabpfn@t1,20260911,2016H1,24632,115,0.008060501483860328,0.0046687236115621955
2004H2-E,E,tabpfn@t1,20260911,2016H2,24760,121,0.007169720566773369,0.004886914378029079
2004H2-E,E,tabpfn@t1,20260911,2017H1,24541,162,0.008818493583658105,0.00660119799519172
2004H2-E,E,tabpfn@t1,20260911,2017H2,24680,143,0.008757126185152174,0.005794165316045381
2004H2-E,E,tabpfn@t1,20260911,2018H1,24416,148,0.00888862427102979,0.006061598951507209
2004H2-E,E,tabpfn@t1,20260911,2018H2,24543,146,0.009291695050568408,0.005948743022450393
2004H2-E,E,tabpfn@t1,20260911,2019H1,24752,110,0.008932475220501255,0.0044440853264382674
2004H2-E,E,tabpfn@t1,20260911,2019H2,24861,136,0.007648794849517909,0.005470415510236917
2004H2-E,E,tabpfn@t1,20260911,2020H1,24880,111,0.006506988946436395,0.004461414790996785
2004H2-E,E,tabpfn@t1,20260911,2020H2,24919,71,0.0054260252789372545,0.0028492315100927005
2004H2-E,E,tabpfn@t1,20260911,2021H1,24909,90,0.006453235854898485,0.003613151872817054
2004H2-E,E,tabpfn@t1,20260911,2021H2,24929,136,0.007735057055864921,0.005455493601829195
2004H2-E,E,tabpfn@t1,20260911,2022H1,24889,291,0.009711441512491476,0.011691912089678172
2004H2-E,E,tabpfn@t1,20260911,2022H2,24859,373,0.009662642716627845,0.015004626091154109
2004H2-E,E,tabpfn@t1,20260911,2023H1,24882,381,0.009573415611453032,0.015312273932963588
2004H2-E,E,tabpfn@t1,20260911,2023H2,24866,363,0.009085459708794161,0.014598246601785572
2004H2-E,E,tabpfn@t1,20260912,2005H1,24233,248,0.011103626933858565,0.010233978459125985
2004H2-E,E,tabpfn@t1,20260912,2005H2,24082,266,0.010995311911664894,0.01104559421974919
2004H2-E,E,tabpfn@t1,20260912,2006H1,23280,405,0.013182402886571932,0.017396907216494846
2004H2-E,E,tabpfn@t1,20260912,2006H2,23898,525,0.013741589502593458,0.021968365553602813
2004H2-E,E,tabpfn@t1,20260912,2007H1,23169,808,0.014761452861137071,0.03487418533385127
2004H2-E,E,tabpfn@t1,20260912,2007H2,24367,1560,0.016448807722150263,0.06402101202445931
2004H2-E,E,tabpfn@t1,20260912,2008H1,24660,1109,0.010436748382621961,0.04497161394971614
2004H2-E,E,tabpfn@t1,20260912,2008H2,24746,863,0.008252672274287989,0.03487432312292896
2004H2-E,E,tabpfn@t1,20260912,2009H1,24844,119,0.003978063400250923,0.0047898889067782965
2004H2-E,E,tabpfn@t1,20260912,2009H2,24709,196,0.00538863019621385,0.00793233234853697
2004H2-E,E,tabpfn@t1,20260912,2010H1,24843,191,0.005861885537476048,0.0076882824135571385
2004H2-E,E,tabpfn@t1,20260912,2010H2,24683,152,0.004800994460929122,0.006158084511607179
2004H2-E,E,tabpfn@t1,20260912,2011H1,24614,195,0.006467026410786219,0.007922320630535468
2004H2-E,E,tabpfn@t1,20260912,2011H2,24646,119,0.004955368205975799,0.004828369715166762
2004H2-E,E,tabpfn@t1,20260912,2012H1,24306,148,0.007847204429217424,0.0060890315148523
2004H2-E,E,tabpfn@t1,20260912,2012H2,24538,131,0.007632378215995595,0.005338658407368164
2004H2-E,E,tabpfn@t1,20260912,2013H1,24341,85,0.00857077762178363,0.003492050449858264
2004H2-E,E,tabpfn@t1,20260912,2013H2,23974,142,0.009922298238416276,0.0059230833402853095
2004H2-E,E,tabpfn@t1,20260912,2014H1,24341,137,0.00896674985792357,0.005628363666242143
2004H2-E,E,tabpfn@t1,20260912,2014H2,24213,99,0.00798644279442273,0.004088712675009293
2004H2-E,E,tabpfn@t1,20260912,2015H1,24159,83,0.006674348380946266,0.0034355726644314747
2004H2-E,E,tabpfn@t1,20260912,2015H2,24159,130,0.0074598856966086235,0.0053810174262179725
2004H2-E,E,tabpfn@t1,20260912,2016H1,24632,115,0.00712852463458556,0.0046687236115621955
2004H2-E,E,tabpfn@t1,20260912,2016H2,24760,121,0.006283399288018723,0.004886914378029079
2004H2-E,E,tabpfn@t1,20260912,2017H1,24541,162,0.007917200075894493,0.00660119799519172
2004H2-E,E,tabpfn@t1,20260912,2017H2,24680,143,0.0077711199335059105,0.005794165316045381
2004H2-E,E,tabpfn@t1,20260912,2018H1,24416,148,0.007986562567686971,0.006061598951507209
2004H2-E,E,tabpfn@t1,20260912,2018H2,24543,146,0.008398700259142999,0.005948743022450393
2004H2-E,E,tabpfn@t1,20260912,2019H1,24752,110,0.008078966559236612,0.0044440853264382674
2004H2-E,E,tabpfn@t1,20260912,2019H2,24861,136,0.00679646419246366,0.005470415510236917
2004H2-E,E,tabpfn@t1,20260912,2020H1,24880,111,0.005680509916412962,0.004461414790996785
2004H2-E,E,tabpfn@t1,20260912,2020H2,24919,71,0.004679191233831261,0.0028492315100927005
2004H2-E,E,tabpfn@t1,20260912,2021H1,24909,90,0.005497380727383656,0.003613151872817054
2004H2-E,E,tabpfn@t1,20260912,2021H2,24929,136,0.006627435322052773,0.005455493601829195
2004H2-E,E,tabpfn@t1,20260912,2022H1,24889,291,0.008537658252912044,0.011691912089678172
2004H2-E,E,tabpfn@t1,20260912,2022H2,24859,373,0.008854099724204404,0.015004626091154109
2004H2-E,E,tabpfn@t1,20260912,2023H1,24882,381,0.008937648649915204,0.015312273932963588
2004H2-E,E,tabpfn@t1,20260912,2023H2,24866,363,0.008491088826912442,0.014598246601785572
2004H2-E,E,tabpfn@t1,20260913,2005H1,24233,248,0.01124075264215016,0.010233978459125985
2004H2-E,E,tabpfn@t1,20260913,2005H2,24082,266,0.011311638432167455,0.01104559421974919
2004H2-E,E,tabpfn@t1,20260913,2006H1,23280,405,0.01334656186165588,0.017396907216494846
2004H2-E,E,tabpfn@t1,20260913,2006H2,23898,525,0.01388396525402294,0.021968365553602813
2004H2-E,E,tabpfn@t1,20260913,2007H1,23169,808,0.014691022338701419,0.03487418533385127
2004H2-E,E,tabpfn@t1,20260913,2007H2,24367,1560,0.015637157333603338,0.06402101202445931
2004H2-E,E,tabpfn@t1,20260913,2008H1,24660,1109,0.009858129755096971,0.04497161394971614
2004H2-E,E,tabpfn@t1,20260913,2008H2,24746,863,0.007637759264423527,0.03487432312292896
2004H2-E,E,tabpfn@t1,20260913,2009H1,24844,119,0.004026820040529627,0.0047898889067782965
2004H2-E,E,tabpfn@t1,20260913,2009H2,24709,196,0.006130612976735675,0.00793233234853697
2004H2-E,E,tabpfn@t1,20260913,2010H1,24843,191,0.00700534993763811,0.0076882824135571385
2004H2-E,E,tabpfn@t1,20260913,2010H2,24683,152,0.005938436782718178,0.006158084511607179
2004H2-E,E,tabpfn@t1,20260913,2011H1,24614,195,0.008141905540891425,0.007922320630535468
2004H2-E,E,tabpfn@t1,20260913,2011H2,24646,119,0.006188471703401101,0.004828369715166762
2004H2-E,E,tabpfn@t1,20260913,2012H1,24306,148,0.011087558629977429,0.0060890315148523
2004H2-E,E,tabpfn@t1,20260913,2012H2,24538,131,0.010145962763853078,0.005338658407368164
2004H2-E,E,tabpfn@t1,20260913,2013H1,24341,85,0.01075928129525893,0.003492050449858264
2004H2-E,E,tabpfn@t1,20260913,2013H2,23974,142,0.011560007058368382,0.0059230833402853095
2004H2-E,E,tabpfn@t1,20260913,2014H1,24341,137,0.009586382300054066,0.005628363666242143
2004H2-E,E,tabpfn@t1,20260913,2014H2,24213,99,0.008041395100777806,0.004088712675009293
2004H2-E,E,tabpfn@t1,20260913,2015H1,24159,83,0.0066243854377994035,0.0034355726644314747
2004H2-E,E,tabpfn@t1,20260913,2015H2,24159,130,0.0072891412874069314,0.0053810174262179725
2004H2-E,E,tabpfn@t1,20260913,2016H1,24632,115,0.006894088261092347,0.0046687236115621955
2004H2-E,E,tabpfn@t1,20260913,2016H2,24760,121,0.005923229931836645,0.004886914378029079
2004H2-E,E,tabpfn@t1,20260913,2017H1,24541,162,0.007433916850148753,0.00660119799519172
2004H2-E,E,tabpfn@t1,20260913,2017H2,24680,143,0.007162204270397888,0.005794165316045381
2004H2-E,E,tabpfn@t1,20260913,2018H1,24416,148,0.007224769776471112,0.006061598951507209
2004H2-E,E,tabpfn@t1,20260913,2018H2,24543,146,0.007509213102710576,0.005948743022450393
2004H2-E,E,tabpfn@t1,20260913,2019H1,24752,110,0.007138281175346777,0.0044440853264382674
2004H2-E,E,tabpfn@t1,20260913,2019H2,24861,136,0.006112738877347111,0.005470415510236917
2004H2-E,E,tabpfn@t1,20260913,2020H1,24880,111,0.0051433665729211115,0.004461414790996785
2004H2-E,E,tabpfn@t1,20260913,2020H2,24919,71,0.0042996381922116005,0.0028492315100927005
2004H2-E,E,tabpfn@t1,20260913,2021H1,24909,90,0.00506863659315547,0.003613151872817054
2004H2-E,E,tabpfn@t1,20260913,2021H2,24929,136,0.006124075972754557,0.005455493601829195
2004H2-E,E,tabpfn@t1,20260913,2022H1,24889,291,0.007614785841959116,0.011691912089678172
2004H2-E,E,tabpfn@t1,20260913,2022H2,24859,373,0.0075858477143990344,0.015004626091154109
2004H2-E,E,tabpfn@t1,20260913,2023H1,24882,381,0.0074099007179824665,0.015312273932963588
2004H2-E,E,tabpfn@t1,20260913,2023H2,24866,363,0.007041831115651371,0.014598246601785572
2006H2-E,E,gbm,,2007H1,23169,808,0.012785964078398897,0.03487418533385127
2006H2-E,E,gbm,,2007H2,24367,1560,0.014188164443290782,0.06402101202445931
2006H2-E,E,gbm,,2008H1,24660,1109,0.009175797407616357,0.04497161394971614
2006H2-E,E,gbm,,2008H2,24746,863,0.007529302270325584,0.03487432312292896
2006H2-E,E,gbm,,2009H1,24844,119,0.003845013274409867,0.0047898889067782965
2006H2-E,E,gbm,,2009H2,24709,196,0.004929535700038582,0.00793233234853697
2006H2-E,E,gbm,,2010H1,24843,191,0.005180939856841935,0.0076882824135571385
2006H2-E,E,gbm,,2010H2,24683,152,0.004303706928786579,0.006158084511607179
2006H2-E,E,gbm,,2011H1,24614,195,0.005553534446098796,0.007922320630535468
2006H2-E,E,gbm,,2011H2,24646,119,0.004447659769511436,0.004828369715166762
2006H2-E,E,gbm,,2012H1,24306,148,0.006226381805035713,0.0060890315148523
2006H2-E,E,gbm,,2012H2,24538,131,0.006127992371979267,0.005338658407368164
2006H2-E,E,gbm,,2013H1,24341,85,0.00683403705433403,0.003492050449858264
2006H2-E,E,gbm,,2013H2,23974,142,0.008159304382235706,0.0059230833402853095
2006H2-E,E,gbm,,2014H1,24341,137,0.007751416589920589,0.005628363666242143
2006H2-E,E,gbm,,2014H2,24213,99,0.0071988881657516456,0.004088712675009293
2006H2-E,E,gbm,,2015H1,24159,83,0.0060970222391895324,0.0034355726644314747
2006H2-E,E,gbm,,2015H2,24159,130,0.006938128375492389,0.0053810174262179725
2006H2-E,E,gbm,,2016H1,24632,115,0.006653710729500877,0.0046687236115621955
2006H2-E,E,gbm,,2016H2,24760,121,0.00597658980078767,0.004886914378029079
2006H2-E,E,gbm,,2017H1,24541,162,0.007339317314346284,0.00660119799519172
2006H2-E,E,gbm,,2017H2,24680,143,0.007388461578357154,0.005794165316045381
2006H2-E,E,gbm,,2018H1,24416,148,0.007551718635956281,0.006061598951507209
2006H2-E,E,gbm,,2018H2,24543,146,0.007972151769208265,0.005948743022450393
2006H2-E,E,gbm,,2019H1,24752,110,0.007585185918308154,0.0044440853264382674
2006H2-E,E,gbm,,2019H2,24861,136,0.006423020465109246,0.005470415510236917
2006H2-E,E,gbm,,2020H1,24880,111,0.005328198642851855,0.004461414790996785
2006H2-E,E,gbm,,2020H2,24919,71,0.004516905185699987,0.0028492315100927005
2006H2-E,E,gbm,,2021H1,24909,90,0.005126848244103749,0.003613151872817054
2006H2-E,E,gbm,,2021H2,24929,136,0.006193141646536414,0.005455493601829195
2006H2-E,E,gbm,,2022H1,24889,291,0.007794510385696621,0.011691912089678172
2006H2-E,E,gbm,,2022H2,24859,373,0.008351886670440917,0.015004626091154109
2006H2-E,E,gbm,,2023H1,24882,381,0.008308454493677743,0.015312273932963588
2006H2-E,E,gbm,,2023H2,24866,363,0.007950239771665129,0.014598246601785572
2006H2-E,E,gbm-50k,20260911,2007H1,23169,808,0.012267282388736932,0.03487418533385127
2006H2-E,E,gbm-50k,20260911,2007H2,24367,1560,0.013877389302252591,0.06402101202445931
2006H2-E,E,gbm-50k,20260911,2008H1,24660,1109,0.009249211407601715,0.04497161394971614
2006H2-E,E,gbm-50k,20260911,2008H2,24746,863,0.007699747317658433,0.03487432312292896
2006H2-E,E,gbm-50k,20260911,2009H1,24844,119,0.004151415618388677,0.0047898889067782965
2006H2-E,E,gbm-50k,20260911,2009H2,24709,196,0.005087197835950214,0.00793233234853697
2006H2-E,E,gbm-50k,20260911,2010H1,24843,191,0.005405744003165275,0.0076882824135571385
2006H2-E,E,gbm-50k,20260911,2010H2,24683,152,0.004533483962126129,0.006158084511607179
2006H2-E,E,gbm-50k,20260911,2011H1,24614,195,0.0056825503155189,0.007922320630535468
2006H2-E,E,gbm-50k,20260911,2011H2,24646,119,0.004688134090875343,0.004828369715166762
2006H2-E,E,gbm-50k,20260911,2012H1,24306,148,0.006077591997260003,0.0060890315148523
2006H2-E,E,gbm-50k,20260911,2012H2,24538,131,0.006125722080617198,0.005338658407368164
2006H2-E,E,gbm-50k,20260911,2013H1,24341,85,0.006947482408354318,0.003492050449858264
2006H2-E,E,gbm-50k,20260911,2013H2,23974,142,0.008284422903580953,0.0059230833402853095
2006H2-E,E,gbm-50k,20260911,2014H1,24341,137,0.008104566708335231,0.005628363666242143
2006H2-E,E,gbm-50k,20260911,2014H2,24213,99,0.007531031250124182,0.004088712675009293
2006H2-E,E,gbm-50k,20260911,2015H1,24159,83,0.006567099865817942,0.0034355726644314747
2006H2-E,E,gbm-50k,20260911,2015H2,24159,130,0.007266782382207881,0.0053810174262179725
2006H2-E,E,gbm-50k,20260911,2016H1,24632,115,0.006959099161984816,0.0046687236115621955
2006H2-E,E,gbm-50k,20260911,2016H2,24760,121,0.0062955928778130645,0.004886914378029079
2006H2-E,E,gbm-50k,20260911,2017H1,24541,162,0.007676911849724565,0.00660119799519172
2006H2-E,E,gbm-50k,20260911,2017H2,24680,143,0.007710426701530407,0.005794165316045381
2006H2-E,E,gbm-50k,20260911,2018H1,24416,148,0.007871112502516174,0.006061598951507209
2006H2-E,E,gbm-50k,20260911,2018H2,24543,146,0.008299885730709949,0.005948743022450393
2006H2-E,E,gbm-50k,20260911,2019H1,24752,110,0.007990810606708958,0.0044440853264382674
2006H2-E,E,gbm-50k,20260911,2019H2,24861,136,0.006872284964555021,0.005470415510236917
2006H2-E,E,gbm-50k,20260911,2020H1,24880,111,0.0058062520795515785,0.004461414790996785
2006H2-E,E,gbm-50k,20260911,2020H2,24919,71,0.0048861454017689815,0.0028492315100927005
2006H2-E,E,gbm-50k,20260911,2021H1,24909,90,0.005621015735305476,0.003613151872817054
2006H2-E,E,gbm-50k,20260911,2021H2,24929,136,0.006531196891439035,0.005455493601829195
2006H2-E,E,gbm-50k,20260911,2022H1,24889,291,0.00832240604586624,0.011691912089678172
2006H2-E,E,gbm-50k,20260911,2022H2,24859,373,0.00878692936653377,0.015004626091154109
2006H2-E,E,gbm-50k,20260911,2023H1,24882,381,0.008835295013463699,0.015312273932963588
2006H2-E,E,gbm-50k,20260911,2023H2,24866,363,0.0083563154827518,0.014598246601785572
2006H2-E,E,gbm-50k,20260912,2007H1,23169,808,0.012071175075407706,0.03487418533385127
2006H2-E,E,gbm-50k,20260912,2007H2,24367,1560,0.013479369017241128,0.06402101202445931
2006H2-E,E,gbm-50k,20260912,2008H1,24660,1109,0.0090584505156643,0.04497161394971614
2006H2-E,E,gbm-50k,20260912,2008H2,24746,863,0.007626851994470853,0.03487432312292896
2006H2-E,E,gbm-50k,20260912,2009H1,24844,119,0.004210444146011462,0.0047898889067782965
2006H2-E,E,gbm-50k,20260912,2009H2,24709,196,0.005197946686365142,0.00793233234853697
2006H2-E,E,gbm-50k,20260912,2010H1,24843,191,0.00544189785934682,0.0076882824135571385
2006H2-E,E,gbm-50k,20260912,2010H2,24683,152,0.004543134470468523,0.006158084511607179
2006H2-E,E,gbm-50k,20260912,2011H1,24614,195,0.00573235787400758,0.007922320630535468
2006H2-E,E,gbm-50k,20260912,2011H2,24646,119,0.0047104263693503005,0.004828369715166762
2006H2-E,E,gbm-50k,20260912,2012H1,24306,148,0.006131900930104662,0.0060890315148523
2006H2-E,E,gbm-50k,20260912,2012H2,24538,131,0.006162137109096536,0.005338658407368164
2006H2-E,E,gbm-50k,20260912,2013H1,24341,85,0.006919452922510277,0.003492050449858264
2006H2-E,E,gbm-50k,20260912,2013H2,23974,142,0.008276786253522588,0.0059230833402853095
2006H2-E,E,gbm-50k,20260912,2014H1,24341,137,0.008021416139390867,0.005628363666242143
2006H2-E,E,gbm-50k,20260912,2014H2,24213,99,0.007535001329209181,0.004088712675009293
2006H2-E,E,gbm-50k,20260912,2015H1,24159,83,0.0065832486263164266,0.0034355726644314747
2006H2-E,E,gbm-50k,20260912,2015H2,24159,130,0.007307191776107486,0.0053810174262179725
2006H2-E,E,gbm-50k,20260912,2016H1,24632,115,0.007114578303729597,0.0046687236115621955
2006H2-E,E,gbm-50k,20260912,2016H2,24760,121,0.006443017580895734,0.004886914378029079
2006H2-E,E,gbm-50k,20260912,2017H1,24541,162,0.007773322752270583,0.00660119799519172
2006H2-E,E,gbm-50k,20260912,2017H2,24680,143,0.007790506129786327,0.005794165316045381
2006H2-E,E,gbm-50k,20260912,2018H1,24416,148,0.007934470589267667,0.006061598951507209
2006H2-E,E,gbm-50k,20260912,2018H2,24543,146,0.008377134510014317,0.005948743022450393
2006H2-E,E,gbm-50k,20260912,2019H1,24752,110,0.007992698364968407,0.0044440853264382674
2006H2-E,E,gbm-50k,20260912,2019H2,24861,136,0.006867015714827522,0.005470415510236917
2006H2-E,E,gbm-50k,20260912,2020H1,24880,111,0.005771172211425124,0.004461414790996785
2006H2-E,E,gbm-50k,20260912,2020H2,24919,71,0.004999175252038337,0.0028492315100927005
2006H2-E,E,gbm-50k,20260912,2021H1,24909,90,0.005535542148771576,0.003613151872817054
2006H2-E,E,gbm-50k,20260912,2021H2,24929,136,0.006629026326246606,0.005455493601829195
2006H2-E,E,gbm-50k,20260912,2022H1,24889,291,0.008045673147769784,0.011691912089678172
2006H2-E,E,gbm-50k,20260912,2022H2,24859,373,0.00870018559732377,0.015004626091154109
2006H2-E,E,gbm-50k,20260912,2023H1,24882,381,0.008716967969382605,0.015312273932963588
2006H2-E,E,gbm-50k,20260912,2023H2,24866,363,0.008507070848821833,0.014598246601785572
2006H2-E,E,gbm-50k,20260913,2007H1,23169,808,0.011230529662832877,0.03487418533385127
2006H2-E,E,gbm-50k,20260913,2007H2,24367,1560,0.012330291560569383,0.06402101202445931
2006H2-E,E,gbm-50k,20260913,2008H1,24660,1109,0.008903661960382721,0.04497161394971614
2006H2-E,E,gbm-50k,20260913,2008H2,24746,863,0.007816407233153716,0.03487432312292896
2006H2-E,E,gbm-50k,20260913,2009H1,24844,119,0.004967493175801335,0.0047898889067782965
2006H2-E,E,gbm-50k,20260913,2009H2,24709,196,0.005871207896728335,0.00793233234853697
2006H2-E,E,gbm-50k,20260913,2010H1,24843,191,0.00611905529154042,0.0076882824135571385
2006H2-E,E,gbm-50k,20260913,2010H2,24683,152,0.0053471453919510855,0.006158084511607179
2006H2-E,E,gbm-50k,20260913,2011H1,24614,195,0.006416621492318216,0.007922320630535468
2006H2-E,E,gbm-50k,20260913,2011H2,24646,119,0.005500565062134787,0.004828369715166762
2006H2-E,E,gbm-50k,20260913,2012H1,24306,148,0.006948423640666475,0.0060890315148523
2006H2-E,E,gbm-50k,20260913,2012H2,24538,131,0.006937843505803227,0.005338658407368164
2006H2-E,E,gbm-50k,20260913,2013H1,24341,85,0.007545841835544295,0.003492050449858264
2006H2-E,E,gbm-50k,20260913,2013H2,23974,142,0.008759819067317272,0.0059230833402853095
2006H2-E,E,gbm-50k,20260913,2014H1,24341,137,0.008564571857599394,0.005628363666242143
2006H2-E,E,gbm-50k,20260913,2014H2,24213,99,0.008065570524644327,0.004088712675009293
2006H2-E,E,gbm-50k,20260913,2015H1,24159,83,0.007247605256022403,0.0034355726644314747
2006H2-E,E,gbm-50k,20260913,2015H2,24159,130,0.00782121818599954,0.0053810174262179725
2006H2-E,E,gbm-50k,20260913,2016H1,24632,115,0.0076415362592178885,0.0046687236115621955
2006H2-E,E,gbm-50k,20260913,2016H2,24760,121,0.007070178851428717,0.004886914378029079
2006H2-E,E,gbm-50k,20260913,2017H1,24541,162,0.00813045407952344,0.00660119799519172
2006H2-E,E,gbm-50k,20260913,2017H2,24680,143,0.008160400446524314,0.005794165316045381
2006H2-E,E,gbm-50k,20260913,2018H1,24416,148,0.008369273288545167,0.006061598951507209
2006H2-E,E,gbm-50k,20260913,2018H2,24543,146,0.008691564616070742,0.005948743022450393
2006H2-E,E,gbm-50k,20260913,2019H1,24752,110,0.008546227434965125,0.0044440853264382674
2006H2-E,E,gbm-50k,20260913,2019H2,24861,136,0.007605470226698904,0.005470415510236917
2006H2-E,E,gbm-50k,20260913,2020H1,24880,111,0.006619953657499292,0.004461414790996785
2006H2-E,E,gbm-50k,20260913,2020H2,24919,71,0.005840857149056949,0.0028492315100927005
2006H2-E,E,gbm-50k,20260913,2021H1,24909,90,0.006310216627331552,0.003613151872817054
2006H2-E,E,gbm-50k,20260913,2021H2,24929,136,0.007141905556795634,0.005455493601829195
2006H2-E,E,gbm-50k,20260913,2022H1,24889,291,0.00854779193730585,0.011691912089678172
2006H2-E,E,gbm-50k,20260913,2022H2,24859,373,0.009237017262633228,0.015004626091154109
2006H2-E,E,gbm-50k,20260913,2023H1,24882,381,0.009343435910858858,0.015312273932963588
2006H2-E,E,gbm-50k,20260913,2023H2,24866,363,0.008981444933754456,0.014598246601785572
2006H2-E,E,scorecard,,2007H1,23169,808,0.01236534587583308,0.03487418533385127
2006H2-E,E,scorecard,,2007H2,24367,1560,0.013395837391211968,0.06402101202445931
2006H2-E,E,scorecard,,2008H1,24660,1109,0.00834500857467607,0.04497161394971614
2006H2-E,E,scorecard,,2008H2,24746,863,0.006886081843755857,0.03487432312292896
2006H2-E,E,scorecard,,2009H1,24844,119,0.0032345497228454863,0.0047898889067782965
2006H2-E,E,scorecard,,2009H2,24709,196,0.004233325527560378,0.00793233234853697
2006H2-E,E,scorecard,,2010H1,24843,191,0.004592869642460547,0.0076882824135571385
2006H2-E,E,scorecard,,2010H2,24683,152,0.0036661990546387247,0.006158084511607179
2006H2-E,E,scorecard,,2011H1,24614,195,0.004803670658337734,0.007922320630535468
2006H2-E,E,scorecard,,2011H2,24646,119,0.003765608448216882,0.004828369715166762
2006H2-E,E,scorecard,,2012H1,24306,148,0.005301233118832226,0.0060890315148523
2006H2-E,E,scorecard,,2012H2,24538,131,0.005183067598703315,0.005338658407368164
2006H2-E,E,scorecard,,2013H1,24341,85,0.005905995845589997,0.003492050449858264
2006H2-E,E,scorecard,,2013H2,23974,142,0.007169550103629329,0.0059230833402853095
2006H2-E,E,scorecard,,2014H1,24341,137,0.006833741904295138,0.005628363666242143
2006H2-E,E,scorecard,,2014H2,24213,99,0.006302125995933069,0.004088712675009293
2006H2-E,E,scorecard,,2015H1,24159,83,0.0053146637104279195,0.0034355726644314747
2006H2-E,E,scorecard,,2015H2,24159,130,0.006167678827711791,0.0053810174262179725
2006H2-E,E,scorecard,,2016H1,24632,115,0.005866898537118063,0.0046687236115621955
2006H2-E,E,scorecard,,2016H2,24760,121,0.005207652109470893,0.004886914378029079
2006H2-E,E,scorecard,,2017H1,24541,162,0.006505038070999114,0.00660119799519172
2006H2-E,E,scorecard,,2017H2,24680,143,0.006582711660226475,0.005794165316045381
2006H2-E,E,scorecard,,2018H1,24416,148,0.006709861295169358,0.006061598951507209
2006H2-E,E,scorecard,,2018H2,24543,146,0.007183810972824917,0.005948743022450393
2006H2-E,E,scorecard,,2019H1,24752,110,0.006795072563117411,0.0044440853264382674
2006H2-E,E,scorecard,,2019H2,24861,136,0.005540465856409789,0.005470415510236917
2006H2-E,E,scorecard,,2020H1,24880,111,0.004618885879959311,0.004461414790996785
2006H2-E,E,scorecard,,2020H2,24919,71,0.00390578899709864,0.0028492315100927005
2006H2-E,E,scorecard,,2021H1,24909,90,0.004542561047135791,0.003613151872817054
2006H2-E,E,scorecard,,2021H2,24929,136,0.005618350900981674,0.005455493601829195
2006H2-E,E,scorecard,,2022H1,24889,291,0.0070413666160064154,0.011691912089678172
2006H2-E,E,scorecard,,2022H2,24859,373,0.007539214192156625,0.015004626091154109
2006H2-E,E,scorecard,,2023H1,24882,381,0.0075265222886670745,0.015312273932963588
2006H2-E,E,scorecard,,2023H2,24866,363,0.007243678449963886,0.014598246601785572
2006H2-E,E,tabicl,20260911,2007H1,23169,808,0.008343598626283734,0.03487418533385127
2006H2-E,E,tabicl,20260911,2007H2,24367,1560,0.00934097193161621,0.06402101202445931
2006H2-E,E,tabicl,20260911,2008H1,24660,1109,0.005841536971730322,0.04497161394971614
2006H2-E,E,tabicl,20260911,2008H2,24746,863,0.004708643816985904,0.03487432312292896
2006H2-E,E,tabicl,20260911,2009H1,24844,119,0.002024479001509546,0.0047898889067782965
2006H2-E,E,tabicl,20260911,2009H2,24709,196,0.002888359029820477,0.00793233234853697
2006H2-E,E,tabicl,20260911,2010H1,24843,191,0.0032082089530177456,0.0076882824135571385
2006H2-E,E,tabicl,20260911,2010H2,24683,152,0.002537137689739116,0.006158084511607179
2006H2-E,E,tabicl,20260911,2011H1,24614,195,0.0034468473928184274,0.007922320630535468
2006H2-E,E,tabicl,20260911,2011H2,24646,119,0.0026393962223170073,0.004828369715166762
2006H2-E,E,tabicl,20260911,2012H1,24306,148,0.003955827382668309,0.0060890315148523
2006H2-E,E,tabicl,20260911,2012H2,24538,131,0.003793423533684721,0.005338658407368164
2006H2-E,E,tabicl,20260911,2013H1,24341,85,0.00441302983943345,0.003492050449858264
2006H2-E,E,tabicl,20260911,2013H2,23974,142,0.005365235966384445,0.0059230833402853095
2006H2-E,E,tabicl,20260911,2014H1,24341,137,0.005010240176727863,0.005628363666242143
2006H2-E,E,tabicl,20260911,2014H2,24213,99,0.00449349388357028,0.004088712675009293
2006H2-E,E,tabicl,20260911,2015H1,24159,83,0.00374080140962518,0.0034355726644314747
2006H2-E,E,tabicl,20260911,2015H2,24159,130,0.004212066312771297,0.0053810174262179725
2006H2-E,E,tabicl,20260911,2016H1,24632,115,0.004032148637288044,0.0046687236115621955
2006H2-E,E,tabicl,20260911,2016H2,24760,121,0.0035368707021102646,0.004886914378029079
2006H2-E,E,tabicl,20260911,2017H1,24541,162,0.0044233393476121674,0.00660119799519172
2006H2-E,E,tabicl,20260911,2017H2,24680,143,0.004369145984795568,0.005794165316045381
2006H2-E,E,tabicl,20260911,2018H1,24416,148,0.004455899924785503,0.006061598951507209
2006H2-E,E,tabicl,20260911,2018H2,24543,146,0.004675173722454128,0.005948743022450393
2006H2-E,E,tabicl,20260911,2019H1,24752,110,0.0044259675934491295,0.0044440853264382674
2006H2-E,E,tabicl,20260911,2019H2,24861,136,0.003674340775412049,0.005470415510236917
2006H2-E,E,tabicl,20260911,2020H1,24880,111,0.003014331091366435,0.004461414790996785
2006H2-E,E,tabicl,20260911,2020H2,24919,71,0.002491521871837921,0.0028492315100927005
2006H2-E,E,tabicl,20260911,2021H1,24909,90,0.0029715398263710814,0.003613151872817054
2006H2-E,E,tabicl,20260911,2021H2,24929,136,0.003619132580906774,0.005455493601829195
2006H2-E,E,tabicl,20260911,2022H1,24889,291,0.004746267972791589,0.011691912089678172
2006H2-E,E,tabicl,20260911,2022H2,24859,373,0.004972649034801012,0.015004626091154109
2006H2-E,E,tabicl,20260911,2023H1,24882,381,0.00497750772528002,0.015312273932963588
2006H2-E,E,tabicl,20260911,2023H2,24866,363,0.004626237989972715,0.014598246601785572
2006H2-E,E,tabicl,20260912,2007H1,23169,808,0.008775370029461412,0.03487418533385127
2006H2-E,E,tabicl,20260912,2007H2,24367,1560,0.00988913423213477,0.06402101202445931
2006H2-E,E,tabicl,20260912,2008H1,24660,1109,0.006093531998735409,0.04497161394971614
2006H2-E,E,tabicl,20260912,2008H2,24746,863,0.004927528298732267,0.03487432312292896
2006H2-E,E,tabicl,20260912,2009H1,24844,119,0.002097080026862469,0.0047898889067782965
2006H2-E,E,tabicl,20260912,2009H2,24709,196,0.0032792002839784925,0.00793233234853697
2006H2-E,E,tabicl,20260912,2010H1,24843,191,0.003761026104966309,0.0076882824135571385
2006H2-E,E,tabicl,20260912,2010H2,24683,152,0.003029427541502137,0.006158084511607179
2006H2-E,E,tabicl,20260912,2011H1,24614,195,0.004368206743405347,0.007922320630535468
2006H2-E,E,tabicl,20260912,2011H2,24646,119,0.0032691156358199604,0.004828369715166762
2006H2-E,E,tabicl,20260912,2012H1,24306,148,0.005824692996999808,0.0060890315148523
2006H2-E,E,tabicl,20260912,2012H2,24538,131,0.005449447478994642,0.005338658407368164
2006H2-E,E,tabicl,20260912,2013H1,24341,85,0.0060123745993638875,0.003492050449858264
2006H2-E,E,tabicl,20260912,2013H2,23974,142,0.006833365291436779,0.0059230833402853095
2006H2-E,E,tabicl,20260912,2014H1,24341,137,0.0058991219108495176,0.005628363666242143
2006H2-E,E,tabicl,20260912,2014H2,24213,99,0.0049882098793486915,0.004088712675009293
2006H2-E,E,tabicl,20260912,2015H1,24159,83,0.004090306900754747,0.0034355726644314747
2006H2-E,E,tabicl,20260912,2015H2,24159,130,0.004549536200792932,0.0053810174262179725
2006H2-E,E,tabicl,20260912,2016H1,24632,115,0.004336216459482299,0.0046687236115621955
2006H2-E,E,tabicl,20260912,2016H2,24760,121,0.0037692168049424913,0.004886914378029079
2006H2-E,E,tabicl,20260912,2017H1,24541,162,0.004841170890783855,0.00660119799519172
2006H2-E,E,tabicl,20260912,2017H2,24680,143,0.004698501706837481,0.005794165316045381
2006H2-E,E,tabicl,20260912,2018H1,24416,148,0.004811363430787256,0.006061598951507209
2006H2-E,E,tabicl,20260912,2018H2,24543,146,0.005055850134088709,0.005948743022450393
2006H2-E,E,tabicl,20260912,2019H1,24752,110,0.004754668332048011,0.0044440853264382674
2006H2-E,E,tabicl,20260912,2019H2,24861,136,0.003914132568058191,0.005470415510236917
2006H2-E,E,tabicl,20260912,2020H1,24880,111,0.003086577157721663,0.004461414790996785
2006H2-E,E,tabicl,20260912,2020H2,24919,71,0.0025587733384234024,0.0028492315100927005
2006H2-E,E,tabicl,20260912,2021H1,24909,90,0.002974902109288665,0.003613151872817054
2006H2-E,E,tabicl,20260912,2021H2,24929,136,0.0037157160273106078,0.005455493601829195
2006H2-E,E,tabicl,20260912,2022H1,24889,291,0.004822617804883907,0.011691912089678172
2006H2-E,E,tabicl,20260912,2022H2,24859,373,0.005226044264349963,0.015004626091154109
2006H2-E,E,tabicl,20260912,2023H1,24882,381,0.005241807727034903,0.015312273932963588
2006H2-E,E,tabicl,20260912,2023H2,24866,363,0.004968994750560826,0.014598246601785572
2006H2-E,E,tabicl,20260913,2007H1,23169,808,0.008850115085829861,0.03487418533385127
2006H2-E,E,tabicl,20260913,2007H2,24367,1560,0.009397322085534987,0.06402101202445931
2006H2-E,E,tabicl,20260913,2008H1,24660,1109,0.006018716660387987,0.04497161394971614
2006H2-E,E,tabicl,20260913,2008H2,24746,863,0.005005423893964099,0.03487432312292896
2006H2-E,E,tabicl,20260913,2009H1,24844,119,0.0022814105266878515,0.0047898889067782965
2006H2-E,E,tabicl,20260913,2009H2,24709,196,0.003317790783226648,0.00793233234853697
2006H2-E,E,tabicl,20260913,2010H1,24843,191,0.003647362075473674,0.0076882824135571385
2006H2-E,E,tabicl,20260913,2010H2,24683,152,0.0029119266621764543,0.006158084511607179
2006H2-E,E,tabicl,20260913,2011H1,24614,195,0.00391092793803501,0.007922320630535468
2006H2-E,E,tabicl,20260913,2011H2,24646,119,0.0029799459926560935,0.004828369715166762
2006H2-E,E,tabicl,20260913,2012H1,24306,148,0.004573324959024454,0.0060890315148523
2006H2-E,E,tabicl,20260913,2012H2,24538,131,0.0043645666374551115,0.005338658407368164
2006H2-E,E,tabicl,20260913,2013H1,24341,85,0.004975694175055117,0.003492050449858264
2006H2-E,E,tabicl,20260913,2013H2,23974,142,0.005885284207142585,0.0059230833402853095
2006H2-E,E,tabicl,20260913,2014H1,24341,137,0.005407428248655285,0.005628363666242143
2006H2-E,E,tabicl,20260913,2014H2,24213,99,0.004834212070057794,0.004088712675009293
2006H2-E,E,tabicl,20260913,2015H1,24159,83,0.004024485732068183,0.0034355726644314747
2006H2-E,E,tabicl,20260913,2015H2,24159,130,0.004501354456364247,0.0053810174262179725
2006H2-E,E,tabicl,20260913,2016H1,24632,115,0.004272841102315348,0.0046687236115621955
2006H2-E,E,tabicl,20260913,2016H2,24760,121,0.0038070712749365904,0.004886914378029079
2006H2-E,E,tabicl,20260913,2017H1,24541,162,0.004703851465296833,0.00660119799519172
2006H2-E,E,tabicl,20260913,2017H2,24680,143,0.0046587619947481024,0.005794165316045381
2006H2-E,E,tabicl,20260913,2018H1,24416,148,0.004719532014603431,0.006061598951507209
2006H2-E,E,tabicl,20260913,2018H2,24543,146,0.004915038715828759,0.005948743022450393
2006H2-E,E,tabicl,20260913,2019H1,24752,110,0.004699508773237263,0.0044440853264382674
2006H2-E,E,tabicl,20260913,2019H2,24861,136,0.003983678756484623,0.005470415510236917
2006H2-E,E,tabicl,20260913,2020H1,24880,111,0.0032629242114494577,0.004461414790996785
2006H2-E,E,tabicl,20260913,2020H2,24919,71,0.0027045358024703004,0.0028492315100927005
2006H2-E,E,tabicl,20260913,2021H1,24909,90,0.003186737790621957,0.003613151872817054
2006H2-E,E,tabicl,20260913,2021H2,24929,136,0.0038620183170081377,0.005455493601829195
2006H2-E,E,tabicl,20260913,2022H1,24889,291,0.004874647183152307,0.011691912089678172
2006H2-E,E,tabicl,20260913,2022H2,24859,373,0.005090120884938966,0.015004626091154109
2006H2-E,E,tabicl,20260913,2023H1,24882,381,0.0049527225972198895,0.015312273932963588
2006H2-E,E,tabicl,20260913,2023H2,24866,363,0.0046401117201731665,0.014598246601785572
2006H2-E,E,tabicl@t1,20260911,2007H1,23169,808,0.012089567554588105,0.03487418533385127
2006H2-E,E,tabicl@t1,20260911,2007H2,24367,1560,0.013413015869467129,0.06402101202445931
2006H2-E,E,tabicl@t1,20260911,2008H1,24660,1109,0.008766217755896906,0.04497161394971614
2006H2-E,E,tabicl@t1,20260911,2008H2,24746,863,0.007296336693124721,0.03487432312292896
2006H2-E,E,tabicl@t1,20260911,2009H1,24844,119,0.0034302871357060217,0.0047898889067782965
2006H2-E,E,tabicl@t1,20260911,2009H2,24709,196,0.004687201672205347,0.00793233234853697
2006H2-E,E,tabicl@t1,20260911,2010H1,24843,191,0.005111741882435474,0.0076882824135571385
2006H2-E,E,tabicl@t1,20260911,2010H2,24683,152,0.00411126771950835,0.006158084511607179
2006H2-E,E,tabicl@t1,20260911,2011H1,24614,195,0.005437818492320434,0.007922320630535468
2006H2-E,E,tabicl@t1,20260911,2011H2,24646,119,0.004264997568514386,0.004828369715166762
2006H2-E,E,tabicl@t1,20260911,2012H1,24306,148,0.006068781324093215,0.0060890315148523
2006H2-E,E,tabicl@t1,20260911,2012H2,24538,131,0.00587334422192018,0.005338658407368164
2006H2-E,E,tabicl@t1,20260911,2013H1,24341,85,0.006739229685685379,0.003492050449858264
2006H2-E,E,tabicl@t1,20260911,2013H2,23974,142,0.00811485520411544,0.0059230833402853095
2006H2-E,E,tabicl@t1,20260911,2014H1,24341,137,0.007694850502307332,0.005628363666242143
2006H2-E,E,tabicl@t1,20260911,2014H2,24213,99,0.006994567324520191,0.004088712675009293
2006H2-E,E,tabicl@t1,20260911,2015H1,24159,83,0.00594819044188331,0.0034355726644314747
2006H2-E,E,tabicl@t1,20260911,2015H2,24159,130,0.006661110522428364,0.0053810174262179725
2006H2-E,E,tabicl@t1,20260911,2016H1,24632,115,0.006415531396281375,0.0046687236115621955
2006H2-E,E,tabicl@t1,20260911,2016H2,24760,121,0.005722470029847564,0.004886914378029079
2006H2-E,E,tabicl@t1,20260911,2017H1,24541,162,0.007005932188976624,0.00660119799519172
2006H2-E,E,tabicl@t1,20260911,2017H2,24680,143,0.006949474878103188,0.005794165316045381
2006H2-E,E,tabicl@t1,20260911,2018H1,24416,148,0.0070901289578419666,0.006061598951507209
2006H2-E,E,tabicl@t1,20260911,2018H2,24543,146,0.007411918488538368,0.005948743022450393
2006H2-E,E,tabicl@t1,20260911,2019H1,24752,110,0.007066676680112532,0.0044440853264382674
2006H2-E,E,tabicl@t1,20260911,2019H2,24861,136,0.005973224854787455,0.005470415510236917
2006H2-E,E,tabicl@t1,20260911,2020H1,24880,111,0.004981184182245845,0.004461414790996785
2006H2-E,E,tabicl@t1,20260911,2020H2,24919,71,0.004195015398163923,0.0028492315100927005
2006H2-E,E,tabicl@t1,20260911,2021H1,24909,90,0.004923599102091664,0.003613151872817054
2006H2-E,E,tabicl@t1,20260911,2021H2,24929,136,0.005889715431939752,0.005455493601829195
2006H2-E,E,tabicl@t1,20260911,2022H1,24889,291,0.007527741946688053,0.011691912089678172
2006H2-E,E,tabicl@t1,20260911,2022H2,24859,373,0.0078526680950245,0.015004626091154109
2006H2-E,E,tabicl@t1,20260911,2023H1,24882,381,0.007844076365733896,0.015312273932963588
2006H2-E,E,tabicl@t1,20260911,2023H2,24866,363,0.0073474328852374485,0.014598246601785572
2006H2-E,E,tabicl@t1,20260912,2007H1,23169,808,0.012643446824672137,0.03487418533385127
2006H2-E,E,tabicl@t1,20260912,2007H2,24367,1560,0.014112426566352781,0.06402101202445931
2006H2-E,E,tabicl@t1,20260912,2008H1,24660,1109,0.009081899243897323,0.04497161394971614
2006H2-E,E,tabicl@t1,20260912,2008H2,24746,863,0.007588157175446944,0.03487432312292896
2006H2-E,E,tabicl@t1,20260912,2009H1,24844,119,0.003517064689621635,0.0047898889067782965
2006H2-E,E,tabicl@t1,20260912,2009H2,24709,196,0.005201721044659182,0.00793233234853697
2006H2-E,E,tabicl@t1,20260912,2010H1,24843,191,0.005830664473628097,0.0076882824135571385
2006H2-E,E,tabicl@t1,20260912,2010H2,24683,152,0.004762265683723172,0.006158084511607179
2006H2-E,E,tabicl@t1,20260912,2011H1,24614,195,0.00664045792156381,0.007922320630535468
2006H2-E,E,tabicl@t1,20260912,2011H2,24646,119,0.005093423720725168,0.004828369715166762
2006H2-E,E,tabicl@t1,20260912,2012H1,24306,148,0.008505749176079462,0.0060890315148523
2006H2-E,E,tabicl@t1,20260912,2012H2,24538,131,0.008013204186943656,0.005338658407368164
2006H2-E,E,tabicl@t1,20260912,2013H1,24341,85,0.00877580033641537,0.003492050449858264
2006H2-E,E,tabicl@t1,20260912,2013H2,23974,142,0.009955665123488874,0.0059230833402853095
2006H2-E,E,tabicl@t1,20260912,2014H1,24341,137,0.0088043023707706,0.005628363666242143
2006H2-E,E,tabicl@t1,20260912,2014H2,24213,99,0.007615042303422385,0.004088712675009293
2006H2-E,E,tabicl@t1,20260912,2015H1,24159,83,0.006399715328102331,0.0034355726644314747
2006H2-E,E,tabicl@t1,20260912,2015H2,24159,130,0.007096443062649445,0.0053810174262179725
2006H2-E,E,tabicl@t1,20260912,2016H1,24632,115,0.006814388221227275,0.0046687236115621955
2006H2-E,E,tabicl@t1,20260912,2016H2,24760,121,0.006041312614966715,0.004886914378029079
2006H2-E,E,tabicl@t1,20260912,2017H1,24541,162,0.00757856894317351,0.00660119799519172
2006H2-E,E,tabicl@t1,20260912,2017H2,24680,143,0.007415560193335211,0.005794165316045381
2006H2-E,E,tabicl@t1,20260912,2018H1,24416,148,0.007592852032517058,0.006061598951507209
2006H2-E,E,tabicl@t1,20260912,2018H2,24543,146,0.00796383588824417,0.005948743022450393
2006H2-E,E,tabicl@t1,20260912,2019H1,24752,110,0.0075407716184512485,0.0044440853264382674
2006H2-E,E,tabicl@t1,20260912,2019H2,24861,136,0.006318105297182866,0.005470415510236917
2006H2-E,E,tabicl@t1,20260912,2020H1,24880,111,0.005081655187937104,0.004461414790996785
2006H2-E,E,tabicl@t1,20260912,2020H2,24919,71,0.004294809953685861,0.0028492315100927005
2006H2-E,E,tabicl@t1,20260912,2021H1,24909,90,0.004924570150750868,0.003613151872817054
2006H2-E,E,tabicl@t1,20260912,2021H2,24929,136,0.006028053541885873,0.005455493601829195
2006H2-E,E,tabicl@t1,20260912,2022H1,24889,291,0.007647370257154119,0.011691912089678172
2006H2-E,E,tabicl@t1,20260912,2022H2,24859,373,0.008235153012664568,0.015004626091154109
2006H2-E,E,tabicl@t1,20260912,2023H1,24882,381,0.008232999295187162,0.015312273932963588
2006H2-E,E,tabicl@t1,20260912,2023H2,24866,363,0.007842098000778345,0.014598246601785572
2006H2-E,E,tabicl@t1,20260913,2007H1,23169,808,0.012878874973969156,0.03487418533385127
2006H2-E,E,tabicl@t1,20260913,2007H2,24367,1560,0.013593219092721969,0.06402101202445931
2006H2-E,E,tabicl@t1,20260913,2008H1,24660,1109,0.00907301917261264,0.04497161394971614
2006H2-E,E,tabicl@t1,20260913,2008H2,24746,863,0.0077749704492093225,0.03487432312292896
2006H2-E,E,tabicl@t1,20260913,2009H1,24844,119,0.003814277316154344,0.0047898889067782965
2006H2-E,E,tabicl@t1,20260913,2009H2,24709,196,0.005315783907328876,0.00793233234853697
2006H2-E,E,tabicl@t1,20260913,2010H1,24843,191,0.005750706774542182,0.0076882824135571385
2006H2-E,E,tabicl@t1,20260913,2010H2,24683,152,0.004653069009009062,0.006158084511607179
2006H2-E,E,tabicl@t1,20260913,2011H1,24614,195,0.00610077128583882,0.007922320630535468
2006H2-E,E,tabicl@t1,20260913,2011H2,24646,119,0.0047566586615625794,0.004828369715166762
2006H2-E,E,tabicl@t1,20260913,2012H1,24306,148,0.0069458637398536836,0.0060890315148523
2006H2-E,E,tabicl@t1,20260913,2012H2,24538,131,0.006684777357836462,0.005338658407368164
2006H2-E,E,tabicl@t1,20260913,2013H1,24341,85,0.007528619259429146,0.003492050449858264
2006H2-E,E,tabicl@t1,20260913,2013H2,23974,142,0.008859091973177073,0.0059230833402853095
2006H2-E,E,tabicl@t1,20260913,2014H1,24341,137,0.008280325607689494,0.005628363666242143
2006H2-E,E,tabicl@t1,20260913,2014H2,24213,99,0.00751155760919902,0.004088712675009293
2006H2-E,E,tabicl@t1,20260913,2015H1,24159,83,0.0063937455042225875,0.0034355726644314747
2006H2-E,E,tabicl@t1,20260913,2015H2,24159,130,0.007112365646318808,0.0053810174262179725
2006H2-E,E,tabicl@t1,20260913,2016H1,24632,115,0.006804337830930241,0.0046687236115621955
2006H2-E,E,tabicl@t1,20260913,2016H2,24760,121,0.006148143047089596,0.004886914378029079
2006H2-E,E,tabicl@t1,20260913,2017H1,24541,162,0.007455539807222151,0.00660119799519172
2006H2-E,E,tabicl@t1,20260913,2017H2,24680,143,0.007420168726750341,0.005794165316045381
2006H2-E,E,tabicl@t1,20260913,2018H1,24416,148,0.007525395714730444,0.006061598951507209
2006H2-E,E,tabicl@t1,20260913,2018H2,24543,146,0.007829522624290312,0.005948743022450393
2006H2-E,E,tabicl@t1,20260913,2019H1,24752,110,0.007528335387974345,0.0044440853264382674
2006H2-E,E,tabicl@t1,20260913,2019H2,24861,136,0.0064767568325353585,0.005470415510236917
2006H2-E,E,tabicl@t1,20260913,2020H1,24880,111,0.005380024837156574,0.004461414790996785
2006H2-E,E,tabicl@t1,20260913,2020H2,24919,71,0.004528324279382526,0.0028492315100927005
2006H2-E,E,tabicl@t1,20260913,2021H1,24909,90,0.005260986832110666,0.003613151872817054
2006H2-E,E,tabicl@t1,20260913,2021H2,24929,136,0.006268361799457727,0.005455493601829195
2006H2-E,E,tabicl@t1,20260913,2022H1,24889,291,0.007768901728548099,0.011691912089678172
2006H2-E,E,tabicl@t1,20260913,2022H2,24859,373,0.008099922391101463,0.015004626091154109
2006H2-E,E,tabicl@t1,20260913,2023H1,24882,381,0.00789785791929631,0.015312273932963588
2006H2-E,E,tabicl@t1,20260913,2023H2,24866,363,0.007442310272168248,0.014598246601785572
2006H2-E,E,tabpfn,20260911,2007H1,23169,808,0.008753398099758511,0.03487418533385127
2006H2-E,E,tabpfn,20260911,2007H2,24367,1560,0.009837043027864575,0.06402101202445931
2006H2-E,E,tabpfn,20260911,2008H1,24660,1109,0.00608036709957553,0.04497161394971614
2006H2-E,E,tabpfn,20260911,2008H2,24746,863,0.004739373232636284,0.03487432312292896
2006H2-E,E,tabpfn,20260911,2009H1,24844,119,0.002000461797075322,0.0047898889067782965
2006H2-E,E,tabpfn,20260911,2009H2,24709,196,0.0028472052985466685,0.00793233234853697
2006H2-E,E,tabpfn,20260911,2010H1,24843,191,0.0031837954488266366,0.0076882824135571385
2006H2-E,E,tabpfn,20260911,2010H2,24683,152,0.00250161965049319,0.006158084511607179
2006H2-E,E,tabpfn,20260911,2011H1,24614,195,0.003487974520988069,0.007922320630535468
2006H2-E,E,tabpfn,20260911,2011H2,24646,119,0.0026311526708182116,0.004828369715166762
2006H2-E,E,tabpfn,20260911,2012H1,24306,148,0.004135807870599242,0.0060890315148523
2006H2-E,E,tabpfn,20260911,2012H2,24538,131,0.004031387022928099,0.005338658407368164
2006H2-E,E,tabpfn,20260911,2013H1,24341,85,0.004688179855378918,0.003492050449858264
2006H2-E,E,tabpfn,20260911,2013H2,23974,142,0.005606060043494671,0.0059230833402853095
2006H2-E,E,tabpfn,20260911,2014H1,24341,137,0.005135236321826295,0.005628363666242143
2006H2-E,E,tabpfn,20260911,2014H2,24213,99,0.004515577896802666,0.004088712675009293
2006H2-E,E,tabpfn,20260911,2015H1,24159,83,0.0037564325224029465,0.0034355726644314747
2006H2-E,E,tabpfn,20260911,2015H2,24159,130,0.004244559322664573,0.0053810174262179725
2006H2-E,E,tabpfn,20260911,2016H1,24632,115,0.004065977262498324,0.0046687236115621955
2006H2-E,E,tabpfn,20260911,2016H2,24760,121,0.0035329002330693675,0.004886914378029079
2006H2-E,E,tabpfn,20260911,2017H1,24541,162,0.004528154424987862,0.00660119799519172
2006H2-E,E,tabpfn,20260911,2017H2,24680,143,0.004433725819338383,0.005794165316045381
2006H2-E,E,tabpfn,20260911,2018H1,24416,148,0.004511453838210422,0.006061598951507209
2006H2-E,E,tabpfn,20260911,2018H2,24543,146,0.004714529544715628,0.005948743022450393
2006H2-E,E,tabpfn,20260911,2019H1,24752,110,0.0044721011375105525,0.0044440853264382674
2006H2-E,E,tabpfn,20260911,2019H2,24861,136,0.003687760679769884,0.005470415510236917
2006H2-E,E,tabpfn,20260911,2020H1,24880,111,0.0030424504259578215,0.004461414790996785
2006H2-E,E,tabpfn,20260911,2020H2,24919,71,0.0024647345276133216,0.0028492315100927005
2006H2-E,E,tabpfn,20260911,2021H1,24909,90,0.0029743062010306512,0.003613151872817054
2006H2-E,E,tabpfn,20260911,2021H2,24929,136,0.003688998188633944,0.005455493601829195
2006H2-E,E,tabpfn,20260911,2022H1,24889,291,0.004841857994779871,0.011691912089678172
2006H2-E,E,tabpfn,20260911,2022H2,24859,373,0.004948124134731629,0.015004626091154109
2006H2-E,E,tabpfn,20260911,2023H1,24882,381,0.004932874729275708,0.015312273932963588
2006H2-E,E,tabpfn,20260911,2023H2,24866,363,0.00466440819572723,0.014598246601785572
2006H2-E,E,tabpfn,20260912,2007H1,23169,808,0.008750705927716351,0.03487418533385127
2006H2-E,E,tabpfn,20260912,2007H2,24367,1560,0.009833974004395103,0.06402101202445931
2006H2-E,E,tabpfn,20260912,2008H1,24660,1109,0.005944322064834727,0.04497161394971614
2006H2-E,E,tabpfn,20260912,2008H2,24746,863,0.004652084918673229,0.03487432312292896
2006H2-E,E,tabpfn,20260912,2009H1,24844,119,0.001985964786916618,0.0047898889067782965
2006H2-E,E,tabpfn,20260912,2009H2,24709,196,0.0031192717642998078,0.00793233234853697
2006H2-E,E,tabpfn,20260912,2010H1,24843,191,0.003610704008952057,0.0076882824135571385
2006H2-E,E,tabpfn,20260912,2010H2,24683,152,0.0028945543354397304,0.006158084511607179
2006H2-E,E,tabpfn,20260912,2011H1,24614,195,0.004240606018475314,0.007922320630535468
2006H2-E,E,tabpfn,20260912,2011H2,24646,119,0.0031400542870239764,0.004828369715166762
2006H2-E,E,tabpfn,20260912,2012H1,24306,148,0.005794394218997768,0.0060890315148523
2006H2-E,E,tabpfn,20260912,2012H2,24538,131,0.005490037813801188,0.005338658407368164
2006H2-E,E,tabpfn,20260912,2013H1,24341,85,0.00612135621856262,0.003492050449858264
2006H2-E,E,tabpfn,20260912,2013H2,23974,142,0.006893078908596281,0.0059230833402853095
2006H2-E,E,tabpfn,20260912,2014H1,24341,137,0.005800497112347991,0.005628363666242143
2006H2-E,E,tabpfn,20260912,2014H2,24213,99,0.004804777578591606,0.004088712675009293
2006H2-E,E,tabpfn,20260912,2015H1,24159,83,0.0038850810090871714,0.0034355726644314747
2006H2-E,E,tabpfn,20260912,2015H2,24159,130,0.004320488674901268,0.0053810174262179725
2006H2-E,E,tabpfn,20260912,2016H1,24632,115,0.004095901978479279,0.0046687236115621955
2006H2-E,E,tabpfn,20260912,2016H2,24760,121,0.0034626924731207724,0.004886914378029079
2006H2-E,E,tabpfn,20260912,2017H1,24541,162,0.004534036847265339,0.00660119799519172
2006H2-E,E,tabpfn,20260912,2017H2,24680,143,0.004317538885245183,0.005794165316045381
2006H2-E,E,tabpfn,20260912,2018H1,24416,148,0.004398204017793271,0.006061598951507209
2006H2-E,E,tabpfn,20260912,2018H2,24543,146,0.004610920821279889,0.005948743022450393
2006H2-E,E,tabpfn,20260912,2019H1,24752,110,0.004312036671016115,0.0044440853264382674
2006H2-E,E,tabpfn,20260912,2019H2,24861,136,0.003516556980526284,0.005470415510236917
2006H2-E,E,tabpfn,20260912,2020H1,24880,111,0.002825167344457195,0.004461414790996785
2006H2-E,E,tabpfn,20260912,2020H2,24919,71,0.002320122533404604,0.0028492315100927005
2006H2-E,E,tabpfn,20260912,2021H1,24909,90,0.002713540192619047,0.003613151872817054
2006H2-E,E,tabpfn,20260912,2021H2,24929,136,0.003410522285768289,0.005455493601829195
2006H2-E,E,tabpfn,20260912,2022H1,24889,291,0.004434453805965199,0.011691912089678172
2006H2-E,E,tabpfn,20260912,2022H2,24859,373,0.004629009178926972,0.015004626091154109
2006H2-E,E,tabpfn,20260912,2023H1,24882,381,0.004657310502087442,0.015312273932963588
2006H2-E,E,tabpfn,20260912,2023H2,24866,363,0.0044763761118416,0.014598246601785572
2006H2-E,E,tabpfn,20260913,2007H1,23169,808,0.008072890880914,0.03487418533385127
2006H2-E,E,tabpfn,20260913,2007H2,24367,1560,0.008784977870772625,0.06402101202445931
2006H2-E,E,tabpfn,20260913,2008H1,24660,1109,0.005512231279871896,0.04497161394971614
2006H2-E,E,tabpfn,20260913,2008H2,24746,863,0.004371571004775445,0.03487432312292896
2006H2-E,E,tabpfn,20260913,2009H1,24844,119,0.001990738098559917,0.0047898889067782965
2006H2-E,E,tabpfn,20260913,2009H2,24709,196,0.002917050683534589,0.00793233234853697
2006H2-E,E,tabpfn,20260913,2010H1,24843,191,0.0032699626911348438,0.0076882824135571385
2006H2-E,E,tabpfn,20260913,2010H2,24683,152,0.0026662404370317843,0.006158084511607179
2006H2-E,E,tabpfn,20260913,2011H1,24614,195,0.0036741429967256586,0.007922320630535468
2006H2-E,E,tabpfn,20260913,2011H2,24646,119,0.002798114253418008,0.004828369715166762
2006H2-E,E,tabpfn,20260913,2012H1,24306,148,0.0046059260446817615,0.0060890315148523
2006H2-E,E,tabpfn,20260913,2012H2,24538,131,0.004406443639353279,0.005338658407368164
2006H2-E,E,tabpfn,20260913,2013H1,24341,85,0.004998749716487643,0.003492050449858264
2006H2-E,E,tabpfn,20260913,2013H2,23974,142,0.005769741760177077,0.0059230833402853095
2006H2-E,E,tabpfn,20260913,2014H1,24341,137,0.005150168653078782,0.005628363666242143
2006H2-E,E,tabpfn,20260913,2014H2,24213,99,0.004509925933469165,0.004088712675009293
2006H2-E,E,tabpfn,20260913,2015H1,24159,83,0.0037856577081378,0.0034355726644314747
2006H2-E,E,tabpfn,20260913,2015H2,24159,130,0.004137225402058498,0.0053810174262179725
2006H2-E,E,tabpfn,20260913,2016H1,24632,115,0.003985412138653849,0.0046687236115621955
2006H2-E,E,tabpfn,20260913,2016H2,24760,121,0.003493842513395618,0.004886914378029079
2006H2-E,E,tabpfn,20260913,2017H1,24541,162,0.004365242447853437,0.00660119799519172
2006H2-E,E,tabpfn,20260913,2017H2,24680,143,0.004242567914022919,0.005794165316045381
2006H2-E,E,tabpfn,20260913,2018H1,24416,148,0.00426583530653144,0.006061598951507209
2006H2-E,E,tabpfn,20260913,2018H2,24543,146,0.00440494234693532,0.005948743022450393
2006H2-E,E,tabpfn,20260913,2019H1,24752,110,0.004221877330462304,0.0044440853264382674
2006H2-E,E,tabpfn,20260913,2019H2,24861,136,0.0036092777505849936,0.005470415510236917
2006H2-E,E,tabpfn,20260913,2020H1,24880,111,0.0030103870439716542,0.004461414790996785
2006H2-E,E,tabpfn,20260913,2020H2,24919,71,0.0025087515766667443,0.0028492315100927005
2006H2-E,E,tabpfn,20260913,2021H1,24909,90,0.0029116455547010048,0.003613151872817054
2006H2-E,E,tabpfn,20260913,2021H2,24929,136,0.0035278825969989286,0.005455493601829195
2006H2-E,E,tabpfn,20260913,2022H1,24889,291,0.004437898030991619,0.011691912089678172
2006H2-E,E,tabpfn,20260913,2022H2,24859,373,0.004511735037043874,0.015004626091154109
2006H2-E,E,tabpfn,20260913,2023H1,24882,381,0.0044526703274934114,0.015312273932963588
2006H2-E,E,tabpfn,20260913,2023H2,24866,363,0.004213812578429488,0.014598246601785572
2006H2-E,E,tabpfn@t1,20260911,2007H1,23169,808,0.012629910659399638,0.03487418533385127
2006H2-E,E,tabpfn@t1,20260911,2007H2,24367,1560,0.014067544210752918,0.06402101202445931
2006H2-E,E,tabpfn@t1,20260911,2008H1,24660,1109,0.00908113050302215,0.04497161394971614
2006H2-E,E,tabpfn@t1,20260911,2008H2,24746,863,0.007321581605527427,0.03487432312292896
2006H2-E,E,tabpfn@t1,20260911,2009H1,24844,119,0.0033741081874669576,0.0047898889067782965
2006H2-E,E,tabpfn@t1,20260911,2009H2,24709,196,0.004596183414050673,0.00793233234853697
2006H2-E,E,tabpfn@t1,20260911,2010H1,24843,191,0.005040858527829537,0.0076882824135571385
2006H2-E,E,tabpfn@t1,20260911,2010H2,24683,152,0.0040317753252561575,0.006158084511607179
2006H2-E,E,tabpfn@t1,20260911,2011H1,24614,195,0.005448667511553933,0.007922320630535468
2006H2-E,E,tabpfn@t1,20260911,2011H2,24646,119,0.004218278042393082,0.004828369715166762
2006H2-E,E,tabpfn@t1,20260911,2012H1,24306,148,0.0062519782162363015,0.0060890315148523
2006H2-E,E,tabpfn@t1,20260911,2012H2,24538,131,0.0061364233852776685,0.005338658407368164
2006H2-E,E,tabpfn@t1,20260911,2013H1,24341,85,0.007056331281981684,0.003492050449858264
2006H2-E,E,tabpfn@t1,20260911,2013H2,23974,142,0.008381992174784601,0.0059230833402853095
2006H2-E,E,tabpfn@t1,20260911,2014H1,24341,137,0.007806996661456558,0.005628363666242143
2006H2-E,E,tabpfn@t1,20260911,2014H2,24213,99,0.006991651419366074,0.004088712675009293
2006H2-E,E,tabpfn@t1,20260911,2015H1,24159,83,0.00594716552598506,0.0034355726644314747
2006H2-E,E,tabpfn@t1,20260911,2015H2,24159,130,0.006678408187392863,0.0053810174262179725
2006H2-E,E,tabpfn@t1,20260911,2016H1,24632,115,0.006439539601882724,0.0046687236115621955
2006H2-E,E,tabpfn@t1,20260911,2016H2,24760,121,0.005699046466991652,0.004886914378029079
2006H2-E,E,tabpfn@t1,20260911,2017H1,24541,162,0.007129188237313809,0.00660119799519172
2006H2-E,E,tabpfn@t1,20260911,2017H2,24680,143,0.007017073360158261,0.005794165316045381
2006H2-E,E,tabpfn@t1,20260911,2018H1,24416,148,0.007145405156718845,0.006061598951507209
2006H2-E,E,tabpfn@t1,20260911,2018H2,24543,146,0.007443362304813737,0.005948743022450393
2006H2-E,E,tabpfn@t1,20260911,2019H1,24752,110,0.007106268561756664,0.0044440853264382674
2006H2-E,E,tabpfn@t1,20260911,2019H2,24861,136,0.005968479022970538,0.005470415510236917
2006H2-E,E,tabpfn@t1,20260911,2020H1,24880,111,0.005001274111400036,0.004461414790996785
2006H2-E,E,tabpfn@t1,20260911,2020H2,24919,71,0.004136643594145935,0.0028492315100927005
2006H2-E,E,tabpfn@t1,20260911,2021H1,24909,90,0.004908426870801728,0.003613151872817054
2006H2-E,E,tabpfn@t1,20260911,2021H2,24929,136,0.005968467932177156,0.005455493601829195
2006H2-E,E,tabpfn@t1,20260911,2022H1,24889,291,0.007649718773718417,0.011691912089678172
2006H2-E,E,tabpfn@t1,20260911,2022H2,24859,373,0.007797044363017582,0.015004626091154109
2006H2-E,E,tabpfn@t1,20260911,2023H1,24882,381,0.007757975447597083,0.015312273932963588
2006H2-E,E,tabpfn@t1,20260911,2023H2,24866,363,0.007368136975615509,0.014598246601785572
2006H2-E,E,tabpfn@t1,20260912,2007H1,23169,808,0.01259925283097963,0.03487418533385127
2006H2-E,E,tabpfn@t1,20260912,2007H2,24367,1560,0.014030107400237244,0.06402101202445931
2006H2-E,E,tabpfn@t1,20260912,2008H1,24660,1109,0.008868355630979458,0.04497161394971614
2006H2-E,E,tabpfn@t1,20260912,2008H2,24746,863,0.007192386012139226,0.03487432312292896
2006H2-E,E,tabpfn@t1,20260912,2009H1,24844,119,0.003331926071325167,0.0047898889067782965
2006H2-E,E,tabpfn@t1,20260912,2009H2,24709,196,0.004932105995171971,0.00793233234853697
2006H2-E,E,tabpfn@t1,20260912,2010H1,24843,191,0.005567208708828592,0.0076882824135571385
2006H2-E,E,tabpfn@t1,20260912,2010H2,24683,152,0.004525060436141457,0.006158084511607179
2006H2-E,E,tabpfn@t1,20260912,2011H1,24614,195,0.006391476356923737,0.007922320630535468
2006H2-E,E,tabpfn@t1,20260912,2011H2,24646,119,0.004851504579816233,0.004828369715166762
2006H2-E,E,tabpfn@t1,20260912,2012H1,24306,148,0.008332677818188717,0.0060890315148523
2006H2-E,E,tabpfn@t1,20260912,2012H2,24538,131,0.007933220029024208,0.005338658407368164
2006H2-E,E,tabpfn@t1,20260912,2013H1,24341,85,0.008776888373394603,0.003492050449858264
2006H2-E,E,tabpfn@t1,20260912,2013H2,23974,142,0.00989057709476814,0.0059230833402853095
2006H2-E,E,tabpfn@t1,20260912,2014H1,24341,137,0.00855322085351616,0.005628363666242143
2006H2-E,E,tabpfn@t1,20260912,2014H2,24213,99,0.007281673297460217,0.004088712675009293
2006H2-E,E,tabpfn@t1,20260912,2015H1,24159,83,0.006058924380829111,0.0034355726644314747
2006H2-E,E,tabpfn@t1,20260912,2015H2,24159,130,0.006717191481792709,0.0053810174262179725
2006H2-E,E,tabpfn@t1,20260912,2016H1,24632,115,0.006428444038163147,0.0046687236115621955
2006H2-E,E,tabpfn@t1,20260912,2016H2,24760,121,0.005577749575844474,0.004886914378029079
2006H2-E,E,tabpfn@t1,20260912,2017H1,24541,162,0.007107517318824617,0.00660119799519172
2006H2-E,E,tabpfn@t1,20260912,2017H2,24680,143,0.006853109511387215,0.005794165316045381
2006H2-E,E,tabpfn@t1,20260912,2018H1,24416,148,0.006981816555190737,0.006061598951507209
2006H2-E,E,tabpfn@t1,20260912,2018H2,24543,146,0.007306296495091808,0.005948743022450393
2006H2-E,E,tabpfn@t1,20260912,2019H1,24752,110,0.006886135924142512,0.0044440853264382674
2006H2-E,E,tabpfn@t1,20260912,2019H2,24861,136,0.005726738951971907,0.005470415510236917
2006H2-E,E,tabpfn@t1,20260912,2020H1,24880,111,0.004679699728573615,0.004461414790996785
2006H2-E,E,tabpfn@t1,20260912,2020H2,24919,71,0.00392134400783102,0.0028492315100927005
2006H2-E,E,tabpfn@t1,20260912,2021H1,24909,90,0.0045240684841108035,0.003613151872817054
2006H2-E,E,tabpfn@t1,20260912,2021H2,24929,136,0.005569032433517134,0.005455493601829195
2006H2-E,E,tabpfn@t1,20260912,2022H1,24889,291,0.007077241435764712,0.011691912089678172
2006H2-E,E,tabpfn@t1,20260912,2022H2,24859,373,0.0073674897400013255,0.015004626091154109
2006H2-E,E,tabpfn@t1,20260912,2023H1,24882,381,0.007375869553355261,0.015312273932963588
2006H2-E,E,tabpfn@t1,20260912,2023H2,24866,363,0.0071066578817300914,0.014598246601785572
2006H2-E,E,tabpfn@t1,20260913,2007H1,23169,808,0.011852405030386662,0.03487418533385127
2006H2-E,E,tabpfn@t1,20260913,2007H2,24367,1560,0.012809575007238989,0.06402101202445931
2006H2-E,E,tabpfn@t1,20260913,2008H1,24660,1109,0.008398716824229966,0.04497161394971614
2006H2-E,E,tabpfn@t1,20260913,2008H2,24746,863,0.006887793954278143,0.03487432312292896
2006H2-E,E,tabpfn@t1,20260913,2009H1,24844,119,0.0033825313697765625,0.0047898889067782965
2006H2-E,E,tabpfn@t1,20260913,2009H2,24709,196,0.004718774233552999,0.00793233234853697
2006H2-E,E,tabpfn@t1,20260913,2010H1,24843,191,0.005189674490249493,0.0076882824135571385
2006H2-E,E,tabpfn@t1,20260913,2010H2,24683,152,0.0042881416440834,0.006158084511607179
2006H2-E,E,tabpfn@t1,20260913,2011H1,24614,195,0.005739647414606664,0.007922320630535468
2006H2-E,E,tabpfn@t1,20260913,2011H2,24646,119,0.004478328028947409,0.004828369715166762
2006H2-E,E,tabpfn@t1,20260913,2012H1,24306,148,0.006943337941068062,0.0060890315148523
2006H2-E,E,tabpfn@t1,20260913,2012H2,24538,131,0.006690661529326228,0.005338658407368164
2006H2-E,E,tabpfn@t1,20260913,2013H1,24341,85,0.007521111533431262,0.003492050449858264
2006H2-E,E,tabpfn@t1,20260913,2013H2,23974,142,0.008648022799109003,0.0059230833402853095
2006H2-E,E,tabpfn@t1,20260913,2014H1,24341,137,0.007879093298859966,0.005628363666242143
2006H2-E,E,tabpfn@t1,20260913,2014H2,24213,99,0.007034976542210072,0.004088712675009293
2006H2-E,E,tabpfn@t1,20260913,2015H1,24159,83,0.006043151890245595,0.0034355726644314747
2006H2-E,E,tabpfn@t1,20260913,2015H2,24159,130,0.0065902987151861435,0.0053810174262179725
2006H2-E,E,tabpfn@t1,20260913,2016H1,24632,115,0.006392326845869124,0.0046687236115621955
2006H2-E,E,tabpfn@t1,20260913,2016H2,24760,121,0.005703356008980953,0.004886914378029079
2006H2-E,E,tabpfn@t1,20260913,2017H1,24541,162,0.00697320710041356,0.00660119799519172
2006H2-E,E,tabpfn@t1,20260913,2017H2,24680,143,0.006828848562543136,0.005794165316045381
2006H2-E,E,tabpfn@t1,20260913,2018H1,24416,148,0.006878313590643032,0.006061598951507209
2006H2-E,E,tabpfn@t1,20260913,2018H2,24543,146,0.007096703192655785,0.005948743022450393
2006H2-E,E,tabpfn@t1,20260913,2019H1,24752,110,0.006839714524414779,0.0044440853264382674
2006H2-E,E,tabpfn@t1,20260913,2019H2,24861,136,0.0059326269936992825,0.005470415510236917
2006H2-E,E,tabpfn@t1,20260913,2020H1,24880,111,0.0050165863297149055,0.004461414790996785
2006H2-E,E,tabpfn@t1,20260913,2020H2,24919,71,0.00424753379104348,0.0028492315100927005
2006H2-E,E,tabpfn@t1,20260913,2021H1,24909,90,0.004869938325416172,0.003613151872817054
2006H2-E,E,tabpfn@t1,20260913,2021H2,24929,136,0.005798122951984468,0.005455493601829195
2006H2-E,E,tabpfn@t1,20260913,2022H1,24889,291,0.007160626170267959,0.011691912089678172
2006H2-E,E,tabpfn@t1,20260913,2022H2,24859,373,0.007271150650180535,0.015004626091154109
2006H2-E,E,tabpfn@t1,20260913,2023H1,24882,381,0.007176745453629658,0.015312273932963588
2006H2-E,E,tabpfn@t1,20260913,2023H2,24866,363,0.006816420354852888,0.014598246601785572
2008H2-E,E,gbm,,2009H1,24844,119,0.0041943636525825,0.0047898889067782965
2008H2-E,E,gbm,,2009H2,24709,196,0.005277819950193903,0.00793233234853697
2008H2-E,E,gbm,,2010H1,24843,191,0.005639180340016165,0.0076882824135571385
2008H2-E,E,gbm,,2010H2,24683,152,0.004732603967361465,0.006158084511607179
2008H2-E,E,gbm,,2011H1,24614,195,0.005919112209954346,0.007922320630535468
2008H2-E,E,gbm,,2011H2,24646,119,0.0048887186318277475,0.004828369715166762
2008H2-E,E,gbm,,2012H1,24306,148,0.0065218618432859215,0.0060890315148523
2008H2-E,E,gbm,,2012H2,24538,131,0.00643179105046346,0.005338658407368164
2008H2-E,E,gbm,,2013H1,24341,85,0.007232670390472658,0.003492050449858264
2008H2-E,E,gbm,,2013H2,23974,142,0.008453030943350807,0.0059230833402853095
2008H2-E,E,gbm,,2014H1,24341,137,0.008120901744449259,0.005628363666242143
2008H2-E,E,gbm,,2014H2,24213,99,0.007583473003830805,0.004088712675009293
2008H2-E,E,gbm,,2015H1,24159,83,0.0066637876447827385,0.0034355726644314747
2008H2-E,E,gbm,,2015H2,24159,130,0.0074284815273880506,0.0053810174262179725
2008H2-E,E,gbm,,2016H1,24632,115,0.007277247265941677,0.0046687236115621955
2008H2-E,E,gbm,,2016H2,24760,121,0.0066372007013327915,0.004886914378029079
2008H2-E,E,gbm,,2017H1,24541,162,0.007858140081056921,0.00660119799519172
2008H2-E,E,gbm,,2017H2,24680,143,0.007897646084125631,0.005794165316045381
2008H2-E,E,gbm,,2018H1,24416,148,0.007957302741982284,0.006061598951507209
2008H2-E,E,gbm,,2018H2,24543,146,0.008290016427023606,0.005948743022450393
2008H2-E,E,gbm,,2019H1,24752,110,0.007897134181465338,0.0044440853264382674
2008H2-E,E,gbm,,2019H2,24861,136,0.006840065652053937,0.005470415510236917
2008H2-E,E,gbm,,2020H1,24880,111,0.00583987672529309,0.004461414790996785
2008H2-E,E,gbm,,2020H2,24919,71,0.0051669647594164946,0.0028492315100927005
2008H2-E,E,gbm,,2021H1,24909,90,0.005804323671407275,0.003613151872817054
2008H2-E,E,gbm,,2021H2,24929,136,0.00690834020530553,0.005455493601829195
2008H2-E,E,gbm,,2022H1,24889,291,0.008167228666323608,0.011691912089678172
2008H2-E,E,gbm,,2022H2,24859,373,0.00840843572865012,0.015004626091154109
2008H2-E,E,gbm,,2023H1,24882,381,0.008325068868404412,0.015312273932963588
2008H2-E,E,gbm,,2023H2,24866,363,0.00795304429994169,0.014598246601785572
2008H2-E,E,gbm-50k,20260911,2009H1,24844,119,0.004999755628346206,0.0047898889067782965
2008H2-E,E,gbm-50k,20260911,2009H2,24709,196,0.006102908911072083,0.00793233234853697
2008H2-E,E,gbm-50k,20260911,2010H1,24843,191,0.006438753761293343,0.0076882824135571385
2008H2-E,E,gbm-50k,20260911,2010H2,24683,152,0.005473501982451101,0.006158084511607179
2008H2-E,E,gbm-50k,20260911,2011H1,24614,195,0.006698496521119166,0.007922320630535468
2008H2-E,E,gbm-50k,20260911,2011H2,24646,119,0.005687812079100443,0.004828369715166762
2008H2-E,E,gbm-50k,20260911,2012H1,24306,148,0.007245636618894533,0.0060890315148523
2008H2-E,E,gbm-50k,20260911,2012H2,24538,131,0.007066854446796569,0.005338658407368164
2008H2-E,E,gbm-50k,20260911,2013H1,24341,85,0.007842422900284534,0.003492050449858264
2008H2-E,E,gbm-50k,20260911,2013H2,23974,142,0.009111592852389895,0.0059230833402853095
2008H2-E,E,gbm-50k,20260911,2014H1,24341,137,0.008819308164998865,0.005628363666242143
2008H2-E,E,gbm-50k,20260911,2014H2,24213,99,0.00825219444403488,0.004088712675009293
2008H2-E,E,gbm-50k,20260911,2015H1,24159,83,0.007346837668955166,0.0034355726644314747
2008H2-E,E,gbm-50k,20260911,2015H2,24159,130,0.008063393178519694,0.0053810174262179725
2008H2-E,E,gbm-50k,20260911,2016H1,24632,115,0.007945519925962298,0.0046687236115621955
2008H2-E,E,gbm-50k,20260911,2016H2,24760,121,0.007289265400144407,0.004886914378029079
2008H2-E,E,gbm-50k,20260911,2017H1,24541,162,0.008511885615766013,0.00660119799519172
2008H2-E,E,gbm-50k,20260911,2017H2,24680,143,0.008462022430088475,0.005794165316045381
2008H2-E,E,gbm-50k,20260911,2018H1,24416,148,0.008523167382505121,0.006061598951507209
2008H2-E,E,gbm-50k,20260911,2018H2,24543,146,0.008848364196167153,0.005948743022450393
2008H2-E,E,gbm-50k,20260911,2019H1,24752,110,0.008486290811143198,0.0044440853264382674
2008H2-E,E,gbm-50k,20260911,2019H2,24861,136,0.00746492291921605,0.005470415510236917
2008H2-E,E,gbm-50k,20260911,2020H1,24880,111,0.006490479242796694,0.004461414790996785
2008H2-E,E,gbm-50k,20260911,2020H2,24919,71,0.005835046823308432,0.0028492315100927005
2008H2-E,E,gbm-50k,20260911,2021H1,24909,90,0.00647995289713648,0.003613151872817054
2008H2-E,E,gbm-50k,20260911,2021H2,24929,136,0.007521706481336874,0.005455493601829195
2008H2-E,E,gbm-50k,20260911,2022H1,24889,291,0.008799158909066006,0.011691912089678172
2008H2-E,E,gbm-50k,20260911,2022H2,24859,373,0.00921256870681509,0.015004626091154109
2008H2-E,E,gbm-50k,20260911,2023H1,24882,381,0.009136280732153015,0.015312273932963588
2008H2-E,E,gbm-50k,20260911,2023H2,24866,363,0.008849821399969681,0.014598246601785572
2008H2-E,E,gbm-50k,20260912,2009H1,24844,119,0.006485010726986719,0.0047898889067782965
2008H2-E,E,gbm-50k,20260912,2009H2,24709,196,0.0072328680451069285,0.00793233234853697
2008H2-E,E,gbm-50k,20260912,2010H1,24843,191,0.007478291976240921,0.0076882824135571385
2008H2-E,E,gbm-50k,20260912,2010H2,24683,152,0.006840120092572537,0.006158084511607179
2008H2-E,E,gbm-50k,20260912,2011H1,24614,195,0.007702933788647697,0.007922320630535468
2008H2-E,E,gbm-50k,20260912,2011H2,24646,119,0.006981378469443568,0.004828369715166762
2008H2-E,E,gbm-50k,20260912,2012H1,24306,148,0.00813951491743692,0.0060890315148523
2008H2-E,E,gbm-50k,20260912,2012H2,24538,131,0.008102760464563596,0.005338658407368164
2008H2-E,E,gbm-50k,20260912,2013H1,24341,85,0.00868719019740898,0.003492050449858264
2008H2-E,E,gbm-50k,20260912,2013H2,23974,142,0.009803276370632316,0.0059230833402853095
2008H2-E,E,gbm-50k,20260912,2014H1,24341,137,0.009742944283440446,0.005628363666242143
2008H2-E,E,gbm-50k,20260912,2014H2,24213,99,0.009404240101843145,0.004088712675009293
2008H2-E,E,gbm-50k,20260912,2015H1,24159,83,0.008671564406179813,0.0034355726644314747
2008H2-E,E,gbm-50k,20260912,2015H2,24159,130,0.009331655588100373,0.0053810174262179725
2008H2-E,E,gbm-50k,20260912,2016H1,24632,115,0.009210828124759618,0.0046687236115621955
2008H2-E,E,gbm-50k,20260912,2016H2,24760,121,0.008726938981006996,0.004886914378029079
2008H2-E,E,gbm-50k,20260912,2017H1,24541,162,0.009739772420858881,0.00660119799519172
2008H2-E,E,gbm-50k,20260912,2017H2,24680,143,0.009805519157232621,0.005794165316045381
2008H2-E,E,gbm-50k,20260912,2018H1,24416,148,0.010049571173725867,0.006061598951507209
2008H2-E,E,gbm-50k,20260912,2018H2,24543,146,0.010421676608395512,0.005948743022450393
2008H2-E,E,gbm-50k,20260912,2019H1,24752,110,0.010138272771697978,0.0044440853264382674
2008H2-E,E,gbm-50k,20260912,2019H2,24861,136,0.009136561236837173,0.005470415510236917
2008H2-E,E,gbm-50k,20260912,2020H1,24880,111,0.008186263425052147,0.004461414790996785
2008H2-E,E,gbm-50k,20260912,2020H2,24919,71,0.007587546522576293,0.0028492315100927005
2008H2-E,E,gbm-50k,20260912,2021H1,24909,90,0.008089268386385615,0.003613151872817054
2008H2-E,E,gbm-50k,20260912,2021H2,24929,136,0.008981885052924365,0.005455493601829195
2008H2-E,E,gbm-50k,20260912,2022H1,24889,291,0.010129688983493937,0.011691912089678172
2008H2-E,E,gbm-50k,20260912,2022H2,24859,373,0.010766276972655999,0.015004626091154109
2008H2-E,E,gbm-50k,20260912,2023H1,24882,381,0.010921174725901366,0.015312273932963588
2008H2-E,E,gbm-50k,20260912,2023H2,24866,363,0.010563054978495143,0.014598246601785572
2008H2-E,E,gbm-50k,20260913,2009H1,24844,119,0.004289991846442243,0.0047898889067782965
2008H2-E,E,gbm-50k,20260913,2009H2,24709,196,0.005505870516066852,0.00793233234853697
2008H2-E,E,gbm-50k,20260913,2010H1,24843,191,0.005998967370132752,0.0076882824135571385
2008H2-E,E,gbm-50k,20260913,2010H2,24683,152,0.0051135713505705465,0.006158084511607179
2008H2-E,E,gbm-50k,20260913,2011H1,24614,195,0.006647242464400816,0.007922320630535468
2008H2-E,E,gbm-50k,20260913,2011H2,24646,119,0.005498920557559315,0.004828369715166762
2008H2-E,E,gbm-50k,20260913,2012H1,24306,148,0.008136638595866125,0.0060890315148523
2008H2-E,E,gbm-50k,20260913,2012H2,24538,131,0.00797835994684606,0.005338658407368164
2008H2-E,E,gbm-50k,20260913,2013H1,24341,85,0.008633814242833025,0.003492050449858264
2008H2-E,E,gbm-50k,20260913,2013H2,23974,142,0.009925323370070082,0.0059230833402853095
2008H2-E,E,gbm-50k,20260913,2014H1,24341,137,0.009233751407321246,0.005628363666242143
2008H2-E,E,gbm-50k,20260913,2014H2,24213,99,0.008324639533271451,0.004088712675009293
2008H2-E,E,gbm-50k,20260913,2015H1,24159,83,0.007207589275289703,0.0034355726644314747
2008H2-E,E,gbm-50k,20260913,2015H2,24159,130,0.007993359747447004,0.0053810174262179725
2008H2-E,E,gbm-50k,20260913,2016H1,24632,115,0.007797975647690084,0.0046687236115621955
2008H2-E,E,gbm-50k,20260913,2016H2,24760,121,0.0070967323050339735,0.004886914378029079
2008H2-E,E,gbm-50k,20260913,2017H1,24541,162,0.008555146344426277,0.00660119799519172
2008H2-E,E,gbm-50k,20260913,2017H2,24680,143,0.008576694862014018,0.005794165316045381
2008H2-E,E,gbm-50k,20260913,2018H1,24416,148,0.008748443140501272,0.006061598951507209
2008H2-E,E,gbm-50k,20260913,2018H2,24543,146,0.009310983996638877,0.005948743022450393
2008H2-E,E,gbm-50k,20260913,2019H1,24752,110,0.00885462931467129,0.0044440853264382674
2008H2-E,E,gbm-50k,20260913,2019H2,24861,136,0.0075168600457525565,0.005470415510236917
2008H2-E,E,gbm-50k,20260913,2020H1,24880,111,0.006316558969165506,0.004461414790996785
2008H2-E,E,gbm-50k,20260913,2020H2,24919,71,0.005532075962568592,0.0028492315100927005
2008H2-E,E,gbm-50k,20260913,2021H1,24909,90,0.0060631051074981155,0.003613151872817054
2008H2-E,E,gbm-50k,20260913,2021H2,24929,136,0.00715756303906305,0.005455493601829195
2008H2-E,E,gbm-50k,20260913,2022H1,24889,291,0.008427565363055911,0.011691912089678172
2008H2-E,E,gbm-50k,20260913,2022H2,24859,373,0.009204373267450772,0.015004626091154109
2008H2-E,E,gbm-50k,20260913,2023H1,24882,381,0.009688484709081659,0.015312273932963588
2008H2-E,E,gbm-50k,20260913,2023H2,24866,363,0.00923841965406357,0.014598246601785572
2008H2-E,E,scorecard,,2009H1,24844,119,0.003613393392606286,0.0047898889067782965
2008H2-E,E,scorecard,,2009H2,24709,196,0.004699780419313316,0.00793233234853697
2008H2-E,E,scorecard,,2010H1,24843,191,0.005076390738631534,0.0076882824135571385
2008H2-E,E,scorecard,,2010H2,24683,152,0.004071290404731968,0.006158084511607179
2008H2-E,E,scorecard,,2011H1,24614,195,0.0052355569437484515,0.007922320630535468
2008H2-E,E,scorecard,,2011H2,24646,119,0.004163009907306307,0.004828369715166762
2008H2-E,E,scorecard,,2012H1,24306,148,0.005741610573231166,0.0060890315148523
2008H2-E,E,scorecard,,2012H2,24538,131,0.005650765069654672,0.005338658407368164
2008H2-E,E,scorecard,,2013H1,24341,85,0.0064569569032210585,0.003492050449858264
2008H2-E,E,scorecard,,2013H2,23974,142,0.00783669265302298,0.0059230833402853095
2008H2-E,E,scorecard,,2014H1,24341,137,0.007523746431017618,0.005628363666242143
2008H2-E,E,scorecard,,2014H2,24213,99,0.007022071707277103,0.004088712675009293
2008H2-E,E,scorecard,,2015H1,24159,83,0.00602204042183642,0.0034355726644314747
2008H2-E,E,scorecard,,2015H2,24159,130,0.006916154147150052,0.0053810174262179725
2008H2-E,E,scorecard,,2016H1,24632,115,0.006689922200898105,0.0046687236115621955
2008H2-E,E,scorecard,,2016H2,24760,121,0.006001695469652922,0.004886914378029079
2008H2-E,E,scorecard,,2017H1,24541,162,0.007316339097794214,0.00660119799519172
2008H2-E,E,scorecard,,2017H2,24680,143,0.007420924805014051,0.005794165316045381
2008H2-E,E,scorecard,,2018H1,24416,148,0.0075485920077900635,0.006061598951507209
2008H2-E,E,scorecard,,2018H2,24543,146,0.00800505467474537,0.005948743022450393
2008H2-E,E,scorecard,,2019H1,24752,110,0.0075154247119246865,0.0044440853264382674
2008H2-E,E,scorecard,,2019H2,24861,136,0.006298230920822514,0.005470415510236917
2008H2-E,E,scorecard,,2020H1,24880,111,0.005276655288732005,0.004461414790996785
2008H2-E,E,scorecard,,2020H2,24919,71,0.004522992340083255,0.0028492315100927005
2008H2-E,E,scorecard,,2021H1,24909,90,0.0052195309960031975,0.003613151872817054
2008H2-E,E,scorecard,,2021H2,24929,136,0.0064148124692317305,0.005455493601829195
2008H2-E,E,scorecard,,2022H1,24889,291,0.007810021269170821,0.011691912089678172
2008H2-E,E,scorecard,,2022H2,24859,373,0.008243533750917083,0.015004626091154109
2008H2-E,E,scorecard,,2023H1,24882,381,0.008205417992598085,0.015312273932963588
2008H2-E,E,scorecard,,2023H2,24866,363,0.007869506906804137,0.014598246601785572
2008H2-E,E,tabicl,20260911,2009H1,24844,119,0.0022558247526225173,0.0047898889067782965
2008H2-E,E,tabicl,20260911,2009H2,24709,196,0.003419219708074013,0.00793233234853697
2008H2-E,E,tabicl,20260911,2010H1,24843,191,0.0038520478812199047,0.0076882824135571385
2008H2-E,E,tabicl,20260911,2010H2,24683,152,0.0030143153031896484,0.006158084511607179
2008H2-E,E,tabicl,20260911,2011H1,24614,195,0.004224487333187188,0.007922320630535468
2008H2-E,E,tabicl,20260911,2011H2,24646,119,0.0031753570224286954,0.004828369715166762
2008H2-E,E,tabicl,20260911,2012H1,24306,148,0.005097009728621101,0.0060890315148523
2008H2-E,E,tabicl,20260911,2012H2,24538,131,0.004841284273311254,0.005338658407368164
2008H2-E,E,tabicl,20260911,2013H1,24341,85,0.005497503370929078,0.003492050449858264
2008H2-E,E,tabicl,20260911,2013H2,23974,142,0.006548389305126456,0.0059230833402853095
2008H2-E,E,tabicl,20260911,2014H1,24341,137,0.005975124359970118,0.005628363666242143
2008H2-E,E,tabicl,20260911,2014H2,24213,99,0.005215798872781354,0.004088712675009293
2008H2-E,E,tabicl,20260911,2015H1,24159,83,0.00432223557557865,0.0034355726644314747
2008H2-E,E,tabicl,20260911,2015H2,24159,130,0.004861707205171056,0.0053810174262179725
2008H2-E,E,tabicl,20260911,2016H1,24632,115,0.004671507629205166,0.0046687236115621955
2008H2-E,E,tabicl,20260911,2016H2,24760,121,0.004078434731893142,0.004886914378029079
2008H2-E,E,tabicl,20260911,2017H1,24541,162,0.005139909360558181,0.00660119799519172
2008H2-E,E,tabicl,20260911,2017H2,24680,143,0.005036481747815322,0.005794165316045381
2008H2-E,E,tabicl,20260911,2018H1,24416,148,0.005117677287586014,0.006061598951507209
2008H2-E,E,tabicl,20260911,2018H2,24543,146,0.0053284218383036226,0.005948743022450393
2008H2-E,E,tabicl,20260911,2019H1,24752,110,0.005048452189880302,0.0044440853264382674
2008H2-E,E,tabicl,20260911,2019H2,24861,136,0.004166303413969209,0.005470415510236917
2008H2-E,E,tabicl,20260911,2020H1,24880,111,0.0033606976603176393,0.004461414790996785
2008H2-E,E,tabicl,20260911,2020H2,24919,71,0.0027762285092559798,0.0028492315100927005
2008H2-E,E,tabicl,20260911,2021H1,24909,90,0.003322977163658184,0.003613151872817054
2008H2-E,E,tabicl,20260911,2021H2,24929,136,0.004157099416278045,0.005455493601829195
2008H2-E,E,tabicl,20260911,2022H1,24889,291,0.0053467183203146414,0.011691912089678172
2008H2-E,E,tabicl,20260911,2022H2,24859,373,0.005618278234525744,0.015004626091154109
2008H2-E,E,tabicl,20260911,2023H1,24882,381,0.005653658578541971,0.015312273932963588
2008H2-E,E,tabicl,20260911,2023H2,24866,363,0.00536112519896305,0.014598246601785572
2008H2-E,E,tabicl,20260912,2009H1,24844,119,0.0030535625879120915,0.0047898889067782965
2008H2-E,E,tabicl,20260912,2009H2,24709,196,0.004553117269534558,0.00793233234853697
2008H2-E,E,tabicl,20260912,2010H1,24843,191,0.005079873982226193,0.0076882824135571385
2008H2-E,E,tabicl,20260912,2010H2,24683,152,0.004072607319715886,0.006158084511607179
2008H2-E,E,tabicl,20260912,2011H1,24614,195,0.005646570156746631,0.007922320630535468
2008H2-E,E,tabicl,20260912,2011H2,24646,119,0.004288437848782664,0.004828369715166762
2008H2-E,E,tabicl,20260912,2012H1,24306,148,0.007330739036554024,0.0060890315148523
2008H2-E,E,tabicl,20260912,2012H2,24538,131,0.006808381227108118,0.005338658407368164
2008H2-E,E,tabicl,20260912,2013H1,24341,85,0.00719056327486585,0.003492050449858264
2008H2-E,E,tabicl,20260912,2013H2,23974,142,0.008111801807716451,0.0059230833402853095
2008H2-E,E,tabicl,20260912,2014H1,24341,137,0.007183758832914186,0.005628363666242143
2008H2-E,E,tabicl,20260912,2014H2,24213,99,0.006270875965415328,0.004088712675009293
2008H2-E,E,tabicl,20260912,2015H1,24159,83,0.005116027179715941,0.0034355726644314747
2008H2-E,E,tabicl,20260912,2015H2,24159,130,0.005837363463659287,0.0053810174262179725
2008H2-E,E,tabicl,20260912,2016H1,24632,115,0.005534506127584825,0.0046687236115621955
2008H2-E,E,tabicl,20260912,2016H2,24760,121,0.00493018776381358,0.004886914378029079
2008H2-E,E,tabicl,20260912,2017H1,24541,162,0.006124436040488367,0.00660119799519172
2008H2-E,E,tabicl,20260912,2017H2,24680,143,0.00612441572856969,0.005794165316045381
2008H2-E,E,tabicl,20260912,2018H1,24416,148,0.0063795695627023785,0.006061598951507209
2008H2-E,E,tabicl,20260912,2018H2,24543,146,0.006658755307288655,0.005948743022450393
2008H2-E,E,tabicl,20260912,2019H1,24752,110,0.006311722213827086,0.0044440853264382674
2008H2-E,E,tabicl,20260912,2019H2,24861,136,0.00526041360704476,0.005470415510236917
2008H2-E,E,tabicl,20260912,2020H1,24880,111,0.004222516856967921,0.004461414790996785
2008H2-E,E,tabicl,20260912,2020H2,24919,71,0.003441536478286383,0.0028492315100927005
2008H2-E,E,tabicl,20260912,2021H1,24909,90,0.00408135616427309,0.003613151872817054
2008H2-E,E,tabicl,20260912,2021H2,24929,136,0.005002526883503446,0.005455493601829195
2008H2-E,E,tabicl,20260912,2022H1,24889,291,0.006264964576268705,0.011691912089678172
2008H2-E,E,tabicl,20260912,2022H2,24859,373,0.006658794288014918,0.015004626091154109
2008H2-E,E,tabicl,20260912,2023H1,24882,381,0.006809882614706944,0.015312273932963588
2008H2-E,E,tabicl,20260912,2023H2,24866,363,0.006489472845839716,0.014598246601785572
2008H2-E,E,tabicl,20260913,2009H1,24844,119,0.0023465825671420693,0.0047898889067782965
2008H2-E,E,tabicl,20260913,2009H2,24709,196,0.003574453103228901,0.00793233234853697
2008H2-E,E,tabicl,20260913,2010H1,24843,191,0.004042346085333193,0.0076882824135571385
2008H2-E,E,tabicl,20260913,2010H2,24683,152,0.00325503987136746,0.006158084511607179
2008H2-E,E,tabicl,20260913,2011H1,24614,195,0.004656138889097553,0.007922320630535468
2008H2-E,E,tabicl,20260913,2011H2,24646,119,0.0035362880368914732,0.004828369715166762
2008H2-E,E,tabicl,20260913,2012H1,24306,148,0.006172595674815887,0.0060890315148523
2008H2-E,E,tabicl,20260913,2012H2,24538,131,0.00588417530770281,0.005338658407368164
2008H2-E,E,tabicl,20260913,2013H1,24341,85,0.006388617786062746,0.003492050449858264
2008H2-E,E,tabicl,20260913,2013H2,23974,142,0.007375061846242537,0.0059230833402853095
2008H2-E,E,tabicl,20260913,2014H1,24341,137,0.006627000846552077,0.005628363666242143
2008H2-E,E,tabicl,20260913,2014H2,24213,99,0.0058086959574982205,0.004088712675009293
2008H2-E,E,tabicl,20260913,2015H1,24159,83,0.004784039750527797,0.0034355726644314747
2008H2-E,E,tabicl,20260913,2015H2,24159,130,0.0054561527146944865,0.0053810174262179725
2008H2-E,E,tabicl,20260913,2016H1,24632,115,0.005243790726360704,0.0046687236115621955
2008H2-E,E,tabicl,20260913,2016H2,24760,121,0.00467868466650649,0.004886914378029079
2008H2-E,E,tabicl,20260913,2017H1,24541,162,0.005883730805038698,0.00660119799519172
2008H2-E,E,tabicl,20260913,2017H2,24680,143,0.005854274212909905,0.005794165316045381
2008H2-E,E,tabicl,20260913,2018H1,24416,148,0.0061169782067288184,0.006061598951507209
2008H2-E,E,tabicl,20260913,2018H2,24543,146,0.006516177218477342,0.005948743022450393
2008H2-E,E,tabicl,20260913,2019H1,24752,110,0.00613353751111808,0.0044440853264382674
2008H2-E,E,tabicl,20260913,2019H2,24861,136,0.004972260605197986,0.005470415510236917
2008H2-E,E,tabicl,20260913,2020H1,24880,111,0.003930998266794081,0.004461414790996785
2008H2-E,E,tabicl,20260913,2020H2,24919,71,0.0033091731560770826,0.0028492315100927005
2008H2-E,E,tabicl,20260913,2021H1,24909,90,0.0037223084758090494,0.003613151872817054
2008H2-E,E,tabicl,20260913,2021H2,24929,136,0.00455471791843621,0.005455493601829195
2008H2-E,E,tabicl,20260913,2022H1,24889,291,0.005792996436443001,0.011691912089678172
2008H2-E,E,tabicl,20260913,2022H2,24859,373,0.006580249019770885,0.015004626091154109
2008H2-E,E,tabicl,20260913,2023H1,24882,381,0.007054278184801192,0.015312273932963588
2008H2-E,E,tabicl,20260913,2023H2,24866,363,0.006613860462291786,0.014598246601785572
2008H2-E,E,tabicl@t1,20260911,2009H1,24844,119,0.0037524603443359304,0.0047898889067782965
2008H2-E,E,tabicl@t1,20260911,2009H2,24709,196,0.005424137509616131,0.00793233234853697
2008H2-E,E,tabicl@t1,20260911,2010H1,24843,191,0.0059950678648584025,0.0076882824135571385
2008H2-E,E,tabicl@t1,20260911,2010H2,24683,152,0.004761393411489807,0.006158084511607179
2008H2-E,E,tabicl@t1,20260911,2011H1,24614,195,0.0064894611283777565,0.007922320630535468
2008H2-E,E,tabicl@t1,20260911,2011H2,24646,119,0.004995733930356212,0.004828369715166762
2008H2-E,E,tabicl@t1,20260911,2012H1,24306,148,0.007585292025721556,0.0060890315148523
2008H2-E,E,tabicl@t1,20260911,2012H2,24538,131,0.007259197990588857,0.005338658407368164
2008H2-E,E,tabicl@t1,20260911,2013H1,24341,85,0.008162400963211015,0.003492050449858264
2008H2-E,E,tabicl@t1,20260911,2013H2,23974,142,0.009670886472792524,0.0059230833402853095
2008H2-E,E,tabicl@t1,20260911,2014H1,24341,137,0.0089787922904844,0.005628363666242143
2008H2-E,E,tabicl@t1,20260911,2014H2,24213,99,0.007975475750217637,0.004088712675009293
2008H2-E,E,tabicl@t1,20260911,2015H1,24159,83,0.006746935982116252,0.0034355726644314747
2008H2-E,E,tabicl@t1,20260911,2015H2,24159,130,0.007561488963204756,0.0053810174262179725
2008H2-E,E,tabicl@t1,20260911,2016H1,24632,115,0.007304869946594521,0.0046687236115621955
2008H2-E,E,tabicl@t1,20260911,2016H2,24760,121,0.0064883742327503475,0.004886914378029079
2008H2-E,E,tabicl@t1,20260911,2017H1,24541,162,0.00801256406190273,0.00660119799519172
2008H2-E,E,tabicl@t1,20260911,2017H2,24680,143,0.007895030460018082,0.005794165316045381
2008H2-E,E,tabicl@t1,20260911,2018H1,24416,148,0.008029640059180842,0.006061598951507209
2008H2-E,E,tabicl@t1,20260911,2018H2,24543,146,0.0083460892338329,0.005948743022450393
2008H2-E,E,tabicl@t1,20260911,2019H1,24752,110,0.007951237429153145,0.0044440853264382674
2008H2-E,E,tabicl@t1,20260911,2019H2,24861,136,0.006679245534343576,0.005470415510236917
2008H2-E,E,tabicl@t1,20260911,2020H1,24880,111,0.005475071783485769,0.004461414790996785
2008H2-E,E,tabicl@t1,20260911,2020H2,24919,71,0.00460106907116822,0.0028492315100927005
2008H2-E,E,tabicl@t1,20260911,2021H1,24909,90,0.005428767650576617,0.003613151872817054
2008H2-E,E,tabicl@t1,20260911,2021H2,24929,136,0.006662472595417202,0.005455493601829195
2008H2-E,E,tabicl@t1,20260911,2022H1,24889,291,0.008384847775044495,0.011691912089678172
2008H2-E,E,tabicl@t1,20260911,2022H2,24859,373,0.008775074152870047,0.015004626091154109
2008H2-E,E,tabicl@t1,20260911,2023H1,24882,381,0.00880064341631719,0.015312273932963588
2008H2-E,E,tabicl@t1,20260911,2023H2,24866,363,0.008374979083629799,0.014598246601785572
2008H2-E,E,tabicl@t1,20260912,2009H1,24844,119,0.004996678797737392,0.0047898889067782965
2008H2-E,E,tabicl@t1,20260912,2009H2,24709,196,0.007089448959168775,0.00793233234853697
2008H2-E,E,tabicl@t1,20260912,2010H1,24843,191,0.00775064915066667,0.0076882824135571385
2008H2-E,E,tabicl@t1,20260912,2010H2,24683,152,0.00630599264825317,0.006158084511607179
2008H2-E,E,tabicl@t1,20260912,2011H1,24614,195,0.008465154328352854,0.007922320630535468
2008H2-E,E,tabicl@t1,20260912,2011H2,24646,119,0.006591436794836239,0.004828369715166762
2008H2-E,E,tabicl@t1,20260912,2012H1,24306,148,0.010570071294748566,0.0060890315148523
2008H2-E,E,tabicl@t1,20260912,2012H2,24538,131,0.009897900001980403,0.005338658407368164
2008H2-E,E,tabicl@t1,20260912,2013H1,24341,85,0.010423552485272757,0.003492050449858264
2008H2-E,E,tabicl@t1,20260912,2013H2,23974,142,0.011746464375061537,0.0059230833402853095
2008H2-E,E,tabicl@t1,20260912,2014H1,24341,137,0.010631419367779362,0.005628363666242143
2008H2-E,E,tabicl@t1,20260912,2014H2,24213,99,0.009451587193549348,0.004088712675009293
2008H2-E,E,tabicl@t1,20260912,2015H1,24159,83,0.007906101474503663,0.0034355726644314747
2008H2-E,E,tabicl@t1,20260912,2015H2,24159,130,0.008942220266709466,0.0053810174262179725
2008H2-E,E,tabicl@t1,20260912,2016H1,24632,115,0.008537342393601655,0.0046687236115621955
2008H2-E,E,tabicl@t1,20260912,2016H2,24760,121,0.007713060052812515,0.004886914378029079
2008H2-E,E,tabicl@t1,20260912,2017H1,24541,162,0.009408921112002314,0.00660119799519172
2008H2-E,E,tabicl@t1,20260912,2017H2,24680,143,0.009434160286067646,0.005794165316045381
2008H2-E,E,tabicl@t1,20260912,2018H1,24416,148,0.009802747745579356,0.006061598951507209
2008H2-E,E,tabicl@t1,20260912,2018H2,24543,146,0.010222464153565468,0.005948743022450393
2008H2-E,E,tabicl@t1,20260912,2019H1,24752,110,0.009748120567220188,0.0044440853264382674
2008H2-E,E,tabicl@t1,20260912,2019H2,24861,136,0.008265849747164539,0.005470415510236917
2008H2-E,E,tabicl@t1,20260912,2020H1,24880,111,0.006757422312904756,0.004461414790996785
2008H2-E,E,tabicl@t1,20260912,2020H2,24919,71,0.005624269347052513,0.0028492315100927005
2008H2-E,E,tabicl@t1,20260912,2021H1,24909,90,0.006571348129006165,0.003613151872817054
2008H2-E,E,tabicl@t1,20260912,2021H2,24929,136,0.007893128487448444,0.005455493601829195
2008H2-E,E,tabicl@t1,20260912,2022H1,24889,291,0.009715768728848908,0.011691912089678172
2008H2-E,E,tabicl@t1,20260912,2022H2,24859,373,0.010284620828190337,0.015004626091154109
2008H2-E,E,tabicl@t1,20260912,2023H1,24882,381,0.01047381394756343,0.015312273932963588
2008H2-E,E,tabicl@t1,20260912,2023H2,24866,363,0.010027519199127975,0.014598246601785572
2008H2-E,E,tabicl@t1,20260913,2009H1,24844,119,0.003933563628635393,0.0047898889067782965
2008H2-E,E,tabicl@t1,20260913,2009H2,24709,196,0.00568265294634328,0.00793233234853697
2008H2-E,E,tabicl@t1,20260913,2010H1,24843,191,0.0062833168538462495,0.0076882824135571385
2008H2-E,E,tabicl@t1,20260913,2010H2,24683,152,0.005130029016968634,0.006158084511607179
2008H2-E,E,tabicl@t1,20260913,2011H1,24614,195,0.007079635154677237,0.007922320630535468
2008H2-E,E,tabicl@t1,20260913,2011H2,24646,119,0.0055084018408615675,0.004828369715166762
2008H2-E,E,tabicl@t1,20260913,2012H1,24306,148,0.00899590153689738,0.0060890315148523
2008H2-E,E,tabicl@t1,20260913,2012H2,24538,131,0.008627002303039267,0.005338658407368164
2008H2-E,E,tabicl@t1,20260913,2013H1,24341,85,0.009324907006414048,0.003492050449858264
2008H2-E,E,tabicl@t1,20260913,2013H2,23974,142,0.01074732914673803,0.0059230833402853095
2008H2-E,E,tabicl@t1,20260913,2014H1,24341,137,0.009862346347953922,0.005628363666242143
2008H2-E,E,tabicl@t1,20260913,2014H2,24213,99,0.008793169414685371,0.004088712675009293
2008H2-E,E,tabicl@t1,20260913,2015H1,24159,83,0.0074159550406028615,0.0034355726644314747
2008H2-E,E,tabicl@t1,20260913,2015H2,24159,130,0.008396829297608752,0.0053810174262179725
2008H2-E,E,tabicl@t1,20260913,2016H1,24632,115,0.008113529245872466,0.0046687236115621955
2008H2-E,E,tabicl@t1,20260913,2016H2,24760,121,0.00733710063190536,0.004886914378029079
2008H2-E,E,tabicl@t1,20260913,2017H1,24541,162,0.009048336261018313,0.00660119799519172
2008H2-E,E,tabicl@t1,20260913,2017H2,24680,143,0.009035167968728788,0.005794165316045381
2008H2-E,E,tabicl@t1,20260913,2018H1,24416,148,0.009410617570718064,0.006061598951507209
2008H2-E,E,tabicl@t1,20260913,2018H2,24543,146,0.009979882574270856,0.005948743022450393
2008H2-E,E,tabicl@t1,20260913,2019H1,24752,110,0.009461327701175732,0.0044440853264382674
2008H2-E,E,tabicl@t1,20260913,2019H2,24861,136,0.0078184234025999,0.005470415510236917
2008H2-E,E,tabicl@t1,20260913,2020H1,24880,111,0.006295593117014783,0.004461414790996785
2008H2-E,E,tabicl@t1,20260913,2020H2,24919,71,0.005378927265447379,0.0028492315100927005
2008H2-E,E,tabicl@t1,20260913,2021H1,24909,90,0.006011683777074581,0.003613151872817054
2008H2-E,E,tabicl@t1,20260913,2021H2,24929,136,0.007240198114166205,0.005455493601829195
2008H2-E,E,tabicl@t1,20260913,2022H1,24889,291,0.009043699891710293,0.011691912089678172
2008H2-E,E,tabicl@t1,20260913,2022H2,24859,373,0.010161139642321845,0.015004626091154109
2008H2-E,E,tabicl@t1,20260913,2023H1,24882,381,0.010741260733598757,0.015312273932963588
2008H2-E,E,tabicl@t1,20260913,2023H2,24866,363,0.01011106612068046,0.014598246601785572
2008H2-E,E,tabpfn,20260911,2009H1,24844,119,0.00232043854800779,0.0047898889067782965
2008H2-E,E,tabpfn,20260911,2009H2,24709,196,0.0033866670621291685,0.00793233234853697
2008H2-E,E,tabpfn,20260911,2010H1,24843,191,0.0037760068578531762,0.0076882824135571385
2008H2-E,E,tabpfn,20260911,2010H2,24683,152,0.002952917870843323,0.006158084511607179
2008H2-E,E,tabpfn,20260911,2011H1,24614,195,0.004099365139415929,0.007922320630535468
2008H2-E,E,tabpfn,20260911,2011H2,24646,119,0.0030834153873941605,0.004828369715166762
2008H2-E,E,tabpfn,20260911,2012H1,24306,148,0.00485915579392627,0.0060890315148523
2008H2-E,E,tabpfn,20260911,2012H2,24538,131,0.0047222569122369815,0.005338658407368164
2008H2-E,E,tabpfn,20260911,2013H1,24341,85,0.005483641866762617,0.003492050449858264
2008H2-E,E,tabpfn,20260911,2013H2,23974,142,0.006561196404962472,0.0059230833402853095
2008H2-E,E,tabpfn,20260911,2014H1,24341,137,0.005973237988015173,0.005628363666242143
2008H2-E,E,tabpfn,20260911,2014H2,24213,99,0.0052310141209337725,0.004088712675009293
2008H2-E,E,tabpfn,20260911,2015H1,24159,83,0.004375652134251095,0.0034355726644314747
2008H2-E,E,tabpfn,20260911,2015H2,24159,130,0.004885073194556288,0.0053810174262179725
2008H2-E,E,tabpfn,20260911,2016H1,24632,115,0.004724769574136286,0.0046687236115621955
2008H2-E,E,tabpfn,20260911,2016H2,24760,121,0.00413616855162563,0.004886914378029079
2008H2-E,E,tabpfn,20260911,2017H1,24541,162,0.005229524556337931,0.00660119799519172
2008H2-E,E,tabpfn,20260911,2017H2,24680,143,0.005105353203617041,0.005794165316045381
2008H2-E,E,tabpfn,20260911,2018H1,24416,148,0.005164090272166247,0.006061598951507209
2008H2-E,E,tabpfn,20260911,2018H2,24543,146,0.005358626325564258,0.005948743022450393
2008H2-E,E,tabpfn,20260911,2019H1,24752,110,0.005086724485642322,0.0044440853264382674
2008H2-E,E,tabpfn,20260911,2019H2,24861,136,0.004251735274517321,0.005470415510236917
2008H2-E,E,tabpfn,20260911,2020H1,24880,111,0.003482389515563879,0.004461414790996785
2008H2-E,E,tabpfn,20260911,2020H2,24919,71,0.002886718155211388,0.0028492315100927005
2008H2-E,E,tabpfn,20260911,2021H1,24909,90,0.0034260484271969264,0.003613151872817054
2008H2-E,E,tabpfn,20260911,2021H2,24929,136,0.004264319953281392,0.005455493601829195
2008H2-E,E,tabpfn,20260911,2022H1,24889,291,0.0053813304641195546,0.011691912089678172
2008H2-E,E,tabpfn,20260911,2022H2,24859,373,0.0055407839459423016,0.015004626091154109
2008H2-E,E,tabpfn,20260911,2023H1,24882,381,0.005507879158907792,0.015312273932963588
2008H2-E,E,tabpfn,20260911,2023H2,24866,363,0.005244944451108108,0.014598246601785572
2008H2-E,E,tabpfn,20260912,2009H1,24844,119,0.002631826456161607,0.0047898889067782965
2008H2-E,E,tabpfn,20260912,2009H2,24709,196,0.004316611874922687,0.00793233234853697
2008H2-E,E,tabpfn,20260912,2010H1,24843,191,0.00502786517259215,0.0076882824135571385
2008H2-E,E,tabpfn,20260912,2010H2,24683,152,0.004241701053547376,0.006158084511607179
2008H2-E,E,tabpfn,20260912,2011H1,24614,195,0.006005254446669294,0.007922320630535468
2008H2-E,E,tabpfn,20260912,2011H2,24646,119,0.004496147334285536,0.004828369715166762
2008H2-E,E,tabpfn,20260912,2012H1,24306,148,0.008616536421778032,0.0060890315148523
2008H2-E,E,tabpfn,20260912,2012H2,24538,131,0.007778647099297085,0.005338658407368164
2008H2-E,E,tabpfn,20260912,2013H1,24341,85,0.00796268832885864,0.003492050449858264
2008H2-E,E,tabpfn,20260912,2013H2,23974,142,0.008423996393834062,0.0059230833402853095
2008H2-E,E,tabpfn,20260912,2014H1,24341,137,0.00689776393974031,0.005628363666242143
2008H2-E,E,tabpfn,20260912,2014H2,24213,99,0.00575550080661317,0.004088712675009293
2008H2-E,E,tabpfn,20260912,2015H1,24159,83,0.004685506496564365,0.0034355726644314747
2008H2-E,E,tabpfn,20260912,2015H2,24159,130,0.005211292459357161,0.0053810174262179725
2008H2-E,E,tabpfn,20260912,2016H1,24632,115,0.00494319263827094,0.0046687236115621955
2008H2-E,E,tabpfn,20260912,2016H2,24760,121,0.004318983913041006,0.004886914378029079
2008H2-E,E,tabpfn,20260912,2017H1,24541,162,0.005531551059570416,0.00660119799519172
2008H2-E,E,tabpfn,20260912,2017H2,24680,143,0.005426505543737796,0.005794165316045381
2008H2-E,E,tabpfn,20260912,2018H1,24416,148,0.005726362264593723,0.006061598951507209
2008H2-E,E,tabpfn,20260912,2018H2,24543,146,0.005991829356432371,0.005948743022450393
2008H2-E,E,tabpfn,20260912,2019H1,24752,110,0.005678013322337029,0.0044440853264382674
2008H2-E,E,tabpfn,20260912,2019H2,24861,136,0.004668934240587982,0.005470415510236917
2008H2-E,E,tabpfn,20260912,2020H1,24880,111,0.003761048313624301,0.004461414790996785
2008H2-E,E,tabpfn,20260912,2020H2,24919,71,0.003114905020201531,0.0028492315100927005
2008H2-E,E,tabpfn,20260912,2021H1,24909,90,0.003671457244899506,0.003613151872817054
2008H2-E,E,tabpfn,20260912,2021H2,24929,136,0.004471594920033055,0.005455493601829195
2008H2-E,E,tabpfn,20260912,2022H1,24889,291,0.0056757035055430985,0.011691912089678172
2008H2-E,E,tabpfn,20260912,2022H2,24859,373,0.006087210080601781,0.015004626091154109
2008H2-E,E,tabpfn,20260912,2023H1,24882,381,0.006280389377920882,0.015312273932963588
2008H2-E,E,tabpfn,20260912,2023H2,24866,363,0.005966199148828031,0.014598246601785572
2008H2-E,E,tabpfn,20260913,2009H1,24844,119,0.0022670286128590286,0.0047898889067782965
2008H2-E,E,tabpfn,20260913,2009H2,24709,196,0.003522338018928711,0.00793233234853697
2008H2-E,E,tabpfn,20260913,2010H1,24843,191,0.004083018877651626,0.0076882824135571385
2008H2-E,E,tabpfn,20260913,2010H2,24683,152,0.003312087427953994,0.006158084511607179
2008H2-E,E,tabpfn,20260913,2011H1,24614,195,0.004871886900720602,0.007922320630535468
2008H2-E,E,tabpfn,20260913,2011H2,24646,119,0.0036497028333880724,0.004828369715166762
2008H2-E,E,tabpfn,20260913,2012H1,24306,148,0.007061664975196727,0.0060890315148523
2008H2-E,E,tabpfn,20260913,2012H2,24538,131,0.006901789532081592,0.005338658407368164
2008H2-E,E,tabpfn,20260913,2013H1,24341,85,0.007447801736563626,0.003492050449858264
2008H2-E,E,tabpfn,20260913,2013H2,23974,142,0.0083308348165541,0.0059230833402853095
2008H2-E,E,tabpfn,20260913,2014H1,24341,137,0.007102351435826719,0.005628363666242143
2008H2-E,E,tabpfn,20260913,2014H2,24213,99,0.005972941149945939,0.004088712675009293
2008H2-E,E,tabpfn,20260913,2015H1,24159,83,0.004833681626673537,0.0034355726644314747
2008H2-E,E,tabpfn,20260913,2015H2,24159,130,0.0054385659210457425,0.0053810174262179725
2008H2-E,E,tabpfn,20260913,2016H1,24632,115,0.005205501116634246,0.0046687236115621955
2008H2-E,E,tabpfn,20260913,2016H2,24760,121,0.004565056948492364,0.004886914378029079
2008H2-E,E,tabpfn,20260913,2017H1,24541,162,0.0058520240946347245,0.00660119799519172
2008H2-E,E,tabpfn,20260913,2017H2,24680,143,0.005707289248891019,0.005794165316045381
2008H2-E,E,tabpfn,20260913,2018H1,24416,148,0.005962054274635957,0.006061598951507209
2008H2-E,E,tabpfn,20260913,2018H2,24543,146,0.00627607245391796,0.005948743022450393
2008H2-E,E,tabpfn,20260913,2019H1,24752,110,0.005941009200550797,0.0044440853264382674
2008H2-E,E,tabpfn,20260913,2019H2,24861,136,0.004834825110518128,0.005470415510236917
2008H2-E,E,tabpfn,20260913,2020H1,24880,111,0.003874353271818588,0.004461414790996785
2008H2-E,E,tabpfn,20260913,2020H2,24919,71,0.003223968669342931,0.0028492315100927005
2008H2-E,E,tabpfn,20260913,2021H1,24909,90,0.003653838266840056,0.003613151872817054
2008H2-E,E,tabpfn,20260913,2021H2,24929,136,0.004464350603562456,0.005455493601829195
2008H2-E,E,tabpfn,20260913,2022H1,24889,291,0.005639786583551676,0.011691912089678172
2008H2-E,E,tabpfn,20260913,2022H2,24859,373,0.0062609088696143865,0.015004626091154109
2008H2-E,E,tabpfn,20260913,2023H1,24882,381,0.006685475515196452,0.015312273932963588
2008H2-E,E,tabpfn,20260913,2023H2,24866,363,0.006277528406249804,0.014598246601785572
2008H2-E,E,tabpfn@t1,20260911,2009H1,24844,119,0.0038647085384511883,0.0047898889067782965
2008H2-E,E,tabpfn@t1,20260911,2009H2,24709,196,0.005386531777232652,0.00793233234853697
2008H2-E,E,tabpfn@t1,20260911,2010H1,24843,191,0.005894494569470782,0.0076882824135571385
2008H2-E,E,tabpfn@t1,20260911,2010H2,24683,152,0.004678939149012977,0.006158084511607179
2008H2-E,E,tabpfn@t1,20260911,2011H1,24614,195,0.006317331261619256,0.007922320630535468
2008H2-E,E,tabpfn@t1,20260911,2011H2,24646,119,0.004868237375868542,0.004828369715166762
2008H2-E,E,tabpfn@t1,20260911,2012H1,24306,148,0.007242016578814864,0.0060890315148523
2008H2-E,E,tabpfn@t1,20260911,2012H2,24538,131,0.007086637195259544,0.005338658407368164
2008H2-E,E,tabpfn@t1,20260911,2013H1,24341,85,0.008137288806201558,0.003492050449858264
2008H2-E,E,tabpfn@t1,20260911,2013H2,23974,142,0.009686163245589479,0.0059230833402853095
2008H2-E,E,tabpfn@t1,20260911,2014H1,24341,137,0.008978265619030463,0.005628363666242143
2008H2-E,E,tabpfn@t1,20260911,2014H2,24213,99,0.00801376202704434,0.004088712675009293
2008H2-E,E,tabpfn@t1,20260911,2015H1,24159,83,0.006849794165666986,0.0034355726644314747
2008H2-E,E,tabpfn@t1,20260911,2015H2,24159,130,0.007618830488224629,0.0053810174262179725
2008H2-E,E,tabpfn@t1,20260911,2016H1,24632,115,0.007411786807870114,0.0046687236115621955
2008H2-E,E,tabpfn@t1,20260911,2016H2,24760,121,0.006604227280738244,0.004886914378029079
2008H2-E,E,tabpfn@t1,20260911,2017H1,24541,162,0.008166469746403589,0.00660119799519172
2008H2-E,E,tabpfn@t1,20260911,2017H2,24680,143,0.008028230669715206,0.005794165316045381
2008H2-E,E,tabpfn@t1,20260911,2018H1,24416,148,0.008130221585843304,0.006061598951507209
2008H2-E,E,tabpfn@t1,20260911,2018H2,24543,146,0.008425363408805,0.005948743022450393
2008H2-E,E,tabpfn@t1,20260911,2019H1,24752,110,0.00804405879372517,0.0044440853264382674
2008H2-E,E,tabpfn@t1,20260911,2019H2,24861,136,0.006833351486400531,0.005470415510236917
2008H2-E,E,tabpfn@t1,20260911,2020H1,24880,111,0.005679293137033748,0.004461414790996785
2008H2-E,E,tabpfn@t1,20260911,2020H2,24919,71,0.004788395751021816,0.0028492315100927005
2008H2-E,E,tabpfn@t1,20260911,2021H1,24909,90,0.0056048500012148405,0.003613151872817054
2008H2-E,E,tabpfn@t1,20260911,2021H2,24929,136,0.006844800294317387,0.005455493601829195
2008H2-E,E,tabpfn@t1,20260911,2022H1,24889,291,0.008477525056118542,0.011691912089678172
2008H2-E,E,tabpfn@t1,20260911,2022H2,24859,373,0.008716266420742629,0.015004626091154109
2008H2-E,E,tabpfn@t1,20260911,2023H1,24882,381,0.008648499190257241,0.015312273932963588
2008H2-E,E,tabpfn@t1,20260911,2023H2,24866,363,0.008254300891822443,0.014598246601785572
2008H2-E,E,tabpfn@t1,20260912,2009H1,24844,119,0.0043514506443955246,0.0047898889067782965
2008H2-E,E,tabpfn@t1,20260912,2009H2,24709,196,0.0066439377249157576,0.00793233234853697
2008H2-E,E,tabpfn@t1,20260912,2010H1,24843,191,0.007546720515911833,0.0076882824135571385
2008H2-E,E,tabpfn@t1,20260912,2010H2,24683,152,0.006439176488568153,0.006158084511607179
2008H2-E,E,tabpfn@t1,20260912,2011H1,24614,195,0.008790666615922605,0.007922320630535468
2008H2-E,E,tabpfn@t1,20260912,2011H2,24646,119,0.006758382976778067,0.004828369715166762
2008H2-E,E,tabpfn@t1,20260912,2012H1,24306,148,0.012044983952641615,0.0060890315148523
2008H2-E,E,tabpfn@t1,20260912,2012H2,24538,131,0.01097640585854713,0.005338658407368164
2008H2-E,E,tabpfn@t1,20260912,2013H1,24341,85,0.011252785312389536,0.003492050449858264
2008H2-E,E,tabpfn@t1,20260912,2013H2,23974,142,0.011953746244651576,0.0059230833402853095
2008H2-E,E,tabpfn@t1,20260912,2014H1,24341,137,0.01009248709433101,0.005628363666242143
2008H2-E,E,tabpfn@t1,20260912,2014H2,24213,99,0.008644336854560666,0.004088712675009293
2008H2-E,E,tabpfn@t1,20260912,2015H1,24159,83,0.0072418246241679985,0.0034355726644314747
2008H2-E,E,tabpfn@t1,20260912,2015H2,24159,130,0.008025493421066386,0.0053810174262179725
2008H2-E,E,tabpfn@t1,20260912,2016H1,24632,115,0.0076715469756249675,0.0046687236115621955
2008H2-E,E,tabpfn@t1,20260912,2016H2,24760,121,0.0068351039658090884,0.004886914378029079
2008H2-E,E,tabpfn@t1,20260912,2017H1,24541,162,0.008546584262826657,0.00660119799519172
2008H2-E,E,tabpfn@t1,20260912,2017H2,24680,143,0.008438808040147553,0.005794165316045381
2008H2-E,E,tabpfn@t1,20260912,2018H1,24416,148,0.008873142917097872,0.006061598951507209
2008H2-E,E,tabpfn@t1,20260912,2018H2,24543,146,0.009265705553135488,0.005948743022450393
2008H2-E,E,tabpfn@t1,20260912,2019H1,24752,110,0.008833814401516739,0.0044440853264382674
2008H2-E,E,tabpfn@t1,20260912,2019H2,24861,136,0.007398136362357968,0.005470415510236917
2008H2-E,E,tabpfn@t1,20260912,2020H1,24880,111,0.006081328230394463,0.004461414790996785
2008H2-E,E,tabpfn@t1,20260912,2020H2,24919,71,0.005133668582596174,0.0028492315100927005
2008H2-E,E,tabpfn@t1,20260912,2021H1,24909,90,0.005971636306725725,0.003613151872817054
2008H2-E,E,tabpfn@t1,20260912,2021H2,24929,136,0.00714242485584523,0.005455493601829195
2008H2-E,E,tabpfn@t1,20260912,2022H1,24889,291,0.00888637530682684,0.011691912089678172
2008H2-E,E,tabpfn@t1,20260912,2022H2,24859,373,0.009452702622076113,0.015004626091154109
2008H2-E,E,tabpfn@t1,20260912,2023H1,24882,381,0.009690845781502797,0.015312273932963588
2008H2-E,E,tabpfn@t1,20260912,2023H2,24866,363,0.009249481516233197,0.014598246601785572
2008H2-E,E,tabpfn@t1,20260913,2009H1,24844,119,0.0037912089887874793,0.0047898889067782965
2008H2-E,E,tabpfn@t1,20260913,2009H2,24709,196,0.005556264421473195,0.00793233234853697
2008H2-E,E,tabpfn@t1,20260913,2010H1,24843,191,0.006272186187829643,0.0076882824135571385
2008H2-E,E,tabpfn@t1,20260913,2010H2,24683,152,0.005143825200161646,0.006158084511607179
2008H2-E,E,tabpfn@t1,20260913,2011H1,24614,195,0.00728062460710069,0.007922320630535468
2008H2-E,E,tabpfn@t1,20260913,2011H2,24646,119,0.005592817021337113,0.004828369715166762
2008H2-E,E,tabpfn@t1,20260913,2012H1,24306,148,0.009961212016799767,0.0060890315148523
2008H2-E,E,tabpfn@t1,20260913,2012H2,24538,131,0.009723325028655649,0.005338658407368164
2008H2-E,E,tabpfn@t1,20260913,2013H1,24341,85,0.01047824629959522,0.003492050449858264
2008H2-E,E,tabpfn@t1,20260913,2013H2,23974,142,0.011759186133750073,0.0059230833402853095
2008H2-E,E,tabpfn@t1,20260913,2014H1,24341,137,0.010328706323434725,0.005628363666242143
2008H2-E,E,tabpfn@t1,20260913,2014H2,24213,99,0.008916913806871013,0.004088712675009293
2008H2-E,E,tabpfn@t1,20260913,2015H1,24159,83,0.007440117290435436,0.0034355726644314747
2008H2-E,E,tabpfn@t1,20260913,2015H2,24159,130,0.008326248706922435,0.0053810174262179725
2008H2-E,E,tabpfn@t1,20260913,2016H1,24632,115,0.008034570338177281,0.0046687236115621955
2008H2-E,E,tabpfn@t1,20260913,2016H2,24760,121,0.007176171475456024,0.004886914378029079
2008H2-E,E,tabpfn@t1,20260913,2017H1,24541,162,0.008989223121104152,0.00660119799519172
2008H2-E,E,tabpfn@t1,20260913,2017H2,24680,143,0.00883885174827318,0.005794165316045381
2008H2-E,E,tabpfn@t1,20260913,2018H1,24416,148,0.00920007124337885,0.006061598951507209
2008H2-E,E,tabpfn@t1,20260913,2018H2,24543,146,0.009656771255297259,0.005948743022450393
2008H2-E,E,tabpfn@t1,20260913,2019H1,24752,110,0.00920593056128464,0.0044440853264382674
2008H2-E,E,tabpfn@t1,20260913,2019H2,24861,136,0.0076316341039437356,0.005470415510236917
2008H2-E,E,tabpfn@t1,20260913,2020H1,24880,111,0.0062160733969760665,0.004461414790996785
2008H2-E,E,tabpfn@t1,20260913,2020H2,24919,71,0.005253433126451507,0.0028492315100927005
2008H2-E,E,tabpfn@t1,20260913,2021H1,24909,90,0.0059151635864964575,0.003613151872817054
2008H2-E,E,tabpfn@t1,20260913,2021H2,24929,136,0.007118937596173079,0.005455493601829195
2008H2-E,E,tabpfn@t1,20260913,2022H1,24889,291,0.008849609205496439,0.011691912089678172
2008H2-E,E,tabpfn@t1,20260913,2022H2,24859,373,0.009723432981207154,0.015004626091154109
2008H2-E,E,tabpfn@t1,20260913,2023H1,24882,381,0.01023583112285065,0.015312273932963588
2008H2-E,E,tabpfn@t1,20260913,2023H2,24866,363,0.009640024948636867,0.014598246601785572
2010H2-E,E,gbm,,2011H1,24614,195,0.016173379958876046,0.007922320630535468
2010H2-E,E,gbm,,2011H2,24646,119,0.012145173167351328,0.004828369715166762
2010H2-E,E,gbm,,2012H1,24306,148,0.02382748884335103,0.0060890315148523
2010H2-E,E,gbm,,2012H2,24538,131,0.022611155177454993,0.005338658407368164
2010H2-E,E,gbm,,2013H1,24341,85,0.022629832441095583,0.003492050449858264
2010H2-E,E,gbm,,2013H2,23974,142,0.022630051982817187,0.0059230833402853095
2010H2-E,E,gbm,,2014H1,24341,137,0.018970829395206126,0.005628363666242143
2010H2-E,E,gbm,,2014H2,24213,99,0.01627907805699716,0.004088712675009293
2010H2-E,E,gbm,,2015H1,24159,83,0.014553525900070257,0.0034355726644314747
2010H2-E,E,gbm,,2015H2,24159,130,0.015439356084275638,0.0053810174262179725
2010H2-E,E,gbm,,2016H1,24632,115,0.015193955337188763,0.0046687236115621955
2010H2-E,E,gbm,,2016H2,24760,121,0.014450834743882309,0.004886914378029079
2010H2-E,E,gbm,,2017H1,24541,162,0.016354121219839007,0.00660119799519172
2010H2-E,E,gbm,,2017H2,24680,143,0.016027525962669622,0.005794165316045381
2010H2-E,E,gbm,,2018H1,24416,148,0.015571047375106223,0.006061598951507209
2010H2-E,E,gbm,,2018H2,24543,146,0.01589919407927339,0.005948743022450393
2010H2-E,E,gbm,,2019H1,24752,110,0.015377812195835195,0.0044440853264382674
2010H2-E,E,gbm,,2019H2,24861,136,0.014490558723250946,0.005470415510236917
2010H2-E,E,gbm,,2020H1,24880,111,0.011858485101915416,0.004461414790996785
2010H2-E,E,gbm,,2020H2,24919,71,0.010495868756107692,0.0028492315100927005
2010H2-E,E,gbm,,2021H1,24909,90,0.01117861158565029,0.003613151872817054
2010H2-E,E,gbm,,2021H2,24929,136,0.013280562596032759,0.005455493601829195
2010H2-E,E,gbm,,2022H1,24889,291,0.015162724217111965,0.011691912089678172
2010H2-E,E,gbm,,2022H2,24859,373,0.015074118177427036,0.015004626091154109
2010H2-E,E,gbm,,2023H1,24882,381,0.01452709022273642,0.015312273932963588
2010H2-E,E,gbm,,2023H2,24866,363,0.013321712203159237,0.014598246601785572
2010H2-E,E,gbm-50k,20260911,2011H1,24614,195,0.013311294663576228,0.007922320630535468
2010H2-E,E,gbm-50k,20260911,2011H2,24646,119,0.011394120533503426,0.004828369715166762
2010H2-E,E,gbm-50k,20260911,2012H1,24306,148,0.015139988771506947,0.0060890315148523
2010H2-E,E,gbm-50k,20260911,2012H2,24538,131,0.015290258169362064,0.005338658407368164
2010H2-E,E,gbm-50k,20260911,2013H1,24341,85,0.016018567786773345,0.003492050449858264
2010H2-E,E,gbm-50k,20260911,2013H2,23974,142,0.017539903433793108,0.0059230833402853095
2010H2-E,E,gbm-50k,20260911,2014H1,24341,137,0.017385284911930584,0.005628363666242143
2010H2-E,E,gbm-50k,20260911,2014H2,24213,99,0.01658258328498885,0.004088712675009293
2010H2-E,E,gbm-50k,20260911,2015H1,24159,83,0.015578291645797843,0.0034355726644314747
2010H2-E,E,gbm-50k,20260911,2015H2,24159,130,0.016389177183732673,0.0053810174262179725
2010H2-E,E,gbm-50k,20260911,2016H1,24632,115,0.01641290923695425,0.0046687236115621955
2010H2-E,E,gbm-50k,20260911,2016H2,24760,121,0.015769747098911546,0.004886914378029079
2010H2-E,E,gbm-50k,20260911,2017H1,24541,162,0.017671651091854756,0.00660119799519172
2010H2-E,E,gbm-50k,20260911,2017H2,24680,143,0.017806818147372696,0.005794165316045381
2010H2-E,E,gbm-50k,20260911,2018H1,24416,148,0.018093107594592057,0.006061598951507209
2010H2-E,E,gbm-50k,20260911,2018H2,24543,146,0.01872145451965664,0.005948743022450393
2010H2-E,E,gbm-50k,20260911,2019H1,24752,110,0.018459363265243073,0.0044440853264382674
2010H2-E,E,gbm-50k,20260911,2019H2,24861,136,0.016918131412993614,0.005470415510236917
2010H2-E,E,gbm-50k,20260911,2020H1,24880,111,0.014759153776686866,0.004461414790996785
2010H2-E,E,gbm-50k,20260911,2020H2,24919,71,0.013382917840478584,0.0028492315100927005
2010H2-E,E,gbm-50k,20260911,2021H1,24909,90,0.013995757912746072,0.003613151872817054
2010H2-E,E,gbm-50k,20260911,2021H2,24929,136,0.015629583821406622,0.005455493601829195
2010H2-E,E,gbm-50k,20260911,2022H1,24889,291,0.017923152631156025,0.011691912089678172
2010H2-E,E,gbm-50k,20260911,2022H2,24859,373,0.01919672003061526,0.015004626091154109
2010H2-E,E,gbm-50k,20260911,2023H1,24882,381,0.01951916766701423,0.015312273932963588
2010H2-E,E,gbm-50k,20260911,2023H2,24866,363,0.018570849878627834,0.014598246601785572
2010H2-E,E,gbm-50k,20260912,2011H1,24614,195,0.012192542778619427,0.007922320630535468
2010H2-E,E,gbm-50k,20260912,2011H2,24646,119,0.010192848735764724,0.004828369715166762
2010H2-E,E,gbm-50k,20260912,2012H1,24306,148,0.014477310258484146,0.0060890315148523
2010H2-E,E,gbm-50k,20260912,2012H2,24538,131,0.01411394291664358,0.005338658407368164
2010H2-E,E,gbm-50k,20260912,2013H1,24341,85,0.015002231068969274,0.003492050449858264
2010H2-E,E,gbm-50k,20260912,2013H2,23974,142,0.016475630642745816,0.0059230833402853095
2010H2-E,E,gbm-50k,20260912,2014H1,24341,137,0.015655535236200897,0.005628363666242143
2010H2-E,E,gbm-50k,20260912,2014H2,24213,99,0.014788385035036294,0.004088712675009293
2010H2-E,E,gbm-50k,20260912,2015H1,24159,83,0.013849182250886065,0.0034355726644314747
2010H2-E,E,gbm-50k,20260912,2015H2,24159,130,0.014521320313123913,0.0053810174262179725
2010H2-E,E,gbm-50k,20260912,2016H1,24632,115,0.014544017326623613,0.0046687236115621955
2010H2-E,E,gbm-50k,20260912,2016H2,24760,121,0.014133139498084752,0.004886914378029079
2010H2-E,E,gbm-50k,20260912,2017H1,24541,162,0.015507719110806721,0.00660119799519172
2010H2-E,E,gbm-50k,20260912,2017H2,24680,143,0.015425587938865032,0.005794165316045381
2010H2-E,E,gbm-50k,20260912,2018H1,24416,148,0.015064266916229445,0.006061598951507209
2010H2-E,E,gbm-50k,20260912,2018H2,24543,146,0.015191864525396006,0.005948743022450393
2010H2-E,E,gbm-50k,20260912,2019H1,24752,110,0.015159709162549795,0.0044440853264382674
2010H2-E,E,gbm-50k,20260912,2019H2,24861,136,0.014448211484208863,0.005470415510236917
2010H2-E,E,gbm-50k,20260912,2020H1,24880,111,0.01251375205817644,0.004461414790996785
2010H2-E,E,gbm-50k,20260912,2020H2,24919,71,0.011332450120340237,0.0028492315100927005
2010H2-E,E,gbm-50k,20260912,2021H1,24909,90,0.01195132221365461,0.003613151872817054
2010H2-E,E,gbm-50k,20260912,2021H2,24929,136,0.013514117810042536,0.005455493601829195
2010H2-E,E,gbm-50k,20260912,2022H1,24889,291,0.014806659108068776,0.011691912089678172
2010H2-E,E,gbm-50k,20260912,2022H2,24859,373,0.014769355467808873,0.015004626091154109
2010H2-E,E,gbm-50k,20260912,2023H1,24882,381,0.014271496813062038,0.015312273932963588
2010H2-E,E,gbm-50k,20260912,2023H2,24866,363,0.013390383551119519,0.014598246601785572
2010H2-E,E,gbm-50k,20260913,2011H1,24614,195,0.012562854476500056,0.007922320630535468
2010H2-E,E,gbm-50k,20260913,2011H2,24646,119,0.010306054900678513,0.004828369715166762
2010H2-E,E,gbm-50k,20260913,2012H1,24306,148,0.0151885256004594,0.0060890315148523
2010H2-E,E,gbm-50k,20260913,2012H2,24538,131,0.014993772770432245,0.005338658407368164
2010H2-E,E,gbm-50k,20260913,2013H1,24341,85,0.01580323751750612,0.003492050449858264
2010H2-E,E,gbm-50k,20260913,2013H2,23974,142,0.017645445290188556,0.0059230833402853095
2010H2-E,E,gbm-50k,20260913,2014H1,24341,137,0.017335162336746555,0.005628363666242143
2010H2-E,E,gbm-50k,20260913,2014H2,24213,99,0.01622327057421937,0.004088712675009293
2010H2-E,E,gbm-50k,20260913,2015H1,24159,83,0.014819224838510664,0.0034355726644314747
2010H2-E,E,gbm-50k,20260913,2015H2,24159,130,0.016047934893190525,0.0053810174262179725
2010H2-E,E,gbm-50k,20260913,2016H1,24632,115,0.015957647538807802,0.0046687236115621955
2010H2-E,E,gbm-50k,20260913,2016H2,24760,121,0.015128758521160475,0.004886914378029079
2010H2-E,E,gbm-50k,20260913,2017H1,24541,162,0.01753007164848406,0.00660119799519172
2010H2-E,E,gbm-50k,20260913,2017H2,24680,143,0.017510637863528772,0.005794165316045381
2010H2-E,E,gbm-50k,20260913,2018H1,24416,148,0.017754552398492475,0.006061598951507209
2010H2-E,E,gbm-50k,20260913,2018H2,24543,146,0.018326461196216785,0.005948743022450393
2010H2-E,E,gbm-50k,20260913,2019H1,24752,110,0.017859926662344375,0.0044440853264382674
2010H2-E,E,gbm-50k,20260913,2019H2,24861,136,0.015950388514067743,0.005470415510236917
2010H2-E,E,gbm-50k,20260913,2020H1,24880,111,0.01340177785853764,0.004461414790996785
2010H2-E,E,gbm-50k,20260913,2020H2,24919,71,0.011850354525532522,0.0028492315100927005
2010H2-E,E,gbm-50k,20260913,2021H1,24909,90,0.012915653406438219,0.003613151872817054
2010H2-E,E,gbm-50k,20260913,2021H2,24929,136,0.014995890854451799,0.005455493601829195
2010H2-E,E,gbm-50k,20260913,2022H1,24889,291,0.017553606255049512,0.011691912089678172
2010H2-E,E,gbm-50k,20260913,2022H2,24859,373,0.018497353775434336,0.015004626091154109
2010H2-E,E,gbm-50k,20260913,2023H1,24882,381,0.018711038911916174,0.015312273932963588
2010H2-E,E,gbm-50k,20260913,2023H2,24866,363,0.01740549971811344,0.014598246601785572
2010H2-E,E,scorecard,,2011H1,24614,195,0.009878934357559014,0.007922320630535468
2010H2-E,E,scorecard,,2011H2,24646,119,0.007961354648481798,0.004828369715166762
2010H2-E,E,scorecard,,2012H1,24306,148,0.01075544534865258,0.0060890315148523
2010H2-E,E,scorecard,,2012H2,24538,131,0.010861162972459738,0.005338658407368164
2010H2-E,E,scorecard,,2013H1,24341,85,0.012083281646593357,0.003492050449858264
2010H2-E,E,scorecard,,2013H2,23974,142,0.014450766452923685,0.0059230833402853095
2010H2-E,E,scorecard,,2014H1,24341,137,0.01440612607051447,0.005628363666242143
2010H2-E,E,scorecard,,2014H2,24213,99,0.013682499761523265,0.004088712675009293
2010H2-E,E,scorecard,,2015H1,24159,83,0.012255472915881822,0.0034355726644314747
2010H2-E,E,scorecard,,2015H2,24159,130,0.01378615548420119,0.0053810174262179725
2010H2-E,E,scorecard,,2016H1,24632,115,0.013625596839980667,0.0046687236115621955
2010H2-E,E,scorecard,,2016H2,24760,121,0.012747225885093553,0.004886914378029079
2010H2-E,E,scorecard,,2017H1,24541,162,0.014951866928001378,0.00660119799519172
2010H2-E,E,scorecard,,2017H2,24680,143,0.01519764233060029,0.005794165316045381
2010H2-E,E,scorecard,,2018H1,24416,148,0.01546185758600349,0.006061598951507209
2010H2-E,E,scorecard,,2018H2,24543,146,0.016141343908837362,0.005948743022450393
2010H2-E,E,scorecard,,2019H1,24752,110,0.015396309541230432,0.0044440853264382674
2010H2-E,E,scorecard,,2019H2,24861,136,0.013317256338976872,0.005470415510236917
2010H2-E,E,scorecard,,2020H1,24880,111,0.011173212079601594,0.004461414790996785
2010H2-E,E,scorecard,,2020H2,24919,71,0.00988175145375052,0.0028492315100927005
2010H2-E,E,scorecard,,2021H1,24909,90,0.010963983332473273,0.003613151872817054
2010H2-E,E,scorecard,,2021H2,24929,136,0.013076266026859667,0.005455493601829195
2010H2-E,E,scorecard,,2022H1,24889,291,0.0151066904096615,0.011691912089678172
2010H2-E,E,scorecard,,2022H2,24859,373,0.016027182921690163,0.015004626091154109
2010H2-E,E,scorecard,,2023H1,24882,381,0.01620666699850985,0.015312273932963588
2010H2-E,E,scorecard,,2023H2,24866,363,0.0151956057723389,0.014598246601785572
2010H2-E,E,tabicl,20260911,2011H1,24614,195,0.010023938138962848,0.007922320630535468
2010H2-E,E,tabicl,20260911,2011H2,24646,119,0.007536305128097414,0.004828369715166762
2010H2-E,E,tabicl,20260911,2012H1,24306,148,0.01379153878113706,0.0060890315148523
2010H2-E,E,tabicl,20260911,2012H2,24538,131,0.013321590839251099,0.005338658407368164
2010H2-E,E,tabicl,20260911,2013H1,24341,85,0.01371065887525962,0.003492050449858264
2010H2-E,E,tabicl,20260911,2013H2,23974,142,0.014426822526562744,0.0059230833402853095
2010H2-E,E,tabicl,20260911,2014H1,24341,137,0.012648637327453782,0.005628363666242143
2010H2-E,E,tabicl,20260911,2014H2,24213,99,0.011181522022991386,0.004088712675009293
2010H2-E,E,tabicl,20260911,2015H1,24159,83,0.009853951578732565,0.0034355726644314747
2010H2-E,E,tabicl,20260911,2015H2,24159,130,0.010404142995195133,0.0053810174262179725
2010H2-E,E,tabicl,20260911,2016H1,24632,115,0.010386124684729735,0.0046687236115621955
2010H2-E,E,tabicl,20260911,2016H2,24760,121,0.009798564718458752,0.004886914378029079
2010H2-E,E,tabicl,20260911,2017H1,24541,162,0.011488649348657459,0.00660119799519172
2010H2-E,E,tabicl,20260911,2017H2,24680,143,0.0112503818983445,0.005794165316045381
2010H2-E,E,tabicl,20260911,2018H1,24416,148,0.011249401011728171,0.006061598951507209
2010H2-E,E,tabicl,20260911,2018H2,24543,146,0.011602205865954115,0.005948743022450393
2010H2-E,E,tabicl,20260911,2019H1,24752,110,0.011255809648991588,0.0044440853264382674
2010H2-E,E,tabicl,20260911,2019H2,24861,136,0.010298777001712531,0.005470415510236917
2010H2-E,E,tabicl,20260911,2020H1,24880,111,0.00840164645727858,0.004461414790996785
2010H2-E,E,tabicl,20260911,2020H2,24919,71,0.007340499831921396,0.0028492315100927005
2010H2-E,E,tabicl,20260911,2021H1,24909,90,0.007839760037240072,0.003613151872817054
2010H2-E,E,tabicl,20260911,2021H2,24929,136,0.00927762602584304,0.005455493601829195
2010H2-E,E,tabicl,20260911,2022H1,24889,291,0.010746481776637506,0.011691912089678172
2010H2-E,E,tabicl,20260911,2022H2,24859,373,0.011277616614640464,0.015004626091154109
2010H2-E,E,tabicl,20260911,2023H1,24882,381,0.01111817255539385,0.015312273932963588
2010H2-E,E,tabicl,20260911,2023H2,24866,363,0.010268188467212678,0.014598246601785572
2010H2-E,E,tabicl,20260912,2011H1,24614,195,0.010522428964891117,0.007922320630535468
2010H2-E,E,tabicl,20260912,2011H2,24646,119,0.008022586346290132,0.004828369715166762
2010H2-E,E,tabicl,20260912,2012H1,24306,148,0.013856555868499341,0.0060890315148523
2010H2-E,E,tabicl,20260912,2012H2,24538,131,0.013145916545559832,0.005338658407368164
2010H2-E,E,tabicl,20260912,2013H1,24341,85,0.013576655520783371,0.003492050449858264
2010H2-E,E,tabicl,20260912,2013H2,23974,142,0.014145616176685825,0.0059230833402853095
2010H2-E,E,tabicl,20260912,2014H1,24341,137,0.012185034496980354,0.005628363666242143
2010H2-E,E,tabicl,20260912,2014H2,24213,99,0.010809512366879511,0.004088712675009293
2010H2-E,E,tabicl,20260912,2015H1,24159,83,0.009713382304639083,0.0034355726644314747
2010H2-E,E,tabicl,20260912,2015H2,24159,130,0.01006753984224573,0.0053810174262179725
2010H2-E,E,tabicl,20260912,2016H1,24632,115,0.01008069313990709,0.0046687236115621955
2010H2-E,E,tabicl,20260912,2016H2,24760,121,0.009546709598771266,0.004886914378029079
2010H2-E,E,tabicl,20260912,2017H1,24541,162,0.010642532715325004,0.00660119799519172
2010H2-E,E,tabicl,20260912,2017H2,24680,143,0.010351880308246913,0.005794165316045381
2010H2-E,E,tabicl,20260912,2018H1,24416,148,0.009780187577947273,0.006061598951507209
2010H2-E,E,tabicl,20260912,2018H2,24543,146,0.009832619931389031,0.005948743022450393
2010H2-E,E,tabicl,20260912,2019H1,24752,110,0.009621638854250722,0.0044440853264382674
2010H2-E,E,tabicl,20260912,2019H2,24861,136,0.009283799322007236,0.005470415510236917
2010H2-E,E,tabicl,20260912,2020H1,24880,111,0.007779915166865157,0.004461414790996785
2010H2-E,E,tabicl,20260912,2020H2,24919,71,0.006990542722539965,0.0028492315100927005
2010H2-E,E,tabicl,20260912,2021H1,24909,90,0.007259516271394054,0.003613151872817054
2010H2-E,E,tabicl,20260912,2021H2,24929,136,0.008541055128756985,0.005455493601829195
2010H2-E,E,tabicl,20260912,2022H1,24889,291,0.00919595042428229,0.011691912089678172
2010H2-E,E,tabicl,20260912,2022H2,24859,373,0.008958949041472843,0.015004626091154109
2010H2-E,E,tabicl,20260912,2023H1,24882,381,0.008418406144274871,0.015312273932963588
2010H2-E,E,tabicl,20260912,2023H2,24866,363,0.007853676361632467,0.014598246601785572
2010H2-E,E,tabicl,20260913,2011H1,24614,195,0.009760368389752007,0.007922320630535468
2010H2-E,E,tabicl,20260913,2011H2,24646,119,0.007365297078875884,0.004828369715166762
2010H2-E,E,tabicl,20260913,2012H1,24306,148,0.013339519449785451,0.0060890315148523
2010H2-E,E,tabicl,20260913,2012H2,24538,131,0.012842704650018131,0.005338658407368164
2010H2-E,E,tabicl,20260913,2013H1,24341,85,0.013374967120758922,0.003492050449858264
2010H2-E,E,tabicl,20260913,2013H2,23974,142,0.01431498400703679,0.0059230833402853095
2010H2-E,E,tabicl,20260913,2014H1,24341,137,0.012813161802143256,0.005628363666242143
2010H2-E,E,tabicl,20260913,2014H2,24213,99,0.0113847169362447,0.004088712675009293
2010H2-E,E,tabicl,20260913,2015H1,24159,83,0.009939592530954269,0.0034355726644314747
2010H2-E,E,tabicl,20260913,2015H2,24159,130,0.010888168749618917,0.0053810174262179725
2010H2-E,E,tabicl,20260913,2016H1,24632,115,0.010783347840753275,0.0046687236115621955
2010H2-E,E,tabicl,20260913,2016H2,24760,121,0.010131499377131504,0.004886914378029079
2010H2-E,E,tabicl,20260913,2017H1,24541,162,0.012203282710218321,0.00660119799519172
2010H2-E,E,tabicl,20260913,2017H2,24680,143,0.012019428064893643,0.005794165316045381
2010H2-E,E,tabicl,20260913,2018H1,24416,148,0.012147002122099028,0.006061598951507209
2010H2-E,E,tabicl,20260913,2018H2,24543,146,0.012601659031793886,0.005948743022450393
2010H2-E,E,tabicl,20260913,2019H1,24752,110,0.012078262077818805,0.0044440853264382674
2010H2-E,E,tabicl,20260913,2019H2,24861,136,0.010597527749813937,0.005470415510236917
2010H2-E,E,tabicl,20260913,2020H1,24880,111,0.008452657810823638,0.004461414790996785
2010H2-E,E,tabicl,20260913,2020H2,24919,71,0.007248173653131539,0.0028492315100927005
2010H2-E,E,tabicl,20260913,2021H1,24909,90,0.008021717999367869,0.003613151872817054
2010H2-E,E,tabicl,20260913,2021H2,24929,136,0.009783612401447542,0.005455493601829195
2010H2-E,E,tabicl,20260913,2022H1,24889,291,0.011706506517816167,0.011691912089678172
2010H2-E,E,tabicl,20260913,2022H2,24859,373,0.012285043186691515,0.015004626091154109
2010H2-E,E,tabicl,20260913,2023H1,24882,381,0.012409169609300132,0.015312273932963588
2010H2-E,E,tabicl,20260913,2023H2,24866,363,0.011420961287292577,0.014598246601785572
2010H2-E,E,tabicl@t1,20260911,2011H1,24614,195,0.013977533803132191,0.007922320630535468
2010H2-E,E,tabicl@t1,20260911,2011H2,24646,119,0.010780038339960963,0.004828369715166762
2010H2-E,E,tabicl@t1,20260911,2012H1,24306,148,0.01844447342525385,0.0060890315148523
2010H2-E,E,tabicl@t1,20260911,2012H2,24538,131,0.01790222137884241,0.005338658407368164
2010H2-E,E,tabicl@t1,20260911,2013H1,24341,85,0.018478999676853226,0.003492050449858264
2010H2-E,E,tabicl@t1,20260911,2013H2,23974,142,0.01961613021186362,0.0059230833402853095
2010H2-E,E,tabicl@t1,20260911,2014H1,24341,137,0.017616052989131086,0.005628363666242143
2010H2-E,E,tabicl@t1,20260911,2014H2,24213,99,0.015906519591448617,0.004088712675009293
2010H2-E,E,tabicl@t1,20260911,2015H1,24159,83,0.014263330690826713,0.0034355726644314747
2010H2-E,E,tabicl@t1,20260911,2015H2,24159,130,0.0150502109940309,0.0053810174262179725
2010H2-E,E,tabicl@t1,20260911,2016H1,24632,115,0.015062096960530291,0.0046687236115621955
2010H2-E,E,tabicl@t1,20260911,2016H2,24760,121,0.014307448083434874,0.004886914378029079
2010H2-E,E,tabicl@t1,20260911,2017H1,24541,162,0.016575254003146953,0.00660119799519172
2010H2-E,E,tabicl@t1,20260911,2017H2,24680,143,0.01632520151636108,0.005794165316045381
2010H2-E,E,tabicl@t1,20260911,2018H1,24416,148,0.016353046938381192,0.006061598951507209
2010H2-E,E,tabicl@t1,20260911,2018H2,24543,146,0.016858896612861256,0.005948743022450393
2010H2-E,E,tabicl@t1,20260911,2019H1,24752,110,0.016440028877070304,0.0044440853264382674
2010H2-E,E,tabicl@t1,20260911,2019H2,24861,136,0.015100501757724072,0.005470415510236917
2010H2-E,E,tabicl@t1,20260911,2020H1,24880,111,0.012513586802265803,0.004461414790996785
2010H2-E,E,tabicl@t1,20260911,2020H2,24919,71,0.01104335182122515,0.0028492315100927005
2010H2-E,E,tabicl@t1,20260911,2021H1,24909,90,0.011761572245348,0.003613151872817054
2010H2-E,E,tabicl@t1,20260911,2021H2,24929,136,0.013740665850836921,0.005455493601829195
2010H2-E,E,tabicl@t1,20260911,2022H1,24889,291,0.015802072736072606,0.011691912089678172
2010H2-E,E,tabicl@t1,20260911,2022H2,24859,373,0.01654514932931965,0.015004626091154109
2010H2-E,E,tabicl@t1,20260911,2023H1,24882,381,0.016288922916669172,0.015312273932963588
2010H2-E,E,tabicl@t1,20260911,2023H2,24866,363,0.01511379625098466,0.014598246601785572
2010H2-E,E,tabicl@t1,20260912,2011H1,24614,195,0.014614986025130193,0.007922320630535468
2010H2-E,E,tabicl@t1,20260912,2011H2,24646,119,0.01137614258490231,0.004828369715166762
2010H2-E,E,tabicl@t1,20260912,2012H1,24306,148,0.01864252200519772,0.0060890315148523
2010H2-E,E,tabicl@t1,20260912,2012H2,24538,131,0.017798858551287086,0.005338658407368164
2010H2-E,E,tabicl@t1,20260912,2013H1,24341,85,0.018394777674454185,0.003492050449858264
2010H2-E,E,tabicl@t1,20260912,2013H2,23974,142,0.01932303072058541,0.0059230833402853095
2010H2-E,E,tabicl@t1,20260912,2014H1,24341,137,0.01705335589006487,0.005628363666242143
2010H2-E,E,tabicl@t1,20260912,2014H2,24213,99,0.015431280252537994,0.004088712675009293
2010H2-E,E,tabicl@t1,20260912,2015H1,24159,83,0.01406348131881127,0.0034355726644314747
2010H2-E,E,tabicl@t1,20260912,2015H2,24159,130,0.014577347153174056,0.0053810174262179725
2010H2-E,E,tabicl@t1,20260912,2016H1,24632,115,0.014634485236327228,0.0046687236115621955
2010H2-E,E,tabicl@t1,20260912,2016H2,24760,121,0.013950616383442797,0.004886914378029079
2010H2-E,E,tabicl@t1,20260912,2017H1,24541,162,0.0154579538840784,0.00660119799519172
2010H2-E,E,tabicl@t1,20260912,2017H2,24680,143,0.015138258855937769,0.005794165316045381
2010H2-E,E,tabicl@t1,20260912,2018H1,24416,148,0.01442772151904177,0.006061598951507209
2010H2-E,E,tabicl@t1,20260912,2018H2,24543,146,0.014525434820841997,0.005948743022450393
2010H2-E,E,tabicl@t1,20260912,2019H1,24752,110,0.014287722695158244,0.0044440853264382674
2010H2-E,E,tabicl@t1,20260912,2019H2,24861,136,0.01375313427357781,0.005470415510236917
2010H2-E,E,tabicl@t1,20260912,2020H1,24880,111,0.01165346737875994,0.004461414790996785
2010H2-E,E,tabicl@t1,20260912,2020H2,24919,71,0.010536736383029462,0.0028492315100927005
2010H2-E,E,tabicl@t1,20260912,2021H1,24909,90,0.010968320434167334,0.003613151872817054
2010H2-E,E,tabicl@t1,20260912,2021H2,24929,136,0.012746526485552313,0.005455493601829195
2010H2-E,E,tabicl@t1,20260912,2022H1,24889,291,0.013747365943964265,0.011691912089678172
2010H2-E,E,tabicl@t1,20260912,2022H2,24859,373,0.013482947041582219,0.015004626091154109
2010H2-E,E,tabicl@t1,20260912,2023H1,24882,381,0.012730168338185195,0.015312273932963588
2010H2-E,E,tabicl@t1,20260912,2023H2,24866,363,0.011910143406017681,0.014598246601785572
2010H2-E,E,tabicl@t1,20260913,2011H1,24614,195,0.01364142760422747,0.007922320630535468
2010H2-E,E,tabicl@t1,20260913,2011H2,24646,119,0.010485016620764615,0.004828369715166762
2010H2-E,E,tabicl@t1,20260913,2012H1,24306,148,0.01794272647904616,0.0060890315148523
2010H2-E,E,tabicl@t1,20260913,2012H2,24538,131,0.017348408996091785,0.005338658407368164
2010H2-E,E,tabicl@t1,20260913,2013H1,24341,85,0.018110164922817147,0.003492050449858264
2010H2-E,E,tabicl@t1,20260913,2013H2,23974,142,0.019564735281549138,0.0059230833402853095
2010H2-E,E,tabicl@t1,20260913,2014H1,24341,137,0.017881463318343453,0.005628363666242143
2010H2-E,E,tabicl@t1,20260913,2014H2,24213,99,0.01614834911601948,0.004088712675009293
2010H2-E,E,tabicl@t1,20260913,2015H1,24159,83,0.014309764431617937,0.0034355726644314747
2010H2-E,E,tabicl@t1,20260913,2015H2,24159,130,0.015608070792713069,0.0053810174262179725
2010H2-E,E,tabicl@t1,20260913,2016H1,24632,115,0.015496934052086669,0.0046687236115621955
2010H2-E,E,tabicl@t1,20260913,2016H2,24760,121,0.014640531900095939,0.004886914378029079
2010H2-E,E,tabicl@t1,20260913,2017H1,24541,162,0.017412622190390973,0.00660119799519172
2010H2-E,E,tabicl@t1,20260913,2017H2,24680,143,0.01722208729648031,0.005794165316045381
2010H2-E,E,tabicl@t1,20260913,2018H1,24416,148,0.017417796497392363,0.006061598951507209
2010H2-E,E,tabicl@t1,20260913,2018H2,24543,146,0.01804177406721245,0.005948743022450393
2010H2-E,E,tabicl@t1,20260913,2019H1,24752,110,0.017407024873042364,0.0044440853264382674
2010H2-E,E,tabicl@t1,20260913,2019H2,24861,136,0.015394523200112118,0.005470415510236917
2010H2-E,E,tabicl@t1,20260913,2020H1,24880,111,0.012465436252009611,0.004461414790996785
2010H2-E,E,tabicl@t1,20260913,2020H2,24919,71,0.010792985808485334,0.0028492315100927005
2010H2-E,E,tabicl@t1,20260913,2021H1,24909,90,0.011882144778277407,0.003613151872817054
2010H2-E,E,tabicl@t1,20260913,2021H2,24929,136,0.01428978341855618,0.005455493601829195
2010H2-E,E,tabicl@t1,20260913,2022H1,24889,291,0.016955005742315867,0.011691912089678172
2010H2-E,E,tabicl@t1,20260913,2022H2,24859,373,0.01778441359684937,0.015004626091154109
2010H2-E,E,tabicl@t1,20260913,2023H1,24882,381,0.017877444752843103,0.015312273932963588
2010H2-E,E,tabicl@t1,20260913,2023H2,24866,363,0.016507674731270097,0.014598246601785572
2010H2-E,E,tabpfn,20260911,2011H1,24614,195,0.010656988549906652,0.007922320630535468
2010H2-E,E,tabpfn,20260911,2011H2,24646,119,0.007934003882618957,0.004828369715166762
2010H2-E,E,tabpfn,20260911,2012H1,24306,148,0.015701287559978676,0.0060890315148523
2010H2-E,E,tabpfn,20260911,2012H2,24538,131,0.01494786576521523,0.005338658407368164
2010H2-E,E,tabpfn,20260911,2013H1,24341,85,0.015161458296479477,0.003492050449858264
2010H2-E,E,tabpfn,20260911,2013H2,23974,142,0.01540940057932026,0.0059230833402853095
2010H2-E,E,tabpfn,20260911,2014H1,24341,137,0.01286020513520415,0.005628363666242143
2010H2-E,E,tabpfn,20260911,2014H2,24213,99,0.010950010521791358,0.004088712675009293
2010H2-E,E,tabpfn,20260911,2015H1,24159,83,0.009566682212054605,0.0034355726644314747
2010H2-E,E,tabpfn,20260911,2015H2,24159,130,0.0100146634263444,0.0053810174262179725
2010H2-E,E,tabpfn,20260911,2016H1,24632,115,0.009998989630137217,0.0046687236115621955
2010H2-E,E,tabpfn,20260911,2016H2,24760,121,0.009350462500770935,0.004886914378029079
2010H2-E,E,tabpfn,20260911,2017H1,24541,162,0.011030842627705949,0.00660119799519172
2010H2-E,E,tabpfn,20260911,2017H2,24680,143,0.010682652110388243,0.005794165316045381
2010H2-E,E,tabpfn,20260911,2018H1,24416,148,0.010619584795075566,0.006061598951507209
2010H2-E,E,tabpfn,20260911,2018H2,24543,146,0.010906661386955459,0.005948743022450393
2010H2-E,E,tabpfn,20260911,2019H1,24752,110,0.010551234703883448,0.0044440853264382674
2010H2-E,E,tabpfn,20260911,2019H2,24861,136,0.00965749514014282,0.005470415510236917
2010H2-E,E,tabpfn,20260911,2020H1,24880,111,0.007914407029400659,0.004461414790996785
2010H2-E,E,tabpfn,20260911,2020H2,24919,71,0.0068548776172372835,0.0028492315100927005
2010H2-E,E,tabpfn,20260911,2021H1,24909,90,0.007374193762520816,0.003613151872817054
2010H2-E,E,tabpfn,20260911,2021H2,24929,136,0.008804599005592146,0.005455493601829195
2010H2-E,E,tabpfn,20260911,2022H1,24889,291,0.010194126813058679,0.011691912089678172
2010H2-E,E,tabpfn,20260911,2022H2,24859,373,0.01045097131061111,0.015004626091154109
2010H2-E,E,tabpfn,20260911,2023H1,24882,381,0.010341948806486702,0.015312273932963588
2010H2-E,E,tabpfn,20260911,2023H2,24866,363,0.009537811051203464,0.014598246601785572
2010H2-E,E,tabpfn,20260912,2011H1,24614,195,0.009990743067774465,0.007922320630535468
2010H2-E,E,tabpfn,20260912,2011H2,24646,119,0.007661462023578196,0.004828369715166762
2010H2-E,E,tabpfn,20260912,2012H1,24306,148,0.01340245449718799,0.0060890315148523
2010H2-E,E,tabpfn,20260912,2012H2,24538,131,0.012809254897604663,0.005338658407368164
2010H2-E,E,tabpfn,20260912,2013H1,24341,85,0.013413029140977818,0.003492050449858264
2010H2-E,E,tabpfn,20260912,2013H2,23974,142,0.013949788201170016,0.0059230833402853095
2010H2-E,E,tabpfn,20260912,2014H1,24341,137,0.011885428888743606,0.005628363666242143
2010H2-E,E,tabpfn,20260912,2014H2,24213,99,0.010469256595361453,0.004088712675009293
2010H2-E,E,tabpfn,20260912,2015H1,24159,83,0.009423342783243374,0.0034355726644314747
2010H2-E,E,tabpfn,20260912,2015H2,24159,130,0.009732148960936162,0.0053810174262179725
2010H2-E,E,tabpfn,20260912,2016H1,24632,115,0.009792024894806186,0.0046687236115621955
2010H2-E,E,tabpfn,20260912,2016H2,24760,121,0.009307822381966507,0.004886914378029079
2010H2-E,E,tabpfn,20260912,2017H1,24541,162,0.010445786124148211,0.00660119799519172
2010H2-E,E,tabpfn,20260912,2017H2,24680,143,0.010131922634640819,0.005794165316045381
2010H2-E,E,tabpfn,20260912,2018H1,24416,148,0.0095746107413711,0.006061598951507209
2010H2-E,E,tabpfn,20260912,2018H2,24543,146,0.009625596391003695,0.005948743022450393
2010H2-E,E,tabpfn,20260912,2019H1,24752,110,0.009422215836918423,0.0044440853264382674
2010H2-E,E,tabpfn,20260912,2019H2,24861,136,0.009100641911680227,0.005470415510236917
2010H2-E,E,tabpfn,20260912,2020H1,24880,111,0.007621871532390118,0.004461414790996785
2010H2-E,E,tabpfn,20260912,2020H2,24919,71,0.006748840512657461,0.0028492315100927005
2010H2-E,E,tabpfn,20260912,2021H1,24909,90,0.007068001535402419,0.003613151872817054
2010H2-E,E,tabpfn,20260912,2021H2,24929,136,0.008337196600434381,0.005455493601829195
2010H2-E,E,tabpfn,20260912,2022H1,24889,291,0.009051230457120493,0.011691912089678172
2010H2-E,E,tabpfn,20260912,2022H2,24859,373,0.008745212947902438,0.015004626091154109
2010H2-E,E,tabpfn,20260912,2023H1,24882,381,0.008070664330538635,0.015312273932963588
2010H2-E,E,tabpfn,20260912,2023H2,24866,363,0.0074754932819812,0.014598246601785572
2010H2-E,E,tabpfn,20260913,2011H1,24614,195,0.008782339059635571,0.007922320630535468
2010H2-E,E,tabpfn,20260913,2011H2,24646,119,0.006711354622833773,0.004828369715166762
2010H2-E,E,tabpfn,20260913,2012H1,24306,148,0.012163273366000074,0.0060890315148523
2010H2-E,E,tabpfn,20260913,2012H2,24538,131,0.011810004261793282,0.005338658407368164
2010H2-E,E,tabpfn,20260913,2013H1,24341,85,0.012443481865598764,0.003492050449858264
2010H2-E,E,tabpfn,20260913,2013H2,23974,142,0.013448609725689844,0.0059230833402853095
2010H2-E,E,tabpfn,20260913,2014H1,24341,137,0.01211417737137863,0.005628363666242143
2010H2-E,E,tabpfn,20260913,2014H2,24213,99,0.010808013798067444,0.004088712675009293
2010H2-E,E,tabpfn,20260913,2015H1,24159,83,0.009514926925009964,0.0034355726644314747
2010H2-E,E,tabpfn,20260913,2015H2,24159,130,0.010311798726457365,0.0053810174262179725
2010H2-E,E,tabpfn,20260913,2016H1,24632,115,0.010303798604158683,0.0046687236115621955
2010H2-E,E,tabpfn,20260913,2016H2,24760,121,0.009667759461340776,0.004886914378029079
2010H2-E,E,tabpfn,20260913,2017H1,24541,162,0.011571675524601487,0.00660119799519172
2010H2-E,E,tabpfn,20260913,2017H2,24680,143,0.011346455306930417,0.005794165316045381
2010H2-E,E,tabpfn,20260913,2018H1,24416,148,0.01139068363855129,0.006061598951507209
2010H2-E,E,tabpfn,20260913,2018H2,24543,146,0.011807143136385607,0.005948743022450393
2010H2-E,E,tabpfn,20260913,2019H1,24752,110,0.011381216557360808,0.0044440853264382674
2010H2-E,E,tabpfn,20260913,2019H2,24861,136,0.010054473042987505,0.005470415510236917
2010H2-E,E,tabpfn,20260913,2020H1,24880,111,0.008117124439995444,0.004461414790996785
2010H2-E,E,tabpfn,20260913,2020H2,24919,71,0.006924562617435506,0.0028492315100927005
2010H2-E,E,tabpfn,20260913,2021H1,24909,90,0.0077124896098780225,0.003613151872817054
2010H2-E,E,tabpfn,20260913,2021H2,24929,136,0.009413419108502123,0.005455493601829195
2010H2-E,E,tabpfn,20260913,2022H1,24889,291,0.011293733040951891,0.011691912089678172
2010H2-E,E,tabpfn,20260913,2022H2,24859,373,0.011663209547402825,0.015004626091154109
2010H2-E,E,tabpfn,20260913,2023H1,24882,381,0.01166937154638181,0.015312273932963588
2010H2-E,E,tabpfn,20260913,2023H2,24866,363,0.010690390039963886,0.014598246601785572
2010H2-E,E,tabpfn@t1,20260911,2011H1,24614,195,0.014510320410537039,0.007922320630535468
2010H2-E,E,tabpfn@t1,20260911,2011H2,24646,119,0.011087238947682689,0.004828369715166762
2010H2-E,E,tabpfn@t1,20260911,2012H1,24306,148,0.02038312518475632,0.0060890315148523
2010H2-E,E,tabpfn@t1,20260911,2012H2,24538,131,0.019512664211750276,0.005338658407368164
2010H2-E,E,tabpfn@t1,20260911,2013H1,24341,85,0.019888303139782938,0.003492050449858264
2010H2-E,E,tabpfn@t1,20260911,2013H2,23974,142,0.0204623849644569,0.0059230833402853095
2010H2-E,E,tabpfn@t1,20260911,2014H1,24341,137,0.017600993965256363,0.005628363666242143
2010H2-E,E,tabpfn@t1,20260911,2014H2,24213,99,0.01543729262324706,0.004088712675009293
2010H2-E,E,tabpfn@t1,20260911,2015H1,24159,83,0.013770902151182542,0.0034355726644314747
2010H2-E,E,tabpfn@t1,20260911,2015H2,24159,130,0.014425301262769709,0.0053810174262179725
2010H2-E,E,tabpfn@t1,20260911,2016H1,24632,115,0.014454695866869613,0.0046687236115621955
2010H2-E,E,tabpfn@t1,20260911,2016H2,24760,121,0.013653674258447386,0.004886914378029079
2010H2-E,E,tabpfn@t1,20260911,2017H1,24541,162,0.015891170034567897,0.00660119799519172
2010H2-E,E,tabpfn@t1,20260911,2017H2,24680,143,0.01551431213198773,0.005794165316045381
2010H2-E,E,tabpfn@t1,20260911,2018H1,24416,148,0.015454285574758694,0.006061598951507209
2010H2-E,E,tabpfn@t1,20260911,2018H2,24543,146,0.015872820127310318,0.005948743022450393
2010H2-E,E,tabpfn@t1,20260911,2019H1,24752,110,0.01544374880526537,0.0044440853264382674
2010H2-E,E,tabpfn@t1,20260911,2019H2,24861,136,0.014193339352576839,0.005470415510236917
2010H2-E,E,tabpfn@t1,20260911,2020H1,24880,111,0.011808504253355232,0.004461414790996785
2010H2-E,E,tabpfn@t1,20260911,2020H2,24919,71,0.010344333898073122,0.0028492315100927005
2010H2-E,E,tabpfn@t1,20260911,2021H1,24909,90,0.011086239062294556,0.003613151872817054
2010H2-E,E,tabpfn@t1,20260911,2021H2,24929,136,0.013058344820058064,0.005455493601829195
2010H2-E,E,tabpfn@t1,20260911,2022H1,24889,291,0.015006002074057218,0.011691912089678172
2010H2-E,E,tabpfn@t1,20260911,2022H2,24859,373,0.015371667312790858,0.015004626091154109
2010H2-E,E,tabpfn@t1,20260911,2023H1,24882,381,0.015166201450741261,0.015312273932963588
2010H2-E,E,tabpfn@t1,20260911,2023H2,24866,363,0.014043991325597815,0.014598246601785572
2010H2-E,E,tabpfn@t1,20260912,2011H1,24614,195,0.013936101358368504,0.007922320630535468
2010H2-E,E,tabpfn@t1,20260912,2011H2,24646,119,0.010903518806270798,0.004828369715166762
2010H2-E,E,tabpfn@t1,20260912,2012H1,24306,148,0.018063829216834124,0.0060890315148523
2010H2-E,E,tabpfn@t1,20260912,2012H2,24538,131,0.017351781259434457,0.005338658407368164
2010H2-E,E,tabpfn@t1,20260912,2013H1,24341,85,0.018156246417456445,0.003492050449858264
2010H2-E,E,tabpfn@t1,20260912,2013H2,23974,142,0.0190433152691949,0.0059230833402853095
2010H2-E,E,tabpfn@t1,20260912,2014H1,24341,137,0.016641722420637,0.005628363666242143
2010H2-E,E,tabpfn@t1,20260912,2014H2,24213,99,0.014986179207722147,0.004088712675009293
2010H2-E,E,tabpfn@t1,20260912,2015H1,24159,83,0.013686463426826348,0.0034355726644314747
2010H2-E,E,tabpfn@t1,20260912,2015H2,24159,130,0.014142914624982005,0.0053810174262179725
2010H2-E,E,tabpfn@t1,20260912,2016H1,24632,115,0.014270831520992424,0.0046687236115621955
2010H2-E,E,tabpfn@t1,20260912,2016H2,24760,121,0.013654414697260185,0.004886914378029079
2010H2-E,E,tabpfn@t1,20260912,2017H1,24541,162,0.01521451287490341,0.00660119799519172
2010H2-E,E,tabpfn@t1,20260912,2017H2,24680,143,0.014860183488412226,0.005794165316045381
2010H2-E,E,tabpfn@t1,20260912,2018H1,24416,148,0.014165066615077507,0.006061598951507209
2010H2-E,E,tabpfn@t1,20260912,2018H2,24543,146,0.014258259931981494,0.005948743022450393
2010H2-E,E,tabpfn@t1,20260912,2019H1,24752,110,0.014020656032499452,0.0044440853264382674
2010H2-E,E,tabpfn@t1,20260912,2019H2,24861,136,0.01350199477680355,0.005470415510236917
2010H2-E,E,tabpfn@t1,20260912,2020H1,24880,111,0.011434636908799095,0.004461414790996785
2010H2-E,E,tabpfn@t1,20260912,2020H2,24919,71,0.010214550881953787,0.0028492315100927005
2010H2-E,E,tabpfn@t1,20260912,2021H1,24909,90,0.010701789840817197,0.003613151872817054
2010H2-E,E,tabpfn@t1,20260912,2021H2,24929,136,0.01247753181704151,0.005455493601829195
2010H2-E,E,tabpfn@t1,20260912,2022H1,24889,291,0.013549488601026841,0.011691912089678172
2010H2-E,E,tabpfn@t1,20260912,2022H2,24859,373,0.013186924905880443,0.015004626091154109
2010H2-E,E,tabpfn@t1,20260912,2023H1,24882,381,0.012251989464241197,0.015312273932963588
2010H2-E,E,tabpfn@t1,20260912,2023H2,24866,363,0.011390279221680698,0.014598246601785572
2010H2-E,E,tabpfn@t1,20260913,2011H1,24614,195,0.012450605783151257,0.007922320630535468
2010H2-E,E,tabpfn@t1,20260913,2011H2,24646,119,0.009686118265754357,0.004828369715166762
2010H2-E,E,tabpfn@t1,20260913,2012H1,24306,148,0.016569852152206473,0.0060890315148523
2010H2-E,E,tabpfn@t1,20260913,2012H2,24538,131,0.016138903505910872,0.005338658407368164
2010H2-E,E,tabpfn@t1,20260913,2013H1,24341,85,0.01700547112726505,0.003492050449858264
2010H2-E,E,tabpfn@t1,20260913,2013H2,23974,142,0.018503917375379788,0.0059230833402853095
2010H2-E,E,tabpfn@t1,20260913,2014H1,24341,137,0.01699192316444577,0.005628363666242143
2010H2-E,E,tabpfn@t1,20260913,2014H2,24213,99,0.015406841451446083,0.004088712675009293
2010H2-E,E,tabpfn@t1,20260913,2015H1,24159,83,0.013762636628548337,0.0034355726644314747
2010H2-E,E,tabpfn@t1,20260913,2015H2,24159,130,0.01487122679537588,0.0053810174262179725
2010H2-E,E,tabpfn@t1,20260913,2016H1,24632,115,0.014874144695878404,0.0046687236115621955
2010H2-E,E,tabpfn@t1,20260913,2016H2,24760,121,0.014044409339094831,0.004886914378029079
2010H2-E,E,tabpfn@t1,20260913,2017H1,24541,162,0.016606979407226805,0.00660119799519172
2010H2-E,E,tabpfn@t1,20260913,2017H2,24680,143,0.016350902831501694,0.005794165316045381
2010H2-E,E,tabpfn@t1,20260913,2018H1,24416,148,0.01644156367202505,0.006061598951507209
2010H2-E,E,tabpfn@t1,20260913,2018H2,24543,146,0.017010568097611558,0.005948743022450393
2010H2-E,E,tabpfn@t1,20260913,2019H1,24752,110,0.016496702556417744,0.0044440853264382674
2010H2-E,E,tabpfn@t1,20260913,2019H2,24861,136,0.014678131881500514,0.005470415510236917
2010H2-E,E,tabpfn@t1,20260913,2020H1,24880,111,0.012015864768742831,0.004461414790996785
2010H2-E,E,tabpfn@t1,20260913,2020H2,24919,71,0.01035874615926538,0.0028492315100927005
2010H2-E,E,tabpfn@t1,20260913,2021H1,24909,90,0.011466578361288147,0.003613151872817054
2010H2-E,E,tabpfn@t1,20260913,2021H2,24929,136,0.013796068991071482,0.005455493601829195
2010H2-E,E,tabpfn@t1,20260913,2022H1,24889,291,0.016393122602825293,0.011691912089678172
2010H2-E,E,tabpfn@t1,20260913,2022H2,24859,373,0.016933131994289016,0.015004626091154109
2010H2-E,E,tabpfn@t1,20260913,2023H1,24882,381,0.0168785572415084,0.015312273932963588
2010H2-E,E,tabpfn@t1,20260913,2023H2,24866,363,0.01552030101204911,0.014598246601785572
2012H2-E,E,gbm,,2013H1,24341,85,0.015638243816192304,0.003492050449858264
2012H2-E,E,gbm,,2013H2,23974,142,0.016937575379781165,0.0059230833402853095
2012H2-E,E,gbm,,2014H1,24341,137,0.015548638713104359,0.005628363666242143
2012H2-E,E,gbm,,2014H2,24213,99,0.014175193314806404,0.004088712675009293
2012H2-E,E,gbm,,2015H1,24159,83,0.012758088995995728,0.0034355726644314747
2012H2-E,E,gbm,,2015H2,24159,130,0.0139046837961892,0.0053810174262179725
2012H2-E,E,gbm,,2016H1,24632,115,0.013753058358148499,0.0046687236115621955
2012H2-E,E,gbm,,2016H2,24760,121,0.012997227610208249,0.004886914378029079
2012H2-E,E,gbm,,2017H1,24541,162,0.015119655164175844,0.00660119799519172
2012H2-E,E,gbm,,2017H2,24680,143,0.01500478460361194,0.005794165316045381
2012H2-E,E,gbm,,2018H1,24416,148,0.014863894506276787,0.006061598951507209
2012H2-E,E,gbm,,2018H2,24543,146,0.015254852344057606,0.005948743022450393
2012H2-E,E,gbm,,2019H1,24752,110,0.014699286219713564,0.0044440853264382674
2012H2-E,E,gbm,,2019H2,24861,136,0.013256320685403989,0.005470415510236917
2012H2-E,E,gbm,,2020H1,24880,111,0.011046476945106957,0.004461414790996785
2012H2-E,E,gbm,,2020H2,24919,71,0.009678492083015704,0.0028492315100927005
2012H2-E,E,gbm,,2021H1,24909,90,0.010736600808122485,0.003613151872817054
2012H2-E,E,gbm,,2021H2,24929,136,0.012839365375370991,0.005455493601829195
2012H2-E,E,gbm,,2022H1,24889,291,0.014643790706941046,0.011691912089678172
2012H2-E,E,gbm,,2022H2,24859,373,0.014636622598216931,0.015004626091154109
2012H2-E,E,gbm,,2023H1,24882,381,0.01433496567476142,0.015312273932963588
2012H2-E,E,gbm,,2023H2,24866,363,0.01337323055008102,0.014598246601785572
2012H2-E,E,gbm-50k,20260911,2013H1,24341,85,0.01678036119763834,0.003492050449858264
2012H2-E,E,gbm-50k,20260911,2013H2,23974,142,0.018212458491718805,0.0059230833402853095
2012H2-E,E,gbm-50k,20260911,2014H1,24341,137,0.016187690478268978,0.005628363666242143
2012H2-E,E,gbm-50k,20260911,2014H2,24213,99,0.014107008409886924,0.004088712675009293
2012H2-E,E,gbm-50k,20260911,2015H1,24159,83,0.01231325217535464,0.0034355726644314747
2012H2-E,E,gbm-50k,20260911,2015H2,24159,130,0.013442536651672634,0.0053810174262179725
2012H2-E,E,gbm-50k,20260911,2016H1,24632,115,0.0131251058287384,0.0046687236115621955
2012H2-E,E,gbm-50k,20260911,2016H2,24760,121,0.0121672132313407,0.004886914378029079
2012H2-E,E,gbm-50k,20260911,2017H1,24541,162,0.014504527468011908,0.00660119799519172
2012H2-E,E,gbm-50k,20260911,2017H2,24680,143,0.014285949625730456,0.005794165316045381
2012H2-E,E,gbm-50k,20260911,2018H1,24416,148,0.014200851092424261,0.006061598951507209
2012H2-E,E,gbm-50k,20260911,2018H2,24543,146,0.014554521153574789,0.005948743022450393
2012H2-E,E,gbm-50k,20260911,2019H1,24752,110,0.014046857572383872,0.0044440853264382674
2012H2-E,E,gbm-50k,20260911,2019H2,24861,136,0.012421781610198827,0.005470415510236917
2012H2-E,E,gbm-50k,20260911,2020H1,24880,111,0.01010229434994827,0.004461414790996785
2012H2-E,E,gbm-50k,20260911,2020H2,24919,71,0.008878581272993331,0.0028492315100927005
2012H2-E,E,gbm-50k,20260911,2021H1,24909,90,0.009848573082586999,0.003613151872817054
2012H2-E,E,gbm-50k,20260911,2021H2,24929,136,0.01190282155729395,0.005455493601829195
2012H2-E,E,gbm-50k,20260911,2022H1,24889,291,0.01368443183102773,0.011691912089678172
2012H2-E,E,gbm-50k,20260911,2022H2,24859,373,0.013729275948113812,0.015004626091154109
2012H2-E,E,gbm-50k,20260911,2023H1,24882,381,0.014042274675703266,0.015312273932963588
2012H2-E,E,gbm-50k,20260911,2023H2,24866,363,0.013059581522135974,0.014598246601785572
2012H2-E,E,gbm-50k,20260912,2013H1,24341,85,0.015542232130996512,0.003492050449858264
2012H2-E,E,gbm-50k,20260912,2013H2,23974,142,0.017263696795158465,0.0059230833402853095
2012H2-E,E,gbm-50k,20260912,2014H1,24341,137,0.016349418509605574,0.005628363666242143
2012H2-E,E,gbm-50k,20260912,2014H2,24213,99,0.015097702240980906,0.004088712675009293
2012H2-E,E,gbm-50k,20260912,2015H1,24159,83,0.013708736401305151,0.0034355726644314747
2012H2-E,E,gbm-50k,20260912,2015H2,24159,130,0.014934427519921878,0.0053810174262179725
2012H2-E,E,gbm-50k,20260912,2016H1,24632,115,0.014751463105355635,0.0046687236115621955
2012H2-E,E,gbm-50k,20260912,2016H2,24760,121,0.01394050338645467,0.004886914378029079
2012H2-E,E,gbm-50k,20260912,2017H1,24541,162,0.01623710074662567,0.00660119799519172
2012H2-E,E,gbm-50k,20260912,2017H2,24680,143,0.016221604206294066,0.005794165316045381
2012H2-E,E,gbm-50k,20260912,2018H1,24416,148,0.016422242415781597,0.006061598951507209
2012H2-E,E,gbm-50k,20260912,2018H2,24543,146,0.016930581083178017,0.005948743022450393
2012H2-E,E,gbm-50k,20260912,2019H1,24752,110,0.01642809588702438,0.0044440853264382674
2012H2-E,E,gbm-50k,20260912,2019H2,24861,136,0.014634697708396543,0.005470415510236917
2012H2-E,E,gbm-50k,20260912,2020H1,24880,111,0.01236480144856827,0.004461414790996785
2012H2-E,E,gbm-50k,20260912,2020H2,24919,71,0.0109696717604805,0.0028492315100927005
2012H2-E,E,gbm-50k,20260912,2021H1,24909,90,0.011883040049498346,0.003613151872817054
2012H2-E,E,gbm-50k,20260912,2021H2,24929,136,0.013728947202631736,0.005455493601829195
2012H2-E,E,gbm-50k,20260912,2022H1,24889,291,0.015704985066187203,0.011691912089678172
2012H2-E,E,gbm-50k,20260912,2022H2,24859,373,0.016446390348318973,0.015004626091154109
2012H2-E,E,gbm-50k,20260912,2023H1,24882,381,0.01672310901630351,0.015312273932963588
2012H2-E,E,gbm-50k,20260912,2023H2,24866,363,0.015572091968550425,0.014598246601785572
2012H2-E,E,gbm-50k,20260913,2013H1,24341,85,0.014122702931840597,0.003492050449858264
2012H2-E,E,gbm-50k,20260913,2013H2,23974,142,0.01571115662792327,0.0059230833402853095
2012H2-E,E,gbm-50k,20260913,2014H1,24341,137,0.01511259362239286,0.005628363666242143
2012H2-E,E,gbm-50k,20260913,2014H2,24213,99,0.014063139968201544,0.004088712675009293
2012H2-E,E,gbm-50k,20260913,2015H1,24159,83,0.012682093948006914,0.0034355726644314747
2012H2-E,E,gbm-50k,20260913,2015H2,24159,130,0.013831450179999726,0.0053810174262179725
2012H2-E,E,gbm-50k,20260913,2016H1,24632,115,0.01368591809349266,0.0046687236115621955
2012H2-E,E,gbm-50k,20260913,2016H2,24760,121,0.012929245480505674,0.004886914378029079
2012H2-E,E,gbm-50k,20260913,2017H1,24541,162,0.014818990697234363,0.00660119799519172
2012H2-E,E,gbm-50k,20260913,2017H2,24680,143,0.014764134077963505,0.005794165316045381
2012H2-E,E,gbm-50k,20260913,2018H1,24416,148,0.014834549793255066,0.006061598951507209
2012H2-E,E,gbm-50k,20260913,2018H2,24543,146,0.015310576500910614,0.005948743022450393
2012H2-E,E,gbm-50k,20260913,2019H1,24752,110,0.014904402941085767,0.0044440853264382674
2012H2-E,E,gbm-50k,20260913,2019H2,24861,136,0.013303661998192131,0.005470415510236917
2012H2-E,E,gbm-50k,20260913,2020H1,24880,111,0.01129118581192071,0.004461414790996785
2012H2-E,E,gbm-50k,20260913,2020H2,24919,71,0.01004446303389987,0.0028492315100927005
2012H2-E,E,gbm-50k,20260913,2021H1,24909,90,0.010988546857533307,0.003613151872817054
2012H2-E,E,gbm-50k,20260913,2021H2,24929,136,0.012848592694672449,0.005455493601829195
2012H2-E,E,gbm-50k,20260913,2022H1,24889,291,0.014813670509165022,0.011691912089678172
2012H2-E,E,gbm-50k,20260913,2022H2,24859,373,0.015336379246524983,0.015004626091154109
2012H2-E,E,gbm-50k,20260913,2023H1,24882,381,0.015500525670175007,0.015312273932963588
2012H2-E,E,gbm-50k,20260913,2023H2,24866,363,0.014605132916169144,0.014598246601785572
2012H2-E,E,scorecard,,2013H1,24341,85,0.01118725635851167,0.003492050449858264
2012H2-E,E,scorecard,,2013H2,23974,142,0.01367760315375658,0.0059230833402853095
2012H2-E,E,scorecard,,2014H1,24341,137,0.013914665455556016,0.005628363666242143
2012H2-E,E,scorecard,,2014H2,24213,99,0.013338944093448175,0.004088712675009293
2012H2-E,E,scorecard,,2015H1,24159,83,0.011847941123698576,0.0034355726644314747
2012H2-E,E,scorecard,,2015H2,24159,130,0.013626418256807155,0.0053810174262179725
2012H2-E,E,scorecard,,2016H1,24632,115,0.01348862624864205,0.0046687236115621955
2012H2-E,E,scorecard,,2016H2,24760,121,0.012632174255829992,0.004886914378029079
2012H2-E,E,scorecard,,2017H1,24541,162,0.015062070217896358,0.00660119799519172
2012H2-E,E,scorecard,,2017H2,24680,143,0.015358018492899967,0.005794165316045381
2012H2-E,E,scorecard,,2018H1,24416,148,0.015734502920924206,0.006061598951507209
2012H2-E,E,scorecard,,2018H2,24543,146,0.016481027907443515,0.005948743022450393
2012H2-E,E,scorecard,,2019H1,24752,110,0.015612624877669632,0.0044440853264382674
2012H2-E,E,scorecard,,2019H2,24861,136,0.013261827711580243,0.005470415510236917
2012H2-E,E,scorecard,,2020H1,24880,111,0.010818130302794915,0.004461414790996785
2012H2-E,E,scorecard,,2020H2,24919,71,0.009385102413299592,0.0028492315100927005
2012H2-E,E,scorecard,,2021H1,24909,90,0.010690819441681628,0.003613151872817054
2012H2-E,E,scorecard,,2021H2,24929,136,0.013243970380045857,0.005455493601829195
2012H2-E,E,scorecard,,2022H1,24889,291,0.015616712023427617,0.011691912089678172
2012H2-E,E,scorecard,,2022H2,24859,373,0.016467679913672265,0.015004626091154109
2012H2-E,E,scorecard,,2023H1,24882,381,0.01651844762769065,0.015312273932963588
2012H2-E,E,scorecard,,2023H2,24866,363,0.015410835425945095,0.014598246601785572
2012H2-E,E,tabicl,20260911,2013H1,24341,85,0.01232523541527386,0.003492050449858264
2012H2-E,E,tabicl,20260911,2013H2,23974,142,0.013406571427032473,0.0059230833402853095
2012H2-E,E,tabicl,20260911,2014H1,24341,137,0.011652042234455574,0.005628363666242143
2012H2-E,E,tabicl,20260911,2014H2,24213,99,0.010066623662658623,0.004088712675009293
2012H2-E,E,tabicl,20260911,2015H1,24159,83,0.00859201589226053,0.0034355726644314747
2012H2-E,E,tabicl,20260911,2015H2,24159,130,0.009300245431502235,0.0053810174262179725
2012H2-E,E,tabicl,20260911,2016H1,24632,115,0.009124730328749988,0.0046687236115621955
2012H2-E,E,tabicl,20260911,2016H2,24760,121,0.00844919027534885,0.004886914378029079
2012H2-E,E,tabicl,20260911,2017H1,24541,162,0.010141292674957256,0.00660119799519172
2012H2-E,E,tabicl,20260911,2017H2,24680,143,0.009932349898489824,0.005794165316045381
2012H2-E,E,tabicl,20260911,2018H1,24416,148,0.009862032985312514,0.006061598951507209
2012H2-E,E,tabicl,20260911,2018H2,24543,146,0.010069844199270546,0.005948743022450393
2012H2-E,E,tabicl,20260911,2019H1,24752,110,0.009664450821669406,0.0044440853264382674
2012H2-E,E,tabicl,20260911,2019H2,24861,136,0.008609283548055506,0.005470415510236917
2012H2-E,E,tabicl,20260911,2020H1,24880,111,0.006855856112921829,0.004461414790996785
2012H2-E,E,tabicl,20260911,2020H2,24919,71,0.0057680070342081185,0.0028492315100927005
2012H2-E,E,tabicl,20260911,2021H1,24909,90,0.006487534225091204,0.003613151872817054
2012H2-E,E,tabicl,20260911,2021H2,24929,136,0.00796154032904211,0.005455493601829195
2012H2-E,E,tabicl,20260911,2022H1,24889,291,0.00920109392116919,0.011691912089678172
2012H2-E,E,tabicl,20260911,2022H2,24859,373,0.009252360582000413,0.015004626091154109
2012H2-E,E,tabicl,20260911,2023H1,24882,381,0.009286989728642588,0.015312273932963588
2012H2-E,E,tabicl,20260911,2023H2,24866,363,0.008660270643812945,0.014598246601785572
2012H2-E,E,tabicl,20260912,2013H1,24341,85,0.012576759499731202,0.003492050449858264
2012H2-E,E,tabicl,20260912,2013H2,23974,142,0.013844840972335024,0.0059230833402853095
2012H2-E,E,tabicl,20260912,2014H1,24341,137,0.012482525191851265,0.005628363666242143
2012H2-E,E,tabicl,20260912,2014H2,24213,99,0.01117428195482048,0.004088712675009293
2012H2-E,E,tabicl,20260912,2015H1,24159,83,0.009671504940319818,0.0034355726644314747
2012H2-E,E,tabicl,20260912,2015H2,24159,130,0.01057543299405751,0.0053810174262179725
2012H2-E,E,tabicl,20260912,2016H1,24632,115,0.010396638471613649,0.0046687236115621955
2012H2-E,E,tabicl,20260912,2016H2,24760,121,0.009658355470056891,0.004886914378029079
2012H2-E,E,tabicl,20260912,2017H1,24541,162,0.011447837460721694,0.00660119799519172
2012H2-E,E,tabicl,20260912,2017H2,24680,143,0.011277306009297147,0.005794165316045381
2012H2-E,E,tabicl,20260912,2018H1,24416,148,0.011177307626760518,0.006061598951507209
2012H2-E,E,tabicl,20260912,2018H2,24543,146,0.011489923533317296,0.005948743022450393
2012H2-E,E,tabicl,20260912,2019H1,24752,110,0.011102625204132714,0.0044440853264382674
2012H2-E,E,tabicl,20260912,2019H2,24861,136,0.010032389811075284,0.005470415510236917
2012H2-E,E,tabicl,20260912,2020H1,24880,111,0.008250731609289972,0.004461414790996785
2012H2-E,E,tabicl,20260912,2020H2,24919,71,0.007024619033624824,0.0028492315100927005
2012H2-E,E,tabicl,20260912,2021H1,24909,90,0.007725083608522006,0.003613151872817054
2012H2-E,E,tabicl,20260912,2021H2,24929,136,0.009308503100383688,0.005455493601829195
2012H2-E,E,tabicl,20260912,2022H1,24889,291,0.010800775153193765,0.011691912089678172
2012H2-E,E,tabicl,20260912,2022H2,24859,373,0.010883492809027897,0.015004626091154109
2012H2-E,E,tabicl,20260912,2023H1,24882,381,0.010745755518492618,0.015312273932963588
2012H2-E,E,tabicl,20260912,2023H2,24866,363,0.009846912639657007,0.014598246601785572
2012H2-E,E,tabicl,20260913,2013H1,24341,85,0.010208097589926324,0.003492050449858264
2012H2-E,E,tabicl,20260913,2013H2,23974,142,0.01159832140344611,0.0059230833402853095
2012H2-E,E,tabicl,20260913,2014H1,24341,137,0.0109390198734458,0.005628363666242143
2012H2-E,E,tabicl,20260913,2014H2,24213,99,0.010191533448614376,0.004088712675009293
2012H2-E,E,tabicl,20260913,2015H1,24159,83,0.009103223491040799,0.0034355726644314747
2012H2-E,E,tabicl,20260913,2015H2,24159,130,0.009857917892761045,0.0053810174262179725
2012H2-E,E,tabicl,20260913,2016H1,24632,115,0.00990531418733487,0.0046687236115621955
2012H2-E,E,tabicl,20260913,2016H2,24760,121,0.009474759302905205,0.004886914378029079
2012H2-E,E,tabicl,20260913,2017H1,24541,162,0.010931624342404665,0.00660119799519172
2012H2-E,E,tabicl,20260913,2017H2,24680,143,0.01100201139987312,0.005794165316045381
2012H2-E,E,tabicl,20260913,2018H1,24416,148,0.010997177353073673,0.006061598951507209
2012H2-E,E,tabicl,20260913,2018H2,24543,146,0.011354074966031214,0.005948743022450393
2012H2-E,E,tabicl,20260913,2019H1,24752,110,0.010976254671313431,0.0044440853264382674
2012H2-E,E,tabicl,20260913,2019H2,24861,136,0.009935338630146786,0.005470415510236917
2012H2-E,E,tabicl,20260913,2020H1,24880,111,0.008097610786021257,0.004461414790996785
2012H2-E,E,tabicl,20260913,2020H2,24919,71,0.00697837699727695,0.0028492315100927005
2012H2-E,E,tabicl,20260913,2021H1,24909,90,0.007642344498312091,0.003613151872817054
2012H2-E,E,tabicl,20260913,2021H2,24929,136,0.009132446822480517,0.005455493601829195
2012H2-E,E,tabicl,20260913,2022H1,24889,291,0.010564881186491355,0.011691912089678172
2012H2-E,E,tabicl,20260913,2022H2,24859,373,0.010992685606352554,0.015004626091154109
2012H2-E,E,tabicl,20260913,2023H1,24882,381,0.01088878506564724,0.015312273932963588
2012H2-E,E,tabicl,20260913,2023H2,24866,363,0.010015030446224142,0.014598246601785572
2012H2-E,E,tabicl@t1,20260911,2013H1,24341,85,0.016524712488362597,0.003492050449858264
2012H2-E,E,tabicl@t1,20260911,2013H2,23974,142,0.01808948258630952,0.0059230833402853095
2012H2-E,E,tabicl@t1,20260911,2014H1,24341,137,0.016092671910633263,0.005628363666242143
2012H2-E,E,tabicl@t1,20260911,2014H2,24213,99,0.014227001141825625,0.004088712675009293
2012H2-E,E,tabicl@t1,20260911,2015H1,24159,83,0.01240504387098871,0.0034355726644314747
2012H2-E,E,tabicl@t1,20260911,2015H2,24159,130,0.013410956310880963,0.0053810174262179725
2012H2-E,E,tabicl@t1,20260911,2016H1,24632,115,0.013231518221261472,0.0046687236115621955
2012H2-E,E,tabicl@t1,20260911,2016H2,24760,121,0.01236643077419623,0.004886914378029079
2012H2-E,E,tabicl@t1,20260911,2017H1,24541,162,0.014645285171458898,0.00660119799519172
2012H2-E,E,tabicl@t1,20260911,2017H2,24680,143,0.014433001971055327,0.005794165316045381
2012H2-E,E,tabicl@t1,20260911,2018H1,24416,148,0.014367160844070534,0.006061598951507209
2012H2-E,E,tabicl@t1,20260911,2018H2,24543,146,0.014672767852650368,0.005948743022450393
2012H2-E,E,tabicl@t1,20260911,2019H1,24752,110,0.014171301083021602,0.0044440853264382674
2012H2-E,E,tabicl@t1,20260911,2019H2,24861,136,0.01272186041838668,0.005470415510236917
2012H2-E,E,tabicl@t1,20260911,2020H1,24880,111,0.01029395111239636,0.004461414790996785
2012H2-E,E,tabicl@t1,20260911,2020H2,24919,71,0.008774390483672928,0.0028492315100927005
2012H2-E,E,tabicl@t1,20260911,2021H1,24909,90,0.009804989280063731,0.003613151872817054
2012H2-E,E,tabicl@t1,20260911,2021H2,24929,136,0.011856361091565827,0.005455493601829195
2012H2-E,E,tabicl@t1,20260911,2022H1,24889,291,0.01362235431688408,0.011691912089678172
2012H2-E,E,tabicl@t1,20260911,2022H2,24859,373,0.013725969738869255,0.015004626091154109
2012H2-E,E,tabicl@t1,20260911,2023H1,24882,381,0.01369128223120297,0.015312273932963588
2012H2-E,E,tabicl@t1,20260911,2023H2,24866,363,0.012775647715758136,0.014598246601785572
2012H2-E,E,tabicl@t1,20260912,2013H1,24341,85,0.017135791643773348,0.003492050449858264
2012H2-E,E,tabicl@t1,20260912,2013H2,23974,142,0.01896013983431365,0.0059230833402853095
2012H2-E,E,tabicl@t1,20260912,2014H1,24341,137,0.01745968116526997,0.005628363666242143
2012H2-E,E,tabicl@t1,20260912,2014H2,24213,99,0.015914961437364736,0.004088712675009293
2012H2-E,E,tabicl@t1,20260912,2015H1,24159,83,0.014031935058707855,0.0034355726644314747
2012H2-E,E,tabicl@t1,20260912,2015H2,24159,130,0.015255852293500334,0.0053810174262179725
2012H2-E,E,tabicl@t1,20260912,2016H1,24632,115,0.015070090186362002,0.0046687236115621955
2012H2-E,E,tabicl@t1,20260912,2016H2,24760,121,0.014121009787487284,0.004886914378029079
2012H2-E,E,tabicl@t1,20260912,2017H1,24541,162,0.01652337370748059,0.00660119799519172
2012H2-E,E,tabicl@t1,20260912,2017H2,24680,143,0.016367368280242905,0.005794165316045381
2012H2-E,E,tabicl@t1,20260912,2018H1,24416,148,0.016277929710682374,0.006061598951507209
2012H2-E,E,tabicl@t1,20260912,2018H2,24543,146,0.01673192782195678,0.005948743022450393
2012H2-E,E,tabicl@t1,20260912,2019H1,24752,110,0.016255942726704293,0.0044440853264382674
2012H2-E,E,tabicl@t1,20260912,2019H2,24861,136,0.014765373023462368,0.005470415510236917
2012H2-E,E,tabicl@t1,20260912,2020H1,24880,111,0.01230164371268415,0.004461414790996785
2012H2-E,E,tabicl@t1,20260912,2020H2,24919,71,0.01059846979485179,0.0028492315100927005
2012H2-E,E,tabicl@t1,20260912,2021H1,24909,90,0.01159579211611604,0.003613151872817054
2012H2-E,E,tabicl@t1,20260912,2021H2,24929,136,0.013762703734735437,0.005455493601829195
2012H2-E,E,tabicl@t1,20260912,2022H1,24889,291,0.015864592444778645,0.011691912089678172
2012H2-E,E,tabicl@t1,20260912,2022H2,24859,373,0.0160591739922824,0.015004626091154109
2012H2-E,E,tabicl@t1,20260912,2023H1,24882,381,0.01583924199661327,0.015312273932963588
2012H2-E,E,tabicl@t1,20260912,2023H2,24866,363,0.014608515212054756,0.014598246601785572
2012H2-E,E,tabicl@t1,20260913,2013H1,24341,85,0.014442059112825438,0.003492050449858264
2012H2-E,E,tabicl@t1,20260913,2013H2,23974,142,0.016387528980751933,0.0059230833402853095
2012H2-E,E,tabicl@t1,20260913,2014H1,24341,137,0.01566349828112919,0.005628363666242143
2012H2-E,E,tabicl@t1,20260913,2014H2,24213,99,0.014765097595593918,0.004088712675009293
2012H2-E,E,tabicl@t1,20260913,2015H1,24159,83,0.013372203208241607,0.0034355726644314747
2012H2-E,E,tabicl@t1,20260913,2015H2,24159,130,0.014398371576239114,0.0053810174262179725
2012H2-E,E,tabicl@t1,20260913,2016H1,24632,115,0.01447801161241192,0.0046687236115621955
2012H2-E,E,tabicl@t1,20260913,2016H2,24760,121,0.013902421541574325,0.004886914378029079
2012H2-E,E,tabicl@t1,20260913,2017H1,24541,162,0.015874799056433457,0.00660119799519172
2012H2-E,E,tabicl@t1,20260913,2017H2,24680,143,0.015983148926155055,0.005794165316045381
2012H2-E,E,tabicl@t1,20260913,2018H1,24416,148,0.0160026259512935,0.006061598951507209
2012H2-E,E,tabicl@t1,20260913,2018H2,24543,146,0.016482660412575262,0.005948743022450393
2012H2-E,E,tabicl@t1,20260913,2019H1,24752,110,0.016039386337368716,0.0044440853264382674
2012H2-E,E,tabicl@t1,20260913,2019H2,24861,136,0.01463522022800205,0.005470415510236917
2012H2-E,E,tabicl@t1,20260913,2020H1,24880,111,0.012121864079170784,0.004461414790996785
2012H2-E,E,tabicl@t1,20260913,2020H2,24919,71,0.01058202950388851,0.0028492315100927005
2012H2-E,E,tabicl@t1,20260913,2021H1,24909,90,0.011504555951910102,0.003613151872817054
2012H2-E,E,tabicl@t1,20260913,2021H2,24929,136,0.013539716783725408,0.005455493601829195
2012H2-E,E,tabicl@t1,20260913,2022H1,24889,291,0.015518892353730784,0.011691912089678172
2012H2-E,E,tabicl@t1,20260913,2022H2,24859,373,0.016110884486489802,0.015004626091154109
2012H2-E,E,tabicl@t1,20260913,2023H1,24882,381,0.015924231444555657,0.015312273932963588
2012H2-E,E,tabicl@t1,20260913,2023H2,24866,363,0.014733695328488524,0.014598246601785572
2012H2-E,E,tabpfn,20260911,2013H1,24341,85,0.012889446393093246,0.003492050449858264
2012H2-E,E,tabpfn,20260911,2013H2,23974,142,0.013749176999169943,0.0059230833402853095
2012H2-E,E,tabpfn,20260911,2014H1,24341,137,0.011626303566636223,0.005628363666242143
2012H2-E,E,tabpfn,20260911,2014H2,24213,99,0.009814799934104088,0.004088712675009293
2012H2-E,E,tabpfn,20260911,2015H1,24159,83,0.008391887481886962,0.0034355726644314747
2012H2-E,E,tabpfn,20260911,2015H2,24159,130,0.008959321962643587,0.0053810174262179725
2012H2-E,E,tabpfn,20260911,2016H1,24632,115,0.008791865825859843,0.0046687236115621955
2012H2-E,E,tabpfn,20260911,2016H2,24760,121,0.008097231013423127,0.004886914378029079
2012H2-E,E,tabpfn,20260911,2017H1,24541,162,0.009820849631938872,0.00660119799519172
2012H2-E,E,tabpfn,20260911,2017H2,24680,143,0.009515854948191895,0.005794165316045381
2012H2-E,E,tabpfn,20260911,2018H1,24416,148,0.009387033253055555,0.006061598951507209
2012H2-E,E,tabpfn,20260911,2018H2,24543,146,0.009573130639080506,0.005948743022450393
2012H2-E,E,tabpfn,20260911,2019H1,24752,110,0.009209673068457875,0.0044440853264382674
2012H2-E,E,tabpfn,20260911,2019H2,24861,136,0.008260029451304579,0.005470415510236917
2012H2-E,E,tabpfn,20260911,2020H1,24880,111,0.0065521000277904695,0.004461414790996785
2012H2-E,E,tabpfn,20260911,2020H2,24919,71,0.005480223693715465,0.0028492315100927005
2012H2-E,E,tabpfn,20260911,2021H1,24909,90,0.006139753920371184,0.003613151872817054
2012H2-E,E,tabpfn,20260911,2021H2,24929,136,0.007626216120960816,0.005455493601829195
2012H2-E,E,tabpfn,20260911,2022H1,24889,291,0.008848831370640384,0.011691912089678172
2012H2-E,E,tabpfn,20260911,2022H2,24859,373,0.008645368184970538,0.015004626091154109
2012H2-E,E,tabpfn,20260911,2023H1,24882,381,0.008570703064682324,0.015312273932963588
2012H2-E,E,tabpfn,20260911,2023H2,24866,363,0.007984094816889352,0.014598246601785572
2012H2-E,E,tabpfn,20260912,2013H1,24341,85,0.013213250854070447,0.003492050449858264
2012H2-E,E,tabpfn,20260912,2013H2,23974,142,0.014294092853360639,0.0059230833402853095
2012H2-E,E,tabpfn,20260912,2014H1,24341,137,0.012440919041047908,0.005628363666242143
2012H2-E,E,tabpfn,20260912,2014H2,24213,99,0.010879124721425472,0.004088712675009293
2012H2-E,E,tabpfn,20260912,2015H1,24159,83,0.009387552098902902,0.0034355726644314747
2012H2-E,E,tabpfn,20260912,2015H2,24159,130,0.010191321175592625,0.0053810174262179725
2012H2-E,E,tabpfn,20260912,2016H1,24632,115,0.010015887061563346,0.0046687236115621955
2012H2-E,E,tabpfn,20260912,2016H2,24760,121,0.009278052440393907,0.004886914378029079
2012H2-E,E,tabpfn,20260912,2017H1,24541,162,0.011006934407284515,0.00660119799519172
2012H2-E,E,tabpfn,20260912,2017H2,24680,143,0.010772295935070186,0.005794165316045381
2012H2-E,E,tabpfn,20260912,2018H1,24416,148,0.010648596292999609,0.006061598951507209
2012H2-E,E,tabpfn,20260912,2018H2,24543,146,0.01093262804927315,0.005948743022450393
2012H2-E,E,tabpfn,20260912,2019H1,24752,110,0.010566771996291174,0.0044440853264382674
2012H2-E,E,tabpfn,20260912,2019H2,24861,136,0.009616333481066013,0.005470415510236917
2012H2-E,E,tabpfn,20260912,2020H1,24880,111,0.007981302253751175,0.004461414790996785
2012H2-E,E,tabpfn,20260912,2020H2,24919,71,0.0067600463153875134,0.0028492315100927005
2012H2-E,E,tabpfn,20260912,2021H1,24909,90,0.007423076919471275,0.003613151872817054
2012H2-E,E,tabpfn,20260912,2021H2,24929,136,0.008902283492194884,0.005455493601829195
2012H2-E,E,tabpfn,20260912,2022H1,24889,291,0.010221842153467666,0.011691912089678172
2012H2-E,E,tabpfn,20260912,2022H2,24859,373,0.010112313073809031,0.015004626091154109
2012H2-E,E,tabpfn,20260912,2023H1,24882,381,0.00999818979660534,0.015312273932963588
2012H2-E,E,tabpfn,20260912,2023H2,24866,363,0.009168314290025313,0.014598246601785572
2012H2-E,E,tabpfn,20260913,2013H1,24341,85,0.010616358552672404,0.003492050449858264
2012H2-E,E,tabpfn,20260913,2013H2,23974,142,0.011809451049770766,0.0059230833402853095
2012H2-E,E,tabpfn,20260913,2014H1,24341,137,0.010809424768822675,0.005628363666242143
2012H2-E,E,tabpfn,20260913,2014H2,24213,99,0.00982564555541082,0.004088712675009293
2012H2-E,E,tabpfn,20260913,2015H1,24159,83,0.008732044720508949,0.0034355726644314747
2012H2-E,E,tabpfn,20260913,2015H2,24159,130,0.009388552571832336,0.0053810174262179725
2012H2-E,E,tabpfn,20260913,2016H1,24632,115,0.009398105874599669,0.0046687236115621955
2012H2-E,E,tabpfn,20260913,2016H2,24760,121,0.008982282204655795,0.004886914378029079
2012H2-E,E,tabpfn,20260913,2017H1,24541,162,0.010381460843460108,0.00660119799519172
2012H2-E,E,tabpfn,20260913,2017H2,24680,143,0.010386996011817907,0.005794165316045381
2012H2-E,E,tabpfn,20260913,2018H1,24416,148,0.010334056386743368,0.006061598951507209
2012H2-E,E,tabpfn,20260913,2018H2,24543,146,0.010625693630905415,0.005948743022450393
2012H2-E,E,tabpfn,20260913,2019H1,24752,110,0.010300286025586856,0.0044440853264382674
2012H2-E,E,tabpfn,20260913,2019H2,24861,136,0.00933293564845926,0.005470415510236917
2012H2-E,E,tabpfn,20260913,2020H1,24880,111,0.0076479268169918025,0.004461414790996785
2012H2-E,E,tabpfn,20260913,2020H2,24919,71,0.0065368602666565565,0.0028492315100927005
2012H2-E,E,tabpfn,20260913,2021H1,24909,90,0.007134495854049896,0.003613151872817054
2012H2-E,E,tabpfn,20260913,2021H2,24929,136,0.008557644528981662,0.005455493601829195
2012H2-E,E,tabpfn,20260913,2022H1,24889,291,0.009868774218814819,0.011691912089678172
2012H2-E,E,tabpfn,20260913,2022H2,24859,373,0.01006805094436474,0.015004626091154109
2012H2-E,E,tabpfn,20260913,2023H1,24882,381,0.009998592645028961,0.015312273932963588
2012H2-E,E,tabpfn,20260913,2023H2,24866,363,0.009218923450003007,0.014598246601785572
2012H2-E,E,tabpfn@t1,20260911,2013H1,24341,85,0.017162311413552987,0.003492050449858264
2012H2-E,E,tabpfn@t1,20260911,2013H2,23974,142,0.018431186068426784,0.0059230833402853095
2012H2-E,E,tabpfn@t1,20260911,2014H1,24341,137,0.015972324460971916,0.005628363666242143
2012H2-E,E,tabpfn@t1,20260911,2014H2,24213,99,0.0138600903014664,0.004088712675009293
2012H2-E,E,tabpfn@t1,20260911,2015H1,24159,83,0.012108595531017272,0.0034355726644314747
2012H2-E,E,tabpfn@t1,20260911,2015H2,24159,130,0.01293608555005877,0.0053810174262179725
2012H2-E,E,tabpfn@t1,20260911,2016H1,24632,115,0.012772678663324299,0.0046687236115621955
2012H2-E,E,tabpfn@t1,20260911,2016H2,24760,121,0.011899659996424302,0.004886914378029079
2012H2-E,E,tabpfn@t1,20260911,2017H1,24541,162,0.014212701774257404,0.00660119799519172
2012H2-E,E,tabpfn@t1,20260911,2017H2,24680,143,0.013881576881360052,0.005794165316045381
2012H2-E,E,tabpfn@t1,20260911,2018H1,24416,148,0.013735994276692814,0.006061598951507209
2012H2-E,E,tabpfn@t1,20260911,2018H2,24543,146,0.014014765481783582,0.005948743022450393
2012H2-E,E,tabpfn@t1,20260911,2019H1,24752,110,0.013562836933942597,0.0044440853264382674
2012H2-E,E,tabpfn@t1,20260911,2019H2,24861,136,0.0122372701806425,0.005470415510236917
2012H2-E,E,tabpfn@t1,20260911,2020H1,24880,111,0.009863774545831705,0.004461414790996785
2012H2-E,E,tabpfn@t1,20260911,2020H2,24919,71,0.008364069324220104,0.0028492315100927005
2012H2-E,E,tabpfn@t1,20260911,2021H1,24909,90,0.009320071104891138,0.003613151872817054
2012H2-E,E,tabpfn@t1,20260911,2021H2,24929,136,0.011400693922744062,0.005455493601829195
2012H2-E,E,tabpfn@t1,20260911,2022H1,24889,291,0.013144385258604677,0.011691912089678172
2012H2-E,E,tabpfn@t1,20260911,2022H2,24859,373,0.012893490678366632,0.015004626091154109
2012H2-E,E,tabpfn@t1,20260911,2023H1,24882,381,0.012712186871803756,0.015312273932963588
2012H2-E,E,tabpfn@t1,20260911,2023H2,24866,363,0.01184693816156873,0.014598246601785572
2012H2-E,E,tabpfn@t1,20260912,2013H1,24341,85,0.01773751859611885,0.003492050449858264
2012H2-E,E,tabpfn@t1,20260912,2013H2,23974,142,0.01929464650115278,0.0059230833402853095
2012H2-E,E,tabpfn@t1,20260912,2014H1,24341,137,0.017231576630125794,0.005628363666242143
2012H2-E,E,tabpfn@t1,20260912,2014H2,24213,99,0.015440532358837519,0.004088712675009293
2012H2-E,E,tabpfn@t1,20260912,2015H1,24159,83,0.013606638175799919,0.0034355726644314747
2012H2-E,E,tabpfn@t1,20260912,2015H2,24159,130,0.014695809034099123,0.0053810174262179725
2012H2-E,E,tabpfn@t1,20260912,2016H1,24632,115,0.014524762128271657,0.0046687236115621955
2012H2-E,E,tabpfn@t1,20260912,2016H2,24760,121,0.013604405499571221,0.004886914378029079
2012H2-E,E,tabpfn@t1,20260912,2017H1,24541,162,0.015900503847008914,0.00660119799519172
2012H2-E,E,tabpfn@t1,20260912,2017H2,24680,143,0.015678091804560434,0.005794165316045381
2012H2-E,E,tabpfn@t1,20260912,2018H1,24416,148,0.015550287481541946,0.006061598951507209
2012H2-E,E,tabpfn@t1,20260912,2018H2,24543,146,0.015960285071195703,0.005948743022450393
2012H2-E,E,tabpfn@t1,20260912,2019H1,24752,110,0.015517888854222357,0.0044440853264382674
2012H2-E,E,tabpfn@t1,20260912,2019H2,24861,136,0.014190841816251519,0.005470415510236917
2012H2-E,E,tabpfn@t1,20260912,2020H1,24880,111,0.011916384006025921,0.004461414790996785
2012H2-E,E,tabpfn@t1,20260912,2020H2,24919,71,0.010220033389437288,0.0028492315100927005
2012H2-E,E,tabpfn@t1,20260912,2021H1,24909,90,0.011172039690511374,0.003613151872817054
2012H2-E,E,tabpfn@t1,20260912,2021H2,24929,136,0.013207885918976389,0.005455493601829195
2012H2-E,E,tabpfn@t1,20260912,2022H1,24889,291,0.01508127917063646,0.011691912089678172
2012H2-E,E,tabpfn@t1,20260912,2022H2,24859,373,0.015005638515676281,0.015004626091154109
2012H2-E,E,tabpfn@t1,20260912,2023H1,24882,381,0.014809376248062648,0.015312273932963588
2012H2-E,E,tabpfn@t1,20260912,2023H2,24866,363,0.013654986995574523,0.014598246601785572
2012H2-E,E,tabpfn@t1,20260913,2013H1,24341,85,0.014837519008436363,0.003492050449858264
2012H2-E,E,tabpfn@t1,20260913,2013H2,23974,142,0.016500334401018446,0.0059230833402853095
2012H2-E,E,tabpfn@t1,20260913,2014H1,24341,137,0.015354065568587457,0.005628363666242143
2012H2-E,E,tabpfn@t1,20260913,2014H2,24213,99,0.01421491114131566,0.004088712675009293
2012H2-E,E,tabpfn@t1,20260913,2015H1,24159,83,0.012839924124046246,0.0034355726644314747
2012H2-E,E,tabpfn@t1,20260913,2015H2,24159,130,0.013735533145924522,0.0053810174262179725
2012H2-E,E,tabpfn@t1,20260913,2016H1,24632,115,0.013776234186291834,0.0046687236115621955
2012H2-E,E,tabpfn@t1,20260913,2016H2,24760,121,0.013235791502389734,0.004886914378029079
2012H2-E,E,tabpfn@t1,20260913,2017H1,24541,162,0.015121540746230804,0.00660119799519172
2012H2-E,E,tabpfn@t1,20260913,2017H2,24680,143,0.015151565216596403,0.005794165316045381
2012H2-E,E,tabpfn@t1,20260913,2018H1,24416,148,0.01510012713778562,0.006061598951507209
2012H2-E,E,tabpfn@t1,20260913,2018H2,24543,146,0.015500249406829992,0.005948743022450393
2012H2-E,E,tabpfn@t1,20260913,2019H1,24752,110,0.01511908756809572,0.0044440853264382674
2012H2-E,E,tabpfn@t1,20260913,2019H2,24861,136,0.013814906244980732,0.005470415510236917
2012H2-E,E,tabpfn@t1,20260913,2020H1,24880,111,0.011495106100766183,0.004461414790996785
2012H2-E,E,tabpfn@t1,20260913,2020H2,24919,71,0.00996615101150072,0.0028492315100927005
2012H2-E,E,tabpfn@t1,20260913,2021H1,24909,90,0.010804468152852851,0.003613151872817054
2012H2-E,E,tabpfn@t1,20260913,2021H2,24929,136,0.012760371151617284,0.005455493601829195
2012H2-E,E,tabpfn@t1,20260913,2022H1,24889,291,0.01457982299655102,0.011691912089678172
2012H2-E,E,tabpfn@t1,20260913,2022H2,24859,373,0.014854898073484236,0.015004626091154109
2012H2-E,E,tabpfn@t1,20260913,2023H1,24882,381,0.014700004711853227,0.015312273932963588
2012H2-E,E,tabpfn@t1,20260913,2023H2,24866,363,0.013616377039676117,0.014598246601785572
2014H2-E,E,gbm,,2015H1,24159,83,0.01176977114361939,0.0034355726644314747
2014H2-E,E,gbm,,2015H2,24159,130,0.012886963253932654,0.0053810174262179725
2014H2-E,E,gbm,,2016H1,24632,115,0.012768513482576509,0.0046687236115621955
2014H2-E,E,gbm,,2016H2,24760,121,0.01215942535907407,0.004886914378029079
2014H2-E,E,gbm,,2017H1,24541,162,0.014046678513726747,0.00660119799519172
2014H2-E,E,gbm,,2017H2,24680,143,0.01405881940348787,0.005794165316045381
2014H2-E,E,gbm,,2018H1,24416,148,0.0140071143401656,0.006061598951507209
2014H2-E,E,gbm,,2018H2,24543,146,0.01441420943203531,0.005948743022450393
2014H2-E,E,gbm,,2019H1,24752,110,0.013952809759237161,0.0044440853264382674
2014H2-E,E,gbm,,2019H2,24861,136,0.01254137089909888,0.005470415510236917
2014H2-E,E,gbm,,2020H1,24880,111,0.010540935956002842,0.004461414790996785
2014H2-E,E,gbm,,2020H2,24919,71,0.009263685620701713,0.0028492315100927005
2014H2-E,E,gbm,,2021H1,24909,90,0.010303972917814515,0.003613151872817054
2014H2-E,E,gbm,,2021H2,24929,136,0.012263867996882435,0.005455493601829195
2014H2-E,E,gbm,,2022H1,24889,291,0.01403556291360901,0.011691912089678172
2014H2-E,E,gbm,,2022H2,24859,373,0.014097010395383996,0.015004626091154109
2014H2-E,E,gbm,,2023H1,24882,381,0.013933927801168948,0.015312273932963588
2014H2-E,E,gbm,,2023H2,24866,363,0.013077887743218396,0.014598246601785572
2014H2-E,E,gbm-50k,20260911,2015H1,24159,83,0.012321185357286081,0.0034355726644314747
2014H2-E,E,gbm-50k,20260911,2015H2,24159,130,0.013431622821490703,0.0053810174262179725
2014H2-E,E,gbm-50k,20260911,2016H1,24632,115,0.013373095331367494,0.0046687236115621955
2014H2-E,E,gbm-50k,20260911,2016H2,24760,121,0.01276667862630129,0.004886914378029079
2014H2-E,E,gbm-50k,20260911,2017H1,24541,162,0.014502934207447873,0.00660119799519172
2014H2-E,E,gbm-50k,20260911,2017H2,24680,143,0.014536298840046449,0.005794165316045381
2014H2-E,E,gbm-50k,20260911,2018H1,24416,148,0.01463874992521964,0.006061598951507209
2014H2-E,E,gbm-50k,20260911,2018H2,24543,146,0.014961872565611883,0.005948743022450393
2014H2-E,E,gbm-50k,20260911,2019H1,24752,110,0.014630613479611384,0.0044440853264382674
2014H2-E,E,gbm-50k,20260911,2019H2,24861,136,0.013254862574219609,0.005470415510236917
2014H2-E,E,gbm-50k,20260911,2020H1,24880,111,0.011320114455847043,0.004461414790996785
2014H2-E,E,gbm-50k,20260911,2020H2,24919,71,0.010089727569058573,0.0028492315100927005
2014H2-E,E,gbm-50k,20260911,2021H1,24909,90,0.011014720199874404,0.003613151872817054
2014H2-E,E,gbm-50k,20260911,2021H2,24929,136,0.012663252436894727,0.005455493601829195
2014H2-E,E,gbm-50k,20260911,2022H1,24889,291,0.014423610068806983,0.011691912089678172
2014H2-E,E,gbm-50k,20260911,2022H2,24859,373,0.01474695971804527,0.015004626091154109
2014H2-E,E,gbm-50k,20260911,2023H1,24882,381,0.01485877020633419,0.015312273932963588
2014H2-E,E,gbm-50k,20260911,2023H2,24866,363,0.014059374937181433,0.014598246601785572
2014H2-E,E,gbm-50k,20260912,2015H1,24159,83,0.012419681165329245,0.0034355726644314747
2014H2-E,E,gbm-50k,20260912,2015H2,24159,130,0.013641726707450386,0.0053810174262179725
2014H2-E,E,gbm-50k,20260912,2016H1,24632,115,0.013553198674008464,0.0046687236115621955
2014H2-E,E,gbm-50k,20260912,2016H2,24760,121,0.012902505394183214,0.004886914378029079
2014H2-E,E,gbm-50k,20260912,2017H1,24541,162,0.014813135013720004,0.00660119799519172
2014H2-E,E,gbm-50k,20260912,2017H2,24680,143,0.014893023276338886,0.005794165316045381
2014H2-E,E,gbm-50k,20260912,2018H1,24416,148,0.014936656095933691,0.006061598951507209
2014H2-E,E,gbm-50k,20260912,2018H2,24543,146,0.015416412086640501,0.005948743022450393
2014H2-E,E,gbm-50k,20260912,2019H1,24752,110,0.01490229882281324,0.0044440853264382674
2014H2-E,E,gbm-50k,20260912,2019H2,24861,136,0.013318065673899352,0.005470415510236917
2014H2-E,E,gbm-50k,20260912,2020H1,24880,111,0.011286942134260871,0.004461414790996785
2014H2-E,E,gbm-50k,20260912,2020H2,24919,71,0.010052769430182113,0.0028492315100927005
2014H2-E,E,gbm-50k,20260912,2021H1,24909,90,0.010995669485534366,0.003613151872817054
2014H2-E,E,gbm-50k,20260912,2021H2,24929,136,0.01286457545453612,0.005455493601829195
2014H2-E,E,gbm-50k,20260912,2022H1,24889,291,0.014590163313697757,0.011691912089678172
2014H2-E,E,gbm-50k,20260912,2022H2,24859,373,0.015401140017445428,0.015004626091154109
2014H2-E,E,gbm-50k,20260912,2023H1,24882,381,0.01556676082364365,0.015312273932963588
2014H2-E,E,gbm-50k,20260912,2023H2,24866,363,0.014829385913556066,0.014598246601785572
2014H2-E,E,gbm-50k,20260913,2015H1,24159,83,0.012176731261076252,0.0034355726644314747
2014H2-E,E,gbm-50k,20260913,2015H2,24159,130,0.013189014583434196,0.0053810174262179725
2014H2-E,E,gbm-50k,20260913,2016H1,24632,115,0.013084526254031437,0.0046687236115621955
2014H2-E,E,gbm-50k,20260913,2016H2,24760,121,0.01258861344626617,0.004886914378029079
2014H2-E,E,gbm-50k,20260913,2017H1,24541,162,0.014167531482413457,0.00660119799519172
2014H2-E,E,gbm-50k,20260913,2017H2,24680,143,0.01420502062854071,0.005794165316045381
2014H2-E,E,gbm-50k,20260913,2018H1,24416,148,0.014087797805996586,0.006061598951507209
2014H2-E,E,gbm-50k,20260913,2018H2,24543,146,0.014485160906384945,0.005948743022450393
2014H2-E,E,gbm-50k,20260913,2019H1,24752,110,0.014054935407924494,0.0044440853264382674
2014H2-E,E,gbm-50k,20260913,2019H2,24861,136,0.012744263811259248,0.005470415510236917
2014H2-E,E,gbm-50k,20260913,2020H1,24880,111,0.010868210037553207,0.004461414790996785
2014H2-E,E,gbm-50k,20260913,2020H2,24919,71,0.009805480983115601,0.0028492315100927005
2014H2-E,E,gbm-50k,20260913,2021H1,24909,90,0.010559901428401798,0.003613151872817054
2014H2-E,E,gbm-50k,20260913,2021H2,24929,136,0.01225139389559403,0.005455493601829195
2014H2-E,E,gbm-50k,20260913,2022H1,24889,291,0.013557482499807868,0.011691912089678172
2014H2-E,E,gbm-50k,20260913,2022H2,24859,373,0.013883365087330266,0.015004626091154109
2014H2-E,E,gbm-50k,20260913,2023H1,24882,381,0.013896682757017194,0.015312273932963588
2014H2-E,E,gbm-50k,20260913,2023H2,24866,363,0.01305953538978794,0.014598246601785572
2014H2-E,E,scorecard,,2015H1,24159,83,0.011373711291703772,0.0034355726644314747
2014H2-E,E,scorecard,,2015H2,24159,130,0.01307643873334016,0.0053810174262179725
2014H2-E,E,scorecard,,2016H1,24632,115,0.012922216883399115,0.0046687236115621955
2014H2-E,E,scorecard,,2016H2,24760,121,0.012106601434211163,0.004886914378029079
2014H2-E,E,scorecard,,2017H1,24541,162,0.014499348369443433,0.00660119799519172
2014H2-E,E,scorecard,,2017H2,24680,143,0.014720890564859762,0.005794165316045381
2014H2-E,E,scorecard,,2018H1,24416,148,0.015081743090229992,0.006061598951507209
2014H2-E,E,scorecard,,2018H2,24543,146,0.01582768865232485,0.005948743022450393
2014H2-E,E,scorecard,,2019H1,24752,110,0.014974344166846416,0.0044440853264382674
2014H2-E,E,scorecard,,2019H2,24861,136,0.012654734876309973,0.005470415510236917
2014H2-E,E,scorecard,,2020H1,24880,111,0.010308208058446459,0.004461414790996785
2014H2-E,E,scorecard,,2020H2,24919,71,0.008933219077755856,0.0028492315100927005
2014H2-E,E,scorecard,,2021H1,24909,90,0.010176238265659504,0.003613151872817054
2014H2-E,E,scorecard,,2021H2,24929,136,0.012610935962857858,0.005455493601829195
2014H2-E,E,scorecard,,2022H1,24889,291,0.014928592697652827,0.011691912089678172
2014H2-E,E,scorecard,,2022H2,24859,373,0.01577966374740085,0.015004626091154109
2014H2-E,E,scorecard,,2023H1,24882,381,0.01579316868377956,0.015312273932963588
2014H2-E,E,scorecard,,2023H2,24866,363,0.014829840521387914,0.014598246601785572
2014H2-E,E,tabicl,20260911,2015H1,24159,83,0.008289387022502752,0.0034355726644314747
2014H2-E,E,tabicl,20260911,2015H2,24159,130,0.009181110673440268,0.0053810174262179725
2014H2-E,E,tabicl,20260911,2016H1,24632,115,0.009161564034106343,0.0046687236115621955
2014H2-E,E,tabicl,20260911,2016H2,24760,121,0.008668970587032736,0.004886914378029079
2014H2-E,E,tabicl,20260911,2017H1,24541,162,0.010398059365976185,0.00660119799519172
2014H2-E,E,tabicl,20260911,2017H2,24680,143,0.010404610932708435,0.005794165316045381
2014H2-E,E,tabicl,20260911,2018H1,24416,148,0.010529570871074798,0.006061598951507209
2014H2-E,E,tabicl,20260911,2018H2,24543,146,0.01079171530183185,0.005948743022450393
2014H2-E,E,tabicl,20260911,2019H1,24752,110,0.010415898275509474,0.0044440853264382674
2014H2-E,E,tabicl,20260911,2019H2,24861,136,0.009167114775783749,0.005470415510236917
2014H2-E,E,tabicl,20260911,2020H1,24880,111,0.007438052199206719,0.004461414790996785
2014H2-E,E,tabicl,20260911,2020H2,24919,71,0.00619547570412759,0.0028492315100927005
2014H2-E,E,tabicl,20260911,2021H1,24909,90,0.007109170075622115,0.003613151872817054
2014H2-E,E,tabicl,20260911,2021H2,24929,136,0.008615578807151482,0.005455493601829195
2014H2-E,E,tabicl,20260911,2022H1,24889,291,0.010114117375858283,0.011691912089678172
2014H2-E,E,tabicl,20260911,2022H2,24859,373,0.010268014015168962,0.015004626091154109
2014H2-E,E,tabicl,20260911,2023H1,24882,381,0.010474731568217259,0.015312273932963588
2014H2-E,E,tabicl,20260911,2023H2,24866,363,0.009865427421272386,0.014598246601785572
2014H2-E,E,tabicl,20260912,2015H1,24159,83,0.008245985042491868,0.0034355726644314747
2014H2-E,E,tabicl,20260912,2015H2,24159,130,0.009125119421554317,0.0053810174262179725
2014H2-E,E,tabicl,20260912,2016H1,24632,115,0.009126279095110377,0.0046687236115621955
2014H2-E,E,tabicl,20260912,2016H2,24760,121,0.008632200783880165,0.004886914378029079
2014H2-E,E,tabicl,20260912,2017H1,24541,162,0.010257784139445366,0.00660119799519172
2014H2-E,E,tabicl,20260912,2017H2,24680,143,0.010244394792285848,0.005794165316045381
2014H2-E,E,tabicl,20260912,2018H1,24416,148,0.010168388756065535,0.006061598951507209
2014H2-E,E,tabicl,20260912,2018H2,24543,146,0.010481380860015276,0.005948743022450393
2014H2-E,E,tabicl,20260912,2019H1,24752,110,0.010027814926083477,0.0044440853264382674
2014H2-E,E,tabicl,20260912,2019H2,24861,136,0.008890802593907739,0.005470415510236917
2014H2-E,E,tabicl,20260912,2020H1,24880,111,0.007164577076549161,0.004461414790996785
2014H2-E,E,tabicl,20260912,2020H2,24919,71,0.006095411511972231,0.0028492315100927005
2014H2-E,E,tabicl,20260912,2021H1,24909,90,0.0068521133589971635,0.003613151872817054
2014H2-E,E,tabicl,20260912,2021H2,24929,136,0.008386901716599806,0.005455493601829195
2014H2-E,E,tabicl,20260912,2022H1,24889,291,0.009750250595699577,0.011691912089678172
2014H2-E,E,tabicl,20260912,2022H2,24859,373,0.010005432608737291,0.015004626091154109
2014H2-E,E,tabicl,20260912,2023H1,24882,381,0.009954796518580776,0.015312273932963588
2014H2-E,E,tabicl,20260912,2023H2,24866,363,0.009318012741917535,0.014598246601785572
2014H2-E,E,tabicl,20260913,2015H1,24159,83,0.007976221185836834,0.0034355726644314747
2014H2-E,E,tabicl,20260913,2015H2,24159,130,0.008635474219644283,0.0053810174262179725
2014H2-E,E,tabicl,20260913,2016H1,24632,115,0.0086355354602703,0.0046687236115621955
2014H2-E,E,tabicl,20260913,2016H2,24760,121,0.008153353336937102,0.004886914378029079
2014H2-E,E,tabicl,20260913,2017H1,24541,162,0.009467167284688903,0.00660119799519172
2014H2-E,E,tabicl,20260913,2017H2,24680,143,0.009383340391103686,0.005794165316045381
2014H2-E,E,tabicl,20260913,2018H1,24416,148,0.009186906182576851,0.006061598951507209
2014H2-E,E,tabicl,20260913,2018H2,24543,146,0.00939591106459282,0.005948743022450393
2014H2-E,E,tabicl,20260913,2019H1,24752,110,0.009065488003770264,0.0044440853264382674
2014H2-E,E,tabicl,20260913,2019H2,24861,136,0.00825873098549895,0.005470415510236917
2014H2-E,E,tabicl,20260913,2020H1,24880,111,0.006795026175133249,0.004461414790996785
2014H2-E,E,tabicl,20260913,2020H2,24919,71,0.005814796266054389,0.0028492315100927005
2014H2-E,E,tabicl,20260913,2021H1,24909,90,0.00643245779746042,0.003613151872817054
2014H2-E,E,tabicl,20260913,2021H2,24929,136,0.007735151148712525,0.005455493601829195
2014H2-E,E,tabicl,20260913,2022H1,24889,291,0.00868245354302285,0.011691912089678172
2014H2-E,E,tabicl,20260913,2022H2,24859,373,0.008558939162423566,0.015004626091154109
2014H2-E,E,tabicl,20260913,2023H1,24882,381,0.008419100731011766,0.015312273932963588
2014H2-E,E,tabicl,20260913,2023H2,24866,363,0.00790176740775219,0.014598246601785572
2014H2-E,E,tabicl@t1,20260911,2015H1,24159,83,0.012201711604330317,0.0034355726644314747
2014H2-E,E,tabicl@t1,20260911,2015H2,24159,130,0.013434816285151899,0.0053810174262179725
2014H2-E,E,tabicl@t1,20260911,2016H1,24632,115,0.013419737640427037,0.0046687236115621955
2014H2-E,E,tabicl@t1,20260911,2016H2,24760,121,0.012738870772551479,0.004886914378029079
2014H2-E,E,tabicl@t1,20260911,2017H1,24541,162,0.015102456177726934,0.00660119799519172
2014H2-E,E,tabicl@t1,20260911,2017H2,24680,143,0.015133987074048045,0.005794165316045381
2014H2-E,E,tabicl@t1,20260911,2018H1,24416,148,0.015317987727792061,0.006061598951507209
2014H2-E,E,tabicl@t1,20260911,2018H2,24543,146,0.01569657470256854,0.005948743022450393
2014H2-E,E,tabicl@t1,20260911,2019H1,24752,110,0.015225829553555423,0.0044440853264382674
2014H2-E,E,tabicl@t1,20260911,2019H2,24861,136,0.013516247684975181,0.005470415510236917
2014H2-E,E,tabicl@t1,20260911,2020H1,24880,111,0.011110125545311832,0.004461414790996785
2014H2-E,E,tabicl@t1,20260911,2020H2,24919,71,0.009374296016161042,0.0028492315100927005
2014H2-E,E,tabicl@t1,20260911,2021H1,24909,90,0.010665005320055668,0.003613151872817054
2014H2-E,E,tabicl@t1,20260911,2021H2,24929,136,0.012764258562244633,0.005455493601829195
2014H2-E,E,tabicl@t1,20260911,2022H1,24889,291,0.01488041739665755,0.011691912089678172
2014H2-E,E,tabicl@t1,20260911,2022H2,24859,373,0.01514011651711881,0.015004626091154109
2014H2-E,E,tabicl@t1,20260911,2023H1,24882,381,0.015324872264075995,0.015312273932963588
2014H2-E,E,tabicl@t1,20260911,2023H2,24866,363,0.014450797897360602,0.014598246601785572
2014H2-E,E,tabicl@t1,20260912,2015H1,24159,83,0.012162725394096057,0.0034355726644314747
2014H2-E,E,tabicl@t1,20260912,2015H2,24159,130,0.013388304965259891,0.0053810174262179725
2014H2-E,E,tabicl@t1,20260912,2016H1,24632,115,0.013397085285501353,0.0046687236115621955
2014H2-E,E,tabicl@t1,20260912,2016H2,24760,121,0.012719341521754265,0.004886914378029079
2014H2-E,E,tabicl@t1,20260912,2017H1,24541,162,0.014962173993520284,0.00660119799519172
2014H2-E,E,tabicl@t1,20260912,2017H2,24680,143,0.014963107935998808,0.005794165316045381
2014H2-E,E,tabicl@t1,20260912,2018H1,24416,148,0.014893497668656285,0.006061598951507209
2014H2-E,E,tabicl@t1,20260912,2018H2,24543,146,0.015331961046048476,0.005948743022450393
2014H2-E,E,tabicl@t1,20260912,2019H1,24752,110,0.014760743592142033,0.0044440853264382674
2014H2-E,E,tabicl@t1,20260912,2019H2,24861,136,0.013178952762845059,0.005470415510236917
2014H2-E,E,tabicl@t1,20260912,2020H1,24880,111,0.01077596148148033,0.004461414790996785
2014H2-E,E,tabicl@t1,20260912,2020H2,24919,71,0.009272574402621487,0.0028492315100927005
2014H2-E,E,tabicl@t1,20260912,2021H1,24909,90,0.010361960453052009,0.003613151872817054
2014H2-E,E,tabicl@t1,20260912,2021H2,24929,136,0.012498414202034782,0.005455493601829195
2014H2-E,E,tabicl@t1,20260912,2022H1,24889,291,0.014434779703997175,0.011691912089678172
2014H2-E,E,tabicl@t1,20260912,2022H2,24859,373,0.014826967834551362,0.015004626091154109
2014H2-E,E,tabicl@t1,20260912,2023H1,24882,381,0.014689824013432684,0.015312273932963588
2014H2-E,E,tabicl@t1,20260912,2023H2,24866,363,0.01378955017113593,0.014598246601785572
2014H2-E,E,tabicl@t1,20260913,2015H1,24159,83,0.0117567989367571,0.0034355726644314747
2014H2-E,E,tabicl@t1,20260913,2015H2,24159,130,0.012680424227961085,0.0053810174262179725
2014H2-E,E,tabicl@t1,20260913,2016H1,24632,115,0.012702143339837602,0.0046687236115621955
2014H2-E,E,tabicl@t1,20260913,2016H2,24760,121,0.012066657047282842,0.004886914378029079
2014H2-E,E,tabicl@t1,20260913,2017H1,24541,162,0.013850965679405683,0.00660119799519172
2014H2-E,E,tabicl@t1,20260913,2017H2,24680,143,0.013778181060444587,0.005794165316045381
2014H2-E,E,tabicl@t1,20260913,2018H1,24416,148,0.013546046529130747,0.006061598951507209
2014H2-E,E,tabicl@t1,20260913,2018H2,24543,146,0.013845076954098609,0.005948743022450393
2014H2-E,E,tabicl@t1,20260913,2019H1,24752,110,0.013446569930375279,0.0044440853264382674
2014H2-E,E,tabicl@t1,20260913,2019H2,24861,136,0.012339260643315817,0.005470415510236917
2014H2-E,E,tabicl@t1,20260913,2020H1,24880,111,0.010303054158832143,0.004461414790996785
2014H2-E,E,tabicl@t1,20260913,2020H2,24919,71,0.008919436248559783,0.0028492315100927005
2014H2-E,E,tabicl@t1,20260913,2021H1,24909,90,0.009816065426750589,0.003613151872817054
2014H2-E,E,tabicl@t1,20260913,2021H2,24929,136,0.011623009976886891,0.005455493601829195
2014H2-E,E,tabicl@t1,20260913,2022H1,24889,291,0.012986826047762776,0.011691912089678172
2014H2-E,E,tabicl@t1,20260913,2022H2,24859,373,0.012848910983101364,0.015004626091154109
2014H2-E,E,tabicl@t1,20260913,2023H1,24882,381,0.01259742400075214,0.015312273932963588
2014H2-E,E,tabicl@t1,20260913,2023H2,24866,363,0.011846250688508371,0.014598246601785572
2014H2-E,E,tabpfn,20260911,2015H1,24159,83,0.008060924232103117,0.0034355726644314747
2014H2-E,E,tabpfn,20260911,2015H2,24159,130,0.008850459356472641,0.0053810174262179725
2014H2-E,E,tabpfn,20260911,2016H1,24632,115,0.008868569658810967,0.0046687236115621955
2014H2-E,E,tabpfn,20260911,2016H2,24760,121,0.00838619131970043,0.004886914378029079
2014H2-E,E,tabpfn,20260911,2017H1,24541,162,0.010081301121304398,0.00660119799519172
2014H2-E,E,tabpfn,20260911,2017H2,24680,143,0.010092207411956017,0.005794165316045381
2014H2-E,E,tabpfn,20260911,2018H1,24416,148,0.010207613398950231,0.006061598951507209
2014H2-E,E,tabpfn,20260911,2018H2,24543,146,0.010469656004734472,0.005948743022450393
2014H2-E,E,tabpfn,20260911,2019H1,24752,110,0.010142755752291245,0.0044440853264382674
2014H2-E,E,tabpfn,20260911,2019H2,24861,136,0.008963862206631394,0.005470415510236917
2014H2-E,E,tabpfn,20260911,2020H1,24880,111,0.007324389893074405,0.004461414790996785
2014H2-E,E,tabpfn,20260911,2020H2,24919,71,0.006088269540570919,0.0028492315100927005
2014H2-E,E,tabpfn,20260911,2021H1,24909,90,0.006872296809066384,0.003613151872817054
2014H2-E,E,tabpfn,20260911,2021H2,24929,136,0.008306118371207583,0.005455493601829195
2014H2-E,E,tabpfn,20260911,2022H1,24889,291,0.009706135091112818,0.011691912089678172
2014H2-E,E,tabpfn,20260911,2022H2,24859,373,0.009882586363482262,0.015004626091154109
2014H2-E,E,tabpfn,20260911,2023H1,24882,381,0.010127962088280372,0.015312273932963588
2014H2-E,E,tabpfn,20260911,2023H2,24866,363,0.009594569985173293,0.014598246601785572
2014H2-E,E,tabpfn,20260912,2015H1,24159,83,0.007995261856296272,0.0034355726644314747
2014H2-E,E,tabpfn,20260912,2015H2,24159,130,0.008775904656142473,0.0053810174262179725
2014H2-E,E,tabpfn,20260912,2016H1,24632,115,0.008856466781586008,0.0046687236115621955
2014H2-E,E,tabpfn,20260912,2016H2,24760,121,0.008419111408455545,0.004886914378029079
2014H2-E,E,tabpfn,20260912,2017H1,24541,162,0.010045544588213677,0.00660119799519172
2014H2-E,E,tabpfn,20260912,2017H2,24680,143,0.010073872792011569,0.005794165316045381
2014H2-E,E,tabpfn,20260912,2018H1,24416,148,0.00999761723930612,0.006061598951507209
2014H2-E,E,tabpfn,20260912,2018H2,24543,146,0.010244856106829776,0.005948743022450393
2014H2-E,E,tabpfn,20260912,2019H1,24752,110,0.009824734491509304,0.0044440853264382674
2014H2-E,E,tabpfn,20260912,2019H2,24861,136,0.008746553498303056,0.005470415510236917
2014H2-E,E,tabpfn,20260912,2020H1,24880,111,0.007085684208062215,0.004461414790996785
2014H2-E,E,tabpfn,20260912,2020H2,24919,71,0.005980394738481909,0.0028492315100927005
2014H2-E,E,tabpfn,20260912,2021H1,24909,90,0.006716874679719498,0.003613151872817054
2014H2-E,E,tabpfn,20260912,2021H2,24929,136,0.008144722151661836,0.005455493601829195
2014H2-E,E,tabpfn,20260912,2022H1,24889,291,0.009373832687998152,0.011691912089678172
2014H2-E,E,tabpfn,20260912,2022H2,24859,373,0.009414405161948749,0.015004626091154109
2014H2-E,E,tabpfn,20260912,2023H1,24882,381,0.009330889120457026,0.015312273932963588
2014H2-E,E,tabpfn,20260912,2023H2,24866,363,0.008750740164494349,0.014598246601785572
2014H2-E,E,tabpfn,20260913,2015H1,24159,83,0.0077052866043105725,0.0034355726644314747
2014H2-E,E,tabpfn,20260913,2015H2,24159,130,0.008293838297999795,0.0053810174262179725
2014H2-E,E,tabpfn,20260913,2016H1,24632,115,0.008321456528825186,0.0046687236115621955
2014H2-E,E,tabpfn,20260913,2016H2,24760,121,0.007895406042682376,0.004886914378029079
2014H2-E,E,tabpfn,20260913,2017H1,24541,162,0.00917538616739731,0.00660119799519172
2014H2-E,E,tabpfn,20260913,2017H2,24680,143,0.009056929832008252,0.005794165316045381
2014H2-E,E,tabpfn,20260913,2018H1,24416,148,0.008816389132127029,0.006061598951507209
2014H2-E,E,tabpfn,20260913,2018H2,24543,146,0.00898918026083157,0.005948743022450393
2014H2-E,E,tabpfn,20260913,2019H1,24752,110,0.008615852407221448,0.0044440853264382674
2014H2-E,E,tabpfn,20260913,2019H2,24861,136,0.00788706984076201,0.005470415510236917
2014H2-E,E,tabpfn,20260913,2020H1,24880,111,0.0064894702429187405,0.004461414790996785
2014H2-E,E,tabpfn,20260913,2020H2,24919,71,0.0055371380962143495,0.0028492315100927005
2014H2-E,E,tabpfn,20260913,2021H1,24909,90,0.00612497065550078,0.003613151872817054
2014H2-E,E,tabpfn,20260913,2021H2,24929,136,0.007405329487781867,0.005455493601829195
2014H2-E,E,tabpfn,20260913,2022H1,24889,291,0.00815260441006398,0.011691912089678172
2014H2-E,E,tabpfn,20260913,2022H2,24859,373,0.007832623352373533,0.015004626091154109
2014H2-E,E,tabpfn,20260913,2023H1,24882,381,0.007647963054255696,0.015312273932963588
2014H2-E,E,tabpfn,20260913,2023H2,24866,363,0.007156614659576664,0.014598246601785572
2014H2-E,E,tabpfn@t1,20260911,2015H1,24159,83,0.011911546781618548,0.0034355726644314747
2014H2-E,E,tabpfn@t1,20260911,2015H2,24159,130,0.013012910611862352,0.0053810174262179725
2014H2-E,E,tabpfn@t1,20260911,2016H1,24632,115,0.013049538824502414,0.0046687236115621955
2014H2-E,E,tabpfn@t1,20260911,2016H2,24760,121,0.012390154849118122,0.004886914378029079
2014H2-E,E,tabpfn@t1,20260911,2017H1,24541,162,0.014709437814049276,0.00660119799519172
2014H2-E,E,tabpfn@t1,20260911,2017H2,24680,143,0.014744227481773524,0.005794165316045381
2014H2-E,E,tabpfn@t1,20260911,2018H1,24416,148,0.014910750885721562,0.006061598951507209
2014H2-E,E,tabpfn@t1,20260911,2018H2,24543,146,0.01527872099161662,0.005948743022450393
2014H2-E,E,tabpfn@t1,20260911,2019H1,24752,110,0.014876239473542946,0.0044440853264382674
2014H2-E,E,tabpfn@t1,20260911,2019H2,24861,136,0.013251076937060076,0.005470415510236917
2014H2-E,E,tabpfn@t1,20260911,2020H1,24880,111,0.010958992577221504,0.004461414790996785
2014H2-E,E,tabpfn@t1,20260911,2020H2,24919,71,0.009225779825920835,0.0028492315100927005
2014H2-E,E,tabpfn@t1,20260911,2021H1,24909,90,0.010352765036349448,0.003613151872817054
2014H2-E,E,tabpfn@t1,20260911,2021H2,24929,136,0.012374376527776206,0.005455493601829195
2014H2-E,E,tabpfn@t1,20260911,2022H1,24889,291,0.014371545851095575,0.011691912089678172
2014H2-E,E,tabpfn@t1,20260911,2022H2,24859,373,0.014629433164020643,0.015004626091154109
2014H2-E,E,tabpfn@t1,20260911,2023H1,24882,381,0.014847470756094555,0.015312273932963588
2014H2-E,E,tabpfn@t1,20260911,2023H2,24866,363,0.014060943598196991,0.014598246601785572
2014H2-E,E,tabpfn@t1,20260912,2015H1,24159,83,0.011841691985731446,0.0034355726644314747
2014H2-E,E,tabpfn@t1,20260912,2015H2,24159,130,0.012938608461118283,0.0053810174262179725
2014H2-E,E,tabpfn@t1,20260912,2016H1,24632,115,0.01304948567130617,0.0046687236115621955
2014H2-E,E,tabpfn@t1,20260912,2016H2,24760,121,0.012450198955496539,0.004886914378029079
2014H2-E,E,tabpfn@t1,20260912,2017H1,24541,162,0.01468604717436446,0.00660119799519172
2014H2-E,E,tabpfn@t1,20260912,2017H2,24680,143,0.014735274625861876,0.005794165316045381
2014H2-E,E,tabpfn@t1,20260912,2018H1,24416,148,0.014659442020825286,0.006061598951507209
2014H2-E,E,tabpfn@t1,20260912,2018H2,24543,146,0.015006405123072863,0.005948743022450393
2014H2-E,E,tabpfn@t1,20260912,2019H1,24752,110,0.014485388886318042,0.0044440853264382674
2014H2-E,E,tabpfn@t1,20260912,2019H2,24861,136,0.01298126832433153,0.005470415510236917
2014H2-E,E,tabpfn@t1,20260912,2020H1,24880,111,0.010663426957132648,0.004461414790996785
2014H2-E,E,tabpfn@t1,20260912,2020H2,24919,71,0.009109001284048436,0.0028492315100927005
2014H2-E,E,tabpfn@t1,20260912,2021H1,24909,90,0.01017350618080977,0.003613151872817054
2014H2-E,E,tabpfn@t1,20260912,2021H2,24929,136,0.01217969452041875,0.005455493601829195
2014H2-E,E,tabpfn@t1,20260912,2022H1,24889,291,0.013943231111236987,0.011691912089678172
2014H2-E,E,tabpfn@t1,20260912,2022H2,24859,373,0.01403593493208798,0.015004626091154109
2014H2-E,E,tabpfn@t1,20260912,2023H1,24882,381,0.013847076240520402,0.015312273932963588
2014H2-E,E,tabpfn@t1,20260912,2023H2,24866,363,0.013001300594934356,0.014598246601785572
2014H2-E,E,tabpfn@t1,20260913,2015H1,24159,83,0.01139249313096307,0.0034355726644314747
2014H2-E,E,tabpfn@t1,20260913,2015H2,24159,130,0.012214666122172348,0.0053810174262179725
2014H2-E,E,tabpfn@t1,20260913,2016H1,24632,115,0.012272728145765412,0.0046687236115621955
2014H2-E,E,tabpfn@t1,20260913,2016H2,24760,121,0.011718908675658736,0.004886914378029079
2014H2-E,E,tabpfn@t1,20260913,2017H1,24541,162,0.013448478727415695,0.00660119799519172
2014H2-E,E,tabpfn@t1,20260913,2017H2,24680,143,0.013330671794215515,0.005794165316045381
2014H2-E,E,tabpfn@t1,20260913,2018H1,24416,148,0.013030845305493345,0.006061598951507209
2014H2-E,E,tabpfn@t1,20260913,2018H2,24543,146,0.013272715694322512,0.005948743022450393
2014H2-E,E,tabpfn@t1,20260913,2019H1,24752,110,0.012823514683129844,0.0044440853264382674
2014H2-E,E,tabpfn@t1,20260913,2019H2,24861,136,0.011827674717742107,0.005470415510236917
2014H2-E,E,tabpfn@t1,20260913,2020H1,24880,111,0.0098818248685096,0.004461414790996785
2014H2-E,E,tabpfn@t1,20260913,2020H2,24919,71,0.00853572650240931,0.0028492315100927005
2014H2-E,E,tabpfn@t1,20260913,2021H1,24909,90,0.00938863328680216,0.003613151872817054
2014H2-E,E,tabpfn@t1,20260913,2021H2,24929,136,0.011174365535226573,0.005455493601829195
2014H2-E,E,tabpfn@t1,20260913,2022H1,24889,291,0.012268811716530416,0.011691912089678172
2014H2-E,E,tabpfn@t1,20260913,2022H2,24859,373,0.011848830788195744,0.015004626091154109
2014H2-E,E,tabpfn@t1,20260913,2023H1,24882,381,0.011525324090751852,0.015312273932963588
2014H2-E,E,tabpfn@t1,20260913,2023H2,24866,363,0.01080176717478555,0.014598246601785572
2016H2-E,E,gbm,,2017H1,24541,162,0.012026028647832655,0.00660119799519172
2016H2-E,E,gbm,,2017H2,24680,143,0.011953226324250728,0.005794165316045381
2016H2-E,E,gbm,,2018H1,24416,148,0.011811669070676758,0.006061598951507209
2016H2-E,E,gbm,,2018H2,24543,146,0.012212022242080756,0.005948743022450393
2016H2-E,E,gbm,,2019H1,24752,110,0.011699055379499572,0.0044440853264382674
2016H2-E,E,gbm,,2019H2,24861,136,0.010560491731026295,0.005470415510236917
2016H2-E,E,gbm,,2020H1,24880,111,0.008509479162468584,0.004461414790996785
2016H2-E,E,gbm,,2020H2,24919,71,0.007173665552178643,0.0028492315100927005
2016H2-E,E,gbm,,2021H1,24909,90,0.008383276551305576,0.003613151872817054
2016H2-E,E,gbm,,2021H2,24929,136,0.010316885956444226,0.005455493601829195
2016H2-E,E,gbm,,2022H1,24889,291,0.012098861511187659,0.011691912089678172
2016H2-E,E,gbm,,2022H2,24859,373,0.011604592037909606,0.015004626091154109
2016H2-E,E,gbm,,2023H1,24882,381,0.011379088249652228,0.015312273932963588
2016H2-E,E,gbm,,2023H2,24866,363,0.010628682035396683,0.014598246601785572
2016H2-E,E,gbm-50k,20260911,2017H1,24541,162,0.012992700912807001,0.00660119799519172
2016H2-E,E,gbm-50k,20260911,2017H2,24680,143,0.01296142471712685,0.005794165316045381
2016H2-E,E,gbm-50k,20260911,2018H1,24416,148,0.012810126264062707,0.006061598951507209
2016H2-E,E,gbm-50k,20260911,2018H2,24543,146,0.013031689499876552,0.005948743022450393
2016H2-E,E,gbm-50k,20260911,2019H1,24752,110,0.012699870311049999,0.0044440853264382674
2016H2-E,E,gbm-50k,20260911,2019H2,24861,136,0.011642180598001164,0.005470415510236917
2016H2-E,E,gbm-50k,20260911,2020H1,24880,111,0.010298247559479804,0.004461414790996785
2016H2-E,E,gbm-50k,20260911,2020H2,24919,71,0.009386471449635165,0.0028492315100927005
2016H2-E,E,gbm-50k,20260911,2021H1,24909,90,0.010281994091926792,0.003613151872817054
2016H2-E,E,gbm-50k,20260911,2021H2,24929,136,0.011621004709711499,0.005455493601829195
2016H2-E,E,gbm-50k,20260911,2022H1,24889,291,0.012789552432225723,0.011691912089678172
2016H2-E,E,gbm-50k,20260911,2022H2,24859,373,0.012857784728094113,0.015004626091154109
2016H2-E,E,gbm-50k,20260911,2023H1,24882,381,0.012736623739198955,0.015312273932963588
2016H2-E,E,gbm-50k,20260911,2023H2,24866,363,0.012090642940957423,0.014598246601785572
2016H2-E,E,gbm-50k,20260912,2017H1,24541,162,0.013515152329931423,0.00660119799519172
2016H2-E,E,gbm-50k,20260912,2017H2,24680,143,0.013655130271611852,0.005794165316045381
2016H2-E,E,gbm-50k,20260912,2018H1,24416,148,0.013699971961903232,0.006061598951507209
2016H2-E,E,gbm-50k,20260912,2018H2,24543,146,0.014148329822043643,0.005948743022450393
2016H2-E,E,gbm-50k,20260912,2019H1,24752,110,0.013462001722584776,0.0044440853264382674
2016H2-E,E,gbm-50k,20260912,2019H2,24861,136,0.012003780557211524,0.005470415510236917
2016H2-E,E,gbm-50k,20260912,2020H1,24880,111,0.010244688532651298,0.004461414790996785
2016H2-E,E,gbm-50k,20260912,2020H2,24919,71,0.009179430711318486,0.0028492315100927005
2016H2-E,E,gbm-50k,20260912,2021H1,24909,90,0.010164937211520696,0.003613151872817054
2016H2-E,E,gbm-50k,20260912,2021H2,24929,136,0.012045959023331306,0.005455493601829195
2016H2-E,E,gbm-50k,20260912,2022H1,24889,291,0.013557875059705838,0.011691912089678172
2016H2-E,E,gbm-50k,20260912,2022H2,24859,373,0.013782989083050121,0.015004626091154109
2016H2-E,E,gbm-50k,20260912,2023H1,24882,381,0.013669061275076229,0.015312273932963588
2016H2-E,E,gbm-50k,20260912,2023H2,24866,363,0.012727962906033423,0.014598246601785572
2016H2-E,E,gbm-50k,20260913,2017H1,24541,162,0.011861769628346099,0.00660119799519172
2016H2-E,E,gbm-50k,20260913,2017H2,24680,143,0.011693703378928347,0.005794165316045381
2016H2-E,E,gbm-50k,20260913,2018H1,24416,148,0.011447203671077424,0.006061598951507209
2016H2-E,E,gbm-50k,20260913,2018H2,24543,146,0.011818270488302139,0.005948743022450393
2016H2-E,E,gbm-50k,20260913,2019H1,24752,110,0.011342484196221518,0.0044440853264382674
2016H2-E,E,gbm-50k,20260913,2019H2,24861,136,0.009952616658638004,0.005470415510236917
2016H2-E,E,gbm-50k,20260913,2020H1,24880,111,0.008251332901637314,0.004461414790996785
2016H2-E,E,gbm-50k,20260913,2020H2,24919,71,0.007117805106021809,0.0028492315100927005
2016H2-E,E,gbm-50k,20260913,2021H1,24909,90,0.008146555377809762,0.003613151872817054
2016H2-E,E,gbm-50k,20260913,2021H2,24929,136,0.010267131734286212,0.005455493601829195
2016H2-E,E,gbm-50k,20260913,2022H1,24889,291,0.011980834852567197,0.011691912089678172
2016H2-E,E,gbm-50k,20260913,2022H2,24859,373,0.011531016104323605,0.015004626091154109
2016H2-E,E,gbm-50k,20260913,2023H1,24882,381,0.011295320328524922,0.015312273932963588
2016H2-E,E,gbm-50k,20260913,2023H2,24866,363,0.01075681890098769,0.014598246601785572
2016H2-E,E,scorecard,,2017H1,24541,162,0.013210970722981292,0.00660119799519172
2016H2-E,E,scorecard,,2017H2,24680,143,0.013418730236639656,0.005794165316045381
2016H2-E,E,scorecard,,2018H1,24416,148,0.013717592895975496,0.006061598951507209
2016H2-E,E,scorecard,,2018H2,24543,146,0.014408990271695288,0.005948743022450393
2016H2-E,E,scorecard,,2019H1,24752,110,0.01360664607873799,0.0044440853264382674
2016H2-E,E,scorecard,,2019H2,24861,136,0.011473310837724127,0.005470415510236917
2016H2-E,E,scorecard,,2020H1,24880,111,0.009289540208420835,0.004461414790996785
2016H2-E,E,scorecard,,2020H2,24919,71,0.008011571421664592,0.0028492315100927005
2016H2-E,E,scorecard,,2021H1,24909,90,0.009254930518354215,0.003613151872817054
2016H2-E,E,scorecard,,2021H2,24929,136,0.011652821771553405,0.005455493601829195
2016H2-E,E,scorecard,,2022H1,24889,291,0.013894649550639045,0.011691912089678172
2016H2-E,E,scorecard,,2022H2,24859,373,0.014401274283059201,0.015004626091154109
2016H2-E,E,scorecard,,2023H1,24882,381,0.014214593692564044,0.015312273932963588
2016H2-E,E,scorecard,,2023H2,24866,363,0.013358897789147894,0.014598246601785572
2016H2-E,E,tabicl,20260911,2017H1,24541,162,0.008833152253144726,0.00660119799519172
2016H2-E,E,tabicl,20260911,2017H2,24680,143,0.008837456530588941,0.005794165316045381
2016H2-E,E,tabicl,20260911,2018H1,24416,148,0.008706944743748696,0.006061598951507209
2016H2-E,E,tabicl,20260911,2018H2,24543,146,0.008973768863972316,0.005948743022450393
2016H2-E,E,tabicl,20260911,2019H1,24752,110,0.008651493384299273,0.0044440853264382674
2016H2-E,E,tabicl,20260911,2019H2,24861,136,0.007868658022286073,0.005470415510236917
2016H2-E,E,tabicl,20260911,2020H1,24880,111,0.006530195961010995,0.004461414790996785
2016H2-E,E,tabicl,20260911,2020H2,24919,71,0.00551285074129497,0.0028492315100927005
2016H2-E,E,tabicl,20260911,2021H1,24909,90,0.006301606706870394,0.003613151872817054
2016H2-E,E,tabicl,20260911,2021H2,24929,136,0.007615383631621332,0.005455493601829195
2016H2-E,E,tabicl,20260911,2022H1,24889,291,0.008770398219932307,0.011691912089678172
2016H2-E,E,tabicl,20260911,2022H2,24859,373,0.008444136998131473,0.015004626091154109
2016H2-E,E,tabicl,20260911,2023H1,24882,381,0.008379192809331944,0.015312273932963588
2016H2-E,E,tabicl,20260911,2023H2,24866,363,0.00777928468032086,0.014598246601785572
2016H2-E,E,tabicl,20260912,2017H1,24541,162,0.009530081269224673,0.00660119799519172
2016H2-E,E,tabicl,20260912,2017H2,24680,143,0.009694892567654021,0.005794165316045381
2016H2-E,E,tabicl,20260912,2018H1,24416,148,0.009646707361556536,0.006061598951507209
2016H2-E,E,tabicl,20260912,2018H2,24543,146,0.010080635966013655,0.005948743022450393
2016H2-E,E,tabicl,20260912,2019H1,24752,110,0.009609086161790441,0.0044440853264382674
2016H2-E,E,tabicl,20260912,2019H2,24861,136,0.0085303891710145,0.005470415510236917
2016H2-E,E,tabicl,20260912,2020H1,24880,111,0.006861387528536886,0.004461414790996785
2016H2-E,E,tabicl,20260912,2020H2,24919,71,0.005791110057590491,0.0028492315100927005
2016H2-E,E,tabicl,20260912,2021H1,24909,90,0.006527782499948518,0.003613151872817054
2016H2-E,E,tabicl,20260912,2021H2,24929,136,0.008010101606388938,0.005455493601829195
2016H2-E,E,tabicl,20260912,2022H1,24889,291,0.009309217634667013,0.011691912089678172
2016H2-E,E,tabicl,20260912,2022H2,24859,373,0.00938822114134699,0.015004626091154109
2016H2-E,E,tabicl,20260912,2023H1,24882,381,0.009280535954211466,0.015312273932963588
2016H2-E,E,tabicl,20260912,2023H2,24866,363,0.008478102885377368,0.014598246601785572
2016H2-E,E,tabicl,20260913,2017H1,24541,162,0.00825006797400591,0.00660119799519172
2016H2-E,E,tabicl,20260913,2017H2,24680,143,0.008231336859848757,0.005794165316045381
2016H2-E,E,tabicl,20260913,2018H1,24416,148,0.008152556090106153,0.006061598951507209
2016H2-E,E,tabicl,20260913,2018H2,24543,146,0.008419869919036734,0.005948743022450393
2016H2-E,E,tabicl,20260913,2019H1,24752,110,0.00805816744224275,0.0044440853264382674
2016H2-E,E,tabicl,20260913,2019H2,24861,136,0.007075199089181498,0.005470415510236917
2016H2-E,E,tabicl,20260913,2020H1,24880,111,0.0057416191057735365,0.004461414790996785
2016H2-E,E,tabicl,20260913,2020H2,24919,71,0.004874082015604441,0.0028492315100927005
2016H2-E,E,tabicl,20260913,2021H1,24909,90,0.005631128915913953,0.003613151872817054
2016H2-E,E,tabicl,20260913,2021H2,24929,136,0.007015427637808498,0.005455493601829195
2016H2-E,E,tabicl,20260913,2022H1,24889,291,0.008280313720547735,0.011691912089678172
2016H2-E,E,tabicl,20260913,2022H2,24859,373,0.00811901692944568,0.015004626091154109
2016H2-E,E,tabicl,20260913,2023H1,24882,381,0.007897618729037551,0.015312273932963588
2016H2-E,E,tabicl,20260913,2023H2,24866,363,0.007490923624614885,0.014598246601785572
2016H2-E,E,tabicl@t1,20260911,2017H1,24541,162,0.012972198907670818,0.00660119799519172
2016H2-E,E,tabicl@t1,20260911,2017H2,24680,143,0.01299153755646775,0.005794165316045381
2016H2-E,E,tabicl@t1,20260911,2018H1,24416,148,0.01284868550004529,0.006061598951507209
2016H2-E,E,tabicl@t1,20260911,2018H2,24543,146,0.013218976042252471,0.005948743022450393
2016H2-E,E,tabicl@t1,20260911,2019H1,24752,110,0.012825191474747671,0.0044440853264382674
2016H2-E,E,tabicl@t1,20260911,2019H2,24861,136,0.011737271981953401,0.005470415510236917
2016H2-E,E,tabicl@t1,20260911,2020H1,24880,111,0.009862989491328482,0.004461414790996785
2016H2-E,E,tabicl@t1,20260911,2020H2,24919,71,0.0084308710059358,0.0028492315100927005
2016H2-E,E,tabicl@t1,20260911,2021H1,24909,90,0.009557693635950559,0.003613151872817054
2016H2-E,E,tabicl@t1,20260911,2021H2,24929,136,0.011382571505436633,0.005455493601829195
2016H2-E,E,tabicl@t1,20260911,2022H1,24889,291,0.013021759030305275,0.011691912089678172
2016H2-E,E,tabicl@t1,20260911,2022H2,24859,373,0.012611413426438366,0.015004626091154109
2016H2-E,E,tabicl@t1,20260911,2023H1,24882,381,0.012469921500318441,0.015312273932963588
2016H2-E,E,tabicl@t1,20260911,2023H2,24866,363,0.01161697592895811,0.014598246601785572
2016H2-E,E,tabicl@t1,20260912,2017H1,24541,162,0.013871773092530636,0.00660119799519172
2016H2-E,E,tabicl@t1,20260912,2017H2,24680,143,0.014088221747887212,0.005794165316045381
2016H2-E,E,tabicl@t1,20260912,2018H1,24416,148,0.014060231314107151,0.006061598951507209
2016H2-E,E,tabicl@t1,20260912,2018H2,24543,146,0.014641803293582441,0.005948743022450393
2016H2-E,E,tabicl@t1,20260912,2019H1,24752,110,0.01406301862796288,0.0044440853264382674
2016H2-E,E,tabicl@t1,20260912,2019H2,24861,136,0.012576896126121843,0.005470415510236917
2016H2-E,E,tabicl@t1,20260912,2020H1,24880,111,0.010268421555610278,0.004461414790996785
2016H2-E,E,tabicl@t1,20260912,2020H2,24919,71,0.008767509469242759,0.0028492315100927005
2016H2-E,E,tabicl@t1,20260912,2021H1,24909,90,0.00983202852196172,0.003613151872817054
2016H2-E,E,tabicl@t1,20260912,2021H2,24929,136,0.011881772317549227,0.005455493601829195
2016H2-E,E,tabicl@t1,20260912,2022H1,24889,291,0.01372668216130656,0.011691912089678172
2016H2-E,E,tabicl@t1,20260912,2022H2,24859,373,0.013880667051567529,0.015004626091154109
2016H2-E,E,tabicl@t1,20260912,2023H1,24882,381,0.01368009902883535,0.015312273932963588
2016H2-E,E,tabicl@t1,20260912,2023H2,24866,363,0.012574534028235402,0.014598246601785572
2016H2-E,E,tabicl@t1,20260913,2017H1,24541,162,0.012356610616266316,0.00660119799519172
2016H2-E,E,tabicl@t1,20260913,2017H2,24680,143,0.012349284695487673,0.005794165316045381
2016H2-E,E,tabicl@t1,20260913,2018H1,24416,148,0.012268448984365637,0.006061598951507209
2016H2-E,E,tabicl@t1,20260913,2018H2,24543,146,0.012650925718820228,0.005948743022450393
2016H2-E,E,tabicl@t1,20260913,2019H1,24752,110,0.012187874467098668,0.0044440853264382674
2016H2-E,E,tabicl@t1,20260913,2019H2,24861,136,0.010815552614273827,0.005470415510236917
2016H2-E,E,tabicl@t1,20260913,2020H1,24880,111,0.008909600539636964,0.004461414790996785
2016H2-E,E,tabicl@t1,20260913,2020H2,24919,71,0.00766277472130234,0.0028492315100927005
2016H2-E,E,tabicl@t1,20260913,2021H1,24909,90,0.008750970918642065,0.003613151872817054
2016H2-E,E,tabicl@t1,20260913,2021H2,24929,136,0.010699582745714366,0.005455493601829195
2016H2-E,E,tabicl@t1,20260913,2022H1,24889,291,0.012493752689822148,0.011691912089678172
2016H2-E,E,tabicl@t1,20260913,2022H2,24859,373,0.012314919006160786,0.015004626091154109
2016H2-E,E,tabicl@t1,20260913,2023H1,24882,381,0.011985953981790668,0.015312273932963588
2016H2-E,E,tabicl@t1,20260913,2023H2,24866,363,0.011384008505088703,0.014598246601785572
2016H2-E,E,tabpfn,20260911,2017H1,24541,162,0.008666911222320273,0.00660119799519172
2016H2-E,E,tabpfn,20260911,2017H2,24680,143,0.00867074976402473,0.005794165316045381
2016H2-E,E,tabpfn,20260911,2018H1,24416,148,0.008548725636507142,0.006061598951507209
2016H2-E,E,tabpfn,20260911,2018H2,24543,146,0.00875398361712972,0.005948743022450393
2016H2-E,E,tabpfn,20260911,2019H1,24752,110,0.00848224337779961,0.0044440853264382674
2016H2-E,E,tabpfn,20260911,2019H2,24861,136,0.007695330639484436,0.005470415510236917
2016H2-E,E,tabpfn,20260911,2020H1,24880,111,0.006456648789489742,0.004461414790996785
2016H2-E,E,tabpfn,20260911,2020H2,24919,71,0.005434451352916158,0.0028492315100927005
2016H2-E,E,tabpfn,20260911,2021H1,24909,90,0.006216913775168715,0.003613151872817054
2016H2-E,E,tabpfn,20260911,2021H2,24929,136,0.007472447794488881,0.005455493601829195
2016H2-E,E,tabpfn,20260911,2022H1,24889,291,0.008579174917179922,0.011691912089678172
2016H2-E,E,tabpfn,20260911,2022H2,24859,373,0.008131105627506501,0.015004626091154109
2016H2-E,E,tabpfn,20260911,2023H1,24882,381,0.008024964539216903,0.015312273932963588
2016H2-E,E,tabpfn,20260911,2023H2,24866,363,0.00744383571278624,0.014598246601785572
2016H2-E,E,tabpfn,20260912,2017H1,24541,162,0.008896143633715131,0.00660119799519172
2016H2-E,E,tabpfn,20260912,2017H2,24680,143,0.008934997946678812,0.005794165316045381
2016H2-E,E,tabpfn,20260912,2018H1,24416,148,0.00875605694181477,0.006061598951507209
2016H2-E,E,tabpfn,20260912,2018H2,24543,146,0.0090110378578417,0.005948743022450393
2016H2-E,E,tabpfn,20260912,2019H1,24752,110,0.008638381166101898,0.0044440853264382674
2016H2-E,E,tabpfn,20260912,2019H2,24861,136,0.007905685463449911,0.005470415510236917
2016H2-E,E,tabpfn,20260912,2020H1,24880,111,0.006512343508995014,0.004461414790996785
2016H2-E,E,tabpfn,20260912,2020H2,24919,71,0.005477919884972133,0.0028492315100927005
2016H2-E,E,tabpfn,20260912,2021H1,24909,90,0.0062419680122130635,0.003613151872817054
2016H2-E,E,tabpfn,20260912,2021H2,24929,136,0.007576649306178457,0.005455493601829195
2016H2-E,E,tabpfn,20260912,2022H1,24889,291,0.008680722853829093,0.011691912089678172
2016H2-E,E,tabpfn,20260912,2022H2,24859,373,0.008133165732660645,0.015004626091154109
2016H2-E,E,tabpfn,20260912,2023H1,24882,381,0.007861255027846036,0.015312273932963588
2016H2-E,E,tabpfn,20260912,2023H2,24866,363,0.00719676614860758,0.014598246601785572
2016H2-E,E,tabpfn,20260913,2017H1,24541,162,0.008052649441989967,0.00660119799519172
2016H2-E,E,tabpfn,20260913,2017H2,24680,143,0.008025577700990943,0.005794165316045381
2016H2-E,E,tabpfn,20260913,2018H1,24416,148,0.00791672341803084,0.006061598951507209
2016H2-E,E,tabpfn,20260913,2018H2,24543,146,0.008169920507551533,0.005948743022450393
2016H2-E,E,tabpfn,20260913,2019H1,24752,110,0.007839096015702832,0.0044440853264382674
2016H2-E,E,tabpfn,20260913,2019H2,24861,136,0.0069977230782697535,0.005470415510236917
2016H2-E,E,tabpfn,20260913,2020H1,24880,111,0.005729527565429099,0.004461414790996785
2016H2-E,E,tabpfn,20260913,2020H2,24919,71,0.0048383453678033685,0.0028492315100927005
2016H2-E,E,tabpfn,20260913,2021H1,24909,90,0.005596362101867949,0.003613151872817054
2016H2-E,E,tabpfn,20260913,2021H2,24929,136,0.006964915880114838,0.005455493601829195
2016H2-E,E,tabpfn,20260913,2022H1,24889,291,0.008093154068597886,0.011691912089678172
2016H2-E,E,tabpfn,20260913,2022H2,24859,373,0.007637025080892132,0.015004626091154109
2016H2-E,E,tabpfn,20260913,2023H1,24882,381,0.00731055692494799,0.015312273932963588
2016H2-E,E,tabpfn,20260913,2023H2,24866,363,0.006951602526416728,0.014598246601785572
2016H2-E,E,tabpfn@t1,20260911,2017H1,24541,162,0.012811861386764677,0.00660119799519172
2016H2-E,E,tabpfn@t1,20260911,2017H2,24680,143,0.012826583381345883,0.005794165316045381
2016H2-E,E,tabpfn@t1,20260911,2018H1,24416,148,0.01268978090722192,0.006061598951507209
2016H2-E,E,tabpfn@t1,20260911,2018H2,24543,146,0.012980164345834292,0.005948743022450393
2016H2-E,E,tabpfn@t1,20260911,2019H1,24752,110,0.012651443797077012,0.0044440853264382674
2016H2-E,E,tabpfn@t1,20260911,2019H2,24861,136,0.011551222542058641,0.005470415510236917
2016H2-E,E,tabpfn@t1,20260911,2020H1,24880,111,0.00980241450992709,0.004461414790996785
2016H2-E,E,tabpfn@t1,20260911,2020H2,24919,71,0.008351541803651224,0.0028492315100927005
2016H2-E,E,tabpfn@t1,20260911,2021H1,24909,90,0.009476340825557004,0.003613151872817054
2016H2-E,E,tabpfn@t1,20260911,2021H2,24929,136,0.01123827369696161,0.005455493601829195
2016H2-E,E,tabpfn@t1,20260911,2022H1,24889,291,0.012823381913592903,0.011691912089678172
2016H2-E,E,tabpfn@t1,20260911,2022H2,24859,373,0.01222866957011548,0.015004626091154109
2016H2-E,E,tabpfn@t1,20260911,2023H1,24882,381,0.012030513714650679,0.015312273932963588
2016H2-E,E,tabpfn@t1,20260911,2023H2,24866,363,0.011190687167078536,0.014598246601785572
2016H2-E,E,tabpfn@t1,20260912,2017H1,24541,162,0.01306119785031355,0.00660119799519172
2016H2-E,E,tabpfn@t1,20260912,2017H2,24680,143,0.013117836516726593,0.005794165316045381
2016H2-E,E,tabpfn@t1,20260912,2018H1,24416,148,0.012903715959195322,0.006061598951507209
2016H2-E,E,tabpfn@t1,20260912,2018H2,24543,146,0.013251695801928608,0.005948743022450393
2016H2-E,E,tabpfn@t1,20260912,2019H1,24752,110,0.012796168012540928,0.0044440853264382674
2016H2-E,E,tabpfn@t1,20260912,2019H2,24861,136,0.01176646444668027,0.005470415510236917
2016H2-E,E,tabpfn@t1,20260912,2020H1,24880,111,0.009823182935177166,0.004461414790996785
2016H2-E,E,tabpfn@t1,20260912,2020H2,24919,71,0.008371026147529909,0.0028492315100927005
2016H2-E,E,tabpfn@t1,20260912,2021H1,24909,90,0.009467677502642442,0.003613151872817054
2016H2-E,E,tabpfn@t1,20260912,2021H2,24929,136,0.011328259639649422,0.005455493601829195
2016H2-E,E,tabpfn@t1,20260912,2022H1,24889,291,0.012897084202961465,0.011691912089678172
2016H2-E,E,tabpfn@t1,20260912,2022H2,24859,373,0.012181710061762921,0.015004626091154109
2016H2-E,E,tabpfn@t1,20260912,2023H1,24882,381,0.011771666840238884,0.015312273932963588
2016H2-E,E,tabpfn@t1,20260912,2023H2,24866,363,0.010830957235301511,0.014598246601785572
2016H2-E,E,tabpfn@t1,20260913,2017H1,24541,162,0.012084725996204247,0.00660119799519172
2016H2-E,E,tabpfn@t1,20260913,2017H2,24680,143,0.012068844652292526,0.005794165316045381
2016H2-E,E,tabpfn@t1,20260913,2018H1,24416,148,0.01194275454974015,0.006061598951507209
2016H2-E,E,tabpfn@t1,20260913,2018H2,24543,146,0.012299892679390237,0.005948743022450393
2016H2-E,E,tabpfn@t1,20260913,2019H1,24752,110,0.011882640744941364,0.0044440853264382674
2016H2-E,E,tabpfn@t1,20260913,2019H2,24861,136,0.010700804295017912,0.005470415510236917
2016H2-E,E,tabpfn@t1,20260913,2020H1,24880,111,0.00887920691882673,0.004461414790996785
2016H2-E,E,tabpfn@t1,20260913,2020H2,24919,71,0.007598735256737897,0.0028492315100927005
2016H2-E,E,tabpfn@t1,20260913,2021H1,24909,90,0.008685196956708961,0.003613151872817054
2016H2-E,E,tabpfn@t1,20260913,2021H2,24929,136,0.010622675338309339,0.005455493601829195
2016H2-E,E,tabpfn@t1,20260913,2022H1,24889,291,0.01223264483978395,0.011691912089678172
2016H2-E,E,tabpfn@t1,20260913,2022H2,24859,373,0.011648076315150536,0.015004626091154109
2016H2-E,E,tabpfn@t1,20260913,2023H1,24882,381,0.011170578161806284,0.015312273932963588
2016H2-E,E,tabpfn@t1,20260913,2023H2,24866,363,0.010624240265988454,0.014598246601785572
2018H2-E,E,gbm,,2019H1,24752,110,0.01024559015355016,0.0044440853264382674
2018H2-E,E,gbm,,2019H2,24861,136,0.009282488766724897,0.005470415510236917
2018H2-E,E,gbm,,2020H1,24880,111,0.007488755926405607,0.004461414790996785
2018H2-E,E,gbm,,2020H2,24919,71,0.006285903958841119,0.0028492315100927005
2018H2-E,E,gbm,,2021H1,24909,90,0.007406173896554751,0.003613151872817054
2018H2-E,E,gbm,,2021H2,24929,136,0.00922800388812918,0.005455493601829195
2018H2-E,E,gbm,,2022H1,24889,291,0.010817639154080995,0.011691912089678172
2018H2-E,E,gbm,,2022H2,24859,373,0.010156871787866863,0.015004626091154109
2018H2-E,E,gbm,,2023H1,24882,381,0.009906458605069562,0.015312273932963588
2018H2-E,E,gbm,,2023H2,24866,363,0.009277835058440249,0.014598246601785572
2018H2-E,E,gbm-50k,20260911,2019H1,24752,110,0.008359203258306502,0.0044440853264382674
2018H2-E,E,gbm-50k,20260911,2019H2,24861,136,0.00753628513132007,0.005470415510236917
2018H2-E,E,gbm-50k,20260911,2020H1,24880,111,0.0058585896030622225,0.004461414790996785
2018H2-E,E,gbm-50k,20260911,2020H2,24919,71,0.004754403104632893,0.0028492315100927005
2018H2-E,E,gbm-50k,20260911,2021H1,24909,90,0.006039480937692276,0.003613151872817054
2018H2-E,E,gbm-50k,20260911,2021H2,24929,136,0.007716127114220501,0.005455493601829195
2018H2-E,E,gbm-50k,20260911,2022H1,24889,291,0.009292812992404526,0.011691912089678172
2018H2-E,E,gbm-50k,20260911,2022H2,24859,373,0.008727246396357562,0.015004626091154109
2018H2-E,E,gbm-50k,20260911,2023H1,24882,381,0.00849756040258905,0.015312273932963588
2018H2-E,E,gbm-50k,20260911,2023H2,24866,363,0.007717179209935045,0.014598246601785572
2018H2-E,E,gbm-50k,20260912,2019H1,24752,110,0.01120162370933184,0.0044440853264382674
2018H2-E,E,gbm-50k,20260912,2019H2,24861,136,0.010221330217547255,0.005470415510236917
2018H2-E,E,gbm-50k,20260912,2020H1,24880,111,0.008917600986000017,0.004461414790996785
2018H2-E,E,gbm-50k,20260912,2020H2,24919,71,0.007785864681628919,0.0028492315100927005
2018H2-E,E,gbm-50k,20260912,2021H1,24909,90,0.00848085007614914,0.003613151872817054
2018H2-E,E,gbm-50k,20260912,2021H2,24929,136,0.010086558194828855,0.005455493601829195
2018H2-E,E,gbm-50k,20260912,2022H1,24889,291,0.011461400194822165,0.011691912089678172
2018H2-E,E,gbm-50k,20260912,2022H2,24859,373,0.011196531933625716,0.015004626091154109
2018H2-E,E,gbm-50k,20260912,2023H1,24882,381,0.011023895812486887,0.015312273932963588
2018H2-E,E,gbm-50k,20260912,2023H2,24866,363,0.010373324424299621,0.014598246601785572
2018H2-E,E,gbm-50k,20260913,2019H1,24752,110,0.009050571642607698,0.0044440853264382674
2018H2-E,E,gbm-50k,20260913,2019H2,24861,136,0.008089735703461751,0.005470415510236917
2018H2-E,E,gbm-50k,20260913,2020H1,24880,111,0.00666548459109379,0.004461414790996785
2018H2-E,E,gbm-50k,20260913,2020H2,24919,71,0.005452188716080329,0.0028492315100927005
2018H2-E,E,gbm-50k,20260913,2021H1,24909,90,0.0062912995768745995,0.003613151872817054
2018H2-E,E,gbm-50k,20260913,2021H2,24929,136,0.007704536299817852,0.005455493601829195
2018H2-E,E,gbm-50k,20260913,2022H1,24889,291,0.008935158982925809,0.011691912089678172
2018H2-E,E,gbm-50k,20260913,2022H2,24859,373,0.008536562686404828,0.015004626091154109
2018H2-E,E,gbm-50k,20260913,2023H1,24882,381,0.00855090134755753,0.015312273932963588
2018H2-E,E,gbm-50k,20260913,2023H2,24866,363,0.007835745105802915,0.014598246601785572
2018H2-E,E,scorecard,,2019H1,24752,110,0.012359586618974589,0.0044440853264382674
2018H2-E,E,scorecard,,2019H2,24861,136,0.010442459031308981,0.005470415510236917
2018H2-E,E,scorecard,,2020H1,24880,111,0.00845537042659781,0.004461414790996785
2018H2-E,E,scorecard,,2020H2,24919,71,0.007276953357025045,0.0028492315100927005
2018H2-E,E,scorecard,,2021H1,24909,90,0.008479975258218392,0.003613151872817054
2018H2-E,E,scorecard,,2021H2,24929,136,0.010753202271185975,0.005455493601829195
2018H2-E,E,scorecard,,2022H1,24889,291,0.012839334751991624,0.011691912089678172
2018H2-E,E,scorecard,,2022H2,24859,373,0.013051851055090472,0.015004626091154109
2018H2-E,E,scorecard,,2023H1,24882,381,0.012755269070453958,0.015312273932963588
2018H2-E,E,scorecard,,2023H2,24866,363,0.011969261540559013,0.014598246601785572
2018H2-E,E,tabicl,20260911,2019H1,24752,110,0.0069607242017829165,0.0044440853264382674
2018H2-E,E,tabicl,20260911,2019H2,24861,136,0.0060543099744018065,0.005470415510236917
2018H2-E,E,tabicl,20260911,2020H1,24880,111,0.004843266391959812,0.004461414790996785
2018H2-E,E,tabicl,20260911,2020H2,24919,71,0.0040579821884358875,0.0028492315100927005
2018H2-E,E,tabicl,20260911,2021H1,24909,90,0.004718555376221335,0.003613151872817054
2018H2-E,E,tabicl,20260911,2021H2,24929,136,0.005934870497391351,0.005455493601829195
2018H2-E,E,tabicl,20260911,2022H1,24889,291,0.007196319957251822,0.011691912089678172
2018H2-E,E,tabicl,20260911,2022H2,24859,373,0.007116326832693438,0.015004626091154109
2018H2-E,E,tabicl,20260911,2023H1,24882,381,0.00709619549387884,0.015312273932963588
2018H2-E,E,tabicl,20260911,2023H2,24866,363,0.00666683652774982,0.014598246601785572
2018H2-E,E,tabicl,20260912,2019H1,24752,110,0.007226653116191694,0.0044440853264382674
2018H2-E,E,tabicl,20260912,2019H2,24861,136,0.006468830737886767,0.005470415510236917
2018H2-E,E,tabicl,20260912,2020H1,24880,111,0.005348003403536747,0.004461414790996785
2018H2-E,E,tabicl,20260912,2020H2,24919,71,0.004568715054646779,0.0028492315100927005
2018H2-E,E,tabicl,20260912,2021H1,24909,90,0.0051977755713680865,0.003613151872817054
2018H2-E,E,tabicl,20260912,2021H2,24929,136,0.00639503014452974,0.005455493601829195
2018H2-E,E,tabicl,20260912,2022H1,24889,291,0.007369040297312801,0.011691912089678172
2018H2-E,E,tabicl,20260912,2022H2,24859,373,0.007107870753000208,0.015004626091154109
2018H2-E,E,tabicl,20260912,2023H1,24882,381,0.006955668384147877,0.015312273932963588
2018H2-E,E,tabicl,20260912,2023H2,24866,363,0.006567157966035707,0.014598246601785572
2018H2-E,E,tabicl,20260913,2019H1,24752,110,0.006854756356830506,0.0044440853264382674
2018H2-E,E,tabicl,20260913,2019H2,24861,136,0.006007494238968301,0.005470415510236917
2018H2-E,E,tabicl,20260913,2020H1,24880,111,0.004910686880200582,0.004461414790996785
2018H2-E,E,tabicl,20260913,2020H2,24919,71,0.004106560975929301,0.0028492315100927005
2018H2-E,E,tabicl,20260913,2021H1,24909,90,0.004666836927618257,0.003613151872817054
2018H2-E,E,tabicl,20260913,2021H2,24929,136,0.005655018354515247,0.005455493601829195
2018H2-E,E,tabicl,20260913,2022H1,24889,291,0.006592331347645691,0.011691912089678172
2018H2-E,E,tabicl,20260913,2022H2,24859,373,0.006605253367793765,0.015004626091154109
2018H2-E,E,tabicl,20260913,2023H1,24882,381,0.006596959117501807,0.015312273932963588
2018H2-E,E,tabicl,20260913,2023H2,24866,363,0.00623351131831764,0.014598246601785572
2018H2-E,E,tabicl@t1,20260911,2019H1,24752,110,0.010523933593944107,0.0044440853264382674
2018H2-E,E,tabicl@t1,20260911,2019H2,24861,136,0.00926461840191779,0.005470415510236917
2018H2-E,E,tabicl@t1,20260911,2020H1,24880,111,0.007536256297700076,0.004461414790996785
2018H2-E,E,tabicl@t1,20260911,2020H2,24919,71,0.0064094635345618035,0.0028492315100927005
2018H2-E,E,tabicl@t1,20260911,2021H1,24909,90,0.007365041572732776,0.003613151872817054
2018H2-E,E,tabicl@t1,20260911,2021H2,24929,136,0.009087532873302847,0.005455493601829195
2018H2-E,E,tabicl@t1,20260911,2022H1,24889,291,0.010854638780515445,0.011691912089678172
2018H2-E,E,tabicl@t1,20260911,2022H2,24859,373,0.010765663594635568,0.015004626091154109
2018H2-E,E,tabicl@t1,20260911,2023H1,24882,381,0.010690179598841207,0.015312273932963588
2018H2-E,E,tabicl@t1,20260911,2023H2,24866,363,0.010065451415620638,0.014598246601785572
2018H2-E,E,tabicl@t1,20260912,2019H1,24752,110,0.010999926107454032,0.0044440853264382674
2018H2-E,E,tabicl@t1,20260912,2019H2,24861,136,0.009945156477129275,0.005470415510236917
2018H2-E,E,tabicl@t1,20260912,2020H1,24880,111,0.008339972260625075,0.004461414790996785
2018H2-E,E,tabicl@t1,20260912,2020H2,24919,71,0.007215673727256691,0.0028492315100927005
2018H2-E,E,tabicl@t1,20260912,2021H1,24909,90,0.008121411040589553,0.003613151872817054
2018H2-E,E,tabicl@t1,20260912,2021H2,24929,136,0.009807663153092387,0.005455493601829195
2018H2-E,E,tabicl@t1,20260912,2022H1,24889,291,0.011191992957793847,0.011691912089678172
2018H2-E,E,tabicl@t1,20260912,2022H2,24859,373,0.010875083101713357,0.015004626091154109
2018H2-E,E,tabicl@t1,20260912,2023H1,24882,381,0.010628812009873603,0.015312273932963588
2018H2-E,E,tabicl@t1,20260912,2023H2,24866,363,0.010055621303514601,0.014598246601785572
2018H2-E,E,tabicl@t1,20260913,2019H1,24752,110,0.010449127667047415,0.0044440853264382674
2018H2-E,E,tabicl@t1,20260913,2019H2,24861,136,0.009261494010807421,0.005470415510236917
2018H2-E,E,tabicl@t1,20260913,2020H1,24880,111,0.007681135191195638,0.004461414790996785
2018H2-E,E,tabicl@t1,20260913,2020H2,24919,71,0.006519144954081377,0.0028492315100927005
2018H2-E,E,tabicl@t1,20260913,2021H1,24909,90,0.007344092311511177,0.003613151872817054
2018H2-E,E,tabicl@t1,20260913,2021H2,24929,136,0.00875836597575895,0.005455493601829195
2018H2-E,E,tabicl@t1,20260913,2022H1,24889,291,0.010117615005950507,0.011691912089678172
2018H2-E,E,tabicl@t1,20260913,2022H2,24859,373,0.0101646548329526,0.015004626091154109
2018H2-E,E,tabicl@t1,20260913,2023H1,24882,381,0.010101230140606998,0.015312273932963588
2018H2-E,E,tabicl@t1,20260913,2023H2,24866,363,0.00956464327155855,0.014598246601785572
2018H2-E,E,tabpfn,20260911,2019H1,24752,110,0.006919644162392597,0.0044440853264382674
2018H2-E,E,tabpfn,20260911,2019H2,24861,136,0.006021613299827923,0.005470415510236917
2018H2-E,E,tabpfn,20260911,2020H1,24880,111,0.0047916256553422075,0.004461414790996785
2018H2-E,E,tabpfn,20260911,2020H2,24919,71,0.003962044536204309,0.0028492315100927005
2018H2-E,E,tabpfn,20260911,2021H1,24909,90,0.004638707727600849,0.003613151872817054
2018H2-E,E,tabpfn,20260911,2021H2,24929,136,0.005850083547998017,0.005455493601829195
2018H2-E,E,tabpfn,20260911,2022H1,24889,291,0.0070788381133355125,0.011691912089678172
2018H2-E,E,tabpfn,20260911,2022H2,24859,373,0.006829565550756519,0.015004626091154109
2018H2-E,E,tabpfn,20260911,2023H1,24882,381,0.006826537976183011,0.015312273932963588
2018H2-E,E,tabpfn,20260911,2023H2,24866,363,0.006446240494921926,0.014598246601785572
2018H2-E,E,tabpfn,20260912,2019H1,24752,110,0.007203497768367035,0.0044440853264382674
2018H2-E,E,tabpfn,20260912,2019H2,24861,136,0.006497787748438413,0.005470415510236917
2018H2-E,E,tabpfn,20260912,2020H1,24880,111,0.00543271579254289,0.004461414790996785
2018H2-E,E,tabpfn,20260912,2020H2,24919,71,0.004621845118186148,0.0028492315100927005
2018H2-E,E,tabpfn,20260912,2021H1,24909,90,0.005233258980091465,0.003613151872817054
2018H2-E,E,tabpfn,20260912,2021H2,24929,136,0.006387504898664323,0.005455493601829195
2018H2-E,E,tabpfn,20260912,2022H1,24889,291,0.007270397519178253,0.011691912089678172
2018H2-E,E,tabpfn,20260912,2022H2,24859,373,0.0069310900994665,0.015004626091154109
2018H2-E,E,tabpfn,20260912,2023H1,24882,381,0.006712328317570099,0.015312273932963588
2018H2-E,E,tabpfn,20260912,2023H2,24866,363,0.006371663772022614,0.014598246601785572
2018H2-E,E,tabpfn,20260913,2019H1,24752,110,0.007333422928065416,0.0044440853264382674
2018H2-E,E,tabpfn,20260913,2019H2,24861,136,0.006491006086436253,0.005470415510236917
2018H2-E,E,tabpfn,20260913,2020H1,24880,111,0.005331919530956596,0.004461414790996785
2018H2-E,E,tabpfn,20260913,2020H2,24919,71,0.004457431116035347,0.0028492315100927005
2018H2-E,E,tabpfn,20260913,2021H1,24909,90,0.005033981778730636,0.003613151872817054
2018H2-E,E,tabpfn,20260913,2021H2,24929,136,0.006017337258250862,0.005455493601829195
2018H2-E,E,tabpfn,20260913,2022H1,24889,291,0.006884237661537955,0.011691912089678172
2018H2-E,E,tabpfn,20260913,2022H2,24859,373,0.0067606063994205086,0.015004626091154109
2018H2-E,E,tabpfn,20260913,2023H1,24882,381,0.006906544858377091,0.015312273932963588
2018H2-E,E,tabpfn,20260913,2023H2,24866,363,0.00660749917880196,0.014598246601785572
2018H2-E,E,tabpfn@t1,20260911,2019H1,24752,110,0.01041807364021008,0.0044440853264382674
2018H2-E,E,tabpfn@t1,20260911,2019H2,24861,136,0.00917212018337626,0.005470415510236917
2018H2-E,E,tabpfn@t1,20260911,2020H1,24880,111,0.007421724226982833,0.004461414790996785
2018H2-E,E,tabpfn@t1,20260911,2020H2,24919,71,0.00623666206317921,0.0028492315100927005
2018H2-E,E,tabpfn@t1,20260911,2021H1,24909,90,0.007215592410646956,0.003613151872817054
2018H2-E,E,tabpfn@t1,20260911,2021H2,24929,136,0.008938139784162762,0.005455493601829195
2018H2-E,E,tabpfn@t1,20260911,2022H1,24889,291,0.01066220351074551,0.011691912089678172
2018H2-E,E,tabpfn@t1,20260911,2022H2,24859,373,0.010324290709483831,0.015004626091154109
2018H2-E,E,tabpfn@t1,20260911,2023H1,24882,381,0.01025683754449525,0.015312273932963588
2018H2-E,E,tabpfn@t1,20260911,2023H2,24866,363,0.009681872318511647,0.014598246601785572
2018H2-E,E,tabpfn@t1,20260912,2019H1,24752,110,0.010972261808562037,0.0044440853264382674
2018H2-E,E,tabpfn@t1,20260912,2019H2,24861,136,0.009993263569724572,0.005470415510236917
2018H2-E,E,tabpfn@t1,20260912,2020H1,24880,111,0.008465936024471802,0.004461414790996785
2018H2-E,E,tabpfn@t1,20260912,2020H2,24919,71,0.007298339034400625,0.0028492315100927005
2018H2-E,E,tabpfn@t1,20260912,2021H1,24909,90,0.00817721884999073,0.003613151872817054
2018H2-E,E,tabpfn@t1,20260912,2021H2,24929,136,0.009806075200805767,0.005455493601829195
2018H2-E,E,tabpfn@t1,20260912,2022H1,24889,291,0.01106486327027427,0.011691912089678172
2018H2-E,E,tabpfn@t1,20260912,2022H2,24859,373,0.010630509149026081,0.015004626091154109
2018H2-E,E,tabpfn@t1,20260912,2023H1,24882,381,0.010287942235376933,0.015312273932963588
2018H2-E,E,tabpfn@t1,20260912,2023H2,24866,363,0.009766380734153703,0.014598246601785572
2018H2-E,E,tabpfn@t1,20260913,2019H1,24752,110,0.011101750399915794,0.0044440853264382674
2018H2-E,E,tabpfn@t1,20260913,2019H2,24861,136,0.009929503141298465,0.005470415510236917
2018H2-E,E,tabpfn@t1,20260913,2020H1,24880,111,0.00827120614901611,0.004461414790996785
2018H2-E,E,tabpfn@t1,20260913,2020H2,24919,71,0.007017788818276775,0.0028492315100927005
2018H2-E,E,tabpfn@t1,20260913,2021H1,24909,90,0.00785869160257748,0.003613151872817054
2018H2-E,E,tabpfn@t1,20260913,2021H2,24929,136,0.00927173159293173,0.005455493601829195
2018H2-E,E,tabpfn@t1,20260913,2022H1,24889,291,0.010536572594580497,0.011691912089678172
2018H2-E,E,tabpfn@t1,20260913,2022H2,24859,373,0.010390145270104015,0.015004626091154109
2018H2-E,E,tabpfn@t1,20260913,2023H1,24882,381,0.010504242115737174,0.015312273932963588
2018H2-E,E,tabpfn@t1,20260913,2023H2,24866,363,0.01003966610946146,0.014598246601785572
2004H2-R,R,gbm,,2005H1,24233,248,0.010492767409336152,0.010233978459125985
2004H2-R,R,gbm,,2005H2,24082,266,0.010421052828047703,0.01104559421974919
2004H2-R,R,gbm,,2006H1,23280,405,0.012737174353959255,0.017396907216494846
2004H2-R,R,gbm,,2006H2,23898,525,0.013567383463218861,0.021968365553602813
2004H2-R,R,gbm,,2007H1,23169,808,0.014303338210239375,0.03487418533385127
2004H2-R,R,gbm,,2007H2,24367,1560,0.01607601742819085,0.06402101202445931
2004H2-R,R,gbm,,2008H1,24660,1109,0.009972184143813883,0.04497161394971614
2004H2-R,R,gbm,,2008H2,24746,863,0.007892052464968853,0.03487432312292896
2004H2-R,R,gbm,,2009H1,24844,119,0.003639075316448626,0.0047898889067782965
2004H2-R,R,gbm,,2009H2,24709,196,0.004739727452101179,0.00793233234853697
2004H2-R,R,gbm,,2010H1,24843,191,0.005056665334875442,0.0076882824135571385
2004H2-R,R,gbm,,2010H2,24683,152,0.004074903238874886,0.006158084511607179
2004H2-R,R,gbm,,2011H1,24614,195,0.005441882626416024,0.007922320630535468
2004H2-R,R,gbm,,2011H2,24646,119,0.0043003260713026835,0.004828369715166762
2004H2-R,R,gbm,,2012H1,24306,148,0.0057111591799896,0.0060890315148523
2004H2-R,R,gbm,,2012H2,24538,131,0.005592401238109507,0.005338658407368164
2004H2-R,R,gbm,,2013H1,24341,85,0.0066506991975581325,0.003492050449858264
2004H2-R,R,gbm,,2013H2,23974,142,0.008263969993784178,0.0059230833402853095
2004H2-R,R,gbm,,2014H1,24341,137,0.007973052417851408,0.005628363666242143
2004H2-R,R,gbm,,2014H2,24213,99,0.007451867567427638,0.004088712675009293
2004H2-R,R,gbm,,2015H1,24159,83,0.006249364923093253,0.0034355726644314747
2004H2-R,R,gbm,,2015H2,24159,130,0.007282406980679736,0.0053810174262179725
2004H2-R,R,gbm,,2016H1,24632,115,0.006860515192576588,0.0046687236115621955
2004H2-R,R,gbm,,2016H2,24760,121,0.006115511843180401,0.004886914378029079
2004H2-R,R,gbm,,2017H1,24541,162,0.007629536564473328,0.00660119799519172
2004H2-R,R,gbm,,2017H2,24680,143,0.007638623897388601,0.005794165316045381
2004H2-R,R,gbm,,2018H1,24416,148,0.00783362295663029,0.006061598951507209
2004H2-R,R,gbm,,2018H2,24543,146,0.008274611892780389,0.005948743022450393
2004H2-R,R,gbm,,2019H1,24752,110,0.00787284196678464,0.0044440853264382674
2004H2-R,R,gbm,,2019H2,24861,136,0.0064615066416138746,0.005470415510236917
2004H2-R,R,gbm,,2020H1,24880,111,0.005297107976949362,0.004461414790996785
2004H2-R,R,gbm,,2020H2,24919,71,0.004457887151102136,0.0028492315100927005
2004H2-R,R,gbm,,2021H1,24909,90,0.005139742942116065,0.003613151872817054
2004H2-R,R,gbm,,2021H2,24929,136,0.006282216677149594,0.005455493601829195
2004H2-R,R,gbm,,2022H1,24889,291,0.00811384211978224,0.011691912089678172
2004H2-R,R,gbm,,2022H2,24859,373,0.008722538783140226,0.015004626091154109
2004H2-R,R,gbm,,2023H1,24882,381,0.008851378606120536,0.015312273932963588
2004H2-R,R,gbm,,2023H2,24866,363,0.008428232934050327,0.014598246601785572
2004H2-R,R,gbm-50k,20260911,2005H1,24233,248,0.010339499773290975,0.010233978459125985
2004H2-R,R,gbm-50k,20260911,2005H2,24082,266,0.010213700751351864,0.01104559421974919
2004H2-R,R,gbm-50k,20260911,2006H1,23280,405,0.012205163520252083,0.017396907216494846
2004H2-R,R,gbm-50k,20260911,2006H2,23898,525,0.012965048981963498,0.021968365553602813
2004H2-R,R,gbm-50k,20260911,2007H1,23169,808,0.013551466354656802,0.03487418533385127
2004H2-R,R,gbm-50k,20260911,2007H2,24367,1560,0.015123098053405238,0.06402101202445931
2004H2-R,R,gbm-50k,20260911,2008H1,24660,1109,0.009341411542895818,0.04497161394971614
2004H2-R,R,gbm-50k,20260911,2008H2,24746,863,0.007385171535813518,0.03487432312292896
2004H2-R,R,gbm-50k,20260911,2009H1,24844,119,0.0036581333115954387,0.0047898889067782965
2004H2-R,R,gbm-50k,20260911,2009H2,24709,196,0.004644959515265802,0.00793233234853697
2004H2-R,R,gbm-50k,20260911,2010H1,24843,191,0.0050020312217366825,0.0076882824135571385
2004H2-R,R,gbm-50k,20260911,2010H2,24683,152,0.00412158622407637,0.006158084511607179
2004H2-R,R,gbm-50k,20260911,2011H1,24614,195,0.005356278922222219,0.007922320630535468
2004H2-R,R,gbm-50k,20260911,2011H2,24646,119,0.004357422772417449,0.004828369715166762
2004H2-R,R,gbm-50k,20260911,2012H1,24306,148,0.0057501447645138355,0.0060890315148523
2004H2-R,R,gbm-50k,20260911,2012H2,24538,131,0.005682710673976818,0.005338658407368164
2004H2-R,R,gbm-50k,20260911,2013H1,24341,85,0.006532164999063096,0.003492050449858264
2004H2-R,R,gbm-50k,20260911,2013H2,23974,142,0.007998353172121987,0.0059230833402853095
2004H2-R,R,gbm-50k,20260911,2014H1,24341,137,0.007704232879954859,0.005628363666242143
2004H2-R,R,gbm-50k,20260911,2014H2,24213,99,0.0071231127167445275,0.004088712675009293
2004H2-R,R,gbm-50k,20260911,2015H1,24159,83,0.006074796539815657,0.0034355726644314747
2004H2-R,R,gbm-50k,20260911,2015H2,24159,130,0.007020682701564852,0.0053810174262179725
2004H2-R,R,gbm-50k,20260911,2016H1,24632,115,0.0066986001575394805,0.0046687236115621955
2004H2-R,R,gbm-50k,20260911,2016H2,24760,121,0.00597535753415066,0.004886914378029079
2004H2-R,R,gbm-50k,20260911,2017H1,24541,162,0.007411957674784585,0.00660119799519172
2004H2-R,R,gbm-50k,20260911,2017H2,24680,143,0.007436926781794255,0.005794165316045381
2004H2-R,R,gbm-50k,20260911,2018H1,24416,148,0.007659743724117883,0.006061598951507209
2004H2-R,R,gbm-50k,20260911,2018H2,24543,146,0.00815192274365999,0.005948743022450393
2004H2-R,R,gbm-50k,20260911,2019H1,24752,110,0.007716726224402785,0.0044440853264382674
2004H2-R,R,gbm-50k,20260911,2019H2,24861,136,0.006321063990373599,0.005470415510236917
2004H2-R,R,gbm-50k,20260911,2020H1,24880,111,0.005271017252286281,0.004461414790996785
2004H2-R,R,gbm-50k,20260911,2020H2,24919,71,0.004483625259871299,0.0028492315100927005
2004H2-R,R,gbm-50k,20260911,2021H1,24909,90,0.0050797358700654435,0.003613151872817054
2004H2-R,R,gbm-50k,20260911,2021H2,24929,136,0.006130325545591438,0.005455493601829195
2004H2-R,R,gbm-50k,20260911,2022H1,24889,291,0.007762303646633384,0.011691912089678172
2004H2-R,R,gbm-50k,20260911,2022H2,24859,373,0.008413925374519855,0.015004626091154109
2004H2-R,R,gbm-50k,20260911,2023H1,24882,381,0.008665844005752876,0.015312273932963588
2004H2-R,R,gbm-50k,20260911,2023H2,24866,363,0.008351917843444197,0.014598246601785572
2004H2-R,R,gbm-50k,20260912,2005H1,24233,248,0.010077799682366969,0.010233978459125985
2004H2-R,R,gbm-50k,20260912,2005H2,24082,266,0.010076642668242918,0.01104559421974919
2004H2-R,R,gbm-50k,20260912,2006H1,23280,405,0.012586895533466437,0.017396907216494846
2004H2-R,R,gbm-50k,20260912,2006H2,23898,525,0.013294544496801954,0.021968365553602813
2004H2-R,R,gbm-50k,20260912,2007H1,23169,808,0.014013534202773941,0.03487418533385127
2004H2-R,R,gbm-50k,20260912,2007H2,24367,1560,0.015365108120619687,0.06402101202445931
2004H2-R,R,gbm-50k,20260912,2008H1,24660,1109,0.00957390405791907,0.04497161394971614
2004H2-R,R,gbm-50k,20260912,2008H2,24746,863,0.007842073843985666,0.03487432312292896
2004H2-R,R,gbm-50k,20260912,2009H1,24844,119,0.003945661589913337,0.0047898889067782965
2004H2-R,R,gbm-50k,20260912,2009H2,24709,196,0.00493718979466284,0.00793233234853697
2004H2-R,R,gbm-50k,20260912,2010H1,24843,191,0.005201986438818826,0.0076882824135571385
2004H2-R,R,gbm-50k,20260912,2010H2,24683,152,0.004306604286824811,0.006158084511607179
2004H2-R,R,gbm-50k,20260912,2011H1,24614,195,0.0054572648698426466,0.007922320630535468
2004H2-R,R,gbm-50k,20260912,2011H2,24646,119,0.004486384985563539,0.004828369715166762
2004H2-R,R,gbm-50k,20260912,2012H1,24306,148,0.0056982558023232835,0.0060890315148523
2004H2-R,R,gbm-50k,20260912,2012H2,24538,131,0.0056001958954131365,0.005338658407368164
2004H2-R,R,gbm-50k,20260912,2013H1,24341,85,0.006430447393512485,0.003492050449858264
2004H2-R,R,gbm-50k,20260912,2013H2,23974,142,0.007839432552377172,0.0059230833402853095
2004H2-R,R,gbm-50k,20260912,2014H1,24341,137,0.00762057652557429,0.005628363666242143
2004H2-R,R,gbm-50k,20260912,2014H2,24213,99,0.007219581887128913,0.004088712675009293
2004H2-R,R,gbm-50k,20260912,2015H1,24159,83,0.006118887805855201,0.0034355726644314747
2004H2-R,R,gbm-50k,20260912,2015H2,24159,130,0.007130329270821986,0.0053810174262179725
2004H2-R,R,gbm-50k,20260912,2016H1,24632,115,0.006720325548107936,0.0046687236115621955
2004H2-R,R,gbm-50k,20260912,2016H2,24760,121,0.005971231981247515,0.004886914378029079
2004H2-R,R,gbm-50k,20260912,2017H1,24541,162,0.00742127420689922,0.00660119799519172
2004H2-R,R,gbm-50k,20260912,2017H2,24680,143,0.00745896645261726,0.005794165316045381
2004H2-R,R,gbm-50k,20260912,2018H1,24416,148,0.007709668074618099,0.006061598951507209
2004H2-R,R,gbm-50k,20260912,2018H2,24543,146,0.00822596311927322,0.005948743022450393
2004H2-R,R,gbm-50k,20260912,2019H1,24752,110,0.007813810472139214,0.0044440853264382674
2004H2-R,R,gbm-50k,20260912,2019H2,24861,136,0.006357743800234736,0.005470415510236917
2004H2-R,R,gbm-50k,20260912,2020H1,24880,111,0.005329727473220679,0.004461414790996785
2004H2-R,R,gbm-50k,20260912,2020H2,24919,71,0.004523039300406537,0.0028492315100927005
2004H2-R,R,gbm-50k,20260912,2021H1,24909,90,0.005178682616206939,0.003613151872817054
2004H2-R,R,gbm-50k,20260912,2021H2,24929,136,0.00622110507667621,0.005455493601829195
2004H2-R,R,gbm-50k,20260912,2022H1,24889,291,0.008032273819393582,0.011691912089678172
2004H2-R,R,gbm-50k,20260912,2022H2,24859,373,0.008726127540129342,0.015004626091154109
2004H2-R,R,gbm-50k,20260912,2023H1,24882,381,0.009185659359420019,0.015312273932963588
2004H2-R,R,gbm-50k,20260912,2023H2,24866,363,0.008677564936495822,0.014598246601785572
2004H2-R,R,gbm-50k,20260913,2005H1,24233,248,0.010694641910821067,0.010233978459125985
2004H2-R,R,gbm-50k,20260913,2005H2,24082,266,0.010505409792860545,0.01104559421974919
2004H2-R,R,gbm-50k,20260913,2006H1,23280,405,0.012885668670384308,0.017396907216494846
2004H2-R,R,gbm-50k,20260913,2006H2,23898,525,0.013496200452170594,0.021968365553602813
2004H2-R,R,gbm-50k,20260913,2007H1,23169,808,0.014277941455834421,0.03487418533385127
2004H2-R,R,gbm-50k,20260913,2007H2,24367,1560,0.016232636727671113,0.06402101202445931
2004H2-R,R,gbm-50k,20260913,2008H1,24660,1109,0.010150845468397104,0.04497161394971614
2004H2-R,R,gbm-50k,20260913,2008H2,24746,863,0.008291755511693167,0.03487432312292896
2004H2-R,R,gbm-50k,20260913,2009H1,24844,119,0.003964966133417323,0.0047898889067782965
2004H2-R,R,gbm-50k,20260913,2009H2,24709,196,0.005089410067979091,0.00793233234853697
2004H2-R,R,gbm-50k,20260913,2010H1,24843,191,0.005457101574507547,0.0076882824135571385
2004H2-R,R,gbm-50k,20260913,2010H2,24683,152,0.004478765437350853,0.006158084511607179
2004H2-R,R,gbm-50k,20260913,2011H1,24614,195,0.005843509878933306,0.007922320630535468
2004H2-R,R,gbm-50k,20260913,2011H2,24646,119,0.004753505755832219,0.004828369715166762
2004H2-R,R,gbm-50k,20260913,2012H1,24306,148,0.006199909862346157,0.0060890315148523
2004H2-R,R,gbm-50k,20260913,2012H2,24538,131,0.006038245524924579,0.005338658407368164
2004H2-R,R,gbm-50k,20260913,2013H1,24341,85,0.007180831539321234,0.003492050449858264
2004H2-R,R,gbm-50k,20260913,2013H2,23974,142,0.008749185496933199,0.0059230833402853095
2004H2-R,R,gbm-50k,20260913,2014H1,24341,137,0.00856270041433254,0.005628363666242143
2004H2-R,R,gbm-50k,20260913,2014H2,24213,99,0.00793906630292451,0.004088712675009293
2004H2-R,R,gbm-50k,20260913,2015H1,24159,83,0.006747141612233878,0.0034355726644314747
2004H2-R,R,gbm-50k,20260913,2015H2,24159,130,0.007819004030869537,0.0053810174262179725
2004H2-R,R,gbm-50k,20260913,2016H1,24632,115,0.007340654019549205,0.0046687236115621955
2004H2-R,R,gbm-50k,20260913,2016H2,24760,121,0.006594034852690648,0.004886914378029079
2004H2-R,R,gbm-50k,20260913,2017H1,24541,162,0.00821824980669382,0.00660119799519172
2004H2-R,R,gbm-50k,20260913,2017H2,24680,143,0.008235056571659124,0.005794165316045381
2004H2-R,R,gbm-50k,20260913,2018H1,24416,148,0.008535668750253968,0.006061598951507209
2004H2-R,R,gbm-50k,20260913,2018H2,24543,146,0.009051459535374872,0.005948743022450393
2004H2-R,R,gbm-50k,20260913,2019H1,24752,110,0.008616004114682699,0.0044440853264382674
2004H2-R,R,gbm-50k,20260913,2019H2,24861,136,0.006987333567242788,0.005470415510236917
2004H2-R,R,gbm-50k,20260913,2020H1,24880,111,0.005766283524105039,0.004461414790996785
2004H2-R,R,gbm-50k,20260913,2020H2,24919,71,0.004896468058048877,0.0028492315100927005
2004H2-R,R,gbm-50k,20260913,2021H1,24909,90,0.005532028112520202,0.003613151872817054
2004H2-R,R,gbm-50k,20260913,2021H2,24929,136,0.006600683052978807,0.005455493601829195
2004H2-R,R,gbm-50k,20260913,2022H1,24889,291,0.008589138652095046,0.011691912089678172
2004H2-R,R,gbm-50k,20260913,2022H2,24859,373,0.009548387574204661,0.015004626091154109
2004H2-R,R,gbm-50k,20260913,2023H1,24882,381,0.010051097542766216,0.015312273932963588
2004H2-R,R,gbm-50k,20260913,2023H2,24866,363,0.00965711741244372,0.014598246601785572
2004H2-R,R,scorecard,,2005H1,24233,248,0.011174320581765727,0.010233978459125985
2004H2-R,R,scorecard,,2005H2,24082,266,0.011038293003240171,0.01104559421974919
2004H2-R,R,scorecard,,2006H1,23280,405,0.01346659986877639,0.017396907216494846
2004H2-R,R,scorecard,,2006H2,23898,525,0.014254468356205554,0.021968365553602813
2004H2-R,R,scorecard,,2007H1,23169,808,0.014802100934205826,0.03487418533385127
2004H2-R,R,scorecard,,2007H2,24367,1560,0.01619868406675431,0.06402101202445931
2004H2-R,R,scorecard,,2008H1,24660,1109,0.00981496299604482,0.04497161394971614
2004H2-R,R,scorecard,,2008H2,24746,863,0.007995356633226194,0.03487432312292896
2004H2-R,R,scorecard,,2009H1,24844,119,0.003612129936486966,0.0047898889067782965
2004H2-R,R,scorecard,,2009H2,24709,196,0.004735656075807202,0.00793233234853697
2004H2-R,R,scorecard,,2010H1,24843,191,0.005132467494302946,0.0076882824135571385
2004H2-R,R,scorecard,,2010H2,24683,152,0.004100355501953522,0.006158084511607179
2004H2-R,R,scorecard,,2011H1,24614,195,0.005453020717841505,0.007922320630535468
2004H2-R,R,scorecard,,2011H2,24646,119,0.004284071286181368,0.004828369715166762
2004H2-R,R,scorecard,,2012H1,24306,148,0.0059563345951378546,0.0060890315148523
2004H2-R,R,scorecard,,2012H2,24538,131,0.0057744079015415355,0.005338658407368164
2004H2-R,R,scorecard,,2013H1,24341,85,0.006720996657493193,0.003492050449858264
2004H2-R,R,scorecard,,2013H2,23974,142,0.008332652991228671,0.0059230833402853095
2004H2-R,R,scorecard,,2014H1,24341,137,0.007966247229869335,0.005628363666242143
2004H2-R,R,scorecard,,2014H2,24213,99,0.007415354366798507,0.004088712675009293
2004H2-R,R,scorecard,,2015H1,24159,83,0.006113289493176917,0.0034355726644314747
2004H2-R,R,scorecard,,2015H2,24159,130,0.007240676425478223,0.0053810174262179725
2004H2-R,R,scorecard,,2016H1,24632,115,0.006808846196994208,0.0046687236115621955
2004H2-R,R,scorecard,,2016H2,24760,121,0.005895796881937857,0.004886914378029079
2004H2-R,R,scorecard,,2017H1,24541,162,0.007515902373200359,0.00660119799519172
2004H2-R,R,scorecard,,2017H2,24680,143,0.007648630205249995,0.005794165316045381
2004H2-R,R,scorecard,,2018H1,24416,148,0.00790987079792402,0.006061598951507209
2004H2-R,R,scorecard,,2018H2,24543,146,0.008524808691582656,0.005948743022450393
2004H2-R,R,scorecard,,2019H1,24752,110,0.008025583640079971,0.0044440853264382674
2004H2-R,R,scorecard,,2019H2,24861,136,0.006433378279108117,0.005470415510236917
2004H2-R,R,scorecard,,2020H1,24880,111,0.0053090075772605095,0.004461414790996785
2004H2-R,R,scorecard,,2020H2,24919,71,0.004367012916187543,0.0028492315100927005
2004H2-R,R,scorecard,,2021H1,24909,90,0.005166201977933428,0.003613151872817054
2004H2-R,R,scorecard,,2021H2,24929,136,0.006393869520947329,0.005455493601829195
2004H2-R,R,scorecard,,2022H1,24889,291,0.00838035543902946,0.011691912089678172
2004H2-R,R,scorecard,,2022H2,24859,373,0.009194197213553792,0.015004626091154109
2004H2-R,R,scorecard,,2023H1,24882,381,0.009449954312739237,0.015312273932963588
2004H2-R,R,scorecard,,2023H2,24866,363,0.009073463096439324,0.014598246601785572
2004H2-R,R,tabicl,20260911,2005H1,24233,248,0.0074507257278018536,0.010233978459125985
2004H2-R,R,tabicl,20260911,2005H2,24082,266,0.007229214343817511,0.01104559421974919
2004H2-R,R,tabicl,20260911,2006H1,23280,405,0.008885957791777007,0.017396907216494846
2004H2-R,R,tabicl,20260911,2006H2,23898,525,0.009362777026926046,0.021968365553602813
2004H2-R,R,tabicl,20260911,2007H1,23169,808,0.00992888963366068,0.03487418533385127
2004H2-R,R,tabicl,20260911,2007H2,24367,1560,0.011111218726175943,0.06402101202445931
2004H2-R,R,tabicl,20260911,2008H1,24660,1109,0.006743298925637525,0.04497161394971614
2004H2-R,R,tabicl,20260911,2008H2,24746,863,0.0053554455780694945,0.03487432312292896
2004H2-R,R,tabicl,20260911,2009H1,24844,119,0.0023098093783084847,0.0047898889067782965
2004H2-R,R,tabicl,20260911,2009H2,24709,196,0.003488306375444683,0.00793233234853697
2004H2-R,R,tabicl,20260911,2010H1,24843,191,0.003915894454710848,0.0076882824135571385
2004H2-R,R,tabicl,20260911,2010H2,24683,152,0.003147861346322162,0.006158084511607179
2004H2-R,R,tabicl,20260911,2011H1,24614,195,0.004342727568271847,0.007922320630535468
2004H2-R,R,tabicl,20260911,2011H2,24646,119,0.0033145584665931803,0.004828369715166762
2004H2-R,R,tabicl,20260911,2012H1,24306,148,0.005330623977973141,0.0060890315148523
2004H2-R,R,tabicl,20260911,2012H2,24538,131,0.005004425204197391,0.005338658407368164
2004H2-R,R,tabicl,20260911,2013H1,24341,85,0.005699977513200842,0.003492050449858264
2004H2-R,R,tabicl,20260911,2013H2,23974,142,0.006724529594734239,0.0059230833402853095
2004H2-R,R,tabicl,20260911,2014H1,24341,137,0.006020735063270042,0.005628363666242143
2004H2-R,R,tabicl,20260911,2014H2,24213,99,0.005321165088210738,0.004088712675009293
2004H2-R,R,tabicl,20260911,2015H1,24159,83,0.004325177142832335,0.0034355726644314747
2004H2-R,R,tabicl,20260911,2015H2,24159,130,0.004950926230543388,0.0053810174262179725
2004H2-R,R,tabicl,20260911,2016H1,24632,115,0.004686415697652084,0.0046687236115621955
2004H2-R,R,tabicl,20260911,2016H2,24760,121,0.004043806640769506,0.004886914378029079
2004H2-R,R,tabicl,20260911,2017H1,24541,162,0.005178793162822473,0.00660119799519172
2004H2-R,R,tabicl,20260911,2017H2,24680,143,0.005102389658233402,0.005794165316045381
2004H2-R,R,tabicl,20260911,2018H1,24416,148,0.005285747627774428,0.006061598951507209
2004H2-R,R,tabicl,20260911,2018H2,24543,146,0.005640143966773382,0.005948743022450393
2004H2-R,R,tabicl,20260911,2019H1,24752,110,0.005257329150516657,0.0044440853264382674
2004H2-R,R,tabicl,20260911,2019H2,24861,136,0.004246385329631253,0.005470415510236917
2004H2-R,R,tabicl,20260911,2020H1,24880,111,0.003425868984689163,0.004461414790996785
2004H2-R,R,tabicl,20260911,2020H2,24919,71,0.0028150886872788973,0.0028492315100927005
2004H2-R,R,tabicl,20260911,2021H1,24909,90,0.0033037678958431457,0.003613151872817054
2004H2-R,R,tabicl,20260911,2021H2,24929,136,0.004064447579500718,0.005455493601829195
2004H2-R,R,tabicl,20260911,2022H1,24889,291,0.005368297172546352,0.011691912089678172
2004H2-R,R,tabicl,20260911,2022H2,24859,373,0.00586189372164952,0.015004626091154109
2004H2-R,R,tabicl,20260911,2023H1,24882,381,0.006032702156034114,0.015312273932963588
2004H2-R,R,tabicl,20260911,2023H2,24866,363,0.005632730534663162,0.014598246601785572
2004H2-R,R,tabicl,20260912,2005H1,24233,248,0.007298593339832971,0.010233978459125985
2004H2-R,R,tabicl,20260912,2005H2,24082,266,0.007159235335685751,0.01104559421974919
2004H2-R,R,tabicl,20260912,2006H1,23280,405,0.009169332171257157,0.017396907216494846
2004H2-R,R,tabicl,20260912,2006H2,23898,525,0.009721577884120654,0.021968365553602813
2004H2-R,R,tabicl,20260912,2007H1,23169,808,0.01032602576195812,0.03487418533385127
2004H2-R,R,tabicl,20260912,2007H2,24367,1560,0.011322717547940253,0.06402101202445931
2004H2-R,R,tabicl,20260912,2008H1,24660,1109,0.0068213589303212,0.04497161394971614
2004H2-R,R,tabicl,20260912,2008H2,24746,863,0.005489368074013037,0.03487432312292896
2004H2-R,R,tabicl,20260912,2009H1,24844,119,0.0024584676944589888,0.0047898889067782965
2004H2-R,R,tabicl,20260912,2009H2,24709,196,0.0037132978383487367,0.00793233234853697
2004H2-R,R,tabicl,20260912,2010H1,24843,191,0.004115631188270825,0.0076882824135571385
2004H2-R,R,tabicl,20260912,2010H2,24683,152,0.0033016945369495347,0.006158084511607179
2004H2-R,R,tabicl,20260912,2011H1,24614,195,0.004476565976283898,0.007922320630535468
2004H2-R,R,tabicl,20260912,2011H2,24646,119,0.0033807592485999927,0.004828369715166762
2004H2-R,R,tabicl,20260912,2012H1,24306,148,0.00526947530486192,0.0060890315148523
2004H2-R,R,tabicl,20260912,2012H2,24538,131,0.004965671614747147,0.005338658407368164
2004H2-R,R,tabicl,20260912,2013H1,24341,85,0.005605249744336266,0.003492050449858264
2004H2-R,R,tabicl,20260912,2013H2,23974,142,0.006628869758804637,0.0059230833402853095
2004H2-R,R,tabicl,20260912,2014H1,24341,137,0.005934942734093089,0.005628363666242143
2004H2-R,R,tabicl,20260912,2014H2,24213,99,0.005277797734037077,0.004088712675009293
2004H2-R,R,tabicl,20260912,2015H1,24159,83,0.004319077555610422,0.0034355726644314747
2004H2-R,R,tabicl,20260912,2015H2,24159,130,0.004901038231777788,0.0053810174262179725
2004H2-R,R,tabicl,20260912,2016H1,24632,115,0.004573710360034344,0.0046687236115621955
2004H2-R,R,tabicl,20260912,2016H2,24760,121,0.003938127753486852,0.004886914378029079
2004H2-R,R,tabicl,20260912,2017H1,24541,162,0.005057535738278961,0.00660119799519172
2004H2-R,R,tabicl,20260912,2017H2,24680,143,0.0049258358552907375,0.005794165316045381
2004H2-R,R,tabicl,20260912,2018H1,24416,148,0.005158693927488942,0.006061598951507209
2004H2-R,R,tabicl,20260912,2018H2,24543,146,0.005480025212435924,0.005948743022450393
2004H2-R,R,tabicl,20260912,2019H1,24752,110,0.0051609958631979504,0.0044440853264382674
2004H2-R,R,tabicl,20260912,2019H2,24861,136,0.004129637877276662,0.005470415510236917
2004H2-R,R,tabicl,20260912,2020H1,24880,111,0.0033764237101779403,0.004461414790996785
2004H2-R,R,tabicl,20260912,2020H2,24919,71,0.002743646693328765,0.0028492315100927005
2004H2-R,R,tabicl,20260912,2021H1,24909,90,0.003247217345046969,0.003613151872817054
2004H2-R,R,tabicl,20260912,2021H2,24929,136,0.003992202687702859,0.005455493601829195
2004H2-R,R,tabicl,20260912,2022H1,24889,291,0.005446609347468254,0.011691912089678172
2004H2-R,R,tabicl,20260912,2022H2,24859,373,0.005980900370302192,0.015004626091154109
2004H2-R,R,tabicl,20260912,2023H1,24882,381,0.006225435692826419,0.015312273932963588
2004H2-R,R,tabicl,20260912,2023H2,24866,363,0.0058413632921513305,0.014598246601785572
2004H2-R,R,tabicl,20260913,2005H1,24233,248,0.007196147517518744,0.010233978459125985
2004H2-R,R,tabicl,20260913,2005H2,24082,266,0.0069433818536488,0.01104559421974919
2004H2-R,R,tabicl,20260913,2006H1,23280,405,0.008649552896346507,0.017396907216494846
2004H2-R,R,tabicl,20260913,2006H2,23898,525,0.009234134600420031,0.021968365553602813
2004H2-R,R,tabicl,20260913,2007H1,23169,808,0.009804267331827423,0.03487418533385127
2004H2-R,R,tabicl,20260913,2007H2,24367,1560,0.011185170412454978,0.06402101202445931
2004H2-R,R,tabicl,20260913,2008H1,24660,1109,0.006708170225055317,0.04497161394971614
2004H2-R,R,tabicl,20260913,2008H2,24746,863,0.005279235255952956,0.03487432312292896
2004H2-R,R,tabicl,20260913,2009H1,24844,119,0.0023045856001674813,0.0047898889067782965
2004H2-R,R,tabicl,20260913,2009H2,24709,196,0.0036329080821525615,0.00793233234853697
2004H2-R,R,tabicl,20260913,2010H1,24843,191,0.0041572568192105456,0.0076882824135571385
2004H2-R,R,tabicl,20260913,2010H2,24683,152,0.00341489407368366,0.006158084511607179
2004H2-R,R,tabicl,20260913,2011H1,24614,195,0.004722867556665068,0.007922320630535468
2004H2-R,R,tabicl,20260913,2011H2,24646,119,0.0036086390858922996,0.004828369715166762
2004H2-R,R,tabicl,20260913,2012H1,24306,148,0.0060361867776013945,0.0060890315148523
2004H2-R,R,tabicl,20260913,2012H2,24538,131,0.005605166801057667,0.005338658407368164
2004H2-R,R,tabicl,20260913,2013H1,24341,85,0.006364405618552266,0.003492050449858264
2004H2-R,R,tabicl,20260913,2013H2,23974,142,0.007391177170512272,0.0059230833402853095
2004H2-R,R,tabicl,20260913,2014H1,24341,137,0.006465428001327505,0.005628363666242143
2004H2-R,R,tabicl,20260913,2014H2,24213,99,0.005587949985857312,0.004088712675009293
2004H2-R,R,tabicl,20260913,2015H1,24159,83,0.004510264609399555,0.0034355726644314747
2004H2-R,R,tabicl,20260913,2015H2,24159,130,0.0050623332439678,0.0053810174262179725
2004H2-R,R,tabicl,20260913,2016H1,24632,115,0.0047638075618079085,0.0046687236115621955
2004H2-R,R,tabicl,20260913,2016H2,24760,121,0.004094426457925844,0.004886914378029079
2004H2-R,R,tabicl,20260913,2017H1,24541,162,0.005227311425719174,0.00660119799519172
2004H2-R,R,tabicl,20260913,2017H2,24680,143,0.005076536427938812,0.005794165316045381
2004H2-R,R,tabicl,20260913,2018H1,24416,148,0.005277753296526699,0.006061598951507209
2004H2-R,R,tabicl,20260913,2018H2,24543,146,0.0056178783565047526,0.005948743022450393
2004H2-R,R,tabicl,20260913,2019H1,24752,110,0.0052307331752789905,0.0044440853264382674
2004H2-R,R,tabicl,20260913,2019H2,24861,136,0.004207397821945168,0.005470415510236917
2004H2-R,R,tabicl,20260913,2020H1,24880,111,0.0033630648764985754,0.004461414790996785
2004H2-R,R,tabicl,20260913,2020H2,24919,71,0.0027797019402905857,0.0028492315100927005
2004H2-R,R,tabicl,20260913,2021H1,24909,90,0.0031732895844438494,0.003613151872817054
2004H2-R,R,tabicl,20260913,2021H2,24929,136,0.0038506781968470835,0.005455493601829195
2004H2-R,R,tabicl,20260913,2022H1,24889,291,0.0050964962736619315,0.011691912089678172
2004H2-R,R,tabicl,20260913,2022H2,24859,373,0.00578706241476779,0.015004626091154109
2004H2-R,R,tabicl,20260913,2023H1,24882,381,0.006095350409718845,0.015312273932963588
2004H2-R,R,tabicl,20260913,2023H2,24866,363,0.0057246279791033135,0.014598246601785572
2004H2-R,R,tabicl@t1,20260911,2005H1,24233,248,0.010864285344601335,0.010233978459125985
2004H2-R,R,tabicl@t1,20260911,2005H2,24082,266,0.010588972219314766,0.01104559421974919
2004H2-R,R,tabicl@t1,20260911,2006H1,23280,405,0.012784566306089038,0.017396907216494846
2004H2-R,R,tabicl@t1,20260911,2006H2,23898,525,0.013310065239957704,0.021968365553602813
2004H2-R,R,tabicl@t1,20260911,2007H1,23169,808,0.014042800590905095,0.03487418533385127
2004H2-R,R,tabicl@t1,20260911,2007H2,24367,1560,0.015548714292201594,0.06402101202445931
2004H2-R,R,tabicl@t1,20260911,2008H1,24660,1109,0.009884593076207045,0.04497161394971614
2004H2-R,R,tabicl@t1,20260911,2008H2,24746,863,0.008131064273721698,0.03487432312292896
2004H2-R,R,tabicl@t1,20260911,2009H1,24844,119,0.003844734739845198,0.0047898889067782965
2004H2-R,R,tabicl@t1,20260911,2009H2,24709,196,0.005500591929872605,0.00793233234853697
2004H2-R,R,tabicl@t1,20260911,2010H1,24843,191,0.006060737848858021,0.0076882824135571385
2004H2-R,R,tabicl@t1,20260911,2010H2,24683,152,0.004948942366932113,0.006158084511607179
2004H2-R,R,tabicl@t1,20260911,2011H1,24614,195,0.00663416505698564,0.007922320630535468
2004H2-R,R,tabicl@t1,20260911,2011H2,24646,119,0.005184368226043409,0.004828369715166762
2004H2-R,R,tabicl@t1,20260911,2012H1,24306,148,0.007867283830472659,0.0060890315148523
2004H2-R,R,tabicl@t1,20260911,2012H2,24538,131,0.00745861050361135,0.005338658407368164
2004H2-R,R,tabicl@t1,20260911,2013H1,24341,85,0.008385984856694215,0.003492050449858264
2004H2-R,R,tabicl@t1,20260911,2013H2,23974,142,0.009828450628021427,0.0059230833402853095
2004H2-R,R,tabicl@t1,20260911,2014H1,24341,137,0.00898455170654887,0.005628363666242143
2004H2-R,R,tabicl@t1,20260911,2014H2,24213,99,0.008048064668484931,0.004088712675009293
2004H2-R,R,tabicl@t1,20260911,2015H1,24159,83,0.006709248400938981,0.0034355726644314747
2004H2-R,R,tabicl@t1,20260911,2015H2,24159,130,0.0076206378286647145,0.0053810174262179725
2004H2-R,R,tabicl@t1,20260911,2016H1,24632,115,0.007263999234916254,0.0046687236115621955
2004H2-R,R,tabicl@t1,20260911,2016H2,24760,121,0.006394637427272635,0.004886914378029079
2004H2-R,R,tabicl@t1,20260911,2017H1,24541,162,0.007993442361409843,0.00660119799519172
2004H2-R,R,tabicl@t1,20260911,2017H2,24680,143,0.007909490408947823,0.005794165316045381
2004H2-R,R,tabicl@t1,20260911,2018H1,24416,148,0.008183830217061762,0.006061598951507209
2004H2-R,R,tabicl@t1,20260911,2018H2,24543,146,0.008679060928040726,0.005948743022450393
2004H2-R,R,tabicl@t1,20260911,2019H1,24752,110,0.00816625290875673,0.0044440853264382674
2004H2-R,R,tabicl@t1,20260911,2019H2,24861,136,0.006741251512557572,0.005470415510236917
2004H2-R,R,tabicl@t1,20260911,2020H1,24880,111,0.005537304339512103,0.004461414790996785
2004H2-R,R,tabicl@t1,20260911,2020H2,24919,71,0.004641171957842901,0.0028492315100927005
2004H2-R,R,tabicl@t1,20260911,2021H1,24909,90,0.005384657405318627,0.003613151872817054
2004H2-R,R,tabicl@t1,20260911,2021H2,24929,136,0.00650103770303316,0.005455493601829195
2004H2-R,R,tabicl@t1,20260911,2022H1,24889,291,0.008358056084283668,0.011691912089678172
2004H2-R,R,tabicl@t1,20260911,2022H2,24859,373,0.009041867407785814,0.015004626091154109
2004H2-R,R,tabicl@t1,20260911,2023H1,24882,381,0.009230697379516003,0.015312273932963588
2004H2-R,R,tabicl@t1,20260911,2023H2,24866,363,0.008679020177717173,0.014598246601785572
2004H2-R,R,tabicl@t1,20260912,2005H1,24233,248,0.010620595748055526,0.010233978459125985
2004H2-R,R,tabicl@t1,20260912,2005H2,24082,266,0.010460719045959537,0.01104559421974919
2004H2-R,R,tabicl@t1,20260912,2006H1,23280,405,0.013082731110791428,0.017396907216494846
2004H2-R,R,tabicl@t1,20260912,2006H2,23898,525,0.013715047394637766,0.021968365553602813
2004H2-R,R,tabicl@t1,20260912,2007H1,23169,808,0.014508988964690831,0.03487418533385127
2004H2-R,R,tabicl@t1,20260912,2007H2,24367,1560,0.015758445172526624,0.06402101202445931
2004H2-R,R,tabicl@t1,20260912,2008H1,24660,1109,0.009959103165492344,0.04497161394971614
2004H2-R,R,tabicl@t1,20260912,2008H2,24746,863,0.008272389247564701,0.03487432312292896
2004H2-R,R,tabicl@t1,20260912,2009H1,24844,119,0.004046753019794959,0.0047898889067782965
2004H2-R,R,tabicl@t1,20260912,2009H2,24709,196,0.005804341384776129,0.00793233234853697
2004H2-R,R,tabicl@t1,20260912,2010H1,24843,191,0.006328543997234698,0.0076882824135571385
2004H2-R,R,tabicl@t1,20260912,2010H2,24683,152,0.005162343959107534,0.006158084511607179
2004H2-R,R,tabicl@t1,20260912,2011H1,24614,195,0.006813200934867593,0.007922320630535468
2004H2-R,R,tabicl@t1,20260912,2011H2,24646,119,0.005271751586181284,0.004828369715166762
2004H2-R,R,tabicl@t1,20260912,2012H1,24306,148,0.0077949974570160774,0.0060890315148523
2004H2-R,R,tabicl@t1,20260912,2012H2,24538,131,0.007405470266014154,0.005338658407368164
2004H2-R,R,tabicl@t1,20260912,2013H1,24341,85,0.008272423358955722,0.003492050449858264
2004H2-R,R,tabicl@t1,20260912,2013H2,23974,142,0.009698098839881172,0.0059230833402853095
2004H2-R,R,tabicl@t1,20260912,2014H1,24341,137,0.00885578531230428,0.005628363666242143
2004H2-R,R,tabicl@t1,20260912,2014H2,24213,99,0.007969161216619747,0.004088712675009293
2004H2-R,R,tabicl@t1,20260912,2015H1,24159,83,0.006680299947757944,0.0034355726644314747
2004H2-R,R,tabicl@t1,20260912,2015H2,24159,130,0.007529189858553853,0.0053810174262179725
2004H2-R,R,tabicl@t1,20260912,2016H1,24632,115,0.007094040409499469,0.0046687236115621955
2004H2-R,R,tabicl@t1,20260912,2016H2,24760,121,0.006229863440773826,0.004886914378029079
2004H2-R,R,tabicl@t1,20260912,2017H1,24541,162,0.007795682028085341,0.00660119799519172
2004H2-R,R,tabicl@t1,20260912,2017H2,24680,143,0.00764709231060385,0.005794165316045381
2004H2-R,R,tabicl@t1,20260912,2018H1,24416,148,0.007978243380380213,0.006061598951507209
2004H2-R,R,tabicl@t1,20260912,2018H2,24543,146,0.008434456523087027,0.005948743022450393
2004H2-R,R,tabicl@t1,20260912,2019H1,24752,110,0.00800440879765304,0.0044440853264382674
2004H2-R,R,tabicl@t1,20260912,2019H2,24861,136,0.0065620668041377695,0.005470415510236917
2004H2-R,R,tabicl@t1,20260912,2020H1,24880,111,0.00544655438616157,0.004461414790996785
2004H2-R,R,tabicl@t1,20260912,2020H2,24919,71,0.004523229270175404,0.0028492315100927005
2004H2-R,R,tabicl@t1,20260912,2021H1,24909,90,0.005282831304977578,0.003613151872817054
2004H2-R,R,tabicl@t1,20260912,2021H2,24929,136,0.006372695855506778,0.005455493601829195
2004H2-R,R,tabicl@t1,20260912,2022H1,24889,291,0.008412168223549956,0.011691912089678172
2004H2-R,R,tabicl@t1,20260912,2022H2,24859,373,0.009141967844409748,0.015004626091154109
2004H2-R,R,tabicl@t1,20260912,2023H1,24882,381,0.009419535194118102,0.015312273932963588
2004H2-R,R,tabicl@t1,20260912,2023H2,24866,363,0.008906401765332401,0.014598246601785572
2004H2-R,R,tabicl@t1,20260913,2005H1,24233,248,0.010457078104116127,0.010233978459125985
2004H2-R,R,tabicl@t1,20260913,2005H2,24082,266,0.010146148216685457,0.01104559421974919
2004H2-R,R,tabicl@t1,20260913,2006H1,23280,405,0.012402504421227803,0.017396907216494846
2004H2-R,R,tabicl@t1,20260913,2006H2,23898,525,0.013072556855601332,0.021968365553602813
2004H2-R,R,tabicl@t1,20260913,2007H1,23169,808,0.01382137817014045,0.03487418533385127
2004H2-R,R,tabicl@t1,20260913,2007H2,24367,1560,0.015572819085783682,0.06402101202445931
2004H2-R,R,tabicl@t1,20260913,2008H1,24660,1109,0.009797752173163579,0.04497161394971614
2004H2-R,R,tabicl@t1,20260913,2008H2,24746,863,0.00800702340248694,0.03487432312292896
2004H2-R,R,tabicl@t1,20260913,2009H1,24844,119,0.0038323576541500768,0.0047898889067782965
2004H2-R,R,tabicl@t1,20260913,2009H2,24709,196,0.005678590864300034,0.00793233234853697
2004H2-R,R,tabicl@t1,20260913,2010H1,24843,191,0.00636746854314371,0.0076882824135571385
2004H2-R,R,tabicl@t1,20260913,2010H2,24683,152,0.0053050476236159,0.006158084511607179
2004H2-R,R,tabicl@t1,20260913,2011H1,24614,195,0.0071317127413163,0.007922320630535468
2004H2-R,R,tabicl@t1,20260913,2011H2,24646,119,0.005579704944658101,0.004828369715166762
2004H2-R,R,tabicl@t1,20260913,2012H1,24306,148,0.008781225485619173,0.0060890315148523
2004H2-R,R,tabicl@t1,20260913,2012H2,24538,131,0.008238838593940423,0.005338658407368164
2004H2-R,R,tabicl@t1,20260913,2013H1,24341,85,0.009228533815081737,0.003492050449858264
2004H2-R,R,tabicl@t1,20260913,2013H2,23974,142,0.010651246878704848,0.0059230833402853095
2004H2-R,R,tabicl@t1,20260913,2014H1,24341,137,0.009527610634323223,0.005628363666242143
2004H2-R,R,tabicl@t1,20260913,2014H2,24213,99,0.008370357744313208,0.004088712675009293
2004H2-R,R,tabicl@t1,20260913,2015H1,24159,83,0.006936953066648983,0.0034355726644314747
2004H2-R,R,tabicl@t1,20260913,2015H2,24159,130,0.0077470282032278855,0.0053810174262179725
2004H2-R,R,tabicl@t1,20260913,2016H1,24632,115,0.007351204777353631,0.0046687236115621955
2004H2-R,R,tabicl@t1,20260913,2016H2,24760,121,0.006451227074149901,0.004886914378029079
2004H2-R,R,tabicl@t1,20260913,2017H1,24541,162,0.008043871776829921,0.00660119799519172
2004H2-R,R,tabicl@t1,20260913,2017H2,24680,143,0.007867915037283539,0.005794165316045381
2004H2-R,R,tabicl@t1,20260913,2018H1,24416,148,0.008165298234298318,0.006061598951507209
2004H2-R,R,tabicl@t1,20260913,2018H2,24543,146,0.00865043888828175,0.005948743022450393
2004H2-R,R,tabicl@t1,20260913,2019H1,24752,110,0.008129317324483756,0.0044440853264382674
2004H2-R,R,tabicl@t1,20260913,2019H2,24861,136,0.006687889574404979,0.005470415510236917
2004H2-R,R,tabicl@t1,20260913,2020H1,24880,111,0.005446342750943252,0.004461414790996785
2004H2-R,R,tabicl@t1,20260913,2020H2,24919,71,0.004594881787288135,0.0028492315100927005
2004H2-R,R,tabicl@t1,20260913,2021H1,24909,90,0.005196020342217582,0.003613151872817054
2004H2-R,R,tabicl@t1,20260913,2021H2,24929,136,0.0061956414463818985,0.005455493601829195
2004H2-R,R,tabicl@t1,20260913,2022H1,24889,291,0.007983431945227768,0.011691912089678172
2004H2-R,R,tabicl@t1,20260913,2022H2,24859,373,0.008949210010218738,0.015004626091154109
2004H2-R,R,tabicl@t1,20260913,2023H1,24882,381,0.009317974802302407,0.015312273932963588
2004H2-R,R,tabicl@t1,20260913,2023H2,24866,363,0.008806135762302245,0.014598246601785572
2004H2-R,R,tabpfn,20260911,2005H1,24233,248,0.0073036458920257815,0.010233978459125985
2004H2-R,R,tabpfn,20260911,2005H2,24082,266,0.007127680039750455,0.01104559421974919
2004H2-R,R,tabpfn,20260911,2006H1,23280,405,0.008728300901021328,0.017396907216494846
2004H2-R,R,tabpfn,20260911,2006H2,23898,525,0.009292204019726276,0.021968365553602813
2004H2-R,R,tabpfn,20260911,2007H1,23169,808,0.00984529037520044,0.03487418533385127
2004H2-R,R,tabpfn,20260911,2007H2,24367,1560,0.011070068890819821,0.06402101202445931
2004H2-R,R,tabpfn,20260911,2008H1,24660,1109,0.006526108029996953,0.04497161394971614
2004H2-R,R,tabpfn,20260911,2008H2,24746,863,0.005077954921034909,0.03487432312292896
2004H2-R,R,tabpfn,20260911,2009H1,24844,119,0.0022233053667175856,0.0047898889067782965
2004H2-R,R,tabpfn,20260911,2009H2,24709,196,0.003374811962202871,0.00793233234853697
2004H2-R,R,tabpfn,20260911,2010H1,24843,191,0.0038362300042079963,0.0076882824135571385
2004H2-R,R,tabpfn,20260911,2010H2,24683,152,0.0030852586270363053,0.006158084511607179
2004H2-R,R,tabpfn,20260911,2011H1,24614,195,0.004322118022690683,0.007922320630535468
2004H2-R,R,tabpfn,20260911,2011H2,24646,119,0.003268975152854322,0.004828369715166762
2004H2-R,R,tabpfn,20260911,2012H1,24306,148,0.005496062110769134,0.0060890315148523
2004H2-R,R,tabpfn,20260911,2012H2,24538,131,0.005176183153380395,0.005338658407368164
2004H2-R,R,tabpfn,20260911,2013H1,24341,85,0.005843049494300019,0.003492050449858264
2004H2-R,R,tabpfn,20260911,2013H2,23974,142,0.00677026460417379,0.0059230833402853095
2004H2-R,R,tabpfn,20260911,2014H1,24341,137,0.005940245732374327,0.005628363666242143
2004H2-R,R,tabpfn,20260911,2014H2,24213,99,0.0051596331462530065,0.004088712675009293
2004H2-R,R,tabpfn,20260911,2015H1,24159,83,0.004178466590763791,0.0034355726644314747
2004H2-R,R,tabpfn,20260911,2015H2,24159,130,0.0047675422050187,0.0053810174262179725
2004H2-R,R,tabpfn,20260911,2016H1,24632,115,0.004540999310551269,0.0046687236115621955
2004H2-R,R,tabpfn,20260911,2016H2,24760,121,0.0038882225680039973,0.004886914378029079
2004H2-R,R,tabpfn,20260911,2017H1,24541,162,0.005065882332957873,0.00660119799519172
2004H2-R,R,tabpfn,20260911,2017H2,24680,143,0.004972776216498082,0.005794165316045381
2004H2-R,R,tabpfn,20260911,2018H1,24416,148,0.005159865575543129,0.006061598951507209
2004H2-R,R,tabpfn,20260911,2018H2,24543,146,0.005503220041826296,0.005948743022450393
2004H2-R,R,tabpfn,20260911,2019H1,24752,110,0.005125253408301948,0.0044440853264382674
2004H2-R,R,tabpfn,20260911,2019H2,24861,136,0.004088409388302646,0.005470415510236917
2004H2-R,R,tabpfn,20260911,2020H1,24880,111,0.0033049856673844137,0.004461414790996785
2004H2-R,R,tabpfn,20260911,2020H2,24919,71,0.0027204983307256123,0.0028492315100927005
2004H2-R,R,tabpfn,20260911,2021H1,24909,90,0.003150170330116557,0.003613151872817054
2004H2-R,R,tabpfn,20260911,2021H2,24929,136,0.0039038124102824473,0.005455493601829195
2004H2-R,R,tabpfn,20260911,2022H1,24889,291,0.005098846283521421,0.011691912089678172
2004H2-R,R,tabpfn,20260911,2022H2,24859,373,0.005607414431210614,0.015004626091154109
2004H2-R,R,tabpfn,20260911,2023H1,24882,381,0.005845939857734092,0.015312273932963588
2004H2-R,R,tabpfn,20260911,2023H2,24866,363,0.005569357780265661,0.014598246601785572
2004H2-R,R,tabpfn,20260912,2005H1,24233,248,0.007171258937776672,0.010233978459125985
2004H2-R,R,tabpfn,20260912,2005H2,24082,266,0.007019156159577213,0.01104559421974919
2004H2-R,R,tabpfn,20260912,2006H1,23280,405,0.008969437530169634,0.017396907216494846
2004H2-R,R,tabpfn,20260912,2006H2,23898,525,0.009596933575178965,0.021968365553602813
2004H2-R,R,tabpfn,20260912,2007H1,23169,808,0.010210951910377897,0.03487418533385127
2004H2-R,R,tabpfn,20260912,2007H2,24367,1560,0.011294772203796804,0.06402101202445931
2004H2-R,R,tabpfn,20260912,2008H1,24660,1109,0.006594097181514902,0.04497161394971614
2004H2-R,R,tabpfn,20260912,2008H2,24746,863,0.0051294298510226296,0.03487432312292896
2004H2-R,R,tabpfn,20260912,2009H1,24844,119,0.002304231280345876,0.0047898889067782965
2004H2-R,R,tabpfn,20260912,2009H2,24709,196,0.00343940786121281,0.00793233234853697
2004H2-R,R,tabpfn,20260912,2010H1,24843,191,0.0038347535397134013,0.0076882824135571385
2004H2-R,R,tabpfn,20260912,2010H2,24683,152,0.003085077611047247,0.006158084511607179
2004H2-R,R,tabpfn,20260912,2011H1,24614,195,0.0042516252066439894,0.007922320630535468
2004H2-R,R,tabpfn,20260912,2011H2,24646,119,0.0031829681665939222,0.004828369715166762
2004H2-R,R,tabpfn,20260912,2012H1,24306,148,0.005154938720496244,0.0060890315148523
2004H2-R,R,tabpfn,20260912,2012H2,24538,131,0.004835258097140099,0.005338658407368164
2004H2-R,R,tabpfn,20260912,2013H1,24341,85,0.00543954832890103,0.003492050449858264
2004H2-R,R,tabpfn,20260912,2013H2,23974,142,0.006357281427731388,0.0059230833402853095
2004H2-R,R,tabpfn,20260912,2014H1,24341,137,0.005680320619435605,0.005628363666242143
2004H2-R,R,tabpfn,20260912,2014H2,24213,99,0.005008187181152756,0.004088712675009293
2004H2-R,R,tabpfn,20260912,2015H1,24159,83,0.0040912518169155315,0.0034355726644314747
2004H2-R,R,tabpfn,20260912,2015H2,24159,130,0.004666460768338898,0.0053810174262179725
2004H2-R,R,tabpfn,20260912,2016H1,24632,115,0.004371178877069803,0.0046687236115621955
2004H2-R,R,tabpfn,20260912,2016H2,24760,121,0.0037429584897016453,0.004886914378029079
2004H2-R,R,tabpfn,20260912,2017H1,24541,162,0.004891333388872628,0.00660119799519172
2004H2-R,R,tabpfn,20260912,2017H2,24680,143,0.00475696405129668,0.005794165316045381
2004H2-R,R,tabpfn,20260912,2018H1,24416,148,0.0049803933408736414,0.006061598951507209
2004H2-R,R,tabpfn,20260912,2018H2,24543,146,0.005299592092539946,0.005948743022450393
2004H2-R,R,tabpfn,20260912,2019H1,24752,110,0.004981804428194086,0.0044440853264382674
2004H2-R,R,tabpfn,20260912,2019H2,24861,136,0.003950970097635327,0.005470415510236917
2004H2-R,R,tabpfn,20260912,2020H1,24880,111,0.003228884334930041,0.004461414790996785
2004H2-R,R,tabpfn,20260912,2020H2,24919,71,0.0026191425501765654,0.0028492315100927005
2004H2-R,R,tabpfn,20260912,2021H1,24909,90,0.003083666865202448,0.003613151872817054
2004H2-R,R,tabpfn,20260912,2021H2,24929,136,0.003823422343927024,0.005455493601829195
2004H2-R,R,tabpfn,20260912,2022H1,24889,291,0.005188477967362004,0.011691912089678172
2004H2-R,R,tabpfn,20260912,2022H2,24859,373,0.0057163768497980145,0.015004626091154109
2004H2-R,R,tabpfn,20260912,2023H1,24882,381,0.00603502226771972,0.015312273932963588
2004H2-R,R,tabpfn,20260912,2023H2,24866,363,0.005739940388161058,0.014598246601785572
2004H2-R,R,tabpfn,20260913,2005H1,24233,248,0.0075615529372840195,0.010233978459125985
2004H2-R,R,tabpfn,20260913,2005H2,24082,266,0.007309697222745463,0.01104559421974919
2004H2-R,R,tabpfn,20260913,2006H1,23280,405,0.009152632206809657,0.017396907216494846
2004H2-R,R,tabpfn,20260913,2006H2,23898,525,0.009756937240912297,0.021968365553602813
2004H2-R,R,tabpfn,20260913,2007H1,23169,808,0.01041291179331251,0.03487418533385127
2004H2-R,R,tabpfn,20260913,2007H2,24367,1560,0.011891409922810504,0.06402101202445931
2004H2-R,R,tabpfn,20260913,2008H1,24660,1109,0.00701070845127448,0.04497161394971614
2004H2-R,R,tabpfn,20260913,2008H2,24746,863,0.005465877653524696,0.03487432312292896
2004H2-R,R,tabpfn,20260913,2009H1,24844,119,0.002359056094533019,0.0047898889067782965
2004H2-R,R,tabpfn,20260913,2009H2,24709,196,0.003564981788837917,0.00793233234853697
2004H2-R,R,tabpfn,20260913,2010H1,24843,191,0.004043807450486297,0.0076882824135571385
2004H2-R,R,tabpfn,20260913,2010H2,24683,152,0.0032835900704261743,0.006158084511607179
2004H2-R,R,tabpfn,20260913,2011H1,24614,195,0.0045865833012986275,0.007922320630535468
2004H2-R,R,tabpfn,20260913,2011H2,24646,119,0.003478958807942244,0.004828369715166762
2004H2-R,R,tabpfn,20260913,2012H1,24306,148,0.005825352811523644,0.0060890315148523
2004H2-R,R,tabpfn,20260913,2012H2,24538,131,0.005456497030602535,0.005338658407368164
2004H2-R,R,tabpfn,20260913,2013H1,24341,85,0.006259136383863515,0.003492050449858264
2004H2-R,R,tabpfn,20260913,2013H2,23974,142,0.007256939223905323,0.0059230833402853095
2004H2-R,R,tabpfn,20260913,2014H1,24341,137,0.006394487850780797,0.005628363666242143
2004H2-R,R,tabpfn,20260913,2014H2,24213,99,0.005512054750281555,0.004088712675009293
2004H2-R,R,tabpfn,20260913,2015H1,24159,83,0.00450673854267387,0.0034355726644314747
2004H2-R,R,tabpfn,20260913,2015H2,24159,130,0.005077853171566028,0.0053810174262179725
2004H2-R,R,tabpfn,20260913,2016H1,24632,115,0.00479390890675359,0.0046687236115621955
2004H2-R,R,tabpfn,20260913,2016H2,24760,121,0.004088300678996614,0.004886914378029079
2004H2-R,R,tabpfn,20260913,2017H1,24541,162,0.0053014802873129355,0.00660119799519172
2004H2-R,R,tabpfn,20260913,2017H2,24680,143,0.005141480446196817,0.005794165316045381
2004H2-R,R,tabpfn,20260913,2018H1,24416,148,0.005318821859140345,0.006061598951507209
2004H2-R,R,tabpfn,20260913,2018H2,24543,146,0.005659528700387687,0.005948743022450393
2004H2-R,R,tabpfn,20260913,2019H1,24752,110,0.005285179132898493,0.0044440853264382674
2004H2-R,R,tabpfn,20260913,2019H2,24861,136,0.004218333168736111,0.005470415510236917
2004H2-R,R,tabpfn,20260913,2020H1,24880,111,0.003425675391385219,0.004461414790996785
2004H2-R,R,tabpfn,20260913,2020H2,24919,71,0.002834128885110819,0.0028492315100927005
2004H2-R,R,tabpfn,20260913,2021H1,24909,90,0.0032494532019079806,0.003613151872817054
2004H2-R,R,tabpfn,20260913,2021H2,24929,136,0.0040039856822403855,0.005455493601829195
2004H2-R,R,tabpfn,20260913,2022H1,24889,291,0.0053164758332918385,0.011691912089678172
2004H2-R,R,tabpfn,20260913,2022H2,24859,373,0.005896666982170233,0.015004626091154109
2004H2-R,R,tabpfn,20260913,2023H1,24882,381,0.006157705264873922,0.015312273932963588
2004H2-R,R,tabpfn,20260913,2023H2,24866,363,0.005919222889130308,0.014598246601785572
2004H2-R,R,tabpfn@t1,20260911,2005H1,24233,248,0.010668437486040915,0.010233978459125985
2004H2-R,R,tabpfn@t1,20260911,2005H2,24082,266,0.01046210291003253,0.01104559421974919
2004H2-R,R,tabpfn@t1,20260911,2006H1,23280,405,0.012573854660205894,0.017396907216494846
2004H2-R,R,tabpfn@t1,20260911,2006H2,23898,525,0.013208130302132056,0.021968365553602813
2004H2-R,R,tabpfn@t1,20260911,2007H1,23169,808,0.013933989363764266,0.03487418533385127
2004H2-R,R,tabpfn@t1,20260911,2007H2,24367,1560,0.015500560345911511,0.06402101202445931
2004H2-R,R,tabpfn@t1,20260911,2008H1,24660,1109,0.009616526035649976,0.04497161394971614
2004H2-R,R,tabpfn@t1,20260911,2008H2,24746,863,0.007780205284431345,0.03487432312292896
2004H2-R,R,tabpfn@t1,20260911,2009H1,24844,119,0.0037218696703021415,0.0047898889067782965
2004H2-R,R,tabpfn@t1,20260911,2009H2,24709,196,0.005327171930362094,0.00793233234853697
2004H2-R,R,tabpfn@t1,20260911,2010H1,24843,191,0.005923732267395658,0.0076882824135571385
2004H2-R,R,tabpfn@t1,20260911,2010H2,24683,152,0.004840810694662728,0.006158084511607179
2004H2-R,R,tabpfn@t1,20260911,2011H1,24614,195,0.0065651723981342,0.007922320630535468
2004H2-R,R,tabpfn@t1,20260911,2011H2,24646,119,0.005098805417483879,0.004828369715166762
2004H2-R,R,tabpfn@t1,20260911,2012H1,24306,148,0.00800867650400368,0.0060890315148523
2004H2-R,R,tabpfn@t1,20260911,2012H2,24538,131,0.0076100234329730485,0.005338658407368164
2004H2-R,R,tabpfn@t1,20260911,2013H1,24341,85,0.008505511305758091,0.003492050449858264
2004H2-R,R,tabpfn@t1,20260911,2013H2,23974,142,0.009824977831170933,0.0059230833402853095
2004H2-R,R,tabpfn@t1,20260911,2014H1,24341,137,0.008829796059447274,0.005628363666242143
2004H2-R,R,tabpfn@t1,20260911,2014H2,24213,99,0.007804673283376218,0.004088712675009293
2004H2-R,R,tabpfn@t1,20260911,2015H1,24159,83,0.006503102170020698,0.0034355726644314747
2004H2-R,R,tabpfn@t1,20260911,2015H2,24159,130,0.007364340671053876,0.0053810174262179725
2004H2-R,R,tabpfn@t1,20260911,2016H1,24632,115,0.007063729200920491,0.0046687236115621955
2004H2-R,R,tabpfn@t1,20260911,2016H2,24760,121,0.006185949692889041,0.004886914378029079
2004H2-R,R,tabpfn@t1,20260911,2017H1,24541,162,0.007839505715487962,0.00660119799519172
2004H2-R,R,tabpfn@t1,20260911,2017H2,24680,143,0.007740992267456346,0.005794165316045381
2004H2-R,R,tabpfn@t1,20260911,2018H1,24416,148,0.008015782211527692,0.006061598951507209
2004H2-R,R,tabpfn@t1,20260911,2018H2,24543,146,0.008496584944510182,0.005948743022450393
2004H2-R,R,tabpfn@t1,20260911,2019H1,24752,110,0.007989361120153164,0.0044440853264382674
2004H2-R,R,tabpfn@t1,20260911,2019H2,24861,136,0.006528676563283763,0.005470415510236917
2004H2-R,R,tabpfn@t1,20260911,2020H1,24880,111,0.005374776848611795,0.004461414790996785
2004H2-R,R,tabpfn@t1,20260911,2020H2,24919,71,0.004514117603364164,0.0028492315100927005
2004H2-R,R,tabpfn@t1,20260911,2021H1,24909,90,0.0051756736916295665,0.003613151872817054
2004H2-R,R,tabpfn@t1,20260911,2021H2,24929,136,0.0062853800178271635,0.005455493601829195
2004H2-R,R,tabpfn@t1,20260911,2022H1,24889,291,0.00800232669114177,0.011691912089678172
2004H2-R,R,tabpfn@t1,20260911,2022H2,24859,373,0.008704902583368165,0.015004626091154109
2004H2-R,R,tabpfn@t1,20260911,2023H1,24882,381,0.00896962500985835,0.015312273932963588
2004H2-R,R,tabpfn@t1,20260911,2023H2,24866,363,0.008576841988935385,0.014598246601785572
2004H2-R,R,tabpfn@t1,20260912,2005H1,24233,248,0.010423263514516322,0.010233978459125985
2004H2-R,R,tabpfn@t1,20260912,2005H2,24082,266,0.010254874765419543,0.01104559421974919
2004H2-R,R,tabpfn@t1,20260912,2006H1,23280,405,0.012788360711081827,0.017396907216494846
2004H2-R,R,tabpfn@t1,20260912,2006H2,23898,525,0.013513523607017294,0.021968365553602813
2004H2-R,R,tabpfn@t1,20260912,2007H1,23169,808,0.014324518398110947,0.03487418533385127
2004H2-R,R,tabpfn@t1,20260912,2007H2,24367,1560,0.015702136179825917,0.06402101202445931
2004H2-R,R,tabpfn@t1,20260912,2008H1,24660,1109,0.009646539848847871,0.04497161394971614
2004H2-R,R,tabpfn@t1,20260912,2008H2,24746,863,0.0077683578599973945,0.03487432312292896
2004H2-R,R,tabpfn@t1,20260912,2009H1,24844,119,0.0038119784045416477,0.0047898889067782965
2004H2-R,R,tabpfn@t1,20260912,2009H2,24709,196,0.005391618751768975,0.00793233234853697
2004H2-R,R,tabpfn@t1,20260912,2010H1,24843,191,0.005902643415441859,0.0076882824135571385
2004H2-R,R,tabpfn@t1,20260912,2010H2,24683,152,0.004833314003564015,0.006158084511607179
2004H2-R,R,tabpfn@t1,20260912,2011H1,24614,195,0.006454022271987859,0.007922320630535468
2004H2-R,R,tabpfn@t1,20260912,2011H2,24646,119,0.004966205129295843,0.004828369715166762
2004H2-R,R,tabpfn@t1,20260912,2012H1,24306,148,0.007576933046409681,0.0060890315148523
2004H2-R,R,tabpfn@t1,20260912,2012H2,24538,131,0.007175418995044122,0.005338658407368164
2004H2-R,R,tabpfn@t1,20260912,2013H1,24341,85,0.007999249167888179,0.003492050449858264
2004H2-R,R,tabpfn@t1,20260912,2013H2,23974,142,0.00928134998696925,0.0059230833402853095
2004H2-R,R,tabpfn@t1,20260912,2014H1,24341,137,0.008457765340578124,0.005628363666242143
2004H2-R,R,tabpfn@t1,20260912,2014H2,24213,99,0.007561894571706266,0.004088712675009293
2004H2-R,R,tabpfn@t1,20260912,2015H1,24159,83,0.0063416601983077425,0.0034355726644314747
2004H2-R,R,tabpfn@t1,20260912,2015H2,24159,130,0.007175605972282754,0.0053810174262179725
2004H2-R,R,tabpfn@t1,20260912,2016H1,24632,115,0.00678929828728464,0.0046687236115621955
2004H2-R,R,tabpfn@t1,20260912,2016H2,24760,121,0.0059393385099151845,0.004886914378029079
2004H2-R,R,tabpfn@t1,20260912,2017H1,24541,162,0.007545552186450345,0.00660119799519172
2004H2-R,R,tabpfn@t1,20260912,2017H2,24680,143,0.007389532605869515,0.005794165316045381
2004H2-R,R,tabpfn@t1,20260912,2018H1,24416,148,0.007709266279635406,0.006061598951507209
2004H2-R,R,tabpfn@t1,20260912,2018H2,24543,146,0.008157961778141026,0.005948743022450393
2004H2-R,R,tabpfn@t1,20260912,2019H1,24752,110,0.007733495333501608,0.0044440853264382674
2004H2-R,R,tabpfn@t1,20260912,2019H2,24861,136,0.00629058819800316,0.005470415510236917
2004H2-R,R,tabpfn@t1,20260912,2020H1,24880,111,0.005219519051879417,0.004461414790996785
2004H2-R,R,tabpfn@t1,20260912,2020H2,24919,71,0.004329887659975739,0.0028492315100927005
2004H2-R,R,tabpfn@t1,20260912,2021H1,24909,90,0.005034742421131032,0.003613151872817054
2004H2-R,R,tabpfn@t1,20260912,2021H2,24929,136,0.006120354422924226,0.005455493601829195
2004H2-R,R,tabpfn@t1,20260912,2022H1,24889,291,0.008041574792202001,0.011691912089678172
2004H2-R,R,tabpfn@t1,20260912,2022H2,24859,373,0.008756321551109732,0.015004626091154109
2004H2-R,R,tabpfn@t1,20260912,2023H1,24882,381,0.00912388471839201,0.015312273932963588
2004H2-R,R,tabpfn@t1,20260912,2023H2,24866,363,0.008716919226569229,0.014598246601785572
2004H2-R,R,tabpfn@t1,20260913,2005H1,24233,248,0.010954293065320229,0.010233978459125985
2004H2-R,R,tabpfn@t1,20260913,2005H2,24082,266,0.010651140925813053,0.01104559421974919
2004H2-R,R,tabpfn@t1,20260913,2006H1,23280,405,0.013059813893882359,0.017396907216494846
2004H2-R,R,tabpfn@t1,20260913,2006H2,23898,525,0.013745605266738405,0.021968365553602813
2004H2-R,R,tabpfn@t1,20260913,2007H1,23169,808,0.01459466676516567,0.03487418533385127
2004H2-R,R,tabpfn@t1,20260913,2007H2,24367,1560,0.016475591100208003,0.06402101202445931
2004H2-R,R,tabpfn@t1,20260913,2008H1,24660,1109,0.010214021995898711,0.04497161394971614
2004H2-R,R,tabpfn@t1,20260913,2008H2,24746,863,0.008280751091940586,0.03487432312292896
2004H2-R,R,tabpfn@t1,20260913,2009H1,24844,119,0.003928503842324856,0.0047898889067782965
2004H2-R,R,tabpfn@t1,20260913,2009H2,24709,196,0.005598243295669625,0.00793233234853697
2004H2-R,R,tabpfn@t1,20260913,2010H1,24843,191,0.0062224547819494805,0.0076882824135571385
2004H2-R,R,tabpfn@t1,20260913,2010H2,24683,152,0.005133326469187687,0.006158084511607179
2004H2-R,R,tabpfn@t1,20260913,2011H1,24614,195,0.006939729588827467,0.007922320630535468
2004H2-R,R,tabpfn@t1,20260913,2011H2,24646,119,0.005412117994699914,0.004828369715166762
2004H2-R,R,tabpfn@t1,20260913,2012H1,24306,148,0.008466063981171026,0.0060890315148523
2004H2-R,R,tabpfn@t1,20260913,2012H2,24538,131,0.008015641498046802,0.005338658407368164
2004H2-R,R,tabpfn@t1,20260913,2013H1,24341,85,0.009063023755565173,0.003492050449858264
2004H2-R,R,tabpfn@t1,20260913,2013H2,23974,142,0.01046107202467357,0.0059230833402853095
2004H2-R,R,tabpfn@t1,20260913,2014H1,24341,137,0.00942915579535362,0.005628363666242143
2004H2-R,R,tabpfn@t1,20260913,2014H2,24213,99,0.008282324498681978,0.004088712675009293
2004H2-R,R,tabpfn@t1,20260913,2015H1,24159,83,0.00695425340772942,0.0034355726644314747
2004H2-R,R,tabpfn@t1,20260913,2015H2,24159,130,0.007791755769117802,0.0053810174262179725
2004H2-R,R,tabpfn@t1,20260913,2016H1,24632,115,0.007421457282245627,0.0046687236115621955
2004H2-R,R,tabpfn@t1,20260913,2016H2,24760,121,0.006478458802930736,0.004886914378029079
2004H2-R,R,tabpfn@t1,20260913,2017H1,24541,162,0.008170815166128489,0.00660119799519172
2004H2-R,R,tabpfn@t1,20260913,2017H2,24680,143,0.007986602469332414,0.005794165316045381
2004H2-R,R,tabpfn@t1,20260913,2018H1,24416,148,0.008249277092760868,0.006061598951507209
2004H2-R,R,tabpfn@t1,20260913,2018H2,24543,146,0.00872666194033599,0.005948743022450393
2004H2-R,R,tabpfn@t1,20260913,2019H1,24752,110,0.008223702994254085,0.0044440853264382674
2004H2-R,R,tabpfn@t1,20260913,2019H2,24861,136,0.006725433276108795,0.005470415510236917
2004H2-R,R,tabpfn@t1,20260913,2020H1,24880,111,0.005562280552961559,0.004461414790996785
2004H2-R,R,tabpfn@t1,20260913,2020H2,24919,71,0.004705696728893265,0.0028492315100927005
2004H2-R,R,tabpfn@t1,20260913,2021H1,24909,90,0.005337772571744995,0.003613151872817054
2004H2-R,R,tabpfn@t1,20260913,2021H2,24929,136,0.006442550218399125,0.005455493601829195
2004H2-R,R,tabpfn@t1,20260913,2022H1,24889,291,0.008311235673325198,0.011691912089678172
2004H2-R,R,tabpfn@t1,20260913,2022H2,24859,373,0.00911600568281409,0.015004626091154109
2004H2-R,R,tabpfn@t1,20260913,2023H1,24882,381,0.009412695024947333,0.015312273932963588
2004H2-R,R,tabpfn@t1,20260913,2023H2,24866,363,0.00908102171838463,0.014598246601785572
2006H2-R,R,gbm,,2007H1,23169,808,0.010024336215295904,0.03487418533385127
2006H2-R,R,gbm,,2007H2,24367,1560,0.011157071908213597,0.06402101202445931
2006H2-R,R,gbm,,2008H1,24660,1109,0.0070293398975947415,0.04497161394971614
2006H2-R,R,gbm,,2008H2,24746,863,0.005784259209678829,0.03487432312292896
2006H2-R,R,gbm,,2009H1,24844,119,0.0027401960774554265,0.0047898889067782965
2006H2-R,R,gbm,,2009H2,24709,196,0.0034744849722241765,0.00793233234853697
2006H2-R,R,gbm,,2010H1,24843,191,0.0036360279354445955,0.0076882824135571385
2006H2-R,R,gbm,,2010H2,24683,152,0.002923436221780558,0.006158084511607179
2006H2-R,R,gbm,,2011H1,24614,195,0.003766354741167991,0.007922320630535468
2006H2-R,R,gbm,,2011H2,24646,119,0.0030125861586057195,0.004828369715166762
2006H2-R,R,gbm,,2012H1,24306,148,0.003791841282766882,0.0060890315148523
2006H2-R,R,gbm,,2012H2,24538,131,0.0038338683569978504,0.005338658407368164
2006H2-R,R,gbm,,2013H1,24341,85,0.004406055245192383,0.003492050449858264
2006H2-R,R,gbm,,2013H2,23974,142,0.005358765746087781,0.0059230833402853095
2006H2-R,R,gbm,,2014H1,24341,137,0.005314760984210913,0.005628363666242143
2006H2-R,R,gbm,,2014H2,24213,99,0.005115388398374564,0.004088712675009293
2006H2-R,R,gbm,,2015H1,24159,83,0.004367999798113334,0.0034355726644314747
2006H2-R,R,gbm,,2015H2,24159,130,0.005066384942552627,0.0053810174262179725
2006H2-R,R,gbm,,2016H1,24632,115,0.004951022457506953,0.0046687236115621955
2006H2-R,R,gbm,,2016H2,24760,121,0.004370258773533636,0.004886914378029079
2006H2-R,R,gbm,,2017H1,24541,162,0.005372260464809777,0.00660119799519172
2006H2-R,R,gbm,,2017H2,24680,143,0.0054998070181274,0.005794165316045381
2006H2-R,R,gbm,,2018H1,24416,148,0.005682248883056848,0.006061598951507209
2006H2-R,R,gbm,,2018H2,24543,146,0.006011321084351927,0.005948743022450393
2006H2-R,R,gbm,,2019H1,24752,110,0.005674870476557585,0.0044440853264382674
2006H2-R,R,gbm,,2019H2,24861,136,0.00470187918197445,0.005470415510236917
2006H2-R,R,gbm,,2020H1,24880,111,0.0039037212643220735,0.004461414790996785
2006H2-R,R,gbm,,2020H2,24919,71,0.0033089650837360048,0.0028492315100927005
2006H2-R,R,gbm,,2021H1,24909,90,0.003835715529802057,0.003613151872817054
2006H2-R,R,gbm,,2021H2,24929,136,0.004767682428312873,0.005455493601829195
2006H2-R,R,gbm,,2022H1,24889,291,0.006092990750239684,0.011691912089678172
2006H2-R,R,gbm,,2022H2,24859,373,0.006556770883901644,0.015004626091154109
2006H2-R,R,gbm,,2023H1,24882,381,0.006500296256169748,0.015312273932963588
2006H2-R,R,gbm,,2023H2,24866,363,0.006213161925800555,0.014598246601785572
2006H2-R,R,gbm-50k,20260911,2007H1,23169,808,0.009360009379025092,0.03487418533385127
2006H2-R,R,gbm-50k,20260911,2007H2,24367,1560,0.010453092028416029,0.06402101202445931
2006H2-R,R,gbm-50k,20260911,2008H1,24660,1109,0.006980105712299735,0.04497161394971614
2006H2-R,R,gbm-50k,20260911,2008H2,24746,863,0.005933718582250975,0.03487432312292896
2006H2-R,R,gbm-50k,20260911,2009H1,24844,119,0.0033126473503436193,0.0047898889067782965
2006H2-R,R,gbm-50k,20260911,2009H2,24709,196,0.0038297480476227764,0.00793233234853697
2006H2-R,R,gbm-50k,20260911,2010H1,24843,191,0.003956310868142613,0.0076882824135571385
2006H2-R,R,gbm-50k,20260911,2010H2,24683,152,0.003358484420106825,0.006158084511607179
2006H2-R,R,gbm-50k,20260911,2011H1,24614,195,0.004061265541847396,0.007922320630535468
2006H2-R,R,gbm-50k,20260911,2011H2,24646,119,0.0034908335843824466,0.004828369715166762
2006H2-R,R,gbm-50k,20260911,2012H1,24306,148,0.0040926711689990205,0.0060890315148523
2006H2-R,R,gbm-50k,20260911,2012H2,24538,131,0.004175084988829642,0.005338658407368164
2006H2-R,R,gbm-50k,20260911,2013H1,24341,85,0.0046627303742887505,0.003492050449858264
2006H2-R,R,gbm-50k,20260911,2013H2,23974,142,0.0056087654645618785,0.0059230833402853095
2006H2-R,R,gbm-50k,20260911,2014H1,24341,137,0.005699439234061705,0.005628363666242143
2006H2-R,R,gbm-50k,20260911,2014H2,24213,99,0.005532919229914986,0.004088712675009293
2006H2-R,R,gbm-50k,20260911,2015H1,24159,83,0.004902786281172848,0.0034355726644314747
2006H2-R,R,gbm-50k,20260911,2015H2,24159,130,0.005513211791943876,0.0053810174262179725
2006H2-R,R,gbm-50k,20260911,2016H1,24632,115,0.00541248377802188,0.0046687236115621955
2006H2-R,R,gbm-50k,20260911,2016H2,24760,121,0.004950623792979231,0.004886914378029079
2006H2-R,R,gbm-50k,20260911,2017H1,24541,162,0.005870308965339421,0.00660119799519172
2006H2-R,R,gbm-50k,20260911,2017H2,24680,143,0.005953322381872564,0.005794165316045381
2006H2-R,R,gbm-50k,20260911,2018H1,24416,148,0.0060751346187697215,0.006061598951507209
2006H2-R,R,gbm-50k,20260911,2018H2,24543,146,0.006492916717974565,0.005948743022450393
2006H2-R,R,gbm-50k,20260911,2019H1,24752,110,0.006132416342612693,0.0044440853264382674
2006H2-R,R,gbm-50k,20260911,2019H2,24861,136,0.005269587700262195,0.005470415510236917
2006H2-R,R,gbm-50k,20260911,2020H1,24880,111,0.0045031564217402256,0.004461414790996785
2006H2-R,R,gbm-50k,20260911,2020H2,24919,71,0.003965585982970461,0.0028492315100927005
2006H2-R,R,gbm-50k,20260911,2021H1,24909,90,0.004416701834501359,0.003613151872817054
2006H2-R,R,gbm-50k,20260911,2021H2,24929,136,0.0053190474855520095,0.005455493601829195
2006H2-R,R,gbm-50k,20260911,2022H1,24889,291,0.006478855835505227,0.011691912089678172
2006H2-R,R,gbm-50k,20260911,2022H2,24859,373,0.006900824782616732,0.015004626091154109
2006H2-R,R,gbm-50k,20260911,2023H1,24882,381,0.006826044076090219,0.015312273932963588
2006H2-R,R,gbm-50k,20260911,2023H2,24866,363,0.006538747444213692,0.014598246601785572
2006H2-R,R,gbm-50k,20260912,2007H1,23169,808,0.010166594536946362,0.03487418533385127
2006H2-R,R,gbm-50k,20260912,2007H2,24367,1560,0.011304862753558447,0.06402101202445931
2006H2-R,R,gbm-50k,20260912,2008H1,24660,1109,0.00685285771688168,0.04497161394971614
2006H2-R,R,gbm-50k,20260912,2008H2,24746,863,0.005660533776149648,0.03487432312292896
2006H2-R,R,gbm-50k,20260912,2009H1,24844,119,0.0027648905060813534,0.0047898889067782965
2006H2-R,R,gbm-50k,20260912,2009H2,24709,196,0.0034730449655729335,0.00793233234853697
2006H2-R,R,gbm-50k,20260912,2010H1,24843,191,0.0036751975275403238,0.0076882824135571385
2006H2-R,R,gbm-50k,20260912,2010H2,24683,152,0.0029406272042538017,0.006158084511607179
2006H2-R,R,gbm-50k,20260912,2011H1,24614,195,0.0038397247713767334,0.007922320630535468
2006H2-R,R,gbm-50k,20260912,2011H2,24646,119,0.003045330148634689,0.004828369715166762
2006H2-R,R,gbm-50k,20260912,2012H1,24306,148,0.003909062706331743,0.0060890315148523
2006H2-R,R,gbm-50k,20260912,2012H2,24538,131,0.003957389743523425,0.005338658407368164
2006H2-R,R,gbm-50k,20260912,2013H1,24341,85,0.004457015580740655,0.003492050449858264
2006H2-R,R,gbm-50k,20260912,2013H2,23974,142,0.005501455778860053,0.0059230833402853095
2006H2-R,R,gbm-50k,20260912,2014H1,24341,137,0.005395140026443204,0.005628363666242143
2006H2-R,R,gbm-50k,20260912,2014H2,24213,99,0.0051863864552040536,0.004088712675009293
2006H2-R,R,gbm-50k,20260912,2015H1,24159,83,0.004337162195123417,0.0034355726644314747
2006H2-R,R,gbm-50k,20260912,2015H2,24159,130,0.005114864551939233,0.0053810174262179725
2006H2-R,R,gbm-50k,20260912,2016H1,24632,115,0.005002201718328151,0.0046687236115621955
2006H2-R,R,gbm-50k,20260912,2016H2,24760,121,0.004369613742535573,0.004886914378029079
2006H2-R,R,gbm-50k,20260912,2017H1,24541,162,0.0054647872617637405,0.00660119799519172
2006H2-R,R,gbm-50k,20260912,2017H2,24680,143,0.005641319920425338,0.005794165316045381
2006H2-R,R,gbm-50k,20260912,2018H1,24416,148,0.005969292631201063,0.006061598951507209
2006H2-R,R,gbm-50k,20260912,2018H2,24543,146,0.006378265618812008,0.005948743022450393
2006H2-R,R,gbm-50k,20260912,2019H1,24752,110,0.005995365415011819,0.0044440853264382674
2006H2-R,R,gbm-50k,20260912,2019H2,24861,136,0.004845897006626542,0.005470415510236917
2006H2-R,R,gbm-50k,20260912,2020H1,24880,111,0.003949251440221348,0.004461414790996785
2006H2-R,R,gbm-50k,20260912,2020H2,24919,71,0.003342641919046948,0.0028492315100927005
2006H2-R,R,gbm-50k,20260912,2021H1,24909,90,0.0038655992783525536,0.003613151872817054
2006H2-R,R,gbm-50k,20260912,2021H2,24929,136,0.004814269485054363,0.005455493601829195
2006H2-R,R,gbm-50k,20260912,2022H1,24889,291,0.006244361036482738,0.011691912089678172
2006H2-R,R,gbm-50k,20260912,2022H2,24859,373,0.006859250276403082,0.015004626091154109
2006H2-R,R,gbm-50k,20260912,2023H1,24882,381,0.0071481755291291,0.015312273932963588
2006H2-R,R,gbm-50k,20260912,2023H2,24866,363,0.006911818350302636,0.014598246601785572
2006H2-R,R,gbm-50k,20260913,2007H1,23169,808,0.009366301457419023,0.03487418533385127
2006H2-R,R,gbm-50k,20260913,2007H2,24367,1560,0.010309565428794408,0.06402101202445931
2006H2-R,R,gbm-50k,20260913,2008H1,24660,1109,0.006957039388095224,0.04497161394971614
2006H2-R,R,gbm-50k,20260913,2008H2,24746,863,0.005872854105360934,0.03487432312292896
2006H2-R,R,gbm-50k,20260913,2009H1,24844,119,0.0030098146610762584,0.0047898889067782965
2006H2-R,R,gbm-50k,20260913,2009H2,24709,196,0.0037327606434576764,0.00793233234853697
2006H2-R,R,gbm-50k,20260913,2010H1,24843,191,0.003849339563852702,0.0076882824135571385
2006H2-R,R,gbm-50k,20260913,2010H2,24683,152,0.003186405773859176,0.006158084511607179
2006H2-R,R,gbm-50k,20260913,2011H1,24614,195,0.004035850859995987,0.007922320630535468
2006H2-R,R,gbm-50k,20260913,2011H2,24646,119,0.0032544751862945455,0.004828369715166762
2006H2-R,R,gbm-50k,20260913,2012H1,24306,148,0.0038911169969111955,0.0060890315148523
2006H2-R,R,gbm-50k,20260913,2012H2,24538,131,0.003978454178851329,0.005338658407368164
2006H2-R,R,gbm-50k,20260913,2013H1,24341,85,0.004584346981467617,0.003492050449858264
2006H2-R,R,gbm-50k,20260913,2013H2,23974,142,0.005579760396936505,0.0059230833402853095
2006H2-R,R,gbm-50k,20260913,2014H1,24341,137,0.005530289462044902,0.005628363666242143
2006H2-R,R,gbm-50k,20260913,2014H2,24213,99,0.005330178640898602,0.004088712675009293
2006H2-R,R,gbm-50k,20260913,2015H1,24159,83,0.00457830120245132,0.0034355726644314747
2006H2-R,R,gbm-50k,20260913,2015H2,24159,130,0.005251943201313287,0.0053810174262179725
2006H2-R,R,gbm-50k,20260913,2016H1,24632,115,0.005072485290634464,0.0046687236115621955
2006H2-R,R,gbm-50k,20260913,2016H2,24760,121,0.004453515717372995,0.004886914378029079
2006H2-R,R,gbm-50k,20260913,2017H1,24541,162,0.005530561646987169,0.00660119799519172
2006H2-R,R,gbm-50k,20260913,2017H2,24680,143,0.005602248894968343,0.005794165316045381
2006H2-R,R,gbm-50k,20260913,2018H1,24416,148,0.005901409829222062,0.006061598951507209
2006H2-R,R,gbm-50k,20260913,2018H2,24543,146,0.00618315137290285,0.005948743022450393
2006H2-R,R,gbm-50k,20260913,2019H1,24752,110,0.005887667582957583,0.0044440853264382674
2006H2-R,R,gbm-50k,20260913,2019H2,24861,136,0.0048846230152736385,0.005470415510236917
2006H2-R,R,gbm-50k,20260913,2020H1,24880,111,0.004104573912403254,0.004461414790996785
2006H2-R,R,gbm-50k,20260913,2020H2,24919,71,0.0034596118396880513,0.0028492315100927005
2006H2-R,R,gbm-50k,20260913,2021H1,24909,90,0.003964983927167898,0.003613151872817054
2006H2-R,R,gbm-50k,20260913,2021H2,24929,136,0.004767727497956497,0.005455493601829195
2006H2-R,R,gbm-50k,20260913,2022H1,24889,291,0.0060461175069857695,0.011691912089678172
2006H2-R,R,gbm-50k,20260913,2022H2,24859,373,0.0066718276108386956,0.015004626091154109
2006H2-R,R,gbm-50k,20260913,2023H1,24882,381,0.0067947725054472476,0.015312273932963588
2006H2-R,R,gbm-50k,20260913,2023H2,24866,363,0.006525386550916615,0.014598246601785572
2006H2-R,R,scorecard,,2007H1,23169,808,0.009482745501407803,0.03487418533385127
2006H2-R,R,scorecard,,2007H2,24367,1560,0.010361249836871448,0.06402101202445931
2006H2-R,R,scorecard,,2008H1,24660,1109,0.006340038934493624,0.04497161394971614
2006H2-R,R,scorecard,,2008H2,24746,863,0.005334482140378815,0.03487432312292896
2006H2-R,R,scorecard,,2009H1,24844,119,0.0024336621754547324,0.0047898889067782965
2006H2-R,R,scorecard,,2009H2,24709,196,0.00310960052860491,0.00793233234853697
2006H2-R,R,scorecard,,2010H1,24843,191,0.003286305445045963,0.0076882824135571385
2006H2-R,R,scorecard,,2010H2,24683,152,0.0025501738060912035,0.006158084511607179
2006H2-R,R,scorecard,,2011H1,24614,195,0.003297148327013818,0.007922320630535468
2006H2-R,R,scorecard,,2011H2,24646,119,0.002622057511155862,0.004828369715166762
2006H2-R,R,scorecard,,2012H1,24306,148,0.0033033452141217486,0.0060890315148523
2006H2-R,R,scorecard,,2012H2,24538,131,0.003288281332585834,0.005338658407368164
2006H2-R,R,scorecard,,2013H1,24341,85,0.0037576595772068596,0.003492050449858264
2006H2-R,R,scorecard,,2013H2,23974,142,0.004796945409450562,0.0059230833402853095
2006H2-R,R,scorecard,,2014H1,24341,137,0.004704266814394397,0.005628363666242143
2006H2-R,R,scorecard,,2014H2,24213,99,0.004508750202960312,0.004088712675009293
2006H2-R,R,scorecard,,2015H1,24159,83,0.003765487793018271,0.0034355726644314747
2006H2-R,R,scorecard,,2015H2,24159,130,0.004508283837004384,0.0053810174262179725
2006H2-R,R,scorecard,,2016H1,24632,115,0.0043528887091990685,0.0046687236115621955
2006H2-R,R,scorecard,,2016H2,24760,121,0.0037678438047088012,0.004886914378029079
2006H2-R,R,scorecard,,2017H1,24541,162,0.004780727313731902,0.00660119799519172
2006H2-R,R,scorecard,,2017H2,24680,143,0.004928787426134212,0.005794165316045381
2006H2-R,R,scorecard,,2018H1,24416,148,0.005071825340538155,0.006061598951507209
2006H2-R,R,scorecard,,2018H2,24543,146,0.00553682773222798,0.005948743022450393
2006H2-R,R,scorecard,,2019H1,24752,110,0.005150723930200893,0.0044440853264382674
2006H2-R,R,scorecard,,2019H2,24861,136,0.004130912361156609,0.005470415510236917
2006H2-R,R,scorecard,,2020H1,24880,111,0.003386756199770674,0.004461414790996785
2006H2-R,R,scorecard,,2020H2,24919,71,0.0028611662769238823,0.0028492315100927005
2006H2-R,R,scorecard,,2021H1,24909,90,0.0033871342582320546,0.003613151872817054
2006H2-R,R,scorecard,,2021H2,24929,136,0.004400832965287134,0.005455493601829195
2006H2-R,R,scorecard,,2022H1,24889,291,0.005619793696177133,0.011691912089678172
2006H2-R,R,scorecard,,2022H2,24859,373,0.00607529796726273,0.015004626091154109
2006H2-R,R,scorecard,,2023H1,24882,381,0.005892339563748849,0.015312273932963588
2006H2-R,R,scorecard,,2023H2,24866,363,0.005763742215030137,0.014598246601785572
2006H2-R,R,tabicl,20260911,2007H1,23169,808,0.006338290285129692,0.03487418533385127
2006H2-R,R,tabicl,20260911,2007H2,24367,1560,0.007122292935372088,0.06402101202445931
2006H2-R,R,tabicl,20260911,2008H1,24660,1109,0.00446319157081094,0.04497161394971614
2006H2-R,R,tabicl,20260911,2008H2,24746,863,0.0036641488118324887,0.03487432312292896
2006H2-R,R,tabicl,20260911,2009H1,24844,119,0.0016887058350170676,0.0047898889067782965
2006H2-R,R,tabicl,20260911,2009H2,24709,196,0.0023961829932813658,0.00793233234853697
2006H2-R,R,tabicl,20260911,2010H1,24843,191,0.002663730750603127,0.0076882824135571385
2006H2-R,R,tabicl,20260911,2010H2,24683,152,0.002169408124956304,0.006158084511607179
2006H2-R,R,tabicl,20260911,2011H1,24614,195,0.002965700214396475,0.007922320630535468
2006H2-R,R,tabicl,20260911,2011H2,24646,119,0.0022984810969915045,0.004828369715166762
2006H2-R,R,tabicl,20260911,2012H1,24306,148,0.003679775567362419,0.0060890315148523
2006H2-R,R,tabicl,20260911,2012H2,24538,131,0.003541147469887904,0.005338658407368164
2006H2-R,R,tabicl,20260911,2013H1,24341,85,0.003938620522952953,0.003492050449858264
2006H2-R,R,tabicl,20260911,2013H2,23974,142,0.004491675164418448,0.0059230833402853095
2006H2-R,R,tabicl,20260911,2014H1,24341,137,0.004084214501592748,0.005628363666242143
2006H2-R,R,tabicl,20260911,2014H2,24213,99,0.003643371948866182,0.004088712675009293
2006H2-R,R,tabicl,20260911,2015H1,24159,83,0.00306577010175353,0.0034355726644314747
2006H2-R,R,tabicl,20260911,2015H2,24159,130,0.003440413048357625,0.0053810174262179725
2006H2-R,R,tabicl,20260911,2016H1,24632,115,0.003330033749469054,0.0046687236115621955
2006H2-R,R,tabicl,20260911,2016H2,24760,121,0.002952551323304759,0.004886914378029079
2006H2-R,R,tabicl,20260911,2017H1,24541,162,0.0036913333126948025,0.00660119799519172
2006H2-R,R,tabicl,20260911,2017H2,24680,143,0.003633773880469201,0.005794165316045381
2006H2-R,R,tabicl,20260911,2018H1,24416,148,0.003709123043910096,0.006061598951507209
2006H2-R,R,tabicl,20260911,2018H2,24543,146,0.003938183023743203,0.005948743022450393
2006H2-R,R,tabicl,20260911,2019H1,24752,110,0.0037227541546083058,0.0044440853264382674
2006H2-R,R,tabicl,20260911,2019H2,24861,136,0.0030910868806711795,0.005470415510236917
2006H2-R,R,tabicl,20260911,2020H1,24880,111,0.002508975822840974,0.004461414790996785
2006H2-R,R,tabicl,20260911,2020H2,24919,71,0.002116417452900717,0.0028492315100927005
2006H2-R,R,tabicl,20260911,2021H1,24909,90,0.0024438895835502037,0.003613151872817054
2006H2-R,R,tabicl,20260911,2021H2,24929,136,0.0030270675488299507,0.005455493601829195
2006H2-R,R,tabicl,20260911,2022H1,24889,291,0.003862775745313426,0.011691912089678172
2006H2-R,R,tabicl,20260911,2022H2,24859,373,0.004148592236062458,0.015004626091154109
2006H2-R,R,tabicl,20260911,2023H1,24882,381,0.004158281849908461,0.015312273932963588
2006H2-R,R,tabicl,20260911,2023H2,24866,363,0.0039684351413435655,0.014598246601785572
2006H2-R,R,tabicl,20260912,2007H1,23169,808,0.00615594300595824,0.03487418533385127
2006H2-R,R,tabicl,20260912,2007H2,24367,1560,0.006723093238561719,0.06402101202445931
2006H2-R,R,tabicl,20260912,2008H1,24660,1109,0.003940203930450047,0.04497161394971614
2006H2-R,R,tabicl,20260912,2008H2,24746,863,0.003310530495227462,0.03487432312292896
2006H2-R,R,tabicl,20260912,2009H1,24844,119,0.0014301961929856566,0.0047898889067782965
2006H2-R,R,tabicl,20260912,2009H2,24709,196,0.002105603328007299,0.00793233234853697
2006H2-R,R,tabicl,20260912,2010H1,24843,191,0.002322845748687076,0.0076882824135571385
2006H2-R,R,tabicl,20260912,2010H2,24683,152,0.0018093752553099635,0.006158084511607179
2006H2-R,R,tabicl,20260912,2011H1,24614,195,0.0025369325023794275,0.007922320630535468
2006H2-R,R,tabicl,20260912,2011H2,24646,119,0.001911036981768698,0.004828369715166762
2006H2-R,R,tabicl,20260912,2012H1,24306,148,0.0030922804564145765,0.0060890315148523
2006H2-R,R,tabicl,20260912,2012H2,24538,131,0.0029718021938416332,0.005338658407368164
2006H2-R,R,tabicl,20260912,2013H1,24341,85,0.0032764834572690344,0.003492050449858264
2006H2-R,R,tabicl,20260912,2013H2,23974,142,0.0038450228279541684,0.0059230833402853095
2006H2-R,R,tabicl,20260912,2014H1,24341,137,0.0035345583972728983,0.005628363666242143
2006H2-R,R,tabicl,20260912,2014H2,24213,99,0.003152863817879967,0.004088712675009293
2006H2-R,R,tabicl,20260912,2015H1,24159,83,0.0025834006880434265,0.0034355726644314747
2006H2-R,R,tabicl,20260912,2015H2,24159,130,0.0029918660967332843,0.0053810174262179725
2006H2-R,R,tabicl,20260912,2016H1,24632,115,0.002839443481153071,0.0046687236115621955
2006H2-R,R,tabicl,20260912,2016H2,24760,121,0.002478575194131978,0.004886914378029079
2006H2-R,R,tabicl,20260912,2017H1,24541,162,0.003163931635379557,0.00660119799519172
2006H2-R,R,tabicl,20260912,2017H2,24680,143,0.0031513169652700565,0.005794165316045381
2006H2-R,R,tabicl,20260912,2018H1,24416,148,0.003298382008215484,0.006061598951507209
2006H2-R,R,tabicl,20260912,2018H2,24543,146,0.003543508389999193,0.005948743022450393
2006H2-R,R,tabicl,20260912,2019H1,24752,110,0.003333122137598314,0.0044440853264382674
2006H2-R,R,tabicl,20260912,2019H2,24861,136,0.002651381161709368,0.005470415510236917
2006H2-R,R,tabicl,20260912,2020H1,24880,111,0.002116565638647198,0.004461414790996785
2006H2-R,R,tabicl,20260912,2020H2,24919,71,0.0017393178954008093,0.0028492315100927005
2006H2-R,R,tabicl,20260912,2021H1,24909,90,0.0020537787820186907,0.003613151872817054
2006H2-R,R,tabicl,20260912,2021H2,24929,136,0.002563603801105461,0.005455493601829195
2006H2-R,R,tabicl,20260912,2022H1,24889,291,0.00341169051656223,0.011691912089678172
2006H2-R,R,tabicl,20260912,2022H2,24859,373,0.003763483640090073,0.015004626091154109
2006H2-R,R,tabicl,20260912,2023H1,24882,381,0.003919006656266128,0.015312273932963588
2006H2-R,R,tabicl,20260912,2023H2,24866,363,0.0037800790945085303,0.014598246601785572
2006H2-R,R,tabicl,20260913,2007H1,23169,808,0.005722221154686693,0.03487418533385127
2006H2-R,R,tabicl,20260913,2007H2,24367,1560,0.00623469064321769,0.06402101202445931
2006H2-R,R,tabicl,20260913,2008H1,24660,1109,0.004002958984580446,0.04497161394971614
2006H2-R,R,tabicl,20260913,2008H2,24746,863,0.0033879443643630045,0.03487432312292896
2006H2-R,R,tabicl,20260913,2009H1,24844,119,0.001538714106450314,0.0047898889067782965
2006H2-R,R,tabicl,20260913,2009H2,24709,196,0.0022026028732309594,0.00793233234853697
2006H2-R,R,tabicl,20260913,2010H1,24843,191,0.002375532151661628,0.0076882824135571385
2006H2-R,R,tabicl,20260913,2010H2,24683,152,0.0018987390590316916,0.006158084511607179
2006H2-R,R,tabicl,20260913,2011H1,24614,195,0.002524357794307955,0.007922320630535468
2006H2-R,R,tabicl,20260913,2011H2,24646,119,0.0019481138975270481,0.004828369715166762
2006H2-R,R,tabicl,20260913,2012H1,24306,148,0.002828228952399968,0.0060890315148523
2006H2-R,R,tabicl,20260913,2012H2,24538,131,0.0027111374498664273,0.005338658407368164
2006H2-R,R,tabicl,20260913,2013H1,24341,85,0.003134262200902886,0.003492050449858264
2006H2-R,R,tabicl,20260913,2013H2,23974,142,0.0037359535054869923,0.0059230833402853095
2006H2-R,R,tabicl,20260913,2014H1,24341,137,0.0034991095321731487,0.005628363666242143
2006H2-R,R,tabicl,20260913,2014H2,24213,99,0.0031865483651195496,0.004088712675009293
2006H2-R,R,tabicl,20260913,2015H1,24159,83,0.0026661360867556616,0.0034355726644314747
2006H2-R,R,tabicl,20260913,2015H2,24159,130,0.0030157360922436517,0.0053810174262179725
2006H2-R,R,tabicl,20260913,2016H1,24632,115,0.0028754635025832827,0.0046687236115621955
2006H2-R,R,tabicl,20260913,2016H2,24760,121,0.002490984172566763,0.004886914378029079
2006H2-R,R,tabicl,20260913,2017H1,24541,162,0.003196125021289656,0.00660119799519172
2006H2-R,R,tabicl,20260913,2017H2,24680,143,0.0031415374904043723,0.005794165316045381
2006H2-R,R,tabicl,20260913,2018H1,24416,148,0.0032830260698153645,0.006061598951507209
2006H2-R,R,tabicl,20260913,2018H2,24543,146,0.003490762741522145,0.005948743022450393
2006H2-R,R,tabicl,20260913,2019H1,24752,110,0.0033260465426687273,0.0044440853264382674
2006H2-R,R,tabicl,20260913,2019H2,24861,136,0.002691670001934674,0.005470415510236917
2006H2-R,R,tabicl,20260913,2020H1,24880,111,0.0021938734898700857,0.004461414790996785
2006H2-R,R,tabicl,20260913,2020H2,24919,71,0.0018078345962008863,0.0028492315100927005
2006H2-R,R,tabicl,20260913,2021H1,24909,90,0.0021158895301131944,0.003613151872817054
2006H2-R,R,tabicl,20260913,2021H2,24929,136,0.0025883383064130927,0.005455493601829195
2006H2-R,R,tabicl,20260913,2022H1,24889,291,0.003456169345699115,0.011691912089678172
2006H2-R,R,tabicl,20260913,2022H2,24859,373,0.0038392984183436563,0.015004626091154109
2006H2-R,R,tabicl,20260913,2023H1,24882,381,0.003913152730537467,0.015312273932963588
2006H2-R,R,tabicl,20260913,2023H2,24866,363,0.0037439791178515073,0.014598246601785572
2006H2-R,R,tabicl@t1,20260911,2007H1,23169,808,0.009552347842733388,0.03487418533385127
2006H2-R,R,tabicl@t1,20260911,2007H2,24367,1560,0.010640969984588501,0.06402101202445931
2006H2-R,R,tabicl@t1,20260911,2008H1,24660,1109,0.0069725731757390615,0.04497161394971614
2006H2-R,R,tabicl@t1,20260911,2008H2,24746,863,0.005895944608293629,0.03487432312292896
2006H2-R,R,tabicl@t1,20260911,2009H1,24844,119,0.002950932779627713,0.0047898889067782965
2006H2-R,R,tabicl@t1,20260911,2009H2,24709,196,0.004010306323079683,0.00793233234853697
2006H2-R,R,tabicl@t1,20260911,2010H1,24843,191,0.004380906017231267,0.0076882824135571385
2006H2-R,R,tabicl@t1,20260911,2010H2,24683,152,0.0036212644918086736,0.006158084511607179
2006H2-R,R,tabicl@t1,20260911,2011H1,24614,195,0.004807300099393692,0.007922320630535468
2006H2-R,R,tabicl@t1,20260911,2011H2,24646,119,0.003817071840936308,0.004828369715166762
2006H2-R,R,tabicl@t1,20260911,2012H1,24306,148,0.005788962640386552,0.0060890315148523
2006H2-R,R,tabicl@t1,20260911,2012H2,24538,131,0.005595608105453787,0.005338658407368164
2006H2-R,R,tabicl@t1,20260911,2013H1,24341,85,0.006160774536035969,0.003492050449858264
2006H2-R,R,tabicl@t1,20260911,2013H2,23974,142,0.007007282196571446,0.0059230833402853095
2006H2-R,R,tabicl@t1,20260911,2014H1,24341,137,0.006486031911582958,0.005628363666242143
2006H2-R,R,tabicl@t1,20260911,2014H2,24213,99,0.005867271123506201,0.004088712675009293
2006H2-R,R,tabicl@t1,20260911,2015H1,24159,83,0.005036519536954549,0.0034355726644314747
2006H2-R,R,tabicl@t1,20260911,2015H2,24159,130,0.005613969688825137,0.0053810174262179725
2006H2-R,R,tabicl@t1,20260911,2016H1,24632,115,0.005457754080987933,0.0046687236115621955
2006H2-R,R,tabicl@t1,20260911,2016H2,24760,121,0.004910941207289633,0.004886914378029079
2006H2-R,R,tabicl@t1,20260911,2017H1,24541,162,0.006018745858837525,0.00660119799519172
2006H2-R,R,tabicl@t1,20260911,2017H2,24680,143,0.005949964379001916,0.005794165316045381
2006H2-R,R,tabicl@t1,20260911,2018H1,24416,148,0.00607345487737282,0.006061598951507209
2006H2-R,R,tabicl@t1,20260911,2018H2,24543,146,0.006420790434508769,0.005948743022450393
2006H2-R,R,tabicl@t1,20260911,2019H1,24752,110,0.006107640899319118,0.0044440853264382674
2006H2-R,R,tabicl@t1,20260911,2019H2,24861,136,0.005161758763390789,0.005470415510236917
2006H2-R,R,tabicl@t1,20260911,2020H1,24880,111,0.0042591294112260866,0.004461414790996785
2006H2-R,R,tabicl@t1,20260911,2020H2,24919,71,0.003654361035066327,0.0028492315100927005
2006H2-R,R,tabicl@t1,20260911,2021H1,24909,90,0.004164448280371373,0.003613151872817054
2006H2-R,R,tabicl@t1,20260911,2021H2,24929,136,0.005056600183119223,0.005455493601829195
2006H2-R,R,tabicl@t1,20260911,2022H1,24889,291,0.006314722900662104,0.011691912089678172
2006H2-R,R,tabicl@t1,20260911,2022H2,24859,373,0.0067492049122428645,0.015004626091154109
2006H2-R,R,tabicl@t1,20260911,2023H1,24882,381,0.006750701471503206,0.015312273932963588
2006H2-R,R,tabicl@t1,20260911,2023H2,24866,363,0.006458233552241444,0.014598246601785572
2006H2-R,R,tabicl@t1,20260912,2007H1,23169,808,0.009296830268305014,0.03487418533385127
2006H2-R,R,tabicl@t1,20260912,2007H2,24367,1560,0.010074347189661784,0.06402101202445931
2006H2-R,R,tabicl@t1,20260912,2008H1,24660,1109,0.006202210742090481,0.04497161394971614
2006H2-R,R,tabicl@t1,20260912,2008H2,24746,863,0.005355308480506971,0.03487432312292896
2006H2-R,R,tabicl@t1,20260912,2009H1,24844,119,0.0025112964622335233,0.0047898889067782965
2006H2-R,R,tabicl@t1,20260912,2009H2,24709,196,0.0035373679412426012,0.00793233234853697
2006H2-R,R,tabicl@t1,20260912,2010H1,24843,191,0.0038376644675203026,0.0076882824135571385
2006H2-R,R,tabicl@t1,20260912,2010H2,24683,152,0.003033727365778637,0.006158084511607179
2006H2-R,R,tabicl@t1,20260912,2011H1,24614,195,0.004124513213664706,0.007922320630535468
2006H2-R,R,tabicl@t1,20260912,2011H2,24646,119,0.0031895845839351577,0.004828369715166762
2006H2-R,R,tabicl@t1,20260912,2012H1,24306,148,0.00487371286048881,0.0060890315148523
2006H2-R,R,tabicl@t1,20260912,2012H2,24538,131,0.004710579469023867,0.005338658407368164
2006H2-R,R,tabicl@t1,20260912,2013H1,24341,85,0.005161215527609385,0.003492050449858264
2006H2-R,R,tabicl@t1,20260912,2013H2,23974,142,0.006047843638867945,0.0059230833402853095
2006H2-R,R,tabicl@t1,20260912,2014H1,24341,137,0.005658533305098675,0.005628363666242143
2006H2-R,R,tabicl@t1,20260912,2014H2,24213,99,0.005113155081410211,0.004088712675009293
2006H2-R,R,tabicl@t1,20260912,2015H1,24159,83,0.004279385290338809,0.0034355726644314747
2006H2-R,R,tabicl@t1,20260912,2015H2,24159,130,0.004912242596049357,0.0053810174262179725
2006H2-R,R,tabicl@t1,20260912,2016H1,24632,115,0.0046885938270447795,0.0046687236115621955
2006H2-R,R,tabicl@t1,20260912,2016H2,24760,121,0.004152850969441672,0.004886914378029079
2006H2-R,R,tabicl@t1,20260912,2017H1,24541,162,0.005198079465464667,0.00660119799519172
2006H2-R,R,tabicl@t1,20260912,2017H2,24680,143,0.005193298033718348,0.005794165316045381
2006H2-R,R,tabicl@t1,20260912,2018H1,24416,148,0.00542200968069627,0.006061598951507209
2006H2-R,R,tabicl@t1,20260912,2018H2,24543,146,0.0057939602016350055,0.005948743022450393
2006H2-R,R,tabicl@t1,20260912,2019H1,24752,110,0.0054851005989245165,0.0044440853264382674
2006H2-R,R,tabicl@t1,20260912,2019H2,24861,136,0.0044554548985621615,0.005470415510236917
2006H2-R,R,tabicl@t1,20260912,2020H1,24880,111,0.0036127274574002974,0.004461414790996785
2006H2-R,R,tabicl@t1,20260912,2020H2,24919,71,0.003019860023861979,0.0028492315100927005
2006H2-R,R,tabicl@t1,20260912,2021H1,24909,90,0.003523543196115809,0.003613151872817054
2006H2-R,R,tabicl@t1,20260912,2021H2,24929,136,0.004314859104777066,0.005455493601829195
2006H2-R,R,tabicl@t1,20260912,2022H1,24889,291,0.005610251374363782,0.011691912089678172
2006H2-R,R,tabicl@t1,20260912,2022H2,24859,373,0.006154560691657859,0.015004626091154109
2006H2-R,R,tabicl@t1,20260912,2023H1,24882,381,0.006360822398396843,0.015312273932963588
2006H2-R,R,tabicl@t1,20260912,2023H2,24866,363,0.006138530082903385,0.014598246601785572
2006H2-R,R,tabicl@t1,20260913,2007H1,23169,808,0.008771933362729968,0.03487418533385127
2006H2-R,R,tabicl@t1,20260913,2007H2,24367,1560,0.009480493910916907,0.06402101202445931
2006H2-R,R,tabicl@t1,20260913,2008H1,24660,1109,0.006328704957427298,0.04497161394971614
2006H2-R,R,tabicl@t1,20260913,2008H2,24746,863,0.005491207998303957,0.03487432312292896
2006H2-R,R,tabicl@t1,20260913,2009H1,24844,119,0.002705533762808256,0.0047898889067782965
2006H2-R,R,tabicl@t1,20260913,2009H2,24709,196,0.0037163657476151084,0.00793233234853697
2006H2-R,R,tabicl@t1,20260913,2010H1,24843,191,0.003958719610297175,0.0076882824135571385
2006H2-R,R,tabicl@t1,20260913,2010H2,24683,152,0.0032138362309886447,0.006158084511607179
2006H2-R,R,tabicl@t1,20260913,2011H1,24614,195,0.00417605316262923,0.007922320630535468
2006H2-R,R,tabicl@t1,20260913,2011H2,24646,119,0.0032986056080379265,0.004828369715166762
2006H2-R,R,tabicl@t1,20260913,2012H1,24306,148,0.004588959591363157,0.0060890315148523
2006H2-R,R,tabicl@t1,20260913,2012H2,24538,131,0.004435102231254026,0.005338658407368164
2006H2-R,R,tabicl@t1,20260913,2013H1,24341,85,0.005042273608731151,0.003492050449858264
2006H2-R,R,tabicl@t1,20260913,2013H2,23974,142,0.005966735665447461,0.0059230833402853095
2006H2-R,R,tabicl@t1,20260913,2014H1,24341,137,0.005667798727943507,0.005628363666242143
2006H2-R,R,tabicl@t1,20260913,2014H2,24213,99,0.005206344412048762,0.004088712675009293
2006H2-R,R,tabicl@t1,20260913,2015H1,24159,83,0.004437270187170767,0.0034355726644314747
2006H2-R,R,tabicl@t1,20260913,2015H2,24159,130,0.00498554662131214,0.0053810174262179725
2006H2-R,R,tabicl@t1,20260913,2016H1,24632,115,0.004778555020924741,0.0046687236115621955
2006H2-R,R,tabicl@t1,20260913,2016H2,24760,121,0.004209337150182572,0.004886914378029079
2006H2-R,R,tabicl@t1,20260913,2017H1,24541,162,0.0052782984484618595,0.00660119799519172
2006H2-R,R,tabicl@t1,20260913,2017H2,24680,143,0.005212281639538857,0.005794165316045381
2006H2-R,R,tabicl@t1,20260913,2018H1,24416,148,0.005434522048072633,0.006061598951507209
2006H2-R,R,tabicl@t1,20260913,2018H2,24543,146,0.005754221716356592,0.005948743022450393
2006H2-R,R,tabicl@t1,20260913,2019H1,24752,110,0.005509549919847882,0.0044440853264382674
2006H2-R,R,tabicl@t1,20260913,2019H2,24861,136,0.004545891684034908,0.005470415510236917
2006H2-R,R,tabicl@t1,20260913,2020H1,24880,111,0.003761791302122179,0.004461414790996785
2006H2-R,R,tabicl@t1,20260913,2020H2,24919,71,0.003156890653606235,0.0028492315100927005
2006H2-R,R,tabicl@t1,20260913,2021H1,24909,90,0.0036522650346311443,0.003613151872817054
2006H2-R,R,tabicl@t1,20260913,2021H2,24929,136,0.004386549604084825,0.005455493601829195
2006H2-R,R,tabicl@t1,20260913,2022H1,24889,291,0.005709328580511288,0.011691912089678172
2006H2-R,R,tabicl@t1,20260913,2022H2,24859,373,0.006274041471131409,0.015004626091154109
2006H2-R,R,tabicl@t1,20260913,2023H1,24882,381,0.006371312191403042,0.015312273932963588
2006H2-R,R,tabicl@t1,20260913,2023H2,24866,363,0.0061113263107409,0.014598246601785572
2006H2-R,R,tabpfn,20260911,2007H1,23169,808,0.006635288131022489,0.03487418533385127
2006H2-R,R,tabpfn,20260911,2007H2,24367,1560,0.007551122018098967,0.06402101202445931
2006H2-R,R,tabpfn,20260911,2008H1,24660,1109,0.004708186657967583,0.04497161394971614
2006H2-R,R,tabpfn,20260911,2008H2,24746,863,0.0036748294055756925,0.03487432312292896
2006H2-R,R,tabpfn,20260911,2009H1,24844,119,0.0016775073160465732,0.0047898889067782965
2006H2-R,R,tabpfn,20260911,2009H2,24709,196,0.0023481551427843883,0.00793233234853697
2006H2-R,R,tabpfn,20260911,2010H1,24843,191,0.0026426986463635106,0.0076882824135571385
2006H2-R,R,tabpfn,20260911,2010H2,24683,152,0.002137788800054049,0.006158084511607179
2006H2-R,R,tabpfn,20260911,2011H1,24614,195,0.003015003620212564,0.007922320630535468
2006H2-R,R,tabpfn,20260911,2011H2,24646,119,0.002325618310789083,0.004828369715166762
2006H2-R,R,tabpfn,20260911,2012H1,24306,148,0.003930364586067273,0.0060890315148523
2006H2-R,R,tabpfn,20260911,2012H2,24538,131,0.00393728374473094,0.005338658407368164
2006H2-R,R,tabpfn,20260911,2013H1,24341,85,0.004440269001814149,0.003492050449858264
2006H2-R,R,tabpfn,20260911,2013H2,23974,142,0.005001434981748387,0.0059230833402853095
2006H2-R,R,tabpfn,20260911,2014H1,24341,137,0.004376026345207219,0.005628363666242143
2006H2-R,R,tabpfn,20260911,2014H2,24213,99,0.0037709864502368153,0.004088712675009293
2006H2-R,R,tabpfn,20260911,2015H1,24159,83,0.003107095060153829,0.0034355726644314747
2006H2-R,R,tabpfn,20260911,2015H2,24159,130,0.0035337871696660005,0.0053810174262179725
2006H2-R,R,tabpfn,20260911,2016H1,24632,115,0.0034176454610143417,0.0046687236115621955
2006H2-R,R,tabpfn,20260911,2016H2,24760,121,0.0029670706043642497,0.004886914378029079
2006H2-R,R,tabpfn,20260911,2017H1,24541,162,0.003822602489150322,0.00660119799519172
2006H2-R,R,tabpfn,20260911,2017H2,24680,143,0.0037052898166382363,0.005794165316045381
2006H2-R,R,tabpfn,20260911,2018H1,24416,148,0.0037788864456814917,0.006061598951507209
2006H2-R,R,tabpfn,20260911,2018H2,24543,146,0.00401485437698748,0.005948743022450393
2006H2-R,R,tabpfn,20260911,2019H1,24752,110,0.00372374409868406,0.0044440853264382674
2006H2-R,R,tabpfn,20260911,2019H2,24861,136,0.003088629406753157,0.005470415510236917
2006H2-R,R,tabpfn,20260911,2020H1,24880,111,0.0025121631502861125,0.004461414790996785
2006H2-R,R,tabpfn,20260911,2020H2,24919,71,0.0020878467913014215,0.0028492315100927005
2006H2-R,R,tabpfn,20260911,2021H1,24909,90,0.002420618301692512,0.003613151872817054
2006H2-R,R,tabpfn,20260911,2021H2,24929,136,0.0030865797480464784,0.005455493601829195
2006H2-R,R,tabpfn,20260911,2022H1,24889,291,0.003905786291346256,0.011691912089678172
2006H2-R,R,tabpfn,20260911,2022H2,24859,373,0.004060143723812327,0.015004626091154109
2006H2-R,R,tabpfn,20260911,2023H1,24882,381,0.004024785192652102,0.015312273932963588
2006H2-R,R,tabpfn,20260911,2023H2,24866,363,0.003851695521109179,0.014598246601785572
2006H2-R,R,tabpfn,20260912,2007H1,23169,808,0.006255751264115904,0.03487418533385127
2006H2-R,R,tabpfn,20260912,2007H2,24367,1560,0.006921277843232668,0.06402101202445931
2006H2-R,R,tabpfn,20260912,2008H1,24660,1109,0.0041503769929640884,0.04497161394971614
2006H2-R,R,tabpfn,20260912,2008H2,24746,863,0.003414552650846152,0.03487432312292896
2006H2-R,R,tabpfn,20260912,2009H1,24844,119,0.0014134725694156048,0.0047898889067782965
2006H2-R,R,tabpfn,20260912,2009H2,24709,196,0.0020579055615825583,0.00793233234853697
2006H2-R,R,tabpfn,20260912,2010H1,24843,191,0.002278646142804181,0.0076882824135571385
2006H2-R,R,tabpfn,20260912,2010H2,24683,152,0.0017503437383882263,0.006158084511607179
2006H2-R,R,tabpfn,20260912,2011H1,24614,195,0.0024606460196702653,0.007922320630535468
2006H2-R,R,tabpfn,20260912,2011H2,24646,119,0.001866528049662948,0.004828369715166762
2006H2-R,R,tabpfn,20260912,2012H1,24306,148,0.0029054892831576586,0.0060890315148523
2006H2-R,R,tabpfn,20260912,2012H2,24538,131,0.002834294900146223,0.005338658407368164
2006H2-R,R,tabpfn,20260912,2013H1,24341,85,0.0031921812463246648,0.003492050449858264
2006H2-R,R,tabpfn,20260912,2013H2,23974,142,0.0038229290516539195,0.0059230833402853095
2006H2-R,R,tabpfn,20260912,2014H1,24341,137,0.0035913681101053686,0.005628363666242143
2006H2-R,R,tabpfn,20260912,2014H2,24213,99,0.0032338627942949502,0.004088712675009293
2006H2-R,R,tabpfn,20260912,2015H1,24159,83,0.0026757795785736426,0.0034355726644314747
2006H2-R,R,tabpfn,20260912,2015H2,24159,130,0.003143849186358102,0.0053810174262179725
2006H2-R,R,tabpfn,20260912,2016H1,24632,115,0.003006437613616968,0.0046687236115621955
2006H2-R,R,tabpfn,20260912,2016H2,24760,121,0.002636195534954226,0.004886914378029079
2006H2-R,R,tabpfn,20260912,2017H1,24541,162,0.003382420811867785,0.00660119799519172
2006H2-R,R,tabpfn,20260912,2017H2,24680,143,0.0034010300952763348,0.005794165316045381
2006H2-R,R,tabpfn,20260912,2018H1,24416,148,0.003555103368090275,0.006061598951507209
2006H2-R,R,tabpfn,20260912,2018H2,24543,146,0.0038338654145336423,0.005948743022450393
2006H2-R,R,tabpfn,20260912,2019H1,24752,110,0.003548291728007977,0.0044440853264382674
2006H2-R,R,tabpfn,20260912,2019H2,24861,136,0.002828543671334275,0.005470415510236917
2006H2-R,R,tabpfn,20260912,2020H1,24880,111,0.0022481622390781997,0.004461414790996785
2006H2-R,R,tabpfn,20260912,2020H2,24919,71,0.0018352557009286893,0.0028492315100927005
2006H2-R,R,tabpfn,20260912,2021H1,24909,90,0.0021636395624939297,0.003613151872817054
2006H2-R,R,tabpfn,20260912,2021H2,24929,136,0.0027842638132011105,0.005455493601829195
2006H2-R,R,tabpfn,20260912,2022H1,24889,291,0.0036329497751165845,0.011691912089678172
2006H2-R,R,tabpfn,20260912,2022H2,24859,373,0.003987628698302513,0.015004626091154109
2006H2-R,R,tabpfn,20260912,2023H1,24882,381,0.004110846752591335,0.015312273932963588
2006H2-R,R,tabpfn,20260912,2023H2,24866,363,0.003932470928280153,0.014598246601785572
2006H2-R,R,tabpfn,20260913,2007H1,23169,808,0.006139482169470533,0.03487418533385127
2006H2-R,R,tabpfn,20260913,2007H2,24367,1560,0.006842931800923452,0.06402101202445931
2006H2-R,R,tabpfn,20260913,2008H1,24660,1109,0.0043806066416755465,0.04497161394971614
2006H2-R,R,tabpfn,20260913,2008H2,24746,863,0.003670681093359806,0.03487432312292896
2006H2-R,R,tabpfn,20260913,2009H1,24844,119,0.0015728825239912706,0.0047898889067782965
2006H2-R,R,tabpfn,20260913,2009H2,24709,196,0.0022051757526684547,0.00793233234853697
2006H2-R,R,tabpfn,20260913,2010H1,24843,191,0.002393677807609592,0.0076882824135571385
2006H2-R,R,tabpfn,20260913,2010H2,24683,152,0.0018564277627199058,0.006158084511607179
2006H2-R,R,tabpfn,20260913,2011H1,24614,195,0.0025304620321047965,0.007922320630535468
2006H2-R,R,tabpfn,20260913,2011H2,24646,119,0.0019425793152549149,0.004828369715166762
2006H2-R,R,tabpfn,20260913,2012H1,24306,148,0.002800635224973899,0.0060890315148523
2006H2-R,R,tabpfn,20260913,2012H2,24538,131,0.0027652289903695444,0.005338658407368164
2006H2-R,R,tabpfn,20260913,2013H1,24341,85,0.0032237906002321646,0.003492050449858264
2006H2-R,R,tabpfn,20260913,2013H2,23974,142,0.003911747815747461,0.0059230833402853095
2006H2-R,R,tabpfn,20260913,2014H1,24341,137,0.003716995668869256,0.005628363666242143
2006H2-R,R,tabpfn,20260913,2014H2,24213,99,0.0034093378544317278,0.004088712675009293
2006H2-R,R,tabpfn,20260913,2015H1,24159,83,0.0028709048889395167,0.0034355726644314747
2006H2-R,R,tabpfn,20260913,2015H2,24159,130,0.0032991856559383276,0.0053810174262179725
2006H2-R,R,tabpfn,20260913,2016H1,24632,115,0.0031679878476292907,0.0046687236115621955
2006H2-R,R,tabpfn,20260913,2016H2,24760,121,0.002782757647354877,0.004886914378029079
2006H2-R,R,tabpfn,20260913,2017H1,24541,162,0.0035949783310976597,0.00660119799519172
2006H2-R,R,tabpfn,20260913,2017H2,24680,143,0.003556514736849173,0.005794165316045381
2006H2-R,R,tabpfn,20260913,2018H1,24416,148,0.0037231939176453643,0.006061598951507209
2006H2-R,R,tabpfn,20260913,2018H2,24543,146,0.003950576555066832,0.005948743022450393
2006H2-R,R,tabpfn,20260913,2019H1,24752,110,0.003716622014798602,0.0044440853264382674
2006H2-R,R,tabpfn,20260913,2019H2,24861,136,0.0030018850363956943,0.005470415510236917
2006H2-R,R,tabpfn,20260913,2020H1,24880,111,0.0024363852945001215,0.004461414790996785
2006H2-R,R,tabpfn,20260913,2020H2,24919,71,0.001988911340414689,0.0028492315100927005
2006H2-R,R,tabpfn,20260913,2021H1,24909,90,0.0023136958044054083,0.003613151872817054
2006H2-R,R,tabpfn,20260913,2021H2,24929,136,0.002909175938632538,0.005455493601829195
2006H2-R,R,tabpfn,20260913,2022H1,24889,291,0.0038102538866614153,0.011691912089678172
2006H2-R,R,tabpfn,20260913,2022H2,24859,373,0.0041369391070723745,0.015004626091154109
2006H2-R,R,tabpfn,20260913,2023H1,24882,381,0.004197237208370287,0.015312273932963588
2006H2-R,R,tabpfn,20260913,2023H2,24866,363,0.004018370292294045,0.014598246601785572
2006H2-R,R,tabpfn@t1,20260911,2007H1,23169,808,0.009892811809520707,0.03487418533385127
2006H2-R,R,tabpfn@t1,20260911,2007H2,24367,1560,0.011145329099587506,0.06402101202445931
2006H2-R,R,tabpfn@t1,20260911,2008H1,24660,1109,0.007256340464759006,0.04497161394971614
2006H2-R,R,tabpfn@t1,20260911,2008H2,24746,863,0.0058474952862864705,0.03487432312292896
2006H2-R,R,tabpfn@t1,20260911,2009H1,24844,119,0.002890961000841411,0.0047898889067782965
2006H2-R,R,tabpfn@t1,20260911,2009H2,24709,196,0.0038888657675977723,0.00793233234853697
2006H2-R,R,tabpfn@t1,20260911,2010H1,24843,191,0.004293735263198998,0.0076882824135571385
2006H2-R,R,tabpfn@t1,20260911,2010H2,24683,152,0.00353183756757267,0.006158084511607179
2006H2-R,R,tabpfn@t1,20260911,2011H1,24614,195,0.004805913320615475,0.007922320630535468
2006H2-R,R,tabpfn@t1,20260911,2011H2,24646,119,0.0037836214153306163,0.004828369715166762
2006H2-R,R,tabpfn@t1,20260911,2012H1,24306,148,0.0060031688140041025,0.0060890315148523
2006H2-R,R,tabpfn@t1,20260911,2012H2,24538,131,0.005984009822558969,0.005338658407368164
2006H2-R,R,tabpfn@t1,20260911,2013H1,24341,85,0.006672068671559035,0.003492050449858264
2006H2-R,R,tabpfn@t1,20260911,2013H2,23974,142,0.007517851442449603,0.0059230833402853095
2006H2-R,R,tabpfn@t1,20260911,2014H1,24341,137,0.006730234431931193,0.005628363666242143
2006H2-R,R,tabpfn@t1,20260911,2014H2,24213,99,0.005926111800279784,0.004088712675009293
2006H2-R,R,tabpfn@t1,20260911,2015H1,24159,83,0.005011545479762845,0.0034355726644314747
2006H2-R,R,tabpfn@t1,20260911,2015H2,24159,130,0.0056473468048488734,0.0053810174262179725
2006H2-R,R,tabpfn@t1,20260911,2016H1,24632,115,0.005490747598500621,0.0046687236115621955
2006H2-R,R,tabpfn@t1,20260911,2016H2,24760,121,0.004863584950118089,0.004886914378029079
2006H2-R,R,tabpfn@t1,20260911,2017H1,24541,162,0.006121538839834859,0.00660119799519172
2006H2-R,R,tabpfn@t1,20260911,2017H2,24680,143,0.005980238230839606,0.005794165316045381
2006H2-R,R,tabpfn@t1,20260911,2018H1,24416,148,0.006096192207758661,0.006061598951507209
2006H2-R,R,tabpfn@t1,20260911,2018H2,24543,146,0.0064495553591449074,0.005948743022450393
2006H2-R,R,tabpfn@t1,20260911,2019H1,24752,110,0.006031748884025443,0.0044440853264382674
2006H2-R,R,tabpfn@t1,20260911,2019H2,24861,136,0.005089109952110589,0.005470415510236917
2006H2-R,R,tabpfn@t1,20260911,2020H1,24880,111,0.004197349446341463,0.004461414790996785
2006H2-R,R,tabpfn@t1,20260911,2020H2,24919,71,0.003548643368645348,0.0028492315100927005
2006H2-R,R,tabpfn@t1,20260911,2021H1,24909,90,0.004071678480187481,0.003613151872817054
2006H2-R,R,tabpfn@t1,20260911,2021H2,24929,136,0.005086749636015591,0.005455493601829195
2006H2-R,R,tabpfn@t1,20260911,2022H1,24889,291,0.006314896126974507,0.011691912089678172
2006H2-R,R,tabpfn@t1,20260911,2022H2,24859,373,0.00654533619454311,0.015004626091154109
2006H2-R,R,tabpfn@t1,20260911,2023H1,24882,381,0.00647078932226506,0.015312273932963588
2006H2-R,R,tabpfn@t1,20260911,2023H2,24866,363,0.006203280954242081,0.014598246601785572
2006H2-R,R,tabpfn@t1,20260912,2007H1,23169,808,0.009442485536883085,0.03487418533385127
2006H2-R,R,tabpfn@t1,20260912,2007H2,24367,1560,0.010347705482467539,0.06402101202445931
2006H2-R,R,tabpfn@t1,20260912,2008H1,24660,1109,0.0064773978198198615,0.04497161394971614
2006H2-R,R,tabpfn@t1,20260912,2008H2,24746,863,0.005471314873197588,0.03487432312292896
2006H2-R,R,tabpfn@t1,20260912,2009H1,24844,119,0.002462933388081959,0.0047898889067782965
2006H2-R,R,tabpfn@t1,20260912,2009H2,24709,196,0.0034468858998469264,0.00793233234853697
2006H2-R,R,tabpfn@t1,20260912,2010H1,24843,191,0.003753031465847033,0.0076882824135571385
2006H2-R,R,tabpfn@t1,20260912,2010H2,24683,152,0.002932147188677601,0.006158084511607179
2006H2-R,R,tabpfn@t1,20260912,2011H1,24614,195,0.0040027746556215,0.007922320630535468
2006H2-R,R,tabpfn@t1,20260912,2011H2,24646,119,0.003100647625624505,0.004828369715166762
2006H2-R,R,tabpfn@t1,20260912,2012H1,24306,148,0.004602349564089627,0.0060890315148523
2006H2-R,R,tabpfn@t1,20260912,2012H2,24538,131,0.004509621347868048,0.005338658407368164
2006H2-R,R,tabpfn@t1,20260912,2013H1,24341,85,0.005035433957653859,0.003492050449858264
2006H2-R,R,tabpfn@t1,20260912,2013H2,23974,142,0.0060097964773664185,0.0059230833402853095
2006H2-R,R,tabpfn@t1,20260912,2014H1,24341,137,0.005720666695757283,0.005628363666242143
2006H2-R,R,tabpfn@t1,20260912,2014H2,24213,99,0.0052065216780334544,0.004088712675009293
2006H2-R,R,tabpfn@t1,20260912,2015H1,24159,83,0.0043839196065464875,0.0034355726644314747
2006H2-R,R,tabpfn@t1,20260912,2015H2,24159,130,0.00509492961107371,0.0053810174262179725
2006H2-R,R,tabpfn@t1,20260912,2016H1,24632,115,0.004894677408758904,0.0046687236115621955
2006H2-R,R,tabpfn@t1,20260912,2016H2,24760,121,0.004346051301449038,0.004886914378029079
2006H2-R,R,tabpfn@t1,20260912,2017H1,24541,162,0.005477644383200253,0.00660119799519172
2006H2-R,R,tabpfn@t1,20260912,2017H2,24680,143,0.005510737898556318,0.005794165316045381
2006H2-R,R,tabpfn@t1,20260912,2018H1,24416,148,0.005747361750857567,0.006061598951507209
2006H2-R,R,tabpfn@t1,20260912,2018H2,24543,146,0.006160659629655242,0.005948743022450393
2006H2-R,R,tabpfn@t1,20260912,2019H1,24752,110,0.0057503417089853695,0.0044440853264382674
2006H2-R,R,tabpfn@t1,20260912,2019H2,24861,136,0.004674000679529751,0.005470415510236917
2006H2-R,R,tabpfn@t1,20260912,2020H1,24880,111,0.0037697577828597543,0.004461414790996785
2006H2-R,R,tabpfn@t1,20260912,2020H2,24919,71,0.003126370661060488,0.0028492315100927005
2006H2-R,R,tabpfn@t1,20260912,2021H1,24909,90,0.0036543425932428777,0.003613151872817054
2006H2-R,R,tabpfn@t1,20260912,2021H2,24929,136,0.00460653930656122,0.005455493601829195
2006H2-R,R,tabpfn@t1,20260912,2022H1,24889,291,0.005899542384261875,0.011691912089678172
2006H2-R,R,tabpfn@t1,20260912,2022H2,24859,373,0.006429550105365408,0.015004626091154109
2006H2-R,R,tabpfn@t1,20260912,2023H1,24882,381,0.006579705250326079,0.015312273932963588
2006H2-R,R,tabpfn@t1,20260912,2023H2,24866,363,0.006302438131371358,0.014598246601785572
2006H2-R,R,tabpfn@t1,20260913,2007H1,23169,808,0.00933443226544857,0.03487418533385127
2006H2-R,R,tabpfn@t1,20260913,2007H2,24367,1560,0.010303233707307305,0.06402101202445931
2006H2-R,R,tabpfn@t1,20260913,2008H1,24660,1109,0.006851516935214936,0.04497161394971614
2006H2-R,R,tabpfn@t1,20260913,2008H2,24746,863,0.005876800243425282,0.03487432312292896
2006H2-R,R,tabpfn@t1,20260913,2009H1,24844,119,0.0027300678207040803,0.0047898889067782965
2006H2-R,R,tabpfn@t1,20260913,2009H2,24709,196,0.0037011289445490763,0.00793233234853697
2006H2-R,R,tabpfn@t1,20260913,2010H1,24843,191,0.003964335428899901,0.0076882824135571385
2006H2-R,R,tabpfn@t1,20260913,2010H2,24683,152,0.0031320623225531015,0.006158084511607179
2006H2-R,R,tabpfn@t1,20260913,2011H1,24614,195,0.004165112902164926,0.007922320630535468
2006H2-R,R,tabpfn@t1,20260913,2011H2,24646,119,0.0032587590215732904,0.004828369715166762
2006H2-R,R,tabpfn@t1,20260913,2012H1,24306,148,0.004514282908023774,0.0060890315148523
2006H2-R,R,tabpfn@t1,20260913,2012H2,24538,131,0.00447117369582191,0.005338658407368164
2006H2-R,R,tabpfn@t1,20260913,2013H1,24341,85,0.005139728705193944,0.003492050449858264
2006H2-R,R,tabpfn@t1,20260913,2013H2,23974,142,0.006193000641368541,0.0059230833402853095
2006H2-R,R,tabpfn@t1,20260913,2014H1,24341,137,0.005953019471576385,0.005628363666242143
2006H2-R,R,tabpfn@t1,20260913,2014H2,24213,99,0.005505248072145717,0.004088712675009293
2006H2-R,R,tabpfn@t1,20260913,2015H1,24159,83,0.00471000765300904,0.0034355726644314747
2006H2-R,R,tabpfn@t1,20260913,2015H2,24159,130,0.005362765551407278,0.0053810174262179725
2006H2-R,R,tabpfn@t1,20260913,2016H1,24632,115,0.005169514913949543,0.0046687236115621955
2006H2-R,R,tabpfn@t1,20260913,2016H2,24760,121,0.0046012249066984985,0.004886914378029079
2006H2-R,R,tabpfn@t1,20260913,2017H1,24541,162,0.00582274143842265,0.00660119799519172
2006H2-R,R,tabpfn@t1,20260913,2017H2,24680,143,0.005770764801790185,0.005794165316045381
2006H2-R,R,tabpfn@t1,20260913,2018H1,24416,148,0.006022545053027693,0.006061598951507209
2006H2-R,R,tabpfn@t1,20260913,2018H2,24543,146,0.006363926697782231,0.005948743022450393
2006H2-R,R,tabpfn@t1,20260913,2019H1,24752,110,0.006024337417489182,0.0044440853264382674
2006H2-R,R,tabpfn@t1,20260913,2019H2,24861,136,0.004957565559897703,0.005470415510236917
2006H2-R,R,tabpfn@t1,20260913,2020H1,24880,111,0.0040799864025663005,0.004461414790996785
2006H2-R,R,tabpfn@t1,20260913,2020H2,24919,71,0.003386352504862842,0.0028492315100927005
2006H2-R,R,tabpfn@t1,20260913,2021H1,24909,90,0.003911045019985643,0.003613151872817054
2006H2-R,R,tabpfn@t1,20260913,2021H2,24929,136,0.004824334573502581,0.005455493601829195
2006H2-R,R,tabpfn@t1,20260913,2022H1,24889,291,0.006188367805368237,0.011691912089678172
2006H2-R,R,tabpfn@t1,20260913,2022H2,24859,373,0.0066503584146089655,0.015004626091154109
2006H2-R,R,tabpfn@t1,20260913,2023H1,24882,381,0.006712704115914981,0.015312273932963588
2006H2-R,R,tabpfn@t1,20260913,2023H2,24866,363,0.006436904375082313,0.014598246601785572
2008H2-R,R,gbm,,2009H1,24844,119,0.005129520773090631,0.0047898889067782965
2008H2-R,R,gbm,,2009H2,24709,196,0.006451183232878233,0.00793233234853697
2008H2-R,R,gbm,,2010H1,24843,191,0.006949488363563241,0.0076882824135571385
2008H2-R,R,gbm,,2010H2,24683,152,0.005919505104873842,0.006158084511607179
2008H2-R,R,gbm,,2011H1,24614,195,0.007424611327136045,0.007922320630535468
2008H2-R,R,gbm,,2011H2,24646,119,0.006171701668461986,0.004828369715166762
2008H2-R,R,gbm,,2012H1,24306,148,0.008674728886226897,0.0060890315148523
2008H2-R,R,gbm,,2012H2,24538,131,0.008547025054945201,0.005338658407368164
2008H2-R,R,gbm,,2013H1,24341,85,0.009367090788676936,0.003492050449858264
2008H2-R,R,gbm,,2013H2,23974,142,0.010663048931982888,0.0059230833402853095
2008H2-R,R,gbm,,2014H1,24341,137,0.010142092265319551,0.005628363666242143
2008H2-R,R,gbm,,2014H2,24213,99,0.009416927489530606,0.004088712675009293
2008H2-R,R,gbm,,2015H1,24159,83,0.008399166372173193,0.0034355726644314747
2008H2-R,R,gbm,,2015H2,24159,130,0.009195306579641202,0.0053810174262179725
2008H2-R,R,gbm,,2016H1,24632,115,0.009068732871900933,0.0046687236115621955
2008H2-R,R,gbm,,2016H2,24760,121,0.008427805497282283,0.004886914378029079
2008H2-R,R,gbm,,2017H1,24541,162,0.009696432876013586,0.00660119799519172
2008H2-R,R,gbm,,2017H2,24680,143,0.009786065208808458,0.005794165316045381
2008H2-R,R,gbm,,2018H1,24416,148,0.009862460397169245,0.006061598951507209
2008H2-R,R,gbm,,2018H2,24543,146,0.010143343771983563,0.005948743022450393
2008H2-R,R,gbm,,2019H1,24752,110,0.009633070875563919,0.0044440853264382674
2008H2-R,R,gbm,,2019H2,24861,136,0.008684915670988388,0.005470415510236917
2008H2-R,R,gbm,,2020H1,24880,111,0.007473306989723299,0.004461414790996785
2008H2-R,R,gbm,,2020H2,24919,71,0.00669912406022797,0.0028492315100927005
2008H2-R,R,gbm,,2021H1,24909,90,0.007400808562555296,0.003613151872817054
2008H2-R,R,gbm,,2021H2,24929,136,0.008671553843989103,0.005455493601829195
2008H2-R,R,gbm,,2022H1,24889,291,0.009858340475166797,0.011691912089678172
2008H2-R,R,gbm,,2022H2,24859,373,0.010002764932065582,0.015004626091154109
2008H2-R,R,gbm,,2023H1,24882,381,0.009975951503959971,0.015312273932963588
2008H2-R,R,gbm,,2023H2,24866,363,0.009370890055583475,0.014598246601785572
2008H2-R,R,gbm-50k,20260911,2009H1,24844,119,0.005432473286842244,0.0047898889067782965
2008H2-R,R,gbm-50k,20260911,2009H2,24709,196,0.00662516303502257,0.00793233234853697
2008H2-R,R,gbm-50k,20260911,2010H1,24843,191,0.00709855802409892,0.0076882824135571385
2008H2-R,R,gbm-50k,20260911,2010H2,24683,152,0.006203086541144579,0.006158084511607179
2008H2-R,R,gbm-50k,20260911,2011H1,24614,195,0.007572696261685894,0.007922320630535468
2008H2-R,R,gbm-50k,20260911,2011H2,24646,119,0.0064613105009568685,0.004828369715166762
2008H2-R,R,gbm-50k,20260911,2012H1,24306,148,0.0087830523785182,0.0060890315148523
2008H2-R,R,gbm-50k,20260911,2012H2,24538,131,0.008688978791657254,0.005338658407368164
2008H2-R,R,gbm-50k,20260911,2013H1,24341,85,0.009526685590715343,0.003492050449858264
2008H2-R,R,gbm-50k,20260911,2013H2,23974,142,0.010892425617572806,0.0059230833402853095
2008H2-R,R,gbm-50k,20260911,2014H1,24341,137,0.010607326390460857,0.005628363666242143
2008H2-R,R,gbm-50k,20260911,2014H2,24213,99,0.009959682184837244,0.004088712675009293
2008H2-R,R,gbm-50k,20260911,2015H1,24159,83,0.008980265177232355,0.0034355726644314747
2008H2-R,R,gbm-50k,20260911,2015H2,24159,130,0.009835250874850147,0.0053810174262179725
2008H2-R,R,gbm-50k,20260911,2016H1,24632,115,0.009759199816423739,0.0046687236115621955
2008H2-R,R,gbm-50k,20260911,2016H2,24760,121,0.00908662133005735,0.004886914378029079
2008H2-R,R,gbm-50k,20260911,2017H1,24541,162,0.010384937955543582,0.00660119799519172
2008H2-R,R,gbm-50k,20260911,2017H2,24680,143,0.010425742238556794,0.005794165316045381
2008H2-R,R,gbm-50k,20260911,2018H1,24416,148,0.010622532863785344,0.006061598951507209
2008H2-R,R,gbm-50k,20260911,2018H2,24543,146,0.010941805639237233,0.005948743022450393
2008H2-R,R,gbm-50k,20260911,2019H1,24752,110,0.010483821605903708,0.0044440853264382674
2008H2-R,R,gbm-50k,20260911,2019H2,24861,136,0.009424413027492768,0.005470415510236917
2008H2-R,R,gbm-50k,20260911,2020H1,24880,111,0.008076119236596927,0.004461414790996785
2008H2-R,R,gbm-50k,20260911,2020H2,24919,71,0.0072819813646164975,0.0028492315100927005
2008H2-R,R,gbm-50k,20260911,2021H1,24909,90,0.007872412391475585,0.003613151872817054
2008H2-R,R,gbm-50k,20260911,2021H2,24929,136,0.00896360205968809,0.005455493601829195
2008H2-R,R,gbm-50k,20260911,2022H1,24889,291,0.010242647053562825,0.011691912089678172
2008H2-R,R,gbm-50k,20260911,2022H2,24859,373,0.01066196579226359,0.015004626091154109
2008H2-R,R,gbm-50k,20260911,2023H1,24882,381,0.010981336784165777,0.015312273932963588
2008H2-R,R,gbm-50k,20260911,2023H2,24866,363,0.01038698113804526,0.014598246601785572
2008H2-R,R,gbm-50k,20260912,2009H1,24844,119,0.005987057155662093,0.0047898889067782965
2008H2-R,R,gbm-50k,20260912,2009H2,24709,196,0.007301221010648506,0.00793233234853697
2008H2-R,R,gbm-50k,20260912,2010H1,24843,191,0.00789282001338751,0.0076882824135571385
2008H2-R,R,gbm-50k,20260912,2010H2,24683,152,0.006942120483979567,0.006158084511607179
2008H2-R,R,gbm-50k,20260912,2011H1,24614,195,0.008477446432420885,0.007922320630535468
2008H2-R,R,gbm-50k,20260912,2011H2,24646,119,0.007241070389907889,0.004828369715166762
2008H2-R,R,gbm-50k,20260912,2012H1,24306,148,0.009950042234210888,0.0060890315148523
2008H2-R,R,gbm-50k,20260912,2012H2,24538,131,0.009729991029005035,0.005338658407368164
2008H2-R,R,gbm-50k,20260912,2013H1,24341,85,0.010473154261703,0.003492050449858264
2008H2-R,R,gbm-50k,20260912,2013H2,23974,142,0.011700133891289972,0.0059230833402853095
2008H2-R,R,gbm-50k,20260912,2014H1,24341,137,0.01117980080739996,0.005628363666242143
2008H2-R,R,gbm-50k,20260912,2014H2,24213,99,0.010345667066297668,0.004088712675009293
2008H2-R,R,gbm-50k,20260912,2015H1,24159,83,0.009517266787467709,0.0034355726644314747
2008H2-R,R,gbm-50k,20260912,2015H2,24159,130,0.010141929912292243,0.0053810174262179725
2008H2-R,R,gbm-50k,20260912,2016H1,24632,115,0.010054756352626424,0.0046687236115621955
2008H2-R,R,gbm-50k,20260912,2016H2,24760,121,0.009434139989661708,0.004886914378029079
2008H2-R,R,gbm-50k,20260912,2017H1,24541,162,0.01061189374621035,0.00660119799519172
2008H2-R,R,gbm-50k,20260912,2017H2,24680,143,0.010632463196913822,0.005794165316045381
2008H2-R,R,gbm-50k,20260912,2018H1,24416,148,0.010685315353564958,0.006061598951507209
2008H2-R,R,gbm-50k,20260912,2018H2,24543,146,0.010915162577471407,0.005948743022450393
2008H2-R,R,gbm-50k,20260912,2019H1,24752,110,0.010474140934976783,0.0044440853264382674
2008H2-R,R,gbm-50k,20260912,2019H2,24861,136,0.009598062832338742,0.005470415510236917
2008H2-R,R,gbm-50k,20260912,2020H1,24880,111,0.008507610647233918,0.004461414790996785
2008H2-R,R,gbm-50k,20260912,2020H2,24919,71,0.007815095794971865,0.0028492315100927005
2008H2-R,R,gbm-50k,20260912,2021H1,24909,90,0.008367619454535269,0.003613151872817054
2008H2-R,R,gbm-50k,20260912,2021H2,24929,136,0.009398031459019107,0.005455493601829195
2008H2-R,R,gbm-50k,20260912,2022H1,24889,291,0.010377036383159687,0.011691912089678172
2008H2-R,R,gbm-50k,20260912,2022H2,24859,373,0.010525052115332863,0.015004626091154109
2008H2-R,R,gbm-50k,20260912,2023H1,24882,381,0.010593093067297494,0.015312273932963588
2008H2-R,R,gbm-50k,20260912,2023H2,24866,363,0.0100394429088176,0.014598246601785572
2008H2-R,R,gbm-50k,20260913,2009H1,24844,119,0.005647011007194223,0.0047898889067782965
2008H2-R,R,gbm-50k,20260913,2009H2,24709,196,0.00699810505291268,0.00793233234853697
2008H2-R,R,gbm-50k,20260913,2010H1,24843,191,0.00751653200559153,0.0076882824135571385
2008H2-R,R,gbm-50k,20260913,2010H2,24683,152,0.006577935759574555,0.006158084511607179
2008H2-R,R,gbm-50k,20260913,2011H1,24614,195,0.008146526968656182,0.007922320630535468
2008H2-R,R,gbm-50k,20260913,2011H2,24646,119,0.006913882385740664,0.004828369715166762
2008H2-R,R,gbm-50k,20260913,2012H1,24306,148,0.009849307755704055,0.0060890315148523
2008H2-R,R,gbm-50k,20260913,2012H2,24538,131,0.009659732648531117,0.005338658407368164
2008H2-R,R,gbm-50k,20260913,2013H1,24341,85,0.010455818316689411,0.003492050449858264
2008H2-R,R,gbm-50k,20260913,2013H2,23974,142,0.011539968139654399,0.0059230833402853095
2008H2-R,R,gbm-50k,20260913,2014H1,24341,137,0.010823939068850895,0.005628363666242143
2008H2-R,R,gbm-50k,20260913,2014H2,24213,99,0.01001851062212132,0.004088712675009293
2008H2-R,R,gbm-50k,20260913,2015H1,24159,83,0.00904478202206053,0.0034355726644314747
2008H2-R,R,gbm-50k,20260913,2015H2,24159,130,0.009756400907549412,0.0053810174262179725
2008H2-R,R,gbm-50k,20260913,2016H1,24632,115,0.009619976575935827,0.0046687236115621955
2008H2-R,R,gbm-50k,20260913,2016H2,24760,121,0.008922900706568314,0.004886914378029079
2008H2-R,R,gbm-50k,20260913,2017H1,24541,162,0.010057630086502983,0.00660119799519172
2008H2-R,R,gbm-50k,20260913,2017H2,24680,143,0.010005050654729205,0.005794165316045381
2008H2-R,R,gbm-50k,20260913,2018H1,24416,148,0.010085903828642741,0.006061598951507209
2008H2-R,R,gbm-50k,20260913,2018H2,24543,146,0.01039088537908945,0.005948743022450393
2008H2-R,R,gbm-50k,20260913,2019H1,24752,110,0.009969007185247264,0.0044440853264382674
2008H2-R,R,gbm-50k,20260913,2019H2,24861,136,0.009083549352979947,0.005470415510236917
2008H2-R,R,gbm-50k,20260913,2020H1,24880,111,0.008040642331181649,0.004461414790996785
2008H2-R,R,gbm-50k,20260913,2020H2,24919,71,0.0071995199513955055,0.0028492315100927005
2008H2-R,R,gbm-50k,20260913,2021H1,24909,90,0.00788382080577615,0.003613151872817054
2008H2-R,R,gbm-50k,20260913,2021H2,24929,136,0.008984167270029783,0.005455493601829195
2008H2-R,R,gbm-50k,20260913,2022H1,24889,291,0.010070350902431706,0.011691912089678172
2008H2-R,R,gbm-50k,20260913,2022H2,24859,373,0.010211580626529182,0.015004626091154109
2008H2-R,R,gbm-50k,20260913,2023H1,24882,381,0.010432139264584032,0.015312273932963588
2008H2-R,R,gbm-50k,20260913,2023H2,24866,363,0.009927467834314821,0.014598246601785572
2008H2-R,R,scorecard,,2009H1,24844,119,0.004555873450089339,0.0047898889067782965
2008H2-R,R,scorecard,,2009H2,24709,196,0.00579545128353479,0.00793233234853697
2008H2-R,R,scorecard,,2010H1,24843,191,0.006205543368509518,0.0076882824135571385
2008H2-R,R,scorecard,,2010H2,24683,152,0.005112113903451052,0.006158084511607179
2008H2-R,R,scorecard,,2011H1,24614,195,0.0063790452301419704,0.007922320630535468
2008H2-R,R,scorecard,,2011H2,24646,119,0.005283846742965842,0.004828369715166762
2008H2-R,R,scorecard,,2012H1,24306,148,0.007018071498507023,0.0060890315148523
2008H2-R,R,scorecard,,2012H2,24538,131,0.0070043357802912634,0.005338658407368164
2008H2-R,R,scorecard,,2013H1,24341,85,0.007964883617112941,0.003492050449858264
2008H2-R,R,scorecard,,2013H2,23974,142,0.009649103318674117,0.0059230833402853095
2008H2-R,R,scorecard,,2014H1,24341,137,0.009451474256158087,0.005628363666242143
2008H2-R,R,scorecard,,2014H2,24213,99,0.008864520541284823,0.004088712675009293
2008H2-R,R,scorecard,,2015H1,24159,83,0.007904556695512977,0.0034355726644314747
2008H2-R,R,scorecard,,2015H2,24159,130,0.00888570756143807,0.0053810174262179725
2008H2-R,R,scorecard,,2016H1,24632,115,0.008788872606628742,0.0046687236115621955
2008H2-R,R,scorecard,,2016H2,24760,121,0.00812374451927635,0.004886914378029079
2008H2-R,R,scorecard,,2017H1,24541,162,0.00945652601012728,0.00660119799519172
2008H2-R,R,scorecard,,2017H2,24680,143,0.009636800410627349,0.005794165316045381
2008H2-R,R,scorecard,,2018H1,24416,148,0.009791514892724463,0.006061598951507209
2008H2-R,R,scorecard,,2018H2,24543,146,0.010240132595246372,0.005948743022450393
2008H2-R,R,scorecard,,2019H1,24752,110,0.009545863627167547,0.0044440853264382674
2008H2-R,R,scorecard,,2019H2,24861,136,0.008347237110293369,0.005470415510236917
2008H2-R,R,scorecard,,2020H1,24880,111,0.007058904800605581,0.004461414790996785
2008H2-R,R,scorecard,,2020H2,24919,71,0.0063142972988547,0.0028492315100927005
2008H2-R,R,scorecard,,2021H1,24909,90,0.00705027809327426,0.003613151872817054
2008H2-R,R,scorecard,,2021H2,24929,136,0.008484753082126229,0.005455493601829195
2008H2-R,R,scorecard,,2022H1,24889,291,0.00969804291735017,0.011691912089678172
2008H2-R,R,scorecard,,2022H2,24859,373,0.010102510239337613,0.015004626091154109
2008H2-R,R,scorecard,,2023H1,24882,381,0.010044459377290793,0.015312273932963588
2008H2-R,R,scorecard,,2023H2,24866,363,0.009509144239868463,0.014598246601785572
2008H2-R,R,tabicl,20260911,2009H1,24844,119,0.0029895278570215835,0.0047898889067782965
2008H2-R,R,tabicl,20260911,2009H2,24709,196,0.004548290060687327,0.00793233234853697
2008H2-R,R,tabicl,20260911,2010H1,24843,191,0.005185298711458097,0.0076882824135571385
2008H2-R,R,tabicl,20260911,2010H2,24683,152,0.00428295713092527,0.006158084511607179
2008H2-R,R,tabicl,20260911,2011H1,24614,195,0.005943378691640451,0.007922320630535468
2008H2-R,R,tabicl,20260911,2011H2,24646,119,0.004637427210938944,0.004828369715166762
2008H2-R,R,tabicl,20260911,2012H1,24306,148,0.007751679842056388,0.0060890315148523
2008H2-R,R,tabicl,20260911,2012H2,24538,131,0.007320131006974241,0.005338658407368164
2008H2-R,R,tabicl,20260911,2013H1,24341,85,0.007929470916296559,0.003492050449858264
2008H2-R,R,tabicl,20260911,2013H2,23974,142,0.0088902707132252,0.0059230833402853095
2008H2-R,R,tabicl,20260911,2014H1,24341,137,0.007969599302724912,0.005628363666242143
2008H2-R,R,tabicl,20260911,2014H2,24213,99,0.007032724260457967,0.004088712675009293
2008H2-R,R,tabicl,20260911,2015H1,24159,83,0.0060612800660255544,0.0034355726644314747
2008H2-R,R,tabicl,20260911,2015H2,24159,130,0.006646472527878537,0.0053810174262179725
2008H2-R,R,tabicl,20260911,2016H1,24632,115,0.00652724116316446,0.0046687236115621955
2008H2-R,R,tabicl,20260911,2016H2,24760,121,0.005931056488050449,0.004886914378029079
2008H2-R,R,tabicl,20260911,2017H1,24541,162,0.007090634155876156,0.00660119799519172
2008H2-R,R,tabicl,20260911,2017H2,24680,143,0.006997704717371295,0.005794165316045381
2008H2-R,R,tabicl,20260911,2018H1,24416,148,0.0070714843872052464,0.006061598951507209
2008H2-R,R,tabicl,20260911,2018H2,24543,146,0.007294392437366837,0.005948743022450393
2008H2-R,R,tabicl,20260911,2019H1,24752,110,0.006986787909182745,0.0044440853264382674
2008H2-R,R,tabicl,20260911,2019H2,24861,136,0.006082917028308864,0.005470415510236917
2008H2-R,R,tabicl,20260911,2020H1,24880,111,0.0049816698804402496,0.004461414790996785
2008H2-R,R,tabicl,20260911,2020H2,24919,71,0.004263959482121705,0.0028492315100927005
2008H2-R,R,tabicl,20260911,2021H1,24909,90,0.004777451057275286,0.003613151872817054
2008H2-R,R,tabicl,20260911,2021H2,24929,136,0.005617967967409255,0.005455493601829195
2008H2-R,R,tabicl,20260911,2022H1,24889,291,0.006686309373615622,0.011691912089678172
2008H2-R,R,tabicl,20260911,2022H2,24859,373,0.0071049707710657516,0.015004626091154109
2008H2-R,R,tabicl,20260911,2023H1,24882,381,0.007293479413656266,0.015312273932963588
2008H2-R,R,tabicl,20260911,2023H2,24866,363,0.006821134238542231,0.014598246601785572
2008H2-R,R,tabicl,20260912,2009H1,24844,119,0.003211394984988683,0.0047898889067782965
2008H2-R,R,tabicl,20260912,2009H2,24709,196,0.004552637557590112,0.00793233234853697
2008H2-R,R,tabicl,20260912,2010H1,24843,191,0.0051677664500191164,0.0076882824135571385
2008H2-R,R,tabicl,20260912,2010H2,24683,152,0.004306972654524641,0.006158084511607179
2008H2-R,R,tabicl,20260912,2011H1,24614,195,0.005825636325895514,0.007922320630535468
2008H2-R,R,tabicl,20260912,2011H2,24646,119,0.004616102233986084,0.004828369715166762
2008H2-R,R,tabicl,20260912,2012H1,24306,148,0.0073401729584822275,0.0060890315148523
2008H2-R,R,tabicl,20260912,2012H2,24538,131,0.007021415688407507,0.005338658407368164
2008H2-R,R,tabicl,20260912,2013H1,24341,85,0.007617060969866026,0.003492050449858264
2008H2-R,R,tabicl,20260912,2013H2,23974,142,0.008596738521031414,0.0059230833402853095
2008H2-R,R,tabicl,20260912,2014H1,24341,137,0.007851279411194335,0.005628363666242143
2008H2-R,R,tabicl,20260912,2014H2,24213,99,0.007049714482259345,0.004088712675009293
2008H2-R,R,tabicl,20260912,2015H1,24159,83,0.006214779174672481,0.0034355726644314747
2008H2-R,R,tabicl,20260912,2015H2,24159,130,0.006736610360503166,0.0053810174262179725
2008H2-R,R,tabicl,20260912,2016H1,24632,115,0.006687006999480545,0.0046687236115621955
2008H2-R,R,tabicl,20260912,2016H2,24760,121,0.006228284249059522,0.004886914378029079
2008H2-R,R,tabicl,20260912,2017H1,24541,162,0.007249462121804944,0.00660119799519172
2008H2-R,R,tabicl,20260912,2017H2,24680,143,0.00718792334360544,0.005794165316045381
2008H2-R,R,tabicl,20260912,2018H1,24416,148,0.007127680550785231,0.006061598951507209
2008H2-R,R,tabicl,20260912,2018H2,24543,146,0.007342458462698972,0.005948743022450393
2008H2-R,R,tabicl,20260912,2019H1,24752,110,0.006999003437014498,0.0044440853264382674
2008H2-R,R,tabicl,20260912,2019H2,24861,136,0.006287972634766255,0.005470415510236917
2008H2-R,R,tabicl,20260912,2020H1,24880,111,0.005220344218026936,0.004461414790996785
2008H2-R,R,tabicl,20260912,2020H2,24919,71,0.004618502483404031,0.0028492315100927005
2008H2-R,R,tabicl,20260912,2021H1,24909,90,0.005015465173049272,0.003613151872817054
2008H2-R,R,tabicl,20260912,2021H2,24929,136,0.005872813919244442,0.005455493601829195
2008H2-R,R,tabicl,20260912,2022H1,24889,291,0.006672892580943914,0.011691912089678172
2008H2-R,R,tabicl,20260912,2022H2,24859,373,0.00697396434328103,0.015004626091154109
2008H2-R,R,tabicl,20260912,2023H1,24882,381,0.006912472490003492,0.015312273932963588
2008H2-R,R,tabicl,20260912,2023H2,24866,363,0.006500028426441937,0.014598246601785572
2008H2-R,R,tabicl,20260913,2009H1,24844,119,0.0029700362984338056,0.0047898889067782965
2008H2-R,R,tabicl,20260913,2009H2,24709,196,0.004574314198000667,0.00793233234853697
2008H2-R,R,tabicl,20260913,2010H1,24843,191,0.005275754947179453,0.0076882824135571385
2008H2-R,R,tabicl,20260913,2010H2,24683,152,0.00438487655405781,0.006158084511607179
2008H2-R,R,tabicl,20260913,2011H1,24614,195,0.006158885483610245,0.007922320630535468
2008H2-R,R,tabicl,20260913,2011H2,24646,119,0.004708775030014406,0.004828369715166762
2008H2-R,R,tabicl,20260913,2012H1,24306,148,0.008328505652495977,0.0060890315148523
2008H2-R,R,tabicl,20260913,2012H2,24538,131,0.007842008989723846,0.005338658407368164
2008H2-R,R,tabicl,20260913,2013H1,24341,85,0.008378242191061274,0.003492050449858264
2008H2-R,R,tabicl,20260913,2013H2,23974,142,0.00904218785027303,0.0059230833402853095
2008H2-R,R,tabicl,20260913,2014H1,24341,137,0.007807476081884012,0.005628363666242143
2008H2-R,R,tabicl,20260913,2014H2,24213,99,0.006757314070743313,0.004088712675009293
2008H2-R,R,tabicl,20260913,2015H1,24159,83,0.005749565500929063,0.0034355726644314747
2008H2-R,R,tabicl,20260913,2015H2,24159,130,0.00627591547054718,0.0053810174262179725
2008H2-R,R,tabicl,20260913,2016H1,24632,115,0.006123071212223838,0.0046687236115621955
2008H2-R,R,tabicl,20260913,2016H2,24760,121,0.005493234092797441,0.004886914378029079
2008H2-R,R,tabicl,20260913,2017H1,24541,162,0.006558730613992545,0.00660119799519172
2008H2-R,R,tabicl,20260913,2017H2,24680,143,0.006450613216470901,0.005794165316045381
2008H2-R,R,tabicl,20260913,2018H1,24416,148,0.006455038454777426,0.006061598951507209
2008H2-R,R,tabicl,20260913,2018H2,24543,146,0.006630504780403411,0.005948743022450393
2008H2-R,R,tabicl,20260913,2019H1,24752,110,0.006366322947368484,0.0044440853264382674
2008H2-R,R,tabicl,20260913,2019H2,24861,136,0.005621744077254106,0.005470415510236917
2008H2-R,R,tabicl,20260913,2020H1,24880,111,0.004665000047366726,0.004461414790996785
2008H2-R,R,tabicl,20260913,2020H2,24919,71,0.003918030823190737,0.0028492315100927005
2008H2-R,R,tabicl,20260913,2021H1,24909,90,0.004498587163825223,0.003613151872817054
2008H2-R,R,tabicl,20260913,2021H2,24929,136,0.00529212560668392,0.005455493601829195
2008H2-R,R,tabicl,20260913,2022H1,24889,291,0.006288670211510079,0.011691912089678172
2008H2-R,R,tabicl,20260913,2022H2,24859,373,0.006349331279710193,0.015004626091154109
2008H2-R,R,tabicl,20260913,2023H1,24882,381,0.006521558871225874,0.015312273932963588
2008H2-R,R,tabicl,20260913,2023H2,24866,363,0.006099158941402686,0.014598246601785572
2008H2-R,R,tabicl@t1,20260911,2009H1,24844,119,0.004885322594888578,0.0047898889067782965
2008H2-R,R,tabicl@t1,20260911,2009H2,24709,196,0.007084932701967609,0.00793233234853697
2008H2-R,R,tabicl@t1,20260911,2010H1,24843,191,0.007913484227880576,0.0076882824135571385
2008H2-R,R,tabicl@t1,20260911,2010H2,24683,152,0.006611261635970002,0.006158084511607179
2008H2-R,R,tabicl@t1,20260911,2011H1,24614,195,0.00890431456763472,0.007922320630535468
2008H2-R,R,tabicl@t1,20260911,2011H2,24646,119,0.0070963996717883565,0.004828369715166762
2008H2-R,R,tabicl@t1,20260911,2012H1,24306,148,0.011196885767041507,0.0060890315148523
2008H2-R,R,tabicl@t1,20260911,2012H2,24538,131,0.01064125336847335,0.005338658407368164
2008H2-R,R,tabicl@t1,20260911,2013H1,24341,85,0.011490207434925586,0.003492050449858264
2008H2-R,R,tabicl@t1,20260911,2013H2,23974,142,0.012884117091004937,0.0059230833402853095
2008H2-R,R,tabicl@t1,20260911,2014H1,24341,137,0.011779309511809524,0.005628363666242143
2008H2-R,R,tabicl@t1,20260911,2014H2,24213,99,0.010567130198774977,0.004088712675009293
2008H2-R,R,tabicl@t1,20260911,2015H1,24159,83,0.009263737465803517,0.0034355726644314747
2008H2-R,R,tabicl@t1,20260911,2015H2,24159,130,0.010117586615949324,0.0053810174262179725
2008H2-R,R,tabicl@t1,20260911,2016H1,24632,115,0.00996438557227286,0.0046687236115621955
2008H2-R,R,tabicl@t1,20260911,2016H2,24760,121,0.00915418858367861,0.004886914378029079
2008H2-R,R,tabicl@t1,20260911,2017H1,24541,162,0.010799331198825458,0.00660119799519172
2008H2-R,R,tabicl@t1,20260911,2017H2,24680,143,0.01069289372907004,0.005794165316045381
2008H2-R,R,tabicl@t1,20260911,2018H1,24416,148,0.010813273403017975,0.006061598951507209
2008H2-R,R,tabicl@t1,20260911,2018H2,24543,146,0.011138930159008565,0.005948743022450393
2008H2-R,R,tabicl@t1,20260911,2019H1,24752,110,0.010733888154315458,0.0044440853264382674
2008H2-R,R,tabicl@t1,20260911,2019H2,24861,136,0.0094508458096771,0.005470415510236917
2008H2-R,R,tabicl@t1,20260911,2020H1,24880,111,0.007860271238197346,0.004461414790996785
2008H2-R,R,tabicl@t1,20260911,2020H2,24919,71,0.006806097859431319,0.0028492315100927005
2008H2-R,R,tabicl@t1,20260911,2021H1,24909,90,0.007579598276226431,0.003613151872817054
2008H2-R,R,tabicl@t1,20260911,2021H2,24929,136,0.008799884930405058,0.005455493601829195
2008H2-R,R,tabicl@t1,20260911,2022H1,24889,291,0.010361574189913687,0.011691912089678172
2008H2-R,R,tabicl@t1,20260911,2022H2,24859,373,0.010969325421944605,0.015004626091154109
2008H2-R,R,tabicl@t1,20260911,2023H1,24882,381,0.011179898199733593,0.015312273932963588
2008H2-R,R,tabicl@t1,20260911,2023H2,24866,363,0.010497079992248573,0.014598246601785572
2008H2-R,R,tabicl@t1,20260912,2009H1,24844,119,0.005287222179280303,0.0047898889067782965
2008H2-R,R,tabicl@t1,20260912,2009H2,24709,196,0.007174108906077857,0.00793233234853697
2008H2-R,R,tabicl@t1,20260912,2010H1,24843,191,0.007965920660042907,0.0076882824135571385
2008H2-R,R,tabicl@t1,20260912,2010H2,24683,152,0.006727659501483172,0.006158084511607179
2008H2-R,R,tabicl@t1,20260912,2011H1,24614,195,0.008815057580441425,0.007922320630535468
2008H2-R,R,tabicl@t1,20260912,2011H2,24646,119,0.00714560526254635,0.004828369715166762
2008H2-R,R,tabicl@t1,20260912,2012H1,24306,148,0.010730069423866898,0.0060890315148523
2008H2-R,R,tabicl@t1,20260912,2012H2,24538,131,0.010331360435475948,0.005338658407368164
2008H2-R,R,tabicl@t1,20260912,2013H1,24341,85,0.011163229243191476,0.003492050449858264
2008H2-R,R,tabicl@t1,20260912,2013H2,23974,142,0.012567914523457286,0.0059230833402853095
2008H2-R,R,tabicl@t1,20260912,2014H1,24341,137,0.011678744335252234,0.005628363666242143
2008H2-R,R,tabicl@t1,20260912,2014H2,24213,99,0.01065856430665889,0.004088712675009293
2008H2-R,R,tabicl@t1,20260912,2015H1,24159,83,0.009549974951706808,0.0034355726644314747
2008H2-R,R,tabicl@t1,20260912,2015H2,24159,130,0.010310364973770128,0.0053810174262179725
2008H2-R,R,tabicl@t1,20260912,2016H1,24632,115,0.01025837731989365,0.0046687236115621955
2008H2-R,R,tabicl@t1,20260912,2016H2,24760,121,0.009628611648484357,0.004886914378029079
2008H2-R,R,tabicl@t1,20260912,2017H1,24541,162,0.011078813055108308,0.00660119799519172
2008H2-R,R,tabicl@t1,20260912,2017H2,24680,143,0.011015470860610653,0.005794165316045381
2008H2-R,R,tabicl@t1,20260912,2018H1,24416,148,0.01095020005485692,0.006061598951507209
2008H2-R,R,tabicl@t1,20260912,2018H2,24543,146,0.011257765092478623,0.005948743022450393
2008H2-R,R,tabicl@t1,20260912,2019H1,24752,110,0.010813869619739463,0.0044440853264382674
2008H2-R,R,tabicl@t1,20260912,2019H2,24861,136,0.009801262256826884,0.005470415510236917
2008H2-R,R,tabicl@t1,20260912,2020H1,24880,111,0.008266472490690364,0.004461414790996785
2008H2-R,R,tabicl@t1,20260912,2020H2,24919,71,0.007376173203645997,0.0028492315100927005
2008H2-R,R,tabicl@t1,20260912,2021H1,24909,90,0.007977488573797407,0.003613151872817054
2008H2-R,R,tabicl@t1,20260912,2021H2,24929,136,0.009213408857087338,0.005455493601829195
2008H2-R,R,tabicl@t1,20260912,2022H1,24889,291,0.010394844249392741,0.011691912089678172
2008H2-R,R,tabicl@t1,20260912,2022H2,24859,373,0.010848449115593958,0.015004626091154109
2008H2-R,R,tabicl@t1,20260912,2023H1,24882,381,0.010719808170965425,0.015312273932963588
2008H2-R,R,tabicl@t1,20260912,2023H2,24866,363,0.010115164841007076,0.014598246601785572
2008H2-R,R,tabicl@t1,20260913,2009H1,24844,119,0.004788791188812534,0.0047898889067782965
2008H2-R,R,tabicl@t1,20260913,2009H2,24709,196,0.007015552071579069,0.00793233234853697
2008H2-R,R,tabicl@t1,20260913,2010H1,24843,191,0.007910662570762691,0.0076882824135571385
2008H2-R,R,tabicl@t1,20260913,2010H2,24683,152,0.006638520108893172,0.006158084511607179
2008H2-R,R,tabicl@t1,20260913,2011H1,24614,195,0.009043162650433017,0.007922320630535468
2008H2-R,R,tabicl@t1,20260913,2011H2,24646,119,0.007059508935438969,0.004828369715166762
2008H2-R,R,tabicl@t1,20260913,2012H1,24306,148,0.011779606180993935,0.0060890315148523
2008H2-R,R,tabicl@t1,20260913,2012H2,24538,131,0.011155519458303688,0.005338658407368164
2008H2-R,R,tabicl@t1,20260913,2013H1,24341,85,0.011899606397602012,0.003492050449858264
2008H2-R,R,tabicl@t1,20260913,2013H2,23974,142,0.012898852637462564,0.0059230833402853095
2008H2-R,R,tabicl@t1,20260913,2014H1,24341,137,0.011393241908510644,0.005628363666242143
2008H2-R,R,tabicl@t1,20260913,2014H2,24213,99,0.01006104777593426,0.004088712675009293
2008H2-R,R,tabicl@t1,20260913,2015H1,24159,83,0.00872674309228806,0.0034355726644314747
2008H2-R,R,tabicl@t1,20260913,2015H2,24159,130,0.009492228555384502,0.0053810174262179725
2008H2-R,R,tabicl@t1,20260913,2016H1,24632,115,0.00930115990562348,0.0046687236115621955
2008H2-R,R,tabicl@t1,20260913,2016H2,24760,121,0.008457742277445335,0.004886914378029079
2008H2-R,R,tabicl@t1,20260913,2017H1,24541,162,0.009961498918376901,0.00660119799519172
2008H2-R,R,tabicl@t1,20260913,2017H2,24680,143,0.009838536234402895,0.005794165316045381
2008H2-R,R,tabicl@t1,20260913,2018H1,24416,148,0.009860822705722846,0.006061598951507209
2008H2-R,R,tabicl@t1,20260913,2018H2,24543,146,0.01011827774202637,0.005948743022450393
2008H2-R,R,tabicl@t1,20260913,2019H1,24752,110,0.009774662674569905,0.0044440853264382674
2008H2-R,R,tabicl@t1,20260913,2019H2,24861,136,0.008720944806142453,0.005470415510236917
2008H2-R,R,tabicl@t1,20260913,2020H1,24880,111,0.007340593451319642,0.004461414790996785
2008H2-R,R,tabicl@t1,20260913,2020H2,24919,71,0.006249170424897567,0.0028492315100927005
2008H2-R,R,tabicl@t1,20260913,2021H1,24909,90,0.007111188941790518,0.003613151872817054
2008H2-R,R,tabicl@t1,20260913,2021H2,24929,136,0.008258935125741057,0.005455493601829195
2008H2-R,R,tabicl@t1,20260913,2022H1,24889,291,0.009703048425596777,0.011691912089678172
2008H2-R,R,tabicl@t1,20260913,2022H2,24859,373,0.00979971915757766,0.015004626091154109
2008H2-R,R,tabicl@t1,20260913,2023H1,24882,381,0.009986173165575827,0.015312273932963588
2008H2-R,R,tabicl@t1,20260913,2023H2,24866,363,0.009372046595629015,0.014598246601785572
2008H2-R,R,tabpfn,20260911,2009H1,24844,119,0.0028097312122222174,0.0047898889067782965
2008H2-R,R,tabpfn,20260911,2009H2,24709,196,0.0041357812615830025,0.00793233234853697
2008H2-R,R,tabpfn,20260911,2010H1,24843,191,0.004702607936451642,0.0076882824135571385
2008H2-R,R,tabpfn,20260911,2010H2,24683,152,0.0038492772378057928,0.006158084511607179
2008H2-R,R,tabpfn,20260911,2011H1,24614,195,0.005323135109720353,0.007922320630535468
2008H2-R,R,tabpfn,20260911,2011H2,24646,119,0.0042015762940747076,0.004828369715166762
2008H2-R,R,tabpfn,20260911,2012H1,24306,148,0.006759280362440907,0.0060890315148523
2008H2-R,R,tabpfn,20260911,2012H2,24538,131,0.006532989292539899,0.005338658407368164
2008H2-R,R,tabpfn,20260911,2013H1,24341,85,0.007275779116893897,0.003492050449858264
2008H2-R,R,tabpfn,20260911,2013H2,23974,142,0.008306840688363248,0.0059230833402853095
2008H2-R,R,tabpfn,20260911,2014H1,24341,137,0.007549418759399998,0.005628363666242143
2008H2-R,R,tabpfn,20260911,2014H2,24213,99,0.006719123309876157,0.004088712675009293
2008H2-R,R,tabpfn,20260911,2015H1,24159,83,0.005854989397841199,0.0034355726644314747
2008H2-R,R,tabpfn,20260911,2015H2,24159,130,0.006400503915521467,0.0053810174262179725
2008H2-R,R,tabpfn,20260911,2016H1,24632,115,0.006320153199058185,0.0046687236115621955
2008H2-R,R,tabpfn,20260911,2016H2,24760,121,0.005785941431797332,0.004886914378029079
2008H2-R,R,tabpfn,20260911,2017H1,24541,162,0.006896226054681034,0.00660119799519172
2008H2-R,R,tabpfn,20260911,2017H2,24680,143,0.006791381234424886,0.005794165316045381
2008H2-R,R,tabpfn,20260911,2018H1,24416,148,0.006812647311215146,0.006061598951507209
2008H2-R,R,tabpfn,20260911,2018H2,24543,146,0.006985750468158225,0.005948743022450393
2008H2-R,R,tabpfn,20260911,2019H1,24752,110,0.0066923141379501856,0.0044440853264382674
2008H2-R,R,tabpfn,20260911,2019H2,24861,136,0.00586202170440093,0.005470415510236917
2008H2-R,R,tabpfn,20260911,2020H1,24880,111,0.004841024643803008,0.004461414790996785
2008H2-R,R,tabpfn,20260911,2020H2,24919,71,0.004168055205172395,0.0028492315100927005
2008H2-R,R,tabpfn,20260911,2021H1,24909,90,0.0046394269872874925,0.003613151872817054
2008H2-R,R,tabpfn,20260911,2021H2,24929,136,0.005443830123810857,0.005455493601829195
2008H2-R,R,tabpfn,20260911,2022H1,24889,291,0.006369157914680068,0.011691912089678172
2008H2-R,R,tabpfn,20260911,2022H2,24859,373,0.006648954813929326,0.015004626091154109
2008H2-R,R,tabpfn,20260911,2023H1,24882,381,0.0067904738287362446,0.015312273932963588
2008H2-R,R,tabpfn,20260911,2023H2,24866,363,0.00632535503763921,0.014598246601785572
2008H2-R,R,tabpfn,20260912,2009H1,24844,119,0.0031517243572328256,0.0047898889067782965
2008H2-R,R,tabpfn,20260912,2009H2,24709,196,0.004423203904106025,0.00793233234853697
2008H2-R,R,tabpfn,20260912,2010H1,24843,191,0.005047420409096296,0.0076882824135571385
2008H2-R,R,tabpfn,20260912,2010H2,24683,152,0.004216241352385004,0.006158084511607179
2008H2-R,R,tabpfn,20260912,2011H1,24614,195,0.00569946305531262,0.007922320630535468
2008H2-R,R,tabpfn,20260912,2011H2,24646,119,0.004572914103791947,0.004828369715166762
2008H2-R,R,tabpfn,20260912,2012H1,24306,148,0.007131786306717116,0.0060890315148523
2008H2-R,R,tabpfn,20260912,2012H2,24538,131,0.00691085179463663,0.005338658407368164
2008H2-R,R,tabpfn,20260912,2013H1,24341,85,0.007670573555671183,0.003492050449858264
2008H2-R,R,tabpfn,20260912,2013H2,23974,142,0.008699738018018738,0.0059230833402853095
2008H2-R,R,tabpfn,20260912,2014H1,24341,137,0.007906044688800682,0.005628363666242143
2008H2-R,R,tabpfn,20260912,2014H2,24213,99,0.007076204026526733,0.004088712675009293
2008H2-R,R,tabpfn,20260912,2015H1,24159,83,0.00626258397226249,0.0034355726644314747
2008H2-R,R,tabpfn,20260912,2015H2,24159,130,0.0067258805464053915,0.0053810174262179725
2008H2-R,R,tabpfn,20260912,2016H1,24632,115,0.006703534003604177,0.0046687236115621955
2008H2-R,R,tabpfn,20260912,2016H2,24760,121,0.006212769803767482,0.004886914378029079
2008H2-R,R,tabpfn,20260912,2017H1,24541,162,0.007228281761549003,0.00660119799519172
2008H2-R,R,tabpfn,20260912,2017H2,24680,143,0.0071067364267887725,0.005794165316045381
2008H2-R,R,tabpfn,20260912,2018H1,24416,148,0.007006822999148049,0.006061598951507209
2008H2-R,R,tabpfn,20260912,2018H2,24543,146,0.007162024202071108,0.005948743022450393
2008H2-R,R,tabpfn,20260912,2019H1,24752,110,0.006850314023330468,0.0044440853264382674
2008H2-R,R,tabpfn,20260912,2019H2,24861,136,0.006194982712328661,0.005470415510236917
2008H2-R,R,tabpfn,20260912,2020H1,24880,111,0.005219461758989233,0.004461414790996785
2008H2-R,R,tabpfn,20260912,2020H2,24919,71,0.004653922038184227,0.0028492315100927005
2008H2-R,R,tabpfn,20260912,2021H1,24909,90,0.00500574171966304,0.003613151872817054
2008H2-R,R,tabpfn,20260912,2021H2,24929,136,0.005843465676993943,0.005455493601829195
2008H2-R,R,tabpfn,20260912,2022H1,24889,291,0.006568606102743338,0.011691912089678172
2008H2-R,R,tabpfn,20260912,2022H2,24859,373,0.006741027921054668,0.015004626091154109
2008H2-R,R,tabpfn,20260912,2023H1,24882,381,0.006616131849471727,0.015312273932963588
2008H2-R,R,tabpfn,20260912,2023H2,24866,363,0.006195091619736599,0.014598246601785572
2008H2-R,R,tabpfn,20260913,2009H1,24844,119,0.0027907919049479156,0.0047898889067782965
2008H2-R,R,tabpfn,20260913,2009H2,24709,196,0.004282457875338076,0.00793233234853697
2008H2-R,R,tabpfn,20260913,2010H1,24843,191,0.004948793781249188,0.0076882824135571385
2008H2-R,R,tabpfn,20260913,2010H2,24683,152,0.00412707287650503,0.006158084511607179
2008H2-R,R,tabpfn,20260913,2011H1,24614,195,0.005832101216505653,0.007922320630535468
2008H2-R,R,tabpfn,20260913,2011H2,24646,119,0.004487464548935556,0.004828369715166762
2008H2-R,R,tabpfn,20260913,2012H1,24306,148,0.007984181266058364,0.0060890315148523
2008H2-R,R,tabpfn,20260913,2012H2,24538,131,0.007625739726223761,0.005338658407368164
2008H2-R,R,tabpfn,20260913,2013H1,24341,85,0.008286758829232554,0.003492050449858264
2008H2-R,R,tabpfn,20260913,2013H2,23974,142,0.008976465991887487,0.0059230833402853095
2008H2-R,R,tabpfn,20260913,2014H1,24341,137,0.007711461709240043,0.005628363666242143
2008H2-R,R,tabpfn,20260913,2014H2,24213,99,0.006664077016245146,0.004088712675009293
2008H2-R,R,tabpfn,20260913,2015H1,24159,83,0.005690066933178713,0.0034355726644314747
2008H2-R,R,tabpfn,20260913,2015H2,24159,130,0.006179346779865566,0.0053810174262179725
2008H2-R,R,tabpfn,20260913,2016H1,24632,115,0.006048206355337042,0.0046687236115621955
2008H2-R,R,tabpfn,20260913,2016H2,24760,121,0.005433856847139102,0.004886914378029079
2008H2-R,R,tabpfn,20260913,2017H1,24541,162,0.006516399744723423,0.00660119799519172
2008H2-R,R,tabpfn,20260913,2017H2,24680,143,0.006385846271452636,0.005794165316045381
2008H2-R,R,tabpfn,20260913,2018H1,24416,148,0.006366478559362115,0.006061598951507209
2008H2-R,R,tabpfn,20260913,2018H2,24543,146,0.006524540349203905,0.005948743022450393
2008H2-R,R,tabpfn,20260913,2019H1,24752,110,0.006251893761481976,0.0044440853264382674
2008H2-R,R,tabpfn,20260913,2019H2,24861,136,0.0055263819921297225,0.005470415510236917
2008H2-R,R,tabpfn,20260913,2020H1,24880,111,0.004589486521624849,0.004461414790996785
2008H2-R,R,tabpfn,20260913,2020H2,24919,71,0.0038710508494397204,0.0028492315100927005
2008H2-R,R,tabpfn,20260913,2021H1,24909,90,0.0043908809122520055,0.003613151872817054
2008H2-R,R,tabpfn,20260913,2021H2,24929,136,0.005167312671401661,0.005455493601829195
2008H2-R,R,tabpfn,20260913,2022H1,24889,291,0.006023385141509665,0.011691912089678172
2008H2-R,R,tabpfn,20260913,2022H2,24859,373,0.006083983805466446,0.015004626091154109
2008H2-R,R,tabpfn,20260913,2023H1,24882,381,0.006272224203592063,0.015312273932963588
2008H2-R,R,tabpfn,20260913,2023H2,24866,363,0.005837200872326264,0.014598246601785572
2008H2-R,R,tabpfn@t1,20260911,2009H1,24844,119,0.0046196695633764755,0.0047898889067782965
2008H2-R,R,tabpfn@t1,20260911,2009H2,24709,196,0.0065065104740880215,0.00793233234853697
2008H2-R,R,tabpfn@t1,20260911,2010H1,24843,191,0.007256450238467633,0.0076882824135571385
2008H2-R,R,tabpfn@t1,20260911,2010H2,24683,152,0.0060155362911526395,0.006158084511607179
2008H2-R,R,tabpfn@t1,20260911,2011H1,24614,195,0.008081635539720414,0.007922320630535468
2008H2-R,R,tabpfn@t1,20260911,2011H2,24646,119,0.006504558689508513,0.004828369715166762
2008H2-R,R,tabpfn@t1,20260911,2012H1,24306,148,0.009911267719630539,0.0060890315148523
2008H2-R,R,tabpfn@t1,20260911,2012H2,24538,131,0.009621360419766386,0.005338658407368164
2008H2-R,R,tabpfn@t1,20260911,2013H1,24341,85,0.010653610560768705,0.003492050449858264
2008H2-R,R,tabpfn@t1,20260911,2013H2,23974,142,0.012137147161386806,0.0059230833402853095
2008H2-R,R,tabpfn@t1,20260911,2014H1,24341,137,0.011228871628940158,0.005628363666242143
2008H2-R,R,tabpfn@t1,20260911,2014H2,24213,99,0.010151606579146589,0.004088712675009293
2008H2-R,R,tabpfn@t1,20260911,2015H1,24159,83,0.008986117340771692,0.0034355726644314747
2008H2-R,R,tabpfn@t1,20260911,2015H2,24159,130,0.009783271262319522,0.0053810174262179725
2008H2-R,R,tabpfn@t1,20260911,2016H1,24632,115,0.009685008172421662,0.0046687236115621955
2008H2-R,R,tabpfn@t1,20260911,2016H2,24760,121,0.0089548798027626,0.004886914378029079
2008H2-R,R,tabpfn@t1,20260911,2017H1,24541,162,0.01053230692068989,0.00660119799519172
2008H2-R,R,tabpfn@t1,20260911,2017H2,24680,143,0.010406194465079422,0.005794165316045381
2008H2-R,R,tabpfn@t1,20260911,2018H1,24416,148,0.010449490408234272,0.006061598951507209
2008H2-R,R,tabpfn@t1,20260911,2018H2,24543,146,0.01070474951812789,0.005948743022450393
2008H2-R,R,tabpfn@t1,20260911,2019H1,24752,110,0.010318995705640814,0.0044440853264382674
2008H2-R,R,tabpfn@t1,20260911,2019H2,24861,136,0.009134790178394124,0.005470415510236917
2008H2-R,R,tabpfn@t1,20260911,2020H1,24880,111,0.007656801239157964,0.004461414790996785
2008H2-R,R,tabpfn@t1,20260911,2020H2,24919,71,0.006666883928446444,0.0028492315100927005
2008H2-R,R,tabpfn@t1,20260911,2021H1,24909,90,0.0073777088763910875,0.003613151872817054
2008H2-R,R,tabpfn@t1,20260911,2021H2,24929,136,0.008551374751127902,0.005455493601829195
2008H2-R,R,tabpfn@t1,20260911,2022H1,24889,291,0.009914936447195547,0.011691912089678172
2008H2-R,R,tabpfn@t1,20260911,2022H2,24859,373,0.010326751662152982,0.015004626091154109
2008H2-R,R,tabpfn@t1,20260911,2023H1,24882,381,0.01046961195486602,0.015312273932963588
2008H2-R,R,tabpfn@t1,20260911,2023H2,24866,363,0.009790947042424596,0.014598246601785572
2008H2-R,R,tabpfn@t1,20260912,2009H1,24844,119,0.005206793544407287,0.0047898889067782965
2008H2-R,R,tabpfn@t1,20260912,2009H2,24709,196,0.006992116304008297,0.00793233234853697
2008H2-R,R,tabpfn@t1,20260912,2010H1,24843,191,0.007803664368679531,0.0076882824135571385
2008H2-R,R,tabpfn@t1,20260912,2010H2,24683,152,0.006612371096931228,0.006158084511607179
2008H2-R,R,tabpfn@t1,20260912,2011H1,24614,195,0.008659913934444336,0.007922320630535468
2008H2-R,R,tabpfn@t1,20260912,2011H2,24646,119,0.00710065398647737,0.004828369715166762
2008H2-R,R,tabpfn@t1,20260912,2012H1,24306,148,0.010476341499435372,0.0060890315148523
2008H2-R,R,tabpfn@t1,20260912,2012H2,24538,131,0.010197400737804311,0.005338658407368164
2008H2-R,R,tabpfn@t1,20260912,2013H1,24341,85,0.011242355786914113,0.003492050449858264
2008H2-R,R,tabpfn@t1,20260912,2013H2,23974,142,0.012702916774560027,0.0059230833402853095
2008H2-R,R,tabpfn@t1,20260912,2014H1,24341,137,0.01175454090232459,0.005628363666242143
2008H2-R,R,tabpfn@t1,20260912,2014H2,24213,99,0.010703524445881771,0.004088712675009293
2008H2-R,R,tabpfn@t1,20260912,2015H1,24159,83,0.009630761498204361,0.0034355726644314747
2008H2-R,R,tabpfn@t1,20260912,2015H2,24159,130,0.01031400717589489,0.0053810174262179725
2008H2-R,R,tabpfn@t1,20260912,2016H1,24632,115,0.010305494023803792,0.0046687236115621955
2008H2-R,R,tabpfn@t1,20260912,2016H2,24760,121,0.009640878728739526,0.004886914378029079
2008H2-R,R,tabpfn@t1,20260912,2017H1,24541,162,0.011076108377168391,0.00660119799519172
2008H2-R,R,tabpfn@t1,20260912,2017H2,24680,143,0.010933601837213204,0.005794165316045381
2008H2-R,R,tabpfn@t1,20260912,2018H1,24416,148,0.010808669306295659,0.006061598951507209
2008H2-R,R,tabpfn@t1,20260912,2018H2,24543,146,0.011031311490166673,0.005948743022450393
2008H2-R,R,tabpfn@t1,20260912,2019H1,24752,110,0.010629915264075848,0.0044440853264382674
2008H2-R,R,tabpfn@t1,20260912,2019H2,24861,136,0.0096941976942071,0.005470415510236917
2008H2-R,R,tabpfn@t1,20260912,2020H1,24880,111,0.00828412335830244,0.004461414790996785
2008H2-R,R,tabpfn@t1,20260912,2020H2,24919,71,0.007448622580329067,0.0028492315100927005
2008H2-R,R,tabpfn@t1,20260912,2021H1,24909,90,0.007981707409255152,0.003613151872817054
2008H2-R,R,tabpfn@t1,20260912,2021H2,24929,136,0.00919677188220906,0.005455493601829195
2008H2-R,R,tabpfn@t1,20260912,2022H1,24889,291,0.010267758172845746,0.011691912089678172
2008H2-R,R,tabpfn@t1,20260912,2022H2,24859,373,0.01053945611392071,0.015004626091154109
2008H2-R,R,tabpfn@t1,20260912,2023H1,24882,381,0.01031749779367586,0.015312273932963588
2008H2-R,R,tabpfn@t1,20260912,2023H2,24866,363,0.00969235647797879,0.014598246601785572
2008H2-R,R,tabpfn@t1,20260913,2009H1,24844,119,0.004502980964016228,0.0047898889067782965
2008H2-R,R,tabpfn@t1,20260913,2009H2,24709,196,0.0065711550978230894,0.00793233234853697
2008H2-R,R,tabpfn@t1,20260913,2010H1,24843,191,0.007429039713483801,0.0076882824135571385
2008H2-R,R,tabpfn@t1,20260913,2010H2,24683,152,0.006247096287152321,0.006158084511607179
2008H2-R,R,tabpfn@t1,20260913,2011H1,24614,195,0.00856779744748415,0.007922320630535468
2008H2-R,R,tabpfn@t1,20260913,2011H2,24646,119,0.006719823698538978,0.004828369715166762
2008H2-R,R,tabpfn@t1,20260913,2012H1,24306,148,0.01128075928818879,0.0060890315148523
2008H2-R,R,tabpfn@t1,20260913,2012H2,24538,131,0.010819267388361354,0.005338658407368164
2008H2-R,R,tabpfn@t1,20260913,2013H1,24341,85,0.011727450130486058,0.003492050449858264
2008H2-R,R,tabpfn@t1,20260913,2013H2,23974,142,0.012757361583934184,0.0059230833402853095
2008H2-R,R,tabpfn@t1,20260913,2014H1,24341,137,0.011217860698542585,0.005628363666242143
2008H2-R,R,tabpfn@t1,20260913,2014H2,24213,99,0.009897829103663908,0.004088712675009293
2008H2-R,R,tabpfn@t1,20260913,2015H1,24159,83,0.008615816247603336,0.0034355726644314747
2008H2-R,R,tabpfn@t1,20260913,2015H2,24159,130,0.0093311999164612,0.0053810174262179725
2008H2-R,R,tabpfn@t1,20260913,2016H1,24632,115,0.009178476393567577,0.0046687236115621955
2008H2-R,R,tabpfn@t1,20260913,2016H2,24760,121,0.008361233117573069,0.004886914378029079
2008H2-R,R,tabpfn@t1,20260913,2017H1,24541,162,0.009884097724620374,0.00660119799519172
2008H2-R,R,tabpfn@t1,20260913,2017H2,24680,143,0.009730909893280026,0.005794165316045381
2008H2-R,R,tabpfn@t1,20260913,2018H1,24416,148,0.009714831735514524,0.006061598951507209
2008H2-R,R,tabpfn@t1,20260913,2018H2,24543,146,0.009945043133178996,0.005948743022450393
2008H2-R,R,tabpfn@t1,20260913,2019H1,24752,110,0.009593688246337438,0.0044440853264382674
2008H2-R,R,tabpfn@t1,20260913,2019H2,24861,136,0.008568352890523375,0.005470415510236917
2008H2-R,R,tabpfn@t1,20260913,2020H1,24880,111,0.007214940087677859,0.004461414790996785
2008H2-R,R,tabpfn@t1,20260913,2020H2,24919,71,0.0061613384018034895,0.0028492315100927005
2008H2-R,R,tabpfn@t1,20260913,2021H1,24909,90,0.006940920177995893,0.003613151872817054
2008H2-R,R,tabpfn@t1,20260913,2021H2,24929,136,0.00807239461226628,0.005455493601829195
2008H2-R,R,tabpfn@t1,20260913,2022H1,24889,291,0.009325162637598526,0.011691912089678172
2008H2-R,R,tabpfn@t1,20260913,2022H2,24859,373,0.009416448406432576,0.015004626091154109
2008H2-R,R,tabpfn@t1,20260913,2023H1,24882,381,0.009608527912880697,0.015312273932963588
2008H2-R,R,tabpfn@t1,20260913,2023H2,24866,363,0.008965348867114628,0.014598246601785572
2010H2-R,R,gbm,,2011H1,24614,195,0.03168117063463134,0.007922320630535468
2010H2-R,R,gbm,,2011H2,24646,119,0.025571131381328625,0.004828369715166762
2010H2-R,R,gbm,,2012H1,24306,148,0.04410865759081595,0.0060890315148523
2010H2-R,R,gbm,,2012H2,24538,131,0.04258848532955533,0.005338658407368164
2010H2-R,R,gbm,,2013H1,24341,85,0.044055206394321464,0.003492050449858264
2010H2-R,R,gbm,,2013H2,23974,142,0.04565947645493853,0.0059230833402853095
2010H2-R,R,gbm,,2014H1,24341,137,0.04183915924913651,0.005628363666242143
2010H2-R,R,gbm,,2014H2,24213,99,0.038990948675047626,0.004088712675009293
2010H2-R,R,gbm,,2015H1,24159,83,0.037273998415262556,0.0034355726644314747
2010H2-R,R,gbm,,2015H2,24159,130,0.0380730368995543,0.0053810174262179725
2010H2-R,R,gbm,,2016H1,24632,115,0.0388968332247157,0.0046687236115621955
2010H2-R,R,gbm,,2016H2,24760,121,0.03923393540421305,0.004886914378029079
2010H2-R,R,gbm,,2017H1,24541,162,0.04231940069314487,0.00660119799519172
2010H2-R,R,gbm,,2017H2,24680,143,0.041504454064451544,0.005794165316045381
2010H2-R,R,gbm,,2018H1,24416,148,0.03927974715107349,0.006061598951507209
2010H2-R,R,gbm,,2018H2,24543,146,0.03901273470011291,0.005948743022450393
2010H2-R,R,gbm,,2019H1,24752,110,0.039379440770831324,0.0044440853264382674
2010H2-R,R,gbm,,2019H2,24861,136,0.03890974111352072,0.005470415510236917
2010H2-R,R,gbm,,2020H1,24880,111,0.033246423778497035,0.004461414790996785
2010H2-R,R,gbm,,2020H2,24919,71,0.03016212191759109,0.0028492315100927005
2010H2-R,R,gbm,,2021H1,24909,90,0.030766018358843128,0.003613151872817054
2010H2-R,R,gbm,,2021H2,24929,136,0.033967870336556905,0.005455493601829195
2010H2-R,R,gbm,,2022H1,24889,291,0.03496223066727003,0.011691912089678172
2010H2-R,R,gbm,,2022H2,24859,373,0.03413333606394526,0.015004626091154109
2010H2-R,R,gbm,,2023H1,24882,381,0.033820932967012364,0.015312273932963588
2010H2-R,R,gbm,,2023H2,24866,363,0.029915237862843554,0.014598246601785572
2010H2-R,R,gbm-50k,20260911,2011H1,24614,195,0.029272961526389578,0.007922320630535468
2010H2-R,R,gbm-50k,20260911,2011H2,24646,119,0.024413970080956734,0.004828369715166762
2010H2-R,R,gbm-50k,20260911,2012H1,24306,148,0.036690669439229155,0.0060890315148523
2010H2-R,R,gbm-50k,20260911,2012H2,24538,131,0.03651105735857996,0.005338658407368164
2010H2-R,R,gbm-50k,20260911,2013H1,24341,85,0.038876846201674364,0.003492050449858264
2010H2-R,R,gbm-50k,20260911,2013H2,23974,142,0.0424343111785319,0.0059230833402853095
2010H2-R,R,gbm-50k,20260911,2014H1,24341,137,0.04152435721520247,0.005628363666242143
2010H2-R,R,gbm-50k,20260911,2014H2,24213,99,0.03960200480608828,0.004088712675009293
2010H2-R,R,gbm-50k,20260911,2015H1,24159,83,0.03787495768718425,0.0034355726644314747
2010H2-R,R,gbm-50k,20260911,2015H2,24159,130,0.03929604962295062,0.0053810174262179725
2010H2-R,R,gbm-50k,20260911,2016H1,24632,115,0.040117165940170584,0.0046687236115621955
2010H2-R,R,gbm-50k,20260911,2016H2,24760,121,0.04045145556389213,0.004886914378029079
2010H2-R,R,gbm-50k,20260911,2017H1,24541,162,0.043843172548235686,0.00660119799519172
2010H2-R,R,gbm-50k,20260911,2017H2,24680,143,0.043285883479558834,0.005794165316045381
2010H2-R,R,gbm-50k,20260911,2018H1,24416,148,0.04143599116876453,0.006061598951507209
2010H2-R,R,gbm-50k,20260911,2018H2,24543,146,0.041328113712486646,0.005948743022450393
2010H2-R,R,gbm-50k,20260911,2019H1,24752,110,0.04158714552958296,0.0044440853264382674
2010H2-R,R,gbm-50k,20260911,2019H2,24861,136,0.04055274487298853,0.005470415510236917
2010H2-R,R,gbm-50k,20260911,2020H1,24880,111,0.03446784764971314,0.004461414790996785
2010H2-R,R,gbm-50k,20260911,2020H2,24919,71,0.031306687601385885,0.0028492315100927005
2010H2-R,R,gbm-50k,20260911,2021H1,24909,90,0.032097819012466756,0.003613151872817054
2010H2-R,R,gbm-50k,20260911,2021H2,24929,136,0.03559144516379395,0.005455493601829195
2010H2-R,R,gbm-50k,20260911,2022H1,24889,291,0.03721602774926517,0.011691912089678172
2010H2-R,R,gbm-50k,20260911,2022H2,24859,373,0.03735154575013262,0.015004626091154109
2010H2-R,R,gbm-50k,20260911,2023H1,24882,381,0.036818739988294234,0.015312273932963588
2010H2-R,R,gbm-50k,20260911,2023H2,24866,363,0.032883983736938634,0.014598246601785572
2010H2-R,R,gbm-50k,20260912,2011H1,24614,195,0.03021312743649945,0.007922320630535468
2010H2-R,R,gbm-50k,20260912,2011H2,24646,119,0.0246455648684116,0.004828369715166762
2010H2-R,R,gbm-50k,20260912,2012H1,24306,148,0.04153594566569094,0.0060890315148523
2010H2-R,R,gbm-50k,20260912,2012H2,24538,131,0.04034686587105627,0.005338658407368164
2010H2-R,R,gbm-50k,20260912,2013H1,24341,85,0.04147679004529734,0.003492050449858264
2010H2-R,R,gbm-50k,20260912,2013H2,23974,142,0.043293663122361395,0.0059230833402853095
2010H2-R,R,gbm-50k,20260912,2014H1,24341,137,0.040538120162103605,0.005628363666242143
2010H2-R,R,gbm-50k,20260912,2014H2,24213,99,0.037978113967360394,0.004088712675009293
2010H2-R,R,gbm-50k,20260912,2015H1,24159,83,0.0361604004879873,0.0034355726644314747
2010H2-R,R,gbm-50k,20260912,2015H2,24159,130,0.037376426565523126,0.0053810174262179725
2010H2-R,R,gbm-50k,20260912,2016H1,24632,115,0.037932132395292556,0.0046687236115621955
2010H2-R,R,gbm-50k,20260912,2016H2,24760,121,0.0380854890418525,0.004886914378029079
2010H2-R,R,gbm-50k,20260912,2017H1,24541,162,0.041687767796153734,0.00660119799519172
2010H2-R,R,gbm-50k,20260912,2017H2,24680,143,0.041044157979026594,0.005794165316045381
2010H2-R,R,gbm-50k,20260912,2018H1,24416,148,0.03909992365709686,0.006061598951507209
2010H2-R,R,gbm-50k,20260912,2018H2,24543,146,0.03885237137577518,0.005948743022450393
2010H2-R,R,gbm-50k,20260912,2019H1,24752,110,0.03913535192446027,0.0044440853264382674
2010H2-R,R,gbm-50k,20260912,2019H2,24861,136,0.03795100483721647,0.005470415510236917
2010H2-R,R,gbm-50k,20260912,2020H1,24880,111,0.032227088594162,0.004461414790996785
2010H2-R,R,gbm-50k,20260912,2020H2,24919,71,0.029268176936709675,0.0028492315100927005
2010H2-R,R,gbm-50k,20260912,2021H1,24909,90,0.02983560808406846,0.003613151872817054
2010H2-R,R,gbm-50k,20260912,2021H2,24929,136,0.03311359598333495,0.005455493601829195
2010H2-R,R,gbm-50k,20260912,2022H1,24889,291,0.03439438172589347,0.011691912089678172
2010H2-R,R,gbm-50k,20260912,2022H2,24859,373,0.034058070574887696,0.015004626091154109
2010H2-R,R,gbm-50k,20260912,2023H1,24882,381,0.03404531626502967,0.015312273932963588
2010H2-R,R,gbm-50k,20260912,2023H2,24866,363,0.030372301639704273,0.014598246601785572
2010H2-R,R,gbm-50k,20260913,2011H1,24614,195,0.029940746066538865,0.007922320630535468
2010H2-R,R,gbm-50k,20260913,2011H2,24646,119,0.02466944426323998,0.004828369715166762
2010H2-R,R,gbm-50k,20260913,2012H1,24306,148,0.04042634491178575,0.0060890315148523
2010H2-R,R,gbm-50k,20260913,2012H2,24538,131,0.039199330361863835,0.005338658407368164
2010H2-R,R,gbm-50k,20260913,2013H1,24341,85,0.04113561111277138,0.003492050449858264
2010H2-R,R,gbm-50k,20260913,2013H2,23974,142,0.043546856708353725,0.0059230833402853095
2010H2-R,R,gbm-50k,20260913,2014H1,24341,137,0.04082927747693196,0.005628363666242143
2010H2-R,R,gbm-50k,20260913,2014H2,24213,99,0.038134398795633496,0.004088712675009293
2010H2-R,R,gbm-50k,20260913,2015H1,24159,83,0.036505893885265574,0.0034355726644314747
2010H2-R,R,gbm-50k,20260913,2015H2,24159,130,0.03739486405029921,0.0053810174262179725
2010H2-R,R,gbm-50k,20260913,2016H1,24632,115,0.03806388804271393,0.0046687236115621955
2010H2-R,R,gbm-50k,20260913,2016H2,24760,121,0.038112298565365355,0.004886914378029079
2010H2-R,R,gbm-50k,20260913,2017H1,24541,162,0.04133471027136916,0.00660119799519172
2010H2-R,R,gbm-50k,20260913,2017H2,24680,143,0.04067026929072369,0.005794165316045381
2010H2-R,R,gbm-50k,20260913,2018H1,24416,148,0.038838277645546745,0.006061598951507209
2010H2-R,R,gbm-50k,20260913,2018H2,24543,146,0.03857141645969448,0.005948743022450393
2010H2-R,R,gbm-50k,20260913,2019H1,24752,110,0.0386981039896021,0.0044440853264382674
2010H2-R,R,gbm-50k,20260913,2019H2,24861,136,0.037873443689231824,0.005470415510236917
2010H2-R,R,gbm-50k,20260913,2020H1,24880,111,0.03268722779566554,0.004461414790996785
2010H2-R,R,gbm-50k,20260913,2020H2,24919,71,0.030095279082446903,0.0028492315100927005
2010H2-R,R,gbm-50k,20260913,2021H1,24909,90,0.030354919007686738,0.003613151872817054
2010H2-R,R,gbm-50k,20260913,2021H2,24929,136,0.033196632478324946,0.005455493601829195
2010H2-R,R,gbm-50k,20260913,2022H1,24889,291,0.03419935277496613,0.011691912089678172
2010H2-R,R,gbm-50k,20260913,2022H2,24859,373,0.03415892689979664,0.015004626091154109
2010H2-R,R,gbm-50k,20260913,2023H1,24882,381,0.03400432290604686,0.015312273932963588
2010H2-R,R,gbm-50k,20260913,2023H2,24866,363,0.03039365532194171,0.014598246601785572
2010H2-R,R,scorecard,,2011H1,24614,195,0.024907589523884572,0.007922320630535468
2010H2-R,R,scorecard,,2011H2,24646,119,0.020413718761420348,0.004828369715166762
2010H2-R,R,scorecard,,2012H1,24306,148,0.028114804471628653,0.0060890315148523
2010H2-R,R,scorecard,,2012H2,24538,131,0.028465889914297392,0.005338658407368164
2010H2-R,R,scorecard,,2013H1,24341,85,0.03118929118698599,0.003492050449858264
2010H2-R,R,scorecard,,2013H2,23974,142,0.03718838520016214,0.0059230833402853095
2010H2-R,R,scorecard,,2014H1,24341,137,0.038107030191830975,0.005628363666242143
2010H2-R,R,scorecard,,2014H2,24213,99,0.03650397172535678,0.004088712675009293
2010H2-R,R,scorecard,,2015H1,24159,83,0.03418132742104511,0.0034355726644314747
2010H2-R,R,scorecard,,2015H2,24159,130,0.03755696951129093,0.0053810174262179725
2010H2-R,R,scorecard,,2016H1,24632,115,0.038274511592509865,0.0046687236115621955
2010H2-R,R,scorecard,,2016H2,24760,121,0.03749408598734438,0.004886914378029079
2010H2-R,R,scorecard,,2017H1,24541,162,0.04253285362013675,0.00660119799519172
2010H2-R,R,scorecard,,2017H2,24680,143,0.042612481246935376,0.005794165316045381
2010H2-R,R,scorecard,,2018H1,24416,148,0.04179672672986124,0.006061598951507209
2010H2-R,R,scorecard,,2018H2,24543,146,0.04275921499815505,0.005948743022450393
2010H2-R,R,scorecard,,2019H1,24752,110,0.04137468470290609,0.0044440853264382674
2010H2-R,R,scorecard,,2019H2,24861,136,0.0372134523144436,0.005470415510236917
2010H2-R,R,scorecard,,2020H1,24880,111,0.031200953024247646,0.004461414790996785
2010H2-R,R,scorecard,,2020H2,24919,71,0.0284301850595384,0.0028492315100927005
2010H2-R,R,scorecard,,2021H1,24909,90,0.030485573508952726,0.003613151872817054
2010H2-R,R,scorecard,,2021H2,24929,136,0.03595040007518243,0.005455493601829195
2010H2-R,R,scorecard,,2022H1,24889,291,0.03868686939447722,0.011691912089678172
2010H2-R,R,scorecard,,2022H2,24859,373,0.04018012199167859,0.015004626091154109
2010H2-R,R,scorecard,,2023H1,24882,381,0.0396396528476729,0.015312273932963588
2010H2-R,R,scorecard,,2023H2,24866,363,0.03617578558814313,0.014598246601785572
2010H2-R,R,tabicl,20260911,2011H1,24614,195,0.021482228051625314,0.007922320630535468
2010H2-R,R,tabicl,20260911,2011H2,24646,119,0.01749135391655001,0.004828369715166762
2010H2-R,R,tabicl,20260911,2012H1,24306,148,0.02583613468833666,0.0060890315148523
2010H2-R,R,tabicl,20260911,2012H2,24538,131,0.026529635764480083,0.005338658407368164
2010H2-R,R,tabicl,20260911,2013H1,24341,85,0.029138792389874272,0.003492050449858264
2010H2-R,R,tabicl,20260911,2013H2,23974,142,0.03289146093449837,0.0059230833402853095
2010H2-R,R,tabicl,20260911,2014H1,24341,137,0.03234373806733214,0.005628363666242143
2010H2-R,R,tabicl,20260911,2014H2,24213,99,0.03126041007920011,0.004088712675009293
2010H2-R,R,tabicl,20260911,2015H1,24159,83,0.029717492192909617,0.0034355726644314747
2010H2-R,R,tabicl,20260911,2015H2,24159,130,0.030630920384478254,0.0053810174262179725
2010H2-R,R,tabicl,20260911,2016H1,24632,115,0.031723232543067206,0.0046687236115621955
2010H2-R,R,tabicl,20260911,2016H2,24760,121,0.03176712123064203,0.004886914378029079
2010H2-R,R,tabicl,20260911,2017H1,24541,162,0.03445087358859858,0.00660119799519172
2010H2-R,R,tabicl,20260911,2017H2,24680,143,0.033857706869317286,0.005794165316045381
2010H2-R,R,tabicl,20260911,2018H1,24416,148,0.03202789395660567,0.006061598951507209
2010H2-R,R,tabicl,20260911,2018H2,24543,146,0.03177235990749704,0.005948743022450393
2010H2-R,R,tabicl,20260911,2019H1,24752,110,0.03200727354434459,0.0044440853264382674
2010H2-R,R,tabicl,20260911,2019H2,24861,136,0.03143707415181092,0.005470415510236917
2010H2-R,R,tabicl,20260911,2020H1,24880,111,0.02651365271073943,0.004461414790996785
2010H2-R,R,tabicl,20260911,2020H2,24919,71,0.023557808946306633,0.0028492315100927005
2010H2-R,R,tabicl,20260911,2021H1,24909,90,0.02433164767588661,0.003613151872817054
2010H2-R,R,tabicl,20260911,2021H2,24929,136,0.02756452030674878,0.005455493601829195
2010H2-R,R,tabicl,20260911,2022H1,24889,291,0.02891640423569839,0.011691912089678172
2010H2-R,R,tabicl,20260911,2022H2,24859,373,0.028370537778017298,0.015004626091154109
2010H2-R,R,tabicl,20260911,2023H1,24882,381,0.02733136777593632,0.015312273932963588
2010H2-R,R,tabicl,20260911,2023H2,24866,363,0.023993085986290713,0.014598246601785572
2010H2-R,R,tabicl,20260912,2011H1,24614,195,0.021041294687214124,0.007922320630535468
2010H2-R,R,tabicl,20260912,2011H2,24646,119,0.01698070924803508,0.004828369715166762
2010H2-R,R,tabicl,20260912,2012H1,24306,148,0.026827958670262622,0.0060890315148523
2010H2-R,R,tabicl,20260912,2012H2,24538,131,0.02751310067470849,0.005338658407368164
2010H2-R,R,tabicl,20260912,2013H1,24341,85,0.029439739058525254,0.003492050449858264
2010H2-R,R,tabicl,20260912,2013H2,23974,142,0.032432247098346884,0.0059230833402853095
2010H2-R,R,tabicl,20260912,2014H1,24341,137,0.031421960130166196,0.005628363666242143
2010H2-R,R,tabicl,20260912,2014H2,24213,99,0.030425982608457296,0.004088712675009293
2010H2-R,R,tabicl,20260912,2015H1,24159,83,0.028994623695580663,0.0034355726644314747
2010H2-R,R,tabicl,20260912,2015H2,24159,130,0.029974213064252603,0.0053810174262179725
2010H2-R,R,tabicl,20260912,2016H1,24632,115,0.030772921138664058,0.0046687236115621955
2010H2-R,R,tabicl,20260912,2016H2,24760,121,0.03111855307088439,0.004886914378029079
2010H2-R,R,tabicl,20260912,2017H1,24541,162,0.033691982794005176,0.00660119799519172
2010H2-R,R,tabicl,20260912,2017H2,24680,143,0.033200970710642604,0.005794165316045381
2010H2-R,R,tabicl,20260912,2018H1,24416,148,0.0313401483140967,0.006061598951507209
2010H2-R,R,tabicl,20260912,2018H2,24543,146,0.030887017878129783,0.005948743022450393
2010H2-R,R,tabicl,20260912,2019H1,24752,110,0.031132334654172995,0.0044440853264382674
2010H2-R,R,tabicl,20260912,2019H2,24861,136,0.030535924288793974,0.005470415510236917
2010H2-R,R,tabicl,20260912,2020H1,24880,111,0.025917248849049036,0.004461414790996785
2010H2-R,R,tabicl,20260912,2020H2,24919,71,0.023034639388853664,0.0028492315100927005
2010H2-R,R,tabicl,20260912,2021H1,24909,90,0.023977304765921078,0.003613151872817054
2010H2-R,R,tabicl,20260912,2021H2,24929,136,0.027322417488993632,0.005455493601829195
2010H2-R,R,tabicl,20260912,2022H1,24889,291,0.028504146835279676,0.011691912089678172
2010H2-R,R,tabicl,20260912,2022H2,24859,373,0.027195762604242543,0.015004626091154109
2010H2-R,R,tabicl,20260912,2023H1,24882,381,0.026238594056929812,0.015312273932963588
2010H2-R,R,tabicl,20260912,2023H2,24866,363,0.02312383565316546,0.014598246601785572
2010H2-R,R,tabicl,20260913,2011H1,24614,195,0.02536548062994206,0.007922320630535468
2010H2-R,R,tabicl,20260913,2011H2,24646,119,0.020923521183205777,0.004828369715166762
2010H2-R,R,tabicl,20260913,2012H1,24306,148,0.031553462790716254,0.0060890315148523
2010H2-R,R,tabicl,20260913,2012H2,24538,131,0.03209977045306572,0.005338658407368164
2010H2-R,R,tabicl,20260913,2013H1,24341,85,0.03465613920683447,0.003492050449858264
2010H2-R,R,tabicl,20260913,2013H2,23974,142,0.037901999778995756,0.0059230833402853095
2010H2-R,R,tabicl,20260913,2014H1,24341,137,0.036214169224965856,0.005628363666242143
2010H2-R,R,tabicl,20260913,2014H2,24213,99,0.034829806536726814,0.004088712675009293
2010H2-R,R,tabicl,20260913,2015H1,24159,83,0.033529343209512806,0.0034355726644314747
2010H2-R,R,tabicl,20260913,2015H2,24159,130,0.034049618738914905,0.0053810174262179725
2010H2-R,R,tabicl,20260913,2016H1,24632,115,0.0353314768248319,0.0046687236115621955
2010H2-R,R,tabicl,20260913,2016H2,24760,121,0.035483280853235544,0.004886914378029079
2010H2-R,R,tabicl,20260913,2017H1,24541,162,0.038000034020063356,0.00660119799519172
2010H2-R,R,tabicl,20260913,2017H2,24680,143,0.03743885105756406,0.005794165316045381
2010H2-R,R,tabicl,20260913,2018H1,24416,148,0.03518733468287746,0.006061598951507209
2010H2-R,R,tabicl,20260913,2018H2,24543,146,0.03424836298053605,0.005948743022450393
2010H2-R,R,tabicl,20260913,2019H1,24752,110,0.034817071709562886,0.0044440853264382674
2010H2-R,R,tabicl,20260913,2019H2,24861,136,0.03477206871929279,0.005470415510236917
2010H2-R,R,tabicl,20260913,2020H1,24880,111,0.030452596276257304,0.004461414790996785
2010H2-R,R,tabicl,20260913,2020H2,24919,71,0.027264412691985235,0.0028492315100927005
2010H2-R,R,tabicl,20260913,2021H1,24909,90,0.02850791707720548,0.003613151872817054
2010H2-R,R,tabicl,20260913,2021H2,24929,136,0.03214302003423286,0.005455493601829195
2010H2-R,R,tabicl,20260913,2022H1,24889,291,0.032629339398119774,0.011691912089678172
2010H2-R,R,tabicl,20260913,2022H2,24859,373,0.0297909949164954,0.015004626091154109
2010H2-R,R,tabicl,20260913,2023H1,24882,381,0.02793135157316117,0.015312273932963588
2010H2-R,R,tabicl,20260913,2023H2,24866,363,0.024800438438505688,0.014598246601785572
2010H2-R,R,tabicl@t1,20260911,2011H1,24614,195,0.027739951157349972,0.007922320630535468
2010H2-R,R,tabicl@t1,20260911,2011H2,24646,119,0.022928804686076897,0.004828369715166762
2010H2-R,R,tabicl@t1,20260911,2012H1,24306,148,0.03255962708456152,0.0060890315148523
2010H2-R,R,tabicl@t1,20260911,2012H2,24538,131,0.03341099268250644,0.005338658407368164
2010H2-R,R,tabicl@t1,20260911,2013H1,24341,85,0.03649300331536117,0.003492050449858264
2010H2-R,R,tabicl@t1,20260911,2013H2,23974,142,0.041079629463650895,0.0059230833402853095
2010H2-R,R,tabicl@t1,20260911,2014H1,24341,137,0.0406407480843601,0.005628363666242143
2010H2-R,R,tabicl@t1,20260911,2014H2,24213,99,0.03944437327689089,0.004088712675009293
2010H2-R,R,tabicl@t1,20260911,2015H1,24159,83,0.037708406534822284,0.0034355726644314747
2010H2-R,R,tabicl@t1,20260911,2015H2,24159,130,0.038839761448140615,0.0053810174262179725
2010H2-R,R,tabicl@t1,20260911,2016H1,24632,115,0.04009069912680065,0.0046687236115621955
2010H2-R,R,tabicl@t1,20260911,2016H2,24760,121,0.04003149476781801,0.004886914378029079
2010H2-R,R,tabicl@t1,20260911,2017H1,24541,162,0.04328195053372342,0.00660119799519172
2010H2-R,R,tabicl@t1,20260911,2017H2,24680,143,0.04263683694693019,0.005794165316045381
2010H2-R,R,tabicl@t1,20260911,2018H1,24416,148,0.04063140113158191,0.006061598951507209
2010H2-R,R,tabicl@t1,20260911,2018H2,24543,146,0.040353150208464326,0.005948743022450393
2010H2-R,R,tabicl@t1,20260911,2019H1,24752,110,0.040738240676347834,0.0044440853264382674
2010H2-R,R,tabicl@t1,20260911,2019H2,24861,136,0.03998108873777785,0.005470415510236917
2010H2-R,R,tabicl@t1,20260911,2020H1,24880,111,0.03416055452064001,0.004461414790996785
2010H2-R,R,tabicl@t1,20260911,2020H2,24919,71,0.03060047351583524,0.0028492315100927005
2010H2-R,R,tabicl@t1,20260911,2021H1,24909,90,0.031634621698331415,0.003613151872817054
2010H2-R,R,tabicl@t1,20260911,2021H2,24929,136,0.03553564846499709,0.005455493601829195
2010H2-R,R,tabicl@t1,20260911,2022H1,24889,291,0.03733644607763245,0.011691912089678172
2010H2-R,R,tabicl@t1,20260911,2022H2,24859,373,0.03670895837794574,0.015004626091154109
2010H2-R,R,tabicl@t1,20260911,2023H1,24882,381,0.03526808403227607,0.015312273932963588
2010H2-R,R,tabicl@t1,20260911,2023H2,24866,363,0.0313058132272308,0.014598246601785572
2010H2-R,R,tabicl@t1,20260912,2011H1,24614,195,0.027127059736505085,0.007922320630535468
2010H2-R,R,tabicl@t1,20260912,2011H2,24646,119,0.02217443115623954,0.004828369715166762
2010H2-R,R,tabicl@t1,20260912,2012H1,24306,148,0.03343093169814649,0.0060890315148523
2010H2-R,R,tabicl@t1,20260912,2012H2,24538,131,0.034286136613382645,0.005338658407368164
2010H2-R,R,tabicl@t1,20260912,2013H1,24341,85,0.03659065027426718,0.003492050449858264
2010H2-R,R,tabicl@t1,20260912,2013H2,23974,142,0.04035317363900495,0.0059230833402853095
2010H2-R,R,tabicl@t1,20260912,2014H1,24341,137,0.03941208769049727,0.005628363666242143
2010H2-R,R,tabicl@t1,20260912,2014H2,24213,99,0.038334693362289514,0.004088712675009293
2010H2-R,R,tabicl@t1,20260912,2015H1,24159,83,0.03672416915465012,0.0034355726644314747
2010H2-R,R,tabicl@t1,20260912,2015H2,24159,130,0.037897607398159956,0.0053810174262179725
2010H2-R,R,tabicl@t1,20260912,2016H1,24632,115,0.0388154840307376,0.0046687236115621955
2010H2-R,R,tabicl@t1,20260912,2016H2,24760,121,0.03908255768000861,0.004886914378029079
2010H2-R,R,tabicl@t1,20260912,2017H1,24541,162,0.04220859476307909,0.00660119799519172
2010H2-R,R,tabicl@t1,20260912,2017H2,24680,143,0.041693674188837807,0.005794165316045381
2010H2-R,R,tabicl@t1,20260912,2018H1,24416,148,0.03963260286122691,0.006061598951507209
2010H2-R,R,tabicl@t1,20260912,2018H2,24543,146,0.03916073861419533,0.005948743022450393
2010H2-R,R,tabicl@t1,20260912,2019H1,24752,110,0.039570386771010976,0.0044440853264382674
2010H2-R,R,tabicl@t1,20260912,2019H2,24861,136,0.03878689114740086,0.005470415510236917
2010H2-R,R,tabicl@t1,20260912,2020H1,24880,111,0.03329894472540469,0.004461414790996785
2010H2-R,R,tabicl@t1,20260912,2020H2,24919,71,0.029814556404890613,0.0028492315100927005
2010H2-R,R,tabicl@t1,20260912,2021H1,24909,90,0.03103820803688686,0.003613151872817054
2010H2-R,R,tabicl@t1,20260912,2021H2,24929,136,0.03505960512961785,0.005455493601829195
2010H2-R,R,tabicl@t1,20260912,2022H1,24889,291,0.03669334346108919,0.011691912089678172
2010H2-R,R,tabicl@t1,20260912,2022H2,24859,373,0.03523121388739779,0.015004626091154109
2010H2-R,R,tabicl@t1,20260912,2023H1,24882,381,0.03384330868516658,0.015312273932963588
2010H2-R,R,tabicl@t1,20260912,2023H2,24866,363,0.03016360179050422,0.014598246601785572
2010H2-R,R,tabicl@t1,20260913,2011H1,24614,195,0.03228753598139604,0.007922320630535468
2010H2-R,R,tabicl@t1,20260913,2011H2,24646,119,0.02696982647362754,0.004828369715166762
2010H2-R,R,tabicl@t1,20260913,2012H1,24306,148,0.0390821163646109,0.0060890315148523
2010H2-R,R,tabicl@t1,20260913,2012H2,24538,131,0.03976482006128519,0.005338658407368164
2010H2-R,R,tabicl@t1,20260913,2013H1,24341,85,0.04268363919728039,0.003492050449858264
2010H2-R,R,tabicl@t1,20260913,2013H2,23974,142,0.04665758613516499,0.0059230833402853095
2010H2-R,R,tabicl@t1,20260913,2014H1,24341,137,0.04498476242639463,0.005628363666242143
2010H2-R,R,tabicl@t1,20260913,2014H2,24213,99,0.04350543482797417,0.004088712675009293
2010H2-R,R,tabicl@t1,20260913,2015H1,24159,83,0.04210027868855967,0.0034355726644314747
2010H2-R,R,tabicl@t1,20260913,2015H2,24159,130,0.042767662150752,0.0053810174262179725
2010H2-R,R,tabicl@t1,20260913,2016H1,24632,115,0.04424713839137276,0.0046687236115621955
2010H2-R,R,tabicl@t1,20260913,2016H2,24760,121,0.044357909340700524,0.004886914378029079
2010H2-R,R,tabicl@t1,20260913,2017H1,24541,162,0.047318127943029,0.00660119799519172
2010H2-R,R,tabicl@t1,20260913,2017H2,24680,143,0.04673624643010146,0.005794165316045381
2010H2-R,R,tabicl@t1,20260913,2018H1,24416,148,0.04427029133332578,0.006061598951507209
2010H2-R,R,tabicl@t1,20260913,2018H2,24543,146,0.04328570292078566,0.005948743022450393
2010H2-R,R,tabicl@t1,20260913,2019H1,24752,110,0.044036029502083324,0.0044440853264382674
2010H2-R,R,tabicl@t1,20260913,2019H2,24861,136,0.043927463766678346,0.005470415510236917
2010H2-R,R,tabicl@t1,20260913,2020H1,24880,111,0.038791822028024774,0.004461414790996785
2010H2-R,R,tabicl@t1,20260913,2020H2,24919,71,0.03503671049953118,0.0028492315100927005
2010H2-R,R,tabicl@t1,20260913,2021H1,24909,90,0.03650861079433061,0.003613151872817054
2010H2-R,R,tabicl@t1,20260913,2021H2,24929,136,0.04079040897546799,0.005455493601829195
2010H2-R,R,tabicl@t1,20260913,2022H1,24889,291,0.041590331681047844,0.011691912089678172
2010H2-R,R,tabicl@t1,20260913,2022H2,24859,373,0.038498079826147745,0.015004626091154109
2010H2-R,R,tabicl@t1,20260913,2023H1,24882,381,0.03613399161388357,0.015312273932963588
2010H2-R,R,tabicl@t1,20260913,2023H2,24866,363,0.03238540626168253,0.014598246601785572
2010H2-R,R,tabpfn,20260911,2011H1,24614,195,0.020157449705824823,0.007922320630535468
2010H2-R,R,tabpfn,20260911,2011H2,24646,119,0.01631166116363982,0.004828369715166762
2010H2-R,R,tabpfn,20260911,2012H1,24306,148,0.025246367266281135,0.0060890315148523
2010H2-R,R,tabpfn,20260911,2012H2,24538,131,0.02567116338952362,0.005338658407368164
2010H2-R,R,tabpfn,20260911,2013H1,24341,85,0.027921540971758065,0.003492050449858264
2010H2-R,R,tabpfn,20260911,2013H2,23974,142,0.031209600709939934,0.0059230833402853095
2010H2-R,R,tabpfn,20260911,2014H1,24341,137,0.030709336079058545,0.005628363666242143
2010H2-R,R,tabpfn,20260911,2014H2,24213,99,0.029480213548357732,0.004088712675009293
2010H2-R,R,tabpfn,20260911,2015H1,24159,83,0.028184121255601064,0.0034355726644314747
2010H2-R,R,tabpfn,20260911,2015H2,24159,130,0.029179635911829455,0.0053810174262179725
2010H2-R,R,tabpfn,20260911,2016H1,24632,115,0.030212521872118293,0.0046687236115621955
2010H2-R,R,tabpfn,20260911,2016H2,24760,121,0.030601201496636213,0.004886914378029079
2010H2-R,R,tabpfn,20260911,2017H1,24541,162,0.03358084470641993,0.00660119799519172
2010H2-R,R,tabpfn,20260911,2017H2,24680,143,0.032945225961905945,0.005794165316045381
2010H2-R,R,tabpfn,20260911,2018H1,24416,148,0.03133526960635675,0.006061598951507209
2010H2-R,R,tabpfn,20260911,2018H2,24543,146,0.031152123773868425,0.005948743022450393
2010H2-R,R,tabpfn,20260911,2019H1,24752,110,0.03136483998309476,0.0044440853264382674
2010H2-R,R,tabpfn,20260911,2019H2,24861,136,0.030306896441723782,0.005470415510236917
2010H2-R,R,tabpfn,20260911,2020H1,24880,111,0.025136448627223258,0.004461414790996785
2010H2-R,R,tabpfn,20260911,2020H2,24919,71,0.022315767345275263,0.0028492315100927005
2010H2-R,R,tabpfn,20260911,2021H1,24909,90,0.023012507203370516,0.003613151872817054
2010H2-R,R,tabpfn,20260911,2021H2,24929,136,0.026122304321620347,0.005455493601829195
2010H2-R,R,tabpfn,20260911,2022H1,24889,291,0.027445276555915773,0.011691912089678172
2010H2-R,R,tabpfn,20260911,2022H2,24859,373,0.02713494225803908,0.015004626091154109
2010H2-R,R,tabpfn,20260911,2023H1,24882,381,0.026709380478517456,0.015312273932963588
2010H2-R,R,tabpfn,20260911,2023H2,24866,363,0.02349817337556958,0.014598246601785572
2010H2-R,R,tabpfn,20260912,2011H1,24614,195,0.020744650504417733,0.007922320630535468
2010H2-R,R,tabpfn,20260912,2011H2,24646,119,0.016652741606841714,0.004828369715166762
2010H2-R,R,tabpfn,20260912,2012H1,24306,148,0.027858484155246905,0.0060890315148523
2010H2-R,R,tabpfn,20260912,2012H2,24538,131,0.02767420989956516,0.005338658407368164
2010H2-R,R,tabpfn,20260912,2013H1,24341,85,0.029237005586137132,0.003492050449858264
2010H2-R,R,tabpfn,20260912,2013H2,23974,142,0.031660440233456294,0.0059230833402853095
2010H2-R,R,tabpfn,20260912,2014H1,24341,137,0.03028374335588936,0.005628363666242143
2010H2-R,R,tabpfn,20260912,2014H2,24213,99,0.02886131467297065,0.004088712675009293
2010H2-R,R,tabpfn,20260912,2015H1,24159,83,0.027608622300833902,0.0034355726644314747
2010H2-R,R,tabpfn,20260912,2015H2,24159,130,0.028521710140273524,0.0053810174262179725
2010H2-R,R,tabpfn,20260912,2016H1,24632,115,0.029285560137563584,0.0046687236115621955
2010H2-R,R,tabpfn,20260912,2016H2,24760,121,0.029754494775123444,0.004886914378029079
2010H2-R,R,tabpfn,20260912,2017H1,24541,162,0.032724286599602054,0.00660119799519172
2010H2-R,R,tabpfn,20260912,2017H2,24680,143,0.03205609349918232,0.005794165316045381
2010H2-R,R,tabpfn,20260912,2018H1,24416,148,0.030299183716734394,0.006061598951507209
2010H2-R,R,tabpfn,20260912,2018H2,24543,146,0.030099830139064605,0.005948743022450393
2010H2-R,R,tabpfn,20260912,2019H1,24752,110,0.030306338288237204,0.0044440853264382674
2010H2-R,R,tabpfn,20260912,2019H2,24861,136,0.02923203327797268,0.005470415510236917
2010H2-R,R,tabpfn,20260912,2020H1,24880,111,0.024369463805014733,0.004461414790996785
2010H2-R,R,tabpfn,20260912,2020H2,24919,71,0.021988972799572307,0.0028492315100927005
2010H2-R,R,tabpfn,20260912,2021H1,24909,90,0.022383342100786963,0.003613151872817054
2010H2-R,R,tabpfn,20260912,2021H2,24929,136,0.025412791428661374,0.005455493601829195
2010H2-R,R,tabpfn,20260912,2022H1,24889,291,0.02629112238503778,0.011691912089678172
2010H2-R,R,tabpfn,20260912,2022H2,24859,373,0.0259630494018028,0.015004626091154109
2010H2-R,R,tabpfn,20260912,2023H1,24882,381,0.02565273051711692,0.015312273932963588
2010H2-R,R,tabpfn,20260912,2023H2,24866,363,0.02249808104949845,0.014598246601785572
2010H2-R,R,tabpfn,20260913,2011H1,24614,195,0.023543632244008128,0.007922320630535468
2010H2-R,R,tabpfn,20260913,2011H2,24646,119,0.019092812267848903,0.004828369715166762
2010H2-R,R,tabpfn,20260913,2012H1,24306,148,0.033681826421876046,0.0060890315148523
2010H2-R,R,tabpfn,20260913,2012H2,24538,131,0.03271757365534257,0.005338658407368164
2010H2-R,R,tabpfn,20260913,2013H1,24341,85,0.03396357106363505,0.003492050449858264
2010H2-R,R,tabpfn,20260913,2013H2,23974,142,0.03543208050085975,0.0059230833402853095
2010H2-R,R,tabpfn,20260913,2014H1,24341,137,0.03236980540680933,0.005628363666242143
2010H2-R,R,tabpfn,20260913,2014H2,24213,99,0.029915512023324094,0.004088712675009293
2010H2-R,R,tabpfn,20260913,2015H1,24159,83,0.028522496592896854,0.0034355726644314747
2010H2-R,R,tabpfn,20260913,2015H2,24159,130,0.028962044151321385,0.0053810174262179725
2010H2-R,R,tabpfn,20260913,2016H1,24632,115,0.029821169603455478,0.0046687236115621955
2010H2-R,R,tabpfn,20260913,2016H2,24760,121,0.029830435051412158,0.004886914378029079
2010H2-R,R,tabpfn,20260913,2017H1,24541,162,0.03265999900569731,0.00660119799519172
2010H2-R,R,tabpfn,20260913,2017H2,24680,143,0.03177525120590371,0.005794165316045381
2010H2-R,R,tabpfn,20260913,2018H1,24416,148,0.030153405858720207,0.006061598951507209
2010H2-R,R,tabpfn,20260913,2018H2,24543,146,0.02965528392055255,0.005948743022450393
2010H2-R,R,tabpfn,20260913,2019H1,24752,110,0.02997909420723061,0.0044440853264382674
2010H2-R,R,tabpfn,20260913,2019H2,24861,136,0.029092046631630942,0.005470415510236917
2010H2-R,R,tabpfn,20260913,2020H1,24880,111,0.0247184711753376,0.004461414790996785
2010H2-R,R,tabpfn,20260913,2020H2,24919,71,0.02237333288135412,0.0028492315100927005
2010H2-R,R,tabpfn,20260913,2021H1,24909,90,0.02240890846919691,0.003613151872817054
2010H2-R,R,tabpfn,20260913,2021H2,24929,136,0.024781207779387464,0.005455493601829195
2010H2-R,R,tabpfn,20260913,2022H1,24889,291,0.025370815950394983,0.011691912089678172
2010H2-R,R,tabpfn,20260913,2022H2,24859,373,0.025393833846568452,0.015004626091154109
2010H2-R,R,tabpfn,20260913,2023H1,24882,381,0.02506000048187618,0.015312273932963588
2010H2-R,R,tabpfn,20260913,2023H2,24866,363,0.022070374524898382,0.014598246601785572
2010H2-R,R,tabpfn@t1,20260911,2011H1,24614,195,0.0260550333711862,0.007922320630535468
2010H2-R,R,tabpfn@t1,20260911,2011H2,24646,119,0.02137744033309591,0.004828369715166762
2010H2-R,R,tabpfn@t1,20260911,2012H1,24306,148,0.03164720175651397,0.0060890315148523
2010H2-R,R,tabpfn@t1,20260911,2012H2,24538,131,0.032213725776742454,0.005338658407368164
2010H2-R,R,tabpfn@t1,20260911,2013H1,24341,85,0.0348722326516767,0.003492050449858264
2010H2-R,R,tabpfn@t1,20260911,2013H2,23974,142,0.03898520882140166,0.0059230833402853095
2010H2-R,R,tabpfn@t1,20260911,2014H1,24341,137,0.038595385316186004,0.005628363666242143
2010H2-R,R,tabpfn@t1,20260911,2014H2,24213,99,0.03724906437936213,0.004088712675009293
2010H2-R,R,tabpfn@t1,20260911,2015H1,24159,83,0.03575765774528505,0.0034355726644314747
2010H2-R,R,tabpfn@t1,20260911,2015H2,24159,130,0.0369760667301275,0.0053810174262179725
2010H2-R,R,tabpfn@t1,20260911,2016H1,24632,115,0.038154656462991904,0.0046687236115621955
2010H2-R,R,tabpfn@t1,20260911,2016H2,24760,121,0.038474047948529475,0.004886914378029079
2010H2-R,R,tabpfn@t1,20260911,2017H1,24541,162,0.04203898231399033,0.00660119799519172
2010H2-R,R,tabpfn@t1,20260911,2017H2,24680,143,0.041365489461099796,0.005794165316045381
2010H2-R,R,tabpfn@t1,20260911,2018H1,24416,148,0.03960290223839074,0.006061598951507209
2010H2-R,R,tabpfn@t1,20260911,2018H2,24543,146,0.03938718279470407,0.005948743022450393
2010H2-R,R,tabpfn@t1,20260911,2019H1,24752,110,0.03975759704710951,0.0044440853264382674
2010H2-R,R,tabpfn@t1,20260911,2019H2,24861,136,0.0384484847502785,0.005470415510236917
2010H2-R,R,tabpfn@t1,20260911,2020H1,24880,111,0.032338683318714534,0.004461414790996785
2010H2-R,R,tabpfn@t1,20260911,2020H2,24919,71,0.02893765530201461,0.0028492315100927005
2010H2-R,R,tabpfn@t1,20260911,2021H1,24909,90,0.029886434325115105,0.003613151872817054
2010H2-R,R,tabpfn@t1,20260911,2021H2,24929,136,0.03366487361631783,0.005455493601829195
2010H2-R,R,tabpfn@t1,20260911,2022H1,24889,291,0.03544784881965747,0.011691912089678172
2010H2-R,R,tabpfn@t1,20260911,2022H2,24859,373,0.03511055840278422,0.015004626091154109
2010H2-R,R,tabpfn@t1,20260911,2023H1,24882,381,0.03434309324837993,0.015312273932963588
2010H2-R,R,tabpfn@t1,20260911,2023H2,24866,363,0.030538275078713893,0.014598246601785572
2010H2-R,R,tabpfn@t1,20260912,2011H1,24614,195,0.026616018839628098,0.007922320630535468
2010H2-R,R,tabpfn@t1,20260912,2011H2,24646,119,0.021657454613758256,0.004828369715166762
2010H2-R,R,tabpfn@t1,20260912,2012H1,24306,148,0.034336005199692834,0.0060890315148523
2010H2-R,R,tabpfn@t1,20260912,2012H2,24538,131,0.034250011996298055,0.005338658407368164
2010H2-R,R,tabpfn@t1,20260912,2013H1,24341,85,0.03615173356465025,0.003492050449858264
2010H2-R,R,tabpfn@t1,20260912,2013H2,23974,142,0.039300059370561025,0.0059230833402853095
2010H2-R,R,tabpfn@t1,20260912,2014H1,24341,137,0.037958238267505336,0.005628363666242143
2010H2-R,R,tabpfn@t1,20260912,2014H2,24213,99,0.03642641579207909,0.004088712675009293
2010H2-R,R,tabpfn@t1,20260912,2015H1,24159,83,0.03499962775735952,0.0034355726644314747
2010H2-R,R,tabpfn@t1,20260912,2015H2,24159,130,0.036086473149046436,0.0053810174262179725
2010H2-R,R,tabpfn@t1,20260912,2016H1,24632,115,0.03696842425024581,0.0046687236115621955
2010H2-R,R,tabpfn@t1,20260912,2016H2,24760,121,0.03736735774887356,0.004886914378029079
2010H2-R,R,tabpfn@t1,20260912,2017H1,24541,162,0.04089488753252711,0.00660119799519172
2010H2-R,R,tabpfn@t1,20260912,2017H2,24680,143,0.040199522747953825,0.005794165316045381
2010H2-R,R,tabpfn@t1,20260912,2018H1,24416,148,0.038262596466614174,0.006061598951507209
2010H2-R,R,tabpfn@t1,20260912,2018H2,24543,146,0.0380213769070706,0.005948743022450393
2010H2-R,R,tabpfn@t1,20260912,2019H1,24752,110,0.038412105691045896,0.0044440853264382674
2010H2-R,R,tabpfn@t1,20260912,2019H2,24861,136,0.03708134782251518,0.005470415510236917
2010H2-R,R,tabpfn@t1,20260912,2020H1,24880,111,0.03133054136950925,0.004461414790996785
2010H2-R,R,tabpfn@t1,20260912,2020H2,24919,71,0.02842860498323972,0.0028492315100927005
2010H2-R,R,tabpfn@t1,20260912,2021H1,24909,90,0.029040652721136564,0.003613151872817054
2010H2-R,R,tabpfn@t1,20260912,2021H2,24929,136,0.03269485289167496,0.005455493601829195
2010H2-R,R,tabpfn@t1,20260912,2022H1,24889,291,0.03399215612931019,0.011691912089678172
2010H2-R,R,tabpfn@t1,20260912,2022H2,24859,373,0.033616564554279166,0.015004626091154109
2010H2-R,R,tabpfn@t1,20260912,2023H1,24882,381,0.03298053736047628,0.015312273932963588
2010H2-R,R,tabpfn@t1,20260912,2023H2,24866,363,0.029252950419441384,0.014598246601785572
2010H2-R,R,tabpfn@t1,20260913,2011H1,24614,195,0.029642489584984794,0.007922320630535468
2010H2-R,R,tabpfn@t1,20260913,2011H2,24646,119,0.024392951302619512,0.004828369715166762
2010H2-R,R,tabpfn@t1,20260913,2012H1,24306,148,0.040569982365515025,0.0060890315148523
2010H2-R,R,tabpfn@t1,20260913,2012H2,24538,131,0.03962448835192423,0.005338658407368164
2010H2-R,R,tabpfn@t1,20260913,2013H1,24341,85,0.041147992156544966,0.003492050449858264
2010H2-R,R,tabpfn@t1,20260913,2013H2,23974,142,0.04327150909680834,0.0059230833402853095
2010H2-R,R,tabpfn@t1,20260913,2014H1,24341,137,0.040189838136791625,0.005628363666242143
2010H2-R,R,tabpfn@t1,20260913,2014H2,24213,99,0.037622220923361184,0.004088712675009293
2010H2-R,R,tabpfn@t1,20260913,2015H1,24159,83,0.03608536961027046,0.0034355726644314747
2010H2-R,R,tabpfn@t1,20260913,2015H2,24159,130,0.03666308659564295,0.0053810174262179725
2010H2-R,R,tabpfn@t1,20260913,2016H1,24632,115,0.03768528468409433,0.0046687236115621955
2010H2-R,R,tabpfn@t1,20260913,2016H2,24760,121,0.03764591343373264,0.004886914378029079
2010H2-R,R,tabpfn@t1,20260913,2017H1,24541,162,0.040972336339777427,0.00660119799519172
2010H2-R,R,tabpfn@t1,20260913,2017H2,24680,143,0.04004573213281896,0.005794165316045381
2010H2-R,R,tabpfn@t1,20260913,2018H1,24416,148,0.038232638053053186,0.006061598951507209
2010H2-R,R,tabpfn@t1,20260913,2018H2,24543,146,0.03768891068810809,0.005948743022450393
2010H2-R,R,tabpfn@t1,20260913,2019H1,24752,110,0.038179539844437074,0.0044440853264382674
2010H2-R,R,tabpfn@t1,20260913,2019H2,24861,136,0.037102427491727256,0.005470415510236917
2010H2-R,R,tabpfn@t1,20260913,2020H1,24880,111,0.03188008748950206,0.004461414790996785
2010H2-R,R,tabpfn@t1,20260913,2020H2,24919,71,0.029037301805314955,0.0028492315100927005
2010H2-R,R,tabpfn@t1,20260913,2021H1,24909,90,0.029204213028230872,0.003613151872817054
2010H2-R,R,tabpfn@t1,20260913,2021H2,24929,136,0.03213134438235613,0.005455493601829195
2010H2-R,R,tabpfn@t1,20260913,2022H1,24889,291,0.03304670439890385,0.011691912089678172
2010H2-R,R,tabpfn@t1,20260913,2022H2,24859,373,0.033113621021029736,0.015004626091154109
2010H2-R,R,tabpfn@t1,20260913,2023H1,24882,381,0.032446559860578976,0.015312273932963588
2010H2-R,R,tabpfn@t1,20260913,2023H2,24866,363,0.028859007695305798,0.014598246601785572
2012H2-R,R,gbm,,2013H1,24341,85,0.014598526548063994,0.003492050449858264
2012H2-R,R,gbm,,2013H2,23974,142,0.015547762689223385,0.0059230833402853095
2012H2-R,R,gbm,,2014H1,24341,137,0.01416834192216152,0.005628363666242143
2012H2-R,R,gbm,,2014H2,24213,99,0.012678683833729514,0.004088712675009293
2012H2-R,R,gbm,,2015H1,24159,83,0.011371193108759567,0.0034355726644314747
2012H2-R,R,gbm,,2015H2,24159,130,0.012493511473900095,0.0053810174262179725
2012H2-R,R,gbm,,2016H1,24632,115,0.012322861486660574,0.0046687236115621955
2012H2-R,R,gbm,,2016H2,24760,121,0.011741070314733974,0.004886914378029079
2012H2-R,R,gbm,,2017H1,24541,162,0.013866196279260492,0.00660119799519172
2012H2-R,R,gbm,,2017H2,24680,143,0.013666881768171161,0.005794165316045381
2012H2-R,R,gbm,,2018H1,24416,148,0.01344525585733581,0.006061598951507209
2012H2-R,R,gbm,,2018H2,24543,146,0.013750474317766204,0.005948743022450393
2012H2-R,R,gbm,,2019H1,24752,110,0.013174137824523282,0.0044440853264382674
2012H2-R,R,gbm,,2019H2,24861,136,0.011731428050298365,0.005470415510236917
2012H2-R,R,gbm,,2020H1,24880,111,0.009709712349596967,0.004461414790996785
2012H2-R,R,gbm,,2020H2,24919,71,0.008439670961851962,0.0028492315100927005
2012H2-R,R,gbm,,2021H1,24909,90,0.009743906355179167,0.003613151872817054
2012H2-R,R,gbm,,2021H2,24929,136,0.012125690360797404,0.005455493601829195
2012H2-R,R,gbm,,2022H1,24889,291,0.013908960342569106,0.011691912089678172
2012H2-R,R,gbm,,2022H2,24859,373,0.013050972597271024,0.015004626091154109
2012H2-R,R,gbm,,2023H1,24882,381,0.012274888408429753,0.015312273932963588
2012H2-R,R,gbm,,2023H2,24866,363,0.011503575785194647,0.014598246601785572
2012H2-R,R,gbm-50k,20260911,2013H1,24341,85,0.014548763606149175,0.003492050449858264
2012H2-R,R,gbm-50k,20260911,2013H2,23974,142,0.015458768931300727,0.0059230833402853095
2012H2-R,R,gbm-50k,20260911,2014H1,24341,137,0.014147723322653492,0.005628363666242143
2012H2-R,R,gbm-50k,20260911,2014H2,24213,99,0.012799397140860511,0.004088712675009293
2012H2-R,R,gbm-50k,20260911,2015H1,24159,83,0.01159599803798989,0.0034355726644314747
2012H2-R,R,gbm-50k,20260911,2015H2,24159,130,0.012521662566922146,0.0053810174262179725
2012H2-R,R,gbm-50k,20260911,2016H1,24632,115,0.012321884167752081,0.0046687236115621955
2012H2-R,R,gbm-50k,20260911,2016H2,24760,121,0.011693540715143709,0.004886914378029079
2012H2-R,R,gbm-50k,20260911,2017H1,24541,162,0.013602217992251208,0.00660119799519172
2012H2-R,R,gbm-50k,20260911,2017H2,24680,143,0.013330961475281882,0.005794165316045381
2012H2-R,R,gbm-50k,20260911,2018H1,24416,148,0.013250696837147495,0.006061598951507209
2012H2-R,R,gbm-50k,20260911,2018H2,24543,146,0.013474368923357228,0.005948743022450393
2012H2-R,R,gbm-50k,20260911,2019H1,24752,110,0.013169070948930082,0.0044440853264382674
2012H2-R,R,gbm-50k,20260911,2019H2,24861,136,0.01185699212252676,0.005470415510236917
2012H2-R,R,gbm-50k,20260911,2020H1,24880,111,0.010075291706669563,0.004461414790996785
2012H2-R,R,gbm-50k,20260911,2020H2,24919,71,0.008894193231400319,0.0028492315100927005
2012H2-R,R,gbm-50k,20260911,2021H1,24909,90,0.009990746063279795,0.003613151872817054
2012H2-R,R,gbm-50k,20260911,2021H2,24929,136,0.011929904397129628,0.005455493601829195
2012H2-R,R,gbm-50k,20260911,2022H1,24889,291,0.01351629934286216,0.011691912089678172
2012H2-R,R,gbm-50k,20260911,2022H2,24859,373,0.013180738673299119,0.015004626091154109
2012H2-R,R,gbm-50k,20260911,2023H1,24882,381,0.012532462383857332,0.015312273932963588
2012H2-R,R,gbm-50k,20260911,2023H2,24866,363,0.011874243469216485,0.014598246601785572
2012H2-R,R,gbm-50k,20260912,2013H1,24341,85,0.013476365261308257,0.003492050449858264
2012H2-R,R,gbm-50k,20260912,2013H2,23974,142,0.01427280801445932,0.0059230833402853095
2012H2-R,R,gbm-50k,20260912,2014H1,24341,137,0.013134567559533893,0.005628363666242143
2012H2-R,R,gbm-50k,20260912,2014H2,24213,99,0.011942518879825576,0.004088712675009293
2012H2-R,R,gbm-50k,20260912,2015H1,24159,83,0.010784790974420097,0.0034355726644314747
2012H2-R,R,gbm-50k,20260912,2015H2,24159,130,0.011668500878087362,0.0053810174262179725
2012H2-R,R,gbm-50k,20260912,2016H1,24632,115,0.011580614244829639,0.0046687236115621955
2012H2-R,R,gbm-50k,20260912,2016H2,24760,121,0.010848909810766525,0.004886914378029079
2012H2-R,R,gbm-50k,20260912,2017H1,24541,162,0.012582612801325919,0.00660119799519172
2012H2-R,R,gbm-50k,20260912,2017H2,24680,143,0.012319564982141169,0.005794165316045381
2012H2-R,R,gbm-50k,20260912,2018H1,24416,148,0.012245100857453848,0.006061598951507209
2012H2-R,R,gbm-50k,20260912,2018H2,24543,146,0.012531510463657282,0.005948743022450393
2012H2-R,R,gbm-50k,20260912,2019H1,24752,110,0.01226761549949042,0.0044440853264382674
2012H2-R,R,gbm-50k,20260912,2019H2,24861,136,0.011017984232317177,0.005470415510236917
2012H2-R,R,gbm-50k,20260912,2020H1,24880,111,0.009424616420041002,0.004461414790996785
2012H2-R,R,gbm-50k,20260912,2020H2,24919,71,0.008289236646136943,0.0028492315100927005
2012H2-R,R,gbm-50k,20260912,2021H1,24909,90,0.0093478279317109,0.003613151872817054
2012H2-R,R,gbm-50k,20260912,2021H2,24929,136,0.011166743716257808,0.005455493601829195
2012H2-R,R,gbm-50k,20260912,2022H1,24889,291,0.012865444722831198,0.011691912089678172
2012H2-R,R,gbm-50k,20260912,2022H2,24859,373,0.012320122593335673,0.015004626091154109
2012H2-R,R,gbm-50k,20260912,2023H1,24882,381,0.011739331986591271,0.015312273932963588
2012H2-R,R,gbm-50k,20260912,2023H2,24866,363,0.01122445133100532,0.014598246601785572
2012H2-R,R,gbm-50k,20260913,2013H1,24341,85,0.01423944290079604,0.003492050449858264
2012H2-R,R,gbm-50k,20260913,2013H2,23974,142,0.015232563191410631,0.0059230833402853095
2012H2-R,R,gbm-50k,20260913,2014H1,24341,137,0.013946323736284297,0.005628363666242143
2012H2-R,R,gbm-50k,20260913,2014H2,24213,99,0.01261534454430342,0.004088712675009293
2012H2-R,R,gbm-50k,20260913,2015H1,24159,83,0.011407365510148326,0.0034355726644314747
2012H2-R,R,gbm-50k,20260913,2015H2,24159,130,0.01257599846074622,0.0053810174262179725
2012H2-R,R,gbm-50k,20260913,2016H1,24632,115,0.012482541731184685,0.0046687236115621955
2012H2-R,R,gbm-50k,20260913,2016H2,24760,121,0.011783281014488427,0.004886914378029079
2012H2-R,R,gbm-50k,20260913,2017H1,24541,162,0.013744152283078502,0.00660119799519172
2012H2-R,R,gbm-50k,20260913,2017H2,24680,143,0.013511041566556964,0.005794165316045381
2012H2-R,R,gbm-50k,20260913,2018H1,24416,148,0.013371319551645978,0.006061598951507209
2012H2-R,R,gbm-50k,20260913,2018H2,24543,146,0.013715842833534568,0.005948743022450393
2012H2-R,R,gbm-50k,20260913,2019H1,24752,110,0.013161614421275345,0.0044440853264382674
2012H2-R,R,gbm-50k,20260913,2019H2,24861,136,0.011726188833587626,0.005470415510236917
2012H2-R,R,gbm-50k,20260913,2020H1,24880,111,0.009786105268042154,0.004461414790996785
2012H2-R,R,gbm-50k,20260913,2020H2,24919,71,0.008673145256077253,0.0028492315100927005
2012H2-R,R,gbm-50k,20260913,2021H1,24909,90,0.009865024804136665,0.003613151872817054
2012H2-R,R,gbm-50k,20260913,2021H2,24929,136,0.012100264186995856,0.005455493601829195
2012H2-R,R,gbm-50k,20260913,2022H1,24889,291,0.01359962390446113,0.011691912089678172
2012H2-R,R,gbm-50k,20260913,2022H2,24859,373,0.01301824010269089,0.015004626091154109
2012H2-R,R,gbm-50k,20260913,2023H1,24882,381,0.01258633923371724,0.015312273932963588
2012H2-R,R,gbm-50k,20260913,2023H2,24866,363,0.011801715294754314,0.014598246601785572
2012H2-R,R,scorecard,,2013H1,24341,85,0.013730890133374687,0.003492050449858264
2012H2-R,R,scorecard,,2013H2,23974,142,0.015865677069666805,0.0059230833402853095
2012H2-R,R,scorecard,,2014H1,24341,137,0.01576092513272098,0.005628363666242143
2012H2-R,R,scorecard,,2014H2,24213,99,0.014451460245273584,0.004088712675009293
2012H2-R,R,scorecard,,2015H1,24159,83,0.01275174534678944,0.0034355726644314747
2012H2-R,R,scorecard,,2015H2,24159,130,0.014755203351213228,0.0053810174262179725
2012H2-R,R,scorecard,,2016H1,24632,115,0.014547743287401736,0.0046687236115621955
2012H2-R,R,scorecard,,2016H2,24760,121,0.01363390899884234,0.004886914378029079
2012H2-R,R,scorecard,,2017H1,24541,162,0.01624580542324883,0.00660119799519172
2012H2-R,R,scorecard,,2017H2,24680,143,0.01638811647856155,0.005794165316045381
2012H2-R,R,scorecard,,2018H1,24416,148,0.01662068878266294,0.006061598951507209
2012H2-R,R,scorecard,,2018H2,24543,146,0.0174693193927718,0.005948743022450393
2012H2-R,R,scorecard,,2019H1,24752,110,0.016577546942000164,0.0044440853264382674
2012H2-R,R,scorecard,,2019H2,24861,136,0.013871515030113538,0.005470415510236917
2012H2-R,R,scorecard,,2020H1,24880,111,0.011139225000983367,0.004461414790996785
2012H2-R,R,scorecard,,2020H2,24919,71,0.009619388908190503,0.0028492315100927005
2012H2-R,R,scorecard,,2021H1,24909,90,0.011075517974725035,0.003613151872817054
2012H2-R,R,scorecard,,2021H2,24929,136,0.013666119802832234,0.005455493601829195
2012H2-R,R,scorecard,,2022H1,24889,291,0.016074543106679457,0.011691912089678172
2012H2-R,R,scorecard,,2022H2,24859,373,0.016869868043082912,0.015004626091154109
2012H2-R,R,scorecard,,2023H1,24882,381,0.017498284557156647,0.015312273932963588
2012H2-R,R,scorecard,,2023H2,24866,363,0.01630918183718237,0.014598246601785572
2012H2-R,R,tabicl,20260911,2013H1,24341,85,0.011022164434980207,0.003492050449858264
2012H2-R,R,tabicl,20260911,2013H2,23974,142,0.01206988342935424,0.0059230833402853095
2012H2-R,R,tabicl,20260911,2014H1,24341,137,0.0108381825410015,0.005628363666242143
2012H2-R,R,tabicl,20260911,2014H2,24213,99,0.00972476682864962,0.004088712675009293
2012H2-R,R,tabicl,20260911,2015H1,24159,83,0.008539671124210828,0.0034355726644314747
2012H2-R,R,tabicl,20260911,2015H2,24159,130,0.009520732570927438,0.0053810174262179725
2012H2-R,R,tabicl,20260911,2016H1,24632,115,0.009539720908678183,0.0046687236115621955
2012H2-R,R,tabicl,20260911,2016H2,24760,121,0.008967206723308765,0.004886914378029079
2012H2-R,R,tabicl,20260911,2017H1,24541,162,0.010675978593061151,0.00660119799519172
2012H2-R,R,tabicl,20260911,2017H2,24680,143,0.010512749548573671,0.005794165316045381
2012H2-R,R,tabicl,20260911,2018H1,24416,148,0.010040842209589571,0.006061598951507209
2012H2-R,R,tabicl,20260911,2018H2,24543,146,0.010229943841779908,0.005948743022450393
2012H2-R,R,tabicl,20260911,2019H1,24752,110,0.009690411555265139,0.0044440853264382674
2012H2-R,R,tabicl,20260911,2019H2,24861,136,0.008698281749355493,0.005470415510236917
2012H2-R,R,tabicl,20260911,2020H1,24880,111,0.007027401854078111,0.004461414790996785
2012H2-R,R,tabicl,20260911,2020H2,24919,71,0.005947009074634992,0.0028492315100927005
2012H2-R,R,tabicl,20260911,2021H1,24909,90,0.006983492015921977,0.003613151872817054
2012H2-R,R,tabicl,20260911,2021H2,24929,136,0.009017738437610973,0.005455493601829195
2012H2-R,R,tabicl,20260911,2022H1,24889,291,0.010145338455834657,0.011691912089678172
2012H2-R,R,tabicl,20260911,2022H2,24859,373,0.009165362722678478,0.015004626091154109
2012H2-R,R,tabicl,20260911,2023H1,24882,381,0.008289288518455132,0.015312273932963588
2012H2-R,R,tabicl,20260911,2023H2,24866,363,0.007729845980887807,0.014598246601785572
2012H2-R,R,tabicl,20260912,2013H1,24341,85,0.011044549343051855,0.003492050449858264
2012H2-R,R,tabicl,20260912,2013H2,23974,142,0.012001296554231503,0.0059230833402853095
2012H2-R,R,tabicl,20260912,2014H1,24341,137,0.010861400550625424,0.005628363666242143
2012H2-R,R,tabicl,20260912,2014H2,24213,99,0.009876421799400133,0.004088712675009293
2012H2-R,R,tabicl,20260912,2015H1,24159,83,0.008659412183180363,0.0034355726644314747
2012H2-R,R,tabicl,20260912,2015H2,24159,130,0.009669544307092489,0.0053810174262179725
2012H2-R,R,tabicl,20260912,2016H1,24632,115,0.009577534973168154,0.0046687236115621955
2012H2-R,R,tabicl,20260912,2016H2,24760,121,0.008932088175976592,0.004886914378029079
2012H2-R,R,tabicl,20260912,2017H1,24541,162,0.010663977073384819,0.00660119799519172
2012H2-R,R,tabicl,20260912,2017H2,24680,143,0.010500201344858932,0.005794165316045381
2012H2-R,R,tabicl,20260912,2018H1,24416,148,0.010039695240889868,0.006061598951507209
2012H2-R,R,tabicl,20260912,2018H2,24543,146,0.010219226978875864,0.005948743022450393
2012H2-R,R,tabicl,20260912,2019H1,24752,110,0.009773799086827174,0.0044440853264382674
2012H2-R,R,tabicl,20260912,2019H2,24861,136,0.008775358766555472,0.005470415510236917
2012H2-R,R,tabicl,20260912,2020H1,24880,111,0.007231445649792632,0.004461414790996785
2012H2-R,R,tabicl,20260912,2020H2,24919,71,0.005993651493695016,0.0028492315100927005
2012H2-R,R,tabicl,20260912,2021H1,24909,90,0.007218728760377104,0.003613151872817054
2012H2-R,R,tabicl,20260912,2021H2,24929,136,0.009267369192651136,0.005455493601829195
2012H2-R,R,tabicl,20260912,2022H1,24889,291,0.010806667970987666,0.011691912089678172
2012H2-R,R,tabicl,20260912,2022H2,24859,373,0.009394516705757545,0.015004626091154109
2012H2-R,R,tabicl,20260912,2023H1,24882,381,0.0083675107765298,0.015312273932963588
2012H2-R,R,tabicl,20260912,2023H2,24866,363,0.007857437516184075,0.014598246601785572
2012H2-R,R,tabicl,20260913,2013H1,24341,85,0.010994452144504403,0.003492050449858264
2012H2-R,R,tabicl,20260913,2013H2,23974,142,0.011868350153079956,0.0059230833402853095
2012H2-R,R,tabicl,20260913,2014H1,24341,137,0.01061100847370044,0.005628363666242143
2012H2-R,R,tabicl,20260913,2014H2,24213,99,0.00941134070928153,0.004088712675009293
2012H2-R,R,tabicl,20260913,2015H1,24159,83,0.008211065743241939,0.0034355726644314747
2012H2-R,R,tabicl,20260913,2015H2,24159,130,0.009265146043606436,0.0053810174262179725
2012H2-R,R,tabicl,20260913,2016H1,24632,115,0.009214621440943175,0.0046687236115621955
2012H2-R,R,tabicl,20260913,2016H2,24760,121,0.008597746057551498,0.004886914378029079
2012H2-R,R,tabicl,20260913,2017H1,24541,162,0.010277353844125108,0.00660119799519172
2012H2-R,R,tabicl,20260913,2017H2,24680,143,0.010114196285743485,0.005794165316045381
2012H2-R,R,tabicl,20260913,2018H1,24416,148,0.009718566519489396,0.006061598951507209
2012H2-R,R,tabicl,20260913,2018H2,24543,146,0.009938452755024522,0.005948743022450393
2012H2-R,R,tabicl,20260913,2019H1,24752,110,0.009355497468923574,0.0044440853264382674
2012H2-R,R,tabicl,20260913,2019H2,24861,136,0.008254531993870266,0.005470415510236917
2012H2-R,R,tabicl,20260913,2020H1,24880,111,0.006654605570850602,0.004461414790996785
2012H2-R,R,tabicl,20260913,2020H2,24919,71,0.005638692205153723,0.0028492315100927005
2012H2-R,R,tabicl,20260913,2021H1,24909,90,0.006725373704279134,0.003613151872817054
2012H2-R,R,tabicl,20260913,2021H2,24929,136,0.008717615278324034,0.005455493601829195
2012H2-R,R,tabicl,20260913,2022H1,24889,291,0.00978787486221023,0.011691912089678172
2012H2-R,R,tabicl,20260913,2022H2,24859,373,0.008795547887405544,0.015004626091154109
2012H2-R,R,tabicl,20260913,2023H1,24882,381,0.008159088397904222,0.015312273932963588
2012H2-R,R,tabicl,20260913,2023H2,24866,363,0.007706728651855635,0.014598246601785572
2012H2-R,R,tabicl@t1,20260911,2013H1,24341,85,0.015201520577370543,0.003492050449858264
2012H2-R,R,tabicl@t1,20260911,2013H2,23974,142,0.016691064155735166,0.0059230833402853095
2012H2-R,R,tabicl@t1,20260911,2014H1,24341,137,0.015247386010562032,0.005628363666242143
2012H2-R,R,tabicl@t1,20260911,2014H2,24213,99,0.013906162570779862,0.004088712675009293
2012H2-R,R,tabicl@t1,20260911,2015H1,24159,83,0.012391539416752532,0.0034355726644314747
2012H2-R,R,tabicl@t1,20260911,2015H2,24159,130,0.013708463849657754,0.0053810174262179725
2012H2-R,R,tabicl@t1,20260911,2016H1,24632,115,0.013742810117823323,0.0046687236115621955
2012H2-R,R,tabicl@t1,20260911,2016H2,24760,121,0.013011480349480378,0.004886914378029079
2012H2-R,R,tabicl@t1,20260911,2017H1,24541,162,0.015295641182752354,0.00660119799519172
2012H2-R,R,tabicl@t1,20260911,2017H2,24680,143,0.015122161928843464,0.005794165316045381
2012H2-R,R,tabicl@t1,20260911,2018H1,24416,148,0.01454124143247611,0.006061598951507209
2012H2-R,R,tabicl@t1,20260911,2018H2,24543,146,0.01482140703080981,0.005948743022450393
2012H2-R,R,tabicl@t1,20260911,2019H1,24752,110,0.014165110917462077,0.0044440853264382674
2012H2-R,R,tabicl@t1,20260911,2019H2,24861,136,0.01283141022984657,0.005470415510236917
2012H2-R,R,tabicl@t1,20260911,2020H1,24880,111,0.010517270697077507,0.004461414790996785
2012H2-R,R,tabicl@t1,20260911,2020H2,24919,71,0.009017710399884762,0.0028492315100927005
2012H2-R,R,tabicl@t1,20260911,2021H1,24909,90,0.010433621425528559,0.003613151872817054
2012H2-R,R,tabicl@t1,20260911,2021H2,24929,136,0.013145609398735745,0.005455493601829195
2012H2-R,R,tabicl@t1,20260911,2022H1,24889,291,0.014710717007096603,0.011691912089678172
2012H2-R,R,tabicl@t1,20260911,2022H2,24859,373,0.01351705367618774,0.015004626091154109
2012H2-R,R,tabicl@t1,20260911,2023H1,24882,381,0.012367659840515284,0.015312273932963588
2012H2-R,R,tabicl@t1,20260911,2023H2,24866,363,0.011555900304114979,0.014598246601785572
2012H2-R,R,tabicl@t1,20260912,2013H1,24341,85,0.01534304246932658,0.003492050449858264
2012H2-R,R,tabicl@t1,20260912,2013H2,23974,142,0.016713153765722577,0.0059230833402853095
2012H2-R,R,tabicl@t1,20260912,2014H1,24341,137,0.015379672677726093,0.005628363666242143
2012H2-R,R,tabicl@t1,20260912,2014H2,24213,99,0.01418766867135123,0.004088712675009293
2012H2-R,R,tabicl@t1,20260912,2015H1,24159,83,0.012637633450858698,0.0034355726644314747
2012H2-R,R,tabicl@t1,20260912,2015H2,24159,130,0.013980128169719424,0.0053810174262179725
2012H2-R,R,tabicl@t1,20260912,2016H1,24632,115,0.013868652223461985,0.0046687236115621955
2012H2-R,R,tabicl@t1,20260912,2016H2,24760,121,0.013053813750308821,0.004886914378029079
2012H2-R,R,tabicl@t1,20260912,2017H1,24541,162,0.015349134377231077,0.00660119799519172
2012H2-R,R,tabicl@t1,20260912,2017H2,24680,143,0.015176627328225162,0.005794165316045381
2012H2-R,R,tabicl@t1,20260912,2018H1,24416,148,0.014606461622955827,0.006061598951507209
2012H2-R,R,tabicl@t1,20260912,2018H2,24543,146,0.014881617058843928,0.005948743022450393
2012H2-R,R,tabicl@t1,20260912,2019H1,24752,110,0.014344201047061536,0.0044440853264382674
2012H2-R,R,tabicl@t1,20260912,2019H2,24861,136,0.013005219783530413,0.005470415510236917
2012H2-R,R,tabicl@t1,20260912,2020H1,24880,111,0.010866088500142581,0.004461414790996785
2012H2-R,R,tabicl@t1,20260912,2020H2,24919,71,0.009161450468421114,0.0028492315100927005
2012H2-R,R,tabicl@t1,20260912,2021H1,24909,90,0.010803660849515439,0.003613151872817054
2012H2-R,R,tabicl@t1,20260912,2021H2,24929,136,0.013511015684509008,0.005455493601829195
2012H2-R,R,tabicl@t1,20260912,2022H1,24889,291,0.015584368483397578,0.011691912089678172
2012H2-R,R,tabicl@t1,20260912,2022H2,24859,373,0.013837385337742189,0.015004626091154109
2012H2-R,R,tabicl@t1,20260912,2023H1,24882,381,0.012537609225128614,0.015312273932963588
2012H2-R,R,tabicl@t1,20260912,2023H2,24866,363,0.011809011801245491,0.014598246601785572
2012H2-R,R,tabicl@t1,20260913,2013H1,24341,85,0.015093650391234996,0.003492050449858264
2012H2-R,R,tabicl@t1,20260913,2013H2,23974,142,0.016383275492366057,0.0059230833402853095
2012H2-R,R,tabicl@t1,20260913,2014H1,24341,137,0.014912460573009932,0.005628363666242143
2012H2-R,R,tabicl@t1,20260913,2014H2,24213,99,0.013474671032862788,0.004088712675009293
2012H2-R,R,tabicl@t1,20260913,2015H1,24159,83,0.011942721690415638,0.0034355726644314747
2012H2-R,R,tabicl@t1,20260913,2015H2,24159,130,0.013355750861563357,0.0053810174262179725
2012H2-R,R,tabicl@t1,20260913,2016H1,24632,115,0.013307759179075432,0.0046687236115621955
2012H2-R,R,tabicl@t1,20260913,2016H2,24760,121,0.012522262495247521,0.004886914378029079
2012H2-R,R,tabicl@t1,20260913,2017H1,24541,162,0.014770261833795331,0.00660119799519172
2012H2-R,R,tabicl@t1,20260913,2017H2,24680,143,0.014599196362765255,0.005794165316045381
2012H2-R,R,tabicl@t1,20260913,2018H1,24416,148,0.014111963189023639,0.006061598951507209
2012H2-R,R,tabicl@t1,20260913,2018H2,24543,146,0.014422609310103958,0.005948743022450393
2012H2-R,R,tabicl@t1,20260913,2019H1,24752,110,0.013711271729869624,0.0044440853264382674
2012H2-R,R,tabicl@t1,20260913,2019H2,24861,136,0.012236153682342588,0.005470415510236917
2012H2-R,R,tabicl@t1,20260913,2020H1,24880,111,0.010021380794156041,0.004461414790996785
2012H2-R,R,tabicl@t1,20260913,2020H2,24919,71,0.00860866276933374,0.0028492315100927005
2012H2-R,R,tabicl@t1,20260913,2021H1,24909,90,0.01008807547116764,0.003613151872817054
2012H2-R,R,tabicl@t1,20260913,2021H2,24929,136,0.012751160375370347,0.005455493601829195
2012H2-R,R,tabicl@t1,20260913,2022H1,24889,291,0.014251635797904854,0.011691912089678172
2012H2-R,R,tabicl@t1,20260913,2022H2,24859,373,0.0130427327239088,0.015004626091154109
2012H2-R,R,tabicl@t1,20260913,2023H1,24882,381,0.01218867932923844,0.015312273932963588
2012H2-R,R,tabicl@t1,20260913,2023H2,24866,363,0.011509481599662315,0.014598246601785572
2012H2-R,R,tabpfn,20260911,2013H1,24341,85,0.010562639170296864,0.003492050449858264
2012H2-R,R,tabpfn,20260911,2013H2,23974,142,0.01161945094011559,0.0059230833402853095
2012H2-R,R,tabpfn,20260911,2014H1,24341,137,0.010374325416008388,0.005628363666242143
2012H2-R,R,tabpfn,20260911,2014H2,24213,99,0.009416178956808715,0.004088712675009293
2012H2-R,R,tabpfn,20260911,2015H1,24159,83,0.008288198377892013,0.0034355726644314747
2012H2-R,R,tabpfn,20260911,2015H2,24159,130,0.009218100281134603,0.0053810174262179725
2012H2-R,R,tabpfn,20260911,2016H1,24632,115,0.009170312948140184,0.0046687236115621955
2012H2-R,R,tabpfn,20260911,2016H2,24760,121,0.008635287493889292,0.004886914378029079
2012H2-R,R,tabpfn,20260911,2017H1,24541,162,0.010332534881584091,0.00660119799519172
2012H2-R,R,tabpfn,20260911,2017H2,24680,143,0.010112972326384395,0.005794165316045381
2012H2-R,R,tabpfn,20260911,2018H1,24416,148,0.009606190607166944,0.006061598951507209
2012H2-R,R,tabpfn,20260911,2018H2,24543,146,0.009821582258255381,0.005948743022450393
2012H2-R,R,tabpfn,20260911,2019H1,24752,110,0.00925628162543528,0.0044440853264382674
2012H2-R,R,tabpfn,20260911,2019H2,24861,136,0.008350632788992262,0.005470415510236917
2012H2-R,R,tabpfn,20260911,2020H1,24880,111,0.006778084566834734,0.004461414790996785
2012H2-R,R,tabpfn,20260911,2020H2,24919,71,0.005738570332875182,0.0028492315100927005
2012H2-R,R,tabpfn,20260911,2021H1,24909,90,0.006738905330092295,0.003613151872817054
2012H2-R,R,tabpfn,20260911,2021H2,24929,136,0.008703854977034516,0.005455493601829195
2012H2-R,R,tabpfn,20260911,2022H1,24889,291,0.009831216458277907,0.011691912089678172
2012H2-R,R,tabpfn,20260911,2022H2,24859,373,0.00868908834491306,0.015004626091154109
2012H2-R,R,tabpfn,20260911,2023H1,24882,381,0.0075459715998531796,0.015312273932963588
2012H2-R,R,tabpfn,20260911,2023H2,24866,363,0.007022960194914778,0.014598246601785572
2012H2-R,R,tabpfn,20260912,2013H1,24341,85,0.009863433396060222,0.003492050449858264
2012H2-R,R,tabpfn,20260912,2013H2,23974,142,0.010670049612671621,0.0059230833402853095
2012H2-R,R,tabpfn,20260912,2014H1,24341,137,0.009395041731688614,0.005628363666242143
2012H2-R,R,tabpfn,20260912,2014H2,24213,99,0.008420783756045703,0.004088712675009293
2012H2-R,R,tabpfn,20260912,2015H1,24159,83,0.00735369881752046,0.0034355726644314747
2012H2-R,R,tabpfn,20260912,2015H2,24159,130,0.008154150466492921,0.0053810174262179725
2012H2-R,R,tabpfn,20260912,2016H1,24632,115,0.008056474081536187,0.0046687236115621955
2012H2-R,R,tabpfn,20260912,2016H2,24760,121,0.007426278304610341,0.004886914378029079
2012H2-R,R,tabpfn,20260912,2017H1,24541,162,0.009074330427297711,0.00660119799519172
2012H2-R,R,tabpfn,20260912,2017H2,24680,143,0.008846207008773314,0.005794165316045381
2012H2-R,R,tabpfn,20260912,2018H1,24416,148,0.008524142220436359,0.006061598951507209
2012H2-R,R,tabpfn,20260912,2018H2,24543,146,0.008715322441211747,0.005948743022450393
2012H2-R,R,tabpfn,20260912,2019H1,24752,110,0.00827543173532483,0.0044440853264382674
2012H2-R,R,tabpfn,20260912,2019H2,24861,136,0.007349820778252557,0.005470415510236917
2012H2-R,R,tabpfn,20260912,2020H1,24880,111,0.006095427974755065,0.004461414790996785
2012H2-R,R,tabpfn,20260912,2020H2,24919,71,0.004993646903233462,0.0028492315100927005
2012H2-R,R,tabpfn,20260912,2021H1,24909,90,0.005982301994752376,0.003613151872817054
2012H2-R,R,tabpfn,20260912,2021H2,24929,136,0.007718926484001008,0.005455493601829195
2012H2-R,R,tabpfn,20260912,2022H1,24889,291,0.009141740101555261,0.011691912089678172
2012H2-R,R,tabpfn,20260912,2022H2,24859,373,0.007848485720368446,0.015004626091154109
2012H2-R,R,tabpfn,20260912,2023H1,24882,381,0.006977314081524499,0.015312273932963588
2012H2-R,R,tabpfn,20260912,2023H2,24866,363,0.0066592436661310804,0.014598246601785572
2012H2-R,R,tabpfn,20260913,2013H1,24341,85,0.01040306047718429,0.003492050449858264
2012H2-R,R,tabpfn,20260913,2013H2,23974,142,0.011322852781238027,0.0059230833402853095
2012H2-R,R,tabpfn,20260913,2014H1,24341,137,0.010098184085959031,0.005628363666242143
2012H2-R,R,tabpfn,20260913,2014H2,24213,99,0.009011801655293503,0.004088712675009293
2012H2-R,R,tabpfn,20260913,2015H1,24159,83,0.007862923414385395,0.0034355726644314747
2012H2-R,R,tabpfn,20260913,2015H2,24159,130,0.008888545048351449,0.0053810174262179725
2012H2-R,R,tabpfn,20260913,2016H1,24632,115,0.008816620648473201,0.0046687236115621955
2012H2-R,R,tabpfn,20260913,2016H2,24760,121,0.008229361357582374,0.004886914378029079
2012H2-R,R,tabpfn,20260913,2017H1,24541,162,0.0099020076277818,0.00660119799519172
2012H2-R,R,tabpfn,20260913,2017H2,24680,143,0.009704372198465988,0.005794165316045381
2012H2-R,R,tabpfn,20260913,2018H1,24416,148,0.00930409066894373,0.006061598951507209
2012H2-R,R,tabpfn,20260913,2018H2,24543,146,0.009572503114492467,0.005948743022450393
2012H2-R,R,tabpfn,20260913,2019H1,24752,110,0.00897321434472288,0.0044440853264382674
2012H2-R,R,tabpfn,20260913,2019H2,24861,136,0.007901644598149082,0.005470415510236917
2012H2-R,R,tabpfn,20260913,2020H1,24880,111,0.00637367767572332,0.004461414790996785
2012H2-R,R,tabpfn,20260913,2020H2,24919,71,0.005360789369700854,0.0028492315100927005
2012H2-R,R,tabpfn,20260913,2021H1,24909,90,0.006381066357849339,0.003613151872817054
2012H2-R,R,tabpfn,20260913,2021H2,24929,136,0.008350248222861975,0.005455493601829195
2012H2-R,R,tabpfn,20260913,2022H1,24889,291,0.009458941672851025,0.011691912089678172
2012H2-R,R,tabpfn,20260913,2022H2,24859,373,0.008386621944290629,0.015004626091154109
2012H2-R,R,tabpfn,20260913,2023H1,24882,381,0.0076047206687360125,0.015312273932963588
2012H2-R,R,tabpfn,20260913,2023H2,24866,363,0.0071888728684070475,0.014598246601785572
2012H2-R,R,tabpfn@t1,20260911,2013H1,24341,85,0.014673088122470918,0.003492050449858264
2012H2-R,R,tabpfn@t1,20260911,2013H2,23974,142,0.016142162591819838,0.0059230833402853095
2012H2-R,R,tabpfn@t1,20260911,2014H1,24341,137,0.014644271576954221,0.005628363666242143
2012H2-R,R,tabpfn@t1,20260911,2014H2,24213,99,0.013489953434330626,0.004088712675009293
2012H2-R,R,tabpfn@t1,20260911,2015H1,24159,83,0.012054119647204238,0.0034355726644314747
2012H2-R,R,tabpfn@t1,20260911,2015H2,24159,130,0.01330181902902477,0.0053810174262179725
2012H2-R,R,tabpfn@t1,20260911,2016H1,24632,115,0.013261775415305616,0.0046687236115621955
2012H2-R,R,tabpfn@t1,20260911,2016H2,24760,121,0.012577927405357616,0.004886914378029079
2012H2-R,R,tabpfn@t1,20260911,2017H1,24541,162,0.014837302955640418,0.00660119799519172
2012H2-R,R,tabpfn@t1,20260911,2017H2,24680,143,0.014590323525381836,0.005794165316045381
2012H2-R,R,tabpfn@t1,20260911,2018H1,24416,148,0.013957165799715182,0.006061598951507209
2012H2-R,R,tabpfn@t1,20260911,2018H2,24543,146,0.014255488736176972,0.005948743022450393
2012H2-R,R,tabpfn@t1,20260911,2019H1,24752,110,0.013570494149538719,0.0044440853264382674
2012H2-R,R,tabpfn@t1,20260911,2019H2,24861,136,0.01235529742264641,0.005470415510236917
2012H2-R,R,tabpfn@t1,20260911,2020H1,24880,111,0.01017235423535992,0.004461414790996785
2012H2-R,R,tabpfn@t1,20260911,2020H2,24919,71,0.008715795396397332,0.0028492315100927005
2012H2-R,R,tabpfn@t1,20260911,2021H1,24909,90,0.010090451596656436,0.003613151872817054
2012H2-R,R,tabpfn@t1,20260911,2021H2,24929,136,0.01272734882621276,0.005455493601829195
2012H2-R,R,tabpfn@t1,20260911,2022H1,24889,291,0.014270520123407002,0.011691912089678172
2012H2-R,R,tabpfn@t1,20260911,2022H2,24859,373,0.012821347059004395,0.015004626091154109
2012H2-R,R,tabpfn@t1,20260911,2023H1,24882,381,0.011323998438558375,0.015312273932963588
2012H2-R,R,tabpfn@t1,20260911,2023H2,24866,363,0.010561397736319983,0.014598246601785572
2012H2-R,R,tabpfn@t1,20260912,2013H1,24341,85,0.013853777552852648,0.003492050449858264
2012H2-R,R,tabpfn@t1,20260912,2013H2,23974,142,0.014990524554159727,0.0059230833402853095
2012H2-R,R,tabpfn@t1,20260912,2014H1,24341,137,0.013440524772482889,0.005628363666242143
2012H2-R,R,tabpfn@t1,20260912,2014H2,24213,99,0.012253366140143277,0.004088712675009293
2012H2-R,R,tabpfn@t1,20260912,2015H1,24159,83,0.01089218501306105,0.0034355726644314747
2012H2-R,R,tabpfn@t1,20260912,2015H2,24159,130,0.01196442102733019,0.0053810174262179725
2012H2-R,R,tabpfn@t1,20260912,2016H1,24632,115,0.011848905399121975,0.0046687236115621955
2012H2-R,R,tabpfn@t1,20260912,2016H2,24760,121,0.01104229569449084,0.004886914378029079
2012H2-R,R,tabpfn@t1,20260912,2017H1,24541,162,0.013233367268885887,0.00660119799519172
2012H2-R,R,tabpfn@t1,20260912,2017H2,24680,143,0.01297357792499872,0.005794165316045381
2012H2-R,R,tabpfn@t1,20260912,2018H1,24416,148,0.012560750047930412,0.006061598951507209
2012H2-R,R,tabpfn@t1,20260912,2018H2,24543,146,0.01282838058115765,0.005948743022450393
2012H2-R,R,tabpfn@t1,20260912,2019H1,24752,110,0.012298613629220417,0.0044440853264382674
2012H2-R,R,tabpfn@t1,20260912,2019H2,24861,136,0.011063257708887133,0.005470415510236917
2012H2-R,R,tabpfn@t1,20260912,2020H1,24880,111,0.009304966265901255,0.004461414790996785
2012H2-R,R,tabpfn@t1,20260912,2020H2,24919,71,0.0077638427063094215,0.0028492315100927005
2012H2-R,R,tabpfn@t1,20260912,2021H1,24909,90,0.009125263568474042,0.003613151872817054
2012H2-R,R,tabpfn@t1,20260912,2021H2,24929,136,0.011464709861257243,0.005455493601829195
2012H2-R,R,tabpfn@t1,20260912,2022H1,24889,291,0.013389051260901931,0.011691912089678172
2012H2-R,R,tabpfn@t1,20260912,2022H2,24859,373,0.011699077070867356,0.015004626091154109
2012H2-R,R,tabpfn@t1,20260912,2023H1,24882,381,0.010561248316538768,0.015312273932963588
2012H2-R,R,tabpfn@t1,20260912,2023H2,24866,363,0.010073526817539218,0.014598246601785572
2012H2-R,R,tabpfn@t1,20260913,2013H1,24341,85,0.014385787080244461,0.003492050449858264
2012H2-R,R,tabpfn@t1,20260913,2013H2,23974,142,0.01568145646207304,0.0059230833402853095
2012H2-R,R,tabpfn@t1,20260913,2014H1,24341,137,0.01421700197474399,0.005628363666242143
2012H2-R,R,tabpfn@t1,20260913,2014H2,24213,99,0.012913922933717549,0.004088712675009293
2012H2-R,R,tabpfn@t1,20260913,2015H1,24159,83,0.01145595903424903,0.0034355726644314747
2012H2-R,R,tabpfn@t1,20260913,2015H2,24159,130,0.012820314571108209,0.0053810174262179725
2012H2-R,R,tabpfn@t1,20260913,2016H1,24632,115,0.01274955943191666,0.0046687236115621955
2012H2-R,R,tabpfn@t1,20260913,2016H2,24760,121,0.012000068132489026,0.004886914378029079
2012H2-R,R,tabpfn@t1,20260913,2017H1,24541,162,0.014217882221976522,0.00660119799519172
2012H2-R,R,tabpfn@t1,20260913,2017H2,24680,143,0.013999828973262615,0.005794165316045381
2012H2-R,R,tabpfn@t1,20260913,2018H1,24416,148,0.01350008905748537,0.006061598951507209
2012H2-R,R,tabpfn@t1,20260913,2018H2,24543,146,0.013861113430223143,0.005948743022450393
2012H2-R,R,tabpfn@t1,20260913,2019H1,24752,110,0.013135909265878005,0.0044440853264382674
2012H2-R,R,tabpfn@t1,20260913,2019H2,24861,136,0.011717578127141885,0.005470415510236917
2012H2-R,R,tabpfn@t1,20260913,2020H1,24880,111,0.009608837157765752,0.004461414790996785
2012H2-R,R,tabpfn@t1,20260913,2020H2,24919,71,0.008193133103907999,0.0028492315100927005
2012H2-R,R,tabpfn@t1,20260913,2021H1,24909,90,0.009594586615638612,0.003613151872817054
2012H2-R,R,tabpfn@t1,20260913,2021H2,24929,136,0.012232151683331124,0.005455493601829195
2012H2-R,R,tabpfn@t1,20260913,2022H1,24889,291,0.01375764400971705,0.011691912089678172
2012H2-R,R,tabpfn@t1,20260913,2022H2,24859,373,0.012391482941398158,0.015004626091154109
2012H2-R,R,tabpfn@t1,20260913,2023H1,24882,381,0.011345807251645513,0.015312273932963588
2012H2-R,R,tabpfn@t1,20260913,2023H2,24866,363,0.010717728732373874,0.014598246601785572
2014H2-R,R,gbm,,2015H1,24159,83,0.004750520894258216,0.0034355726644314747
2014H2-R,R,gbm,,2015H2,24159,130,0.0048995290991150076,0.0053810174262179725
2014H2-R,R,gbm,,2016H1,24632,115,0.004756496078743077,0.0046687236115621955
2014H2-R,R,gbm,,2016H2,24760,121,0.0043740697612223295,0.004886914378029079
2014H2-R,R,gbm,,2017H1,24541,162,0.00492151238069769,0.00660119799519172
2014H2-R,R,gbm,,2017H2,24680,143,0.00476309227221804,0.005794165316045381
2014H2-R,R,gbm,,2018H1,24416,148,0.0047595957942582045,0.006061598951507209
2014H2-R,R,gbm,,2018H2,24543,146,0.004864288777014994,0.005948743022450393
2014H2-R,R,gbm,,2019H1,24752,110,0.004796008397435098,0.0044440853264382674
2014H2-R,R,gbm,,2019H2,24861,136,0.0044649469247810694,0.005470415510236917
2014H2-R,R,gbm,,2020H1,24880,111,0.004023670913816087,0.004461414790996785
2014H2-R,R,gbm,,2020H2,24919,71,0.003646095836290338,0.0028492315100927005
2014H2-R,R,gbm,,2021H1,24909,90,0.003913004860632965,0.003613151872817054
2014H2-R,R,gbm,,2021H2,24929,136,0.004208824467971343,0.005455493601829195
2014H2-R,R,gbm,,2022H1,24889,291,0.004662020335039055,0.011691912089678172
2014H2-R,R,gbm,,2022H2,24859,373,0.004863642514545175,0.015004626091154109
2014H2-R,R,gbm,,2023H1,24882,381,0.005002484024181782,0.015312273932963588
2014H2-R,R,gbm,,2023H2,24866,363,0.0050018052938668265,0.014598246601785572
2014H2-R,R,gbm-50k,20260911,2015H1,24159,83,0.005439871661200911,0.0034355726644314747
2014H2-R,R,gbm-50k,20260911,2015H2,24159,130,0.005749211921632935,0.0053810174262179725
2014H2-R,R,gbm-50k,20260911,2016H1,24632,115,0.005609645322979257,0.0046687236115621955
2014H2-R,R,gbm-50k,20260911,2016H2,24760,121,0.005221105663186934,0.004886914378029079
2014H2-R,R,gbm-50k,20260911,2017H1,24541,162,0.006031279546939834,0.00660119799519172
2014H2-R,R,gbm-50k,20260911,2017H2,24680,143,0.005945391703001456,0.005794165316045381
2014H2-R,R,gbm-50k,20260911,2018H1,24416,148,0.00612217025103152,0.006061598951507209
2014H2-R,R,gbm-50k,20260911,2018H2,24543,146,0.0063303942669276055,0.005948743022450393
2014H2-R,R,gbm-50k,20260911,2019H1,24752,110,0.006231082523292368,0.0044440853264382674
2014H2-R,R,gbm-50k,20260911,2019H2,24861,136,0.005575523511383886,0.005470415510236917
2014H2-R,R,gbm-50k,20260911,2020H1,24880,111,0.004851531572777451,0.004461414790996785
2014H2-R,R,gbm-50k,20260911,2020H2,24919,71,0.004339229770041855,0.0028492315100927005
2014H2-R,R,gbm-50k,20260911,2021H1,24909,90,0.004652013221804199,0.003613151872817054
2014H2-R,R,gbm-50k,20260911,2021H2,24929,136,0.0050420999216344254,0.005455493601829195
2014H2-R,R,gbm-50k,20260911,2022H1,24889,291,0.005770471245486408,0.011691912089678172
2014H2-R,R,gbm-50k,20260911,2022H2,24859,373,0.006405953236239685,0.015004626091154109
2014H2-R,R,gbm-50k,20260911,2023H1,24882,381,0.0068478572355931,0.015312273932963588
2014H2-R,R,gbm-50k,20260911,2023H2,24866,363,0.006727506272750111,0.014598246601785572
2014H2-R,R,gbm-50k,20260912,2015H1,24159,83,0.004919574849400186,0.0034355726644314747
2014H2-R,R,gbm-50k,20260912,2015H2,24159,130,0.005094862555178424,0.0053810174262179725
2014H2-R,R,gbm-50k,20260912,2016H1,24632,115,0.00490856052404804,0.0046687236115621955
2014H2-R,R,gbm-50k,20260912,2016H2,24760,121,0.004478279330167397,0.004886914378029079
2014H2-R,R,gbm-50k,20260912,2017H1,24541,162,0.005137519254316178,0.00660119799519172
2014H2-R,R,gbm-50k,20260912,2017H2,24680,143,0.004945196171545009,0.005794165316045381
2014H2-R,R,gbm-50k,20260912,2018H1,24416,148,0.00497185632611828,0.006061598951507209
2014H2-R,R,gbm-50k,20260912,2018H2,24543,146,0.005106003933467221,0.005948743022450393
2014H2-R,R,gbm-50k,20260912,2019H1,24752,110,0.0050420356527018815,0.0044440853264382674
2014H2-R,R,gbm-50k,20260912,2019H2,24861,136,0.004626358840915786,0.005470415510236917
2014H2-R,R,gbm-50k,20260912,2020H1,24880,111,0.004115542232878153,0.004461414790996785
2014H2-R,R,gbm-50k,20260912,2020H2,24919,71,0.003698449482276829,0.0028492315100927005
2014H2-R,R,gbm-50k,20260912,2021H1,24909,90,0.003970581884060488,0.003613151872817054
2014H2-R,R,gbm-50k,20260912,2021H2,24929,136,0.004245788608105759,0.005455493601829195
2014H2-R,R,gbm-50k,20260912,2022H1,24889,291,0.004694306123049354,0.011691912089678172
2014H2-R,R,gbm-50k,20260912,2022H2,24859,373,0.004992763048301412,0.015004626091154109
2014H2-R,R,gbm-50k,20260912,2023H1,24882,381,0.005295107578235334,0.015312273932963588
2014H2-R,R,gbm-50k,20260912,2023H2,24866,363,0.0053065699013082855,0.014598246601785572
2014H2-R,R,gbm-50k,20260913,2015H1,24159,83,0.004482038375417681,0.0034355726644314747
2014H2-R,R,gbm-50k,20260913,2015H2,24159,130,0.004590561791257678,0.0053810174262179725
2014H2-R,R,gbm-50k,20260913,2016H1,24632,115,0.00443137267587441,0.0046687236115621955
2014H2-R,R,gbm-50k,20260913,2016H2,24760,121,0.00412383005218571,0.004886914378029079
2014H2-R,R,gbm-50k,20260913,2017H1,24541,162,0.0045877579390603065,0.00660119799519172
2014H2-R,R,gbm-50k,20260913,2017H2,24680,143,0.004451882185188736,0.005794165316045381
2014H2-R,R,gbm-50k,20260913,2018H1,24416,148,0.0044447587075136545,0.006061598951507209
2014H2-R,R,gbm-50k,20260913,2018H2,24543,146,0.0045022732302177826,0.005948743022450393
2014H2-R,R,gbm-50k,20260913,2019H1,24752,110,0.004483461204495229,0.0044440853264382674
2014H2-R,R,gbm-50k,20260913,2019H2,24861,136,0.004238260670316336,0.005470415510236917
2014H2-R,R,gbm-50k,20260913,2020H1,24880,111,0.003873560869507825,0.004461414790996785
2014H2-R,R,gbm-50k,20260913,2020H2,24919,71,0.0035234505016951217,0.0028492315100927005
2014H2-R,R,gbm-50k,20260913,2021H1,24909,90,0.003770667730322791,0.003613151872817054
2014H2-R,R,gbm-50k,20260913,2021H2,24929,136,0.003954206430096787,0.005455493601829195
2014H2-R,R,gbm-50k,20260913,2022H1,24889,291,0.004313452821024864,0.011691912089678172
2014H2-R,R,gbm-50k,20260913,2022H2,24859,373,0.0044694762331205454,0.015004626091154109
2014H2-R,R,gbm-50k,20260913,2023H1,24882,381,0.004613052357038936,0.015312273932963588
2014H2-R,R,gbm-50k,20260913,2023H2,24866,363,0.004619807969993237,0.014598246601785572
2014H2-R,R,scorecard,,2015H1,24159,83,0.005151729402081071,0.0034355726644314747
2014H2-R,R,scorecard,,2015H2,24159,130,0.005403255477531502,0.0053810174262179725
2014H2-R,R,scorecard,,2016H1,24632,115,0.0051828869786124014,0.0046687236115621955
2014H2-R,R,scorecard,,2016H2,24760,121,0.004830484182366437,0.004886914378029079
2014H2-R,R,scorecard,,2017H1,24541,162,0.0054651557647020605,0.00660119799519172
2014H2-R,R,scorecard,,2017H2,24680,143,0.005293242516994105,0.005794165316045381
2014H2-R,R,scorecard,,2018H1,24416,148,0.005378545849717518,0.006061598951507209
2014H2-R,R,scorecard,,2018H2,24543,146,0.005509382669530445,0.005948743022450393
2014H2-R,R,scorecard,,2019H1,24752,110,0.005525019966487326,0.0044440853264382674
2014H2-R,R,scorecard,,2019H2,24861,136,0.005067775512394774,0.005470415510236917
2014H2-R,R,scorecard,,2020H1,24880,111,0.00444797148540293,0.004461414790996785
2014H2-R,R,scorecard,,2020H2,24919,71,0.0039438593047214305,0.0028492315100927005
2014H2-R,R,scorecard,,2021H1,24909,90,0.004246541271222206,0.003613151872817054
2014H2-R,R,scorecard,,2021H2,24929,136,0.004529305068919635,0.005455493601829195
2014H2-R,R,scorecard,,2022H1,24889,291,0.004954302885769915,0.011691912089678172
2014H2-R,R,scorecard,,2022H2,24859,373,0.005402262246750097,0.015004626091154109
2014H2-R,R,scorecard,,2023H1,24882,381,0.005788801863793969,0.015312273932963588
2014H2-R,R,scorecard,,2023H2,24866,363,0.005616946895880148,0.014598246601785572
2014H2-R,R,tabicl,20260911,2015H1,24159,83,0.003357871212297265,0.0034355726644314747
2014H2-R,R,tabicl,20260911,2015H2,24159,130,0.0036497470120029924,0.0053810174262179725
2014H2-R,R,tabicl,20260911,2016H1,24632,115,0.003511867905463571,0.0046687236115621955
2014H2-R,R,tabicl,20260911,2016H2,24760,121,0.00316098641047304,0.004886914378029079
2014H2-R,R,tabicl,20260911,2017H1,24541,162,0.003947816365224384,0.00660119799519172
2014H2-R,R,tabicl,20260911,2017H2,24680,143,0.0038848146218928795,0.005794165316045381
2014H2-R,R,tabicl,20260911,2018H1,24416,148,0.004080331205612043,0.006061598951507209
2014H2-R,R,tabicl,20260911,2018H2,24543,146,0.004263884090351478,0.005948743022450393
2014H2-R,R,tabicl,20260911,2019H1,24752,110,0.004140213685434718,0.0044440853264382674
2014H2-R,R,tabicl,20260911,2019H2,24861,136,0.0034969304925486122,0.005470415510236917
2014H2-R,R,tabicl,20260911,2020H1,24880,111,0.002804097834421122,0.004461414790996785
2014H2-R,R,tabicl,20260911,2020H2,24919,71,0.002340825083614324,0.0028492315100927005
2014H2-R,R,tabicl,20260911,2021H1,24909,90,0.002657295665560514,0.003613151872817054
2014H2-R,R,tabicl,20260911,2021H2,24929,136,0.003041262143419595,0.005455493601829195
2014H2-R,R,tabicl,20260911,2022H1,24889,291,0.0036089273092371078,0.011691912089678172
2014H2-R,R,tabicl,20260911,2022H2,24859,373,0.004021982116259399,0.015004626091154109
2014H2-R,R,tabicl,20260911,2023H1,24882,381,0.00466094785105867,0.015312273932963588
2014H2-R,R,tabicl,20260911,2023H2,24866,363,0.004560780734477357,0.014598246601785572
2014H2-R,R,tabicl,20260912,2015H1,24159,83,0.0030596372737251992,0.0034355726644314747
2014H2-R,R,tabicl,20260912,2015H2,24159,130,0.0031657460891367025,0.0053810174262179725
2014H2-R,R,tabicl,20260912,2016H1,24632,115,0.0030168525749906124,0.0046687236115621955
2014H2-R,R,tabicl,20260912,2016H2,24760,121,0.0026129024434654383,0.004886914378029079
2014H2-R,R,tabicl,20260912,2017H1,24541,162,0.003163688990474451,0.00660119799519172
2014H2-R,R,tabicl,20260912,2017H2,24680,143,0.0029862932612487007,0.005794165316045381
2014H2-R,R,tabicl,20260912,2018H1,24416,148,0.002987019007912578,0.006061598951507209
2014H2-R,R,tabicl,20260912,2018H2,24543,146,0.0030246416938849562,0.005948743022450393
2014H2-R,R,tabicl,20260912,2019H1,24752,110,0.002990210778961496,0.0044440853264382674
2014H2-R,R,tabicl,20260912,2019H2,24861,136,0.0027369606088730757,0.005470415510236917
2014H2-R,R,tabicl,20260912,2020H1,24880,111,0.0023421168049812834,0.004461414790996785
2014H2-R,R,tabicl,20260912,2020H2,24919,71,0.0019892520838709713,0.0028492315100927005
2014H2-R,R,tabicl,20260912,2021H1,24909,90,0.002252291343737147,0.003613151872817054
2014H2-R,R,tabicl,20260912,2021H2,24929,136,0.0024391442615874304,0.005455493601829195
2014H2-R,R,tabicl,20260912,2022H1,24889,291,0.0026945656804110846,0.011691912089678172
2014H2-R,R,tabicl,20260912,2022H2,24859,373,0.0027395772846874893,0.015004626091154109
2014H2-R,R,tabicl,20260912,2023H1,24882,381,0.003082557329370817,0.015312273932963588
2014H2-R,R,tabicl,20260912,2023H2,24866,363,0.003058476871547894,0.014598246601785572
2014H2-R,R,tabicl,20260913,2015H1,24159,83,0.0026278455736443882,0.0034355726644314747
2014H2-R,R,tabicl,20260913,2015H2,24159,130,0.002738407634061508,0.0053810174262179725
2014H2-R,R,tabicl,20260913,2016H1,24632,115,0.0025972952891335672,0.0046687236115621955
2014H2-R,R,tabicl,20260913,2016H2,24760,121,0.0023048532434064776,0.004886914378029079
2014H2-R,R,tabicl,20260913,2017H1,24541,162,0.0027362206749455453,0.00660119799519172
2014H2-R,R,tabicl,20260913,2017H2,24680,143,0.0026234248098875677,0.005794165316045381
2014H2-R,R,tabicl,20260913,2018H1,24416,148,0.0026210889466938467,0.006061598951507209
2014H2-R,R,tabicl,20260913,2018H2,24543,146,0.0026513801760165937,0.005948743022450393
2014H2-R,R,tabicl,20260913,2019H1,24752,110,0.0026188592207379412,0.0044440853264382674
2014H2-R,R,tabicl,20260913,2019H2,24861,136,0.0024197280716920988,0.005470415510236917
2014H2-R,R,tabicl,20260913,2020H1,24880,111,0.0020676856602219037,0.004461414790996785
2014H2-R,R,tabicl,20260913,2020H2,24919,71,0.001742371342829827,0.0028492315100927005
2014H2-R,R,tabicl,20260913,2021H1,24909,90,0.001983899987518399,0.003613151872817054
2014H2-R,R,tabicl,20260913,2021H2,24929,136,0.002172037964455163,0.005455493601829195
2014H2-R,R,tabicl,20260913,2022H1,24889,291,0.00239651587134383,0.011691912089678172
2014H2-R,R,tabicl,20260913,2022H2,24859,373,0.0023899906994610167,0.015004626091154109
2014H2-R,R,tabicl,20260913,2023H1,24882,381,0.002580028923850956,0.015312273932963588
2014H2-R,R,tabicl,20260913,2023H2,24866,363,0.002512398391258117,0.014598246601785572
2014H2-R,R,tabicl@t1,20260911,2015H1,24159,83,0.00544527913745374,0.0034355726644314747
2014H2-R,R,tabicl@t1,20260911,2015H2,24159,130,0.0059034603668850025,0.0053810174262179725
2014H2-R,R,tabicl@t1,20260911,2016H1,24632,115,0.005712632520330605,0.0046687236115621955
2014H2-R,R,tabicl@t1,20260911,2016H2,24760,121,0.005208999918006695,0.004886914378029079
2014H2-R,R,tabicl@t1,20260911,2017H1,24541,162,0.006369633592115187,0.00660119799519172
2014H2-R,R,tabicl@t1,20260911,2017H2,24680,143,0.00630013182030872,0.005794165316045381
2014H2-R,R,tabicl@t1,20260911,2018H1,24416,148,0.006579243046248571,0.006061598951507209
2014H2-R,R,tabicl@t1,20260911,2018H2,24543,146,0.006857081146302343,0.005948743022450393
2014H2-R,R,tabicl@t1,20260911,2019H1,24752,110,0.006680396570443708,0.0044440853264382674
2014H2-R,R,tabicl@t1,20260911,2019H2,24861,136,0.005727263321358754,0.005470415510236917
2014H2-R,R,tabicl@t1,20260911,2020H1,24880,111,0.00468452321937517,0.004461414790996785
2014H2-R,R,tabicl@t1,20260911,2020H2,24919,71,0.003971825597115011,0.0028492315100927005
2014H2-R,R,tabicl@t1,20260911,2021H1,24909,90,0.004473023685253385,0.003613151872817054
2014H2-R,R,tabicl@t1,20260911,2021H2,24929,136,0.005076362724741006,0.005455493601829195
2014H2-R,R,tabicl@t1,20260911,2022H1,24889,291,0.005964087020925638,0.011691912089678172
2014H2-R,R,tabicl@t1,20260911,2022H2,24859,373,0.006577075102563213,0.015004626091154109
2014H2-R,R,tabicl@t1,20260911,2023H1,24882,381,0.007421075621296825,0.015312273932963588
2014H2-R,R,tabicl@t1,20260911,2023H2,24866,363,0.007234394879237402,0.014598246601785572
2014H2-R,R,tabicl@t1,20260912,2015H1,24159,83,0.004923729353401682,0.0034355726644314747
2014H2-R,R,tabicl@t1,20260912,2015H2,24159,130,0.005109516263595324,0.0053810174262179725
2014H2-R,R,tabicl@t1,20260912,2016H1,24632,115,0.004918039744760955,0.0046687236115621955
2014H2-R,R,tabicl@t1,20260912,2016H2,24760,121,0.004358983562912333,0.004886914378029079
2014H2-R,R,tabicl@t1,20260912,2017H1,24541,162,0.005171455665247887,0.00660119799519172
2014H2-R,R,tabicl@t1,20260912,2017H2,24680,143,0.004951538263729743,0.005794165316045381
2014H2-R,R,tabicl@t1,20260912,2018H1,24416,148,0.004961851789532648,0.006061598951507209
2014H2-R,R,tabicl@t1,20260912,2018H2,24543,146,0.005034811980609017,0.005948743022450393
2014H2-R,R,tabicl@t1,20260912,2019H1,24752,110,0.0049862234656744085,0.0044440853264382674
2014H2-R,R,tabicl@t1,20260912,2019H2,24861,136,0.004592430998243894,0.005470415510236917
2014H2-R,R,tabicl@t1,20260912,2020H1,24880,111,0.003980167193769477,0.004461414790996785
2014H2-R,R,tabicl@t1,20260912,2020H2,24919,71,0.0034257155649568267,0.0028492315100927005
2014H2-R,R,tabicl@t1,20260912,2021H1,24909,90,0.0038440061187430294,0.003613151872817054
2014H2-R,R,tabicl@t1,20260912,2021H2,24929,136,0.004149795174382587,0.005455493601829195
2014H2-R,R,tabicl@t1,20260912,2022H1,24889,291,0.004572389013230052,0.011691912089678172
2014H2-R,R,tabicl@t1,20260912,2022H2,24859,373,0.004649887108287492,0.015004626091154109
2014H2-R,R,tabicl@t1,20260912,2023H1,24882,381,0.005110459014352676,0.015312273932963588
2014H2-R,R,tabicl@t1,20260912,2023H2,24866,363,0.005037888426750676,0.014598246601785572
2014H2-R,R,tabicl@t1,20260913,2015H1,24159,83,0.004347405500360857,0.0034355726644314747
2014H2-R,R,tabicl@t1,20260913,2015H2,24159,130,0.004539267833926031,0.0053810174262179725
2014H2-R,R,tabicl@t1,20260913,2016H1,24632,115,0.004347960884809053,0.0046687236115621955
2014H2-R,R,tabicl@t1,20260913,2016H2,24760,121,0.003933485838712673,0.004886914378029079
2014H2-R,R,tabicl@t1,20260913,2017H1,24541,162,0.004589333382301741,0.00660119799519172
2014H2-R,R,tabicl@t1,20260913,2017H2,24680,143,0.004455104567041259,0.005794165316045381
2014H2-R,R,tabicl@t1,20260913,2018H1,24416,148,0.00446265949766295,0.006061598951507209
2014H2-R,R,tabicl@t1,20260913,2018H2,24543,146,0.004526341221387415,0.005948743022450393
2014H2-R,R,tabicl@t1,20260913,2019H1,24752,110,0.004479255966775234,0.0044440853264382674
2014H2-R,R,tabicl@t1,20260913,2019H2,24861,136,0.00415647243864298,0.005470415510236917
2014H2-R,R,tabicl@t1,20260913,2020H1,24880,111,0.003594602606678056,0.004461414790996785
2014H2-R,R,tabicl@t1,20260913,2020H2,24919,71,0.0030725740759036577,0.0028492315100927005
2014H2-R,R,tabicl@t1,20260913,2021H1,24909,90,0.003461502113250925,0.003613151872817054
2014H2-R,R,tabicl@t1,20260913,2021H2,24929,136,0.0037704653378190524,0.005455493601829195
2014H2-R,R,tabicl@t1,20260913,2022H1,24889,291,0.004154270474623636,0.011691912089678172
2014H2-R,R,tabicl@t1,20260913,2022H2,24859,373,0.004161373054352233,0.015004626091154109
2014H2-R,R,tabicl@t1,20260913,2023H1,24882,381,0.004430414297901824,0.015312273932963588
2014H2-R,R,tabicl@t1,20260913,2023H2,24866,363,0.004307983214842971,0.014598246601785572
2014H2-R,R,tabpfn,20260911,2015H1,24159,83,0.003410191366576545,0.0034355726644314747
2014H2-R,R,tabpfn,20260911,2015H2,24159,130,0.003726077786997716,0.0053810174262179725
2014H2-R,R,tabpfn,20260911,2016H1,24632,115,0.003525208164635106,0.0046687236115621955
2014H2-R,R,tabpfn,20260911,2016H2,24760,121,0.0031087195252855223,0.004886914378029079
2014H2-R,R,tabpfn,20260911,2017H1,24541,162,0.0038089099799251047,0.00660119799519172
2014H2-R,R,tabpfn,20260911,2017H2,24680,143,0.0036997618488237936,0.005794165316045381
2014H2-R,R,tabpfn,20260911,2018H1,24416,148,0.003757411533963778,0.006061598951507209
2014H2-R,R,tabpfn,20260911,2018H2,24543,146,0.00392150756498276,0.005948743022450393
2014H2-R,R,tabpfn,20260911,2019H1,24752,110,0.0037626969476409673,0.0044440853264382674
2014H2-R,R,tabpfn,20260911,2019H2,24861,136,0.003248585650831492,0.005470415510236917
2014H2-R,R,tabpfn,20260911,2020H1,24880,111,0.0026800482136364453,0.004461414790996785
2014H2-R,R,tabpfn,20260911,2020H2,24919,71,0.0021941389519747044,0.0028492315100927005
2014H2-R,R,tabpfn,20260911,2021H1,24909,90,0.0025496504642274747,0.003613151872817054
2014H2-R,R,tabpfn,20260911,2021H2,24929,136,0.0029933839414434285,0.005455493601829195
2014H2-R,R,tabpfn,20260911,2022H1,24889,291,0.0035639092286760825,0.011691912089678172
2014H2-R,R,tabpfn,20260911,2022H2,24859,373,0.0037169735466128537,0.015004626091154109
2014H2-R,R,tabpfn,20260911,2023H1,24882,381,0.003973959923300653,0.015312273932963588
2014H2-R,R,tabpfn,20260911,2023H2,24866,363,0.003957875402170198,0.014598246601785572
2014H2-R,R,tabpfn,20260912,2015H1,24159,83,0.003056191223033288,0.0034355726644314747
2014H2-R,R,tabpfn,20260912,2015H2,24159,130,0.0031461210978375696,0.0053810174262179725
2014H2-R,R,tabpfn,20260912,2016H1,24632,115,0.002973846742722222,0.0046687236115621955
2014H2-R,R,tabpfn,20260912,2016H2,24760,121,0.002516123875353009,0.004886914378029079
2014H2-R,R,tabpfn,20260912,2017H1,24541,162,0.003011513823228902,0.00660119799519172
2014H2-R,R,tabpfn,20260912,2017H2,24680,143,0.002789355719497438,0.005794165316045381
2014H2-R,R,tabpfn,20260912,2018H1,24416,148,0.002674674042921933,0.006061598951507209
2014H2-R,R,tabpfn,20260912,2018H2,24543,146,0.0026600400289405507,0.005948743022450393
2014H2-R,R,tabpfn,20260912,2019H1,24752,110,0.0026058200619673228,0.0044440853264382674
2014H2-R,R,tabpfn,20260912,2019H2,24861,136,0.00245732667490059,0.005470415510236917
2014H2-R,R,tabpfn,20260912,2020H1,24880,111,0.0021953046163271737,0.004461414790996785
2014H2-R,R,tabpfn,20260912,2020H2,24919,71,0.0018599232705245868,0.0028492315100927005
2014H2-R,R,tabpfn,20260912,2021H1,24909,90,0.0021497463523331498,0.003613151872817054
2014H2-R,R,tabpfn,20260912,2021H2,24929,136,0.0023749497677822105,0.005455493601829195
2014H2-R,R,tabpfn,20260912,2022H1,24889,291,0.0026048166707166175,0.011691912089678172
2014H2-R,R,tabpfn,20260912,2022H2,24859,373,0.002401102128975851,0.015004626091154109
2014H2-R,R,tabpfn,20260912,2023H1,24882,381,0.0023779773338827594,0.015312273932963588
2014H2-R,R,tabpfn,20260912,2023H2,24866,363,0.002342271032442471,0.014598246601785572
2014H2-R,R,tabpfn,20260913,2015H1,24159,83,0.0027084241063956823,0.0034355726644314747
2014H2-R,R,tabpfn,20260913,2015H2,24159,130,0.0028177198573712224,0.0053810174262179725
2014H2-R,R,tabpfn,20260913,2016H1,24632,115,0.002633039181435124,0.0046687236115621955
2014H2-R,R,tabpfn,20260913,2016H2,24760,121,0.0023013725876141105,0.004886914378029079
2014H2-R,R,tabpfn,20260913,2017H1,24541,162,0.002683135630720598,0.00660119799519172
2014H2-R,R,tabpfn,20260913,2017H2,24680,143,0.002547798412099452,0.005794165316045381
2014H2-R,R,tabpfn,20260913,2018H1,24416,148,0.0024483344518343155,0.006061598951507209
2014H2-R,R,tabpfn,20260913,2018H2,24543,146,0.00244375298011255,0.005948743022450393
2014H2-R,R,tabpfn,20260913,2019H1,24752,110,0.002412575854634026,0.0044440853264382674
2014H2-R,R,tabpfn,20260913,2019H2,24861,136,0.00232201592474778,0.005470415510236917
2014H2-R,R,tabpfn,20260913,2020H1,24880,111,0.0020620578871112637,0.004461414790996785
2014H2-R,R,tabpfn,20260913,2020H2,24919,71,0.0017032875288538734,0.0028492315100927005
2014H2-R,R,tabpfn,20260913,2021H1,24909,90,0.0020329528456739,0.003613151872817054
2014H2-R,R,tabpfn,20260913,2021H2,24929,136,0.0022777239087316587,0.005455493601829195
2014H2-R,R,tabpfn,20260913,2022H1,24889,291,0.0025633086269022604,0.011691912089678172
2014H2-R,R,tabpfn,20260913,2022H2,24859,373,0.0022901066542336764,0.015004626091154109
2014H2-R,R,tabpfn,20260913,2023H1,24882,381,0.0022014846106244174,0.015312273932963588
2014H2-R,R,tabpfn,20260913,2023H2,24866,363,0.0021513970910312496,0.014598246601785572
2014H2-R,R,tabpfn@t1,20260911,2015H1,24159,83,0.00549794973760392,0.0034355726644314747
2014H2-R,R,tabpfn@t1,20260911,2015H2,24159,130,0.005989752419554593,0.0053810174262179725
2014H2-R,R,tabpfn@t1,20260911,2016H1,24632,115,0.005715668653428853,0.0046687236115621955
2014H2-R,R,tabpfn@t1,20260911,2016H2,24760,121,0.0051243145266993894,0.004886914378029079
2014H2-R,R,tabpfn@t1,20260911,2017H1,24541,162,0.006167227253125384,0.00660119799519172
2014H2-R,R,tabpfn@t1,20260911,2017H2,24680,143,0.006040490138206241,0.005794165316045381
2014H2-R,R,tabpfn@t1,20260911,2018H1,24416,148,0.006133491512217275,0.006061598951507209
2014H2-R,R,tabpfn@t1,20260911,2018H2,24543,146,0.006380285375269521,0.005948743022450393
2014H2-R,R,tabpfn@t1,20260911,2019H1,24752,110,0.006158870730569645,0.0044440853264382674
2014H2-R,R,tabpfn@t1,20260911,2019H2,24861,136,0.005385079338649237,0.005470415510236917
2014H2-R,R,tabpfn@t1,20260911,2020H1,24880,111,0.004504598258591327,0.004461414790996785
2014H2-R,R,tabpfn@t1,20260911,2020H2,24919,71,0.003752415165499439,0.0028492315100927005
2014H2-R,R,tabpfn@t1,20260911,2021H1,24909,90,0.004316700617686895,0.003613151872817054
2014H2-R,R,tabpfn@t1,20260911,2021H2,24929,136,0.005007309896754456,0.005455493601829195
2014H2-R,R,tabpfn@t1,20260911,2022H1,24889,291,0.005902853205808527,0.011691912089678172
2014H2-R,R,tabpfn@t1,20260911,2022H2,24859,373,0.006141952820833663,0.015004626091154109
2014H2-R,R,tabpfn@t1,20260911,2023H1,24882,381,0.0064692705529239974,0.015312273932963588
2014H2-R,R,tabpfn@t1,20260911,2023H2,24866,363,0.006398602696712967,0.014598246601785572
2014H2-R,R,tabpfn@t1,20260912,2015H1,24159,83,0.004893838706942098,0.0034355726644314747
2014H2-R,R,tabpfn@t1,20260912,2015H2,24159,130,0.00506014627609909,0.0053810174262179725
2014H2-R,R,tabpfn@t1,20260912,2016H1,24632,115,0.004833274519850795,0.0046687236115621955
2014H2-R,R,tabpfn@t1,20260912,2016H2,24760,121,0.004198101729988808,0.004886914378029079
2014H2-R,R,tabpfn@t1,20260912,2017H1,24541,162,0.004935857940195046,0.00660119799519172
2014H2-R,R,tabpfn@t1,20260912,2017H2,24680,143,0.004652748494563135,0.005794165316045381
2014H2-R,R,tabpfn@t1,20260912,2018H1,24416,148,0.004500994359836917,0.006061598951507209
2014H2-R,R,tabpfn@t1,20260912,2018H2,24543,146,0.004499432442644712,0.005948743022450393
2014H2-R,R,tabpfn@t1,20260912,2019H1,24752,110,0.004423968948700604,0.0044440853264382674
2014H2-R,R,tabpfn@t1,20260912,2019H2,24861,136,0.004177041367180378,0.005470415510236917
2014H2-R,R,tabpfn@t1,20260912,2020H1,24880,111,0.0037440743216648063,0.004461414790996785
2014H2-R,R,tabpfn@t1,20260912,2020H2,24919,71,0.0032069203418216307,0.0028492315100927005
2014H2-R,R,tabpfn@t1,20260912,2021H1,24909,90,0.003667513360287827,0.003613151872817054
2014H2-R,R,tabpfn@t1,20260912,2021H2,24929,136,0.004031862103358308,0.005455493601829195
2014H2-R,R,tabpfn@t1,20260912,2022H1,24889,291,0.00442250023607125,0.011691912089678172
2014H2-R,R,tabpfn@t1,20260912,2022H2,24859,373,0.004141482973157294,0.015004626091154109
2014H2-R,R,tabpfn@t1,20260912,2023H1,24882,381,0.004091222744012309,0.015312273932963588
2014H2-R,R,tabpfn@t1,20260912,2023H2,24866,363,0.004016631866808319,0.014598246601785572
2014H2-R,R,tabpfn@t1,20260913,2015H1,24159,83,0.004435242636316208,0.0034355726644314747
2014H2-R,R,tabpfn@t1,20260913,2015H2,24159,130,0.004629805006051223,0.0053810174262179725
2014H2-R,R,tabpfn@t1,20260913,2016H1,24632,115,0.004375505362266584,0.0046687236115621955
2014H2-R,R,tabpfn@t1,20260913,2016H2,24760,121,0.003902628183147793,0.004886914378029079
2014H2-R,R,tabpfn@t1,20260913,2017H1,24541,162,0.004488458690634758,0.00660119799519172
2014H2-R,R,tabpfn@t1,20260913,2017H2,24680,143,0.004321992420040729,0.005794165316045381
2014H2-R,R,tabpfn@t1,20260913,2018H1,24416,148,0.004188231386363926,0.006061598951507209
2014H2-R,R,tabpfn@t1,20260913,2018H2,24543,146,0.004202451302056418,0.005948743022450393
2014H2-R,R,tabpfn@t1,20260913,2019H1,24752,110,0.004156668134942588,0.0044440853264382674
2014H2-R,R,tabpfn@t1,20260913,2019H2,24861,136,0.003992338683882732,0.005470415510236917
2014H2-R,R,tabpfn@t1,20260913,2020H1,24880,111,0.003557655192961124,0.004461414790996785
2014H2-R,R,tabpfn@t1,20260913,2020H2,24919,71,0.002979801049994631,0.0028492315100927005
2014H2-R,R,tabpfn@t1,20260913,2021H1,24909,90,0.0035062461099511217,0.003613151872817054
2014H2-R,R,tabpfn@t1,20260913,2021H2,24929,136,0.0039055772017339784,0.005455493601829195
2014H2-R,R,tabpfn@t1,20260913,2022H1,24889,291,0.004383035745082747,0.011691912089678172
2014H2-R,R,tabpfn@t1,20260913,2022H2,24859,373,0.0039895202236246465,0.015004626091154109
2014H2-R,R,tabpfn@t1,20260913,2023H1,24882,381,0.003853978003136478,0.015312273932963588
2014H2-R,R,tabpfn@t1,20260913,2023H2,24866,363,0.0037662371871767636,0.014598246601785572
2016H2-R,R,gbm,,2017H1,24541,162,0.0039017886398070374,0.00660119799519172
2016H2-R,R,gbm,,2017H2,24680,143,0.00382417990529,0.005794165316045381
2016H2-R,R,gbm,,2018H1,24416,148,0.0038445558713429352,0.006061598951507209
2016H2-R,R,gbm,,2018H2,24543,146,0.0039728168804317844,0.005948743022450393
2016H2-R,R,gbm,,2019H1,24752,110,0.003822523732476007,0.0044440853264382674
2016H2-R,R,gbm,,2019H2,24861,136,0.0034286305052568756,0.005470415510236917
2016H2-R,R,gbm,,2020H1,24880,111,0.0029651464576730836,0.004461414790996785
2016H2-R,R,gbm,,2020H2,24919,71,0.0026619094316311757,0.0028492315100927005
2016H2-R,R,gbm,,2021H1,24909,90,0.0030114985141546473,0.003613151872817054
2016H2-R,R,gbm,,2021H2,24929,136,0.00342940860641807,0.005455493601829195
2016H2-R,R,gbm,,2022H1,24889,291,0.003960657142724088,0.011691912089678172
2016H2-R,R,gbm,,2022H2,24859,373,0.003923698353347124,0.015004626091154109
2016H2-R,R,gbm,,2023H1,24882,381,0.004027245805023388,0.015312273932963588
2016H2-R,R,gbm,,2023H2,24866,363,0.003933343014804863,0.014598246601785572
2016H2-R,R,gbm-50k,20260911,2017H1,24541,162,0.0038814255439644334,0.00660119799519172
2016H2-R,R,gbm-50k,20260911,2017H2,24680,143,0.003757996112973971,0.005794165316045381
2016H2-R,R,gbm-50k,20260911,2018H1,24416,148,0.0037473603719403305,0.006061598951507209
2016H2-R,R,gbm-50k,20260911,2018H2,24543,146,0.00386327874697459,0.005948743022450393
2016H2-R,R,gbm-50k,20260911,2019H1,24752,110,0.0037335049081882363,0.0044440853264382674
2016H2-R,R,gbm-50k,20260911,2019H2,24861,136,0.0033560864361060327,0.005470415510236917
2016H2-R,R,gbm-50k,20260911,2020H1,24880,111,0.003006322269310346,0.004461414790996785
2016H2-R,R,gbm-50k,20260911,2020H2,24919,71,0.0027824950839055126,0.0028492315100927005
2016H2-R,R,gbm-50k,20260911,2021H1,24909,90,0.0030982542125425924,0.003613151872817054
2016H2-R,R,gbm-50k,20260911,2021H2,24929,136,0.0034661298457153533,0.005455493601829195
2016H2-R,R,gbm-50k,20260911,2022H1,24889,291,0.0039385671354061295,0.011691912089678172
2016H2-R,R,gbm-50k,20260911,2022H2,24859,373,0.003859899357506814,0.015004626091154109
2016H2-R,R,gbm-50k,20260911,2023H1,24882,381,0.003887822431378733,0.015312273932963588
2016H2-R,R,gbm-50k,20260911,2023H2,24866,363,0.0038779139485528203,0.014598246601785572
2016H2-R,R,gbm-50k,20260912,2017H1,24541,162,0.003794201864593997,0.00660119799519172
2016H2-R,R,gbm-50k,20260912,2017H2,24680,143,0.0037390357679954515,0.005794165316045381
2016H2-R,R,gbm-50k,20260912,2018H1,24416,148,0.003764303333050066,0.006061598951507209
2016H2-R,R,gbm-50k,20260912,2018H2,24543,146,0.0038703813193653866,0.005948743022450393
2016H2-R,R,gbm-50k,20260912,2019H1,24752,110,0.003760326843800228,0.0044440853264382674
2016H2-R,R,gbm-50k,20260912,2019H2,24861,136,0.0033481286337440643,0.005470415510236917
2016H2-R,R,gbm-50k,20260912,2020H1,24880,111,0.0028707081727499723,0.004461414790996785
2016H2-R,R,gbm-50k,20260912,2020H2,24919,71,0.0025445974194768547,0.0028492315100927005
2016H2-R,R,gbm-50k,20260912,2021H1,24909,90,0.002945332480379064,0.003613151872817054
2016H2-R,R,gbm-50k,20260912,2021H2,24929,136,0.0033879616984351687,0.005455493601829195
2016H2-R,R,gbm-50k,20260912,2022H1,24889,291,0.004026392730976344,0.011691912089678172
2016H2-R,R,gbm-50k,20260912,2022H2,24859,373,0.003971097605965319,0.015004626091154109
2016H2-R,R,gbm-50k,20260912,2023H1,24882,381,0.0039642997683432485,0.015312273932963588
2016H2-R,R,gbm-50k,20260912,2023H2,24866,363,0.0038770055690898132,0.014598246601785572
2016H2-R,R,gbm-50k,20260913,2017H1,24541,162,0.00404385214435826,0.00660119799519172
2016H2-R,R,gbm-50k,20260913,2017H2,24680,143,0.0038927392277050775,0.005794165316045381
2016H2-R,R,gbm-50k,20260913,2018H1,24416,148,0.003866848577042753,0.006061598951507209
2016H2-R,R,gbm-50k,20260913,2018H2,24543,146,0.003921478974365172,0.005948743022450393
2016H2-R,R,gbm-50k,20260913,2019H1,24752,110,0.003792934834197579,0.0044440853264382674
2016H2-R,R,gbm-50k,20260913,2019H2,24861,136,0.003515814864346689,0.005470415510236917
2016H2-R,R,gbm-50k,20260913,2020H1,24880,111,0.0031509365351668614,0.004461414790996785
2016H2-R,R,gbm-50k,20260913,2020H2,24919,71,0.0028663374587990574,0.0028492315100927005
2016H2-R,R,gbm-50k,20260913,2021H1,24909,90,0.0031692709960823837,0.003613151872817054
2016H2-R,R,gbm-50k,20260913,2021H2,24929,136,0.003574452476047865,0.005455493601829195
2016H2-R,R,gbm-50k,20260913,2022H1,24889,291,0.003974800699186469,0.011691912089678172
2016H2-R,R,gbm-50k,20260913,2022H2,24859,373,0.0038948873059074574,0.015004626091154109
2016H2-R,R,gbm-50k,20260913,2023H1,24882,381,0.003825017436686256,0.015312273932963588
2016H2-R,R,gbm-50k,20260913,2023H2,24866,363,0.00376816028785598,0.014598246601785572
2016H2-R,R,scorecard,,2017H1,24541,162,0.00392759494243994,0.00660119799519172
2016H2-R,R,scorecard,,2017H2,24680,143,0.003853811324493867,0.005794165316045381
2016H2-R,R,scorecard,,2018H1,24416,148,0.0038627165216956,0.006061598951507209
2016H2-R,R,scorecard,,2018H2,24543,146,0.003972278109676922,0.005948743022450393
2016H2-R,R,scorecard,,2019H1,24752,110,0.003850498657153741,0.0044440853264382674
2016H2-R,R,scorecard,,2019H2,24861,136,0.0034997592171274886,0.005470415510236917
2016H2-R,R,scorecard,,2020H1,24880,111,0.0031091725611421413,0.004461414790996785
2016H2-R,R,scorecard,,2020H2,24919,71,0.0028085440498261884,0.0028492315100927005
2016H2-R,R,scorecard,,2021H1,24909,90,0.0032165850425381957,0.003613151872817054
2016H2-R,R,scorecard,,2021H2,24929,136,0.0036504043040994226,0.005455493601829195
2016H2-R,R,scorecard,,2022H1,24889,291,0.004104597105290981,0.011691912089678172
2016H2-R,R,scorecard,,2022H2,24859,373,0.00393981240570949,0.015004626091154109
2016H2-R,R,scorecard,,2023H1,24882,381,0.003988904264874271,0.015312273932963588
2016H2-R,R,scorecard,,2023H2,24866,363,0.0038863117948899984,0.014598246601785572
2016H2-R,R,tabicl,20260911,2017H1,24541,162,0.002513653197192316,0.00660119799519172
2016H2-R,R,tabicl,20260911,2017H2,24680,143,0.0024842438745752062,0.005794165316045381
2016H2-R,R,tabicl,20260911,2018H1,24416,148,0.002484189646810297,0.006061598951507209
2016H2-R,R,tabicl,20260911,2018H2,24543,146,0.0025513900157990697,0.005948743022450393
2016H2-R,R,tabicl,20260911,2019H1,24752,110,0.0024615871308410566,0.0044440853264382674
2016H2-R,R,tabicl,20260911,2019H2,24861,136,0.002123095597090998,0.005470415510236917
2016H2-R,R,tabicl,20260911,2020H1,24880,111,0.0017746084018885103,0.004461414790996785
2016H2-R,R,tabicl,20260911,2020H2,24919,71,0.0015308962362522618,0.0028492315100927005
2016H2-R,R,tabicl,20260911,2021H1,24909,90,0.0018218438651890342,0.003613151872817054
2016H2-R,R,tabicl,20260911,2021H2,24929,136,0.002169089036424971,0.005455493601829195
2016H2-R,R,tabicl,20260911,2022H1,24889,291,0.0025827709478487533,0.011691912089678172
2016H2-R,R,tabicl,20260911,2022H2,24859,373,0.002538873895872003,0.015004626091154109
2016H2-R,R,tabicl,20260911,2023H1,24882,381,0.0025299123206936587,0.015312273932963588
2016H2-R,R,tabicl,20260911,2023H2,24866,363,0.0024352196417665125,0.014598246601785572
2016H2-R,R,tabicl,20260912,2017H1,24541,162,0.0024435678464748535,0.00660119799519172
2016H2-R,R,tabicl,20260912,2017H2,24680,143,0.00243385540577879,0.005794165316045381
2016H2-R,R,tabicl,20260912,2018H1,24416,148,0.002495839525989088,0.006061598951507209
2016H2-R,R,tabicl,20260912,2018H2,24543,146,0.002582992450117688,0.005948743022450393
2016H2-R,R,tabicl,20260912,2019H1,24752,110,0.0025063102683417792,0.0044440853264382674
2016H2-R,R,tabicl,20260912,2019H2,24861,136,0.002137930442812414,0.005470415510236917
2016H2-R,R,tabicl,20260912,2020H1,24880,111,0.0017616664192190825,0.004461414790996785
2016H2-R,R,tabicl,20260912,2020H2,24919,71,0.0015035854730578123,0.0028492315100927005
2016H2-R,R,tabicl,20260912,2021H1,24909,90,0.001758818713776279,0.003613151872817054
2016H2-R,R,tabicl,20260912,2021H2,24929,136,0.0020491692679691313,0.005455493601829195
2016H2-R,R,tabicl,20260912,2022H1,24889,291,0.002432281788129931,0.011691912089678172
2016H2-R,R,tabicl,20260912,2022H2,24859,373,0.0024532568140453025,0.015004626091154109
2016H2-R,R,tabicl,20260912,2023H1,24882,381,0.002621442636907364,0.015312273932963588
2016H2-R,R,tabicl,20260912,2023H2,24866,363,0.002521357515422069,0.014598246601785572
2016H2-R,R,tabicl,20260913,2017H1,24541,162,0.0025576127912167717,0.00660119799519172
2016H2-R,R,tabicl,20260913,2017H2,24680,143,0.002499427020521142,0.005794165316045381
2016H2-R,R,tabicl,20260913,2018H1,24416,148,0.002473548060519233,0.006061598951507209
2016H2-R,R,tabicl,20260913,2018H2,24543,146,0.0025032864102001104,0.005948743022450393
2016H2-R,R,tabicl,20260913,2019H1,24752,110,0.002432264232858256,0.0044440853264382674
2016H2-R,R,tabicl,20260913,2019H2,24861,136,0.0021957745186705177,0.005470415510236917
2016H2-R,R,tabicl,20260913,2020H1,24880,111,0.0018901314419682712,0.004461414790996785
2016H2-R,R,tabicl,20260913,2020H2,24919,71,0.001653626611800487,0.0028492315100927005
2016H2-R,R,tabicl,20260913,2021H1,24909,90,0.0019062790098263627,0.003613151872817054
2016H2-R,R,tabicl,20260913,2021H2,24929,136,0.002209801492617804,0.005455493601829195
2016H2-R,R,tabicl,20260913,2022H1,24889,291,0.002484323902546285,0.011691912089678172
2016H2-R,R,tabicl,20260913,2022H2,24859,373,0.0023685075979396745,0.015004626091154109
2016H2-R,R,tabicl,20260913,2023H1,24882,381,0.002378766055686076,0.015312273932963588
2016H2-R,R,tabicl,20260913,2023H2,24866,363,0.0022737952761096485,0.014598246601785572
2016H2-R,R,tabicl@t1,20260911,2017H1,24541,162,0.004257767430858525,0.00660119799519172
2016H2-R,R,tabicl@t1,20260911,2017H2,24680,143,0.00422485658816096,0.005794165316045381
2016H2-R,R,tabicl@t1,20260911,2018H1,24416,148,0.004231611520404164,0.006061598951507209
2016H2-R,R,tabicl@t1,20260911,2018H2,24543,146,0.004341238370228164,0.005948743022450393
2016H2-R,R,tabicl@t1,20260911,2019H1,24752,110,0.004205537548242736,0.0044440853264382674
2016H2-R,R,tabicl@t1,20260911,2019H2,24861,136,0.003687613233917312,0.005470415510236917
2016H2-R,R,tabicl@t1,20260911,2020H1,24880,111,0.0031382647047828944,0.004461414790996785
2016H2-R,R,tabicl@t1,20260911,2020H2,24919,71,0.0027497713544917795,0.0028492315100927005
2016H2-R,R,tabicl@t1,20260911,2021H1,24909,90,0.0032112069095567024,0.003613151872817054
2016H2-R,R,tabicl@t1,20260911,2021H2,24929,136,0.0037557286379110108,0.005455493601829195
2016H2-R,R,tabicl@t1,20260911,2022H1,24889,291,0.004393769482499202,0.011691912089678172
2016H2-R,R,tabicl@t1,20260911,2022H2,24859,373,0.00431201459296482,0.015004626091154109
2016H2-R,R,tabicl@t1,20260911,2023H1,24882,381,0.004292107590235553,0.015312273932963588
2016H2-R,R,tabicl@t1,20260911,2023H2,24866,363,0.004145143614618091,0.014598246601785572
2016H2-R,R,tabicl@t1,20260912,2017H1,24541,162,0.0041586327232277665,0.00660119799519172
2016H2-R,R,tabicl@t1,20260912,2017H2,24680,143,0.004149429025401249,0.005794165316045381
2016H2-R,R,tabicl@t1,20260912,2018H1,24416,148,0.004244771853155468,0.006061598951507209
2016H2-R,R,tabicl@t1,20260912,2018H2,24543,146,0.004383728613383218,0.005948743022450393
2016H2-R,R,tabicl@t1,20260912,2019H1,24752,110,0.00427066910471585,0.0044440853264382674
2016H2-R,R,tabicl@t1,20260912,2019H2,24861,136,0.003706798359492714,0.005470415510236917
2016H2-R,R,tabicl@t1,20260912,2020H1,24880,111,0.003113505675376944,0.004461414790996785
2016H2-R,R,tabicl@t1,20260912,2020H2,24919,71,0.0026950146833692587,0.0028492315100927005
2016H2-R,R,tabicl@t1,20260912,2021H1,24909,90,0.0031123500377727526,0.003613151872817054
2016H2-R,R,tabicl@t1,20260912,2021H2,24929,136,0.0035818802555350076,0.005455493601829195
2016H2-R,R,tabicl@t1,20260912,2022H1,24889,291,0.004190002349816847,0.011691912089678172
2016H2-R,R,tabicl@t1,20260912,2022H2,24859,373,0.004204439712372707,0.015004626091154109
2016H2-R,R,tabicl@t1,20260912,2023H1,24882,381,0.004426957444128791,0.015312273932963588
2016H2-R,R,tabicl@t1,20260912,2023H2,24866,363,0.004263710916309637,0.014598246601785572
2016H2-R,R,tabicl@t1,20260913,2017H1,24541,162,0.0043606638005295245,0.00660119799519172
2016H2-R,R,tabicl@t1,20260913,2017H2,24680,143,0.0042834857846445785,0.005794165316045381
2016H2-R,R,tabicl@t1,20260913,2018H1,24416,148,0.004250634695742822,0.006061598951507209
2016H2-R,R,tabicl@t1,20260913,2018H2,24543,146,0.0043039333664576275,0.005948743022450393
2016H2-R,R,tabicl@t1,20260913,2019H1,24752,110,0.0042008720520781756,0.0044440853264382674
2016H2-R,R,tabicl@t1,20260913,2019H2,24861,136,0.003831600613827357,0.005470415510236917
2016H2-R,R,tabicl@t1,20260913,2020H1,24880,111,0.0033436943933619918,0.004461414790996785
2016H2-R,R,tabicl@t1,20260913,2020H2,24919,71,0.0029588546749786952,0.0028492315100927005
2016H2-R,R,tabicl@t1,20260913,2021H1,24909,90,0.003366091756003704,0.003613151872817054
2016H2-R,R,tabicl@t1,20260913,2021H2,24929,136,0.0038473723387170283,0.005455493601829195
2016H2-R,R,tabicl@t1,20260913,2022H1,24889,291,0.004285627284222752,0.011691912089678172
2016H2-R,R,tabicl@t1,20260913,2022H2,24859,373,0.00410706490497094,0.015004626091154109
2016H2-R,R,tabicl@t1,20260913,2023H1,24882,381,0.004110499173458559,0.015312273932963588
2016H2-R,R,tabicl@t1,20260913,2023H2,24866,363,0.003938036105078571,0.014598246601785572
2016H2-R,R,tabpfn,20260911,2017H1,24541,162,0.00241541529980236,0.00660119799519172
2016H2-R,R,tabpfn,20260911,2017H2,24680,143,0.002345412857449716,0.005794165316045381
2016H2-R,R,tabpfn,20260911,2018H1,24416,148,0.0022647560564891533,0.006061598951507209
2016H2-R,R,tabpfn,20260911,2018H2,24543,146,0.002321524734937063,0.005948743022450393
2016H2-R,R,tabpfn,20260911,2019H1,24752,110,0.00221767153768008,0.0044440853264382674
2016H2-R,R,tabpfn,20260911,2019H2,24861,136,0.0019510009657357436,0.005470415510236917
2016H2-R,R,tabpfn,20260911,2020H1,24880,111,0.0016790769006269815,0.004461414790996785
2016H2-R,R,tabpfn,20260911,2020H2,24919,71,0.001475576150966524,0.0028492315100927005
2016H2-R,R,tabpfn,20260911,2021H1,24909,90,0.00175325555665073,0.003613151872817054
2016H2-R,R,tabpfn,20260911,2021H2,24929,136,0.0021199536900990404,0.005455493601829195
2016H2-R,R,tabpfn,20260911,2022H1,24889,291,0.0024475807767644093,0.011691912089678172
2016H2-R,R,tabpfn,20260911,2022H2,24859,373,0.0022637489082709466,0.015004626091154109
2016H2-R,R,tabpfn,20260911,2023H1,24882,381,0.002094969875304123,0.015312273932963588
2016H2-R,R,tabpfn,20260911,2023H2,24866,363,0.0020428641026747517,0.014598246601785572
2016H2-R,R,tabpfn,20260912,2017H1,24541,162,0.0023841259951925507,0.00660119799519172
2016H2-R,R,tabpfn,20260912,2017H2,24680,143,0.002329873749386393,0.005794165316045381
2016H2-R,R,tabpfn,20260912,2018H1,24416,148,0.0022630740791354134,0.006061598951507209
2016H2-R,R,tabpfn,20260912,2018H2,24543,146,0.002317218367247564,0.005948743022450393
2016H2-R,R,tabpfn,20260912,2019H1,24752,110,0.002206648494098245,0.0044440853264382674
2016H2-R,R,tabpfn,20260912,2019H2,24861,136,0.0019729413154607155,0.005470415510236917
2016H2-R,R,tabpfn,20260912,2020H1,24880,111,0.0016975334447146557,0.004461414790996785
2016H2-R,R,tabpfn,20260912,2020H2,24919,71,0.001454233175541027,0.0028492315100927005
2016H2-R,R,tabpfn,20260912,2021H1,24909,90,0.0017319910209529724,0.003613151872817054
2016H2-R,R,tabpfn,20260912,2021H2,24929,136,0.0020785775440336084,0.005455493601829195
2016H2-R,R,tabpfn,20260912,2022H1,24889,291,0.0023856018069019947,0.011691912089678172
2016H2-R,R,tabpfn,20260912,2022H2,24859,373,0.00219590887768945,0.015004626091154109
2016H2-R,R,tabpfn,20260912,2023H1,24882,381,0.0020598844702498886,0.015312273932963588
2016H2-R,R,tabpfn,20260912,2023H2,24866,363,0.0019706600457168075,0.014598246601785572
2016H2-R,R,tabpfn,20260913,2017H1,24541,162,0.0025491204930350284,0.00660119799519172
2016H2-R,R,tabpfn,20260913,2017H2,24680,143,0.002465188746491092,0.005794165316045381
2016H2-R,R,tabpfn,20260913,2018H1,24416,148,0.002378332456270647,0.006061598951507209
2016H2-R,R,tabpfn,20260913,2018H2,24543,146,0.0023950759275982603,0.005948743022450393
2016H2-R,R,tabpfn,20260913,2019H1,24752,110,0.0023126009992499997,0.0044440853264382674
2016H2-R,R,tabpfn,20260913,2019H2,24861,136,0.0021232645337888457,0.005470415510236917
2016H2-R,R,tabpfn,20260913,2020H1,24880,111,0.0018731562554546563,0.004461414790996785
2016H2-R,R,tabpfn,20260913,2020H2,24919,71,0.0016405143677922977,0.0028492315100927005
2016H2-R,R,tabpfn,20260913,2021H1,24909,90,0.0018971490408720172,0.003613151872817054
2016H2-R,R,tabpfn,20260913,2021H2,24929,136,0.0022237860241649875,0.005455493601829195
2016H2-R,R,tabpfn,20260913,2022H1,24889,291,0.002468752294801008,0.011691912089678172
2016H2-R,R,tabpfn,20260913,2022H2,24859,373,0.0022645840055031223,0.015004626091154109
2016H2-R,R,tabpfn,20260913,2023H1,24882,381,0.002104350554357921,0.015312273932963588
2016H2-R,R,tabpfn,20260913,2023H2,24866,363,0.0020209802712884825,0.014598246601785572
2016H2-R,R,tabpfn@t1,20260911,2017H1,24541,162,0.004080722463566924,0.00660119799519172
2016H2-R,R,tabpfn@t1,20260911,2017H2,24680,143,0.003987644491897789,0.005794165316045381
2016H2-R,R,tabpfn@t1,20260911,2018H1,24416,148,0.003873961625706098,0.006061598951507209
2016H2-R,R,tabpfn@t1,20260911,2018H2,24543,146,0.00396329533592769,0.005948743022450393
2016H2-R,R,tabpfn@t1,20260911,2019H1,24752,110,0.00381208800361916,0.0044440853264382674
2016H2-R,R,tabpfn@t1,20260911,2019H2,24861,136,0.0034024034667115453,0.005470415510236917
2016H2-R,R,tabpfn@t1,20260911,2020H1,24880,111,0.0029687034559136246,0.004461414790996785
2016H2-R,R,tabpfn@t1,20260911,2020H2,24919,71,0.002640251129664773,0.0028492315100927005
2016H2-R,R,tabpfn@t1,20260911,2021H1,24909,90,0.003081260595174104,0.003613151872817054
2016H2-R,R,tabpfn@t1,20260911,2021H2,24929,136,0.0036507273577980966,0.005455493601829195
2016H2-R,R,tabpfn@t1,20260911,2022H1,24889,291,0.00415927852105119,0.011691912089678172
2016H2-R,R,tabpfn@t1,20260911,2022H2,24859,373,0.0038758989155065478,0.015004626091154109
2016H2-R,R,tabpfn@t1,20260911,2023H1,24882,381,0.0036260406408419156,0.015312273932963588
2016H2-R,R,tabpfn@t1,20260911,2023H2,24866,363,0.0035356051074034458,0.014598246601785572
2016H2-R,R,tabpfn@t1,20260912,2017H1,24541,162,0.004040896448895395,0.00660119799519172
2016H2-R,R,tabpfn@t1,20260912,2017H2,24680,143,0.003968809504268861,0.005794165316045381
2016H2-R,R,tabpfn@t1,20260912,2018H1,24416,148,0.003875244637366295,0.006061598951507209
2016H2-R,R,tabpfn@t1,20260912,2018H2,24543,146,0.00396212995779594,0.005948743022450393
2016H2-R,R,tabpfn@t1,20260912,2019H1,24752,110,0.0038045650267777933,0.0044440853264382674
2016H2-R,R,tabpfn@t1,20260912,2019H2,24861,136,0.0034370252627557024,0.005470415510236917
2016H2-R,R,tabpfn@t1,20260912,2020H1,24880,111,0.0029905377338057494,0.004461414790996785
2016H2-R,R,tabpfn@t1,20260912,2020H2,24919,71,0.0025907648040603697,0.0028492315100927005
2016H2-R,R,tabpfn@t1,20260912,2021H1,24909,90,0.0030454743877720617,0.003613151872817054
2016H2-R,R,tabpfn@t1,20260912,2021H2,24929,136,0.003597503252829816,0.005455493601829195
2016H2-R,R,tabpfn@t1,20260912,2022H1,24889,291,0.004088884387775947,0.011691912089678172
2016H2-R,R,tabpfn@t1,20260912,2022H2,24859,373,0.0037888068289034463,0.015004626091154109
2016H2-R,R,tabpfn@t1,20260912,2023H1,24882,381,0.003579375949026195,0.015312273932963588
2016H2-R,R,tabpfn@t1,20260912,2023H2,24866,363,0.003430088582692665,0.014598246601785572
2016H2-R,R,tabpfn@t1,20260913,2017H1,24541,162,0.0043166002162344855,0.00660119799519172
2016H2-R,R,tabpfn@t1,20260913,2017H2,24680,143,0.004201155783518502,0.005794165316045381
2016H2-R,R,tabpfn@t1,20260913,2018H1,24416,148,0.004078865321797813,0.006061598951507209
2016H2-R,R,tabpfn@t1,20260913,2018H2,24543,146,0.004110451509304296,0.005948743022450393
2016H2-R,R,tabpfn@t1,20260913,2019H1,24752,110,0.003994308319239782,0.0044440853264382674
2016H2-R,R,tabpfn@t1,20260913,2019H2,24861,136,0.0036961475860693305,0.005470415510236917
2016H2-R,R,tabpfn@t1,20260913,2020H1,24880,111,0.00329181119017031,0.004461414790996785
2016H2-R,R,tabpfn@t1,20260913,2020H2,24919,71,0.0029094358163728354,0.0028492315100927005
2016H2-R,R,tabpfn@t1,20260913,2021H1,24909,90,0.0033247417414071626,0.003613151872817054
2016H2-R,R,tabpfn@t1,20260913,2021H2,24929,136,0.003836531473055075,0.005455493601829195
2016H2-R,R,tabpfn@t1,20260913,2022H1,24889,291,0.004229226336353181,0.011691912089678172
2016H2-R,R,tabpfn@t1,20260913,2022H2,24859,373,0.003919701735802928,0.015004626091154109
2016H2-R,R,tabpfn@t1,20260913,2023H1,24882,381,0.0036780175324067055,0.015312273932963588
2016H2-R,R,tabpfn@t1,20260913,2023H2,24866,363,0.0035365681894186317,0.014598246601785572
2018H2-R,R,gbm,,2019H1,24752,110,0.004842835436175831,0.0044440853264382674
2018H2-R,R,gbm,,2019H2,24861,136,0.004130852145351158,0.005470415510236917
2018H2-R,R,gbm,,2020H1,24880,111,0.0034925957727239775,0.004461414790996785
2018H2-R,R,gbm,,2020H2,24919,71,0.003047359890078573,0.0028492315100927005
2018H2-R,R,gbm,,2021H1,24909,90,0.0035870761448688693,0.003613151872817054
2018H2-R,R,gbm,,2021H2,24929,136,0.004381090144613411,0.005455493601829195
2018H2-R,R,gbm,,2022H1,24889,291,0.005224550263608443,0.011691912089678172
2018H2-R,R,gbm,,2022H2,24859,373,0.005328353076271209,0.015004626091154109
2018H2-R,R,gbm,,2023H1,24882,381,0.005322603753039471,0.015312273932963588
2018H2-R,R,gbm,,2023H2,24866,363,0.005115003568745794,0.014598246601785572
2018H2-R,R,gbm-50k,20260911,2019H1,24752,110,0.004767303212247273,0.0044440853264382674
2018H2-R,R,gbm-50k,20260911,2019H2,24861,136,0.004095520695644403,0.005470415510236917
2018H2-R,R,gbm-50k,20260911,2020H1,24880,111,0.003443163261980308,0.004461414790996785
2018H2-R,R,gbm-50k,20260911,2020H2,24919,71,0.002980416601798359,0.0028492315100927005
2018H2-R,R,gbm-50k,20260911,2021H1,24909,90,0.00342355896685789,0.003613151872817054
2018H2-R,R,gbm-50k,20260911,2021H2,24929,136,0.004075109107420022,0.005455493601829195
2018H2-R,R,gbm-50k,20260911,2022H1,24889,291,0.0049150217929932235,0.011691912089678172
2018H2-R,R,gbm-50k,20260911,2022H2,24859,373,0.005299806907523973,0.015004626091154109
2018H2-R,R,gbm-50k,20260911,2023H1,24882,381,0.0054241660847388785,0.015312273932963588
2018H2-R,R,gbm-50k,20260911,2023H2,24866,363,0.005235972455695343,0.014598246601785572
2018H2-R,R,gbm-50k,20260912,2019H1,24752,110,0.005303345577929938,0.0044440853264382674
2018H2-R,R,gbm-50k,20260912,2019H2,24861,136,0.004495449727286531,0.005470415510236917
2018H2-R,R,gbm-50k,20260912,2020H1,24880,111,0.003748932519458219,0.004461414790996785
2018H2-R,R,gbm-50k,20260912,2020H2,24919,71,0.0032756576037428985,0.0028492315100927005
2018H2-R,R,gbm-50k,20260912,2021H1,24909,90,0.0038727025059747127,0.003613151872817054
2018H2-R,R,gbm-50k,20260912,2021H2,24929,136,0.004735725601291449,0.005455493601829195
2018H2-R,R,gbm-50k,20260912,2022H1,24889,291,0.005636609225954818,0.011691912089678172
2018H2-R,R,gbm-50k,20260912,2022H2,24859,373,0.005709697084135872,0.015004626091154109
2018H2-R,R,gbm-50k,20260912,2023H1,24882,381,0.005932094818053441,0.015312273932963588
2018H2-R,R,gbm-50k,20260912,2023H2,24866,363,0.005666154306794559,0.014598246601785572
2018H2-R,R,gbm-50k,20260913,2019H1,24752,110,0.0051846659627226375,0.0044440853264382674
2018H2-R,R,gbm-50k,20260913,2019H2,24861,136,0.004426255864806574,0.005470415510236917
2018H2-R,R,gbm-50k,20260913,2020H1,24880,111,0.0038035502253202028,0.004461414790996785
2018H2-R,R,gbm-50k,20260913,2020H2,24919,71,0.0033333294920138462,0.0028492315100927005
2018H2-R,R,gbm-50k,20260913,2021H1,24909,90,0.003990819583371961,0.003613151872817054
2018H2-R,R,gbm-50k,20260913,2021H2,24929,136,0.004817506706768162,0.005455493601829195
2018H2-R,R,gbm-50k,20260913,2022H1,24889,291,0.005752010510959213,0.011691912089678172
2018H2-R,R,gbm-50k,20260913,2022H2,24859,373,0.0056006661521292205,0.015004626091154109
2018H2-R,R,gbm-50k,20260913,2023H1,24882,381,0.005606895589705269,0.015312273932963588
2018H2-R,R,gbm-50k,20260913,2023H2,24866,363,0.005360399452776355,0.014598246601785572
2018H2-R,R,scorecard,,2019H1,24752,110,0.005173809936162402,0.0044440853264382674
2018H2-R,R,scorecard,,2019H2,24861,136,0.004271346543003678,0.005470415510236917
2018H2-R,R,scorecard,,2020H1,24880,111,0.003508512161513506,0.004461414790996785
2018H2-R,R,scorecard,,2020H2,24919,71,0.002987343305851836,0.0028492315100927005
2018H2-R,R,scorecard,,2021H1,24909,90,0.0036513741515912927,0.003613151872817054
2018H2-R,R,scorecard,,2021H2,24929,136,0.004641228247734718,0.005455493601829195
2018H2-R,R,scorecard,,2022H1,24889,291,0.005639070425085651,0.011691912089678172
2018H2-R,R,scorecard,,2022H2,24859,373,0.005735628658837343,0.015004626091154109
2018H2-R,R,scorecard,,2023H1,24882,381,0.005788770655155748,0.015312273932963588
2018H2-R,R,scorecard,,2023H2,24866,363,0.005453590720129472,0.014598246601785572
2018H2-R,R,tabicl,20260911,2019H1,24752,110,0.0027741856042311085,0.0044440853264382674
2018H2-R,R,tabicl,20260911,2019H2,24861,136,0.0023462685716856163,0.005470415510236917
2018H2-R,R,tabicl,20260911,2020H1,24880,111,0.0019266389918694933,0.004461414790996785
2018H2-R,R,tabicl,20260911,2020H2,24919,71,0.0016373613228661387,0.0028492315100927005
2018H2-R,R,tabicl,20260911,2021H1,24909,90,0.0019151166361368141,0.003613151872817054
2018H2-R,R,tabicl,20260911,2021H2,24929,136,0.0023305636148343374,0.005455493601829195
2018H2-R,R,tabicl,20260911,2022H1,24889,291,0.002865695958079204,0.011691912089678172
2018H2-R,R,tabicl,20260911,2022H2,24859,373,0.0029755778464046275,0.015004626091154109
2018H2-R,R,tabicl,20260911,2023H1,24882,381,0.002972107914249984,0.015312273932963588
2018H2-R,R,tabicl,20260911,2023H2,24866,363,0.0028598761232250755,0.014598246601785572
2018H2-R,R,tabicl,20260912,2019H1,24752,110,0.0032712091103813973,0.0044440853264382674
2018H2-R,R,tabicl,20260912,2019H2,24861,136,0.002683217510255364,0.005470415510236917
2018H2-R,R,tabicl,20260912,2020H1,24880,111,0.002171807146620542,0.004461414790996785
2018H2-R,R,tabicl,20260912,2020H2,24919,71,0.001818259230749541,0.0028492315100927005
2018H2-R,R,tabicl,20260912,2021H1,24909,90,0.0022334110982655466,0.003613151872817054
2018H2-R,R,tabicl,20260912,2021H2,24929,136,0.0028313582156582777,0.005455493601829195
2018H2-R,R,tabicl,20260912,2022H1,24889,291,0.0035030700420911826,0.011691912089678172
2018H2-R,R,tabicl,20260912,2022H2,24859,373,0.0034999718278150805,0.015004626091154109
2018H2-R,R,tabicl,20260912,2023H1,24882,381,0.003513448970394985,0.015312273932963588
2018H2-R,R,tabicl,20260912,2023H2,24866,363,0.0033944411629531087,0.014598246601785572
2018H2-R,R,tabicl,20260913,2019H1,24752,110,0.0031318971381999803,0.0044440853264382674
2018H2-R,R,tabicl,20260913,2019H2,24861,136,0.002686673260352734,0.005470415510236917
2018H2-R,R,tabicl,20260913,2020H1,24880,111,0.0022824006623408965,0.004461414790996785
2018H2-R,R,tabicl,20260913,2020H2,24919,71,0.0019663945637203905,0.0028492315100927005
2018H2-R,R,tabicl,20260913,2021H1,24909,90,0.0023630180456033294,0.003613151872817054
2018H2-R,R,tabicl,20260913,2021H2,24929,136,0.002871238647796396,0.005455493601829195
2018H2-R,R,tabicl,20260913,2022H1,24889,291,0.003470917283945414,0.011691912089678172
2018H2-R,R,tabicl,20260913,2022H2,24859,373,0.0033806609115304737,0.015004626091154109
2018H2-R,R,tabicl,20260913,2023H1,24882,381,0.00324787041781879,0.015312273932963588
2018H2-R,R,tabicl,20260913,2023H2,24866,363,0.0031050136859958333,0.014598246601785572
2018H2-R,R,tabicl@t1,20260911,2019H1,24752,110,0.004704155184108975,0.0044440853264382674
2018H2-R,R,tabicl@t1,20260911,2019H2,24861,136,0.00404404773856914,0.005470415510236917
2018H2-R,R,tabicl@t1,20260911,2020H1,24880,111,0.003373485322190453,0.004461414790996785
2018H2-R,R,tabicl@t1,20260911,2020H2,24919,71,0.0029138470265659064,0.0028492315100927005
2018H2-R,R,tabicl@t1,20260911,2021H1,24909,90,0.0033612538817496223,0.003613151872817054
2018H2-R,R,tabicl@t1,20260911,2021H2,24929,136,0.004017200846301595,0.005455493601829195
2018H2-R,R,tabicl@t1,20260911,2022H1,24889,291,0.004853211199220607,0.011691912089678172
2018H2-R,R,tabicl@t1,20260911,2022H2,24859,373,0.005030963065483028,0.015004626091154109
2018H2-R,R,tabicl@t1,20260911,2023H1,24882,381,0.0050131671822507525,0.015312273932963588
2018H2-R,R,tabicl@t1,20260911,2023H2,24866,363,0.004832778535870864,0.014598246601785572
2018H2-R,R,tabicl@t1,20260912,2019H1,24752,110,0.005330735120420133,0.0044440853264382674
2018H2-R,R,tabicl@t1,20260912,2019H2,24861,136,0.0044536481060482745,0.005470415510236917
2018H2-R,R,tabicl@t1,20260912,2020H1,24880,111,0.0036605380092071312,0.004461414790996785
2018H2-R,R,tabicl@t1,20260912,2020H2,24919,71,0.0031175128871311604,0.0028492315100927005
2018H2-R,R,tabicl@t1,20260912,2021H1,24909,90,0.00376482063679208,0.003613151872817054
2018H2-R,R,tabicl@t1,20260912,2021H2,24929,136,0.004675017938605907,0.005455493601829195
2018H2-R,R,tabicl@t1,20260912,2022H1,24889,291,0.005691403304698775,0.011691912089678172
2018H2-R,R,tabicl@t1,20260912,2022H2,24859,373,0.005694634369017734,0.015004626091154109
2018H2-R,R,tabicl@t1,20260912,2023H1,24882,381,0.00569602709697516,0.015312273932963588
2018H2-R,R,tabicl@t1,20260912,2023H2,24866,363,0.005503224572819991,0.014598246601785572
2018H2-R,R,tabicl@t1,20260913,2019H1,24752,110,0.005259702790249064,0.0044440853264382674
2018H2-R,R,tabicl@t1,20260913,2019H2,24861,136,0.004584443491390278,0.005470415510236917
2018H2-R,R,tabicl@t1,20260913,2020H1,24880,111,0.003950286381220229,0.004461414790996785
2018H2-R,R,tabicl@t1,20260913,2020H2,24919,71,0.0034548478140263013,0.0028492315100927005
2018H2-R,R,tabicl@t1,20260913,2021H1,24909,90,0.004077321203577805,0.003613151872817054
2018H2-R,R,tabicl@t1,20260913,2021H2,24929,136,0.004862297970617645,0.005455493601829195
2018H2-R,R,tabicl@t1,20260913,2022H1,24889,291,0.005774906562438691,0.011691912089678172
2018H2-R,R,tabicl@t1,20260913,2022H2,24859,373,0.005640512785214691,0.015004626091154109
2018H2-R,R,tabicl@t1,20260913,2023H1,24882,381,0.005435628506048765,0.015312273932963588
2018H2-R,R,tabicl@t1,20260913,2023H2,24866,363,0.0052162247430908165,0.014598246601785572
2018H2-R,R,tabpfn,20260911,2019H1,24752,110,0.002936857625772667,0.0044440853264382674
2018H2-R,R,tabpfn,20260911,2019H2,24861,136,0.002485669468286917,0.005470415510236917
2018H2-R,R,tabpfn,20260911,2020H1,24880,111,0.00201354870890442,0.004461414790996785
2018H2-R,R,tabpfn,20260911,2020H2,24919,71,0.0016970632487169454,0.0028492315100927005
2018H2-R,R,tabpfn,20260911,2021H1,24909,90,0.001982345604778089,0.003613151872817054
2018H2-R,R,tabpfn,20260911,2021H2,24929,136,0.002425172188474887,0.005455493601829195
2018H2-R,R,tabpfn,20260911,2022H1,24889,291,0.00297665479279039,0.011691912089678172
2018H2-R,R,tabpfn,20260911,2022H2,24859,373,0.0031325464180470552,0.015004626091154109
2018H2-R,R,tabpfn,20260911,2023H1,24882,381,0.0031202693753210457,0.015312273932963588
2018H2-R,R,tabpfn,20260911,2023H2,24866,363,0.003000007034590681,0.014598246601785572
2018H2-R,R,tabpfn,20260912,2019H1,24752,110,0.003474731925241631,0.0044440853264382674
2018H2-R,R,tabpfn,20260912,2019H2,24861,136,0.0027967180166784183,0.005470415510236917
2018H2-R,R,tabpfn,20260912,2020H1,24880,111,0.002223759978277371,0.004461414790996785
2018H2-R,R,tabpfn,20260912,2020H2,24919,71,0.001877614767031177,0.0028492315100927005
2018H2-R,R,tabpfn,20260912,2021H1,24909,90,0.002258057896897318,0.003613151872817054
2018H2-R,R,tabpfn,20260912,2021H2,24929,136,0.002836642530863009,0.005455493601829195
2018H2-R,R,tabpfn,20260912,2022H1,24889,291,0.0034283410050918554,0.011691912089678172
2018H2-R,R,tabpfn,20260912,2022H2,24859,373,0.00354636455173971,0.015004626091154109
2018H2-R,R,tabpfn,20260912,2023H1,24882,381,0.003671660239910009,0.015312273932963588
2018H2-R,R,tabpfn,20260912,2023H2,24866,363,0.0035487039238364447,0.014598246601785572
2018H2-R,R,tabpfn,20260913,2019H1,24752,110,0.0032322971605885918,0.0044440853264382674
2018H2-R,R,tabpfn,20260913,2019H2,24861,136,0.0027579013228841,0.005470415510236917
2018H2-R,R,tabpfn,20260913,2020H1,24880,111,0.002304718763664727,0.004461414790996785
2018H2-R,R,tabpfn,20260913,2020H2,24919,71,0.0019655051770900104,0.0028492315100927005
2018H2-R,R,tabpfn,20260913,2021H1,24909,90,0.0023788382199675163,0.003613151872817054
2018H2-R,R,tabpfn,20260913,2021H2,24929,136,0.002909561063553636,0.005455493601829195
2018H2-R,R,tabpfn,20260913,2022H1,24889,291,0.003495119540600012,0.011691912089678172
2018H2-R,R,tabpfn,20260913,2022H2,24859,373,0.0033962091145750533,0.015004626091154109
2018H2-R,R,tabpfn,20260913,2023H1,24882,381,0.0033083861065593915,0.015312273932963588
2018H2-R,R,tabpfn,20260913,2023H2,24866,363,0.0031750116549390294,0.014598246601785572
2018H2-R,R,tabpfn@t1,20260911,2019H1,24752,110,0.004922962353702021,0.0044440853264382674
2018H2-R,R,tabpfn@t1,20260911,2019H2,24861,136,0.0042304732538559625,0.005470415510236917
2018H2-R,R,tabpfn@t1,20260911,2020H1,24880,111,0.0034812500626292295,0.004461414790996785
2018H2-R,R,tabpfn@t1,20260911,2020H2,24919,71,0.0029785966349408113,0.0028492315100927005
2018H2-R,R,tabpfn@t1,20260911,2021H1,24909,90,0.0034400978771029437,0.003613151872817054
2018H2-R,R,tabpfn@t1,20260911,2021H2,24929,136,0.004137775555556684,0.005455493601829195
2018H2-R,R,tabpfn@t1,20260911,2022H1,24889,291,0.004997914382123831,0.011691912089678172
2018H2-R,R,tabpfn@t1,20260911,2022H2,24859,373,0.0052398586810489265,0.015004626091154109
2018H2-R,R,tabpfn@t1,20260911,2023H1,24882,381,0.005203746480365175,0.015312273932963588
2018H2-R,R,tabpfn@t1,20260911,2023H2,24866,363,0.005006997981171478,0.014598246601785572
2018H2-R,R,tabpfn@t1,20260912,2019H1,24752,110,0.005608184059364645,0.0044440853264382674
2018H2-R,R,tabpfn@t1,20260912,2019H2,24861,136,0.004599671228855801,0.005470415510236917
2018H2-R,R,tabpfn@t1,20260912,2020H1,24880,111,0.0037169022610857964,0.004461414790996785
2018H2-R,R,tabpfn@t1,20260912,2020H2,24919,71,0.003180471463787075,0.0028492315100927005
2018H2-R,R,tabpfn@t1,20260912,2021H1,24909,90,0.003782248632361265,0.003613151872817054
2018H2-R,R,tabpfn@t1,20260912,2021H2,24929,136,0.004672488246696068,0.005455493601829195
2018H2-R,R,tabpfn@t1,20260912,2022H1,24889,291,0.00557945420188444,0.011691912089678172
2018H2-R,R,tabpfn@t1,20260912,2022H2,24859,373,0.005750386980760404,0.015004626091154109
2018H2-R,R,tabpfn@t1,20260912,2023H1,24882,381,0.005898299353119702,0.015312273932963588
2018H2-R,R,tabpfn@t1,20260912,2023H2,24866,363,0.005691094250448369,0.014598246601785572
2018H2-R,R,tabpfn@t1,20260913,2019H1,24752,110,0.005351753653467215,0.0044440853264382674
2018H2-R,R,tabpfn@t1,20260913,2019H2,24861,136,0.004638748014088212,0.005470415510236917
2018H2-R,R,tabpfn@t1,20260913,2020H1,24880,111,0.003932535477503298,0.004461414790996785
2018H2-R,R,tabpfn@t1,20260913,2020H2,24919,71,0.00340250027414482,0.0028492315100927005
2018H2-R,R,tabpfn@t1,20260913,2021H1,24909,90,0.004049414303655184,0.003613151872817054
2018H2-R,R,tabpfn@t1,20260913,2021H2,24929,136,0.004867757451736165,0.005455493601829195
2018H2-R,R,tabpfn@t1,20260913,2022H1,24889,291,0.005757710142863123,0.011691912089678172
2018H2-R,R,tabpfn@t1,20260913,2022H2,24859,373,0.005605466614752835,0.015004626091154109
2018H2-R,R,tabpfn@t1,20260913,2023H1,24882,381,0.0054566645102119525,0.015312273932963588
2018H2-R,R,tabpfn@t1,20260913,2023H2,24866,363,0.0052448989291153745,0.014598246601785572
