build_id,cohorts,draw,metric,pair,is_difference,value,ci_lo,ci_hi,se,alpha,resamples,seed,excludes_zero
2016H2-E,all,,gini,scorecard,False,0.4132459290648997,0.3940257382362528,0.4318418714092707,0.009552827788211657,0.05,200,20260905,
2016H2-E,all,,gini,gbm,False,0.4438596168657309,0.4249699129684031,0.4619399605207773,0.009239082465089619,0.05,200,20260905,
2016H2-E,all,,gini,gbm-50k,False,0.41295411533496856,0.3917691386697413,0.43204326833608614,0.010488551045385968,0.05,200,20260905,
2016H2-E,all,,gini,tabpfn,False,0.4377526373144867,0.41719379524995764,0.4555937705317448,0.010091698317580819,0.05,200,20260905,
2016H2-E,all,,gini,tabicl,False,0.43674255628861175,0.4172347558831137,0.4557942952969854,0.009696030253114074,0.05,200,20260905,
2016H2-E,all,,gini,tabicl@t1,False,0.43674255628861175,0.4172347558831137,0.4557942952969854,0.009696030253114074,0.05,200,20260905,
2016H2-E,all,,gini,tabpfn@t1,False,0.4377550595378745,0.41720863022883237,0.4555963717171096,0.010091957681349831,0.05,200,20260905,
2016H2-E,all,,gini,gbm - scorecard,True,0.030613687800831235,0.02195686091812934,0.03892642100383391,0.004218305551487014,0.05,200,20260905,True
2016H2-E,all,,gini,gbm-50k - scorecard,True,-0.00029181372993103416,-0.013972773135797392,0.012074396448552866,0.0075571384503370425,0.05,200,20260905,False
2016H2-E,all,,gini,tabpfn - scorecard,True,0.0245067082495871,0.009341786400841138,0.03683063937358251,0.007761894863850831,0.05,200,20260905,True
2016H2-E,all,,gini,tabicl - scorecard,True,0.02349662722371208,0.012727546606309243,0.035989254844554064,0.006287284206529259,0.05,200,20260905,True
2016H2-E,all,,gini,tabicl@t1 - scorecard,True,0.02349662722371208,0.012727546606309243,0.035989254844554064,0.006287284206529259,0.05,200,20260905,True
2016H2-E,all,,gini,tabpfn@t1 - scorecard,True,0.02450913047297487,0.009356601530199125,0.03684973123979609,0.007760542402272356,0.05,200,20260905,True
2016H2-E,all,,gini,gbm-50k - gbm,True,-0.03090550153076227,-0.043623285164811204,-0.019515010179615884,0.006905391605443522,0.05,200,20260905,True
2016H2-E,all,,gini,tabpfn - gbm,True,-0.0061069795512441365,-0.019664736574975503,0.004254425566024151,0.007022753592784837,0.05,200,20260905,False
2016H2-E,all,,gini,tabicl - gbm,True,-0.007117060577119157,-0.017065388280387863,0.003466933741487002,0.0055960691030801065,0.05,200,20260905,False
2016H2-E,all,,gini,tabicl@t1 - gbm,True,-0.007117060577119157,-0.017065388280387863,0.003466933741487002,0.0055960691030801065,0.05,200,20260905,False
2016H2-E,all,,gini,tabpfn@t1 - gbm,True,-0.006104557327856364,-0.019663364146380903,0.004284317713288698,0.0070211157431332195,0.05,200,20260905,False
2016H2-E,all,,gini,tabpfn - gbm-50k,True,0.024798521979518134,0.018161318667192627,0.03263945631944733,0.003781671126756936,0.05,200,20260905,True
2016H2-E,all,,gini,tabicl - gbm-50k,True,0.023788440953643113,0.014891906761302065,0.03157668409156838,0.0050815035814091,0.05,200,20260905,True
2016H2-E,all,,gini,tabicl@t1 - gbm-50k,True,0.023788440953643113,0.014891906761302065,0.03157668409156838,0.0050815035814091,0.05,200,20260905,True
2016H2-E,all,,gini,tabpfn@t1 - gbm-50k,True,0.024800944202905906,0.018136306027841526,0.032653415875198676,0.0037835401146234016,0.05,200,20260905,True
2016H2-E,all,,gini,tabicl - tabpfn,True,-0.0010100810258750204,-0.008023418423151135,0.005502064416326856,0.0038074995334343876,0.05,200,20260905,False
2016H2-E,all,,gini,tabicl@t1 - tabpfn,True,-0.0010100810258750204,-0.008023418423151135,0.005502064416326856,0.0038074995334343876,0.05,200,20260905,False
2016H2-E,all,,gini,tabpfn@t1 - tabpfn,True,2.4222233877731667e-06,-2.529506386469427e-05,3.227729895410731e-05,1.4894340896638404e-05,0.05,200,20260905,False
2016H2-E,all,,gini,tabicl@t1 - tabicl,True,0.0,0.0,0.0,0.0,0.05,200,20260905,False
2016H2-E,all,,gini,tabpfn@t1 - tabicl,True,0.0010125032492627934,-0.005499733134103904,0.00802987451158532,0.0037997515151459937,0.05,200,20260905,False
2016H2-E,all,,gini,tabpfn@t1 - tabicl@t1,True,0.0010125032492627934,-0.005499733134103904,0.00802987451158532,0.0037997515151459937,0.05,200,20260905,False
2016H2-E,all,,abs_log_oe,scorecard,False,0.3411968335901842,0.30564075253744205,0.37313969996562785,0.017762245449726845,0.05,200,20260905,
2016H2-E,all,,abs_log_oe,gbm,False,0.2846232756990689,0.24995774947403313,0.31830083503616863,0.017812346083408925,0.05,200,20260905,
2016H2-E,all,,abs_log_oe,gbm-50k,False,0.29112866190046827,0.23231310599661206,0.34830875590559907,0.033325508330379776,0.05,200,20260905,
2016H2-E,all,,abs_log_oe,tabpfn,False,0.6291919829562229,0.5739728206996538,0.6884347575087356,0.03301805622400928,0.05,200,20260905,
2016H2-E,all,,abs_log_oe,tabicl,False,0.5368750278634464,0.4868367341638718,0.5907462833559377,0.029458859806236602,0.05,200,20260905,
2016H2-E,all,,abs_log_oe,tabicl@t1,False,0.18822713901835386,0.14249146760557693,0.23988214066465238,0.027506518109903604,0.05,200,20260905,
2016H2-E,all,,abs_log_oe,tabpfn@t1,False,0.2687392882615426,0.21574191219013894,0.3250030740765503,0.03152930705415011,0.05,200,20260905,
2016H2-E,all,,abs_log_oe,gbm - scorecard,True,-0.05657355789111529,-0.059434913933776395,-0.05373352050069841,0.0014692712038813296,0.05,200,20260905,True
2016H2-E,all,,abs_log_oe,gbm-50k - scorecard,True,-0.050068171689715946,-0.08823079004246816,-0.010604597391413667,0.030040209890771066,0.05,200,20260905,True
2016H2-E,all,,abs_log_oe,tabpfn - scorecard,True,0.2879951493660387,0.25509472340411754,0.330318772075943,0.029546862638087517,0.05,200,20260905,True
2016H2-E,all,,abs_log_oe,tabicl - scorecard,True,0.19567819427326216,0.1699874241626735,0.2327127889772322,0.025196209800166913,0.05,200,20260905,True
2016H2-E,all,,abs_log_oe,tabicl@t1 - scorecard,True,-0.15296969457183038,-0.17627723470229045,-0.11854525137501318,0.023328877927272777,0.05,200,20260905,True
2016H2-E,all,,abs_log_oe,tabpfn@t1 - scorecard,True,-0.0724575453286416,-0.10268332433954072,-0.03311436739431811,0.02774314501037688,0.05,200,20260905,True
2016H2-E,all,,abs_log_oe,gbm-50k - gbm,True,0.0065053862013993435,-0.031040242322047995,0.04626371293014824,0.02996581235009461,0.05,200,20260905,False
2016H2-E,all,,abs_log_oe,tabpfn - gbm,True,0.344568707257154,0.31246000731535234,0.3860491428015883,0.029480274482192318,0.05,200,20260905,True
2016H2-E,all,,abs_log_oe,tabicl - gbm,True,0.25225175216437745,0.22676064677607122,0.2885783459650197,0.025138447246094143,0.05,200,20260905,True
2016H2-E,all,,abs_log_oe,tabicl@t1 - gbm,True,-0.09639613668071507,-0.11977895778640271,-0.06226862220588317,0.02329592349080646,0.05,200,20260905,True
2016H2-E,all,,abs_log_oe,tabpfn@t1 - gbm,True,-0.01588398743752631,-0.045777640741127286,0.023168494524942317,0.02768626306837178,0.05,200,20260905,False
2016H2-E,all,,abs_log_oe,tabpfn - gbm-50k,True,0.33806332105575465,0.328014052784274,0.34563741787015967,0.0060268461339630566,0.05,200,20260905,True
2016H2-E,all,,abs_log_oe,tabicl - gbm-50k,True,0.24574636596297814,0.23445292905270348,0.26009577119905236,0.009065455978765798,0.05,200,20260905,True
2016H2-E,all,,abs_log_oe,tabicl@t1 - gbm-50k,True,-0.10290152288211445,-0.11355468109151258,-0.0856886149565354,0.010741641582312741,0.05,200,20260905,True
2016H2-E,all,,abs_log_oe,tabpfn@t1 - gbm-50k,True,-0.022389373638925653,-0.03175713444578471,-0.013131297158068258,0.006357316049910472,0.05,200,20260905,True
2016H2-E,all,,abs_log_oe,tabicl - tabpfn,True,-0.09231695509277653,-0.09861010880841285,-0.08487377177984125,0.004900372364569002,0.05,200,20260905,True
2016H2-E,all,,abs_log_oe,tabicl@t1 - tabpfn,True,-0.44096484393786906,-0.44927617763425765,-0.4261840950761642,0.007377827221015987,0.05,200,20260905,True
2016H2-E,all,,abs_log_oe,tabpfn@t1 - tabpfn,True,-0.3604526946946803,-0.3634356219126193,-0.35773175832353865,0.0018505149924650727,0.05,200,20260905,True
2016H2-E,all,,abs_log_oe,tabicl@t1 - tabicl,True,-0.34864788884509257,-0.35133201417529103,-0.33895448775535275,0.0033934587326212157,0.05,200,20260905,True
2016H2-E,all,,abs_log_oe,tabpfn@t1 - tabicl,True,-0.2681357396019038,-0.2736752453725965,-0.26403829590942407,0.003308883152242361,0.05,200,20260905,True
2016H2-E,all,,abs_log_oe,tabpfn@t1 - tabicl@t1,True,0.08051214924318878,0.0670035411144397,0.08635397170340028,0.005798926527792528,0.05,200,20260905,True
2016H2-E,all,,cox_slope_deviation,scorecard,False,0.08612765855967226,0.04833854330025744,0.13433776410564333,0.02596330326875081,0.05,200,20260905,
2016H2-E,all,,cox_slope_deviation,gbm,False,0.05204215395695853,0.03429170050840612,0.10145892936097747,0.019113985062127116,0.05,200,20260905,
2016H2-E,all,,cox_slope_deviation,gbm-50k,False,0.0939800002772625,0.05316480219635904,0.14428746679784868,0.024357454608592195,0.05,200,20260905,
2016H2-E,all,,cox_slope_deviation,tabpfn,False,0.08565247149061894,0.039830089132694736,0.16766133413683312,0.03653907669963674,0.05,200,20260905,
2016H2-E,all,,cox_slope_deviation,tabicl,False,0.119279709237932,0.06301642426616492,0.18748620368042654,0.035210333077412434,0.05,200,20260905,
2016H2-E,all,,cox_slope_deviation,tabicl@t1,False,0.05187432689693743,0.03218648639442678,0.11440231289350833,0.020204904826622,0.05,200,20260905,
2016H2-E,all,,cox_slope_deviation,tabpfn@t1,False,0.05978358379548585,0.038588950305153545,0.1136716693962608,0.020620911327170484,0.05,200,20260905,
2016H2-E,all,,cox_slope_deviation,gbm - scorecard,True,-0.03408550460271375,-0.058710408053145806,0.014610315925311437,0.019737185091812885,0.05,200,20260905,False
2016H2-E,all,,cox_slope_deviation,gbm-50k - scorecard,True,0.007852341717590213,-0.04510038557318177,0.05733736839858665,0.0270045759909322,0.05,200,20260905,False
2016H2-E,all,,cox_slope_deviation,tabpfn - scorecard,True,-0.00047518706905333674,-0.07328428687775149,0.10339705385600718,0.046162424528065474,0.05,200,20260905,False
2016H2-E,all,,cox_slope_deviation,tabicl - scorecard,True,0.03315205067825972,-0.05913201040495254,0.1250341336529292,0.04756583453445481,0.05,200,20260905,False
2016H2-E,all,,cox_slope_deviation,tabicl@t1 - scorecard,True,-0.034253331662734844,-0.06841956119203803,0.04290902101182686,0.027982176922174522,0.05,200,20260905,False
2016H2-E,all,,cox_slope_deviation,tabpfn@t1 - scorecard,True,-0.026344074764186428,-0.06711785727958727,0.02666340558062133,0.02222652761300233,0.05,200,20260905,False
2016H2-E,all,,cox_slope_deviation,gbm-50k - gbm,True,0.04193784632030396,-0.010474205843297122,0.08138877256435188,0.02504173727656884,0.05,200,20260905,False
2016H2-E,all,,cox_slope_deviation,tabpfn - gbm,True,0.033610317533660415,-0.03722093816163856,0.11536775714690752,0.042237592410379256,0.05,200,20260905,False
2016H2-E,all,,cox_slope_deviation,tabicl - gbm,True,0.06723755528097347,-0.020307677157710483,0.13907643229545175,0.04285009728823434,0.05,200,20260905,False
2016H2-E,all,,cox_slope_deviation,tabicl@t1 - gbm,True,-0.0001678270600210969,-0.02693198947319449,0.052509953916487925,0.0218077732210593,0.05,200,20260905,False
2016H2-E,all,,cox_slope_deviation,tabpfn@t1 - gbm,True,0.007741429838527322,-0.030708564471286948,0.04099394463666804,0.018605079946808288,0.05,200,20260905,False
2016H2-E,all,,cox_slope_deviation,tabpfn - gbm-50k,True,-0.00832752878664355,-0.08384406673129792,0.05439212925202156,0.04298937692807546,0.05,200,20260905,False
2016H2-E,all,,cox_slope_deviation,tabicl - gbm-50k,True,0.02529970896066951,-0.0702614645110953,0.07942532124245949,0.04399777437623796,0.05,200,20260905,False
2016H2-E,all,,cox_slope_deviation,tabicl@t1 - gbm-50k,True,-0.04210567338032506,-0.07196458949252063,0.006954176993737127,0.021912093686761686,0.05,200,20260905,False
2016H2-E,all,,cox_slope_deviation,tabpfn@t1 - gbm-50k,True,-0.03419641648177664,-0.05680663801918819,0.002996872449611191,0.016852888483179788,0.05,200,20260905,False
2016H2-E,all,,cox_slope_deviation,tabicl - tabpfn,True,0.033627237747313056,0.010263016999865242,0.047528212881898686,0.00993212004442652,0.05,200,20260905,True
2016H2-E,all,,cox_slope_deviation,tabicl@t1 - tabpfn,True,-0.03377814459368151,-0.06893352727542049,0.027638627900458696,0.027727870330883055,0.05,200,20260905,False
2016H2-E,all,,cox_slope_deviation,tabpfn@t1 - tabpfn,True,-0.025868887695133087,-0.09102631946656439,0.05847323861768078,0.044808116694338054,0.05,200,20260905,False
2016H2-E,all,,cox_slope_deviation,tabicl@t1 - tabicl,True,-0.06740538234099457,-0.09288301714809927,0.008607961185206105,0.029416224491500456,0.05,200,20260905,False
2016H2-E,all,,cox_slope_deviation,tabpfn@t1 - tabicl,True,-0.05949612544244615,-0.12000837115291438,0.043245324675635,0.045872983785547966,0.05,200,20260905,False
2016H2-E,all,,cox_slope_deviation,tabpfn@t1 - tabicl@t1,True,0.00790925689854842,-0.031061482723397628,0.04050108880174772,0.020530315850355734,0.05,200,20260905,False
2016H2-E,all,,psi,scorecard,False,0.03896318293691694,0.03688202965133114,0.04169670514208117,0.0013031203692611942,0.05,200,20260905,
2016H2-E,all,,psi,gbm,False,0.01625698934719535,0.015166364418750827,0.018521628789004617,0.0008895848463355756,0.05,200,20260905,
2016H2-E,all,,psi,gbm-50k,False,0.015600672093545273,0.007971535579215221,0.024818954282144284,0.005951617924339369,0.05,200,20260905,
2016H2-E,all,,psi,tabpfn,False,0.007887893561336607,0.0058503502130601275,0.010788664714797863,0.001543170688415895,0.05,200,20260905,
2016H2-E,all,,psi,tabicl,False,0.010251601788348705,0.008318054503369863,0.013266325186825271,0.0013852827574693766,0.05,200,20260905,
2016H2-E,all,,psi,tabicl@t1,False,0.010251601788348705,0.008318054503369863,0.013266325186825271,0.0013852827574693766,0.05,200,20260905,
2016H2-E,all,,psi,tabpfn@t1,False,0.007918809981512438,0.005890282309620623,0.010821202626335362,0.001534449115567982,0.05,200,20260905,
2016H2-E,all,,psi,gbm - scorecard,True,-0.02270619358972159,-0.024201819648962265,-0.02093455773738485,0.0008573178985649251,0.05,200,20260905,True
2016H2-E,all,,psi,gbm-50k - scorecard,True,-0.023362510843371664,-0.03205765612434348,-0.015111911587942424,0.005953681251778287,0.05,200,20260905,True
2016H2-E,all,,psi,tabpfn - scorecard,True,-0.031075289375580333,-0.03426051352683984,-0.027832033470036512,0.00179113733240702,0.05,200,20260905,True
2016H2-E,all,,psi,tabicl - scorecard,True,-0.028711581148568237,-0.032048642443533226,-0.02474906279710037,0.001889154776035794,0.05,200,20260905,True
2016H2-E,all,,psi,tabicl@t1 - scorecard,True,-0.028711581148568237,-0.032048642443533226,-0.02474906279710037,0.001889154776035794,0.05,200,20260905,True
2016H2-E,all,,psi,tabpfn@t1 - scorecard,True,-0.031044372955404503,-0.034224400949773644,-0.027801761752052054,0.0017835994483855438,0.05,200,20260905,True
2016H2-E,all,,psi,gbm-50k - gbm,True,-0.0006563172536500749,-0.008896962348076826,0.007424685352421961,0.005901331283954257,0.05,200,20260905,False
2016H2-E,all,,psi,tabpfn - gbm,True,-0.008369095785858741,-0.011168830525984096,-0.006020865750169464,0.0015589014860815421,0.05,200,20260905,True
2016H2-E,all,,psi,tabicl - gbm,True,-0.0060053875588466435,-0.008999398644813271,-0.0028814760379356984,0.0015942469369859063,0.05,200,20260905,True
2016H2-E,all,,psi,tabicl@t1 - gbm,True,-0.0060053875588466435,-0.008999398644813271,-0.0028814760379356984,0.0015942469369859063,0.05,200,20260905,True
2016H2-E,all,,psi,tabpfn@t1 - gbm,True,-0.00833817936568291,-0.0111142816741317,-0.005972882913227479,0.0015504134239103916,0.05,200,20260905,True
2016H2-E,all,,psi,tabpfn - gbm-50k,True,-0.007712778532208665,-0.014320824883290314,-0.0013270571597391939,0.004525888416771911,0.05,200,20260905,True
2016H2-E,all,,psi,tabicl - gbm-50k,True,-0.0053490703051965694,-0.01249644541660266,0.0018230809077403065,0.004768120847409594,0.05,200,20260905,False
2016H2-E,all,,psi,tabicl@t1 - gbm-50k,True,-0.0053490703051965694,-0.01249644541660266,0.0018230809077403065,0.004768120847409594,0.05,200,20260905,False
2016H2-E,all,,psi,tabpfn@t1 - gbm-50k,True,-0.007681862112032836,-0.014305373547765643,-0.0013001976652406524,0.004535731496905212,0.05,200,20260905,True
2016H2-E,all,,psi,tabicl - tabpfn,True,0.002363708227012096,0.0010726840231404557,0.0036458416095331916,0.0006911866545969801,0.05,200,20260905,True
2016H2-E,all,,psi,tabicl@t1 - tabpfn,True,0.002363708227012096,0.0010726840231404557,0.0036458416095331916,0.0006911866545969801,0.05,200,20260905,True
2016H2-E,all,,psi,tabpfn@t1 - tabpfn,True,3.091642017582878e-05,-4.1910092014527535e-06,7.124003428793613e-05,2.0205327831416873e-05,0.05,200,20260905,False
2016H2-E,all,,psi,tabicl@t1 - tabicl,True,0.0,0.0,0.0,0.0,0.05,200,20260905,False
2016H2-E,all,,psi,tabpfn@t1 - tabicl,True,-0.0023327918068362674,-0.0035964220098961223,-0.0010637805158773966,0.0006877342751925061,0.05,200,20260905,True
2016H2-E,all,,psi,tabpfn@t1 - tabicl@t1,True,-0.0023327918068362674,-0.0035964220098961223,-0.0010637805158773966,0.0006877342751925061,0.05,200,20260905,True
2016H2-E,nearest,,gini,scorecard,False,0.41939451595170557,0.3931012828289876,0.44237654946175686,0.014120924754779912,0.05,200,20260905,
2016H2-E,nearest,,gini,gbm,False,0.44339437427594497,0.41758074967158054,0.4682768120977859,0.013322623555640999,0.05,200,20260905,
2016H2-E,nearest,,gini,gbm-50k,False,0.41791168853123545,0.38386788735487115,0.44589909120637605,0.014786112775576267,0.05,200,20260905,
2016H2-E,nearest,,gini,tabpfn,False,0.44200250807060554,0.41435781548410716,0.4644324369379147,0.013358791665112911,0.05,200,20260905,
2016H2-E,nearest,,gini,tabicl,False,0.4365894735659451,0.4116641193799819,0.4588292134966863,0.012816458770855639,0.05,200,20260905,
2016H2-E,nearest,,gini,tabicl@t1,False,0.4365894735659451,0.4116641193799819,0.4588292134966863,0.012816458770855639,0.05,200,20260905,
2016H2-E,nearest,,gini,tabpfn@t1,False,0.44200268548022303,0.41436352359799716,0.4644480798762299,0.013357826283164016,0.05,200,20260905,
2016H2-E,nearest,,gini,gbm - scorecard,True,0.023999858324239398,0.013178278325355789,0.03382325379701569,0.005411102936219188,0.05,200,20260905,True
2016H2-E,nearest,,gini,gbm-50k - scorecard,True,-0.0014828274204701415,-0.019243800479255155,0.014094490812610301,0.009989870142971381,0.05,200,20260905,False
2016H2-E,nearest,,gini,tabpfn - scorecard,True,0.02260799211889991,0.008007583414830556,0.035326144129294225,0.007550371506262971,0.05,200,20260905,True
2016H2-E,nearest,,gini,tabicl - scorecard,True,0.01719495761423952,0.005064318231087985,0.02965869490588204,0.006318716449616301,0.05,200,20260905,True
2016H2-E,nearest,,gini,tabicl@t1 - scorecard,True,0.01719495761423952,0.005064318231087985,0.02965869490588204,0.006318716449616301,0.05,200,20260905,True
2016H2-E,nearest,,gini,tabpfn@t1 - scorecard,True,0.02260816952851748,0.008018658838654316,0.03533552927227651,0.007543914183354811,0.05,200,20260905,True
2016H2-E,nearest,,gini,gbm-50k - gbm,True,-0.02548268574470954,-0.04196117745570256,-0.008077134880172976,0.009371913963429703,0.05,200,20260905,True
2016H2-E,nearest,,gini,tabpfn - gbm,True,-0.001391866205339487,-0.013340112617789463,0.011047906698383743,0.006736705652126743,0.05,200,20260905,False
2016H2-E,nearest,,gini,tabicl - gbm,True,-0.006804900709999877,-0.016848827942624163,0.0027126784430647295,0.005467609339064813,0.05,200,20260905,False
2016H2-E,nearest,,gini,tabicl@t1 - gbm,True,-0.006804900709999877,-0.016848827942624163,0.0027126784430647295,0.005467609339064813,0.05,200,20260905,False
2016H2-E,nearest,,gini,tabpfn@t1 - gbm,True,-0.0013916887957219164,-0.01332034160384609,0.011022019802880643,0.006729927893243742,0.05,200,20260905,False
2016H2-E,nearest,,gini,tabpfn - gbm-50k,True,0.02409081953937005,0.013342102542816621,0.03489590251165432,0.005647092023529475,0.05,200,20260905,True
2016H2-E,nearest,,gini,tabicl - gbm-50k,True,0.018677785034709665,0.0065199244302187875,0.03191862166257448,0.007001116729381015,0.05,200,20260905,True
2016H2-E,nearest,,gini,tabicl@t1 - gbm-50k,True,0.018677785034709665,0.0065199244302187875,0.03191862166257448,0.007001116729381015,0.05,200,20260905,True
2016H2-E,nearest,,gini,tabpfn@t1 - gbm-50k,True,0.024090996948987625,0.013332446236925009,0.03492785242696942,0.005652715816373048,0.05,200,20260905,True
2016H2-E,nearest,,gini,tabicl - tabpfn,True,-0.00541303450466039,-0.012054526627729305,0.00176842862997722,0.0036125558177138905,0.05,200,20260905,False
2016H2-E,nearest,,gini,tabicl@t1 - tabpfn,True,-0.00541303450466039,-0.012054526627729305,0.00176842862997722,0.0036125558177138905,0.05,200,20260905,False
2016H2-E,nearest,,gini,tabpfn@t1 - tabpfn,True,1.7740961757069704e-07,-3.0019755797160153e-05,3.0947227893822486e-05,1.622712290743915e-05,0.05,200,20260905,False
2016H2-E,nearest,,gini,tabicl@t1 - tabicl,True,0.0,0.0,0.0,0.0,0.05,200,20260905,False
2016H2-E,nearest,,gini,tabpfn@t1 - tabicl,True,0.00541321191427796,-0.0017613993785972114,0.012032491105570574,0.0036068959489067346,0.05,200,20260905,False
2016H2-E,nearest,,gini,tabpfn@t1 - tabicl@t1,True,0.00541321191427796,-0.0017613993785972114,0.012032491105570574,0.0036068959489067346,0.05,200,20260905,False
2016H2-E,nearest,,abs_log_oe,scorecard,False,0.31189383154394684,0.25982739911903135,0.354574215084827,0.024681311837679795,0.05,200,20260905,
2016H2-E,nearest,,abs_log_oe,gbm,False,0.26138240582147215,0.2100204823745868,0.3038942650703647,0.024866260906130887,0.05,200,20260905,
2016H2-E,nearest,,abs_log_oe,gbm-50k,False,0.2651171121940101,0.18922042834201863,0.33214011361529866,0.03859074993746175,0.05,200,20260905,
2016H2-E,nearest,,abs_log_oe,tabpfn,False,0.6036046327799506,0.5333677888948867,0.6680263755040345,0.0358314718852186,0.05,200,20260905,
2016H2-E,nearest,,abs_log_oe,tabicl,False,0.5180532305266861,0.4511400361428571,0.5804616820626347,0.034433007792633995,0.05,200,20260905,
2016H2-E,nearest,,abs_log_oe,tabicl@t1,False,0.17100040073982017,0.11291534067954932,0.2312307036641311,0.03196647283972951,0.05,200,20260905,
2016H2-E,nearest,,abs_log_oe,tabpfn@t1,False,0.24593647953670095,0.17837473520206854,0.30887169947791115,0.03475400611086739,0.05,200,20260905,
2016H2-E,nearest,,abs_log_oe,gbm - scorecard,True,-0.05051142572247469,-0.05376767971815205,-0.047029854686838776,0.0018077184528232945,0.05,200,20260905,True
2016H2-E,nearest,,abs_log_oe,gbm-50k - scorecard,True,-0.04677671934993675,-0.08187490336454298,-0.008013765939744094,0.028316608241330227,0.05,200,20260905,True
2016H2-E,nearest,,abs_log_oe,tabpfn - scorecard,True,0.29171080123600385,0.26364405786125217,0.3273138857287183,0.024540555002452186,0.05,200,20260905,True
2016H2-E,nearest,,abs_log_oe,tabicl - scorecard,True,0.2061593989827392,0.1863084394991303,0.24055056531331234,0.02292625766056654,0.05,200,20260905,True
2016H2-E,nearest,,abs_log_oe,tabicl@t1 - scorecard,True,-0.14089343080412667,-0.15838444687852285,-0.10881000204397615,0.021246988632387644,0.05,200,20260905,True
2016H2-E,nearest,,abs_log_oe,tabpfn@t1 - scorecard,True,-0.06595735200724588,-0.0913363810871961,-0.03254068640399639,0.02305325925369539,0.05,200,20260905,True
2016H2-E,nearest,,abs_log_oe,gbm-50k - gbm,True,0.00373470637253794,-0.031075390708850327,0.04284165593385525,0.028245995693973024,0.05,200,20260905,False
2016H2-E,nearest,,abs_log_oe,tabpfn - gbm,True,0.3422222269584785,0.315277769791229,0.3774581058502,0.02446666983986666,0.05,200,20260905,True
2016H2-E,nearest,,abs_log_oe,tabicl - gbm,True,0.25667082470521385,0.2376736214285644,0.29061324078747414,0.022927341241266976,0.05,200,20260905,True
2016H2-E,nearest,,abs_log_oe,tabicl@t1 - gbm,True,-0.09038200508165199,-0.10807326410615535,-0.0582238090299424,0.02126336937693358,0.05,200,20260905,True
2016H2-E,nearest,,abs_log_oe,tabpfn@t1 - gbm,True,-0.015445926284771197,-0.04019945048389799,0.017617790476153517,0.023003757343904037,0.05,200,20260905,False
2016H2-E,nearest,,abs_log_oe,tabpfn - gbm-50k,True,0.33848752058594056,0.3314305881107878,0.34855836666460194,0.005484125983760918,0.05,200,20260905,True
2016H2-E,nearest,,abs_log_oe,tabicl - gbm-50k,True,0.25293611833267593,0.23894752417622142,0.27099700165169777,0.01166571346581484,0.05,200,20260905,True
2016H2-E,nearest,,abs_log_oe,tabicl@t1 - gbm-50k,True,-0.09411671145418993,-0.10737860047730453,-0.07092880359639261,0.013876200645245524,0.05,200,20260905,True
2016H2-E,nearest,,abs_log_oe,tabpfn@t1 - gbm-50k,True,-0.019180632657309137,-0.026414827841535874,-0.007488914637152829,0.006830296024877944,0.05,200,20260905,True
2016H2-E,nearest,,abs_log_oe,tabicl - tabpfn,True,-0.08555140225326463,-0.09401214815373833,-0.07563906016159899,0.006606036013923172,0.05,200,20260905,True
2016H2-E,nearest,,abs_log_oe,tabicl@t1 - tabpfn,True,-0.4326042320401305,-0.4408517995876614,-0.41105551954635894,0.009081683267816802,0.05,200,20260905,True
2016H2-E,nearest,,abs_log_oe,tabpfn@t1 - tabpfn,True,-0.3576681532432497,-0.3603614328649883,-0.35470107826396535,0.0016923208599433242,0.05,200,20260905,True
2016H2-E,nearest,,abs_log_oe,tabicl@t1 - tabicl,True,-0.34705282978686586,-0.34985746695416114,-0.33265577905964083,0.005010896825668431,0.05,200,20260905,True
2016H2-E,nearest,,abs_log_oe,tabpfn@t1 - tabicl,True,-0.27211675098998506,-0.2799463305131099,-0.2636579377024686,0.005637897898422114,0.05,200,20260905,True
2016H2-E,nearest,,abs_log_oe,tabpfn@t1 - tabicl@t1,True,0.07493607879688079,0.05494204386359569,0.08264227450124058,0.007943971123177048,0.05,200,20260905,True
2016H2-E,nearest,,cox_slope_deviation,scorecard,False,0.0788327350220331,0.030226687450548077,0.15316081615275526,0.034176852713528535,0.05,200,20260905,
2016H2-E,nearest,,cox_slope_deviation,gbm,False,0.0366812588642453,0.015835521054152864,0.10127468905350484,0.022879508243294728,0.05,200,20260905,
2016H2-E,nearest,,cox_slope_deviation,gbm-50k,False,0.08718369367682184,0.03484480253146835,0.15271691071493157,0.033309843702228205,0.05,200,20260905,
2016H2-E,nearest,,cox_slope_deviation,tabpfn,False,0.07097866690563534,0.024826477336075056,0.17626615116918504,0.03935393629142991,0.05,200,20260905,
2016H2-E,nearest,,cox_slope_deviation,tabicl,False,0.11391376269310631,0.049662066408620004,0.20090681578793682,0.03915476428797322,0.05,200,20260905,
2016H2-E,nearest,,cox_slope_deviation,tabicl@t1,False,0.03424538337568888,0.015348985410361051,0.11211868420881867,0.023898992162017033,0.05,200,20260905,
2016H2-E,nearest,,cox_slope_deviation,tabpfn@t1,False,0.05031407414875891,0.018438925107125997,0.11904558736741572,0.02630122787876709,0.05,200,20260905,
2016H2-E,nearest,,cox_slope_deviation,gbm - scorecard,True,-0.0421514761577878,-0.07625422214406151,0.016910392054487727,0.025560097015218244,0.05,200,20260905,False
2016H2-E,nearest,,cox_slope_deviation,gbm-50k - scorecard,True,0.008350958654788748,-0.10854918755106341,0.06968939330644543,0.041750644013289796,0.05,200,20260905,False
2016H2-E,nearest,,cox_slope_deviation,tabpfn - scorecard,True,-0.007854068116397757,-0.11186912590807283,0.12474140082838954,0.06133603219067597,0.05,200,20260905,False
2016H2-E,nearest,,cox_slope_deviation,tabicl - scorecard,True,0.035081027671073205,-0.08675904919516104,0.1522511689219965,0.06444030441683384,0.05,200,20260905,False
2016H2-E,nearest,,cox_slope_deviation,tabicl@t1 - scorecard,True,-0.04458735164634422,-0.11240899356062088,0.06332477741034953,0.04275132457792718,0.05,200,20260905,False
2016H2-E,nearest,,cox_slope_deviation,tabpfn@t1 - scorecard,True,-0.028518660873274194,-0.10394262674830893,0.033448810176886806,0.03214961091677579,0.05,200,20260905,False
2016H2-E,nearest,,cox_slope_deviation,gbm-50k - gbm,True,0.05050243481257654,-0.045843934325447824,0.0994913549152773,0.0372470712733432,0.05,200,20260905,False
2016H2-E,nearest,,cox_slope_deviation,tabpfn - gbm,True,0.03429740804139004,-0.04908128888056854,0.1392496305846873,0.04827996705181137,0.05,200,20260905,False
2016H2-E,nearest,,cox_slope_deviation,tabicl - gbm,True,0.077232503828861,-0.029491406934701703,0.16545140032235373,0.05072894332911558,0.05,200,20260905,False
2016H2-E,nearest,,cox_slope_deviation,tabicl@t1 - gbm,True,-0.0024358754885564203,-0.04978779958909378,0.07577523262711802,0.030798139817055266,0.05,200,20260905,False
2016H2-E,nearest,,cox_slope_deviation,tabpfn@t1 - gbm,True,0.013632815284513605,-0.048070957986905666,0.05136589278927229,0.027240910913050278,0.05,200,20260905,False
2016H2-E,nearest,,cox_slope_deviation,tabpfn - gbm-50k,True,-0.016205026771186504,-0.12579222800239367,0.06505883776532699,0.05646571852267897,0.05,200,20260905,False
2016H2-E,nearest,,cox_slope_deviation,tabicl - gbm-50k,True,0.02673006901628446,-0.10033263303862153,0.10159226471579001,0.059434709429456646,0.05,200,20260905,False
2016H2-E,nearest,,cox_slope_deviation,tabicl@t1 - gbm-50k,True,-0.05293831030113296,-0.09951416385739668,0.0163549289064067,0.03300741956227727,0.05,200,20260905,False
2016H2-E,nearest,,cox_slope_deviation,tabpfn@t1 - gbm-50k,True,-0.03686961952806294,-0.061611050819858376,0.01034493125348586,0.018699564052917873,0.05,200,20260905,False
2016H2-E,nearest,,cox_slope_deviation,tabicl - tabpfn,True,0.04293509578747096,0.004791318245358721,0.05875555133905985,0.013091229897186628,0.05,200,20260905,True
2016H2-E,nearest,,cox_slope_deviation,tabicl@t1 - tabpfn,True,-0.03673328352994646,-0.06662746348443352,0.03445793861476606,0.028880361396050675,0.05,200,20260905,False
2016H2-E,nearest,,cox_slope_deviation,tabpfn@t1 - tabpfn,True,-0.020664592756876436,-0.09520462905425836,0.08766753986100459,0.05316678514256655,0.05,200,20260905,False
2016H2-E,nearest,,cox_slope_deviation,tabicl@t1 - tabicl,True,-0.07966837931741742,-0.09696315563716162,0.015123098607498574,0.033110222774877525,0.05,200,20260905,False
2016H2-E,nearest,,cox_slope_deviation,tabpfn@t1 - tabicl,True,-0.0635996885443474,-0.12916065526217907,0.06713631681296875,0.05600123665781595,0.05,200,20260905,False
2016H2-E,nearest,,cox_slope_deviation,tabpfn@t1 - tabicl@t1,True,0.016068690773070025,-0.03744501177373682,0.06180900602347125,0.02824681143673471,0.05,200,20260905,False
2016H2-E,nearest,,psi,scorecard,False,0.03147320868232068,0.02923687250377089,0.034763896997526945,0.001538034978115356,0.05,200,20260905,
2016H2-E,nearest,,psi,gbm,False,0.013150110854984258,0.012040198444316174,0.0156008617584272,0.0010086907075906933,0.05,200,20260905,
2016H2-E,nearest,,psi,gbm-50k,False,0.01180750316059713,0.00445675162351146,0.02351774694055294,0.006961182520636864,0.05,200,20260905,
2016H2-E,nearest,,psi,tabpfn,False,0.008008278190982591,0.006197164033479217,0.01150884379842922,0.00153023178792444,0.05,200,20260905,
2016H2-E,nearest,,psi,tabicl,False,0.014560990892298419,0.011689864696379039,0.017974927832944843,0.001766497689534205,0.05,200,20260905,
2016H2-E,nearest,,psi,tabicl@t1,False,0.014560990892298419,0.011689864696379039,0.017974927832944843,0.001766497689534205,0.05,200,20260905,
2016H2-E,nearest,,psi,tabpfn@t1,False,0.008044868508384352,0.0062637390748981735,0.011567505827590674,0.0015231794258297167,0.05,200,20260905,
2016H2-E,nearest,,psi,gbm - scorecard,True,-0.018323097827336425,-0.020466678683777093,-0.015936523920478767,0.001128611330943761,0.05,200,20260905,True
2016H2-E,nearest,,psi,gbm-50k - scorecard,True,-0.01966570552172355,-0.028899857705117566,-0.008664845600595168,0.007032900299514289,0.05,200,20260905,True
2016H2-E,nearest,,psi,tabpfn - scorecard,True,-0.02346493049133809,-0.026606489781267676,-0.019308726363810008,0.001959118728722227,0.05,200,20260905,True
2016H2-E,nearest,,psi,tabicl - scorecard,True,-0.016912217790022267,-0.021926615328748466,-0.012598210024732277,0.002330394800430259,0.05,200,20260905,True
2016H2-E,nearest,,psi,tabicl@t1 - scorecard,True,-0.016912217790022267,-0.021926615328748466,-0.012598210024732277,0.002330394800430259,0.05,200,20260905,True
2016H2-E,nearest,,psi,tabpfn@t1 - scorecard,True,-0.02342834017393633,-0.026576893874204702,-0.019235747562303892,0.0019529224488078814,0.05,200,20260905,True
2016H2-E,nearest,,psi,gbm-50k - gbm,True,-0.0013426076943871279,-0.009578750298999131,0.009252065632868966,0.006898636124770207,0.05,200,20260905,False
2016H2-E,nearest,,psi,tabpfn - gbm,True,-0.005141832664001667,-0.007732970626341449,-0.0022412322229877473,0.001551267363795517,0.05,200,20260905,True
2016H2-E,nearest,,psi,tabicl - gbm,True,0.0014108800373141602,-0.002337027233253619,0.004754039280916162,0.0019165356221113794,0.05,200,20260905,False
2016H2-E,nearest,,psi,tabicl@t1 - gbm,True,0.0014108800373141602,-0.002337027233253619,0.004754039280916162,0.0019165356221113794,0.05,200,20260905,False
2016H2-E,nearest,,psi,tabpfn@t1 - gbm,True,-0.005105242346599905,-0.007675270889328355,-0.0022046323221548117,0.0015438917329000817,0.05,200,20260905,True
2016H2-E,nearest,,psi,tabpfn - gbm-50k,True,-0.0037992249696145396,-0.012767425247906848,0.0037411881866077474,0.005840146608852412,0.05,200,20260905,False
2016H2-E,nearest,,psi,tabicl - gbm-50k,True,0.0027534877317012883,-0.007364921176347907,0.009156158327427144,0.005894508630596797,0.05,200,20260905,False
2016H2-E,nearest,,psi,tabicl@t1 - gbm-50k,True,0.0027534877317012883,-0.007364921176347907,0.009156158327427144,0.005894508630596797,0.05,200,20260905,False
2016H2-E,nearest,,psi,tabpfn@t1 - gbm-50k,True,-0.0037626346522127777,-0.012763347259334985,0.0037998947076528524,0.0058511249333979285,0.05,200,20260905,False
2016H2-E,nearest,,psi,tabicl - tabpfn,True,0.006552712701315827,0.0038053435622962613,0.009654157966614679,0.001724889102059563,0.05,200,20260905,True
2016H2-E,nearest,,psi,tabicl@t1 - tabpfn,True,0.006552712701315827,0.0038053435622962613,0.009654157966614679,0.001724889102059563,0.05,200,20260905,True
2016H2-E,nearest,,psi,tabpfn@t1 - tabpfn,True,3.659031740176153e-05,-1.7577646939093897e-05,8.482854971715618e-05,2.7033340578154027e-05,0.05,200,20260905,False
2016H2-E,nearest,,psi,tabicl@t1 - tabicl,True,0.0,0.0,0.0,0.0,0.05,200,20260905,False
2016H2-E,nearest,,psi,tabpfn@t1 - tabicl,True,-0.006516122383914066,-0.009636617608215065,-0.003727482556952829,0.0017245205363701549,0.05,200,20260905,True
2016H2-E,nearest,,psi,tabpfn@t1 - tabicl@t1,True,-0.006516122383914066,-0.009636617608215065,-0.003727482556952829,0.0017245205363701549,0.05,200,20260905,True
2016H2-E,"all, cohorts resampled",,gini,scorecard,False,0.4132459290648997,0.3842862181759814,0.43760007079183033,0.012829701426124348,0.05,200,20260905,
2016H2-E,"all, cohorts resampled",,gini,gbm,False,0.4438596168657309,0.4204522071837867,0.4675131857214738,0.011750512755553515,0.05,200,20260905,
2016H2-E,"all, cohorts resampled",,gini,gbm-50k,False,0.41295411533496856,0.38620560884791894,0.43648677636510136,0.013592100401094962,0.05,200,20260905,
2016H2-E,"all, cohorts resampled",,gini,tabpfn,False,0.4377526373144867,0.4131782113682091,0.46304229074029934,0.012964316906253326,0.05,200,20260905,
2016H2-E,"all, cohorts resampled",,gini,tabicl,False,0.43674255628861175,0.4100258931657017,0.45902051348308465,0.012720659450724647,0.05,200,20260905,
2016H2-E,"all, cohorts resampled",,gini,tabicl@t1,False,0.43674255628861175,0.4100258931657017,0.45902051348308465,0.012720659450724647,0.05,200,20260905,
2016H2-E,"all, cohorts resampled",,gini,tabpfn@t1,False,0.4377550595378745,0.41317608729441085,0.4630584424997146,0.01296676421050804,0.05,200,20260905,
2016H2-E,"all, cohorts resampled",,gini,gbm - scorecard,True,0.030613687800831235,0.01972779032952493,0.04260881706826151,0.0060053873639020865,0.05,200,20260905,True
2016H2-E,"all, cohorts resampled",,gini,gbm-50k - scorecard,True,-0.00029181372993103416,-0.01445408164918142,0.015659517663675425,0.00794614181886998,0.05,200,20260905,False
2016H2-E,"all, cohorts resampled",,gini,tabpfn - scorecard,True,0.0245067082495871,0.00863365779152966,0.03826558035538896,0.008343686889107287,0.05,200,20260905,True
2016H2-E,"all, cohorts resampled",,gini,tabicl - scorecard,True,0.02349662722371208,0.011998359748691163,0.04126175764225578,0.007290530724925192,0.05,200,20260905,True
2016H2-E,"all, cohorts resampled",,gini,tabicl@t1 - scorecard,True,0.02349662722371208,0.011998359748691163,0.04126175764225578,0.007290530724925192,0.05,200,20260905,True
2016H2-E,"all, cohorts resampled",,gini,tabpfn@t1 - scorecard,True,0.02450913047297487,0.00864732525685357,0.038251671408524965,0.00834487534742872,0.05,200,20260905,True
2016H2-E,"all, cohorts resampled",,gini,gbm-50k - gbm,True,-0.03090550153076227,-0.04702733754062857,-0.01460643486276051,0.00887726305000273,0.05,200,20260905,True
2016H2-E,"all, cohorts resampled",,gini,tabpfn - gbm,True,-0.0061069795512441365,-0.021781635408643345,0.00881336892822719,0.0086417382621855,0.05,200,20260905,False
2016H2-E,"all, cohorts resampled",,gini,tabicl - gbm,True,-0.007117060577119157,-0.018231293424437838,0.006630808336363747,0.007033886725170891,0.05,200,20260905,False
2016H2-E,"all, cohorts resampled",,gini,tabicl@t1 - gbm,True,-0.007117060577119157,-0.018231293424437838,0.006630808336363747,0.007033886725170891,0.05,200,20260905,False
2016H2-E,"all, cohorts resampled",,gini,tabpfn@t1 - gbm,True,-0.006104557327856364,-0.021784563411125835,0.008805946363932442,0.008642529961028355,0.05,200,20260905,False
2016H2-E,"all, cohorts resampled",,gini,tabpfn - gbm-50k,True,0.024798521979518134,0.016028229234160765,0.03290764240911599,0.00455007289503161,0.05,200,20260905,True
2016H2-E,"all, cohorts resampled",,gini,tabicl - gbm-50k,True,0.023788440953643113,0.012125392405700411,0.03406189371281295,0.0057389854912319295,0.05,200,20260905,True
2016H2-E,"all, cohorts resampled",,gini,tabicl@t1 - gbm-50k,True,0.023788440953643113,0.012125392405700411,0.03406189371281295,0.0057389854912319295,0.05,200,20260905,True
2016H2-E,"all, cohorts resampled",,gini,tabpfn@t1 - gbm-50k,True,0.024800944202905906,0.016021168135755187,0.032911687624511,0.004553107224183561,0.05,200,20260905,True
2016H2-E,"all, cohorts resampled",,gini,tabicl - tabpfn,True,-0.0010100810258750204,-0.010102941507065073,0.00856716398575281,0.004983268516635146,0.05,200,20260905,False
2016H2-E,"all, cohorts resampled",,gini,tabicl@t1 - tabpfn,True,-0.0010100810258750204,-0.010102941507065073,0.00856716398575281,0.004983268516635146,0.05,200,20260905,False
2016H2-E,"all, cohorts resampled",,gini,tabpfn@t1 - tabpfn,True,2.4222233877731667e-06,-2.3780397158362776e-05,3.1418819185061185e-05,1.4944150331689566e-05,0.05,200,20260905,False
2016H2-E,"all, cohorts resampled",,gini,tabicl@t1 - tabicl,True,0.0,0.0,0.0,0.0,0.05,200,20260905,False
2016H2-E,"all, cohorts resampled",,gini,tabpfn@t1 - tabicl,True,0.0010125032492627934,-0.00856981007262939,0.010095780878609191,0.004979645038236565,0.05,200,20260905,False
2016H2-E,"all, cohorts resampled",,gini,tabpfn@t1 - tabicl@t1,True,0.0010125032492627934,-0.00856981007262939,0.010095780878609191,0.004979645038236565,0.05,200,20260905,False
2016H2-E,"all, cohorts resampled",,abs_log_oe,scorecard,False,0.3411968335901842,0.2718668357910068,0.3993411383076088,0.035222529989339786,0.05,200,20260905,
2016H2-E,"all, cohorts resampled",,abs_log_oe,gbm,False,0.2846232756990689,0.20297469568881057,0.347064371153956,0.036666884880478194,0.05,200,20260905,
2016H2-E,"all, cohorts resampled",,abs_log_oe,gbm-50k,False,0.29112866190046827,0.2005233674891939,0.37509999924100434,0.04540533675607731,0.05,200,20260905,
2016H2-E,"all, cohorts resampled",,abs_log_oe,tabpfn,False,0.6291919829562229,0.5431725408366423,0.7174347406285652,0.04522442393711394,0.05,200,20260905,
2016H2-E,"all, cohorts resampled",,abs_log_oe,tabicl,False,0.5368750278634464,0.46025337440420394,0.6159401112805231,0.04169486546423458,0.05,200,20260905,
2016H2-E,"all, cohorts resampled",,abs_log_oe,tabicl@t1,False,0.18822713901835386,0.11557462919596849,0.2643662250553998,0.03901325056482258,0.05,200,20260905,
2016H2-E,"all, cohorts resampled",,abs_log_oe,tabpfn@t1,False,0.2687392882615426,0.18820850016506857,0.35227881655119037,0.04283488174119242,0.05,200,20260905,
2016H2-E,"all, cohorts resampled",,abs_log_oe,gbm - scorecard,True,-0.05657355789111529,-0.06847085864177434,-0.04533813792270324,0.00672539271658297,0.05,200,20260905,True
2016H2-E,"all, cohorts resampled",,abs_log_oe,gbm-50k - scorecard,True,-0.050068171689715946,-0.0962263979431116,-0.005074026365348005,0.03115728081615519,0.05,200,20260905,True
2016H2-E,"all, cohorts resampled",,abs_log_oe,tabpfn - scorecard,True,0.2879951493660387,0.24612902634151634,0.33466609156027644,0.030564134411985446,0.05,200,20260905,True
2016H2-E,"all, cohorts resampled",,abs_log_oe,tabicl - scorecard,True,0.19567819427326216,0.15202513178510246,0.24004918084414506,0.026669959219587577,0.05,200,20260905,True
2016H2-E,"all, cohorts resampled",,abs_log_oe,tabicl@t1 - scorecard,True,-0.15296969457183038,-0.19420250692771485,-0.11066004947251731,0.024945828129935975,0.05,200,20260905,True
2016H2-E,"all, cohorts resampled",,abs_log_oe,tabpfn@t1 - scorecard,True,-0.0724575453286416,-0.11300304986927914,-0.029631267073167503,0.028762934375557294,0.05,200,20260905,True
2016H2-E,"all, cohorts resampled",,abs_log_oe,gbm-50k - gbm,True,0.0065053862013993435,-0.032119828210627706,0.048277707925510144,0.031233248487626156,0.05,200,20260905,False
2016H2-E,"all, cohorts resampled",,abs_log_oe,tabpfn - gbm,True,0.344568707257154,0.31148671978241915,0.3923193552628677,0.03056630563382459,0.05,200,20260905,True
2016H2-E,"all, cohorts resampled",,abs_log_oe,tabicl - gbm,True,0.25225175216437745,0.21940005566528725,0.2902747738489864,0.025919419227798834,0.05,200,20260905,True
2016H2-E,"all, cohorts resampled",,abs_log_oe,tabicl@t1 - gbm,True,-0.09639613668071507,-0.1287006502395014,-0.05904650792061444,0.024369815893125917,0.05,200,20260905,True
2016H2-E,"all, cohorts resampled",,abs_log_oe,tabpfn@t1 - gbm,True,-0.01588398743752631,-0.04939086158286189,0.028664003346324282,0.028821788566619447,0.05,200,20260905,False
2016H2-E,"all, cohorts resampled",,abs_log_oe,tabpfn - gbm-50k,True,0.33806332105575465,0.32629532800965494,0.34743868094259583,0.00635919429461722,0.05,200,20260905,True
2016H2-E,"all, cohorts resampled",,abs_log_oe,tabicl - gbm-50k,True,0.24574636596297814,0.23212433957370815,0.2665175378308953,0.010202383272285525,0.05,200,20260905,True
2016H2-E,"all, cohorts resampled",,abs_log_oe,tabicl@t1 - gbm-50k,True,-0.10290152288211445,-0.11696420265621058,-0.07540429865158303,0.012366513668111201,0.05,200,20260905,True
2016H2-E,"all, cohorts resampled",,abs_log_oe,tabpfn@t1 - gbm-50k,True,-0.022389373638925653,-0.03514679077392923,-0.010654598189505635,0.006839164442323794,0.05,200,20260905,True
2016H2-E,"all, cohorts resampled",,abs_log_oe,tabicl - tabpfn,True,-0.09231695509277653,-0.1050930882726604,-0.07907206206252479,0.007042530614958106,0.05,200,20260905,True
2016H2-E,"all, cohorts resampled",,abs_log_oe,tabicl@t1 - tabpfn,True,-0.44096484393786906,-0.45910283144755476,-0.42079970973478287,0.009731024445703462,0.05,200,20260905,True
2016H2-E,"all, cohorts resampled",,abs_log_oe,tabpfn@t1 - tabpfn,True,-0.3604526946946803,-0.366360501787319,-0.3548683253624331,0.002884753894286511,0.05,200,20260905,True
2016H2-E,"all, cohorts resampled",,abs_log_oe,tabicl@t1 - tabicl,True,-0.34864788884509257,-0.3531322754914216,-0.3409622510689409,0.003971737097439422,0.05,200,20260905,True
2016H2-E,"all, cohorts resampled",,abs_log_oe,tabpfn@t1 - tabicl,True,-0.2681357396019038,-0.278220626904702,-0.25863777644427116,0.005273469852995993,0.05,200,20260905,True
2016H2-E,"all, cohorts resampled",,abs_log_oe,tabpfn@t1 - tabicl@t1,True,0.08051214924318878,0.06623677663388679,0.0919568207791372,0.007431785721725843,0.05,200,20260905,True
2016H2-E,"all, cohorts resampled",,cox_slope_deviation,scorecard,False,0.08612765855967226,0.04607306212202235,0.13847783565825075,0.024347435615724125,0.05,200,20260905,
2016H2-E,"all, cohorts resampled",,cox_slope_deviation,gbm,False,0.05204215395695853,0.02849647486413108,0.1133251691158735,0.022765628424564362,0.05,200,20260905,
2016H2-E,"all, cohorts resampled",,cox_slope_deviation,gbm-50k,False,0.0939800002772625,0.04740298281151668,0.1558905554155835,0.028355987878849208,0.05,200,20260905,
2016H2-E,"all, cohorts resampled",,cox_slope_deviation,tabpfn,False,0.08565247149061894,0.03206946628548381,0.18330601082906972,0.04323123810798334,0.05,200,20260905,
2016H2-E,"all, cohorts resampled",,cox_slope_deviation,tabicl,False,0.119279709237932,0.05599824934692343,0.20749880357673983,0.04175681644642005,0.05,200,20260905,
2016H2-E,"all, cohorts resampled",,cox_slope_deviation,tabicl@t1,False,0.05187432689693743,0.03044759604244118,0.13716877479504508,0.02676339250133082,0.05,200,20260905,
2016H2-E,"all, cohorts resampled",,cox_slope_deviation,tabpfn@t1,False,0.05978358379548585,0.031196357424018013,0.12854358266360852,0.02514666679921779,0.05,200,20260905,
2016H2-E,"all, cohorts resampled",,cox_slope_deviation,gbm - scorecard,True,-0.03408550460271375,-0.0674809298468603,0.01971032905370797,0.022591116016620658,0.05,200,20260905,False
2016H2-E,"all, cohorts resampled",,cox_slope_deviation,gbm-50k - scorecard,True,0.007852341717590213,-0.05681649560603559,0.07185341645185181,0.03159256529649243,0.05,200,20260905,False
2016H2-E,"all, cohorts resampled",,cox_slope_deviation,tabpfn - scorecard,True,-0.00047518706905333674,-0.07408522389151137,0.11110009808619152,0.05095781641819161,0.05,200,20260905,False
2016H2-E,"all, cohorts resampled",,cox_slope_deviation,tabicl - scorecard,True,0.03315205067825972,-0.04780538283655133,0.13932962549925285,0.05143756922261624,0.05,200,20260905,False
2016H2-E,"all, cohorts resampled",,cox_slope_deviation,tabicl@t1 - scorecard,True,-0.034253331662734844,-0.07315001685665104,0.060037048276761575,0.032624172284473896,0.05,200,20260905,False
2016H2-E,"all, cohorts resampled",,cox_slope_deviation,tabpfn@t1 - scorecard,True,-0.026344074764186428,-0.07458105222907524,0.03533653838646035,0.026057820740734382,0.05,200,20260905,False
2016H2-E,"all, cohorts resampled",,cox_slope_deviation,gbm-50k - gbm,True,0.04193784632030396,-0.020008933623665588,0.09750124398816012,0.03192305285854465,0.05,200,20260905,False
2016H2-E,"all, cohorts resampled",,cox_slope_deviation,tabpfn - gbm,True,0.033610317533660415,-0.051482586158295165,0.13563606143367368,0.049728060706043846,0.05,200,20260905,False
2016H2-E,"all, cohorts resampled",,cox_slope_deviation,tabicl - gbm,True,0.06723755528097347,-0.034567602940327555,0.1615429570914973,0.050979290097330744,0.05,200,20260905,False
2016H2-E,"all, cohorts resampled",,cox_slope_deviation,tabicl@t1 - gbm,True,-0.0001678270600210969,-0.04738711570232377,0.07160473401102777,0.029352821138369418,0.05,200,20260905,False
2016H2-E,"all, cohorts resampled",,cox_slope_deviation,tabpfn@t1 - gbm,True,0.007741429838527322,-0.041813529540933536,0.051526698644531826,0.024635379843220354,0.05,200,20260905,False
2016H2-E,"all, cohorts resampled",,cox_slope_deviation,tabpfn - gbm-50k,True,-0.00832752878664355,-0.09410192337579508,0.05670239424178167,0.045316082631289785,0.05,200,20260905,False
2016H2-E,"all, cohorts resampled",,cox_slope_deviation,tabicl - gbm-50k,True,0.02529970896066951,-0.07063843817164184,0.08832808322226621,0.04660141392721841,0.05,200,20260905,False
2016H2-E,"all, cohorts resampled",,cox_slope_deviation,tabicl@t1 - gbm-50k,True,-0.04210567338032506,-0.07868787170918803,0.007409510111713906,0.022969548482915655,0.05,200,20260905,False
2016H2-E,"all, cohorts resampled",,cox_slope_deviation,tabpfn@t1 - gbm-50k,True,-0.03419641648177664,-0.06007465604190927,0.007666068133659603,0.017490239255466552,0.05,200,20260905,False
2016H2-E,"all, cohorts resampled",,cox_slope_deviation,tabicl - tabpfn,True,0.033627237747313056,0.008145691763359797,0.05262225321101579,0.011463820005902459,0.05,200,20260905,True
2016H2-E,"all, cohorts resampled",,cox_slope_deviation,tabicl@t1 - tabpfn,True,-0.03377814459368151,-0.0726071250304785,0.03079620934892192,0.030033667114199303,0.05,200,20260905,False
2016H2-E,"all, cohorts resampled",,cox_slope_deviation,tabpfn@t1 - tabpfn,True,-0.025868887695133087,-0.09397307189027863,0.07692724398206853,0.04978568543472444,0.05,200,20260905,False
2016H2-E,"all, cohorts resampled",,cox_slope_deviation,tabicl@t1 - tabicl,True,-0.06740538234099457,-0.09474312404675844,0.008690212000542099,0.032246943388027825,0.05,200,20260905,False
2016H2-E,"all, cohorts resampled",,cox_slope_deviation,tabpfn@t1 - tabicl,True,-0.05949612544244615,-0.12140230762406588,0.05009210734415079,0.05078294832159382,0.05,200,20260905,False
2016H2-E,"all, cohorts resampled",,cox_slope_deviation,tabpfn@t1 - tabicl@t1,True,0.00790925689854842,-0.03070753000155414,0.04988299990968809,0.023324472376842882,0.05,200,20260905,False
2016H2-E,"all, cohorts resampled",,psi,scorecard,False,0.03896318293691694,0.029261608543080245,0.050873961449260804,0.006352661643364043,0.05,200,20260905,
2016H2-E,"all, cohorts resampled",,psi,gbm,False,0.01625698934719535,0.010884224149199026,0.024487010407771605,0.003840142452604912,0.05,200,20260905,
2016H2-E,"all, cohorts resampled",,psi,gbm-50k,False,0.015600672093545273,0.00490671732638436,0.027905507890051317,0.007073688052934473,0.05,200,20260905,
2016H2-E,"all, cohorts resampled",,psi,tabpfn,False,0.007887893561336607,0.00442922663293549,0.012810834167813888,0.0022747143601473197,0.05,200,20260905,
2016H2-E,"all, cohorts resampled",,psi,tabicl,False,0.010251601788348705,0.005516726093520586,0.01594712538051691,0.002844098052850815,0.05,200,20260905,
2016H2-E,"all, cohorts resampled",,psi,tabicl@t1,False,0.010251601788348705,0.005516726093520586,0.01594712538051691,0.002844098052850815,0.05,200,20260905,
2016H2-E,"all, cohorts resampled",,psi,tabpfn@t1,False,0.007918809981512438,0.0044794987806939385,0.01281326386734641,0.002267690811941445,0.05,200,20260905,
2016H2-E,"all, cohorts resampled",,psi,gbm - scorecard,True,-0.02270619358972159,-0.027702191125652604,-0.01719350695335884,0.0029673063395043195,0.05,200,20260905,True
2016H2-E,"all, cohorts resampled",,psi,gbm-50k - scorecard,True,-0.023362510843371664,-0.03649459389382657,-0.011608353314633325,0.006691640149326188,0.05,200,20260905,True
2016H2-E,"all, cohorts resampled",,psi,tabpfn - scorecard,True,-0.031075289375580333,-0.043141246747274105,-0.021387187862891163,0.00573772035076174,0.05,200,20260905,True
2016H2-E,"all, cohorts resampled",,psi,tabicl - scorecard,True,-0.028711581148568237,-0.04505788067545255,-0.014061116575567386,0.008350444936610425,0.05,200,20260905,True
2016H2-E,"all, cohorts resampled",,psi,tabicl@t1 - scorecard,True,-0.028711581148568237,-0.04505788067545255,-0.014061116575567386,0.008350444936610425,0.05,200,20260905,True
2016H2-E,"all, cohorts resampled",,psi,tabpfn@t1 - scorecard,True,-0.031044372955404503,-0.04305798521580377,-0.021373192727720484,0.005736657589474895,0.05,200,20260905,True
2016H2-E,"all, cohorts resampled",,psi,gbm-50k - gbm,True,-0.0006563172536500749,-0.00994645205209463,0.00799420149556963,0.006151241825178462,0.05,200,20260905,False
2016H2-E,"all, cohorts resampled",,psi,tabpfn - gbm,True,-0.008369095785858741,-0.01627063988271567,-0.0032641344434657885,0.003232084844925935,0.05,200,20260905,True
2016H2-E,"all, cohorts resampled",,psi,tabicl - gbm,True,-0.0060053875588466435,-0.016935433626560987,0.003616359376767153,0.00559985605634655,0.05,200,20260905,False
2016H2-E,"all, cohorts resampled",,psi,tabicl@t1 - gbm,True,-0.0060053875588466435,-0.016935433626560987,0.003616359376767153,0.00559985605634655,0.05,200,20260905,False
2016H2-E,"all, cohorts resampled",,psi,tabpfn@t1 - gbm,True,-0.00833817936568291,-0.0162100007184012,-0.003251243453920136,0.0032279593847647377,0.05,200,20260905,True
2016H2-E,"all, cohorts resampled",,psi,tabpfn - gbm-50k,True,-0.007712778532208665,-0.015902621902384815,0.002264903627532803,0.005335055199988243,0.05,200,20260905,False
2016H2-E,"all, cohorts resampled",,psi,tabicl - gbm-50k,True,-0.0053490703051965694,-0.01803876065703363,0.008641631021524527,0.007404999018689519,0.05,200,20260905,False
2016H2-E,"all, cohorts resampled",,psi,tabicl@t1 - gbm-50k,True,-0.0053490703051965694,-0.01803876065703363,0.008641631021524527,0.007404999018689519,0.05,200,20260905,False
2016H2-E,"all, cohorts resampled",,psi,tabpfn@t1 - gbm-50k,True,-0.007681862112032836,-0.015880311258436787,0.002309141180893529,0.005345924002205476,0.05,200,20260905,False
2016H2-E,"all, cohorts resampled",,psi,tabicl - tabpfn,True,0.002363708227012096,-0.0038961003633787477,0.007807550933564438,0.003048316321259939,0.05,200,20260905,False
2016H2-E,"all, cohorts resampled",,psi,tabicl@t1 - tabpfn,True,0.002363708227012096,-0.0038961003633787477,0.007807550933564438,0.003048316321259939,0.05,200,20260905,False
2016H2-E,"all, cohorts resampled",,psi,tabpfn@t1 - tabpfn,True,3.091642017582878e-05,-1.2228333847691246e-05,8.416022051733458e-05,2.5708679135349068e-05,0.05,200,20260905,False
2016H2-E,"all, cohorts resampled",,psi,tabicl@t1 - tabicl,True,0.0,0.0,0.0,0.0,0.05,200,20260905,False
2016H2-E,"all, cohorts resampled",,psi,tabpfn@t1 - tabicl,True,-0.0023327918068362674,-0.007745804152194212,0.003913678624862026,0.0030441067628245223,0.05,200,20260905,False
2016H2-E,"all, cohorts resampled",,psi,tabpfn@t1 - tabicl@t1,True,-0.0023327918068362674,-0.007745804152194212,0.003913678624862026,0.0030441067628245223,0.05,200,20260905,False
2016H2-E,all,20260911,gini,scorecard,False,0.41324592906489965,0.39395907350642206,0.4318710605205234,0.009492114021063274,0.05,200,20260905,
2016H2-E,all,20260911,gini,gbm,False,0.4438596168657309,0.42487691088656987,0.4617338005997088,0.009135161748031827,0.05,200,20260905,
2016H2-E,all,20260911,gini,gbm-50k,False,0.4180009426918775,0.40053922472289927,0.43668202281843566,0.009252803026741252,0.05,200,20260905,
2016H2-E,all,20260911,gini,tabpfn,False,0.4420449837134268,0.42426443091773874,0.45873308109548083,0.008738043053407692,0.05,200,20260905,
2016H2-E,all,20260911,gini,tabicl,False,0.436993185557862,0.4207008142402573,0.4536838642428742,0.008869300274631953,0.05,200,20260905,
2016H2-E,all,20260911,gini,tabicl@t1,False,0.436993185557862,0.4207008142402573,0.4536838642428742,0.008869300274631953,0.05,200,20260905,
2016H2-E,all,20260911,gini,tabpfn@t1,False,0.4420334498693218,0.42425264535675156,0.458722475046462,0.008738610216691645,0.05,200,20260905,
2016H2-E,all,20260911,gini,gbm - scorecard,True,0.030613687800831235,0.021984438534456578,0.03889698247140342,0.004228696978739774,0.05,200,20260905,True
2016H2-E,all,20260911,gini,gbm-50k - scorecard,True,0.004755013626977833,-0.0019578975307678282,0.013079224297159582,0.003770005229778536,0.05,200,20260905,False
2016H2-E,all,20260911,gini,tabpfn - scorecard,True,0.028799054648527167,0.02100267685765137,0.035621596393608096,0.003875984602043875,0.05,200,20260905,True
2016H2-E,all,20260911,gini,tabicl - scorecard,True,0.023747256492962332,0.017088700042644782,0.031234410081962802,0.0036828598526613882,0.05,200,20260905,True
2016H2-E,all,20260911,gini,tabicl@t1 - scorecard,True,0.023747256492962332,0.017088700042644782,0.031234410081962802,0.0036828598526613882,0.05,200,20260905,True
2016H2-E,all,20260911,gini,tabpfn@t1 - scorecard,True,0.02878752080442215,0.020994645791893855,0.03561048935008645,0.003875314033481482,0.05,200,20260905,True
2016H2-E,all,20260911,gini,gbm-50k - gbm,True,-0.025858674173853402,-0.03249867234723726,-0.018362320134268213,0.003596843844787317,0.05,200,20260905,True
2016H2-E,all,20260911,gini,tabpfn - gbm,True,-0.0018146331523040682,-0.00910702255854203,0.005900735595933855,0.0036620697488002015,0.05,200,20260905,False
2016H2-E,all,20260911,gini,tabicl - gbm,True,-0.006866431307868903,-0.013801701960193575,9.116669805150881e-05,0.0035451681860982237,0.05,200,20260905,False
2016H2-E,all,20260911,gini,tabicl@t1 - gbm,True,-0.006866431307868903,-0.013801701960193575,9.116669805150881e-05,0.0035451681860982237,0.05,200,20260905,False
2016H2-E,all,20260911,gini,tabpfn@t1 - gbm,True,-0.0018261669964090843,-0.009120634886353892,0.005881222786294372,0.0036631518364657173,0.05,200,20260905,False
2016H2-E,all,20260911,gini,tabpfn - gbm-50k,True,0.024044041021549334,0.01708994625228346,0.030409529852457193,0.0034512022854383587,0.05,200,20260905,True
2016H2-E,all,20260911,gini,tabicl - gbm-50k,True,0.0189922428659845,0.01304914611472854,0.024766924218419466,0.00320642440134694,0.05,200,20260905,True
2016H2-E,all,20260911,gini,tabicl@t1 - gbm-50k,True,0.0189922428659845,0.01304914611472854,0.024766924218419466,0.00320642440134694,0.05,200,20260905,True
2016H2-E,all,20260911,gini,tabpfn@t1 - gbm-50k,True,0.024032507177444318,0.017076455283508526,0.030398296102787527,0.0034517154115228624,0.05,200,20260905,True
2016H2-E,all,20260911,gini,tabicl - tabpfn,True,-0.005051798155564835,-0.008888616732370114,-0.001854511776991332,0.0018290951249854664,0.05,200,20260905,True
2016H2-E,all,20260911,gini,tabicl@t1 - tabpfn,True,-0.005051798155564835,-0.008888616732370114,-0.001854511776991332,0.0018290951249854664,0.05,200,20260905,True
2016H2-E,all,20260911,gini,tabpfn@t1 - tabpfn,True,-1.1533844105016122e-05,-2.6160477155835748e-05,3.2595238832880406e-06,8.193455920526234e-06,0.05,200,20260905,False
2016H2-E,all,20260911,gini,tabicl@t1 - tabicl,True,0.0,0.0,0.0,0.0,0.05,200,20260905,False
2016H2-E,all,20260911,gini,tabpfn@t1 - tabicl,True,0.005040264311459819,0.0018528844549280167,0.008878258868808917,0.0018301068604017197,0.05,200,20260905,True
2016H2-E,all,20260911,gini,tabpfn@t1 - tabicl@t1,True,0.005040264311459819,0.0018528844549280167,0.008878258868808917,0.0018301068604017197,0.05,200,20260905,True
2016H2-E,all,20260911,abs_log_oe,scorecard,False,0.3411968335901842,0.3053241240544699,0.3730737285912747,0.017742559550484177,0.05,200,20260905,
2016H2-E,all,20260911,abs_log_oe,gbm,False,0.2846232756990689,0.25071262786097687,0.318185297741668,0.01777469242749357,0.05,200,20260905,
2016H2-E,all,20260911,abs_log_oe,gbm-50k,False,0.2888939412740109,0.25513907386010404,0.3211533016351543,0.017774113439653218,0.05,200,20260905,
2016H2-E,all,20260911,abs_log_oe,tabpfn,False,0.61887123930519,0.5839743925244122,0.6533980648352135,0.01781660332711139,0.05,200,20260905,
2016H2-E,all,20260911,abs_log_oe,tabicl,False,0.525366689441215,0.49081168833537314,0.558510098490876,0.01779841992826244,0.05,200,20260905,
2016H2-E,all,20260911,abs_log_oe,tabicl@t1,False,0.17693981295522543,0.14385418981731596,0.2101080241440221,0.01701710843476701,0.05,200,20260905,
2016H2-E,all,20260911,abs_log_oe,tabpfn@t1,False,0.25886856513410333,0.22395454245348062,0.29298324875100545,0.01783581847311429,0.05,200,20260905,
2016H2-E,all,20260911,abs_log_oe,gbm - scorecard,True,-0.05657355789111529,-0.0593290339731384,-0.05377788486508754,0.0014624855449560572,0.05,200,20260905,True
2016H2-E,all,20260911,abs_log_oe,gbm-50k - scorecard,True,-0.0523028923161733,-0.054096601472471924,-0.05019207678698835,0.0010960220307660866,0.05,200,20260905,True
2016H2-E,all,20260911,abs_log_oe,tabpfn - scorecard,True,0.27767440571500573,0.27522801678057174,0.2803957568252338,0.0013738681362232194,0.05,200,20260905,True
2016H2-E,all,20260911,abs_log_oe,tabicl - scorecard,True,0.1841698558510308,0.1817656397927175,0.18700804933788656,0.0014107231500462643,0.05,200,20260905,True
2016H2-E,all,20260911,abs_log_oe,tabicl@t1 - scorecard,True,-0.16425702063495878,-0.1664657494687757,-0.15480605578095152,0.003236833490989742,0.05,200,20260905,True
2016H2-E,all,20260911,abs_log_oe,tabpfn@t1 - scorecard,True,-0.08232826845608088,-0.08431557709291387,-0.07993748515225095,0.001189070272715838,0.05,200,20260905,True
2016H2-E,all,20260911,abs_log_oe,gbm-50k - gbm,True,0.00427066557494199,0.002230234390660206,0.007072180359433904,0.0012617048761757559,0.05,200,20260905,True
2016H2-E,all,20260911,abs_log_oe,tabpfn - gbm,True,0.334247963606121,0.33215074597507827,0.33695661937598886,0.0011522382118065804,0.05,200,20260905,True
2016H2-E,all,20260911,abs_log_oe,tabicl - gbm,True,0.24074341374214608,0.23851284783079982,0.243235209175642,0.0012093912940143662,0.05,200,20260905,True
2016H2-E,all,20260911,abs_log_oe,tabicl@t1 - gbm,True,-0.1076834627438435,-0.10968168894453216,-0.09514062507913505,0.003259344824676592,0.05,200,20260905,True
2016H2-E,all,20260911,abs_log_oe,tabpfn@t1 - gbm,True,-0.02575471056496559,-0.027728660346087605,-0.023228202028379684,0.001158602781411437,0.05,200,20260905,True
2016H2-E,all,20260911,abs_log_oe,tabpfn - gbm-50k,True,0.32997729803117903,0.32767864468693053,0.3323692705169232,0.0012264048968786882,0.05,200,20260905,True
2016H2-E,all,20260911,abs_log_oe,tabicl - gbm-50k,True,0.2364727481672041,0.23399405521168826,0.23871588499498567,0.0012659313317901178,0.05,200,20260905,True
2016H2-E,all,20260911,abs_log_oe,tabicl@t1 - gbm-50k,True,-0.11195412831878548,-0.11395055808476892,-0.103121736879252,0.0031982609763053483,0.05,200,20260905,True
2016H2-E,all,20260911,abs_log_oe,tabpfn@t1 - gbm-50k,True,-0.030025376139907578,-0.03192525665865535,-0.02796226485914423,0.0010362247924409268,0.05,200,20260905,True
2016H2-E,all,20260911,abs_log_oe,tabicl - tabpfn,True,-0.09350454986397494,-0.09486549802578137,-0.09241104237121812,0.0006235045924232107,0.05,200,20260905,True
2016H2-E,all,20260911,abs_log_oe,tabicl@t1 - tabpfn,True,-0.4419314263499645,-0.4432588077220087,-0.4323544005589427,0.0029685867217238405,0.05,200,20260905,True
2016H2-E,all,20260911,abs_log_oe,tabpfn@t1 - tabpfn,True,-0.3600026741710866,-0.360599921249698,-0.35920717514755257,0.0003653279768316965,0.05,200,20260905,True
2016H2-E,all,20260911,abs_log_oe,tabicl@t1 - tabicl,True,-0.3484268764859896,-0.34906974034959737,-0.3391531803337275,0.0029498805213154407,0.05,200,20260905,True
2016H2-E,all,20260911,abs_log_oe,tabpfn@t1 - tabicl,True,-0.2664981243071117,-0.2677629794938469,-0.2649652668357502,0.0007311370308191917,0.05,200,20260905,True
2016H2-E,all,20260911,abs_log_oe,tabpfn@t1 - tabicl@t1,True,0.0819287521788779,0.07228911633783593,0.0830702537958344,0.0029822437409117177,0.05,200,20260905,True
2016H2-E,all,20260911,cox_slope_deviation,scorecard,False,0.08612765855967228,0.048850680211066866,0.13292050922271376,0.025837990800249264,0.05,200,20260905,
2016H2-E,all,20260911,cox_slope_deviation,gbm,False,0.05204215395695853,0.034625929707732116,0.10295670348937869,0.018934365891035122,0.05,200,20260905,
2016H2-E,all,20260911,cox_slope_deviation,gbm-50k,False,0.10996403985604297,0.05824943880772327,0.1629229864790934,0.02641377841168953,0.05,200,20260905,
2016H2-E,all,20260911,cox_slope_deviation,tabpfn,False,0.06621800638176942,0.04708875040247659,0.11433861770781163,0.017784153567967732,0.05,200,20260905,
2016H2-E,all,20260911,cox_slope_deviation,tabicl,False,0.10583967767474896,0.06821557386949587,0.14903907732699692,0.021312249010968315,0.05,200,20260905,
2016H2-E,all,20260911,cox_slope_deviation,tabicl@t1,False,0.04402701500840296,0.03315537172143169,0.10199943295645451,0.018063513537716843,0.05,200,20260905,
2016H2-E,all,20260911,cox_slope_deviation,tabpfn@t1,False,0.06549480324116848,0.03552844309341309,0.12560726500658523,0.02390274889427742,0.05,200,20260905,
2016H2-E,all,20260911,cox_slope_deviation,gbm - scorecard,True,-0.03408550460271375,-0.057772039744245385,0.013095245724895057,0.019602278088824247,0.05,200,20260905,False
2016H2-E,all,20260911,cox_slope_deviation,gbm-50k - scorecard,True,0.023836381296370696,-0.008567998895937923,0.046114940259519684,0.013794866338186782,0.05,200,20260905,False
2016H2-E,all,20260911,cox_slope_deviation,tabpfn - scorecard,True,-0.01990965217790286,-0.07763987187388184,0.0512307319860571,0.03508103744560522,0.05,200,20260905,False
2016H2-E,all,20260911,cox_slope_deviation,tabicl - scorecard,True,0.01971201911507668,-0.061753318081545494,0.08691312813190817,0.04107569235623049,0.05,200,20260905,False
2016H2-E,all,20260911,cox_slope_deviation,tabicl@t1 - scorecard,True,-0.042100643551269315,-0.05944029133714535,0.01190515116075315,0.01970046884667588,0.05,200,20260905,False
2016H2-E,all,20260911,cox_slope_deviation,tabpfn@t1 - scorecard,True,-0.0206328553185038,-0.04281107037403299,0.0029747248220685606,0.012381811730629208,0.05,200,20260905,False
2016H2-E,all,20260911,cox_slope_deviation,gbm-50k - gbm,True,0.057921885899084445,0.0017186978513949321,0.08112336714678466,0.02180588396886747,0.05,200,20260905,True
2016H2-E,all,20260911,cox_slope_deviation,tabpfn - gbm,True,0.01417585242481089,-0.03893232131635844,0.06892091454981909,0.02763544345995686,0.05,200,20260905,False
2016H2-E,all,20260911,cox_slope_deviation,tabicl - gbm,True,0.05379752371779043,-0.02202066417136797,0.10727708985107796,0.03322700683022262,0.05,200,20260905,False
2016H2-E,all,20260911,cox_slope_deviation,tabicl@t1 - gbm,True,-0.008015138948555565,-0.038066917838948444,0.028861309015576358,0.016668399707431995,0.05,200,20260905,False
2016H2-E,all,20260911,cox_slope_deviation,tabpfn@t1 - gbm,True,0.013452649284209951,-0.028603170432368086,0.0394007958743279,0.017681448907904764,0.05,200,20260905,False
2016H2-E,all,20260911,cox_slope_deviation,tabpfn - gbm-50k,True,-0.043746033474273555,-0.09692753624458655,0.04281879394709245,0.036716941422427735,0.05,200,20260905,False
2016H2-E,all,20260911,cox_slope_deviation,tabicl - gbm-50k,True,-0.004124362181294014,-0.08402417329624869,0.08211035821446999,0.042462361461051576,0.05,200,20260905,False
2016H2-E,all,20260911,cox_slope_deviation,tabicl@t1 - gbm-50k,True,-0.06593702484764001,-0.07622216009206222,-9.981513188959775e-05,0.0210188730493175,0.05,200,20260905,True
2016H2-E,all,20260911,cox_slope_deviation,tabpfn@t1 - gbm-50k,True,-0.044469236614874494,-0.06105682745224119,-0.01331786252806401,0.012077996069481902,0.05,200,20260905,True
2016H2-E,all,20260911,cox_slope_deviation,tabicl - tabpfn,True,0.03962167129297954,0.004921722728228965,0.04551611538355835,0.010268199882842149,0.05,200,20260905,True
2016H2-E,all,20260911,cox_slope_deviation,tabicl@t1 - tabpfn,True,-0.022190991373366456,-0.0535423943134028,0.031249352196408724,0.021775247528012104,0.05,200,20260905,False
2016H2-E,all,20260911,cox_slope_deviation,tabpfn@t1 - tabpfn,True,-0.0007232031406009393,-0.06352875712021969,0.057512024067822,0.03305615849397074,0.05,200,20260905,False
2016H2-E,all,20260911,cox_slope_deviation,tabicl@t1 - tabicl,True,-0.061812662666346,-0.09265385980480784,0.01863908955327383,0.028790104189516868,0.05,200,20260905,False
2016H2-E,all,20260911,cox_slope_deviation,tabpfn@t1 - tabicl,True,-0.04034487443358048,-0.10387825482390238,0.05137286858414882,0.039463527129001266,0.05,200,20260905,False
2016H2-E,all,20260911,cox_slope_deviation,tabpfn@t1 - tabicl@t1,True,0.021467788232765517,-0.024127963342664618,0.03298259259342541,0.015507943816872271,0.05,200,20260905,False
2016H2-E,all,20260911,psi,scorecard,False,0.03896318293691694,0.0368639282376006,0.041741547483851706,0.0013027821039756427,0.05,200,20260905,
2016H2-E,all,20260911,psi,gbm,False,0.01625698934719535,0.015161604253217054,0.018578731799702868,0.0008967128436698568,0.05,200,20260905,
2016H2-E,all,20260911,psi,gbm-50k,False,0.022816673226204398,0.021532306756289345,0.025239110407964817,0.001007459092524219,0.05,200,20260905,
2016H2-E,all,20260911,psi,tabpfn,False,0.00941150981331638,0.008943685546525734,0.011357076046863783,0.0006134280746094923,0.05,200,20260905,
2016H2-E,all,20260911,psi,tabicl,False,0.0116929318104596,0.01091631528663397,0.013797580693337424,0.000704154807909732,0.05,200,20260905,
2016H2-E,all,20260911,psi,tabicl@t1,False,0.0116929318104596,0.01091631528663397,0.013797580693337424,0.000704154807909732,0.05,200,20260905,
2016H2-E,all,20260911,psi,tabpfn@t1,False,0.009430918439047748,0.008948915083764112,0.011373727111406818,0.0006134700459844961,0.05,200,20260905,
2016H2-E,all,20260911,psi,gbm - scorecard,True,-0.02270619358972159,-0.024209965437658628,-0.020915726167480157,0.000856050507708487,0.05,200,20260905,True
2016H2-E,all,20260911,psi,gbm-50k - scorecard,True,-0.01614650971071254,-0.01785820447849215,-0.014172775751755202,0.0009286436163057345,0.05,200,20260905,True
2016H2-E,all,20260911,psi,tabpfn - scorecard,True,-0.02955167312360056,-0.03136697725125246,-0.027351097424403198,0.0011092955737050062,0.05,200,20260905,True
2016H2-E,all,20260911,psi,tabicl - scorecard,True,-0.02727025112645734,-0.029784973113882365,-0.024058584806733344,0.0015429627577057074,0.05,200,20260905,True
2016H2-E,all,20260911,psi,tabicl@t1 - scorecard,True,-0.02727025112645734,-0.029784973113882365,-0.024058584806733344,0.0015429627577057074,0.05,200,20260905,True
2016H2-E,all,20260911,psi,tabpfn@t1 - scorecard,True,-0.029532264497869193,-0.03133329270373863,-0.027347809124083054,0.0011106981451238205,0.05,200,20260905,True
2016H2-E,all,20260911,psi,gbm-50k - gbm,True,0.00655968387900905,0.00507420527003239,0.007924005537159263,0.000719017304635266,0.05,200,20260905,True
2016H2-E,all,20260911,psi,tabpfn - gbm,True,-0.006845479533878969,-0.008121710981486754,-0.005673598552114003,0.0006595756589389193,0.05,200,20260905,True
2016H2-E,all,20260911,psi,tabicl - gbm,True,-0.004564057536735748,-0.006609596505884944,-0.0020976190612656794,0.0011221143432658459,0.05,200,20260905,True
2016H2-E,all,20260911,psi,tabicl@t1 - gbm,True,-0.004564057536735748,-0.006609596505884944,-0.0020976190612656794,0.0011221143432658459,0.05,200,20260905,True
2016H2-E,all,20260911,psi,tabpfn@t1 - gbm,True,-0.006826070908147601,-0.008115865449470717,-0.005624643662593691,0.0006611503020706419,0.05,200,20260905,True
2016H2-E,all,20260911,psi,tabpfn - gbm-50k,True,-0.013405163412888018,-0.014875406572719721,-0.01201849231311076,0.0007514479979980431,0.05,200,20260905,True
2016H2-E,all,20260911,psi,tabicl - gbm-50k,True,-0.011123741415744797,-0.01342071207860862,-0.008895467236760208,0.0011130092116723243,0.05,200,20260905,True
2016H2-E,all,20260911,psi,tabicl@t1 - gbm-50k,True,-0.011123741415744797,-0.01342071207860862,-0.008895467236760208,0.0011130092116723243,0.05,200,20260905,True
2016H2-E,all,20260911,psi,tabpfn@t1 - gbm-50k,True,-0.01338575478715665,-0.01485635826761887,-0.01200195044939127,0.0007513532605091577,0.05,200,20260905,True
2016H2-E,all,20260911,psi,tabicl - tabpfn,True,0.002281421997143221,0.0008168580929901071,0.0037932558039037684,0.0007060133999042686,0.05,200,20260905,True
2016H2-E,all,20260911,psi,tabicl@t1 - tabpfn,True,0.002281421997143221,0.0008168580929901071,0.0037932558039037684,0.0007060133999042686,0.05,200,20260905,True
2016H2-E,all,20260911,psi,tabpfn@t1 - tabpfn,True,1.9408625731368034e-05,-1.5270396312510974e-05,4.9766311352942605e-05,1.713570600468817e-05,0.05,200,20260905,False
2016H2-E,all,20260911,psi,tabicl@t1 - tabicl,True,0.0,0.0,0.0,0.0,0.05,200,20260905,False
2016H2-E,all,20260911,psi,tabpfn@t1 - tabicl,True,-0.002262013371411853,-0.0037748522880329018,-0.0008179945735698033,0.0007060842125466689,0.05,200,20260905,True
2016H2-E,all,20260911,psi,tabpfn@t1 - tabicl@t1,True,-0.002262013371411853,-0.0037748522880329018,-0.0008179945735698033,0.0007060842125466689,0.05,200,20260905,True
2016H2-E,all,20260912,gini,scorecard,False,0.41324592906489965,0.39395907350642206,0.4318710605205234,0.009492114021063274,0.05,200,20260905,
2016H2-E,all,20260912,gini,gbm,False,0.4438596168657309,0.42487691088656987,0.4617338005997088,0.009135161748031827,0.05,200,20260905,
2016H2-E,all,20260912,gini,gbm-50k,False,0.40540290285423064,0.3867934295576879,0.4234115432408529,0.009558015469270133,0.05,200,20260905,
2016H2-E,all,20260912,gini,tabpfn,False,0.4289612591016022,0.4104781399991478,0.4472813803135712,0.009105492776190171,0.05,200,20260905,
2016H2-E,all,20260912,gini,tabicl,False,0.4310036062252355,0.41276617473288935,0.44918988481871236,0.0092260193988927,0.05,200,20260905,
2016H2-E,all,20260912,gini,tabicl@t1,False,0.4310036062252355,0.41276617473288935,0.44918988481871236,0.0092260193988927,0.05,200,20260905,
2016H2-E,all,20260912,gini,tabpfn@t1,False,0.4289645108448058,0.4104670905630157,0.4472863986144798,0.009105845722695103,0.05,200,20260905,
2016H2-E,all,20260912,gini,gbm - scorecard,True,0.030613687800831235,0.021984438534456578,0.03889698247140342,0.004228696978739774,0.05,200,20260905,True
2016H2-E,all,20260912,gini,gbm-50k - scorecard,True,-0.007843026210669013,-0.015322201892930952,-0.0006012925870809756,0.003999708684424892,0.05,200,20260905,True
2016H2-E,all,20260912,gini,tabpfn - scorecard,True,0.015715330036702557,0.008525555819266473,0.022401837112730826,0.003838962970229712,0.05,200,20260905,True
2016H2-E,all,20260912,gini,tabicl - scorecard,True,0.017757677160335827,0.011361042962988836,0.024660416222405324,0.0038043757729639164,0.05,200,20260905,True
2016H2-E,all,20260912,gini,tabicl@t1 - scorecard,True,0.017757677160335827,0.011361042962988836,0.024660416222405324,0.0038043757729639164,0.05,200,20260905,True
2016H2-E,all,20260912,gini,tabpfn@t1 - scorecard,True,0.01571858177990615,0.008517173752482041,0.02241407560618841,0.0038386840200590783,0.05,200,20260905,True
2016H2-E,all,20260912,gini,gbm-50k - gbm,True,-0.03845671401150025,-0.04621029249716665,-0.03160295680931722,0.003930109534994593,0.05,200,20260905,True
2016H2-E,all,20260912,gini,tabpfn - gbm,True,-0.014898357764128678,-0.022734236360605342,-0.00895263748631209,0.003639872572552068,0.05,200,20260905,True
2016H2-E,all,20260912,gini,tabicl - gbm,True,-0.012856010640495408,-0.019631051296274654,-0.006259876702946713,0.003615787303569835,0.05,200,20260905,True
2016H2-E,all,20260912,gini,tabicl@t1 - gbm,True,-0.012856010640495408,-0.019631051296274654,-0.006259876702946713,0.003615787303569835,0.05,200,20260905,True
2016H2-E,all,20260912,gini,tabpfn@t1 - gbm,True,-0.014895106020925086,-0.02271930503192815,-0.008954619161898877,0.003641184175324399,0.05,200,20260905,True
2016H2-E,all,20260912,gini,tabpfn - gbm-50k,True,0.02355835624737157,0.01753005076064171,0.02978090539189311,0.003317546593270487,0.05,200,20260905,True
2016H2-E,all,20260912,gini,tabicl - gbm-50k,True,0.02560070337100484,0.01972903208881269,0.031624830944340314,0.003129804169175428,0.05,200,20260905,True
2016H2-E,all,20260912,gini,tabicl@t1 - gbm-50k,True,0.02560070337100484,0.01972903208881269,0.031624830944340314,0.003129804169175428,0.05,200,20260905,True
2016H2-E,all,20260912,gini,tabpfn@t1 - gbm-50k,True,0.023561607990575162,0.017533007618339657,0.02978126600814164,0.0033176449533378533,0.05,200,20260905,True
2016H2-E,all,20260912,gini,tabicl - tabpfn,True,0.00204234712363327,-0.0013938674831122445,0.005679051077357033,0.0018013712315160962,0.05,200,20260905,False
2016H2-E,all,20260912,gini,tabicl@t1 - tabpfn,True,0.00204234712363327,-0.0013938674831122445,0.005679051077357033,0.0018013712315160962,0.05,200,20260905,False
2016H2-E,all,20260912,gini,tabpfn@t1 - tabpfn,True,3.2517432035916727e-06,-1.4080857696230352e-05,1.8582314875463525e-05,9.035879165949528e-06,0.05,200,20260905,False
2016H2-E,all,20260912,gini,tabicl@t1 - tabicl,True,0.0,0.0,0.0,0.0,0.05,200,20260905,False
2016H2-E,all,20260912,gini,tabpfn@t1 - tabicl,True,-0.0020390953804296785,-0.005664031065490106,0.0013943198558751485,0.0018014705439743368,0.05,200,20260905,False
2016H2-E,all,20260912,gini,tabpfn@t1 - tabicl@t1,True,-0.0020390953804296785,-0.005664031065490106,0.0013943198558751485,0.0018014705439743368,0.05,200,20260905,False
2016H2-E,all,20260912,abs_log_oe,scorecard,False,0.3411968335901842,0.3053241240544699,0.3730737285912747,0.017742559550484177,0.05,200,20260905,
2016H2-E,all,20260912,abs_log_oe,gbm,False,0.2846232756990689,0.25071262786097687,0.318185297741668,0.01777469242749357,0.05,200,20260905,
2016H2-E,all,20260912,abs_log_oe,gbm-50k,False,0.3286790745495365,0.2945704396373835,0.3606175500402625,0.017701775109376573,0.05,200,20260905,
2016H2-E,all,20260912,abs_log_oe,tabpfn,False,0.6690788628223382,0.63385438453293,0.702273899710552,0.017851743306944508,0.05,200,20260905,
2016H2-E,all,20260912,abs_log_oe,tabicl,False,0.5715181532440592,0.5361449651320194,0.6037157806490547,0.01786295050754838,0.05,200,20260905,
2016H2-E,all,20260912,abs_log_oe,tabicl@t1,False,0.22068323223022576,0.18534201156914987,0.253071028461579,0.01778386263202014,0.05,200,20260905,
2016H2-E,all,20260912,abs_log_oe,tabpfn@t1,False,0.30623220016003716,0.27102423455201785,0.3396198037521789,0.017852715265004246,0.05,200,20260905,
2016H2-E,all,20260912,abs_log_oe,gbm - scorecard,True,-0.05657355789111529,-0.0593290339731384,-0.05377788486508754,0.0014624855449560572,0.05,200,20260905,True
2016H2-E,all,20260912,abs_log_oe,gbm-50k - scorecard,True,-0.012517759040647725,-0.01549652851131177,-0.009947796117773827,0.0014149417730490053,0.05,200,20260905,True
2016H2-E,all,20260912,abs_log_oe,tabpfn - scorecard,True,0.327882029232154,0.32468658835545827,0.33131470654918893,0.0015585493417055803,0.05,200,20260905,True
2016H2-E,all,20260912,abs_log_oe,tabicl - scorecard,True,0.23032131965387498,0.2274163638863825,0.23378563369889754,0.0015742244179971785,0.05,200,20260905,True
2016H2-E,all,20260912,abs_log_oe,tabicl@t1 - scorecard,True,-0.12051360135995845,-0.12277789549448641,-0.11744200279437332,0.0013328805903174998,0.05,200,20260905,True
2016H2-E,all,20260912,abs_log_oe,tabpfn@t1 - scorecard,True,-0.03496463343014705,-0.03744454178903007,-0.03215740128186089,0.001282477894089568,0.05,200,20260905,True
2016H2-E,all,20260912,abs_log_oe,gbm-50k - gbm,True,0.044055798850467565,0.04129676166306101,0.046796700087385276,0.0014577059530655324,0.05,200,20260905,True
2016H2-E,all,20260912,abs_log_oe,tabpfn - gbm,True,0.38445558712326927,0.3820852863713129,0.3863967762687387,0.0012018314499674591,0.05,200,20260905,True
2016H2-E,all,20260912,abs_log_oe,tabicl - gbm,True,0.28689487754499027,0.2844113098406172,0.2893702886812634,0.0013369672896108606,0.05,200,20260905,True
2016H2-E,all,20260912,abs_log_oe,tabicl@t1 - gbm,True,-0.06394004346884316,-0.06611970872926477,-0.06152417982416076,0.0012481948251602958,0.05,200,20260905,True
2016H2-E,all,20260912,abs_log_oe,tabpfn@t1 - gbm,True,0.021608924460968237,0.01925595071509363,0.023508320574487523,0.0011018834244181017,0.05,200,20260905,True
2016H2-E,all,20260912,abs_log_oe,tabpfn - gbm-50k,True,0.3403997882728017,0.33765140515516945,0.3434019845161874,0.0014266202750309188,0.05,200,20260905,True
2016H2-E,all,20260912,abs_log_oe,tabicl - gbm-50k,True,0.2428390786945227,0.24050312788124498,0.24562516982401064,0.0013047363725961064,0.05,200,20260905,True
2016H2-E,all,20260912,abs_log_oe,tabicl@t1 - gbm-50k,True,-0.10799584231931073,-0.10996038972078541,-0.10516447105196884,0.0012000210186412276,0.05,200,20260905,True
2016H2-E,all,20260912,abs_log_oe,tabpfn@t1 - gbm-50k,True,-0.022446874389499327,-0.02469079334666748,-0.020007008766252832,0.0012659552396465682,0.05,200,20260905,True
2016H2-E,all,20260912,abs_log_oe,tabicl - tabpfn,True,-0.097560709578279,-0.09903036698300698,-0.09609809848034762,0.0008063855706185902,0.05,200,20260905,True
2016H2-E,all,20260912,abs_log_oe,tabicl@t1 - tabpfn,True,-0.4483956305921124,-0.44995856530719214,-0.4466538657845547,0.0008218112532278047,0.05,200,20260905,True
2016H2-E,all,20260912,abs_log_oe,tabpfn@t1 - tabpfn,True,-0.36284666266230103,-0.36359698717659417,-0.3619376627296999,0.0004263349980791296,0.05,200,20260905,True
2016H2-E,all,20260912,abs_log_oe,tabicl@t1 - tabicl,True,-0.3508349210138334,-0.35155049970556473,-0.34984448953318764,0.00048754419989054646,0.05,200,20260905,True
2016H2-E,all,20260912,abs_log_oe,tabpfn@t1 - tabicl,True,-0.26528595308402203,-0.2668469242246541,-0.2636136726513305,0.000879156318843344,0.05,200,20260905,True
2016H2-E,all,20260912,abs_log_oe,tabpfn@t1 - tabicl@t1,True,0.0855489679298114,0.0843131614432794,0.0868054725605124,0.000709089593037706,0.05,200,20260905,True
2016H2-E,all,20260912,cox_slope_deviation,scorecard,False,0.08612765855967228,0.048850680211066866,0.13292050922271376,0.025837990800249264,0.05,200,20260905,
2016H2-E,all,20260912,cox_slope_deviation,gbm,False,0.05204215395695853,0.034625929707732116,0.10295670348937869,0.018934365891035122,0.05,200,20260905,
2016H2-E,all,20260912,cox_slope_deviation,gbm-50k,False,0.09395768244886253,0.06168156392841044,0.14205586076762514,0.021143163124933348,0.05,200,20260905,
2016H2-E,all,20260912,cox_slope_deviation,tabpfn,False,0.14092888284668037,0.10021430860395875,0.18622016978653314,0.02231572538234005,0.05,200,20260905,
2016H2-E,all,20260912,cox_slope_deviation,tabicl,False,0.16576721464513286,0.1220770869348873,0.20923710557871578,0.02252296202825044,0.05,200,20260905,
2016H2-E,all,20260912,cox_slope_deviation,tabicl@t1,False,0.07307468293903725,0.05265650184884634,0.12874968427006178,0.020309599656508536,0.05,200,20260905,
2016H2-E,all,20260912,cox_slope_deviation,tabpfn@t1,False,0.047856876517085964,0.04026337569576254,0.1074014413885341,0.017984361442561474,0.05,200,20260905,
2016H2-E,all,20260912,cox_slope_deviation,gbm - scorecard,True,-0.03408550460271375,-0.057772039744245385,0.013095245724895057,0.019602278088824247,0.05,200,20260905,False
2016H2-E,all,20260912,cox_slope_deviation,gbm-50k - scorecard,True,0.007830023889190255,-0.06360395138909482,0.08124909596845348,0.0398451545747528,0.05,200,20260905,False
2016H2-E,all,20260912,cox_slope_deviation,tabpfn - scorecard,True,0.05480122428700809,-0.029299197721936395,0.1301139294611493,0.0425037827230294,0.05,200,20260905,False
2016H2-E,all,20260912,cox_slope_deviation,tabicl - scorecard,True,0.07963955608546058,-0.0064551100287054955,0.15411628972003238,0.04277050560420784,0.05,200,20260905,False
2016H2-E,all,20260912,cox_slope_deviation,tabicl@t1 - scorecard,True,-0.013052975620635024,-0.07524968325736524,0.06671160219185843,0.037489004820515585,0.05,200,20260905,False
2016H2-E,all,20260912,cox_slope_deviation,tabpfn@t1 - scorecard,True,-0.03827078204258631,-0.07217790652522156,0.042965711967930205,0.030859039211558425,0.05,200,20260905,False
2016H2-E,all,20260912,cox_slope_deviation,gbm-50k - gbm,True,0.041915528491904004,-0.029977536142142287,0.09845001666542146,0.032941447485688946,0.05,200,20260905,False
2016H2-E,all,20260912,cox_slope_deviation,tabpfn - gbm,True,0.08888672888972185,0.005787912218053771,0.14451463792671962,0.03510791282343203,0.05,200,20260905,True
2016H2-E,all,20260912,cox_slope_deviation,tabicl - gbm,True,0.11372506068817434,0.032622159881237206,0.16610422544105496,0.03545907760518727,0.05,200,20260905,True
2016H2-E,all,20260912,cox_slope_deviation,tabicl@t1 - gbm,True,0.021032528982078726,-0.03486186013905874,0.07848643920960413,0.029296145343623955,0.05,200,20260905,False
2016H2-E,all,20260912,cox_slope_deviation,tabpfn@t1 - gbm,True,-0.004185277439872563,-0.0350516580468765,0.05353650547093777,0.02329784743855307,0.05,200,20260905,False
2016H2-E,all,20260912,cox_slope_deviation,tabpfn - gbm-50k,True,0.04697120039781784,0.01912015159314715,0.05942260315337262,0.010924600427423468,0.05,200,20260905,True
2016H2-E,all,20260912,cox_slope_deviation,tabicl - gbm-50k,True,0.07180953219627033,0.04220989620015659,0.08430363789381194,0.011030089503773897,0.05,200,20260905,True
2016H2-E,all,20260912,cox_slope_deviation,tabicl@t1 - gbm-50k,True,-0.02088299950982528,-0.035506095892810986,0.010853839722261479,0.012012899069601818,0.05,200,20260905,False
2016H2-E,all,20260912,cox_slope_deviation,tabpfn@t1 - gbm-50k,True,-0.04610080593177657,-0.06111252556159378,0.004011615983485361,0.01691630352243563,0.05,200,20260905,False
2016H2-E,all,20260912,cox_slope_deviation,tabicl - tabpfn,True,0.02483833179845249,0.01660387023534468,0.03262804541832406,0.004510789692095403,0.05,200,20260905,True
2016H2-E,all,20260912,cox_slope_deviation,tabicl@t1 - tabpfn,True,-0.06785419990764312,-0.07177789442990044,-0.02451003918973861,0.013859244512016878,0.05,200,20260905,True
2016H2-E,all,20260912,cox_slope_deviation,tabpfn@t1 - tabpfn,True,-0.0930720063295944,-0.0943281467572949,-0.025746735902447058,0.019622159649300638,0.05,200,20260905,True
2016H2-E,all,20260912,cox_slope_deviation,tabicl@t1 - tabicl,True,-0.09269253170609561,-0.09329220592614072,-0.0481754438967133,0.014323888918065924,0.05,200,20260905,True
2016H2-E,all,20260912,cox_slope_deviation,tabpfn@t1 - tabicl,True,-0.1179103381280469,-0.12314918065889238,-0.04916162158094872,0.020529279140840184,0.05,200,20260905,True
2016H2-E,all,20260912,cox_slope_deviation,tabpfn@t1 - tabicl@t1,True,-0.02521780642195129,-0.033542262494608024,0.009012337092335114,0.010813112966136748,0.05,200,20260905,False
2016H2-E,all,20260912,psi,scorecard,False,0.03896318293691694,0.0368639282376006,0.041741547483851706,0.0013027821039756427,0.05,200,20260905,
2016H2-E,all,20260912,psi,gbm,False,0.01625698934719535,0.015161604253217054,0.018578731799702868,0.0008967128436698568,0.05,200,20260905,
2016H2-E,all,20260912,psi,gbm-50k,False,0.0156193416083576,0.014510042395478201,0.017504947622626804,0.0007793650919685325,0.05,200,20260905,
2016H2-E,all,20260912,psi,tabpfn,False,0.00821406448422759,0.007716829405220737,0.009890185028820163,0.00061012424299039,0.05,200,20260905,
2016H2-E,all,20260912,psi,tabicl,False,0.010274759286144675,0.009514141750555776,0.012068013233584148,0.0006188588917304063,0.05,200,20260905,
2016H2-E,all,20260912,psi,tabicl@t1,False,0.010274759286144675,0.009514141750555776,0.012068013233584148,0.0006188588917304063,0.05,200,20260905,
2016H2-E,all,20260912,psi,tabpfn@t1,False,0.008246161028493498,0.0077529015946930175,0.009908770725419604,0.000611042964104424,0.05,200,20260905,
2016H2-E,all,20260912,psi,gbm - scorecard,True,-0.02270619358972159,-0.024209965437658628,-0.020915726167480157,0.000856050507708487,0.05,200,20260905,True
2016H2-E,all,20260912,psi,gbm-50k - scorecard,True,-0.023343841328559337,-0.02485847235470761,-0.02136676427775995,0.0009242043969202989,0.05,200,20260905,True
2016H2-E,all,20260912,psi,tabpfn - scorecard,True,-0.03074911845268935,-0.03236814967172738,-0.028798644160350582,0.000999521427008323,0.05,200,20260905,True
2016H2-E,all,20260912,psi,tabicl - scorecard,True,-0.028688423650772264,-0.031077529690403085,-0.02572914708436675,0.0014250879606283744,0.05,200,20260905,True
2016H2-E,all,20260912,psi,tabicl@t1 - scorecard,True,-0.028688423650772264,-0.031077529690403085,-0.02572914708436675,0.0014250879606283744,0.05,200,20260905,True
2016H2-E,all,20260912,psi,tabpfn@t1 - scorecard,True,-0.03071702190842344,-0.03236199751941199,-0.028794345615332968,0.0010004370158547046,0.05,200,20260905,True
2016H2-E,all,20260912,psi,gbm-50k - gbm,True,-0.0006376477388377478,-0.0017254640470486492,0.0005722627529269744,0.0006041579935631003,0.05,200,20260905,False
2016H2-E,all,20260912,psi,tabpfn - gbm,True,-0.008042924862967758,-0.009050269750676704,-0.006928470968430158,0.0005837504510171563,0.05,200,20260905,True
2016H2-E,all,20260912,psi,tabicl - gbm,True,-0.005982230061050673,-0.007849915858230515,-0.003953111214395704,0.0010211605700976688,0.05,200,20260905,True
2016H2-E,all,20260912,psi,tabicl@t1 - gbm,True,-0.005982230061050673,-0.007849915858230515,-0.003953111214395704,0.0010211605700976688,0.05,200,20260905,True
2016H2-E,all,20260912,psi,tabpfn@t1 - gbm,True,-0.00801082831870185,-0.0089814180350656,-0.006908721476264395,0.0005830546598373134,0.05,200,20260905,True
2016H2-E,all,20260912,psi,tabpfn - gbm-50k,True,-0.00740527712413001,-0.008278831899888182,-0.00647062245905507,0.0004917764412246383,0.05,200,20260905,True
2016H2-E,all,20260912,psi,tabicl - gbm-50k,True,-0.005344582322212925,-0.006948952207365896,-0.0032620310935103664,0.0009389187847442273,0.05,200,20260905,True
2016H2-E,all,20260912,psi,tabicl@t1 - gbm-50k,True,-0.005344582322212925,-0.006948952207365896,-0.0032620310935103664,0.0009389187847442273,0.05,200,20260905,True
2016H2-E,all,20260912,psi,tabpfn@t1 - gbm-50k,True,-0.007373180579864103,-0.0082597268181064,-0.006406761254415866,0.0004918629950576058,0.05,200,20260905,True
2016H2-E,all,20260912,psi,tabicl - tabpfn,True,0.002060694801917085,0.0006395755442205877,0.003269391506919975,0.0007187723498950262,0.05,200,20260905,True
2016H2-E,all,20260912,psi,tabicl@t1 - tabpfn,True,0.002060694801917085,0.0006395755442205877,0.003269391506919975,0.0007187723498950262,0.05,200,20260905,True
2016H2-E,all,20260912,psi,tabpfn@t1 - tabpfn,True,3.2096544265907204e-05,-5.3151216820524185e-06,6.75586888923747e-05,1.9580406698978465e-05,0.05,200,20260905,False
2016H2-E,all,20260912,psi,tabicl@t1 - tabicl,True,0.0,0.0,0.0,0.0,0.05,200,20260905,False
2016H2-E,all,20260912,psi,tabpfn@t1 - tabicl,True,-0.0020285982576511777,-0.0032286753271863677,-0.0006003909286860198,0.0007178155206804594,0.05,200,20260905,True
2016H2-E,all,20260912,psi,tabpfn@t1 - tabicl@t1,True,-0.0020285982576511777,-0.0032286753271863677,-0.0006003909286860198,0.0007178155206804594,0.05,200,20260905,True
2016H2-E,all,20260913,gini,scorecard,False,0.41324592906489965,0.39395907350642206,0.4318710605205234,0.009492114021063274,0.05,200,20260905,
2016H2-E,all,20260913,gini,gbm,False,0.4438596168657309,0.42487691088656987,0.4617338005997088,0.009135161748031827,0.05,200,20260905,
2016H2-E,all,20260913,gini,gbm-50k,False,0.41545850045879773,0.3978626301413272,0.4309635590175975,0.009002254792684,0.05,200,20260905,
2016H2-E,all,20260913,gini,tabpfn,False,0.4422516691284312,0.4253530859214192,0.45641716184830106,0.008310592234756956,0.05,200,20260905,
2016H2-E,all,20260913,gini,tabicl,False,0.44223087708273773,0.42507236773984225,0.45832813015874785,0.008491638479963133,0.05,200,20260905,
2016H2-E,all,20260913,gini,tabicl@t1,False,0.44223087708273773,0.42507236773984225,0.45832813015874785,0.008491638479963133,0.05,200,20260905,
2016H2-E,all,20260913,gini,tabpfn@t1,False,0.44226721789949597,0.42536905727270735,0.4564306093893283,0.008310120152983155,0.05,200,20260905,
2016H2-E,all,20260913,gini,gbm - scorecard,True,0.030613687800831235,0.021984438534456578,0.03889698247140342,0.004228696978739774,0.05,200,20260905,True
2016H2-E,all,20260913,gini,gbm-50k - scorecard,True,0.0022125713938980773,-0.006848154113011065,0.012470482219785665,0.005175401890861542,0.05,200,20260905,False
2016H2-E,all,20260913,gini,tabpfn - scorecard,True,0.02900574006353157,0.020016363377479664,0.03749555174181598,0.004784693483207229,0.05,200,20260905,True
2016H2-E,all,20260913,gini,tabicl - scorecard,True,0.028984948017838075,0.02063715986739417,0.03789594488637668,0.00438508714997898,0.05,200,20260905,True
2016H2-E,all,20260913,gini,tabicl@t1 - scorecard,True,0.028984948017838075,0.02063715986739417,0.03789594488637668,0.00438508714997898,0.05,200,20260905,True
2016H2-E,all,20260913,gini,tabpfn@t1 - scorecard,True,0.029021288834596315,0.02004143024622075,0.03751214912061345,0.004783251542547857,0.05,200,20260905,True
2016H2-E,all,20260913,gini,gbm-50k - gbm,True,-0.028401116406933158,-0.036188026376284925,-0.01957107740225295,0.004362608640611205,0.05,200,20260905,True
2016H2-E,all,20260913,gini,tabpfn - gbm,True,-0.0016079477372996642,-0.00959413989090519,0.004918993408803597,0.003761808650867115,0.05,200,20260905,False
2016H2-E,all,20260913,gini,tabicl - gbm,True,-0.0016287397829931605,-0.009567513518724174,0.004744823585345675,0.0037357528144482573,0.05,200,20260905,False
2016H2-E,all,20260913,gini,tabicl@t1 - gbm,True,-0.0016287397829931605,-0.009567513518724174,0.004744823585345675,0.0037357528144482573,0.05,200,20260905,False
2016H2-E,all,20260913,gini,tabpfn@t1 - gbm,True,-0.0015923989662349203,-0.009566406991958385,0.0049276909717319295,0.0037617118227466447,0.05,200,20260905,False
2016H2-E,all,20260913,gini,tabpfn - gbm-50k,True,0.026793168669633494,0.01900664504568037,0.034782229267107646,0.004196927147121384,0.05,200,20260905,True
2016H2-E,all,20260913,gini,tabicl - gbm-50k,True,0.026772376623939997,0.018504062278236724,0.03521773094104269,0.004123657756366534,0.05,200,20260905,True
2016H2-E,all,20260913,gini,tabicl@t1 - gbm-50k,True,0.026772376623939997,0.018504062278236724,0.03521773094104269,0.004123657756366534,0.05,200,20260905,True
2016H2-E,all,20260913,gini,tabpfn@t1 - gbm-50k,True,0.026808717440698238,0.019021847295552053,0.034821340899187564,0.004195902841221877,0.05,200,20260905,True
2016H2-E,all,20260913,gini,tabicl - tabpfn,True,-2.079204569349624e-05,-0.005000729321686879,0.004756013246245202,0.00238916332381402,0.05,200,20260905,False
2016H2-E,all,20260913,gini,tabicl@t1 - tabpfn,True,-2.079204569349624e-05,-0.005000729321686879,0.004756013246245202,0.00238916332381402,0.05,200,20260905,False
2016H2-E,all,20260913,gini,tabpfn@t1 - tabpfn,True,1.554877106474395e-05,-9.103224425238698e-06,3.570063592979735e-05,1.1118429214281744e-05,0.05,200,20260905,False
2016H2-E,all,20260913,gini,tabicl@t1 - tabicl,True,0.0,0.0,0.0,0.0,0.05,200,20260905,False
2016H2-E,all,20260913,gini,tabpfn@t1 - tabicl,True,3.634081675824019e-05,-0.0047298726991108556,0.0050158468086603444,0.0023871566695321113,0.05,200,20260905,False
2016H2-E,all,20260913,gini,tabpfn@t1 - tabicl@t1,True,3.634081675824019e-05,-0.0047298726991108556,0.0050158468086603444,0.0023871566695321113,0.05,200,20260905,False
2016H2-E,all,20260913,abs_log_oe,scorecard,False,0.3411968335901842,0.3053241240544699,0.3730737285912747,0.017742559550484177,0.05,200,20260905,
2016H2-E,all,20260913,abs_log_oe,gbm,False,0.2846232756990689,0.25071262786097687,0.318185297741668,0.01777469242749357,0.05,200,20260905,
2016H2-E,all,20260913,abs_log_oe,gbm-50k,False,0.2558129698778574,0.22257989509969023,0.288000232035142,0.017733398327304358,0.05,200,20260905,
2016H2-E,all,20260913,abs_log_oe,tabpfn,False,0.5996258467411406,0.5633776027560395,0.6329106093315329,0.017801808893746798,0.05,200,20260905,
2016H2-E,all,20260913,abs_log_oe,tabicl,False,0.513740240905065,0.4780421239470853,0.5468825136545732,0.01772651139451139,0.05,200,20260905,
2016H2-E,all,20260913,abs_log_oe,tabicl@t1,False,0.1670583718696103,0.13379027455280793,0.20030935242702158,0.016816197913483592,0.05,200,20260905,
2016H2-E,all,20260913,abs_log_oe,tabpfn@t1,False,0.24111709949048735,0.2052687154587574,0.2741924490416643,0.017819160506002754,0.05,200,20260905,
2016H2-E,all,20260913,abs_log_oe,gbm - scorecard,True,-0.05657355789111529,-0.0593290339731384,-0.05377788486508754,0.0014624855449560572,0.05,200,20260905,True
2016H2-E,all,20260913,abs_log_oe,gbm-50k - scorecard,True,-0.08538386371232681,-0.0882665738408372,-0.08250150683086316,0.0015533594421861978,0.05,200,20260905,True
2016H2-E,all,20260913,abs_log_oe,tabpfn - scorecard,True,0.2584290131509564,0.2544881402907934,0.26235769139212134,0.001993144267476403,0.05,200,20260905,True
2016H2-E,all,20260913,abs_log_oe,tabicl - scorecard,True,0.17254340731488077,0.16903246340134734,0.17582175178192563,0.0018735626840581379,0.05,200,20260905,True
2016H2-E,all,20260913,abs_log_oe,tabicl@t1 - scorecard,True,-0.1741384617205739,-0.1766387839822566,-0.16347838126262915,0.0037475832010644187,0.05,200,20260905,True
2016H2-E,all,20260913,abs_log_oe,tabpfn@t1 - scorecard,True,-0.10007973409969687,-0.10298507030658147,-0.0969315323320439,0.001642263827079356,0.05,200,20260905,True
2016H2-E,all,20260913,abs_log_oe,gbm-50k - gbm,True,-0.028810305821211524,-0.031856333026423156,-0.026296272449424174,0.0013136964625844727,0.05,200,20260905,True
2016H2-E,all,20260913,abs_log_oe,tabpfn - gbm,True,0.3150025710420717,0.311806921213852,0.3176356401293374,0.0014340760784332255,0.05,200,20260905,True
2016H2-E,all,20260913,abs_log_oe,tabicl - gbm,True,0.22911696520599606,0.22628657544613898,0.2317237790979926,0.0013702952049974093,0.05,200,20260905,True
2016H2-E,all,20260913,abs_log_oe,tabicl@t1 - gbm,True,-0.11756490382945861,-0.11987454846560934,-0.10454492984232382,0.003666043408605778,0.05,200,20260905,True
2016H2-E,all,20260913,abs_log_oe,tabpfn@t1 - gbm,True,-0.043506176208581576,-0.04626934596563735,-0.04121825714603514,0.0012396375114512971,0.05,200,20260905,True
2016H2-E,all,20260913,abs_log_oe,tabpfn - gbm-50k,True,0.3438128768632832,0.34098022091357627,0.3463556147276363,0.0014182853312260818,0.05,200,20260905,True
2016H2-E,all,20260913,abs_log_oe,tabicl - gbm-50k,True,0.2579272710272076,0.2553173436118259,0.26049329756586065,0.0014101173153782227,0.05,200,20260905,True
2016H2-E,all,20260913,abs_log_oe,tabicl@t1 - gbm-50k,True,-0.08875459800824709,-0.09064773315709515,-0.07602415254011322,0.003688904467645959,0.05,200,20260905,True
2016H2-E,all,20260913,abs_log_oe,tabpfn@t1 - gbm-50k,True,-0.014695870387370052,-0.01672947119885893,-0.012777396368076637,0.0011137722918135614,0.05,200,20260905,True
2016H2-E,all,20260913,abs_log_oe,tabicl - tabpfn,True,-0.08588560583607563,-0.08719173384888422,-0.08441862183747918,0.0007362811084161587,0.05,200,20260905,True
2016H2-E,all,20260913,abs_log_oe,tabicl@t1 - tabpfn,True,-0.4325674748715303,-0.43411583600387127,-0.41952408107609973,0.00358098579070594,0.05,200,20260905,True
2016H2-E,all,20260913,abs_log_oe,tabpfn@t1 - tabpfn,True,-0.3585087472506533,-0.3594696618355865,-0.35752149974352154,0.0005054341314817128,0.05,200,20260905,True
2016H2-E,all,20260913,abs_log_oe,tabicl@t1 - tabicl,True,-0.34668186903545467,-0.3476192135128188,-0.3332961861692267,0.003551171056354438,0.05,200,20260905,True
2016H2-E,all,20260913,abs_log_oe,tabpfn@t1 - tabicl,True,-0.27262314141457766,-0.27400572219728503,-0.27101532525743155,0.0008450303309642873,0.05,200,20260905,True
2016H2-E,all,20260913,abs_log_oe,tabpfn@t1 - tabicl@t1,True,0.07405872762087704,0.06122040568074498,0.07521289164616679,0.0035524408233434408,0.05,200,20260905,True
2016H2-E,all,20260913,cox_slope_deviation,scorecard,False,0.08612765855967228,0.048850680211066866,0.13292050922271376,0.025837990800249264,0.05,200,20260905,
2016H2-E,all,20260913,cox_slope_deviation,gbm,False,0.05204215395695853,0.034625929707732116,0.10295670348937869,0.018934365891035122,0.05,200,20260905,
2016H2-E,all,20260913,cox_slope_deviation,gbm-50k,False,0.07801827852688197,0.048684459829035916,0.13263423507068728,0.021594795948491747,0.05,200,20260905,
2016H2-E,all,20260913,cox_slope_deviation,tabpfn,False,0.04981052524340703,0.0323612146167694,0.096363738404171,0.016789789386142295,0.05,200,20260905,
2016H2-E,all,20260913,cox_slope_deviation,tabicl,False,0.08623223539391418,0.06173110729221268,0.1276799494260706,0.01843406600502184,0.05,200,20260905,
2016H2-E,all,20260913,cox_slope_deviation,tabicl@t1,False,0.038521282743372076,0.026592355943401695,0.08925869017052973,0.016193894054544983,0.05,200,20260905,
2016H2-E,all,20260913,cox_slope_deviation,tabpfn@t1,False,0.06599907162820311,0.04214017170077196,0.11812013921543438,0.018826979074528606,0.05,200,20260905,
2016H2-E,all,20260913,cox_slope_deviation,gbm - scorecard,True,-0.03408550460271375,-0.057772039744245385,0.013095245724895057,0.019602278088824247,0.05,200,20260905,False
2016H2-E,all,20260913,cox_slope_deviation,gbm-50k - scorecard,True,-0.008109380032790311,-0.03584642285578184,0.03512719674186171,0.019792805261291995,0.05,200,20260905,False
2016H2-E,all,20260913,cox_slope_deviation,tabpfn - scorecard,True,-0.036317133316265245,-0.09066874270607597,0.02900447603440038,0.031705279673429086,0.05,200,20260905,False
2016H2-E,all,20260913,cox_slope_deviation,tabicl - scorecard,True,0.00010457683424190678,-0.06322167367874988,0.06721892186361707,0.03685948551964531,0.05,200,20260905,False
2016H2-E,all,20260913,cox_slope_deviation,tabicl@t1 - scorecard,True,-0.0476063758163002,-0.07585226947850666,0.009635171957072185,0.024011979954074163,0.05,200,20260905,False
2016H2-E,all,20260913,cox_slope_deviation,tabpfn@t1 - scorecard,True,-0.02012858693146917,-0.047215881266213774,0.028287921458706212,0.019819221989223874,0.05,200,20260905,False
2016H2-E,all,20260913,cox_slope_deviation,gbm-50k - gbm,True,0.025976124569923438,-0.010787024644401436,0.05024976289278921,0.017888905735566712,0.05,200,20260905,False
2016H2-E,all,20260913,cox_slope_deviation,tabpfn - gbm,True,-0.002231628713551495,-0.04527268021016045,0.039796495038763494,0.02256069376785051,0.05,200,20260905,False
2016H2-E,all,20260913,cox_slope_deviation,tabicl - gbm,True,0.034190081436955656,-0.026408622515503286,0.08513462082526689,0.028466215333574903,0.05,200,20260905,False
2016H2-E,all,20260913,cox_slope_deviation,tabicl@t1 - gbm,True,-0.013520871213586451,-0.03124954284952003,0.019705169321337507,0.01373070563066464,0.05,200,20260905,False
2016H2-E,all,20260913,cox_slope_deviation,tabpfn@t1 - gbm,True,0.01395691767124458,-0.02207312008329067,0.0385606769140507,0.015768719721378024,0.05,200,20260905,False
2016H2-E,all,20260913,cox_slope_deviation,tabpfn - gbm-50k,True,-0.028207753283474933,-0.08513266073207068,0.026404113600999642,0.030203660057203777,0.05,200,20260905,False
2016H2-E,all,20260913,cox_slope_deviation,tabicl - gbm-50k,True,0.008213956867032218,-0.05836488592559201,0.06604389800513144,0.035470387104324624,0.05,200,20260905,False
2016H2-E,all,20260913,cox_slope_deviation,tabicl@t1 - gbm-50k,True,-0.03949699578350989,-0.06862304987277552,0.004015397680026749,0.019903740193413136,0.05,200,20260905,False
2016H2-E,all,20260913,cox_slope_deviation,tabpfn@t1 - gbm-50k,True,-0.012019206898678858,-0.0316701138781111,0.011619407364638252,0.01086746869168542,0.05,200,20260905,False
2016H2-E,all,20260913,cox_slope_deviation,tabicl - tabpfn,True,0.03642171015050715,0.00669079436328521,0.05108843561825445,0.011873570510255428,0.05,200,20260905,True
2016H2-E,all,20260913,cox_slope_deviation,tabicl@t1 - tabpfn,True,-0.011289242500034956,-0.03228920166809705,0.025606873815871393,0.016036516076140907,0.05,200,20260905,False
2016H2-E,all,20260913,cox_slope_deviation,tabpfn@t1 - tabpfn,True,0.016188546384796075,-0.03791832063511006,0.0641902806374237,0.027839547638477485,0.05,200,20260905,False
2016H2-E,all,20260913,cox_slope_deviation,tabicl@t1 - tabicl,True,-0.04771095265054211,-0.0779714490047051,0.009174116070634147,0.023127789852948697,0.05,200,20260905,False
2016H2-E,all,20260913,cox_slope_deviation,tabpfn@t1 - tabicl,True,-0.020233163765711076,-0.07668191883218288,0.04966311781225383,0.033355029316914676,0.05,200,20260905,False
2016H2-E,all,20260913,cox_slope_deviation,tabpfn@t1 - tabicl@t1,True,0.02747778888483103,-0.017216284435415903,0.048797136893818774,0.016753499168472578,0.05,200,20260905,False
2016H2-E,all,20260913,psi,scorecard,False,0.03896318293691694,0.0368639282376006,0.041741547483851706,0.0013027821039756427,0.05,200,20260905,
2016H2-E,all,20260913,psi,gbm,False,0.01625698934719535,0.015161604253217054,0.018578731799702868,0.0008967128436698568,0.05,200,20260905,
2016H2-E,all,20260913,psi,gbm-50k,False,0.008366001446073822,0.007739398404365268,0.009790853325750021,0.0005659362815010651,0.05,200,20260905,
2016H2-E,all,20260913,psi,tabpfn,False,0.006038106386465854,0.005642663910748885,0.0075051744864850795,0.0005157600891737653,0.05,200,20260905,
2016H2-E,all,20260913,psi,tabicl,False,0.008787114268441837,0.008214632770982899,0.010560946592758835,0.0005791491452141795,0.05,200,20260905,
2016H2-E,all,20260913,psi,tabicl@t1,False,0.008787114268441837,0.008214632770982899,0.010560946592758835,0.0005791491452141795,0.05,200,20260905,
2016H2-E,all,20260913,psi,tabpfn@t1,False,0.006079350476996065,0.005684556566573551,0.007565633644236034,0.0005168324316222488,0.05,200,20260905,
2016H2-E,all,20260913,psi,gbm - scorecard,True,-0.02270619358972159,-0.024209965437658628,-0.020915726167480157,0.000856050507708487,0.05,200,20260905,True
2016H2-E,all,20260913,psi,gbm-50k - scorecard,True,-0.030597181490843117,-0.03260502736546794,-0.028649812402145623,0.001065644602035447,0.05,200,20260905,True
2016H2-E,all,20260913,psi,tabpfn - scorecard,True,-0.032925076550451085,-0.034964392399381254,-0.030425664349964212,0.0011909440909509742,0.05,200,20260905,True
2016H2-E,all,20260913,psi,tabicl - scorecard,True,-0.030176068668475102,-0.03258714395649783,-0.0272447469653424,0.0014247127366614416,0.05,200,20260905,True
2016H2-E,all,20260913,psi,tabicl@t1 - scorecard,True,-0.030176068668475102,-0.03258714395649783,-0.0272447469653424,0.0014247127366614416,0.05,200,20260905,True
2016H2-E,all,20260913,psi,tabpfn@t1 - scorecard,True,-0.032883832459920874,-0.03493952897946136,-0.03039784375730535,0.0011887793308832748,0.05,200,20260905,True
2016H2-E,all,20260913,psi,gbm-50k - gbm,True,-0.007890987901121527,-0.009343122226441557,-0.006632697189461426,0.0007007153088432107,0.05,200,20260905,True
2016H2-E,all,20260913,psi,tabpfn - gbm,True,-0.010218882960729495,-0.011589237397863784,-0.008504479366773277,0.000780786634711691,0.05,200,20260905,True
2016H2-E,all,20260913,psi,tabicl - gbm,True,-0.0074698750787535115,-0.00952793831477979,-0.005525771694665919,0.0010430176957996393,0.05,200,20260905,True
2016H2-E,all,20260913,psi,tabicl@t1 - gbm,True,-0.0074698750787535115,-0.00952793831477979,-0.005525771694665919,0.0010430176957996393,0.05,200,20260905,True
2016H2-E,all,20260913,psi,tabpfn@t1 - gbm,True,-0.010177638870199283,-0.011532920698559282,-0.008457349309995966,0.0007791805412744289,0.05,200,20260905,True
2016H2-E,all,20260913,psi,tabpfn - gbm-50k,True,-0.002327895059607968,-0.003257906428495693,-0.001094160434265489,0.0005757876262815197,0.05,200,20260905,True
2016H2-E,all,20260913,psi,tabicl - gbm-50k,True,0.00042111282236801523,-0.0009572428910034931,0.0020849025328017455,0.0007843370180828686,0.05,200,20260905,False
2016H2-E,all,20260913,psi,tabicl@t1 - gbm-50k,True,0.00042111282236801523,-0.0009572428910034931,0.0020849025328017455,0.0007843370180828686,0.05,200,20260905,False
2016H2-E,all,20260913,psi,tabpfn@t1 - gbm-50k,True,-0.0022866509690777567,-0.0032210929397313674,-0.0010504675942621768,0.0005745276654154758,0.05,200,20260905,True
2016H2-E,all,20260913,psi,tabicl - tabpfn,True,0.002749007881975983,0.0016580165266365265,0.003598384006218923,0.0004959322551668884,0.05,200,20260905,True
2016H2-E,all,20260913,psi,tabicl@t1 - tabpfn,True,0.002749007881975983,0.0016580165266365265,0.003598384006218923,0.0004959322551668884,0.05,200,20260905,True
2016H2-E,all,20260913,psi,tabpfn@t1 - tabpfn,True,4.124409053021111e-05,1.822540238105728e-06,7.65434904822327e-05,1.872514929921001e-05,0.05,200,20260905,True
2016H2-E,all,20260913,psi,tabicl@t1 - tabicl,True,0.0,0.0,0.0,0.0,0.05,200,20260905,False
2016H2-E,all,20260913,psi,tabpfn@t1 - tabicl,True,-0.002707763791445772,-0.003551822312546308,-0.0016081219448911774,0.0004981752020866541,0.05,200,20260905,True
2016H2-E,all,20260913,psi,tabpfn@t1 - tabicl@t1,True,-0.002707763791445772,-0.003551822312546308,-0.0016081219448911774,0.0004981752020866541,0.05,200,20260905,True
