build_id,arm,model,context_seed,cohort,age_quarters,rows,defaults,metric,value,ci_lo,ci_hi,floor
2002H2-E,E,scorecard,,2003H1,1,24276,72,auc,0.8539503341963679,0.8070753125851731,0.9008253558075627,False
2002H2-E,E,scorecard,,2003H1,1,24276,72,gini,0.7079006683927358,0.6141506251703461,0.8016507116151255,False
2002H2-E,E,scorecard,,2003H1,1,24276,72,ks,0.6125709249159919,,,False
2002H2-E,E,scorecard,,2003H1,1,24276,72,brier,0.0029774844625170874,,,False
2002H2-E,E,scorecard,,2003H1,1,24276,72,brier_miscalibration,7.297898195713455e-05,,,False
2002H2-E,E,scorecard,,2003H1,1,24276,72,brier_discrimination,5.2590241913852594e-05,,,False
2002H2-E,E,scorecard,,2003H1,1,24276,72,brier_uncertainty,0.0029570957224738055,,,False
2002H2-E,E,scorecard,,2003H1,1,24276,72,observed_over_expected,0.4721252699906723,0.36952062927452056,0.5943348793322069,False
2002H2-E,E,scorecard,,2003H1,1,24276,72,log_oe,-0.7505109260869901,-0.9955487099100557,-0.5203123485585094,False
2002H2-E,E,scorecard,,2003H1,1,24276,72,cox_intercept,-0.6449447091678863,-1.3974675439542934,0.10757812561852098,False
2002H2-E,E,scorecard,,2003H1,1,24276,72,cox_slope,1.0299705830121493,0.8541833981900384,1.2057577678342601,False
2002H2-E,E,scorecard,,2003H1,1,24276,72,psi,0.2843662694096379,,,False
2002H2-E,E,scorecard,,2003H1,1,24276,72,psi_critical,0.0009097304467549609,,,False
2002H2-E,E,scorecard,,2003H2,3,24205,139,auc,0.8512735062510948,0.8172737446785302,0.8852732678236593,True
2002H2-E,E,scorecard,,2003H2,3,24205,139,gini,0.7025470125021895,0.6345474893570604,0.7705465356473187,True
2002H2-E,E,scorecard,,2003H2,3,24205,139,ks,0.5778234555212972,,,True
2002H2-E,E,scorecard,,2003H2,3,24205,139,brier,0.005594637677588165,,,True
2002H2-E,E,scorecard,,2003H2,3,24205,139,brier_miscalibration,4.713150602236437e-05,,,True
2002H2-E,E,scorecard,,2003H2,3,24205,139,brier_discrimination,0.00016213136169014857,,,True
2002H2-E,E,scorecard,,2003H2,3,24205,139,brier_uncertainty,0.005709637533255949,,,True
2002H2-E,E,scorecard,,2003H2,3,24205,139,observed_over_expected,0.6957098696424858,0.5851206583344878,0.8210252187424145,True
2002H2-E,E,scorecard,,2003H2,3,24205,139,log_oe,-0.3628225595174286,-0.5359371994543954,-0.19720145289743224,True
2002H2-E,E,scorecard,,2003H2,3,24205,139,cox_intercept,-0.021126258131930097,-0.5728993772938568,0.5306468610299965,True
2002H2-E,E,scorecard,,2003H2,3,24205,139,cox_slope,1.091474865262288,0.9530282968540814,1.2299214336704947,True
2002H2-E,E,scorecard,,2003H2,3,24205,139,psi,0.10208999685439896,,,True
2002H2-E,E,scorecard,,2003H2,3,24205,139,psi_critical,0.0009117747732087028,,,True
2002H2-E,E,scorecard,,2004H1,5,24219,181,auc,0.8289584309190007,0.7992704478557248,0.8586464139822766,True
2002H2-E,E,scorecard,,2004H1,5,24219,181,gini,0.6579168618380014,0.5985408957114495,0.7172928279645532,True
2002H2-E,E,scorecard,,2004H1,5,24219,181,ks,0.5346906992105961,,,True
2002H2-E,E,scorecard,,2004H1,5,24219,181,brier,0.007302931889165825,,,True
2002H2-E,E,scorecard,,2004H1,5,24219,181,brier_miscalibration,5.266053957306109e-05,,,True
2002H2-E,E,scorecard,,2004H1,5,24219,181,brier_discrimination,0.00016734711959559036,,,True
2002H2-E,E,scorecard,,2004H1,5,24219,181,brier_uncertainty,0.007417618469188354,,,True
2002H2-E,E,scorecard,,2004H1,5,24219,181,observed_over_expected,0.8177849842322686,0.703338043606589,0.9454343286113868,True
2002H2-E,E,scorecard,,2004H1,5,24219,181,log_oe,-0.20115583239371618,-0.35191764413158017,-0.0561108500791622,True
2002H2-E,E,scorecard,,2004H1,5,24219,181,cox_intercept,-0.33369049598094164,-0.8271929690286004,0.15981197706671713,True
2002H2-E,E,scorecard,,2004H1,5,24219,181,cox_slope,0.9676305041146298,0.8470030274458781,1.0882579807833814,True
2002H2-E,E,scorecard,,2004H1,5,24219,181,psi,0.06167165956982648,,,True
2002H2-E,E,scorecard,,2004H1,5,24219,181,psi_critical,0.0009113707178628681,,,True
2002H2-E,E,scorecard,,2004H2,7,24090,202,auc,0.8224778752992512,0.7982846920791575,0.8466710585193449,True
2002H2-E,E,scorecard,,2004H2,7,24090,202,gini,0.6449557505985024,0.5965693841583151,0.6933421170386898,True
2002H2-E,E,scorecard,,2004H2,7,24090,202,ks,0.5047573494790872,,,True
2002H2-E,E,scorecard,,2004H2,7,24090,202,brier,0.008300469013034351,,,True
2002H2-E,E,scorecard,,2004H2,7,24090,202,brier_miscalibration,0.00012295062529604425,,,True
2002H2-E,E,scorecard,,2004H2,7,24090,202,brier_discrimination,0.00013739174671839258,,,True
2002H2-E,E,scorecard,,2004H2,7,24090,202,brier_uncertainty,0.0083149101344567,,,True
2002H2-E,E,scorecard,,2004H2,7,24090,202,observed_over_expected,0.7702963698205303,0.6680869512530222,0.8836138851230045,True
2002H2-E,E,scorecard,,2004H2,7,24090,202,log_oe,-0.26097994231700333,-0.4033369473699807,-0.12373509329639626,True
2002H2-E,E,scorecard,,2004H2,7,24090,202,cox_intercept,-0.5855537714325196,-1.0544534468716977,-0.11665409599334148,True
2002H2-E,E,scorecard,,2004H2,7,24090,202,cox_slope,0.9172090706056023,0.8009815575836806,1.033436583627524,True
2002H2-E,E,scorecard,,2004H2,7,24090,202,psi,0.004928644723038907,,,True
2002H2-E,E,scorecard,,2004H2,7,24090,202,psi_critical,0.0009151115723796342,,,True
2002H2-E,E,scorecard,,2005H1,9,24233,248,auc,0.7983263229034275,0.7715390794164619,0.8251135663903931,True
2002H2-E,E,scorecard,,2005H1,9,24233,248,gini,0.5966526458068551,0.5430781588329239,0.6502271327807863,True
2002H2-E,E,scorecard,,2005H1,9,24233,248,ks,0.48343453906003075,,,True
2002H2-E,E,scorecard,,2005H1,9,24233,248,brier,0.009984617197073572,,,True
2002H2-E,E,scorecard,,2005H1,9,24233,248,brier_miscalibration,5.360639809409533e-05,,,True
2002H2-E,E,scorecard,,2005H1,9,24233,248,brier_discrimination,0.00019823334504465336,,,True
2002H2-E,E,scorecard,,2005H1,9,24233,248,brier_uncertainty,0.01012924414402413,,,True
2002H2-E,E,scorecard,,2005H1,9,24233,248,observed_over_expected,0.993859700854986,0.8745272869400673,1.1247961460127862,True
2002H2-E,E,scorecard,,2005H1,9,24233,248,log_oe,-0.006159228308740932,-0.13407178210568696,0.11760181569284768,True
2002H2-E,E,scorecard,,2005H1,9,24233,248,cox_intercept,-0.539340145295579,-0.9667370083718615,-0.11194328221929661,True
2002H2-E,E,scorecard,,2005H1,9,24233,248,cox_slope,0.8627927683035604,0.760144588146712,0.9654409484604088,True
2002H2-E,E,scorecard,,2005H1,9,24233,248,psi,0.013251771057690024,,,True
2002H2-E,E,scorecard,,2005H1,9,24233,248,psi_critical,0.000910967129382452,,,True
2002H2-E,E,scorecard,,2005H2,11,24082,266,auc,0.8206815377796187,0.7986570318512002,0.8427060437080373,True
2002H2-E,E,scorecard,,2005H2,11,24082,266,gini,0.6413630755592374,0.5973140637024004,0.6854120874160745,True
2002H2-E,E,scorecard,,2005H2,11,24082,266,ks,0.4990585718579283,,,True
2002H2-E,E,scorecard,,2005H2,11,24082,266,brier,0.01069885649391492,,,True
2002H2-E,E,scorecard,,2005H2,11,24082,266,brier_miscalibration,5.318941826574532e-05,,,True
2002H2-E,E,scorecard,,2005H2,11,24082,266,brier_discrimination,0.0002779219924326573,,,True
2002H2-E,E,scorecard,,2005H2,11,24082,266,brier_uncertainty,0.010923589068081833,,,True
2002H2-E,E,scorecard,,2005H2,11,24082,266,observed_over_expected,1.0676963320733897,0.9438205732386171,1.2031671879229606,True
2002H2-E,E,scorecard,,2005H2,11,24082,266,log_oe,0.06550336684302001,-0.05781920162416912,0.18495740316585582,True
2002H2-E,E,scorecard,,2005H2,11,24082,266,cox_intercept,-0.07787744586519307,-0.49999197886154273,0.3442370871311566,True
2002H2-E,E,scorecard,,2005H2,11,24082,266,cox_slope,0.9620502600196098,0.8576613302765891,1.0664391897626304,True
2002H2-E,E,scorecard,,2005H2,11,24082,266,psi,0.008671910038073518,,,True
2002H2-E,E,scorecard,,2005H2,11,24082,266,psi_critical,0.0009153448831300265,,,True
2002H2-E,E,scorecard,,2006H1,13,23280,405,auc,0.7864692977130137,0.7660381430252633,0.806900452400764,True
2002H2-E,E,scorecard,,2006H1,13,23280,405,gini,0.5729385954260273,0.5320762860505266,0.613800904801528,True
2002H2-E,E,scorecard,,2006H1,13,23280,405,ks,0.44823800850030354,,,True
2002H2-E,E,scorecard,,2006H1,13,23280,405,brier,0.016752573116539653,,,True
2002H2-E,E,scorecard,,2006H1,13,23280,405,brier_miscalibration,0.00011512084084101468,,,True
2002H2-E,E,scorecard,,2006H1,13,23280,405,brier_discrimination,0.0004568025600968778,,,True
2002H2-E,E,scorecard,,2006H1,13,23280,405,brier_uncertainty,0.017094254835795516,,,True
2002H2-E,E,scorecard,,2006H1,13,23280,405,observed_over_expected,1.4677946470407388,1.3293819165241345,1.6165018474137023,True
2002H2-E,E,scorecard,,2006H1,13,23280,405,log_oe,0.3837610341953044,0.2847141097978591,0.4802644610306422,True
2002H2-E,E,scorecard,,2006H1,13,23280,405,cox_intercept,-0.22527116939183126,-0.5686344683693915,0.11809212958572893,True
2002H2-E,E,scorecard,,2006H1,13,23280,405,cox_slope,0.835978356318831,0.7524128765046564,0.9195438361330056,True
2002H2-E,E,scorecard,,2006H1,13,23280,405,psi,0.0022428605717793966,,,True
2002H2-E,E,scorecard,,2006H1,13,23280,405,psi_critical,0.0009395480923950377,,,True
2002H2-E,E,scorecard,,2006H2,15,23898,525,auc,0.7840890486173505,0.7663310354668107,0.8018470617678903,True
2002H2-E,E,scorecard,,2006H2,15,23898,525,gini,0.568178097234701,0.5326620709336214,0.6036941235357807,True
2002H2-E,E,scorecard,,2006H2,15,23898,525,ks,0.4459333418902153,,,True
2002H2-E,E,scorecard,,2006H2,15,23898,525,brier,0.02095690684497594,,,True
2002H2-E,E,scorecard,,2006H2,15,23898,525,brier_miscalibration,0.00023027087822713802,,,True
2002H2-E,E,scorecard,,2006H2,15,23898,525,brier_discrimination,0.000759120501757287,,,True
2002H2-E,E,scorecard,,2006H2,15,23898,525,brier_uncertainty,0.02148575646850609,,,True
2002H2-E,E,scorecard,,2006H2,15,23898,525,observed_over_expected,1.7831177357445906,1.635309558478565,1.9404632217017685,True
2002H2-E,E,scorecard,,2006H2,15,23898,525,log_oe,0.5783633690871591,0.49183211883089145,0.6629267186463212,True
2002H2-E,E,scorecard,,2006H2,15,23898,525,cox_intercept,-0.04711152899318294,-0.34296015793212653,0.24873709994576065,True
2002H2-E,E,scorecard,,2006H2,15,23898,525,cox_slope,0.8263687240636561,0.7541697435381381,0.8985677045891741,True
2002H2-E,E,scorecard,,2006H2,15,23898,525,psi,0.003353927474722502,,,True
2002H2-E,E,scorecard,,2006H2,15,23898,525,psi_critical,0.0009207541427948479,,,True
2002H2-E,E,scorecard,,2007H1,17,23169,808,auc,0.788913584294792,0.7752033523900029,0.802623816199581,True
2002H2-E,E,scorecard,,2007H1,17,23169,808,gini,0.5778271685895839,0.5504067047800059,0.605247632399162,True
2002H2-E,E,scorecard,,2007H1,17,23169,808,ks,0.44802306747825177,,,True
2002H2-E,E,scorecard,,2007H1,17,23169,808,brier,0.03311252711900751,,,True
2002H2-E,E,scorecard,,2007H1,17,23169,808,brier_miscalibration,0.001025764430769252,,,True
2002H2-E,E,scorecard,,2007H1,17,23169,808,brier_discrimination,0.0015712138429132064,,,True
2002H2-E,E,scorecard,,2007H1,17,23169,808,brier_uncertainty,0.03365797653115146,,,True
2002H2-E,E,scorecard,,2007H1,17,23169,808,observed_over_expected,2.7430861777847353,2.560178284998947,2.9352443149714365,True
2002H2-E,E,scorecard,,2007H1,17,23169,808,log_oe,1.0090836288096496,0.9400768986442531,1.07679069171392,True
2002H2-E,E,scorecard,,2007H1,17,23169,808,cox_intercept,0.42319517640751714,0.17866772749563173,0.6677226253194025,True
2002H2-E,E,scorecard,,2007H1,17,23169,808,cox_slope,0.8266589699145627,0.7672647585995955,0.8860531812295298,True
2002H2-E,E,scorecard,,2007H1,17,23169,808,psi,0.005094055715926669,,,True
2002H2-E,E,scorecard,,2007H1,17,23169,808,psi_critical,0.0009430299165095281,,,True
2002H2-E,E,scorecard,,2007H2,19,24367,1560,auc,0.7701467470063734,0.7595376200814161,0.7807558739313307,True
2002H2-E,E,scorecard,,2007H2,19,24367,1560,gini,0.5402934940127468,0.5190752401628322,0.5615117478626614,True
2002H2-E,E,scorecard,,2007H2,19,24367,1560,ks,0.4262564181262388,,,True
2002H2-E,E,scorecard,,2007H2,19,24367,1560,brier,0.060760166611413265,,,True
2002H2-E,E,scorecard,,2007H2,19,24367,1560,brier_miscalibration,0.004561435883376375,,,True
2002H2-E,E,scorecard,,2007H2,19,24367,1560,brier_discrimination,0.003723591315786458,,,True
2002H2-E,E,scorecard,,2007H2,19,24367,1560,brier_uncertainty,0.05992232204382335,,,True
2002H2-E,E,scorecard,,2007H2,19,24367,1560,observed_over_expected,4.80764988795557,4.579215611906688,5.043930008543466,True
2002H2-E,E,scorecard,,2007H2,19,24367,1560,log_oe,1.570208375936652,1.521527719682946,1.6181855418254834,True
2002H2-E,E,scorecard,,2007H2,19,24367,1560,cox_intercept,0.7399731951097791,0.5572763990166576,0.9226699912029006,True
2002H2-E,E,scorecard,,2007H2,19,24367,1560,cox_slope,0.7454074937368127,0.7025194037449316,0.7882955837286938,True
2002H2-E,E,scorecard,,2007H2,19,24367,1560,psi,0.007583580006973587,,,True
2002H2-E,E,scorecard,,2007H2,19,24367,1560,psi_critical,0.0009071276736180257,,,True
2002H2-E,E,scorecard,,2008H1,21,24660,1109,auc,0.7798609575083661,0.7671662888449635,0.7925556261717688,True
2002H2-E,E,scorecard,,2008H1,21,24660,1109,gini,0.5597219150167323,0.534332577689927,0.5851112523435376,True
2002H2-E,E,scorecard,,2008H1,21,24660,1109,ks,0.42207343968401334,,,True
2002H2-E,E,scorecard,,2008H1,21,24660,1109,brier,0.04307841126587632,,,True
2002H2-E,E,scorecard,,2008H1,21,24660,1109,brier_miscalibration,0.0027847951439790297,,,True
2002H2-E,E,scorecard,,2008H1,21,24660,1109,brier_discrimination,0.0026555517665765443,,,True
2002H2-E,E,scorecard,,2008H1,21,24660,1109,brier_uncertainty,0.04294916788847383,,,True
2002H2-E,E,scorecard,,2008H1,21,24660,1109,observed_over_expected,5.220699080184655,4.924310941459303,5.529614593788317,True
2002H2-E,E,scorecard,,2008H1,21,24660,1109,log_oe,1.6526313163346305,1.5941843544720908,1.7101181193963588,True
2002H2-E,E,scorecard,,2008H1,21,24660,1109,cox_intercept,0.9731973918280906,0.744471549709358,1.2019232339468233,True
2002H2-E,E,scorecard,,2008H1,21,24660,1109,cox_slope,0.8100332329780008,0.7601502007743343,0.8599162651816673,True
2002H2-E,E,scorecard,,2008H1,21,24660,1109,psi,0.057231331789234056,,,True
2002H2-E,E,scorecard,,2008H1,21,24660,1109,psi_critical,0.0008988778132056631,,,True
2002H2-E,E,scorecard,,2008H2,23,24746,863,auc,0.7902075874038117,0.7759799978073376,0.8044351770002858,True
2002H2-E,E,scorecard,,2008H2,23,24746,863,gini,0.5804151748076234,0.5519599956146752,0.6088703540005715,True
2002H2-E,E,scorecard,,2008H2,23,24746,863,ks,0.4444664553138031,,,True
2002H2-E,E,scorecard,,2008H2,23,24746,863,brier,0.03365188203924406,,,True
2002H2-E,E,scorecard,,2008H2,23,24746,863,brier_miscalibration,0.0017918803270275327,,,True
2002H2-E,E,scorecard,,2008H2,23,24746,863,brier_discrimination,0.0017981029974299748,,,True
2002H2-E,E,scorecard,,2008H2,23,24746,863,brier_uncertainty,0.0336581047096465,,,True
2002H2-E,E,scorecard,,2008H2,23,24746,863,observed_over_expected,4.797818866268887,4.48810354501044,5.122676525973364,True
2002H2-E,E,scorecard,,2008H2,23,24746,863,log_oe,1.5681614117809308,1.501430239480642,1.6336770614397145,True
2002H2-E,E,scorecard,,2008H2,23,24746,863,cox_intercept,1.1854807780567904,0.9109197356693414,1.4600418204442396,True
2002H2-E,E,scorecard,,2008H2,23,24746,863,cox_slope,0.8914015489841198,0.8323302274857316,0.9504728704825081,True
2002H2-E,E,scorecard,,2008H2,23,24746,863,psi,0.1025297346755249,,,True
2002H2-E,E,scorecard,,2008H2,23,24746,863,psi_critical,0.0008964934386102239,,,True
2002H2-E,E,scorecard,,2009H1,25,24844,119,auc,0.8078043350808473,0.7701676601160738,0.8454410100456207,True
2002H2-E,E,scorecard,,2009H1,25,24844,119,gini,0.6156086701616945,0.5403353202321477,0.6908820200912413,True
2002H2-E,E,scorecard,,2009H1,25,24844,119,ks,0.48756829324247397,,,True
2002H2-E,E,scorecard,,2009H1,25,24844,119,brier,0.004724630066360572,,,True
2002H2-E,E,scorecard,,2009H1,25,24844,119,brier_miscalibration,2.108109350371177e-05,,,True
2002H2-E,E,scorecard,,2009H1,25,24844,119,brier_discrimination,6.339689818215827e-05,,,True
2002H2-E,E,scorecard,,2009H1,25,24844,119,brier_uncertainty,0.0047669458710390186,,,True
2002H2-E,E,scorecard,,2009H1,25,24844,119,observed_over_expected,1.320778201268408,1.0945834686364202,1.5797630387382289,True
2002H2-E,E,scorecard,,2009H1,25,24844,119,log_oe,0.27822110929952376,0.09037389696099447,0.4572748603092946,True
2002H2-E,E,scorecard,,2009H1,25,24844,119,cox_intercept,0.27873721187324274,-0.475741255234714,1.0332156789811995,True
2002H2-E,E,scorecard,,2009H1,25,24844,119,cox_slope,0.9991222145318264,0.8513588201891775,1.1468856088744752,True
2002H2-E,E,scorecard,,2009H1,25,24844,119,psi,0.6782238381594419,,,True
2002H2-E,E,scorecard,,2009H1,25,24844,119,psi_critical,0.000893796483846308,,,True
2002H2-E,E,scorecard,,2009H2,27,24709,196,auc,0.8215815514799728,0.7926825668753152,0.8504805360846304,True
2002H2-E,E,scorecard,,2009H2,27,24709,196,gini,0.6431631029599456,0.5853651337506305,0.7009610721692607,True
2002H2-E,E,scorecard,,2009H2,27,24709,196,ks,0.5328988283601287,,,True
2002H2-E,E,scorecard,,2009H2,27,24709,196,brier,0.007757774410206422,,,True
2002H2-E,E,scorecard,,2009H2,27,24709,196,brier_miscalibration,7.211134194042273e-05,,,True
2002H2-E,E,scorecard,,2009H2,27,24709,196,brier_discrimination,0.0001837473837833243,,,True
2002H2-E,E,scorecard,,2009H2,27,24709,196,brier_uncertainty,0.007869410452049324,,,True
2002H2-E,E,scorecard,,2009H2,27,24709,196,observed_over_expected,1.6736531836956805,1.4482837709212262,1.9239278830916131,True
2002H2-E,E,scorecard,,2009H2,27,24709,196,log_oe,0.5150087724043977,0.3703792491561637,0.6543688687404001,True
2002H2-E,E,scorecard,,2009H2,27,24709,196,cox_intercept,0.5102050720885961,-0.03525967804436947,1.0556698222215617,True
2002H2-E,E,scorecard,,2009H2,27,24709,196,cox_slope,0.995650753014871,0.8826300368251441,1.108671469204598,True
2002H2-E,E,scorecard,,2009H2,27,24709,196,psi,0.4102743991810149,,,True
2002H2-E,E,scorecard,,2009H2,27,24709,196,psi_critical,0.0008975172398747903,,,True
2002H2-E,E,scorecard,,2010H1,29,24843,191,auc,0.806445724484829,0.7749299067261897,0.8379615422434683,True
2002H2-E,E,scorecard,,2010H1,29,24843,191,gini,0.612891448969658,0.5498598134523793,0.6759230844869366,True
2002H2-E,E,scorecard,,2010H1,29,24843,191,ks,0.4676342860152591,,,True
2002H2-E,E,scorecard,,2010H1,29,24843,191,brier,0.007483824998362865,,,True
2002H2-E,E,scorecard,,2010H1,29,24843,191,brier_miscalibration,8.575597410915951e-05,,,True
2002H2-E,E,scorecard,,2010H1,29,24843,191,brier_discrimination,0.00023110370283282132,,,True
2002H2-E,E,scorecard,,2010H1,29,24843,191,brier_uncertainty,0.0076291727270865264,,,True
2002H2-E,E,scorecard,,2010H1,29,24843,191,observed_over_expected,1.512006654608722,1.3058319482479572,1.741288574810116,True
2002H2-E,E,scorecard,,2010H1,29,24843,191,log_oe,0.41343767894390077,0.26684034588858724,0.5546253993827116,True
2002H2-E,E,scorecard,,2010H1,29,24843,191,cox_intercept,0.19219071846415095,-0.32957035132875456,0.7139517882570564,True
2002H2-E,E,scorecard,,2010H1,29,24843,191,cox_slope,0.9484147403090726,0.8392560720561254,1.0575734085620196,True
2002H2-E,E,scorecard,,2010H1,29,24843,191,psi,0.3723721437730555,,,True
2002H2-E,E,scorecard,,2010H1,29,24843,191,psi_critical,0.0008938238963406861,,,True
2002H2-E,E,scorecard,,2010H2,31,24683,152,auc,0.8299031944542781,0.7967551879678482,0.863051200940708,True
2002H2-E,E,scorecard,,2010H2,31,24683,152,gini,0.6598063889085561,0.5935103759356963,0.726102401881416,True
2002H2-E,E,scorecard,,2010H2,31,24683,152,ks,0.5185554690198653,,,True
2002H2-E,E,scorecard,,2010H2,31,24683,152,brier,0.006016037894642113,,,True
2002H2-E,E,scorecard,,2010H2,31,24683,152,brier_miscalibration,5.0222690636740445e-05,,,True
2002H2-E,E,scorecard,,2010H2,31,24683,152,brier_discrimination,0.00015434730274970984,,,True
2002H2-E,E,scorecard,,2010H2,31,24683,152,brier_uncertainty,0.0061201625067550825,,,True
2002H2-E,E,scorecard,,2010H2,31,24683,152,observed_over_expected,1.4796004435096368,1.254298301564073,1.7334848111153804,True
2002H2-E,E,scorecard,,2010H2,31,24683,152,log_oe,0.3917720807258039,0.22657629395690546,0.5501337241290026,True
2002H2-E,E,scorecard,,2010H2,31,24683,152,cox_intercept,0.2410659902540132,-0.3276927546165064,0.8098247351245328,True
2002H2-E,E,scorecard,,2010H2,31,24683,152,cox_slope,0.9652596870730026,0.8496076620075801,1.080911712138425,True
2002H2-E,E,scorecard,,2010H2,31,24683,152,psi,0.6105667097593727,,,True
2002H2-E,E,scorecard,,2010H2,31,24683,152,psi_critical,0.0008982385040323262,,,True
2002H2-E,E,scorecard,,2011H1,33,24614,195,auc,0.8309939401957912,0.8054698568078713,0.8565180235837111,True
2002H2-E,E,scorecard,,2011H1,33,24614,195,gini,0.6619878803915824,0.6109397136157426,0.7130360471674222,True
2002H2-E,E,scorecard,,2011H1,33,24614,195,ks,0.5318401706951607,,,True
2002H2-E,E,scorecard,,2011H1,33,24614,195,brier,0.007753137149013717,,,True
2002H2-E,E,scorecard,,2011H1,33,24614,195,brier_miscalibration,6.766615343594632e-05,,,True
2002H2-E,E,scorecard,,2011H1,33,24614,195,brier_discrimination,0.0001740864707846894,,,True
2002H2-E,E,scorecard,,2011H1,33,24614,195,brier_uncertainty,0.00785955746636246,,,True
2002H2-E,E,scorecard,,2011H1,33,24614,195,observed_over_expected,1.5102269457564392,1.3063612240590148,1.7366830828498347,True
2002H2-E,E,scorecard,,2011H1,33,24614,195,log_oe,0.41225993473658035,0.2672455807111199,0.5519770197491313,True
2002H2-E,E,scorecard,,2011H1,33,24614,195,cox_intercept,0.15892421958845343,-0.34266584720910004,0.660514286386007,True
2002H2-E,E,scorecard,,2011H1,33,24614,195,cox_slope,0.9404575643066915,0.8345732742823357,1.0463418543310472,True
2002H2-E,E,scorecard,,2011H1,33,24614,195,psi,0.3658537446720527,,,True
2002H2-E,E,scorecard,,2011H1,33,24614,195,psi_critical,0.0009001600158810086,,,True
2002H2-E,E,scorecard,,2011H2,35,24646,119,auc,0.8603980590075146,0.8313650044951117,0.8894311135199175,True
2002H2-E,E,scorecard,,2011H2,35,24646,119,gini,0.7207961180150293,0.6627300089902235,0.7788622270398351,True
2002H2-E,E,scorecard,,2011H2,35,24646,119,ks,0.5971481265886711,,,True
2002H2-E,E,scorecard,,2011H2,35,24646,119,brier,0.00470619458124752,,,True
2002H2-E,E,scorecard,,2011H2,35,24646,119,brier_miscalibration,5.2970410603462095e-05,,,True
2002H2-E,E,scorecard,,2011H2,35,24646,119,brier_discrimination,0.00015183239041636435,,,True
2002H2-E,E,scorecard,,2011H2,35,24646,119,brier_uncertainty,0.004805056561060422,,,True
2002H2-E,E,scorecard,,2011H2,35,24646,119,observed_over_expected,1.154375374595295,0.9566815820328403,1.3807258727119691,True
2002H2-E,E,scorecard,,2011H2,35,24646,119,log_oe,0.1435593964718409,-0.04428466804302359,0.32260935560119935,True
2002H2-E,E,scorecard,,2011H2,35,24646,119,cox_intercept,0.4427526988487914,-0.18661242521098964,1.0721178229085724,True
2002H2-E,E,scorecard,,2011H2,35,24646,119,cox_slope,1.064702753338456,0.9312418485290963,1.198163658147816,True
2002H2-E,E,scorecard,,2011H2,35,24646,119,psi,0.6110247902800829,,,True
2002H2-E,E,scorecard,,2011H2,35,24646,119,psi_critical,0.0008992675421264099,,,True
2002H2-E,E,scorecard,,2012H1,37,24306,148,auc,0.8355585022475908,0.8071744728513012,0.8639425316438804,True
2002H2-E,E,scorecard,,2012H1,37,24306,148,gini,0.6711170044951815,0.6143489457026023,0.7278850632877607,True
2002H2-E,E,scorecard,,2012H1,37,24306,148,ks,0.5294071909478815,,,True
2002H2-E,E,scorecard,,2012H1,37,24306,148,brier,0.006024044748709572,,,True
2002H2-E,E,scorecard,,2012H1,37,24306,148,brier_miscalibration,7.139498477170929e-05,,,True
2002H2-E,E,scorecard,,2012H1,37,24306,148,brier_discrimination,9.93054461255723e-05,,,True
2002H2-E,E,scorecard,,2012H1,37,24306,148,brier_uncertainty,0.006051955210063435,,,True
2002H2-E,E,scorecard,,2012H1,37,24306,148,observed_over_expected,1.0444396552956658,0.8833506765001518,1.2262600516120559,True
2002H2-E,E,scorecard,,2012H1,37,24306,148,log_oe,0.0434805265740125,-0.12403301508896217,0.20396892889711726,True
2002H2-E,E,scorecard,,2012H1,37,24306,148,cox_intercept,-0.5182105898635431,-1.0365785875038513,0.000157407776765095,True
2002H2-E,E,scorecard,,2012H1,37,24306,148,cox_slope,0.86897646402517,0.7578390052012423,0.9801139228490978,True
2002H2-E,E,scorecard,,2012H1,37,24306,148,psi,0.3549497310206593,,,True
2002H2-E,E,scorecard,,2012H1,37,24306,148,psi_critical,0.0009088702362381206,,,True
2002H2-E,E,scorecard,,2012H2,39,24538,131,auc,0.8416342514677151,0.8119664156755865,0.8713020872598437,True
2002H2-E,E,scorecard,,2012H2,39,24538,131,gini,0.6832685029354302,0.623932831351173,0.7426041745196874,True
2002H2-E,E,scorecard,,2012H2,39,24538,131,ks,0.5473476668093904,,,True
2002H2-E,E,scorecard,,2012H2,39,24538,131,brier,0.005245959341023464,,,True
2002H2-E,E,scorecard,,2012H2,39,24538,131,brier_miscalibration,3.173006790372496e-05,,,True
2002H2-E,E,scorecard,,2012H2,39,24538,131,brier_discrimination,9.592786065786181e-05,,,True
2002H2-E,E,scorecard,,2012H2,39,24538,131,brier_uncertainty,0.005310157133777601,,,True
2002H2-E,E,scorecard,,2012H2,39,24538,131,observed_over_expected,0.9369771883086311,0.7837319459934478,1.111301019536745,True
2002H2-E,E,scorecard,,2012H2,39,24538,131,log_oe,-0.06509634249510646,-0.24368822271538454,0.1055314186361508,True
2002H2-E,E,scorecard,,2012H2,39,24538,131,cox_intercept,-0.363697113436479,-0.9196720729898713,0.1922778461169133,True
2002H2-E,E,scorecard,,2012H2,39,24538,131,cox_slope,0.9309093331587419,0.8096051466469796,1.0522135196705042,True
2002H2-E,E,scorecard,,2012H2,39,24538,131,psi,0.35047460774159755,,,True
2002H2-E,E,scorecard,,2012H2,39,24538,131,psi_critical,0.000902288970232224,,,True
2002H2-E,E,scorecard,,2013H1,41,24341,85,auc,0.8404195929691137,0.8051403206911448,0.8756988652470826,False
2002H2-E,E,scorecard,,2013H1,41,24341,85,gini,0.6808391859382275,0.6102806413822897,0.7513977304941653,False
2002H2-E,E,scorecard,,2013H1,41,24341,85,ks,0.5447641820580476,,,False
2002H2-E,E,scorecard,,2013H1,41,24341,85,brier,0.0035118773539408784,,,False
2002H2-E,E,scorecard,,2013H1,41,24341,85,brier_miscalibration,8.269628231749116e-05,,,False
2002H2-E,E,scorecard,,2013H1,41,24341,85,brier_discrimination,5.0674961890521345e-05,,,False
2002H2-E,E,scorecard,,2013H1,41,24341,85,brier_uncertainty,0.0034798560335139086,,,False
2002H2-E,E,scorecard,,2013H1,41,24341,85,observed_over_expected,0.5389716916791265,0.43065402613982856,0.6661714692815421,False
2002H2-E,E,scorecard,,2013H1,41,24341,85,log_oe,-0.6180922295281994,-0.8424502348069601,-0.40620818019554544,False
2002H2-E,E,scorecard,,2013H1,41,24341,85,cox_intercept,-0.9373277877082055,-1.6088405223776654,-0.26581505303874564,False
2002H2-E,E,scorecard,,2013H1,41,24341,85,cox_slope,0.9269744315499796,0.7755318676345628,1.0784169954653964,False
2002H2-E,E,scorecard,,2013H1,41,24341,85,psi,0.25141265083627906,,,False
2002H2-E,E,scorecard,,2013H1,41,24341,85,psi_critical,0.0009078693372504888,,,False
2002H2-E,E,scorecard,,2013H2,43,23974,142,auc,0.8228609657272267,0.791756632451382,0.8539652990030714,True
2002H2-E,E,scorecard,,2013H2,43,23974,142,gini,0.6457219314544533,0.5835132649027639,0.7079305980061428,True
2002H2-E,E,scorecard,,2013H2,43,23974,142,ks,0.5210327929307973,,,True
2002H2-E,E,scorecard,,2013H2,43,23974,142,brier,0.005869866859219988,,,True
2002H2-E,E,scorecard,,2013H2,43,23974,142,brier_miscalibration,7.348013732567417e-05,,,True
2002H2-E,E,scorecard,,2013H2,43,23974,142,brier_discrimination,9.161370213502974e-05,,,True
2002H2-E,E,scorecard,,2013H2,43,23974,142,brier_uncertainty,0.005888000424029344,,,True
2002H2-E,E,scorecard,,2013H2,43,23974,142,observed_over_expected,0.7632311644284584,0.6431506161953451,0.8991154484142103,True
2002H2-E,E,scorecard,,2013H2,43,23974,142,log_oe,-0.27019432578701047,-0.44137634236824225,-0.1063438340522553,True
2002H2-E,E,scorecard,,2013H2,43,23974,142,cox_intercept,-0.6104446073036663,-1.1588907131222608,-0.0619985014850718,True
2002H2-E,E,scorecard,,2013H2,43,23974,142,cox_slope,0.9186919079404537,0.7925360111333324,1.044847804747575,True
2002H2-E,E,scorecard,,2013H2,43,23974,142,psi,0.10155676870536373,,,True
2002H2-E,E,scorecard,,2013H2,43,23974,142,psi_critical,0.0009185098182968261,,,True
2002H2-E,E,scorecard,,2014H1,45,24341,137,auc,0.8086758296571599,0.7751339343917205,0.8422177249225993,True
2002H2-E,E,scorecard,,2014H1,45,24341,137,gini,0.6173516593143198,0.550267868783441,0.6844354498451986,True
2002H2-E,E,scorecard,,2014H1,45,24341,137,ks,0.4996905862214968,,,True
2002H2-E,E,scorecard,,2014H1,45,24341,137,brier,0.0056085291391234394,,,True
2002H2-E,E,scorecard,,2014H1,45,24341,137,brier_miscalibration,7.727941243190241e-05,,,True
2002H2-E,E,scorecard,,2014H1,45,24341,137,brier_discrimination,6.543546199113109e-05,,,True
2002H2-E,E,scorecard,,2014H1,45,24341,137,brier_uncertainty,0.005596685188682668,,,True
2002H2-E,E,scorecard,,2014H1,45,24341,137,observed_over_expected,0.7648964295856202,0.6424582206271837,0.9037686444632903,True
2002H2-E,E,scorecard,,2014H1,45,24341,137,log_oe,-0.268014840483723,-0.44245349058825384,-0.10118187561043589,True
2002H2-E,E,scorecard,,2014H1,45,24341,137,cox_intercept,-0.7311981444542779,-1.3233811292818776,-0.1390151596266782,True
2002H2-E,E,scorecard,,2014H1,45,24341,137,cox_slope,0.8918665443996178,0.7596859683360742,1.0240471204631614,True
2002H2-E,E,scorecard,,2014H1,45,24341,137,psi,0.1099274025047654,,,True
2002H2-E,E,scorecard,,2014H1,45,24341,137,psi_critical,0.0009078693372504888,,,True
2002H2-E,E,scorecard,,2014H2,47,24213,99,auc,0.7827430395855378,0.741440730205542,0.8240453489655336,False
2002H2-E,E,scorecard,,2014H2,47,24213,99,gini,0.5654860791710756,0.48288146041108404,0.6480906979310672,False
2002H2-E,E,scorecard,,2014H2,47,24213,99,ks,0.44769038984017834,,,False
2002H2-E,E,scorecard,,2014H2,47,24213,99,brier,0.004091489275727276,,,False
2002H2-E,E,scorecard,,2014H2,47,24213,99,brier_miscalibration,6.280324861863973e-05,,,False
2002H2-E,E,scorecard,,2014H2,47,24213,99,brier_discrimination,4.3309076561874084e-05,,,False
2002H2-E,E,scorecard,,2014H2,47,24213,99,brier_uncertainty,0.004071995103670511,,,False
2002H2-E,E,scorecard,,2014H2,47,24213,99,observed_over_expected,0.6075137971639974,0.49393628440778803,0.7392972022171203,False
2002H2-E,E,scorecard,,2014H2,47,24213,99,log_oe,-0.49838039264426726,-0.7053487490443154,-0.30205527079372585,False
2002H2-E,E,scorecard,,2014H2,47,24213,99,cox_intercept,-1.1488020511153305,-1.8844543403188279,-0.41314976191183317,False
2002H2-E,E,scorecard,,2014H2,47,24213,99,cox_slope,0.8531627575962254,0.6943912116268939,1.0119343035655568,False
2002H2-E,E,scorecard,,2014H2,47,24213,99,psi,0.14454067808066712,,,False
2002H2-E,E,scorecard,,2014H2,47,24213,99,psi_critical,0.00091154382722524,,,False
2002H2-E,E,scorecard,,2015H1,49,24159,83,auc,0.8055562505879973,0.7552707659196325,0.8558417352563621,False
2002H2-E,E,scorecard,,2015H1,49,24159,83,gini,0.6111125011759946,0.510541531839265,0.7116834705127242,False
2002H2-E,E,scorecard,,2015H1,49,24159,83,ks,0.4953205411778364,,,False
2002H2-E,E,scorecard,,2015H1,49,24159,83,brier,0.003407872781297648,,,False
2002H2-E,E,scorecard,,2015H1,49,24159,83,brier_miscalibration,3.7629105720170426e-05,,,False
2002H2-E,E,scorecard,,2015H1,49,24159,83,brier_discrimination,5.3525829321408435e-05,,,False
2002H2-E,E,scorecard,,2015H1,49,24159,83,brier_uncertainty,0.003423769504898886,,,False
2002H2-E,E,scorecard,,2015H1,49,24159,83,observed_over_expected,0.5899845029412706,0.47007408259063665,0.7310733064269157,False
2002H2-E,E,scorecard,,2015H1,49,24159,83,log_oe,-0.527659008628571,-0.7548649741658896,-0.3132415418705397,False
2002H2-E,E,scorecard,,2015H1,49,24159,83,cox_intercept,-0.4410097803954402,-1.245451182335741,0.3634316215448607,False
2002H2-E,E,scorecard,,2015H1,49,24159,83,cox_slope,1.0219931791979062,0.8447964539911316,1.199189904404681,False
2002H2-E,E,scorecard,,2015H1,49,24159,83,psi,0.23088554642144854,,,False
2002H2-E,E,scorecard,,2015H1,49,24159,83,psi_critical,0.0009131056808129535,,,False
2002H2-E,E,scorecard,,2015H2,51,24159,130,auc,0.793873908770492,0.7604883417223018,0.8272594758186822,True
2002H2-E,E,scorecard,,2015H2,51,24159,130,gini,0.587747817540984,0.5209766834446037,0.6545189516373644,True
2002H2-E,E,scorecard,,2015H2,51,24159,130,ks,0.454590766925862,,,True
2002H2-E,E,scorecard,,2015H2,51,24159,130,brier,0.005340660630538927,,,True
2002H2-E,E,scorecard,,2015H2,51,24159,130,brier_miscalibration,4.2214942686277616e-05,,,True
2002H2-E,E,scorecard,,2015H2,51,24159,130,brier_discrimination,5.3616389824061306e-05,,,True
2002H2-E,E,scorecard,,2015H2,51,24159,130,brier_uncertainty,0.005352062077676711,,,True
2002H2-E,E,scorecard,,2015H2,51,24159,130,observed_over_expected,0.8137688873058901,0.6801890965384912,0.9657967465601563,True
2002H2-E,E,scorecard,,2015H2,51,24159,130,log_oe,-0.2060788755217797,-0.3853844363250957,-0.03480187419596071,True
2002H2-E,E,scorecard,,2015H2,51,24159,130,cox_intercept,-0.6495403567129062,-1.318796102234968,0.019715388809155576,True
2002H2-E,E,scorecard,,2015H2,51,24159,130,cox_slope,0.8998918621710533,0.7546173368924386,1.0451663874496682,True
2002H2-E,E,scorecard,,2015H2,51,24159,130,psi,0.14426455537336308,,,True
2002H2-E,E,scorecard,,2015H2,51,24159,130,psi_critical,0.0009131056808129535,,,True
2002H2-E,E,scorecard,,2016H1,53,24632,115,auc,0.8206006125297266,0.780658746771002,0.8605424782884512,True
2002H2-E,E,scorecard,,2016H1,53,24632,115,gini,0.6412012250594532,0.561317493542004,0.7210849565769024,True
2002H2-E,E,scorecard,,2016H1,53,24632,115,ks,0.5195745277012755,,,True
2002H2-E,E,scorecard,,2016H1,53,24632,115,brier,0.004610993290666169,,,True
2002H2-E,E,scorecard,,2016H1,53,24632,115,brier_miscalibration,3.9088623779445254e-05,,,True
2002H2-E,E,scorecard,,2016H1,53,24632,115,brier_discrimination,7.502196451431367e-05,,,True
2002H2-E,E,scorecard,,2016H1,53,24632,115,brier_uncertainty,0.004646926631401037,,,True
2002H2-E,E,scorecard,,2016H1,53,24632,115,observed_over_expected,0.7318655372771131,0.6044641222066532,0.878082541178963,True
2002H2-E,E,scorecard,,2016H1,53,24632,115,log_oe,-0.3121584741386932,-0.5034129618769733,-0.13001467931132646,True
2002H2-E,E,scorecard,,2016H1,53,24632,115,cox_intercept,-0.10199200726794666,-0.8118004484719766,0.6078164339360833,True
2002H2-E,E,scorecard,,2016H1,53,24632,115,cox_slope,1.049939087280969,0.8906277675079404,1.2092504070539978,True
2002H2-E,E,scorecard,,2016H1,53,24632,115,psi,0.16164431795330889,,,True
2002H2-E,E,scorecard,,2016H1,53,24632,115,psi_critical,0.0008996577140647672,,,True
2002H2-E,E,scorecard,,2016H2,55,24760,121,auc,0.7849549142510412,0.7450860178193563,0.8248238106827261,True
2002H2-E,E,scorecard,,2016H2,55,24760,121,gini,0.5699098285020825,0.4901720356387127,0.6496476213654523,True
2002H2-E,E,scorecard,,2016H2,55,24760,121,ks,0.45314037176162636,,,True
2002H2-E,E,scorecard,,2016H2,55,24760,121,brier,0.004846409696473498,,,True
2002H2-E,E,scorecard,,2016H2,55,24760,121,brier_miscalibration,3.131981238125095e-05,,,True
2002H2-E,E,scorecard,,2016H2,55,24760,121,brier_discrimination,4.7942561798644534e-05,,,True
2002H2-E,E,scorecard,,2016H2,55,24760,121,brier_uncertainty,0.004863032445890892,,,True
2002H2-E,E,scorecard,,2016H2,55,24760,121,observed_over_expected,0.8472245066904969,0.703283065781934,1.011842724342535,True
2002H2-E,E,scorecard,,2016H2,55,24760,121,log_oe,-0.16578955842480933,-0.35199581418649556,0.011773148059054786,True
2002H2-E,E,scorecard,,2016H2,55,24760,121,cox_intercept,-0.6271787525082931,-1.3642007396985176,0.10984323468193136,True
2002H2-E,E,scorecard,,2016H2,55,24760,121,cox_slope,0.8992503147671709,0.7442676036955478,1.054233025838794,True
2002H2-E,E,scorecard,,2016H2,55,24760,121,psi,0.21882580587340425,,,True
2002H2-E,E,scorecard,,2016H2,55,24760,121,psi_critical,0.0008961068522719206,,,True
2002H2-E,E,scorecard,,2017H1,57,24541,162,auc,0.7838733903242976,0.7538219801469218,0.8139248005016734,True
2002H2-E,E,scorecard,,2017H1,57,24541,162,gini,0.5677467806485952,0.5076439602938436,0.6278496010033467,True
2002H2-E,E,scorecard,,2017H1,57,24541,162,ks,0.42276822948712695,,,True
2002H2-E,E,scorecard,,2017H1,57,24541,162,brier,0.0065369269141537815,,,True
2002H2-E,E,scorecard,,2017H1,57,24541,162,brier_miscalibration,4.3008254470326517e-05,,,True
2002H2-E,E,scorecard,,2017H1,57,24541,162,brier_discrimination,6.370352053654185e-05,,,True
2002H2-E,E,scorecard,,2017H1,57,24541,162,brier_uncertainty,0.006557622180219997,,,True
2002H2-E,E,scorecard,,2017H1,57,24541,162,observed_over_expected,0.9492652724522171,0.8090946583380568,1.1066119691116159,True
2002H2-E,E,scorecard,,2017H1,57,24541,162,log_oe,-0.052066991032343364,-0.21183936217004376,0.1013030675372552,True
2002H2-E,E,scorecard,,2017H1,57,24541,162,cox_intercept,-0.5849845404444671,-1.215831946193239,0.04586286530430461,True
2002H2-E,E,scorecard,,2017H1,57,24541,162,cox_slope,0.879201424348707,0.7425573388925931,1.015845509804821,True
2002H2-E,E,scorecard,,2017H1,57,24541,162,psi,0.11681159078350427,,,True
2002H2-E,E,scorecard,,2017H1,57,24541,162,psi_critical,0.000902204682580838,,,True
2002H2-E,E,scorecard,,2017H2,59,24680,143,auc,0.806833607359344,0.7745111776014705,0.8391560371172174,True
2002H2-E,E,scorecard,,2017H2,59,24680,143,gini,0.6136672147186879,0.549022355202941,0.6783120742344348,True
2002H2-E,E,scorecard,,2017H2,59,24680,143,ks,0.4815208429342186,,,True
2002H2-E,E,scorecard,,2017H2,59,24680,143,brier,0.005687977220455878,,,True
2002H2-E,E,scorecard,,2017H2,59,24680,143,brier_miscalibration,3.707616419261744e-05,,,True
2002H2-E,E,scorecard,,2017H2,59,24680,143,brier_discrimination,0.00010969190807245781,,,True
2002H2-E,E,scorecard,,2017H2,59,24680,143,brier_uncertainty,0.005760592964335718,,,True
2002H2-E,E,scorecard,,2017H2,59,24680,143,observed_over_expected,0.824820180555345,0.6954780430206148,0.971124726061101,True
2002H2-E,E,scorecard,,2017H2,59,24680,143,log_oe,-0.19258987936805314,-0.3631558381808021,-0.029300367795668695,True
2002H2-E,E,scorecard,,2017H2,59,24680,143,cox_intercept,-0.018811699763575485,-0.6887702879057476,0.6511468883785967,True
2002H2-E,E,scorecard,,2017H2,59,24680,143,cox_slope,1.0412852073716998,0.8896720304703929,1.1928983842730068,True
2002H2-E,E,scorecard,,2017H2,59,24680,143,psi,0.10830027191805094,,,True
2002H2-E,E,scorecard,,2017H2,59,24680,143,psi_critical,0.0008983218246098813,,,True
2002H2-E,E,scorecard,,2018H1,61,24416,148,auc,0.7805997442967939,0.7448133199532756,0.8163861686403122,True
2002H2-E,E,scorecard,,2018H1,61,24416,148,gini,0.5611994885935878,0.4896266399065512,0.6327723372806244,True
2002H2-E,E,scorecard,,2018H1,61,24416,148,ks,0.4391279362434793,,,True
2002H2-E,E,scorecard,,2018H1,61,24416,148,brier,0.005982391133788426,,,True
2002H2-E,E,scorecard,,2018H1,61,24416,148,brier_miscalibration,3.7980624832542435e-05,,,True
2002H2-E,E,scorecard,,2018H1,61,24416,148,brier_discrimination,8.044546070241129e-05,,,True
2002H2-E,E,scorecard,,2018H1,61,24416,148,brier_uncertainty,0.006024855969658295,,,True
2002H2-E,E,scorecard,,2018H1,61,24416,148,observed_over_expected,0.8612596810268627,0.7284219533587297,1.0111937760132537,True
2002H2-E,E,scorecard,,2018H1,61,24416,148,log_oe,-0.14935921604764757,-0.31687479243029243,0.011131589341329254,True
2002H2-E,E,scorecard,,2018H1,61,24416,148,cox_intercept,-0.42351047379110734,-1.101510827630363,0.25448988004814826,True
2002H2-E,E,scorecard,,2018H1,61,24416,148,cox_slope,0.9381278092761548,0.7890889290085652,1.0871666895437444,True
2002H2-E,E,scorecard,,2018H1,61,24416,148,psi,0.10975225961377552,,,True
2002H2-E,E,scorecard,,2018H1,61,24416,148,psi_critical,0.0009057342164754658,,,True
2002H2-E,E,scorecard,,2018H2,63,24543,146,auc,0.764271207834334,0.7299801811475548,0.7985622345211132,True
2002H2-E,E,scorecard,,2018H2,63,24543,146,gini,0.528542415668668,0.4599603622951096,0.5971244690422264,True
2002H2-E,E,scorecard,,2018H2,63,24543,146,ks,0.4396692047809606,,,True
2002H2-E,E,scorecard,,2018H2,63,24543,146,brier,0.005895208656639997,,,True
2002H2-E,E,scorecard,,2018H2,63,24543,146,brier_miscalibration,7.460224225648397e-05,,,True
2002H2-E,E,scorecard,,2018H2,63,24543,146,brier_discrimination,9.274906451972858e-05,,,True
2002H2-E,E,scorecard,,2018H2,63,24543,146,brier_uncertainty,0.005913355478903241,,,True
2002H2-E,E,scorecard,,2018H2,63,24543,146,observed_over_expected,0.8029061776984558,0.6782534259218359,0.9437218742550157,True
2002H2-E,E,scorecard,,2018H2,63,24543,146,log_oe,-0.2195174115896185,-0.38823427633630114,-0.05792378097688501,True
2002H2-E,E,scorecard,,2018H2,63,24543,146,cox_intercept,-0.8722599368885126,-1.5601804353355977,-0.1843394384414273,True
2002H2-E,E,scorecard,,2018H2,63,24543,146,cox_slope,0.8521944345691634,0.702688031809267,1.00170083732906,True
2002H2-E,E,scorecard,,2018H2,63,24543,146,psi,0.09521875522661871,,,True
2002H2-E,E,scorecard,,2018H2,63,24543,146,psi_critical,0.0009021485022608633,,,True
2002H2-E,E,scorecard,,2019H1,65,24752,110,auc,0.6996594874973254,0.6483769898242351,0.7509419851704158,True
2002H2-E,E,scorecard,,2019H1,65,24752,110,gini,0.39931897499465085,0.29675397964847017,0.5018839703408315,True
2002H2-E,E,scorecard,,2019H1,65,24752,110,ks,0.34750721237207727,,,True
2002H2-E,E,scorecard,,2019H1,65,24752,110,brier,0.004436737513925432,,,True
2002H2-E,E,scorecard,,2019H1,65,24752,110,brier_miscalibration,7.880545885853574e-05,,,True
2002H2-E,E,scorecard,,2019H1,65,24752,110,brier_discrimination,6.64033769827068e-05,,,True
2002H2-E,E,scorecard,,2019H1,65,24752,110,brier_uncertainty,0.004424335432049603,,,True
2002H2-E,E,scorecard,,2019H1,65,24752,110,observed_over_expected,0.6315425012974097,0.5192463534994339,0.7608320422023629,True
2002H2-E,E,scorecard,,2019H1,65,24752,110,log_oe,-0.4595900373226128,-0.6553768388804558,-0.2733426521783622,True
2002H2-E,E,scorecard,,2019H1,65,24752,110,cox_intercept,-1.7983053844481895,-2.618939765827513,-0.9776710030688661,True
2002H2-E,E,scorecard,,2019H1,65,24752,110,cox_slope,0.7057235119575884,0.5355222082608582,0.8759248156543187,True
2002H2-E,E,scorecard,,2019H1,65,24752,110,psi,0.11224558928759856,,,True
2002H2-E,E,scorecard,,2019H1,65,24752,110,psi_critical,0.0008963277052021924,,,True
2002H2-E,E,scorecard,,2019H2,67,24861,136,auc,0.6826425979896509,0.6381484205343939,0.7271367754449078,True
2002H2-E,E,scorecard,,2019H2,67,24861,136,gini,0.36528519597930176,0.2762968410687878,0.4542735508898157,True
2002H2-E,E,scorecard,,2019H2,67,24861,136,ks,0.3017391304347826,,,True
2002H2-E,E,scorecard,,2019H2,67,24861,136,brier,0.005442504900085537,,,True
2002H2-E,E,scorecard,,2019H2,67,24861,136,brier_miscalibration,2.8932552097917473e-05,,,True
2002H2-E,E,scorecard,,2019H2,67,24861,136,brier_discrimination,2.6917716394656704e-05,,,True
2002H2-E,E,scorecard,,2019H2,67,24861,136,brier_uncertainty,0.0054404900643822765,,,True
2002H2-E,E,scorecard,,2019H2,67,24861,136,observed_over_expected,0.920649673367865,0.7727533702743847,1.0884801805407198,True
2002H2-E,E,scorecard,,2019H2,67,24861,136,log_oe,-0.08267569145323748,-0.2577953365761421,0.08478239347958572,True
2002H2-E,E,scorecard,,2019H2,67,24861,136,cox_intercept,-1.9096386626272872,-2.6925567775201595,-1.1267205477344149,True
2002H2-E,E,scorecard,,2019H2,67,24861,136,cox_slope,0.6161763713414389,0.46257087334068575,0.7697818693421921,True
2002H2-E,E,scorecard,,2019H2,67,24861,136,psi,0.1919781002425766,,,True
2002H2-E,E,scorecard,,2019H2,67,24861,136,psi_critical,0.0008933308088467828,,,True
2002H2-E,E,scorecard,,2020H1,69,24880,111,auc,0.6348066949423482,0.5802366964054482,0.6893766934792482,True
2002H2-E,E,scorecard,,2020H1,69,24880,111,gini,0.2696133898846964,0.16047339281089634,0.3787533869584965,True
2002H2-E,E,scorecard,,2020H1,69,24880,111,ks,0.23092000717258093,,,True
2002H2-E,E,scorecard,,2020H1,69,24880,111,brier,0.004466302250966934,,,True
2002H2-E,E,scorecard,,2020H1,69,24880,111,brier_miscalibration,3.486365126439701e-05,,,True
2002H2-E,E,scorecard,,2020H1,69,24880,111,brier_discrimination,1.0071969356923241e-05,,,True
2002H2-E,E,scorecard,,2020H1,69,24880,111,brier_uncertainty,0.00444151056905946,,,True
2002H2-E,E,scorecard,,2020H1,69,24880,111,observed_over_expected,0.8907079534830401,0.7330098537153519,1.0721530137444373,True
2002H2-E,E,scorecard,,2020H1,69,24880,111,log_oe,-0.11573867910956517,-0.3105961341908188,0.06966878916459691,True
2002H2-E,E,scorecard,,2020H1,69,24880,111,cox_intercept,-2.9326621741115506,-3.8430530340220947,-2.0222713142010065,True
2002H2-E,E,scorecard,,2020H1,69,24880,111,cox_slope,0.4391652532950431,0.27315917609393126,0.6051713304961549,True
2002H2-E,E,scorecard,,2020H1,69,24880,111,psi,0.3149447714205563,,,True
2002H2-E,E,scorecard,,2020H1,69,24880,111,psi_critical,0.0008928111016307908,,,True
2002H2-E,E,scorecard,,2020H2,71,24919,71,auc,0.6713967400669308,0.6029281728201838,0.7398653073136778,False
2002H2-E,E,scorecard,,2020H2,71,24919,71,gini,0.3427934801338617,0.2058563456403677,0.47973061462735567,False
2002H2-E,E,scorecard,,2020H2,71,24919,71,ks,0.341268716613914,,,False
2002H2-E,E,scorecard,,2020H2,71,24919,71,brier,0.0028624324372320898,,,False
2002H2-E,E,scorecard,,2020H2,71,24919,71,brier_miscalibration,3.499654812601444e-05,,,False
2002H2-E,E,scorecard,,2020H2,71,24919,71,brier_discrimination,1.3677500788519727e-05,,,False
2002H2-E,E,scorecard,,2020H2,71,24919,71,brier_uncertainty,0.002841113389894595,,,False
2002H2-E,E,scorecard,,2020H2,71,24919,71,observed_over_expected,0.6549596817641571,0.511678406762091,0.8258347752695795,False
2002H2-E,E,scorecard,,2020H2,71,24919,71,log_oe,-0.42318159979998354,-0.6700589630802732,-0.1913605554097921,False
2002H2-E,E,scorecard,,2020H2,71,24919,71,cox_intercept,-2.679380492821056,-3.7900148397746896,-1.5687461458674226,False
2002H2-E,E,scorecard,,2020H2,71,24919,71,cox_slope,0.5561480316550401,0.3536649590421179,0.7586311042679623,False
2002H2-E,E,scorecard,,2020H2,71,24919,71,psi,0.4538089245313339,,,False
2002H2-E,E,scorecard,,2020H2,71,24919,71,psi_critical,0.0008917468171326499,,,False
2002H2-E,E,scorecard,,2021H1,73,24909,90,auc,0.7440569724807607,0.6918444657351289,0.7962694792263926,False
2002H2-E,E,scorecard,,2021H1,73,24909,90,gini,0.4881139449615215,0.38368893147025784,0.5925389584527851,False
2002H2-E,E,scorecard,,2021H1,73,24909,90,ks,0.40125844447130554,,,False
2002H2-E,E,scorecard,,2021H1,73,24909,90,brier,0.0035935645589426257,,,False
2002H2-E,E,scorecard,,2021H1,73,24909,90,brier_miscalibration,2.1191251897380824e-05,,,False
2002H2-E,E,scorecard,,2021H1,73,24909,90,brier_discrimination,2.7723699315767517e-05,,,False
2002H2-E,E,scorecard,,2021H1,73,24909,90,brier_uncertainty,0.0036000970063610124,,,False
2002H2-E,E,scorecard,,2021H1,73,24909,90,observed_over_expected,0.7265018624044877,0.5843885203786966,0.8926241986992767,False
2002H2-E,E,scorecard,,2021H1,73,24909,90,log_oe,-0.3195142324451642,-0.5371892427299158,-0.11358961680347548,False
2002H2-E,E,scorecard,,2021H1,73,24909,90,cox_intercept,-1.148784824356899,-2.0854517327223547,-0.21211791599144347,False
2002H2-E,E,scorecard,,2021H1,73,24909,90,cox_slope,0.827652059233311,0.6408341930189778,1.0144699254476441,False
2002H2-E,E,scorecard,,2021H1,73,24909,90,psi,0.31823185250398645,,,False
2002H2-E,E,scorecard,,2021H1,73,24909,90,psi_critical,0.0008920193928808219,,,False
2002H2-E,E,scorecard,,2021H2,75,24929,136,auc,0.7542458912738652,0.7128012269926718,0.7956905555550586,True
2002H2-E,E,scorecard,,2021H2,75,24929,136,gini,0.5084917825477304,0.4256024539853436,0.5913811111101173,True
2002H2-E,E,scorecard,,2021H2,75,24929,136,ks,0.39193878253112235,,,True
2002H2-E,E,scorecard,,2021H2,75,24929,136,brier,0.005391956699952685,,,True
2002H2-E,E,scorecard,,2021H2,75,24929,136,brier_miscalibration,1.680465429361455e-05,,,True
2002H2-E,E,scorecard,,2021H2,75,24929,136,brier_discrimination,5.057914573052512e-05,,,True
2002H2-E,E,scorecard,,2021H2,75,24929,136,brier_uncertainty,0.005425731191389596,,,True
2002H2-E,E,scorecard,,2021H2,75,24929,136,observed_over_expected,0.9105891276121282,0.7643081061639462,1.0765871129191735,True
2002H2-E,E,scorecard,,2021H2,75,24929,136,log_oe,-0.09366349595931547,-0.26878429079196736,0.07379595690697385,True
2002H2-E,E,scorecard,,2021H2,75,24929,136,cox_intercept,-0.7353907176263893,-1.480677588638342,0.009896153385563378,True
2002H2-E,E,scorecard,,2021H2,75,24929,136,cox_slope,0.860516022151279,0.7050116459970456,1.0160203983055123,True
2002H2-E,E,scorecard,,2021H2,75,24929,136,psi,0.18448179095569212,,,True
2002H2-E,E,scorecard,,2021H2,75,24929,136,psi_critical,0.0008914744600661323,,,True
2002H2-E,E,scorecard,,2022H1,77,24889,291,auc,0.7728084785481121,0.7474223205220698,0.7981946365741543,True
2002H2-E,E,scorecard,,2022H1,77,24889,291,gini,0.5456169570962242,0.4948446410441396,0.5963892731483087,True
2002H2-E,E,scorecard,,2022H1,77,24889,291,ks,0.4250134604299681,,,True
2002H2-E,E,scorecard,,2022H1,77,24889,291,brier,0.011452888225712,,,True
2002H2-E,E,scorecard,,2022H1,77,24889,291,brier_miscalibration,7.90900437655645e-05,,,True
2002H2-E,E,scorecard,,2022H1,77,24889,291,brier_discrimination,0.00018141309941897311,,,True
2002H2-E,E,scorecard,,2022H1,77,24889,291,brier_uncertainty,0.01155521128136541,,,True
2002H2-E,E,scorecard,,2022H1,77,24889,291,observed_over_expected,1.624448531137623,1.444065235890455,1.8209222435153756,True
2002H2-E,E,scorecard,,2022H1,77,24889,291,log_oe,0.4851683927304434,0.3674622166596315,0.5993430999520782,True
2002H2-E,E,scorecard,,2022H1,77,24889,291,cox_intercept,0.09910300615091973,-0.4130973135797915,0.6113033258816309,True
2002H2-E,E,scorecard,,2022H1,77,24889,291,cox_slope,0.9100734445731279,0.7987206624141743,1.0214262267320815,True
2002H2-E,E,scorecard,,2022H1,77,24889,291,psi,0.10531168300602739,,,True
2002H2-E,E,scorecard,,2022H1,77,24889,291,psi_critical,0.0008925652014764825,,,True
2002H2-E,E,scorecard,,2022H2,79,24859,373,auc,0.7506551864511296,0.7268559949772967,0.7744543779249625,True
2002H2-E,E,scorecard,,2022H2,79,24859,373,gini,0.5013103729022592,0.4537119899545934,0.548908755849925,True
2002H2-E,E,scorecard,,2022H2,79,24859,373,ks,0.36831923872239514,,,True
2002H2-E,E,scorecard,,2022H2,79,24859,373,brier,0.014623973184639871,,,True
2002H2-E,E,scorecard,,2022H2,79,24859,373,brier_miscalibration,0.0001459206660782402,,,True
2002H2-E,E,scorecard,,2022H2,79,24859,373,brier_discrimination,0.00030143476845713446,,,True
2002H2-E,E,scorecard,,2022H2,79,24859,373,brier_uncertainty,0.014779487287018766,,,True
2002H2-E,E,scorecard,,2022H2,79,24859,373,observed_over_expected,2.0035497032471405,1.8066668317848076,2.215776090964649,True
2002H2-E,E,scorecard,,2022H2,79,24859,373,log_oe,0.6949204589955478,0.5914836181772459,0.7956027217964907,True
2002H2-E,E,scorecard,,2022H2,79,24859,373,cox_intercept,0.25042283313971686,-0.21364119952886362,0.7144868658082973,True
2002H2-E,E,scorecard,,2022H2,79,24859,373,cox_slope,0.8952883371900832,0.7944715963429744,0.996105078037192,True
2002H2-E,E,scorecard,,2022H2,79,24859,373,psi,0.11022019539860549,,,True
2002H2-E,E,scorecard,,2022H2,79,24859,373,psi_critical,0.0008933855610832231,,,True
2002H2-E,E,scorecard,,2023H1,81,24882,381,auc,0.7800206022979832,0.759022857794856,0.8010183468011104,True
2002H2-E,E,scorecard,,2023H1,81,24882,381,gini,0.5600412045959664,0.518045715589712,0.6020366936022208,True
2002H2-E,E,scorecard,,2023H1,81,24882,381,ks,0.42446154375186995,,,True
2002H2-E,E,scorecard,,2023H1,81,24882,381,brier,0.014928546917840988,,,True
2002H2-E,E,scorecard,,2023H1,81,24882,381,brier_miscalibration,0.00016735422097288212,,,True
2002H2-E,E,scorecard,,2023H1,81,24882,381,brier_discrimination,0.0003166155030973651,,,True
2002H2-E,E,scorecard,,2023H1,81,24882,381,brier_uncertainty,0.015077808199965471,,,True
2002H2-E,E,scorecard,,2023H1,81,24882,381,observed_over_expected,2.0623129429748173,1.861768602236765,2.278306642825872,True
2002H2-E,E,scorecard,,2023H1,81,24882,381,log_oe,0.7238281407984808,0.6215268973603733,0.8234324665127184,True
2002H2-E,E,scorecard,,2023H1,81,24882,381,cox_intercept,0.5398290708868304,0.09255071886180621,0.9871074229118546,True
2002H2-E,E,scorecard,,2023H1,81,24882,381,cox_slope,0.9531313682056266,0.8547792445413496,1.0514834918699036,True
2002H2-E,E,scorecard,,2023H1,81,24882,381,psi,0.11495299449851075,,,True
2002H2-E,E,scorecard,,2023H1,81,24882,381,psi_critical,0.0008927564417790408,,,True
2002H2-E,E,scorecard,,2023H2,83,24866,363,auc,0.8041493541747686,0.7836275090869993,0.824671199262538,True
2002H2-E,E,scorecard,,2023H2,83,24866,363,gini,0.6082987083495373,0.5672550181739986,0.6493423985250759,True
2002H2-E,E,scorecard,,2023H2,83,24866,363,ks,0.48659010551246384,,,True
2002H2-E,E,scorecard,,2023H2,83,24866,363,brier,0.014165512097251615,,,True
2002H2-E,E,scorecard,,2023H2,83,24866,363,brier_miscalibration,0.0002061546916173381,,,True
2002H2-E,E,scorecard,,2023H2,83,24866,363,brier_discrimination,0.0004257803923047518,,,True
2002H2-E,E,scorecard,,2023H2,83,24866,363,brier_uncertainty,0.014385137797939028,,,True
2002H2-E,E,scorecard,,2023H2,83,24866,363,observed_over_expected,2.0516574112681782,1.8473227028164212,2.2721541350811445,True
2002H2-E,E,scorecard,,2023H2,83,24866,363,log_oe,0.7186479597972114,0.6137374032359579,0.8207283397026685,True
2002H2-E,E,scorecard,,2023H2,83,24866,363,cox_intercept,0.9733256581161636,0.5225481754555644,1.4241031407767628,True
2002H2-E,E,scorecard,,2023H2,83,24866,363,cox_slope,1.0531260823370792,0.952440393230075,1.1538117714440834,True
2002H2-E,E,scorecard,,2023H2,83,24866,363,psi,0.11514203695930517,,,True
2002H2-E,E,scorecard,,2023H2,83,24866,363,psi_critical,0.0008931939667887847,,,True
2002H2-E,E,gbm,,2003H1,1,24276,72,auc,0.8505983285590994,0.800319001643484,0.9008776554747149,False
2002H2-E,E,gbm,,2003H1,1,24276,72,gini,0.7011966571181989,0.600638003286968,0.8017553109494298,False
2002H2-E,E,gbm,,2003H1,1,24276,72,ks,0.6147813033658348,,,False
2002H2-E,E,gbm,,2003H1,1,24276,72,brier,0.002968877507934885,,,False
2002H2-E,E,gbm,,2003H1,1,24276,72,brier_miscalibration,0.00010065924267248531,,,False
2002H2-E,E,gbm,,2003H1,1,24276,72,brier_discrimination,8.887745721140568e-05,,,False
2002H2-E,E,gbm,,2003H1,1,24276,72,brier_uncertainty,0.0029570957224738055,,,False
2002H2-E,E,gbm,,2003H1,1,24276,72,observed_over_expected,0.3844255783907646,0.300880276200813,0.48393412568152283,False
2002H2-E,E,gbm,,2003H1,1,24276,72,log_oe,-0.9560050630207669,-1.2010428468438323,-0.7258064854922861,False
2002H2-E,E,gbm,,2003H1,1,24276,72,cox_intercept,0.05277436872323333,-0.7291880081640816,0.8347367456105483,False
2002H2-E,E,gbm,,2003H1,1,24276,72,cox_slope,1.2530401743031243,1.0607336268572072,1.4453467217490414,False
2002H2-E,E,gbm,,2003H1,1,24276,72,psi,0.1843733415113829,,,False
2002H2-E,E,gbm,,2003H1,1,24276,72,psi_critical,0.0009097304467549609,,,False
2002H2-E,E,gbm,,2003H2,3,24205,139,auc,0.8398782843583025,0.8050596805809888,0.8746968881356162,True
2002H2-E,E,gbm,,2003H2,3,24205,139,gini,0.679756568716605,0.6101193611619775,0.7493937762712324,True
2002H2-E,E,gbm,,2003H2,3,24205,139,ks,0.5690842987539662,,,True
2002H2-E,E,gbm,,2003H2,3,24205,139,brier,0.005608702434944518,,,True
2002H2-E,E,gbm,,2003H2,3,24205,139,brier_miscalibration,4.889208643819344e-05,,,True
2002H2-E,E,gbm,,2003H2,3,24205,139,brier_discrimination,0.0001498271847496244,,,True
2002H2-E,E,gbm,,2003H2,3,24205,139,brier_uncertainty,0.005709637533255949,,,True
2002H2-E,E,gbm,,2003H2,3,24205,139,observed_over_expected,0.6102599215385358,0.5132537320898961,0.7201835239571647,True
2002H2-E,E,gbm,,2003H2,3,24205,139,log_oe,-0.493870311687136,-0.6669849516241029,-0.32824920506713967,True
2002H2-E,E,gbm,,2003H2,3,24205,139,cox_intercept,0.4005703383271353,-0.18892639685535784,0.9900670735096284,True
2002H2-E,E,gbm,,2003H2,3,24205,139,cox_slope,1.2314367077605515,1.0821026879372466,1.3807707275838563,True
2002H2-E,E,gbm,,2003H2,3,24205,139,psi,0.054274603020396106,,,True
2002H2-E,E,gbm,,2003H2,3,24205,139,psi_critical,0.0009117747732087028,,,True
2002H2-E,E,gbm,,2004H1,5,24219,181,auc,0.8305763802156714,0.8018712247676043,0.8592815356637384,True
2002H2-E,E,gbm,,2004H1,5,24219,181,gini,0.6611527604313427,0.6037424495352086,0.7185630713274769,True
2002H2-E,E,gbm,,2004H1,5,24219,181,ks,0.5409940246543341,,,True
2002H2-E,E,gbm,,2004H1,5,24219,181,brier,0.007320364494075926,,,True
2002H2-E,E,gbm,,2004H1,5,24219,181,brier_miscalibration,6.007324024306492e-05,,,True
2002H2-E,E,gbm,,2004H1,5,24219,181,brier_discrimination,0.00015732721535549263,,,True
2002H2-E,E,gbm,,2004H1,5,24219,181,brier_uncertainty,0.007417618469188354,,,True
2002H2-E,E,gbm,,2004H1,5,24219,181,observed_over_expected,0.7337009936199155,0.631021394858817,0.8482255356593047,True
2002H2-E,E,gbm,,2004H1,5,24219,181,log_oe,-0.30965369900398665,-0.4604155107418506,-0.16460871668943275,True
2002H2-E,E,gbm,,2004H1,5,24219,181,cox_intercept,0.16332072834151617,-0.3648204371248584,0.6914618938078907,True
2002H2-E,E,gbm,,2004H1,5,24219,181,cox_slope,1.1231138557250606,0.9912068527323037,1.2550208587178175,True
2002H2-E,E,gbm,,2004H1,5,24219,181,psi,0.026864606106142108,,,True
2002H2-E,E,gbm,,2004H1,5,24219,181,psi_critical,0.0009113707178628681,,,True
2002H2-E,E,gbm,,2004H2,7,24090,202,auc,0.8212726842426372,0.7950786222331374,0.847466746252137,True
2002H2-E,E,gbm,,2004H2,7,24090,202,gini,0.6425453684852744,0.5901572444662748,0.694933492504274,True
2002H2-E,E,gbm,,2004H2,7,24090,202,ks,0.5132027017169232,,,True
2002H2-E,E,gbm,,2004H2,7,24090,202,brier,0.008253518571532684,,,True
2002H2-E,E,gbm,,2004H2,7,24090,202,brier_miscalibration,8.966256035190107e-05,,,True
2002H2-E,E,gbm,,2004H2,7,24090,202,brier_discrimination,0.00015105412327591668,,,True
2002H2-E,E,gbm,,2004H2,7,24090,202,brier_uncertainty,0.0083149101344567,,,True
2002H2-E,E,gbm,,2004H2,7,24090,202,observed_over_expected,0.7183369004947502,0.6230219025125313,0.8240107111257298,True
2002H2-E,E,gbm,,2004H2,7,24090,202,log_oe,-0.33081659923876544,-0.4731736042917429,-0.1935717502181584,True
2002H2-E,E,gbm,,2004H2,7,24090,202,cox_intercept,-0.06454869570272138,-0.5646880550169247,0.4355906636114819,True
2002H2-E,E,gbm,,2004H2,7,24090,202,cox_slope,1.0723315777090647,0.9454155133632185,1.199247642054911,True
2002H2-E,E,gbm,,2004H2,7,24090,202,psi,0.004407200980566103,,,True
2002H2-E,E,gbm,,2004H2,7,24090,202,psi_critical,0.0009151115723796342,,,True
2002H2-E,E,gbm,,2005H1,9,24233,248,auc,0.7909408265918888,0.7629916709493538,0.8188899822344238,True
2002H2-E,E,gbm,,2005H1,9,24233,248,gini,0.5818816531837776,0.5259833418987077,0.6377799644688475,True
2002H2-E,E,gbm,,2005H1,9,24233,248,ks,0.47741885049123445,,,True
2002H2-E,E,gbm,,2005H1,9,24233,248,brier,0.01001617475768793,,,True
2002H2-E,E,gbm,,2005H1,9,24233,248,brier_miscalibration,7.665525900079316e-05,,,True
2002H2-E,E,gbm,,2005H1,9,24233,248,brier_discrimination,0.00018972464533699267,,,True
2002H2-E,E,gbm,,2005H1,9,24233,248,brier_uncertainty,0.01012924414402413,,,True
2002H2-E,E,gbm,,2005H1,9,24233,248,observed_over_expected,0.9145153737886947,0.804709807648296,1.0349985687336525,True
2002H2-E,E,gbm,,2005H1,9,24233,248,log_oe,-0.08936100015124868,-0.21727355394819464,0.034400043850339984,True
2002H2-E,E,gbm,,2005H1,9,24233,248,cox_intercept,-0.16138123216340153,-0.6283377141649703,0.3055752498381672,True
2002H2-E,E,gbm,,2005H1,9,24233,248,cox_slope,0.982469531734696,0.8685692925958078,1.096369770873584,True
2002H2-E,E,gbm,,2005H1,9,24233,248,psi,0.008658996390123954,,,True
2002H2-E,E,gbm,,2005H1,9,24233,248,psi_critical,0.000910967129382452,,,True
2002H2-E,E,gbm,,2005H2,11,24082,266,auc,0.8231502610237383,0.8008562515634474,0.8454442704840293,True
2002H2-E,E,gbm,,2005H2,11,24082,266,gini,0.6463005220474767,0.6017125031268948,0.6908885409680585,True
2002H2-E,E,gbm,,2005H2,11,24082,266,ks,0.5176118411581523,,,True
2002H2-E,E,gbm,,2005H2,11,24082,266,brier,0.010673684471442716,,,True
2002H2-E,E,gbm,,2005H2,11,24082,266,brier_miscalibration,4.0423904122349405e-05,,,True
2002H2-E,E,gbm,,2005H2,11,24082,266,brier_discrimination,0.00029032850076146643,,,True
2002H2-E,E,gbm,,2005H2,11,24082,266,brier_uncertainty,0.010923589068081833,,,True
2002H2-E,E,gbm,,2005H2,11,24082,266,observed_over_expected,0.9730157093795349,0.8601249409683726,1.0964733507940625,True
2002H2-E,E,gbm,,2005H2,11,24082,266,log_oe,-0.027355051623758016,-0.15067762009094723,0.09209898469907778,True
2002H2-E,E,gbm,,2005H2,11,24082,266,cox_intercept,0.47551397519235816,0.02615176803682079,0.9248761823478955,True
2002H2-E,E,gbm,,2005H2,11,24082,266,cox_slope,1.1303934683034136,1.0165245363651083,1.2442624002417189,True
2002H2-E,E,gbm,,2005H2,11,24082,266,psi,0.016390863331125594,,,True
2002H2-E,E,gbm,,2005H2,11,24082,266,psi_critical,0.0009153448831300265,,,True
2002H2-E,E,gbm,,2006H1,13,23280,405,auc,0.7928956351615731,0.7730314386861147,0.8127598316370316,True
2002H2-E,E,gbm,,2006H1,13,23280,405,gini,0.5857912703231463,0.5460628773722294,0.6255196632740632,True
2002H2-E,E,gbm,,2006H1,13,23280,405,ks,0.47659825946164747,,,True
2002H2-E,E,gbm,,2006H1,13,23280,405,brier,0.01674743194075307,,,True
2002H2-E,E,gbm,,2006H1,13,23280,405,brier_miscalibration,0.00015465550082497878,,,True
2002H2-E,E,gbm,,2006H1,13,23280,405,brier_discrimination,0.0005014783958674253,,,True
2002H2-E,E,gbm,,2006H1,13,23280,405,brier_uncertainty,0.017094254835795516,,,True
2002H2-E,E,gbm,,2006H1,13,23280,405,observed_over_expected,1.360747799288647,1.2324295642932208,1.4986097243568812,True
2002H2-E,E,gbm,,2006H1,13,23280,405,log_oe,0.3080344010526334,0.20898747665518802,0.4045378278879711,True
2002H2-E,E,gbm,,2006H1,13,23280,405,cox_intercept,0.2598878094245301,-0.10926994217160796,0.6290455610206682,True
2002H2-E,E,gbm,,2006H1,13,23280,405,cox_slope,0.9838874737572398,0.8915651662104332,1.0762097813040463,True
2002H2-E,E,gbm,,2006H1,13,23280,405,psi,0.030475530507097177,,,True
2002H2-E,E,gbm,,2006H1,13,23280,405,psi_critical,0.0009395480923950377,,,True
2002H2-E,E,gbm,,2006H2,15,23898,525,auc,0.7855989307972365,0.7680147975194402,0.8031830640750328,True
2002H2-E,E,gbm,,2006H2,15,23898,525,gini,0.571197861594473,0.5360295950388805,0.6063661281500656,True
2002H2-E,E,gbm,,2006H2,15,23898,525,ks,0.43964574509048904,,,True
2002H2-E,E,gbm,,2006H2,15,23898,525,brier,0.021106560187525547,,,True
2002H2-E,E,gbm,,2006H2,15,23898,525,brier_miscalibration,0.0002595550261233759,,,True
2002H2-E,E,gbm,,2006H2,15,23898,525,brier_discrimination,0.0006387513071039186,,,True
2002H2-E,E,gbm,,2006H2,15,23898,525,brier_uncertainty,0.02148575646850609,,,True
2002H2-E,E,gbm,,2006H2,15,23898,525,observed_over_expected,1.6776888446945808,1.5386199962484626,1.8257310974643757,True
2002H2-E,E,gbm,,2006H2,15,23898,525,log_oe,0.5174171586063379,0.4308859083500703,0.6019805081655,True
2002H2-E,E,gbm,,2006H2,15,23898,525,cox_intercept,0.3360872059428533,0.009925172234494295,0.6622492396512123,True
2002H2-E,E,gbm,,2006H2,15,23898,525,cox_slope,0.9460345536045018,0.8650476622218843,1.0270214449871193,True
2002H2-E,E,gbm,,2006H2,15,23898,525,psi,0.04490527270194789,,,True
2002H2-E,E,gbm,,2006H2,15,23898,525,psi_critical,0.0009207541427948479,,,True
2002H2-E,E,gbm,,2007H1,17,23169,808,auc,0.785251106837798,0.7709209116399776,0.7995813020356184,True
2002H2-E,E,gbm,,2007H1,17,23169,808,gini,0.570502213675596,0.5418418232799551,0.5991626040712368,True
2002H2-E,E,gbm,,2007H1,17,23169,808,ks,0.42275956945902543,,,True
2002H2-E,E,gbm,,2007H1,17,23169,808,brier,0.03307164857113271,,,True
2002H2-E,E,gbm,,2007H1,17,23169,808,brier_miscalibration,0.0010154636952173501,,,True
2002H2-E,E,gbm,,2007H1,17,23169,808,brier_discrimination,0.0016017916552360997,,,True
2002H2-E,E,gbm,,2007H1,17,23169,808,brier_uncertainty,0.03365797653115146,,,True
2002H2-E,E,gbm,,2007H1,17,23169,808,observed_over_expected,2.50178803260769,2.3349698039472537,2.6770427992552737,True
2002H2-E,E,gbm,,2007H1,17,23169,808,log_oe,0.9170056892742681,0.8479989591088716,0.9847127521785386,True
2002H2-E,E,gbm,,2007H1,17,23169,808,cox_intercept,0.8104607816484054,0.5451391180816471,1.0757824452151636,True
2002H2-E,E,gbm,,2007H1,17,23169,808,cox_slope,0.9556792274873738,0.8893548424344758,1.0220036125402716,True
2002H2-E,E,gbm,,2007H1,17,23169,808,psi,0.05875180203256279,,,True
2002H2-E,E,gbm,,2007H1,17,23169,808,psi_critical,0.0009430299165095281,,,True
2002H2-E,E,gbm,,2007H2,19,24367,1560,auc,0.7711429689265442,0.7604233775740172,0.7818625602790712,True
2002H2-E,E,gbm,,2007H2,19,24367,1560,gini,0.5422859378530884,0.5208467551480345,0.5637251205581424,True
2002H2-E,E,gbm,,2007H2,19,24367,1560,ks,0.41479561493153816,,,True
2002H2-E,E,gbm,,2007H2,19,24367,1560,brier,0.06052666331591751,,,True
2002H2-E,E,gbm,,2007H2,19,24367,1560,brier_miscalibration,0.004497609778998955,,,True
2002H2-E,E,gbm,,2007H2,19,24367,1560,brier_discrimination,0.0038932685069047943,,,True
2002H2-E,E,gbm,,2007H2,19,24367,1560,brier_uncertainty,0.05992232204382335,,,True
2002H2-E,E,gbm,,2007H2,19,24367,1560,observed_over_expected,4.319809203895092,4.114554555333172,4.532113565360788,True
2002H2-E,E,gbm,,2007H2,19,24367,1560,log_oe,1.463211235515658,1.4145305792619518,1.511188401404489,True
2002H2-E,E,gbm,,2007H2,19,24367,1560,cox_intercept,1.2191143210443123,1.0150845268029656,1.423144115285659,True
2002H2-E,E,gbm,,2007H2,19,24367,1560,cox_slope,0.9011744666615928,0.8510776992771634,0.9512712340460223,True
2002H2-E,E,gbm,,2007H2,19,24367,1560,psi,0.05530030736560769,,,True
2002H2-E,E,gbm,,2007H2,19,24367,1560,psi_critical,0.0009071276736180257,,,True
2002H2-E,E,gbm,,2008H1,21,24660,1109,auc,0.7809305431157806,0.7681444170639088,0.7937166691676524,True
2002H2-E,E,gbm,,2008H1,21,24660,1109,gini,0.5618610862315612,0.5362888341278176,0.5874333383353048,True
2002H2-E,E,gbm,,2008H1,21,24660,1109,ks,0.4217715412925593,,,True
2002H2-E,E,gbm,,2008H1,21,24660,1109,brier,0.04304812439559646,,,True
2002H2-E,E,gbm,,2008H1,21,24660,1109,brier_miscalibration,0.0025977891776744547,,,True
2002H2-E,E,gbm,,2008H1,21,24660,1109,brier_discrimination,0.0024988326705518288,,,True
2002H2-E,E,gbm,,2008H1,21,24660,1109,brier_uncertainty,0.04294916788847383,,,True
2002H2-E,E,gbm,,2008H1,21,24660,1109,observed_over_expected,4.291265498121066,4.047642915353963,4.5451852251540314,True
2002H2-E,E,gbm,,2008H1,21,24660,1109,log_oe,1.4565816773465559,1.3981347154840162,1.5140684804082842,True
2002H2-E,E,gbm,,2008H1,21,24660,1109,cox_intercept,1.552714106501352,1.2920490344807811,1.813379178521923,True
2002H2-E,E,gbm,,2008H1,21,24660,1109,cox_slope,0.9994729470714161,0.9392183963912974,1.0597274977515347,True
2002H2-E,E,gbm,,2008H1,21,24660,1109,psi,0.025224241525837854,,,True
2002H2-E,E,gbm,,2008H1,21,24660,1109,psi_critical,0.0008988778132056631,,,True
2002H2-E,E,gbm,,2008H2,23,24746,863,auc,0.7881419942691847,0.7738026253043961,0.8024813632339733,True
2002H2-E,E,gbm,,2008H2,23,24746,863,gini,0.5762839885383695,0.5476052506087923,0.6049627264679467,True
2002H2-E,E,gbm,,2008H2,23,24746,863,ks,0.4295711291270319,,,True
2002H2-E,E,gbm,,2008H2,23,24746,863,brier,0.033576157648224,,,True
2002H2-E,E,gbm,,2008H2,23,24746,863,brier_miscalibration,0.0017885962759949525,,,True
2002H2-E,E,gbm,,2008H2,23,24746,863,brier_discrimination,0.0018705433374174574,,,True
2002H2-E,E,gbm,,2008H2,23,24746,863,brier_uncertainty,0.0336581047096465,,,True
2002H2-E,E,gbm,,2008H2,23,24746,863,observed_over_expected,3.9243571525208925,3.6710267183998777,4.190073203073647,True
2002H2-E,E,gbm,,2008H2,23,24746,863,log_oe,1.3672025550232798,1.300471382722991,1.4327182046820637,True
2002H2-E,E,gbm,,2008H2,23,24746,863,cox_intercept,2.0453178631983246,1.7212723797020621,2.369363346694587,True
2002H2-E,E,gbm,,2008H2,23,24746,863,cox_slope,1.1410038518393342,1.0674270609665484,1.21458064271212,True
2002H2-E,E,gbm,,2008H2,23,24746,863,psi,0.07940169855462492,,,True
2002H2-E,E,gbm,,2008H2,23,24746,863,psi_critical,0.0008964934386102239,,,True
2002H2-E,E,gbm,,2009H1,25,24844,119,auc,0.7948663874043045,0.7558010338179767,0.8339317409906323,True
2002H2-E,E,gbm,,2009H1,25,24844,119,gini,0.589732774808609,0.5116020676359534,0.6678634819812646,True
2002H2-E,E,gbm,,2009H1,25,24844,119,ks,0.4770617974186641,,,True
2002H2-E,E,gbm,,2009H1,25,24844,119,brier,0.004729626453977453,,,True
2002H2-E,E,gbm,,2009H1,25,24844,119,brier_miscalibration,4.048655044928094e-05,,,True
2002H2-E,E,gbm,,2009H1,25,24844,119,brier_discrimination,7.780596751084685e-05,,,True
2002H2-E,E,gbm,,2009H1,25,24844,119,brier_uncertainty,0.0047669458710390186,,,True
2002H2-E,E,gbm,,2009H1,25,24844,119,observed_over_expected,0.8187435913053336,0.6785266437878692,0.9792869556037713,True
2002H2-E,E,gbm,,2009H1,25,24844,119,log_oe,-0.19998431947664277,-0.38783153181517205,-0.020930568466871892,True
2002H2-E,E,gbm,,2009H1,25,24844,119,cox_intercept,0.9598082934853855,0.10971531450412819,1.809901272466643,True
2002H2-E,E,gbm,,2009H1,25,24844,119,cox_slope,1.2474714562920148,1.0667404947168595,1.4282024178671702,True
2002H2-E,E,gbm,,2009H1,25,24844,119,psi,0.3922468588070156,,,True
2002H2-E,E,gbm,,2009H1,25,24844,119,psi_critical,0.000893796483846308,,,True
2002H2-E,E,gbm,,2009H2,27,24709,196,auc,0.8315787458050163,0.8045383863749489,0.8586191052350838,True
2002H2-E,E,gbm,,2009H2,27,24709,196,gini,0.6631574916100327,0.6090767727498978,0.7172382104701676,True
2002H2-E,E,gbm,,2009H2,27,24709,196,ks,0.5327982986120651,,,True
2002H2-E,E,gbm,,2009H2,27,24709,196,brier,0.00772982911247165,,,True
2002H2-E,E,gbm,,2009H2,27,24709,196,brier_miscalibration,7.098130090377793e-05,,,True
2002H2-E,E,gbm,,2009H2,27,24709,196,brier_discrimination,0.0002105626404814518,,,True
2002H2-E,E,gbm,,2009H2,27,24709,196,brier_uncertainty,0.007869410452049324,,,True
2002H2-E,E,gbm,,2009H2,27,24709,196,observed_over_expected,1.1011763658977882,0.9528950652310085,1.2658440441490344,True
2002H2-E,E,gbm,,2009H2,27,24709,196,log_oe,0.09637903192177238,-0.04825049132646163,0.23573912825777465,True
2002H2-E,E,gbm,,2009H2,27,24709,196,cox_intercept,1.027802826322426,0.46984524574680964,1.5857604068980422,True
2002H2-E,E,gbm,,2009H2,27,24709,196,cox_slope,1.2118001520037835,1.0859260951019105,1.3376742089056566,True
2002H2-E,E,gbm,,2009H2,27,24709,196,psi,0.200620641106443,,,True
2002H2-E,E,gbm,,2009H2,27,24709,196,psi_critical,0.0008975172398747903,,,True
2002H2-E,E,gbm,,2010H1,29,24843,191,auc,0.8308994183325079,0.8023211642714662,0.8594776723935497,True
2002H2-E,E,gbm,,2010H1,29,24843,191,gini,0.6617988366650158,0.6046423285429323,0.7189553447870993,True
2002H2-E,E,gbm,,2010H1,29,24843,191,ks,0.5351071204358386,,,True
2002H2-E,E,gbm,,2010H1,29,24843,191,brier,0.007431640767192729,,,True
2002H2-E,E,gbm,,2010H1,29,24843,191,brier_miscalibration,5.7735558396062626e-05,,,True
2002H2-E,E,gbm,,2010H1,29,24843,191,brier_discrimination,0.0002552675182898598,,,True
2002H2-E,E,gbm,,2010H1,29,24843,191,brier_uncertainty,0.0076291727270865264,,,True
2002H2-E,E,gbm,,2010H1,29,24843,191,observed_over_expected,1.0093583083382394,0.8717238923784181,1.1624182240480092,True
2002H2-E,E,gbm,,2010H1,29,24843,191,log_oe,0.00931479066130627,-0.13728254239400717,0.15050251110011714,True
2002H2-E,E,gbm,,2010H1,29,24843,191,cox_intercept,0.8370400699795321,0.3154773855545935,1.3586027544044708,True
2002H2-E,E,gbm,,2010H1,29,24843,191,cox_slope,1.1940718572789173,1.073545733285251,1.3145979812725836,True
2002H2-E,E,gbm,,2010H1,29,24843,191,psi,0.16179610709293224,,,True
2002H2-E,E,gbm,,2010H1,29,24843,191,psi_critical,0.0008938238963406861,,,True
2002H2-E,E,gbm,,2010H2,31,24683,152,auc,0.8405099401616429,0.8078076189442136,0.8732122613790723,True
2002H2-E,E,gbm,,2010H2,31,24683,152,gini,0.6810198803232859,0.6156152378884272,0.7464245227581445,True
2002H2-E,E,gbm,,2010H2,31,24683,152,ks,0.5576579794846049,,,True
2002H2-E,E,gbm,,2010H2,31,24683,152,brier,0.005990554772672611,,,True
2002H2-E,E,gbm,,2010H2,31,24683,152,brier_miscalibration,6.483890489033996e-05,,,True
2002H2-E,E,gbm,,2010H2,31,24683,152,brier_discrimination,0.00019444663897281132,,,True
2002H2-E,E,gbm,,2010H2,31,24683,152,brier_uncertainty,0.0061201625067550825,,,True
2002H2-E,E,gbm,,2010H2,31,24683,152,observed_over_expected,0.889207367953002,0.753805729279268,1.041786296455902,True
2002H2-E,E,gbm,,2010H2,31,24683,152,log_oe,-0.1174248108794138,-0.28262059764831216,0.040936832523785036,True
2002H2-E,E,gbm,,2010H2,31,24683,152,cox_intercept,0.7220929705771328,0.14830807175586702,1.2958778693983986,True
2002H2-E,E,gbm,,2010H2,31,24683,152,cox_slope,1.1943781041814,1.063999582493097,1.3247566258697028,True
2002H2-E,E,gbm,,2010H2,31,24683,152,psi,0.24270821955987898,,,True
2002H2-E,E,gbm,,2010H2,31,24683,152,psi_critical,0.0008982385040323262,,,True
2002H2-E,E,gbm,,2011H1,33,24614,195,auc,0.8466797082137595,0.8217382535364223,0.8716211628910967,True
2002H2-E,E,gbm,,2011H1,33,24614,195,gini,0.693359416427519,0.6434765070728445,0.7432423257821934,True
2002H2-E,E,gbm,,2011H1,33,24614,195,ks,0.5680125081247158,,,True
2002H2-E,E,gbm,,2011H1,33,24614,195,brier,0.007752639983319488,,,True
2002H2-E,E,gbm,,2011H1,33,24614,195,brier_miscalibration,9.714287446702281e-05,,,True
2002H2-E,E,gbm,,2011H1,33,24614,195,brier_discrimination,0.0002040603575099954,,,True
2002H2-E,E,gbm,,2011H1,33,24614,195,brier_uncertainty,0.00785955746636246,,,True
2002H2-E,E,gbm,,2011H1,33,24614,195,observed_over_expected,0.9517607115678032,0.8232824157115214,1.0944757219074914,True
2002H2-E,E,gbm,,2011H1,33,24614,195,log_oe,-0.04944162918049548,-0.19445598320595608,0.09027545583205542,True
2002H2-E,E,gbm,,2011H1,33,24614,195,cox_intercept,0.3905477076761689,-0.09782241133578773,0.8789178266881256,True
2002H2-E,E,gbm,,2011H1,33,24614,195,cox_slope,1.1064886829083342,0.9921224640795278,1.2208549017371406,True
2002H2-E,E,gbm,,2011H1,33,24614,195,psi,0.1147458466516643,,,True
2002H2-E,E,gbm,,2011H1,33,24614,195,psi_critical,0.0009001600158810086,,,True
2002H2-E,E,gbm,,2011H2,35,24646,119,auc,0.8786573054630585,0.8521517425075705,0.9051628684185465,True
2002H2-E,E,gbm,,2011H2,35,24646,119,gini,0.7573146109261171,0.7043034850151411,0.8103257368370931,True
2002H2-E,E,gbm,,2011H2,35,24646,119,ks,0.6202661926677957,,,True
2002H2-E,E,gbm,,2011H2,35,24646,119,brier,0.004716210538589132,,,True
2002H2-E,E,gbm,,2011H2,35,24646,119,brier_miscalibration,9.209660804958796e-05,,,True
2002H2-E,E,gbm,,2011H2,35,24646,119,brier_discrimination,0.00018094263052087847,,,True
2002H2-E,E,gbm,,2011H2,35,24646,119,brier_uncertainty,0.004805056561060422,,,True
2002H2-E,E,gbm,,2011H2,35,24646,119,observed_over_expected,0.6891835887436334,0.5711567142719756,0.8243190499108024,True
2002H2-E,E,gbm,,2011H2,35,24646,119,log_oe,-0.37224758664955,-0.5600916511644144,-0.19319762752019146,True
2002H2-E,E,gbm,,2011H2,35,24646,119,cox_intercept,0.8560902489357478,0.22672611178431556,1.48545438608718,True
2002H2-E,E,gbm,,2011H2,35,24646,119,cox_slope,1.2918217139797328,1.1435044821969453,1.4401389457625202,True
2002H2-E,E,gbm,,2011H2,35,24646,119,psi,0.2268933843213966,,,True
2002H2-E,E,gbm,,2011H2,35,24646,119,psi_critical,0.0008992675421264099,,,True
2002H2-E,E,gbm,,2012H1,37,24306,148,auc,0.8564254916394993,0.8304958017540617,0.882355181524937,True
2002H2-E,E,gbm,,2012H1,37,24306,148,gini,0.7128509832789987,0.6609916035081234,0.7647103630498739,True
2002H2-E,E,gbm,,2012H1,37,24306,148,ks,0.5953128391244129,,,True
2002H2-E,E,gbm,,2012H1,37,24306,148,brier,0.006051352157252399,,,True
2002H2-E,E,gbm,,2012H1,37,24306,148,brier_miscalibration,0.00013727136954497666,,,True
2002H2-E,E,gbm,,2012H1,37,24306,148,brier_discrimination,0.00013787442235601265,,,True
2002H2-E,E,gbm,,2012H1,37,24306,148,brier_uncertainty,0.006051955210063435,,,True
2002H2-E,E,gbm,,2012H1,37,24306,148,observed_over_expected,0.5958333858978129,0.5039351214266301,0.6995585382445121,True
2002H2-E,E,gbm,,2012H1,37,24306,148,log_oe,-0.5177942048619824,-0.685307746524957,-0.35730580253887756,True
2002H2-E,E,gbm,,2012H1,37,24306,148,cox_intercept,-0.24804412046316382,-0.7400826142134425,0.24399437328711476,True
2002H2-E,E,gbm,,2012H1,37,24306,148,cox_slope,1.0759291283368122,0.9524124933300421,1.1994457633435822,True
2002H2-E,E,gbm,,2012H1,37,24306,148,psi,0.042613949338047505,,,True
2002H2-E,E,gbm,,2012H1,37,24306,148,psi_critical,0.0009088702362381206,,,True
2002H2-E,E,gbm,,2012H2,39,24538,131,auc,0.85623899663374,0.8276156362780624,0.8848623569894176,True
2002H2-E,E,gbm,,2012H2,39,24538,131,gini,0.7124779932674801,0.6552312725561249,0.7697247139788352,True
2002H2-E,E,gbm,,2012H2,39,24538,131,ks,0.581310830299279,,,True
2002H2-E,E,gbm,,2012H2,39,24538,131,brier,0.005337746756647648,,,True
2002H2-E,E,gbm,,2012H2,39,24538,131,brier_miscalibration,0.00013761201783282252,,,True
2002H2-E,E,gbm,,2012H2,39,24538,131,brier_discrimination,0.00011002239496277558,,,True
2002H2-E,E,gbm,,2012H2,39,24538,131,brier_uncertainty,0.005310157133777601,,,True
2002H2-E,E,gbm,,2012H2,39,24538,131,observed_over_expected,0.5420593495163585,0.4534040253501491,0.6429090433400522,True
2002H2-E,E,gbm,,2012H2,39,24538,131,log_oe,-0.6123797825845916,-0.7909716628048699,-0.4417520214533344,True
2002H2-E,E,gbm,,2012H2,39,24538,131,cox_intercept,-0.2848941604281173,-0.8054347566175375,0.23564643576130284,True
2002H2-E,E,gbm,,2012H2,39,24538,131,cox_slope,1.0909458982186429,0.9607770505140862,1.2211147459231995,True
2002H2-E,E,gbm,,2012H2,39,24538,131,psi,0.051555957670934065,,,True
2002H2-E,E,gbm,,2012H2,39,24538,131,psi_critical,0.000902288970232224,,,True
2002H2-E,E,gbm,,2013H1,41,24341,85,auc,0.8412075120285578,0.8037551248520896,0.8786598992050261,False
2002H2-E,E,gbm,,2013H1,41,24341,85,gini,0.6824150240571156,0.6075102497041791,0.7573197984100521,False
2002H2-E,E,gbm,,2013H1,41,24341,85,ks,0.5621396282787521,,,False
2002H2-E,E,gbm,,2013H1,41,24341,85,brier,0.003633903669467901,,,False
2002H2-E,E,gbm,,2013H1,41,24341,85,brier_miscalibration,0.00021667218480578027,,,False
2002H2-E,E,gbm,,2013H1,41,24341,85,brier_discrimination,6.262454885178764e-05,,,False
2002H2-E,E,gbm,,2013H1,41,24341,85,brier_uncertainty,0.0034798560335139086,,,False
2002H2-E,E,gbm,,2013H1,41,24341,85,observed_over_expected,0.3378822200433074,0.2699777013694116,0.4176239651272146,False
2002H2-E,E,gbm,,2013H1,41,24341,85,log_oe,-1.0850579056362364,-1.309415910914997,-0.8731738563035825,False
2002H2-E,E,gbm,,2013H1,41,24341,85,cox_intercept,-0.8882297858361673,-1.5147379325851105,-0.2617216390872241,False
2002H2-E,E,gbm,,2013H1,41,24341,85,cox_slope,1.0611816594708465,0.9029415259043938,1.2194217930372993,False
2002H2-E,E,gbm,,2013H1,41,24341,85,psi,0.03290150330003078,,,False
2002H2-E,E,gbm,,2013H1,41,24341,85,psi_critical,0.0009078693372504888,,,False
2002H2-E,E,gbm,,2013H2,43,23974,142,auc,0.8248604373809153,0.7920330987875953,0.8576877759742353,True
2002H2-E,E,gbm,,2013H2,43,23974,142,gini,0.6497208747618306,0.5840661975751906,0.7153755519484706,True
2002H2-E,E,gbm,,2013H2,43,23974,142,ks,0.5396697067264277,,,True
2002H2-E,E,gbm,,2013H2,43,23974,142,brier,0.005977951249184392,,,True
2002H2-E,E,gbm,,2013H2,43,23974,142,brier_miscalibration,0.000195164300087175,,,True
2002H2-E,E,gbm,,2013H2,43,23974,142,brier_discrimination,0.00010521347493212645,,,True
2002H2-E,E,gbm,,2013H2,43,23974,142,brier_uncertainty,0.005888000424029344,,,True
2002H2-E,E,gbm,,2013H2,43,23974,142,observed_over_expected,0.5283747224087727,0.44524456565360826,0.6224455939571745,True
2002H2-E,E,gbm,,2013H2,43,23974,142,log_oe,-0.6379495454631513,-0.809131562044383,-0.4740990537283959,True
2002H2-E,E,gbm,,2013H2,43,23974,142,cox_intercept,-0.615480192606665,-1.137164392880479,-0.09379599233285096,True
2002H2-E,E,gbm,,2013H2,43,23974,142,cox_slope,1.0119186943270013,0.8816572385473118,1.1421801501066908,True
2002H2-E,E,gbm,,2013H2,43,23974,142,psi,0.026487438650866404,,,True
2002H2-E,E,gbm,,2013H2,43,23974,142,psi_critical,0.0009185098182968261,,,True
2002H2-E,E,gbm,,2014H1,45,24341,137,auc,0.8130988483534725,0.7789673336422088,0.8472303630647361,True
2002H2-E,E,gbm,,2014H1,45,24341,137,gini,0.6261976967069449,0.5579346672844177,0.6944607261294722,True
2002H2-E,E,gbm,,2014H1,45,24341,137,ks,0.47864441782561123,,,True
2002H2-E,E,gbm,,2014H1,45,24341,137,brier,0.005662964012385575,,,True
2002H2-E,E,gbm,,2014H1,45,24341,137,brier_miscalibration,0.0001603606839426933,,,True
2002H2-E,E,gbm,,2014H1,45,24341,137,brier_discrimination,9.408186023978672e-05,,,True
2002H2-E,E,gbm,,2014H1,45,24341,137,brier_uncertainty,0.005596685188682668,,,True
2002H2-E,E,gbm,,2014H1,45,24341,137,observed_over_expected,0.5533550635653649,0.4647786233043881,0.6538204864889978,True
2002H2-E,E,gbm,,2014H1,45,24341,137,log_oe,-0.5917554155670917,-0.7661940656716226,-0.4249224506938046,True
2002H2-E,E,gbm,,2014H1,45,24341,137,cox_intercept,-0.5085090326567332,-1.0763507856436316,0.059332720330165345,True
2002H2-E,E,gbm,,2014H1,45,24341,137,cox_slope,1.0256186793983884,0.8886280475165081,1.1626093112802685,True
2002H2-E,E,gbm,,2014H1,45,24341,137,psi,0.05792833433457528,,,True
2002H2-E,E,gbm,,2014H1,45,24341,137,psi_critical,0.0009078693372504888,,,True
2002H2-E,E,gbm,,2014H2,47,24213,99,auc,0.777296268649839,0.7339318920667188,0.8206606452329592,False
2002H2-E,E,gbm,,2014H2,47,24213,99,gini,0.5545925372996781,0.46786378413343765,0.6413212904659185,False
2002H2-E,E,gbm,,2014H2,47,24213,99,ks,0.41779074647947495,,,False
2002H2-E,E,gbm,,2014H2,47,24213,99,brier,0.004139479236387734,,,False
2002H2-E,E,gbm,,2014H2,47,24213,99,brier_miscalibration,0.00011801589254870418,,,False
2002H2-E,E,gbm,,2014H2,47,24213,99,brier_discrimination,5.053175983148108e-05,,,False
2002H2-E,E,gbm,,2014H2,47,24213,99,brier_uncertainty,0.004071995103670511,,,False
2002H2-E,E,gbm,,2014H2,47,24213,99,observed_over_expected,0.4438424748171158,0.3608640723831045,0.540121889229847,False
2002H2-E,E,gbm,,2014H2,47,24213,99,log_oe,-0.8122855659494516,-1.0192539223494996,-0.6159604440989099,False
2002H2-E,E,gbm,,2014H2,47,24213,99,cox_intercept,-0.8003797891796333,-1.5354029736698427,-0.06535660468942384,False
2002H2-E,E,gbm,,2014H2,47,24213,99,cox_slope,1.0074066058058158,0.8367315195197806,1.1780816920918509,False
2002H2-E,E,gbm,,2014H2,47,24213,99,psi,0.08616339505732493,,,False
2002H2-E,E,gbm,,2014H2,47,24213,99,psi_critical,0.00091154382722524,,,False
2002H2-E,E,gbm,,2015H1,49,24159,83,auc,0.8076702890645485,0.7595165889025861,0.8558239892265109,False
2002H2-E,E,gbm,,2015H1,49,24159,83,gini,0.615340578129097,0.5190331778051722,0.7116479784530219,False
2002H2-E,E,gbm,,2015H1,49,24159,83,ks,0.5182034000764646,,,False
2002H2-E,E,gbm,,2015H1,49,24159,83,brier,0.003458186592711858,,,False
2002H2-E,E,gbm,,2015H1,49,24159,83,brier_miscalibration,7.547594367370968e-05,,,False
2002H2-E,E,gbm,,2015H1,49,24159,83,brier_discrimination,4.105885586073738e-05,,,False
2002H2-E,E,gbm,,2015H1,49,24159,83,brier_uncertainty,0.003423769504898886,,,False
2002H2-E,E,gbm,,2015H1,49,24159,83,observed_over_expected,0.4187985007233776,0.33368049505780434,0.5189499099113665,False
2002H2-E,E,gbm,,2015H1,49,24159,83,log_oe,-0.8703653799267917,-1.0975713454641105,-0.6559479131687606,False
2002H2-E,E,gbm,,2015H1,49,24159,83,cox_intercept,-0.06458201240310738,-0.90340279149197,0.7742387666857553,False
2002H2-E,E,gbm,,2015H1,49,24159,83,cox_slope,1.193330086736969,0.9976194509052076,1.3890407225687302,False
2002H2-E,E,gbm,,2015H1,49,24159,83,psi,0.11922338387230122,,,False
2002H2-E,E,gbm,,2015H1,49,24159,83,psi_critical,0.0009131056808129535,,,False
2002H2-E,E,gbm,,2015H2,51,24159,130,auc,0.79001607032528,0.7551229654655846,0.8249091751849754,True
2002H2-E,E,gbm,,2015H2,51,24159,130,gini,0.58003214065056,0.5102459309311691,0.6498183503699508,True
2002H2-E,E,gbm,,2015H2,51,24159,130,ks,0.44686356549938056,,,True
2002H2-E,E,gbm,,2015H2,51,24159,130,brier,0.005364228071986681,,,True
2002H2-E,E,gbm,,2015H2,51,24159,130,brier_miscalibration,6.866793251824373e-05,,,True
2002H2-E,E,gbm,,2015H2,51,24159,130,brier_discrimination,5.650193820827369e-05,,,True
2002H2-E,E,gbm,,2015H2,51,24159,130,brier_uncertainty,0.005352062077676711,,,True
2002H2-E,E,gbm,,2015H2,51,24159,130,observed_over_expected,0.613928046933778,0.5131520387391743,0.7286217494916287,True
2002H2-E,E,gbm,,2015H2,51,24159,130,log_oe,-0.4878775451062453,-0.6671831059095614,-0.31660054378042635,True
2002H2-E,E,gbm,,2015H2,51,24159,130,cox_intercept,-0.12810599166584488,-0.8612411242312398,0.60502914089955,True
2002H2-E,E,gbm,,2015H2,51,24159,130,cox_slope,1.0866550110075208,0.9179006977278794,1.2554093242871622,True
2002H2-E,E,gbm,,2015H2,51,24159,130,psi,0.09334182793107995,,,True
2002H2-E,E,gbm,,2015H2,51,24159,130,psi_critical,0.0009131056808129535,,,True
2002H2-E,E,gbm,,2016H1,53,24632,115,auc,0.7861936083392003,0.7406710116719353,0.8317162050064653,True
2002H2-E,E,gbm,,2016H1,53,24632,115,gini,0.5723872166784005,0.48134202334387055,0.6634324100129305,True
2002H2-E,E,gbm,,2016H1,53,24632,115,ks,0.4741185796545786,,,True
2002H2-E,E,gbm,,2016H1,53,24632,115,brier,0.004650233225517651,,,True
2002H2-E,E,gbm,,2016H1,53,24632,115,brier_miscalibration,6.528752934623072e-05,,,True
2002H2-E,E,gbm,,2016H1,53,24632,115,brier_discrimination,6.198093522961738e-05,,,True
2002H2-E,E,gbm,,2016H1,53,24632,115,brier_uncertainty,0.004646926631401037,,,True
2002H2-E,E,gbm,,2016H1,53,24632,115,observed_over_expected,0.5483715182821065,0.4529123063708563,0.6579288568153981,True
2002H2-E,E,gbm,,2016H1,53,24632,115,log_oe,-0.6008022686709521,-0.7920567564092322,-0.4186584738435855,True
2002H2-E,E,gbm,,2016H1,53,24632,115,cox_intercept,0.17244642562206067,-0.6273197402332674,0.9722125914773888,True
2002H2-E,E,gbm,,2016H1,53,24632,115,cox_slope,1.1830212003041545,0.9976596570728042,1.3683827435355047,True
2002H2-E,E,gbm,,2016H1,53,24632,115,psi,0.10911192583581256,,,True
2002H2-E,E,gbm,,2016H1,53,24632,115,psi_critical,0.0008996577140647672,,,True
2002H2-E,E,gbm,,2016H2,55,24760,121,auc,0.7609891796215031,0.7196973688177011,0.8022809904253052,True
2002H2-E,E,gbm,,2016H2,55,24760,121,gini,0.5219783592430063,0.43939473763540216,0.6045619808506104,True
2002H2-E,E,gbm,,2016H2,55,24760,121,ks,0.4103710471774406,,,True
2002H2-E,E,gbm,,2016H2,55,24760,121,brier,0.004854650075298387,,,True
2002H2-E,E,gbm,,2016H2,55,24760,121,brier_miscalibration,4.377538589074321e-05,,,True
2002H2-E,E,gbm,,2016H2,55,24760,121,brier_discrimination,5.215775648324816e-05,,,True
2002H2-E,E,gbm,,2016H2,55,24760,121,brier_uncertainty,0.004863032445890892,,,True
2002H2-E,E,gbm,,2016H2,55,24760,121,observed_over_expected,0.619750774716697,0.514456583138846,0.740170176087487,True
2002H2-E,E,gbm,,2016H2,55,24760,121,log_oe,-0.4784378580205075,-0.6646441137821937,-0.30087515153664335,True
2002H2-E,E,gbm,,2016H2,55,24760,121,cox_intercept,-0.07040784358391697,-0.9626884465175578,0.8218727593497239,True
2002H2-E,E,gbm,,2016H2,55,24760,121,cox_slope,1.0933752822714673,0.8950148370495341,1.2917357274934005,True
2002H2-E,E,gbm,,2016H2,55,24760,121,psi,0.13030734921651493,,,True
2002H2-E,E,gbm,,2016H2,55,24760,121,psi_critical,0.0008961068522719206,,,True
2002H2-E,E,gbm,,2017H1,57,24541,162,auc,0.7692806599891934,0.7371998674454823,0.8013614525329045,True
2002H2-E,E,gbm,,2017H1,57,24541,162,gini,0.5385613199783867,0.47439973489096454,0.602722905065809,True
2002H2-E,E,gbm,,2017H1,57,24541,162,ks,0.41913451113308914,,,True
2002H2-E,E,gbm,,2017H1,57,24541,162,brier,0.006554753593927354,,,True
2002H2-E,E,gbm,,2017H1,57,24541,162,brier_miscalibration,5.3257890319711315e-05,,,True
2002H2-E,E,gbm,,2017H1,57,24541,162,brier_discrimination,5.612647661235384e-05,,,True
2002H2-E,E,gbm,,2017H1,57,24541,162,brier_uncertainty,0.006557622180219997,,,True
2002H2-E,E,gbm,,2017H1,57,24541,162,observed_over_expected,0.7304033770991533,0.622550395545782,0.8514723363780842,True
2002H2-E,E,gbm,,2017H1,57,24541,162,log_oe,-0.3141583260823394,-0.47393069722003983,-0.160788267512741,True
2002H2-E,E,gbm,,2017H1,57,24541,162,cox_intercept,-0.11016286558519417,-0.8428820553910514,0.6225563242206631,True
2002H2-E,E,gbm,,2017H1,57,24541,162,cox_slope,1.0487327484519464,0.8817066913855863,1.2157588055183064,True
2002H2-E,E,gbm,,2017H1,57,24541,162,psi,0.10389065815862225,,,True
2002H2-E,E,gbm,,2017H1,57,24541,162,psi_critical,0.000902204682580838,,,True
2002H2-E,E,gbm,,2017H2,59,24680,143,auc,0.7847391024429782,0.7504064608893226,0.8190717439966337,True
2002H2-E,E,gbm,,2017H2,59,24680,143,gini,0.5694782048859564,0.5008129217786452,0.6381434879932675,True
2002H2-E,E,gbm,,2017H2,59,24680,143,ks,0.430184641946471,,,True
2002H2-E,E,gbm,,2017H2,59,24680,143,brier,0.005696712015702878,,,True
2002H2-E,E,gbm,,2017H2,59,24680,143,brier_miscalibration,6.0701583924097254e-05,,,True
2002H2-E,E,gbm,,2017H2,59,24680,143,brier_discrimination,0.0001245825325569376,,,True
2002H2-E,E,gbm,,2017H2,59,24680,143,brier_uncertainty,0.005760592964335718,,,True
2002H2-E,E,gbm,,2017H2,59,24680,143,observed_over_expected,0.6461613321393108,0.5448351402475021,0.7607758169090519,True
2002H2-E,E,gbm,,2017H2,59,24680,143,log_oe,-0.43670606622568436,-0.6072720250384332,-0.27341655465329995,True
2002H2-E,E,gbm,,2017H2,59,24680,143,cox_intercept,0.8002266692406825,-0.0182424864156574,1.6186958248970225,True
2002H2-E,E,gbm,,2017H2,59,24680,143,cox_slope,1.2918855344487614,1.0992612724015682,1.4845097964959546,True
2002H2-E,E,gbm,,2017H2,59,24680,143,psi,0.10340331466671701,,,True
2002H2-E,E,gbm,,2017H2,59,24680,143,psi_critical,0.0008983218246098813,,,True
2002H2-E,E,gbm,,2018H1,61,24416,148,auc,0.7684676239202777,0.7312755467216475,0.8056597011189078,True
2002H2-E,E,gbm,,2018H1,61,24416,148,gini,0.5369352478405554,0.46255109344329504,0.6113194022378157,True
2002H2-E,E,gbm,,2018H1,61,24416,148,ks,0.4072652675751406,,,True
2002H2-E,E,gbm,,2018H1,61,24416,148,brier,0.005999480665542488,,,True
2002H2-E,E,gbm,,2018H1,61,24416,148,brier_miscalibration,3.188588466817351e-05,,,True
2002H2-E,E,gbm,,2018H1,61,24416,148,brier_discrimination,5.726118878398006e-05,,,True
2002H2-E,E,gbm,,2018H1,61,24416,148,brier_uncertainty,0.006024855969658295,,,True
2002H2-E,E,gbm,,2018H1,61,24416,148,observed_over_expected,0.6733986993374683,0.5695360026325526,0.7906286437716453,True
2002H2-E,E,gbm,,2018H1,61,24416,148,log_oe,-0.3954177037428193,-0.5629332801254641,-0.23492689835384248,True
2002H2-E,E,gbm,,2018H1,61,24416,148,cox_intercept,0.397421861946747,-0.44743898026200557,1.2422827041554996,True
2002H2-E,E,gbm,,2018H1,61,24416,148,cox_slope,1.1852681721893297,0.9902032949682125,1.3803330494104469,True
2002H2-E,E,gbm,,2018H1,61,24416,148,psi,0.11522084826776394,,,True
2002H2-E,E,gbm,,2018H1,61,24416,148,psi_critical,0.0009057342164754658,,,True
2002H2-E,E,gbm,,2018H2,63,24543,146,auc,0.7384330602067063,0.7001841959682529,0.7766819244451597,True
2002H2-E,E,gbm,,2018H2,63,24543,146,gini,0.4768661204134126,0.40036839193650575,0.5533638488903194,True
2002H2-E,E,gbm,,2018H2,63,24543,146,ks,0.35858215219589656,,,True
2002H2-E,E,gbm,,2018H2,63,24543,146,brier,0.005900478878349909,,,True
2002H2-E,E,gbm,,2018H2,63,24543,146,brier_miscalibration,3.172348730642004e-05,,,True
2002H2-E,E,gbm,,2018H2,63,24543,146,brier_discrimination,4.4600087859752134e-05,,,True
2002H2-E,E,gbm,,2018H2,63,24543,146,brier_uncertainty,0.005913355478903241,,,True
2002H2-E,E,gbm,,2018H2,63,24543,146,observed_over_expected,0.642313111620298,0.5425927469131984,0.7549635939960768,True
2002H2-E,E,gbm,,2018H2,63,24543,146,log_oe,-0.44267938138120744,-0.6113962461278901,-0.2810857507684737,True
2002H2-E,E,gbm,,2018H2,63,24543,146,cox_intercept,-0.08623269199923644,-0.9709582792232168,0.7984928952247439,True
2002H2-E,E,gbm,,2018H2,63,24543,146,cox_slope,1.0838339112676225,0.8816552385153882,1.2860125840198569,True
2002H2-E,E,gbm,,2018H2,63,24543,146,psi,0.12106328541114991,,,True
2002H2-E,E,gbm,,2018H2,63,24543,146,psi_critical,0.0009021485022608633,,,True
2002H2-E,E,gbm,,2019H1,65,24752,110,auc,0.6735577100441964,0.6214505273438731,0.7256648927445197,True
2002H2-E,E,gbm,,2019H1,65,24752,110,gini,0.3471154200883928,0.24290105468774614,0.45132978548903946,True
2002H2-E,E,gbm,,2019H1,65,24752,110,ks,0.263460020216777,,,True
2002H2-E,E,gbm,,2019H1,65,24752,110,brier,0.004446416379795372,,,True
2002H2-E,E,gbm,,2019H1,65,24752,110,brier_miscalibration,7.75305424281069e-05,,,True
2002H2-E,E,gbm,,2019H1,65,24752,110,brier_discrimination,5.5449594682338045e-05,,,True
2002H2-E,E,gbm,,2019H1,65,24752,110,brier_uncertainty,0.004424335432049603,,,True
2002H2-E,E,gbm,,2019H1,65,24752,110,observed_over_expected,0.4886217936621024,0.4017387334631949,0.5886525710823822,True
2002H2-E,E,gbm,,2019H1,65,24752,110,log_oe,-0.7161665168509421,-0.9119533184087851,-0.5299191317066915,True
2002H2-E,E,gbm,,2019H1,65,24752,110,cox_intercept,-1.368082804610153,-2.4280122276548948,-0.3081533815654114,True
2002H2-E,E,gbm,,2019H1,65,24752,110,cox_slope,0.8545343644670264,0.6209879006391108,1.088080828294942,True
2002H2-E,E,gbm,,2019H1,65,24752,110,psi,0.13500730405838332,,,True
2002H2-E,E,gbm,,2019H1,65,24752,110,psi_critical,0.0008963277052021924,,,True
2002H2-E,E,gbm,,2019H2,67,24861,136,auc,0.6661840540058288,0.6203879418883246,0.711980166123333,True
2002H2-E,E,gbm,,2019H2,67,24861,136,gini,0.3323681080116576,0.24077588377664916,0.42396033224666607,True
2002H2-E,E,gbm,,2019H2,67,24861,136,ks,0.28174507821328737,,,True
2002H2-E,E,gbm,,2019H2,67,24861,136,brier,0.00545538656987019,,,True
2002H2-E,E,gbm,,2019H2,67,24861,136,brier_miscalibration,3.749208844542728e-05,,,True
2002H2-E,E,gbm,,2019H2,67,24861,136,brier_discrimination,2.2595582957514113e-05,,,True
2002H2-E,E,gbm,,2019H2,67,24861,136,brier_uncertainty,0.0054404900643822765,,,True
2002H2-E,E,gbm,,2019H2,67,24861,136,observed_over_expected,0.6598311490347877,0.5538336231233485,0.7801155520975231,True
2002H2-E,E,gbm,,2019H2,67,24861,136,log_oe,-0.4157713114887461,-0.5908909566116507,-0.24831322655592286,True
2002H2-E,E,gbm,,2019H2,67,24861,136,cox_intercept,-1.5365081296851952,-2.533401239414861,-0.5396150199555299,True
2002H2-E,E,gbm,,2019H2,67,24861,136,cox_slope,0.7549879705454595,0.542716988398611,0.967258952692308,True
2002H2-E,E,gbm,,2019H2,67,24861,136,psi,0.14116010364945752,,,True
2002H2-E,E,gbm,,2019H2,67,24861,136,psi_critical,0.0008933308088467828,,,True
2002H2-E,E,gbm,,2020H1,69,24880,111,auc,0.6225538389129975,0.5687989278760859,0.6763087499499092,True
2002H2-E,E,gbm,,2020H1,69,24880,111,gini,0.24510767782599507,0.13759785575217176,0.3526174998998184,True
2002H2-E,E,gbm,,2020H1,69,24880,111,ks,0.20050673629744242,,,True
2002H2-E,E,gbm,,2020H1,69,24880,111,brier,0.004470936233508789,,,True
2002H2-E,E,gbm,,2020H1,69,24880,111,brier_miscalibration,3.7478713885740096e-05,,,True
2002H2-E,E,gbm,,2020H1,69,24880,111,brier_discrimination,8.053049436411615e-06,,,True
2002H2-E,E,gbm,,2020H1,69,24880,111,brier_uncertainty,0.00444151056905946,,,True
2002H2-E,E,gbm,,2020H1,69,24880,111,observed_over_expected,0.6099280439282292,0.501941477572351,0.7341757619966645,True
2002H2-E,E,gbm,,2020H1,69,24880,111,log_oe,-0.4944142895460941,-0.6892717446273476,-0.3090068212719319,True
2002H2-E,E,gbm,,2020H1,69,24880,111,cox_intercept,-2.572075523333979,-3.7402707337639596,-1.403880312903999,True
2002H2-E,E,gbm,,2020H1,69,24880,111,cox_slope,0.5626591233251231,0.3261346084560145,0.7991836381942318,True
2002H2-E,E,gbm,,2020H1,69,24880,111,psi,0.18132128470789338,,,True
2002H2-E,E,gbm,,2020H1,69,24880,111,psi_critical,0.0008928111016307908,,,True
2002H2-E,E,gbm,,2020H2,71,24919,71,auc,0.6579564314411905,0.5899208060899781,0.725992056792403,False
2002H2-E,E,gbm,,2020H2,71,24919,71,gini,0.3159128628823811,0.1798416121799562,0.45198411358480595,False
2002H2-E,E,gbm,,2020H2,71,24919,71,ks,0.26165792242184593,,,False
2002H2-E,E,gbm,,2020H2,71,24919,71,brier,0.002867972332331937,,,False
2002H2-E,E,gbm,,2020H2,71,24919,71,brier_miscalibration,3.2945132620360376e-05,,,False
2002H2-E,E,gbm,,2020H2,71,24919,71,brier_discrimination,6.086190183018404e-06,,,False
2002H2-E,E,gbm,,2020H2,71,24919,71,brier_uncertainty,0.002841113389894595,,,False
2002H2-E,E,gbm,,2020H2,71,24919,71,observed_over_expected,0.439063676611422,0.34301256820955794,0.5536127838079575,False
2002H2-E,E,gbm,,2020H2,71,24919,71,log_oe,-0.8231108271968363,-1.0699881904771262,-0.591289782806645,False
2002H2-E,E,gbm,,2020H2,71,24919,71,cox_intercept,-1.8922889232529772,-3.333427845852391,-0.4511500006535629,False
2002H2-E,E,gbm,,2020H2,71,24919,71,cox_slope,0.7785012788740295,0.48624743055252234,1.0707551271955367,False
2002H2-E,E,gbm,,2020H2,71,24919,71,psi,0.2603165658489209,,,False
2002H2-E,E,gbm,,2020H2,71,24919,71,psi_critical,0.0008917468171326499,,,False
2002H2-E,E,gbm,,2021H1,73,24909,90,auc,0.7248505849013525,0.6710266650074832,0.7786745047952217,False
2002H2-E,E,gbm,,2021H1,73,24909,90,gini,0.4497011698027049,0.3420533300149664,0.5573490095904434,False
2002H2-E,E,gbm,,2021H1,73,24909,90,ks,0.36387713713955705,,,False
2002H2-E,E,gbm,,2021H1,73,24909,90,brier,0.0036071479086477527,,,False
2002H2-E,E,gbm,,2021H1,73,24909,90,brier_miscalibration,2.783297022392441e-05,,,False
2002H2-E,E,gbm,,2021H1,73,24909,90,brier_discrimination,2.0782067937184096e-05,,,False
2002H2-E,E,gbm,,2021H1,73,24909,90,brier_uncertainty,0.0036000970063610124,,,False
2002H2-E,E,gbm,,2021H1,73,24909,90,observed_over_expected,0.5139963408188747,0.41345188035315766,0.6315270415678074,False
2002H2-E,E,gbm,,2021H1,73,24909,90,log_oe,-0.665539132581739,-0.8832141428664906,-0.4596145169400503,False
2002H2-E,E,gbm,,2021H1,73,24909,90,cox_intercept,-0.3264527615714616,-1.49860569721177,0.8457001740688468,False
2002H2-E,E,gbm,,2021H1,73,24909,90,cox_slope,1.0749742851447248,0.8234084050084067,1.326540165281043,False
2002H2-E,E,gbm,,2021H1,73,24909,90,psi,0.1977281873222741,,,False
2002H2-E,E,gbm,,2021H1,73,24909,90,psi_critical,0.0008920193928808219,,,False
2002H2-E,E,gbm,,2021H2,75,24929,136,auc,0.7498008510466664,0.71051392136001,0.7890877807333228,True
2002H2-E,E,gbm,,2021H2,75,24929,136,gini,0.49960170209333277,0.42102784272002003,0.5781755614666455,True
2002H2-E,E,gbm,,2021H2,75,24929,136,ks,0.38027455567392127,,,True
2002H2-E,E,gbm,,2021H2,75,24929,136,brier,0.005400131183082593,,,True
2002H2-E,E,gbm,,2021H2,75,24929,136,brier_miscalibration,2.2780420983988144e-05,,,True
2002H2-E,E,gbm,,2021H2,75,24929,136,brier_discrimination,4.8380429290990554e-05,,,True
2002H2-E,E,gbm,,2021H2,75,24929,136,brier_uncertainty,0.005425731191389596,,,True
2002H2-E,E,gbm,,2021H2,75,24929,136,observed_over_expected,0.6974897842929826,0.5854419737029248,0.824640323931535,True
2002H2-E,E,gbm,,2021H2,75,24929,136,log_oe,-0.360267411568808,-0.5353882064014599,-0.19280795870251866,True
2002H2-E,E,gbm,,2021H2,75,24929,136,cox_intercept,0.21608684547572957,-0.703695337094633,1.1358690280460921,True
2002H2-E,E,gbm,,2021H2,75,24929,136,cox_slope,1.129786185962791,0.9258655448358307,1.3337068270897512,True
2002H2-E,E,gbm,,2021H2,75,24929,136,psi,0.1413856326434454,,,True
2002H2-E,E,gbm,,2021H2,75,24929,136,psi_critical,0.0008914744600661323,,,True
2002H2-E,E,gbm,,2022H1,77,24889,291,auc,0.7666012435285856,0.7406729276076861,0.7925295594494851,True
2002H2-E,E,gbm,,2022H1,77,24889,291,gini,0.5332024870571712,0.4813458552153722,0.5850591188989702,True
2002H2-E,E,gbm,,2022H1,77,24889,291,ks,0.4271062185090901,,,True
2002H2-E,E,gbm,,2022H1,77,24889,291,brier,0.01144039555256592,,,True
2002H2-E,E,gbm,,2022H1,77,24889,291,brier_miscalibration,6.09045601583022e-05,,,True
2002H2-E,E,gbm,,2022H1,77,24889,291,brier_discrimination,0.00017572028895779246,,,True
2002H2-E,E,gbm,,2022H1,77,24889,291,brier_uncertainty,0.01155521128136541,,,True
2002H2-E,E,gbm,,2022H1,77,24889,291,observed_over_expected,1.286308118758245,1.1434728779258962,1.4418844429752322,True
2002H2-E,E,gbm,,2022H1,77,24889,291,log_oe,0.2517761917970235,0.13407001572621174,0.36595089901865846,True
2002H2-E,E,gbm,,2022H1,77,24889,291,cox_intercept,1.0307547761697617,0.40503015733659364,1.65647939500293,True
2002H2-E,E,gbm,,2022H1,77,24889,291,cox_slope,1.1787250680323056,1.0349650362474334,1.3224850998171778,True
2002H2-E,E,gbm,,2022H1,77,24889,291,psi,0.13240019499524908,,,True
2002H2-E,E,gbm,,2022H1,77,24889,291,psi_critical,0.0008925652014764825,,,True
2002H2-E,E,gbm,,2022H2,79,24859,373,auc,0.75201975676203,0.728388769559472,0.7756507439645881,True
2002H2-E,E,gbm,,2022H2,79,24859,373,gini,0.5040395135240601,0.4567775391189439,0.5513014879291762,True
2002H2-E,E,gbm,,2022H2,79,24859,373,ks,0.3794924451002149,,,True
2002H2-E,E,gbm,,2022H2,79,24859,373,brier,0.014630882854247518,,,True
2002H2-E,E,gbm,,2022H2,79,24859,373,brier_miscalibration,0.00012781442764791227,,,True
2002H2-E,E,gbm,,2022H2,79,24859,373,brier_discrimination,0.00027641886041916003,,,True
2002H2-E,E,gbm,,2022H2,79,24859,373,brier_uncertainty,0.014779487287018766,,,True
2002H2-E,E,gbm,,2022H2,79,24859,373,observed_over_expected,1.6049022302512757,1.4471932605181714,1.7749018077082206,True
2002H2-E,E,gbm,,2022H2,79,24859,373,log_oe,0.47306283899524826,0.3696259981769464,0.5737451017961911,True
2002H2-E,E,gbm,,2022H2,79,24859,373,cox_intercept,1.2266042457534574,0.656657993049381,1.7965504984575338,True
2002H2-E,E,gbm,,2022H2,79,24859,373,cox_slope,1.171729815016714,1.0407086658162163,1.3027509642172115,True
2002H2-E,E,gbm,,2022H2,79,24859,373,psi,0.1534055209132878,,,True
2002H2-E,E,gbm,,2022H2,79,24859,373,psi_critical,0.0008933855610832231,,,True
2002H2-E,E,gbm,,2023H1,81,24882,381,auc,0.7665474257250843,0.7447006664665589,0.7883941849836097,True
2002H2-E,E,gbm,,2023H1,81,24882,381,gini,0.5330948514501685,0.4894013329331177,0.5767883699672194,True
2002H2-E,E,gbm,,2023H1,81,24882,381,ks,0.4062302454632255,,,True
2002H2-E,E,gbm,,2023H1,81,24882,381,brier,0.014938046154359565,,,True
2002H2-E,E,gbm,,2023H1,81,24882,381,brier_miscalibration,0.00014563268225429096,,,True
2002H2-E,E,gbm,,2023H1,81,24882,381,brier_discrimination,0.00028539472786019704,,,True
2002H2-E,E,gbm,,2023H1,81,24882,381,brier_uncertainty,0.015077808199965471,,,True
2002H2-E,E,gbm,,2023H1,81,24882,381,observed_over_expected,1.6464240825327936,1.486321788973739,1.8188601962281135,True
2002H2-E,E,gbm,,2023H1,81,24882,381,log_oe,0.4986057133793919,0.3963044699412843,0.5982100390936294,True
2002H2-E,E,gbm,,2023H1,81,24882,381,cox_intercept,1.3970419424940612,0.8302732410842084,1.963810643903914,True
2002H2-E,E,gbm,,2023H1,81,24882,381,cox_slope,1.2051739029501491,1.0745459335530692,1.3358018723472291,True
2002H2-E,E,gbm,,2023H1,81,24882,381,psi,0.1515583805534499,,,True
2002H2-E,E,gbm,,2023H1,81,24882,381,psi_critical,0.0008927564417790408,,,True
2002H2-E,E,gbm,,2023H2,83,24866,363,auc,0.7826135080552906,0.7607273723562848,0.8044996437542964,True
2002H2-E,E,gbm,,2023H2,83,24866,363,gini,0.5652270161105812,0.5214547447125697,0.6089992875085928,True
2002H2-E,E,gbm,,2023H2,83,24866,363,ks,0.4471040764221933,,,True
2002H2-E,E,gbm,,2023H2,83,24866,363,brier,0.014216172674843758,,,True
2002H2-E,E,gbm,,2023H2,83,24866,363,brier_miscalibration,0.00015423052190842793,,,True
2002H2-E,E,gbm,,2023H2,83,24866,363,brier_discrimination,0.0003231956450036981,,,True
2002H2-E,E,gbm,,2023H2,83,24866,363,brier_uncertainty,0.014385137797939028,,,True
2002H2-E,E,gbm,,2023H2,83,24866,363,observed_over_expected,1.6429277199139325,1.4793004228748936,1.8194972474154107,True
2002H2-E,E,gbm,,2023H2,83,24866,363,log_oe,0.49647984533875006,0.3915692887774964,0.5985602252442069,True
2002H2-E,E,gbm,,2023H2,83,24866,363,cox_intercept,1.8677406724967647,1.2824638027570265,2.453017542236503,True
2002H2-E,E,gbm,,2023H2,83,24866,363,cox_slope,1.3137346944261732,1.1782969538266785,1.4491724350256678,True
2002H2-E,E,gbm,,2023H2,83,24866,363,psi,0.13691008207832647,,,True
2002H2-E,E,gbm,,2023H2,83,24866,363,psi_critical,0.0008931939667887847,,,True
2002H2-E,E,gbm-50k,20260911,2003H1,1,24276,72,auc,0.8393696978460861,0.7866540085920474,0.8920853871001247,False
2002H2-E,E,gbm-50k,20260911,2003H1,1,24276,72,gini,0.6787393956921721,0.5733080171840947,0.7841707742002495,False
2002H2-E,E,gbm-50k,20260911,2003H1,1,24276,72,ks,0.592835894893406,,,False
2002H2-E,E,gbm-50k,20260911,2003H1,1,24276,72,brier,0.002978685496690783,,,False
2002H2-E,E,gbm-50k,20260911,2003H1,1,24276,72,brier_miscalibration,0.00010912424078549782,,,False
2002H2-E,E,gbm-50k,20260911,2003H1,1,24276,72,brier_discrimination,8.753446656852015e-05,,,False
2002H2-E,E,gbm-50k,20260911,2003H1,1,24276,72,brier_uncertainty,0.0029570957224738055,,,False
2002H2-E,E,gbm-50k,20260911,2003H1,1,24276,72,observed_over_expected,0.40465291637846046,0.31671170725704395,0.5093973093877593,False
2002H2-E,E,gbm-50k,20260911,2003H1,1,24276,72,log_oe,-0.904725575903515,-1.1497633597265806,-0.6745269983750344,False
2002H2-E,E,gbm-50k,20260911,2003H1,1,24276,72,cox_intercept,-0.36556966485210307,-1.1175993562886037,0.3864600265843975,False
2002H2-E,E,gbm-50k,20260911,2003H1,1,24276,72,cox_slope,1.1375641363827005,0.9566355504802226,1.3184927222851783,False
2002H2-E,E,gbm-50k,20260911,2003H1,1,24276,72,psi,0.19757272199116124,,,False
2002H2-E,E,gbm-50k,20260911,2003H1,1,24276,72,psi_critical,0.0010353221128363722,,,False
2002H2-E,E,gbm-50k,20260911,2003H2,3,24205,139,auc,0.8336774111002896,0.7986071279108583,0.8687476942897209,True
2002H2-E,E,gbm-50k,20260911,2003H2,3,24205,139,gini,0.6673548222005792,0.5972142558217166,0.7374953885794417,True
2002H2-E,E,gbm-50k,20260911,2003H2,3,24205,139,ks,0.5442018860603364,,,True
2002H2-E,E,gbm-50k,20260911,2003H2,3,24205,139,brier,0.005643209218745854,,,True
2002H2-E,E,gbm-50k,20260911,2003H2,3,24205,139,brier_miscalibration,6.847188468333664e-05,,,True
2002H2-E,E,gbm-50k,20260911,2003H2,3,24205,139,brier_discrimination,0.000134900199193432,,,True
2002H2-E,E,gbm-50k,20260911,2003H2,3,24205,139,brier_uncertainty,0.005709637533255949,,,True
2002H2-E,E,gbm-50k,20260911,2003H2,3,24205,139,observed_over_expected,0.633269351438685,0.5326056104497577,0.7473375475541222,True
2002H2-E,E,gbm-50k,20260911,2003H2,3,24205,139,log_oe,-0.45685943164316895,-0.6299740715801356,-0.2912383250231725,True
2002H2-E,E,gbm-50k,20260911,2003H2,3,24205,139,cox_intercept,-0.061379761582172065,-0.6208050776844466,0.49804555452010246,True
2002H2-E,E,gbm-50k,20260911,2003H2,3,24205,139,cox_slope,1.104323305730722,0.9657431790640212,1.2429034323974228,True
2002H2-E,E,gbm-50k,20260911,2003H2,3,24205,139,psi,0.06421239715733973,,,True
2002H2-E,E,gbm-50k,20260911,2003H2,3,24205,139,psi_critical,0.001037366439290114,,,True
2002H2-E,E,gbm-50k,20260911,2004H1,5,24219,181,auc,0.8245315083530268,0.7952360449219109,0.8538269717841427,True
2002H2-E,E,gbm-50k,20260911,2004H1,5,24219,181,gini,0.6490630167060536,0.5904720898438218,0.7076539435682854,True
2002H2-E,E,gbm-50k,20260911,2004H1,5,24219,181,ks,0.5264484547716575,,,True
2002H2-E,E,gbm-50k,20260911,2004H1,5,24219,181,brier,0.007343871619652326,,,True
2002H2-E,E,gbm-50k,20260911,2004H1,5,24219,181,brier_miscalibration,7.464980424458367e-05,,,True
2002H2-E,E,gbm-50k,20260911,2004H1,5,24219,181,brier_discrimination,0.00014839665378061154,,,True
2002H2-E,E,gbm-50k,20260911,2004H1,5,24219,181,brier_uncertainty,0.007417618469188354,,,True
2002H2-E,E,gbm-50k,20260911,2004H1,5,24219,181,observed_over_expected,0.7491536278469405,0.6443114720005576,0.866090195866315,True
2002H2-E,E,gbm-50k,20260911,2004H1,5,24219,181,log_oe,-0.2888112058871554,-0.43957301762501944,-0.1437662235726015,True
2002H2-E,E,gbm-50k,20260911,2004H1,5,24219,181,cox_intercept,-0.2127251683100268,-0.7099923483769739,0.28454201175692023,True
2002H2-E,E,gbm-50k,20260911,2004H1,5,24219,181,cox_slope,1.0220573036767744,0.8996517534457219,1.1444628539078268,True
2002H2-E,E,gbm-50k,20260911,2004H1,5,24219,181,psi,0.0301134795115183,,,True
2002H2-E,E,gbm-50k,20260911,2004H1,5,24219,181,psi_critical,0.0010369623839442791,,,True
2002H2-E,E,gbm-50k,20260911,2004H2,7,24090,202,auc,0.8187150597176263,0.7917282078325689,0.8457019116026836,True
2002H2-E,E,gbm-50k,20260911,2004H2,7,24090,202,gini,0.6374301194352525,0.5834564156651378,0.6914038232053672,True
2002H2-E,E,gbm-50k,20260911,2004H2,7,24090,202,ks,0.5023426153733928,,,True
2002H2-E,E,gbm-50k,20260911,2004H2,7,24090,202,brier,0.008287721917843544,,,True
2002H2-E,E,gbm-50k,20260911,2004H2,7,24090,202,brier_miscalibration,0.0001318969014985471,,,True
2002H2-E,E,gbm-50k,20260911,2004H2,7,24090,202,brier_discrimination,0.0001590851181117025,,,True
2002H2-E,E,gbm-50k,20260911,2004H2,7,24090,202,brier_uncertainty,0.0083149101344567,,,True
2002H2-E,E,gbm-50k,20260911,2004H2,7,24090,202,observed_over_expected,0.7219515207811182,0.6261569044957546,0.8281570745250878,True
2002H2-E,E,gbm-50k,20260911,2004H2,7,24090,202,log_oe,-0.32579728807620967,-0.46815429312918694,-0.18855243905560246,True
2002H2-E,E,gbm-50k,20260911,2004H2,7,24090,202,cox_intercept,-0.3692452869971754,-0.8375012481771091,0.09901067418275838,True
2002H2-E,E,gbm-50k,20260911,2004H2,7,24090,202,cox_slope,0.9916807067040121,0.8736788302718147,1.1096825831362094,True
2002H2-E,E,gbm-50k,20260911,2004H2,7,24090,202,psi,0.003707548388603786,,,True
2002H2-E,E,gbm-50k,20260911,2004H2,7,24090,202,psi_critical,0.0010407032384610452,,,True
2002H2-E,E,gbm-50k,20260911,2005H1,9,24233,248,auc,0.7984398010853557,0.7726349485120806,0.8242446536586309,True
2002H2-E,E,gbm-50k,20260911,2005H1,9,24233,248,gini,0.5968796021707115,0.5452698970241612,0.6484893073172617,True
2002H2-E,E,gbm-50k,20260911,2005H1,9,24233,248,ks,0.4647555259671703,,,True
2002H2-E,E,gbm-50k,20260911,2005H1,9,24233,248,brier,0.010016060108083431,,,True
2002H2-E,E,gbm-50k,20260911,2005H1,9,24233,248,brier_miscalibration,7.327017874267198e-05,,,True
2002H2-E,E,gbm-50k,20260911,2005H1,9,24233,248,brier_discrimination,0.00018645421468337087,,,True
2002H2-E,E,gbm-50k,20260911,2005H1,9,24233,248,brier_uncertainty,0.01012924414402413,,,True
2002H2-E,E,gbm-50k,20260911,2005H1,9,24233,248,observed_over_expected,0.9417448841133044,0.8286698794455546,1.065815441824078,True
2002H2-E,E,gbm-50k,20260911,2005H1,9,24233,248,log_oe,-0.060020864744036236,-0.18793341854098225,0.06374017925755246,True
2002H2-E,E,gbm-50k,20260911,2005H1,9,24233,248,cox_intercept,-0.3103601324564773,-0.7542987968060366,0.13357853189308205,True
2002H2-E,E,gbm-50k,20260911,2005H1,9,24233,248,cox_slope,0.9365811864300893,0.828882314544048,1.0442800583161305,True
2002H2-E,E,gbm-50k,20260911,2005H1,9,24233,248,psi,0.006360368614825947,,,True
2002H2-E,E,gbm-50k,20260911,2005H1,9,24233,248,psi_critical,0.001036558795463863,,,True
2002H2-E,E,gbm-50k,20260911,2005H2,11,24082,266,auc,0.8117666205318469,0.7883650144845054,0.8351682265791884,True
2002H2-E,E,gbm-50k,20260911,2005H2,11,24082,266,gini,0.6235332410636938,0.5767300289690107,0.6703364531583769,True
2002H2-E,E,gbm-50k,20260911,2005H2,11,24082,266,ks,0.5004691355530244,,,True
2002H2-E,E,gbm-50k,20260911,2005H2,11,24082,266,brier,0.010725458946043476,,,True
2002H2-E,E,gbm-50k,20260911,2005H2,11,24082,266,brier_miscalibration,5.530489311131488e-05,,,True
2002H2-E,E,gbm-50k,20260911,2005H2,11,24082,266,brier_discrimination,0.0002534350151496712,,,True
2002H2-E,E,gbm-50k,20260911,2005H2,11,24082,266,brier_uncertainty,0.010923589068081833,,,True
2002H2-E,E,gbm-50k,20260911,2005H2,11,24082,266,observed_over_expected,0.9931180113707699,0.877894943186081,1.119126261955239,True
2002H2-E,E,gbm-50k,20260911,2005H2,11,24082,266,log_oe,-0.006905778724581119,-0.13022834719177037,0.11254825759825463,True
2002H2-E,E,gbm-50k,20260911,2005H2,11,24082,266,cox_intercept,0.004692546581606357,-0.42176372248536936,0.43114881564858204,True
2002H2-E,E,gbm-50k,20260911,2005H2,11,24082,266,cox_slope,1.003070306578939,0.897348554367004,1.1087920587908742,True
2002H2-E,E,gbm-50k,20260911,2005H2,11,24082,266,psi,0.007201301697215225,,,True
2002H2-E,E,gbm-50k,20260911,2005H2,11,24082,266,psi_critical,0.0010409365492114375,,,True
2002H2-E,E,gbm-50k,20260911,2006H1,13,23280,405,auc,0.7779865884099034,0.7572288497577705,0.7987443270620364,True
2002H2-E,E,gbm-50k,20260911,2006H1,13,23280,405,gini,0.5559731768198068,0.514457699515541,0.5974886541240727,True
2002H2-E,E,gbm-50k,20260911,2006H1,13,23280,405,ks,0.44356365108277673,,,True
2002H2-E,E,gbm-50k,20260911,2006H1,13,23280,405,brier,0.01681098602230162,,,True
2002H2-E,E,gbm-50k,20260911,2006H1,13,23280,405,brier_miscalibration,0.00012520174863487124,,,True
2002H2-E,E,gbm-50k,20260911,2006H1,13,23280,405,brier_discrimination,0.0004084705621287682,,,True
2002H2-E,E,gbm-50k,20260911,2006H1,13,23280,405,brier_uncertainty,0.017094254835795516,,,True
2002H2-E,E,gbm-50k,20260911,2006H1,13,23280,405,observed_over_expected,1.3700792123311327,1.2408810270229074,1.5088865341630557,True
2002H2-E,E,gbm-50k,20260911,2006H1,13,23280,405,log_oe,0.3148685573883718,0.21582163299092652,0.4113719842237096,True
2002H2-E,E,gbm-50k,20260911,2006H1,13,23280,405,cox_intercept,-0.16550381504100672,-0.519590338005071,0.18858270792305762,True
2002H2-E,E,gbm-50k,20260911,2006H1,13,23280,405,cox_slope,0.8709580325747147,0.7842225307242209,0.9576935344252085,True
2002H2-E,E,gbm-50k,20260911,2006H1,13,23280,405,psi,0.01859216821871508,,,True
2002H2-E,E,gbm-50k,20260911,2006H1,13,23280,405,psi_critical,0.0010651397584764489,,,True
2002H2-E,E,gbm-50k,20260911,2006H2,15,23898,525,auc,0.7781416897396873,0.7600550175121433,0.7962283619672313,True
2002H2-E,E,gbm-50k,20260911,2006H2,15,23898,525,gini,0.5562833794793747,0.5201100350242867,0.5924567239344627,True
2002H2-E,E,gbm-50k,20260911,2006H2,15,23898,525,ks,0.4236358191075172,,,True
2002H2-E,E,gbm-50k,20260911,2006H2,15,23898,525,brier,0.021134361160612854,,,True
2002H2-E,E,gbm-50k,20260911,2006H2,15,23898,525,brier_miscalibration,0.0002559236477911869,,,True
2002H2-E,E,gbm-50k,20260911,2006H2,15,23898,525,brier_discrimination,0.000607318955684423,,,True
2002H2-E,E,gbm-50k,20260911,2006H2,15,23898,525,brier_uncertainty,0.02148575646850609,,,True
2002H2-E,E,gbm-50k,20260911,2006H2,15,23898,525,observed_over_expected,1.6750298685952871,1.5361814309514126,1.822837488576621,True
2002H2-E,E,gbm-50k,20260911,2006H2,15,23898,525,log_oe,0.515830997115228,0.42929974685896033,0.60039434667439,True
2002H2-E,E,gbm-50k,20260911,2006H2,15,23898,525,cox_intercept,0.045921156624607544,-0.2661260452717729,0.357968358520988,True
2002H2-E,E,gbm-50k,20260911,2006H2,15,23898,525,cox_slope,0.8697098680830353,0.792984153162328,0.9464355830037426,True
2002H2-E,E,gbm-50k,20260911,2006H2,15,23898,525,psi,0.02777318268936201,,,True
2002H2-E,E,gbm-50k,20260911,2006H2,15,23898,525,psi_critical,0.001046345808876259,,,True
2002H2-E,E,gbm-50k,20260911,2007H1,17,23169,808,auc,0.778553847066653,0.7638830694152418,0.7932246247180642,True
2002H2-E,E,gbm-50k,20260911,2007H1,17,23169,808,gini,0.557107694133306,0.5277661388304835,0.5864492494361284,True
2002H2-E,E,gbm-50k,20260911,2007H1,17,23169,808,ks,0.4247441067169192,,,True
2002H2-E,E,gbm-50k,20260911,2007H1,17,23169,808,brier,0.033069966751214,,,True
2002H2-E,E,gbm-50k,20260911,2007H1,17,23169,808,brier_miscalibration,0.0009585513946377341,,,True
2002H2-E,E,gbm-50k,20260911,2007H1,17,23169,808,brier_discrimination,0.0015465611745751964,,,True
2002H2-E,E,gbm-50k,20260911,2007H1,17,23169,808,brier_uncertainty,0.03365797653115146,,,True
2002H2-E,E,gbm-50k,20260911,2007H1,17,23169,808,observed_over_expected,2.478427182032817,2.3131666455757607,2.6520454789384296,True
2002H2-E,E,gbm-50k,20260911,2007H1,17,23169,808,log_oe,0.907624158193281,0.8386174280278845,0.9753312210975514,True
2002H2-E,E,gbm-50k,20260911,2007H1,17,23169,808,cox_intercept,0.48949320003286867,0.2381037824076006,0.7408826176581367,True
2002H2-E,E,gbm-50k,20260911,2007H1,17,23169,808,cox_slope,0.8716713638027778,0.8094357184822024,0.9339070091233531,True
2002H2-E,E,gbm-50k,20260911,2007H1,17,23169,808,psi,0.04023600179656054,,,True
2002H2-E,E,gbm-50k,20260911,2007H1,17,23169,808,psi_critical,0.0010686215825909393,,,True
2002H2-E,E,gbm-50k,20260911,2007H2,19,24367,1560,auc,0.7619629544685448,0.7510521973472148,0.7728737115898747,True
2002H2-E,E,gbm-50k,20260911,2007H2,19,24367,1560,gini,0.5239259089370896,0.5021043946944297,0.5457474231797494,True
2002H2-E,E,gbm-50k,20260911,2007H2,19,24367,1560,ks,0.40407688035499667,,,True
2002H2-E,E,gbm-50k,20260911,2007H2,19,24367,1560,brier,0.06059987518633361,,,True
2002H2-E,E,gbm-50k,20260911,2007H2,19,24367,1560,brier_miscalibration,0.0042554791011977025,,,True
2002H2-E,E,gbm-50k,20260911,2007H2,19,24367,1560,brier_discrimination,0.0035779259586874376,,,True
2002H2-E,E,gbm-50k,20260911,2007H2,19,24367,1560,brier_uncertainty,0.05992232204382335,,,True
2002H2-E,E,gbm-50k,20260911,2007H2,19,24367,1560,observed_over_expected,4.327584741440174,4.12196064016614,4.5402712449069735,True
2002H2-E,E,gbm-50k,20260911,2007H2,19,24367,1560,log_oe,1.465009589953953,1.4163289337002472,1.512986755842784,True
2002H2-E,E,gbm-50k,20260911,2007H2,19,24367,1560,cox_intercept,0.8939776242865559,0.6993133010035535,1.0886419475695583,True
2002H2-E,E,gbm-50k,20260911,2007H2,19,24367,1560,cox_slope,0.8143052037590917,0.7671818096891463,0.861428597829037,True
2002H2-E,E,gbm-50k,20260911,2007H2,19,24367,1560,psi,0.04356196847489681,,,True
2002H2-E,E,gbm-50k,20260911,2007H2,19,24367,1560,psi_critical,0.0010327193396994369,,,True
2002H2-E,E,gbm-50k,20260911,2008H1,21,24660,1109,auc,0.7716898679185922,0.7584444861271304,0.7849352497100539,True
2002H2-E,E,gbm-50k,20260911,2008H1,21,24660,1109,gini,0.5433797358371844,0.5168889722542609,0.5698704994201078,True
2002H2-E,E,gbm-50k,20260911,2008H1,21,24660,1109,ks,0.41253838962535455,,,True
2002H2-E,E,gbm-50k,20260911,2008H1,21,24660,1109,brier,0.04299616897464405,,,True
2002H2-E,E,gbm-50k,20260911,2008H1,21,24660,1109,brier_miscalibration,0.0025013833748288306,,,True
2002H2-E,E,gbm-50k,20260911,2008H1,21,24660,1109,brier_discrimination,0.002454382288658616,,,True
2002H2-E,E,gbm-50k,20260911,2008H1,21,24660,1109,brier_uncertainty,0.04294916788847383,,,True
2002H2-E,E,gbm-50k,20260911,2008H1,21,24660,1109,observed_over_expected,4.377987533599429,4.12944159051465,4.637038715581069,True
2002H2-E,E,gbm-50k,20260911,2008H1,21,24660,1109,log_oe,1.476589151586208,1.4181421897236683,1.5340759546479363,True
2002H2-E,E,gbm-50k,20260911,2008H1,21,24660,1109,cox_intercept,1.1616812814174993,0.9167667830915176,1.406595779743481,True
2002H2-E,E,gbm-50k,20260911,2008H1,21,24660,1109,cox_slope,0.8983488310179188,0.8425522275836399,0.9541454344521978,True
2002H2-E,E,gbm-50k,20260911,2008H1,21,24660,1109,psi,0.014927172135404534,,,True
2002H2-E,E,gbm-50k,20260911,2008H1,21,24660,1109,psi_critical,0.0010244694792870743,,,True
2002H2-E,E,gbm-50k,20260911,2008H2,23,24746,863,auc,0.7769566478219015,0.7622595492062129,0.7916537464375902,True
2002H2-E,E,gbm-50k,20260911,2008H2,23,24746,863,gini,0.5539132956438031,0.5245190984124257,0.5833074928751805,True
2002H2-E,E,gbm-50k,20260911,2008H2,23,24746,863,ks,0.4244122406503819,,,True
2002H2-E,E,gbm-50k,20260911,2008H2,23,24746,863,brier,0.03359061578869539,,,True
2002H2-E,E,gbm-50k,20260911,2008H2,23,24746,863,brier_miscalibration,0.0015841132211838749,,,True
2002H2-E,E,gbm-50k,20260911,2008H2,23,24746,863,brier_discrimination,0.0016516021421349864,,,True
2002H2-E,E,gbm-50k,20260911,2008H2,23,24746,863,brier_uncertainty,0.0336581047096465,,,True
2002H2-E,E,gbm-50k,20260911,2008H2,23,24746,863,observed_over_expected,3.995700963175762,3.737765046469291,4.266247663657109,True
2002H2-E,E,gbm-50k,20260911,2008H2,23,24746,863,log_oe,1.385219023946001,1.3184878516457121,1.4507346736047848,True
2002H2-E,E,gbm-50k,20260911,2008H2,23,24746,863,cox_intercept,1.492264217826231,1.1877684649703484,1.7967599706821138,True
2002H2-E,E,gbm-50k,20260911,2008H2,23,24746,863,cox_slope,1.0075851642212237,0.9393715827420666,1.0757987457003808,True
2002H2-E,E,gbm-50k,20260911,2008H2,23,24746,863,psi,0.05975155040024998,,,True
2002H2-E,E,gbm-50k,20260911,2008H2,23,24746,863,psi_critical,0.0010220851046916352,,,True
2002H2-E,E,gbm-50k,20260911,2009H1,25,24844,119,auc,0.7900053530006544,0.750098540349533,0.8299121656517758,True
2002H2-E,E,gbm-50k,20260911,2009H1,25,24844,119,gini,0.5800107060013089,0.5001970806990661,0.6598243313035517,True
2002H2-E,E,gbm-50k,20260911,2009H1,25,24844,119,ks,0.4654282825364726,,,True
2002H2-E,E,gbm-50k,20260911,2009H1,25,24844,119,brier,0.004740035504813996,,,True
2002H2-E,E,gbm-50k,20260911,2009H1,25,24844,119,brier_miscalibration,4.0952330969843895e-05,,,True
2002H2-E,E,gbm-50k,20260911,2009H1,25,24844,119,brier_discrimination,6.78626971948662e-05,,,True
2002H2-E,E,gbm-50k,20260911,2009H1,25,24844,119,brier_uncertainty,0.0047669458710390186,,,True
2002H2-E,E,gbm-50k,20260911,2009H1,25,24844,119,observed_over_expected,0.8866910632697845,0.7348375213269589,1.060557909865476,True
2002H2-E,E,gbm-50k,20260911,2009H1,25,24844,119,log_oe,-0.12025865128710932,-0.30810586362563874,0.05879509972266139,True
2002H2-E,E,gbm-50k,20260911,2009H1,25,24844,119,cox_intercept,0.3023944882047968,-0.47614420561652676,1.0809331820261203,True
2002H2-E,E,gbm-50k,20260911,2009H1,25,24844,119,cox_slope,1.09034974265137,0.927673366721903,1.253026118580837,True
2002H2-E,E,gbm-50k,20260911,2009H1,25,24844,119,psi,0.3835197032565246,,,True
2002H2-E,E,gbm-50k,20260911,2009H1,25,24844,119,psi_critical,0.001019388149927719,,,True
2002H2-E,E,gbm-50k,20260911,2009H2,27,24709,196,auc,0.8290446884909882,0.8021090239846888,0.8559803529972877,True
2002H2-E,E,gbm-50k,20260911,2009H2,27,24709,196,gini,0.6580893769819764,0.6042180479693775,0.7119607059945754,True
2002H2-E,E,gbm-50k,20260911,2009H2,27,24709,196,ks,0.5224553901844669,,,True
2002H2-E,E,gbm-50k,20260911,2009H2,27,24709,196,brier,0.007740233880448677,,,True
2002H2-E,E,gbm-50k,20260911,2009H2,27,24709,196,brier_miscalibration,7.866496355581586e-05,,,True
2002H2-E,E,gbm-50k,20260911,2009H2,27,24709,196,brier_discrimination,0.00020784153515646282,,,True
2002H2-E,E,gbm-50k,20260911,2009H2,27,24709,196,brier_uncertainty,0.007869410452049324,,,True
2002H2-E,E,gbm-50k,20260911,2009H2,27,24709,196,observed_over_expected,1.0784346482255127,0.9332156830576359,1.2397015761841517,True
2002H2-E,E,gbm-50k,20260911,2009H2,27,24709,196,log_oe,0.07551058994900754,-0.0691189332992265,0.21487068628500974,True
2002H2-E,E,gbm-50k,20260911,2009H2,27,24709,196,cox_intercept,0.3307486012716551,-0.16320573173921255,0.8247029342825227,True
2002H2-E,E,gbm-50k,20260911,2009H2,27,24709,196,cox_slope,1.0590314412147621,0.9474726893048886,1.1705901931246356,True
2002H2-E,E,gbm-50k,20260911,2009H2,27,24709,196,psi,0.15504680312931524,,,True
2002H2-E,E,gbm-50k,20260911,2009H2,27,24709,196,psi_critical,0.0010231089059562013,,,True
2002H2-E,E,gbm-50k,20260911,2010H1,29,24843,191,auc,0.8166298965367548,0.7862241238345432,0.8470356692389663,True
2002H2-E,E,gbm-50k,20260911,2010H1,29,24843,191,gini,0.6332597930735095,0.5724482476690864,0.6940713384779327,True
2002H2-E,E,gbm-50k,20260911,2010H1,29,24843,191,ks,0.5271647298988305,,,True
2002H2-E,E,gbm-50k,20260911,2010H1,29,24843,191,brier,0.007459562880810702,,,True
2002H2-E,E,gbm-50k,20260911,2010H1,29,24843,191,brier_miscalibration,8.171461678130407e-05,,,True
2002H2-E,E,gbm-50k,20260911,2010H1,29,24843,191,brier_discrimination,0.0002513244630571289,,,True
2002H2-E,E,gbm-50k,20260911,2010H1,29,24843,191,brier_uncertainty,0.0076291727270865264,,,True
2002H2-E,E,gbm-50k,20260911,2010H1,29,24843,191,observed_over_expected,0.9588079996363259,0.828066539485459,1.1042024253757838,True
2002H2-E,E,gbm-50k,20260911,2010H1,29,24843,191,log_oe,-0.042064433072977775,-0.18866176612829128,0.09912328736583306,True
2002H2-E,E,gbm-50k,20260911,2010H1,29,24843,191,cox_intercept,-0.004637282151023457,-0.46603004593665043,0.45675548163460356,True
2002H2-E,E,gbm-50k,20260911,2010H1,29,24843,191,cox_slope,1.0095415890383617,0.9033759493949061,1.1157072286818173,True
2002H2-E,E,gbm-50k,20260911,2010H1,29,24843,191,psi,0.12044606875642541,,,True
2002H2-E,E,gbm-50k,20260911,2010H1,29,24843,191,psi_critical,0.0010194155624220973,,,True
2002H2-E,E,gbm-50k,20260911,2010H2,31,24683,152,auc,0.8362071138773924,0.8040435155809021,0.8683707121738827,True
2002H2-E,E,gbm-50k,20260911,2010H2,31,24683,152,gini,0.6724142277547849,0.6080870311618043,0.7367414243477655,True
2002H2-E,E,gbm-50k,20260911,2010H2,31,24683,152,ks,0.5607451044757545,,,True
2002H2-E,E,gbm-50k,20260911,2010H2,31,24683,152,brier,0.0060525036521310895,,,True
2002H2-E,E,gbm-50k,20260911,2010H2,31,24683,152,brier_miscalibration,9.181243663422024e-05,,,True
2002H2-E,E,gbm-50k,20260911,2010H2,31,24683,152,brier_discrimination,0.0001594712912582133,,,True
2002H2-E,E,gbm-50k,20260911,2010H2,31,24683,152,brier_uncertainty,0.0061201625067550825,,,True
2002H2-E,E,gbm-50k,20260911,2010H2,31,24683,152,observed_over_expected,0.8661783046528239,0.7342833540929585,1.0148056804252785,True
2002H2-E,E,gbm-50k,20260911,2010H2,31,24683,152,log_oe,-0.14366449709479684,-0.3088602838636953,0.014697146308401918,True
2002H2-E,E,gbm-50k,20260911,2010H2,31,24683,152,cox_intercept,-0.04970417032099815,-0.565962167823107,0.4665538271811107,True
2002H2-E,E,gbm-50k,20260911,2010H2,31,24683,152,cox_slope,1.0237266198888273,0.9071255568678677,1.140327682909787,True
2002H2-E,E,gbm-50k,20260911,2010H2,31,24683,152,psi,0.2089203667226523,,,True
2002H2-E,E,gbm-50k,20260911,2010H2,31,24683,152,psi_critical,0.0010238301701137374,,,True
2002H2-E,E,gbm-50k,20260911,2011H1,33,24614,195,auc,0.8448609269158842,0.818519479919176,0.8712023739125925,True
2002H2-E,E,gbm-50k,20260911,2011H1,33,24614,195,gini,0.6897218538317684,0.6370389598383519,0.742404747825185,True
2002H2-E,E,gbm-50k,20260911,2011H1,33,24614,195,ks,0.5624206035443187,,,True
2002H2-E,E,gbm-50k,20260911,2011H1,33,24614,195,brier,0.007872978911501544,,,True
2002H2-E,E,gbm-50k,20260911,2011H1,33,24614,195,brier_miscalibration,0.0002325029651326074,,,True
2002H2-E,E,gbm-50k,20260911,2011H1,33,24614,195,brier_discrimination,0.00021908151999352424,,,True
2002H2-E,E,gbm-50k,20260911,2011H1,33,24614,195,brier_uncertainty,0.00785955746636246,,,True
2002H2-E,E,gbm-50k,20260911,2011H1,33,24614,195,observed_over_expected,0.8773878898283295,0.7589491903527078,1.008950813414976,True
2002H2-E,E,gbm-50k,20260911,2011H1,33,24614,195,log_oe,-0.13080609268362914,-0.27582044670908973,0.008910992328921707,True
2002H2-E,E,gbm-50k,20260911,2011H1,33,24614,195,cox_intercept,-0.26653364720169787,-0.6886459532351337,0.15557865883173794,True
2002H2-E,E,gbm-50k,20260911,2011H1,33,24614,195,cox_slope,0.9675728576556744,0.8678007945887313,1.0673449207226173,True
2002H2-E,E,gbm-50k,20260911,2011H1,33,24614,195,psi,0.08262192112626188,,,True
2002H2-E,E,gbm-50k,20260911,2011H1,33,24614,195,psi_critical,0.0010257516819624198,,,True
2002H2-E,E,gbm-50k,20260911,2011H2,35,24646,119,auc,0.8789290005560669,0.8518048927140796,0.9060531083980543,True
2002H2-E,E,gbm-50k,20260911,2011H2,35,24646,119,gini,0.7578580011121339,0.7036097854281591,0.8121062167961086,True
2002H2-E,E,gbm-50k,20260911,2011H2,35,24646,119,ks,0.6234508154792884,,,True
2002H2-E,E,gbm-50k,20260911,2011H2,35,24646,119,brier,0.004759631754484608,,,True
2002H2-E,E,gbm-50k,20260911,2011H2,35,24646,119,brier_miscalibration,9.114229717835289e-05,,,True
2002H2-E,E,gbm-50k,20260911,2011H2,35,24646,119,brier_discrimination,0.00013656710375416735,,,True
2002H2-E,E,gbm-50k,20260911,2011H2,35,24646,119,brier_uncertainty,0.004805056561060422,,,True
2002H2-E,E,gbm-50k,20260911,2011H2,35,24646,119,observed_over_expected,0.6674152323642469,0.5531163211055957,0.7982823433759191,True
2002H2-E,E,gbm-50k,20260911,2011H2,35,24646,119,log_oe,-0.4043428894847284,-0.5921869539995929,-0.22529293035537004,True
2002H2-E,E,gbm-50k,20260911,2011H2,35,24646,119,cox_intercept,0.16585862871115775,-0.38783586303834994,0.7195531204606654,True
2002H2-E,E,gbm-50k,20260911,2011H2,35,24646,119,cox_slope,1.143578928567092,1.0118211620349475,1.2753366950992366,True
2002H2-E,E,gbm-50k,20260911,2011H2,35,24646,119,psi,0.20131628500856127,,,True
2002H2-E,E,gbm-50k,20260911,2011H2,35,24646,119,psi_critical,0.0010248592082078211,,,True
2002H2-E,E,gbm-50k,20260911,2012H1,37,24306,148,auc,0.8525414333117786,0.827881039650926,0.8772018269726312,True
2002H2-E,E,gbm-50k,20260911,2012H1,37,24306,148,gini,0.7050828666235571,0.6557620793018519,0.7544036539452623,True
2002H2-E,E,gbm-50k,20260911,2012H1,37,24306,148,ks,0.5809994115317403,,,True
2002H2-E,E,gbm-50k,20260911,2012H1,37,24306,148,brier,0.006258858266739419,,,True
2002H2-E,E,gbm-50k,20260911,2012H1,37,24306,148,brier_miscalibration,0.00033469799306090706,,,True
2002H2-E,E,gbm-50k,20260911,2012H1,37,24306,148,brier_discrimination,0.00012779493638492324,,,True
2002H2-E,E,gbm-50k,20260911,2012H1,37,24306,148,brier_uncertainty,0.006051955210063435,,,True
2002H2-E,E,gbm-50k,20260911,2012H1,37,24306,148,observed_over_expected,0.5336962303414372,0.4513816798580204,0.6266042883812037,True
2002H2-E,E,gbm-50k,20260911,2012H1,37,24306,148,log_oe,-0.627928458921001,-0.7954420005839755,-0.4674400565978963,True
2002H2-E,E,gbm-50k,20260911,2012H1,37,24306,148,cox_intercept,-0.9260406730680711,-1.3586317830961554,-0.49344956303998694,True
2002H2-E,E,gbm-50k,20260911,2012H1,37,24306,148,cox_slope,0.927243638958541,0.8177192173281231,1.0367680605889589,True
2002H2-E,E,gbm-50k,20260911,2012H1,37,24306,148,psi,0.03575081135680941,,,True
2002H2-E,E,gbm-50k,20260911,2012H1,37,24306,148,psi_critical,0.0010344619023195318,,,True
2002H2-E,E,gbm-50k,20260911,2012H2,39,24538,131,auc,0.8455723971066992,0.8133368293883921,0.8778079648250062,True
2002H2-E,E,gbm-50k,20260911,2012H2,39,24538,131,gini,0.6911447942133984,0.6266736587767843,0.7556159296500125,True
2002H2-E,E,gbm-50k,20260911,2012H2,39,24538,131,ks,0.5736669213593772,,,True
2002H2-E,E,gbm-50k,20260911,2012H2,39,24538,131,brier,0.005553364235977865,,,True
2002H2-E,E,gbm-50k,20260911,2012H2,39,24538,131,brier_miscalibration,0.00034611226638887275,,,True
2002H2-E,E,gbm-50k,20260911,2012H2,39,24538,131,brier_discrimination,0.00010290516418860925,,,True
2002H2-E,E,gbm-50k,20260911,2012H2,39,24538,131,brier_uncertainty,0.005310157133777601,,,True
2002H2-E,E,gbm-50k,20260911,2012H2,39,24538,131,observed_over_expected,0.49309367897479794,0.4124468273102641,0.5848333502771677,True
2002H2-E,E,gbm-50k,20260911,2012H2,39,24538,131,log_oe,-0.707056104786161,-0.8856479850064392,-0.5364283436549039,True
2002H2-E,E,gbm-50k,20260911,2012H2,39,24538,131,cox_intercept,-1.0026212892273194,-1.4600634625142317,-0.545179115940407,True
2002H2-E,E,gbm-50k,20260911,2012H2,39,24538,131,cox_slope,0.9296480036908775,0.8151628664347818,1.0441331409469732,True
2002H2-E,E,gbm-50k,20260911,2012H2,39,24538,131,psi,0.04505447874232982,,,True
2002H2-E,E,gbm-50k,20260911,2012H2,39,24538,131,psi_critical,0.0010278806363136351,,,True
2002H2-E,E,gbm-50k,20260911,2013H1,41,24341,85,auc,0.8361341766257951,0.7950147427878447,0.8772536104637456,False
2002H2-E,E,gbm-50k,20260911,2013H1,41,24341,85,gini,0.6722683532515903,0.5900294855756893,0.7545072209274912,False
2002H2-E,E,gbm-50k,20260911,2013H1,41,24341,85,ks,0.5939517693620985,,,False
2002H2-E,E,gbm-50k,20260911,2013H1,41,24341,85,brier,0.003829214946169914,,,False
2002H2-E,E,gbm-50k,20260911,2013H1,41,24341,85,brier_miscalibration,0.0004159530413577529,,,False
2002H2-E,E,gbm-50k,20260911,2013H1,41,24341,85,brier_discrimination,6.659412870174729e-05,,,False
2002H2-E,E,gbm-50k,20260911,2013H1,41,24341,85,brier_uncertainty,0.0034798560335139086,,,False
2002H2-E,E,gbm-50k,20260911,2013H1,41,24341,85,observed_over_expected,0.30848201902816547,0.24648608737193844,0.3812851825718407,False
2002H2-E,E,gbm-50k,20260911,2013H1,41,24341,85,log_oe,-1.1760917224952578,-1.4004497277740187,-0.9642076731626041,False
2002H2-E,E,gbm-50k,20260911,2013H1,41,24341,85,cox_intercept,-1.4471878209438584,-1.9996344009202505,-0.8947412409674664,False
2002H2-E,E,gbm-50k,20260911,2013H1,41,24341,85,cox_slope,0.9392210770715389,0.7979209250258812,1.0805212291171966,False
2002H2-E,E,gbm-50k,20260911,2013H1,41,24341,85,psi,0.023953945490181913,,,False
2002H2-E,E,gbm-50k,20260911,2013H1,41,24341,85,psi_critical,0.0010334610033319,,,False
2002H2-E,E,gbm-50k,20260911,2013H2,43,23974,142,auc,0.815270124439149,0.7816043296442098,0.8489359192340883,True
2002H2-E,E,gbm-50k,20260911,2013H2,43,23974,142,gini,0.6305402488782981,0.5632086592884196,0.6978718384681766,True
2002H2-E,E,gbm-50k,20260911,2013H2,43,23974,142,ks,0.5213891607449328,,,True
2002H2-E,E,gbm-50k,20260911,2013H2,43,23974,142,brier,0.006307847749490847,,,True
2002H2-E,E,gbm-50k,20260911,2013H2,43,23974,142,brier_miscalibration,0.0005079453664894769,,,True
2002H2-E,E,gbm-50k,20260911,2013H2,43,23974,142,brier_discrimination,8.809804102797355e-05,,,True
2002H2-E,E,gbm-50k,20260911,2013H2,43,23974,142,brier_uncertainty,0.005888000424029344,,,True
2002H2-E,E,gbm-50k,20260911,2013H2,43,23974,142,observed_over_expected,0.47401937666337873,0.3994410453848312,0.5584129216275838,True
2002H2-E,E,gbm-50k,20260911,2013H2,43,23974,142,log_oe,-0.7465070790859216,-0.9176890956671534,-0.5826565873511663,True
2002H2-E,E,gbm-50k,20260911,2013H2,43,23974,142,cox_intercept,-1.3680190401576524,-1.8270250501966683,-0.9090130301186365,True
2002H2-E,E,gbm-50k,20260911,2013H2,43,23974,142,cox_slope,0.8399899381475067,0.7262675916763871,0.9537122846186262,True
2002H2-E,E,gbm-50k,20260911,2013H2,43,23974,142,psi,0.014552806791129275,,,True
2002H2-E,E,gbm-50k,20260911,2013H2,43,23974,142,psi_critical,0.0010441014843782371,,,True
2002H2-E,E,gbm-50k,20260911,2014H1,45,24341,137,auc,0.8011114770195431,0.7647632339761626,0.8374597200629236,True
2002H2-E,E,gbm-50k,20260911,2014H1,45,24341,137,gini,0.6022229540390862,0.5295264679523253,0.6749194401258471,True
2002H2-E,E,gbm-50k,20260911,2014H1,45,24341,137,ks,0.5066729031938981,,,True
2002H2-E,E,gbm-50k,20260911,2014H1,45,24341,137,brier,0.0058993872178097935,,,True
2002H2-E,E,gbm-50k,20260911,2014H1,45,24341,137,brier_miscalibration,0.0003673847081405125,,,True
2002H2-E,E,gbm-50k,20260911,2014H1,45,24341,137,brier_discrimination,6.468267901338712e-05,,,True
2002H2-E,E,gbm-50k,20260911,2014H1,45,24341,137,brier_uncertainty,0.005596685188682668,,,True
2002H2-E,E,gbm-50k,20260911,2014H1,45,24341,137,observed_over_expected,0.5178134409793587,0.434926205746133,0.6118260375359778,True
2002H2-E,E,gbm-50k,20260911,2014H1,45,24341,137,log_oe,-0.6581402541426601,-0.8325789042471909,-0.49130728926937284,True
2002H2-E,E,gbm-50k,20260911,2014H1,45,24341,137,cox_intercept,-1.2801663145585611,-1.795606341575154,-0.7647262875419683,True
2002H2-E,E,gbm-50k,20260911,2014H1,45,24341,137,cox_slope,0.8472588497566633,0.7251067102543932,0.9694109892589334,True
2002H2-E,E,gbm-50k,20260911,2014H1,45,24341,137,psi,0.05061806798523222,,,True
2002H2-E,E,gbm-50k,20260911,2014H1,45,24341,137,psi_critical,0.0010334610033319,,,True
2002H2-E,E,gbm-50k,20260911,2014H2,47,24213,99,auc,0.7522850215684254,0.7040286147273723,0.8005414284094784,False
2002H2-E,E,gbm-50k,20260911,2014H2,47,24213,99,gini,0.5045700431368507,0.40805722945474465,0.6010828568189568,False
2002H2-E,E,gbm-50k,20260911,2014H2,47,24213,99,ks,0.40352266129822734,,,False
2002H2-E,E,gbm-50k,20260911,2014H2,47,24213,99,brier,0.004279662233268381,,,False
2002H2-E,E,gbm-50k,20260911,2014H2,47,24213,99,brier_miscalibration,0.00026186334330211784,,,False
2002H2-E,E,gbm-50k,20260911,2014H2,47,24213,99,brier_discrimination,5.4196213704247286e-05,,,False
2002H2-E,E,gbm-50k,20260911,2014H2,47,24213,99,brier_uncertainty,0.004071995103670511,,,False
2002H2-E,E,gbm-50k,20260911,2014H2,47,24213,99,observed_over_expected,0.4257653097782625,0.3461665169142412,0.518123380554605,False
2002H2-E,E,gbm-50k,20260911,2014H2,47,24213,99,log_oe,-0.8538670005362209,-1.060835356936269,-0.6575418786856794,False
2002H2-E,E,gbm-50k,20260911,2014H2,47,24213,99,cox_intercept,-1.5838172379684732,-2.254112969346358,-0.9135215065905883,False
2002H2-E,E,gbm-50k,20260911,2014H2,47,24213,99,cox_slope,0.8282014417623121,0.6755774393901566,0.9808254441344677,False
2002H2-E,E,gbm-50k,20260911,2014H2,47,24213,99,psi,0.06958412991508103,,,False
2002H2-E,E,gbm-50k,20260911,2014H2,47,24213,99,psi_critical,0.0010371354933066512,,,False
2002H2-E,E,gbm-50k,20260911,2015H1,49,24159,83,auc,0.8095751505773885,0.7615703295362262,0.8575799716185508,False
2002H2-E,E,gbm-50k,20260911,2015H1,49,24159,83,gini,0.619150301154777,0.5231406590724523,0.7151599432371016,False
2002H2-E,E,gbm-50k,20260911,2015H1,49,24159,83,ks,0.5157618345119972,,,False
2002H2-E,E,gbm-50k,20260911,2015H1,49,24159,83,brier,0.0035299190820861303,,,False
2002H2-E,E,gbm-50k,20260911,2015H1,49,24159,83,brier_miscalibration,0.00014968044730974232,,,False
2002H2-E,E,gbm-50k,20260911,2015H1,49,24159,83,brier_discrimination,4.353087012249788e-05,,,False
2002H2-E,E,gbm-50k,20260911,2015H1,49,24159,83,brier_uncertainty,0.003423769504898886,,,False
2002H2-E,E,gbm-50k,20260911,2015H1,49,24159,83,observed_over_expected,0.413621139202882,0.3295553977800725,0.5125344349514539,False
2002H2-E,E,gbm-50k,20260911,2015H1,49,24159,83,log_oe,-0.8828048468355836,-1.1100108123729024,-0.6683873800775524,False
2002H2-E,E,gbm-50k,20260911,2015H1,49,24159,83,cox_intercept,-0.7223814408667456,-1.4592200954539725,0.014457213720481144,False
2002H2-E,E,gbm-50k,20260911,2015H1,49,24159,83,cox_slope,1.0442271527171367,0.8730077060764934,1.21544659935778,False
2002H2-E,E,gbm-50k,20260911,2015H1,49,24159,83,psi,0.09735231494057867,,,False
2002H2-E,E,gbm-50k,20260911,2015H1,49,24159,83,psi_critical,0.0010386973468943647,,,False
2002H2-E,E,gbm-50k,20260911,2015H2,51,24159,130,auc,0.7751545408272696,0.7387377530061203,0.811571328648419,True
2002H2-E,E,gbm-50k,20260911,2015H2,51,24159,130,gini,0.5503090816545393,0.47747550601224065,0.6231426572968379,True
2002H2-E,E,gbm-50k,20260911,2015H2,51,24159,130,ks,0.44609430271754963,,,True
2002H2-E,E,gbm-50k,20260911,2015H2,51,24159,130,brier,0.005434555719400472,,,True
2002H2-E,E,gbm-50k,20260911,2015H2,51,24159,130,brier_miscalibration,0.00012821675378718242,,,True
2002H2-E,E,gbm-50k,20260911,2015H2,51,24159,130,brier_discrimination,4.572311206342116e-05,,,True
2002H2-E,E,gbm-50k,20260911,2015H2,51,24159,130,brier_uncertainty,0.005352062077676711,,,True
2002H2-E,E,gbm-50k,20260911,2015H2,51,24159,130,observed_over_expected,0.604272729721771,0.5050816374327665,0.7171626311893369,True
2002H2-E,E,gbm-50k,20260911,2015H2,51,24159,130,log_oe,-0.5037296436860476,-0.6830352044893635,-0.3324526423602286,True
2002H2-E,E,gbm-50k,20260911,2015H2,51,24159,130,cox_intercept,-0.8850298333767566,-1.5465815014072777,-0.22347816534623532,True
2002H2-E,E,gbm-50k,20260911,2015H2,51,24159,130,cox_slope,0.9127475575444669,0.7628036937837119,1.0626914213052219,True
2002H2-E,E,gbm-50k,20260911,2015H2,51,24159,130,psi,0.07692581766614913,,,True
2002H2-E,E,gbm-50k,20260911,2015H2,51,24159,130,psi_critical,0.0010386973468943647,,,True
2002H2-E,E,gbm-50k,20260911,2016H1,53,24632,115,auc,0.7693066567829597,0.7213466168566248,0.8172666967092946,True
2002H2-E,E,gbm-50k,20260911,2016H1,53,24632,115,gini,0.5386133135659195,0.44269323371324965,0.6345333934185893,True
2002H2-E,E,gbm-50k,20260911,2016H1,53,24632,115,ks,0.45026361477661464,,,True
2002H2-E,E,gbm-50k,20260911,2016H1,53,24632,115,brier,0.0047068798814261514,,,True
2002H2-E,E,gbm-50k,20260911,2016H1,53,24632,115,brier_miscalibration,0.00011278695502454569,,,True
2002H2-E,E,gbm-50k,20260911,2016H1,53,24632,115,brier_discrimination,5.283370499943162e-05,,,True
2002H2-E,E,gbm-50k,20260911,2016H1,53,24632,115,brier_uncertainty,0.004646926631401037,,,True
2002H2-E,E,gbm-50k,20260911,2016H1,53,24632,115,observed_over_expected,0.543580110517905,0.4489549754940704,0.6521801894835988,True
2002H2-E,E,gbm-50k,20260911,2016H1,53,24632,115,log_oe,-0.6095781858257638,-0.800832673564044,-0.4274343909983973,True
2002H2-E,E,gbm-50k,20260911,2016H1,53,24632,115,cox_intercept,-0.6901536553439183,-1.4195568569005306,0.039249546212694164,True
2002H2-E,E,gbm-50k,20260911,2016H1,53,24632,115,cox_slope,0.9841749380248599,0.8179534954486439,1.1503963806010757,True
2002H2-E,E,gbm-50k,20260911,2016H1,53,24632,115,psi,0.08659801500842716,,,True
2002H2-E,E,gbm-50k,20260911,2016H1,53,24632,115,psi_critical,0.0010252493801461782,,,True
2002H2-E,E,gbm-50k,20260911,2016H2,55,24760,121,auc,0.7307689985539958,0.6884352793092237,0.7731027177987679,True
2002H2-E,E,gbm-50k,20260911,2016H2,55,24760,121,gini,0.4615379971079916,0.3768705586184473,0.5462054355975359,True
2002H2-E,E,gbm-50k,20260911,2016H2,55,24760,121,ks,0.3686183866939432,,,True
2002H2-E,E,gbm-50k,20260911,2016H2,55,24760,121,brier,0.004888997091836339,,,True
2002H2-E,E,gbm-50k,20260911,2016H2,55,24760,121,brier_miscalibration,5.63674303264922e-05,,,True
2002H2-E,E,gbm-50k,20260911,2016H2,55,24760,121,brier_discrimination,3.0402784381045045e-05,,,True
2002H2-E,E,gbm-50k,20260911,2016H2,55,24760,121,brier_uncertainty,0.004863032445890892,,,True
2002H2-E,E,gbm-50k,20260911,2016H2,55,24760,121,observed_over_expected,0.6296265998748876,0.5226545289484045,0.751964903169012,True
2002H2-E,E,gbm-50k,20260911,2016H2,55,24760,121,log_oe,-0.46262833392310443,-0.6488345896847906,-0.2850656274392403,True
2002H2-E,E,gbm-50k,20260911,2016H2,55,24760,121,cox_intercept,-1.1094045980511082,-1.9435358169567671,-0.27527337914544936,True
2002H2-E,E,gbm-50k,20260911,2016H2,55,24760,121,cox_slope,0.8567988013214697,0.6768308707968425,1.036766731846097,True
2002H2-E,E,gbm-50k,20260911,2016H2,55,24760,121,psi,0.10839104055161669,,,True
2002H2-E,E,gbm-50k,20260911,2016H2,55,24760,121,psi_critical,0.0010216985183533317,,,True
2002H2-E,E,gbm-50k,20260911,2017H1,57,24541,162,auc,0.7495648703929054,0.7160534117758455,0.7830763290099654,True
2002H2-E,E,gbm-50k,20260911,2017H1,57,24541,162,gini,0.49912974078581085,0.43210682355169094,0.5661526580199308,True
2002H2-E,E,gbm-50k,20260911,2017H1,57,24541,162,ks,0.40219167579464005,,,True
2002H2-E,E,gbm-50k,20260911,2017H1,57,24541,162,brier,0.006609285863913051,,,True
2002H2-E,E,gbm-50k,20260911,2017H1,57,24541,162,brier_miscalibration,9.838692009654128e-05,,,True
2002H2-E,E,gbm-50k,20260911,2017H1,57,24541,162,brier_discrimination,4.6723236403487314e-05,,,True
2002H2-E,E,gbm-50k,20260911,2017H1,57,24541,162,brier_uncertainty,0.006557622180219997,,,True
2002H2-E,E,gbm-50k,20260911,2017H1,57,24541,162,observed_over_expected,0.7280988660900632,0.6205861737400908,0.8487858381571806,True
2002H2-E,E,gbm-50k,20260911,2017H1,57,24541,162,log_oe,-0.31731843493735645,-0.4770908060750569,-0.163948376367758,True
2002H2-E,E,gbm-50k,20260911,2017H1,57,24541,162,cox_intercept,-0.871889042702072,-1.546939408019027,-0.19683867738511684,True
2002H2-E,E,gbm-50k,20260911,2017H1,57,24541,162,cox_slope,0.8725124845863718,0.7214645310162286,1.0235604381565149,True
2002H2-E,E,gbm-50k,20260911,2017H1,57,24541,162,psi,0.09132074326246048,,,True
2002H2-E,E,gbm-50k,20260911,2017H1,57,24541,162,psi_critical,0.0010277963486622491,,,True
2002H2-E,E,gbm-50k,20260911,2017H2,59,24680,143,auc,0.756700527332634,0.7200958905512923,0.7933051641139758,True
2002H2-E,E,gbm-50k,20260911,2017H2,59,24680,143,gini,0.5134010546652681,0.4401917811025846,0.5866103282279516,True
2002H2-E,E,gbm-50k,20260911,2017H2,59,24680,143,ks,0.38388721357299416,,,True
2002H2-E,E,gbm-50k,20260911,2017H2,59,24680,143,brier,0.0057101885792903845,,,True
2002H2-E,E,gbm-50k,20260911,2017H2,59,24680,143,brier_miscalibration,5.956394115322339e-05,,,True
2002H2-E,E,gbm-50k,20260911,2017H2,59,24680,143,brier_discrimination,0.0001099683261985571,,,True
2002H2-E,E,gbm-50k,20260911,2017H2,59,24680,143,brier_uncertainty,0.005760592964335718,,,True
2002H2-E,E,gbm-50k,20260911,2017H2,59,24680,143,observed_over_expected,0.6464170965159071,0.5450507975656702,0.7610769481325763,True
2002H2-E,E,gbm-50k,20260911,2017H2,59,24680,143,log_oe,-0.43631032330708974,-0.6068762821198387,-0.27302081173470527,True
2002H2-E,E,gbm-50k,20260911,2017H2,59,24680,143,cox_intercept,-0.14887271603524138,-0.9107500191728133,0.6130045871023306,True
2002H2-E,E,gbm-50k,20260911,2017H2,59,24680,143,cox_slope,1.0693357364411396,0.8934517758263566,1.2452196970559224,True
2002H2-E,E,gbm-50k,20260911,2017H2,59,24680,143,psi,0.09188796880995234,,,True
2002H2-E,E,gbm-50k,20260911,2017H2,59,24680,143,psi_critical,0.0010239134906912927,,,True
2002H2-E,E,gbm-50k,20260911,2018H1,61,24416,148,auc,0.7454249618004357,0.7065694605093987,0.7842804630914727,True
2002H2-E,E,gbm-50k,20260911,2018H1,61,24416,148,gini,0.49084992360087143,0.41313892101879746,0.5685609261829454,True
2002H2-E,E,gbm-50k,20260911,2018H1,61,24416,148,ks,0.38253244178742773,,,True
2002H2-E,E,gbm-50k,20260911,2018H1,61,24416,148,brier,0.006014243633497033,,,True
2002H2-E,E,gbm-50k,20260911,2018H1,61,24416,148,brier_miscalibration,4.1953863480879636e-05,,,True
2002H2-E,E,gbm-50k,20260911,2018H1,61,24416,148,brier_discrimination,5.256619964214091e-05,,,True
2002H2-E,E,gbm-50k,20260911,2018H1,61,24416,148,brier_uncertainty,0.006024855969658295,,,True
2002H2-E,E,gbm-50k,20260911,2018H1,61,24416,148,observed_over_expected,0.6825615548726959,0.5772856108800402,0.8013866331351829,True
2002H2-E,E,gbm-50k,20260911,2018H1,61,24416,148,log_oe,-0.3819025657002576,-0.5494181420829024,-0.22141176031128074,True
2002H2-E,E,gbm-50k,20260911,2018H1,61,24416,148,cox_intercept,-0.4257467123557573,-1.2164698726335814,0.3649764479220669,True
2002H2-E,E,gbm-50k,20260911,2018H1,61,24416,148,cox_slope,0.9913402453797143,0.8123812277429265,1.1702992630165021,True
2002H2-E,E,gbm-50k,20260911,2018H1,61,24416,148,psi,0.10948659225772722,,,True
2002H2-E,E,gbm-50k,20260911,2018H1,61,24416,148,psi_critical,0.0010313258825568768,,,True
2002H2-E,E,gbm-50k,20260911,2018H2,63,24543,146,auc,0.7159686150497957,0.6733407384999625,0.7585964915996289,True
2002H2-E,E,gbm-50k,20260911,2018H2,63,24543,146,gini,0.4319372300995914,0.3466814769999249,0.5171929831992579,True
2002H2-E,E,gbm-50k,20260911,2018H2,63,24543,146,ks,0.3445165894526668,,,True
2002H2-E,E,gbm-50k,20260911,2018H2,63,24543,146,brier,0.005906823238441576,,,True
2002H2-E,E,gbm-50k,20260911,2018H2,63,24543,146,brier_miscalibration,4.462211607380792e-05,,,True
2002H2-E,E,gbm-50k,20260911,2018H2,63,24543,146,brier_discrimination,5.1154356535473323e-05,,,True
2002H2-E,E,gbm-50k,20260911,2018H2,63,24543,146,brier_uncertainty,0.005913355478903241,,,True
2002H2-E,E,gbm-50k,20260911,2018H2,63,24543,146,observed_over_expected,0.6519115404041561,0.5507010008872555,0.7662454192621014,True
2002H2-E,E,gbm-50k,20260911,2018H2,63,24543,146,log_oe,-0.427846400486819,-0.5965632652335016,-0.2662527698740855,True
2002H2-E,E,gbm-50k,20260911,2018H2,63,24543,146,cox_intercept,-0.846246356390998,-1.6751720256899805,-0.017320687092015508,True
2002H2-E,E,gbm-50k,20260911,2018H2,63,24543,146,cox_slope,0.9051887196841693,0.7194973618482755,1.0908800775200629,True
2002H2-E,E,gbm-50k,20260911,2018H2,63,24543,146,psi,0.119149606369651,,,True
2002H2-E,E,gbm-50k,20260911,2018H2,63,24543,146,psi_critical,0.0010277401683422744,,,True
2002H2-E,E,gbm-50k,20260911,2019H1,65,24752,110,auc,0.6633325586028289,0.6107345399958459,0.7159305772098119,True
2002H2-E,E,gbm-50k,20260911,2019H1,65,24752,110,gini,0.32666511720565783,0.22146907999169185,0.4318611544196238,True
2002H2-E,E,gbm-50k,20260911,2019H1,65,24752,110,ks,0.2533464668599804,,,True
2002H2-E,E,gbm-50k,20260911,2019H1,65,24752,110,brier,0.004458114681972862,,,True
2002H2-E,E,gbm-50k,20260911,2019H1,65,24752,110,brier_miscalibration,8.63977439149715e-05,,,True
2002H2-E,E,gbm-50k,20260911,2019H1,65,24752,110,brier_discrimination,5.261849399171292e-05,,,True
2002H2-E,E,gbm-50k,20260911,2019H1,65,24752,110,brier_uncertainty,0.004424335432049603,,,True
2002H2-E,E,gbm-50k,20260911,2019H1,65,24752,110,observed_over_expected,0.49531507215902915,0.40724186341144947,0.5967160992493452,True
2002H2-E,E,gbm-50k,20260911,2019H1,65,24752,110,log_oe,-0.7025612094874641,-0.8983480110453073,-0.5163138243432136,True
2002H2-E,E,gbm-50k,20260911,2019H1,65,24752,110,cox_intercept,-1.9545108953141843,-2.9377286620299214,-0.9712931285984472,True
2002H2-E,E,gbm-50k,20260911,2019H1,65,24752,110,cox_slope,0.7194312467543857,0.5065439614547868,0.9323185320539847,True
2002H2-E,E,gbm-50k,20260911,2019H1,65,24752,110,psi,0.128538053704833,,,True
2002H2-E,E,gbm-50k,20260911,2019H1,65,24752,110,psi_critical,0.0010219193712836035,,,True
2002H2-E,E,gbm-50k,20260911,2019H2,67,24861,136,auc,0.6481822101944923,0.601976642814244,0.6943877775747406,True
2002H2-E,E,gbm-50k,20260911,2019H2,67,24861,136,gini,0.2963644203889846,0.20395328562848802,0.38877555514948114,True
2002H2-E,E,gbm-50k,20260911,2019H2,67,24861,136,ks,0.265202521858086,,,True
2002H2-E,E,gbm-50k,20260911,2019H2,67,24861,136,brier,0.005476200246508718,,,True
2002H2-E,E,gbm-50k,20260911,2019H2,67,24861,136,brier_miscalibration,4.851308708231795e-05,,,True
2002H2-E,E,gbm-50k,20260911,2019H2,67,24861,136,brier_discrimination,1.2802904955876854e-05,,,True
2002H2-E,E,gbm-50k,20260911,2019H2,67,24861,136,brier_uncertainty,0.0054404900643822765,,,True
2002H2-E,E,gbm-50k,20260911,2019H2,67,24861,136,observed_over_expected,0.6798170140863651,0.5706088906580218,0.8037447550711402,True
2002H2-E,E,gbm-50k,20260911,2019H2,67,24861,136,log_oe,-0.3859316139568768,-0.5610512590797814,-0.21847352902405345,True
2002H2-E,E,gbm-50k,20260911,2019H2,67,24861,136,cox_intercept,-2.3333557352969376,-3.2584978104374445,-1.4082136601564308,True
2002H2-E,E,gbm-50k,20260911,2019H2,67,24861,136,cox_slope,0.5772098496972287,0.38585911839003184,0.7685605810044255,True
2002H2-E,E,gbm-50k,20260911,2019H2,67,24861,136,psi,0.11981898528739283,,,True
2002H2-E,E,gbm-50k,20260911,2019H2,67,24861,136,psi_critical,0.0010189224749281938,,,True
2002H2-E,E,gbm-50k,20260911,2020H1,69,24880,111,auc,0.6235418873999357,0.5687138983309501,0.6783698764689212,True
2002H2-E,E,gbm-50k,20260911,2020H1,69,24880,111,gini,0.24708377479987131,0.1374277966619002,0.35673975293784244,True
2002H2-E,E,gbm-50k,20260911,2020H1,69,24880,111,ks,0.23407456065213744,,,True
2002H2-E,E,gbm-50k,20260911,2020H1,69,24880,111,brier,0.004472373301412513,,,True
2002H2-E,E,gbm-50k,20260911,2020H1,69,24880,111,brier_miscalibration,4.6661504177192975e-05,,,True
2002H2-E,E,gbm-50k,20260911,2020H1,69,24880,111,brier_discrimination,1.5798771824140218e-05,,,True
2002H2-E,E,gbm-50k,20260911,2020H1,69,24880,111,brier_uncertainty,0.00444151056905946,,,True
2002H2-E,E,gbm-50k,20260911,2020H1,69,24880,111,observed_over_expected,0.6421007399301721,0.5284180607192666,0.7729023197240099,True
2002H2-E,E,gbm-50k,20260911,2020H1,69,24880,111,log_oe,-0.44301007182308466,-0.6378675269043381,-0.25760260354892256,True
2002H2-E,E,gbm-50k,20260911,2020H1,69,24880,111,cox_intercept,-2.7843218770138103,-3.8338535662767175,-1.7347901877509033,True
2002H2-E,E,gbm-50k,20260911,2020H1,69,24880,111,cox_slope,0.5092916464098538,0.30090451959426723,0.7176787732254404,True
2002H2-E,E,gbm-50k,20260911,2020H1,69,24880,111,psi,0.16080665011817125,,,True
2002H2-E,E,gbm-50k,20260911,2020H1,69,24880,111,psi_critical,0.001018402767712202,,,True
2002H2-E,E,gbm-50k,20260911,2020H2,71,24919,71,auc,0.6511743513236533,0.5802972298898895,0.7220514727574171,False
2002H2-E,E,gbm-50k,20260911,2020H2,71,24919,71,gini,0.3023487026473066,0.16059445977977904,0.4441029455148342,False
2002H2-E,E,gbm-50k,20260911,2020H2,71,24919,71,ks,0.28085917306802827,,,False
2002H2-E,E,gbm-50k,20260911,2020H2,71,24919,71,brier,0.002871232361253901,,,False
2002H2-E,E,gbm-50k,20260911,2020H2,71,24919,71,brier_miscalibration,3.624685551823414e-05,,,False
2002H2-E,E,gbm-50k,20260911,2020H2,71,24919,71,brier_discrimination,6.127884158928232e-06,,,False
2002H2-E,E,gbm-50k,20260911,2020H2,71,24919,71,brier_uncertainty,0.002841113389894595,,,False
2002H2-E,E,gbm-50k,20260911,2020H2,71,24919,71,observed_over_expected,0.471938269501612,0.368695399964478,0.5950641628583783,False
2002H2-E,E,gbm-50k,20260911,2020H2,71,24919,71,log_oe,-0.7509070869038914,-0.9977844501841813,-0.5190860425137,False
2002H2-E,E,gbm-50k,20260911,2020H2,71,24919,71,cox_intercept,-2.436076444079001,-3.7371756239320355,-1.1349772642259668,False
2002H2-E,E,gbm-50k,20260911,2020H2,71,24919,71,cox_slope,0.6533623221362063,0.39649415948336636,0.9102304847890461,False
2002H2-E,E,gbm-50k,20260911,2020H2,71,24919,71,psi,0.25391038840910146,,,False
2002H2-E,E,gbm-50k,20260911,2020H2,71,24919,71,psi_critical,0.001017338483214061,,,False
2002H2-E,E,gbm-50k,20260911,2021H1,73,24909,90,auc,0.7455186662547958,0.6986135483473689,0.7924237841622227,False
2002H2-E,E,gbm-50k,20260911,2021H1,73,24909,90,gini,0.4910373325095916,0.39722709669473777,0.5848475683244454,False
2002H2-E,E,gbm-50k,20260911,2021H1,73,24909,90,ks,0.3920397007668856,,,False
2002H2-E,E,gbm-50k,20260911,2021H1,73,24909,90,brier,0.0036106458268358775,,,False
2002H2-E,E,gbm-50k,20260911,2021H1,73,24909,90,brier_miscalibration,2.9312607243336865e-05,,,False
2002H2-E,E,gbm-50k,20260911,2021H1,73,24909,90,brier_discrimination,1.8763786768471753e-05,,,False
2002H2-E,E,gbm-50k,20260911,2021H1,73,24909,90,brier_uncertainty,0.0036000970063610124,,,False
2002H2-E,E,gbm-50k,20260911,2021H1,73,24909,90,observed_over_expected,0.5496636334967863,0.4421421803683196,0.6753500380306403,False
2002H2-E,E,gbm-50k,20260911,2021H1,73,24909,90,log_oe,-0.598448763304564,-0.8161237735893156,-0.39252414766287524,False
2002H2-E,E,gbm-50k,20260911,2021H1,73,24909,90,cox_intercept,-0.6542349336564934,-1.7278360859350503,0.41936621862206347,False
2002H2-E,E,gbm-50k,20260911,2021H1,73,24909,90,cox_slope,0.9893539781365271,0.7615331925373791,1.2171747637356751,False
2002H2-E,E,gbm-50k,20260911,2021H1,73,24909,90,psi,0.19325581220798838,,,False
2002H2-E,E,gbm-50k,20260911,2021H1,73,24909,90,psi_critical,0.0010176110589622332,,,False
2002H2-E,E,gbm-50k,20260911,2021H2,75,24929,136,auc,0.7204633779458623,0.6793739421998959,0.7615528136918288,True
2002H2-E,E,gbm-50k,20260911,2021H2,75,24929,136,gini,0.4409267558917247,0.35874788439979177,0.5231056273836576,True
2002H2-E,E,gbm-50k,20260911,2021H2,75,24929,136,ks,0.36498412739838804,,,True
2002H2-E,E,gbm-50k,20260911,2021H2,75,24929,136,brier,0.005414295881161525,,,True
2002H2-E,E,gbm-50k,20260911,2021H2,75,24929,136,brier_miscalibration,2.7213476362738208e-05,,,True
2002H2-E,E,gbm-50k,20260911,2021H2,75,24929,136,brier_discrimination,3.8648786590808615e-05,,,True
2002H2-E,E,gbm-50k,20260911,2021H2,75,24929,136,brier_uncertainty,0.005425731191389596,,,True
2002H2-E,E,gbm-50k,20260911,2021H2,75,24929,136,observed_over_expected,0.7390041817191545,0.6202873166937214,0.8737226860137883,True
2002H2-E,E,gbm-50k,20260911,2021H2,75,24929,136,log_oe,-0.3024516994313329,-0.4775724942639849,-0.13499224656504344,True
2002H2-E,E,gbm-50k,20260911,2021H2,75,24929,136,cox_intercept,-0.8107989141408509,-1.6753483806432792,0.05375055236157744,True
2002H2-E,E,gbm-50k,20260911,2021H2,75,24929,136,cox_slope,0.8890216007274038,0.7041401707855571,1.0739030306692503,True
2002H2-E,E,gbm-50k,20260911,2021H2,75,24929,136,psi,0.1318125633292254,,,True
2002H2-E,E,gbm-50k,20260911,2021H2,75,24929,136,psi_critical,0.0010170661261475434,,,True
2002H2-E,E,gbm-50k,20260911,2022H1,77,24889,291,auc,0.7464189807849043,0.7200967662718517,0.7727411952979569,True
2002H2-E,E,gbm-50k,20260911,2022H1,77,24889,291,gini,0.49283796156980864,0.4401935325437034,0.5454823905959139,True
2002H2-E,E,gbm-50k,20260911,2022H1,77,24889,291,ks,0.3985959521197069,,,True
2002H2-E,E,gbm-50k,20260911,2022H1,77,24889,291,brier,0.011471990902632385,,,True
2002H2-E,E,gbm-50k,20260911,2022H1,77,24889,291,brier_miscalibration,5.336651190536619e-05,,,True
2002H2-E,E,gbm-50k,20260911,2022H1,77,24889,291,brier_discrimination,0.00013658689063839047,,,True
2002H2-E,E,gbm-50k,20260911,2022H1,77,24889,291,brier_uncertainty,0.01155521128136541,,,True
2002H2-E,E,gbm-50k,20260911,2022H1,77,24889,291,observed_over_expected,1.3678361574442588,1.215947815826425,1.5332731304392657,True
2002H2-E,E,gbm-50k,20260911,2022H1,77,24889,291,log_oe,0.3132300440775018,0.19552386800668994,0.4274047512991368,True
2002H2-E,E,gbm-50k,20260911,2022H1,77,24889,291,cox_intercept,0.3265806060033167,-0.2822738208774174,0.9354350328840508,True
2002H2-E,E,gbm-50k,20260911,2022H1,77,24889,291,cox_slope,1.0015583814647313,0.8657657240252191,1.1373510389042436,True
2002H2-E,E,gbm-50k,20260911,2022H1,77,24889,291,psi,0.13310129722987957,,,True
2002H2-E,E,gbm-50k,20260911,2022H1,77,24889,291,psi_critical,0.0010181568675578937,,,True
2002H2-E,E,gbm-50k,20260911,2022H2,79,24859,373,auc,0.7372466928084308,0.7135341993800146,0.760959186236847,True
2002H2-E,E,gbm-50k,20260911,2022H2,79,24859,373,gini,0.4744933856168616,0.4270683987600292,0.521918372473694,True
2002H2-E,E,gbm-50k,20260911,2022H2,79,24859,373,ks,0.35578091458510297,,,True
2002H2-E,E,gbm-50k,20260911,2022H2,79,24859,373,brier,0.01465977327342896,,,True
2002H2-E,E,gbm-50k,20260911,2022H2,79,24859,373,brier_miscalibration,0.00011044090418737759,,,True
2002H2-E,E,gbm-50k,20260911,2022H2,79,24859,373,brier_discrimination,0.0002301549177771839,,,True
2002H2-E,E,gbm-50k,20260911,2022H2,79,24859,373,brier_uncertainty,0.014779487287018766,,,True
2002H2-E,E,gbm-50k,20260911,2022H2,79,24859,373,observed_over_expected,1.6811606438334594,1.5159579865642339,1.8592379084180986,True
2002H2-E,E,gbm-50k,20260911,2022H2,79,24859,373,log_oe,0.5194844143063292,0.4160475734880273,0.6201666771072721,True
2002H2-E,E,gbm-50k,20260911,2022H2,79,24859,373,cox_intercept,0.6726187947701867,0.12132674099769403,1.2239108485426793,True
2002H2-E,E,gbm-50k,20260911,2022H2,79,24859,373,cox_slope,1.0322217139758236,0.908163765658418,1.1562796622932292,True
2002H2-E,E,gbm-50k,20260911,2022H2,79,24859,373,psi,0.17086957057621005,,,True
2002H2-E,E,gbm-50k,20260911,2022H2,79,24859,373,psi_critical,0.0010189772271646342,,,True
2002H2-E,E,gbm-50k,20260911,2023H1,81,24882,381,auc,0.7515366291225352,0.7288717017815997,0.7742015564634707,True
2002H2-E,E,gbm-50k,20260911,2023H1,81,24882,381,gini,0.5030732582450703,0.4577434035631993,0.5484031129269413,True
2002H2-E,E,gbm-50k,20260911,2023H1,81,24882,381,ks,0.3869699035263545,,,True
2002H2-E,E,gbm-50k,20260911,2023H1,81,24882,381,brier,0.014961556154822123,,,True
2002H2-E,E,gbm-50k,20260911,2023H1,81,24882,381,brier_miscalibration,0.00011783133851532394,,,True
2002H2-E,E,gbm-50k,20260911,2023H1,81,24882,381,brier_discrimination,0.00023408338365867205,,,True
2002H2-E,E,gbm-50k,20260911,2023H1,81,24882,381,brier_uncertainty,0.015077808199965471,,,True
2002H2-E,E,gbm-50k,20260911,2023H1,81,24882,381,observed_over_expected,1.7163858950724709,1.5494803442190261,1.8961493694334972,True
2002H2-E,E,gbm-50k,20260911,2023H1,81,24882,381,log_oe,0.5402208563622865,0.4379196129241789,0.639825182076524,True
2002H2-E,E,gbm-50k,20260911,2023H1,81,24882,381,cox_intercept,0.7658477672023771,0.2286589542040054,1.3030365802007489,True
2002H2-E,E,gbm-50k,20260911,2023H1,81,24882,381,cox_slope,1.0487638248444822,0.9273862874279819,1.1701413622609824,True
2002H2-E,E,gbm-50k,20260911,2023H1,81,24882,381,psi,0.15217020331466655,,,True
2002H2-E,E,gbm-50k,20260911,2023H1,81,24882,381,psi_critical,0.001018348107860452,,,True
2002H2-E,E,gbm-50k,20260911,2023H2,83,24866,363,auc,0.7648426475916986,0.7406146297841549,0.7890706653992423,True
2002H2-E,E,gbm-50k,20260911,2023H2,83,24866,363,gini,0.5296852951833972,0.48122925956830986,0.5781413307984846,True
2002H2-E,E,gbm-50k,20260911,2023H2,83,24866,363,ks,0.4300439289550085,,,True
2002H2-E,E,gbm-50k,20260911,2023H2,83,24866,363,brier,0.014230068625889299,,,True
2002H2-E,E,gbm-50k,20260911,2023H2,83,24866,363,brier_miscalibration,0.0001345755705400506,,,True
2002H2-E,E,gbm-50k,20260911,2023H2,83,24866,363,brier_discrimination,0.00028964474258977996,,,True
2002H2-E,E,gbm-50k,20260911,2023H2,83,24866,363,brier_uncertainty,0.014385137797939028,,,True
2002H2-E,E,gbm-50k,20260911,2023H2,83,24866,363,observed_over_expected,1.705780969564761,1.5358938065402463,1.889105492102394,True
2002H2-E,E,gbm-50k,20260911,2023H2,83,24866,363,log_oe,0.534023052529678,0.4291124959684245,0.636103432435135,True
2002H2-E,E,gbm-50k,20260911,2023H2,83,24866,363,cox_intercept,1.0304644516497459,0.4937035736751093,1.5672253296243825,True
2002H2-E,E,gbm-50k,20260911,2023H2,83,24866,363,cox_slope,1.1107858318722448,0.9891826403584312,1.2323890233860584,True
2002H2-E,E,gbm-50k,20260911,2023H2,83,24866,363,psi,0.13554730896786582,,,True
2002H2-E,E,gbm-50k,20260911,2023H2,83,24866,363,psi_critical,0.0010187856328701958,,,True
2002H2-E,E,gbm-50k,20260912,2003H1,1,24276,72,auc,0.850738055234213,0.8040933603654005,0.8973827501030255,False
2002H2-E,E,gbm-50k,20260912,2003H1,1,24276,72,gini,0.701476110468426,0.6081867207308009,0.794765500206051,False
2002H2-E,E,gbm-50k,20260912,2003H1,1,24276,72,ks,0.5833264474191593,,,False
2002H2-E,E,gbm-50k,20260912,2003H1,1,24276,72,brier,0.0029717823850017675,,,False
2002H2-E,E,gbm-50k,20260912,2003H1,1,24276,72,brier_miscalibration,9.513065297737716e-05,,,False
2002H2-E,E,gbm-50k,20260912,2003H1,1,24276,72,brier_discrimination,8.044399044941511e-05,,,False
2002H2-E,E,gbm-50k,20260912,2003H1,1,24276,72,brier_uncertainty,0.0029570957224738055,,,False
2002H2-E,E,gbm-50k,20260912,2003H1,1,24276,72,observed_over_expected,0.39486814051087815,0.3090534081450931,0.4970797446349404,False
2002H2-E,E,gbm-50k,20260912,2003H1,1,24276,72,log_oe,-0.9292033913032601,-1.1742411751263255,-0.6990048137747793,False
2002H2-E,E,gbm-50k,20260912,2003H1,1,24276,72,cox_intercept,-0.09136985835223956,-0.869802518412799,0.6870628017083199,False
2002H2-E,E,gbm-50k,20260912,2003H1,1,24276,72,cox_slope,1.2100042122665668,1.0207087225259306,1.399299702007203,False
2002H2-E,E,gbm-50k,20260912,2003H1,1,24276,72,psi,0.19500268836633464,,,False
2002H2-E,E,gbm-50k,20260912,2003H1,1,24276,72,psi_critical,0.0010353221128363722,,,False
2002H2-E,E,gbm-50k,20260912,2003H2,3,24205,139,auc,0.8383427887458171,0.804996756765347,0.8716888207262873,True
2002H2-E,E,gbm-50k,20260912,2003H2,3,24205,139,gini,0.6766855774916343,0.609993513530694,0.7433776414525746,True
2002H2-E,E,gbm-50k,20260912,2003H2,3,24205,139,ks,0.5582806753848978,,,True
2002H2-E,E,gbm-50k,20260912,2003H2,3,24205,139,brier,0.005617797106234939,,,True
2002H2-E,E,gbm-50k,20260912,2003H2,3,24205,139,brier_miscalibration,5.7741746339995056e-05,,,True
2002H2-E,E,gbm-50k,20260912,2003H2,3,24205,139,brier_discrimination,0.0001495821733610049,,,True
2002H2-E,E,gbm-50k,20260912,2003H2,3,24205,139,brier_uncertainty,0.005709637533255949,,,True
2002H2-E,E,gbm-50k,20260912,2003H2,3,24205,139,observed_over_expected,0.6124194030081372,0.5150699449600737,0.7227319839162865,True
2002H2-E,E,gbm-50k,20260912,2003H2,3,24205,139,log_oe,-0.4903379321470643,-0.6634525720840312,-0.3247168255270679,True
2002H2-E,E,gbm-50k,20260912,2003H2,3,24205,139,cox_intercept,0.15336989199217238,-0.4190643709955421,0.7258041549798868,True
2002H2-E,E,gbm-50k,20260912,2003H2,3,24205,139,cox_slope,1.168149176757316,1.0242205792997305,1.3120777742149015,True
2002H2-E,E,gbm-50k,20260912,2003H2,3,24205,139,psi,0.05654232853281005,,,True
2002H2-E,E,gbm-50k,20260912,2003H2,3,24205,139,psi_critical,0.001037366439290114,,,True
2002H2-E,E,gbm-50k,20260912,2004H1,5,24219,181,auc,0.8294393683297946,0.8006416683547634,0.8582370683048258,True
2002H2-E,E,gbm-50k,20260912,2004H1,5,24219,181,gini,0.6588787366595892,0.6012833367095267,0.7164741366096516,True
2002H2-E,E,gbm-50k,20260912,2004H1,5,24219,181,ks,0.5396439523241057,,,True
2002H2-E,E,gbm-50k,20260912,2004H1,5,24219,181,brier,0.007336798487857291,,,True
2002H2-E,E,gbm-50k,20260912,2004H1,5,24219,181,brier_miscalibration,6.884461154576822e-05,,,True
2002H2-E,E,gbm-50k,20260912,2004H1,5,24219,181,brier_discrimination,0.00014966459287683084,,,True
2002H2-E,E,gbm-50k,20260912,2004H1,5,24219,181,brier_uncertainty,0.007417618469188354,,,True
2002H2-E,E,gbm-50k,20260912,2004H1,5,24219,181,observed_over_expected,0.7423244037503764,0.6384379805473762,0.8581949874396977,True
2002H2-E,E,gbm-50k,20260912,2004H1,5,24219,181,log_oe,-0.29796892953971066,-0.4487307412775746,-0.15292394722515668,True
2002H2-E,E,gbm-50k,20260912,2004H1,5,24219,181,cox_intercept,0.040128494417791906,-0.4786381423981007,0.5588951312336845,True
2002H2-E,E,gbm-50k,20260912,2004H1,5,24219,181,cox_slope,1.0886582201138544,0.9598880522884143,1.2174283879392944,True
2002H2-E,E,gbm-50k,20260912,2004H1,5,24219,181,psi,0.02761458745910575,,,True
2002H2-E,E,gbm-50k,20260912,2004H1,5,24219,181,psi_critical,0.0010369623839442791,,,True
2002H2-E,E,gbm-50k,20260912,2004H2,7,24090,202,auc,0.8219293170107366,0.7966967801558029,0.8471618538656702,True
2002H2-E,E,gbm-50k,20260912,2004H2,7,24090,202,gini,0.6438586340214731,0.5933935603116058,0.6943237077313404,True
2002H2-E,E,gbm-50k,20260912,2004H2,7,24090,202,ks,0.5204556080189399,,,True
2002H2-E,E,gbm-50k,20260912,2004H2,7,24090,202,brier,0.00828103984310245,,,True
2002H2-E,E,gbm-50k,20260912,2004H2,7,24090,202,brier_miscalibration,0.00010764442766778189,,,True
2002H2-E,E,gbm-50k,20260912,2004H2,7,24090,202,brier_discrimination,0.00014151471902203172,,,True
2002H2-E,E,gbm-50k,20260912,2004H2,7,24090,202,brier_uncertainty,0.0083149101344567,,,True
2002H2-E,E,gbm-50k,20260912,2004H2,7,24090,202,observed_over_expected,0.7120256255548466,0.6175480607571793,0.8167709909501993,True
2002H2-E,E,gbm-50k,20260912,2004H2,7,24090,202,log_oe,-0.33964137727000165,-0.481998382322979,-0.20239652824939444,True
2002H2-E,E,gbm-50k,20260912,2004H2,7,24090,202,cox_intercept,-0.2293601539275288,-0.7172533162687904,0.2585330084137328,True
2002H2-E,E,gbm-50k,20260912,2004H2,7,24090,202,cox_slope,1.0319460877699915,0.9084051175761837,1.1554870579637995,True
2002H2-E,E,gbm-50k,20260912,2004H2,7,24090,202,psi,0.0031375840700252956,,,True
2002H2-E,E,gbm-50k,20260912,2004H2,7,24090,202,psi_critical,0.0010407032384610452,,,True
2002H2-E,E,gbm-50k,20260912,2005H1,9,24233,248,auc,0.7807713322170442,0.752889502317405,0.8086531621166834,True
2002H2-E,E,gbm-50k,20260912,2005H1,9,24233,248,gini,0.5615426644340884,0.5057790046348101,0.6173063242333667,True
2002H2-E,E,gbm-50k,20260912,2005H1,9,24233,248,ks,0.46214754517272216,,,True
2002H2-E,E,gbm-50k,20260912,2005H1,9,24233,248,brier,0.010027639896206362,,,True
2002H2-E,E,gbm-50k,20260912,2005H1,9,24233,248,brier_miscalibration,7.035836337631815e-05,,,True
2002H2-E,E,gbm-50k,20260912,2005H1,9,24233,248,brier_discrimination,0.00017196261119408612,,,True
2002H2-E,E,gbm-50k,20260912,2005H1,9,24233,248,brier_uncertainty,0.01012924414402413,,,True
2002H2-E,E,gbm-50k,20260912,2005H1,9,24233,248,observed_over_expected,0.9184305053438295,0.808154850619633,1.03942950086679,True
2002H2-E,E,gbm-50k,20260912,2005H1,9,24233,248,log_oe,-0.08508903821952256,-0.21300159201646846,0.038672005782066234,True
2002H2-E,E,gbm-50k,20260912,2005H1,9,24233,248,cox_intercept,-0.3638254776487502,-0.8292873257984743,0.1016363705009739,True
2002H2-E,E,gbm-50k,20260912,2005H1,9,24233,248,cox_slope,0.9301403180430223,0.8178115119768512,1.0424691241091935,True
2002H2-E,E,gbm-50k,20260912,2005H1,9,24233,248,psi,0.004871516943897378,,,True
2002H2-E,E,gbm-50k,20260912,2005H1,9,24233,248,psi_critical,0.001036558795463863,,,True
2002H2-E,E,gbm-50k,20260912,2005H2,11,24082,266,auc,0.8168824395553883,0.7940179905091517,0.8397468886016249,True
2002H2-E,E,gbm-50k,20260912,2005H2,11,24082,266,gini,0.6337648791107766,0.5880359810183033,0.6794937772032499,True
2002H2-E,E,gbm-50k,20260912,2005H2,11,24082,266,ks,0.5063667945476724,,,True
2002H2-E,E,gbm-50k,20260912,2005H2,11,24082,266,brier,0.01067921622077155,,,True
2002H2-E,E,gbm-50k,20260912,2005H2,11,24082,266,brier_miscalibration,5.804940152638431e-05,,,True
2002H2-E,E,gbm-50k,20260912,2005H2,11,24082,266,brier_discrimination,0.00030242224883666666,,,True
2002H2-E,E,gbm-50k,20260912,2005H2,11,24082,266,brier_uncertainty,0.010923589068081833,,,True
2002H2-E,E,gbm-50k,20260912,2005H2,11,24082,266,observed_over_expected,0.9692273891160709,0.8567761474066952,1.092204362972879,True
2002H2-E,E,gbm-50k,20260912,2005H2,11,24082,266,log_oe,-0.031256030930112366,-0.15457859939730145,0.0881980053927234,True
2002H2-E,E,gbm-50k,20260912,2005H2,11,24082,266,cox_intercept,0.3108185002421681,-0.13422262413446995,0.7558596246188062,True
2002H2-E,E,gbm-50k,20260912,2005H2,11,24082,266,cox_slope,1.08900694183474,0.9766600817262092,1.2013538019432706,True
2002H2-E,E,gbm-50k,20260912,2005H2,11,24082,266,psi,0.007058158879282052,,,True
2002H2-E,E,gbm-50k,20260912,2005H2,11,24082,266,psi_critical,0.0010409365492114375,,,True
2002H2-E,E,gbm-50k,20260912,2006H1,13,23280,405,auc,0.7935562841530055,0.773620279343905,0.813492288962106,True
2002H2-E,E,gbm-50k,20260912,2006H1,13,23280,405,gini,0.587112568306011,0.54724055868781,0.626984577924212,True
2002H2-E,E,gbm-50k,20260912,2006H1,13,23280,405,ks,0.4720728597449909,,,True
2002H2-E,E,gbm-50k,20260912,2006H1,13,23280,405,brier,0.01669215495928738,,,True
2002H2-E,E,gbm-50k,20260912,2006H1,13,23280,405,brier_miscalibration,0.00012764200602900094,,,True
2002H2-E,E,gbm-50k,20260912,2006H1,13,23280,405,brier_discrimination,0.0005297418825371374,,,True
2002H2-E,E,gbm-50k,20260912,2006H1,13,23280,405,brier_uncertainty,0.017094254835795516,,,True
2002H2-E,E,gbm-50k,20260912,2006H1,13,23280,405,observed_over_expected,1.3453714439177977,1.2185031960418666,1.4816755388333274,True
2002H2-E,E,gbm-50k,20260912,2006H1,13,23280,405,log_oe,0.29667014140849307,0.19762321701104765,0.3931735682438309,True
2002H2-E,E,gbm-50k,20260912,2006H1,13,23280,405,cox_intercept,0.2704163894394286,-0.09449636053611976,0.6353291394149769,True
2002H2-E,E,gbm-50k,20260912,2006H1,13,23280,405,cox_slope,0.9895544782203904,0.8975600460497098,1.0815489103910711,True
2002H2-E,E,gbm-50k,20260912,2006H1,13,23280,405,psi,0.02749967475213721,,,True
2002H2-E,E,gbm-50k,20260912,2006H1,13,23280,405,psi_critical,0.0010651397584764489,,,True
2002H2-E,E,gbm-50k,20260912,2006H2,15,23898,525,auc,0.7828337540466921,0.7649657909129995,0.8007017171803846,True
2002H2-E,E,gbm-50k,20260912,2006H2,15,23898,525,gini,0.5656675080933842,0.5299315818259991,0.6014034343607693,True
2002H2-E,E,gbm-50k,20260912,2006H2,15,23898,525,ks,0.449643605870021,,,True
2002H2-E,E,gbm-50k,20260912,2006H2,15,23898,525,brier,0.021107366107769813,,,True
2002H2-E,E,gbm-50k,20260912,2006H2,15,23898,525,brier_miscalibration,0.00025640472635329176,,,True
2002H2-E,E,gbm-50k,20260912,2006H2,15,23898,525,brier_discrimination,0.0006347950870895687,,,True
2002H2-E,E,gbm-50k,20260912,2006H2,15,23898,525,brier_uncertainty,0.02148575646850609,,,True
2002H2-E,E,gbm-50k,20260912,2006H2,15,23898,525,observed_over_expected,1.6687058073312055,1.530381590802754,1.8159553808791085,True
2002H2-E,E,gbm-50k,20260912,2006H2,15,23898,525,log_oe,0.512048360317601,0.4255171100613335,0.5966117098767633,True
2002H2-E,E,gbm-50k,20260912,2006H2,15,23898,525,cox_intercept,0.2613641414917863,-0.06190567328654262,0.5846339562701152,True
2002H2-E,E,gbm-50k,20260912,2006H2,15,23898,525,cox_slope,0.927733636806193,0.8474742837054297,1.0079929899069564,True
2002H2-E,E,gbm-50k,20260912,2006H2,15,23898,525,psi,0.03891490577800717,,,True
2002H2-E,E,gbm-50k,20260912,2006H2,15,23898,525,psi_critical,0.001046345808876259,,,True
2002H2-E,E,gbm-50k,20260912,2007H1,17,23169,808,auc,0.7838174978447713,0.7695633977241741,0.7980715979653684,True
2002H2-E,E,gbm-50k,20260912,2007H1,17,23169,808,gini,0.5676349956895426,0.5391267954483483,0.5961431959307368,True
2002H2-E,E,gbm-50k,20260912,2007H1,17,23169,808,ks,0.4274971429659401,,,True
2002H2-E,E,gbm-50k,20260912,2007H1,17,23169,808,brier,0.03306164589638376,,,True
2002H2-E,E,gbm-50k,20260912,2007H1,17,23169,808,brier_miscalibration,0.0009839472340617758,,,True
2002H2-E,E,gbm-50k,20260912,2007H1,17,23169,808,brier_discrimination,0.0015802778688294786,,,True
2002H2-E,E,gbm-50k,20260912,2007H1,17,23169,808,brier_uncertainty,0.03365797653115146,,,True
2002H2-E,E,gbm-50k,20260912,2007H1,17,23169,808,observed_over_expected,2.4921663663500766,2.325989706559959,2.666747117912145,True
2002H2-E,E,gbm-50k,20260912,2007H1,17,23169,808,log_oe,0.9131523588694285,0.8441456287040319,0.9808594217736989,True
2002H2-E,E,gbm-50k,20260912,2007H1,17,23169,808,cox_intercept,0.7093951549797374,0.4483088421012362,0.9704814678582385,True
2002H2-E,E,gbm-50k,20260912,2007H1,17,23169,808,cox_slope,0.9296558495516778,0.8645105004723628,0.9948011986309928,True
2002H2-E,E,gbm-50k,20260912,2007H1,17,23169,808,psi,0.04785361583601222,,,True
2002H2-E,E,gbm-50k,20260912,2007H1,17,23169,808,psi_critical,0.0010686215825909393,,,True
2002H2-E,E,gbm-50k,20260912,2007H2,19,24367,1560,auc,0.7745672015901551,0.7638654297322278,0.7852689734480824,True
2002H2-E,E,gbm-50k,20260912,2007H2,19,24367,1560,gini,0.5491344031803103,0.5277308594644556,0.5705379468961649,True
2002H2-E,E,gbm-50k,20260912,2007H2,19,24367,1560,ks,0.4222774047104297,,,True
2002H2-E,E,gbm-50k,20260912,2007H2,19,24367,1560,brier,0.06043756307202525,,,True
2002H2-E,E,gbm-50k,20260912,2007H2,19,24367,1560,brier_miscalibration,0.004551628506241842,,,True
2002H2-E,E,gbm-50k,20260912,2007H2,19,24367,1560,brier_discrimination,0.004036387478039943,,,True
2002H2-E,E,gbm-50k,20260912,2007H2,19,24367,1560,brier_uncertainty,0.05992232204382335,,,True
2002H2-E,E,gbm-50k,20260912,2007H2,19,24367,1560,observed_over_expected,4.286434872061564,4.082765996488253,4.497098995295704,True
2002H2-E,E,gbm-50k,20260912,2007H2,19,24367,1560,log_oe,1.4554553552877971,1.406774699034091,1.5034325211766284,True
2002H2-E,E,gbm-50k,20260912,2007H2,19,24367,1560,cox_intercept,1.2191089817535865,1.017873341012273,1.4203446224949001,True
2002H2-E,E,gbm-50k,20260912,2007H2,19,24367,1560,cox_slope,0.901837947912008,0.8522541774658022,0.9514217183582138,True
2002H2-E,E,gbm-50k,20260912,2007H2,19,24367,1560,psi,0.05520198699531669,,,True
2002H2-E,E,gbm-50k,20260912,2007H2,19,24367,1560,psi_critical,0.0010327193396994369,,,True
2002H2-E,E,gbm-50k,20260912,2008H1,21,24660,1109,auc,0.7813112184178771,0.7683501642398511,0.794272272595903,True
2002H2-E,E,gbm-50k,20260912,2008H1,21,24660,1109,gini,0.5626224368357542,0.5367003284797023,0.5885445451918061,True
2002H2-E,E,gbm-50k,20260912,2008H1,21,24660,1109,ks,0.4193529082693319,,,True
2002H2-E,E,gbm-50k,20260912,2008H1,21,24660,1109,brier,0.042929554630200956,,,True
2002H2-E,E,gbm-50k,20260912,2008H1,21,24660,1109,brier_miscalibration,0.0027064275176610156,,,True
2002H2-E,E,gbm-50k,20260912,2008H1,21,24660,1109,brier_discrimination,0.0027260407759338925,,,True
2002H2-E,E,gbm-50k,20260912,2008H1,21,24660,1109,brier_uncertainty,0.04294916788847383,,,True
2002H2-E,E,gbm-50k,20260912,2008H1,21,24660,1109,observed_over_expected,4.277796538494264,4.034938611918418,4.53091928977419,True
2002H2-E,E,gbm-50k,20260912,2008H1,21,24660,1109,log_oe,1.453438049569938,1.3949910877073983,1.5109248526316665,True
2002H2-E,E,gbm-50k,20260912,2008H1,21,24660,1109,cox_intercept,1.547540607332183,1.2912451184251355,1.8038360962392304,True
2002H2-E,E,gbm-50k,20260912,2008H1,21,24660,1109,cox_slope,0.9981215986525305,0.9386840972304382,1.0575591000746227,True
2002H2-E,E,gbm-50k,20260912,2008H1,21,24660,1109,psi,0.01409655054730869,,,True
2002H2-E,E,gbm-50k,20260912,2008H1,21,24660,1109,psi_critical,0.0010244694792870743,,,True
2002H2-E,E,gbm-50k,20260912,2008H2,23,24746,863,auc,0.7901565952869213,0.7761586246616294,0.8041545659122131,True
2002H2-E,E,gbm-50k,20260912,2008H2,23,24746,863,gini,0.5803131905738426,0.5523172493232589,0.6083091318244263,True
2002H2-E,E,gbm-50k,20260912,2008H2,23,24746,863,ks,0.4460867528739104,,,True
2002H2-E,E,gbm-50k,20260912,2008H2,23,24746,863,brier,0.03358007948126615,,,True
2002H2-E,E,gbm-50k,20260912,2008H2,23,24746,863,brier_miscalibration,0.001698918396818641,,,True
2002H2-E,E,gbm-50k,20260912,2008H2,23,24746,863,brier_discrimination,0.0017769436251989928,,,True
2002H2-E,E,gbm-50k,20260912,2008H2,23,24746,863,brier_uncertainty,0.0336581047096465,,,True
2002H2-E,E,gbm-50k,20260912,2008H2,23,24746,863,observed_over_expected,3.8985523013423866,3.646887657030355,4.162521119705571,True
2002H2-E,E,gbm-50k,20260912,2008H2,23,24746,863,log_oe,1.360605279438047,1.2938741071377582,1.4261209290968306,True
2002H2-E,E,gbm-50k,20260912,2008H2,23,24746,863,cox_intercept,1.9095526206626878,1.5914303266740124,2.227674914651363,True
2002H2-E,E,gbm-50k,20260912,2008H2,23,24746,863,cox_slope,1.1114951483058826,1.0391309359210754,1.1838593606906898,True
2002H2-E,E,gbm-50k,20260912,2008H2,23,24746,863,psi,0.06093768863059972,,,True
2002H2-E,E,gbm-50k,20260912,2008H2,23,24746,863,psi_critical,0.0010220851046916352,,,True
2002H2-E,E,gbm-50k,20260912,2009H1,25,24844,119,auc,0.7951372662310628,0.7573534352452044,0.8329210972169213,True
2002H2-E,E,gbm-50k,20260912,2009H1,25,24844,119,gini,0.5902745324621257,0.5147068704904088,0.6658421944338426,True
2002H2-E,E,gbm-50k,20260912,2009H1,25,24844,119,ks,0.4466601524330662,,,True
2002H2-E,E,gbm-50k,20260912,2009H1,25,24844,119,brier,0.004726901056982279,,,True
2002H2-E,E,gbm-50k,20260912,2009H1,25,24844,119,brier_miscalibration,2.3753188829761344e-05,,,True
2002H2-E,E,gbm-50k,20260912,2009H1,25,24844,119,brier_discrimination,6.379800288650126e-05,,,True
2002H2-E,E,gbm-50k,20260912,2009H1,25,24844,119,brier_uncertainty,0.0047669458710390186,,,True
2002H2-E,E,gbm-50k,20260912,2009H1,25,24844,119,observed_over_expected,0.8492015335842638,0.7037683990463844,1.0157172445062288,True
2002H2-E,E,gbm-50k,20260912,2009H1,25,24844,119,log_oe,-0.1634587432381997,-0.3513059555767291,0.015595007771571103,True
2002H2-E,E,gbm-50k,20260912,2009H1,25,24844,119,cox_intercept,0.8095766863257146,-0.030523000112938847,1.649676372764368,True
2002H2-E,E,gbm-50k,20260912,2009H1,25,24844,119,cox_slope,1.2074175036060366,1.0294088896312714,1.3854261175808018,True
2002H2-E,E,gbm-50k,20260912,2009H1,25,24844,119,psi,0.3738562566797785,,,True
2002H2-E,E,gbm-50k,20260912,2009H1,25,24844,119,psi_critical,0.001019388149927719,,,True
2002H2-E,E,gbm-50k,20260912,2009H2,27,24709,196,auc,0.8271816620418821,0.800505922706195,0.8538574013775693,True
2002H2-E,E,gbm-50k,20260912,2009H2,27,24709,196,gini,0.6543633240837643,0.6010118454123901,0.7077148027551385,True
2002H2-E,E,gbm-50k,20260912,2009H2,27,24709,196,ks,0.5218921738319608,,,True
2002H2-E,E,gbm-50k,20260912,2009H2,27,24709,196,brier,0.007713678199525156,,,True
2002H2-E,E,gbm-50k,20260912,2009H2,27,24709,196,brier_miscalibration,6.819509351890189e-05,,,True
2002H2-E,E,gbm-50k,20260912,2009H2,27,24709,196,brier_discrimination,0.0002239273460430697,,,True
2002H2-E,E,gbm-50k,20260912,2009H2,27,24709,196,brier_uncertainty,0.007869410452049324,,,True
2002H2-E,E,gbm-50k,20260912,2009H2,27,24709,196,observed_over_expected,1.1413096196331056,0.9876240883197566,1.3119787431731589,True
2002H2-E,E,gbm-50k,20260912,2009H2,27,24709,196,log_oe,0.1321763922049171,-0.01245313104331688,0.27153648854091944,True
2002H2-E,E,gbm-50k,20260912,2009H2,27,24709,196,cox_intercept,1.154459849616049,0.5729544577019905,1.7359652415301075,True
2002H2-E,E,gbm-50k,20260912,2009H2,27,24709,196,cox_slope,1.231290765494532,1.100057376201891,1.362524154787173,True
2002H2-E,E,gbm-50k,20260912,2009H2,27,24709,196,psi,0.18459834375721762,,,True
2002H2-E,E,gbm-50k,20260912,2009H2,27,24709,196,psi_critical,0.0010231089059562013,,,True
2002H2-E,E,gbm-50k,20260912,2010H1,29,24843,191,auc,0.815973534851202,0.7859142541252713,0.8460328155771328,True
2002H2-E,E,gbm-50k,20260912,2010H1,29,24843,191,gini,0.6319470697024041,0.5718285082505425,0.6920656311542657,True
2002H2-E,E,gbm-50k,20260912,2010H1,29,24843,191,ks,0.4832729181834168,,,True
2002H2-E,E,gbm-50k,20260912,2010H1,29,24843,191,brier,0.007429259973589433,,,True
2002H2-E,E,gbm-50k,20260912,2010H1,29,24843,191,brier_miscalibration,5.175942012992582e-05,,,True
2002H2-E,E,gbm-50k,20260912,2010H1,29,24843,191,brier_discrimination,0.00025167217362701954,,,True
2002H2-E,E,gbm-50k,20260912,2010H1,29,24843,191,brier_uncertainty,0.0076291727270865264,,,True
2002H2-E,E,gbm-50k,20260912,2010H1,29,24843,191,observed_over_expected,1.0476274732905064,0.9047747378063261,1.2064905563329162,True
2002H2-E,E,gbm-50k,20260912,2010H1,29,24843,191,log_oe,0.04652805828894313,-0.10006927476637043,0.18771577872775394,True
2002H2-E,E,gbm-50k,20260912,2010H1,29,24843,191,cox_intercept,0.8888341526757002,0.34489126279721793,1.4327770425541826,True
2002H2-E,E,gbm-50k,20260912,2010H1,29,24843,191,cox_slope,1.1956179959227997,1.07055111347479,1.3206848783708094,True
2002H2-E,E,gbm-50k,20260912,2010H1,29,24843,191,psi,0.15737025782085917,,,True
2002H2-E,E,gbm-50k,20260912,2010H1,29,24843,191,psi_critical,0.0010194155624220973,,,True
2002H2-E,E,gbm-50k,20260912,2010H2,31,24683,152,auc,0.8340109131517801,0.8008370289528195,0.8671847973507407,True
2002H2-E,E,gbm-50k,20260912,2010H2,31,24683,152,gini,0.6680218263035602,0.601674057905639,0.7343695947014814,True
2002H2-E,E,gbm-50k,20260912,2010H2,31,24683,152,ks,0.5433702039739191,,,True
2002H2-E,E,gbm-50k,20260912,2010H2,31,24683,152,brier,0.006006922720170153,,,True
2002H2-E,E,gbm-50k,20260912,2010H2,31,24683,152,brier_miscalibration,4.201872549871883e-05,,,True
2002H2-E,E,gbm-50k,20260912,2010H2,31,24683,152,brier_discrimination,0.0001552585120836482,,,True
2002H2-E,E,gbm-50k,20260912,2010H2,31,24683,152,brier_uncertainty,0.0061201625067550825,,,True
2002H2-E,E,gbm-50k,20260912,2010H2,31,24683,152,observed_over_expected,0.9408103339599467,0.7975509936863597,1.1022438058963275,True
2002H2-E,E,gbm-50k,20260912,2010H2,31,24683,152,log_oe,-0.061013717671966894,-0.22620950444086538,0.09734792573123185,True
2002H2-E,E,gbm-50k,20260912,2010H2,31,24683,152,cox_intercept,0.7607191384065345,0.16392214800508687,1.357516128807982,True
2002H2-E,E,gbm-50k,20260912,2010H2,31,24683,152,cox_slope,1.1877301784159329,1.0532924413351696,1.322167915496696,True
2002H2-E,E,gbm-50k,20260912,2010H2,31,24683,152,psi,0.260713322153148,,,True
2002H2-E,E,gbm-50k,20260912,2010H2,31,24683,152,psi_critical,0.0010238301701137374,,,True
2002H2-E,E,gbm-50k,20260912,2011H1,33,24614,195,auc,0.8437351746905782,0.8182265876484633,0.8692437617326931,True
2002H2-E,E,gbm-50k,20260912,2011H1,33,24614,195,gini,0.6874703493811565,0.6364531752969267,0.7384875234653863,True
2002H2-E,E,gbm-50k,20260912,2011H1,33,24614,195,ks,0.5607388529948831,,,True
2002H2-E,E,gbm-50k,20260912,2011H1,33,24614,195,brier,0.007729875556714609,,,True
2002H2-E,E,gbm-50k,20260912,2011H1,33,24614,195,brier_miscalibration,6.524504601580772e-05,,,True
2002H2-E,E,gbm-50k,20260912,2011H1,33,24614,195,brier_discrimination,0.0001949269556636591,,,True
2002H2-E,E,gbm-50k,20260912,2011H1,33,24614,195,brier_uncertainty,0.00785955746636246,,,True
2002H2-E,E,gbm-50k,20260912,2011H1,33,24614,195,observed_over_expected,0.9929875328024723,0.858944023262305,1.1418844396496202,True
2002H2-E,E,gbm-50k,20260912,2011H1,33,24614,195,log_oe,-0.0070371700988896245,-0.1520515241243501,0.13267991491366124,True
2002H2-E,E,gbm-50k,20260912,2011H1,33,24614,195,cox_intercept,0.5827775251644739,0.07219980754278454,1.0933552427861633,True
2002H2-E,E,gbm-50k,20260912,2011H1,33,24614,195,cox_slope,1.1409964690684542,1.0214979632490844,1.260494974887824,True
2002H2-E,E,gbm-50k,20260912,2011H1,33,24614,195,psi,0.11323569233042227,,,True
2002H2-E,E,gbm-50k,20260912,2011H1,33,24614,195,psi_critical,0.0010257516819624198,,,True
2002H2-E,E,gbm-50k,20260912,2011H2,35,24646,119,auc,0.8776087268600921,0.849098620275353,0.9061188334448311,True
2002H2-E,E,gbm-50k,20260912,2011H2,35,24646,119,gini,0.7552174537201841,0.698197240550706,0.8122376668896623,True
2002H2-E,E,gbm-50k,20260912,2011H2,35,24646,119,ks,0.6439766431300371,,,True
2002H2-E,E,gbm-50k,20260912,2011H2,35,24646,119,brier,0.004719659649493515,,,True
2002H2-E,E,gbm-50k,20260912,2011H2,35,24646,119,brier_miscalibration,7.627406665698753e-05,,,True
2002H2-E,E,gbm-50k,20260912,2011H2,35,24646,119,brier_discrimination,0.00016167097822389516,,,True
2002H2-E,E,gbm-50k,20260912,2011H2,35,24646,119,brier_uncertainty,0.004805056561060422,,,True
2002H2-E,E,gbm-50k,20260912,2011H2,35,24646,119,observed_over_expected,0.7201855992252232,0.5968494422064431,0.8613999500409056,True
2002H2-E,E,gbm-50k,20260912,2011H2,35,24646,119,log_oe,-0.3282463234890426,-0.516090388003907,-0.14919636435968409,True
2002H2-E,E,gbm-50k,20260912,2011H2,35,24646,119,cox_intercept,0.968748533820762,0.3266486645412302,1.6108484031002939,True
2002H2-E,E,gbm-50k,20260912,2011H2,35,24646,119,cox_slope,1.3065847686903533,1.1551111320069294,1.4580584053737773,True
2002H2-E,E,gbm-50k,20260912,2011H2,35,24646,119,psi,0.24303345243621804,,,True
2002H2-E,E,gbm-50k,20260912,2011H2,35,24646,119,psi_critical,0.0010248592082078211,,,True
2002H2-E,E,gbm-50k,20260912,2012H1,37,24306,148,auc,0.8476240594017315,0.8202649965844097,0.8749831222190533,True
2002H2-E,E,gbm-50k,20260912,2012H1,37,24306,148,gini,0.6952481188034629,0.6405299931688193,0.7499662444381066,True
2002H2-E,E,gbm-50k,20260912,2012H1,37,24306,148,ks,0.5881482940014275,,,True
2002H2-E,E,gbm-50k,20260912,2012H1,37,24306,148,brier,0.006008208862652191,,,True
2002H2-E,E,gbm-50k,20260912,2012H1,37,24306,148,brier_miscalibration,8.756418762654282e-05,,,True
2002H2-E,E,gbm-50k,20260912,2012H1,37,24306,148,brier_discrimination,0.00013131053503778658,,,True
2002H2-E,E,gbm-50k,20260912,2012H1,37,24306,148,brier_uncertainty,0.006051955210063435,,,True
2002H2-E,E,gbm-50k,20260912,2012H1,37,24306,148,observed_over_expected,0.6326426977100398,0.5350671550735439,0.7427757680517121,True
2002H2-E,E,gbm-50k,20260912,2012H1,37,24306,148,log_oe,-0.4578494747986204,-0.625363016461595,-0.29736107247551574,True
2002H2-E,E,gbm-50k,20260912,2012H1,37,24306,148,cox_intercept,-0.1458118690838209,-0.6660539401875326,0.37443020201989075,True
2002H2-E,E,gbm-50k,20260912,2012H1,37,24306,148,cox_slope,1.0842250650650513,0.9550720893154127,1.21337804081469,True
2002H2-E,E,gbm-50k,20260912,2012H1,37,24306,148,psi,0.0538736117220686,,,True
2002H2-E,E,gbm-50k,20260912,2012H1,37,24306,148,psi_critical,0.0010344619023195318,,,True
2002H2-E,E,gbm-50k,20260912,2012H2,39,24538,131,auc,0.8473937679623259,0.8171338386807048,0.877653697243947,True
2002H2-E,E,gbm-50k,20260912,2012H2,39,24538,131,gini,0.6947875359246518,0.6342676773614095,0.7553073944878941,True
2002H2-E,E,gbm-50k,20260912,2012H2,39,24538,131,ks,0.551265326522206,,,True
2002H2-E,E,gbm-50k,20260912,2012H2,39,24538,131,brier,0.0053235868936125945,,,True
2002H2-E,E,gbm-50k,20260912,2012H2,39,24538,131,brier_miscalibration,0.00011703251463602085,,,True
2002H2-E,E,gbm-50k,20260912,2012H2,39,24538,131,brier_discrimination,0.00010360275480102762,,,True
2002H2-E,E,gbm-50k,20260912,2012H2,39,24538,131,brier_uncertainty,0.005310157133777601,,,True
2002H2-E,E,gbm-50k,20260912,2012H2,39,24538,131,observed_over_expected,0.5674234237583738,0.47461973424045906,0.6729920826247533,True
2002H2-E,E,gbm-50k,20260912,2012H2,39,24538,131,log_oe,-0.5666494748398674,-0.7452413550601455,-0.3960217137086102,True
2002H2-E,E,gbm-50k,20260912,2012H2,39,24538,131,cox_intercept,-0.267954561022298,-0.8157086434351222,0.2797995213905262,True
2002H2-E,E,gbm-50k,20260912,2012H2,39,24538,131,cox_slope,1.081136067389098,0.9459132783567754,1.2163588564214205,True
2002H2-E,E,gbm-50k,20260912,2012H2,39,24538,131,psi,0.06002883013816014,,,True
2002H2-E,E,gbm-50k,20260912,2012H2,39,24538,131,psi_critical,0.0010278806363136351,,,True
2002H2-E,E,gbm-50k,20260912,2013H1,41,24341,85,auc,0.8517487486419368,0.8177285387058405,0.8857689585780332,False
2002H2-E,E,gbm-50k,20260912,2013H1,41,24341,85,gini,0.7034974972838737,0.635457077411681,0.7715379171560663,False
2002H2-E,E,gbm-50k,20260912,2013H1,41,24341,85,ks,0.5888061656060841,,,False
2002H2-E,E,gbm-50k,20260912,2013H1,41,24341,85,brier,0.0035747984663174904,,,False
2002H2-E,E,gbm-50k,20260912,2013H1,41,24341,85,brier_miscalibration,0.00016292371402634644,,,False
2002H2-E,E,gbm-50k,20260912,2013H1,41,24341,85,brier_discrimination,6.798128122276464e-05,,,False
2002H2-E,E,gbm-50k,20260912,2013H1,41,24341,85,brier_uncertainty,0.0034798560335139086,,,False
2002H2-E,E,gbm-50k,20260912,2013H1,41,24341,85,observed_over_expected,0.35305777577727443,0.28210341089486307,0.4363810212333809,False
2002H2-E,E,gbm-50k,20260912,2013H1,41,24341,85,log_oe,-1.041123564684286,-1.2654815699630466,-0.8292395153516321,False
2002H2-E,E,gbm-50k,20260912,2013H1,41,24341,85,cox_intercept,-0.6037653690306404,-1.2641587749993746,0.05662803693809393,False
2002H2-E,E,gbm-50k,20260912,2013H1,41,24341,85,cox_slope,1.1219242516290617,0.9540534570195803,1.289795046238543,False
2002H2-E,E,gbm-50k,20260912,2013H1,41,24341,85,psi,0.033819479330187835,,,False
2002H2-E,E,gbm-50k,20260912,2013H1,41,24341,85,psi_critical,0.0010334610033319,,,False
2002H2-E,E,gbm-50k,20260912,2013H2,43,23974,142,auc,0.8248165562694731,0.7927846924546077,0.8568484200843386,True
2002H2-E,E,gbm-50k,20260912,2013H2,43,23974,142,gini,0.6496331125389463,0.5855693849092154,0.7136968401686772,True
2002H2-E,E,gbm-50k,20260912,2013H2,43,23974,142,ks,0.5414314520895093,,,True
2002H2-E,E,gbm-50k,20260912,2013H2,43,23974,142,brier,0.005947040622412636,,,True
2002H2-E,E,gbm-50k,20260912,2013H2,43,23974,142,brier_miscalibration,0.00015198586940271507,,,True
2002H2-E,E,gbm-50k,20260912,2013H2,43,23974,142,brier_discrimination,9.294567101942285e-05,,,True
2002H2-E,E,gbm-50k,20260912,2013H2,43,23974,142,brier_uncertainty,0.005888000424029344,,,True
2002H2-E,E,gbm-50k,20260912,2013H2,43,23974,142,observed_over_expected,0.544062111844725,0.45846382955746673,0.6409259375863773,True
2002H2-E,E,gbm-50k,20260912,2013H2,43,23974,142,log_oe,-0.6086918624586427,-0.7798738790398746,-0.4448413707238875,True
2002H2-E,E,gbm-50k,20260912,2013H2,43,23974,142,cox_intercept,-0.5197986019179506,-1.066324560526799,0.026727356690897985,True
2002H2-E,E,gbm-50k,20260912,2013H2,43,23974,142,cox_slope,1.0280916839907788,0.8922099460892006,1.163973421892357,True
2002H2-E,E,gbm-50k,20260912,2013H2,43,23974,142,psi,0.027138329665208627,,,True
2002H2-E,E,gbm-50k,20260912,2013H2,43,23974,142,psi_critical,0.0010441014843782371,,,True
2002H2-E,E,gbm-50k,20260912,2014H1,45,24341,137,auc,0.8060075127836744,0.7717241862570765,0.8402908393102724,True
2002H2-E,E,gbm-50k,20260912,2014H1,45,24341,137,gini,0.6120150255673489,0.543448372514153,0.6805816786205447,True
2002H2-E,E,gbm-50k,20260912,2014H1,45,24341,137,ks,0.46903208373593314,,,True
2002H2-E,E,gbm-50k,20260912,2014H1,45,24341,137,brier,0.005646805051699734,,,True
2002H2-E,E,gbm-50k,20260912,2014H1,45,24341,137,brier_miscalibration,0.0001222511674399138,,,True
2002H2-E,E,gbm-50k,20260912,2014H1,45,24341,137,brier_discrimination,7.213130442284763e-05,,,True
2002H2-E,E,gbm-50k,20260912,2014H1,45,24341,137,brier_uncertainty,0.005596685188682668,,,True
2002H2-E,E,gbm-50k,20260912,2014H1,45,24341,137,observed_over_expected,0.5638680547343192,0.47360878296866415,0.6662421836110091,True
2002H2-E,E,gbm-50k,20260912,2014H1,45,24341,137,log_oe,-0.5729350003601231,-0.7473736504646541,-0.4061020354868361,True
2002H2-E,E,gbm-50k,20260912,2014H1,45,24341,137,cox_intercept,-0.4814366879275486,-1.0841179583099831,0.12124458245488595,True
2002H2-E,E,gbm-50k,20260912,2014H1,45,24341,137,cox_slope,1.0266106795305934,0.8822530030455035,1.1709683560156832,True
2002H2-E,E,gbm-50k,20260912,2014H1,45,24341,137,psi,0.06319532962427332,,,True
2002H2-E,E,gbm-50k,20260912,2014H1,45,24341,137,psi_critical,0.0010334610033319,,,True
2002H2-E,E,gbm-50k,20260912,2014H2,47,24213,99,auc,0.7738578452686441,0.728935218470033,0.8187804720672552,False
2002H2-E,E,gbm-50k,20260912,2014H2,47,24213,99,gini,0.5477156905372882,0.4578704369400659,0.6375609441345105,False
2002H2-E,E,gbm-50k,20260912,2014H2,47,24213,99,ks,0.41829843596452204,,,False
2002H2-E,E,gbm-50k,20260912,2014H2,47,24213,99,brier,0.0041181133825994205,,,False
2002H2-E,E,gbm-50k,20260912,2014H2,47,24213,99,brier_miscalibration,8.994989352776629e-05,,,False
2002H2-E,E,gbm-50k,20260912,2014H2,47,24213,99,brier_discrimination,4.3831614598856435e-05,,,False
2002H2-E,E,gbm-50k,20260912,2014H2,47,24213,99,brier_uncertainty,0.004071995103670511,,,False
2002H2-E,E,gbm-50k,20260912,2014H2,47,24213,99,observed_over_expected,0.44949403620946565,0.3654590482474735,0.5469994013868172,False
2002H2-E,E,gbm-50k,20260912,2014H2,47,24213,99,log_oe,-0.7996326927681202,-1.0066010491681685,-0.6033075709175787,False
2002H2-E,E,gbm-50k,20260912,2014H2,47,24213,99,cox_intercept,-0.6721347244058008,-1.446301396209221,0.10203194739761956,False
2002H2-E,E,gbm-50k,20260912,2014H2,47,24213,99,cox_slope,1.0343346311683346,0.8542295640474351,1.214439698289234,False
2002H2-E,E,gbm-50k,20260912,2014H2,47,24213,99,psi,0.07828345049982863,,,False
2002H2-E,E,gbm-50k,20260912,2014H2,47,24213,99,psi_critical,0.0010371354933066512,,,False
2002H2-E,E,gbm-50k,20260912,2015H1,49,24159,83,auc,0.810393592979661,0.7644147137151833,0.8563724722441386,False
2002H2-E,E,gbm-50k,20260912,2015H1,49,24159,83,gini,0.6207871859593219,0.5288294274303666,0.7127449444882772,False
2002H2-E,E,gbm-50k,20260912,2015H1,49,24159,83,ks,0.49610970881365635,,,False
2002H2-E,E,gbm-50k,20260912,2015H1,49,24159,83,brier,0.003450344616606262,,,False
2002H2-E,E,gbm-50k,20260912,2015H1,49,24159,83,brier_miscalibration,6.444861162291805e-05,,,False
2002H2-E,E,gbm-50k,20260912,2015H1,49,24159,83,brier_discrimination,3.787349991554202e-05,,,False
2002H2-E,E,gbm-50k,20260912,2015H1,49,24159,83,brier_uncertainty,0.003423769504898886,,,False
2002H2-E,E,gbm-50k,20260912,2015H1,49,24159,83,observed_over_expected,0.42153331859564613,0.3358594794140885,0.5223387317098838,False
2002H2-E,E,gbm-50k,20260912,2015H1,49,24159,83,log_oe,-0.8638564569878265,-1.0910624225251453,-0.6494389902297955,False
2002H2-E,E,gbm-50k,20260912,2015H1,49,24159,83,cox_intercept,-0.05825489616457425,-0.9182124848028637,0.8017026924737152,False
2002H2-E,E,gbm-50k,20260912,2015H1,49,24159,83,cox_slope,1.1930953790061765,0.992167135464572,1.394023622547781,False
2002H2-E,E,gbm-50k,20260912,2015H1,49,24159,83,psi,0.10075393311077468,,,False
2002H2-E,E,gbm-50k,20260912,2015H1,49,24159,83,psi_critical,0.0010386973468943647,,,False
2002H2-E,E,gbm-50k,20260912,2015H2,51,24159,130,auc,0.7849798480681998,0.7501130486790447,0.8198466474573548,True
2002H2-E,E,gbm-50k,20260912,2015H2,51,24159,130,gini,0.5699596961363995,0.5002260973580894,0.6396932949147096,True
2002H2-E,E,gbm-50k,20260912,2015H2,51,24159,130,ks,0.4501016400055062,,,True
2002H2-E,E,gbm-50k,20260912,2015H2,51,24159,130,brier,0.005359456059247472,,,True
2002H2-E,E,gbm-50k,20260912,2015H2,51,24159,130,brier_miscalibration,5.814034954298129e-05,,,True
2002H2-E,E,gbm-50k,20260912,2015H2,51,24159,130,brier_discrimination,5.0746367972220353e-05,,,True
2002H2-E,E,gbm-50k,20260912,2015H2,51,24159,130,brier_uncertainty,0.005352062077676711,,,True
2002H2-E,E,gbm-50k,20260912,2015H2,51,24159,130,observed_over_expected,0.6182691541958881,0.5167805552291165,0.7337738600424448,True
2002H2-E,E,gbm-50k,20260912,2015H2,51,24159,130,log_oe,-0.48083139174893624,-0.6601369525522525,-0.30955439042311744,True
2002H2-E,E,gbm-50k,20260912,2015H2,51,24159,130,cox_intercept,-0.20252312801893307,-0.9518637015611955,0.5468174455233294,True
2002H2-E,E,gbm-50k,20260912,2015H2,51,24159,130,cox_slope,1.0672048492609603,0.895375060301018,1.2390346382209025,True
2002H2-E,E,gbm-50k,20260912,2015H2,51,24159,130,psi,0.08660146428097609,,,True
2002H2-E,E,gbm-50k,20260912,2015H2,51,24159,130,psi_critical,0.0010386973468943647,,,True
2002H2-E,E,gbm-50k,20260912,2016H1,53,24632,115,auc,0.7901981056622646,0.7449483829827726,0.8354478283417566,True
2002H2-E,E,gbm-50k,20260912,2016H1,53,24632,115,gini,0.5803962113245291,0.4898967659655451,0.6708956566835131,True
2002H2-E,E,gbm-50k,20260912,2016H1,53,24632,115,ks,0.49934721426658696,,,True
2002H2-E,E,gbm-50k,20260912,2016H1,53,24632,115,brier,0.004641089293970751,,,True
2002H2-E,E,gbm-50k,20260912,2016H1,53,24632,115,brier_miscalibration,5.354324560549479e-05,,,True
2002H2-E,E,gbm-50k,20260912,2016H1,53,24632,115,brier_discrimination,5.938058303578148e-05,,,True
2002H2-E,E,gbm-50k,20260912,2016H1,53,24632,115,brier_uncertainty,0.004646926631401037,,,True
2002H2-E,E,gbm-50k,20260912,2016H1,53,24632,115,observed_over_expected,0.5533436601720239,0.457018909605868,0.6638943665482985,True
2002H2-E,E,gbm-50k,20260912,2016H1,53,24632,115,log_oe,-0.5917760235123198,-0.7830305112506001,-0.4096322286849533,True
2002H2-E,E,gbm-50k,20260912,2016H1,53,24632,115,cox_intercept,0.2633238593265605,-0.5530307081662957,1.0796784268194168,True
2002H2-E,E,gbm-50k,20260912,2016H1,53,24632,115,cox_slope,1.2020581055411683,1.012271170203151,1.3918450408791856,True
2002H2-E,E,gbm-50k,20260912,2016H1,53,24632,115,psi,0.099546317427056,,,True
2002H2-E,E,gbm-50k,20260912,2016H1,53,24632,115,psi_critical,0.0010252493801461782,,,True
2002H2-E,E,gbm-50k,20260912,2016H2,55,24760,121,auc,0.7449051912928473,0.7023433509993947,0.7874670315862998,True
2002H2-E,E,gbm-50k,20260912,2016H2,55,24760,121,gini,0.48981038258569454,0.4046867019987894,0.5749340631725997,True
2002H2-E,E,gbm-50k,20260912,2016H2,55,24760,121,ks,0.3944452103246918,,,True
2002H2-E,E,gbm-50k,20260912,2016H2,55,24760,121,brier,0.004858014011642868,,,True
2002H2-E,E,gbm-50k,20260912,2016H2,55,24760,121,brier_miscalibration,4.473329982459737e-05,,,True
2002H2-E,E,gbm-50k,20260912,2016H2,55,24760,121,brier_discrimination,4.9751734072621054e-05,,,True
2002H2-E,E,gbm-50k,20260912,2016H2,55,24760,121,brier_uncertainty,0.004863032445890892,,,True
2002H2-E,E,gbm-50k,20260912,2016H2,55,24760,121,observed_over_expected,0.6195358806747836,0.5142781990866596,0.7399135275001321,True
2002H2-E,E,gbm-50k,20260912,2016H2,55,24760,121,log_oe,-0.47878466082538296,-0.664990916587069,-0.3012219543415187,True
2002H2-E,E,gbm-50k,20260912,2016H2,55,24760,121,cox_intercept,-0.4281511102049786,-1.327986806706567,0.47168458629660975,True
2002H2-E,E,gbm-50k,20260912,2016H2,55,24760,121,cox_slope,1.0128760171519502,0.8146864259950607,1.2110656083088398,True
2002H2-E,E,gbm-50k,20260912,2016H2,55,24760,121,psi,0.10909025446339747,,,True
2002H2-E,E,gbm-50k,20260912,2016H2,55,24760,121,psi_critical,0.0010216985183533317,,,True
2002H2-E,E,gbm-50k,20260912,2017H1,57,24541,162,auc,0.7590016250577937,0.7284794786035073,0.7895237715120801,True
2002H2-E,E,gbm-50k,20260912,2017H1,57,24541,162,gini,0.5180032501155873,0.4569589572070145,0.5790475430241602,True
2002H2-E,E,gbm-50k,20260912,2017H1,57,24541,162,ks,0.4081503054389555,,,True
2002H2-E,E,gbm-50k,20260912,2017H1,57,24541,162,brier,0.006571358655595852,,,True
2002H2-E,E,gbm-50k,20260912,2017H1,57,24541,162,brier_miscalibration,5.727757070200009e-05,,,True
2002H2-E,E,gbm-50k,20260912,2017H1,57,24541,162,brier_discrimination,4.354109532614479e-05,,,True
2002H2-E,E,gbm-50k,20260912,2017H1,57,24541,162,brier_uncertainty,0.006557622180219997,,,True
2002H2-E,E,gbm-50k,20260912,2017H1,57,24541,162,observed_over_expected,0.7274609209688584,0.6200424290094464,0.848042149614843,True
2002H2-E,E,gbm-50k,20260912,2017H1,57,24541,162,log_oe,-0.3181949982605871,-0.47796736939828754,-0.16482493969098866,True
2002H2-E,E,gbm-50k,20260912,2017H1,57,24541,162,cox_intercept,-0.4331356157758177,-1.1792635219066339,0.3129922903549984,True
2002H2-E,E,gbm-50k,20260912,2017H1,57,24541,162,cox_slope,0.9747519422946935,0.8062997497094901,1.143204134879897,True
2002H2-E,E,gbm-50k,20260912,2017H1,57,24541,162,psi,0.10516014239161867,,,True
2002H2-E,E,gbm-50k,20260912,2017H1,57,24541,162,psi_critical,0.0010277963486622491,,,True
2002H2-E,E,gbm-50k,20260912,2017H2,59,24680,143,auc,0.7753361485480326,0.7409772265450925,0.8096950705509727,True
2002H2-E,E,gbm-50k,20260912,2017H2,59,24680,143,gini,0.5506722970960651,0.4819544530901849,0.6193901411019453,True
2002H2-E,E,gbm-50k,20260912,2017H2,59,24680,143,ks,0.41194132109891984,,,True
2002H2-E,E,gbm-50k,20260912,2017H2,59,24680,143,brier,0.005718379991010874,,,True
2002H2-E,E,gbm-50k,20260912,2017H2,59,24680,143,brier_miscalibration,4.254583905055533e-05,,,True
2002H2-E,E,gbm-50k,20260912,2017H2,59,24680,143,brier_discrimination,8.475881237539947e-05,,,True
2002H2-E,E,gbm-50k,20260912,2017H2,59,24680,143,brier_uncertainty,0.005760592964335718,,,True
2002H2-E,E,gbm-50k,20260912,2017H2,59,24680,143,observed_over_expected,0.6416024458665364,0.5409911444553429,0.7554082867647107,True
2002H2-E,E,gbm-50k,20260912,2017H2,59,24680,143,log_oe,-0.4437864103009757,-0.6143523691137247,-0.28049689872859124,True
2002H2-E,E,gbm-50k,20260912,2017H2,59,24680,143,cox_intercept,0.35316892860117366,-0.45271706154398506,1.1590549187463324,True
2002H2-E,E,gbm-50k,20260912,2017H2,59,24680,143,cox_slope,1.188315286927198,1.0005450056692111,1.376085568185185,True
2002H2-E,E,gbm-50k,20260912,2017H2,59,24680,143,psi,0.10781008923717017,,,True
2002H2-E,E,gbm-50k,20260912,2017H2,59,24680,143,psi_critical,0.0010239134906912927,,,True
2002H2-E,E,gbm-50k,20260912,2018H1,61,24416,148,auc,0.7683558372943572,0.7332135132225923,0.8034981613661221,True
2002H2-E,E,gbm-50k,20260912,2018H1,61,24416,148,gini,0.5367116745887144,0.46642702644518463,0.6069963227322441,True
2002H2-E,E,gbm-50k,20260912,2018H1,61,24416,148,ks,0.43823587061595964,,,True
2002H2-E,E,gbm-50k,20260912,2018H1,61,24416,148,brier,0.00600919491483668,,,True
2002H2-E,E,gbm-50k,20260912,2018H1,61,24416,148,brier_miscalibration,3.5184626714296514e-05,,,True
2002H2-E,E,gbm-50k,20260912,2018H1,61,24416,148,brier_discrimination,5.0845681535910923e-05,,,True
2002H2-E,E,gbm-50k,20260912,2018H1,61,24416,148,brier_uncertainty,0.006024855969658295,,,True
2002H2-E,E,gbm-50k,20260912,2018H1,61,24416,148,observed_over_expected,0.6679944694102987,0.5649653025212283,0.7842836077890217,True
2002H2-E,E,gbm-50k,20260912,2018H1,61,24416,148,log_oe,-0.40347538480566525,-0.5709909611883099,-0.24298457941668827,True
2002H2-E,E,gbm-50k,20260912,2018H1,61,24416,148,cox_intercept,0.11801300037618376,-0.7038222023014549,0.9398482030538224,True
2002H2-E,E,gbm-50k,20260912,2018H1,61,24416,148,cox_slope,1.1225981321310605,0.9335485782864963,1.3116476859756248,True
2002H2-E,E,gbm-50k,20260912,2018H1,61,24416,148,psi,0.12582340029077935,,,True
2002H2-E,E,gbm-50k,20260912,2018H1,61,24416,148,psi_critical,0.0010313258825568768,,,True
2002H2-E,E,gbm-50k,20260912,2018H2,63,24543,146,auc,0.7500926455700538,0.7119528250058541,0.7882324661342536,True
2002H2-E,E,gbm-50k,20260912,2018H2,63,24543,146,gini,0.5001852911401077,0.4239056500117082,0.5764649322685071,True
2002H2-E,E,gbm-50k,20260912,2018H2,63,24543,146,ks,0.37734961799143285,,,True
2002H2-E,E,gbm-50k,20260912,2018H2,63,24543,146,brier,0.005895230356794396,,,True
2002H2-E,E,gbm-50k,20260912,2018H2,63,24543,146,brier_miscalibration,3.847276111417462e-05,,,True
2002H2-E,E,gbm-50k,20260912,2018H2,63,24543,146,brier_discrimination,5.659788322302014e-05,,,True
2002H2-E,E,gbm-50k,20260912,2018H2,63,24543,146,brier_uncertainty,0.005913355478903241,,,True
2002H2-E,E,gbm-50k,20260912,2018H2,63,24543,146,observed_over_expected,0.6375186207254767,0.5385426100911288,0.7493282332789262,True
2002H2-E,E,gbm-50k,20260912,2018H2,63,24543,146,log_oe,-0.45017179339498986,-0.6188886581416726,-0.2885781627822563,True
2002H2-E,E,gbm-50k,20260912,2018H2,63,24543,146,cox_intercept,0.01914619540118012,-0.8281017626573923,0.8663941534597526,True
2002H2-E,E,gbm-50k,20260912,2018H2,63,24543,146,cox_slope,1.110879950679842,0.915560051478787,1.3061998498808969,True
2002H2-E,E,gbm-50k,20260912,2018H2,63,24543,146,psi,0.13636001035615927,,,True
2002H2-E,E,gbm-50k,20260912,2018H2,63,24543,146,psi_critical,0.0010277401683422744,,,True
2002H2-E,E,gbm-50k,20260912,2019H1,65,24752,110,auc,0.670181360721901,0.6175434264429012,0.7228192950009009,True
2002H2-E,E,gbm-50k,20260912,2019H1,65,24752,110,gini,0.3403627214438021,0.23508685288580233,0.44563859000180184,True
2002H2-E,E,gbm-50k,20260912,2019H1,65,24752,110,ks,0.28565346673454783,,,True
2002H2-E,E,gbm-50k,20260912,2019H1,65,24752,110,brier,0.004461592838111008,,,True
2002H2-E,E,gbm-50k,20260912,2019H1,65,24752,110,brier_miscalibration,6.216139369682582e-05,,,True
2002H2-E,E,gbm-50k,20260912,2019H1,65,24752,110,brier_discrimination,2.4903987635421093e-05,,,True
2002H2-E,E,gbm-50k,20260912,2019H1,65,24752,110,brier_uncertainty,0.004424335432049603,,,True
2002H2-E,E,gbm-50k,20260912,2019H1,65,24752,110,observed_over_expected,0.4852225383754227,0.3989439082398788,0.5845574193920072,True
2002H2-E,E,gbm-50k,20260912,2019H1,65,24752,110,log_oe,-0.7231476512692788,-0.9189344528271219,-0.5369002661250283,True
2002H2-E,E,gbm-50k,20260912,2019H1,65,24752,110,cox_intercept,-1.564189188366494,-2.59445095682114,-0.5339274199118482,True
2002H2-E,E,gbm-50k,20260912,2019H1,65,24752,110,cox_slope,0.8115301500654948,0.5852191941054457,1.037841106025544,True
2002H2-E,E,gbm-50k,20260912,2019H1,65,24752,110,psi,0.14470609161298187,,,True
2002H2-E,E,gbm-50k,20260912,2019H1,65,24752,110,psi_critical,0.0010219193712836035,,,True
2002H2-E,E,gbm-50k,20260912,2019H2,67,24861,136,auc,0.6761211562481413,0.6321521013595315,0.7200902111367511,True
2002H2-E,E,gbm-50k,20260912,2019H2,67,24861,136,gini,0.3522423124962826,0.26430420271906296,0.4401804222735022,True
2002H2-E,E,gbm-50k,20260912,2019H2,67,24861,136,ks,0.2579379051924106,,,True
2002H2-E,E,gbm-50k,20260912,2019H2,67,24861,136,brier,0.005454671292016503,,,True
2002H2-E,E,gbm-50k,20260912,2019H2,67,24861,136,brier_miscalibration,3.415826523190963e-05,,,True
2002H2-E,E,gbm-50k,20260912,2019H2,67,24861,136,brier_discrimination,1.9977037597682795e-05,,,True
2002H2-E,E,gbm-50k,20260912,2019H2,67,24861,136,brier_uncertainty,0.0054404900643822765,,,True
2002H2-E,E,gbm-50k,20260912,2019H2,67,24861,136,observed_over_expected,0.6557892760328821,0.5504410503839069,0.7753368628934713,True
2002H2-E,E,gbm-50k,20260912,2019H2,67,24861,136,log_oe,-0.4219157672016604,-0.597035412324565,-0.2544576822688372,True
2002H2-E,E,gbm-50k,20260912,2019H2,67,24861,136,cox_intercept,-1.388025254611197,-2.342123414111387,-0.43392709511100735,True
2002H2-E,E,gbm-50k,20260912,2019H2,67,24861,136,cox_slope,0.7874836026918638,0.5829059256925297,0.9920612796911978,True
2002H2-E,E,gbm-50k,20260912,2019H2,67,24861,136,psi,0.13182100725820575,,,True
2002H2-E,E,gbm-50k,20260912,2019H2,67,24861,136,psi_critical,0.0010189224749281938,,,True
2002H2-E,E,gbm-50k,20260912,2020H1,69,24880,111,auc,0.6336298751818152,0.5795451766742541,0.6877145736893764,True
2002H2-E,E,gbm-50k,20260912,2020H1,69,24880,111,gini,0.2672597503636305,0.15909035334850818,0.37542914737875277,True
2002H2-E,E,gbm-50k,20260912,2020H1,69,24880,111,ks,0.23766230601387456,,,True
2002H2-E,E,gbm-50k,20260912,2020H1,69,24880,111,brier,0.00447369224339086,,,True
2002H2-E,E,gbm-50k,20260912,2020H1,69,24880,111,brier_miscalibration,4.0929134615719925e-05,,,True
2002H2-E,E,gbm-50k,20260912,2020H1,69,24880,111,brier_discrimination,8.747460284320129e-06,,,True
2002H2-E,E,gbm-50k,20260912,2020H1,69,24880,111,brier_uncertainty,0.00444151056905946,,,True
2002H2-E,E,gbm-50k,20260912,2020H1,69,24880,111,observed_over_expected,0.6084119559273475,0.5006938099845628,0.7323508335081618,True
2002H2-E,E,gbm-50k,20260912,2020H1,69,24880,111,log_oe,-0.49690306736446543,-0.6917605224457192,-0.3114955990903034,True
2002H2-E,E,gbm-50k,20260912,2020H1,69,24880,111,cox_intercept,-2.457829627535948,-3.564552370079906,-1.3511068849919896,True
2002H2-E,E,gbm-50k,20260912,2020H1,69,24880,111,cox_slope,0.5849381007896409,0.3602111659978644,0.8096650355814174,True
2002H2-E,E,gbm-50k,20260912,2020H1,69,24880,111,psi,0.15096851896038893,,,True
2002H2-E,E,gbm-50k,20260912,2020H1,69,24880,111,psi_critical,0.001018402767712202,,,True
2002H2-E,E,gbm-50k,20260912,2020H2,71,24919,71,auc,0.6675970180386892,0.6013626813320939,0.7338313547452845,False
2002H2-E,E,gbm-50k,20260912,2020H2,71,24919,71,gini,0.3351940360773784,0.20272536266418784,0.467662709490569,False
2002H2-E,E,gbm-50k,20260912,2020H2,71,24919,71,ks,0.3006720296019516,,,False
2002H2-E,E,gbm-50k,20260912,2020H2,71,24919,71,brier,0.0028724888602492528,,,False
2002H2-E,E,gbm-50k,20260912,2020H2,71,24919,71,brier_miscalibration,3.78030487221178e-05,,,False
2002H2-E,E,gbm-50k,20260912,2020H2,71,24919,71,brier_discrimination,6.427578367460083e-06,,,False
2002H2-E,E,gbm-50k,20260912,2020H2,71,24919,71,brier_uncertainty,0.002841113389894595,,,False
2002H2-E,E,gbm-50k,20260912,2020H2,71,24919,71,observed_over_expected,0.44286009630627254,0.345978469829073,0.5583996668678142,False
2002H2-E,E,gbm-50k,20260912,2020H2,71,24919,71,log_oe,-0.814501368507771,-1.061378731788061,-0.5826803241175796,False
2002H2-E,E,gbm-50k,20260912,2020H2,71,24919,71,cox_intercept,-1.9949405659082475,-3.3814416122842816,-0.6084395195322132,False
2002H2-E,E,gbm-50k,20260912,2020H2,71,24919,71,cox_slope,0.7550523523733693,0.4746534506868527,1.035451254059886,False
2002H2-E,E,gbm-50k,20260912,2020H2,71,24919,71,psi,0.228481569046378,,,False
2002H2-E,E,gbm-50k,20260912,2020H2,71,24919,71,psi_critical,0.001017338483214061,,,False
2002H2-E,E,gbm-50k,20260912,2021H1,73,24909,90,auc,0.7340176209087124,0.6847464148446573,0.7832888269727675,False
2002H2-E,E,gbm-50k,20260912,2021H1,73,24909,90,gini,0.46803524181742473,0.3694928296893145,0.5665776539455349,False
2002H2-E,E,gbm-50k,20260912,2021H1,73,24909,90,ks,0.3539814926736237,,,False
2002H2-E,E,gbm-50k,20260912,2021H1,73,24909,90,brier,0.003615166433001052,,,False
2002H2-E,E,gbm-50k,20260912,2021H1,73,24909,90,brier_miscalibration,3.1991022410442736e-05,,,False
2002H2-E,E,gbm-50k,20260912,2021H1,73,24909,90,brier_discrimination,1.69215957704031e-05,,,False
2002H2-E,E,gbm-50k,20260912,2021H1,73,24909,90,brier_uncertainty,0.0036000970063610124,,,False
2002H2-E,E,gbm-50k,20260912,2021H1,73,24909,90,observed_over_expected,0.5156160173673011,0.41475472681592424,0.6335170742931278,False
2002H2-E,E,gbm-50k,20260912,2021H1,73,24909,90,log_oe,-0.6623929429083526,-0.8800679531931042,-0.4564683272666639,False
2002H2-E,E,gbm-50k,20260912,2021H1,73,24909,90,cox_intercept,-0.6187927448322892,-1.7431309946925524,0.505545505027974,False
2002H2-E,E,gbm-50k,20260912,2021H1,73,24909,90,cox_slope,1.0109927067859479,0.7708169672954306,1.2511684462764652,False
2002H2-E,E,gbm-50k,20260912,2021H1,73,24909,90,psi,0.17331189247239284,,,False
2002H2-E,E,gbm-50k,20260912,2021H1,73,24909,90,psi_critical,0.0010176110589622332,,,False
2002H2-E,E,gbm-50k,20260912,2021H2,75,24929,136,auc,0.7499538828559293,0.7113802503233254,0.7885275153885333,True
2002H2-E,E,gbm-50k,20260912,2021H2,75,24929,136,gini,0.4999077657118587,0.4227605006466508,0.5770550307770665,True
2002H2-E,E,gbm-50k,20260912,2021H2,75,24929,136,ks,0.4068552319084372,,,True
2002H2-E,E,gbm-50k,20260912,2021H2,75,24929,136,brier,0.005403330832646134,,,True
2002H2-E,E,gbm-50k,20260912,2021H2,75,24929,136,brier_miscalibration,2.4660065328805866e-05,,,True
2002H2-E,E,gbm-50k,20260912,2021H2,75,24929,136,brier_discrimination,4.7060424072267563e-05,,,True
2002H2-E,E,gbm-50k,20260912,2021H2,75,24929,136,brier_uncertainty,0.005425731191389596,,,True
2002H2-E,E,gbm-50k,20260912,2021H2,75,24929,136,observed_over_expected,0.6887212073011281,0.5780820192831179,0.8142732585868989,True
2002H2-E,E,gbm-50k,20260912,2021H2,75,24929,136,log_oe,-0.37291872367031986,-0.5480395185029718,-0.20545927080403045,True
2002H2-E,E,gbm-50k,20260912,2021H2,75,24929,136,cox_intercept,0.0047239995509460965,-0.8779000609137899,0.887348060015682,True
2002H2-E,E,gbm-50k,20260912,2021H2,75,24929,136,cox_slope,1.0860203624105051,0.8899720518312088,1.2820686729898014,True
2002H2-E,E,gbm-50k,20260912,2021H2,75,24929,136,psi,0.12079668121835282,,,True
2002H2-E,E,gbm-50k,20260912,2021H2,75,24929,136,psi_critical,0.0010170661261475434,,,True
2002H2-E,E,gbm-50k,20260912,2022H1,77,24889,291,auc,0.7585919733646941,0.7327221687242251,0.784461778005163,True
2002H2-E,E,gbm-50k,20260912,2022H1,77,24889,291,gini,0.5171839467293882,0.46544433744845026,0.5689235560103261,True
2002H2-E,E,gbm-50k,20260912,2022H1,77,24889,291,ks,0.39855529840802295,,,True
2002H2-E,E,gbm-50k,20260912,2022H1,77,24889,291,brier,0.011438502105028578,,,True
2002H2-E,E,gbm-50k,20260912,2022H1,77,24889,291,brier_miscalibration,4.24479001642792e-05,,,True
2002H2-E,E,gbm-50k,20260912,2022H1,77,24889,291,brier_discrimination,0.00015915707650111105,,,True
2002H2-E,E,gbm-50k,20260912,2022H1,77,24889,291,brier_uncertainty,0.01155521128136541,,,True
2002H2-E,E,gbm-50k,20260912,2022H1,77,24889,291,observed_over_expected,1.2569715527159602,1.1173939259923438,1.4089996795427189,True
2002H2-E,E,gbm-50k,20260912,2022H1,77,24889,291,log_oe,0.22870529825891286,0.11099912218810111,0.34288000548054776,True
2002H2-E,E,gbm-50k,20260912,2022H1,77,24889,291,cox_intercept,0.719761971545478,0.11773727461990036,1.3217866684710557,True
2002H2-E,E,gbm-50k,20260912,2022H1,77,24889,291,cox_slope,1.1129497974011768,0.9745658408979643,1.2513337539043894,True
2002H2-E,E,gbm-50k,20260912,2022H1,77,24889,291,psi,0.13621560458377927,,,True
2002H2-E,E,gbm-50k,20260912,2022H1,77,24889,291,psi_critical,0.0010181568675578937,,,True
2002H2-E,E,gbm-50k,20260912,2022H2,79,24859,373,auc,0.7494026788629449,0.7260184178926102,0.7727869398332795,True
2002H2-E,E,gbm-50k,20260912,2022H2,79,24859,373,gini,0.49880535772588974,0.45203683578522047,0.545573879666559,True
2002H2-E,E,gbm-50k,20260912,2022H2,79,24859,373,ks,0.37673855980295357,,,True
2002H2-E,E,gbm-50k,20260912,2022H2,79,24859,373,brier,0.014632251037635102,,,True
2002H2-E,E,gbm-50k,20260912,2022H2,79,24859,373,brier_miscalibration,0.00010431685076718253,,,True
2002H2-E,E,gbm-50k,20260912,2022H2,79,24859,373,brier_discrimination,0.0002515531001508458,,,True
2002H2-E,E,gbm-50k,20260912,2022H2,79,24859,373,brier_uncertainty,0.014779487287018766,,,True
2002H2-E,E,gbm-50k,20260912,2022H2,79,24859,373,observed_over_expected,1.5976933859564217,1.4406928079155203,1.7669293651947473,True
2002H2-E,E,gbm-50k,20260912,2022H2,79,24859,373,log_oe,0.4685609553147246,0.36512411449642274,0.5692432181156674,True
2002H2-E,E,gbm-50k,20260912,2022H2,79,24859,373,cox_intercept,1.0042045632349759,0.451368390980308,1.5570407354896436,True
2002H2-E,E,gbm-50k,20260912,2022H2,79,24859,373,cox_slope,1.1214018676017607,0.9946956221126306,1.2481081130908909,True
2002H2-E,E,gbm-50k,20260912,2022H2,79,24859,373,psi,0.18265386466400654,,,True
2002H2-E,E,gbm-50k,20260912,2022H2,79,24859,373,psi_critical,0.0010189772271646342,,,True
2002H2-E,E,gbm-50k,20260912,2023H1,81,24882,381,auc,0.7663201062766628,0.7448322301260695,0.7878079824272561,True
2002H2-E,E,gbm-50k,20260912,2023H1,81,24882,381,gini,0.5326402125533256,0.48966446025213894,0.5756159648545123,True
2002H2-E,E,gbm-50k,20260912,2023H1,81,24882,381,ks,0.4123084161437087,,,True
2002H2-E,E,gbm-50k,20260912,2023H1,81,24882,381,brier,0.014943356079174316,,,True
2002H2-E,E,gbm-50k,20260912,2023H1,81,24882,381,brier_miscalibration,0.0001323392082119984,,,True
2002H2-E,E,gbm-50k,20260912,2023H1,81,24882,381,brier_discrimination,0.00026679132900315344,,,True
2002H2-E,E,gbm-50k,20260912,2023H1,81,24882,381,brier_uncertainty,0.015077808199965471,,,True
2002H2-E,E,gbm-50k,20260912,2023H1,81,24882,381,observed_over_expected,1.6510029861995268,1.4904554288795693,1.8239186654950186,True
2002H2-E,E,gbm-50k,20260912,2023H1,81,24882,381,log_oe,0.5013829736580553,0.39908173021994775,0.6009872993722929,True
2002H2-E,E,gbm-50k,20260912,2023H1,81,24882,381,cox_intercept,1.2637889283580725,0.7107631899175104,1.8168146667986347,True
2002H2-E,E,gbm-50k,20260912,2023H1,81,24882,381,cox_slope,1.1735588899987404,1.0464514611789986,1.3006663188184822,True
2002H2-E,E,gbm-50k,20260912,2023H1,81,24882,381,psi,0.17767690502604067,,,True
2002H2-E,E,gbm-50k,20260912,2023H1,81,24882,381,psi_critical,0.001018348107860452,,,True
2002H2-E,E,gbm-50k,20260912,2023H2,83,24866,363,auc,0.7780928382413174,0.7560750920960748,0.8001105843865599,True
2002H2-E,E,gbm-50k,20260912,2023H2,83,24866,363,gini,0.5561856764826347,0.5121501841921496,0.6002211687731198,True
2002H2-E,E,gbm-50k,20260912,2023H2,83,24866,363,ks,0.44014512643585896,,,True
2002H2-E,E,gbm-50k,20260912,2023H2,83,24866,363,brier,0.014230310184768558,,,True
2002H2-E,E,gbm-50k,20260912,2023H2,83,24866,363,brier_miscalibration,0.0001398613374906186,,,True
2002H2-E,E,gbm-50k,20260912,2023H2,83,24866,363,brier_discrimination,0.00029468895066108933,,,True
2002H2-E,E,gbm-50k,20260912,2023H2,83,24866,363,brier_uncertainty,0.014385137797939028,,,True
2002H2-E,E,gbm-50k,20260912,2023H2,83,24866,363,observed_over_expected,1.6545601554316343,1.4897743266089563,1.832379849704393,True
2002H2-E,E,gbm-50k,20260912,2023H2,83,24866,363,log_oe,0.5035352063958941,0.3986246498346407,0.6056155863013511,True
2002H2-E,E,gbm-50k,20260912,2023H2,83,24866,363,cox_intercept,1.602438921303308,1.0312696858651411,2.1736081567414747,True
2002H2-E,E,gbm-50k,20260912,2023H2,83,24866,363,cox_slope,1.2500043374241705,1.1188044642524977,1.3812042105958433,True
2002H2-E,E,gbm-50k,20260912,2023H2,83,24866,363,psi,0.1576927676592834,,,True
2002H2-E,E,gbm-50k,20260912,2023H2,83,24866,363,psi_critical,0.0010187856328701958,,,True
2002H2-E,E,gbm-50k,20260913,2003H1,1,24276,72,auc,0.8413712035659855,0.7911407133266343,0.8916016938053367,False
2002H2-E,E,gbm-50k,20260913,2003H1,1,24276,72,gini,0.682742407131971,0.5822814266532685,0.7832033876106734,False
2002H2-E,E,gbm-50k,20260913,2003H1,1,24276,72,ks,0.5691896656200077,,,False
2002H2-E,E,gbm-50k,20260913,2003H1,1,24276,72,brier,0.0029901211964003505,,,False
2002H2-E,E,gbm-50k,20260913,2003H1,1,24276,72,brier_miscalibration,9.816706559845866e-05,,,False
2002H2-E,E,gbm-50k,20260913,2003H1,1,24276,72,brier_discrimination,6.514159167191362e-05,,,False
2002H2-E,E,gbm-50k,20260913,2003H1,1,24276,72,brier_uncertainty,0.0029570957224738055,,,False
2002H2-E,E,gbm-50k,20260913,2003H1,1,24276,72,observed_over_expected,0.4102197800787434,0.32106875211010744,0.5164051555588229,False
2002H2-E,E,gbm-50k,20260913,2003H1,1,24276,72,log_oe,-0.8910622139341655,-1.136099997757231,-0.6608636364056848,False
2002H2-E,E,gbm-50k,20260913,2003H1,1,24276,72,cox_intercept,-0.47839313054535193,-1.2178195746835523,0.2610333135928483,False
2002H2-E,E,gbm-50k,20260913,2003H1,1,24276,72,cox_slope,1.1066996815419634,0.9298501881946313,1.2835491748892955,False
2002H2-E,E,gbm-50k,20260913,2003H1,1,24276,72,psi,0.19675036546371763,,,False
2002H2-E,E,gbm-50k,20260913,2003H1,1,24276,72,psi_critical,0.0010353221128363722,,,False
2002H2-E,E,gbm-50k,20260913,2003H2,3,24205,139,auc,0.8292782378435322,0.7926441787791434,0.8659122969079209,True
2002H2-E,E,gbm-50k,20260913,2003H2,3,24205,139,gini,0.6585564756870643,0.5852883575582868,0.7318245938158419,True
2002H2-E,E,gbm-50k,20260913,2003H2,3,24205,139,ks,0.5341707187727753,,,True
2002H2-E,E,gbm-50k,20260913,2003H2,3,24205,139,brier,0.005614401602071661,,,True
2002H2-E,E,gbm-50k,20260913,2003H2,3,24205,139,brier_miscalibration,5.989651234392275e-05,,,True
2002H2-E,E,gbm-50k,20260913,2003H2,3,24205,139,brier_discrimination,0.00015513244352821035,,,True
2002H2-E,E,gbm-50k,20260913,2003H2,3,24205,139,brier_uncertainty,0.005709637533255949,,,True
2002H2-E,E,gbm-50k,20260913,2003H2,3,24205,139,observed_over_expected,0.6360494878133562,0.5349438196613695,0.7506184584262379,True
2002H2-E,E,gbm-50k,20260913,2003H2,3,24205,139,log_oe,-0.4524789076418462,-0.6255935475788129,-0.28685780102184966,True
2002H2-E,E,gbm-50k,20260913,2003H2,3,24205,139,cox_intercept,-0.14801889125766268,-0.6901483852362791,0.3941106027209538,True
2002H2-E,E,gbm-50k,20260913,2003H2,3,24205,139,cox_slope,1.0818795160640424,0.9473938181325254,1.2163652139955594,True
2002H2-E,E,gbm-50k,20260913,2003H2,3,24205,139,psi,0.06608025679050858,,,True
2002H2-E,E,gbm-50k,20260913,2003H2,3,24205,139,psi_critical,0.001037366439290114,,,True
2002H2-E,E,gbm-50k,20260913,2004H1,5,24219,181,auc,0.8160385099283409,0.7839150793717928,0.848161940484889,True
2002H2-E,E,gbm-50k,20260913,2004H1,5,24219,181,gini,0.6320770198566819,0.5678301587435857,0.696323880969778,True
2002H2-E,E,gbm-50k,20260913,2004H1,5,24219,181,ks,0.5218576572360798,,,True
2002H2-E,E,gbm-50k,20260913,2004H1,5,24219,181,brier,0.007334071093990316,,,True
2002H2-E,E,gbm-50k,20260913,2004H1,5,24219,181,brier_miscalibration,7.516441376164296e-05,,,True
2002H2-E,E,gbm-50k,20260913,2004H1,5,24219,181,brier_discrimination,0.0001587117889596812,,,True
2002H2-E,E,gbm-50k,20260913,2004H1,5,24219,181,brier_uncertainty,0.007417618469188354,,,True
2002H2-E,E,gbm-50k,20260913,2004H1,5,24219,181,observed_over_expected,0.7627741923134053,0.6560258729120079,0.881836815662409,True
2002H2-E,E,gbm-50k,20260913,2004H1,5,24219,181,log_oe,-0.2707932386632907,-0.4215550504011546,-0.12574825634873668,True
2002H2-E,E,gbm-50k,20260913,2004H1,5,24219,181,cox_intercept,-0.29996212230753405,-0.7903546272088484,0.19043038259378026,True
2002H2-E,E,gbm-50k,20260913,2004H1,5,24219,181,cox_slope,0.994920311675768,0.8750213867580195,1.1148192365935163,True
2002H2-E,E,gbm-50k,20260913,2004H1,5,24219,181,psi,0.03599804963889312,,,True
2002H2-E,E,gbm-50k,20260913,2004H1,5,24219,181,psi_critical,0.0010369623839442791,,,True
2002H2-E,E,gbm-50k,20260913,2004H2,7,24090,202,auc,0.8014641760559178,0.7736403471414576,0.829288004970378,True
2002H2-E,E,gbm-50k,20260913,2004H2,7,24090,202,gini,0.6029283521118356,0.5472806942829151,0.658576009940756,True
2002H2-E,E,gbm-50k,20260913,2004H2,7,24090,202,ks,0.49225842711531703,,,True
2002H2-E,E,gbm-50k,20260913,2004H2,7,24090,202,brier,0.008328120153264802,,,True
2002H2-E,E,gbm-50k,20260913,2004H2,7,24090,202,brier_miscalibration,0.00016657316742362156,,,True
2002H2-E,E,gbm-50k,20260913,2004H2,7,24090,202,brier_discrimination,0.0001533631486155193,,,True
2002H2-E,E,gbm-50k,20260913,2004H2,7,24090,202,brier_uncertainty,0.0083149101344567,,,True
2002H2-E,E,gbm-50k,20260913,2004H2,7,24090,202,observed_over_expected,0.7245303032061879,0.6283935123207546,0.8311152190091824,True
2002H2-E,E,gbm-50k,20260913,2004H2,7,24090,202,log_oe,-0.3222316917245483,-0.4645886967775256,-0.18498684270394125,True
2002H2-E,E,gbm-50k,20260913,2004H2,7,24090,202,cox_intercept,-0.7380117291941783,-1.2009410722334863,-0.2750823861548704,True
2002H2-E,E,gbm-50k,20260913,2004H2,7,24090,202,cox_slope,0.8941131248960535,0.7804546105285546,1.0077716392635525,True
2002H2-E,E,gbm-50k,20260913,2004H2,7,24090,202,psi,0.00398171304828002,,,True
2002H2-E,E,gbm-50k,20260913,2004H2,7,24090,202,psi_critical,0.0010407032384610452,,,True
2002H2-E,E,gbm-50k,20260913,2005H1,9,24233,248,auc,0.7720699092847007,0.7427272105245563,0.801412608044845,True
2002H2-E,E,gbm-50k,20260913,2005H1,9,24233,248,gini,0.5441398185694013,0.4854544210491125,0.6028252160896901,True
2002H2-E,E,gbm-50k,20260913,2005H1,9,24233,248,ks,0.44239107775693143,,,True
2002H2-E,E,gbm-50k,20260913,2005H1,9,24233,248,brier,0.01003258972745607,,,True
2002H2-E,E,gbm-50k,20260913,2005H1,9,24233,248,brier_miscalibration,8.355452992402437e-05,,,True
2002H2-E,E,gbm-50k,20260913,2005H1,9,24233,248,brier_discrimination,0.00018020894649208377,,,True
2002H2-E,E,gbm-50k,20260913,2005H1,9,24233,248,brier_uncertainty,0.01012924414402413,,,True
2002H2-E,E,gbm-50k,20260913,2005H1,9,24233,248,observed_over_expected,0.931779723473149,0.8199012324312326,1.0545374170960378,True
2002H2-E,E,gbm-50k,20260913,2005H1,9,24233,248,log_oe,-0.07065884043596023,-0.1985713942329062,0.053102203565628434,True
2002H2-E,E,gbm-50k,20260913,2005H1,9,24233,248,cox_intercept,-0.6900721964848613,-1.127413218581777,-0.2527311743879457,True
2002H2-E,E,gbm-50k,20260913,2005H1,9,24233,248,cox_slope,0.8431452410282835,0.7393963506248246,0.9468941314317424,True
2002H2-E,E,gbm-50k,20260913,2005H1,9,24233,248,psi,0.007710020006783237,,,True
2002H2-E,E,gbm-50k,20260913,2005H1,9,24233,248,psi_critical,0.001036558795463863,,,True
2002H2-E,E,gbm-50k,20260913,2005H2,11,24082,266,auc,0.8026292111703511,0.7780916018188511,0.8271668205218512,True
2002H2-E,E,gbm-50k,20260913,2005H2,11,24082,266,gini,0.6052584223407023,0.5561832036377021,0.6543336410437024,True
2002H2-E,E,gbm-50k,20260913,2005H2,11,24082,266,ks,0.48448001091071646,,,True
2002H2-E,E,gbm-50k,20260913,2005H2,11,24082,266,brier,0.010717614226490531,,,True
2002H2-E,E,gbm-50k,20260913,2005H2,11,24082,266,brier_miscalibration,7.45836285422595e-05,,,True
2002H2-E,E,gbm-50k,20260913,2005H2,11,24082,266,brier_discrimination,0.00028055847013356075,,,True
2002H2-E,E,gbm-50k,20260913,2005H2,11,24082,266,brier_uncertainty,0.010923589068081833,,,True
2002H2-E,E,gbm-50k,20260913,2005H2,11,24082,266,observed_over_expected,0.9765787330809297,0.8632745772191432,1.1004884560993182,True
2002H2-E,E,gbm-50k,20260913,2005H2,11,24082,266,log_oe,-0.023699904080599174,-0.14702247254778839,0.0957541322422365,True
2002H2-E,E,gbm-50k,20260913,2005H2,11,24082,266,cox_intercept,-0.18732108605196748,-0.6053054645184991,0.23066329241456415,True
2002H2-E,E,gbm-50k,20260913,2005H2,11,24082,266,cox_slope,0.9577184574627949,0.8545462212213938,1.060890693704196,True
2002H2-E,E,gbm-50k,20260913,2005H2,11,24082,266,psi,0.009375122741516364,,,True
2002H2-E,E,gbm-50k,20260913,2005H2,11,24082,266,psi_critical,0.0010409365492114375,,,True
2002H2-E,E,gbm-50k,20260913,2006H1,13,23280,405,auc,0.7844727787897187,0.7638432846787563,0.805102272900681,True
2002H2-E,E,gbm-50k,20260913,2006H1,13,23280,405,gini,0.5689455575794373,0.5276865693575126,0.6102045458013621,True
2002H2-E,E,gbm-50k,20260913,2006H1,13,23280,405,ks,0.4478494231936855,,,True
2002H2-E,E,gbm-50k,20260913,2006H1,13,23280,405,brier,0.01678204228968484,,,True
2002H2-E,E,gbm-50k,20260913,2006H1,13,23280,405,brier_miscalibration,0.00013723021099466826,,,True
2002H2-E,E,gbm-50k,20260913,2006H1,13,23280,405,brier_discrimination,0.000449442757105345,,,True
2002H2-E,E,gbm-50k,20260913,2006H1,13,23280,405,brier_uncertainty,0.017094254835795516,,,True
2002H2-E,E,gbm-50k,20260913,2006H1,13,23280,405,observed_over_expected,1.3618665438819662,1.2334428115036302,1.4998418127185134,True
2002H2-E,E,gbm-50k,20260913,2006H1,13,23280,405,log_oe,0.3088562175240631,0.20980929312661786,0.405359644359401,True
2002H2-E,E,gbm-50k,20260913,2006H1,13,23280,405,cox_intercept,-0.1864865956463888,-0.5260759262032741,0.15310273491049653,True
2002H2-E,E,gbm-50k,20260913,2006H1,13,23280,405,cox_slope,0.8655282861490462,0.7820571812095144,0.948999391088578,True
2002H2-E,E,gbm-50k,20260913,2006H1,13,23280,405,psi,0.021304553064828445,,,True
2002H2-E,E,gbm-50k,20260913,2006H1,13,23280,405,psi_critical,0.0010651397584764489,,,True
2002H2-E,E,gbm-50k,20260913,2006H2,15,23898,525,auc,0.7790879586335882,0.7605112606113291,0.7976646566558472,True
2002H2-E,E,gbm-50k,20260913,2006H2,15,23898,525,gini,0.5581759172671763,0.5210225212226582,0.5953293133116944,True
2002H2-E,E,gbm-50k,20260913,2006H2,15,23898,525,ks,0.42789030077439777,,,True
2002H2-E,E,gbm-50k,20260913,2006H2,15,23898,525,brier,0.02107459659137976,,,True
2002H2-E,E,gbm-50k,20260913,2006H2,15,23898,525,brier_miscalibration,0.00023814505742161124,,,True
2002H2-E,E,gbm-50k,20260913,2006H2,15,23898,525,brier_discrimination,0.0006493049345479424,,,True
2002H2-E,E,gbm-50k,20260913,2006H2,15,23898,525,brier_uncertainty,0.02148575646850609,,,True
2002H2-E,E,gbm-50k,20260913,2006H2,15,23898,525,observed_over_expected,1.6832538965877375,1.543723743674601,1.831787219451757,True
2002H2-E,E,gbm-50k,20260913,2006H2,15,23898,525,log_oe,0.5207287633597703,0.43419751310350263,0.6052921129189325,True
2002H2-E,E,gbm-50k,20260913,2006H2,15,23898,525,cox_intercept,0.03497040069175972,-0.2681488779054986,0.338089679289018,True
2002H2-E,E,gbm-50k,20260913,2006H2,15,23898,525,cox_slope,0.8645340460641637,0.7900244247147644,0.939043667413563,True
2002H2-E,E,gbm-50k,20260913,2006H2,15,23898,525,psi,0.03346601704623531,,,True
2002H2-E,E,gbm-50k,20260913,2006H2,15,23898,525,psi_critical,0.001046345808876259,,,True
2002H2-E,E,gbm-50k,20260913,2007H1,17,23169,808,auc,0.7731216080330808,0.7581194304705444,0.7881237855956172,True
2002H2-E,E,gbm-50k,20260913,2007H1,17,23169,808,gini,0.5462432160661617,0.5162388609410888,0.5762475711912345,True
2002H2-E,E,gbm-50k,20260913,2007H1,17,23169,808,ks,0.40156089700021386,,,True
2002H2-E,E,gbm-50k,20260913,2007H1,17,23169,808,brier,0.033043114212143995,,,True
2002H2-E,E,gbm-50k,20260913,2007H1,17,23169,808,brier_miscalibration,0.000907108435465584,,,True
2002H2-E,E,gbm-50k,20260913,2007H1,17,23169,808,brier_discrimination,0.001521970754473051,,,True
2002H2-E,E,gbm-50k,20260913,2007H1,17,23169,808,brier_uncertainty,0.03365797653115146,,,True
2002H2-E,E,gbm-50k,20260913,2007H1,17,23169,808,observed_over_expected,2.4784459879034912,2.3131841974784755,2.6520656021942832,True
2002H2-E,E,gbm-50k,20260913,2007H1,17,23169,808,log_oe,0.9076317459890665,0.8386250158236701,0.975338808893337,True
2002H2-E,E,gbm-50k,20260913,2007H1,17,23169,808,cox_intercept,0.3442972805136139,0.10072661379888873,0.5878679472283391,True
2002H2-E,E,gbm-50k,20260913,2007H1,17,23169,808,cox_slope,0.8320555486523696,0.7723738515290883,0.8917372457756509,True
2002H2-E,E,gbm-50k,20260913,2007H1,17,23169,808,psi,0.04493892798980279,,,True
2002H2-E,E,gbm-50k,20260913,2007H1,17,23169,808,psi_critical,0.0010686215825909393,,,True
2002H2-E,E,gbm-50k,20260913,2007H2,19,24367,1560,auc,0.7638516149450293,0.7528160547529105,0.7748871751371481,True
2002H2-E,E,gbm-50k,20260913,2007H2,19,24367,1560,gini,0.5277032298900586,0.5056321095058209,0.5497743502742962,True
2002H2-E,E,gbm-50k,20260913,2007H2,19,24367,1560,ks,0.40177461822899624,,,True
2002H2-E,E,gbm-50k,20260913,2007H2,19,24367,1560,brier,0.06047955489397566,,,True
2002H2-E,E,gbm-50k,20260913,2007H2,19,24367,1560,brier_miscalibration,0.0042260117196970745,,,True
2002H2-E,E,gbm-50k,20260913,2007H2,19,24367,1560,brier_discrimination,0.00366877886954476,,,True
2002H2-E,E,gbm-50k,20260913,2007H2,19,24367,1560,brier_uncertainty,0.05992232204382335,,,True
2002H2-E,E,gbm-50k,20260913,2007H2,19,24367,1560,observed_over_expected,4.281617137523178,4.078177175395546,4.492044485009453,True
2002H2-E,E,gbm-50k,20260913,2007H2,19,24367,1560,log_oe,1.4543307741016094,1.4056501178479035,1.5023079399904407,True
2002H2-E,E,gbm-50k,20260913,2007H2,19,24367,1560,cox_intercept,0.8164444523288295,0.628684473855369,1.00420443080229,True
2002H2-E,E,gbm-50k,20260913,2007H2,19,24367,1560,cox_slope,0.7935354503928541,0.7482640287675631,0.8388068720181451,True
2002H2-E,E,gbm-50k,20260913,2007H2,19,24367,1560,psi,0.04210082926725431,,,True
2002H2-E,E,gbm-50k,20260913,2007H2,19,24367,1560,psi_critical,0.0010327193396994369,,,True
2002H2-E,E,gbm-50k,20260913,2008H1,21,24660,1109,auc,0.7756057408400832,0.7626730695743731,0.7885384121057932,True
2002H2-E,E,gbm-50k,20260913,2008H1,21,24660,1109,gini,0.5512114816801663,0.5253461391487462,0.5770768242115865,True
2002H2-E,E,gbm-50k,20260913,2008H1,21,24660,1109,ks,0.425663943863516,,,True
2002H2-E,E,gbm-50k,20260913,2008H1,21,24660,1109,brier,0.04304884269880835,,,True
2002H2-E,E,gbm-50k,20260913,2008H1,21,24660,1109,brier_miscalibration,0.0025147704213543676,,,True
2002H2-E,E,gbm-50k,20260913,2008H1,21,24660,1109,brier_discrimination,0.002415095611019852,,,True
2002H2-E,E,gbm-50k,20260913,2008H1,21,24660,1109,brier_uncertainty,0.04294916788847383,,,True
2002H2-E,E,gbm-50k,20260913,2008H1,21,24660,1109,observed_over_expected,4.456300784431826,4.203308862313349,4.719985862704229,True
2002H2-E,E,gbm-50k,20260913,2008H1,21,24660,1109,log_oe,1.4943190013414682,1.4358720394789286,1.5518058044031964,True
2002H2-E,E,gbm-50k,20260913,2008H1,21,24660,1109,cox_intercept,1.1899096950727734,0.9450495099986879,1.4347698801468591,True
2002H2-E,E,gbm-50k,20260913,2008H1,21,24660,1109,cox_slope,0.9005121305222645,0.8450509044143458,0.9559733566301832,True
2002H2-E,E,gbm-50k,20260913,2008H1,21,24660,1109,psi,0.021388959072079834,,,True
2002H2-E,E,gbm-50k,20260913,2008H1,21,24660,1109,psi_critical,0.0010244694792870743,,,True
2002H2-E,E,gbm-50k,20260913,2008H2,23,24746,863,auc,0.7758612148864572,0.7611552338724205,0.790567195900494,True
2002H2-E,E,gbm-50k,20260913,2008H2,23,24746,863,gini,0.5517224297729144,0.5223104677448409,0.5811343918009879,True
2002H2-E,E,gbm-50k,20260913,2008H2,23,24746,863,ks,0.4073260485927218,,,True
2002H2-E,E,gbm-50k,20260913,2008H2,23,24746,863,brier,0.033574451564142696,,,True
2002H2-E,E,gbm-50k,20260913,2008H2,23,24746,863,brier_miscalibration,0.0016347471392459609,,,True
2002H2-E,E,gbm-50k,20260913,2008H2,23,24746,863,brier_discrimination,0.0017184002847497673,,,True
2002H2-E,E,gbm-50k,20260913,2008H2,23,24746,863,brier_uncertainty,0.0336581047096465,,,True
2002H2-E,E,gbm-50k,20260913,2008H2,23,24746,863,observed_over_expected,4.127911040652986,3.8614405194187484,4.407409612298239,True
2002H2-E,E,gbm-50k,20260913,2008H2,23,24746,863,log_oe,1.4177714777176398,1.351040305417351,1.4832871273764237,True
2002H2-E,E,gbm-50k,20260913,2008H2,23,24746,863,cox_intercept,1.5092931977205821,1.2058230688547984,1.8127633265863659,True
2002H2-E,E,gbm-50k,20260913,2008H2,23,24746,863,cox_slope,1.0031295093922898,0.9357637893193302,1.0704952294652494,True
2002H2-E,E,gbm-50k,20260913,2008H2,23,24746,863,psi,0.07035792039447897,,,True
2002H2-E,E,gbm-50k,20260913,2008H2,23,24746,863,psi_critical,0.0010220851046916352,,,True
2002H2-E,E,gbm-50k,20260913,2009H1,25,24844,119,auc,0.7675514695261322,0.726818491264016,0.8082844477882484,True
2002H2-E,E,gbm-50k,20260913,2009H1,25,24844,119,gini,0.5351029390522644,0.453636982528032,0.6165688955764967,True
2002H2-E,E,gbm-50k,20260913,2009H1,25,24844,119,ks,0.45055203881350314,,,True
2002H2-E,E,gbm-50k,20260913,2009H1,25,24844,119,brier,0.004740718364916137,,,True
2002H2-E,E,gbm-50k,20260913,2009H1,25,24844,119,brier_miscalibration,3.164040498352706e-05,,,True
2002H2-E,E,gbm-50k,20260913,2009H1,25,24844,119,brier_discrimination,5.786791110640871e-05,,,True
2002H2-E,E,gbm-50k,20260913,2009H1,25,24844,119,brier_uncertainty,0.0047669458710390186,,,True
2002H2-E,E,gbm-50k,20260913,2009H1,25,24844,119,observed_over_expected,0.8870174310485923,0.7351079957904499,1.060948273481033,True
2002H2-E,E,gbm-50k,20260913,2009H1,25,24844,119,log_oe,-0.11989064517614292,-0.3077378575146722,0.059163105833627945,True
2002H2-E,E,gbm-50k,20260913,2009H1,25,24844,119,cox_intercept,0.08581574847816614,-0.7418090914186082,0.9134405883749406,True
2002H2-E,E,gbm-50k,20260913,2009H1,25,24844,119,cox_slope,1.0436171772834182,0.8732058801737275,1.214028474393109,True
2002H2-E,E,gbm-50k,20260913,2009H1,25,24844,119,psi,0.35630687007070705,,,True
2002H2-E,E,gbm-50k,20260913,2009H1,25,24844,119,psi_critical,0.001019388149927719,,,True
2002H2-E,E,gbm-50k,20260913,2009H2,27,24709,196,auc,0.8248540757632142,0.7975679566548943,0.8521401948715341,True
2002H2-E,E,gbm-50k,20260913,2009H2,27,24709,196,gini,0.6497081515264285,0.5951359133097887,0.7042803897430683,True
2002H2-E,E,gbm-50k,20260913,2009H2,27,24709,196,ks,0.5186285994020665,,,True
2002H2-E,E,gbm-50k,20260913,2009H2,27,24709,196,brier,0.007726529356252155,,,True
2002H2-E,E,gbm-50k,20260913,2009H2,27,24709,196,brier_miscalibration,6.185359934376532e-05,,,True
2002H2-E,E,gbm-50k,20260913,2009H2,27,24709,196,brier_discrimination,0.00020473469514093422,,,True
2002H2-E,E,gbm-50k,20260913,2009H2,27,24709,196,brier_uncertainty,0.007869410452049324,,,True
2002H2-E,E,gbm-50k,20260913,2009H2,27,24709,196,observed_over_expected,1.1905533443208585,1.030236792062537,1.3685862744807213,True
2002H2-E,E,gbm-50k,20260913,2009H2,27,24709,196,log_oe,0.1744181942742715,0.029788671026037522,0.31377829061027396,True
2002H2-E,E,gbm-50k,20260913,2009H2,27,24709,196,cox_intercept,0.7479187046218737,0.2079211619512672,1.2879162472924803,True
2002H2-E,E,gbm-50k,20260913,2009H2,27,24709,196,cox_slope,1.1287849365366227,1.0088771600362358,1.2486927130370096,True
2002H2-E,E,gbm-50k,20260913,2009H2,27,24709,196,psi,0.19508571438933298,,,True
2002H2-E,E,gbm-50k,20260913,2009H2,27,24709,196,psi_critical,0.0010231089059562013,,,True
2002H2-E,E,gbm-50k,20260913,2010H1,29,24843,191,auc,0.8145932745067891,0.7840953690335273,0.8450911799800509,True
2002H2-E,E,gbm-50k,20260913,2010H1,29,24843,191,gini,0.6291865490135782,0.5681907380670546,0.6901823599601018,True
2002H2-E,E,gbm-50k,20260913,2010H1,29,24843,191,ks,0.4835199166109522,,,True
2002H2-E,E,gbm-50k,20260913,2010H1,29,24843,191,brier,0.007446736632143464,,,True
2002H2-E,E,gbm-50k,20260913,2010H1,29,24843,191,brier_miscalibration,5.481774566687067e-05,,,True
2002H2-E,E,gbm-50k,20260913,2010H1,29,24843,191,brier_discrimination,0.000237253840609933,,,True
2002H2-E,E,gbm-50k,20260913,2010H1,29,24843,191,brier_uncertainty,0.0076291727270865264,,,True
2002H2-E,E,gbm-50k,20260913,2010H1,29,24843,191,observed_over_expected,1.0859937668364392,0.9379094675348162,1.2506747458705159,True
2002H2-E,E,gbm-50k,20260913,2010H1,29,24843,191,log_oe,0.0824954819339825,-0.06410185112133106,0.22368320237279324,True
2002H2-E,E,gbm-50k,20260913,2010H1,29,24843,191,cox_intercept,0.4342502047482666,-0.07007190224290738,0.9385723117394406,True
2002H2-E,E,gbm-50k,20260913,2010H1,29,24843,191,cox_slope,1.081199918709303,0.9674144125306738,1.1949854248879324,True
2002H2-E,E,gbm-50k,20260913,2010H1,29,24843,191,psi,0.16466521529146297,,,True
2002H2-E,E,gbm-50k,20260913,2010H1,29,24843,191,psi_critical,0.0010194155624220973,,,True
2002H2-E,E,gbm-50k,20260913,2010H2,31,24683,152,auc,0.8238594184801615,0.7902772990884974,0.8574415378718256,True
2002H2-E,E,gbm-50k,20260913,2010H2,31,24683,152,gini,0.6477188369603231,0.5805545981769948,0.7148830757436513,True
2002H2-E,E,gbm-50k,20260913,2010H2,31,24683,152,ks,0.5418412577855303,,,True
2002H2-E,E,gbm-50k,20260913,2010H2,31,24683,152,brier,0.006026288900854786,,,True
2002H2-E,E,gbm-50k,20260913,2010H2,31,24683,152,brier_miscalibration,5.3136961616407664e-05,,,True
2002H2-E,E,gbm-50k,20260913,2010H2,31,24683,152,brier_discrimination,0.00014701056751670414,,,True
2002H2-E,E,gbm-50k,20260913,2010H2,31,24683,152,brier_uncertainty,0.0061201625067550825,,,True
2002H2-E,E,gbm-50k,20260913,2010H2,31,24683,152,observed_over_expected,0.9753479210031836,0.8268294633965313,1.1427076911395713,True
2002H2-E,E,gbm-50k,20260913,2010H2,31,24683,152,log_oe,-0.02496102958272631,-0.1901568163516248,0.13340061382047247,True
2002H2-E,E,gbm-50k,20260913,2010H2,31,24683,152,cox_intercept,0.31384967079415943,-0.25928165979275236,0.8869810013810713,True
2002H2-E,E,gbm-50k,20260913,2010H2,31,24683,152,cox_slope,1.0769934547965503,0.9508475338407134,1.2031393757523872,True
2002H2-E,E,gbm-50k,20260913,2010H2,31,24683,152,psi,0.24690866378566612,,,True
2002H2-E,E,gbm-50k,20260913,2010H2,31,24683,152,psi_critical,0.0010238301701137374,,,True
2002H2-E,E,gbm-50k,20260913,2011H1,33,24614,195,auc,0.831649482695799,0.8056268873128893,0.8576720780787086,True
2002H2-E,E,gbm-50k,20260913,2011H1,33,24614,195,gini,0.6632989653915979,0.6112537746257787,0.7153441561574172,True
2002H2-E,E,gbm-50k,20260913,2011H1,33,24614,195,ks,0.5437651009459847,,,True
2002H2-E,E,gbm-50k,20260913,2011H1,33,24614,195,brier,0.0077638489755334295,,,True
2002H2-E,E,gbm-50k,20260913,2011H1,33,24614,195,brier_miscalibration,8.824955244841372e-05,,,True
2002H2-E,E,gbm-50k,20260913,2011H1,33,24614,195,brier_discrimination,0.0001839580432774447,,,True
2002H2-E,E,gbm-50k,20260913,2011H1,33,24614,195,brier_uncertainty,0.00785955746636246,,,True
2002H2-E,E,gbm-50k,20260913,2011H1,33,24614,195,observed_over_expected,1.038437778334054,0.8982589345431922,1.194149877468658,True
2002H2-E,E,gbm-50k,20260913,2011H1,33,24614,195,log_oe,0.037717447598330144,-0.10729690642713043,0.17743453261088082,True
2002H2-E,E,gbm-50k,20260913,2011H1,33,24614,195,cox_intercept,0.07714466940764082,-0.4085200047791764,0.562809343594458,True
2002H2-E,E,gbm-50k,20260913,2011H1,33,24614,195,cox_slope,1.0090076601356708,0.8988431624427344,1.1191721578286071,True
2002H2-E,E,gbm-50k,20260913,2011H1,33,24614,195,psi,0.1294000457163166,,,True
2002H2-E,E,gbm-50k,20260913,2011H1,33,24614,195,psi_critical,0.0010257516819624198,,,True
2002H2-E,E,gbm-50k,20260913,2011H2,35,24646,119,auc,0.8723824507582624,0.8444670347374061,0.9002978667791186,True
2002H2-E,E,gbm-50k,20260913,2011H2,35,24646,119,gini,0.7447649015165247,0.6889340694748123,0.8005957335582372,True
2002H2-E,E,gbm-50k,20260913,2011H2,35,24646,119,ks,0.6052482720980104,,,True
2002H2-E,E,gbm-50k,20260913,2011H2,35,24646,119,brier,0.0047269143885802,,,True
2002H2-E,E,gbm-50k,20260913,2011H2,35,24646,119,brier_miscalibration,4.687275183946557e-05,,,True
2002H2-E,E,gbm-50k,20260913,2011H2,35,24646,119,brier_discrimination,0.00012501492431968818,,,True
2002H2-E,E,gbm-50k,20260913,2011H2,35,24646,119,brier_uncertainty,0.004805056561060422,,,True
2002H2-E,E,gbm-50k,20260913,2011H2,35,24646,119,observed_over_expected,0.75699251027542,0.6273529462383004,0.9054239785328781,True
2002H2-E,E,gbm-50k,20260913,2011H2,35,24646,119,log_oe,-0.2784019195494858,-0.46624598406435025,-0.09935196042012742,True
2002H2-E,E,gbm-50k,20260913,2011H2,35,24646,119,cox_intercept,0.5652700680703256,-0.04637699580414134,1.1769171319447926,True
2002H2-E,E,gbm-50k,20260913,2011H2,35,24646,119,cox_slope,1.198848038264084,1.0579177549799905,1.3397783215481776,True
2002H2-E,E,gbm-50k,20260913,2011H2,35,24646,119,psi,0.23750274538868593,,,True
2002H2-E,E,gbm-50k,20260913,2011H2,35,24646,119,psi_critical,0.0010248592082078211,,,True
2002H2-E,E,gbm-50k,20260913,2012H1,37,24306,148,auc,0.8431895706866731,0.8169596997725469,0.8694194416007993,True
2002H2-E,E,gbm-50k,20260913,2012H1,37,24306,148,gini,0.6863791413733462,0.6339193995450938,0.7388388832015986,True
2002H2-E,E,gbm-50k,20260913,2012H1,37,24306,148,ks,0.5602262582145022,,,True
2002H2-E,E,gbm-50k,20260913,2012H1,37,24306,148,brier,0.0060156572475949825,,,True
2002H2-E,E,gbm-50k,20260913,2012H1,37,24306,148,brier_miscalibration,0.00012717046617319403,,,True
2002H2-E,E,gbm-50k,20260913,2012H1,37,24306,148,brier_discrimination,0.00016346842864164643,,,True
2002H2-E,E,gbm-50k,20260913,2012H1,37,24306,148,brier_uncertainty,0.006051955210063435,,,True
2002H2-E,E,gbm-50k,20260913,2012H1,37,24306,148,observed_over_expected,0.6603352002026305,0.5584885089897614,0.7752890964796892,True
2002H2-E,E,gbm-50k,20260913,2012H1,37,24306,148,log_oe,-0.41500769379370767,-0.5825212354566822,-0.254519291470603,True
2002H2-E,E,gbm-50k,20260913,2012H1,37,24306,148,cox_intercept,-0.4560504578616274,-0.9428594698151573,0.03075855409190259,True
2002H2-E,E,gbm-50k,20260913,2012H1,37,24306,148,cox_slope,0.9938996562637005,0.8761861468707788,1.1116131656566222,True
2002H2-E,E,gbm-50k,20260913,2012H1,37,24306,148,psi,0.06794203348235059,,,True
2002H2-E,E,gbm-50k,20260913,2012H1,37,24306,148,psi_critical,0.0010344619023195318,,,True
2002H2-E,E,gbm-50k,20260913,2012H2,39,24538,131,auc,0.846174777164729,0.8162754351322192,0.8760741191972388,True
2002H2-E,E,gbm-50k,20260913,2012H2,39,24538,131,gini,0.692349554329458,0.6325508702644385,0.7521482383944775,True
2002H2-E,E,gbm-50k,20260913,2012H2,39,24538,131,ks,0.5839790048969182,,,True
2002H2-E,E,gbm-50k,20260913,2012H2,39,24538,131,brier,0.0053809246367041595,,,True
2002H2-E,E,gbm-50k,20260913,2012H2,39,24538,131,brier_miscalibration,0.00016733656736899784,,,True
2002H2-E,E,gbm-50k,20260913,2012H2,39,24538,131,brier_discrimination,9.656906444243957e-05,,,True
2002H2-E,E,gbm-50k,20260913,2012H2,39,24538,131,brier_uncertainty,0.005310157133777601,,,True
2002H2-E,E,gbm-50k,20260913,2012H2,39,24538,131,observed_over_expected,0.5964335332048628,0.4988851590700875,0.7073994989493186,True
2002H2-E,E,gbm-50k,20260913,2012H2,39,24538,131,log_oe,-0.5167874716412206,-0.6953793518614987,-0.34615971050996347,True
2002H2-E,E,gbm-50k,20260913,2012H2,39,24538,131,cox_intercept,-0.5519594730604174,-1.0716476736167022,-0.03227127250413253,True
2002H2-E,E,gbm-50k,20260913,2012H2,39,24538,131,cox_slope,0.9961606954352225,0.8713794851528597,1.1209419057175851,True
2002H2-E,E,gbm-50k,20260913,2012H2,39,24538,131,psi,0.07509938134504884,,,True
2002H2-E,E,gbm-50k,20260913,2012H2,39,24538,131,psi_critical,0.0010278806363136351,,,True
2002H2-E,E,gbm-50k,20260913,2013H1,41,24341,85,auc,0.8327365939779607,0.7916583434639387,0.8738148444919828,False
2002H2-E,E,gbm-50k,20260913,2013H1,41,24341,85,gini,0.6654731879559215,0.5833166869278774,0.7476296889839655,False
2002H2-E,E,gbm-50k,20260913,2013H1,41,24341,85,ks,0.5490105540897097,,,False
2002H2-E,E,gbm-50k,20260913,2013H1,41,24341,85,brier,0.0036141464426274416,,,False
2002H2-E,E,gbm-50k,20260913,2013H1,41,24341,85,brier_miscalibration,0.00019364567099376326,,,False
2002H2-E,E,gbm-50k,20260913,2013H1,41,24341,85,brier_discrimination,5.935526188023026e-05,,,False
2002H2-E,E,gbm-50k,20260913,2013H1,41,24341,85,brier_uncertainty,0.0034798560335139086,,,False
2002H2-E,E,gbm-50k,20260913,2013H1,41,24341,85,observed_over_expected,0.36936825525016376,0.2951359574306329,0.45654084825748714,False
2002H2-E,E,gbm-50k,20260913,2013H1,41,24341,85,log_oe,-0.9959611508865222,-1.2203191561652829,-0.7840771015538683,False
2002H2-E,E,gbm-50k,20260913,2013H1,41,24341,85,cox_intercept,-1.0058103251155242,-1.6342553189187494,-0.3773653313122989,False
2002H2-E,E,gbm-50k,20260913,2013H1,41,24341,85,cox_slope,1.0058845971336279,0.8513824873168572,1.1603867069503986,False
2002H2-E,E,gbm-50k,20260913,2013H1,41,24341,85,psi,0.04948512181855995,,,False
2002H2-E,E,gbm-50k,20260913,2013H1,41,24341,85,psi_critical,0.0010334610033319,,,False
2002H2-E,E,gbm-50k,20260913,2013H2,43,23974,142,auc,0.8126242559418275,0.7765940576661975,0.8486544542174576,True
2002H2-E,E,gbm-50k,20260913,2013H2,43,23974,142,gini,0.625248511883655,0.553188115332395,0.6973089084349151,True
2002H2-E,E,gbm-50k,20260913,2013H2,43,23974,142,ks,0.5121442822764043,,,True
2002H2-E,E,gbm-50k,20260913,2013H2,43,23974,142,brier,0.005999226015259687,,,True
2002H2-E,E,gbm-50k,20260913,2013H2,43,23974,142,brier_miscalibration,0.0002083246275863468,,,True
2002H2-E,E,gbm-50k,20260913,2013H2,43,23974,142,brier_discrimination,9.709903635600394e-05,,,True
2002H2-E,E,gbm-50k,20260913,2013H2,43,23974,142,brier_uncertainty,0.005888000424029344,,,True
2002H2-E,E,gbm-50k,20260913,2013H2,43,23974,142,observed_over_expected,0.5643817688719696,0.4755865579614317,0.66486326927717,True
2002H2-E,E,gbm-50k,20260913,2013H2,43,23974,142,log_oe,-0.5720243613112134,-0.7432063778924453,-0.4081738695764582,True
2002H2-E,E,gbm-50k,20260913,2013H2,43,23974,142,cox_intercept,-0.8515301224324001,-1.3634276849461324,-0.3396325599186677,True
2002H2-E,E,gbm-50k,20260913,2013H2,43,23974,142,cox_slope,0.9331281250693532,0.8087891229784601,1.0574671271602463,True
2002H2-E,E,gbm-50k,20260913,2013H2,43,23974,142,psi,0.03326559478914186,,,True
2002H2-E,E,gbm-50k,20260913,2013H2,43,23974,142,psi_critical,0.0010441014843782371,,,True
2002H2-E,E,gbm-50k,20260913,2014H1,45,24341,137,auc,0.7948989248323557,0.7614890574080362,0.8283087922566752,True
2002H2-E,E,gbm-50k,20260913,2014H1,45,24341,137,gini,0.5897978496647114,0.5229781148160724,0.6566175845133504,True
2002H2-E,E,gbm-50k,20260913,2014H1,45,24341,137,ks,0.4561853804703813,,,True
2002H2-E,E,gbm-50k,20260913,2014H1,45,24341,137,brier,0.005688191975612716,,,True
2002H2-E,E,gbm-50k,20260913,2014H1,45,24341,137,brier_miscalibration,0.00015174491102052778,,,True
2002H2-E,E,gbm-50k,20260913,2014H1,45,24341,137,brier_discrimination,6.0238124090479864e-05,,,True
2002H2-E,E,gbm-50k,20260913,2014H1,45,24341,137,brier_uncertainty,0.005596685188682668,,,True
2002H2-E,E,gbm-50k,20260913,2014H1,45,24341,137,observed_over_expected,0.5946008155243611,0.49942210101857015,0.702554688788838,True
2002H2-E,E,gbm-50k,20260913,2014H1,45,24341,137,log_oe,-0.5198649968678508,-0.6943036469723819,-0.3530320319945638,True
2002H2-E,E,gbm-50k,20260913,2014H1,45,24341,137,cox_intercept,-0.8960157601536595,-1.4793061328621682,-0.31272538744515077,True
2002H2-E,E,gbm-50k,20260913,2014H1,45,24341,137,cox_slope,0.911469814350173,0.7760269497943224,1.0469126789060237,True
2002H2-E,E,gbm-50k,20260913,2014H1,45,24341,137,psi,0.06313212976414581,,,True
2002H2-E,E,gbm-50k,20260913,2014H1,45,24341,137,psi_critical,0.0010334610033319,,,True
2002H2-E,E,gbm-50k,20260913,2014H2,47,24213,99,auc,0.7536311108095132,0.7081085936596124,0.7991536279594139,False
2002H2-E,E,gbm-50k,20260913,2014H2,47,24213,99,gini,0.5072622216190263,0.41621718731922486,0.5983072559188278,False
2002H2-E,E,gbm-50k,20260913,2014H2,47,24213,99,ks,0.40509976601044023,,,False
2002H2-E,E,gbm-50k,20260913,2014H2,47,24213,99,brier,0.004147943697226129,,,False
2002H2-E,E,gbm-50k,20260913,2014H2,47,24213,99,brier_miscalibration,0.00011755687034668404,,,False
2002H2-E,E,gbm-50k,20260913,2014H2,47,24213,99,brier_discrimination,4.160827679106603e-05,,,False
2002H2-E,E,gbm-50k,20260913,2014H2,47,24213,99,brier_uncertainty,0.004071995103670511,,,False
2002H2-E,E,gbm-50k,20260913,2014H2,47,24213,99,observed_over_expected,0.47591817177034773,0.3869430695134243,0.5791555262063043,False
2002H2-E,E,gbm-50k,20260913,2014H2,47,24213,99,log_oe,-0.7425093475740867,-0.9494777039741348,-0.5461842257235452,False
2002H2-E,E,gbm-50k,20260913,2014H2,47,24213,99,cox_intercept,-1.269266868792146,-2.019595296260512,-0.5189384413237803,False
2002H2-E,E,gbm-50k,20260913,2014H2,47,24213,99,cox_slope,0.8797021845477451,0.7116710665013222,1.047733302594168,False
2002H2-E,E,gbm-50k,20260913,2014H2,47,24213,99,psi,0.09026244709592998,,,False
2002H2-E,E,gbm-50k,20260913,2014H2,47,24213,99,psi_critical,0.0010371354933066512,,,False
2002H2-E,E,gbm-50k,20260913,2015H1,49,24159,83,auc,0.7835023429821631,0.7355932029454906,0.8314114830188357,False
2002H2-E,E,gbm-50k,20260913,2015H1,49,24159,83,gini,0.5670046859643263,0.47118640589098115,0.6628229660376714,False
2002H2-E,E,gbm-50k,20260913,2015H1,49,24159,83,ks,0.4466028259907882,,,False
2002H2-E,E,gbm-50k,20260913,2015H1,49,24159,83,brier,0.00345876504286089,,,False
2002H2-E,E,gbm-50k,20260913,2015H1,49,24159,83,brier_miscalibration,7.313156989195106e-05,,,False
2002H2-E,E,gbm-50k,20260913,2015H1,49,24159,83,brier_discrimination,3.813603192994678e-05,,,False
2002H2-E,E,gbm-50k,20260913,2015H1,49,24159,83,brier_uncertainty,0.003423769504898886,,,False
2002H2-E,E,gbm-50k,20260913,2015H1,49,24159,83,observed_over_expected,0.44974890361214986,0.35834043471930166,0.557301787396854,False
2002H2-E,E,gbm-50k,20260913,2015H1,49,24159,83,log_oe,-0.7990658439262284,-1.026271809463547,-0.5846483771681973,False
2002H2-E,E,gbm-50k,20260913,2015H1,49,24159,83,cox_intercept,-0.5117035848901396,-1.3617954663582834,0.3383882965780044,False
2002H2-E,E,gbm-50k,20260913,2015H1,49,24159,83,cox_slope,1.0700032386156042,0.8772460243189206,1.2627604529122878,False
2002H2-E,E,gbm-50k,20260913,2015H1,49,24159,83,psi,0.11602937074145776,,,False
2002H2-E,E,gbm-50k,20260913,2015H1,49,24159,83,psi_critical,0.0010386973468943647,,,False
2002H2-E,E,gbm-50k,20260913,2015H2,51,24159,130,auc,0.7635197213623282,0.7264383921848789,0.8006010505397774,True
2002H2-E,E,gbm-50k,20260913,2015H2,51,24159,130,gini,0.5270394427246563,0.45287678436975787,0.6012021010795547,True
2002H2-E,E,gbm-50k,20260913,2015H2,51,24159,130,ks,0.4372649074675793,,,True
2002H2-E,E,gbm-50k,20260913,2015H2,51,24159,130,brier,0.005385915963624651,,,True
2002H2-E,E,gbm-50k,20260913,2015H2,51,24159,130,brier_miscalibration,6.973805088510837e-05,,,True
2002H2-E,E,gbm-50k,20260913,2015H2,51,24159,130,brier_discrimination,3.5884164937168006e-05,,,True
2002H2-E,E,gbm-50k,20260913,2015H2,51,24159,130,brier_uncertainty,0.005352062077676711,,,True
2002H2-E,E,gbm-50k,20260913,2015H2,51,24159,130,observed_over_expected,0.6572798627105051,0.5493876737781321,0.7800725278241013,True
2002H2-E,E,gbm-50k,20260913,2015H2,51,24159,130,log_oe,-0.4196453805572254,-0.5989509413605416,-0.2483683792314066,True
2002H2-E,E,gbm-50k,20260913,2015H2,51,24159,130,cox_intercept,-0.8224564863111371,-1.5692873462090242,-0.07562562641324988,True
2002H2-E,E,gbm-50k,20260913,2015H2,51,24159,130,cox_slope,0.9094043414487458,0.7442855327781531,1.0745231501193384,True
2002H2-E,E,gbm-50k,20260913,2015H2,51,24159,130,psi,0.09940706073594416,,,True
2002H2-E,E,gbm-50k,20260913,2015H2,51,24159,130,psi_critical,0.0010386973468943647,,,True
2002H2-E,E,gbm-50k,20260913,2016H1,53,24632,115,auc,0.7693330803293543,0.7218531723880923,0.8168129882706163,True
2002H2-E,E,gbm-50k,20260913,2016H1,53,24632,115,gini,0.5386661606587086,0.44370634477618465,0.6336259765412326,True
2002H2-E,E,gbm-50k,20260913,2016H1,53,24632,115,ks,0.43971689564117894,,,True
2002H2-E,E,gbm-50k,20260913,2016H1,53,24632,115,brier,0.00465607444340621,,,True
2002H2-E,E,gbm-50k,20260913,2016H1,53,24632,115,brier_miscalibration,6.22907728394604e-05,,,True
2002H2-E,E,gbm-50k,20260913,2016H1,53,24632,115,brier_discrimination,5.314296083428795e-05,,,True
2002H2-E,E,gbm-50k,20260913,2016H1,53,24632,115,brier_uncertainty,0.004646926631401037,,,True
2002H2-E,E,gbm-50k,20260913,2016H1,53,24632,115,observed_over_expected,0.587028629755168,0.48484007966175974,0.7043091451989619,True
2002H2-E,E,gbm-50k,20260913,2016H1,53,24632,115,log_oe,-0.5326816873363045,-0.7239361750745845,-0.35053789250893774,True
2002H2-E,E,gbm-50k,20260913,2016H1,53,24632,115,cox_intercept,-0.3789683734704297,-1.1588215796644945,0.4008848327236351,True
2002H2-E,E,gbm-50k,20260913,2016H1,53,24632,115,cox_slope,1.0376939082447905,0.8620567573432047,1.2133310591463762,True
2002H2-E,E,gbm-50k,20260913,2016H1,53,24632,115,psi,0.11486268602833899,,,True
2002H2-E,E,gbm-50k,20260913,2016H1,53,24632,115,psi_critical,0.0010252493801461782,,,True
2002H2-E,E,gbm-50k,20260913,2016H2,55,24760,121,auc,0.7504468659677145,0.709922267083041,0.790971464852388,True
2002H2-E,E,gbm-50k,20260913,2016H2,55,24760,121,gini,0.500893731935429,0.4198445341660819,0.581942929704776,True
2002H2-E,E,gbm-50k,20260913,2016H2,55,24760,121,ks,0.3989663635457997,,,True
2002H2-E,E,gbm-50k,20260913,2016H2,55,24760,121,brier,0.004863914059190015,,,True
2002H2-E,E,gbm-50k,20260913,2016H2,55,24760,121,brier_miscalibration,6.618441971222629e-05,,,True
2002H2-E,E,gbm-50k,20260913,2016H2,55,24760,121,brier_discrimination,6.530280641310268e-05,,,True
2002H2-E,E,gbm-50k,20260913,2016H2,55,24760,121,brier_uncertainty,0.004863032445890892,,,True
2002H2-E,E,gbm-50k,20260913,2016H2,55,24760,121,observed_over_expected,0.6610110841424413,0.5487068635295774,0.7894474851913565,True
2002H2-E,E,gbm-50k,20260913,2016H2,55,24760,121,log_oe,-0.4139846705230246,-0.6001909262847108,-0.23642196403916046,True
2002H2-E,E,gbm-50k,20260913,2016H2,55,24760,121,cox_intercept,-0.6586202114876154,-1.5148045435995372,0.1975641206243064,True
2002H2-E,E,gbm-50k,20260913,2016H2,55,24760,121,cox_slope,0.9470138858237563,0.7616964643319182,1.1323313073155945,True
2002H2-E,E,gbm-50k,20260913,2016H2,55,24760,121,psi,0.1314046440965857,,,True
2002H2-E,E,gbm-50k,20260913,2016H2,55,24760,121,psi_critical,0.0010216985183533317,,,True
2002H2-E,E,gbm-50k,20260913,2017H1,57,24541,162,auc,0.7533632973936787,0.72028153130159,0.7864450634857674,True
2002H2-E,E,gbm-50k,20260913,2017H1,57,24541,162,gini,0.5067265947873574,0.44056306260318,0.5728901269715347,True
2002H2-E,E,gbm-50k,20260913,2017H1,57,24541,162,ks,0.4083604640504705,,,True
2002H2-E,E,gbm-50k,20260913,2017H1,57,24541,162,brier,0.006574967090983866,,,True
2002H2-E,E,gbm-50k,20260913,2017H1,57,24541,162,brier_miscalibration,6.16738795054042e-05,,,True
2002H2-E,E,gbm-50k,20260913,2017H1,57,24541,162,brier_discrimination,4.4328968741534636e-05,,,True
2002H2-E,E,gbm-50k,20260913,2017H1,57,24541,162,brier_uncertainty,0.006557622180219997,,,True
2002H2-E,E,gbm-50k,20260913,2017H1,57,24541,162,observed_over_expected,0.7779972939045383,0.6631164891069065,0.9069552446042384,True
2002H2-E,E,gbm-50k,20260913,2017H1,57,24541,162,log_oe,-0.25103223308159633,-0.41080460421929665,-0.09766217451199785,True
2002H2-E,E,gbm-50k,20260913,2017H1,57,24541,162,cox_intercept,-0.6761228673255576,-1.3824529449561396,0.03020721030502438,True
2002H2-E,E,gbm-50k,20260913,2017H1,57,24541,162,cox_slope,0.9036811778569397,0.7472235710152829,1.0601387846985963,True
2002H2-E,E,gbm-50k,20260913,2017H1,57,24541,162,psi,0.11035336088559933,,,True
2002H2-E,E,gbm-50k,20260913,2017H1,57,24541,162,psi_critical,0.0010277963486622491,,,True
2002H2-E,E,gbm-50k,20260913,2017H2,59,24680,143,auc,0.762052940742267,0.7252183979479594,0.7988874835365747,True
2002H2-E,E,gbm-50k,20260913,2017H2,59,24680,143,gini,0.5241058814845341,0.4504367958959188,0.5977749670731494,True
2002H2-E,E,gbm-50k,20260913,2017H2,59,24680,143,ks,0.40606493803706173,,,True
2002H2-E,E,gbm-50k,20260913,2017H2,59,24680,143,brier,0.005717791394460883,,,True
2002H2-E,E,gbm-50k,20260913,2017H2,59,24680,143,brier_miscalibration,5.392388869847244e-05,,,True
2002H2-E,E,gbm-50k,20260913,2017H2,59,24680,143,brier_discrimination,9.672545857330756e-05,,,True
2002H2-E,E,gbm-50k,20260913,2017H2,59,24680,143,brier_uncertainty,0.005760592964335718,,,True
2002H2-E,E,gbm-50k,20260913,2017H2,59,24680,143,observed_over_expected,0.6857280542692669,0.5781973046615138,0.8073607854821032,True
2002H2-E,E,gbm-50k,20260913,2017H2,59,24680,143,log_oe,-0.3772741522003705,-0.5478401110131196,-0.21398464062798614,True
2002H2-E,E,gbm-50k,20260913,2017H2,59,24680,143,cox_intercept,-0.07691264583878048,-0.8491453216245547,0.6953200299469938,True
2002H2-E,E,gbm-50k,20260913,2017H2,59,24680,143,cox_slope,1.0709962426766242,0.8951633807203744,1.2468291046328739,True
2002H2-E,E,gbm-50k,20260913,2017H2,59,24680,143,psi,0.1137702327947529,,,True
2002H2-E,E,gbm-50k,20260913,2017H2,59,24680,143,psi_critical,0.0010239134906912927,,,True
2002H2-E,E,gbm-50k,20260913,2018H1,61,24416,148,auc,0.7433942874389142,0.70281233791297,0.7839762369648584,True
2002H2-E,E,gbm-50k,20260913,2018H1,61,24416,148,gini,0.48678857487782845,0.4056246758259401,0.5679524739297168,True
2002H2-E,E,gbm-50k,20260913,2018H1,61,24416,148,ks,0.3857209360341057,,,True
2002H2-E,E,gbm-50k,20260913,2018H1,61,24416,148,brier,0.006006338982874387,,,True
2002H2-E,E,gbm-50k,20260913,2018H1,61,24416,148,brier_miscalibration,3.4393370785658003e-05,,,True
2002H2-E,E,gbm-50k,20260913,2018H1,61,24416,148,brier_discrimination,5.291035756956573e-05,,,True
2002H2-E,E,gbm-50k,20260913,2018H1,61,24416,148,brier_uncertainty,0.006024855969658295,,,True
2002H2-E,E,gbm-50k,20260913,2018H1,61,24416,148,observed_over_expected,0.7204276792141527,0.6093113945856496,0.8458447566249214,True
2002H2-E,E,gbm-50k,20260913,2018H1,61,24416,148,log_oe,-0.32791024441101224,-0.49542582079365705,-0.16741943902203543,True
2002H2-E,E,gbm-50k,20260913,2018H1,61,24416,148,cox_intercept,-0.36006280175598193,-1.1593564879787281,0.4392308844667643,True
2002H2-E,E,gbm-50k,20260913,2018H1,61,24416,148,cox_slope,0.9938699050626935,0.8151708461350387,1.1725689639903483,True
2002H2-E,E,gbm-50k,20260913,2018H1,61,24416,148,psi,0.12585352372131442,,,True
2002H2-E,E,gbm-50k,20260913,2018H1,61,24416,148,psi_critical,0.0010313258825568768,,,True
2002H2-E,E,gbm-50k,20260913,2018H2,63,24543,146,auc,0.726515049851739,0.6861434993474655,0.7668866003560124,True
2002H2-E,E,gbm-50k,20260913,2018H2,63,24543,146,gini,0.45303009970347796,0.3722869986949311,0.5337732007120248,True
2002H2-E,E,gbm-50k,20260913,2018H2,63,24543,146,ks,0.34431052324533495,,,True
2002H2-E,E,gbm-50k,20260913,2018H2,63,24543,146,brier,0.005905859791330175,,,True
2002H2-E,E,gbm-50k,20260913,2018H2,63,24543,146,brier_miscalibration,3.8341253487230234e-05,,,True
2002H2-E,E,gbm-50k,20260913,2018H2,63,24543,146,brier_discrimination,4.583694106029615e-05,,,True
2002H2-E,E,gbm-50k,20260913,2018H2,63,24543,146,brier_uncertainty,0.005913355478903241,,,True
2002H2-E,E,gbm-50k,20260913,2018H2,63,24543,146,observed_over_expected,0.6877470738096286,0.5809729977619967,0.8083658782767311,True
2002H2-E,E,gbm-50k,20260913,2018H2,63,24543,146,log_oe,-0.3743341339162339,-0.5430509986629166,-0.21274050330350036,True
2002H2-E,E,gbm-50k,20260913,2018H2,63,24543,146,cox_intercept,-0.67514103602162,-1.5040413555341314,0.15375928349089152,True
2002H2-E,E,gbm-50k,20260913,2018H2,63,24543,146,cox_slope,0.9327162301054018,0.7484039775539818,1.117028482656822,True
2002H2-E,E,gbm-50k,20260913,2018H2,63,24543,146,psi,0.1319888055028623,,,True
2002H2-E,E,gbm-50k,20260913,2018H2,63,24543,146,psi_critical,0.0010277401683422744,,,True
2002H2-E,E,gbm-50k,20260913,2019H1,65,24752,110,auc,0.6637996104212321,0.6104827633867044,0.7171164574557599,True
2002H2-E,E,gbm-50k,20260913,2019H1,65,24752,110,gini,0.3275992208424643,0.22096552677340875,0.43423291491151983,True
2002H2-E,E,gbm-50k,20260913,2019H1,65,24752,110,ks,0.2521378872730224,,,True
2002H2-E,E,gbm-50k,20260913,2019H1,65,24752,110,brier,0.004459905391383318,,,True
2002H2-E,E,gbm-50k,20260913,2019H1,65,24752,110,brier_miscalibration,5.6320281016107414e-05,,,True
2002H2-E,E,gbm-50k,20260913,2019H1,65,24752,110,brier_discrimination,2.0750321682392464e-05,,,True
2002H2-E,E,gbm-50k,20260913,2019H1,65,24752,110,brier_uncertainty,0.004424335432049603,,,True
2002H2-E,E,gbm-50k,20260913,2019H1,65,24752,110,observed_over_expected,0.5295471836232695,0.4353870777301645,0.637956217247313,True
2002H2-E,E,gbm-50k,20260913,2019H1,65,24752,110,log_oe,-0.6357330081406127,-0.8315198096984557,-0.44948562299636213,True
2002H2-E,E,gbm-50k,20260913,2019H1,65,24752,110,cox_intercept,-1.9112060977641325,-2.9157952471978006,-0.9066169483304645,True
2002H2-E,E,gbm-50k,20260913,2019H1,65,24752,110,cox_slope,0.7184609459536562,0.504188538958177,0.9327333529491354,True
2002H2-E,E,gbm-50k,20260913,2019H1,65,24752,110,psi,0.14458903907543938,,,True
2002H2-E,E,gbm-50k,20260913,2019H1,65,24752,110,psi_critical,0.0010219193712836035,,,True
2002H2-E,E,gbm-50k,20260913,2019H2,67,24861,136,auc,0.6415580205793137,0.5967374362598051,0.6863786048988222,True
2002H2-E,E,gbm-50k,20260913,2019H2,67,24861,136,gini,0.2831160411586273,0.19347487251961026,0.3727572097976444,True
2002H2-E,E,gbm-50k,20260913,2019H2,67,24861,136,ks,0.2366249330874918,,,True
2002H2-E,E,gbm-50k,20260913,2019H2,67,24861,136,brier,0.005465268629675133,,,True
2002H2-E,E,gbm-50k,20260913,2019H2,67,24861,136,brier_miscalibration,3.898275981516295e-05,,,True
2002H2-E,E,gbm-50k,20260913,2019H2,67,24861,136,brier_discrimination,1.4204194522306549e-05,,,True
2002H2-E,E,gbm-50k,20260913,2019H2,67,24861,136,brier_uncertainty,0.0054404900643822765,,,True
2002H2-E,E,gbm-50k,20260913,2019H2,67,24861,136,observed_over_expected,0.7152957787671335,0.6003882255921696,0.8456911471703353,True
2002H2-E,E,gbm-50k,20260913,2019H2,67,24861,136,log_oe,-0.33505914523131364,-0.5101787903542183,-0.16760106029849037,True
2002H2-E,E,gbm-50k,20260913,2019H2,67,24861,136,cox_intercept,-2.2222349926514244,-3.172814284829945,-1.2716557004729039,True
2002H2-E,E,gbm-50k,20260913,2019H2,67,24861,136,cox_slope,0.594874737011611,0.39980316116641734,0.7899463128568046,True
2002H2-E,E,gbm-50k,20260913,2019H2,67,24861,136,psi,0.1579290224254874,,,True
2002H2-E,E,gbm-50k,20260913,2019H2,67,24861,136,psi_critical,0.0010189224749281938,,,True
2002H2-E,E,gbm-50k,20260913,2020H1,69,24880,111,auc,0.6335725891016778,0.5823627929037068,0.6847823852996487,True
2002H2-E,E,gbm-50k,20260913,2020H1,69,24880,111,gini,0.2671451782033556,0.1647255858074137,0.3695647705992975,True
2002H2-E,E,gbm-50k,20260913,2020H1,69,24880,111,ks,0.22111481257995041,,,True
2002H2-E,E,gbm-50k,20260913,2020H1,69,24880,111,brier,0.0044741821145340074,,,True
2002H2-E,E,gbm-50k,20260913,2020H1,69,24880,111,brier_miscalibration,3.9058187473536496e-05,,,True
2002H2-E,E,gbm-50k,20260913,2020H1,69,24880,111,brier_discrimination,6.386641998989279e-06,,,True
2002H2-E,E,gbm-50k,20260913,2020H1,69,24880,111,brier_uncertainty,0.00444151056905946,,,True
2002H2-E,E,gbm-50k,20260913,2020H1,69,24880,111,observed_over_expected,0.6647444037295616,0.5470527081637682,0.8001586974062751,True
2002H2-E,E,gbm-50k,20260913,2020H1,69,24880,111,log_oe,-0.40835266750360355,-0.6032101225848572,-0.22294519922944137,True
2002H2-E,E,gbm-50k,20260913,2020H1,69,24880,111,cox_intercept,-2.7111924265202414,-3.8025169139612887,-1.6198679390791944,True
2002H2-E,E,gbm-50k,20260913,2020H1,69,24880,111,cox_slope,0.5216395840515958,0.30584747507282306,0.7374316930303686,True
2002H2-E,E,gbm-50k,20260913,2020H1,69,24880,111,psi,0.19111388783140273,,,True
2002H2-E,E,gbm-50k,20260913,2020H1,69,24880,111,psi_critical,0.001018402767712202,,,True
2002H2-E,E,gbm-50k,20260913,2020H2,71,24919,71,auc,0.6543465963197083,0.5822282499531879,0.7264649426862286,False
2002H2-E,E,gbm-50k,20260913,2020H2,71,24919,71,gini,0.3086931926394165,0.16445649990637579,0.45292988537245726,False
2002H2-E,E,gbm-50k,20260913,2020H2,71,24919,71,ks,0.2736922176976865,,,False
2002H2-E,E,gbm-50k,20260913,2020H2,71,24919,71,brier,0.002862747856538181,,,False
2002H2-E,E,gbm-50k,20260913,2020H2,71,24919,71,brier_miscalibration,2.974285109363841e-05,,,False
2002H2-E,E,gbm-50k,20260913,2020H2,71,24919,71,brier_discrimination,8.108384450052249e-06,,,False
2002H2-E,E,gbm-50k,20260913,2020H2,71,24919,71,brier_uncertainty,0.002841113389894595,,,False
2002H2-E,E,gbm-50k,20260913,2020H2,71,24919,71,observed_over_expected,0.478708574217624,0.3739846090972476,0.6036007998901333,False
2002H2-E,E,gbm-50k,20260913,2020H2,71,24919,71,log_oe,-0.7366632712804848,-0.9835406345607747,-0.5048422268902933,False
2002H2-E,E,gbm-50k,20260913,2020H2,71,24919,71,cox_intercept,-2.2252346194553,-3.5739927750503497,-0.87647646386025,False
2002H2-E,E,gbm-50k,20260913,2020H2,71,24919,71,cox_slope,0.6950349323234265,0.42801497145611966,0.9620548931907333,False
2002H2-E,E,gbm-50k,20260913,2020H2,71,24919,71,psi,0.2562961371481552,,,False
2002H2-E,E,gbm-50k,20260913,2020H2,71,24919,71,psi_critical,0.001017338483214061,,,False
2002H2-E,E,gbm-50k,20260913,2021H1,73,24909,90,auc,0.705184871805203,0.6525353770014832,0.7578343666089227,False
2002H2-E,E,gbm-50k,20260913,2021H1,73,24909,90,gini,0.4103697436104059,0.30507075400296646,0.5156687332178453,False
2002H2-E,E,gbm-50k,20260913,2021H1,73,24909,90,ks,0.35332070859690834,,,False
2002H2-E,E,gbm-50k,20260913,2021H1,73,24909,90,brier,0.0036137485246348776,,,False
2002H2-E,E,gbm-50k,20260913,2021H1,73,24909,90,brier_miscalibration,3.068769468290685e-05,,,False
2002H2-E,E,gbm-50k,20260913,2021H1,73,24909,90,brier_discrimination,1.7036176409041676e-05,,,False
2002H2-E,E,gbm-50k,20260913,2021H1,73,24909,90,brier_uncertainty,0.0036000970063610124,,,False
2002H2-E,E,gbm-50k,20260913,2021H1,73,24909,90,observed_over_expected,0.5583924332477276,0.4491635118130207,0.6860747701841174,False
2002H2-E,E,gbm-50k,20260913,2021H1,73,24909,90,log_oe,-0.5826932783999137,-0.8003682886846653,-0.37676866275822496,False
2002H2-E,E,gbm-50k,20260913,2021H1,73,24909,90,cox_intercept,-1.2037835419681708,-2.316037317284846,-0.09152976665149559,False
2002H2-E,E,gbm-50k,20260913,2021H1,73,24909,90,cox_slope,0.8691239498803736,0.6390036196310732,1.0992442801296738,False
2002H2-E,E,gbm-50k,20260913,2021H1,73,24909,90,psi,0.2040773154415926,,,False
2002H2-E,E,gbm-50k,20260913,2021H1,73,24909,90,psi_critical,0.0010176110589622332,,,False
2002H2-E,E,gbm-50k,20260913,2021H2,75,24929,136,auc,0.7339114930447636,0.6930614819265251,0.774761504163002,True
2002H2-E,E,gbm-50k,20260913,2021H2,75,24929,136,gini,0.4678229860895271,0.3861229638530501,0.5495230083260041,True
2002H2-E,E,gbm-50k,20260913,2021H2,75,24929,136,ks,0.36790033239932524,,,True
2002H2-E,E,gbm-50k,20260913,2021H2,75,24929,136,brier,0.005403122109826252,,,True
2002H2-E,E,gbm-50k,20260913,2021H2,75,24929,136,brier_miscalibration,2.2350493876819623e-05,,,True
2002H2-E,E,gbm-50k,20260913,2021H2,75,24929,136,brier_discrimination,4.49595754401632e-05,,,True
2002H2-E,E,gbm-50k,20260913,2021H2,75,24929,136,brier_uncertainty,0.005425731191389596,,,True
2002H2-E,E,gbm-50k,20260913,2021H2,75,24929,136,observed_over_expected,0.7381723504458215,0.6195891144355457,0.87273921410331,True
2002H2-E,E,gbm-50k,20260913,2021H2,75,24929,136,log_oe,-0.303577944457769,-0.478698739290421,-0.13611849159147962,True
2002H2-E,E,gbm-50k,20260913,2021H2,75,24929,136,cox_intercept,-0.4365686052410168,-1.29353908725892,0.42040187677688656,True
2002H2-E,E,gbm-50k,20260913,2021H2,75,24929,136,cox_slope,0.9714988129249589,0.7858200635620287,1.157177562287889,True
2002H2-E,E,gbm-50k,20260913,2021H2,75,24929,136,psi,0.13913844337100242,,,True
2002H2-E,E,gbm-50k,20260913,2021H2,75,24929,136,psi_critical,0.0010170661261475434,,,True
2002H2-E,E,gbm-50k,20260913,2022H1,77,24889,291,auc,0.7490326232764434,0.722618667341918,0.7754465792109687,True
2002H2-E,E,gbm-50k,20260913,2022H1,77,24889,291,gini,0.49806524655288675,0.4452373346838361,0.5508931584219374,True
2002H2-E,E,gbm-50k,20260913,2022H1,77,24889,291,ks,0.3986892740420603,,,True
2002H2-E,E,gbm-50k,20260913,2022H1,77,24889,291,brier,0.011460212952025933,,,True
2002H2-E,E,gbm-50k,20260913,2022H1,77,24889,291,brier_miscalibration,4.798239374579662e-05,,,True
2002H2-E,E,gbm-50k,20260913,2022H1,77,24889,291,brier_discrimination,0.0001429807230852731,,,True
2002H2-E,E,gbm-50k,20260913,2022H1,77,24889,291,brier_uncertainty,0.01155521128136541,,,True
2002H2-E,E,gbm-50k,20260913,2022H1,77,24889,291,observed_over_expected,1.3759378661244899,1.223149888180321,1.5423547241392412,True
2002H2-E,E,gbm-50k,20260913,2022H1,77,24889,291,log_oe,0.31913558305883116,0.20142940698801914,0.4333102902804659,True
2002H2-E,E,gbm-50k,20260913,2022H1,77,24889,291,cox_intercept,0.3020883757694862,-0.28286603214624506,0.8870427836852175,True
2002H2-E,E,gbm-50k,20260913,2022H1,77,24889,291,cox_slope,0.9945169719737391,0.8640869821030298,1.1249469618444485,True
2002H2-E,E,gbm-50k,20260913,2022H1,77,24889,291,psi,0.13741743101685028,,,True
2002H2-E,E,gbm-50k,20260913,2022H1,77,24889,291,psi_critical,0.0010181568675578937,,,True
2002H2-E,E,gbm-50k,20260913,2022H2,79,24859,373,auc,0.7278105954948487,0.7031022590148566,0.7525189319748409,True
2002H2-E,E,gbm-50k,20260913,2022H2,79,24859,373,gini,0.45562119098969744,0.40620451802971314,0.5050378639496818,True
2002H2-E,E,gbm-50k,20260913,2022H2,79,24859,373,ks,0.34935835742654503,,,True
2002H2-E,E,gbm-50k,20260913,2022H2,79,24859,373,brier,0.01465914784691643,,,True
2002H2-E,E,gbm-50k,20260913,2022H2,79,24859,373,brier_miscalibration,0.00010707690431950058,,,True
2002H2-E,E,gbm-50k,20260913,2022H2,79,24859,373,brier_discrimination,0.00022741634442183592,,,True
2002H2-E,E,gbm-50k,20260913,2022H2,79,24859,373,brier_uncertainty,0.014779487287018766,,,True
2002H2-E,E,gbm-50k,20260913,2022H2,79,24859,373,observed_over_expected,1.731293041622289,1.561164022699065,1.9146805900861337,True
2002H2-E,E,gbm-50k,20260913,2022H2,79,24859,373,log_oe,0.5488685522313491,0.4454317114130473,0.6495508150322921,True
2002H2-E,E,gbm-50k,20260913,2022H2,79,24859,373,cox_intercept,0.4233868298488568,-0.11377254912142931,0.9605462088191429,True
2002H2-E,E,gbm-50k,20260913,2022H2,79,24859,373,cox_slope,0.9685015063117441,0.8492362379896994,1.087766774633789,True
2002H2-E,E,gbm-50k,20260913,2022H2,79,24859,373,psi,0.16268654245655592,,,True
2002H2-E,E,gbm-50k,20260913,2022H2,79,24859,373,psi_critical,0.0010189772271646342,,,True
2002H2-E,E,gbm-50k,20260913,2023H1,81,24882,381,auc,0.7379013187206135,0.71483186344817,0.760970773993057,True
2002H2-E,E,gbm-50k,20260913,2023H1,81,24882,381,gini,0.47580263744122697,0.4296637268963399,0.521941547986114,True
2002H2-E,E,gbm-50k,20260913,2023H1,81,24882,381,ks,0.3723569695210898,,,True
2002H2-E,E,gbm-50k,20260913,2023H1,81,24882,381,brier,0.014994754380228141,,,True
2002H2-E,E,gbm-50k,20260913,2023H1,81,24882,381,brier_miscalibration,0.0001317209248653979,,,True
2002H2-E,E,gbm-50k,20260913,2023H1,81,24882,381,brier_discrimination,0.0002147747446027276,,,True
2002H2-E,E,gbm-50k,20260913,2023H1,81,24882,381,brier_uncertainty,0.015077808199965471,,,True
2002H2-E,E,gbm-50k,20260913,2023H1,81,24882,381,observed_over_expected,1.7978741434765393,1.6230444765912573,1.986172184973525,True
2002H2-E,E,gbm-50k,20260913,2023H1,81,24882,381,log_oe,0.5866049355330086,0.4843036920949012,0.6862092612472462,True
2002H2-E,E,gbm-50k,20260913,2023H1,81,24882,381,cox_intercept,0.5016401169167045,-0.04085735590158168,1.0441375897349907,True
2002H2-E,E,gbm-50k,20260913,2023H1,81,24882,381,cox_slope,0.9776513100736979,0.8575872947164206,1.0977153254309753,True
2002H2-E,E,gbm-50k,20260913,2023H1,81,24882,381,psi,0.1587739281256818,,,True
2002H2-E,E,gbm-50k,20260913,2023H1,81,24882,381,psi_critical,0.001018348107860452,,,True
2002H2-E,E,gbm-50k,20260913,2023H2,83,24866,363,auc,0.7658448861436992,0.7428778702724907,0.7888119020149076,True
2002H2-E,E,gbm-50k,20260913,2023H2,83,24866,363,gini,0.5316897722873983,0.4857557405449815,0.5776238040298152,True
2002H2-E,E,gbm-50k,20260913,2023H2,83,24866,363,ks,0.44847119973727845,,,True
2002H2-E,E,gbm-50k,20260913,2023H2,83,24866,363,brier,0.014260192299077115,,,True
2002H2-E,E,gbm-50k,20260913,2023H2,83,24866,363,brier_miscalibration,0.00013993409164346493,,,True
2002H2-E,E,gbm-50k,20260913,2023H2,83,24866,363,brier_discrimination,0.0002648795905053781,,,True
2002H2-E,E,gbm-50k,20260913,2023H2,83,24866,363,brier_uncertainty,0.014385137797939028,,,True
2002H2-E,E,gbm-50k,20260913,2023H2,83,24866,363,observed_over_expected,1.772099758268726,1.595607579084948,1.9625517259422551,True
2002H2-E,E,gbm-50k,20260913,2023H2,83,24866,363,log_oe,0.5721651475896533,0.4672545910283999,0.6742455274951105,True
2002H2-E,E,gbm-50k,20260913,2023H2,83,24866,363,cox_intercept,1.0000867783892264,0.45608622414460054,1.5440873326338522,True
2002H2-E,E,gbm-50k,20260913,2023H2,83,24866,363,cox_slope,1.0939483779133734,0.972089228094293,1.2158075277324538,True
2002H2-E,E,gbm-50k,20260913,2023H2,83,24866,363,psi,0.14080806021893041,,,True
2002H2-E,E,gbm-50k,20260913,2023H2,83,24866,363,psi_critical,0.0010187856328701958,,,True
2002H2-E,E,tabicl,20260911,2003H1,1,24276,72,auc,0.866300508180466,0.8223134643026488,0.9102875520582832,False
2002H2-E,E,tabicl,20260911,2003H1,1,24276,72,gini,0.732601016360932,0.6446269286052977,0.8205751041165663,False
2002H2-E,E,tabicl,20260911,2003H1,1,24276,72,ks,0.6429171486806589,,,False
2002H2-E,E,tabicl,20260911,2003H1,1,24276,72,brier,0.002955611816972061,,,False
2002H2-E,E,tabicl,20260911,2003H1,1,24276,72,brier_miscalibration,7.948580141432446e-05,,,False
2002H2-E,E,tabicl,20260911,2003H1,1,24276,72,brier_discrimination,8.096970691606883e-05,,,False
2002H2-E,E,tabicl,20260911,2003H1,1,24276,72,brier_uncertainty,0.0029570957224738055,,,False
2002H2-E,E,tabicl,20260911,2003H1,1,24276,72,observed_over_expected,0.5209736888328144,0.40775306379337256,0.6558277096538866,False
2002H2-E,E,tabicl,20260911,2003H1,1,24276,72,log_oe,-0.6520557397845894,-0.8970935236076549,-0.42185716225610853,False
2002H2-E,E,tabicl,20260911,2003H1,1,24276,72,cox_intercept,-0.7903869196453546,-1.490257038926827,-0.0905168003638821,False
2002H2-E,E,tabicl,20260911,2003H1,1,24276,72,cox_slope,0.9702012589811756,0.8064976250558484,1.1339048929065028,False
2002H2-E,E,tabicl,20260911,2003H1,1,24276,72,psi,0.2207806856429792,,,False
2002H2-E,E,tabicl,20260911,2003H1,1,24276,72,psi_critical,0.0010353221128363722,,,False
2002H2-E,E,tabicl,20260911,2003H2,3,24205,139,auc,0.8398533230259472,0.8065037990416998,0.8732028470101946,True
2002H2-E,E,tabicl,20260911,2003H2,3,24205,139,gini,0.6797066460518943,0.6130075980833996,0.7464056940203891,True
2002H2-E,E,tabicl,20260911,2003H2,3,24205,139,ks,0.5542763993741432,,,True
2002H2-E,E,tabicl,20260911,2003H2,3,24205,139,brier,0.005626850325733319,,,True
2002H2-E,E,tabicl,20260911,2003H2,3,24205,139,brier_miscalibration,9.28218632121067e-05,,,True
2002H2-E,E,tabicl,20260911,2003H2,3,24205,139,brier_discrimination,0.00017560907073473683,,,True
2002H2-E,E,tabicl,20260911,2003H2,3,24205,139,brier_uncertainty,0.005709637533255949,,,True
2002H2-E,E,tabicl,20260911,2003H2,3,24205,139,observed_over_expected,0.7391252643595608,0.6216347936762229,0.8722608494266425,True
2002H2-E,E,tabicl,20260911,2003H2,3,24205,139,log_oe,-0.30228786717564193,-0.47540250711260873,-0.13666676055564553,True
2002H2-E,E,tabicl,20260911,2003H2,3,24205,139,cox_intercept,-0.6875009163121792,-1.2048960532888513,-0.17010577933550708,True
2002H2-E,E,tabicl,20260911,2003H2,3,24205,139,cox_slope,0.9035977739248557,0.7799480783281858,1.0272474695215257,True
2002H2-E,E,tabicl,20260911,2003H2,3,24205,139,psi,0.06425615461026972,,,True
2002H2-E,E,tabicl,20260911,2003H2,3,24205,139,psi_critical,0.001037366439290114,,,True
2002H2-E,E,tabicl,20260911,2004H1,5,24219,181,auc,0.8161663002272185,0.7842338978192286,0.8480987026352084,True
2002H2-E,E,tabicl,20260911,2004H1,5,24219,181,gini,0.632332600454437,0.5684677956384572,0.6961974052704167,True
2002H2-E,E,tabicl,20260911,2004H1,5,24219,181,ks,0.516818444461095,,,True
2002H2-E,E,tabicl,20260911,2004H1,5,24219,181,brier,0.007371855966379721,,,True
2002H2-E,E,tabicl,20260911,2004H1,5,24219,181,brier_miscalibration,0.00011031758242051413,,,True
2002H2-E,E,tabicl,20260911,2004H1,5,24219,181,brier_discrimination,0.00015608008522914694,,,True
2002H2-E,E,tabicl,20260911,2004H1,5,24219,181,brier_uncertainty,0.007417618469188354,,,True
2002H2-E,E,tabicl,20260911,2004H1,5,24219,181,observed_over_expected,0.8479832811218505,0.7293101652083437,0.9803463251575354,True
2002H2-E,E,tabicl,20260911,2004H1,5,24219,181,log_oe,-0.1648943590427853,-0.3156561707806492,-0.019849376728231283,True
2002H2-E,E,tabicl,20260911,2004H1,5,24219,181,cox_intercept,-0.9546038060561371,-1.4108556099747067,-0.4983520021375676,True
2002H2-E,E,tabicl,20260911,2004H1,5,24219,181,cox_slope,0.7984984219358038,0.6919437059747163,0.9050531378968912,True
2002H2-E,E,tabicl,20260911,2004H1,5,24219,181,psi,0.030590109647124924,,,True
2002H2-E,E,tabicl,20260911,2004H1,5,24219,181,psi_critical,0.0010369623839442791,,,True
2002H2-E,E,tabicl,20260911,2004H2,7,24090,202,auc,0.8103949826915043,0.784602262064427,0.8361877033185817,True
2002H2-E,E,tabicl,20260911,2004H2,7,24090,202,gini,0.6207899653830087,0.5692045241288539,0.6723754066371634,True
2002H2-E,E,tabicl,20260911,2004H2,7,24090,202,ks,0.476815070991359,,,True
2002H2-E,E,tabicl,20260911,2004H2,7,24090,202,brier,0.008285121170613639,,,True
2002H2-E,E,tabicl,20260911,2004H2,7,24090,202,brier_miscalibration,0.00012624010714509803,,,True
2002H2-E,E,tabicl,20260911,2004H2,7,24090,202,brier_discrimination,0.0001560290709881583,,,True
2002H2-E,E,tabicl,20260911,2004H2,7,24090,202,brier_uncertainty,0.0083149101344567,,,True
2002H2-E,E,tabicl,20260911,2004H2,7,24090,202,observed_over_expected,0.7844624412965958,0.6803733488974535,0.8998639129620463,True
2002H2-E,E,tabicl,20260911,2004H2,7,24090,202,log_oe,-0.24275658393143687,-0.3851135889844144,-0.10551173491082982,True
2002H2-E,E,tabicl,20260911,2004H2,7,24090,202,cox_intercept,-0.9428544813988089,-1.383922010738143,-0.5017869520594748,True
2002H2-E,E,tabicl,20260911,2004H2,7,24090,202,cox_slope,0.8163990719342249,0.7089513926308111,0.9238467512376387,True
2002H2-E,E,tabicl,20260911,2004H2,7,24090,202,psi,0.007112754228791706,,,True
2002H2-E,E,tabicl,20260911,2004H2,7,24090,202,psi_critical,0.0010407032384610452,,,True
2002H2-E,E,tabicl,20260911,2005H1,9,24233,248,auc,0.7788114379282751,0.7501058323426234,0.8075170435139268,True
2002H2-E,E,tabicl,20260911,2005H1,9,24233,248,gini,0.5576228758565502,0.5002116646852468,0.6150340870278537,True
2002H2-E,E,tabicl,20260911,2005H1,9,24233,248,ks,0.4531481369404265,,,True
2002H2-E,E,tabicl,20260911,2005H1,9,24233,248,brier,0.010028724636203992,,,True
2002H2-E,E,tabicl,20260911,2005H1,9,24233,248,brier_miscalibration,8.592979361567513e-05,,,True
2002H2-E,E,tabicl,20260911,2005H1,9,24233,248,brier_discrimination,0.0001864493014358138,,,True
2002H2-E,E,tabicl,20260911,2005H1,9,24233,248,brier_uncertainty,0.01012924414402413,,,True
2002H2-E,E,tabicl,20260911,2005H1,9,24233,248,observed_over_expected,1.0168784284736523,0.8947821633535561,1.150847485139748,True
2002H2-E,E,tabicl,20260911,2005H1,9,24233,248,log_oe,0.016737570563750432,-0.11117498323319555,0.1404986145653392,True
2002H2-E,E,tabicl,20260911,2005H1,9,24233,248,cox_intercept,-1.1309685131449876,-1.5309805437151305,-0.7309564825748447,True
2002H2-E,E,tabicl,20260911,2005H1,9,24233,248,cox_slope,0.705310499295805,0.613540534535695,0.797080464055915,True
2002H2-E,E,tabicl,20260911,2005H1,9,24233,248,psi,0.00427774251687778,,,True
2002H2-E,E,tabicl,20260911,2005H1,9,24233,248,psi_critical,0.001036558795463863,,,True
2002H2-E,E,tabicl,20260911,2005H2,11,24082,266,auc,0.8060613828828033,0.7816889220929085,0.830433843672698,True
2002H2-E,E,tabicl,20260911,2005H2,11,24082,266,gini,0.6121227657656065,0.563377844185817,0.660867687345396,True
2002H2-E,E,tabicl,20260911,2005H2,11,24082,266,ks,0.4721546265731511,,,True
2002H2-E,E,tabicl,20260911,2005H2,11,24082,266,brier,0.010735062644791961,,,True
2002H2-E,E,tabicl,20260911,2005H2,11,24082,266,brier_miscalibration,6.302440671872127e-05,,,True
2002H2-E,E,tabicl,20260911,2005H2,11,24082,266,brier_discrimination,0.0002515508300085928,,,True
2002H2-E,E,tabicl,20260911,2005H2,11,24082,266,brier_uncertainty,0.010923589068081833,,,True
2002H2-E,E,tabicl,20260911,2005H2,11,24082,266,observed_over_expected,1.0605836424127077,0.9375331086935467,1.1951520299042073,True
2002H2-E,E,tabicl,20260911,2005H2,11,24082,266,log_oe,0.05881936264580797,-0.06450320582138118,0.17827339896864366,True
2002H2-E,E,tabicl,20260911,2005H2,11,24082,266,cox_intercept,-0.6327317793555737,-1.0258819113980793,-0.23958164731306808,True
2002H2-E,E,tabicl,20260911,2005H2,11,24082,266,cox_slope,0.8176865608269492,0.7228445066140233,0.9125286150398751,True
2002H2-E,E,tabicl,20260911,2005H2,11,24082,266,psi,0.005579976091066252,,,True
2002H2-E,E,tabicl,20260911,2005H2,11,24082,266,psi_critical,0.0010409365492114375,,,True
2002H2-E,E,tabicl,20260911,2006H1,13,23280,405,auc,0.7814876340821696,0.7608827993879982,0.802092468776341,True
2002H2-E,E,tabicl,20260911,2006H1,13,23280,405,gini,0.5629752681643392,0.5217655987759964,0.604184937552682,True
2002H2-E,E,tabicl,20260911,2006H1,13,23280,405,ks,0.45508358631855894,,,True
2002H2-E,E,tabicl,20260911,2006H1,13,23280,405,brier,0.016826002658709566,,,True
2002H2-E,E,tabicl,20260911,2006H1,13,23280,405,brier_miscalibration,0.00013779141708036152,,,True
2002H2-E,E,tabicl,20260911,2006H1,13,23280,405,brier_discrimination,0.00040604359416631167,,,True
2002H2-E,E,tabicl,20260911,2006H1,13,23280,405,brier_uncertainty,0.017094254835795516,,,True
2002H2-E,E,tabicl,20260911,2006H1,13,23280,405,observed_over_expected,1.3952008534670255,1.2636337026146842,1.536553333049472,True
2002H2-E,E,tabicl,20260911,2006H1,13,23280,405,log_oe,0.3330383858890091,0.23399146149156372,0.42954181272434677,True
2002H2-E,E,tabicl,20260911,2006H1,13,23280,405,cox_intercept,-0.6750526667623189,-0.9928094770869914,-0.3572958564376464,True
2002H2-E,E,tabicl,20260911,2006H1,13,23280,405,cox_slope,0.7260354299896938,0.649551709144083,0.8025191508353047,True
2002H2-E,E,tabicl,20260911,2006H1,13,23280,405,psi,0.0353777664271473,,,True
2002H2-E,E,tabicl,20260911,2006H1,13,23280,405,psi_critical,0.0010651397584764489,,,True
2002H2-E,E,tabicl,20260911,2006H2,15,23898,525,auc,0.7797794361829787,0.7615562652327735,0.7980026071331839,True
2002H2-E,E,tabicl,20260911,2006H2,15,23898,525,gini,0.5595588723659575,0.5231125304655471,0.5960052142663679,True
2002H2-E,E,tabicl,20260911,2006H2,15,23898,525,ks,0.4301424720831729,,,True
2002H2-E,E,tabicl,20260911,2006H2,15,23898,525,brier,0.0210758218059342,,,True
2002H2-E,E,tabicl,20260911,2006H2,15,23898,525,brier_miscalibration,0.00022885561101818747,,,True
2002H2-E,E,tabicl,20260911,2006H2,15,23898,525,brier_discrimination,0.0006387902735900779,,,True
2002H2-E,E,tabicl,20260911,2006H2,15,23898,525,brier_uncertainty,0.02148575646850609,,,True
2002H2-E,E,tabicl,20260911,2006H2,15,23898,525,observed_over_expected,1.7107186819186178,1.5689118874930437,1.8616755463738448,True
2002H2-E,E,tabicl,20260911,2006H2,15,23898,525,log_oe,0.5369135640446538,0.4503823137883863,0.621476913603816,True
2002H2-E,E,tabicl,20260911,2006H2,15,23898,525,cox_intercept,-0.41692652235705174,-0.6982253101103247,-0.13562773460377875,True
2002H2-E,E,tabicl,20260911,2006H2,15,23898,525,cox_slope,0.735690496139616,0.6676202506940327,0.8037607415851993,True
2002H2-E,E,tabicl,20260911,2006H2,15,23898,525,psi,0.04504632701947944,,,True
2002H2-E,E,tabicl,20260911,2006H2,15,23898,525,psi_critical,0.001046345808876259,,,True
2002H2-E,E,tabicl,20260911,2007H1,17,23169,808,auc,0.7830881848302893,0.7688546216326374,0.7973217480279412,True
2002H2-E,E,tabicl,20260911,2007H1,17,23169,808,gini,0.5661763696605786,0.5377092432652748,0.5946434960558824,True
2002H2-E,E,tabicl,20260911,2007H1,17,23169,808,ks,0.4233994963827138,,,True
2002H2-E,E,tabicl,20260911,2007H1,17,23169,808,brier,0.03302005758665206,,,True
2002H2-E,E,tabicl,20260911,2007H1,17,23169,808,brier_miscalibration,0.000879914080208051,,,True
2002H2-E,E,tabicl,20260911,2007H1,17,23169,808,brier_discrimination,0.0015178330247074545,,,True
2002H2-E,E,tabicl,20260911,2007H1,17,23169,808,brier_uncertainty,0.03365797653115146,,,True
2002H2-E,E,tabicl,20260911,2007H1,17,23169,808,observed_over_expected,2.490949734573895,2.3248541993055953,2.665445258884393,True
2002H2-E,E,tabicl,20260911,2007H1,17,23169,808,log_oe,0.9126640572622754,0.8436573270968788,0.9803711201665458,True
2002H2-E,E,tabicl,20260911,2007H1,17,23169,808,cox_intercept,0.0046701327906842624,-0.21927821569000394,0.22861848127137246,True
2002H2-E,E,tabicl,20260911,2007H1,17,23169,808,cox_slope,0.7320207029109685,0.6774126011430377,0.7866288046788994,True
2002H2-E,E,tabicl,20260911,2007H1,17,23169,808,psi,0.058803084528923924,,,True
2002H2-E,E,tabicl,20260911,2007H1,17,23169,808,psi_critical,0.0010686215825909393,,,True
2002H2-E,E,tabicl,20260911,2007H2,19,24367,1560,auc,0.7640078029349964,0.7534396046408922,0.7745760012291005,True
2002H2-E,E,tabicl,20260911,2007H2,19,24367,1560,gini,0.5280156058699927,0.5068792092817844,0.5491520024582011,True
2002H2-E,E,tabicl,20260911,2007H2,19,24367,1560,ks,0.40984998982543597,,,True
2002H2-E,E,tabicl,20260911,2007H2,19,24367,1560,brier,0.06059247506073669,,,True
2002H2-E,E,tabicl,20260911,2007H2,19,24367,1560,brier_miscalibration,0.004210277367071184,,,True
2002H2-E,E,tabicl,20260911,2007H2,19,24367,1560,brier_discrimination,0.003540124350157839,,,True
2002H2-E,E,tabicl,20260911,2007H2,19,24367,1560,brier_uncertainty,0.05992232204382335,,,True
2002H2-E,E,tabicl,20260911,2007H2,19,24367,1560,observed_over_expected,4.525157885195214,4.310146145654622,4.74755445643303,True
2002H2-E,E,tabicl,20260911,2007H2,19,24367,1560,log_oe,1.5096524682990347,1.4609718120453288,1.5576296341878657,True
2002H2-E,E,tabicl,20260911,2007H2,19,24367,1560,cox_intercept,0.3735693122113197,0.20498621229866532,0.5421524121239741,True
2002H2-E,E,tabicl,20260911,2007H2,19,24367,1560,cox_slope,0.6561160031988336,0.6169278064798652,0.6953041999178019,True
2002H2-E,E,tabicl,20260911,2007H2,19,24367,1560,psi,0.056446243705073174,,,True
2002H2-E,E,tabicl,20260911,2007H2,19,24367,1560,psi_critical,0.0010327193396994369,,,True
2002H2-E,E,tabicl,20260911,2008H1,21,24660,1109,auc,0.7785469433237745,0.7663207630477917,0.7907731235997573,True
2002H2-E,E,tabicl,20260911,2008H1,21,24660,1109,gini,0.557093886647549,0.5326415260955835,0.5815462471995145,True
2002H2-E,E,tabicl,20260911,2008H1,21,24660,1109,ks,0.4222901479776886,,,True
2002H2-E,E,tabicl,20260911,2008H1,21,24660,1109,brier,0.043116146229781,,,True
2002H2-E,E,tabicl,20260911,2008H1,21,24660,1109,brier_miscalibration,0.0024713393849479307,,,True
2002H2-E,E,tabicl,20260911,2008H1,21,24660,1109,brier_discrimination,0.0023043610436407624,,,True
2002H2-E,E,tabicl,20260911,2008H1,21,24660,1109,brier_uncertainty,0.04294916788847383,,,True
2002H2-E,E,tabicl,20260911,2008H1,21,24660,1109,observed_over_expected,5.000165180932258,4.716297134041608,5.2960314186232065,True
2002H2-E,E,tabicl,20260911,2008H1,21,24660,1109,log_oe,1.609470948074869,1.5510239862123294,1.6669577511365974,True
2002H2-E,E,tabicl,20260911,2008H1,21,24660,1109,cox_intercept,0.5013260311986145,0.2916371154171604,0.7110149469800686,True
2002H2-E,E,tabicl,20260911,2008H1,21,24660,1109,cox_slope,0.7006027159124643,0.6554647675870666,0.7457406642378619,True
2002H2-E,E,tabicl,20260911,2008H1,21,24660,1109,psi,0.005120929807233848,,,True
2002H2-E,E,tabicl,20260911,2008H1,21,24660,1109,psi_critical,0.0010244694792870743,,,True
2002H2-E,E,tabicl,20260911,2008H2,23,24746,863,auc,0.7912058393591123,0.7776089811988084,0.8048026975194161,True
2002H2-E,E,tabicl,20260911,2008H2,23,24746,863,gini,0.5824116787182245,0.5552179623976168,0.6096053950388323,True
2002H2-E,E,tabicl,20260911,2008H2,23,24746,863,ks,0.4459650219307343,,,True
2002H2-E,E,tabicl,20260911,2008H2,23,24746,863,brier,0.03357332245778369,,,True
2002H2-E,E,tabicl,20260911,2008H2,23,24746,863,brier_miscalibration,0.0016388207785930434,,,True
2002H2-E,E,tabicl,20260911,2008H2,23,24746,863,brier_discrimination,0.0017236030304558572,,,True
2002H2-E,E,tabicl,20260911,2008H2,23,24746,863,brier_uncertainty,0.0336581047096465,,,True
2002H2-E,E,tabicl,20260911,2008H2,23,24746,863,observed_over_expected,4.729079828107556,4.423801842621997,5.0492832055871615,True
2002H2-E,E,tabicl,20260911,2008H2,23,24746,863,log_oe,1.5537306440664316,1.4869994717661428,1.6192462937252152,True
2002H2-E,E,tabicl,20260911,2008H2,23,24746,863,cox_intercept,0.7524831696978977,0.4984948942084779,1.0064714451873176,True
2002H2-E,E,tabicl,20260911,2008H2,23,24746,863,cox_slope,0.7901808166481996,0.7360449066169815,0.8443167266794177,True
2002H2-E,E,tabicl,20260911,2008H2,23,24746,863,psi,0.025497330542778678,,,True
2002H2-E,E,tabicl,20260911,2008H2,23,24746,863,psi_critical,0.0010220851046916352,,,True
2002H2-E,E,tabicl,20260911,2009H1,25,24844,119,auc,0.8083567987356719,0.7739761270713934,0.8427374703999504,True
2002H2-E,E,tabicl,20260911,2009H1,25,24844,119,gini,0.6167135974713438,0.5479522541427868,0.6854749407999008,True
2002H2-E,E,tabicl,20260911,2009H1,25,24844,119,ks,0.4723001758843073,,,True
2002H2-E,E,tabicl,20260911,2009H1,25,24844,119,brier,0.004748669479791714,,,True
2002H2-E,E,tabicl,20260911,2009H1,25,24844,119,brier_miscalibration,5.093710633437363e-05,,,True
2002H2-E,E,tabicl,20260911,2009H1,25,24844,119,brier_discrimination,6.921349758167838e-05,,,True
2002H2-E,E,tabicl,20260911,2009H1,25,24844,119,brier_uncertainty,0.0047669458710390186,,,True
2002H2-E,E,tabicl,20260911,2009H1,25,24844,119,observed_over_expected,1.1771713412825866,0.9755705300731489,1.4079970228417014,True
2002H2-E,E,tabicl,20260911,2009H1,25,24844,119,log_oe,0.16311439226482535,-0.024732820073703938,0.34216814327459627,True
2002H2-E,E,tabicl,20260911,2009H1,25,24844,119,cox_intercept,-0.731712829253891,-1.3734285869809995,-0.0899970715267826,True
2002H2-E,E,tabicl,20260911,2009H1,25,24844,119,cox_slope,0.8086063979224464,0.6823994201694817,0.934813375675411,True
2002H2-E,E,tabicl,20260911,2009H1,25,24844,119,psi,0.3119809406267334,,,True
2002H2-E,E,tabicl,20260911,2009H1,25,24844,119,psi_critical,0.001019388149927719,,,True
2002H2-E,E,tabicl,20260911,2009H2,27,24709,196,auc,0.8524082806540803,0.8273698803985305,0.87744668090963,True
2002H2-E,E,tabicl,20260911,2009H2,27,24709,196,gini,0.7048165613081605,0.6547397607970611,0.7548933618192599,True
2002H2-E,E,tabicl,20260911,2009H2,27,24709,196,ks,0.5723770477472594,,,True
2002H2-E,E,tabicl,20260911,2009H2,27,24709,196,brier,0.007681936232716113,,,True
2002H2-E,E,tabicl,20260911,2009H2,27,24709,196,brier_miscalibration,6.11973246839705e-05,,,True
2002H2-E,E,tabicl,20260911,2009H2,27,24709,196,brier_discrimination,0.0002486715440171809,,,True
2002H2-E,E,tabicl,20260911,2009H2,27,24709,196,brier_uncertainty,0.007869410452049324,,,True
2002H2-E,E,tabicl,20260911,2009H2,27,24709,196,observed_over_expected,1.245764103599397,1.0780130263638277,1.4320531386180606,True
2002H2-E,E,tabicl,20260911,2009H2,27,24709,196,log_oe,0.2197490794874736,0.07511955623923969,0.35910917582347607,True
2002H2-E,E,tabicl,20260911,2009H2,27,24709,196,cox_intercept,-0.1116749427722056,-0.5435192826810634,0.32016939713665216,True
2002H2-E,E,tabicl,20260911,2009H2,27,24709,196,cox_slope,0.9161602038174435,0.8184249750912902,1.0138954325435967,True
2002H2-E,E,tabicl,20260911,2009H2,27,24709,196,psi,0.10446271543212857,,,True
2002H2-E,E,tabicl,20260911,2009H2,27,24709,196,psi_critical,0.0010231089059562013,,,True
2002H2-E,E,tabicl,20260911,2010H1,29,24843,191,auc,0.8384949916449542,0.809004694066622,0.8679852892232864,True
2002H2-E,E,tabicl,20260911,2010H1,29,24843,191,gini,0.6769899832899084,0.618009388133244,0.7359705784465729,True
2002H2-E,E,tabicl,20260911,2010H1,29,24843,191,ks,0.5705504390752787,,,True
2002H2-E,E,tabicl,20260911,2010H1,29,24843,191,brier,0.007444451307439102,,,True
2002H2-E,E,tabicl,20260911,2010H1,29,24843,191,brier_miscalibration,7.81508182093587e-05,,,True
2002H2-E,E,tabicl,20260911,2010H1,29,24843,191,brier_discrimination,0.0002628722378567828,,,True
2002H2-E,E,tabicl,20260911,2010H1,29,24843,191,brier_uncertainty,0.0076291727270865264,,,True
2002H2-E,E,tabicl,20260911,2010H1,29,24843,191,observed_over_expected,1.053477154808243,0.909826766505838,1.2132272883188935,True
2002H2-E,E,tabicl,20260911,2010H1,29,24843,191,log_oe,0.05209626898497336,-0.09450106407034009,0.1932839894237843,True
2002H2-E,E,tabicl,20260911,2010H1,29,24843,191,cox_intercept,-0.5106110473714155,-0.9197026339355131,-0.10151946080731789,True
2002H2-E,E,tabicl,20260911,2010H1,29,24843,191,cox_slope,0.8555839004330422,0.7613358232033908,0.9498319776626937,True
2002H2-E,E,tabicl,20260911,2010H1,29,24843,191,psi,0.09034400217636204,,,True
2002H2-E,E,tabicl,20260911,2010H1,29,24843,191,psi_critical,0.0010194155624220973,,,True
2002H2-E,E,tabicl,20260911,2010H2,31,24683,152,auc,0.8568504352173083,0.8264760067155303,0.8872248637190863,True
2002H2-E,E,tabicl,20260911,2010H2,31,24683,152,gini,0.7137008704346166,0.6529520134310607,0.7744497274381725,True
2002H2-E,E,tabicl,20260911,2010H2,31,24683,152,ks,0.5772457084376589,,,True
2002H2-E,E,tabicl,20260911,2010H2,31,24683,152,brier,0.005993212928269777,,,True
2002H2-E,E,tabicl,20260911,2010H2,31,24683,152,brier_miscalibration,6.416128885175336e-05,,,True
2002H2-E,E,tabicl,20260911,2010H2,31,24683,152,brier_discrimination,0.0001911108673370585,,,True
2002H2-E,E,tabicl,20260911,2010H2,31,24683,152,brier_uncertainty,0.0061201625067550825,,,True
2002H2-E,E,tabicl,20260911,2010H2,31,24683,152,observed_over_expected,1.0010712960668464,0.8486358813348196,1.1728449353929677,True
2002H2-E,E,tabicl,20260911,2010H2,31,24683,152,log_oe,0.0010707226387193204,-0.1641250641301792,0.1594323660419181,True
2002H2-E,E,tabicl,20260911,2010H2,31,24683,152,cox_intercept,-0.4974464245735383,-0.9489586078682692,-0.04593424127880741,True
2002H2-E,E,tabicl,20260911,2010H2,31,24683,152,cox_slope,0.8747378705089133,0.7722539665100057,0.9772217745078209,True
2002H2-E,E,tabicl,20260911,2010H2,31,24683,152,psi,0.21568073214078226,,,True
2002H2-E,E,tabicl,20260911,2010H2,31,24683,152,psi_critical,0.0010238301701137374,,,True
2002H2-E,E,tabicl,20260911,2011H1,33,24614,195,auc,0.8608250616113347,0.8367379985028869,0.8849121247197824,True
2002H2-E,E,tabicl,20260911,2011H1,33,24614,195,gini,0.7216501232226693,0.6734759970057738,0.7698242494395648,True
2002H2-E,E,tabicl,20260911,2011H1,33,24614,195,ks,0.5931079308777003,,,True
2002H2-E,E,tabicl,20260911,2011H1,33,24614,195,brier,0.007744403307177848,,,True
2002H2-E,E,tabicl,20260911,2011H1,33,24614,195,brier_miscalibration,0.0001361701377012867,,,True
2002H2-E,E,tabicl,20260911,2011H1,33,24614,195,brier_discrimination,0.00025132429688589936,,,True
2002H2-E,E,tabicl,20260911,2011H1,33,24614,195,brier_uncertainty,0.00785955746636246,,,True
2002H2-E,E,tabicl,20260911,2011H1,33,24614,195,observed_over_expected,0.9353690872227997,0.8091034987587923,1.075626199469565,True
2002H2-E,E,tabicl,20260911,2011H1,33,24614,195,log_oe,-0.06681408189219963,-0.21182843591766018,0.07290300312035132,True
2002H2-E,E,tabicl,20260911,2011H1,33,24614,195,cox_intercept,-0.5785000961463321,-0.9608040121416115,-0.19619618015105272,True
2002H2-E,E,tabicl,20260911,2011H1,33,24614,195,cox_slope,0.8627322389429065,0.7702574214418327,0.9552070564439803,True
2002H2-E,E,tabicl,20260911,2011H1,33,24614,195,psi,0.07751937955894196,,,True
2002H2-E,E,tabicl,20260911,2011H1,33,24614,195,psi_critical,0.0010257516819624198,,,True
2002H2-E,E,tabicl,20260911,2011H2,35,24646,119,auc,0.886790856106784,0.8593680879153911,0.9142136242981769,True
2002H2-E,E,tabicl,20260911,2011H2,35,24646,119,gini,0.773581712213568,0.7187361758307822,0.8284272485963537,True
2002H2-E,E,tabicl,20260911,2011H2,35,24646,119,ks,0.6544178889805198,,,True
2002H2-E,E,tabicl,20260911,2011H2,35,24646,119,brier,0.004795350275113456,,,True
2002H2-E,E,tabicl,20260911,2011H2,35,24646,119,brier_miscalibration,0.00013219991668268066,,,True
2002H2-E,E,tabicl,20260911,2011H2,35,24646,119,brier_discrimination,0.00014190620262964724,,,True
2002H2-E,E,tabicl,20260911,2011H2,35,24646,119,brier_uncertainty,0.004805056561060422,,,True
2002H2-E,E,tabicl,20260911,2011H2,35,24646,119,observed_over_expected,0.7656889834829501,0.6345600956018278,0.9158256605361805,True
2002H2-E,E,tabicl,20260911,2011H2,35,24646,119,log_oe,-0.26697921847740014,-0.45482328299226443,-0.08792925934804167,True
2002H2-E,E,tabicl,20260911,2011H2,35,24646,119,cox_intercept,-0.5792283802581997,-1.0651584986380076,-0.0932982618783918,True
2002H2-E,E,tabicl,20260911,2011H2,35,24646,119,cox_slope,0.9222237273814815,0.8071652814754109,1.0372821732875521,True
2002H2-E,E,tabicl,20260911,2011H2,35,24646,119,psi,0.2291601569834787,,,True
2002H2-E,E,tabicl,20260911,2011H2,35,24646,119,psi_critical,0.0010248592082078211,,,True
2002H2-E,E,tabicl,20260911,2012H1,37,24306,148,auc,0.8711925767973454,0.8482247305994496,0.8941604229952412,True
2002H2-E,E,tabicl,20260911,2012H1,37,24306,148,gini,0.7423851535946908,0.6964494611988992,0.7883208459904825,True
2002H2-E,E,tabicl,20260911,2012H1,37,24306,148,ks,0.6226866820459005,,,True
2002H2-E,E,tabicl,20260911,2012H1,37,24306,148,brier,0.006275042982358503,,,True
2002H2-E,E,tabicl,20260911,2012H1,37,24306,148,brier_miscalibration,0.0003749483068898416,,,True
2002H2-E,E,tabicl,20260911,2012H1,37,24306,148,brier_discrimination,0.00015186053459477315,,,True
2002H2-E,E,tabicl,20260911,2012H1,37,24306,148,brier_uncertainty,0.006051955210063435,,,True
2002H2-E,E,tabicl,20260911,2012H1,37,24306,148,observed_over_expected,0.5149370730966993,0.4355158381517124,0.6045794590724977,True
2002H2-E,E,tabicl,20260911,2012H1,37,24306,148,log_oe,-0.6637105739457313,-0.8312241156087059,-0.5032221716226265,True
2002H2-E,E,tabicl,20260911,2012H1,37,24306,148,cox_intercept,-1.1606035306417446,-1.5630842222158128,-0.7581228390676764,True
2002H2-E,E,tabicl,20260911,2012H1,37,24306,148,cox_slope,0.8606265949842481,0.7522037846646609,0.9690494053038353,True
2002H2-E,E,tabicl,20260911,2012H1,37,24306,148,psi,0.09392731706991314,,,True
2002H2-E,E,tabicl,20260911,2012H1,37,24306,148,psi_critical,0.0010344619023195318,,,True
2002H2-E,E,tabicl,20260911,2012H2,39,24538,131,auc,0.8634162643241191,0.8342387450858522,0.8925937835623861,True
2002H2-E,E,tabicl,20260911,2012H2,39,24538,131,gini,0.7268325286482382,0.6684774901717043,0.7851875671247721,True
2002H2-E,E,tabicl,20260911,2012H2,39,24538,131,ks,0.6128873051999536,,,True
2002H2-E,E,tabicl,20260911,2012H2,39,24538,131,brier,0.005533831413041398,,,True
2002H2-E,E,tabicl,20260911,2012H2,39,24538,131,brier_miscalibration,0.00034578818446681647,,,True
2002H2-E,E,tabicl,20260911,2012H2,39,24538,131,brier_discrimination,0.0001221139052030194,,,True
2002H2-E,E,tabicl,20260911,2012H2,39,24538,131,brier_uncertainty,0.005310157133777601,,,True
2002H2-E,E,tabicl,20260911,2012H2,39,24538,131,observed_over_expected,0.49653886052326046,0.4153285397713234,0.5889195050043781,True
2002H2-E,E,tabicl,20260911,2012H2,39,24538,131,log_oe,-0.7000935296307385,-0.8786854098510166,-0.5294657684994812,True
2002H2-E,E,tabicl,20260911,2012H2,39,24538,131,cox_intercept,-1.2910012151320251,-1.7182810739022465,-0.8637213563618038,True
2002H2-E,E,tabicl,20260911,2012H2,39,24538,131,cox_slope,0.8364262948782876,0.7254869454336257,0.9473656443229495,True
2002H2-E,E,tabicl,20260911,2012H2,39,24538,131,psi,0.09093030654314367,,,True
2002H2-E,E,tabicl,20260911,2012H2,39,24538,131,psi_critical,0.0010278806363136351,,,True
2002H2-E,E,tabicl,20260911,2013H1,41,24341,85,auc,0.8507799161881113,0.8165425455599633,0.8850172868162594,False
2002H2-E,E,tabicl,20260911,2013H1,41,24341,85,gini,0.7015598323762227,0.6330850911199266,0.7700345736325187,False
2002H2-E,E,tabicl,20260911,2013H1,41,24341,85,ks,0.5720379675616948,,,False
2002H2-E,E,tabicl,20260911,2013H1,41,24341,85,brier,0.003931949582615171,,,False
2002H2-E,E,tabicl,20260911,2013H1,41,24341,85,brier_miscalibration,0.000534849754045164,,,False
2002H2-E,E,tabicl,20260911,2013H1,41,24341,85,brier_discrimination,8.27562049439015e-05,,,False
2002H2-E,E,tabicl,20260911,2013H1,41,24341,85,brier_uncertainty,0.0034798560335139086,,,False
2002H2-E,E,tabicl,20260911,2013H1,41,24341,85,observed_over_expected,0.31126205307590993,0.24870741527088075,0.38472131733518783,False
2002H2-E,E,tabicl,20260911,2013H1,41,24341,85,log_oe,-1.167120107211124,-1.3914781124898845,-0.95523605787847,False
2002H2-E,E,tabicl,20260911,2013H1,41,24341,85,cox_intercept,-1.896931378464088,-2.416221866536343,-1.3776408903918331,False
2002H2-E,E,tabicl,20260911,2013H1,41,24341,85,cox_slope,0.7991173099018296,0.665698274777233,0.9325363450264262,False
2002H2-E,E,tabicl,20260911,2013H1,41,24341,85,psi,0.057747152897581006,,,False
2002H2-E,E,tabicl,20260911,2013H1,41,24341,85,psi_critical,0.0010334610033319,,,False
2002H2-E,E,tabicl,20260911,2013H2,43,23974,142,auc,0.8319938513254755,0.8025680247488723,0.8614196779020787,True
2002H2-E,E,tabicl,20260911,2013H2,43,23974,142,gini,0.6639877026509511,0.6051360494977447,0.7228393558041575,True
2002H2-E,E,tabicl,20260911,2013H2,43,23974,142,ks,0.5035979556425495,,,True
2002H2-E,E,tabicl,20260911,2013H2,43,23974,142,brier,0.006229175418088797,,,True
2002H2-E,E,tabicl,20260911,2013H2,43,23974,142,brier_miscalibration,0.0004791797769138958,,,True
2002H2-E,E,tabicl,20260911,2013H2,43,23974,142,brier_discrimination,0.00013800478285444246,,,True
2002H2-E,E,tabicl,20260911,2013H2,43,23974,142,brier_uncertainty,0.005888000424029344,,,True
2002H2-E,E,tabicl,20260911,2013H2,43,23974,142,observed_over_expected,0.5019497048407219,0.4229770441949011,0.5913159144742313,True
2002H2-E,E,tabicl,20260911,2013H2,43,23974,142,log_oe,-0.6892553538700321,-0.8604373704512638,-0.5254048621352768,True
2002H2-E,E,tabicl,20260911,2013H2,43,23974,142,cox_intercept,-1.523977318362245,-1.943804406715834,-1.1041502300086559,True
2002H2-E,E,tabicl,20260911,2013H2,43,23974,142,cox_slope,0.7687965073180747,0.6639473200717667,0.8736456945643827,True
2002H2-E,E,tabicl,20260911,2013H2,43,23974,142,psi,0.015809716384255795,,,True
2002H2-E,E,tabicl,20260911,2013H2,43,23974,142,psi_critical,0.0010441014843782371,,,True
2002H2-E,E,tabicl,20260911,2014H1,45,24341,137,auc,0.8173136309737065,0.784357864185858,0.850269397761555,True
2002H2-E,E,tabicl,20260911,2014H1,45,24341,137,gini,0.6346272619474129,0.5687157283717159,0.7005387955231099,True
2002H2-E,E,tabicl,20260911,2014H1,45,24341,137,ks,0.49616761179608365,,,True
2002H2-E,E,tabicl,20260911,2014H1,45,24341,137,brier,0.005844111389025672,,,True
2002H2-E,E,tabicl,20260911,2014H1,45,24341,137,brier_miscalibration,0.00032971821993697716,,,True
2002H2-E,E,tabicl,20260911,2014H1,45,24341,137,brier_discrimination,8.229201959397345e-05,,,True
2002H2-E,E,tabicl,20260911,2014H1,45,24341,137,brier_uncertainty,0.005596685188682668,,,True
2002H2-E,E,tabicl,20260911,2014H1,45,24341,137,observed_over_expected,0.5930431696233462,0.4981137900169417,0.7007142415464883,True
2002H2-E,E,tabicl,20260911,2014H1,45,24341,137,log_oe,-0.5224880839438104,-0.6969267340483414,-0.3556551190705234,True
2002H2-E,E,tabicl,20260911,2014H1,45,24341,137,cox_intercept,-1.4834619067788655,-1.942454454613699,-1.024469358944032,True
2002H2-E,E,tabicl,20260911,2014H1,45,24341,137,cox_slope,0.7512360142319776,0.6450020937463463,0.8574699347176089,True
2002H2-E,E,tabicl,20260911,2014H1,45,24341,137,psi,0.027955277554281382,,,True
2002H2-E,E,tabicl,20260911,2014H1,45,24341,137,psi_critical,0.0010334610033319,,,True
2002H2-E,E,tabicl,20260911,2014H2,47,24213,99,auc,0.8135799397307236,0.7752507447875158,0.8519091346739315,False
2002H2-E,E,tabicl,20260911,2014H2,47,24213,99,gini,0.6271598794614472,0.5505014895750315,0.703818269347863,False
2002H2-E,E,tabicl,20260911,2014H2,47,24213,99,ks,0.5025434740538001,,,False
2002H2-E,E,tabicl,20260911,2014H2,47,24213,99,brier,0.004239405868822888,,,False
2002H2-E,E,tabicl,20260911,2014H2,47,24213,99,brier_miscalibration,0.0002245485932451021,,,False
2002H2-E,E,tabicl,20260911,2014H2,47,24213,99,brier_discrimination,5.713782809272511e-05,,,False
2002H2-E,E,tabicl,20260911,2014H2,47,24213,99,brier_uncertainty,0.004071995103670511,,,False
2002H2-E,E,tabicl,20260911,2014H2,47,24213,99,observed_over_expected,0.5225706084051057,0.4248736174573776,0.6359279255192002,False
2002H2-E,E,tabicl,20260911,2014H2,47,24213,99,log_oe,-0.648995168569626,-0.8559635249696741,-0.45267004671908445,False
2002H2-E,E,tabicl,20260911,2014H2,47,24213,99,cox_intercept,-1.5685658002703187,-2.145818544015239,-0.9913130565253986,False
2002H2-E,E,tabicl,20260911,2014H2,47,24213,99,cox_slope,0.7755944160718531,0.6467261395809463,0.9044626925627599,False
2002H2-E,E,tabicl,20260911,2014H2,47,24213,99,psi,0.045554368717744,,,False
2002H2-E,E,tabicl,20260911,2014H2,47,24213,99,psi_critical,0.0010371354933066512,,,False
2002H2-E,E,tabicl,20260911,2015H1,49,24159,83,auc,0.81961314271874,0.7752284714933062,0.8639978139441737,False
2002H2-E,E,tabicl,20260911,2015H1,49,24159,83,gini,0.63922628543748,0.5504569429866124,0.7279956278883475,False
2002H2-E,E,tabicl,20260911,2015H1,49,24159,83,ks,0.5362326528242893,,,False
2002H2-E,E,tabicl,20260911,2015H1,49,24159,83,brier,0.0035082079712842086,,,False
2002H2-E,E,tabicl,20260911,2015H1,49,24159,83,brier_miscalibration,0.0001242788170230432,,,False
2002H2-E,E,tabicl,20260911,2015H1,49,24159,83,brier_discrimination,3.9840350637720436e-05,,,False
2002H2-E,E,tabicl,20260911,2015H1,49,24159,83,brier_uncertainty,0.003423769504898886,,,False
2002H2-E,E,tabicl,20260911,2015H1,49,24159,83,observed_over_expected,0.5444149121161013,0.43376620756276574,0.6746062106455973,False
2002H2-E,E,tabicl,20260911,2015H1,49,24159,83,log_oe,-0.6080436167429049,-0.8352495822802237,-0.39362614998487383,False
2002H2-E,E,tabicl,20260911,2015H1,49,24159,83,cox_intercept,-1.247635189901456,-1.931482591972928,-0.5637877878299838,False
2002H2-E,E,tabicl,20260911,2015H1,49,24159,83,cox_slope,0.8519692394690842,0.7022043472332071,1.0017341317049613,False
2002H2-E,E,tabicl,20260911,2015H1,49,24159,83,psi,0.08442074617897033,,,False
2002H2-E,E,tabicl,20260911,2015H1,49,24159,83,psi_critical,0.0010386973468943647,,,False
2002H2-E,E,tabicl,20260911,2015H2,51,24159,130,auc,0.802002228076971,0.7681857648950112,0.8358186912589307,True
2002H2-E,E,tabicl,20260911,2015H2,51,24159,130,gini,0.6040044561539419,0.5363715297900224,0.6716373825178614,True
2002H2-E,E,tabicl,20260911,2015H2,51,24159,130,ks,0.4717072639791022,,,True
2002H2-E,E,tabicl,20260911,2015H2,51,24159,130,brier,0.00540641467296312,,,True
2002H2-E,E,tabicl,20260911,2015H2,51,24159,130,brier_miscalibration,0.0001206998979036136,,,True
2002H2-E,E,tabicl,20260911,2015H2,51,24159,130,brier_discrimination,6.634730261720432e-05,,,True
2002H2-E,E,tabicl,20260911,2015H2,51,24159,130,brier_uncertainty,0.005352062077676711,,,True
2002H2-E,E,tabicl,20260911,2015H2,51,24159,130,observed_over_expected,0.7857759526013053,0.656791189266306,0.9325741870766349,True
2002H2-E,E,tabicl,20260911,2015H2,51,24159,130,log_oe,-0.24108357476775066,-0.42038913557106683,-0.0698065734419318,True
2002H2-E,E,tabicl,20260911,2015H2,51,24159,130,cox_intercept,-1.124586101114757,-1.696736109061276,-0.5524360931682383,True
2002H2-E,E,tabicl,20260911,2015H2,51,24159,130,cox_slope,0.7928216732572079,0.6690367158810893,0.9166066306333265,True
2002H2-E,E,tabicl,20260911,2015H2,51,24159,130,psi,0.05649264919423485,,,True
2002H2-E,E,tabicl,20260911,2015H2,51,24159,130,psi_critical,0.0010386973468943647,,,True
2002H2-E,E,tabicl,20260911,2016H1,53,24632,115,auc,0.7964494911250578,0.7509886923937917,0.8419102898563239,True
2002H2-E,E,tabicl,20260911,2016H1,53,24632,115,gini,0.5928989822501156,0.5019773847875835,0.6838205797126478,True
2002H2-E,E,tabicl,20260911,2016H1,53,24632,115,ks,0.5046886721015231,,,True
2002H2-E,E,tabicl,20260911,2016H1,53,24632,115,brier,0.004679585855697668,,,True
2002H2-E,E,tabicl,20260911,2016H1,53,24632,115,brier_miscalibration,9.610688723008052e-05,,,True
2002H2-E,E,tabicl,20260911,2016H1,53,24632,115,brier_discrimination,6.344766293344978e-05,,,True
2002H2-E,E,tabicl,20260911,2016H1,53,24632,115,brier_uncertainty,0.004646926631401037,,,True
2002H2-E,E,tabicl,20260911,2016H1,53,24632,115,observed_over_expected,0.7074164964788404,0.5842711123815072,0.8487489070890076,True
2002H2-E,E,tabicl,20260911,2016H1,53,24632,115,log_oe,-0.34613568260869926,-0.5373901703469793,-0.16399188778133253,True
2002H2-E,E,tabicl,20260911,2016H1,53,24632,115,cox_intercept,-1.1103242328393708,-1.7328900490665777,-0.4877584166121638,True
2002H2-E,E,tabicl,20260911,2016H1,53,24632,115,cox_slope,0.8228424664643996,0.6877968455188961,0.9578880874099032,True
2002H2-E,E,tabicl,20260911,2016H1,53,24632,115,psi,0.06353452849141722,,,True
2002H2-E,E,tabicl,20260911,2016H1,53,24632,115,psi_critical,0.0010252493801461782,,,True
2002H2-E,E,tabicl,20260911,2016H2,55,24760,121,auc,0.7650674080834691,0.7245136795706913,0.8056211365962468,True
2002H2-E,E,tabicl,20260911,2016H2,55,24760,121,gini,0.5301348161669381,0.4490273591413827,0.6112422731924936,True
2002H2-E,E,tabicl,20260911,2016H2,55,24760,121,ks,0.4491978215011544,,,True
2002H2-E,E,tabicl,20260911,2016H2,55,24760,121,brier,0.004903920883827283,,,True
2002H2-E,E,tabicl,20260911,2016H2,55,24760,121,brier_miscalibration,8.756338324914133e-05,,,True
2002H2-E,E,tabicl,20260911,2016H2,55,24760,121,brier_discrimination,4.6674945312749974e-05,,,True
2002H2-E,E,tabicl,20260911,2016H2,55,24760,121,brier_uncertainty,0.004863032445890892,,,True
2002H2-E,E,tabicl,20260911,2016H2,55,24760,121,observed_over_expected,0.7958527402604995,0.6606392410292107,0.9504892723491946,True
2002H2-E,E,tabicl,20260911,2016H2,55,24760,121,log_oe,-0.2283411099250437,-0.41454736568672995,-0.05077840344117952,True
2002H2-E,E,tabicl,20260911,2016H2,55,24760,121,cox_intercept,-1.6634707845890173,-2.299839299264971,-1.0271022699130636,True
2002H2-E,E,tabicl,20260911,2016H2,55,24760,121,cox_slope,0.6784864072395465,0.5493453715288301,0.8076274429502628,True
2002H2-E,E,tabicl,20260911,2016H2,55,24760,121,psi,0.08028508161057918,,,True
2002H2-E,E,tabicl,20260911,2016H2,55,24760,121,psi_critical,0.0010216985183533317,,,True
2002H2-E,E,tabicl,20260911,2017H1,57,24541,162,auc,0.7721724931242685,0.7420217578942784,0.8023232283542586,True
2002H2-E,E,tabicl,20260911,2017H1,57,24541,162,gini,0.544344986248537,0.48404351578855676,0.6046464567085172,True
2002H2-E,E,tabicl,20260911,2017H1,57,24541,162,ks,0.41263149472400606,,,True
2002H2-E,E,tabicl,20260911,2017H1,57,24541,162,brier,0.0066060897014344365,,,True
2002H2-E,E,tabicl,20260911,2017H1,57,24541,162,brier_miscalibration,0.00011356540200620907,,,True
2002H2-E,E,tabicl,20260911,2017H1,57,24541,162,brier_discrimination,6.509788079176945e-05,,,True
2002H2-E,E,tabicl,20260911,2017H1,57,24541,162,brier_uncertainty,0.006557622180219997,,,True
2002H2-E,E,tabicl,20260911,2017H1,57,24541,162,observed_over_expected,0.8515489992970433,0.7258073866586503,0.9926986083382303,True
2002H2-E,E,tabicl,20260911,2017H1,57,24541,162,log_oe,-0.16069823585264964,-0.3204706069903501,-0.00732817728305116,True
2002H2-E,E,tabicl,20260911,2017H1,57,24541,162,cox_intercept,-1.414670621195987,-1.9401153839909764,-0.8892258584009975,True
2002H2-E,E,tabicl,20260911,2017H1,57,24541,162,cox_slope,0.7028600451597116,0.5902190697492156,0.8155010205702076,True
2002H2-E,E,tabicl,20260911,2017H1,57,24541,162,psi,0.03669766087822932,,,True
2002H2-E,E,tabicl,20260911,2017H1,57,24541,162,psi_critical,0.0010277963486622491,,,True
2002H2-E,E,tabicl,20260911,2017H2,59,24680,143,auc,0.7930319873711487,0.7604862875262357,0.8255776872160616,True
2002H2-E,E,tabicl,20260911,2017H2,59,24680,143,gini,0.5860639747422973,0.5209725750524714,0.6511553744321232,True
2002H2-E,E,tabicl,20260911,2017H2,59,24680,143,ks,0.48104147553958043,,,True
2002H2-E,E,tabicl,20260911,2017H2,59,24680,143,brier,0.005781856772884155,,,True
2002H2-E,E,tabicl,20260911,2017H2,59,24680,143,brier_miscalibration,0.0001529721070486819,,,True
2002H2-E,E,tabicl,20260911,2017H2,59,24680,143,brier_discrimination,0.00013170829850024483,,,True
2002H2-E,E,tabicl,20260911,2017H2,59,24680,143,brier_uncertainty,0.005760592964335718,,,True
2002H2-E,E,tabicl,20260911,2017H2,59,24680,143,observed_over_expected,0.7416833310678485,0.625378093058753,0.8732412696575865,True
2002H2-E,E,tabicl,20260911,2017H2,59,24680,143,log_oe,-0.2988329044468011,-0.46939886325955,-0.13554339287441663,True
2002H2-E,E,tabicl,20260911,2017H2,59,24680,143,cox_intercept,-1.251963133184367,-1.807283680525303,-0.6966425858434311,True
2002H2-E,E,tabicl,20260911,2017H2,59,24680,143,cox_slope,0.7718891000050926,0.6492968768011698,0.8944813232090154,True
2002H2-E,E,tabicl,20260911,2017H2,59,24680,143,psi,0.03340242649452576,,,True
2002H2-E,E,tabicl,20260911,2017H2,59,24680,143,psi_critical,0.0010239134906912927,,,True
2002H2-E,E,tabicl,20260911,2018H1,61,24416,148,auc,0.7499567053042824,0.7111623660048341,0.7887510446037307,True
2002H2-E,E,tabicl,20260911,2018H1,61,24416,148,gini,0.49991341060856476,0.42232473200966814,0.5775020892074614,True
2002H2-E,E,tabicl,20260911,2018H1,61,24416,148,ks,0.3842898444843392,,,True
2002H2-E,E,tabicl,20260911,2018H1,61,24416,148,brier,0.006101074800529516,,,True
2002H2-E,E,tabicl,20260911,2018H1,61,24416,148,brier_miscalibration,0.00013127109594509787,,,True
2002H2-E,E,tabicl,20260911,2018H1,61,24416,148,brier_discrimination,5.505226507387679e-05,,,True
2002H2-E,E,tabicl,20260911,2018H1,61,24416,148,brier_uncertainty,0.006024855969658295,,,True
2002H2-E,E,tabicl,20260911,2018H1,61,24416,148,observed_over_expected,0.7435772141370884,0.6288904249517362,0.8730243241204814,True
2002H2-E,E,tabicl,20260911,2018H1,61,24416,148,log_oe,-0.2962826662387052,-0.46379824262135,-0.13579186084972836,True
2002H2-E,E,tabicl,20260911,2018H1,61,24416,148,cox_intercept,-1.7227909572128783,-2.274609962267042,-1.1709719521587147,True
2002H2-E,E,tabicl,20260911,2018H1,61,24416,148,cox_slope,0.6612000190524379,0.5433273868876101,0.7790726512172657,True
2002H2-E,E,tabicl,20260911,2018H1,61,24416,148,psi,0.030797970591256885,,,True
2002H2-E,E,tabicl,20260911,2018H1,61,24416,148,psi_critical,0.0010313258825568768,,,True
2002H2-E,E,tabicl,20260911,2018H2,63,24543,146,auc,0.7548946339124336,0.7178376534612181,0.7919516143636491,True
2002H2-E,E,tabicl,20260911,2018H2,63,24543,146,gini,0.5097892678248672,0.43567530692243617,0.5839032287272983,True
2002H2-E,E,tabicl,20260911,2018H2,63,24543,146,ks,0.4268060692393686,,,True
2002H2-E,E,tabicl,20260911,2018H2,63,24543,146,brier,0.0060387056875675915,,,True
2002H2-E,E,tabicl,20260911,2018H2,63,24543,146,brier_miscalibration,0.00016517392830887444,,,True
2002H2-E,E,tabicl,20260911,2018H2,63,24543,146,brier_discrimination,3.982371964452412e-05,,,True
2002H2-E,E,tabicl,20260911,2018H2,63,24543,146,brier_uncertainty,0.005913355478903241,,,True
2002H2-E,E,tabicl,20260911,2018H2,63,24543,146,observed_over_expected,0.7118525347279364,0.6013360388063858,0.8366990153100224,True
2002H2-E,E,tabicl,20260911,2018H2,63,24543,146,log_oe,-0.3398845031674147,-0.5086013679140975,-0.17829087255468112,True
2002H2-E,E,tabicl,20260911,2018H2,63,24543,146,cox_intercept,-1.8720868264549417,-2.4368282729178388,-1.3073453799920447,True
2002H2-E,E,tabicl,20260911,2018H2,63,24543,146,cox_slope,0.6371737343347332,0.5170393860416352,0.7573080826278312,True
2002H2-E,E,tabicl,20260911,2018H2,63,24543,146,psi,0.03491185326398996,,,True
2002H2-E,E,tabicl,20260911,2018H2,63,24543,146,psi_critical,0.0010277401683422744,,,True
2002H2-E,E,tabicl,20260911,2019H1,65,24752,110,auc,0.7020179885044748,0.6523110010118686,0.7517249759970811,True
2002H2-E,E,tabicl,20260911,2019H1,65,24752,110,gini,0.40403597700894966,0.3046220020237371,0.5034499519941622,True
2002H2-E,E,tabicl,20260911,2019H1,65,24752,110,ks,0.336184341589747,,,True
2002H2-E,E,tabicl,20260911,2019H1,65,24752,110,brier,0.004533641045371287,,,True
2002H2-E,E,tabicl,20260911,2019H1,65,24752,110,brier_miscalibration,0.00017342664601050113,,,True
2002H2-E,E,tabicl,20260911,2019H1,65,24752,110,brier_discrimination,6.412103268881725e-05,,,True
2002H2-E,E,tabicl,20260911,2019H1,65,24752,110,brier_uncertainty,0.004424335432049603,,,True
2002H2-E,E,tabicl,20260911,2019H1,65,24752,110,observed_over_expected,0.5631844617919352,0.4630432275456471,0.6784797275266992,True
2002H2-E,E,tabicl,20260911,2019H1,65,24752,110,log_oe,-0.5741480636667343,-0.7699348652245773,-0.3879006785224838,True
2002H2-E,E,tabicl,20260911,2019H1,65,24752,110,cox_intercept,-2.565100693994467,-3.242985470905349,-1.887215917083585,True
2002H2-E,E,tabicl,20260911,2019H1,65,24752,110,cox_slope,0.5440825455774733,0.40633521503472114,0.6818298761202254,True
2002H2-E,E,tabicl,20260911,2019H1,65,24752,110,psi,0.048178980614514436,,,True
2002H2-E,E,tabicl,20260911,2019H1,65,24752,110,psi_critical,0.0010219193712836035,,,True
2002H2-E,E,tabicl,20260911,2019H2,67,24861,136,auc,0.6675744959257718,0.6215054651767851,0.7136435266747585,True
2002H2-E,E,tabicl,20260911,2019H2,67,24861,136,gini,0.33514899185154357,0.24301093035357013,0.427287053349517,True
2002H2-E,E,tabicl,20260911,2019H2,67,24861,136,ks,0.2665375007434723,,,True
2002H2-E,E,tabicl,20260911,2019H2,67,24861,136,brier,0.005539579488157115,,,True
2002H2-E,E,tabicl,20260911,2019H2,67,24861,136,brier_miscalibration,0.00011497288375412595,,,True
2002H2-E,E,tabicl,20260911,2019H2,67,24861,136,brier_discrimination,1.5883459979287688e-05,,,True
2002H2-E,E,tabicl,20260911,2019H2,67,24861,136,brier_uncertainty,0.0054404900643822765,,,True
2002H2-E,E,tabicl,20260911,2019H2,67,24861,136,observed_over_expected,0.8369198438195061,0.7024741860768785,0.9894867603290504,True
2002H2-E,E,tabicl,20260911,2019H2,67,24861,136,log_oe,-0.1780269791245126,-0.35314662424741733,-0.01056889419168935,True
2002H2-E,E,tabicl,20260911,2019H2,67,24861,136,cox_intercept,-2.841965938483815,-3.504820073839453,-2.1791118031281775,True
2002H2-E,E,tabicl,20260911,2019H2,67,24861,136,cox_slope,0.42743786079190327,0.3025713585946078,0.5523043629891987,True
2002H2-E,E,tabicl,20260911,2019H2,67,24861,136,psi,0.06533702753197815,,,True
2002H2-E,E,tabicl,20260911,2019H2,67,24861,136,psi_critical,0.0010189224749281938,,,True
2002H2-E,E,tabicl,20260911,2020H1,69,24880,111,auc,0.663899476205181,0.611083919198796,0.7167150332115659,True
2002H2-E,E,tabicl,20260911,2020H1,69,24880,111,gini,0.32779895241036194,0.22216783839759202,0.43343006642313187,True
2002H2-E,E,tabicl,20260911,2020H1,69,24880,111,ks,0.2647238865495557,,,True
2002H2-E,E,tabicl,20260911,2020H1,69,24880,111,brier,0.004499581094289916,,,True
2002H2-E,E,tabicl,20260911,2020H1,69,24880,111,brier_miscalibration,7.004087221921043e-05,,,True
2002H2-E,E,tabicl,20260911,2020H1,69,24880,111,brier_discrimination,1.1970346988754606e-05,,,True
2002H2-E,E,tabicl,20260911,2020H1,69,24880,111,brier_uncertainty,0.00444151056905946,,,True
2002H2-E,E,tabicl,20260911,2020H1,69,24880,111,observed_over_expected,0.8634665979627038,0.7105915268699636,1.0393623540165196,True
2002H2-E,E,tabicl,20260911,2020H1,69,24880,111,log_oe,-0.14680006429447062,-0.34165751937572425,0.03860740397969141,True
2002H2-E,E,tabicl,20260911,2020H1,69,24880,111,cox_intercept,-2.9825983390305897,-3.7421831894830593,-2.22301348857812,True
2002H2-E,E,tabicl,20260911,2020H1,69,24880,111,cox_slope,0.419676817781807,0.28298828005433085,0.5563653555092831,True
2002H2-E,E,tabicl,20260911,2020H1,69,24880,111,psi,0.13543833341744443,,,True
2002H2-E,E,tabicl,20260911,2020H1,69,24880,111,psi_critical,0.001018402767712202,,,True
2002H2-E,E,tabicl,20260911,2020H2,71,24919,71,auc,0.663787659958463,0.5971987638417962,0.7303765560751299,False
2002H2-E,E,tabicl,20260911,2020H2,71,24919,71,gini,0.327575319916926,0.1943975276835923,0.4607531121502597,False
2002H2-E,E,tabicl,20260911,2020H2,71,24919,71,ks,0.2835589681035343,,,False
2002H2-E,E,tabicl,20260911,2020H2,71,24919,71,brier,0.0028883961132993045,,,False
2002H2-E,E,tabicl,20260911,2020H2,71,24919,71,brier_miscalibration,5.2536819315993685e-05,,,False
2002H2-E,E,tabicl,20260911,2020H2,71,24919,71,brier_discrimination,5.254095911284232e-06,,,False
2002H2-E,E,tabicl,20260911,2020H2,71,24919,71,brier_uncertainty,0.002841113389894595,,,False
2002H2-E,E,tabicl,20260911,2020H2,71,24919,71,observed_over_expected,0.6706852438883796,0.5239637898126737,0.8456630432140503,False
2002H2-E,E,tabicl,20260911,2020H2,71,24919,71,log_oe,-0.3994553371794839,-0.6463327004597738,-0.16763429278929262,False
2002H2-E,E,tabicl,20260911,2020H2,71,24919,71,cox_intercept,-3.332541470585602,-4.311180793052827,-2.3539021481183764,False
2002H2-E,E,tabicl,20260911,2020H2,71,24919,71,cox_slope,0.42262340635170703,0.25225756834469104,0.592989244358723,False
2002H2-E,E,tabicl,20260911,2020H2,71,24919,71,psi,0.24103280217140935,,,False
2002H2-E,E,tabicl,20260911,2020H2,71,24919,71,psi_critical,0.001017338483214061,,,False
2002H2-E,E,tabicl,20260911,2021H1,73,24909,90,auc,0.7425502862949982,0.6908272273855823,0.7942733452044141,False
2002H2-E,E,tabicl,20260911,2021H1,73,24909,90,gini,0.4851005725899964,0.38165445477116466,0.5885466904088281,False
2002H2-E,E,tabicl,20260911,2021H1,73,24909,90,ks,0.4064251850061109,,,False
2002H2-E,E,tabicl,20260911,2021H1,73,24909,90,brier,0.003633151115540788,,,False
2002H2-E,E,tabicl,20260911,2021H1,73,24909,90,brier_miscalibration,5.153902205680839e-05,,,False
2002H2-E,E,tabicl,20260911,2021H1,73,24909,90,brier_discrimination,1.8484912877032682e-05,,,False
2002H2-E,E,tabicl,20260911,2021H1,73,24909,90,brier_uncertainty,0.0036000970063610124,,,False
2002H2-E,E,tabicl,20260911,2021H1,73,24909,90,observed_over_expected,0.7152628381256335,0.5753479974169495,0.8788152526246301,False
2002H2-E,E,tabicl,20260911,2021H1,73,24909,90,log_oe,-0.33510519806845956,-0.5527802083532111,-0.1291805824267708,False
2002H2-E,E,tabicl,20260911,2021H1,73,24909,90,cox_intercept,-1.9833749545508106,-2.7787708771939887,-1.1879790319076324,False
2002H2-E,E,tabicl,20260911,2021H1,73,24909,90,cox_slope,0.6499870923898696,0.4959812054573312,0.8039929793224081,False
2002H2-E,E,tabicl,20260911,2021H1,73,24909,90,psi,0.1459288927272135,,,False
2002H2-E,E,tabicl,20260911,2021H1,73,24909,90,psi_critical,0.0010176110589622332,,,False
2002H2-E,E,tabicl,20260911,2021H2,75,24929,136,auc,0.7311618139370458,0.6908767999764563,0.7714468278976353,True
2002H2-E,E,tabicl,20260911,2021H2,75,24929,136,gini,0.46232362787409165,0.3817535999529127,0.5428936557952706,True
2002H2-E,E,tabicl,20260911,2021H2,75,24929,136,ks,0.3586306381545075,,,True
2002H2-E,E,tabicl,20260911,2021H2,75,24929,136,brier,0.005451370142951096,,,True
2002H2-E,E,tabicl,20260911,2021H2,75,24929,136,brier_miscalibration,5.4653547849502736e-05,,,True
2002H2-E,E,tabicl,20260911,2021H2,75,24929,136,brier_discrimination,2.901459628800243e-05,,,True
2002H2-E,E,tabicl,20260911,2021H2,75,24929,136,brier_uncertainty,0.005425731191389596,,,True
2002H2-E,E,tabicl,20260911,2021H2,75,24929,136,observed_over_expected,0.9163020463118129,0.7691032766086833,1.0833414815611142,True
2002H2-E,E,tabicl,20260911,2021H2,75,24929,136,log_oe,-0.08740922378001027,-0.2625300186126622,0.08005022908627903,True
2002H2-E,E,tabicl,20260911,2021H2,75,24929,136,cox_intercept,-1.8752606735761599,-2.5294624860746566,-1.2210588610776631,True
2002H2-E,E,tabicl,20260911,2021H2,75,24929,136,cox_slope,0.6112765993911193,0.4822348044923841,0.7403183942898546,True
2002H2-E,E,tabicl,20260911,2021H2,75,24929,136,psi,0.07190935384236576,,,True
2002H2-E,E,tabicl,20260911,2021H2,75,24929,136,psi_critical,0.0010170661261475434,,,True
2002H2-E,E,tabicl,20260911,2022H1,77,24889,291,auc,0.7709027834241267,0.7473301698246905,0.7944753970235628,True
2002H2-E,E,tabicl,20260911,2022H1,77,24889,291,gini,0.5418055668482533,0.49466033964938094,0.5889507940471257,True
2002H2-E,E,tabicl,20260911,2022H1,77,24889,291,ks,0.4432551021805198,,,True
2002H2-E,E,tabicl,20260911,2022H1,77,24889,291,brier,0.011477281916097216,,,True
2002H2-E,E,tabicl,20260911,2022H1,77,24889,291,brier_miscalibration,9.100111592484465e-05,,,True
2002H2-E,E,tabicl,20260911,2022H1,77,24889,291,brier_discrimination,0.00016893048119303797,,,True
2002H2-E,E,tabicl,20260911,2022H1,77,24889,291,brier_uncertainty,0.01155521128136541,,,True
2002H2-E,E,tabicl,20260911,2022H1,77,24889,291,observed_over_expected,1.6339666826063155,1.4525264652753298,1.831591595848966,True
2002H2-E,E,tabicl,20260911,2022H1,77,24889,291,log_oe,0.4910106061481163,0.3733044300773044,0.6051853133697512,True
2002H2-E,E,tabicl,20260911,2022H1,77,24889,291,cox_intercept,-0.6182920994682128,-1.0640513783514054,-0.1725328205850204,True
2002H2-E,E,tabicl,20260911,2022H1,77,24889,291,cox_slope,0.7428198135806099,0.6482975986389362,0.8373420285222836,True
2002H2-E,E,tabicl,20260911,2022H1,77,24889,291,psi,0.04706006437285199,,,True
2002H2-E,E,tabicl,20260911,2022H1,77,24889,291,psi_critical,0.0010181568675578937,,,True
2002H2-E,E,tabicl,20260911,2022H2,79,24859,373,auc,0.7648003268924914,0.7425242784433035,0.7870763753416794,True
2002H2-E,E,tabicl,20260911,2022H2,79,24859,373,gini,0.5296006537849829,0.485048556886607,0.5741527506833588,True
2002H2-E,E,tabicl,20260911,2022H2,79,24859,373,ks,0.43591643657403184,,,True
2002H2-E,E,tabicl,20260911,2022H2,79,24859,373,brier,0.014683804517444731,,,True
2002H2-E,E,tabicl,20260911,2022H2,79,24859,373,brier_miscalibration,0.00015542768120618312,,,True
2002H2-E,E,tabicl,20260911,2022H2,79,24859,373,brier_discrimination,0.00025111045078021754,,,True
2002H2-E,E,tabicl,20260911,2022H2,79,24859,373,brier_uncertainty,0.014779487287018766,,,True
2002H2-E,E,tabicl,20260911,2022H2,79,24859,373,observed_over_expected,2.0683114897611024,1.8650646701175815,2.2873977821726226,True
2002H2-E,E,tabicl,20260911,2022H2,79,24859,373,log_oe,0.7267325689791573,0.6232957281608553,0.8274148317801001,True
2002H2-E,E,tabicl,20260911,2022H2,79,24859,373,cox_intercept,-0.412235218271259,-0.8051522052661577,-0.019318231276360176,True
2002H2-E,E,tabicl,20260911,2022H2,79,24859,373,cox_slope,0.7339374240108737,0.6510280002611277,0.8168468477606197,True
2002H2-E,E,tabicl,20260911,2022H2,79,24859,373,psi,0.07347149915284258,,,True
2002H2-E,E,tabicl,20260911,2022H2,79,24859,373,psi_critical,0.0010189772271646342,,,True
2002H2-E,E,tabicl,20260911,2023H1,81,24882,381,auc,0.7864825486259546,0.7669230071313519,0.8060420901205573,True
2002H2-E,E,tabicl,20260911,2023H1,81,24882,381,gini,0.5729650972519091,0.5338460142627037,0.6120841802411146,True
2002H2-E,E,tabicl,20260911,2023H1,81,24882,381,ks,0.450903980457812,,,True
2002H2-E,E,tabicl,20260911,2023H1,81,24882,381,brier,0.014995232373434962,,,True
2002H2-E,E,tabicl,20260911,2023H1,81,24882,381,brier_miscalibration,0.00021602614510238087,,,True
2002H2-E,E,tabicl,20260911,2023H1,81,24882,381,brier_discrimination,0.0002986019716328895,,,True
2002H2-E,E,tabicl,20260911,2023H1,81,24882,381,brier_uncertainty,0.015077808199965471,,,True
2002H2-E,E,tabicl,20260911,2023H1,81,24882,381,observed_over_expected,2.1115896466810997,1.9062535190844216,2.3327442788660373,True
2002H2-E,E,tabicl,20260911,2023H1,81,24882,381,log_oe,0.7474410508870618,0.6451398074489544,0.8470453766012995,True
2002H2-E,E,tabicl,20260911,2023H1,81,24882,381,cox_intercept,-0.3274002404270059,-0.6949468083180641,0.04014632746405228,True
2002H2-E,E,tabicl,20260911,2023H1,81,24882,381,cox_slope,0.7443333666023645,0.6665092573987846,0.8221574758059443,True
2002H2-E,E,tabicl,20260911,2023H1,81,24882,381,psi,0.07274444593425061,,,True
2002H2-E,E,tabicl,20260911,2023H1,81,24882,381,psi_critical,0.001018348107860452,,,True
2002H2-E,E,tabicl,20260911,2023H2,83,24866,363,auc,0.7772165189420219,0.7559668380336401,0.7984661998504038,True
2002H2-E,E,tabicl,20260911,2023H2,83,24866,363,gini,0.5544330378840439,0.5119336760672801,0.5969323997008076,True
2002H2-E,E,tabicl,20260911,2023H2,83,24866,363,ks,0.4336557878053724,,,True
2002H2-E,E,tabicl,20260911,2023H2,83,24866,363,brier,0.014252654003450499,,,True
2002H2-E,E,tabicl,20260911,2023H2,83,24866,363,brier_miscalibration,0.00016518894062595747,,,True
2002H2-E,E,tabicl,20260911,2023H2,83,24866,363,brier_discrimination,0.0002976727351144872,,,True
2002H2-E,E,tabicl,20260911,2023H2,83,24866,363,brier_uncertainty,0.014385137797939028,,,True
2002H2-E,E,tabicl,20260911,2023H2,83,24866,363,observed_over_expected,2.2193227904863595,1.9982894576971095,2.457838929534745,True
2002H2-E,E,tabicl,20260911,2023H2,83,24866,363,log_oe,0.7972021000167081,0.6922915434554545,0.8992824799221649,True
2002H2-E,E,tabicl,20260911,2023H2,83,24866,363,cox_intercept,-0.2283755580073183,-0.6178019678449844,0.16105085183034784,True
2002H2-E,E,tabicl,20260911,2023H2,83,24866,363,cox_slope,0.7613249222937089,0.6800775758465945,0.8425722687408232,True
2002H2-E,E,tabicl,20260911,2023H2,83,24866,363,psi,0.07810710887077865,,,True
2002H2-E,E,tabicl,20260911,2023H2,83,24866,363,psi_critical,0.0010187856328701958,,,True
2002H2-E,E,tabicl,20260912,2003H1,1,24276,72,auc,0.8754427068987679,0.8344097752221773,0.9164756385753585,False
2002H2-E,E,tabicl,20260912,2003H1,1,24276,72,gini,0.7508854137975358,0.6688195504443546,0.832951277150717,False
2002H2-E,E,tabicl,20260912,2003H1,1,24276,72,ks,0.6395499366495896,,,False
2002H2-E,E,tabicl,20260912,2003H1,1,24276,72,brier,0.0029279035995894848,,,False
2002H2-E,E,tabicl,20260912,2003H1,1,24276,72,brier_miscalibration,7.294514047684894e-05,,,False
2002H2-E,E,tabicl,20260912,2003H1,1,24276,72,brier_discrimination,0.00010213726336116965,,,False
2002H2-E,E,tabicl,20260912,2003H1,1,24276,72,brier_uncertainty,0.0029570957224738055,,,False
2002H2-E,E,tabicl,20260912,2003H1,1,24276,72,observed_over_expected,0.5684060296093723,0.44487716946147937,0.7155379101530817,False
2002H2-E,E,tabicl,20260912,2003H1,1,24276,72,log_oe,-0.5649192747764481,-0.8099570585995136,-0.3347206972479673,False
2002H2-E,E,tabicl,20260912,2003H1,1,24276,72,cox_intercept,-0.2634455746428226,-1.0210512452548937,0.4941600959692486,False
2002H2-E,E,tabicl,20260912,2003H1,1,24276,72,cox_slope,1.0763811821952833,0.898553560393984,1.2542088039965826,False
2002H2-E,E,tabicl,20260912,2003H1,1,24276,72,psi,0.1367660077280858,,,False
2002H2-E,E,tabicl,20260912,2003H1,1,24276,72,psi_critical,0.0010353221128363722,,,False
2002H2-E,E,tabicl,20260912,2003H2,3,24205,139,auc,0.8437437036160153,0.8107146775334002,0.8767727296986303,True
2002H2-E,E,tabicl,20260912,2003H2,3,24205,139,gini,0.6874874072320305,0.6214293550668004,0.7535454593972606,True
2002H2-E,E,tabicl,20260912,2003H2,3,24205,139,ks,0.5626039183611974,,,True
2002H2-E,E,tabicl,20260912,2003H2,3,24205,139,brier,0.0055793353264823415,,,True
2002H2-E,E,tabicl,20260912,2003H2,3,24205,139,brier_miscalibration,3.7394204740033576e-05,,,True
2002H2-E,E,tabicl,20260912,2003H2,3,24205,139,brier_discrimination,0.00016769641151364104,,,True
2002H2-E,E,tabicl,20260912,2003H2,3,24205,139,brier_uncertainty,0.005709637533255949,,,True
2002H2-E,E,tabicl,20260912,2003H2,3,24205,139,observed_over_expected,0.829971230702103,0.6980399935344582,0.9794705249578819,True
2002H2-E,E,tabicl,20260912,2003H2,3,24205,139,log_oe,-0.18636424059692286,-0.3594788805338897,-0.0207431339769264,True
2002H2-E,E,tabicl,20260912,2003H2,3,24205,139,cox_intercept,-0.1994007864979129,-0.7664947456092838,0.3676931726134579,True
2002H2-E,E,tabicl,20260912,2003H2,3,24205,139,cox_slope,0.9981430549098047,0.863462467636242,1.1328236421833673,True
2002H2-E,E,tabicl,20260912,2003H2,3,24205,139,psi,0.024565396609983744,,,True
2002H2-E,E,tabicl,20260912,2003H2,3,24205,139,psi_critical,0.001037366439290114,,,True
2002H2-E,E,tabicl,20260912,2004H1,5,24219,181,auc,0.8304564044314733,0.8008080050851301,0.8601048037778165,True
2002H2-E,E,tabicl,20260912,2004H1,5,24219,181,gini,0.6609128088629466,0.6016160101702601,0.720209607555633,True
2002H2-E,E,tabicl,20260912,2004H1,5,24219,181,ks,0.5436309636813534,,,True
2002H2-E,E,tabicl,20260912,2004H1,5,24219,181,brier,0.007290098366388517,,,True
2002H2-E,E,tabicl,20260912,2004H1,5,24219,181,brier_miscalibration,4.105713498110848e-05,,,True
2002H2-E,E,tabicl,20260912,2004H1,5,24219,181,brier_discrimination,0.0001685772377809456,,,True
2002H2-E,E,tabicl,20260912,2004H1,5,24219,181,brier_uncertainty,0.007417618469188354,,,True
2002H2-E,E,tabicl,20260912,2004H1,5,24219,181,observed_over_expected,0.9696090306789177,0.8339146986676622,1.1209568292526841,True
2002H2-E,E,tabicl,20260912,2004H1,5,24219,181,log_oe,-0.030862349891444627,-0.18162416162930853,0.11418263242310946,True
2002H2-E,E,tabicl,20260912,2004H1,5,24219,181,cox_intercept,-0.37098261270700805,-0.8717283913247734,0.12976316591075732,True
2002H2-E,E,tabicl,20260912,2004H1,5,24219,181,cox_slope,0.915469969516204,0.7979811610364125,1.0329587779959954,True
2002H2-E,E,tabicl,20260912,2004H1,5,24219,181,psi,0.009855523983901306,,,True
2002H2-E,E,tabicl,20260912,2004H1,5,24219,181,psi_critical,0.0010369623839442791,,,True
2002H2-E,E,tabicl,20260912,2004H2,7,24090,202,auc,0.8247275445478239,0.800794049590639,0.8486610395050088,True
2002H2-E,E,tabicl,20260912,2004H2,7,24090,202,gini,0.6494550890956479,0.6015880991812781,0.6973220790100176,True
2002H2-E,E,tabicl,20260912,2004H2,7,24090,202,ks,0.5129838586671795,,,True
2002H2-E,E,tabicl,20260912,2004H2,7,24090,202,brier,0.008206931606484802,,,True
2002H2-E,E,tabicl,20260912,2004H2,7,24090,202,brier_miscalibration,5.0834903257582914e-05,,,True
2002H2-E,E,tabicl,20260912,2004H2,7,24090,202,brier_discrimination,0.0001588134312294799,,,True
2002H2-E,E,tabicl,20260912,2004H2,7,24090,202,brier_uncertainty,0.0083149101344567,,,True
2002H2-E,E,tabicl,20260912,2004H2,7,24090,202,observed_over_expected,0.9147367345100179,0.793361750231703,1.0493027249154054,True
2002H2-E,E,tabicl,20260912,2004H2,7,24090,202,log_oe,-0.0891189769534626,-0.23147598200643998,0.04812587206714455,True
2002H2-E,E,tabicl,20260912,2004H2,7,24090,202,cox_intercept,-0.45056484451110923,-0.9316966255458801,0.030566936523661603,True
2002H2-E,E,tabicl,20260912,2004H2,7,24090,202,cox_slope,0.9083315993453803,0.7923865039367538,1.0242766947540067,True
2002H2-E,E,tabicl,20260912,2004H2,7,24090,202,psi,0.009470043601457442,,,True
2002H2-E,E,tabicl,20260912,2004H2,7,24090,202,psi_critical,0.0010407032384610452,,,True
2002H2-E,E,tabicl,20260912,2005H1,9,24233,248,auc,0.7928154020994305,0.7649621343107506,0.8206686698881104,True
2002H2-E,E,tabicl,20260912,2005H1,9,24233,248,gini,0.5856308041988609,0.5299242686215011,0.6413373397762208,True
2002H2-E,E,tabicl,20260912,2005H1,9,24233,248,ks,0.47163516176104686,,,True
2002H2-E,E,tabicl,20260912,2005H1,9,24233,248,brier,0.009958710102082572,,,True
2002H2-E,E,tabicl,20260912,2005H1,9,24233,248,brier_miscalibration,4.497145260638248e-05,,,True
2002H2-E,E,tabicl,20260912,2005H1,9,24233,248,brier_discrimination,0.0002155054945479403,,,True
2002H2-E,E,tabicl,20260912,2005H1,9,24233,248,brier_uncertainty,0.01012924414402413,,,True
2002H2-E,E,tabicl,20260912,2005H1,9,24233,248,observed_over_expected,1.1809058460430686,1.0391148617690011,1.3364847606664567,True
2002H2-E,E,tabicl,20260912,2005H1,9,24233,248,log_oe,0.1662818101108286,0.038369256313882556,0.2900428541124172,True
2002H2-E,E,tabicl,20260912,2005H1,9,24233,248,cox_intercept,-0.6357737421848245,-1.0679491423538168,-0.20359834201583216,True
2002H2-E,E,tabicl,20260912,2005H1,9,24233,248,cox_slope,0.7998354836675452,0.7010340321134259,0.8986369352216645,True
2002H2-E,E,tabicl,20260912,2005H1,9,24233,248,psi,0.00281164094033126,,,True
2002H2-E,E,tabicl,20260912,2005H1,9,24233,248,psi_critical,0.001036558795463863,,,True
2002H2-E,E,tabicl,20260912,2005H2,11,24082,266,auc,0.819980123301199,0.7968923849499291,0.8430678616524688,True
2002H2-E,E,tabicl,20260912,2005H2,11,24082,266,gini,0.6399602466023979,0.5937847698998582,0.6861357233049377,True
2002H2-E,E,tabicl,20260912,2005H2,11,24082,266,ks,0.4986604696154225,,,True
2002H2-E,E,tabicl,20260912,2005H2,11,24082,266,brier,0.01067774101236617,,,True
2002H2-E,E,tabicl,20260912,2005H2,11,24082,266,brier_miscalibration,5.212181960198049e-05,,,True
2002H2-E,E,tabicl,20260912,2005H2,11,24082,266,brier_discrimination,0.0002979698753176434,,,True
2002H2-E,E,tabicl,20260912,2005H2,11,24082,266,brier_uncertainty,0.010923589068081833,,,True
2002H2-E,E,tabicl,20260912,2005H2,11,24082,266,observed_over_expected,1.2418642431378253,1.0977812573044579,1.3994337756098136,True
2002H2-E,E,tabicl,20260912,2005H2,11,24082,266,log_oe,0.21661367249504695,0.09329110402785783,0.3360677088178827,True
2002H2-E,E,tabicl,20260912,2005H2,11,24082,266,cox_intercept,-0.08168735264734515,-0.5122302489963168,0.34885554370162647,True
2002H2-E,E,tabicl,20260912,2005H2,11,24082,266,cox_slope,0.9225511828405231,0.819537070779815,1.0255652949012313,True
2002H2-E,E,tabicl,20260912,2005H2,11,24082,266,psi,0.007866269168874934,,,True
2002H2-E,E,tabicl,20260912,2005H2,11,24082,266,psi_critical,0.0010409365492114375,,,True
2002H2-E,E,tabicl,20260912,2006H1,13,23280,405,auc,0.7977352492747757,0.7779534785187328,0.8175170200308186,True
2002H2-E,E,tabicl,20260912,2006H1,13,23280,405,gini,0.5954704985495514,0.5559069570374655,0.6350340400616372,True
2002H2-E,E,tabicl,20260912,2006H1,13,23280,405,ks,0.4912544019429265,,,True
2002H2-E,E,tabicl,20260912,2006H1,13,23280,405,brier,0.016743590027361997,,,True
2002H2-E,E,tabicl,20260912,2006H1,13,23280,405,brier_miscalibration,0.00018542262613503724,,,True
2002H2-E,E,tabicl,20260912,2006H1,13,23280,405,brier_discrimination,0.0005360874345685558,,,True
2002H2-E,E,tabicl,20260912,2006H1,13,23280,405,brier_uncertainty,0.017094254835795516,,,True
2002H2-E,E,tabicl,20260912,2006H1,13,23280,405,observed_over_expected,1.6571155407758018,1.5008498892810855,1.825003476094358,True
2002H2-E,E,tabicl,20260912,2006H1,13,23280,405,log_oe,0.5050784649065404,0.4060315405090951,0.6015818917418781,True
2002H2-E,E,tabicl,20260912,2006H1,13,23280,405,cox_intercept,-0.11284169804413155,-0.4616287096355097,0.2359453135472466,True
2002H2-E,E,tabicl,20260912,2006H1,13,23280,405,cox_slope,0.8355619408711908,0.7521666221755253,0.9189572595668564,True
2002H2-E,E,tabicl,20260912,2006H1,13,23280,405,psi,0.04797283667135738,,,True
2002H2-E,E,tabicl,20260912,2006H1,13,23280,405,psi_critical,0.0010651397584764489,,,True
2002H2-E,E,tabicl,20260912,2006H2,15,23898,525,auc,0.7905986761281332,0.7728186780615713,0.808378674194695,True
2002H2-E,E,tabicl,20260912,2006H2,15,23898,525,gini,0.5811973522562663,0.5456373561231427,0.61675734838939,True
2002H2-E,E,tabicl,20260912,2006H2,15,23898,525,ks,0.45534762332606,,,True
2002H2-E,E,tabicl,20260912,2006H2,15,23898,525,brier,0.021079057460700924,,,True
2002H2-E,E,tabicl,20260912,2006H2,15,23898,525,brier_miscalibration,0.00029877643759022507,,,True
2002H2-E,E,tabicl,20260912,2006H2,15,23898,525,brier_discrimination,0.0007054754453953913,,,True
2002H2-E,E,tabicl,20260912,2006H2,15,23898,525,brier_uncertainty,0.02148575646850609,,,True
2002H2-E,E,tabicl,20260912,2006H2,15,23898,525,observed_over_expected,2.0098702163829203,1.84326582045907,2.187224745233239,True
2002H2-E,E,tabicl,20260912,2006H2,15,23898,525,log_oe,0.6980701510225978,0.6115389007663303,0.7826335005817602,True
2002H2-E,E,tabicl,20260912,2006H2,15,23898,525,cox_intercept,0.0032608682881738785,-0.30246191116295695,0.30898364773930476,True
2002H2-E,E,tabicl,20260912,2006H2,15,23898,525,cox_slope,0.811990872639758,0.7391100579155034,0.8848716873640126,True
2002H2-E,E,tabicl,20260912,2006H2,15,23898,525,psi,0.06307814401625611,,,True
2002H2-E,E,tabicl,20260912,2006H2,15,23898,525,psi_critical,0.001046345808876259,,,True
2002H2-E,E,tabicl,20260912,2007H1,17,23169,808,auc,0.7908750970240355,0.776975769319501,0.80477442472857,True
2002H2-E,E,tabicl,20260912,2007H1,17,23169,808,gini,0.5817501940480709,0.5539515386390019,0.6095488494571399,True
2002H2-E,E,tabicl,20260912,2007H1,17,23169,808,ks,0.44004805706186645,,,True
2002H2-E,E,tabicl,20260912,2007H1,17,23169,808,brier,0.03315950051973573,,,True
2002H2-E,E,tabicl,20260912,2007H1,17,23169,808,brier_miscalibration,0.0011304666209749972,,,True
2002H2-E,E,tabicl,20260912,2007H1,17,23169,808,brier_discrimination,0.0016289426323907313,,,True
2002H2-E,E,tabicl,20260912,2007H1,17,23169,808,brier_uncertainty,0.03365797653115146,,,True
2002H2-E,E,tabicl,20260912,2007H1,17,23169,808,observed_over_expected,2.9500091267386916,2.753303694207814,3.156662589932351,True
2002H2-E,E,tabicl,20260912,2007H1,17,23169,808,log_oe,1.0818082641566686,1.0128015339912722,1.149515327060939,True
2002H2-E,E,tabicl,20260912,2007H1,17,23169,808,cox_intercept,0.41345677485635474,0.16718753566220193,0.6597260140505076,True
2002H2-E,E,tabicl,20260912,2007H1,17,23169,808,cox_slope,0.8064599882958379,0.747425238782407,0.8654947378092688,True
2002H2-E,E,tabicl,20260912,2007H1,17,23169,808,psi,0.0828431975775756,,,True
2002H2-E,E,tabicl,20260912,2007H1,17,23169,808,psi_critical,0.0010686215825909393,,,True
2002H2-E,E,tabicl,20260912,2007H2,19,24367,1560,auc,0.7751330282088382,0.7647659187102401,0.7855001377074363,True
2002H2-E,E,tabicl,20260912,2007H2,19,24367,1560,gini,0.5502660564176765,0.5295318374204803,0.5710002754148726,True
2002H2-E,E,tabicl,20260912,2007H2,19,24367,1560,ks,0.4329907428331157,,,True
2002H2-E,E,tabicl,20260912,2007H2,19,24367,1560,brier,0.06085794774047583,,,True
2002H2-E,E,tabicl,20260912,2007H2,19,24367,1560,brier_miscalibration,0.004952120511802889,,,True
2002H2-E,E,tabicl,20260912,2007H2,19,24367,1560,brier_discrimination,0.004016494815150408,,,True
2002H2-E,E,tabicl,20260912,2007H2,19,24367,1560,brier_uncertainty,0.05992232204382335,,,True
2002H2-E,E,tabicl,20260912,2007H2,19,24367,1560,observed_over_expected,5.346564963576679,5.092524273163108,5.609330981021039,True
2002H2-E,E,tabicl,20260912,2007H2,19,24367,1560,log_oe,1.6764542918144072,1.627773635560701,1.724431457703238,True
2002H2-E,E,tabicl,20260912,2007H2,19,24367,1560,cox_intercept,0.7941274534033541,0.6109917002373816,0.9772632065693266,True
2002H2-E,E,tabicl,20260912,2007H2,19,24367,1560,cox_slope,0.734830857260742,0.6927097810165591,0.776951933504925,True
2002H2-E,E,tabicl,20260912,2007H2,19,24367,1560,psi,0.0744900189524659,,,True
2002H2-E,E,tabicl,20260912,2007H2,19,24367,1560,psi_critical,0.0010327193396994369,,,True
2002H2-E,E,tabicl,20260912,2008H1,21,24660,1109,auc,0.7824935803996768,0.7699714624055563,0.7950156983937973,True
2002H2-E,E,tabicl,20260912,2008H1,21,24660,1109,gini,0.5649871607993535,0.5399429248111125,0.5900313967875945,True
2002H2-E,E,tabicl,20260912,2008H1,21,24660,1109,ks,0.43299664802809423,,,True
2002H2-E,E,tabicl,20260912,2008H1,21,24660,1109,brier,0.04329636219443831,,,True
2002H2-E,E,tabicl,20260912,2008H1,21,24660,1109,brier_miscalibration,0.0028532379937322855,,,True
2002H2-E,E,tabicl,20260912,2008H1,21,24660,1109,brier_discrimination,0.0025060436877678074,,,True
2002H2-E,E,tabicl,20260912,2008H1,21,24660,1109,brier_uncertainty,0.04294916788847383,,,True
2002H2-E,E,tabicl,20260912,2008H1,21,24660,1109,observed_over_expected,5.89194477386281,5.557448853263609,6.240578762910473,True
2002H2-E,E,tabicl,20260912,2008H1,21,24660,1109,log_oe,1.7735861254849712,1.7151391636224316,1.8310729285466996,True
2002H2-E,E,tabicl,20260912,2008H1,21,24660,1109,cox_intercept,0.8528078931010427,0.6278770152693216,1.0777387709327637,True
2002H2-E,E,tabicl,20260912,2008H1,21,24660,1109,cox_slope,0.7565299204774666,0.7089948768221546,0.8040649641327786,True
2002H2-E,E,tabicl,20260912,2008H1,21,24660,1109,psi,0.002305563152563621,,,True
2002H2-E,E,tabicl,20260912,2008H1,21,24660,1109,psi_critical,0.0010244694792870743,,,True
2002H2-E,E,tabicl,20260912,2008H2,23,24746,863,auc,0.7983796442186365,0.784769671323588,0.811989617113685,True
2002H2-E,E,tabicl,20260912,2008H2,23,24746,863,gini,0.596759288437273,0.569539342647176,0.62397923422737,True
2002H2-E,E,tabicl,20260912,2008H2,23,24746,863,ks,0.4548707878679905,,,True
2002H2-E,E,tabicl,20260912,2008H2,23,24746,863,brier,0.033766883135846755,,,True
2002H2-E,E,tabicl,20260912,2008H2,23,24746,863,brier_miscalibration,0.0020341894310820854,,,True
2002H2-E,E,tabicl,20260912,2008H2,23,24746,863,brier_discrimination,0.001925411004881833,,,True
2002H2-E,E,tabicl,20260912,2008H2,23,24746,863,brier_uncertainty,0.0336581047096465,,,True
2002H2-E,E,tabicl,20260912,2008H2,23,24746,863,observed_over_expected,5.906581175214427,5.525291523143158,6.306512517125812,True
2002H2-E,E,tabicl,20260912,2008H2,23,24746,863,log_oe,1.7760671826819174,1.7093360103816286,1.841582832340701,True
2002H2-E,E,tabicl,20260912,2008H2,23,24746,863,cox_intercept,1.23471199532542,0.9604246906358134,1.5089993000150266,True
2002H2-E,E,tabicl,20260912,2008H2,23,24746,863,cox_slope,0.857492884351531,0.8008452180657814,0.9141405506372807,True
2002H2-E,E,tabicl,20260912,2008H2,23,24746,863,psi,0.037357404281327895,,,True
2002H2-E,E,tabicl,20260912,2008H2,23,24746,863,psi_critical,0.0010220851046916352,,,True
2002H2-E,E,tabicl,20260912,2009H1,25,24844,119,auc,0.8062842528315672,0.7696125909242095,0.842955914738925,True
2002H2-E,E,tabicl,20260912,2009H1,25,24844,119,gini,0.6125685056631345,0.539225181848419,0.6859118294778499,True
2002H2-E,E,tabicl,20260912,2009H1,25,24844,119,ks,0.4935670527058144,,,True
2002H2-E,E,tabicl,20260912,2009H1,25,24844,119,brier,0.0047260742422464246,,,True
2002H2-E,E,tabicl,20260912,2009H1,25,24844,119,brier_miscalibration,2.4191671016327368e-05,,,True
2002H2-E,E,tabicl,20260912,2009H1,25,24844,119,brier_discrimination,6.506329980892137e-05,,,True
2002H2-E,E,tabicl,20260912,2009H1,25,24844,119,brier_uncertainty,0.0047669458710390186,,,True
2002H2-E,E,tabicl,20260912,2009H1,25,24844,119,observed_over_expected,1.5240236616144431,1.2630213795260163,1.8228618919277002,True
2002H2-E,E,tabicl,20260912,2009H1,25,24844,119,log_oe,0.42135398313765665,0.23350677079912732,0.6004077341474274,True
2002H2-E,E,tabicl,20260912,2009H1,25,24844,119,cox_intercept,-0.1469610229346722,-0.868352034270327,0.5744299884009827,True
2002H2-E,E,tabicl,20260912,2009H1,25,24844,119,cox_slope,0.8850938837015947,0.7485552961263482,1.0216324712768412,True
2002H2-E,E,tabicl,20260912,2009H1,25,24844,119,psi,0.3466782762375704,,,True
2002H2-E,E,tabicl,20260912,2009H1,25,24844,119,psi_critical,0.001019388149927719,,,True
2002H2-E,E,tabicl,20260912,2009H2,27,24709,196,auc,0.855759272256204,0.8303552820209411,0.8811632624914668,True
2002H2-E,E,tabicl,20260912,2009H2,27,24709,196,gini,0.7115185445124079,0.6607105640418822,0.7623265249829336,True
2002H2-E,E,tabicl,20260912,2009H2,27,24709,196,ks,0.580846106647285,,,True
2002H2-E,E,tabicl,20260912,2009H2,27,24709,196,brier,0.007691140988469669,,,True
2002H2-E,E,tabicl,20260912,2009H2,27,24709,196,brier_miscalibration,0.00011399912959237334,,,True
2002H2-E,E,tabicl,20260912,2009H2,27,24709,196,brier_discrimination,0.00029226859317202803,,,True
2002H2-E,E,tabicl,20260912,2009H2,27,24709,196,brier_uncertainty,0.007869410452049324,,,True
2002H2-E,E,tabicl,20260912,2009H2,27,24709,196,observed_over_expected,1.7184955110897309,1.4870877571041534,1.975475841089477,True
2002H2-E,E,tabicl,20260912,2009H2,27,24709,196,log_oe,0.5414492051947856,0.3968196819465516,0.680809301530788,True
2002H2-E,E,tabicl,20260912,2009H2,27,24709,196,cox_intercept,0.6909347297448412,0.1867732171087071,1.1950962423809752,True
2002H2-E,E,tabicl,20260912,2009H2,27,24709,196,cox_slope,1.0292402089608317,0.9208472898786945,1.137633128042969,True
2002H2-E,E,tabicl,20260912,2009H2,27,24709,196,psi,0.13229120019675533,,,True
2002H2-E,E,tabicl,20260912,2009H2,27,24709,196,psi_critical,0.0010231089059562013,,,True
2002H2-E,E,tabicl,20260912,2010H1,29,24843,191,auc,0.8430112612593479,0.8139741975205819,0.8720483249981139,True
2002H2-E,E,tabicl,20260912,2010H1,29,24843,191,gini,0.6860225225186958,0.6279483950411637,0.7440966499962278,True
2002H2-E,E,tabicl,20260912,2010H1,29,24843,191,ks,0.557996632496073,,,True
2002H2-E,E,tabicl,20260912,2010H1,29,24843,191,brier,0.007422267129972674,,,True
2002H2-E,E,tabicl,20260912,2010H1,29,24843,191,brier_miscalibration,7.651192135335778e-05,,,True
2002H2-E,E,tabicl,20260912,2010H1,29,24843,191,brier_discrimination,0.00028341751846721035,,,True
2002H2-E,E,tabicl,20260912,2010H1,29,24843,191,brier_uncertainty,0.0076291727270865264,,,True
2002H2-E,E,tabicl,20260912,2010H1,29,24843,191,observed_over_expected,1.4856376936872149,1.2830586148711167,1.7109210031845024,True
2002H2-E,E,tabicl,20260912,2010H1,29,24843,191,log_oe,0.3958441034372338,0.24924677038192034,0.5370318238760448,True
2002H2-E,E,tabicl,20260912,2010H1,29,24843,191,cox_intercept,0.2971364002915024,-0.1852311106098744,0.7795039111928792,True
2002H2-E,E,tabicl,20260912,2010H1,29,24843,191,cox_slope,0.9738343238886811,0.8682481599224928,1.0794204878548694,True
2002H2-E,E,tabicl,20260912,2010H1,29,24843,191,psi,0.10403648658088781,,,True
2002H2-E,E,tabicl,20260912,2010H1,29,24843,191,psi_critical,0.0010194155624220973,,,True
2002H2-E,E,tabicl,20260912,2010H2,31,24683,152,auc,0.8581905762633317,0.8274809056347148,0.8889002468919487,True
2002H2-E,E,tabicl,20260912,2010H2,31,24683,152,gini,0.7163811525266635,0.6549618112694295,0.7778004937838974,True
2002H2-E,E,tabicl,20260912,2010H2,31,24683,152,ks,0.5909810143556273,,,True
2002H2-E,E,tabicl,20260912,2010H2,31,24683,152,brier,0.005986549106488131,,,True
2002H2-E,E,tabicl,20260912,2010H2,31,24683,152,brier_miscalibration,5.515205435267269e-05,,,True
2002H2-E,E,tabicl,20260912,2010H2,31,24683,152,brier_discrimination,0.00018876545461962452,,,True
2002H2-E,E,tabicl,20260912,2010H2,31,24683,152,brier_uncertainty,0.0061201625067550825,,,True
2002H2-E,E,tabicl,20260912,2010H2,31,24683,152,observed_over_expected,1.4130056847722896,1.1978440789773388,1.6554630699909614,True
2002H2-E,E,tabicl,20260912,2010H2,31,24683,152,log_oe,0.3457191268877083,0.18052334011880994,0.504080770290907,True
2002H2-E,E,tabicl,20260912,2010H2,31,24683,152,cox_intercept,0.24461922040531472,-0.28900718804156966,0.7782456288521991,True
2002H2-E,E,tabicl,20260912,2010H2,31,24683,152,cox_slope,0.9745354547537212,0.8605151458832601,1.0885557636241823,True
2002H2-E,E,tabicl,20260912,2010H2,31,24683,152,psi,0.22153796549256133,,,True
2002H2-E,E,tabicl,20260912,2010H2,31,24683,152,psi_critical,0.0010238301701137374,,,True
2002H2-E,E,tabicl,20260912,2011H1,33,24614,195,auc,0.8638933953279341,0.8407695842928161,0.887017206363052,True
2002H2-E,E,tabicl,20260912,2011H1,33,24614,195,gini,0.7277867906558682,0.6815391685856322,0.7740344127261041,True
2002H2-E,E,tabicl,20260912,2011H1,33,24614,195,ks,0.6000749731451235,,,True
2002H2-E,E,tabicl,20260912,2011H1,33,24614,195,brier,0.007684124186849326,,,True
2002H2-E,E,tabicl,20260912,2011H1,33,24614,195,brier_miscalibration,7.541482600865405e-05,,,True
2002H2-E,E,tabicl,20260912,2011H1,33,24614,195,brier_discrimination,0.0002508481055217889,,,True
2002H2-E,E,tabicl,20260912,2011H1,33,24614,195,brier_uncertainty,0.00785955746636246,,,True
2002H2-E,E,tabicl,20260912,2011H1,33,24614,195,observed_over_expected,1.3508240906831763,1.1684761800547787,1.5533780222815765,True
2002H2-E,E,tabicl,20260912,2011H1,33,24614,195,log_oe,0.3007148437522232,0.15570048972676265,0.4404319287647741,True
2002H2-E,E,tabicl,20260912,2011H1,33,24614,195,cox_intercept,0.21657181521282665,-0.24590180062162786,0.6790454310472811,True
2002H2-E,E,tabicl,20260912,2011H1,33,24614,195,cox_slope,0.9769195030902295,0.8721322266341263,1.0817067795463327,True
2002H2-E,E,tabicl,20260912,2011H1,33,24614,195,psi,0.07010073679730519,,,True
2002H2-E,E,tabicl,20260912,2011H1,33,24614,195,psi_critical,0.0010257516819624198,,,True
2002H2-E,E,tabicl,20260912,2011H2,35,24646,119,auc,0.8850083923976081,0.8564221919000036,0.9135945928952126,True
2002H2-E,E,tabicl,20260912,2011H2,35,24646,119,gini,0.7700167847952162,0.7128443838000071,0.8271891857904252,True
2002H2-E,E,tabicl,20260912,2011H2,35,24646,119,ks,0.6369002365083515,,,True
2002H2-E,E,tabicl,20260912,2011H2,35,24646,119,brier,0.004713007157654311,,,True
2002H2-E,E,tabicl,20260912,2011H2,35,24646,119,brier_miscalibration,6.443729855324168e-05,,,True
2002H2-E,E,tabicl,20260912,2011H2,35,24646,119,brier_discrimination,0.00015648670195935344,,,True
2002H2-E,E,tabicl,20260912,2011H2,35,24646,119,brier_uncertainty,0.004805056561060422,,,True
2002H2-E,E,tabicl,20260912,2011H2,35,24646,119,observed_over_expected,1.079663917159348,0.8947649153499089,1.2913649555094553,True
2002H2-E,E,tabicl,20260912,2011H2,35,24646,119,log_oe,0.07664980489173437,-0.1111942596231302,0.2556997640210927,True
2002H2-E,E,tabicl,20260912,2011H2,35,24646,119,cox_intercept,0.22866985412548618,-0.3552295978840903,0.8125693061350627,True
2002H2-E,E,tabicl,20260912,2011H2,35,24646,119,cox_slope,1.034794125006525,0.9048457173789319,1.1647425326341179,True
2002H2-E,E,tabicl,20260912,2011H2,35,24646,119,psi,0.22996541848938212,,,True
2002H2-E,E,tabicl,20260912,2011H2,35,24646,119,psi_critical,0.0010248592082078211,,,True
2002H2-E,E,tabicl,20260912,2012H1,37,24306,148,auc,0.8705326476820392,0.8468385955798553,0.8942266997842231,True
2002H2-E,E,tabicl,20260912,2012H1,37,24306,148,gini,0.7410652953640784,0.6936771911597106,0.7884533995684462,True
2002H2-E,E,tabicl,20260912,2012H1,37,24306,148,ks,0.6323091449757564,,,True
2002H2-E,E,tabicl,20260912,2012H1,37,24306,148,brier,0.0059739111757801475,,,True
2002H2-E,E,tabicl,20260912,2012H1,37,24306,148,brier_miscalibration,6.535594133078894e-05,,,True
2002H2-E,E,tabicl,20260912,2012H1,37,24306,148,brier_discrimination,0.0001433999756140763,,,True
2002H2-E,E,tabicl,20260912,2012H1,37,24306,148,brier_uncertainty,0.006051955210063435,,,True
2002H2-E,E,tabicl,20260912,2012H1,37,24306,148,observed_over_expected,0.8118658664924177,0.686647867837267,0.953198850981228,True
2002H2-E,E,tabicl,20260912,2012H1,37,24306,148,log_oe,-0.20842014151441945,-0.3759336831773941,-0.04793173919131469,True
2002H2-E,E,tabicl,20260912,2012H1,37,24306,148,cox_intercept,-0.36998808195777344,-0.8674097172123324,0.12743355329678552,True
2002H2-E,E,tabicl,20260912,2012H1,37,24306,148,cox_slope,0.9601891510225969,0.8392285757948413,1.0811497262503527,True
2002H2-E,E,tabicl,20260912,2012H1,37,24306,148,psi,0.061697113330841144,,,True
2002H2-E,E,tabicl,20260912,2012H1,37,24306,148,psi_critical,0.0010344619023195318,,,True
2002H2-E,E,tabicl,20260912,2012H2,39,24538,131,auc,0.8712947449377086,0.8436784260185108,0.8989110638569064,True
2002H2-E,E,tabicl,20260912,2012H2,39,24538,131,gini,0.7425894898754173,0.6873568520370217,0.7978221277138129,True
2002H2-E,E,tabicl,20260912,2012H2,39,24538,131,ks,0.6406380724838981,,,True
2002H2-E,E,tabicl,20260912,2012H2,39,24538,131,brier,0.005234327558140445,,,True
2002H2-E,E,tabicl,20260912,2012H2,39,24538,131,brier_miscalibration,5.592658354222624e-05,,,True
2002H2-E,E,tabicl,20260912,2012H2,39,24538,131,brier_discrimination,0.00013175615917938258,,,True
2002H2-E,E,tabicl,20260912,2012H2,39,24538,131,brier_uncertainty,0.005310157133777601,,,True
2002H2-E,E,tabicl,20260912,2012H2,39,24538,131,observed_over_expected,0.7662787511824611,0.6409517161476951,0.9088442793101544,True
2002H2-E,E,tabicl,20260912,2012H2,39,24538,131,log_oe,-0.26620927050094967,-0.44480115072122783,-0.09558150936969252,True
2002H2-E,E,tabicl,20260912,2012H2,39,24538,131,cox_intercept,-0.33311177905770956,-0.8645573507501303,0.19833379263471113,True
2002H2-E,E,tabicl,20260912,2012H2,39,24538,131,cox_slope,0.98532563557651,0.8568311372539498,1.11382013389907,True
2002H2-E,E,tabicl,20260912,2012H2,39,24538,131,psi,0.0649160650711998,,,True
2002H2-E,E,tabicl,20260912,2012H2,39,24538,131,psi_critical,0.0010278806363136351,,,True
2002H2-E,E,tabicl,20260912,2013H1,41,24341,85,auc,0.8560918826633553,0.8230446021093142,0.8891391632173965,False
2002H2-E,E,tabicl,20260912,2013H1,41,24341,85,gini,0.7121837653267107,0.6460892042186284,0.778278326434793,False
2002H2-E,E,tabicl,20260912,2013H1,41,24341,85,ks,0.595799705106317,,,False
2002H2-E,E,tabicl,20260912,2013H1,41,24341,85,brier,0.003530114355574581,,,False
2002H2-E,E,tabicl,20260912,2013H1,41,24341,85,brier_miscalibration,0.00014064536719239672,,,False
2002H2-E,E,tabicl,20260912,2013H1,41,24341,85,brier_discrimination,9.038704513172425e-05,,,False
2002H2-E,E,tabicl,20260912,2013H1,41,24341,85,brier_uncertainty,0.0034798560335139086,,,False
2002H2-E,E,tabicl,20260912,2013H1,41,24341,85,observed_over_expected,0.4631340879683905,0.37005757947103196,0.5724358451834036,False
2002H2-E,E,tabicl,20260912,2013H1,41,24341,85,log_oe,-0.7697386599806939,-0.9940966652594546,-0.5578546106480401,False
2002H2-E,E,tabicl,20260912,2013H1,41,24341,85,cox_intercept,-1.064566852924426,-1.709098592168243,-0.4200351136806093,False
2002H2-E,E,tabicl,20260912,2013H1,41,24341,85,cox_slope,0.9295809746674172,0.7742004172090039,1.0849615321258306,False
2002H2-E,E,tabicl,20260912,2013H1,41,24341,85,psi,0.03290408288186611,,,False
2002H2-E,E,tabicl,20260912,2013H1,41,24341,85,psi_critical,0.0010334610033319,,,False
2002H2-E,E,tabicl,20260912,2013H2,43,23974,142,auc,0.8393960186091373,0.8110541995439481,0.8677378376743264,True
2002H2-E,E,tabicl,20260912,2013H2,43,23974,142,gini,0.6787920372182745,0.6221083990878962,0.7354756753486529,True
2002H2-E,E,tabicl,20260912,2013H2,43,23974,142,ks,0.5353194190318142,,,True
2002H2-E,E,tabicl,20260912,2013H2,43,23974,142,brier,0.005881598840798953,,,True
2002H2-E,E,tabicl,20260912,2013H2,43,23974,142,brier_miscalibration,9.625388743466235e-05,,,True
2002H2-E,E,tabicl,20260912,2013H2,43,23974,142,brier_discrimination,0.00010265547066505305,,,True
2002H2-E,E,tabicl,20260912,2013H2,43,23974,142,brier_uncertainty,0.005888000424029344,,,True
2002H2-E,E,tabicl,20260912,2013H2,43,23974,142,observed_over_expected,0.7217642418644226,0.6082077600309803,0.8502658306140254,True
2002H2-E,E,tabicl,20260912,2013H2,43,23974,142,log_oe,-0.32605672822723075,-0.4972387448084624,-0.1622062364924754,True
2002H2-E,E,tabicl,20260912,2013H2,43,23974,142,cox_intercept,-0.7826292124780072,-1.2943550900962215,-0.270903334859793,True
2002H2-E,E,tabicl,20260912,2013H2,43,23974,142,cox_slope,0.8859021360543406,0.7647081191326852,1.007096152975996,True
2002H2-E,E,tabicl,20260912,2013H2,43,23974,142,psi,0.006215174186536608,,,True
2002H2-E,E,tabicl,20260912,2013H2,43,23974,142,psi_critical,0.0010441014843782371,,,True
2002H2-E,E,tabicl,20260912,2014H1,45,24341,137,auc,0.8242296019117308,0.7939445326095955,0.854514671213866,True
2002H2-E,E,tabicl,20260912,2014H1,45,24341,137,gini,0.6484592038234616,0.587889065219191,0.7090293424277321,True
2002H2-E,E,tabicl,20260912,2014H1,45,24341,137,ks,0.5073209833206069,,,True
2002H2-E,E,tabicl,20260912,2014H1,45,24341,137,brier,0.005590524664662508,,,True
2002H2-E,E,tabicl,20260912,2014H1,45,24341,137,brier_miscalibration,7.4122904673307e-05,,,True
2002H2-E,E,tabicl,20260912,2014H1,45,24341,137,brier_discrimination,8.028342869346745e-05,,,True
2002H2-E,E,tabicl,20260912,2014H1,45,24341,137,brier_uncertainty,0.005596685188682668,,,True
2002H2-E,E,tabicl,20260912,2014H1,45,24341,137,observed_over_expected,0.8085589473636697,0.6791316085458398,0.9553583930616723,True
2002H2-E,E,tabicl,20260912,2014H1,45,24341,137,log_oe,-0.21250169308202985,-0.3869403431865608,-0.04566872820874282,True
2002H2-E,E,tabicl,20260912,2014H1,45,24341,137,cox_intercept,-0.813621963382329,-1.3600465311550138,-0.26719739560964406,True
2002H2-E,E,tabicl,20260912,2014H1,45,24341,137,cox_slope,0.8565342898109047,0.7347141741028496,0.9783544055189599,True
2002H2-E,E,tabicl,20260912,2014H1,45,24341,137,psi,0.028554892317848156,,,True
2002H2-E,E,tabicl,20260912,2014H1,45,24341,137,psi_critical,0.0010334610033319,,,True
2002H2-E,E,tabicl,20260912,2014H2,47,24213,99,auc,0.8179721658820939,0.7805451232558428,0.8553992085083449,False
2002H2-E,E,tabicl,20260912,2014H2,47,24213,99,gini,0.6359443317641877,0.5610902465116856,0.7107984170166899,False
2002H2-E,E,tabicl,20260912,2014H2,47,24213,99,ks,0.5490737180212174,,,False
2002H2-E,E,tabicl,20260912,2014H2,47,24213,99,brier,0.004076104204867393,,,False
2002H2-E,E,tabicl,20260912,2014H2,47,24213,99,brier_miscalibration,5.784869575172283e-05,,,False
2002H2-E,E,tabicl,20260912,2014H2,47,24213,99,brier_discrimination,5.373959455484082e-05,,,False
2002H2-E,E,tabicl,20260912,2014H2,47,24213,99,brier_uncertainty,0.004071995103670511,,,False
2002H2-E,E,tabicl,20260912,2014H2,47,24213,99,observed_over_expected,0.6907013896791131,0.5615715719478557,0.8405300543641817,False
2002H2-E,E,tabicl,20260912,2014H2,47,24213,99,log_oe,-0.3700476909026795,-0.5770160473027277,-0.1737225690521381,False
2002H2-E,E,tabicl,20260912,2014H2,47,24213,99,cox_intercept,-0.9421065701596363,-1.6249457623860422,-0.2592673779332303,False
2002H2-E,E,tabicl,20260912,2014H2,47,24213,99,cox_slope,0.8702429551654903,0.7232224536428656,1.017263456688115,False
2002H2-E,E,tabicl,20260912,2014H2,47,24213,99,psi,0.05024967034024681,,,False
2002H2-E,E,tabicl,20260912,2014H2,47,24213,99,psi_critical,0.0010371354933066512,,,False
2002H2-E,E,tabicl,20260912,2015H1,49,24159,83,auc,0.8248991146509949,0.7797908140589632,0.8700074152430265,False
2002H2-E,E,tabicl,20260912,2015H1,49,24159,83,gini,0.6497982293019897,0.5595816281179264,0.740014830486053,False
2002H2-E,E,tabicl,20260912,2015H1,49,24159,83,ks,0.5392497052506421,,,False
2002H2-E,E,tabicl,20260912,2015H1,49,24159,83,brier,0.0034214568807931847,,,False
2002H2-E,E,tabicl,20260912,2015H1,49,24159,83,brier_miscalibration,3.8303368704015184e-05,,,False
2002H2-E,E,tabicl,20260912,2015H1,49,24159,83,brier_discrimination,4.0615992809716304e-05,,,False
2002H2-E,E,tabicl,20260912,2015H1,49,24159,83,brier_uncertainty,0.003423769504898886,,,False
2002H2-E,E,tabicl,20260912,2015H1,49,24159,83,observed_over_expected,0.6968574707117653,0.5552258315399728,0.8635038593077433,False
2002H2-E,E,tabicl,20260912,2015H1,49,24159,83,log_oe,-0.3611743787856075,-0.5883803443229262,-0.14675691202757632,False
2002H2-E,E,tabicl,20260912,2015H1,49,24159,83,cox_intercept,-0.6284985849029112,-1.4172604505567952,0.16026328075097285,False
2002H2-E,E,tabicl,20260912,2015H1,49,24159,83,cox_slope,0.9421775993854643,0.7751965422340565,1.109158656536872,False
2002H2-E,E,tabicl,20260912,2015H1,49,24159,83,psi,0.09387530602148166,,,False
2002H2-E,E,tabicl,20260912,2015H1,49,24159,83,psi_critical,0.0010386973468943647,,,False
2002H2-E,E,tabicl,20260912,2015H2,51,24159,130,auc,0.8055119294954494,0.7724152260759937,0.8386086329149051,True
2002H2-E,E,tabicl,20260912,2015H2,51,24159,130,gini,0.6110238589908987,0.5448304521519873,0.6772172658298101,True
2002H2-E,E,tabicl,20260912,2015H2,51,24159,130,ks,0.4865172531908559,,,True
2002H2-E,E,tabicl,20260912,2015H2,51,24159,130,brier,0.005326547863609377,,,True
2002H2-E,E,tabicl,20260912,2015H2,51,24159,130,brier_miscalibration,3.651857824000463e-05,,,True
2002H2-E,E,tabicl,20260912,2015H2,51,24159,130,brier_discrimination,6.203279230733872e-05,,,True
2002H2-E,E,tabicl,20260912,2015H2,51,24159,130,brier_uncertainty,0.005352062077676711,,,True
2002H2-E,E,tabicl,20260912,2015H2,51,24159,130,observed_over_expected,0.9998015945273436,0.8356846199302642,1.1865839825812863,True
2002H2-E,E,tabicl,20260912,2015H2,51,24159,130,log_oe,-0.00019842515762594128,-0.179503985960942,0.171078576168193,True
2002H2-E,E,tabicl,20260912,2015H2,51,24159,130,cox_intercept,-0.5829092363907362,-1.244802962388818,0.07898448960734539,True
2002H2-E,E,tabicl,20260912,2015H2,51,24159,130,cox_slope,0.8712196705621822,0.7329100188274087,1.0095293222969557,True
2002H2-E,E,tabicl,20260912,2015H2,51,24159,130,psi,0.06548409265833868,,,True
2002H2-E,E,tabicl,20260912,2015H2,51,24159,130,psi_critical,0.0010386973468943647,,,True
2002H2-E,E,tabicl,20260912,2016H1,53,24632,115,auc,0.8146253442597949,0.771249253118868,0.8580014354007218,True
2002H2-E,E,tabicl,20260912,2016H1,53,24632,115,gini,0.6292506885195899,0.5424985062377361,0.7160028708014436,True
2002H2-E,E,tabicl,20260912,2016H1,53,24632,115,ks,0.5229478746779075,,,True
2002H2-E,E,tabicl,20260912,2016H1,53,24632,115,brier,0.004595538228126158,,,True
2002H2-E,E,tabicl,20260912,2016H1,53,24632,115,brier_miscalibration,2.7611522164646025e-05,,,True
2002H2-E,E,tabicl,20260912,2016H1,53,24632,115,brier_discrimination,7.89999254395251e-05,,,True
2002H2-E,E,tabicl,20260912,2016H1,53,24632,115,brier_uncertainty,0.004646926631401037,,,True
2002H2-E,E,tabicl,20260912,2016H1,53,24632,115,observed_over_expected,0.9110406392672518,0.7524488478554416,1.0930544463418226,True
2002H2-E,E,tabicl,20260912,2016H1,53,24632,115,log_oe,-0.09316777320315597,-0.2844222609414361,0.0889760216242108,True
2002H2-E,E,tabicl,20260912,2016H1,53,24632,115,cox_intercept,-0.13444775961615602,-0.8492288971066533,0.5803333778743414,True
2002H2-E,E,tabicl,20260912,2016H1,53,24632,115,cox_slope,0.9912549555987102,0.8381533534448149,1.1443565577526056,True
2002H2-E,E,tabicl,20260912,2016H1,53,24632,115,psi,0.07489694375235245,,,True
2002H2-E,E,tabicl,20260912,2016H1,53,24632,115,psi_critical,0.0010252493801461782,,,True
2002H2-E,E,tabicl,20260912,2016H2,55,24760,121,auc,0.7818837903625877,0.7430911521384773,0.8206764285866981,True
2002H2-E,E,tabicl,20260912,2016H2,55,24760,121,gini,0.5637675807251754,0.48618230427695464,0.6413528571733962,True
2002H2-E,E,tabicl,20260912,2016H2,55,24760,121,ks,0.468912249913545,,,True
2002H2-E,E,tabicl,20260912,2016H2,55,24760,121,brier,0.0048383291141920115,,,True
2002H2-E,E,tabicl,20260912,2016H2,55,24760,121,brier_miscalibration,2.4638855879703485e-05,,,True
2002H2-E,E,tabicl,20260912,2016H2,55,24760,121,brier_discrimination,4.9342187578583704e-05,,,True
2002H2-E,E,tabicl,20260912,2016H2,55,24760,121,brier_uncertainty,0.004863032445890892,,,True
2002H2-E,E,tabicl,20260912,2016H2,55,24760,121,observed_over_expected,1.0878550429731004,0.9030310427835047,1.2992284827447547,True
2002H2-E,E,tabicl,20260912,2016H2,55,24760,121,log_oe,0.08420790699601617,-0.10199834876566997,0.2617706134798804,True
2002H2-E,E,tabicl,20260912,2016H2,55,24760,121,cox_intercept,-0.7387621558333715,-1.5003835003575687,0.022859188690825816,True
2002H2-E,E,tabicl,20260912,2016H2,55,24760,121,cox_slope,0.8280477298261589,0.6772373479703391,0.9788581116819788,True
2002H2-E,E,tabicl,20260912,2016H2,55,24760,121,psi,0.11824756437893424,,,True
2002H2-E,E,tabicl,20260912,2016H2,55,24760,121,psi_critical,0.0010216985183533317,,,True
2002H2-E,E,tabicl,20260912,2017H1,57,24541,162,auc,0.7920029837458772,0.7636376277443777,0.8203683397473767,True
2002H2-E,E,tabicl,20260912,2017H1,57,24541,162,gini,0.5840059674917544,0.5272752554887554,0.6407366794947533,True
2002H2-E,E,tabicl,20260912,2017H1,57,24541,162,ks,0.4619121699053881,,,True
2002H2-E,E,tabicl,20260912,2017H1,57,24541,162,brier,0.006521360012370872,,,True
2002H2-E,E,tabicl,20260912,2017H1,57,24541,162,brier_miscalibration,3.170504120668209e-05,,,True
2002H2-E,E,tabicl,20260912,2017H1,57,24541,162,brier_discrimination,6.79672090558069e-05,,,True
2002H2-E,E,tabicl,20260912,2017H1,57,24541,162,brier_uncertainty,0.006557622180219997,,,True
2002H2-E,E,tabicl,20260912,2017H1,57,24541,162,observed_over_expected,1.2013642163810947,1.0239681134457148,1.4004979005240459,True
2002H2-E,E,tabicl,20260912,2017H1,57,24541,162,log_oe,0.18345775805701187,0.02368538691931155,0.3368278166266104,True
2002H2-E,E,tabicl,20260912,2017H1,57,24541,162,cox_intercept,-0.4208470932720806,-1.0661062209306253,0.22441203438646418,True
2002H2-E,E,tabicl,20260912,2017H1,57,24541,162,cox_slope,0.8676279450516788,0.7337461207842843,1.0015097693190733,True
2002H2-E,E,tabicl,20260912,2017H1,57,24541,162,psi,0.07083355854738685,,,True
2002H2-E,E,tabicl,20260912,2017H1,57,24541,162,psi_critical,0.0010277963486622491,,,True
2002H2-E,E,tabicl,20260912,2017H2,59,24680,143,auc,0.8116098964002131,0.7799618296433678,0.8432579631570584,True
2002H2-E,E,tabicl,20260912,2017H2,59,24680,143,gini,0.6232197928004262,0.5599236592867356,0.6865159263141167,True
2002H2-E,E,tabicl,20260912,2017H2,59,24680,143,ks,0.48643592622074094,,,True
2002H2-E,E,tabicl,20260912,2017H2,59,24680,143,brier,0.005677114056371507,,,True
2002H2-E,E,tabicl,20260912,2017H2,59,24680,143,brier_miscalibration,5.3402070971750315e-05,,,True
2002H2-E,E,tabicl,20260912,2017H2,59,24680,143,brier_discrimination,0.00013688097893596162,,,True
2002H2-E,E,tabicl,20260912,2017H2,59,24680,143,brier_uncertainty,0.005760592964335718,,,True
2002H2-E,E,tabicl,20260912,2017H2,59,24680,143,observed_over_expected,1.082925962260157,0.9131096046435471,1.2750126672898296,True
2002H2-E,E,tabicl,20260912,2017H2,59,24680,143,log_oe,0.07966660211793002,-0.09089935669481893,0.24295611369031456,True
2002H2-E,E,tabicl,20260912,2017H2,59,24680,143,cox_intercept,0.2431015980523412,-0.47833758924882286,0.9645407853535053,True
2002H2-E,E,tabicl,20260912,2017H2,59,24680,143,cox_slope,1.0355997219119972,0.8806396171884254,1.190559826635569,True
2002H2-E,E,tabicl,20260912,2017H2,59,24680,143,psi,0.0702257611769107,,,True
2002H2-E,E,tabicl,20260912,2017H2,59,24680,143,psi_critical,0.0010239134906912927,,,True
2002H2-E,E,tabicl,20260912,2018H1,61,24416,148,auc,0.7878474990979112,0.7526294370896456,0.8230655611061768,True
2002H2-E,E,tabicl,20260912,2018H1,61,24416,148,gini,0.5756949981958224,0.5052588741792912,0.6461311222123536,True
2002H2-E,E,tabicl,20260912,2018H1,61,24416,148,ks,0.44145666187037547,,,True
2002H2-E,E,tabicl,20260912,2018H1,61,24416,148,brier,0.00596788555183611,,,True
2002H2-E,E,tabicl,20260912,2018H1,61,24416,148,brier_miscalibration,1.870562445738331e-05,,,True
2002H2-E,E,tabicl,20260912,2018H1,61,24416,148,brier_discrimination,7.567604227956808e-05,,,True
2002H2-E,E,tabicl,20260912,2018H1,61,24416,148,brier_uncertainty,0.006024855969658295,,,True
2002H2-E,E,tabicl,20260912,2018H1,61,24416,148,observed_over_expected,1.143873181563465,0.9674461206818481,1.343006606748816,True
2002H2-E,E,tabicl,20260912,2018H1,61,24416,148,log_oe,0.13442003153601445,-0.033095544846630305,0.2949108369249914,True
2002H2-E,E,tabicl,20260912,2018H1,61,24416,148,cox_intercept,-0.09928736010490398,-0.8288572309773361,0.6302825107675281,True
2002H2-E,E,tabicl,20260912,2018H1,61,24416,148,cox_slope,0.9490819943947505,0.7965420853222882,1.1016219034672128,True
2002H2-E,E,tabicl,20260912,2018H1,61,24416,148,psi,0.0825037542776063,,,True
2002H2-E,E,tabicl,20260912,2018H1,61,24416,148,psi_critical,0.0010313258825568768,,,True
2002H2-E,E,tabicl,20260912,2018H2,63,24543,146,auc,0.7784591750276953,0.7436936421141606,0.8132247079412301,True
2002H2-E,E,tabicl,20260912,2018H2,63,24543,146,gini,0.5569183500553907,0.4873872842283211,0.6264494158824603,True
2002H2-E,E,tabicl,20260912,2018H2,63,24543,146,ks,0.427682552480908,,,True
2002H2-E,E,tabicl,20260912,2018H2,63,24543,146,brier,0.005871046626824245,,,True
2002H2-E,E,tabicl,20260912,2018H2,63,24543,146,brier_miscalibration,1.5821260559004124e-05,,,True
2002H2-E,E,tabicl,20260912,2018H2,63,24543,146,brier_discrimination,5.8130112638000477e-05,,,True
2002H2-E,E,tabicl,20260912,2018H2,63,24543,146,brier_uncertainty,0.005913355478903241,,,True
2002H2-E,E,tabicl,20260912,2018H2,63,24543,146,observed_over_expected,1.092293149303601,0.9227125051519498,1.2838622577940224,True
2002H2-E,E,tabicl,20260912,2018H2,63,24543,146,log_oe,0.08827929303921592,-0.08043757170746675,0.2498729236519494,True
2002H2-E,E,tabicl,20260912,2018H2,63,24543,146,cox_intercept,-0.35061265004903575,-1.0982616872299151,0.39703638713184375,True
2002H2-E,E,tabicl,20260912,2018H2,63,24543,146,cox_slope,0.9053108467010943,0.750084298171485,1.0605373952307036,True
2002H2-E,E,tabicl,20260912,2018H2,63,24543,146,psi,0.08524961114702936,,,True
2002H2-E,E,tabicl,20260912,2018H2,63,24543,146,psi_critical,0.0010277401683422744,,,True
2002H2-E,E,tabicl,20260912,2019H1,65,24752,110,auc,0.717815112409707,0.6689708418016553,0.7666593830177586,True
2002H2-E,E,tabicl,20260912,2019H1,65,24752,110,gini,0.43563022481941394,0.33794168360331067,0.5333187660355172,True
2002H2-E,E,tabicl,20260912,2019H1,65,24752,110,ks,0.3354221543410733,,,True
2002H2-E,E,tabicl,20260912,2019H1,65,24752,110,brier,0.004404941038389291,,,True
2002H2-E,E,tabicl,20260912,2019H1,65,24752,110,brier_miscalibration,4.468866661915677e-05,,,True
2002H2-E,E,tabicl,20260912,2019H1,65,24752,110,brier_discrimination,6.408306027946929e-05,,,True
2002H2-E,E,tabicl,20260912,2019H1,65,24752,110,brier_uncertainty,0.004424335432049603,,,True
2002H2-E,E,tabicl,20260912,2019H1,65,24752,110,observed_over_expected,0.8452798616022276,0.6949785405127777,1.0183257690720224,True
2002H2-E,E,tabicl,20260912,2019H1,65,24752,110,log_oe,-0.16808750929623706,-0.36387431085408006,0.018159875848013596,True
2002H2-E,E,tabicl,20260912,2019H1,65,24752,110,cox_intercept,-1.5279908140903877,-2.391026603658214,-0.6649550245225614,True
2002H2-E,E,tabicl,20260912,2019H1,65,24752,110,cox_slope,0.7165453252702756,0.546384156643936,0.8867064938966152,True
2002H2-E,E,tabicl,20260912,2019H1,65,24752,110,psi,0.09737669698538629,,,True
2002H2-E,E,tabicl,20260912,2019H1,65,24752,110,psi_critical,0.0010219193712836035,,,True
2002H2-E,E,tabicl,20260912,2019H2,67,24861,136,auc,0.6856312079938143,0.6423434914404104,0.7289189245472182,True
2002H2-E,E,tabicl,20260912,2019H2,67,24861,136,gini,0.37126241598762855,0.2846869828808207,0.45783784909443637,True
2002H2-E,E,tabicl,20260912,2019H2,67,24861,136,ks,0.2741256765598049,,,True
2002H2-E,E,tabicl,20260912,2019H2,67,24861,136,brier,0.005432491195068142,,,True
2002H2-E,E,tabicl,20260912,2019H2,67,24861,136,brier_miscalibration,1.6603569082631296e-05,,,True
2002H2-E,E,tabicl,20260912,2019H2,67,24861,136,brier_discrimination,2.4602438396765375e-05,,,True
2002H2-E,E,tabicl,20260912,2019H2,67,24861,136,brier_uncertainty,0.0054404900643822765,,,True
2002H2-E,E,tabicl,20260912,2019H2,67,24861,136,observed_over_expected,1.1907175588198093,0.9994366296323421,1.4077802891690359,True
2002H2-E,E,tabicl,20260912,2019H2,67,24861,136,log_oe,0.17455611600253398,-0.0005635291203706164,0.3420142009353573,True
2002H2-E,E,tabicl,20260912,2019H2,67,24861,136,cox_intercept,-1.9784383720898604,-2.7650584701447034,-1.1918182740350172,True
2002H2-E,E,tabicl,20260912,2019H2,67,24861,136,cox_slope,0.5691314221387401,0.4232633017924573,0.714999542485023,True
2002H2-E,E,tabicl,20260912,2019H2,67,24861,136,psi,0.11441678525610535,,,True
2002H2-E,E,tabicl,20260912,2019H2,67,24861,136,psi_critical,0.0010189224749281938,,,True
2002H2-E,E,tabicl,20260912,2020H1,69,24880,111,auc,0.656070560446999,0.6031675199142739,0.7089736009797241,True
2002H2-E,E,tabicl,20260912,2020H1,69,24880,111,gini,0.3121411208939979,0.20633503982854773,0.4179472019594481,True
2002H2-E,E,tabicl,20260912,2020H1,69,24880,111,ks,0.2625153717648368,,,True
2002H2-E,E,tabicl,20260912,2020H1,69,24880,111,brier,0.004448677590939176,,,True
2002H2-E,E,tabicl,20260912,2020H1,69,24880,111,brier_miscalibration,1.7509810253453495e-05,,,True
2002H2-E,E,tabicl,20260912,2020H1,69,24880,111,brier_discrimination,1.034278837373781e-05,,,True
2002H2-E,E,tabicl,20260912,2020H1,69,24880,111,brier_uncertainty,0.00444151056905946,,,True
2002H2-E,E,tabicl,20260912,2020H1,69,24880,111,observed_over_expected,1.1601949969344436,0.9547847435948518,1.396536943035355,True
2002H2-E,E,tabicl,20260912,2020H1,69,24880,111,log_oe,0.1485880917964709,-0.04626936328478275,0.333995560070633,True
2002H2-E,E,tabicl,20260912,2020H1,69,24880,111,cox_intercept,-2.7644827248335506,-3.642594720824131,-1.8863707288429703,True
2002H2-E,E,tabicl,20260912,2020H1,69,24880,111,cox_slope,0.4436275711698952,0.29104518582471145,0.5962099565150789,True
2002H2-E,E,tabicl,20260912,2020H1,69,24880,111,psi,0.1808370790755015,,,True
2002H2-E,E,tabicl,20260912,2020H1,69,24880,111,psi_critical,0.001018402767712202,,,True
2002H2-E,E,tabicl,20260912,2020H2,71,24919,71,auc,0.6839338105257432,0.6200401396567508,0.7478274813947356,False
2002H2-E,E,tabicl,20260912,2020H2,71,24919,71,gini,0.3678676210514864,0.2400802793135015,0.4956549627894713,False
2002H2-E,E,tabicl,20260912,2020H2,71,24919,71,ks,0.3047231392216791,,,False
2002H2-E,E,tabicl,20260912,2020H2,71,24919,71,brier,0.0028460896183569026,,,False
2002H2-E,E,tabicl,20260912,2020H2,71,24919,71,brier_miscalibration,1.2564322086243158e-05,,,False
2002H2-E,E,tabicl,20260912,2020H2,71,24919,71,brier_discrimination,7.58809362393564e-06,,,False
2002H2-E,E,tabicl,20260912,2020H2,71,24919,71,brier_uncertainty,0.002841113389894595,,,False
2002H2-E,E,tabicl,20260912,2020H2,71,24919,71,observed_over_expected,0.8956468212806338,0.6997119842552811,1.1293157609044193,False
2002H2-E,E,tabicl,20260912,2020H2,71,24919,71,log_oe,-0.11020911639154117,-0.35708647967183105,0.1216119279986502,False
2002H2-E,E,tabicl,20260912,2020H2,71,24919,71,cox_intercept,-2.5925987693415036,-3.700836755124248,-1.4843607835587593,False
2002H2-E,E,tabicl,20260912,2020H2,71,24919,71,cox_slope,0.5365838039573699,0.34578100249655613,0.7273866054181837,False
2002H2-E,E,tabicl,20260912,2020H2,71,24919,71,psi,0.3066354608949482,,,False
2002H2-E,E,tabicl,20260912,2020H2,71,24919,71,psi_critical,0.001017338483214061,,,False
2002H2-E,E,tabicl,20260912,2021H1,73,24909,90,auc,0.7633788629678875,0.7128235014279163,0.8139342245078587,False
2002H2-E,E,tabicl,20260912,2021H1,73,24909,90,gini,0.526757725935775,0.42564700285583257,0.6278684490157174,False
2002H2-E,E,tabicl,20260912,2021H1,73,24909,90,ks,0.4334837557247808,,,False
2002H2-E,E,tabicl,20260912,2021H1,73,24909,90,brier,0.0035833953709280136,,,False
2002H2-E,E,tabicl,20260912,2021H1,73,24909,90,brier_miscalibration,9.612761049250518e-06,,,False
2002H2-E,E,tabicl,20260912,2021H1,73,24909,90,brier_discrimination,2.6314396482249314e-05,,,False
2002H2-E,E,tabicl,20260912,2021H1,73,24909,90,brier_uncertainty,0.0036000970063610124,,,False
2002H2-E,E,tabicl,20260912,2021H1,73,24909,90,observed_over_expected,0.9434814203566652,0.7589240162746441,1.1592184279420803,False
2002H2-E,E,tabicl,20260912,2021H1,73,24909,90,log_oe,-0.05817860662321396,-0.2758536169079655,0.14774600901847484,False
2002H2-E,E,tabicl,20260912,2021H1,73,24909,90,cox_intercept,-0.8684543111841705,-1.809694029155704,0.0727854067873629,False
2002H2-E,E,tabicl,20260912,2021H1,73,24909,90,cox_slope,0.8372599153948908,0.6564098141835423,1.0181100166062393,False
2002H2-E,E,tabicl,20260912,2021H1,73,24909,90,psi,0.1844592671436663,,,False
2002H2-E,E,tabicl,20260912,2021H1,73,24909,90,psi_critical,0.0010176110589622332,,,False
2002H2-E,E,tabicl,20260912,2021H2,75,24929,136,auc,0.7579502397498344,0.7200274623901524,0.7958730171095165,True
2002H2-E,E,tabicl,20260912,2021H2,75,24929,136,gini,0.5159004794996689,0.4400549247803047,0.591746034219033,True
2002H2-E,E,tabicl,20260912,2021H2,75,24929,136,ks,0.390639791592029,,,True
2002H2-E,E,tabicl,20260912,2021H2,75,24929,136,brier,0.005393924513312588,,,True
2002H2-E,E,tabicl,20260912,2021H2,75,24929,136,brier_miscalibration,1.3780831697281053e-05,,,True
2002H2-E,E,tabicl,20260912,2021H2,75,24929,136,brier_discrimination,4.5587509774288465e-05,,,True
2002H2-E,E,tabicl,20260912,2021H2,75,24929,136,brier_uncertainty,0.005425731191389596,,,True
2002H2-E,E,tabicl,20260912,2021H2,75,24929,136,observed_over_expected,1.1806307246793797,0.990969039598541,1.3958565776415228,True
2002H2-E,E,tabicl,20260912,2021H2,75,24929,136,log_oe,0.16604880811683495,-0.00907198671581702,0.3335082609831244,True
2002H2-E,E,tabicl,20260912,2021H2,75,24929,136,cox_intercept,-0.7993369315211735,-1.557064218983133,-0.04160964405921397,True
2002H2-E,E,tabicl,20260912,2021H2,75,24929,136,cox_slope,0.799557057161914,0.6503295334844846,0.9487845808393435,True
2002H2-E,E,tabicl,20260912,2021H2,75,24929,136,psi,0.10288457571678128,,,True
2002H2-E,E,tabicl,20260912,2021H2,75,24929,136,psi_critical,0.0010170661261475434,,,True
2002H2-E,E,tabicl,20260912,2022H1,77,24889,291,auc,0.7856757275547505,0.7621801883906802,0.8091712667188207,True
2002H2-E,E,tabicl,20260912,2022H1,77,24889,291,gini,0.5713514551095009,0.5243603767813605,0.6183425334376413,True
2002H2-E,E,tabicl,20260912,2022H1,77,24889,291,ks,0.46841486009115935,,,True
2002H2-E,E,tabicl,20260912,2022H1,77,24889,291,brier,0.011460092729791998,,,True
2002H2-E,E,tabicl,20260912,2022H1,77,24889,291,brier_miscalibration,9.760725912397357e-05,,,True
2002H2-E,E,tabicl,20260912,2022H1,77,24889,291,brier_discrimination,0.00019272581069738545,,,True
2002H2-E,E,tabicl,20260912,2022H1,77,24889,291,brier_uncertainty,0.01155521128136541,,,True
2002H2-E,E,tabicl,20260912,2022H1,77,24889,291,observed_over_expected,2.028135876088042,1.8029260122325468,2.273434743453489,True
2002H2-E,E,tabicl,20260912,2022H1,77,24889,291,log_oe,0.7071170835279472,0.5894109074571353,0.8212917907495821,True
2002H2-E,E,tabicl,20260912,2022H1,77,24889,291,cox_intercept,0.23750385294268073,-0.2773012910287662,0.7523089969141277,True
2002H2-E,E,tabicl,20260912,2022H1,77,24889,291,cox_slope,0.8940941691693036,0.7864414542266832,1.001746884111924,True
2002H2-E,E,tabicl,20260912,2022H1,77,24889,291,psi,0.07396715630165554,,,True
2002H2-E,E,tabicl,20260912,2022H1,77,24889,291,psi_critical,0.0010181568675578937,,,True
2002H2-E,E,tabicl,20260912,2022H2,79,24859,373,auc,0.7791197749592206,0.7570624745234704,0.8011770753949707,True
2002H2-E,E,tabicl,20260912,2022H2,79,24859,373,gini,0.5582395499184412,0.5141249490469408,0.6023541507899415,True
2002H2-E,E,tabicl,20260912,2022H2,79,24859,373,ks,0.46443883565134003,,,True
2002H2-E,E,tabicl,20260912,2022H2,79,24859,373,brier,0.014674921453348543,,,True
2002H2-E,E,tabicl,20260912,2022H2,79,24859,373,brier_miscalibration,0.00022641592426174938,,,True
2002H2-E,E,tabicl,20260912,2022H2,79,24859,373,brier_discrimination,0.0003309817579319717,,,True
2002H2-E,E,tabicl,20260912,2022H2,79,24859,373,brier_uncertainty,0.014779487287018766,,,True
2002H2-E,E,tabicl,20260912,2022H2,79,24859,373,observed_over_expected,2.71188786072213,2.445398704881629,2.99914510402548,True
2002H2-E,E,tabicl,20260912,2022H2,79,24859,373,log_oe,0.9976450199319936,0.8942081791136917,1.0983272827329364,True
2002H2-E,E,tabicl,20260912,2022H2,79,24859,373,cox_intercept,0.5409125494454295,0.08153493784220744,1.0002901610486516,True
2002H2-E,E,tabicl,20260912,2022H2,79,24859,373,cox_slope,0.8958151197004028,0.8009024774145379,0.9907277619862678,True
2002H2-E,E,tabicl,20260912,2022H2,79,24859,373,psi,0.09018111286555631,,,True
2002H2-E,E,tabicl,20260912,2022H2,79,24859,373,psi_critical,0.0010189772271646342,,,True
2002H2-E,E,tabicl,20260912,2023H1,81,24882,381,auc,0.7947374476439496,0.7747602535408548,0.8147146417470444,True
2002H2-E,E,tabicl,20260912,2023H1,81,24882,381,gini,0.5894748952878992,0.5495205070817095,0.6294292834940889,True
2002H2-E,E,tabicl,20260912,2023H1,81,24882,381,ks,0.45906305607966513,,,True
2002H2-E,E,tabicl,20260912,2023H1,81,24882,381,brier,0.014991680070490097,,,True
2002H2-E,E,tabicl,20260912,2023H1,81,24882,381,brier_miscalibration,0.00026205831123799796,,,True
2002H2-E,E,tabicl,20260912,2023H1,81,24882,381,brier_discrimination,0.0003481864407133724,,,True
2002H2-E,E,tabicl,20260912,2023H1,81,24882,381,brier_uncertainty,0.015077808199965471,,,True
2002H2-E,E,tabicl,20260912,2023H1,81,24882,381,observed_over_expected,2.9050310111267037,2.622538709977859,3.209285706522352,True
2002H2-E,E,tabicl,20260912,2023H1,81,24882,381,log_oe,1.0664440653335412,0.9641428218954338,1.1660483910477788,True
2002H2-E,E,tabicl,20260912,2023H1,81,24882,381,cox_intercept,0.8761252463550373,0.4087628690985363,1.3434876236115383,True
2002H2-E,E,tabicl,20260912,2023H1,81,24882,381,cox_slope,0.9530752513435814,0.8564076417140893,1.0497428609730735,True
2002H2-E,E,tabicl,20260912,2023H1,81,24882,381,psi,0.09938774599029593,,,True
2002H2-E,E,tabicl,20260912,2023H1,81,24882,381,psi_critical,0.001018348107860452,,,True
2002H2-E,E,tabicl,20260912,2023H2,83,24866,363,auc,0.7998105927097925,0.7801683762049121,0.8194528092146729,True
2002H2-E,E,tabicl,20260912,2023H2,83,24866,363,gini,0.599621185419585,0.5603367524098242,0.6389056184293458,True
2002H2-E,E,tabicl,20260912,2023H2,83,24866,363,ks,0.4824059886297163,,,True
2002H2-E,E,tabicl,20260912,2023H2,83,24866,363,brier,0.014283281784343752,,,True
2002H2-E,E,tabicl,20260912,2023H2,83,24866,363,brier_miscalibration,0.0002559609633044392,,,True
2002H2-E,E,tabicl,20260912,2023H2,83,24866,363,brier_discrimination,0.000357816976899716,,,True
2002H2-E,E,tabicl,20260912,2023H2,83,24866,363,brier_uncertainty,0.014385137797939028,,,True
2002H2-E,E,tabicl,20260912,2023H2,83,24866,363,observed_over_expected,2.9308612215989998,2.638962257406039,3.2458481652104028,True
2002H2-E,E,tabicl,20260912,2023H2,83,24866,363,log_oe,1.0752963121256924,0.970385755564439,1.1773766920311495,True
2002H2-E,E,tabicl,20260912,2023H2,83,24866,363,cox_intercept,0.9911381569760019,0.5084933323699703,1.4737829815820336,True
2002H2-E,E,tabicl,20260912,2023H2,83,24866,363,cox_slope,0.976150046560486,0.8767117082173697,1.0755883849036023,True
2002H2-E,E,tabicl,20260912,2023H2,83,24866,363,psi,0.1001393319375091,,,True
2002H2-E,E,tabicl,20260912,2023H2,83,24866,363,psi_critical,0.0010187856328701958,,,True
2002H2-E,E,tabicl,20260913,2003H1,1,24276,72,auc,0.8633688302209,0.8176777099167495,0.9090599505250506,False
2002H2-E,E,tabicl,20260913,2003H1,1,24276,72,gini,0.7267376604418001,0.635355419833499,0.8181199010501012,False
2002H2-E,E,tabicl,20260913,2003H1,1,24276,72,ks,0.6234437833966837,,,False
2002H2-E,E,tabicl,20260913,2003H1,1,24276,72,brier,0.002990234808574618,,,False
2002H2-E,E,tabicl,20260913,2003H1,1,24276,72,brier_miscalibration,9.916369852797655e-05,,,False
2002H2-E,E,tabicl,20260913,2003H1,1,24276,72,brier_discrimination,6.602461242716413e-05,,,False
2002H2-E,E,tabicl,20260913,2003H1,1,24276,72,brier_uncertainty,0.0029570957224738055,,,False
2002H2-E,E,tabicl,20260913,2003H1,1,24276,72,observed_over_expected,0.4371764638204064,0.3421670736203506,0.5503395759280488,False
2002H2-E,E,tabicl,20260913,2003H1,1,24276,72,log_oe,-0.8274183580254499,-1.0724561418485155,-0.5972197804969692,False
2002H2-E,E,tabicl,20260913,2003H1,1,24276,72,cox_intercept,-0.7432371174711203,-1.4313114995168394,-0.05516273542540129,False
2002H2-E,E,tabicl,20260913,2003H1,1,24276,72,cox_slope,1.0277620377386265,0.8599699030327388,1.1955541724445142,False
2002H2-E,E,tabicl,20260913,2003H1,1,24276,72,psi,0.18514045474897492,,,False
2002H2-E,E,tabicl,20260913,2003H1,1,24276,72,psi_critical,0.0010353221128363722,,,False
2002H2-E,E,tabicl,20260913,2003H2,3,24205,139,auc,0.8368213432245977,0.8029183626209037,0.8707243238282917,True
2002H2-E,E,tabicl,20260913,2003H2,3,24205,139,gini,0.6736426864491953,0.6058367252418073,0.7414486476565834,True
2002H2-E,E,tabicl,20260913,2003H2,3,24205,139,ks,0.5470160894470661,,,True
2002H2-E,E,tabicl,20260913,2003H2,3,24205,139,brier,0.005658484035694457,,,True
2002H2-E,E,tabicl,20260913,2003H2,3,24205,139,brier_miscalibration,0.00011749998145146445,,,True
2002H2-E,E,tabicl,20260913,2003H2,3,24205,139,brier_discrimination,0.00016865347901295642,,,True
2002H2-E,E,tabicl,20260913,2003H2,3,24205,139,brier_uncertainty,0.005709637533255949,,,True
2002H2-E,E,tabicl,20260913,2003H2,3,24205,139,observed_over_expected,0.6322128067316639,0.5317170128295318,0.746090691807144,True
2002H2-E,E,tabicl,20260913,2003H2,3,24205,139,log_oe,-0.45852922200044555,-0.6316438619374124,-0.2929081153804491,True
2002H2-E,E,tabicl,20260913,2003H2,3,24205,139,cox_intercept,-0.7076489036915447,-1.2132249703447766,-0.2020728370383127,True
2002H2-E,E,tabicl,20260913,2003H2,3,24205,139,cox_slope,0.9383237437316939,0.8131033267315948,1.063544160731793,True
2002H2-E,E,tabicl,20260913,2003H2,3,24205,139,psi,0.04755573051829773,,,True
2002H2-E,E,tabicl,20260913,2003H2,3,24205,139,psi_critical,0.001037366439290114,,,True
2002H2-E,E,tabicl,20260913,2004H1,5,24219,181,auc,0.8190040033299025,0.7875833106749232,0.8504246959848819,True
2002H2-E,E,tabicl,20260913,2004H1,5,24219,181,gini,0.6380080066598051,0.5751666213498463,0.7008493919697638,True
2002H2-E,E,tabicl,20260913,2004H1,5,24219,181,ks,0.516049634119826,,,True
2002H2-E,E,tabicl,20260913,2004H1,5,24219,181,brier,0.007377962970541032,,,True
2002H2-E,E,tabicl,20260913,2004H1,5,24219,181,brier_miscalibration,0.00011980534428088913,,,True
2002H2-E,E,tabicl,20260913,2004H1,5,24219,181,brier_discrimination,0.0001594608429282109,,,True
2002H2-E,E,tabicl,20260913,2004H1,5,24219,181,brier_uncertainty,0.007417618469188354,,,True
2002H2-E,E,tabicl,20260913,2004H1,5,24219,181,observed_over_expected,0.7346347677960705,0.6318244897002364,0.8493050641152308,True
2002H2-E,E,tabicl,20260913,2004H1,5,24219,181,log_oe,-0.3083818178354266,-0.45914362957329063,-0.16333683552087266,True
2002H2-E,E,tabicl,20260913,2004H1,5,24219,181,cox_intercept,-0.864721665908438,-1.3099871099236942,-0.41945622189318177,True
2002H2-E,E,tabicl,20260913,2004H1,5,24219,181,cox_slope,0.854628554986671,0.7456395890865699,0.9636175208867721,True
2002H2-E,E,tabicl,20260913,2004H1,5,24219,181,psi,0.027883615538445334,,,True
2002H2-E,E,tabicl,20260913,2004H1,5,24219,181,psi_critical,0.0010369623839442791,,,True
2002H2-E,E,tabicl,20260913,2004H2,7,24090,202,auc,0.8082681018018077,0.7812714879458481,0.8352647156577674,True
2002H2-E,E,tabicl,20260913,2004H2,7,24090,202,gini,0.6165362036036155,0.5625429758916962,0.6705294313155348,True
2002H2-E,E,tabicl,20260913,2004H2,7,24090,202,ks,0.4836899756620002,,,True
2002H2-E,E,tabicl,20260913,2004H2,7,24090,202,brier,0.008333757148477759,,,True
2002H2-E,E,tabicl,20260913,2004H2,7,24090,202,brier_miscalibration,0.00016559843821782431,,,True
2002H2-E,E,tabicl,20260913,2004H2,7,24090,202,brier_discrimination,0.00014675142419676504,,,True
2002H2-E,E,tabicl,20260913,2004H2,7,24090,202,brier_uncertainty,0.0083149101344567,,,True
2002H2-E,E,tabicl,20260913,2004H2,7,24090,202,observed_over_expected,0.6811896032529233,0.5908036219468783,0.7813987127784998,True
2002H2-E,E,tabicl,20260913,2004H2,7,24090,202,log_oe,-0.38391459271036416,-0.5262715977633415,-0.24666974368975708,True
2002H2-E,E,tabicl,20260913,2004H2,7,24090,202,cox_intercept,-0.9978399808507028,-1.4213769911318672,-0.5743029705695385,True
2002H2-E,E,tabicl,20260913,2004H2,7,24090,202,cox_slope,0.8350547920823312,0.7282734153425638,0.9418361688220986,True
2002H2-E,E,tabicl,20260913,2004H2,7,24090,202,psi,0.005584337514966891,,,True
2002H2-E,E,tabicl,20260913,2004H2,7,24090,202,psi_critical,0.0010407032384610452,,,True
2002H2-E,E,tabicl,20260913,2005H1,9,24233,248,auc,0.7812309608828097,0.7522700117499449,0.8101919100156746,True
2002H2-E,E,tabicl,20260913,2005H1,9,24233,248,gini,0.5624619217656195,0.5045400234998898,0.6203838200313492,True
2002H2-E,E,tabicl,20260913,2005H1,9,24233,248,ks,0.4586688925201907,,,True
2002H2-E,E,tabicl,20260913,2005H1,9,24233,248,brier,0.010061961500764677,,,True
2002H2-E,E,tabicl,20260913,2005H1,9,24233,248,brier_miscalibration,0.00013188007237359238,,,True
2002H2-E,E,tabicl,20260913,2005H1,9,24233,248,brier_discrimination,0.00019916271563304513,,,True
2002H2-E,E,tabicl,20260913,2005H1,9,24233,248,brier_uncertainty,0.01012924414402413,,,True
2002H2-E,E,tabicl,20260913,2005H1,9,24233,248,observed_over_expected,0.851041017274227,0.748856796659813,0.9631617576458346,True
2002H2-E,E,tabicl,20260913,2005H1,9,24233,248,log_oe,-0.16129495265815805,-0.2892075064551039,-0.03753390865656931,True
2002H2-E,E,tabicl,20260913,2005H1,9,24233,248,cox_intercept,-1.1186536539634016,-1.5012835620093017,-0.7360237459175014,True
2002H2-E,E,tabicl,20260913,2005H1,9,24233,248,cox_slope,0.7441557424289682,0.6520208468869165,0.8362906379710199,True
2002H2-E,E,tabicl,20260913,2005H1,9,24233,248,psi,0.001686267214609864,,,True
2002H2-E,E,tabicl,20260913,2005H1,9,24233,248,psi_critical,0.001036558795463863,,,True
2002H2-E,E,tabicl,20260913,2005H2,11,24082,266,auc,0.8071171746548098,0.7829165020015759,0.8313178473080437,True
2002H2-E,E,tabicl,20260913,2005H2,11,24082,266,gini,0.6142343493096196,0.5658330040031518,0.6626356946160874,True
2002H2-E,E,tabicl,20260913,2005H2,11,24082,266,ks,0.4825930504797432,,,True
2002H2-E,E,tabicl,20260913,2005H2,11,24082,266,brier,0.01074823724163733,,,True
2002H2-E,E,tabicl,20260913,2005H2,11,24082,266,brier_miscalibration,0.00010485648208680143,,,True
2002H2-E,E,tabicl,20260913,2005H2,11,24082,266,brier_discrimination,0.0002802083085313035,,,True
2002H2-E,E,tabicl,20260913,2005H2,11,24082,266,brier_uncertainty,0.010923589068081833,,,True
2002H2-E,E,tabicl,20260913,2005H2,11,24082,266,observed_over_expected,0.8860840767216995,0.7832792490773497,0.9985117067717711,True
2002H2-E,E,tabicl,20260913,2005H2,11,24082,266,log_oe,-0.12094343815952403,-0.24426600662671316,-0.0014894018366882885,True
2002H2-E,E,tabicl,20260913,2005H2,11,24082,266,cox_intercept,-0.6987665138132281,-1.069869860677109,-0.32766316694934705,True
2002H2-E,E,tabicl,20260913,2005H2,11,24082,266,cox_slope,0.842255550779292,0.7486437017433678,0.9358673998152163,True
2002H2-E,E,tabicl,20260913,2005H2,11,24082,266,psi,0.00810528609971126,,,True
2002H2-E,E,tabicl,20260913,2005H2,11,24082,266,psi_critical,0.0010409365492114375,,,True
2002H2-E,E,tabicl,20260913,2006H1,13,23280,405,auc,0.7851189098023341,0.7643717454787149,0.8058660741259533,True
2002H2-E,E,tabicl,20260913,2006H1,13,23280,405,gini,0.5702378196046682,0.5287434909574298,0.6117321482519067,True
2002H2-E,E,tabicl,20260913,2006H1,13,23280,405,ks,0.4587055251973285,,,True
2002H2-E,E,tabicl,20260913,2006H1,13,23280,405,brier,0.01680582031881995,,,True
2002H2-E,E,tabicl,20260913,2006H1,13,23280,405,brier_miscalibration,0.0001440049157448893,,,True
2002H2-E,E,tabicl,20260913,2006H1,13,23280,405,brier_discrimination,0.00043243943272045643,,,True
2002H2-E,E,tabicl,20260913,2006H1,13,23280,405,brier_uncertainty,0.017094254835795516,,,True
2002H2-E,E,tabicl,20260913,2006H1,13,23280,405,observed_over_expected,1.2138571084195349,1.0993906350800429,1.3368370447545117,True
2002H2-E,E,tabicl,20260913,2006H1,13,23280,405,log_oe,0.19380298259569445,0.09475605819824907,0.29030640943103225,True
2002H2-E,E,tabicl,20260913,2006H1,13,23280,405,cox_intercept,-0.6704633522633021,-0.9738506121200052,-0.36707609240659905,True
2002H2-E,E,tabicl,20260913,2006H1,13,23280,405,cox_slope,0.7564583119688107,0.6806068399388536,0.8323097839987679,True
2002H2-E,E,tabicl,20260913,2006H1,13,23280,405,psi,0.040904127037876895,,,True
2002H2-E,E,tabicl,20260913,2006H1,13,23280,405,psi_critical,0.0010651397584764489,,,True
2002H2-E,E,tabicl,20260913,2006H2,15,23898,525,auc,0.7814975358217561,0.7625757003016763,0.8004193713418358,True
2002H2-E,E,tabicl,20260913,2006H2,15,23898,525,gini,0.5629950716435121,0.5251514006033526,0.6008387426836717,True
2002H2-E,E,tabicl,20260913,2006H2,15,23898,525,ks,0.44605827236555,,,True
2002H2-E,E,tabicl,20260913,2006H2,15,23898,525,brier,0.021029312096344097,,,True
2002H2-E,E,tabicl,20260913,2006H2,15,23898,525,brier_miscalibration,0.0002214113282825829,,,True
2002H2-E,E,tabicl,20260913,2006H2,15,23898,525,brier_discrimination,0.0006778557004445754,,,True
2002H2-E,E,tabicl,20260913,2006H2,15,23898,525,brier_uncertainty,0.02148575646850609,,,True
2002H2-E,E,tabicl,20260913,2006H2,15,23898,525,observed_over_expected,1.516248072723798,1.3905615521874277,1.650044504138203,True
2002H2-E,E,tabicl,20260913,2006H2,15,23898,525,log_oe,0.41623891019455517,0.32970765993828766,0.5008022597537174,True
2002H2-E,E,tabicl,20260913,2006H2,15,23898,525,cox_intercept,-0.41787636195491623,-0.6886193733667737,-0.14713335054305876,True
2002H2-E,E,tabicl,20260913,2006H2,15,23898,525,cox_slope,0.7613850586914018,0.6937898162439524,0.8289803011388512,True
2002H2-E,E,tabicl,20260913,2006H2,15,23898,525,psi,0.05264046536203253,,,True
2002H2-E,E,tabicl,20260913,2006H2,15,23898,525,psi_critical,0.001046345808876259,,,True
2002H2-E,E,tabicl,20260913,2007H1,17,23169,808,auc,0.7816702945058605,0.7672230863100138,0.7961175027017071,True
2002H2-E,E,tabicl,20260913,2007H1,17,23169,808,gini,0.5633405890117209,0.5344461726200276,0.5922350054034142,True
2002H2-E,E,tabicl,20260913,2007H1,17,23169,808,ks,0.4273640324096808,,,True
2002H2-E,E,tabicl,20260913,2007H1,17,23169,808,brier,0.03293520703090247,,,True
2002H2-E,E,tabicl,20260913,2007H1,17,23169,808,brier_miscalibration,0.000771614484084103,,,True
2002H2-E,E,tabicl,20260913,2007H1,17,23169,808,brier_discrimination,0.001494383984333096,,,True
2002H2-E,E,tabicl,20260913,2007H1,17,23169,808,brier_uncertainty,0.03365797653115146,,,True
2002H2-E,E,tabicl,20260913,2007H1,17,23169,808,observed_over_expected,2.2279936001231673,2.0794318750708927,2.3840685726598694,True
2002H2-E,E,tabicl,20260913,2007H1,17,23169,808,log_oe,0.8011014495847752,0.7320947194193788,0.8688085124890457,True
2002H2-E,E,tabicl,20260913,2007H1,17,23169,808,cox_intercept,-0.03939067689788326,-0.25740415688939267,0.17862280309362616,True
2002H2-E,E,tabicl,20260913,2007H1,17,23169,808,cox_slope,0.7454700197325713,0.6910188203571325,0.7999212191080102,True
2002H2-E,E,tabicl,20260913,2007H1,17,23169,808,psi,0.06943411407194928,,,True
2002H2-E,E,tabicl,20260913,2007H1,17,23169,808,psi_critical,0.0010686215825909393,,,True
2002H2-E,E,tabicl,20260913,2007H2,19,24367,1560,auc,0.7659906483951734,0.755199418471449,0.7767818783188978,True
2002H2-E,E,tabicl,20260913,2007H2,19,24367,1560,gini,0.5319812967903468,0.510398836942898,0.5535637566377956,True
2002H2-E,E,tabicl,20260913,2007H2,19,24367,1560,ks,0.4233884277544118,,,True
2002H2-E,E,tabicl,20260913,2007H2,19,24367,1560,brier,0.060306424500590136,,,True
2002H2-E,E,tabicl,20260913,2007H2,19,24367,1560,brier_miscalibration,0.004051923224905725,,,True
2002H2-E,E,tabicl,20260913,2007H2,19,24367,1560,brier_discrimination,0.0036678207681389366,,,True
2002H2-E,E,tabicl,20260913,2007H2,19,24367,1560,brier_uncertainty,0.05992232204382335,,,True
2002H2-E,E,tabicl,20260913,2007H2,19,24367,1560,observed_over_expected,4.142819708876032,3.9459746716845707,4.346425620953668,True
2002H2-E,E,tabicl,20260913,2007H2,19,24367,1560,log_oe,1.4213766451017937,1.3726959888480876,1.4693538109906248,True
2002H2-E,E,tabicl,20260913,2007H2,19,24367,1560,cox_intercept,0.4228252898178868,0.2553981085597171,0.5902524710760565,True
2002H2-E,E,tabicl,20260913,2007H2,19,24367,1560,cox_slope,0.6873098097908178,0.6474406061286115,0.727179013453024,True
2002H2-E,E,tabicl,20260913,2007H2,19,24367,1560,psi,0.05272066627710531,,,True
2002H2-E,E,tabicl,20260913,2007H2,19,24367,1560,psi_critical,0.0010327193396994369,,,True
2002H2-E,E,tabicl,20260913,2008H1,21,24660,1109,auc,0.7761185086533422,0.7633252782347016,0.7889117390719828,True
2002H2-E,E,tabicl,20260913,2008H1,21,24660,1109,gini,0.5522370173066844,0.5266505564694033,0.5778234781439655,True
2002H2-E,E,tabicl,20260913,2008H1,21,24660,1109,ks,0.4136096790347246,,,True
2002H2-E,E,tabicl,20260913,2008H1,21,24660,1109,brier,0.04289410019044293,,,True
2002H2-E,E,tabicl,20260913,2008H1,21,24660,1109,brier_miscalibration,0.0022926938897888174,,,True
2002H2-E,E,tabicl,20260913,2008H1,21,24660,1109,brier_discrimination,0.0023477615878197203,,,True
2002H2-E,E,tabicl,20260913,2008H1,21,24660,1109,brier_uncertainty,0.04294916788847383,,,True
2002H2-E,E,tabicl,20260913,2008H1,21,24660,1109,observed_over_expected,4.357674767598549,4.110282015459063,4.615524016956704,True
2002H2-E,E,tabicl,20260913,2008H1,21,24660,1109,log_oe,1.4719386049166663,1.413491643054127,1.5294254079783947,True
2002H2-E,E,tabicl,20260913,2008H1,21,24660,1109,cox_intercept,0.554027455041352,0.3445537399335119,0.763501170149192,True
2002H2-E,E,tabicl,20260913,2008H1,21,24660,1109,cox_slope,0.7410530053977132,0.6945165292576415,0.787589481537785,True
2002H2-E,E,tabicl,20260913,2008H1,21,24660,1109,psi,0.006120889786973088,,,True
2002H2-E,E,tabicl,20260913,2008H1,21,24660,1109,psi_critical,0.0010244694792870743,,,True
2002H2-E,E,tabicl,20260913,2008H2,23,24746,863,auc,0.7895496386910135,0.7751385363408048,0.8039607410412222,True
2002H2-E,E,tabicl,20260913,2008H2,23,24746,863,gini,0.5790992773820269,0.5502770726816095,0.6079214820824443,True
2002H2-E,E,tabicl,20260913,2008H2,23,24746,863,ks,0.44354820906806736,,,True
2002H2-E,E,tabicl,20260913,2008H2,23,24746,863,brier,0.03334164532733619,,,True
2002H2-E,E,tabicl,20260913,2008H2,23,24746,863,brier_miscalibration,0.0015799374699697818,,,True
2002H2-E,E,tabicl,20260913,2008H2,23,24746,863,brier_discrimination,0.0018963968522800953,,,True
2002H2-E,E,tabicl,20260913,2008H2,23,24746,863,brier_uncertainty,0.0336581047096465,,,True
2002H2-E,E,tabicl,20260913,2008H2,23,24746,863,observed_over_expected,4.168970076096914,3.8998490562282906,4.45124873230472,True
2002H2-E,E,tabicl,20260913,2008H2,23,24746,863,log_oe,1.427669021155681,1.3609378488553923,1.4931846708144647,True
2002H2-E,E,tabicl,20260913,2008H2,23,24746,863,cox_intercept,0.7871181042455817,0.5402628340500151,1.0339733744411483,True
2002H2-E,E,tabicl,20260913,2008H2,23,24746,863,cox_slope,0.8223555461542637,0.7685502036031377,0.8761608887053896,True
2002H2-E,E,tabicl,20260913,2008H2,23,24746,863,psi,0.040129076632095806,,,True
2002H2-E,E,tabicl,20260913,2008H2,23,24746,863,psi_critical,0.0010220851046916352,,,True
2002H2-E,E,tabicl,20260913,2009H1,25,24844,119,auc,0.8062998869922083,0.7691785565949805,0.8434212173894362,True
2002H2-E,E,tabicl,20260913,2009H1,25,24844,119,gini,0.6125997739844167,0.5383571131899609,0.6868424347788724,True
2002H2-E,E,tabicl,20260913,2009H1,25,24844,119,ks,0.4917745622010179,,,True
2002H2-E,E,tabicl,20260913,2009H1,25,24844,119,brier,0.00470186870471545,,,True
2002H2-E,E,tabicl,20260913,2009H1,25,24844,119,brier_miscalibration,2.8573344961717664e-05,,,True
2002H2-E,E,tabicl,20260913,2009H1,25,24844,119,brier_discrimination,9.365051128528649e-05,,,True
2002H2-E,E,tabicl,20260913,2009H1,25,24844,119,brier_uncertainty,0.0047669458710390186,,,True
2002H2-E,E,tabicl,20260913,2009H1,25,24844,119,observed_over_expected,1.0239079929088373,0.848554860586279,1.2246810257109262,True
2002H2-E,E,tabicl,20260913,2009H1,25,24844,119,log_oe,0.023626671905538736,-0.1642205404329905,0.20268042291530974,True
2002H2-E,E,tabicl,20260913,2009H1,25,24844,119,cox_intercept,-0.15566296321109355,-0.8377657185098258,0.5264397920876388,True
2002H2-E,E,tabicl,20260913,2009H1,25,24844,119,cox_slope,0.9612499447965905,0.820461528218611,1.1020383613745701,True
2002H2-E,E,tabicl,20260913,2009H1,25,24844,119,psi,0.2856101302533307,,,True
2002H2-E,E,tabicl,20260913,2009H1,25,24844,119,psi_critical,0.001019388149927719,,,True
2002H2-E,E,tabicl,20260913,2009H2,27,24709,196,auc,0.851606644371125,0.8249298002633256,0.8782834884789243,True
2002H2-E,E,tabicl,20260913,2009H2,27,24709,196,gini,0.70321328874225,0.6498596005266513,0.7565669769578487,True
2002H2-E,E,tabicl,20260913,2009H2,27,24709,196,ks,0.5708813815576408,,,True
2002H2-E,E,tabicl,20260913,2009H2,27,24709,196,brier,0.007682055117892876,,,True
2002H2-E,E,tabicl,20260913,2009H2,27,24709,196,brier_miscalibration,9.47748977219165e-05,,,True
2002H2-E,E,tabicl,20260913,2009H2,27,24709,196,brier_discrimination,0.00028213023187836396,,,True
2002H2-E,E,tabicl,20260913,2009H2,27,24709,196,brier_uncertainty,0.007869410452049324,,,True
2002H2-E,E,tabicl,20260913,2009H2,27,24709,196,observed_over_expected,1.2583547022458763,1.08890821054148,1.4465265098258804,True
2002H2-E,E,tabicl,20260913,2009H2,27,24709,196,log_oe,0.2298050758059399,0.08517555255770588,0.3691651721419423,True
2002H2-E,E,tabicl,20260913,2009H2,27,24709,196,cox_intercept,0.35966252707471685,-0.10975262745637643,0.8290776816058101,True
2002H2-E,E,tabicl,20260913,2009H2,27,24709,196,cox_slope,1.028750985696107,0.9219025920119803,1.1355993793802337,True
2002H2-E,E,tabicl,20260913,2009H2,27,24709,196,psi,0.13117357258929985,,,True
2002H2-E,E,tabicl,20260913,2009H2,27,24709,196,psi_critical,0.0010231089059562013,,,True
2002H2-E,E,tabicl,20260913,2010H1,29,24843,191,auc,0.8363139509299289,0.806597174495186,0.8660307273646718,True
2002H2-E,E,tabicl,20260913,2010H1,29,24843,191,gini,0.6726279018598578,0.613194348990372,0.7320614547293436,True
2002H2-E,E,tabicl,20260913,2010H1,29,24843,191,ks,0.5783904622502299,,,True
2002H2-E,E,tabicl,20260913,2010H1,29,24843,191,brier,0.007430949525467869,,,True
2002H2-E,E,tabicl,20260913,2010H1,29,24843,191,brier_miscalibration,6.502297647267233e-05,,,True
2002H2-E,E,tabicl,20260913,2010H1,29,24843,191,brier_discrimination,0.00026324617809132984,,,True
2002H2-E,E,tabicl,20260913,2010H1,29,24843,191,brier_uncertainty,0.0076291727270865264,,,True
2002H2-E,E,tabicl,20260913,2010H1,29,24843,191,observed_over_expected,1.1123683087675902,0.9606876209041311,1.28104874481462,True
2002H2-E,E,tabicl,20260913,2010H1,29,24843,191,log_oe,0.10649135390999462,-0.040105979145319014,0.24767907434880546,True
2002H2-E,E,tabicl,20260913,2010H1,29,24843,191,cox_intercept,-0.07916055667704658,-0.5273284543921091,0.36900734103801586,True
2002H2-E,E,tabicl,20260913,2010H1,29,24843,191,cox_slope,0.9533232442117497,0.8503126566215573,1.0563338318019422,True
2002H2-E,E,tabicl,20260913,2010H1,29,24843,191,psi,0.11828420319272152,,,True
2002H2-E,E,tabicl,20260913,2010H1,29,24843,191,psi_critical,0.0010194155624220973,,,True
2002H2-E,E,tabicl,20260913,2010H2,31,24683,152,auc,0.8459610181746404,0.8132713475446501,0.8786506888046307,True
2002H2-E,E,tabicl,20260913,2010H2,31,24683,152,gini,0.6919220363492808,0.6265426950893003,0.7573013776092614,True
2002H2-E,E,tabicl,20260913,2010H2,31,24683,152,ks,0.5726392920665366,,,True
2002H2-E,E,tabicl,20260913,2010H2,31,24683,152,brier,0.005979131756775903,,,True
2002H2-E,E,tabicl,20260913,2010H2,31,24683,152,brier_miscalibration,5.202420477485627e-05,,,True
2002H2-E,E,tabicl,20260913,2010H2,31,24683,152,brier_discrimination,0.00019305495475403604,,,True
2002H2-E,E,tabicl,20260913,2010H2,31,24683,152,brier_uncertainty,0.0061201625067550825,,,True
2002H2-E,E,tabicl,20260913,2010H2,31,24683,152,observed_over_expected,1.0779498770087554,0.9138079850098916,1.2629150978800714,True
2002H2-E,E,tabicl,20260913,2010H2,31,24683,152,log_oe,0.07506097512451688,-0.09013481164438168,0.23342261852771565,True
2002H2-E,E,tabicl,20260913,2010H2,31,24683,152,cox_intercept,-0.05712357614023206,-0.5601087894145276,0.4458616371340634,True
2002H2-E,E,tabicl,20260913,2010H2,31,24683,152,cox_slope,0.9679182694787287,0.8556474597228546,1.0801890792346027,True
2002H2-E,E,tabicl,20260913,2010H2,31,24683,152,psi,0.24828811938934492,,,True
2002H2-E,E,tabicl,20260913,2010H2,31,24683,152,psi_critical,0.0010238301701137374,,,True
2002H2-E,E,tabicl,20260913,2011H1,33,24614,195,auc,0.858554026341405,0.8342373138173876,0.8828707388654223,True
2002H2-E,E,tabicl,20260913,2011H1,33,24614,195,gini,0.71710805268281,0.6684746276347753,0.7657414777308447,True
2002H2-E,E,tabicl,20260913,2011H1,33,24614,195,ks,0.5875477376275935,,,True
2002H2-E,E,tabicl,20260913,2011H1,33,24614,195,brier,0.007712621973473562,,,True
2002H2-E,E,tabicl,20260913,2011H1,33,24614,195,brier_miscalibration,7.45180337061906e-05,,,True
2002H2-E,E,tabicl,20260913,2011H1,33,24614,195,brier_discrimination,0.00022145352659508864,,,True
2002H2-E,E,tabicl,20260913,2011H1,33,24614,195,brier_uncertainty,0.00785955746636246,,,True
2002H2-E,E,tabicl,20260913,2011H1,33,24614,195,observed_over_expected,1.067170014237645,0.9231126023779741,1.227190466610858,True
2002H2-E,E,tabicl,20260913,2011H1,33,24614,195,log_oe,0.06501029818107107,-0.08000405584438938,0.20472738319362208,True
2002H2-E,E,tabicl,20260913,2011H1,33,24614,195,cox_intercept,-0.10750473679089877,-0.540139617667751,0.3251301440859534,True
2002H2-E,E,tabicl,20260913,2011H1,33,24614,195,cox_slope,0.9558183665557392,0.8540638985834419,1.0575728345280364,True
2002H2-E,E,tabicl,20260913,2011H1,33,24614,195,psi,0.10401995306246162,,,True
2002H2-E,E,tabicl,20260913,2011H1,33,24614,195,psi_critical,0.0010257516819624198,,,True
2002H2-E,E,tabicl,20260913,2011H2,35,24646,119,auc,0.8818186303346714,0.8535724273198763,0.9100648333494666,True
2002H2-E,E,tabicl,20260913,2011H2,35,24646,119,gini,0.7636372606693429,0.7071448546397525,0.8201296666989333,True
2002H2-E,E,tabicl,20260913,2011H2,35,24646,119,ks,0.6324887030687841,,,True
2002H2-E,E,tabicl,20260913,2011H2,35,24646,119,brier,0.004735633317725871,,,True
2002H2-E,E,tabicl,20260913,2011H2,35,24646,119,brier_miscalibration,8.203193514039198e-05,,,True
2002H2-E,E,tabicl,20260913,2011H2,35,24646,119,brier_discrimination,0.00015145517847494315,,,True
2002H2-E,E,tabicl,20260913,2011H2,35,24646,119,brier_uncertainty,0.004805056561060422,,,True
2002H2-E,E,tabicl,20260913,2011H2,35,24646,119,observed_over_expected,0.8538786876054154,0.7076467773828443,1.0213076457451862,True
2002H2-E,E,tabicl,20260913,2011H2,35,24646,119,log_oe,-0.15796614726819697,-0.3458102117830615,0.021083811861161487,True
2002H2-E,E,tabicl,20260913,2011H2,35,24646,119,cox_intercept,-0.06955191096939563,-0.6167856336659755,0.47768181172718427,True
2002H2-E,E,tabicl,20260913,2011H2,35,24646,119,cox_slope,1.022930838983948,0.896653184421516,1.14920849354638,True
2002H2-E,E,tabicl,20260913,2011H2,35,24646,119,psi,0.28320149757954144,,,True
2002H2-E,E,tabicl,20260913,2011H2,35,24646,119,psi_critical,0.0010248592082078211,,,True
2002H2-E,E,tabicl,20260913,2012H1,37,24306,148,auc,0.8699922861432506,0.8462340829751644,0.8937504893113368,True
2002H2-E,E,tabicl,20260913,2012H1,37,24306,148,gini,0.7399845722865013,0.6924681659503289,0.7875009786226737,True
2002H2-E,E,tabicl,20260913,2012H1,37,24306,148,ks,0.6354836291710205,,,True
2002H2-E,E,tabicl,20260913,2012H1,37,24306,148,brier,0.006028571754737298,,,True
2002H2-E,E,tabicl,20260913,2012H1,37,24306,148,brier_miscalibration,0.00013016740480910772,,,True
2002H2-E,E,tabicl,20260913,2012H1,37,24306,148,brier_discrimination,0.00015355086013524484,,,True
2002H2-E,E,tabicl,20260913,2012H1,37,24306,148,brier_uncertainty,0.006051955210063435,,,True
2002H2-E,E,tabicl,20260913,2012H1,37,24306,148,observed_over_expected,0.6658901893777585,0.5631867253212844,0.7818111212592526,True
2002H2-E,E,tabicl,20260913,2012H1,37,24306,148,log_oe,-0.40663050285026014,-0.5741440445132348,-0.2461421005271554,True
2002H2-E,E,tabicl,20260913,2012H1,37,24306,148,cox_intercept,-0.5778219195392819,-1.0379109049088109,-0.11773293416975283,True
2002H2-E,E,tabicl,20260913,2012H1,37,24306,148,cox_slope,0.9583583186670936,0.8420421690921547,1.0746744682420326,True
2002H2-E,E,tabicl,20260913,2012H1,37,24306,148,psi,0.086176759749337,,,True
2002H2-E,E,tabicl,20260913,2012H1,37,24306,148,psi_critical,0.0010344619023195318,,,True
2002H2-E,E,tabicl,20260913,2012H2,39,24538,131,auc,0.8691072858900134,0.8417532361390135,0.8964613356410133,True
2002H2-E,E,tabicl,20260913,2012H2,39,24538,131,gini,0.7382145717800268,0.6835064722780271,0.7929226712820265,True
2002H2-E,E,tabicl,20260913,2012H2,39,24538,131,ks,0.6412576544646652,,,True
2002H2-E,E,tabicl,20260913,2012H2,39,24538,131,brier,0.005317123353520005,,,True
2002H2-E,E,tabicl,20260913,2012H2,39,24538,131,brier_miscalibration,0.00013614328057952145,,,True
2002H2-E,E,tabicl,20260913,2012H2,39,24538,131,brier_discrimination,0.00012917706083711775,,,True
2002H2-E,E,tabicl,20260913,2012H2,39,24538,131,brier_uncertainty,0.005310157133777601,,,True
2002H2-E,E,tabicl,20260913,2012H2,39,24538,131,observed_over_expected,0.626261105554966,0.5238343484568696,0.7427764664748687,True
2002H2-E,E,tabicl,20260913,2012H2,39,24538,131,log_oe,-0.46798789331919444,-0.6465797735394727,-0.2973601321879373,True
2002H2-E,E,tabicl,20260913,2012H2,39,24538,131,cox_intercept,-0.6028320589315656,-1.0957482431555268,-0.10991587470760433,True
2002H2-E,E,tabicl,20260913,2012H2,39,24538,131,cox_slope,0.969127571853555,0.8462154348172395,1.0920397088898706,True
2002H2-E,E,tabicl,20260913,2012H2,39,24538,131,psi,0.0860121995479191,,,True
2002H2-E,E,tabicl,20260913,2012H2,39,24538,131,psi_critical,0.0010278806363136351,,,True
2002H2-E,E,tabicl,20260913,2013H1,41,24341,85,auc,0.8498850496663047,0.8156507197873692,0.8841193795452402,False
2002H2-E,E,tabicl,20260913,2013H1,41,24341,85,gini,0.6997700993326095,0.6313014395747385,0.7682387590904804,False
2002H2-E,E,tabicl,20260913,2013H1,41,24341,85,ks,0.5759807155051995,,,False
2002H2-E,E,tabicl,20260913,2013H1,41,24341,85,brier,0.003639883671442092,,,False
2002H2-E,E,tabicl,20260913,2013H1,41,24341,85,brier_miscalibration,0.0002422910755866467,,,False
2002H2-E,E,tabicl,20260913,2013H1,41,24341,85,brier_discrimination,8.226343765846324e-05,,,False
2002H2-E,E,tabicl,20260913,2013H1,41,24341,85,brier_uncertainty,0.0034798560335139086,,,False
2002H2-E,E,tabicl,20260913,2013H1,41,24341,85,observed_over_expected,0.38038240816941155,0.303936585315961,0.4701543915036046,False
2002H2-E,E,tabicl,20260913,2013H1,41,24341,85,log_oe,-0.9665781949916943,-1.190936200270455,-0.7546941456590405,False
2002H2-E,E,tabicl,20260913,2013H1,41,24341,85,cox_intercept,-1.3334129421216356,-1.9337441703222793,-0.7330817139209921,False
2002H2-E,E,tabicl,20260913,2013H1,41,24341,85,cox_slope,0.9095853157441612,0.7603819583155405,1.058788673172782,False
2002H2-E,E,tabicl,20260913,2013H1,41,24341,85,psi,0.05486677298979849,,,False
2002H2-E,E,tabicl,20260913,2013H1,41,24341,85,psi_critical,0.0010334610033319,,,False
2002H2-E,E,tabicl,20260913,2013H2,43,23974,142,auc,0.8333513585710302,0.8034345550544625,0.8632681620875978,True
2002H2-E,E,tabicl,20260913,2013H2,43,23974,142,gini,0.6667027171420603,0.606869110108925,0.7265363241751956,True
2002H2-E,E,tabicl,20260913,2013H2,43,23974,142,ks,0.5371934527608755,,,True
2002H2-E,E,tabicl,20260913,2013H2,43,23974,142,brier,0.005979749534437606,,,True
2002H2-E,E,tabicl,20260913,2013H2,43,23974,142,brier_miscalibration,0.00020297074813187873,,,True
2002H2-E,E,tabicl,20260913,2013H2,43,23974,142,brier_discrimination,0.00011122163772361686,,,True
2002H2-E,E,tabicl,20260913,2013H2,43,23974,142,brier_uncertainty,0.005888000424029344,,,True
2002H2-E,E,tabicl,20260913,2013H2,43,23974,142,observed_over_expected,0.5941104037184506,0.5006379325793413,0.6998847360312855,True
2002H2-E,E,tabicl,20260913,2013H2,43,23974,142,log_oe,-0.5206901120443462,-0.691872128625578,-0.35683962030959093,True
2002H2-E,E,tabicl,20260913,2013H2,43,23974,142,cox_intercept,-1.0425417998318232,-1.5201534788965567,-0.5649301207670897,True
2002H2-E,E,tabicl,20260913,2013H2,43,23974,142,cox_slope,0.8652196505009146,0.7482441477650227,0.9821951532368066,True
2002H2-E,E,tabicl,20260913,2013H2,43,23974,142,psi,0.016936377347041544,,,True
2002H2-E,E,tabicl,20260913,2013H2,43,23974,142,psi_critical,0.0010441014843782371,,,True
2002H2-E,E,tabicl,20260913,2014H1,45,24341,137,auc,0.8186119022373088,0.7870917199115882,0.8501320845630295,True
2002H2-E,E,tabicl,20260913,2014H1,45,24341,137,gini,0.6372238044746177,0.5741834398231764,0.7002641691260589,True
2002H2-E,E,tabicl,20260913,2014H1,45,24341,137,ks,0.5082416853340281,,,True
2002H2-E,E,tabicl,20260913,2014H1,45,24341,137,brier,0.005663231308881729,,,True
2002H2-E,E,tabicl,20260913,2014H1,45,24341,137,brier_miscalibration,0.00014181163445842714,,,True
2002H2-E,E,tabicl,20260913,2014H1,45,24341,137,brier_discrimination,7.526551425936657e-05,,,True
2002H2-E,E,tabicl,20260913,2014H1,45,24341,137,brier_uncertainty,0.005596685188682668,,,True
2002H2-E,E,tabicl,20260913,2014H1,45,24341,137,observed_over_expected,0.6648090194614827,0.5583919641663293,0.7855096756971042,True
2002H2-E,E,tabicl,20260913,2014H1,45,24341,137,log_oe,-0.40825546835260296,-0.582694118457134,-0.24142250347931593,True
2002H2-E,E,tabicl,20260913,2014H1,45,24341,137,cox_intercept,-1.077563922684353,-1.5939393609881436,-0.5611884843805622,True
2002H2-E,E,tabicl,20260913,2014H1,45,24341,137,cox_slope,0.8346871413369661,0.7158186416552147,0.9535556410187175,True
2002H2-E,E,tabicl,20260913,2014H1,45,24341,137,psi,0.04375705084154812,,,True
2002H2-E,E,tabicl,20260913,2014H1,45,24341,137,psi_critical,0.0010334610033319,,,True
2002H2-E,E,tabicl,20260913,2014H2,47,24213,99,auc,0.8153040733284577,0.777791413807675,0.8528167328492403,False
2002H2-E,E,tabicl,20260913,2014H2,47,24213,99,gini,0.6306081466569153,0.55558282761535,0.7056334656984806,False
2002H2-E,E,tabicl,20260913,2014H2,47,24213,99,ks,0.49580150849123233,,,False
2002H2-E,E,tabicl,20260913,2014H2,47,24213,99,brier,0.0041417995389553,,,False
2002H2-E,E,tabicl,20260913,2014H2,47,24213,99,brier_miscalibration,0.0001331442981505693,,,False
2002H2-E,E,tabicl,20260913,2014H2,47,24213,99,brier_discrimination,6.333986286577963e-05,,,False
2002H2-E,E,tabicl,20260913,2014H2,47,24213,99,brier_uncertainty,0.004071995103670511,,,False
2002H2-E,E,tabicl,20260913,2014H2,47,24213,99,observed_over_expected,0.5512429343497565,0.44818551952205893,0.6708199237765096,False
2002H2-E,E,tabicl,20260913,2014H2,47,24213,99,log_oe,-0.595579669809337,-0.8025480262093851,-0.3992545479587955,False
2002H2-E,E,tabicl,20260913,2014H2,47,24213,99,cox_intercept,-1.2311981077389573,-1.863709181434054,-0.5986870340438607,False
2002H2-E,E,tabicl,20260913,2014H2,47,24213,99,cox_slope,0.8497577393663238,0.7081797029106487,0.9913357758219989,False
2002H2-E,E,tabicl,20260913,2014H2,47,24213,99,psi,0.07565062852413795,,,False
2002H2-E,E,tabicl,20260913,2014H2,47,24213,99,psi_critical,0.0010371354933066512,,,False
2002H2-E,E,tabicl,20260913,2015H1,49,24159,83,auc,0.8153382761816498,0.7718557101766237,0.8588208421866759,False
2002H2-E,E,tabicl,20260913,2015H1,49,24159,83,gini,0.6306765523632996,0.5437114203532474,0.7176416843733517,False
2002H2-E,E,tabicl,20260913,2015H1,49,24159,83,ks,0.513551464539,,,False
2002H2-E,E,tabicl,20260913,2015H1,49,24159,83,brier,0.0034635194632137317,,,False
2002H2-E,E,tabicl,20260913,2015H1,49,24159,83,brier_miscalibration,7.752745297158123e-05,,,False
2002H2-E,E,tabicl,20260913,2015H1,49,24159,83,brier_discrimination,3.77774946567354e-05,,,False
2002H2-E,E,tabicl,20260913,2015H1,49,24159,83,brier_uncertainty,0.003423769504898886,,,False
2002H2-E,E,tabicl,20260913,2015H1,49,24159,83,observed_over_expected,0.5491503381181451,0.43753918977244965,0.6804740656950016,False
2002H2-E,E,tabicl,20260913,2015H1,49,24159,83,log_oe,-0.5993830350361533,-0.826589000573472,-0.38496556827812217,False
2002H2-E,E,tabicl,20260913,2015H1,49,24159,83,cox_intercept,-0.9731138862145949,-1.7065037385029322,-0.23972403392625763,False
2002H2-E,E,tabicl,20260913,2015H1,49,24159,83,cox_slope,0.916092363596794,0.7550038261590414,1.0771809010345468,False
2002H2-E,E,tabicl,20260913,2015H1,49,24159,83,psi,0.13042563175170477,,,False
2002H2-E,E,tabicl,20260913,2015H1,49,24159,83,psi_critical,0.0010386973468943647,,,False
2002H2-E,E,tabicl,20260913,2015H2,51,24159,130,auc,0.7871872769121927,0.7518559561932352,0.8225185976311502,True
2002H2-E,E,tabicl,20260913,2015H2,51,24159,130,gini,0.5743745538243854,0.5037119123864704,0.6450371952623004,True
2002H2-E,E,tabicl,20260913,2015H2,51,24159,130,ks,0.43615887213207116,,,True
2002H2-E,E,tabicl,20260913,2015H2,51,24159,130,brier,0.005365033313280522,,,True
2002H2-E,E,tabicl,20260913,2015H2,51,24159,130,brier_miscalibration,6.503550260091636e-05,,,True
2002H2-E,E,tabicl,20260913,2015H2,51,24159,130,brier_discrimination,5.2064266997105084e-05,,,True
2002H2-E,E,tabicl,20260913,2015H2,51,24159,130,brier_uncertainty,0.005352062077676711,,,True
2002H2-E,E,tabicl,20260913,2015H2,51,24159,130,observed_over_expected,0.7915906832014028,0.6616514344970976,0.9394752224729255,True
2002H2-E,E,tabicl,20260913,2015H2,51,24159,130,log_oe,-0.23371083490181258,-0.41301639570512866,-0.0624338335759937,True
2002H2-E,E,tabicl,20260913,2015H2,51,24159,130,cox_intercept,-1.0343799783840426,-1.6536960050172604,-0.4150639517508248,True
2002H2-E,E,tabicl,20260913,2015H2,51,24159,130,cox_slope,0.8162204139418978,0.6830729134469664,0.9493679144368292,True
2002H2-E,E,tabicl,20260913,2015H2,51,24159,130,psi,0.08833177513029691,,,True
2002H2-E,E,tabicl,20260913,2015H2,51,24159,130,psi_critical,0.0010386973468943647,,,True
2002H2-E,E,tabicl,20260913,2016H1,53,24632,115,auc,0.7933256604556554,0.7474611840400532,0.8391901368712577,True
2002H2-E,E,tabicl,20260913,2016H1,53,24632,115,gini,0.5866513209113109,0.4949223680801065,0.6783802737425153,True
2002H2-E,E,tabicl,20260913,2016H1,53,24632,115,ks,0.5015089795722931,,,True
2002H2-E,E,tabicl,20260913,2016H1,53,24632,115,brier,0.004635733476137059,,,True
2002H2-E,E,tabicl,20260913,2016H1,53,24632,115,brier_miscalibration,5.1802353217822276e-05,,,True
2002H2-E,E,tabicl,20260913,2016H1,53,24632,115,brier_discrimination,6.299550848180065e-05,,,True
2002H2-E,E,tabicl,20260913,2016H1,53,24632,115,brier_uncertainty,0.004646926631401037,,,True
2002H2-E,E,tabicl,20260913,2016H1,53,24632,115,observed_over_expected,0.7123152085842914,0.5883170683145891,0.8546263167427837,True
2002H2-E,E,tabicl,20260913,2016H1,53,24632,115,log_oe,-0.33923475685093624,-0.5304892445892164,-0.15709096202356965,True
2002H2-E,E,tabicl,20260913,2016H1,53,24632,115,cox_intercept,-0.7609258762966349,-1.4221137944848505,-0.09973795810841923,True
2002H2-E,E,tabicl,20260913,2016H1,53,24632,115,cox_slope,0.9041126181472471,0.7592147741441402,1.049010462150354,True
2002H2-E,E,tabicl,20260913,2016H1,53,24632,115,psi,0.09813425083101321,,,True
2002H2-E,E,tabicl,20260913,2016H1,53,24632,115,psi_critical,0.0010252493801461782,,,True
2002H2-E,E,tabicl,20260913,2016H2,55,24760,121,auc,0.7599661425026977,0.7185822851515451,0.8013499998538502,True
2002H2-E,E,tabicl,20260913,2016H2,55,24760,121,gini,0.5199322850053953,0.4371645703030902,0.6026999997077005,True
2002H2-E,E,tabicl,20260913,2016H2,55,24760,121,ks,0.43969598691049167,,,True
2002H2-E,E,tabicl,20260913,2016H2,55,24760,121,brier,0.004887273535969634,,,True
2002H2-E,E,tabicl,20260913,2016H2,55,24760,121,brier_miscalibration,5.613195501618512e-05,,,True
2002H2-E,E,tabicl,20260913,2016H2,55,24760,121,brier_discrimination,3.1890864937442545e-05,,,True
2002H2-E,E,tabicl,20260913,2016H2,55,24760,121,brier_uncertainty,0.004863032445890892,,,True
2002H2-E,E,tabicl,20260913,2016H2,55,24760,121,observed_over_expected,0.8020919492997368,0.6658184232017256,0.9579407780860448,True
2002H2-E,E,tabicl,20260913,2016H2,55,24760,121,log_oe,-0.22053202768775962,-0.40673828344944596,-0.04296932120389561,True
2002H2-E,E,tabicl,20260913,2016H2,55,24760,121,cox_intercept,-1.4241725456276206,-2.1232924743859107,-0.7250526168693304,True
2002H2-E,E,tabicl,20260913,2016H2,55,24760,121,cox_slope,0.7356164617205739,0.5927549228196196,0.8784780006215283,True
2002H2-E,E,tabicl,20260913,2016H2,55,24760,121,psi,0.12505140903019368,,,True
2002H2-E,E,tabicl,20260913,2016H2,55,24760,121,psi_critical,0.0010216985183533317,,,True
2002H2-E,E,tabicl,20260913,2017H1,57,24541,162,auc,0.7814195986325005,0.7510491506237771,0.811790046641224,True
2002H2-E,E,tabicl,20260913,2017H1,57,24541,162,gini,0.5628391972650011,0.5020983012475542,0.623580093282448,True
2002H2-E,E,tabicl,20260913,2017H1,57,24541,162,ks,0.4427143073450688,,,True
2002H2-E,E,tabicl,20260913,2017H1,57,24541,162,brier,0.006554002193409048,,,True
2002H2-E,E,tabicl,20260913,2017H1,57,24541,162,brier_miscalibration,6.148193198040209e-05,,,True
2002H2-E,E,tabicl,20260913,2017H1,57,24541,162,brier_discrimination,6.510191879135086e-05,,,True
2002H2-E,E,tabicl,20260913,2017H1,57,24541,162,brier_uncertainty,0.006557622180219997,,,True
2002H2-E,E,tabicl,20260913,2017H1,57,24541,162,observed_over_expected,0.8863315779142706,0.7554538926239666,1.0332466183954792,True
2002H2-E,E,tabicl,20260913,2017H1,57,24541,162,log_oe,-0.12066415694968767,-0.28043652808738806,0.03270590161991085,True
2002H2-E,E,tabicl,20260913,2017H1,57,24541,162,cox_intercept,-0.9728517800133761,-1.5389289704358549,-0.4067745895908974,True
2002H2-E,E,tabicl,20260913,2017H1,57,24541,162,cox_slope,0.8014714224625207,0.6783325362910952,0.9246103086339461,True
2002H2-E,E,tabicl,20260913,2017H1,57,24541,162,psi,0.056989565874298105,,,True
2002H2-E,E,tabicl,20260913,2017H1,57,24541,162,psi_critical,0.0010277963486622491,,,True
2002H2-E,E,tabicl,20260913,2017H2,59,24680,143,auc,0.789261315364751,0.7539312650261474,0.8245913657033546,True
2002H2-E,E,tabicl,20260913,2017H2,59,24680,143,gini,0.5785226307295019,0.5078625300522948,0.6491827314067091,True
2002H2-E,E,tabicl,20260913,2017H2,59,24680,143,ks,0.4605728867863603,,,True
2002H2-E,E,tabicl,20260913,2017H2,59,24680,143,brier,0.005723310157932831,,,True
2002H2-E,E,tabicl,20260913,2017H2,59,24680,143,brier_miscalibration,0.00010970119783427872,,,True
2002H2-E,E,tabicl,20260913,2017H2,59,24680,143,brier_discrimination,0.00014698400423716548,,,True
2002H2-E,E,tabicl,20260913,2017H2,59,24680,143,brier_uncertainty,0.005760592964335718,,,True
2002H2-E,E,tabicl,20260913,2017H2,59,24680,143,observed_over_expected,0.782701310685778,0.6599639396054877,0.9215349161505979,True
2002H2-E,E,tabicl,20260913,2017H2,59,24680,143,log_oe,-0.24500412360295243,-0.4155700824157012,-0.08171461203056796,True
2002H2-E,E,tabicl,20260913,2017H2,59,24680,143,cox_intercept,-0.7967740922687674,-1.4075583847386501,-0.18598979979888464,True
2002H2-E,E,tabicl,20260913,2017H2,59,24680,143,cox_slope,0.8714785388477453,0.7358131251646625,1.0071439525308281,True
2002H2-E,E,tabicl,20260913,2017H2,59,24680,143,psi,0.0560767643474033,,,True
2002H2-E,E,tabicl,20260913,2017H2,59,24680,143,psi_critical,0.0010239134906912927,,,True
2002H2-E,E,tabicl,20260913,2018H1,61,24416,148,auc,0.7690748633502467,0.7329358024646235,0.8052139242358698,True
2002H2-E,E,tabicl,20260913,2018H1,61,24416,148,gini,0.5381497267004933,0.46587160492924706,0.6104278484717396,True
2002H2-E,E,tabicl,20260913,2018H1,61,24416,148,ks,0.40719733248989887,,,True
2002H2-E,E,tabicl,20260913,2018H1,61,24416,148,brier,0.0060194997244506195,,,True
2002H2-E,E,tabicl,20260913,2018H1,61,24416,148,brier_miscalibration,6.687028973543282e-05,,,True
2002H2-E,E,tabicl,20260913,2018H1,61,24416,148,brier_discrimination,7.222653494310793e-05,,,True
2002H2-E,E,tabicl,20260913,2018H1,61,24416,148,brier_uncertainty,0.006024855969658295,,,True
2002H2-E,E,tabicl,20260913,2018H1,61,24416,148,observed_over_expected,0.8204902238688716,0.693940636893304,0.9633268872713509,True
2002H2-E,E,tabicl,20260913,2018H1,61,24416,148,log_oe,-0.197853283368956,-0.3653688597516008,-0.03736247797997915,True
2002H2-E,E,tabicl,20260913,2018H1,61,24416,148,cox_intercept,-1.080415369707626,-1.6916803777413585,-0.46915036167389335,True
2002H2-E,E,tabicl,20260913,2018H1,61,24416,148,cox_slope,0.7962519549608347,0.663817407116227,0.9286865028054423,True
2002H2-E,E,tabicl,20260913,2018H1,61,24416,148,psi,0.05743271875458246,,,True
2002H2-E,E,tabicl,20260913,2018H1,61,24416,148,psi_critical,0.0010313258825568768,,,True
2002H2-E,E,tabicl,20260913,2018H2,63,24543,146,auc,0.7733892163925388,0.7389191102841887,0.8078593225008889,True
2002H2-E,E,tabicl,20260913,2018H2,63,24543,146,gini,0.5467784327850775,0.4778382205683773,0.6157186450017778,True
2002H2-E,E,tabicl,20260913,2018H2,63,24543,146,ks,0.4374925953729995,,,True
2002H2-E,E,tabicl,20260913,2018H2,63,24543,146,brier,0.005937465588093072,,,True
2002H2-E,E,tabicl,20260913,2018H2,63,24543,146,brier_miscalibration,7.0278613188598e-05,,,True
2002H2-E,E,tabicl,20260913,2018H2,63,24543,146,brier_discrimination,4.616850399876728e-05,,,True
2002H2-E,E,tabicl,20260913,2018H2,63,24543,146,brier_uncertainty,0.005913355478903241,,,True
2002H2-E,E,tabicl,20260913,2018H2,63,24543,146,observed_over_expected,0.7917387788362252,0.6688197875375163,0.930595909008332,True
2002H2-E,E,tabicl,20260913,2018H2,63,24543,146,log_oe,-0.23352376627357682,-0.4022406310202595,-0.07193013566084336,True
2002H2-E,E,tabicl,20260913,2018H2,63,24543,146,cox_intercept,-1.14742995043881,-1.7783768624523424,-0.5164830384252774,True
2002H2-E,E,tabicl,20260913,2018H2,63,24543,146,cox_slope,0.789689380686279,0.6530414760524388,0.9263372853201193,True
2002H2-E,E,tabicl,20260913,2018H2,63,24543,146,psi,0.0555450451651737,,,True
2002H2-E,E,tabicl,20260913,2018H2,63,24543,146,psi_critical,0.0010277401683422744,,,True
2002H2-E,E,tabicl,20260913,2019H1,65,24752,110,auc,0.7209155101046993,0.6745201274251525,0.7673108927842461,True
2002H2-E,E,tabicl,20260913,2019H1,65,24752,110,gini,0.4418310202093987,0.3490402548503051,0.5346217855684923,True
2002H2-E,E,tabicl,20260913,2019H1,65,24752,110,ks,0.3533981155602777,,,True
2002H2-E,E,tabicl,20260913,2019H1,65,24752,110,brier,0.004451163460184259,,,True
2002H2-E,E,tabicl,20260913,2019H1,65,24752,110,brier_miscalibration,9.653187586020941e-05,,,True
2002H2-E,E,tabicl,20260913,2019H1,65,24752,110,brier_discrimination,6.970384772555377e-05,,,True
2002H2-E,E,tabicl,20260913,2019H1,65,24752,110,brier_uncertainty,0.004424335432049603,,,True
2002H2-E,E,tabicl,20260913,2019H1,65,24752,110,observed_over_expected,0.61735285298495,0.5075798019553212,0.7437374854915739,True
2002H2-E,E,tabicl,20260913,2019H1,65,24752,110,log_oe,-0.48231453363792726,-0.6781013351957704,-0.2960671484936767,True
2002H2-E,E,tabicl,20260913,2019H1,65,24752,110,cox_intercept,-1.8820294193259979,-2.6350970320591287,-1.128961806592867,True
2002H2-E,E,tabicl,20260913,2019H1,65,24752,110,cox_slope,0.6868059128165324,0.530022176476437,0.8435896491566277,True
2002H2-E,E,tabicl,20260913,2019H1,65,24752,110,psi,0.06809537162997287,,,True
2002H2-E,E,tabicl,20260913,2019H1,65,24752,110,psi_critical,0.0010219193712836035,,,True
2002H2-E,E,tabicl,20260913,2019H2,67,24861,136,auc,0.6709458454767144,0.6265989482249874,0.7152927427284415,True
2002H2-E,E,tabicl,20260913,2019H2,67,24861,136,gini,0.34189169095342886,0.2531978964499748,0.4305854854568829,True
2002H2-E,E,tabicl,20260913,2019H2,67,24861,136,ks,0.28466395051448284,,,True
2002H2-E,E,tabicl,20260913,2019H2,67,24861,136,brier,0.005484977777355051,,,True
2002H2-E,E,tabicl,20260913,2019H2,67,24861,136,brier_miscalibration,6.280139687190722e-05,,,True
2002H2-E,E,tabicl,20260913,2019H2,67,24861,136,brier_discrimination,1.8313683899132474e-05,,,True
2002H2-E,E,tabicl,20260913,2019H2,67,24861,136,brier_uncertainty,0.0054404900643822765,,,True
2002H2-E,E,tabicl,20260913,2019H2,67,24861,136,observed_over_expected,0.8711091868231136,0.7311712364292202,1.0299086746811184,True
2002H2-E,E,tabicl,20260913,2019H2,67,24861,136,log_oe,-0.13798795198042157,-0.31310759710332636,0.02947013295240165,True
2002H2-E,E,tabicl,20260913,2019H2,67,24861,136,cox_intercept,-2.458210767235945,-3.195534895140101,-1.7208866393317885,True
2002H2-E,E,tabicl,20260913,2019H2,67,24861,136,cox_slope,0.5085196093971006,0.3662775287195239,0.6507616900746773,True
2002H2-E,E,tabicl,20260913,2019H2,67,24861,136,psi,0.10955891222232535,,,True
2002H2-E,E,tabicl,20260913,2019H2,67,24861,136,psi_critical,0.0010189224749281938,,,True
2002H2-E,E,tabicl,20260913,2020H1,69,24880,111,auc,0.6451965712735223,0.5912191159780199,0.6991740265690246,True
2002H2-E,E,tabicl,20260913,2020H1,69,24880,111,gini,0.2903931425470445,0.1824382319560398,0.3983480531380492,True
2002H2-E,E,tabicl,20260913,2020H1,69,24880,111,ks,0.25446258564268986,,,True
2002H2-E,E,tabicl,20260913,2020H1,69,24880,111,brier,0.0044796211159247555,,,True
2002H2-E,E,tabicl,20260913,2020H1,69,24880,111,brier_miscalibration,4.698957061121528e-05,,,True
2002H2-E,E,tabicl,20260913,2020H1,69,24880,111,brier_discrimination,8.879023745919992e-06,,,True
2002H2-E,E,tabicl,20260913,2020H1,69,24880,111,brier_uncertainty,0.00444151056905946,,,True
2002H2-E,E,tabicl,20260913,2020H1,69,24880,111,observed_over_expected,0.8441730648149447,0.6947138760024839,1.016138558125556,True
2002H2-E,E,tabicl,20260913,2020H1,69,24880,111,log_oe,-0.16939775230841728,-0.3642552073896708,0.016009715965744818,True
2002H2-E,E,tabicl,20260913,2020H1,69,24880,111,cox_intercept,-3.003849315109265,-3.8650725476136496,-2.1426260826048806,True
2002H2-E,E,tabicl,20260913,2020H1,69,24880,111,cox_slope,0.42724804132901306,0.2696162204210101,0.584879862237016,True
2002H2-E,E,tabicl,20260913,2020H1,69,24880,111,psi,0.18468881010638552,,,True
2002H2-E,E,tabicl,20260913,2020H1,69,24880,111,psi_critical,0.001018402767712202,,,True
2002H2-E,E,tabicl,20260913,2020H2,71,24919,71,auc,0.6647362442523783,0.5990995060834718,0.7303729824212848,False
2002H2-E,E,tabicl,20260913,2020H2,71,24919,71,gini,0.32947248850475663,0.1981990121669437,0.4607459648425696,False
2002H2-E,E,tabicl,20260913,2020H2,71,24919,71,ks,0.26830736511794523,,,False
2002H2-E,E,tabicl,20260913,2020H2,71,24919,71,brier,0.0028686883000550636,,,False
2002H2-E,E,tabicl,20260913,2020H2,71,24919,71,brier_miscalibration,3.583148036148502e-05,,,False
2002H2-E,E,tabicl,20260913,2020H2,71,24919,71,brier_discrimination,8.2565702010165e-06,,,False
2002H2-E,E,tabicl,20260913,2020H2,71,24919,71,brier_uncertainty,0.002841113389894595,,,False
2002H2-E,E,tabicl,20260913,2020H2,71,24919,71,observed_over_expected,0.6429551158516897,0.5023000017533783,0.8106982893628009,False
2002H2-E,E,tabicl,20260913,2020H2,71,24919,71,log_oe,-0.4416803614551489,-0.6885577247354386,-0.20985931706495756,False
2002H2-E,E,tabicl,20260913,2020H2,71,24919,71,cox_intercept,-2.8557119868090215,-3.9458078798465035,-1.7656160937715397,False
2002H2-E,E,tabicl,20260913,2020H2,71,24919,71,cox_slope,0.5235727530257324,0.32564665009003924,0.7214988559614255,False
2002H2-E,E,tabicl,20260913,2020H2,71,24919,71,psi,0.30792934735488486,,,False
2002H2-E,E,tabicl,20260913,2020H2,71,24919,71,psi_critical,0.001017338483214061,,,False
2002H2-E,E,tabicl,20260913,2021H1,73,24909,90,auc,0.7400054169968349,0.6870002743835318,0.7930105596101379,False
2002H2-E,E,tabicl,20260913,2021H1,73,24909,90,gini,0.4800108339936697,0.3740005487670637,0.5860211192202758,False
2002H2-E,E,tabicl,20260913,2021H1,73,24909,90,ks,0.3806519199000765,,,False
2002H2-E,E,tabicl,20260913,2021H1,73,24909,90,brier,0.0036202952085201178,,,False
2002H2-E,E,tabicl,20260913,2021H1,73,24909,90,brier_miscalibration,4.124933351441892e-05,,,False
2002H2-E,E,tabicl,20260913,2021H1,73,24909,90,brier_discrimination,2.1051131355313574e-05,,,False
2002H2-E,E,tabicl,20260913,2021H1,73,24909,90,brier_uncertainty,0.0036000970063610124,,,False
2002H2-E,E,tabicl,20260913,2021H1,73,24909,90,observed_over_expected,0.6618994183781911,0.5324231660815653,0.8132497224355367,False
2002H2-E,E,tabicl,20260913,2021H1,73,24909,90,log_oe,-0.4126416705731754,-0.6303166808579268,-0.2067170549314867,False
2002H2-E,E,tabicl,20260913,2021H1,73,24909,90,cox_intercept,-1.5862380073931304,-2.4376915123284983,-0.7347845024577624,False
2002H2-E,E,tabicl,20260913,2021H1,73,24909,90,cox_slope,0.749635727729686,0.5788893800250359,0.9203820754343361,False
2002H2-E,E,tabicl,20260913,2021H1,73,24909,90,psi,0.17246730185135423,,,False
2002H2-E,E,tabicl,20260913,2021H1,73,24909,90,psi_critical,0.0010176110589622332,,,False
2002H2-E,E,tabicl,20260913,2021H2,75,24929,136,auc,0.7402434807262961,0.699281533199271,0.7812054282533212,True
2002H2-E,E,tabicl,20260913,2021H2,75,24929,136,gini,0.4804869614525922,0.398563066398542,0.5624108565066424,True
2002H2-E,E,tabicl,20260913,2021H2,75,24929,136,ks,0.37776940123042324,,,True
2002H2-E,E,tabicl,20260913,2021H2,75,24929,136,brier,0.005437895309326335,,,True
2002H2-E,E,tabicl,20260913,2021H2,75,24929,136,brier_miscalibration,4.929293615567407e-05,,,True
2002H2-E,E,tabicl,20260913,2021H2,75,24929,136,brier_discrimination,3.7128818218934434e-05,,,True
2002H2-E,E,tabicl,20260913,2021H2,75,24929,136,brier_uncertainty,0.005425731191389596,,,True
2002H2-E,E,tabicl,20260913,2021H2,75,24929,136,observed_over_expected,0.8204987880008785,0.6886902728690256,0.9700735430961691,True
2002H2-E,E,tabicl,20260913,2021H2,75,24929,136,log_oe,-0.1978428456000922,-0.37296364043274416,-0.030383392733802795,True
2002H2-E,E,tabicl,20260913,2021H2,75,24929,136,cox_intercept,-1.4990165034800662,-2.165565107234629,-0.8324678997255032,True
2002H2-E,E,tabicl,20260913,2021H2,75,24929,136,cox_slope,0.7104769447360039,0.5728183912321732,0.8481354982398346,True
2002H2-E,E,tabicl,20260913,2021H2,75,24929,136,psi,0.08224982307384894,,,True
2002H2-E,E,tabicl,20260913,2021H2,75,24929,136,psi_critical,0.0010170661261475434,,,True
2002H2-E,E,tabicl,20260913,2022H1,77,24889,291,auc,0.7690665907797383,0.7436736452648908,0.7944595362945858,True
2002H2-E,E,tabicl,20260913,2022H1,77,24889,291,gini,0.5381331815594765,0.48734729052978154,0.5889190725891715,True
2002H2-E,E,tabicl,20260913,2022H1,77,24889,291,ks,0.43888601565405394,,,True
2002H2-E,E,tabicl,20260913,2022H1,77,24889,291,brier,0.011457484675343873,,,True
2002H2-E,E,tabicl,20260913,2022H1,77,24889,291,brier_miscalibration,7.736446326195127e-05,,,True
2002H2-E,E,tabicl,20260913,2022H1,77,24889,291,brier_discrimination,0.00017509106928348742,,,True
2002H2-E,E,tabicl,20260913,2022H1,77,24889,291,brier_uncertainty,0.01155521128136541,,,True
2002H2-E,E,tabicl,20260913,2022H1,77,24889,291,observed_over_expected,1.4543442613210507,1.2928498185902737,1.6302442117472542,True
2002H2-E,E,tabicl,20260913,2022H1,77,24889,291,log_oe,0.3745551195324923,0.25684894346168047,0.48872982675412724,True
2002H2-E,E,tabicl,20260913,2022H1,77,24889,291,cox_intercept,-0.582424561441141,-1.0204832629173737,-0.14436585996490814,True
2002H2-E,E,tabicl,20260913,2022H1,77,24889,291,cox_slope,0.7728635134146814,0.6774314437465236,0.8682955830828392,True
2002H2-E,E,tabicl,20260913,2022H1,77,24889,291,psi,0.04583048089973921,,,True
2002H2-E,E,tabicl,20260913,2022H1,77,24889,291,psi_critical,0.0010181568675578937,,,True
2002H2-E,E,tabicl,20260913,2022H2,79,24859,373,auc,0.7723669968219515,0.7504195723259987,0.7943144213179044,True
2002H2-E,E,tabicl,20260913,2022H2,79,24859,373,gini,0.5447339936439031,0.5008391446519973,0.5886288426358088,True
2002H2-E,E,tabicl,20260913,2022H2,79,24859,373,ks,0.43295079816906923,,,True
2002H2-E,E,tabicl,20260913,2022H2,79,24859,373,brier,0.014650754050997318,,,True
2002H2-E,E,tabicl,20260913,2022H2,79,24859,373,brier_miscalibration,0.00015713614215074646,,,True
2002H2-E,E,tabicl,20260913,2022H2,79,24859,373,brier_discrimination,0.0002858693781721943,,,True
2002H2-E,E,tabicl,20260913,2022H2,79,24859,373,brier_uncertainty,0.014779487287018766,,,True
2002H2-E,E,tabicl,20260913,2022H2,79,24859,373,observed_over_expected,2.0296757811151935,1.8302255776708416,2.244669578656465,True
2002H2-E,E,tabicl,20260913,2022H2,79,24859,373,log_oe,0.7078760665617412,0.6044392257434391,0.808558329362684,True
2002H2-E,E,tabicl,20260913,2022H2,79,24859,373,cox_intercept,-0.17808063089009668,-0.5718203989201759,0.21565913713998253,True
2002H2-E,E,tabicl,20260913,2022H2,79,24859,373,cox_slope,0.7906416705981935,0.7063935969895019,0.874889744206885,True
2002H2-E,E,tabicl,20260913,2022H2,79,24859,373,psi,0.07232142522581403,,,True
2002H2-E,E,tabicl,20260913,2022H2,79,24859,373,psi_critical,0.0010189772271646342,,,True
2002H2-E,E,tabicl,20260913,2023H1,81,24882,381,auc,0.7803265515650388,0.7599315487495183,0.8007215543805594,True
2002H2-E,E,tabicl,20260913,2023H1,81,24882,381,gini,0.5606531031300777,0.5198630974990366,0.6014431087611187,True
2002H2-E,E,tabicl,20260913,2023H1,81,24882,381,ks,0.4442537617780023,,,True
2002H2-E,E,tabicl,20260913,2023H1,81,24882,381,brier,0.014948836438053002,,,True
2002H2-E,E,tabicl,20260913,2023H1,81,24882,381,brier_miscalibration,0.00020864054189478204,,,True
2002H2-E,E,tabicl,20260913,2023H1,81,24882,381,brier_discrimination,0.0003376123038072512,,,True
2002H2-E,E,tabicl,20260913,2023H1,81,24882,381,brier_uncertainty,0.015077808199965471,,,True
2002H2-E,E,tabicl,20260913,2023H1,81,24882,381,observed_over_expected,2.2986234402484564,2.075099690373368,2.5393668168125654,True
2002H2-E,E,tabicl,20260913,2023H1,81,24882,381,log_oe,0.8323104395201449,0.7300091960820374,0.9319147652343823,True
2002H2-E,E,tabicl,20260913,2023H1,81,24882,381,cox_intercept,0.19713250163484233,-0.21720217937895028,0.611467182648635,True
2002H2-E,E,tabicl,20260913,2023H1,81,24882,381,cox_slope,0.8515358714773906,0.7636904383804779,0.9393813045743034,True
2002H2-E,E,tabicl,20260913,2023H1,81,24882,381,psi,0.10037553447062837,,,True
2002H2-E,E,tabicl,20260913,2023H1,81,24882,381,psi_critical,0.001018348107860452,,,True
2002H2-E,E,tabicl,20260913,2023H2,83,24866,363,auc,0.7837108606142453,0.7637038630454117,0.803717858183079,True
2002H2-E,E,tabicl,20260913,2023H2,83,24866,363,gini,0.5674217212284907,0.5274077260908234,0.6074357163661579,True
2002H2-E,E,tabicl,20260913,2023H2,83,24866,363,ks,0.446738236021923,,,True
2002H2-E,E,tabicl,20260913,2023H2,83,24866,363,brier,0.014267988670293334,,,True
2002H2-E,E,tabicl,20260913,2023H2,83,24866,363,brier_miscalibration,0.00017434459639102153,,,True
2002H2-E,E,tabicl,20260913,2023H2,83,24866,363,brier_discrimination,0.0002914937240367163,,,True
2002H2-E,E,tabicl,20260913,2023H2,83,24866,363,brier_uncertainty,0.014385137797939028,,,True
2002H2-E,E,tabicl,20260913,2023H2,83,24866,363,observed_over_expected,2.3304125406705145,2.098315230244849,2.580867771416313,True
2002H2-E,E,tabicl,20260913,2023H2,83,24866,363,log_oe,0.846045307986797,0.7411347514255435,0.948125687892254,True
2002H2-E,E,tabicl,20260913,2023H2,83,24866,363,cox_intercept,0.346232983966471,-0.09537870197741588,0.7878446699103578,True
2002H2-E,E,tabicl,20260913,2023H2,83,24866,363,cox_slope,0.8839878946101748,0.790904964793127,0.9770708244272226,True
2002H2-E,E,tabicl,20260913,2023H2,83,24866,363,psi,0.11271843502806211,,,True
2002H2-E,E,tabicl,20260913,2023H2,83,24866,363,psi_critical,0.0010187856328701958,,,True
2002H2-E,E,tabicl@t1,20260911,2003H1,1,24276,72,auc,0.866300508180466,0.8223134643026488,0.9102875520582832,False
2002H2-E,E,tabicl@t1,20260911,2003H1,1,24276,72,gini,0.732601016360932,0.6446269286052977,0.8205751041165663,False
2002H2-E,E,tabicl@t1,20260911,2003H1,1,24276,72,ks,0.6429171486806589,,,False
2002H2-E,E,tabicl@t1,20260911,2003H1,1,24276,72,brier,0.003035525024546141,,,False
2002H2-E,E,tabicl@t1,20260911,2003H1,1,24276,72,brier_miscalibration,0.00015939900898840438,,,False
2002H2-E,E,tabicl@t1,20260911,2003H1,1,24276,72,brier_discrimination,8.096970691606883e-05,,,False
2002H2-E,E,tabicl@t1,20260911,2003H1,1,24276,72,brier_uncertainty,0.0029570957224738055,,,False
2002H2-E,E,tabicl@t1,20260911,2003H1,1,24276,72,observed_over_expected,0.35029388696901914,0.27416625580403076,0.4409674471494714,False
2002H2-E,E,tabicl@t1,20260911,2003H1,1,24276,72,log_oe,-1.0489827997758991,-1.2940205835989644,-0.8187842222474183,False
2002H2-E,E,tabicl@t1,20260911,2003H1,1,24276,72,cox_intercept,-0.7903869196453556,-1.4902570389268304,-0.09051680036388088,False
2002H2-E,E,tabicl@t1,20260911,2003H1,1,24276,72,cox_slope,1.0780013988679724,0.896108472284275,1.25989432545167,False
2002H2-E,E,tabicl@t1,20260911,2003H1,1,24276,72,psi,0.2207806856429792,,,False
2002H2-E,E,tabicl@t1,20260911,2003H1,1,24276,72,psi_critical,0.0010353221128363722,,,False
2002H2-E,E,tabicl@t1,20260911,2003H2,3,24205,139,auc,0.8398533230259472,0.8065037990416998,0.8732028470101946,True
2002H2-E,E,tabicl@t1,20260911,2003H2,3,24205,139,gini,0.6797066460518943,0.6130075980833996,0.7464056940203891,True
2002H2-E,E,tabicl@t1,20260911,2003H2,3,24205,139,ks,0.5542763993741432,,,True
2002H2-E,E,tabicl@t1,20260911,2003H2,3,24205,139,brier,0.005709737581510324,,,True
2002H2-E,E,tabicl@t1,20260911,2003H2,3,24205,139,brier_miscalibration,0.00017570911898911155,,,True
2002H2-E,E,tabicl@t1,20260911,2003H2,3,24205,139,brier_discrimination,0.00017560907073473683,,,True
2002H2-E,E,tabicl@t1,20260911,2003H2,3,24205,139,brier_uncertainty,0.005709637533255949,,,True
2002H2-E,E,tabicl@t1,20260911,2003H2,3,24205,139,observed_over_expected,0.5082027534609541,0.42741944975609064,0.5997432191671995,True
2002H2-E,E,tabicl@t1,20260911,2003H2,3,24205,139,log_oe,-0.6768747900451192,-0.8499894299820862,-0.5112536834251228,True
2002H2-E,E,tabicl@t1,20260911,2003H2,3,24205,139,cox_intercept,-0.6875009163121789,-1.204896053288851,-0.17010577933550675,True
2002H2-E,E,tabicl@t1,20260911,2003H2,3,24205,139,cox_slope,1.0039975265831733,0.8666089759202067,1.14138607724614,True
2002H2-E,E,tabicl@t1,20260911,2003H2,3,24205,139,psi,0.06425615461026972,,,True
2002H2-E,E,tabicl@t1,20260911,2003H2,3,24205,139,psi_critical,0.001037366439290114,,,True
2002H2-E,E,tabicl@t1,20260911,2004H1,5,24219,181,auc,0.8161663002272185,0.7842338978192286,0.8480987026352084,True
2002H2-E,E,tabicl@t1,20260911,2004H1,5,24219,181,gini,0.632332600454437,0.5684677956384572,0.6961974052704167,True
2002H2-E,E,tabicl@t1,20260911,2004H1,5,24219,181,ks,0.516818444461095,,,True
2002H2-E,E,tabicl@t1,20260911,2004H1,5,24219,181,brier,0.007456353325990618,,,True
2002H2-E,E,tabicl@t1,20260911,2004H1,5,24219,181,brier_miscalibration,0.00019481494203141096,,,True
2002H2-E,E,tabicl@t1,20260911,2004H1,5,24219,181,brier_discrimination,0.00015608008522914694,,,True
2002H2-E,E,tabicl@t1,20260911,2004H1,5,24219,181,brier_uncertainty,0.007417618469188354,,,True
2002H2-E,E,tabicl@t1,20260911,2004H1,5,24219,181,observed_over_expected,0.5886475869548327,0.5062678456626704,0.6805305146117592,True
2002H2-E,E,tabicl@t1,20260911,2004H1,5,24219,181,log_oe,-0.5299275987531207,-0.6806894104909846,-0.38488261643856664,True
2002H2-E,E,tabicl@t1,20260911,2004H1,5,24219,181,cox_intercept,-0.9546038060561376,-1.4108556099747038,-0.4983520021375714,True
2002H2-E,E,tabicl@t1,20260911,2004H1,5,24219,181,cox_slope,0.8872204688175597,0.7688263399719077,1.0056145976632116,True
2002H2-E,E,tabicl@t1,20260911,2004H1,5,24219,181,psi,0.030590109647124924,,,True
2002H2-E,E,tabicl@t1,20260911,2004H1,5,24219,181,psi_critical,0.0010369623839442791,,,True
2002H2-E,E,tabicl@t1,20260911,2004H2,7,24090,202,auc,0.8103949826915043,0.784602262064427,0.8361877033185817,True
2002H2-E,E,tabicl@t1,20260911,2004H2,7,24090,202,gini,0.6207899653830087,0.5692045241288539,0.6723754066371634,True
2002H2-E,E,tabicl@t1,20260911,2004H2,7,24090,202,ks,0.476815070991359,,,True
2002H2-E,E,tabicl@t1,20260911,2004H2,7,24090,202,brier,0.008409969870848459,,,True
2002H2-E,E,tabicl@t1,20260911,2004H2,7,24090,202,brier_miscalibration,0.00025108880737991814,,,True
2002H2-E,E,tabicl@t1,20260911,2004H2,7,24090,202,brier_discrimination,0.0001560290709881583,,,True
2002H2-E,E,tabicl@t1,20260911,2004H2,7,24090,202,brier_uncertainty,0.0083149101344567,,,True
2002H2-E,E,tabicl@t1,20260911,2004H2,7,24090,202,observed_over_expected,0.5501332476955026,0.477136928895879,0.6310627900853485,True
2002H2-E,E,tabicl@t1,20260911,2004H2,7,24090,202,log_oe,-0.597594761560626,-0.7399517666136033,-0.46034991254001884,True
2002H2-E,E,tabicl@t1,20260911,2004H2,7,24090,202,cox_intercept,-0.9428544813988093,-1.383922010738144,-0.5017869520594747,True
2002H2-E,E,tabicl@t1,20260911,2004H2,7,24090,202,cox_slope,0.9071100799269164,0.7877237695897898,1.026496390264043,True
2002H2-E,E,tabicl@t1,20260911,2004H2,7,24090,202,psi,0.007112754228791706,,,True
2002H2-E,E,tabicl@t1,20260911,2004H2,7,24090,202,psi_critical,0.0010407032384610452,,,True
2002H2-E,E,tabicl@t1,20260911,2005H1,9,24233,248,auc,0.7788114379282751,0.7501058323426234,0.8075170435139268,True
2002H2-E,E,tabicl@t1,20260911,2005H1,9,24233,248,gini,0.5576228758565502,0.5002116646852468,0.6150340870278537,True
2002H2-E,E,tabicl@t1,20260911,2005H1,9,24233,248,ks,0.4531481369404265,,,True
2002H2-E,E,tabicl@t1,20260911,2005H1,9,24233,248,brier,0.010108746123756672,,,True
2002H2-E,E,tabicl@t1,20260911,2005H1,9,24233,248,brier_miscalibration,0.0001659512811683552,,,True
2002H2-E,E,tabicl@t1,20260911,2005H1,9,24233,248,brier_discrimination,0.0001864493014358138,,,True
2002H2-E,E,tabicl@t1,20260911,2005H1,9,24233,248,brier_uncertainty,0.01012924414402413,,,True
2002H2-E,E,tabicl@t1,20260911,2005H1,9,24233,248,observed_over_expected,0.7106843654227261,0.6253527227527106,0.8043137623664064,True
2002H2-E,E,tabicl@t1,20260911,2005H1,9,24233,248,log_oe,-0.34152687823363787,-0.469439432030584,-0.2177658342320492,True
2002H2-E,E,tabicl@t1,20260911,2005H1,9,24233,248,cox_intercept,-1.1309685131449891,-1.530980543715132,-0.7309564825748461,True
2002H2-E,E,tabicl@t1,20260911,2005H1,9,24233,248,cox_slope,0.783678332550894,0.6817117050396607,0.8856449600621273,True
2002H2-E,E,tabicl@t1,20260911,2005H1,9,24233,248,psi,0.00427774251687778,,,True
2002H2-E,E,tabicl@t1,20260911,2005H1,9,24233,248,psi_critical,0.001036558795463863,,,True
2002H2-E,E,tabicl@t1,20260911,2005H2,11,24082,266,auc,0.8060613828828033,0.7816889220929085,0.830433843672698,True
2002H2-E,E,tabicl@t1,20260911,2005H2,11,24082,266,gini,0.6121227657656065,0.563377844185817,0.660867687345396,True
2002H2-E,E,tabicl@t1,20260911,2005H2,11,24082,266,ks,0.4721546265731511,,,True
2002H2-E,E,tabicl@t1,20260911,2005H2,11,24082,266,brier,0.01079097355155305,,,True
2002H2-E,E,tabicl@t1,20260911,2005H2,11,24082,266,brier_miscalibration,0.00011893531347981039,,,True
2002H2-E,E,tabicl@t1,20260911,2005H2,11,24082,266,brier_discrimination,0.0002515508300085928,,,True
2002H2-E,E,tabicl@t1,20260911,2005H2,11,24082,266,brier_uncertainty,0.010923589068081833,,,True
2002H2-E,E,tabicl@t1,20260911,2005H2,11,24082,266,observed_over_expected,0.7410974596800705,0.6551142007415348,0.83512897792631,True
2002H2-E,E,tabicl@t1,20260911,2005H2,11,24082,266,log_oe,-0.2996231378001354,-0.4229457062673246,-0.18016910147729964,True
2002H2-E,E,tabicl@t1,20260911,2005H2,11,24082,266,cox_intercept,-0.6327317793555705,-1.0258819113980788,-0.2395816473130622,True
2002H2-E,E,tabicl@t1,20260911,2005H2,11,24082,266,cox_slope,0.9085406231410553,0.8031605629044702,1.0139206833776404,True
2002H2-E,E,tabicl@t1,20260911,2005H2,11,24082,266,psi,0.005579976091066252,,,True
2002H2-E,E,tabicl@t1,20260911,2005H2,11,24082,266,psi_critical,0.0010409365492114375,,,True
2002H2-E,E,tabicl@t1,20260911,2006H1,13,23280,405,auc,0.7814876340821696,0.7608827993879982,0.802092468776341,True
2002H2-E,E,tabicl@t1,20260911,2006H1,13,23280,405,gini,0.5629752681643392,0.5217655987759964,0.604184937552682,True
2002H2-E,E,tabicl@t1,20260911,2006H1,13,23280,405,ks,0.45508358631855894,,,True
2002H2-E,E,tabicl@t1,20260911,2006H1,13,23280,405,brier,0.01682826951907305,,,True
2002H2-E,E,tabicl@t1,20260911,2006H1,13,23280,405,brier_miscalibration,0.00014005827744384414,,,True
2002H2-E,E,tabicl@t1,20260911,2006H1,13,23280,405,brier_discrimination,0.00040604359416631167,,,True
2002H2-E,E,tabicl@t1,20260911,2006H1,13,23280,405,brier_uncertainty,0.017094254835795516,,,True
2002H2-E,E,tabicl@t1,20260911,2006H1,13,23280,405,observed_over_expected,0.99003677087647,0.8966765089044486,1.0903407178626199,True
2002H2-E,E,tabicl@t1,20260911,2006H1,13,23280,405,log_oe,-0.010013194243794902,-0.10906011864124024,0.08649023259154281,True
2002H2-E,E,tabicl@t1,20260911,2006H1,13,23280,405,cox_intercept,-0.6750526667623216,-0.9928094770869953,-0.3572958564376478,True
2002H2-E,E,tabicl@t1,20260911,2006H1,13,23280,405,cox_slope,0.8067060333218813,0.7217241212712023,0.8916879453725602,True
2002H2-E,E,tabicl@t1,20260911,2006H1,13,23280,405,psi,0.0353777664271473,,,True
2002H2-E,E,tabicl@t1,20260911,2006H1,13,23280,405,psi_critical,0.0010651397584764489,,,True
2002H2-E,E,tabicl@t1,20260911,2006H2,15,23898,525,auc,0.7797794361829787,0.7615562652327735,0.7980026071331839,True
2002H2-E,E,tabicl@t1,20260911,2006H2,15,23898,525,gini,0.5595588723659575,0.5231125304655471,0.5960052142663679,True
2002H2-E,E,tabicl@t1,20260911,2006H2,15,23898,525,ks,0.4301424720831729,,,True
2002H2-E,E,tabicl@t1,20260911,2006H2,15,23898,525,brier,0.020987535323901133,,,True
2002H2-E,E,tabicl@t1,20260911,2006H2,15,23898,525,brier_miscalibration,0.0001405691289851213,,,True
2002H2-E,E,tabicl@t1,20260911,2006H2,15,23898,525,brier_discrimination,0.0006387902735900779,,,True
2002H2-E,E,tabicl@t1,20260911,2006H2,15,23898,525,brier_uncertainty,0.02148575646850609,,,True
2002H2-E,E,tabicl@t1,20260911,2006H2,15,23898,525,observed_over_expected,1.2168315771638218,1.1159646215753718,1.324206963543976,True
2002H2-E,E,tabicl@t1,20260911,2006H2,15,23898,525,log_oe,0.19625041261555914,0.10971916235929169,0.28081376217472137,True
2002H2-E,E,tabicl@t1,20260911,2006H2,15,23898,525,cox_intercept,-0.4169265223570436,-0.6982253101103169,-0.13562773460377026,True
2002H2-E,E,tabicl@t1,20260911,2006H2,15,23898,525,cox_slope,0.8174338845995756,0.7418002785489274,0.8930674906502237,True
2002H2-E,E,tabicl@t1,20260911,2006H2,15,23898,525,psi,0.04504632701947944,,,True
2002H2-E,E,tabicl@t1,20260911,2006H2,15,23898,525,psi_critical,0.001046345808876259,,,True
2002H2-E,E,tabicl@t1,20260911,2007H1,17,23169,808,auc,0.7830881848302893,0.7688546216326374,0.7973217480279412,True
2002H2-E,E,tabicl@t1,20260911,2007H1,17,23169,808,gini,0.5661763696605786,0.5377092432652748,0.5946434960558824,True
2002H2-E,E,tabicl@t1,20260911,2007H1,17,23169,808,ks,0.4233994963827138,,,True
2002H2-E,E,tabicl@t1,20260911,2007H1,17,23169,808,brier,0.03268469302906973,,,True
2002H2-E,E,tabicl@t1,20260911,2007H1,17,23169,808,brier_miscalibration,0.0005445495226257188,,,True
2002H2-E,E,tabicl@t1,20260911,2007H1,17,23169,808,brier_discrimination,0.0015178330247074545,,,True
2002H2-E,E,tabicl@t1,20260911,2007H1,17,23169,808,brier_uncertainty,0.03365797653115146,,,True
2002H2-E,E,tabicl@t1,20260911,2007H1,17,23169,808,observed_over_expected,1.7952339618528195,1.6755284769580063,1.9209933407296906,True
2002H2-E,E,tabicl@t1,20260911,2007H1,17,23169,808,log_oe,0.5851353543116902,0.5161286241462937,0.6528424172159606,True
2002H2-E,E,tabicl@t1,20260911,2007H1,17,23169,808,cox_intercept,0.004670132790684225,-0.21927821569000366,0.22861848127137213,True
2002H2-E,E,tabicl@t1,20260911,2007H1,17,23169,808,cox_slope,0.8133563365677429,0.7526806679367087,0.874032005198777,True
2002H2-E,E,tabicl@t1,20260911,2007H1,17,23169,808,psi,0.058803084528923924,,,True
2002H2-E,E,tabicl@t1,20260911,2007H1,17,23169,808,psi_critical,0.0010686215825909393,,,True
2002H2-E,E,tabicl@t1,20260911,2007H2,19,24367,1560,auc,0.7640078029349964,0.7534396046408922,0.7745760012291005,True
2002H2-E,E,tabicl@t1,20260911,2007H2,19,24367,1560,gini,0.5280156058699927,0.5068792092817844,0.5491520024582011,True
2002H2-E,E,tabicl@t1,20260911,2007H2,19,24367,1560,ks,0.40984998982543597,,,True
2002H2-E,E,tabicl@t1,20260911,2007H2,19,24367,1560,brier,0.05972813537061667,,,True
2002H2-E,E,tabicl@t1,20260911,2007H2,19,24367,1560,brier_miscalibration,0.003345937676951162,,,True
2002H2-E,E,tabicl@t1,20260911,2007H2,19,24367,1560,brier_discrimination,0.003540124350157839,,,True
2002H2-E,E,tabicl@t1,20260911,2007H2,19,24367,1560,brier_uncertainty,0.05992232204382335,,,True
2002H2-E,E,tabicl@t1,20260911,2007H2,19,24367,1560,observed_over_expected,3.2675863212690084,3.1123277785044206,3.428177401737457,True
2002H2-E,E,tabicl@t1,20260911,2007H2,19,24367,1560,log_oe,1.1840515843062338,1.135370928052528,1.232028750195065,True
2002H2-E,E,tabicl@t1,20260911,2007H2,19,24367,1560,cox_intercept,0.37356931221132,0.20498621229866504,0.5421524121239749,True
2002H2-E,E,tabicl@t1,20260911,2007H2,19,24367,1560,cox_slope,0.7290177813320374,0.6854753405331835,0.7725602221308914,True
2002H2-E,E,tabicl@t1,20260911,2007H2,19,24367,1560,psi,0.056446243705073174,,,True
2002H2-E,E,tabicl@t1,20260911,2007H2,19,24367,1560,psi_critical,0.0010327193396994369,,,True
2002H2-E,E,tabicl@t1,20260911,2008H1,21,24660,1109,auc,0.7785469433237745,0.7663207630477917,0.7907731235997573,True
2002H2-E,E,tabicl@t1,20260911,2008H1,21,24660,1109,gini,0.557093886647549,0.5326415260955835,0.5815462471995145,True
2002H2-E,E,tabicl@t1,20260911,2008H1,21,24660,1109,ks,0.4222901479776886,,,True
2002H2-E,E,tabicl@t1,20260911,2008H1,21,24660,1109,brier,0.042592412844445905,,,True
2002H2-E,E,tabicl@t1,20260911,2008H1,21,24660,1109,brier_miscalibration,0.001947605999612835,,,True
2002H2-E,E,tabicl@t1,20260911,2008H1,21,24660,1109,brier_discrimination,0.0023043610436407624,,,True
2002H2-E,E,tabicl@t1,20260911,2008H1,21,24660,1109,brier_uncertainty,0.04294916788847383,,,True
2002H2-E,E,tabicl@t1,20260911,2008H1,21,24660,1109,observed_over_expected,3.458979379811072,3.2626071230451608,3.663651661290475,True
2002H2-E,E,tabicl@t1,20260911,2008H1,21,24660,1109,log_oe,1.240973568622164,1.1825266067596243,1.2984603716838923,True
2002H2-E,E,tabicl@t1,20260911,2008H1,21,24660,1109,cox_intercept,0.501326031198617,0.2916371154171609,0.7110149469800731,True
2002H2-E,E,tabicl@t1,20260911,2008H1,21,24660,1109,cox_slope,0.7784474621249609,0.7282941862078519,0.8286007380420698,True
2002H2-E,E,tabicl@t1,20260911,2008H1,21,24660,1109,psi,0.005120929807233848,,,True
2002H2-E,E,tabicl@t1,20260911,2008H1,21,24660,1109,psi_critical,0.0010244694792870743,,,True
2002H2-E,E,tabicl@t1,20260911,2008H2,23,24746,863,auc,0.7912058393591123,0.7776089811988084,0.8048026975194161,True
2002H2-E,E,tabicl@t1,20260911,2008H2,23,24746,863,gini,0.5824116787182245,0.5552179623976168,0.6096053950388323,True
2002H2-E,E,tabicl@t1,20260911,2008H2,23,24746,863,ks,0.4459650219307343,,,True
2002H2-E,E,tabicl@t1,20260911,2008H2,23,24746,863,brier,0.03319333987127601,,,True
2002H2-E,E,tabicl@t1,20260911,2008H2,23,24746,863,brier_miscalibration,0.0012588381920853667,,,True
2002H2-E,E,tabicl@t1,20260911,2008H2,23,24746,863,brier_discrimination,0.0017236030304558572,,,True
2002H2-E,E,tabicl@t1,20260911,2008H2,23,24746,863,brier_uncertainty,0.0336581047096465,,,True
2002H2-E,E,tabicl@t1,20260911,2008H2,23,24746,863,observed_over_expected,3.1789174775725813,2.9737076780233656,3.394160220356863,True
2002H2-E,E,tabicl@t1,20260911,2008H2,23,24746,863,log_oe,1.1565407229797757,1.089809550679487,1.2220563726385594,True
2002H2-E,E,tabicl@t1,20260911,2008H2,23,24746,863,cox_intercept,0.7524831696979075,0.4984948942084867,1.0064714451873282,True
2002H2-E,E,tabicl@t1,20260911,2008H2,23,24746,863,cox_slope,0.8779786851646686,0.8178276740188705,0.9381296963104667,True
2002H2-E,E,tabicl@t1,20260911,2008H2,23,24746,863,psi,0.025497330542778678,,,True
2002H2-E,E,tabicl@t1,20260911,2008H2,23,24746,863,psi_critical,0.0010220851046916352,,,True
2002H2-E,E,tabicl@t1,20260911,2009H1,25,24844,119,auc,0.8083567987356719,0.7739761270713934,0.8427374703999504,True
2002H2-E,E,tabicl@t1,20260911,2009H1,25,24844,119,gini,0.6167135974713438,0.5479522541427868,0.6854749407999008,True
2002H2-E,E,tabicl@t1,20260911,2009H1,25,24844,119,ks,0.4723001758843073,,,True
2002H2-E,E,tabicl@t1,20260911,2009H1,25,24844,119,brier,0.004765044004908803,,,True
2002H2-E,E,tabicl@t1,20260911,2009H1,25,24844,119,brier_miscalibration,6.731163145146275e-05,,,True
2002H2-E,E,tabicl@t1,20260911,2009H1,25,24844,119,brier_discrimination,6.921349758167838e-05,,,True
2002H2-E,E,tabicl@t1,20260911,2009H1,25,24844,119,brier_uncertainty,0.0047669458710390186,,,True
2002H2-E,E,tabicl@t1,20260911,2009H1,25,24844,119,observed_over_expected,0.7513081146490322,0.6226400779157812,0.8986283912672222,True
2002H2-E,E,tabicl@t1,20260911,2009H1,25,24844,119,log_oe,-0.28593943885471257,-0.4737866511932419,-0.10688568784494176,True
2002H2-E,E,tabicl@t1,20260911,2009H1,25,24844,119,cox_intercept,-0.7317128292538803,-1.373428586980987,-0.08999707152677339,True
2002H2-E,E,tabicl@t1,20260911,2009H1,25,24844,119,cox_slope,0.8984515532471649,0.7582215779660932,1.0386815285282365,True
2002H2-E,E,tabicl@t1,20260911,2009H1,25,24844,119,psi,0.3119809406267334,,,True
2002H2-E,E,tabicl@t1,20260911,2009H1,25,24844,119,psi_critical,0.001019388149927719,,,True
2002H2-E,E,tabicl@t1,20260911,2009H2,27,24709,196,auc,0.8524082806540803,0.8273698803985305,0.87744668090963,True
2002H2-E,E,tabicl@t1,20260911,2009H2,27,24709,196,gini,0.7048165613081605,0.6547397607970611,0.7548933618192599,True
2002H2-E,E,tabicl@t1,20260911,2009H2,27,24709,196,ks,0.5723770477472594,,,True
2002H2-E,E,tabicl@t1,20260911,2009H2,27,24709,196,brier,0.007685832790579058,,,True
2002H2-E,E,tabicl@t1,20260911,2009H2,27,24709,196,brier_miscalibration,6.509388254691533e-05,,,True
2002H2-E,E,tabicl@t1,20260911,2009H2,27,24709,196,brier_discrimination,0.0002486715440171809,,,True
2002H2-E,E,tabicl@t1,20260911,2009H2,27,24709,196,brier_uncertainty,0.007869410452049324,,,True
2002H2-E,E,tabicl@t1,20260911,2009H2,27,24709,196,observed_over_expected,0.8426861792190531,0.7292124373388005,0.968699759716925,True
2002H2-E,E,tabicl@t1,20260911,2009H2,27,24709,196,log_oe,-0.1711606569327752,-0.31579018018100924,-0.031800560596772935,True
2002H2-E,E,tabicl@t1,20260911,2009H2,27,24709,196,cox_intercept,-0.11167494277220655,-0.5435192826810644,0.32016939713665127,True
2002H2-E,E,tabicl@t1,20260911,2009H2,27,24709,196,cox_slope,1.0179557820193812,0.9093610834347664,1.126550480603996,True
2002H2-E,E,tabicl@t1,20260911,2009H2,27,24709,196,psi,0.10446271543212857,,,True
2002H2-E,E,tabicl@t1,20260911,2009H2,27,24709,196,psi_critical,0.0010231089059562013,,,True
2002H2-E,E,tabicl@t1,20260911,2010H1,29,24843,191,auc,0.8384949916449542,0.809004694066622,0.8679852892232864,True
2002H2-E,E,tabicl@t1,20260911,2010H1,29,24843,191,gini,0.6769899832899084,0.618009388133244,0.7359705784465729,True
2002H2-E,E,tabicl@t1,20260911,2010H1,29,24843,191,ks,0.5705504390752787,,,True
2002H2-E,E,tabicl@t1,20260911,2010H1,29,24843,191,brier,0.0074802290157836415,,,True
2002H2-E,E,tabicl@t1,20260911,2010H1,29,24843,191,brier_miscalibration,0.00011392852655389783,,,True
2002H2-E,E,tabicl@t1,20260911,2010H1,29,24843,191,brier_discrimination,0.0002628722378567828,,,True
2002H2-E,E,tabicl@t1,20260911,2010H1,29,24843,191,brier_uncertainty,0.0076291727270865264,,,True
2002H2-E,E,tabicl@t1,20260911,2010H1,29,24843,191,observed_over_expected,0.7294110630864323,0.6299497867158892,0.8400195505893369,True
2002H2-E,E,tabicl@t1,20260911,2010H1,29,24843,191,log_oe,-0.3155178333433206,-0.46211516639863415,-0.17433011290450967,True
2002H2-E,E,tabicl@t1,20260911,2010H1,29,24843,191,cox_intercept,-0.510611047371417,-0.9197026339355168,-0.10151946080731739,True
2002H2-E,E,tabicl@t1,20260911,2010H1,29,24843,191,cox_slope,0.9506487782589355,0.8459286924482111,1.05536886406966,True
2002H2-E,E,tabicl@t1,20260911,2010H1,29,24843,191,psi,0.09034400217636204,,,True
2002H2-E,E,tabicl@t1,20260911,2010H1,29,24843,191,psi_critical,0.0010194155624220973,,,True
2002H2-E,E,tabicl@t1,20260911,2010H2,31,24683,152,auc,0.8568504352173083,0.8264760067155303,0.8872248637190863,True
2002H2-E,E,tabicl@t1,20260911,2010H2,31,24683,152,gini,0.7137008704346166,0.6529520134310607,0.7744497274381725,True
2002H2-E,E,tabicl@t1,20260911,2010H2,31,24683,152,ks,0.5772457084376589,,,True
2002H2-E,E,tabicl@t1,20260911,2010H2,31,24683,152,brier,0.0060297053002765005,,,True
2002H2-E,E,tabicl@t1,20260911,2010H2,31,24683,152,brier_miscalibration,0.00010065366085847648,,,True
2002H2-E,E,tabicl@t1,20260911,2010H2,31,24683,152,brier_discrimination,0.0001911108673370585,,,True
2002H2-E,E,tabicl@t1,20260911,2010H2,31,24683,152,brier_uncertainty,0.0061201625067550825,,,True
2002H2-E,E,tabicl@t1,20260911,2010H2,31,24683,152,observed_over_expected,0.6868151430994957,0.5822322311790874,0.8046656270140932,True
2002H2-E,E,tabicl@t1,20260911,2010H2,31,24683,152,log_oe,-0.3756901014256851,-0.5408858881945836,-0.21732845802248635,True
2002H2-E,E,tabicl@t1,20260911,2010H2,31,24683,152,cox_intercept,-0.49744642457353694,-0.9489586078682657,-0.04593424127880813,True
2002H2-E,E,tabicl@t1,20260911,2010H2,31,24683,152,cox_slope,0.9719309672321262,0.8580599627888961,1.0858019716753564,True
2002H2-E,E,tabicl@t1,20260911,2010H2,31,24683,152,psi,0.21568073214078226,,,True
2002H2-E,E,tabicl@t1,20260911,2010H2,31,24683,152,psi_critical,0.0010238301701137374,,,True
2002H2-E,E,tabicl@t1,20260911,2011H1,33,24614,195,auc,0.8608250616113347,0.8367379985028869,0.8849121247197824,True
2002H2-E,E,tabicl@t1,20260911,2011H1,33,24614,195,gini,0.7216501232226693,0.6734759970057738,0.7698242494395648,True
2002H2-E,E,tabicl@t1,20260911,2011H1,33,24614,195,ks,0.5931079308777003,,,True
2002H2-E,E,tabicl@t1,20260911,2011H1,33,24614,195,brier,0.0078083210934294,,,True
2002H2-E,E,tabicl@t1,20260911,2011H1,33,24614,195,brier_miscalibration,0.00020008792395283855,,,True
2002H2-E,E,tabicl@t1,20260911,2011H1,33,24614,195,brier_discrimination,0.00025132429688589936,,,True
2002H2-E,E,tabicl@t1,20260911,2011H1,33,24614,195,brier_uncertainty,0.00785955746636246,,,True
2002H2-E,E,tabicl@t1,20260911,2011H1,33,24614,195,observed_over_expected,0.6620045742256108,0.5726404950911983,0.7612711109792644,True
2002H2-E,E,tabicl@t1,20260911,2011H1,33,24614,195,log_oe,-0.4124828133626401,-0.5574971673881007,-0.2727657283500894,True
2002H2-E,E,tabicl@t1,20260911,2011H1,33,24614,195,cox_intercept,-0.5785000961463298,-0.9608040121416099,-0.19619618015104973,True
2002H2-E,E,tabicl@t1,20260911,2011H1,33,24614,195,cox_slope,0.9585913766032301,0.8558415793798146,1.0613411738266456,True
2002H2-E,E,tabicl@t1,20260911,2011H1,33,24614,195,psi,0.07751937955894196,,,True
2002H2-E,E,tabicl@t1,20260911,2011H1,33,24614,195,psi_critical,0.0010257516819624198,,,True
2002H2-E,E,tabicl@t1,20260911,2011H2,35,24646,119,auc,0.886790856106784,0.8593680879153911,0.9142136242981769,True
2002H2-E,E,tabicl@t1,20260911,2011H2,35,24646,119,gini,0.773581712213568,0.7187361758307822,0.8284272485963537,True
2002H2-E,E,tabicl@t1,20260911,2011H2,35,24646,119,ks,0.6544178889805198,,,True
2002H2-E,E,tabicl@t1,20260911,2011H2,35,24646,119,brier,0.004859445592867281,,,True
2002H2-E,E,tabicl@t1,20260911,2011H2,35,24646,119,brier_miscalibration,0.00019629523443650577,,,True
2002H2-E,E,tabicl@t1,20260911,2011H2,35,24646,119,brier_discrimination,0.00014190620262964724,,,True
2002H2-E,E,tabicl@t1,20260911,2011H2,35,24646,119,brier_uncertainty,0.004805056561060422,,,True
2002H2-E,E,tabicl@t1,20260911,2011H2,35,24646,119,observed_over_expected,0.5291390143920364,0.43852074510974626,0.632892855747664,True
2002H2-E,E,tabicl@t1,20260911,2011H2,35,24646,119,log_oe,-0.6365040945158242,-0.8243481590306887,-0.45745413538646584,True
2002H2-E,E,tabicl@t1,20260911,2011H2,35,24646,119,cox_intercept,-0.5792283802581994,-1.065158498638009,-0.09329826187839002,True
2002H2-E,E,tabicl@t1,20260911,2011H2,35,24646,119,cox_slope,1.0246930304238684,0.8968503127504561,1.1525357480972807,True
2002H2-E,E,tabicl@t1,20260911,2011H2,35,24646,119,psi,0.2291601569834787,,,True
2002H2-E,E,tabicl@t1,20260911,2011H2,35,24646,119,psi_critical,0.0010248592082078211,,,True
2002H2-E,E,tabicl@t1,20260911,2012H1,37,24306,148,auc,0.8711925767973454,0.8482247305994496,0.8941604229952412,True
2002H2-E,E,tabicl@t1,20260911,2012H1,37,24306,148,gini,0.7423851535946908,0.6964494611988992,0.7883208459904825,True
2002H2-E,E,tabicl@t1,20260911,2012H1,37,24306,148,ks,0.6226866820459005,,,True
2002H2-E,E,tabicl@t1,20260911,2012H1,37,24306,148,brier,0.006496857642981231,,,True
2002H2-E,E,tabicl@t1,20260911,2012H1,37,24306,148,brier_miscalibration,0.000596762967512569,,,True
2002H2-E,E,tabicl@t1,20260911,2012H1,37,24306,148,brier_discrimination,0.00015186053459477315,,,True
2002H2-E,E,tabicl@t1,20260911,2012H1,37,24306,148,brier_uncertainty,0.006051955210063435,,,True
2002H2-E,E,tabicl@t1,20260911,2012H1,37,24306,148,observed_over_expected,0.37888781636988483,0.3204501162044225,0.4448461822577852,True
2002H2-E,E,tabicl@t1,20260911,2012H1,37,24306,148,log_oe,-0.970515116740119,-1.1380286584030936,-0.8100267144170142,True
2002H2-E,E,tabicl@t1,20260911,2012H1,37,24306,148,cox_intercept,-1.1606035306417488,-1.5630842222158157,-0.758122839067682,True
2002H2-E,E,tabicl@t1,20260911,2012H1,37,24306,148,cox_slope,0.9562517722047188,0.8357819829607334,1.0767215614487042,True
2002H2-E,E,tabicl@t1,20260911,2012H1,37,24306,148,psi,0.09392731706991314,,,True
2002H2-E,E,tabicl@t1,20260911,2012H1,37,24306,148,psi_critical,0.0010344619023195318,,,True
2002H2-E,E,tabicl@t1,20260911,2012H2,39,24538,131,auc,0.8634162643241191,0.8342387450858522,0.8925937835623861,True
2002H2-E,E,tabicl@t1,20260911,2012H2,39,24538,131,gini,0.7268325286482382,0.6684774901717043,0.7851875671247721,True
2002H2-E,E,tabicl@t1,20260911,2012H2,39,24538,131,ks,0.6128873051999536,,,True
2002H2-E,E,tabicl@t1,20260911,2012H2,39,24538,131,brier,0.005740182786198976,,,True
2002H2-E,E,tabicl@t1,20260911,2012H2,39,24538,131,brier_miscalibration,0.0005521395576243938,,,True
2002H2-E,E,tabicl@t1,20260911,2012H2,39,24538,131,brier_discrimination,0.0001221139052030194,,,True
2002H2-E,E,tabicl@t1,20260911,2012H2,39,24538,131,brier_uncertainty,0.005310157133777601,,,True
2002H2-E,E,tabicl@t1,20260911,2012H2,39,24538,131,observed_over_expected,0.3627636223167741,0.3034326162915172,0.4302554943297974,True
2002H2-E,E,tabicl@t1,20260911,2012H2,39,24538,131,log_oe,-1.0140038350165945,-1.1925957152368727,-0.8433760738853373,True
2002H2-E,E,tabicl@t1,20260911,2012H2,39,24538,131,cox_intercept,-1.2910012151320236,-1.718281073902244,-0.8637213563618031,True
2002H2-E,E,tabicl@t1,20260911,2012H2,39,24538,131,cox_slope,0.9293625498647644,0.8060966060373626,1.0526284936921664,True
2002H2-E,E,tabicl@t1,20260911,2012H2,39,24538,131,psi,0.09093030654314367,,,True
2002H2-E,E,tabicl@t1,20260911,2012H2,39,24538,131,psi_critical,0.0010278806363136351,,,True
2002H2-E,E,tabicl@t1,20260911,2013H1,41,24341,85,auc,0.8507799161881113,0.8165425455599633,0.8850172868162594,False
2002H2-E,E,tabicl@t1,20260911,2013H1,41,24341,85,gini,0.7015598323762227,0.6330850911199266,0.7700345736325187,False
2002H2-E,E,tabicl@t1,20260911,2013H1,41,24341,85,ks,0.5720379675616948,,,False
2002H2-E,E,tabicl@t1,20260911,2013H1,41,24341,85,brier,0.004209123822447935,,,False
2002H2-E,E,tabicl@t1,20260911,2013H1,41,24341,85,brier_miscalibration,0.0008120239938779277,,,False
2002H2-E,E,tabicl@t1,20260911,2013H1,41,24341,85,brier_discrimination,8.27562049439015e-05,,,False
2002H2-E,E,tabicl@t1,20260911,2013H1,41,24341,85,brier_uncertainty,0.0034798560335139086,,,False
2002H2-E,E,tabicl@t1,20260911,2013H1,41,24341,85,observed_over_expected,0.22818914111589644,0.1823297472948822,0.28204281923914093,False
2002H2-E,E,tabicl@t1,20260911,2013H1,41,24341,85,log_oe,-1.4775804276298474,-1.701938432908608,-1.2656963782971935,False
2002H2-E,E,tabicl@t1,20260911,2013H1,41,24341,85,cox_intercept,-1.8969313784640869,-2.4162218665363433,-1.3776408903918307,False
2002H2-E,E,tabicl@t1,20260911,2013H1,41,24341,85,cox_slope,0.8879081221131444,0.7396647497524811,1.0361514944738077,False
2002H2-E,E,tabicl@t1,20260911,2013H1,41,24341,85,psi,0.057747152897581006,,,False
2002H2-E,E,tabicl@t1,20260911,2013H1,41,24341,85,psi_critical,0.0010334610033319,,,False
2002H2-E,E,tabicl@t1,20260911,2013H2,43,23974,142,auc,0.8319938513254755,0.8025680247488723,0.8614196779020787,True
2002H2-E,E,tabicl@t1,20260911,2013H2,43,23974,142,gini,0.6639877026509511,0.6051360494977447,0.7228393558041575,True
2002H2-E,E,tabicl@t1,20260911,2013H2,43,23974,142,ks,0.5035979556425495,,,True
2002H2-E,E,tabicl@t1,20260911,2013H2,43,23974,142,brier,0.006463350832186901,,,True
2002H2-E,E,tabicl@t1,20260911,2013H2,43,23974,142,brier_miscalibration,0.0007133551910119993,,,True
2002H2-E,E,tabicl@t1,20260911,2013H2,43,23974,142,brier_discrimination,0.00013800478285444246,,,True
2002H2-E,E,tabicl@t1,20260911,2013H2,43,23974,142,brier_uncertainty,0.005888000424029344,,,True
2002H2-E,E,tabicl@t1,20260911,2013H2,43,23974,142,observed_over_expected,0.366675535238049,0.3089858059041751,0.43195777852567235,True
2002H2-E,E,tabicl@t1,20260911,2013H2,43,23974,142,log_oe,-1.003277922143425,-1.1744599387246566,-0.8394274304086697,True
2002H2-E,E,tabicl@t1,20260911,2013H2,43,23974,142,cox_intercept,-1.5239773183622363,-1.9438044067158249,-1.1041502300086476,True
2002H2-E,E,tabicl@t1,20260911,2013H2,43,23974,142,cox_slope,0.8542183414645298,0.7377192445241876,0.970717438404872,True
2002H2-E,E,tabicl@t1,20260911,2013H2,43,23974,142,psi,0.015809716384255795,,,True
2002H2-E,E,tabicl@t1,20260911,2013H2,43,23974,142,psi_critical,0.0010441014843782371,,,True
2002H2-E,E,tabicl@t1,20260911,2014H1,45,24341,137,auc,0.8173136309737065,0.784357864185858,0.850269397761555,True
2002H2-E,E,tabicl@t1,20260911,2014H1,45,24341,137,gini,0.6346272619474129,0.5687157283717159,0.7005387955231099,True
2002H2-E,E,tabicl@t1,20260911,2014H1,45,24341,137,ks,0.49616761179608365,,,True
2002H2-E,E,tabicl@t1,20260911,2014H1,45,24341,137,brier,0.006002185893748156,,,True
2002H2-E,E,tabicl@t1,20260911,2014H1,45,24341,137,brier_miscalibration,0.0004877927246594617,,,True
2002H2-E,E,tabicl@t1,20260911,2014H1,45,24341,137,brier_discrimination,8.229201959397345e-05,,,True
2002H2-E,E,tabicl@t1,20260911,2014H1,45,24341,137,brier_uncertainty,0.005596685188682668,,,True
2002H2-E,E,tabicl@t1,20260911,2014H1,45,24341,137,observed_over_expected,0.420826340551647,0.3534639873928143,0.4972302610444282,True
2002H2-E,E,tabicl@t1,20260911,2014H1,45,24341,137,log_oe,-0.8655350231497254,-1.0399736732542564,-0.6987020582764383,True
2002H2-E,E,tabicl@t1,20260911,2014H1,45,24341,137,cox_intercept,-1.4834619067788681,-1.9424544546137001,-1.0244693589440361,True
2002H2-E,E,tabicl@t1,20260911,2014H1,45,24341,137,cox_slope,0.8347066824799745,0.7166689930514958,0.9527443719084532,True
2002H2-E,E,tabicl@t1,20260911,2014H1,45,24341,137,psi,0.027955277554281382,,,True
2002H2-E,E,tabicl@t1,20260911,2014H1,45,24341,137,psi_critical,0.0010334610033319,,,True
2002H2-E,E,tabicl@t1,20260911,2014H2,47,24213,99,auc,0.8135799397307236,0.7752507447875158,0.8519091346739315,False
2002H2-E,E,tabicl@t1,20260911,2014H2,47,24213,99,gini,0.6271598794614472,0.5505014895750315,0.703818269347863,False
2002H2-E,E,tabicl@t1,20260911,2014H2,47,24213,99,ks,0.5025434740538001,,,False
2002H2-E,E,tabicl@t1,20260911,2014H2,47,24213,99,brier,0.00437044516411048,,,False
2002H2-E,E,tabicl@t1,20260911,2014H2,47,24213,99,brier_miscalibration,0.00035558788853269456,,,False
2002H2-E,E,tabicl@t1,20260911,2014H2,47,24213,99,brier_discrimination,5.713782809272511e-05,,,False
2002H2-E,E,tabicl@t1,20260911,2014H2,47,24213,99,brier_uncertainty,0.004071995103670511,,,False
2002H2-E,E,tabicl@t1,20260911,2014H2,47,24213,99,observed_over_expected,0.3602536967780475,0.29290260280736213,0.4384008253963798,False
2002H2-E,E,tabicl@t1,20260911,2014H2,47,24213,99,log_oe,-1.0209467824534284,-1.2279151388534766,-0.8246216606028869,False
2002H2-E,E,tabicl@t1,20260911,2014H2,47,24213,99,cox_intercept,-1.5685658002703171,-2.1458185440152375,-0.9913130565253969,False
2002H2-E,E,tabicl@t1,20260911,2014H2,47,24213,99,cox_slope,0.8617715734131706,0.7185845995343851,1.004958547291956,False
2002H2-E,E,tabicl@t1,20260911,2014H2,47,24213,99,psi,0.045554368717744,,,False
2002H2-E,E,tabicl@t1,20260911,2014H2,47,24213,99,psi_critical,0.0010371354933066512,,,False
2002H2-E,E,tabicl@t1,20260911,2015H1,49,24159,83,auc,0.81961314271874,0.7752284714933062,0.8639978139441737,False
2002H2-E,E,tabicl@t1,20260911,2015H1,49,24159,83,gini,0.63922628543748,0.5504569429866124,0.7279956278883475,False
2002H2-E,E,tabicl@t1,20260911,2015H1,49,24159,83,ks,0.5362326528242893,,,False
2002H2-E,E,tabicl@t1,20260911,2015H1,49,24159,83,brier,0.0035961959458629756,,,False
2002H2-E,E,tabicl@t1,20260911,2015H1,49,24159,83,brier_miscalibration,0.00021226679160181016,,,False
2002H2-E,E,tabicl@t1,20260911,2015H1,49,24159,83,brier_discrimination,3.9840350637720436e-05,,,False
2002H2-E,E,tabicl@t1,20260911,2015H1,49,24159,83,brier_uncertainty,0.003423769504898886,,,False
2002H2-E,E,tabicl@t1,20260911,2015H1,49,24159,83,observed_over_expected,0.36335386591864594,0.28950461296179353,0.45024625364878335,False
2002H2-E,E,tabicl@t1,20260911,2015H1,49,24159,83,log_oe,-1.0123780823210882,-1.239584047858407,-0.797960615563057,False
2002H2-E,E,tabicl@t1,20260911,2015H1,49,24159,83,cox_intercept,-1.2476351899014588,-1.9314825919729306,-0.5637877878299872,False
2002H2-E,E,tabicl@t1,20260911,2015H1,49,24159,83,cox_slope,0.9466324882989818,0.7802270524813408,1.1130379241166228,False
2002H2-E,E,tabicl@t1,20260911,2015H1,49,24159,83,psi,0.08442074617897033,,,False
2002H2-E,E,tabicl@t1,20260911,2015H1,49,24159,83,psi_critical,0.0010386973468943647,,,False
2002H2-E,E,tabicl@t1,20260911,2015H2,51,24159,130,auc,0.802002228076971,0.7681857648950112,0.8358186912589307,True
2002H2-E,E,tabicl@t1,20260911,2015H2,51,24159,130,gini,0.6040044561539419,0.5363715297900224,0.6716373825178614,True
2002H2-E,E,tabicl@t1,20260911,2015H2,51,24159,130,ks,0.4717072639791022,,,True
2002H2-E,E,tabicl@t1,20260911,2015H2,51,24159,130,brier,0.005479783430454815,,,True
2002H2-E,E,tabicl@t1,20260911,2015H2,51,24159,130,brier_miscalibration,0.0001940686553953087,,,True
2002H2-E,E,tabicl@t1,20260911,2015H2,51,24159,130,brier_discrimination,6.634730261720432e-05,,,True
2002H2-E,E,tabicl@t1,20260911,2015H2,51,24159,130,brier_uncertainty,0.005352062077676711,,,True
2002H2-E,E,tabicl@t1,20260911,2015H2,51,24159,130,observed_over_expected,0.5267120123402766,0.4402524763459463,0.625112062930438,True
2002H2-E,E,tabicl@t1,20260911,2015H2,51,24159,130,log_oe,-0.641101345955301,-0.8204069067586172,-0.4698243446294821,True
2002H2-E,E,tabicl@t1,20260911,2015H2,51,24159,130,cox_intercept,-1.1245861011147684,-1.6967361090612854,-0.5524360931682514,True
2002H2-E,E,tabicl@t1,20260911,2015H2,51,24159,130,cox_slope,0.8809129702857836,0.7433741287567636,1.0184518118148038,True
2002H2-E,E,tabicl@t1,20260911,2015H2,51,24159,130,psi,0.05649264919423485,,,True
2002H2-E,E,tabicl@t1,20260911,2015H2,51,24159,130,psi_critical,0.0010386973468943647,,,True
2002H2-E,E,tabicl@t1,20260911,2016H1,53,24632,115,auc,0.7964494911250578,0.7509886923937917,0.8419102898563239,True
2002H2-E,E,tabicl@t1,20260911,2016H1,53,24632,115,gini,0.5928989822501156,0.5019773847875835,0.6838205797126478,True
2002H2-E,E,tabicl@t1,20260911,2016H1,53,24632,115,ks,0.5046886721015231,,,True
2002H2-E,E,tabicl@t1,20260911,2016H1,53,24632,115,brier,0.004751060883397882,,,True
2002H2-E,E,tabicl@t1,20260911,2016H1,53,24632,115,brier_miscalibration,0.0001675819149302947,,,True
2002H2-E,E,tabicl@t1,20260911,2016H1,53,24632,115,brier_discrimination,6.344766293344978e-05,,,True
2002H2-E,E,tabicl@t1,20260911,2016H1,53,24632,115,brier_uncertainty,0.004646926631401037,,,True
2002H2-E,E,tabicl@t1,20260911,2016H1,53,24632,115,observed_over_expected,0.4705916609132746,0.3886721819010961,0.5646096180587012,True
2002H2-E,E,tabicl@t1,20260911,2016H1,53,24632,115,log_oe,-0.7537645229621667,-0.9450190107004467,-0.5716207281347999,True
2002H2-E,E,tabicl@t1,20260911,2016H1,53,24632,115,cox_intercept,-1.1103242328393734,-1.7328900490665782,-0.48775841661216857,True
2002H2-E,E,tabicl@t1,20260911,2016H1,53,24632,115,cox_slope,0.9142694071826655,0.7642187172432177,1.0643200971221134,True
2002H2-E,E,tabicl@t1,20260911,2016H1,53,24632,115,psi,0.06353452849141722,,,True
2002H2-E,E,tabicl@t1,20260911,2016H1,53,24632,115,psi_critical,0.0010252493801461782,,,True
2002H2-E,E,tabicl@t1,20260911,2016H2,55,24760,121,auc,0.7650674080834691,0.7245136795706913,0.8056211365962468,True
2002H2-E,E,tabicl@t1,20260911,2016H2,55,24760,121,gini,0.5301348161669381,0.4490273591413827,0.6112422731924936,True
2002H2-E,E,tabicl@t1,20260911,2016H2,55,24760,121,ks,0.4491978215011544,,,True
2002H2-E,E,tabicl@t1,20260911,2016H2,55,24760,121,brier,0.004975927999914913,,,True
2002H2-E,E,tabicl@t1,20260911,2016H2,55,24760,121,brier_miscalibration,0.0001595704993367711,,,True
2002H2-E,E,tabicl@t1,20260911,2016H2,55,24760,121,brier_discrimination,4.6674945312749974e-05,,,True
2002H2-E,E,tabicl@t1,20260911,2016H2,55,24760,121,brier_uncertainty,0.004863032445890892,,,True
2002H2-E,E,tabicl@t1,20260911,2016H2,55,24760,121,observed_over_expected,0.5262752164083043,0.4368623012175134,0.6285320414120982,True
2002H2-E,E,tabicl@t1,20260911,2016H2,55,24760,121,log_oe,-0.6419309779681127,-0.828137233729799,-0.46436827148424853,True
2002H2-E,E,tabicl@t1,20260911,2016H2,55,24760,121,cox_intercept,-1.66347078458902,-2.2998392992649763,-1.0271022699130636,True
2002H2-E,E,tabicl@t1,20260911,2016H2,55,24760,121,cox_slope,0.7538737858217176,0.6103837461431433,0.8973638255002919,True
2002H2-E,E,tabicl@t1,20260911,2016H2,55,24760,121,psi,0.08028508161057918,,,True
2002H2-E,E,tabicl@t1,20260911,2016H2,55,24760,121,psi_critical,0.0010216985183533317,,,True
2002H2-E,E,tabicl@t1,20260911,2017H1,57,24541,162,auc,0.7721724931242685,0.7420217578942784,0.8023232283542586,True
2002H2-E,E,tabicl@t1,20260911,2017H1,57,24541,162,gini,0.544344986248537,0.48404351578855676,0.6046464567085172,True
2002H2-E,E,tabicl@t1,20260911,2017H1,57,24541,162,ks,0.41263149472400606,,,True
2002H2-E,E,tabicl@t1,20260911,2017H1,57,24541,162,brier,0.006696331804939639,,,True
2002H2-E,E,tabicl@t1,20260911,2017H1,57,24541,162,brier_miscalibration,0.00020380750551141167,,,True
2002H2-E,E,tabicl@t1,20260911,2017H1,57,24541,162,brier_discrimination,6.509788079176945e-05,,,True
2002H2-E,E,tabicl@t1,20260911,2017H1,57,24541,162,brier_uncertainty,0.006557622180219997,,,True
2002H2-E,E,tabicl@t1,20260911,2017H1,57,24541,162,observed_over_expected,0.5766124966021896,0.4914686173303431,0.6721896489807943,True
2002H2-E,E,tabicl@t1,20260911,2017H1,57,24541,162,log_oe,-0.550584821098729,-0.7103571922364293,-0.39721476252913057,True
2002H2-E,E,tabicl@t1,20260911,2017H1,57,24541,162,cox_intercept,-1.4146706211959847,-1.9401153839909715,-0.889225858400998,True
2002H2-E,E,tabicl@t1,20260911,2017H1,57,24541,162,cox_slope,0.7809556057330134,0.6557989663880184,0.9061122450780084,True
2002H2-E,E,tabicl@t1,20260911,2017H1,57,24541,162,psi,0.03669766087822932,,,True
2002H2-E,E,tabicl@t1,20260911,2017H1,57,24541,162,psi_critical,0.0010277963486622491,,,True
2002H2-E,E,tabicl@t1,20260911,2017H2,59,24680,143,auc,0.7930319873711487,0.7604862875262357,0.8255776872160616,True
2002H2-E,E,tabicl@t1,20260911,2017H2,59,24680,143,gini,0.5860639747422973,0.5209725750524714,0.6511553744321232,True
2002H2-E,E,tabicl@t1,20260911,2017H2,59,24680,143,ks,0.48104147553958043,,,True
2002H2-E,E,tabicl@t1,20260911,2017H2,59,24680,143,brier,0.005881556173794871,,,True
2002H2-E,E,tabicl@t1,20260911,2017H2,59,24680,143,brier_miscalibration,0.00025267150795939795,,,True
2002H2-E,E,tabicl@t1,20260911,2017H2,59,24680,143,brier_discrimination,0.00013170829850024483,,,True
2002H2-E,E,tabicl@t1,20260911,2017H2,59,24680,143,brier_uncertainty,0.005760592964335718,,,True
2002H2-E,E,tabicl@t1,20260911,2017H2,59,24680,143,observed_over_expected,0.5017214545914366,0.42304524502028135,0.5907155542933432,True
2002H2-E,E,tabicl@t1,20260911,2017H2,59,24680,143,log_oe,-0.6897101846202737,-0.8602761434330224,-0.5264206730478891,True
2002H2-E,E,tabicl@t1,20260911,2017H2,59,24680,143,cox_intercept,-1.251963133184366,-1.8072836805253059,-0.6966425858434259,True
2002H2-E,E,tabicl@t1,20260911,2017H2,59,24680,143,cox_slope,0.8576545555612142,0.721440974223521,0.9938681368989073,True
2002H2-E,E,tabicl@t1,20260911,2017H2,59,24680,143,psi,0.03340242649452576,,,True
2002H2-E,E,tabicl@t1,20260911,2017H2,59,24680,143,psi_critical,0.0010239134906912927,,,True
2002H2-E,E,tabicl@t1,20260911,2018H1,61,24416,148,auc,0.7499567053042824,0.7111623660048341,0.7887510446037307,True
2002H2-E,E,tabicl@t1,20260911,2018H1,61,24416,148,gini,0.49991341060856476,0.42232473200966814,0.5775020892074614,True
2002H2-E,E,tabicl@t1,20260911,2018H1,61,24416,148,ks,0.3842898444843392,,,True
2002H2-E,E,tabicl@t1,20260911,2018H1,61,24416,148,brier,0.006211412217316747,,,True
2002H2-E,E,tabicl@t1,20260911,2018H1,61,24416,148,brier_miscalibration,0.0002416085127323296,,,True
2002H2-E,E,tabicl@t1,20260911,2018H1,61,24416,148,brier_discrimination,5.505226507387679e-05,,,True
2002H2-E,E,tabicl@t1,20260911,2018H1,61,24416,148,brier_uncertainty,0.006024855969658295,,,True
2002H2-E,E,tabicl@t1,20260911,2018H1,61,24416,148,observed_over_expected,0.5057389651968112,0.4277355285911656,0.5937815332126855,True
2002H2-E,E,tabicl@t1,20260911,2018H1,61,24416,148,log_oe,-0.6817346218637396,-0.8492501982463845,-0.5212438164747628,True
2002H2-E,E,tabicl@t1,20260911,2018H1,61,24416,148,cox_intercept,-1.7227909572129052,-2.2746099622670712,-1.1709719521587392,True
2002H2-E,E,tabicl@t1,20260911,2018H1,61,24416,148,cox_slope,0.7346666878360354,0.603697096541782,0.8656362791302887,True
2002H2-E,E,tabicl@t1,20260911,2018H1,61,24416,148,psi,0.030797970591256885,,,True
2002H2-E,E,tabicl@t1,20260911,2018H1,61,24416,148,psi_critical,0.0010313258825568768,,,True
2002H2-E,E,tabicl@t1,20260911,2018H2,63,24543,146,auc,0.7548946339124336,0.7178376534612181,0.7919516143636491,True
2002H2-E,E,tabicl@t1,20260911,2018H2,63,24543,146,gini,0.5097892678248672,0.43567530692243617,0.5839032287272983,True
2002H2-E,E,tabicl@t1,20260911,2018H2,63,24543,146,ks,0.4268060692393686,,,True
2002H2-E,E,tabicl@t1,20260911,2018H2,63,24543,146,brier,0.006161278927753846,,,True
2002H2-E,E,tabicl@t1,20260911,2018H2,63,24543,146,brier_miscalibration,0.00028774716849512896,,,True
2002H2-E,E,tabicl@t1,20260911,2018H2,63,24543,146,brier_discrimination,3.982371964452412e-05,,,True
2002H2-E,E,tabicl@t1,20260911,2018H2,63,24543,146,brier_uncertainty,0.005913355478903241,,,True
2002H2-E,E,tabicl@t1,20260911,2018H2,63,24543,146,observed_over_expected,0.48411194936500335,0.4089526239886887,0.5690167156436725,True
2002H2-E,E,tabicl@t1,20260911,2018H2,63,24543,146,log_oe,-0.725439098670389,-0.8941559634170717,-0.5638454680576556,True
2002H2-E,E,tabicl@t1,20260911,2018H2,63,24543,146,cox_intercept,-1.8720868264549455,-2.4368282729178414,-1.3073453799920494,True
2002H2-E,E,tabicl@t1,20260911,2018H2,63,24543,146,cox_slope,0.7079708159274805,0.5744882067129273,0.8414534251420336,True
2002H2-E,E,tabicl@t1,20260911,2018H2,63,24543,146,psi,0.03491185326398996,,,True
2002H2-E,E,tabicl@t1,20260911,2018H2,63,24543,146,psi_critical,0.0010277401683422744,,,True
2002H2-E,E,tabicl@t1,20260911,2019H1,65,24752,110,auc,0.7020179885044748,0.6523110010118686,0.7517249759970811,True
2002H2-E,E,tabicl@t1,20260911,2019H1,65,24752,110,gini,0.40403597700894966,0.3046220020237371,0.5034499519941622,True
2002H2-E,E,tabicl@t1,20260911,2019H1,65,24752,110,ks,0.336184341589747,,,True
2002H2-E,E,tabicl@t1,20260911,2019H1,65,24752,110,brier,0.004667648121745175,,,True
2002H2-E,E,tabicl@t1,20260911,2019H1,65,24752,110,brier_miscalibration,0.0003074337223843886,,,True
2002H2-E,E,tabicl@t1,20260911,2019H1,65,24752,110,brier_discrimination,6.412103268881725e-05,,,True
2002H2-E,E,tabicl@t1,20260911,2019H1,65,24752,110,brier_uncertainty,0.004424335432049603,,,True
2002H2-E,E,tabicl@t1,20260911,2019H1,65,24752,110,observed_over_expected,0.3802603125622839,0.3126452776699777,0.45810730011189804,True
2002H2-E,E,tabicl@t1,20260911,2019H1,65,24752,110,log_oe,-0.9668992277311094,-1.1626860292889523,-0.7806518425868588,True
2002H2-E,E,tabicl@t1,20260911,2019H1,65,24752,110,cox_intercept,-2.5651006939944563,-3.242985470905336,-1.8872159170835763,True
2002H2-E,E,tabicl@t1,20260911,2019H1,65,24752,110,cox_slope,0.6045361617527505,0.45148357226080404,0.7575887512446969,True
2002H2-E,E,tabicl@t1,20260911,2019H1,65,24752,110,psi,0.048178980614514436,,,True
2002H2-E,E,tabicl@t1,20260911,2019H1,65,24752,110,psi_critical,0.0010219193712836035,,,True
2002H2-E,E,tabicl@t1,20260911,2019H2,67,24861,136,auc,0.6675744959257718,0.6215054651767851,0.7136435266747585,True
2002H2-E,E,tabicl@t1,20260911,2019H2,67,24861,136,gini,0.33514899185154357,0.24301093035357013,0.427287053349517,True
2002H2-E,E,tabicl@t1,20260911,2019H2,67,24861,136,ks,0.2665375007434723,,,True
2002H2-E,E,tabicl@t1,20260911,2019H2,67,24861,136,brier,0.0056275894937237985,,,True
2002H2-E,E,tabicl@t1,20260911,2019H2,67,24861,136,brier_miscalibration,0.0002029828893208097,,,True
2002H2-E,E,tabicl@t1,20260911,2019H2,67,24861,136,brier_discrimination,1.5883459979287688e-05,,,True
2002H2-E,E,tabicl@t1,20260911,2019H2,67,24861,136,brier_uncertainty,0.0054404900643822765,,,True
2002H2-E,E,tabicl@t1,20260911,2019H2,67,24861,136,observed_over_expected,0.5528007396075852,0.46399694365746635,0.6535739557153798,True
2002H2-E,E,tabicl@t1,20260911,2019H2,67,24861,136,log_oe,-0.5927576685997867,-0.7678773137226914,-0.4252995836669635,True
2002H2-E,E,tabicl@t1,20260911,2019H2,67,24861,136,cox_intercept,-2.841965938483818,-3.5048200738394533,-2.1791118031281824,True
2002H2-E,E,tabicl@t1,20260911,2019H2,67,24861,136,cox_slope,0.4749309564354475,0.3361903984384531,0.613671514432442,True
2002H2-E,E,tabicl@t1,20260911,2019H2,67,24861,136,psi,0.06533702753197815,,,True
2002H2-E,E,tabicl@t1,20260911,2019H2,67,24861,136,psi_critical,0.0010189224749281938,,,True
2002H2-E,E,tabicl@t1,20260911,2020H1,69,24880,111,auc,0.663899476205181,0.611083919198796,0.7167150332115659,True
2002H2-E,E,tabicl@t1,20260911,2020H1,69,24880,111,gini,0.32779895241036194,0.22216783839759202,0.43343006642313187,True
2002H2-E,E,tabicl@t1,20260911,2020H1,69,24880,111,ks,0.2647238865495557,,,True
2002H2-E,E,tabicl@t1,20260911,2020H1,69,24880,111,brier,0.00456098342225479,,,True
2002H2-E,E,tabicl@t1,20260911,2020H1,69,24880,111,brier_miscalibration,0.00013144320018408477,,,True
2002H2-E,E,tabicl@t1,20260911,2020H1,69,24880,111,brier_discrimination,1.1970346988754606e-05,,,True
2002H2-E,E,tabicl@t1,20260911,2020H1,69,24880,111,brier_uncertainty,0.00444151056905946,,,True
2002H2-E,E,tabicl@t1,20260911,2020H1,69,24880,111,observed_over_expected,0.5568629050843855,0.458271417695591,0.6703007866877374,True
2002H2-E,E,tabicl@t1,20260911,2020H1,69,24880,111,log_oe,-0.585436200257782,-0.7802936553390356,-0.40002873198362,True
2002H2-E,E,tabicl@t1,20260911,2020H1,69,24880,111,cox_intercept,-2.982598339030618,-3.7421831894830935,-2.2230134885781427,True
2002H2-E,E,tabicl@t1,20260911,2020H1,69,24880,111,cox_slope,0.4663075753131131,0.31443142228258314,0.6181837283436431,True
2002H2-E,E,tabicl@t1,20260911,2020H1,69,24880,111,psi,0.13543833341744443,,,True
2002H2-E,E,tabicl@t1,20260911,2020H1,69,24880,111,psi_critical,0.001018402767712202,,,True
2002H2-E,E,tabicl@t1,20260911,2020H2,71,24919,71,auc,0.663787659958463,0.5971987638417962,0.7303765560751299,False
2002H2-E,E,tabicl@t1,20260911,2020H2,71,24919,71,gini,0.327575319916926,0.1943975276835923,0.4607531121502597,False
2002H2-E,E,tabicl@t1,20260911,2020H2,71,24919,71,ks,0.2835589681035343,,,False
2002H2-E,E,tabicl@t1,20260911,2020H2,71,24919,71,brier,0.0029418907910688293,,,False
2002H2-E,E,tabicl@t1,20260911,2020H2,71,24919,71,brier_miscalibration,0.0001060314970855185,,,False
2002H2-E,E,tabicl@t1,20260911,2020H2,71,24919,71,brier_discrimination,5.254095911284232e-06,,,False
2002H2-E,E,tabicl@t1,20260911,2020H2,71,24919,71,brier_uncertainty,0.002841113389894595,,,False
2002H2-E,E,tabicl@t1,20260911,2020H2,71,24919,71,observed_over_expected,0.42384429630483905,0.33112263286849547,0.5344227575129421,False
2002H2-E,E,tabicl@t1,20260911,2020H2,71,24919,71,log_oe,-0.8583891168901815,-1.1052664801704712,-0.6265680724999899,False
2002H2-E,E,tabicl@t1,20260911,2020H2,71,24919,71,cox_intercept,-3.332541470585599,-4.3111807930528085,-2.353902148118389,False
2002H2-E,E,tabicl@t1,20260911,2020H2,71,24919,71,cox_slope,0.4695815626130084,0.28028618704966024,0.6588769381763565,False
2002H2-E,E,tabicl@t1,20260911,2020H2,71,24919,71,psi,0.24103280217140935,,,False
2002H2-E,E,tabicl@t1,20260911,2020H2,71,24919,71,psi_critical,0.001017338483214061,,,False
2002H2-E,E,tabicl@t1,20260911,2021H1,73,24909,90,auc,0.7425502862949982,0.6908272273855823,0.7942733452044141,False
2002H2-E,E,tabicl@t1,20260911,2021H1,73,24909,90,gini,0.4851005725899964,0.38165445477116466,0.5885466904088281,False
2002H2-E,E,tabicl@t1,20260911,2021H1,73,24909,90,ks,0.4064251850061109,,,False
2002H2-E,E,tabicl@t1,20260911,2021H1,73,24909,90,brier,0.0036912407843399924,,,False
2002H2-E,E,tabicl@t1,20260911,2021H1,73,24909,90,brier_miscalibration,0.00010962869085601266,,,False
2002H2-E,E,tabicl@t1,20260911,2021H1,73,24909,90,brier_discrimination,1.8484912877032682e-05,,,False
2002H2-E,E,tabicl@t1,20260911,2021H1,73,24909,90,brier_uncertainty,0.0036000970063610124,,,False
2002H2-E,E,tabicl@t1,20260911,2021H1,73,24909,90,observed_over_expected,0.46079875986215235,0.3706604475547153,0.5661652709632936,False
2002H2-E,E,tabicl@t1,20260911,2021H1,73,24909,90,log_oe,-0.7747938608754478,-0.9924688711601992,-0.5688692452337589,False
2002H2-E,E,tabicl@t1,20260911,2021H1,73,24909,90,cox_intercept,-1.9833749545508095,-2.7787708771939967,-1.1879790319076222,False
2002H2-E,E,tabicl@t1,20260911,2021H1,73,24909,90,cox_slope,0.7222078804331886,0.5510902282859217,0.8933255325804556,False
2002H2-E,E,tabicl@t1,20260911,2021H1,73,24909,90,psi,0.1459288927272135,,,False
2002H2-E,E,tabicl@t1,20260911,2021H1,73,24909,90,psi_critical,0.0010176110589622332,,,False
2002H2-E,E,tabicl@t1,20260911,2021H2,75,24929,136,auc,0.7311618139370458,0.6908767999764563,0.7714468278976353,True
2002H2-E,E,tabicl@t1,20260911,2021H2,75,24929,136,gini,0.46232362787409165,0.3817535999529127,0.5428936557952706,True
2002H2-E,E,tabicl@t1,20260911,2021H2,75,24929,136,ks,0.3586306381545075,,,True
2002H2-E,E,tabicl@t1,20260911,2021H2,75,24929,136,brier,0.0055091678120189535,,,True
2002H2-E,E,tabicl@t1,20260911,2021H2,75,24929,136,brier_miscalibration,0.00011245121691736033,,,True
2002H2-E,E,tabicl@t1,20260911,2021H2,75,24929,136,brier_discrimination,2.901459628800243e-05,,,True
2002H2-E,E,tabicl@t1,20260911,2021H2,75,24929,136,brier_uncertainty,0.005425731191389596,,,True
2002H2-E,E,tabicl@t1,20260911,2021H2,75,24929,136,observed_over_expected,0.597379350525581,0.5014137180167817,0.7062800233365101,True
2002H2-E,E,tabicl@t1,20260911,2021H2,75,24929,136,log_oe,-0.5152029393723869,-0.690323734205039,-0.34774348650609754,True
2002H2-E,E,tabicl@t1,20260911,2021H2,75,24929,136,cox_intercept,-1.8752606735761512,-2.529462486074649,-1.2210588610776534,True
2002H2-E,E,tabicl@t1,20260911,2021H2,75,24929,136,cox_slope,0.67919622154569,0.5358164494359839,0.8225759936553961,True
2002H2-E,E,tabicl@t1,20260911,2021H2,75,24929,136,psi,0.07190935384236576,,,True
2002H2-E,E,tabicl@t1,20260911,2021H2,75,24929,136,psi_critical,0.0010170661261475434,,,True
2002H2-E,E,tabicl@t1,20260911,2022H1,77,24889,291,auc,0.7709027834241267,0.7473301698246905,0.7944753970235628,True
2002H2-E,E,tabicl@t1,20260911,2022H1,77,24889,291,gini,0.5418055668482533,0.49466033964938094,0.5889507940471257,True
2002H2-E,E,tabicl@t1,20260911,2022H1,77,24889,291,ks,0.4432551021805198,,,True
2002H2-E,E,tabicl@t1,20260911,2022H1,77,24889,291,brier,0.011467637871660824,,,True
2002H2-E,E,tabicl@t1,20260911,2022H1,77,24889,291,brier_miscalibration,8.135707148845296e-05,,,True
2002H2-E,E,tabicl@t1,20260911,2022H1,77,24889,291,brier_discrimination,0.00016893048119303797,,,True
2002H2-E,E,tabicl@t1,20260911,2022H1,77,24889,291,brier_uncertainty,0.01155521128136541,,,True
2002H2-E,E,tabicl@t1,20260911,2022H1,77,24889,291,observed_over_expected,1.0806523183341554,0.9606536711248815,1.2113549960139744,True
2002H2-E,E,tabicl@t1,20260911,2022H1,77,24889,291,log_oe,0.07756485726002708,-0.04014131881078492,0.19173956448166193,True
2002H2-E,E,tabicl@t1,20260911,2022H1,77,24889,291,cox_intercept,-0.6182920994682,-1.0640513783513912,-0.17253282058500874,True
2002H2-E,E,tabicl@t1,20260911,2022H1,77,24889,291,cox_slope,0.8253553484229029,0.7203306651543768,0.930380031691429,True
2002H2-E,E,tabicl@t1,20260911,2022H1,77,24889,291,psi,0.04706006437285199,,,True
2002H2-E,E,tabicl@t1,20260911,2022H1,77,24889,291,psi_critical,0.0010181568675578937,,,True
2002H2-E,E,tabicl@t1,20260911,2022H2,79,24859,373,auc,0.7648003268924914,0.7425242784433035,0.7870763753416794,True
2002H2-E,E,tabicl@t1,20260911,2022H2,79,24859,373,gini,0.5296006537849829,0.485048556886607,0.5741527506833588,True
2002H2-E,E,tabicl@t1,20260911,2022H2,79,24859,373,ks,0.43591643657403184,,,True
2002H2-E,E,tabicl@t1,20260911,2022H2,79,24859,373,brier,0.014630415443696549,,,True
2002H2-E,E,tabicl@t1,20260911,2022H2,79,24859,373,brier_miscalibration,0.00010203860745800104,,,True
2002H2-E,E,tabicl@t1,20260911,2022H2,79,24859,373,brier_discrimination,0.00025111045078021754,,,True
2002H2-E,E,tabicl@t1,20260911,2022H2,79,24859,373,brier_uncertainty,0.014779487287018766,,,True
2002H2-E,E,tabicl@t1,20260911,2022H2,79,24859,373,observed_over_expected,1.3708460215615357,1.2361370594527687,1.516053150090174,True
2002H2-E,E,tabicl@t1,20260911,2022H2,79,24859,373,log_oe,0.3154280832309058,0.21199124241260395,0.4161103460318487,True
2002H2-E,E,tabicl@t1,20260911,2022H2,79,24859,373,cox_intercept,-0.4122352182712602,-0.8051522052661614,-0.01931823127635901,True
2002H2-E,E,tabicl@t1,20260911,2022H2,79,24859,373,cox_slope,0.8154860266787481,0.7233644447345854,0.9076076086229109,True
2002H2-E,E,tabicl@t1,20260911,2022H2,79,24859,373,psi,0.07347149915284258,,,True
2002H2-E,E,tabicl@t1,20260911,2022H2,79,24859,373,psi_critical,0.0010189772271646342,,,True
2002H2-E,E,tabicl@t1,20260911,2023H1,81,24882,381,auc,0.7864825486259546,0.7669230071313519,0.8060420901205573,True
2002H2-E,E,tabicl@t1,20260911,2023H1,81,24882,381,gini,0.5729650972519091,0.5338460142627037,0.6120841802411146,True
2002H2-E,E,tabicl@t1,20260911,2023H1,81,24882,381,ks,0.450903980457812,,,True
2002H2-E,E,tabicl@t1,20260911,2023H1,81,24882,381,brier,0.014942554225863955,,,True
2002H2-E,E,tabicl@t1,20260911,2023H1,81,24882,381,brier_miscalibration,0.00016334799753137293,,,True
2002H2-E,E,tabicl@t1,20260911,2023H1,81,24882,381,brier_discrimination,0.0002986019716328895,,,True
2002H2-E,E,tabicl@t1,20260911,2023H1,81,24882,381,brier_uncertainty,0.015077808199965471,,,True
2002H2-E,E,tabicl@t1,20260911,2023H1,81,24882,381,observed_over_expected,1.4112312126890754,1.2739996474497797,1.5590347029461433,True
2002H2-E,E,tabicl@t1,20260911,2023H1,81,24882,381,log_oe,0.3444625238610232,0.2421612804229158,0.44406684957526077,True
2002H2-E,E,tabicl@t1,20260911,2023H1,81,24882,381,cox_intercept,-0.32740024042700705,-0.6949468083180645,0.0401463274640505,True
2002H2-E,E,tabicl@t1,20260911,2023H1,81,24882,381,cox_slope,0.8270370740026268,0.7405658415542049,0.9135083064510487,True
2002H2-E,E,tabicl@t1,20260911,2023H1,81,24882,381,psi,0.07274444593425061,,,True
2002H2-E,E,tabicl@t1,20260911,2023H1,81,24882,381,psi_critical,0.001018348107860452,,,True
2002H2-E,E,tabicl@t1,20260911,2023H2,83,24866,363,auc,0.7772165189420219,0.7559668380336401,0.7984661998504038,True
2002H2-E,E,tabicl@t1,20260911,2023H2,83,24866,363,gini,0.5544330378840439,0.5119336760672801,0.5969323997008076,True
2002H2-E,E,tabicl@t1,20260911,2023H2,83,24866,363,ks,0.4336557878053724,,,True
2002H2-E,E,tabicl@t1,20260911,2023H2,83,24866,363,brier,0.014190336767664338,,,True
2002H2-E,E,tabicl@t1,20260911,2023H2,83,24866,363,brier_miscalibration,0.00010287170483979681,,,True
2002H2-E,E,tabicl@t1,20260911,2023H2,83,24866,363,brier_discrimination,0.0002976727351144872,,,True
2002H2-E,E,tabicl@t1,20260911,2023H2,83,24866,363,brier_uncertainty,0.014385137797939028,,,True
2002H2-E,E,tabicl@t1,20260911,2023H2,83,24866,363,observed_over_expected,1.464628489258509,1.3187588944133415,1.6220357550675775,True
2002H2-E,E,tabicl@t1,20260911,2023H2,83,24866,363,log_oe,0.38160161935958553,0.27669106279833217,0.4836819992650425,True
2002H2-E,E,tabicl@t1,20260911,2023H2,83,24866,363,cox_intercept,-0.22837555800731946,-0.6178019678449835,0.16105085183034468,True
2002H2-E,E,tabicl@t1,20260911,2023H2,83,24866,363,cox_slope,0.8459165803263429,0.7556417509406607,0.9361914097120251,True
2002H2-E,E,tabicl@t1,20260911,2023H2,83,24866,363,psi,0.07810710887077865,,,True
2002H2-E,E,tabicl@t1,20260911,2023H2,83,24866,363,psi_critical,0.0010187856328701958,,,True
2002H2-E,E,tabicl@t1,20260912,2003H1,1,24276,72,auc,0.8754427068987679,0.8344097752221773,0.9164756385753585,False
2002H2-E,E,tabicl@t1,20260912,2003H1,1,24276,72,gini,0.7508854137975358,0.6688195504443546,0.832951277150717,False
2002H2-E,E,tabicl@t1,20260912,2003H1,1,24276,72,ks,0.6395499366495896,,,False
2002H2-E,E,tabicl@t1,20260912,2003H1,1,24276,72,brier,0.002986620262366446,,,False
2002H2-E,E,tabicl@t1,20260912,2003H1,1,24276,72,brier_miscalibration,0.00013166180325381019,,,False
2002H2-E,E,tabicl@t1,20260912,2003H1,1,24276,72,brier_discrimination,0.00010213726336116965,,,False
2002H2-E,E,tabicl@t1,20260912,2003H1,1,24276,72,brier_uncertainty,0.0029570957224738055,,,False
2002H2-E,E,tabicl@t1,20260912,2003H1,1,24276,72,observed_over_expected,0.3742444328537334,0.29291174847160756,0.47111759098441874,False
2002H2-E,E,tabicl@t1,20260912,2003H1,1,24276,72,log_oe,-0.9828461312673666,-1.2278839150904322,-0.7526475537388859,False
2002H2-E,E,tabicl@t1,20260912,2003H1,1,24276,72,cox_intercept,-0.2634455746428185,-1.0210512452548843,0.4941600959692475,False
2002H2-E,E,tabicl@t1,20260912,2003H1,1,24276,72,cox_slope,1.1959790913280937,0.9983928448822068,1.3935653377739805,False
2002H2-E,E,tabicl@t1,20260912,2003H1,1,24276,72,psi,0.1367660077280858,,,False
2002H2-E,E,tabicl@t1,20260912,2003H1,1,24276,72,psi_critical,0.0010353221128363722,,,False
2002H2-E,E,tabicl@t1,20260912,2003H2,3,24205,139,auc,0.8437437036160153,0.8107146775334002,0.8767727296986303,True
2002H2-E,E,tabicl@t1,20260912,2003H2,3,24205,139,gini,0.6874874072320305,0.6214293550668004,0.7535454593972606,True
2002H2-E,E,tabicl@t1,20260912,2003H2,3,24205,139,ks,0.5626039183611974,,,True
2002H2-E,E,tabicl@t1,20260912,2003H2,3,24205,139,brier,0.005627589306950084,,,True
2002H2-E,E,tabicl@t1,20260912,2003H2,3,24205,139,brier_miscalibration,8.5648185207776e-05,,,True
2002H2-E,E,tabicl@t1,20260912,2003H2,3,24205,139,brier_discrimination,0.00016769641151364104,,,True
2002H2-E,E,tabicl@t1,20260912,2003H2,3,24205,139,brier_uncertainty,0.005709637533255949,,,True
2002H2-E,E,tabicl@t1,20260912,2003H2,3,24205,139,observed_over_expected,0.5577562097750964,0.46909594774250013,0.6582225351652154,True
2002H2-E,E,tabicl@t1,20260912,2003H2,3,24205,139,log_oe,-0.5838333121140885,-0.7569479520510554,-0.41821220549409216,True
2002H2-E,E,tabicl@t1,20260912,2003H2,3,24205,139,cox_intercept,-0.19940078649789897,-0.7664947456092711,0.36769317261347323,True
2002H2-E,E,tabicl@t1,20260912,2003H2,3,24205,139,cox_slope,1.1090478387886757,0.95940274181805,1.2586929357593015,True
2002H2-E,E,tabicl@t1,20260912,2003H2,3,24205,139,psi,0.024565396609983744,,,True
2002H2-E,E,tabicl@t1,20260912,2003H2,3,24205,139,psi_critical,0.001037366439290114,,,True
2002H2-E,E,tabicl@t1,20260912,2004H1,5,24219,181,auc,0.8304564044314733,0.8008080050851301,0.8601048037778165,True
2002H2-E,E,tabicl@t1,20260912,2004H1,5,24219,181,gini,0.6609128088629466,0.6016160101702601,0.720209607555633,True
2002H2-E,E,tabicl@t1,20260912,2004H1,5,24219,181,ks,0.5436309636813534,,,True
2002H2-E,E,tabicl@t1,20260912,2004H1,5,24219,181,brier,0.007332840683387802,,,True
2002H2-E,E,tabicl@t1,20260912,2004H1,5,24219,181,brier_miscalibration,8.379945198039394e-05,,,True
2002H2-E,E,tabicl@t1,20260912,2004H1,5,24219,181,brier_discrimination,0.0001685772377809456,,,True
2002H2-E,E,tabicl@t1,20260912,2004H1,5,24219,181,brier_uncertainty,0.007417618469188354,,,True
2002H2-E,E,tabicl@t1,20260912,2004H1,5,24219,181,observed_over_expected,0.65704840525617,0.5650961424066082,0.759608124220726,True
2002H2-E,E,tabicl@t1,20260912,2004H1,5,24219,181,log_oe,-0.4199975870224882,-0.5707593987603521,-0.27495260470793403,True
2002H2-E,E,tabicl@t1,20260912,2004H1,5,24219,181,cox_intercept,-0.3709826127070062,-0.8717283913247691,0.1297631659107567,True
2002H2-E,E,tabicl@t1,20260912,2004H1,5,24219,181,cox_slope,1.0171888550180048,0.8866457344849039,1.1477319755511057,True
2002H2-E,E,tabicl@t1,20260912,2004H1,5,24219,181,psi,0.009855523983901306,,,True
2002H2-E,E,tabicl@t1,20260912,2004H1,5,24219,181,psi_critical,0.0010369623839442791,,,True
2002H2-E,E,tabicl@t1,20260912,2004H2,7,24090,202,auc,0.8247275445478239,0.800794049590639,0.8486610395050088,True
2002H2-E,E,tabicl@t1,20260912,2004H2,7,24090,202,gini,0.6494550890956479,0.6015880991812781,0.6973220790100176,True
2002H2-E,E,tabicl@t1,20260912,2004H2,7,24090,202,ks,0.5129838586671795,,,True
2002H2-E,E,tabicl@t1,20260912,2004H2,7,24090,202,brier,0.008275950778914456,,,True
2002H2-E,E,tabicl@t1,20260912,2004H2,7,24090,202,brier_miscalibration,0.00011985407568723683,,,True
2002H2-E,E,tabicl@t1,20260912,2004H2,7,24090,202,brier_discrimination,0.0001588134312294799,,,True
2002H2-E,E,tabicl@t1,20260912,2004H2,7,24090,202,brier_uncertainty,0.0083149101344567,,,True
2002H2-E,E,tabicl@t1,20260912,2004H2,7,24090,202,observed_over_expected,0.6266467059645763,0.5434979362529829,0.7188320653593381,True
2002H2-E,E,tabicl@t1,20260912,2004H2,7,24090,202,log_oe,-0.46737236451773023,-0.6097293695707078,-0.33012751549712316,True
2002H2-E,E,tabicl@t1,20260912,2004H2,7,24090,202,cox_intercept,-0.45056484451111395,-0.931696625545881,0.030566936523653,True
2002H2-E,E,tabicl@t1,20260912,2004H2,7,24090,202,cox_slope,1.0092573326059768,0.8804294488186151,1.1380852163933386,True
2002H2-E,E,tabicl@t1,20260912,2004H2,7,24090,202,psi,0.009470043601457442,,,True
2002H2-E,E,tabicl@t1,20260912,2004H2,7,24090,202,psi_critical,0.0010407032384610452,,,True
2002H2-E,E,tabicl@t1,20260912,2005H1,9,24233,248,auc,0.7928154020994305,0.7649621343107506,0.8206686698881104,True
2002H2-E,E,tabicl@t1,20260912,2005H1,9,24233,248,gini,0.5856308041988609,0.5299242686215011,0.6413373397762208,True
2002H2-E,E,tabicl@t1,20260912,2005H1,9,24233,248,ks,0.47163516176104686,,,True
2002H2-E,E,tabicl@t1,20260912,2005H1,9,24233,248,brier,0.009986006336295197,,,True
2002H2-E,E,tabicl@t1,20260912,2005H1,9,24233,248,brier_miscalibration,7.226768681900704e-05,,,True
2002H2-E,E,tabicl@t1,20260912,2005H1,9,24233,248,brier_discrimination,0.0002155054945479403,,,True
2002H2-E,E,tabicl@t1,20260912,2005H1,9,24233,248,brier_uncertainty,0.01012924414402413,,,True
2002H2-E,E,tabicl@t1,20260912,2005H1,9,24233,248,observed_over_expected,0.8057882735377196,0.7090375352767052,0.9119471730243432,True
2002H2-E,E,tabicl@t1,20260912,2005H1,9,24233,248,log_oe,-0.21593425890248544,-0.34384681269943146,-0.09217321490089671,True
2002H2-E,E,tabicl@t1,20260912,2005H1,9,24233,248,cox_intercept,-0.6357737421848271,-1.0679491423538188,-0.20359834201583543,True
2002H2-E,E,tabicl@t1,20260912,2005H1,9,24233,248,cox_slope,0.8887060929639384,0.7789267023482505,0.9984854835796264,True
2002H2-E,E,tabicl@t1,20260912,2005H1,9,24233,248,psi,0.00281164094033126,,,True
2002H2-E,E,tabicl@t1,20260912,2005H1,9,24233,248,psi_critical,0.001036558795463863,,,True
2002H2-E,E,tabicl@t1,20260912,2005H2,11,24082,266,auc,0.819980123301199,0.7968923849499291,0.8430678616524688,True
2002H2-E,E,tabicl@t1,20260912,2005H2,11,24082,266,gini,0.6399602466023979,0.5937847698998582,0.6861357233049377,True
2002H2-E,E,tabicl@t1,20260912,2005H2,11,24082,266,ks,0.4986604696154225,,,True
2002H2-E,E,tabicl@t1,20260912,2005H2,11,24082,266,brier,0.010679356712479222,,,True
2002H2-E,E,tabicl@t1,20260912,2005H2,11,24082,266,brier_miscalibration,5.3737519715033044e-05,,,True
2002H2-E,E,tabicl@t1,20260912,2005H2,11,24082,266,brier_discrimination,0.0002979698753176434,,,True
2002H2-E,E,tabicl@t1,20260912,2005H2,11,24082,266,brier_uncertainty,0.010923589068081833,,,True
2002H2-E,E,tabicl@t1,20260912,2005H2,11,24082,266,observed_over_expected,0.8470427717242986,0.7487675759023801,0.9545167844933113,True
2002H2-E,E,tabicl@t1,20260912,2005H2,11,24082,266,log_oe,-0.16600408770151856,-0.28932665616870773,-0.04655005137868275,True
2002H2-E,E,tabicl@t1,20260912,2005H2,11,24082,266,cox_intercept,-0.08168735264736629,-0.5122302489963376,0.348855543701605,True
2002H2-E,E,tabicl@t1,20260912,2005H2,11,24082,266,cox_slope,1.0250568698227975,0.9105967453109,1.1395169943346952,True
2002H2-E,E,tabicl@t1,20260912,2005H2,11,24082,266,psi,0.007866269168874934,,,True
2002H2-E,E,tabicl@t1,20260912,2005H2,11,24082,266,psi_critical,0.0010409365492114375,,,True
2002H2-E,E,tabicl@t1,20260912,2006H1,13,23280,405,auc,0.7977352492747757,0.7779534785187328,0.8175170200308186,True
2002H2-E,E,tabicl@t1,20260912,2006H1,13,23280,405,gini,0.5954704985495514,0.5559069570374655,0.6350340400616372,True
2002H2-E,E,tabicl@t1,20260912,2006H1,13,23280,405,ks,0.4912544019429265,,,True
2002H2-E,E,tabicl@t1,20260912,2006H1,13,23280,405,brier,0.016673765113343376,,,True
2002H2-E,E,tabicl@t1,20260912,2006H1,13,23280,405,brier_miscalibration,0.00011559771211641645,,,True
2002H2-E,E,tabicl@t1,20260912,2006H1,13,23280,405,brier_discrimination,0.0005360874345685558,,,True
2002H2-E,E,tabicl@t1,20260912,2006H1,13,23280,405,brier_uncertainty,0.017094254835795516,,,True
2002H2-E,E,tabicl@t1,20260912,2006H1,13,23280,405,observed_over_expected,1.1458222500792588,1.0377714497579056,1.261909346648161,True
2002H2-E,E,tabicl@t1,20260912,2006H1,13,23280,405,log_oe,0.13612250161969808,0.03707557722225263,0.23262592845503582,True
2002H2-E,E,tabicl@t1,20260912,2006H1,13,23280,405,cox_intercept,-0.11284169804413409,-0.46162870963551145,0.2359453135472433,True
2002H2-E,E,tabicl@t1,20260912,2006H1,13,23280,405,cox_slope,0.9284021565235447,0.8357406913061388,1.0210636217409508,True
2002H2-E,E,tabicl@t1,20260912,2006H1,13,23280,405,psi,0.04797283667135738,,,True
2002H2-E,E,tabicl@t1,20260912,2006H1,13,23280,405,psi_critical,0.0010651397584764489,,,True
2002H2-E,E,tabicl@t1,20260912,2006H2,15,23898,525,auc,0.7905986761281332,0.7728186780615713,0.808378674194695,True
2002H2-E,E,tabicl@t1,20260912,2006H2,15,23898,525,gini,0.5811973522562663,0.5456373561231427,0.61675734838939,True
2002H2-E,E,tabicl@t1,20260912,2006H2,15,23898,525,ks,0.45534762332606,,,True
2002H2-E,E,tabicl@t1,20260912,2006H2,15,23898,525,brier,0.020930807355908472,,,True
2002H2-E,E,tabicl@t1,20260912,2006H2,15,23898,525,brier_miscalibration,0.0001505263327977735,,,True
2002H2-E,E,tabicl@t1,20260912,2006H2,15,23898,525,brier_discrimination,0.0007054754453953913,,,True
2002H2-E,E,tabicl@t1,20260912,2006H2,15,23898,525,brier_uncertainty,0.02148575646850609,,,True
2002H2-E,E,tabicl@t1,20260912,2006H2,15,23898,525,observed_over_expected,1.3955721961476144,1.2798888745022345,1.5187199732064736,True
2002H2-E,E,tabicl@t1,20260912,2006H2,15,23898,525,log_oe,0.333304507623868,0.24677325736760045,0.41786785718303027,True
2002H2-E,E,tabicl@t1,20260912,2006H2,15,23898,525,cox_intercept,0.0032608682881875507,-0.3024619111629448,0.3089836477393199,True
2002H2-E,E,tabicl@t1,20260912,2006H2,15,23898,525,cox_slope,0.9022120807108459,0.8212333976838959,0.9831907637377959,True
2002H2-E,E,tabicl@t1,20260912,2006H2,15,23898,525,psi,0.06307814401625611,,,True
2002H2-E,E,tabicl@t1,20260912,2006H2,15,23898,525,psi_critical,0.001046345808876259,,,True
2002H2-E,E,tabicl@t1,20260912,2007H1,17,23169,808,auc,0.7908750970240355,0.776975769319501,0.80477442472857,True
2002H2-E,E,tabicl@t1,20260912,2007H1,17,23169,808,gini,0.5817501940480709,0.5539515386390019,0.6095488494571399,True
2002H2-E,E,tabicl@t1,20260912,2007H1,17,23169,808,ks,0.44004805706186645,,,True
2002H2-E,E,tabicl@t1,20260912,2007H1,17,23169,808,brier,0.03276882950312842,,,True
2002H2-E,E,tabicl@t1,20260912,2007H1,17,23169,808,brier_miscalibration,0.0007397956043676893,,,True
2002H2-E,E,tabicl@t1,20260912,2007H1,17,23169,808,brier_discrimination,0.0016289426323907313,,,True
2002H2-E,E,tabicl@t1,20260912,2007H1,17,23169,808,brier_uncertainty,0.03365797653115146,,,True
2002H2-E,E,tabicl@t1,20260912,2007H1,17,23169,808,observed_over_expected,2.068592632057001,1.9306597000091603,2.213501279110598,True
2002H2-E,E,tabicl@t1,20260912,2007H1,17,23169,808,log_oe,0.7268684881535219,0.6578617579881254,0.7945755510577923,True
2002H2-E,E,tabicl@t1,20260912,2007H1,17,23169,808,cox_intercept,0.41345677485635723,0.16718753566220518,0.6597260140505092,True
2002H2-E,E,tabicl@t1,20260912,2007H1,17,23169,808,cox_slope,0.8960666536620427,0.8304724875360086,0.9616608197880769,True
2002H2-E,E,tabicl@t1,20260912,2007H1,17,23169,808,psi,0.0828431975775756,,,True
2002H2-E,E,tabicl@t1,20260912,2007H1,17,23169,808,psi_critical,0.0010686215825909393,,,True
2002H2-E,E,tabicl@t1,20260912,2007H2,19,24367,1560,auc,0.7751330282088382,0.7647659187102401,0.7855001377074363,True
2002H2-E,E,tabicl@t1,20260912,2007H2,19,24367,1560,gini,0.5502660564176765,0.5295318374204803,0.5710002754148726,True
2002H2-E,E,tabicl@t1,20260912,2007H2,19,24367,1560,ks,0.4329907428331157,,,True
2002H2-E,E,tabicl@t1,20260912,2007H2,19,24367,1560,brier,0.05995166816656831,,,True
2002H2-E,E,tabicl@t1,20260912,2007H2,19,24367,1560,brier_miscalibration,0.0040458409378953675,,,True
2002H2-E,E,tabicl@t1,20260912,2007H2,19,24367,1560,brier_discrimination,0.004016494815150408,,,True
2002H2-E,E,tabicl@t1,20260912,2007H2,19,24367,1560,brier_uncertainty,0.05992232204382335,,,True
2002H2-E,E,tabicl@t1,20260912,2007H2,19,24367,1560,observed_over_expected,3.7592919576491064,3.5806701451595244,3.944048746886968,True
2002H2-E,E,tabicl@t1,20260912,2007H2,19,24367,1560,log_oe,1.3242306305335356,1.2755499742798297,1.3722077964223667,True
2002H2-E,E,tabicl@t1,20260912,2007H2,19,24367,1560,cox_intercept,0.7941274534033567,0.6109917002373847,0.9772632065693286,True
2002H2-E,E,tabicl@t1,20260912,2007H2,19,24367,1560,cox_slope,0.816478730289714,0.7696775344628441,0.8632799261165838,True
2002H2-E,E,tabicl@t1,20260912,2007H2,19,24367,1560,psi,0.0744900189524659,,,True
2002H2-E,E,tabicl@t1,20260912,2007H2,19,24367,1560,psi_critical,0.0010327193396994369,,,True
2002H2-E,E,tabicl@t1,20260912,2008H1,21,24660,1109,auc,0.7824935803996768,0.7699714624055563,0.7950156983937973,True
2002H2-E,E,tabicl@t1,20260912,2008H1,21,24660,1109,gini,0.5649871607993535,0.5399429248111125,0.5900313967875945,True
2002H2-E,E,tabicl@t1,20260912,2008H1,21,24660,1109,ks,0.43299664802809423,,,True
2002H2-E,E,tabicl@t1,20260912,2008H1,21,24660,1109,brier,0.042762609720176994,,,True
2002H2-E,E,tabicl@t1,20260912,2008H1,21,24660,1109,brier_miscalibration,0.0023194855194709693,,,True
2002H2-E,E,tabicl@t1,20260912,2008H1,21,24660,1109,brier_discrimination,0.0025060436877678074,,,True
2002H2-E,E,tabicl@t1,20260912,2008H1,21,24660,1109,brier_uncertainty,0.04294916788847383,,,True
2002H2-E,E,tabicl@t1,20260912,2008H1,21,24660,1109,observed_over_expected,3.9722647494593852,3.7467523922953414,4.207308789807629,True
2002H2-E,E,tabicl@t1,20260912,2008H1,21,24660,1109,log_oe,1.3793363979040942,1.3208894360415546,1.4368232009658224,True
2002H2-E,E,tabicl@t1,20260912,2008H1,21,24660,1109,cox_intercept,0.8528078931010405,0.6278770152693198,1.0777387709327613,True
2002H2-E,E,tabicl@t1,20260912,2008H1,21,24660,1109,cox_slope,0.840588800530518,0.7877720853579492,0.8934055157030868,True
2002H2-E,E,tabicl@t1,20260912,2008H1,21,24660,1109,psi,0.002305563152563621,,,True
2002H2-E,E,tabicl@t1,20260912,2008H1,21,24660,1109,psi_critical,0.0010244694792870743,,,True
2002H2-E,E,tabicl@t1,20260912,2008H2,23,24746,863,auc,0.7983796442186365,0.784769671323588,0.811989617113685,True
2002H2-E,E,tabicl@t1,20260912,2008H2,23,24746,863,gini,0.596759288437273,0.569539342647176,0.62397923422737,True
2002H2-E,E,tabicl@t1,20260912,2008H2,23,24746,863,ks,0.4548707878679905,,,True
2002H2-E,E,tabicl@t1,20260912,2008H2,23,24746,863,brier,0.03338728555202408,,,True
2002H2-E,E,tabicl@t1,20260912,2008H2,23,24746,863,brier_miscalibration,0.0016545918472594123,,,True
2002H2-E,E,tabicl@t1,20260912,2008H2,23,24746,863,brier_discrimination,0.001925411004881833,,,True
2002H2-E,E,tabicl@t1,20260912,2008H2,23,24746,863,brier_uncertainty,0.0336581047096465,,,True
2002H2-E,E,tabicl@t1,20260912,2008H2,23,24746,863,observed_over_expected,3.8531489546017426,3.604415248808639,4.114043537489175,True
2002H2-E,E,tabicl@t1,20260912,2008H2,23,24746,863,log_oe,1.3488907242795176,1.2821595519792288,1.4144063739383013,True
2002H2-E,E,tabicl@t1,20260912,2008H2,23,24746,863,cox_intercept,1.2347119953253984,0.9604246906357927,1.5089993000150042,True
2002H2-E,E,tabicl@t1,20260912,2008H2,23,24746,863,cox_slope,0.9527698715016961,0.8898280200730857,1.0157117229303065,True
2002H2-E,E,tabicl@t1,20260912,2008H2,23,24746,863,psi,0.037357404281327895,,,True
2002H2-E,E,tabicl@t1,20260912,2008H2,23,24746,863,psi_critical,0.0010220851046916352,,,True
2002H2-E,E,tabicl@t1,20260912,2009H1,25,24844,119,auc,0.8062842528315672,0.7696125909242095,0.842955914738925,True
2002H2-E,E,tabicl@t1,20260912,2009H1,25,24844,119,gini,0.6125685056631345,0.539225181848419,0.6859118294778499,True
2002H2-E,E,tabicl@t1,20260912,2009H1,25,24844,119,ks,0.4935670527058144,,,True
2002H2-E,E,tabicl@t1,20260912,2009H1,25,24844,119,brier,0.004723252794847362,,,True
2002H2-E,E,tabicl@t1,20260912,2009H1,25,24844,119,brier_miscalibration,2.1370223617265052e-05,,,True
2002H2-E,E,tabicl@t1,20260912,2009H1,25,24844,119,brier_discrimination,6.506329980892137e-05,,,True
2002H2-E,E,tabicl@t1,20260912,2009H1,25,24844,119,brier_uncertainty,0.0047669458710390186,,,True
2002H2-E,E,tabicl@t1,20260912,2009H1,25,24844,119,observed_over_expected,0.9327980871756296,0.7730483171342304,1.1157058310854993,True
2002H2-E,E,tabicl@t1,20260912,2009H1,25,24844,119,log_oe,-0.06956651401448076,-0.25741372635301,0.10948723699529003,True
2002H2-E,E,tabicl@t1,20260912,2009H1,25,24844,119,cox_intercept,-0.14696102293463895,-0.8683520342702936,0.5744299884010157,True
2002H2-E,E,tabicl@t1,20260912,2009H1,25,24844,119,cox_slope,0.9834376485573342,0.8317281068070601,1.1351471903076082,True
2002H2-E,E,tabicl@t1,20260912,2009H1,25,24844,119,psi,0.3466782762375704,,,True
2002H2-E,E,tabicl@t1,20260912,2009H1,25,24844,119,psi_critical,0.001019388149927719,,,True
2002H2-E,E,tabicl@t1,20260912,2009H2,27,24709,196,auc,0.855759272256204,0.8303552820209411,0.8811632624914668,True
2002H2-E,E,tabicl@t1,20260912,2009H2,27,24709,196,gini,0.7115185445124079,0.6607105640418822,0.7623265249829336,True
2002H2-E,E,tabicl@t1,20260912,2009H2,27,24709,196,ks,0.580846106647285,,,True
2002H2-E,E,tabicl@t1,20260912,2009H2,27,24709,196,brier,0.007654454379388931,,,True
2002H2-E,E,tabicl@t1,20260912,2009H2,27,24709,196,brier_miscalibration,7.731252051163505e-05,,,True
2002H2-E,E,tabicl@t1,20260912,2009H2,27,24709,196,brier_discrimination,0.00029226859317202803,,,True
2002H2-E,E,tabicl@t1,20260912,2009H2,27,24709,196,brier_uncertainty,0.007869410452049324,,,True
2002H2-E,E,tabicl@t1,20260912,2009H2,27,24709,196,observed_over_expected,1.1035458041478028,0.9549454416155104,1.2685678033847445,True
2002H2-E,E,tabicl@t1,20260912,2009H2,27,24709,196,log_oe,0.09852845391647404,-0.04610106933176002,0.23788855025247627,True
2002H2-E,E,tabicl@t1,20260912,2009H2,27,24709,196,cox_intercept,0.6909347297448394,0.18677321710871075,1.1950962423809681,True
2002H2-E,E,tabicl@t1,20260912,2009H2,27,24709,196,cox_slope,1.1436002321787015,1.0231636554207726,1.2640368089366305,True
2002H2-E,E,tabicl@t1,20260912,2009H2,27,24709,196,psi,0.13229120019675533,,,True
2002H2-E,E,tabicl@t1,20260912,2009H2,27,24709,196,psi_critical,0.0010231089059562013,,,True
2002H2-E,E,tabicl@t1,20260912,2010H1,29,24843,191,auc,0.8430112612593479,0.8139741975205819,0.8720483249981139,True
2002H2-E,E,tabicl@t1,20260912,2010H1,29,24843,191,gini,0.6860225225186958,0.6279483950411637,0.7440966499962278,True
2002H2-E,E,tabicl@t1,20260912,2010H1,29,24843,191,ks,0.557996632496073,,,True
2002H2-E,E,tabicl@t1,20260912,2010H1,29,24843,191,brier,0.007399329969766222,,,True
2002H2-E,E,tabicl@t1,20260912,2010H1,29,24843,191,brier_miscalibration,5.357476114690573e-05,,,True
2002H2-E,E,tabicl@t1,20260912,2010H1,29,24843,191,brier_discrimination,0.00028341751846721035,,,True
2002H2-E,E,tabicl@t1,20260912,2010H1,29,24843,191,brier_uncertainty,0.0076291727270865264,,,True
2002H2-E,E,tabicl@t1,20260912,2010H1,29,24843,191,observed_over_expected,0.972137013349122,0.8395780311126624,1.1195526615806537,True
2002H2-E,E,tabicl@t1,20260912,2010H1,29,24843,191,log_oe,-0.028258524219936316,-0.17485585727524997,0.11292919621887443,True
2002H2-E,E,tabicl@t1,20260912,2010H1,29,24843,191,cox_intercept,0.29713640029148647,-0.18523111060989,0.779503911192863,True
2002H2-E,E,tabicl@t1,20260912,2010H1,29,24843,191,cox_slope,1.082038137654086,0.9647201776916549,1.1993560976165172,True
2002H2-E,E,tabicl@t1,20260912,2010H1,29,24843,191,psi,0.10403648658088781,,,True
2002H2-E,E,tabicl@t1,20260912,2010H1,29,24843,191,psi_critical,0.0010194155624220973,,,True
2002H2-E,E,tabicl@t1,20260912,2010H2,31,24683,152,auc,0.8581905762633317,0.8274809056347148,0.8889002468919487,True
2002H2-E,E,tabicl@t1,20260912,2010H2,31,24683,152,gini,0.7163811525266635,0.6549618112694295,0.7778004937838974,True
2002H2-E,E,tabicl@t1,20260912,2010H2,31,24683,152,ks,0.5909810143556273,,,True
2002H2-E,E,tabicl@t1,20260912,2010H2,31,24683,152,brier,0.0059760337144615094,,,True
2002H2-E,E,tabicl@t1,20260912,2010H2,31,24683,152,brier_miscalibration,4.463666232605145e-05,,,True
2002H2-E,E,tabicl@t1,20260912,2010H2,31,24683,152,brier_discrimination,0.00018876545461962452,,,True
2002H2-E,E,tabicl@t1,20260912,2010H2,31,24683,152,brier_uncertainty,0.0061201625067550825,,,True
2002H2-E,E,tabicl@t1,20260912,2010H2,31,24683,152,observed_over_expected,0.9139272886076436,0.7747614911053246,1.070747903743038,True
2002H2-E,E,tabicl@t1,20260912,2010H2,31,24683,152,log_oe,-0.09000426363817579,-0.2552000504070742,0.06835737976502307,True
2002H2-E,E,tabicl@t1,20260912,2010H2,31,24683,152,cox_intercept,0.24461922040532486,-0.2890071880415583,0.7782456288522079,True
2002H2-E,E,tabicl@t1,20260912,2010H2,31,24683,152,cox_slope,1.0828171719485815,0.9561279398702915,1.2095064040268715,True
2002H2-E,E,tabicl@t1,20260912,2010H2,31,24683,152,psi,0.22153796549256133,,,True
2002H2-E,E,tabicl@t1,20260912,2010H2,31,24683,152,psi_critical,0.0010238301701137374,,,True
2002H2-E,E,tabicl@t1,20260912,2011H1,33,24614,195,auc,0.8638933953279341,0.8407695842928161,0.887017206363052,True
2002H2-E,E,tabicl@t1,20260912,2011H1,33,24614,195,gini,0.7277867906558682,0.6815391685856322,0.7740344127261041,True
2002H2-E,E,tabicl@t1,20260912,2011H1,33,24614,195,ks,0.6000749731451235,,,True
2002H2-E,E,tabicl@t1,20260912,2011H1,33,24614,195,brier,0.007674738890759947,,,True
2002H2-E,E,tabicl@t1,20260912,2011H1,33,24614,195,brier_miscalibration,6.602952991927556e-05,,,True
2002H2-E,E,tabicl@t1,20260912,2011H1,33,24614,195,brier_discrimination,0.0002508481055217889,,,True
2002H2-E,E,tabicl@t1,20260912,2011H1,33,24614,195,brier_uncertainty,0.00785955746636246,,,True
2002H2-E,E,tabicl@t1,20260912,2011H1,33,24614,195,observed_over_expected,0.898451569573369,0.7771694813707141,1.0331729585558538,True
2002H2-E,E,tabicl@t1,20260912,2011H1,33,24614,195,log_oe,-0.10708247563210405,-0.2520968296575645,0.03263460938044683,True
2002H2-E,E,tabicl@t1,20260912,2011H1,33,24614,195,cox_intercept,0.2165718152128289,-0.24590180062162628,0.6790454310472841,True
2002H2-E,E,tabicl@t1,20260912,2011H1,33,24614,195,cox_slope,1.0854661145447,0.9690358073712518,1.201896421718148,True
2002H2-E,E,tabicl@t1,20260912,2011H1,33,24614,195,psi,0.07010073679730519,,,True
2002H2-E,E,tabicl@t1,20260912,2011H1,33,24614,195,psi_critical,0.0010257516819624198,,,True
2002H2-E,E,tabicl@t1,20260912,2011H2,35,24646,119,auc,0.8850083923976081,0.8564221919000036,0.9135945928952126,True
2002H2-E,E,tabicl@t1,20260912,2011H2,35,24646,119,gini,0.7700167847952162,0.7128443838000071,0.8271891857904252,True
2002H2-E,E,tabicl@t1,20260912,2011H2,35,24646,119,ks,0.6369002365083515,,,True
2002H2-E,E,tabicl@t1,20260912,2011H2,35,24646,119,brier,0.004723819087254116,,,True
2002H2-E,E,tabicl@t1,20260912,2011H2,35,24646,119,brier_miscalibration,7.524922815304712e-05,,,True
2002H2-E,E,tabicl@t1,20260912,2011H2,35,24646,119,brier_discrimination,0.00015648670195935344,,,True
2002H2-E,E,tabicl@t1,20260912,2011H2,35,24646,119,brier_uncertainty,0.004805056561060422,,,True
2002H2-E,E,tabicl@t1,20260912,2011H2,35,24646,119,observed_over_expected,0.7027656300338541,0.5824127485176117,0.840564264618561,True
2002H2-E,E,tabicl@t1,20260912,2011H2,35,24646,119,log_oe,-0.3527318281993507,-0.540575892714215,-0.17368186906999222,True
2002H2-E,E,tabicl@t1,20260912,2011H2,35,24646,119,cox_intercept,0.22866985412548108,-0.35522959788409597,0.8125693061350581,True
2002H2-E,E,tabicl@t1,20260912,2011H2,35,24646,119,cox_slope,1.1497712500072486,1.005384130421034,1.294158369593463,True
2002H2-E,E,tabicl@t1,20260912,2011H2,35,24646,119,psi,0.22996541848938212,,,True
2002H2-E,E,tabicl@t1,20260912,2011H2,35,24646,119,psi_critical,0.0010248592082078211,,,True
2002H2-E,E,tabicl@t1,20260912,2012H1,37,24306,148,auc,0.8705326476820392,0.8468385955798553,0.8942266997842231,True
2002H2-E,E,tabicl@t1,20260912,2012H1,37,24306,148,gini,0.7410652953640784,0.6936771911597106,0.7884533995684462,True
2002H2-E,E,tabicl@t1,20260912,2012H1,37,24306,148,ks,0.6323091449757564,,,True
2002H2-E,E,tabicl@t1,20260912,2012H1,37,24306,148,brier,0.006043685138183479,,,True
2002H2-E,E,tabicl@t1,20260912,2012H1,37,24306,148,brier_miscalibration,0.00013512990373411998,,,True
2002H2-E,E,tabicl@t1,20260912,2012H1,37,24306,148,brier_discrimination,0.0001433999756140763,,,True
2002H2-E,E,tabicl@t1,20260912,2012H1,37,24306,148,brier_uncertainty,0.006051955210063435,,,True
2002H2-E,E,tabicl@t1,20260912,2012H1,37,24306,148,observed_over_expected,0.5573412147946369,0.4713797840152747,0.6543654900063363,True
2002H2-E,E,tabicl@t1,20260912,2012H1,37,24306,148,log_oe,-0.5845776327276511,-0.7520911743906258,-0.42408923040454644,True
2002H2-E,E,tabicl@t1,20260912,2012H1,37,24306,148,cox_intercept,-0.3699880819577775,-0.8674097172123377,0.12743355329678274,True
2002H2-E,E,tabicl@t1,20260912,2012H1,37,24306,148,cox_slope,1.066876834469551,0.9324761953276,1.201277473611502,True
2002H2-E,E,tabicl@t1,20260912,2012H1,37,24306,148,psi,0.061697113330841144,,,True
2002H2-E,E,tabicl@t1,20260912,2012H1,37,24306,148,psi_critical,0.0010344619023195318,,,True
2002H2-E,E,tabicl@t1,20260912,2012H2,39,24538,131,auc,0.8712947449377086,0.8436784260185108,0.8989110638569064,True
2002H2-E,E,tabicl@t1,20260912,2012H2,39,24538,131,gini,0.7425894898754173,0.6873568520370217,0.7978221277138129,True
2002H2-E,E,tabicl@t1,20260912,2012H2,39,24538,131,ks,0.6406380724838981,,,True
2002H2-E,E,tabicl@t1,20260912,2012H2,39,24538,131,brier,0.005300595777150685,,,True
2002H2-E,E,tabicl@t1,20260912,2012H2,39,24538,131,brier_miscalibration,0.00012219480255246627,,,True
2002H2-E,E,tabicl@t1,20260912,2012H2,39,24538,131,brier_discrimination,0.00013175615917938258,,,True
2002H2-E,E,tabicl@t1,20260912,2012H2,39,24538,131,brier_uncertainty,0.005310157133777601,,,True
2002H2-E,E,tabicl@t1,20260912,2012H2,39,24538,131,observed_over_expected,0.521963254591106,0.4365947030110772,0.619074086568635,True
2002H2-E,E,tabicl@t1,20260912,2012H2,39,24538,131,log_oe,-0.6501580870808655,-0.8287499673011436,-0.47953032594960826,True
2002H2-E,E,tabicl@t1,20260912,2012H2,39,24538,131,cox_intercept,-0.33311177905771194,-0.8645573507501314,0.19833379263470752,True
2002H2-E,E,tabicl@t1,20260912,2012H2,39,24538,131,cox_slope,1.094806261751677,0.9520345969488327,1.2375779265545213,True
2002H2-E,E,tabicl@t1,20260912,2012H2,39,24538,131,psi,0.0649160650711998,,,True
2002H2-E,E,tabicl@t1,20260912,2012H2,39,24538,131,psi_critical,0.0010278806363136351,,,True
2002H2-E,E,tabicl@t1,20260912,2013H1,41,24341,85,auc,0.8560918826633553,0.8230446021093142,0.8891391632173965,False
2002H2-E,E,tabicl@t1,20260912,2013H1,41,24341,85,gini,0.7121837653267107,0.6460892042186284,0.778278326434793,False
2002H2-E,E,tabicl@t1,20260912,2013H1,41,24341,85,ks,0.595799705106317,,,False
2002H2-E,E,tabicl@t1,20260912,2013H1,41,24341,85,brier,0.0036585090814916683,,,False
2002H2-E,E,tabicl@t1,20260912,2013H1,41,24341,85,brier_miscalibration,0.000269040093109484,,,False
2002H2-E,E,tabicl@t1,20260912,2013H1,41,24341,85,brier_discrimination,9.038704513172425e-05,,,False
2002H2-E,E,tabicl@t1,20260912,2013H1,41,24341,85,brier_uncertainty,0.0034798560335139086,,,False
2002H2-E,E,tabicl@t1,20260912,2013H1,41,24341,85,observed_over_expected,0.3176765408644748,0.253832777204388,0.3926496534997164,False
2002H2-E,E,tabicl@t1,20260912,2013H1,41,24341,85,log_oe,-1.1467215809603188,-1.3710795862390797,-0.9348375316276649,False
2002H2-E,E,tabicl@t1,20260912,2013H1,41,24341,85,cox_intercept,-1.0645668529244219,-1.7090985921682402,-0.4200351136806034,False
2002H2-E,E,tabicl@t1,20260912,2013H1,41,24341,85,cox_slope,1.0328677496304648,0.8602226857877828,1.2055128134731468,False
2002H2-E,E,tabicl@t1,20260912,2013H1,41,24341,85,psi,0.03290408288186611,,,False
2002H2-E,E,tabicl@t1,20260912,2013H1,41,24341,85,psi_critical,0.0010334610033319,,,False
2002H2-E,E,tabicl@t1,20260912,2013H2,43,23974,142,auc,0.8393960186091373,0.8110541995439481,0.8677378376743264,True
2002H2-E,E,tabicl@t1,20260912,2013H2,43,23974,142,gini,0.6787920372182745,0.6221083990878962,0.7354756753486529,True
2002H2-E,E,tabicl@t1,20260912,2013H2,43,23974,142,ks,0.5353194190318142,,,True
2002H2-E,E,tabicl@t1,20260912,2013H2,43,23974,142,brier,0.005980737365370195,,,True
2002H2-E,E,tabicl@t1,20260912,2013H2,43,23974,142,brier_miscalibration,0.00019539241200590418,,,True
2002H2-E,E,tabicl@t1,20260912,2013H2,43,23974,142,brier_discrimination,0.00010265547066505305,,,True
2002H2-E,E,tabicl@t1,20260912,2013H2,43,23974,142,brier_uncertainty,0.005888000424029344,,,True
2002H2-E,E,tabicl@t1,20260912,2013H2,43,23974,142,observed_over_expected,0.4960036989644537,0.41796653424528873,0.5843112925603478,True
2002H2-E,E,tabicl@t1,20260912,2013H2,43,23974,142,log_oe,-0.7011718946953929,-0.8723539112766246,-0.5373214029606376,True
2002H2-E,E,tabicl@t1,20260912,2013H2,43,23974,142,cox_intercept,-0.7826292124780057,-1.2943550900962215,-0.2709033348597898,True
2002H2-E,E,tabicl@t1,20260912,2013H2,43,23974,142,cox_slope,0.9843357067270454,0.8496756879252056,1.1189957255288852,True
2002H2-E,E,tabicl@t1,20260912,2013H2,43,23974,142,psi,0.006215174186536608,,,True
2002H2-E,E,tabicl@t1,20260912,2013H2,43,23974,142,psi_critical,0.0010441014843782371,,,True
2002H2-E,E,tabicl@t1,20260912,2014H1,45,24341,137,auc,0.8242296019117308,0.7939445326095955,0.854514671213866,True
2002H2-E,E,tabicl@t1,20260912,2014H1,45,24341,137,gini,0.6484592038234616,0.587889065219191,0.7090293424277321,True
2002H2-E,E,tabicl@t1,20260912,2014H1,45,24341,137,ks,0.5073209833206069,,,True
2002H2-E,E,tabicl@t1,20260912,2014H1,45,24341,137,brier,0.005662023705371801,,,True
2002H2-E,E,tabicl@t1,20260912,2014H1,45,24341,137,brier_miscalibration,0.00014562194538260062,,,True
2002H2-E,E,tabicl@t1,20260912,2014H1,45,24341,137,brier_discrimination,8.028342869346745e-05,,,True
2002H2-E,E,tabicl@t1,20260912,2014H1,45,24341,137,brier_uncertainty,0.005596685188682668,,,True
2002H2-E,E,tabicl@t1,20260912,2014H1,45,24341,137,observed_over_expected,0.5433811568860302,0.45640125600332965,0.6420357483585439,True
2002H2-E,E,tabicl@t1,20260912,2014H1,45,24341,137,log_oe,-0.6099442589142223,-0.7843829090187533,-0.44311129404093524,True
2002H2-E,E,tabicl@t1,20260912,2014H1,45,24341,137,cox_intercept,-0.8136219633823275,-1.3600465311550125,-0.2671973956096425,True
2002H2-E,E,tabicl@t1,20260912,2014H1,45,24341,137,cox_slope,0.9517047664565614,0.8163490823365003,1.0870604505766226,True
2002H2-E,E,tabicl@t1,20260912,2014H1,45,24341,137,psi,0.028554892317848156,,,True
2002H2-E,E,tabicl@t1,20260912,2014H1,45,24341,137,psi_critical,0.0010334610033319,,,True
2002H2-E,E,tabicl@t1,20260912,2014H2,47,24213,99,auc,0.8179721658820939,0.7805451232558428,0.8553992085083449,False
2002H2-E,E,tabicl@t1,20260912,2014H2,47,24213,99,gini,0.6359443317641877,0.5610902465116856,0.7107984170166899,False
2002H2-E,E,tabicl@t1,20260912,2014H2,47,24213,99,ks,0.5490737180212174,,,False
2002H2-E,E,tabicl@t1,20260912,2014H2,47,24213,99,brier,0.004142009316836115,,,False
2002H2-E,E,tabicl@t1,20260912,2014H2,47,24213,99,brier_miscalibration,0.0001237538077204451,,,False
2002H2-E,E,tabicl@t1,20260912,2014H2,47,24213,99,brier_discrimination,5.373959455484082e-05,,,False
2002H2-E,E,tabicl@t1,20260912,2014H2,47,24213,99,brier_uncertainty,0.004071995103670511,,,False
2002H2-E,E,tabicl@t1,20260912,2014H2,47,24213,99,observed_over_expected,0.4534662564511987,0.3686886435524858,0.551833285530704,False
2002H2-E,E,tabicl@t1,20260912,2014H2,47,24213,99,log_oe,-0.7908344191386122,-0.9978027755386604,-0.5945092972880707,False
2002H2-E,E,tabicl@t1,20260912,2014H2,47,24213,99,cox_intercept,-0.9421065701596392,-1.6249457623860444,-0.25926737793323384,False
2002H2-E,E,tabicl@t1,20260912,2014H2,47,24213,99,cox_slope,0.9669366168505442,0.803580504047628,1.1302927296534604,False
2002H2-E,E,tabicl@t1,20260912,2014H2,47,24213,99,psi,0.05024967034024681,,,False
2002H2-E,E,tabicl@t1,20260912,2014H2,47,24213,99,psi_critical,0.0010371354933066512,,,False
2002H2-E,E,tabicl@t1,20260912,2015H1,49,24159,83,auc,0.8248991146509949,0.7797908140589632,0.8700074152430265,False
2002H2-E,E,tabicl@t1,20260912,2015H1,49,24159,83,gini,0.6497982293019897,0.5595816281179264,0.740014830486053,False
2002H2-E,E,tabicl@t1,20260912,2015H1,49,24159,83,ks,0.5392497052506421,,,False
2002H2-E,E,tabicl@t1,20260912,2015H1,49,24159,83,brier,0.0034663190417419704,,,False
2002H2-E,E,tabicl@t1,20260912,2015H1,49,24159,83,brier_miscalibration,8.316552965280085e-05,,,False
2002H2-E,E,tabicl@t1,20260912,2015H1,49,24159,83,brier_discrimination,4.0615992809716304e-05,,,False
2002H2-E,E,tabicl@t1,20260912,2015H1,49,24159,83,brier_uncertainty,0.003423769504898886,,,False
2002H2-E,E,tabicl@t1,20260912,2015H1,49,24159,83,observed_over_expected,0.4468597722772438,0.3560385000837829,0.5537217496379273,False
2002H2-E,E,tabicl@t1,20260912,2015H1,49,24159,83,log_oe,-0.8055104421374167,-1.0327164076747355,-0.5910929753793855,False
2002H2-E,E,tabicl@t1,20260912,2015H1,49,24159,83,cox_intercept,-0.6284985849029162,-1.4172604505568007,0.1602632807509683,False
2002H2-E,E,tabicl@t1,20260912,2015H1,49,24159,83,cox_slope,1.0468639993171813,0.8613294913711724,1.2323985072631902,False
2002H2-E,E,tabicl@t1,20260912,2015H1,49,24159,83,psi,0.09387530602148166,,,False
2002H2-E,E,tabicl@t1,20260912,2015H1,49,24159,83,psi_critical,0.0010386973468943647,,,False
2002H2-E,E,tabicl@t1,20260912,2015H2,51,24159,130,auc,0.8055119294954494,0.7724152260759937,0.8386086329149051,True
2002H2-E,E,tabicl@t1,20260912,2015H2,51,24159,130,gini,0.6110238589908987,0.5448304521519873,0.6772172658298101,True
2002H2-E,E,tabicl@t1,20260912,2015H2,51,24159,130,ks,0.4865172531908559,,,True
2002H2-E,E,tabicl@t1,20260912,2015H2,51,24159,130,brier,0.005357837565750125,,,True
2002H2-E,E,tabicl@t1,20260912,2015H2,51,24159,130,brier_miscalibration,6.780828038075327e-05,,,True
2002H2-E,E,tabicl@t1,20260912,2015H2,51,24159,130,brier_discrimination,6.203279230733872e-05,,,True
2002H2-E,E,tabicl@t1,20260912,2015H2,51,24159,130,brier_uncertainty,0.005352062077676711,,,True
2002H2-E,E,tabicl@t1,20260912,2015H2,51,24159,130,observed_over_expected,0.6437628044249474,0.5380894344296726,0.7640302200891923,True
2002H2-E,E,tabicl@t1,20260912,2015H2,51,24159,130,log_oe,-0.44042493683315165,-0.6197304976364676,-0.2691479355073327,True
2002H2-E,E,tabicl@t1,20260912,2015H2,51,24159,130,cox_intercept,-0.5829092363907373,-1.244802962388818,0.07898448960734328,True
2002H2-E,E,tabicl@t1,20260912,2015H2,51,24159,130,cox_slope,0.9680218561802021,0.8143444653637874,1.1216992469966167,True
2002H2-E,E,tabicl@t1,20260912,2015H2,51,24159,130,psi,0.06548409265833868,,,True
2002H2-E,E,tabicl@t1,20260912,2015H2,51,24159,130,psi_critical,0.0010386973468943647,,,True
2002H2-E,E,tabicl@t1,20260912,2016H1,53,24632,115,auc,0.8146253442597949,0.771249253118868,0.8580014354007218,True
2002H2-E,E,tabicl@t1,20260912,2016H1,53,24632,115,gini,0.6292506885195899,0.5424985062377361,0.7160028708014436,True
2002H2-E,E,tabicl@t1,20260912,2016H1,53,24632,115,ks,0.5229478746779075,,,True
2002H2-E,E,tabicl@t1,20260912,2016H1,53,24632,115,brier,0.004619118899366454,,,True
2002H2-E,E,tabicl@t1,20260912,2016H1,53,24632,115,brier_miscalibration,5.119219340494162e-05,,,True
2002H2-E,E,tabicl@t1,20260912,2016H1,53,24632,115,brier_discrimination,7.89999254395251e-05,,,True
2002H2-E,E,tabicl@t1,20260912,2016H1,53,24632,115,brier_uncertainty,0.004646926631401037,,,True
2002H2-E,E,tabicl@t1,20260912,2016H1,53,24632,115,observed_over_expected,0.5822492282930113,0.480892665058465,0.6985748828687273,True
2002H2-E,E,tabicl@t1,20260912,2016H1,53,24632,115,log_oe,-0.5408566956062657,-0.7321111833445458,-0.35871290077889906,True
2002H2-E,E,tabicl@t1,20260912,2016H1,53,24632,115,cox_intercept,-0.13444775961615757,-0.8492288971066526,0.5803333778743376,True
2002H2-E,E,tabicl@t1,20260912,2016H1,53,24632,115,cox_slope,1.1013943951096776,0.9312815038275724,1.271507286391783,True
2002H2-E,E,tabicl@t1,20260912,2016H1,53,24632,115,psi,0.07489694375235245,,,True
2002H2-E,E,tabicl@t1,20260912,2016H1,53,24632,115,psi_critical,0.0010252493801461782,,,True
2002H2-E,E,tabicl@t1,20260912,2016H2,55,24760,121,auc,0.7818837903625877,0.7430911521384773,0.8206764285866981,True
2002H2-E,E,tabicl@t1,20260912,2016H2,55,24760,121,gini,0.5637675807251754,0.48618230427695464,0.6413528571733962,True
2002H2-E,E,tabicl@t1,20260912,2016H2,55,24760,121,ks,0.468912249913545,,,True
2002H2-E,E,tabicl@t1,20260912,2016H2,55,24760,121,brier,0.004858049822546788,,,True
2002H2-E,E,tabicl@t1,20260912,2016H2,55,24760,121,brier_miscalibration,4.435956423448021e-05,,,True
2002H2-E,E,tabicl@t1,20260912,2016H2,55,24760,121,brier_discrimination,4.9342187578583704e-05,,,True
2002H2-E,E,tabicl@t1,20260912,2016H2,55,24760,121,brier_uncertainty,0.004863032445890892,,,True
2002H2-E,E,tabicl@t1,20260912,2016H2,55,24760,121,observed_over_expected,0.6823367424549953,0.5664093429071599,0.8149167817414097,True
2002H2-E,E,tabicl@t1,20260912,2016H2,55,24760,121,log_oe,-0.38223198573129397,-0.5684382414929802,-0.2046692792474298,True
2002H2-E,E,tabicl@t1,20260912,2016H2,55,24760,121,cox_intercept,-0.7387621558333721,-1.500383500357567,0.022859188690822707,True
2002H2-E,E,tabicl@t1,20260912,2016H2,55,24760,121,cox_slope,0.9200530331401764,0.7524859421892659,1.0876201240910868,True
2002H2-E,E,tabicl@t1,20260912,2016H2,55,24760,121,psi,0.11824756437893424,,,True
2002H2-E,E,tabicl@t1,20260912,2016H2,55,24760,121,psi_critical,0.0010216985183533317,,,True
2002H2-E,E,tabicl@t1,20260912,2017H1,57,24541,162,auc,0.7920029837458772,0.7636376277443777,0.8203683397473767,True
2002H2-E,E,tabicl@t1,20260912,2017H1,57,24541,162,gini,0.5840059674917544,0.5272752554887554,0.6407366794947533,True
2002H2-E,E,tabicl@t1,20260912,2017H1,57,24541,162,ks,0.4619121699053881,,,True
2002H2-E,E,tabicl@t1,20260912,2017H1,57,24541,162,brier,0.006538298465246158,,,True
2002H2-E,E,tabicl@t1,20260912,2017H1,57,24541,162,brier_miscalibration,4.864349408196817e-05,,,True
2002H2-E,E,tabicl@t1,20260912,2017H1,57,24541,162,brier_discrimination,6.79672090558069e-05,,,True
2002H2-E,E,tabicl@t1,20260912,2017H1,57,24541,162,brier_uncertainty,0.006557622180219997,,,True
2002H2-E,E,tabicl@t1,20260912,2017H1,57,24541,162,observed_over_expected,0.7677738530725859,0.6544026642077825,0.895037204074938,True
2002H2-E,E,tabicl@t1,20260912,2017H1,57,24541,162,log_oe,-0.26426005134202535,-0.42403242247972567,-0.11088999277242681,True
2002H2-E,E,tabicl@t1,20260912,2017H1,57,24541,162,cox_intercept,-0.42084709327209413,-1.0661062209306351,0.22441203438644675,True
2002H2-E,E,tabicl@t1,20260912,2017H1,57,24541,162,cox_slope,0.9640310500574178,0.8152734675380915,1.1127886325767442,True
2002H2-E,E,tabicl@t1,20260912,2017H1,57,24541,162,psi,0.07083355854738685,,,True
2002H2-E,E,tabicl@t1,20260912,2017H1,57,24541,162,psi_critical,0.0010277963486622491,,,True
2002H2-E,E,tabicl@t1,20260912,2017H2,59,24680,143,auc,0.8116098964002131,0.7799618296433678,0.8432579631570584,True
2002H2-E,E,tabicl@t1,20260912,2017H2,59,24680,143,gini,0.6232197928004262,0.5599236592867356,0.6865159263141167,True
2002H2-E,E,tabicl@t1,20260912,2017H2,59,24680,143,ks,0.48643592622074094,,,True
2002H2-E,E,tabicl@t1,20260912,2017H2,59,24680,143,brier,0.005688224301440655,,,True
2002H2-E,E,tabicl@t1,20260912,2017H2,59,24680,143,brier_miscalibration,6.451231604089839e-05,,,True
2002H2-E,E,tabicl@t1,20260912,2017H2,59,24680,143,brier_discrimination,0.00013688097893596162,,,True
2002H2-E,E,tabicl@t1,20260912,2017H2,59,24680,143,brier_uncertainty,0.005760592964335718,,,True
2002H2-E,E,tabicl@t1,20260912,2017H2,59,24680,143,observed_over_expected,0.6876247316753458,0.5797965592890292,0.8095938907938144,True
2002H2-E,E,tabicl@t1,20260912,2017H2,59,24680,143,log_oe,-0.3745120380060482,-0.5450779968187971,-0.21122252643366377,True
2002H2-E,E,tabicl@t1,20260912,2017H2,59,24680,143,cox_intercept,0.24310159805234013,-0.4783375892488305,0.9645407853535107,True
2002H2-E,E,tabicl@t1,20260912,2017H2,59,24680,143,cox_slope,1.1506663576799967,0.9784884635426931,1.3228442518173003,True
2002H2-E,E,tabicl@t1,20260912,2017H2,59,24680,143,psi,0.0702257611769107,,,True
2002H2-E,E,tabicl@t1,20260912,2017H2,59,24680,143,psi_critical,0.0010239134906912927,,,True
2002H2-E,E,tabicl@t1,20260912,2018H1,61,24416,148,auc,0.7878474990979112,0.7526294370896456,0.8230655611061768,True
2002H2-E,E,tabicl@t1,20260912,2018H1,61,24416,148,gini,0.5756949981958224,0.5052588741792912,0.6461311222123536,True
2002H2-E,E,tabicl@t1,20260912,2018H1,61,24416,148,ks,0.44145666187037547,,,True
2002H2-E,E,tabicl@t1,20260912,2018H1,61,24416,148,brier,0.00597821868807949,,,True
2002H2-E,E,tabicl@t1,20260912,2018H1,61,24416,148,brier_miscalibration,2.9038760700763125e-05,,,True
2002H2-E,E,tabicl@t1,20260912,2018H1,61,24416,148,brier_discrimination,7.567604227956808e-05,,,True
2002H2-E,E,tabicl@t1,20260912,2018H1,61,24416,148,brier_uncertainty,0.006024855969658295,,,True
2002H2-E,E,tabicl@t1,20260912,2018H1,61,24416,148,observed_over_expected,0.7235846769852262,0.6119814678908492,0.8495513465969391,True
2002H2-E,E,tabicl@t1,20260912,2018H1,61,24416,148,log_oe,-0.3235377017697543,-0.49105327815239913,-0.16304689638077738,True
2002H2-E,E,tabicl@t1,20260912,2018H1,61,24416,148,cox_intercept,-0.09928736010489707,-0.8288572309773379,0.6302825107675438,True
2002H2-E,E,tabicl@t1,20260912,2018H1,61,24416,148,cox_slope,1.054535549327502,0.8850467614692084,1.2240243371857955,True
2002H2-E,E,tabicl@t1,20260912,2018H1,61,24416,148,psi,0.0825037542776063,,,True
2002H2-E,E,tabicl@t1,20260912,2018H1,61,24416,148,psi_critical,0.0010313258825568768,,,True
2002H2-E,E,tabicl@t1,20260912,2018H2,63,24543,146,auc,0.7784591750276953,0.7436936421141606,0.8132247079412301,True
2002H2-E,E,tabicl@t1,20260912,2018H2,63,24543,146,gini,0.5569183500553907,0.4873872842283211,0.6264494158824603,True
2002H2-E,E,tabicl@t1,20260912,2018H2,63,24543,146,ks,0.427682552480908,,,True
2002H2-E,E,tabicl@t1,20260912,2018H2,63,24543,146,brier,0.005888393010485124,,,True
2002H2-E,E,tabicl@t1,20260912,2018H2,63,24543,146,brier_miscalibration,3.3167644219882914e-05,,,True
2002H2-E,E,tabicl@t1,20260912,2018H2,63,24543,146,brier_discrimination,5.8130112638000477e-05,,,True
2002H2-E,E,tabicl@t1,20260912,2018H2,63,24543,146,brier_uncertainty,0.005913355478903241,,,True
2002H2-E,E,tabicl@t1,20260912,2018H2,63,24543,146,observed_over_expected,0.6913707167763329,0.5840340630828913,0.8126250448234027,True
2002H2-E,E,tabicl@t1,20260912,2018H2,63,24543,146,log_oe,-0.3690791059114605,-0.5377959706581431,-0.20748547529872688,True
2002H2-E,E,tabicl@t1,20260912,2018H2,63,24543,146,cox_intercept,-0.35061265004902076,-1.0982616872299085,0.39703638713186706,True
2002H2-E,E,tabicl@t1,20260912,2018H2,63,24543,146,cox_slope,1.0059009407789972,0.8334269979683181,1.1783748835896763,True
2002H2-E,E,tabicl@t1,20260912,2018H2,63,24543,146,psi,0.08524961114702936,,,True
2002H2-E,E,tabicl@t1,20260912,2018H2,63,24543,146,psi_critical,0.0010277401683422744,,,True
2002H2-E,E,tabicl@t1,20260912,2019H1,65,24752,110,auc,0.717815112409707,0.6689708418016553,0.7666593830177586,True
2002H2-E,E,tabicl@t1,20260912,2019H1,65,24752,110,gini,0.43563022481941394,0.33794168360331067,0.5333187660355172,True
2002H2-E,E,tabicl@t1,20260912,2019H1,65,24752,110,ks,0.3354221543410733,,,True
2002H2-E,E,tabicl@t1,20260912,2019H1,65,24752,110,brier,0.004441329158193694,,,True
2002H2-E,E,tabicl@t1,20260912,2019H1,65,24752,110,brier_miscalibration,8.107678642356019e-05,,,True
2002H2-E,E,tabicl@t1,20260912,2019H1,65,24752,110,brier_discrimination,6.408306027946929e-05,,,True
2002H2-E,E,tabicl@t1,20260912,2019H1,65,24752,110,brier_uncertainty,0.004424335432049603,,,True
2002H2-E,E,tabicl@t1,20260912,2019H1,65,24752,110,observed_over_expected,0.5327433885990581,0.4380149575249615,0.6418067501156962,True
2002H2-E,E,tabicl@t1,20260912,2019H1,65,24752,110,log_oe,-0.6297154180305636,-0.8255022195884065,-0.443468032886313,True
2002H2-E,E,tabicl@t1,20260912,2019H1,65,24752,110,cox_intercept,-1.5279908140903873,-2.39102660365822,-0.6649550245225547,True
2002H2-E,E,tabicl@t1,20260912,2019H1,65,24752,110,cox_slope,0.7961614725225284,0.6070935073821497,0.9852294376629072,True
2002H2-E,E,tabicl@t1,20260912,2019H1,65,24752,110,psi,0.09737669698538629,,,True
2002H2-E,E,tabicl@t1,20260912,2019H1,65,24752,110,psi_critical,0.0010219193712836035,,,True
2002H2-E,E,tabicl@t1,20260912,2019H2,67,24861,136,auc,0.6856312079938143,0.6423434914404104,0.7289189245472182,True
2002H2-E,E,tabicl@t1,20260912,2019H2,67,24861,136,gini,0.37126241598762855,0.2846869828808207,0.45783784909443637,True
2002H2-E,E,tabicl@t1,20260912,2019H2,67,24861,136,ks,0.2741256765598049,,,True
2002H2-E,E,tabicl@t1,20260912,2019H2,67,24861,136,brier,0.005453686694522191,,,True
2002H2-E,E,tabicl@t1,20260912,2019H2,67,24861,136,brier_miscalibration,3.779906853667962e-05,,,True
2002H2-E,E,tabicl@t1,20260912,2019H2,67,24861,136,brier_discrimination,2.4602438396765375e-05,,,True
2002H2-E,E,tabicl@t1,20260912,2019H2,67,24861,136,brier_uncertainty,0.0054404900643822765,,,True
2002H2-E,E,tabicl@t1,20260912,2019H2,67,24861,136,observed_over_expected,0.741388648340938,0.6222894476167504,0.8765406355328558,True
2002H2-E,E,tabicl@t1,20260912,2019H2,67,24861,136,log_oe,-0.29923029949556473,-0.47434994461846947,-0.13177221456274152,True
2002H2-E,E,tabicl@t1,20260912,2019H2,67,24861,136,cox_intercept,-1.9784383720898588,-2.7650584701446994,-1.1918182740350183,True
2002H2-E,E,tabicl@t1,20260912,2019H2,67,24861,136,cox_slope,0.6323682468208227,0.4702925575471757,0.7944439360944697,True
2002H2-E,E,tabicl@t1,20260912,2019H2,67,24861,136,psi,0.11441678525610535,,,True
2002H2-E,E,tabicl@t1,20260912,2019H2,67,24861,136,psi_critical,0.0010189224749281938,,,True
2002H2-E,E,tabicl@t1,20260912,2020H1,69,24880,111,auc,0.656070560446999,0.6031675199142739,0.7089736009797241,True
2002H2-E,E,tabicl@t1,20260912,2020H1,69,24880,111,gini,0.3121411208939979,0.20633503982854773,0.4179472019594481,True
2002H2-E,E,tabicl@t1,20260912,2020H1,69,24880,111,ks,0.2625153717648368,,,True
2002H2-E,E,tabicl@t1,20260912,2020H1,69,24880,111,brier,0.004471774788279803,,,True
2002H2-E,E,tabicl@t1,20260912,2020H1,69,24880,111,brier_miscalibration,4.060700759408054e-05,,,True
2002H2-E,E,tabicl@t1,20260912,2020H1,69,24880,111,brier_discrimination,1.034278837373781e-05,,,True
2002H2-E,E,tabicl@t1,20260912,2020H1,69,24880,111,brier_uncertainty,0.00444151056905946,,,True
2002H2-E,E,tabicl@t1,20260912,2020H1,69,24880,111,observed_over_expected,0.7124083480132988,0.5862778444054466,0.857532207220487,True
2002H2-E,E,tabicl@t1,20260912,2020H1,69,24880,111,log_oe,-0.3391040094807412,-0.5339614645619949,-0.1536965412065791,True
2002H2-E,E,tabicl@t1,20260912,2020H1,69,24880,111,cox_intercept,-2.764482724833555,-3.642594720824125,-1.886370728842985,True
2002H2-E,E,tabicl@t1,20260912,2020H1,69,24880,111,cox_slope,0.49291952352210505,0.3233835398052362,0.662455507238974,True
2002H2-E,E,tabicl@t1,20260912,2020H1,69,24880,111,psi,0.1808370790755015,,,True
2002H2-E,E,tabicl@t1,20260912,2020H1,69,24880,111,psi_critical,0.001018402767712202,,,True
2002H2-E,E,tabicl@t1,20260912,2020H2,71,24919,71,auc,0.6839338105257432,0.6200401396567508,0.7478274813947356,False
2002H2-E,E,tabicl@t1,20260912,2020H2,71,24919,71,gini,0.3678676210514864,0.2400802793135015,0.4956549627894713,False
2002H2-E,E,tabicl@t1,20260912,2020H2,71,24919,71,ks,0.3047231392216791,,,False
2002H2-E,E,tabicl@t1,20260912,2020H2,71,24919,71,brier,0.002867989783859394,,,False
2002H2-E,E,tabicl@t1,20260912,2020H2,71,24919,71,brier_miscalibration,3.446448758873469e-05,,,False
2002H2-E,E,tabicl@t1,20260912,2020H2,71,24919,71,brier_discrimination,7.58809362393564e-06,,,False
2002H2-E,E,tabicl@t1,20260912,2020H2,71,24919,71,brier_uncertainty,0.002841113389894595,,,False
2002H2-E,E,tabicl@t1,20260912,2020H2,71,24919,71,observed_over_expected,0.5401741515444386,0.42200376134885387,0.6811023815169289,False
2002H2-E,E,tabicl@t1,20260912,2020H2,71,24919,71,log_oe,-0.6158636885566147,-0.8627410518369043,-0.3840426441664231,False
2002H2-E,E,tabicl@t1,20260912,2020H2,71,24919,71,cox_intercept,-2.5925987693415147,-3.700836755124252,-1.4843607835587773,False
2002H2-E,E,tabicl@t1,20260912,2020H2,71,24919,71,cox_slope,0.5962042266192978,0.38420111388506173,0.808207339353534,False
2002H2-E,E,tabicl@t1,20260912,2020H2,71,24919,71,psi,0.3066354608949482,,,False
2002H2-E,E,tabicl@t1,20260912,2020H2,71,24919,71,psi_critical,0.001017338483214061,,,False
2002H2-E,E,tabicl@t1,20260912,2021H1,73,24909,90,auc,0.7633788629678875,0.7128235014279163,0.8139342245078587,False
2002H2-E,E,tabicl@t1,20260912,2021H1,73,24909,90,gini,0.526757725935775,0.42564700285583257,0.6278684490157174,False
2002H2-E,E,tabicl@t1,20260912,2021H1,73,24909,90,ks,0.4334837557247808,,,False
2002H2-E,E,tabicl@t1,20260912,2021H1,73,24909,90,brier,0.0036018007629075813,,,False
2002H2-E,E,tabicl@t1,20260912,2021H1,73,24909,90,brier_miscalibration,2.801815302881823e-05,,,False
2002H2-E,E,tabicl@t1,20260912,2021H1,73,24909,90,brier_discrimination,2.6314396482249314e-05,,,False
2002H2-E,E,tabicl@t1,20260912,2021H1,73,24909,90,brier_uncertainty,0.0036000970063610124,,,False
2002H2-E,E,tabicl@t1,20260912,2021H1,73,24909,90,observed_over_expected,0.5796926045386871,0.46629708879152854,0.712245450969192,False
2002H2-E,E,tabicl@t1,20260912,2021H1,73,24909,90,log_oe,-0.5452573081118453,-0.7629323183965969,-0.3393326924701566,False
2002H2-E,E,tabicl@t1,20260912,2021H1,73,24909,90,cox_intercept,-0.8684543111841363,-1.809694029155665,0.07278540678739243,False
2002H2-E,E,tabicl@t1,20260912,2021H1,73,24909,90,cox_slope,0.9302887948832194,0.7293442379817217,1.131233351784717,False
2002H2-E,E,tabicl@t1,20260912,2021H1,73,24909,90,psi,0.1844592671436663,,,False
2002H2-E,E,tabicl@t1,20260912,2021H1,73,24909,90,psi_critical,0.0010176110589622332,,,False
2002H2-E,E,tabicl@t1,20260912,2021H2,75,24929,136,auc,0.7579502397498344,0.7200274623901524,0.7958730171095165,True
2002H2-E,E,tabicl@t1,20260912,2021H2,75,24929,136,gini,0.5159004794996689,0.4400549247803047,0.591746034219033,True
2002H2-E,E,tabicl@t1,20260912,2021H2,75,24929,136,ks,0.390639791592029,,,True
2002H2-E,E,tabicl@t1,20260912,2021H2,75,24929,136,brier,0.00540759280299614,,,True
2002H2-E,E,tabicl@t1,20260912,2021H2,75,24929,136,brier_miscalibration,2.744912138083304e-05,,,True
2002H2-E,E,tabicl@t1,20260912,2021H2,75,24929,136,brier_discrimination,4.5587509774288465e-05,,,True
2002H2-E,E,tabicl@t1,20260912,2021H2,75,24929,136,brier_uncertainty,0.005425731191389596,,,True
2002H2-E,E,tabicl@t1,20260912,2021H2,75,24929,136,observed_over_expected,0.738412853994711,0.6197909824420961,0.8730235608119346,True
2002H2-E,E,tabicl@t1,20260912,2021H2,75,24929,136,log_oe,-0.30325218804318077,-0.4783729828758326,-0.13579273517689133,True
2002H2-E,E,tabicl@t1,20260912,2021H2,75,24929,136,cox_intercept,-0.7993369315211609,-1.5570642189831199,-0.04160964405920198,True
2002H2-E,E,tabicl@t1,20260912,2021H2,75,24929,136,cox_slope,0.8883967301799072,0.7225883705383189,1.0542050898214954,True
2002H2-E,E,tabicl@t1,20260912,2021H2,75,24929,136,psi,0.10288457571678128,,,True
2002H2-E,E,tabicl@t1,20260912,2021H2,75,24929,136,psi_critical,0.0010170661261475434,,,True
2002H2-E,E,tabicl@t1,20260912,2022H1,77,24889,291,auc,0.7856757275547505,0.7621801883906802,0.8091712667188207,True
2002H2-E,E,tabicl@t1,20260912,2022H1,77,24889,291,gini,0.5713514551095009,0.5243603767813605,0.6183425334376413,True
2002H2-E,E,tabicl@t1,20260912,2022H1,77,24889,291,ks,0.46841486009115935,,,True
2002H2-E,E,tabicl@t1,20260912,2022H1,77,24889,291,brier,0.011410460102521175,,,True
2002H2-E,E,tabicl@t1,20260912,2022H1,77,24889,291,brier_miscalibration,4.797463185315064e-05,,,True
2002H2-E,E,tabicl@t1,20260912,2022H1,77,24889,291,brier_discrimination,0.00019272581069738545,,,True
2002H2-E,E,tabicl@t1,20260912,2022H1,77,24889,291,brier_uncertainty,0.01155521128136541,,,True
2002H2-E,E,tabicl@t1,20260912,2022H1,77,24889,291,observed_over_expected,1.294648587145811,1.150887197443359,1.4512336738786082,True
2002H2-E,E,tabicl@t1,20260912,2022H1,77,24889,291,log_oe,0.2582392970490016,0.14053312097818976,0.3724140042706365,True
2002H2-E,E,tabicl@t1,20260912,2022H1,77,24889,291,cox_intercept,0.2375038529426791,-0.27730129102876366,0.7523089969141218,True
2002H2-E,E,tabicl@t1,20260912,2022H1,77,24889,291,cox_slope,0.9934379657436702,0.8738238380296485,1.1130520934576917,True
2002H2-E,E,tabicl@t1,20260912,2022H1,77,24889,291,psi,0.07396715630165554,,,True
2002H2-E,E,tabicl@t1,20260912,2022H1,77,24889,291,psi_critical,0.0010181568675578937,,,True
2002H2-E,E,tabicl@t1,20260912,2022H2,79,24859,373,auc,0.7791197749592206,0.7570624745234704,0.8011770753949707,True
2002H2-E,E,tabicl@t1,20260912,2022H2,79,24859,373,gini,0.5582395499184412,0.5141249490469408,0.6023541507899415,True
2002H2-E,E,tabicl@t1,20260912,2022H2,79,24859,373,ks,0.46443883565134003,,,True
2002H2-E,E,tabicl@t1,20260912,2022H2,79,24859,373,brier,0.014578352046939842,,,True
2002H2-E,E,tabicl@t1,20260912,2022H2,79,24859,373,brier_miscalibration,0.00012984651785304807,,,True
2002H2-E,E,tabicl@t1,20260912,2022H2,79,24859,373,brier_discrimination,0.0003309817579319717,,,True
2002H2-E,E,tabicl@t1,20260912,2022H2,79,24859,373,brier_uncertainty,0.014779487287018766,,,True
2002H2-E,E,tabicl@t1,20260912,2022H2,79,24859,373,observed_over_expected,1.7236544552442359,1.5542760574898238,1.9062328849766335,True
2002H2-E,E,tabicl@t1,20260912,2022H2,79,24859,373,log_oe,0.5444467201594224,0.4410098793411205,0.6451289829603652,True
2002H2-E,E,tabicl@t1,20260912,2022H2,79,24859,373,cox_intercept,0.5409125494454341,0.08153493784220955,1.0002901610486585,True
2002H2-E,E,tabicl@t1,20260912,2022H2,79,24859,373,cox_slope,0.9953501330004486,0.8898916415717092,1.100808624429188,True
2002H2-E,E,tabicl@t1,20260912,2022H2,79,24859,373,psi,0.09018111286555631,,,True
2002H2-E,E,tabicl@t1,20260912,2022H2,79,24859,373,psi_critical,0.0010189772271646342,,,True
2002H2-E,E,tabicl@t1,20260912,2023H1,81,24882,381,auc,0.7947374476439496,0.7747602535408548,0.8147146417470444,True
2002H2-E,E,tabicl@t1,20260912,2023H1,81,24882,381,gini,0.5894748952878992,0.5495205070817095,0.6294292834940889,True
2002H2-E,E,tabicl@t1,20260912,2023H1,81,24882,381,ks,0.45906305607966513,,,True
2002H2-E,E,tabicl@t1,20260912,2023H1,81,24882,381,brier,0.014888131692942638,,,True
2002H2-E,E,tabicl@t1,20260912,2023H1,81,24882,381,brier_miscalibration,0.0001585099336905392,,,True
2002H2-E,E,tabicl@t1,20260912,2023H1,81,24882,381,brier_discrimination,0.0003481864407133724,,,True
2002H2-E,E,tabicl@t1,20260912,2023H1,81,24882,381,brier_uncertainty,0.015077808199965471,,,True
2002H2-E,E,tabicl@t1,20260912,2023H1,81,24882,381,observed_over_expected,1.8344753306937445,1.6560864750899373,2.026606750569562,True
2002H2-E,E,tabicl@t1,20260912,2023H1,81,24882,381,log_oe,0.606758517295006,0.5044572738568985,0.7063628430092435,True
2002H2-E,E,tabicl@t1,20260912,2023H1,81,24882,381,cox_intercept,0.8761252463550371,0.4087628690985367,1.3434876236115374,True
2002H2-E,E,tabicl@t1,20260912,2023H1,81,24882,381,cox_slope,1.0589725014928681,0.9515640463489883,1.166380956636748,True
2002H2-E,E,tabicl@t1,20260912,2023H1,81,24882,381,psi,0.09938774599029593,,,True
2002H2-E,E,tabicl@t1,20260912,2023H1,81,24882,381,psi_critical,0.001018348107860452,,,True
2002H2-E,E,tabicl@t1,20260912,2023H2,83,24866,363,auc,0.7998105927097925,0.7801683762049121,0.8194528092146729,True
2002H2-E,E,tabicl@t1,20260912,2023H2,83,24866,363,gini,0.599621185419585,0.5603367524098242,0.6389056184293458,True
2002H2-E,E,tabicl@t1,20260912,2023H2,83,24866,363,ks,0.4824059886297163,,,True
2002H2-E,E,tabicl@t1,20260912,2023H2,83,24866,363,brier,0.014182500259036952,,,True
2002H2-E,E,tabicl@t1,20260912,2023H2,83,24866,363,brier_miscalibration,0.00015517943799763997,,,True
2002H2-E,E,tabicl@t1,20260912,2023H2,83,24866,363,brier_discrimination,0.000357816976899716,,,True
2002H2-E,E,tabicl@t1,20260912,2023H2,83,24866,363,brier_uncertainty,0.014385137797939028,,,True
2002H2-E,E,tabicl@t1,20260912,2023H2,83,24866,363,observed_over_expected,1.8414103640751285,1.658015198870253,2.039311314908257,True
2002H2-E,E,tabicl@t1,20260912,2023H2,83,24866,363,log_oe,0.6105317802228424,0.505621223661589,0.7126121601282994,True
2002H2-E,E,tabicl@t1,20260912,2023H2,83,24866,363,cox_intercept,0.9911381569760077,0.5084933323699713,1.473782981582044,True
2002H2-E,E,tabicl@t1,20260912,2023H2,83,24866,363,cox_slope,1.0846111628449857,0.9741241202415221,1.1950982054484494,True
2002H2-E,E,tabicl@t1,20260912,2023H2,83,24866,363,psi,0.1001393319375091,,,True
2002H2-E,E,tabicl@t1,20260912,2023H2,83,24866,363,psi_critical,0.0010187856328701958,,,True
2002H2-E,E,tabicl@t1,20260913,2003H1,1,24276,72,auc,0.8633688302209,0.8176777099167495,0.9090599505250506,False
2002H2-E,E,tabicl@t1,20260913,2003H1,1,24276,72,gini,0.7267376604418001,0.635355419833499,0.8181199010501012,False
2002H2-E,E,tabicl@t1,20260913,2003H1,1,24276,72,ks,0.6234437833966837,,,False
2002H2-E,E,tabicl@t1,20260913,2003H1,1,24276,72,brier,0.0030963304028243464,,,False
2002H2-E,E,tabicl@t1,20260913,2003H1,1,24276,72,brier_miscalibration,0.00020525929277770503,,,False
2002H2-E,E,tabicl@t1,20260913,2003H1,1,24276,72,brier_discrimination,6.602461242716413e-05,,,False
2002H2-E,E,tabicl@t1,20260913,2003H1,1,24276,72,brier_uncertainty,0.0029570957224738055,,,False
2002H2-E,E,tabicl@t1,20260913,2003H1,1,24276,72,observed_over_expected,0.29574377812360547,0.2314712512601115,0.37229704457000723,False
2002H2-E,E,tabicl@t1,20260913,2003H1,1,24276,72,log_oe,-1.2182618139658798,-1.4632995977889454,-0.9880632364373991,False
2002H2-E,E,tabicl@t1,20260913,2003H1,1,24276,72,cox_intercept,-0.743237117471118,-1.4313114995168343,-0.05516273542540162,False
2002H2-E,E,tabicl@t1,20260913,2003H1,1,24276,72,cox_slope,1.1419578197095859,0.9555221144808225,1.3283935249383494,False
2002H2-E,E,tabicl@t1,20260913,2003H1,1,24276,72,psi,0.18514045474897492,,,False
2002H2-E,E,tabicl@t1,20260913,2003H1,1,24276,72,psi_critical,0.0010353221128363722,,,False
2002H2-E,E,tabicl@t1,20260913,2003H2,3,24205,139,auc,0.8368213432245977,0.8029183626209037,0.8707243238282917,True
2002H2-E,E,tabicl@t1,20260913,2003H2,3,24205,139,gini,0.6736426864491953,0.6058367252418073,0.7414486476565834,True
2002H2-E,E,tabicl@t1,20260913,2003H2,3,24205,139,ks,0.5470160894470661,,,True
2002H2-E,E,tabicl@t1,20260913,2003H2,3,24205,139,brier,0.0057791896865858105,,,True
2002H2-E,E,tabicl@t1,20260913,2003H2,3,24205,139,brier_miscalibration,0.00023820563234281788,,,True
2002H2-E,E,tabicl@t1,20260913,2003H2,3,24205,139,brier_discrimination,0.00016865347901295642,,,True
2002H2-E,E,tabicl@t1,20260913,2003H2,3,24205,139,brier_uncertainty,0.005709637533255949,,,True
2002H2-E,E,tabicl@t1,20260913,2003H2,3,24205,139,observed_over_expected,0.438484650833419,0.3687836535897694,0.517467082292078,True
2002H2-E,E,tabicl@t1,20260913,2003H2,3,24205,139,log_oe,-0.8244304715831875,-0.9975451115201545,-0.6588093649631911,True
2002H2-E,E,tabicl@t1,20260913,2003H2,3,24205,139,cox_intercept,-0.7076489036915643,-1.2132249703447984,-0.20207283703833023,True
2002H2-E,E,tabicl@t1,20260913,2003H2,3,24205,139,cox_slope,1.0425819374796543,0.9034481408128774,1.1817157341464313,True
2002H2-E,E,tabicl@t1,20260913,2003H2,3,24205,139,psi,0.04755573051829773,,,True
2002H2-E,E,tabicl@t1,20260913,2003H2,3,24205,139,psi_critical,0.001037366439290114,,,True
2002H2-E,E,tabicl@t1,20260913,2004H1,5,24219,181,auc,0.8190040033299025,0.7875833106749232,0.8504246959848819,True
2002H2-E,E,tabicl@t1,20260913,2004H1,5,24219,181,gini,0.6380080066598051,0.5751666213498463,0.7008493919697638,True
2002H2-E,E,tabicl@t1,20260913,2004H1,5,24219,181,ks,0.516049634119826,,,True
2002H2-E,E,tabicl@t1,20260913,2004H1,5,24219,181,brier,0.007501337780075862,,,True
2002H2-E,E,tabicl@t1,20260913,2004H1,5,24219,181,brier_miscalibration,0.0002431801538157188,,,True
2002H2-E,E,tabicl@t1,20260913,2004H1,5,24219,181,brier_discrimination,0.0001594608429282109,,,True
2002H2-E,E,tabicl@t1,20260913,2004H1,5,24219,181,brier_uncertainty,0.007417618469188354,,,True
2002H2-E,E,tabicl@t1,20260913,2004H1,5,24219,181,observed_over_expected,0.5149976279168224,0.44292501215475283,0.5953844176328243,True
2002H2-E,E,tabicl@t1,20260913,2004H1,5,24219,181,log_oe,-0.6635929843157612,-0.8143547960536252,-0.5185480020012072,True
2002H2-E,E,tabicl@t1,20260913,2004H1,5,24219,181,cox_intercept,-0.8647216659084368,-1.3099871099236962,-0.41945622189317744,True
2002H2-E,E,tabicl@t1,20260913,2004H1,5,24219,181,cox_slope,0.9495872833185236,0.8284884323184104,1.070686134318637,True
2002H2-E,E,tabicl@t1,20260913,2004H1,5,24219,181,psi,0.027883615538445334,,,True
2002H2-E,E,tabicl@t1,20260913,2004H1,5,24219,181,psi_critical,0.0010369623839442791,,,True
2002H2-E,E,tabicl@t1,20260913,2004H2,7,24090,202,auc,0.8082681018018077,0.7812714879458481,0.8352647156577674,True
2002H2-E,E,tabicl@t1,20260913,2004H2,7,24090,202,gini,0.6165362036036155,0.5625429758916962,0.6705294313155348,True
2002H2-E,E,tabicl@t1,20260913,2004H2,7,24090,202,ks,0.4836899756620002,,,True
2002H2-E,E,tabicl@t1,20260913,2004H2,7,24090,202,brier,0.008509771273590783,,,True
2002H2-E,E,tabicl@t1,20260913,2004H2,7,24090,202,brier_miscalibration,0.0003416125633308488,,,True
2002H2-E,E,tabicl@t1,20260913,2004H2,7,24090,202,brier_discrimination,0.00014675142419676504,,,True
2002H2-E,E,tabicl@t1,20260913,2004H2,7,24090,202,brier_uncertainty,0.0083149101344567,,,True
2002H2-E,E,tabicl@t1,20260913,2004H2,7,24090,202,observed_over_expected,0.4838489787375815,0.4196478157452478,0.5550275097553984,True
2002H2-E,E,tabicl@t1,20260913,2004H2,7,24090,202,log_oe,-0.7259824483578751,-0.8683394534108525,-0.588737599337268,True
2002H2-E,E,tabicl@t1,20260913,2004H2,7,24090,202,cox_intercept,-0.9978399808507012,-1.4213769911318659,-0.5743029705695366,True
2002H2-E,E,tabicl@t1,20260913,2004H2,7,24090,202,cox_slope,0.9278386578692575,0.8091926837139602,1.0464846320245547,True
2002H2-E,E,tabicl@t1,20260913,2004H2,7,24090,202,psi,0.005584337514966891,,,True
2002H2-E,E,tabicl@t1,20260913,2004H2,7,24090,202,psi_critical,0.0010407032384610452,,,True
2002H2-E,E,tabicl@t1,20260913,2005H1,9,24233,248,auc,0.7812309608828097,0.7522700117499449,0.8101919100156746,True
2002H2-E,E,tabicl@t1,20260913,2005H1,9,24233,248,gini,0.5624619217656195,0.5045400234998898,0.6203838200313492,True
2002H2-E,E,tabicl@t1,20260913,2005H1,9,24233,248,ks,0.4586688925201907,,,True
2002H2-E,E,tabicl@t1,20260913,2005H1,9,24233,248,brier,0.01020092332645728,,,True
2002H2-E,E,tabicl@t1,20260913,2005H1,9,24233,248,brier_miscalibration,0.00027084189806619516,,,True
2002H2-E,E,tabicl@t1,20260913,2005H1,9,24233,248,brier_discrimination,0.00019916271563304513,,,True
2002H2-E,E,tabicl@t1,20260913,2005H1,9,24233,248,brier_uncertainty,0.01012924414402413,,,True
2002H2-E,E,tabicl@t1,20260913,2005H1,9,24233,248,observed_over_expected,0.6045961692424969,0.5320025020907317,0.6842489342037228,True
2002H2-E,E,tabicl@t1,20260913,2005H1,9,24233,248,log_oe,-0.5031945326765396,-0.6311070864734853,-0.37943348867495075,True
2002H2-E,E,tabicl@t1,20260913,2005H1,9,24233,248,cox_intercept,-1.1186536539634009,-1.5012835620093,-0.7360237459175019,True
2002H2-E,E,tabicl@t1,20260913,2005H1,9,24233,248,cox_slope,0.8268397138099648,0.7244676076521299,0.9292118199677997,True
2002H2-E,E,tabicl@t1,20260913,2005H1,9,24233,248,psi,0.001686267214609864,,,True
2002H2-E,E,tabicl@t1,20260913,2005H1,9,24233,248,psi_critical,0.001036558795463863,,,True
2002H2-E,E,tabicl@t1,20260913,2005H2,11,24082,266,auc,0.8071171746548098,0.7829165020015759,0.8313178473080437,True
2002H2-E,E,tabicl@t1,20260913,2005H2,11,24082,266,gini,0.6142343493096196,0.5658330040031518,0.6626356946160874,True
2002H2-E,E,tabicl@t1,20260913,2005H2,11,24082,266,ks,0.4825930504797432,,,True
2002H2-E,E,tabicl@t1,20260913,2005H2,11,24082,266,brier,0.010868134339456685,,,True
2002H2-E,E,tabicl@t1,20260913,2005H2,11,24082,266,brier_miscalibration,0.0002247535799061555,,,True
2002H2-E,E,tabicl@t1,20260913,2005H2,11,24082,266,brier_discrimination,0.0002802083085313035,,,True
2002H2-E,E,tabicl@t1,20260913,2005H2,11,24082,266,brier_uncertainty,0.010923589068081833,,,True
2002H2-E,E,tabicl@t1,20260913,2005H2,11,24082,266,observed_over_expected,0.6299017916484365,0.5568196239123115,0.7098246426055814,True
2002H2-E,E,tabicl@t1,20260913,2005H2,11,24082,266,log_oe,-0.46219135802040945,-0.5855139264875986,-0.34273732169757365,True
2002H2-E,E,tabicl@t1,20260913,2005H2,11,24082,266,cox_intercept,-0.6987665138132403,-1.069869860677121,-0.3276631669493595,True
2002H2-E,E,tabicl@t1,20260913,2005H2,11,24082,266,cox_slope,0.9358395008658762,0.8318263352704051,1.0398526664613474,True
2002H2-E,E,tabicl@t1,20260913,2005H2,11,24082,266,psi,0.00810528609971126,,,True
2002H2-E,E,tabicl@t1,20260913,2005H2,11,24082,266,psi_critical,0.0010409365492114375,,,True
2002H2-E,E,tabicl@t1,20260913,2006H1,13,23280,405,auc,0.7851189098023341,0.7643717454787149,0.8058660741259533,True
2002H2-E,E,tabicl@t1,20260913,2006H1,13,23280,405,gini,0.5702378196046682,0.5287434909574298,0.6117321482519067,True
2002H2-E,E,tabicl@t1,20260913,2006H1,13,23280,405,ks,0.4587055251973285,,,True
2002H2-E,E,tabicl@t1,20260913,2006H1,13,23280,405,brier,0.016856935928995582,,,True
2002H2-E,E,tabicl@t1,20260913,2006H1,13,23280,405,brier_miscalibration,0.00019512052592052243,,,True
2002H2-E,E,tabicl@t1,20260913,2006H1,13,23280,405,brier_discrimination,0.00043243943272045643,,,True
2002H2-E,E,tabicl@t1,20260913,2006H1,13,23280,405,brier_uncertainty,0.017094254835795516,,,True
2002H2-E,E,tabicl@t1,20260913,2006H1,13,23280,405,observed_over_expected,0.8736773800301612,0.7912897844599128,0.9621925667256641,True
2002H2-E,E,tabicl@t1,20260913,2006H1,13,23280,405,log_oe,-0.13504410187227128,-0.2340910262697167,-0.03854067503693352,True
2002H2-E,E,tabicl@t1,20260913,2006H1,13,23280,405,cox_intercept,-0.6704633522633038,-0.9738506121200063,-0.3670760924066012,True
2002H2-E,E,tabicl@t1,20260913,2006H1,13,23280,405,cox_slope,0.8405092355209003,0.7562298221542815,0.9247886488875191,True
2002H2-E,E,tabicl@t1,20260913,2006H1,13,23280,405,psi,0.040904127037876895,,,True
2002H2-E,E,tabicl@t1,20260913,2006H1,13,23280,405,psi_critical,0.0010651397584764489,,,True
2002H2-E,E,tabicl@t1,20260913,2006H2,15,23898,525,auc,0.7814975358217561,0.7625757003016763,0.8004193713418358,True
2002H2-E,E,tabicl@t1,20260913,2006H2,15,23898,525,gini,0.5629950716435121,0.5251514006033526,0.6008387426836717,True
2002H2-E,E,tabicl@t1,20260913,2006H2,15,23898,525,ks,0.44605827236555,,,True
2002H2-E,E,tabicl@t1,20260913,2006H2,15,23898,525,brier,0.020975872378563094,,,True
2002H2-E,E,tabicl@t1,20260913,2006H2,15,23898,525,brier_miscalibration,0.00016797161050157924,,,True
2002H2-E,E,tabicl@t1,20260913,2006H2,15,23898,525,brier_discrimination,0.0006778557004445754,,,True
2002H2-E,E,tabicl@t1,20260913,2006H2,15,23898,525,brier_uncertainty,0.02148575646850609,,,True
2002H2-E,E,tabicl@t1,20260913,2006H2,15,23898,525,observed_over_expected,1.0912520433832555,1.0007947660891394,1.1875460679593737,True
2002H2-E,E,tabicl@t1,20260913,2006H2,15,23898,525,log_oe,0.08732570068607803,0.0007944504298103453,0.17188905024524023,True
2002H2-E,E,tabicl@t1,20260913,2006H2,15,23898,525,cox_intercept,-0.41787636195492156,-0.688619373366778,-0.14713335054306503,True
2002H2-E,E,tabicl@t1,20260913,2006H2,15,23898,525,cox_slope,0.8459833985460006,0.7708775736043905,0.9210892234876107,True
2002H2-E,E,tabicl@t1,20260913,2006H2,15,23898,525,psi,0.05264046536203253,,,True
2002H2-E,E,tabicl@t1,20260913,2006H2,15,23898,525,psi_critical,0.001046345808876259,,,True
2002H2-E,E,tabicl@t1,20260913,2007H1,17,23169,808,auc,0.7816702945058605,0.7672230863100138,0.7961175027017071,True
2002H2-E,E,tabicl@t1,20260913,2007H1,17,23169,808,gini,0.5633405890117209,0.5344461726200276,0.5922350054034142,True
2002H2-E,E,tabicl@t1,20260913,2007H1,17,23169,808,ks,0.4273640324096808,,,True
2002H2-E,E,tabicl@t1,20260913,2007H1,17,23169,808,brier,0.03262986423946837,,,True
2002H2-E,E,tabicl@t1,20260913,2007H1,17,23169,808,brier_miscalibration,0.00046627169265000407,,,True
2002H2-E,E,tabicl@t1,20260913,2007H1,17,23169,808,brier_discrimination,0.001494383984333096,,,True
2002H2-E,E,tabicl@t1,20260913,2007H1,17,23169,808,brier_uncertainty,0.03365797653115146,,,True
2002H2-E,E,tabicl@t1,20260913,2007H1,17,23169,808,observed_over_expected,1.6211739359323238,1.5130747041757435,1.7347400958682713,True
2002H2-E,E,tabicl@t1,20260913,2007H1,17,23169,808,log_oe,0.4831505386210204,0.4141438084556239,0.550857601525291,True
2002H2-E,E,tabicl@t1,20260913,2007H1,17,23169,808,cox_intercept,-0.03939067689787647,-0.25740415688938595,0.17862280309363304,True
2002H2-E,E,tabicl@t1,20260913,2007H1,17,23169,808,cox_slope,0.8283000219250811,0.7677986892857046,0.8888013545644576,True
2002H2-E,E,tabicl@t1,20260913,2007H1,17,23169,808,psi,0.06943411407194928,,,True
2002H2-E,E,tabicl@t1,20260913,2007H1,17,23169,808,psi_critical,0.0010686215825909393,,,True
2002H2-E,E,tabicl@t1,20260913,2007H2,19,24367,1560,auc,0.7659906483951734,0.755199418471449,0.7767818783188978,True
2002H2-E,E,tabicl@t1,20260913,2007H2,19,24367,1560,gini,0.5319812967903468,0.510398836942898,0.5535637566377956,True
2002H2-E,E,tabicl@t1,20260913,2007H2,19,24367,1560,ks,0.4233884277544118,,,True
2002H2-E,E,tabicl@t1,20260913,2007H2,19,24367,1560,brier,0.059427401198053634,,,True
2002H2-E,E,tabicl@t1,20260913,2007H2,19,24367,1560,brier_miscalibration,0.0031728999223692225,,,True
2002H2-E,E,tabicl@t1,20260913,2007H2,19,24367,1560,brier_discrimination,0.0036678207681389366,,,True
2002H2-E,E,tabicl@t1,20260913,2007H2,19,24367,1560,brier_uncertainty,0.05992232204382335,,,True
2002H2-E,E,tabicl@t1,20260913,2007H2,19,24367,1560,observed_over_expected,3.0110448247234447,2.8679757866868734,3.1590277375523477,True
2002H2-E,E,tabicl@t1,20260913,2007H2,19,24367,1560,log_oe,1.1022871363776425,1.0536064801239364,1.1502643022664736,True
2002H2-E,E,tabicl@t1,20260913,2007H2,19,24367,1560,cox_intercept,0.42282528981788775,0.25539810855971823,0.5902524710760573,True
2002H2-E,E,tabicl@t1,20260913,2007H2,19,24367,1560,cox_slope,0.7636775664342422,0.719378451254013,0.8079766816144714,True
2002H2-E,E,tabicl@t1,20260913,2007H2,19,24367,1560,psi,0.05272066627710531,,,True
2002H2-E,E,tabicl@t1,20260913,2007H2,19,24367,1560,psi_critical,0.0010327193396994369,,,True
2002H2-E,E,tabicl@t1,20260913,2008H1,21,24660,1109,auc,0.7761185086533422,0.7633252782347016,0.7889117390719828,True
2002H2-E,E,tabicl@t1,20260913,2008H1,21,24660,1109,gini,0.5522370173066844,0.5266505564694033,0.5778234781439655,True
2002H2-E,E,tabicl@t1,20260913,2008H1,21,24660,1109,ks,0.4136096790347246,,,True
2002H2-E,E,tabicl@t1,20260913,2008H1,21,24660,1109,brier,0.042359283359296826,,,True
2002H2-E,E,tabicl@t1,20260913,2008H1,21,24660,1109,brier_miscalibration,0.0017578770586427137,,,True
2002H2-E,E,tabicl@t1,20260913,2008H1,21,24660,1109,brier_discrimination,0.0023477615878197203,,,True
2002H2-E,E,tabicl@t1,20260913,2008H1,21,24660,1109,brier_uncertainty,0.04294916788847383,,,True
2002H2-E,E,tabicl@t1,20260913,2008H1,21,24660,1109,observed_over_expected,3.042514379962346,2.869785563328413,3.2225438890179325,True
2002H2-E,E,tabicl@t1,20260913,2008H1,21,24660,1109,log_oe,1.1126842722323353,1.0542373103697957,1.1701710752940637,True
2002H2-E,E,tabicl@t1,20260913,2008H1,21,24660,1109,cox_intercept,0.5540274550413531,0.34455373993351346,0.7635011701491927,True
2002H2-E,E,tabicl@t1,20260913,2008H1,21,24660,1109,cox_slope,0.8233922282196816,0.7716850325084909,0.8750994239308724,True
2002H2-E,E,tabicl@t1,20260913,2008H1,21,24660,1109,psi,0.006120889786973088,,,True
2002H2-E,E,tabicl@t1,20260913,2008H1,21,24660,1109,psi_critical,0.0010244694792870743,,,True
2002H2-E,E,tabicl@t1,20260913,2008H2,23,24746,863,auc,0.7895496386910135,0.7751385363408048,0.8039607410412222,True
2002H2-E,E,tabicl@t1,20260913,2008H2,23,24746,863,gini,0.5790992773820269,0.5502770726816095,0.6079214820824443,True
2002H2-E,E,tabicl@t1,20260913,2008H2,23,24746,863,ks,0.44354820906806736,,,True
2002H2-E,E,tabicl@t1,20260913,2008H2,23,24746,863,brier,0.0329532111010417,,,True
2002H2-E,E,tabicl@t1,20260913,2008H2,23,24746,863,brier_miscalibration,0.0011915032436752918,,,True
2002H2-E,E,tabicl@t1,20260913,2008H2,23,24746,863,brier_discrimination,0.0018963968522800953,,,True
2002H2-E,E,tabicl@t1,20260913,2008H2,23,24746,863,brier_uncertainty,0.0336581047096465,,,True
2002H2-E,E,tabicl@t1,20260913,2008H2,23,24746,863,observed_over_expected,2.8371555761316856,2.654007655125413,3.029257809744436,True
2002H2-E,E,tabicl@t1,20260913,2008H2,23,24746,863,log_oe,1.0428019925789453,0.9760708202786567,1.1083176422377292,True
2002H2-E,E,tabicl@t1,20260913,2008H2,23,24746,863,cox_intercept,0.7871181042455832,0.5402628340500168,1.0339733744411495,True
2002H2-E,E,tabicl@t1,20260913,2008H2,23,24746,863,cox_slope,0.9137283846158488,0.8539446706701534,0.9735120985615442,True
2002H2-E,E,tabicl@t1,20260913,2008H2,23,24746,863,psi,0.040129076632095806,,,True
2002H2-E,E,tabicl@t1,20260913,2008H2,23,24746,863,psi_critical,0.0010220851046916352,,,True
2002H2-E,E,tabicl@t1,20260913,2009H1,25,24844,119,auc,0.8062998869922083,0.7691785565949805,0.8434212173894362,True
2002H2-E,E,tabicl@t1,20260913,2009H1,25,24844,119,gini,0.6125997739844167,0.5383571131899609,0.6868424347788724,True
2002H2-E,E,tabicl@t1,20260913,2009H1,25,24844,119,ks,0.4917745622010179,,,True
2002H2-E,E,tabicl@t1,20260913,2009H1,25,24844,119,brier,0.004719656004747608,,,True
2002H2-E,E,tabicl@t1,20260913,2009H1,25,24844,119,brier_miscalibration,4.636064499387565e-05,,,True
2002H2-E,E,tabicl@t1,20260913,2009H1,25,24844,119,brier_discrimination,9.365051128528649e-05,,,True
2002H2-E,E,tabicl@t1,20260913,2009H1,25,24844,119,brier_uncertainty,0.0047669458710390186,,,True
2002H2-E,E,tabicl@t1,20260913,2009H1,25,24844,119,observed_over_expected,0.6471161475162563,0.5362918896441086,0.7740059387981282,True
2002H2-E,E,tabicl@t1,20260913,2009H1,25,24844,119,log_oe,-0.4352294835658185,-0.6230766959043478,-0.25617573255604753,True
2002H2-E,E,tabicl@t1,20260913,2009H1,25,24844,119,cox_intercept,-0.15566296321111459,-0.837765718509848,0.5264397920876188,True
2002H2-E,E,tabicl@t1,20260913,2009H1,25,24844,119,cox_slope,1.068055494218429,0.9116239202428962,1.224487068193962,True
2002H2-E,E,tabicl@t1,20260913,2009H1,25,24844,119,psi,0.2856101302533307,,,True
2002H2-E,E,tabicl@t1,20260913,2009H1,25,24844,119,psi_critical,0.001019388149927719,,,True
2002H2-E,E,tabicl@t1,20260913,2009H2,27,24709,196,auc,0.851606644371125,0.8249298002633256,0.8782834884789243,True
2002H2-E,E,tabicl@t1,20260913,2009H2,27,24709,196,gini,0.70321328874225,0.6498596005266513,0.7565669769578487,True
2002H2-E,E,tabicl@t1,20260913,2009H2,27,24709,196,ks,0.5708813815576408,,,True
2002H2-E,E,tabicl@t1,20260913,2009H2,27,24709,196,brier,0.00767558896077046,,,True
2002H2-E,E,tabicl@t1,20260913,2009H2,27,24709,196,brier_miscalibration,8.830874059950061e-05,,,True
2002H2-E,E,tabicl@t1,20260913,2009H2,27,24709,196,brier_discrimination,0.00028213023187836396,,,True
2002H2-E,E,tabicl@t1,20260913,2009H2,27,24709,196,brier_uncertainty,0.007869410452049324,,,True
2002H2-E,E,tabicl@t1,20260913,2009H2,27,24709,196,observed_over_expected,0.8307939988737368,0.7189216244256028,0.9550292468651609,True
2002H2-E,E,tabicl@t1,20260913,2009H2,27,24709,196,log_oe,-0.1853734103166474,-0.3300029335648814,-0.04601331398064497,True
2002H2-E,E,tabicl@t1,20260913,2009H2,27,24709,196,cox_intercept,0.359662527074714,-0.10975262745637787,0.8290776816058059,True
2002H2-E,E,tabicl@t1,20260913,2009H2,27,24709,196,cox_slope,1.1430566507734516,1.0243362133466447,1.2617770882002586,True
2002H2-E,E,tabicl@t1,20260913,2009H2,27,24709,196,psi,0.13117357258929985,,,True
2002H2-E,E,tabicl@t1,20260913,2009H2,27,24709,196,psi_critical,0.0010231089059562013,,,True
2002H2-E,E,tabicl@t1,20260913,2010H1,29,24843,191,auc,0.8363139509299289,0.806597174495186,0.8660307273646718,True
2002H2-E,E,tabicl@t1,20260913,2010H1,29,24843,191,gini,0.6726279018598578,0.613194348990372,0.7320614547293436,True
2002H2-E,E,tabicl@t1,20260913,2010H1,29,24843,191,ks,0.5783904622502299,,,True
2002H2-E,E,tabicl@t1,20260913,2010H1,29,24843,191,brier,0.007448201884296261,,,True
2002H2-E,E,tabicl@t1,20260913,2010H1,29,24843,191,brier_miscalibration,8.22753353010644e-05,,,True
2002H2-E,E,tabicl@t1,20260913,2010H1,29,24843,191,brier_discrimination,0.00026324617809132984,,,True
2002H2-E,E,tabicl@t1,20260913,2010H1,29,24843,191,brier_uncertainty,0.0076291727270865264,,,True
2002H2-E,E,tabicl@t1,20260913,2010H1,29,24843,191,observed_over_expected,0.7485714976334004,0.6464975363554035,0.8620854890316954,True
2002H2-E,E,tabicl@t1,20260913,2010H1,29,24843,191,log_oe,-0.2895885584640075,-0.436185891519321,-0.14840083802519657,True
2002H2-E,E,tabicl@t1,20260913,2010H1,29,24843,191,cox_intercept,-0.07916055667702471,-0.5273284543920871,0.3690073410380376,True
2002H2-E,E,tabicl@t1,20260913,2010H1,29,24843,191,cox_slope,1.059248049124172,0.9447918406906247,1.1737042575577192,True
2002H2-E,E,tabicl@t1,20260913,2010H1,29,24843,191,psi,0.11828420319272152,,,True
2002H2-E,E,tabicl@t1,20260913,2010H1,29,24843,191,psi_critical,0.0010194155624220973,,,True
2002H2-E,E,tabicl@t1,20260913,2010H2,31,24683,152,auc,0.8459610181746404,0.8132713475446501,0.8786506888046307,True
2002H2-E,E,tabicl@t1,20260913,2010H2,31,24683,152,gini,0.6919220363492808,0.6265426950893003,0.7573013776092614,True
2002H2-E,E,tabicl@t1,20260913,2010H2,31,24683,152,ks,0.5726392920665366,,,True
2002H2-E,E,tabicl@t1,20260913,2010H2,31,24683,152,brier,0.005996275990963244,,,True
2002H2-E,E,tabicl@t1,20260913,2010H2,31,24683,152,brier_miscalibration,6.916843896219785e-05,,,True
2002H2-E,E,tabicl@t1,20260913,2010H2,31,24683,152,brier_discrimination,0.00019305495475403604,,,True
2002H2-E,E,tabicl@t1,20260913,2010H2,31,24683,152,brier_uncertainty,0.0061201625067550825,,,True
2002H2-E,E,tabicl@t1,20260913,2010H2,31,24683,152,observed_over_expected,0.7135605130365197,0.6049050224950584,0.8360002300529514,True
2002H2-E,E,tabicl@t1,20260913,2010H2,31,24683,152,log_oe,-0.33748803411771583,-0.5026838208866142,-0.17912639071451703,True
2002H2-E,E,tabicl@t1,20260913,2010H2,31,24683,152,cox_intercept,-0.05712357614023453,-0.5601087894145304,0.44586163713406124,True
2002H2-E,E,tabicl@t1,20260913,2010H2,31,24683,152,cox_slope,1.0754647438652536,0.9507193996920601,1.200210088038447,True
2002H2-E,E,tabicl@t1,20260913,2010H2,31,24683,152,psi,0.24828811938934492,,,True
2002H2-E,E,tabicl@t1,20260913,2010H2,31,24683,152,psi_critical,0.0010238301701137374,,,True
2002H2-E,E,tabicl@t1,20260913,2011H1,33,24614,195,auc,0.858554026341405,0.8342373138173876,0.8828707388654223,True
2002H2-E,E,tabicl@t1,20260913,2011H1,33,24614,195,gini,0.71710805268281,0.6684746276347753,0.7657414777308447,True
2002H2-E,E,tabicl@t1,20260913,2011H1,33,24614,195,ks,0.5875477376275935,,,True
2002H2-E,E,tabicl@t1,20260913,2011H1,33,24614,195,brier,0.0077414554408721135,,,True
2002H2-E,E,tabicl@t1,20260913,2011H1,33,24614,195,brier_miscalibration,0.00010335150110474169,,,True
2002H2-E,E,tabicl@t1,20260913,2011H1,33,24614,195,brier_discrimination,0.00022145352659508864,,,True
2002H2-E,E,tabicl@t1,20260913,2011H1,33,24614,195,brier_uncertainty,0.00785955746636246,,,True
2002H2-E,E,tabicl@t1,20260913,2011H1,33,24614,195,observed_over_expected,0.7258299762542418,0.627850098226983,0.8346670308909526,True
2002H2-E,E,tabicl@t1,20260913,2011H1,33,24614,195,log_oe,-0.320439484071954,-0.46545383809741453,-0.18072239905940318,True
2002H2-E,E,tabicl@t1,20260913,2011H1,33,24614,195,cox_intercept,-0.10750473679090092,-0.5401396176677528,0.32513014408595087,True
2002H2-E,E,tabicl@t1,20260913,2011H1,33,24614,195,cox_slope,1.0620204072841541,0.9489598873149351,1.175080927253373,True
2002H2-E,E,tabicl@t1,20260913,2011H1,33,24614,195,psi,0.10401995306246162,,,True
2002H2-E,E,tabicl@t1,20260913,2011H1,33,24614,195,psi_critical,0.0010257516819624198,,,True
2002H2-E,E,tabicl@t1,20260913,2011H2,35,24646,119,auc,0.8818186303346714,0.8535724273198763,0.9100648333494666,True
2002H2-E,E,tabicl@t1,20260913,2011H2,35,24646,119,gini,0.7636372606693429,0.7071448546397525,0.8201296666989333,True
2002H2-E,E,tabicl@t1,20260913,2011H2,35,24646,119,ks,0.6324887030687841,,,True
2002H2-E,E,tabicl@t1,20260913,2011H2,35,24646,119,brier,0.004774968235909803,,,True
2002H2-E,E,tabicl@t1,20260913,2011H2,35,24646,119,brier_miscalibration,0.00012136685332432388,,,True
2002H2-E,E,tabicl@t1,20260913,2011H2,35,24646,119,brier_discrimination,0.00015145517847494315,,,True
2002H2-E,E,tabicl@t1,20260913,2011H2,35,24646,119,brier_uncertainty,0.004805056561060422,,,True
2002H2-E,E,tabicl@t1,20260913,2011H2,35,24646,119,observed_over_expected,0.5669735599098253,0.4698758949665608,0.6781460177852067,True
2002H2-E,E,tabicl@t1,20260913,2011H2,35,24646,119,log_oe,-0.5674426078940059,-0.7552866724088704,-0.38839264876464746,True
2002H2-E,E,tabicl@t1,20260913,2011H2,35,24646,119,cox_intercept,-0.06955191096939274,-0.6167856336659702,0.4776818117271847,True
2002H2-E,E,tabicl@t1,20260913,2011H2,35,24646,119,cox_slope,1.1365898210932766,0.9962813160239083,1.2768983261626448,True
2002H2-E,E,tabicl@t1,20260913,2011H2,35,24646,119,psi,0.28320149757954144,,,True
2002H2-E,E,tabicl@t1,20260913,2011H2,35,24646,119,psi_critical,0.0010248592082078211,,,True
2002H2-E,E,tabicl@t1,20260913,2012H1,37,24306,148,auc,0.8699922861432506,0.8462340829751644,0.8937504893113368,True
2002H2-E,E,tabicl@t1,20260913,2012H1,37,24306,148,gini,0.7399845722865013,0.6924681659503289,0.7875009786226737,True
2002H2-E,E,tabicl@t1,20260913,2012H1,37,24306,148,ks,0.6354836291710205,,,True
2002H2-E,E,tabicl@t1,20260913,2012H1,37,24306,148,brier,0.006148223064552989,,,True
2002H2-E,E,tabicl@t1,20260913,2012H1,37,24306,148,brier_miscalibration,0.0002498187146247992,,,True
2002H2-E,E,tabicl@t1,20260913,2012H1,37,24306,148,brier_discrimination,0.00015355086013524484,,,True
2002H2-E,E,tabicl@t1,20260913,2012H1,37,24306,148,brier_uncertainty,0.006051955210063435,,,True
2002H2-E,E,tabicl@t1,20260913,2012H1,37,24306,148,observed_over_expected,0.46593721113989095,0.3940734618607551,0.5470494974825867,True
2002H2-E,E,tabicl@t1,20260913,2012H1,37,24306,148,log_oe,-0.7637043939778987,-0.9312179356408733,-0.603215991654794,True
2002H2-E,E,tabicl@t1,20260913,2012H1,37,24306,148,cox_intercept,-0.5778219195392771,-1.0379109049088058,-0.1177329341697485,True
2002H2-E,E,tabicl@t1,20260913,2012H1,37,24306,148,cox_slope,1.0648425762967721,0.9356024101023956,1.1940827424911487,True
2002H2-E,E,tabicl@t1,20260913,2012H1,37,24306,148,psi,0.086176759749337,,,True
2002H2-E,E,tabicl@t1,20260913,2012H1,37,24306,148,psi_critical,0.0010344619023195318,,,True
2002H2-E,E,tabicl@t1,20260913,2012H2,39,24538,131,auc,0.8691072858900134,0.8417532361390135,0.8964613356410133,True
2002H2-E,E,tabicl@t1,20260913,2012H2,39,24538,131,gini,0.7382145717800268,0.6835064722780271,0.7929226712820265,True
2002H2-E,E,tabicl@t1,20260913,2012H2,39,24538,131,ks,0.6412576544646652,,,True
2002H2-E,E,tabicl@t1,20260913,2012H2,39,24538,131,brier,0.005431437015152736,,,True
2002H2-E,E,tabicl@t1,20260913,2012H2,39,24538,131,brier_miscalibration,0.00025045694221225226,,,True
2002H2-E,E,tabicl@t1,20260913,2012H2,39,24538,131,brier_discrimination,0.00012917706083711775,,,True
2002H2-E,E,tabicl@t1,20260913,2012H2,39,24538,131,brier_uncertainty,0.005310157133777601,,,True
2002H2-E,E,tabicl@t1,20260913,2012H2,39,24538,131,observed_over_expected,0.43441722660059,0.36336707299282783,0.5152401924501727,True
2002H2-E,E,tabicl@t1,20260913,2012H2,39,24538,131,log_oe,-0.8337498550699866,-1.0123417352902648,-0.6631220939387295,True
2002H2-E,E,tabicl@t1,20260913,2012H2,39,24538,131,cox_intercept,-0.6028320589315614,-1.0957482431555208,-0.10991587470760217,True
2002H2-E,E,tabicl@t1,20260913,2012H2,39,24538,131,cox_slope,1.0768084131706177,0.9402393720191564,1.213377454322079,True
2002H2-E,E,tabicl@t1,20260913,2012H2,39,24538,131,psi,0.0860121995479191,,,True
2002H2-E,E,tabicl@t1,20260913,2012H2,39,24538,131,psi_critical,0.0010278806363136351,,,True
2002H2-E,E,tabicl@t1,20260913,2013H1,41,24341,85,auc,0.8498850496663047,0.8156507197873692,0.8841193795452402,False
2002H2-E,E,tabicl@t1,20260913,2013H1,41,24341,85,gini,0.6997700993326095,0.6313014395747385,0.7682387590904804,False
2002H2-E,E,tabicl@t1,20260913,2013H1,41,24341,85,ks,0.5759807155051995,,,False
2002H2-E,E,tabicl@t1,20260913,2013H1,41,24341,85,brier,0.003825384922355081,,,False
2002H2-E,E,tabicl@t1,20260913,2013H1,41,24341,85,brier_miscalibration,0.0004277923264996357,,,False
2002H2-E,E,tabicl@t1,20260913,2013H1,41,24341,85,brier_discrimination,8.226343765846324e-05,,,False
2002H2-E,E,tabicl@t1,20260913,2013H1,41,24341,85,brier_uncertainty,0.0034798560335139086,,,False
2002H2-E,E,tabicl@t1,20260913,2013H1,41,24341,85,observed_over_expected,0.2660150711483124,0.21255376334699327,0.32879584129143297,False
2002H2-E,E,tabicl@t1,20260913,2013H1,41,24341,85,log_oe,-1.324202313353165,-1.548560318631926,-1.1123182640205114,False
2002H2-E,E,tabicl@t1,20260913,2013H1,41,24341,85,cox_intercept,-1.3334129421216339,-1.9337441703222746,-0.7330817139209931,False
2002H2-E,E,tabicl@t1,20260913,2013H1,41,24341,85,cox_slope,1.0106503508268467,0.8448688425728244,1.1764318590808691,False
2002H2-E,E,tabicl@t1,20260913,2013H1,41,24341,85,psi,0.05486677298979849,,,False
2002H2-E,E,tabicl@t1,20260913,2013H1,41,24341,85,psi_critical,0.0010334610033319,,,False
2002H2-E,E,tabicl@t1,20260913,2013H2,43,23974,142,auc,0.8333513585710302,0.8034345550544625,0.8632681620875978,True
2002H2-E,E,tabicl@t1,20260913,2013H2,43,23974,142,gini,0.6667027171420603,0.606869110108925,0.7265363241751956,True
2002H2-E,E,tabicl@t1,20260913,2013H2,43,23974,142,ks,0.5371934527608755,,,True
2002H2-E,E,tabicl@t1,20260913,2013H2,43,23974,142,brier,0.006137666070017511,,,True
2002H2-E,E,tabicl@t1,20260913,2013H2,43,23974,142,brier_miscalibration,0.00036088728371178394,,,True
2002H2-E,E,tabicl@t1,20260913,2013H2,43,23974,142,brier_discrimination,0.00011122163772361686,,,True
2002H2-E,E,tabicl@t1,20260913,2013H2,43,23974,142,brier_uncertainty,0.005888000424029344,,,True
2002H2-E,E,tabicl@t1,20260913,2013H2,43,23974,142,observed_over_expected,0.41713497605896543,0.3515063710610594,0.4914009261261805,True
2002H2-E,E,tabicl@t1,20260913,2013H2,43,23974,142,log_oe,-0.8743454259629275,-1.0455274425441592,-0.7104949342281722,True
2002H2-E,E,tabicl@t1,20260913,2013H2,43,23974,142,cox_intercept,-1.0425417998318263,-1.520153478896562,-0.5649301207670905,True
2002H2-E,E,tabicl@t1,20260913,2013H2,43,23974,142,cox_slope,0.9613551672232376,0.8313823864055792,1.091327948040896,True
2002H2-E,E,tabicl@t1,20260913,2013H2,43,23974,142,psi,0.016936377347041544,,,True
2002H2-E,E,tabicl@t1,20260913,2013H2,43,23974,142,psi_critical,0.0010441014843782371,,,True
2002H2-E,E,tabicl@t1,20260913,2014H1,45,24341,137,auc,0.8186119022373088,0.7870917199115882,0.8501320845630295,True
2002H2-E,E,tabicl@t1,20260913,2014H1,45,24341,137,gini,0.6372238044746177,0.5741834398231764,0.7002641691260589,True
2002H2-E,E,tabicl@t1,20260913,2014H1,45,24341,137,ks,0.5082416853340281,,,True
2002H2-E,E,tabicl@t1,20260913,2014H1,45,24341,137,brier,0.005781286185493494,,,True
2002H2-E,E,tabicl@t1,20260913,2014H1,45,24341,137,brier_miscalibration,0.00025986651107019233,,,True
2002H2-E,E,tabicl@t1,20260913,2014H1,45,24341,137,brier_discrimination,7.526551425936657e-05,,,True
2002H2-E,E,tabicl@t1,20260913,2014H1,45,24341,137,brier_uncertainty,0.005596685188682668,,,True
2002H2-E,E,tabicl@t1,20260913,2014H1,45,24341,137,observed_over_expected,0.45635687975659833,0.3833070957047512,0.5392116143522282,True
2002H2-E,E,tabicl@t1,20260913,2014H1,45,24341,137,log_oe,-0.7844801445185592,-0.95891879462309,-0.6176471796452719,True
2002H2-E,E,tabicl@t1,20260913,2014H1,45,24341,137,cox_intercept,-1.0775639226843559,-1.593939360988149,-0.5611884843805629,True
2002H2-E,E,tabicl@t1,20260913,2014H1,45,24341,137,cox_slope,0.9274301570410726,0.7953540462835705,1.0595062677985747,True
2002H2-E,E,tabicl@t1,20260913,2014H1,45,24341,137,psi,0.04375705084154812,,,True
2002H2-E,E,tabicl@t1,20260913,2014H1,45,24341,137,psi_critical,0.0010334610033319,,,True
2002H2-E,E,tabicl@t1,20260913,2014H2,47,24213,99,auc,0.8153040733284577,0.777791413807675,0.8528167328492403,False
2002H2-E,E,tabicl@t1,20260913,2014H2,47,24213,99,gini,0.6306081466569153,0.55558282761535,0.7056334656984806,False
2002H2-E,E,tabicl@t1,20260913,2014H2,47,24213,99,ks,0.49580150849123233,,,False
2002H2-E,E,tabicl@t1,20260913,2014H2,47,24213,99,brier,0.004253069729657168,,,False
2002H2-E,E,tabicl@t1,20260913,2014H2,47,24213,99,brier_miscalibration,0.0002444144888524369,,,False
2002H2-E,E,tabicl@t1,20260913,2014H2,47,24213,99,brier_discrimination,6.333986286577963e-05,,,False
2002H2-E,E,tabicl@t1,20260913,2014H2,47,24213,99,brier_uncertainty,0.004071995103670511,,,False
2002H2-E,E,tabicl@t1,20260913,2014H2,47,24213,99,observed_over_expected,0.3712269028354762,0.3018243172661108,0.4517543666253686,False
2002H2-E,E,tabicl@t1,20260913,2014H2,47,24213,99,log_oe,-0.990941805385211,-1.1979101617852592,-0.7946166835346696,False
2002H2-E,E,tabicl@t1,20260913,2014H2,47,24213,99,cox_intercept,-1.2311981077389593,-1.8637091814340585,-0.5986870340438603,False
2002H2-E,E,tabicl@t1,20260913,2014H2,47,24213,99,cox_slope,0.9441752659625815,0.7868663365673864,1.1014841953577768,False
2002H2-E,E,tabicl@t1,20260913,2014H2,47,24213,99,psi,0.07565062852413795,,,False
2002H2-E,E,tabicl@t1,20260913,2014H2,47,24213,99,psi_critical,0.0010371354933066512,,,False
2002H2-E,E,tabicl@t1,20260913,2015H1,49,24159,83,auc,0.8153382761816498,0.7718557101766237,0.8588208421866759,False
2002H2-E,E,tabicl@t1,20260913,2015H1,49,24159,83,gini,0.6306765523632996,0.5437114203532474,0.7176416843733517,False
2002H2-E,E,tabicl@t1,20260913,2015H1,49,24159,83,ks,0.513551464539,,,False
2002H2-E,E,tabicl@t1,20260913,2015H1,49,24159,83,brier,0.0035437537261446797,,,False
2002H2-E,E,tabicl@t1,20260913,2015H1,49,24159,83,brier_miscalibration,0.00015776171590252928,,,False
2002H2-E,E,tabicl@t1,20260913,2015H1,49,24159,83,brier_discrimination,3.77774946567354e-05,,,False
2002H2-E,E,tabicl@t1,20260913,2015H1,49,24159,83,brier_uncertainty,0.003423769504898886,,,False
2002H2-E,E,tabicl@t1,20260913,2015H1,49,24159,83,observed_over_expected,0.36076306346575765,0.28744037385018373,0.44703588709493414,False
2002H2-E,E,tabicl@t1,20260913,2015H1,49,24159,83,log_oe,-1.0195338700205019,-1.2467398355578208,-0.8051164032624707,False
2002H2-E,E,tabicl@t1,20260913,2015H1,49,24159,83,cox_intercept,-0.9731138862146,-1.706503738502938,-0.23972403392626207,False
2002H2-E,E,tabicl@t1,20260913,2015H1,49,24159,83,cox_slope,1.0178804039964364,0.8388931401767112,1.1968676678161616,False
2002H2-E,E,tabicl@t1,20260913,2015H1,49,24159,83,psi,0.13042563175170477,,,False
2002H2-E,E,tabicl@t1,20260913,2015H1,49,24159,83,psi_critical,0.0010386973468943647,,,False
2002H2-E,E,tabicl@t1,20260913,2015H2,51,24159,130,auc,0.7871872769121927,0.7518559561932352,0.8225185976311502,True
2002H2-E,E,tabicl@t1,20260913,2015H2,51,24159,130,gini,0.5743745538243854,0.5037119123864704,0.6450371952623004,True
2002H2-E,E,tabicl@t1,20260913,2015H2,51,24159,130,ks,0.43615887213207116,,,True
2002H2-E,E,tabicl@t1,20260913,2015H2,51,24159,130,brier,0.005434414339400425,,,True
2002H2-E,E,tabicl@t1,20260913,2015H2,51,24159,130,brier_miscalibration,0.0001344165287208189,,,True
2002H2-E,E,tabicl@t1,20260913,2015H2,51,24159,130,brier_discrimination,5.2064266997105084e-05,,,True
2002H2-E,E,tabicl@t1,20260913,2015H2,51,24159,130,brier_uncertainty,0.005352062077676711,,,True
2002H2-E,E,tabicl@t1,20260913,2015H2,51,24159,130,observed_over_expected,0.5229774114115893,0.43713090845211156,0.6206797658951361,True
2002H2-E,E,tabicl@t1,20260913,2015H2,51,24159,130,log_oe,-0.6482170062675584,-0.8275225670708745,-0.47694000494173955,True
2002H2-E,E,tabicl@t1,20260913,2015H2,51,24159,130,cox_intercept,-1.0343799783840406,-1.6536960050172569,-0.41506395175082444,True
2002H2-E,E,tabicl@t1,20260913,2015H2,51,24159,130,cox_slope,0.9069115710465534,0.7589699038299633,1.0548532382631435,True
2002H2-E,E,tabicl@t1,20260913,2015H2,51,24159,130,psi,0.08833177513029691,,,True
2002H2-E,E,tabicl@t1,20260913,2015H2,51,24159,130,psi_critical,0.0010386973468943647,,,True
2002H2-E,E,tabicl@t1,20260913,2016H1,53,24632,115,auc,0.7933256604556554,0.7474611840400532,0.8391901368712577,True
2002H2-E,E,tabicl@t1,20260913,2016H1,53,24632,115,gini,0.5866513209113109,0.4949223680801065,0.6783802737425153,True
2002H2-E,E,tabicl@t1,20260913,2016H1,53,24632,115,ks,0.5015089795722931,,,True
2002H2-E,E,tabicl@t1,20260913,2016H1,53,24632,115,brier,0.004698827713885635,,,True
2002H2-E,E,tabicl@t1,20260913,2016H1,53,24632,115,brier_miscalibration,0.00011489659096639796,,,True
2002H2-E,E,tabicl@t1,20260913,2016H1,53,24632,115,brier_discrimination,6.299550848180065e-05,,,True
2002H2-E,E,tabicl@t1,20260913,2016H1,53,24632,115,brier_uncertainty,0.004646926631401037,,,True
2002H2-E,E,tabicl@t1,20260913,2016H1,53,24632,115,observed_over_expected,0.4673825620659699,0.3860217153618089,0.5607593839279624,True
2002H2-E,E,tabicl@t1,20260913,2016H1,53,24632,115,log_oe,-0.7606071659474023,-0.9518616536856824,-0.5784633711200358,True
2002H2-E,E,tabicl@t1,20260913,2016H1,53,24632,115,cox_intercept,-0.760925876296644,-1.4221137944848607,-0.09973795810842723,True
2002H2-E,E,tabicl@t1,20260913,2016H1,53,24632,115,cox_slope,1.0045695757191613,0.8435719712712646,1.165567180167058,True
2002H2-E,E,tabicl@t1,20260913,2016H1,53,24632,115,psi,0.09813425083101321,,,True
2002H2-E,E,tabicl@t1,20260913,2016H1,53,24632,115,psi_critical,0.0010252493801461782,,,True
2002H2-E,E,tabicl@t1,20260913,2016H2,55,24760,121,auc,0.7599661425026977,0.7185822851515451,0.8013499998538502,True
2002H2-E,E,tabicl@t1,20260913,2016H2,55,24760,121,gini,0.5199322850053953,0.4371645703030902,0.6026999997077005,True
2002H2-E,E,tabicl@t1,20260913,2016H2,55,24760,121,ks,0.43969598691049167,,,True
2002H2-E,E,tabicl@t1,20260913,2016H2,55,24760,121,brier,0.0049487888273201585,,,True
2002H2-E,E,tabicl@t1,20260913,2016H2,55,24760,121,brier_miscalibration,0.00011764724636670939,,,True
2002H2-E,E,tabicl@t1,20260913,2016H2,55,24760,121,brier_discrimination,3.1890864937442545e-05,,,True
2002H2-E,E,tabicl@t1,20260913,2016H2,55,24760,121,brier_uncertainty,0.004863032445890892,,,True
2002H2-E,E,tabicl@t1,20260913,2016H2,55,24760,121,observed_over_expected,0.5209531270630179,0.4324444222709525,0.6221758544276531,True
2002H2-E,E,tabicl@t1,20260913,2016H2,55,24760,121,log_oe,-0.6520952085255517,-0.838301464287238,-0.4745325020416876,True
2002H2-E,E,tabicl@t1,20260913,2016H2,55,24760,121,cox_intercept,-1.4241725456276193,-2.1232924743859076,-0.7250526168693312,True
2002H2-E,E,tabicl@t1,20260913,2016H2,55,24760,121,cox_slope,0.8173516241339713,0.6586165809106892,0.9760866673572535,True
2002H2-E,E,tabicl@t1,20260913,2016H2,55,24760,121,psi,0.12505140903019368,,,True
2002H2-E,E,tabicl@t1,20260913,2016H2,55,24760,121,psi_critical,0.0010216985183533317,,,True
2002H2-E,E,tabicl@t1,20260913,2017H1,57,24541,162,auc,0.7814195986325005,0.7510491506237771,0.811790046641224,True
2002H2-E,E,tabicl@t1,20260913,2017H1,57,24541,162,gini,0.5628391972650011,0.5020983012475542,0.623580093282448,True
2002H2-E,E,tabicl@t1,20260913,2017H1,57,24541,162,ks,0.4427143073450688,,,True
2002H2-E,E,tabicl@t1,20260913,2017H1,57,24541,162,brier,0.006620796501767671,,,True
2002H2-E,E,tabicl@t1,20260913,2017H1,57,24541,162,brier_miscalibration,0.0001282762403390248,,,True
2002H2-E,E,tabicl@t1,20260913,2017H1,57,24541,162,brier_discrimination,6.510191879135086e-05,,,True
2002H2-E,E,tabicl@t1,20260913,2017H1,57,24541,162,brier_uncertainty,0.006557622180219997,,,True
2002H2-E,E,tabicl@t1,20260913,2017H1,57,24541,162,observed_over_expected,0.5890540695491634,0.5020730400400408,0.6866934909912893,True
2002H2-E,E,tabicl@t1,20260913,2017H1,57,24541,162,log_oe,-0.5292373006487968,-0.6890096717864973,-0.37586724207919836,True
2002H2-E,E,tabicl@t1,20260913,2017H1,57,24541,162,cox_intercept,-0.9728517800133732,-1.538928970435855,-0.4067745895908914,True
2002H2-E,E,tabicl@t1,20260913,2017H1,57,24541,162,cox_slope,0.8905238027361347,0.7537028181012168,1.0273447873710526,True
2002H2-E,E,tabicl@t1,20260913,2017H1,57,24541,162,psi,0.056989565874298105,,,True
2002H2-E,E,tabicl@t1,20260913,2017H1,57,24541,162,psi_critical,0.0010277963486622491,,,True
2002H2-E,E,tabicl@t1,20260913,2017H2,59,24680,143,auc,0.789261315364751,0.7539312650261474,0.8245913657033546,True
2002H2-E,E,tabicl@t1,20260913,2017H2,59,24680,143,gini,0.5785226307295019,0.5078625300522948,0.6491827314067091,True
2002H2-E,E,tabicl@t1,20260913,2017H2,59,24680,143,ks,0.4605728867863603,,,True
2002H2-E,E,tabicl@t1,20260913,2017H2,59,24680,143,brier,0.005793660431143061,,,True
2002H2-E,E,tabicl@t1,20260913,2017H2,59,24680,143,brier_miscalibration,0.0001800514710445086,,,True
2002H2-E,E,tabicl@t1,20260913,2017H2,59,24680,143,brier_discrimination,0.00014698400423716548,,,True
2002H2-E,E,tabicl@t1,20260913,2017H2,59,24680,143,brier_uncertainty,0.005760592964335718,,,True
2002H2-E,E,tabicl@t1,20260913,2017H2,59,24680,143,observed_over_expected,0.5184039489774299,0.4371117152907605,0.6103571479067605,True
2002H2-E,E,tabicl@t1,20260913,2017H2,59,24680,143,log_oe,-0.657000516346871,-0.8275664751596199,-0.4937110047744865,True
2002H2-E,E,tabicl@t1,20260913,2017H2,59,24680,143,cox_intercept,-0.7967740922687659,-1.4075583847386497,-0.1859897997988822,True
2002H2-E,E,tabicl@t1,20260913,2017H2,59,24680,143,cox_slope,0.9683094876086062,0.8175701390718473,1.1190488361453652,True
2002H2-E,E,tabicl@t1,20260913,2017H2,59,24680,143,psi,0.0560767643474033,,,True
2002H2-E,E,tabicl@t1,20260913,2017H2,59,24680,143,psi_critical,0.0010239134906912927,,,True
2002H2-E,E,tabicl@t1,20260913,2018H1,61,24416,148,auc,0.7690748633502467,0.7329358024646235,0.8052139242358698,True
2002H2-E,E,tabicl@t1,20260913,2018H1,61,24416,148,gini,0.5381497267004933,0.46587160492924706,0.6104278484717396,True
2002H2-E,E,tabicl@t1,20260913,2018H1,61,24416,148,ks,0.40719733248989887,,,True
2002H2-E,E,tabicl@t1,20260913,2018H1,61,24416,148,brier,0.006090348093099109,,,True
2002H2-E,E,tabicl@t1,20260913,2018H1,61,24416,148,brier_miscalibration,0.00013771865838392225,,,True
2002H2-E,E,tabicl@t1,20260913,2018H1,61,24416,148,brier_discrimination,7.222653494310793e-05,,,True
2002H2-E,E,tabicl@t1,20260913,2018H1,61,24416,148,brier_uncertainty,0.006024855969658295,,,True
2002H2-E,E,tabicl@t1,20260913,2018H1,61,24416,148,observed_over_expected,0.5429773330991353,0.45923037884929113,0.637502616041997,True
2002H2-E,E,tabicl@t1,20260913,2018H1,61,24416,148,log_oe,-0.6106877037516629,-0.7782032801343078,-0.45019689836268617,True
2002H2-E,E,tabicl@t1,20260913,2018H1,61,24416,148,cox_intercept,-1.0804153697076149,-1.6916803777413472,-0.4691503616738826,True
2002H2-E,E,tabicl@t1,20260913,2018H1,61,24416,148,cox_slope,0.8847243944009302,0.7375748967958107,1.0318738920060497,True
2002H2-E,E,tabicl@t1,20260913,2018H1,61,24416,148,psi,0.05743271875458246,,,True
2002H2-E,E,tabicl@t1,20260913,2018H1,61,24416,148,psi_critical,0.0010313258825568768,,,True
2002H2-E,E,tabicl@t1,20260913,2018H2,63,24543,146,auc,0.7733892163925388,0.7389191102841887,0.8078593225008889,True
2002H2-E,E,tabicl@t1,20260913,2018H2,63,24543,146,gini,0.5467784327850775,0.4778382205683773,0.6157186450017778,True
2002H2-E,E,tabicl@t1,20260913,2018H2,63,24543,146,ks,0.4374925953729995,,,True
2002H2-E,E,tabicl@t1,20260913,2018H2,63,24543,146,brier,0.006014569447350821,,,True
2002H2-E,E,tabicl@t1,20260913,2018H2,63,24543,146,brier_miscalibration,0.0001473824724463474,,,True
2002H2-E,E,tabicl@t1,20260913,2018H2,63,24543,146,brier_discrimination,4.616850399876728e-05,,,True
2002H2-E,E,tabicl@t1,20260913,2018H2,63,24543,146,brier_uncertainty,0.005913355478903241,,,True
2002H2-E,E,tabicl@t1,20260913,2018H2,63,24543,146,observed_over_expected,0.5231431382638262,0.44192414460186213,0.614893292216524,True
2002H2-E,E,tabicl@t1,20260913,2018H2,63,24543,146,log_oe,-0.6479001654337276,-0.8166170301804102,-0.48630653482099406,True
2002H2-E,E,tabicl@t1,20260913,2018H2,63,24543,146,cox_intercept,-1.1474299504388257,-1.7783768624523546,-0.5164830384252969,True
2002H2-E,E,tabicl@t1,20260913,2018H2,63,24543,146,cox_slope,0.877432645206973,0.7256016400582627,1.0292636503556833,True
2002H2-E,E,tabicl@t1,20260913,2018H2,63,24543,146,psi,0.0555450451651737,,,True
2002H2-E,E,tabicl@t1,20260913,2018H2,63,24543,146,psi_critical,0.0010277401683422744,,,True
2002H2-E,E,tabicl@t1,20260913,2019H1,65,24752,110,auc,0.7209155101046993,0.6745201274251525,0.7673108927842461,True
2002H2-E,E,tabicl@t1,20260913,2019H1,65,24752,110,gini,0.4418310202093987,0.3490402548503051,0.5346217855684923,True
2002H2-E,E,tabicl@t1,20260913,2019H1,65,24752,110,ks,0.3533981155602777,,,True
2002H2-E,E,tabicl@t1,20260913,2019H1,65,24752,110,brier,0.004543043261001866,,,True
2002H2-E,E,tabicl@t1,20260913,2019H1,65,24752,110,brier_miscalibration,0.00018841167667781652,,,True
2002H2-E,E,tabicl@t1,20260913,2019H1,65,24752,110,brier_discrimination,6.970384772555377e-05,,,True
2002H2-E,E,tabicl@t1,20260913,2019H1,65,24752,110,brier_uncertainty,0.004424335432049603,,,True
2002H2-E,E,tabicl@t1,20260913,2019H1,65,24752,110,observed_over_expected,0.405428595073071,0.33333832507489886,0.4884280397961945,True
2002H2-E,E,tabicl@t1,20260913,2019H1,65,24752,110,log_oe,-0.9028105119976977,-1.0985973135555407,-0.7165631268534471,True
2002H2-E,E,tabicl@t1,20260913,2019H1,65,24752,110,cox_intercept,-1.8820294193260063,-2.6350970320591363,-1.1289618065928764,True
2002H2-E,E,tabicl@t1,20260913,2019H1,65,24752,110,cox_slope,0.7631176809072563,0.5889135294182617,0.9373218323962509,True
2002H2-E,E,tabicl@t1,20260913,2019H1,65,24752,110,psi,0.06809537162997287,,,True
2002H2-E,E,tabicl@t1,20260913,2019H1,65,24752,110,psi_critical,0.0010219193712836035,,,True
2002H2-E,E,tabicl@t1,20260913,2019H2,67,24861,136,auc,0.6709458454767144,0.6265989482249874,0.7152927427284415,True
2002H2-E,E,tabicl@t1,20260913,2019H2,67,24861,136,gini,0.34189169095342886,0.2531978964499748,0.4305854854568829,True
2002H2-E,E,tabicl@t1,20260913,2019H2,67,24861,136,ks,0.28466395051448284,,,True
2002H2-E,E,tabicl@t1,20260913,2019H2,67,24861,136,brier,0.005551122607817743,,,True
2002H2-E,E,tabicl@t1,20260913,2019H2,67,24861,136,brier_miscalibration,0.00012894622733459864,,,True
2002H2-E,E,tabicl@t1,20260913,2019H2,67,24861,136,brier_discrimination,1.8313683899132474e-05,,,True
2002H2-E,E,tabicl@t1,20260913,2019H2,67,24861,136,brier_uncertainty,0.0054404900643822765,,,True
2002H2-E,E,tabicl@t1,20260913,2019H2,67,24861,136,observed_over_expected,0.5629464311438652,0.4725127967069161,0.6655691635284909,True
2002H2-E,E,tabicl@t1,20260913,2019H2,67,24861,136,log_oe,-0.574570804314572,-0.7496904494374766,-0.4071127193817488,True
2002H2-E,E,tabicl@t1,20260913,2019H2,67,24861,136,cox_intercept,-2.458210767235948,-3.195534895140095,-1.720886639331801,True
2002H2-E,E,tabicl@t1,20260913,2019H2,67,24861,136,cox_slope,0.5650217882189998,0.40697503191058326,0.7230685445274164,True
2002H2-E,E,tabicl@t1,20260913,2019H2,67,24861,136,psi,0.10955891222232535,,,True
2002H2-E,E,tabicl@t1,20260913,2019H2,67,24861,136,psi_critical,0.0010189224749281938,,,True
2002H2-E,E,tabicl@t1,20260913,2020H1,69,24880,111,auc,0.6451965712735223,0.5912191159780199,0.6991740265690246,True
2002H2-E,E,tabicl@t1,20260913,2020H1,69,24880,111,gini,0.2903931425470445,0.1824382319560398,0.3983480531380492,True
2002H2-E,E,tabicl@t1,20260913,2020H1,69,24880,111,ks,0.25446258564268986,,,True
2002H2-E,E,tabicl@t1,20260913,2020H1,69,24880,111,brier,0.004534548684546582,,,True
2002H2-E,E,tabicl@t1,20260913,2020H1,69,24880,111,brier_miscalibration,0.00010191713923304174,,,True
2002H2-E,E,tabicl@t1,20260913,2020H1,69,24880,111,brier_discrimination,8.879023745919992e-06,,,True
2002H2-E,E,tabicl@t1,20260913,2020H1,69,24880,111,brier_uncertainty,0.00444151056905946,,,True
2002H2-E,E,tabicl@t1,20260913,2020H1,69,24880,111,observed_over_expected,0.5357355725768167,0.44088463805563183,0.6448696303454224,True
2002H2-E,E,tabicl@t1,20260913,2020H1,69,24880,111,log_oe,-0.6241145743857025,-0.8189720294669561,-0.4387071061115403,True
2002H2-E,E,tabicl@t1,20260913,2020H1,69,24880,111,cox_intercept,-3.0038493151092265,-3.8650725476136087,-2.142626082604844,True
2002H2-E,E,tabicl@t1,20260913,2020H1,69,24880,111,cox_slope,0.47472004592113354,0.29957357824557485,0.6498665135966922,True
2002H2-E,E,tabicl@t1,20260913,2020H1,69,24880,111,psi,0.18468881010638552,,,True
2002H2-E,E,tabicl@t1,20260913,2020H1,69,24880,111,psi_critical,0.001018402767712202,,,True
2002H2-E,E,tabicl@t1,20260913,2020H2,71,24919,71,auc,0.6647362442523783,0.5990995060834718,0.7303729824212848,False
2002H2-E,E,tabicl@t1,20260913,2020H2,71,24919,71,gini,0.32947248850475663,0.1981990121669437,0.4607459648425696,False
2002H2-E,E,tabicl@t1,20260913,2020H2,71,24919,71,ks,0.26830736511794523,,,False
2002H2-E,E,tabicl@t1,20260913,2020H2,71,24919,71,brier,0.0029162877699605663,,,False
2002H2-E,E,tabicl@t1,20260913,2020H2,71,24919,71,brier_miscalibration,8.343095026698772e-05,,,False
2002H2-E,E,tabicl@t1,20260913,2020H2,71,24919,71,brier_discrimination,8.2565702010165e-06,,,False
2002H2-E,E,tabicl@t1,20260913,2020H2,71,24919,71,brier_uncertainty,0.002841113389894595,,,False
2002H2-E,E,tabicl@t1,20260913,2020H2,71,24919,71,observed_over_expected,0.40054321397058346,0.3129189769541191,0.5050425610996045,False
2002H2-E,E,tabicl@t1,20260913,2020H2,71,24919,71,log_oe,-0.9149336182431206,-1.1618109815234103,-0.6831125738529292,False
2002H2-E,E,tabicl@t1,20260913,2020H2,71,24919,71,cox_intercept,-2.855711986809016,-3.9458078798465026,-1.7656160937715295,False
2002H2-E,E,tabicl@t1,20260913,2020H2,71,24919,71,cox_slope,0.5817475033619257,0.36182961121115453,0.8016653955126969,False
2002H2-E,E,tabicl@t1,20260913,2020H2,71,24919,71,psi,0.30792934735488486,,,False
2002H2-E,E,tabicl@t1,20260913,2020H2,71,24919,71,psi_critical,0.001017338483214061,,,False
2002H2-E,E,tabicl@t1,20260913,2021H1,73,24909,90,auc,0.7400054169968349,0.6870002743835318,0.7930105596101379,False
2002H2-E,E,tabicl@t1,20260913,2021H1,73,24909,90,gini,0.4800108339936697,0.3740005487670637,0.5860211192202758,False
2002H2-E,E,tabicl@t1,20260913,2021H1,73,24909,90,ks,0.3806519199000765,,,False
2002H2-E,E,tabicl@t1,20260913,2021H1,73,24909,90,brier,0.0036780009152517263,,,False
2002H2-E,E,tabicl@t1,20260913,2021H1,73,24909,90,brier_miscalibration,9.89550402460274e-05,,,False
2002H2-E,E,tabicl@t1,20260913,2021H1,73,24909,90,brier_discrimination,2.1051131355313574e-05,,,False
2002H2-E,E,tabicl@t1,20260913,2021H1,73,24909,90,brier_uncertainty,0.0036000970063610124,,,False
2002H2-E,E,tabicl@t1,20260913,2021H1,73,24909,90,observed_over_expected,0.4231539748757828,0.3403794787966333,0.5199126076563466,False
2002H2-E,E,tabicl@t1,20260913,2021H1,73,24909,90,log_oe,-0.8600191593717201,-1.0776941696564717,-0.6540945437300314,False
2002H2-E,E,tabicl@t1,20260913,2021H1,73,24909,90,cox_intercept,-1.5862380073931381,-2.437691512328505,-0.7347845024577712,False
2002H2-E,E,tabicl@t1,20260913,2021H1,73,24909,90,cox_slope,0.8329285863663158,0.6432104222500382,1.0226467504825933,False
2002H2-E,E,tabicl@t1,20260913,2021H1,73,24909,90,psi,0.17246730185135423,,,False
2002H2-E,E,tabicl@t1,20260913,2021H1,73,24909,90,psi_critical,0.0010176110589622332,,,False
2002H2-E,E,tabicl@t1,20260913,2021H2,75,24929,136,auc,0.7402434807262961,0.699281533199271,0.7812054282533212,True
2002H2-E,E,tabicl@t1,20260913,2021H2,75,24929,136,gini,0.4804869614525922,0.398563066398542,0.5624108565066424,True
2002H2-E,E,tabicl@t1,20260913,2021H2,75,24929,136,ks,0.37776940123042324,,,True
2002H2-E,E,tabicl@t1,20260913,2021H2,75,24929,136,brier,0.005503497086341782,,,True
2002H2-E,E,tabicl@t1,20260913,2021H2,75,24929,136,brier_miscalibration,0.00011489471317112105,,,True
2002H2-E,E,tabicl@t1,20260913,2021H2,75,24929,136,brier_discrimination,3.7128818218934434e-05,,,True
2002H2-E,E,tabicl@t1,20260913,2021H2,75,24929,136,brier_uncertainty,0.005425731191389596,,,True
2002H2-E,E,tabicl@t1,20260913,2021H2,75,24929,136,observed_over_expected,0.536499748303449,0.450314081454646,0.6343022309331827,True
2002H2-E,E,tabicl@t1,20260913,2021H2,75,24929,136,log_oe,-0.6226891860569757,-0.7978099808896275,-0.45522973319068627,True
2002H2-E,E,tabicl@t1,20260913,2021H2,75,24929,136,cox_intercept,-1.4990165034800729,-2.165565107234631,-0.8324678997255149,True
2002H2-E,E,tabicl@t1,20260913,2021H2,75,24929,136,cox_slope,0.7894188274844472,0.6364648791468589,0.9423727758220356,True
2002H2-E,E,tabicl@t1,20260913,2021H2,75,24929,136,psi,0.08224982307384894,,,True
2002H2-E,E,tabicl@t1,20260913,2021H2,75,24929,136,psi_critical,0.0010170661261475434,,,True
2002H2-E,E,tabicl@t1,20260913,2022H1,77,24889,291,auc,0.7690665907797383,0.7436736452648908,0.7944595362945858,True
2002H2-E,E,tabicl@t1,20260913,2022H1,77,24889,291,gini,0.5381331815594765,0.48734729052978154,0.5889190725891715,True
2002H2-E,E,tabicl@t1,20260913,2022H1,77,24889,291,ks,0.43888601565405394,,,True
2002H2-E,E,tabicl@t1,20260913,2022H1,77,24889,291,brier,0.011460339179337257,,,True
2002H2-E,E,tabicl@t1,20260913,2022H1,77,24889,291,brier_miscalibration,8.021896725533481e-05,,,True
2002H2-E,E,tabicl@t1,20260913,2022H1,77,24889,291,brier_discrimination,0.00017509106928348742,,,True
2002H2-E,E,tabicl@t1,20260913,2022H1,77,24889,291,brier_uncertainty,0.01155521128136541,,,True
2002H2-E,E,tabicl@t1,20260913,2022H1,77,24889,291,observed_over_expected,0.9707005432195639,0.862911247758453,1.0881047795974852,True
2002H2-E,E,tabicl@t1,20260913,2022H1,77,24889,291,log_oe,-0.029737258647790893,-0.1474434347186027,0.08443744857384392,True
2002H2-E,E,tabicl@t1,20260913,2022H1,77,24889,291,cox_intercept,-0.5824245614411188,-1.0204832629173521,-0.14436585996488543,True
2002H2-E,E,tabicl@t1,20260913,2022H1,77,24889,291,cox_slope,0.8587372371274293,0.7527016041628092,0.9647728700920495,True
2002H2-E,E,tabicl@t1,20260913,2022H1,77,24889,291,psi,0.04583048089973921,,,True
2002H2-E,E,tabicl@t1,20260913,2022H1,77,24889,291,psi_critical,0.0010181568675578937,,,True
2002H2-E,E,tabicl@t1,20260913,2022H2,79,24859,373,auc,0.7723669968219515,0.7504195723259987,0.7943144213179044,True
2002H2-E,E,tabicl@t1,20260913,2022H2,79,24859,373,gini,0.5447339936439031,0.5008391446519973,0.5886288426358088,True
2002H2-E,E,tabicl@t1,20260913,2022H2,79,24859,373,ks,0.43295079816906923,,,True
2002H2-E,E,tabicl@t1,20260913,2022H2,79,24859,373,brier,0.014591400515709663,,,True
2002H2-E,E,tabicl@t1,20260913,2022H2,79,24859,373,brier_miscalibration,9.778260686309215e-05,,,True
2002H2-E,E,tabicl@t1,20260913,2022H2,79,24859,373,brier_discrimination,0.0002858693781721943,,,True
2002H2-E,E,tabicl@t1,20260913,2022H2,79,24859,373,brier_uncertainty,0.014779487287018766,,,True
2002H2-E,E,tabicl@t1,20260913,2022H2,79,24859,373,observed_over_expected,1.3434285906470025,1.211413857944087,1.485731522532026,True
2002H2-E,E,tabicl@t1,20260913,2022H2,79,24859,373,log_oe,0.2952249959280198,0.19178815510971786,0.3959072587289627,True
2002H2-E,E,tabicl@t1,20260913,2022H2,79,24859,373,cox_intercept,-0.17808063089009446,-0.5718203989201789,0.21565913713998996,True
2002H2-E,E,tabicl@t1,20260913,2022H2,79,24859,373,cox_slope,0.8784907451091043,0.784881774432779,0.9720997157854296,True
2002H2-E,E,tabicl@t1,20260913,2022H2,79,24859,373,psi,0.07232142522581403,,,True
2002H2-E,E,tabicl@t1,20260913,2022H2,79,24859,373,psi_critical,0.0010189772271646342,,,True
2002H2-E,E,tabicl@t1,20260913,2023H1,81,24882,381,auc,0.7803265515650388,0.7599315487495183,0.8007215543805594,True
2002H2-E,E,tabicl@t1,20260913,2023H1,81,24882,381,gini,0.5606531031300777,0.5198630974990366,0.6014431087611187,True
2002H2-E,E,tabicl@t1,20260913,2023H1,81,24882,381,ks,0.4442537617780023,,,True
2002H2-E,E,tabicl@t1,20260913,2023H1,81,24882,381,brier,0.014867741283775965,,,True
2002H2-E,E,tabicl@t1,20260913,2023H1,81,24882,381,brier_miscalibration,0.00012754538761774493,,,True
2002H2-E,E,tabicl@t1,20260913,2023H1,81,24882,381,brier_discrimination,0.0003376123038072512,,,True
2002H2-E,E,tabicl@t1,20260913,2023H1,81,24882,381,brier_uncertainty,0.015077808199965471,,,True
2002H2-E,E,tabicl@t1,20260913,2023H1,81,24882,381,observed_over_expected,1.4959380220216874,1.3504693600355087,1.652613171263709,True
2002H2-E,E,tabicl@t1,20260913,2023H1,81,24882,381,log_oe,0.40275344956418724,0.3004522061260798,0.502357775278425,True
2002H2-E,E,tabicl@t1,20260913,2023H1,81,24882,381,cox_intercept,0.19713250163484253,-0.21720217937894948,0.6114671826486345,True
2002H2-E,E,tabicl@t1,20260913,2023H1,81,24882,381,cox_slope,0.9461509683082119,0.8485449315338646,1.0437570050825593,True
2002H2-E,E,tabicl@t1,20260913,2023H1,81,24882,381,psi,0.10037553447062837,,,True
2002H2-E,E,tabicl@t1,20260913,2023H1,81,24882,381,psi_critical,0.001018348107860452,,,True
2002H2-E,E,tabicl@t1,20260913,2023H2,83,24866,363,auc,0.7837108606142453,0.7637038630454117,0.803717858183079,True
2002H2-E,E,tabicl@t1,20260913,2023H2,83,24866,363,gini,0.5674217212284907,0.5274077260908234,0.6074357163661579,True
2002H2-E,E,tabicl@t1,20260913,2023H2,83,24866,363,ks,0.446738236021923,,,True
2002H2-E,E,tabicl@t1,20260913,2023H2,83,24866,363,brier,0.014188649102553784,,,True
2002H2-E,E,tabicl@t1,20260913,2023H2,83,24866,363,brier_miscalibration,9.500502865147226e-05,,,True
2002H2-E,E,tabicl@t1,20260913,2023H2,83,24866,363,brier_discrimination,0.0002914937240367163,,,True
2002H2-E,E,tabicl@t1,20260913,2023H2,83,24866,363,brier_uncertainty,0.014385137797939028,,,True
2002H2-E,E,tabicl@t1,20260913,2023H2,83,24866,363,observed_over_expected,1.5018766385806073,1.3522973163266154,1.6632870556217043,True
2002H2-E,E,tabicl@t1,20260913,2023H2,83,24866,363,log_oe,0.40671541853129356,0.30180486197004,0.5087957984367506,True
2002H2-E,E,tabicl@t1,20260913,2023H2,83,24866,363,cox_intercept,0.346232983966468,-0.09537870197742021,0.7878446699103563,True
2002H2-E,E,tabicl@t1,20260913,2023H2,83,24866,363,cox_slope,0.9822087717890824,0.8787832942145846,1.0856342493635802,True
2002H2-E,E,tabicl@t1,20260913,2023H2,83,24866,363,psi,0.11271843502806211,,,True
2002H2-E,E,tabicl@t1,20260913,2023H2,83,24866,363,psi_critical,0.0010187856328701958,,,True
2002H2-E,E,tabpfn,20260911,2003H1,1,24276,72,auc,0.877140371655741,0.8371369080464595,0.9171438352650225,False
2002H2-E,E,tabpfn,20260911,2003H1,1,24276,72,gini,0.754280743311482,0.6742738160929189,0.834287670530045,False
2002H2-E,E,tabpfn,20260911,2003H1,1,24276,72,ks,0.6576598909271195,,,False
2002H2-E,E,tabpfn,20260911,2003H1,1,24276,72,brier,0.0029117510349906555,,,False
2002H2-E,E,tabpfn,20260911,2003H1,1,24276,72,brier_miscalibration,7.8868597018447e-05,,,False
2002H2-E,E,tabpfn,20260911,2003H1,1,24276,72,brier_discrimination,0.00012421328450159695,,,False
2002H2-E,E,tabpfn,20260911,2003H1,1,24276,72,brier_uncertainty,0.0029570957224738055,,,False
2002H2-E,E,tabpfn,20260911,2003H1,1,24276,72,observed_over_expected,0.6442176316082961,0.5042130124200765,0.8109733426324782,False
2002H2-E,E,tabpfn,20260911,2003H1,1,24276,72,log_oe,-0.439718672685762,-0.6847564565088277,-0.20952009515728132,False
2002H2-E,E,tabpfn,20260911,2003H1,1,24276,72,cox_intercept,-0.4317694122805418,-1.1417453604971377,0.27820653593605404,False
2002H2-E,E,tabpfn,20260911,2003H1,1,24276,72,cox_slope,1.0048928944368143,0.8439772515644444,1.1658085373091842,False
2002H2-E,E,tabpfn,20260911,2003H1,1,24276,72,psi,0.231090026991739,,,False
2002H2-E,E,tabpfn,20260911,2003H1,1,24276,72,psi_critical,0.0010353221128363722,,,False
2002H2-E,E,tabpfn,20260911,2003H2,3,24205,139,auc,0.8465574585955767,0.8136938547680443,0.8794210624231091,True
2002H2-E,E,tabpfn,20260911,2003H2,3,24205,139,gini,0.6931149171911535,0.6273877095360887,0.7588421248462183,True
2002H2-E,E,tabpfn,20260911,2003H2,3,24205,139,ks,0.5703024715605227,,,True
2002H2-E,E,tabpfn,20260911,2003H2,3,24205,139,brier,0.005604921004918422,,,True
2002H2-E,E,tabpfn,20260911,2003H2,3,24205,139,brier_miscalibration,4.2076479410205377e-05,,,True
2002H2-E,E,tabpfn,20260911,2003H2,3,24205,139,brier_discrimination,0.00014679300774773224,,,True
2002H2-E,E,tabpfn,20260911,2003H2,3,24205,139,brier_uncertainty,0.005709637533255949,,,True
2002H2-E,E,tabpfn,20260911,2003H2,3,24205,139,observed_over_expected,0.9054256001340754,0.7615002263739568,1.0685161787155197,True
2002H2-E,E,tabpfn,20260911,2003H2,3,24205,139,log_oe,-0.09935016943625298,-0.2724648093732198,0.06627093718374358,True
2002H2-E,E,tabpfn,20260911,2003H2,3,24205,139,cox_intercept,-0.40240136608781024,-0.9322408156983095,0.12743808352268898,True
2002H2-E,E,tabpfn,20260911,2003H2,3,24205,139,cox_slope,0.9262224026561937,0.8043062770947675,1.0481385282176199,True
2002H2-E,E,tabpfn,20260911,2003H2,3,24205,139,psi,0.06471836203427919,,,True
2002H2-E,E,tabpfn,20260911,2003H2,3,24205,139,psi_critical,0.001037366439290114,,,True
2002H2-E,E,tabpfn,20260911,2004H1,5,24219,181,auc,0.8306771644711711,0.7997825631993848,0.8615717657429575,True
2002H2-E,E,tabpfn,20260911,2004H1,5,24219,181,gini,0.6613543289423423,0.5995651263987696,0.7231435314859149,True
2002H2-E,E,tabpfn,20260911,2004H1,5,24219,181,ks,0.5507217163983913,,,True
2002H2-E,E,tabpfn,20260911,2004H1,5,24219,181,brier,0.007303067733818789,,,True
2002H2-E,E,tabpfn,20260911,2004H1,5,24219,181,brier_miscalibration,6.398905943298498e-05,,,True
2002H2-E,E,tabpfn,20260911,2004H1,5,24219,181,brier_discrimination,0.0001785397948025503,,,True
2002H2-E,E,tabpfn,20260911,2004H1,5,24219,181,brier_uncertainty,0.007417618469188354,,,True
2002H2-E,E,tabpfn,20260911,2004H1,5,24219,181,observed_over_expected,1.0498108380820954,0.9028924659295787,1.2136774629126768,True
2002H2-E,E,tabpfn,20260911,2004H1,5,24219,181,log_oe,0.048609993732185316,-0.10215181800567856,0.19365497604673934,True
2002H2-E,E,tabpfn,20260911,2004H1,5,24219,181,cox_intercept,-0.5074472110675973,-0.9834599074843031,-0.03143451465089142,True
2002H2-E,E,tabpfn,20260911,2004H1,5,24219,181,cox_slope,0.8623362656555242,0.7537140800010409,0.9709584513100076,True
2002H2-E,E,tabpfn,20260911,2004H1,5,24219,181,psi,0.0307730368896153,,,True
2002H2-E,E,tabpfn,20260911,2004H1,5,24219,181,psi_critical,0.0010369623839442791,,,True
2002H2-E,E,tabpfn,20260911,2004H2,7,24090,202,auc,0.8194318950481787,0.7947421320017296,0.8441216580946278,True
2002H2-E,E,tabpfn,20260911,2004H2,7,24090,202,gini,0.6388637900963574,0.5894842640034592,0.6882433161892556,True
2002H2-E,E,tabpfn,20260911,2004H2,7,24090,202,ks,0.5018796462700523,,,True
2002H2-E,E,tabpfn,20260911,2004H2,7,24090,202,brier,0.008266000478749754,,,True
2002H2-E,E,tabpfn,20260911,2004H2,7,24090,202,brier_miscalibration,0.00010262326072205119,,,True
2002H2-E,E,tabpfn,20260911,2004H2,7,24090,202,brier_discrimination,0.0001515329164289963,,,True
2002H2-E,E,tabpfn,20260911,2004H2,7,24090,202,brier_uncertainty,0.0083149101344567,,,True
2002H2-E,E,tabpfn,20260911,2004H2,7,24090,202,observed_over_expected,0.9678391301903213,0.8394180722192404,1.1102169600004599,True
2002H2-E,E,tabpfn,20260911,2004H2,7,24090,202,log_oe,-0.032689393336201925,-0.17504639838917932,0.10455545568440508,True
2002H2-E,E,tabpfn,20260911,2004H2,7,24090,202,cox_intercept,-0.7470217300732122,-1.196935445835909,-0.2971080143105153,True
2002H2-E,E,tabpfn,20260911,2004H2,7,24090,202,cox_slope,0.8194860811032255,0.7149277086944064,0.9240444535120447,True
2002H2-E,E,tabpfn,20260911,2004H2,7,24090,202,psi,0.002035007460202453,,,True
2002H2-E,E,tabpfn,20260911,2004H2,7,24090,202,psi_critical,0.0010407032384610452,,,True
2002H2-E,E,tabpfn,20260911,2005H1,9,24233,248,auc,0.7978417290376378,0.7703028587827194,0.8253805992925562,True
2002H2-E,E,tabpfn,20260911,2005H1,9,24233,248,gini,0.5956834580752757,0.5406057175654388,0.6507611985851125,True
2002H2-E,E,tabpfn,20260911,2005H1,9,24233,248,ks,0.499283490353514,,,True
2002H2-E,E,tabpfn,20260911,2005H1,9,24233,248,brier,0.009992281208116398,,,True
2002H2-E,E,tabpfn,20260911,2005H1,9,24233,248,brier_miscalibration,7.486311662808359e-05,,,True
2002H2-E,E,tabpfn,20260911,2005H1,9,24233,248,brier_discrimination,0.000211826052535816,,,True
2002H2-E,E,tabpfn,20260911,2005H1,9,24233,248,brier_uncertainty,0.01012924414402413,,,True
2002H2-E,E,tabpfn,20260911,2005H1,9,24233,248,observed_over_expected,1.2692877555005688,1.1168847838474978,1.436510580256009,True
2002H2-E,E,tabpfn,20260911,2005H1,9,24233,248,log_oe,0.23845592071027633,0.1105433669133302,0.3622169647118649,True
2002H2-E,E,tabpfn,20260911,2005H1,9,24233,248,cox_intercept,-0.74521257651262,-1.1589650869434138,-0.33146006608182615,True
2002H2-E,E,tabpfn,20260911,2005H1,9,24233,248,cox_slope,0.7560590796036282,0.6638628037488867,0.8482553554583696,True
2002H2-E,E,tabpfn,20260911,2005H1,9,24233,248,psi,0.0039276857250552105,,,True
2002H2-E,E,tabpfn,20260911,2005H1,9,24233,248,psi_critical,0.001036558795463863,,,True
2002H2-E,E,tabpfn,20260911,2005H2,11,24082,266,auc,0.8254694196862664,0.802375389150256,0.8485634502222769,True
2002H2-E,E,tabpfn,20260911,2005H2,11,24082,266,gini,0.6509388393725328,0.6047507783005119,0.6971269004445537,True
2002H2-E,E,tabpfn,20260911,2005H2,11,24082,266,ks,0.5102019619084662,,,True
2002H2-E,E,tabpfn,20260911,2005H2,11,24082,266,brier,0.01069891340299321,,,True
2002H2-E,E,tabpfn,20260911,2005H2,11,24082,266,brier_miscalibration,9.423545308274821e-05,,,True
2002H2-E,E,tabpfn,20260911,2005H2,11,24082,266,brier_discrimination,0.0003189111181713701,,,True
2002H2-E,E,tabpfn,20260911,2005H2,11,24082,266,brier_uncertainty,0.010923589068081833,,,True
2002H2-E,E,tabpfn,20260911,2005H2,11,24082,266,observed_over_expected,1.3342151715226176,1.179417489956854,1.503502323444038,True
2002H2-E,E,tabpfn,20260911,2005H2,11,24082,266,log_oe,0.28834323247927607,0.16502066401208695,0.4077972688021119,True
2002H2-E,E,tabpfn,20260911,2005H2,11,24082,266,cox_intercept,-0.1800767047870181,-0.588030668685404,0.22787725911136786,True
2002H2-E,E,tabpfn,20260911,2005H2,11,24082,266,cox_slope,0.8793037745102886,0.7838455680968026,0.9747619809237746,True
2002H2-E,E,tabpfn,20260911,2005H2,11,24082,266,psi,0.0018296226463886231,,,True
2002H2-E,E,tabpfn,20260911,2005H2,11,24082,266,psi_critical,0.0010409365492114375,,,True
2002H2-E,E,tabpfn,20260911,2006H1,13,23280,405,auc,0.8049008162989948,0.7856385130172467,0.8241631195807428,True
2002H2-E,E,tabpfn,20260911,2006H1,13,23280,405,gini,0.6098016325979896,0.5712770260344935,0.6483262391614857,True
2002H2-E,E,tabpfn,20260911,2006H1,13,23280,405,ks,0.4896612021857923,,,True
2002H2-E,E,tabpfn,20260911,2006H1,13,23280,405,brier,0.016724695447574177,,,True
2002H2-E,E,tabpfn,20260911,2006H1,13,23280,405,brier_miscalibration,0.00018416042135301763,,,True
2002H2-E,E,tabpfn,20260911,2006H1,13,23280,405,brier_discrimination,0.0005537198095743566,,,True
2002H2-E,E,tabpfn,20260911,2006H1,13,23280,405,brier_uncertainty,0.017094254835795516,,,True
2002H2-E,E,tabpfn,20260911,2006H1,13,23280,405,observed_over_expected,1.784961987497314,1.6166404426163894,1.9658024752781083,True
2002H2-E,E,tabpfn,20260911,2006H1,13,23280,405,log_oe,0.5793971194851375,0.4803501950876921,0.6759005463204752,True
2002H2-E,E,tabpfn,20260911,2006H1,13,23280,405,cox_intercept,-0.16783805558438378,-0.49750947762798614,0.16183336645921856,True
2002H2-E,E,tabpfn,20260911,2006H1,13,23280,405,cox_slope,0.8017770373032996,0.7247205963404657,0.8788334782661336,True
2002H2-E,E,tabpfn,20260911,2006H1,13,23280,405,psi,0.014699111442514925,,,True
2002H2-E,E,tabpfn,20260911,2006H1,13,23280,405,psi_critical,0.0010651397584764489,,,True
2002H2-E,E,tabpfn,20260911,2006H2,15,23898,525,auc,0.8022962596239454,0.7853182875458863,0.8192742317020044,True
2002H2-E,E,tabpfn,20260911,2006H2,15,23898,525,gini,0.6045925192478907,0.5706365750917726,0.6385484634040088,True
2002H2-E,E,tabpfn,20260911,2006H2,15,23898,525,ks,0.4674436315406666,,,True
2002H2-E,E,tabpfn,20260911,2006H2,15,23898,525,brier,0.021045701766229337,,,True
2002H2-E,E,tabpfn,20260911,2006H2,15,23898,525,brier_miscalibration,0.0003740861408236505,,,True
2002H2-E,E,tabpfn,20260911,2006H2,15,23898,525,brier_discrimination,0.0008141408431004034,,,True
2002H2-E,E,tabpfn,20260911,2006H2,15,23898,525,brier_uncertainty,0.02148575646850609,,,True
2002H2-E,E,tabpfn,20260911,2006H2,15,23898,525,observed_over_expected,2.1242780335490283,1.9481900176816827,2.311728112024837,True
2002H2-E,E,tabpfn,20260911,2006H2,15,23898,525,log_oe,0.7534319957305365,0.6669007454742688,0.8379953452896985,True
2002H2-E,E,tabpfn,20260911,2006H2,15,23898,525,cox_intercept,-0.03742590699992655,-0.3215579052747942,0.24670609127494114,True
2002H2-E,E,tabpfn,20260911,2006H2,15,23898,525,cox_slope,0.7840886252057028,0.717514688602058,0.8506625618093475,True
2002H2-E,E,tabpfn,20260911,2006H2,15,23898,525,psi,0.020971118510646425,,,True
2002H2-E,E,tabpfn,20260911,2006H2,15,23898,525,psi_critical,0.001046345808876259,,,True
2002H2-E,E,tabpfn,20260911,2007H1,17,23169,808,auc,0.8040139391382007,0.7906502873796563,0.8173775908967452,True
2002H2-E,E,tabpfn,20260911,2007H1,17,23169,808,gini,0.6080278782764015,0.5813005747593125,0.6347551817934904,True
2002H2-E,E,tabpfn,20260911,2007H1,17,23169,808,ks,0.46532157296495263,,,True
2002H2-E,E,tabpfn,20260911,2007H1,17,23169,808,brier,0.033032471909273275,,,True
2002H2-E,E,tabpfn,20260911,2007H1,17,23169,808,brier_miscalibration,0.0012715177403781405,,,True
2002H2-E,E,tabpfn,20260911,2007H1,17,23169,808,brier_discrimination,0.0018970223622563273,,,True
2002H2-E,E,tabpfn,20260911,2007H1,17,23169,808,brier_uncertainty,0.03365797653115146,,,True
2002H2-E,E,tabpfn,20260911,2007H1,17,23169,808,observed_over_expected,3.074266406860722,2.8692755484272694,3.2896243167733754,True
2002H2-E,E,tabpfn,20260911,2007H1,17,23169,808,log_oe,1.1230663059223158,1.0540595757569193,1.1907733688265862,True
2002H2-E,E,tabpfn,20260911,2007H1,17,23169,808,cox_intercept,0.3860549767275365,0.15673084534279896,0.6153791081122741,True
2002H2-E,E,tabpfn,20260911,2007H1,17,23169,808,cox_slope,0.7825092896253217,0.7283868228680962,0.8366317563825473,True
2002H2-E,E,tabpfn,20260911,2007H1,17,23169,808,psi,0.03274565916724032,,,True
2002H2-E,E,tabpfn,20260911,2007H1,17,23169,808,psi_critical,0.0010686215825909393,,,True
2002H2-E,E,tabpfn,20260911,2007H2,19,24367,1560,auc,0.7882335663926843,0.7782387436635714,0.7982283891217972,True
2002H2-E,E,tabpfn,20260911,2007H2,19,24367,1560,gini,0.5764671327853685,0.5564774873271428,0.5964567782435943,True
2002H2-E,E,tabpfn,20260911,2007H2,19,24367,1560,ks,0.451360777673971,,,True
2002H2-E,E,tabpfn,20260911,2007H2,19,24367,1560,brier,0.060664292226215395,,,True
2002H2-E,E,tabpfn,20260911,2007H2,19,24367,1560,brier_miscalibration,0.005206949102531423,,,True
2002H2-E,E,tabpfn,20260911,2007H2,19,24367,1560,brier_discrimination,0.004464978920139376,,,True
2002H2-E,E,tabpfn,20260911,2007H2,19,24367,1560,brier_uncertainty,0.05992232204382335,,,True
2002H2-E,E,tabpfn,20260911,2007H2,19,24367,1560,observed_over_expected,5.353486986754896,5.099117398149827,5.61659319878692,True
2002H2-E,E,tabpfn,20260911,2007H2,19,24367,1560,log_oe,1.6777481218212087,1.6290674655675026,1.7257252877100397,True
2002H2-E,E,tabpfn,20260911,2007H2,19,24367,1560,cox_intercept,0.7712540976360643,0.5976705603115251,0.9448376349606036,True
2002H2-E,E,tabpfn,20260911,2007H2,19,24367,1560,cox_slope,0.7195190299370096,0.6799183432428625,0.7591197166311566,True
2002H2-E,E,tabpfn,20260911,2007H2,19,24367,1560,psi,0.04112632681415526,,,True
2002H2-E,E,tabpfn,20260911,2007H2,19,24367,1560,psi_critical,0.0010327193396994369,,,True
2002H2-E,E,tabpfn,20260911,2008H1,21,24660,1109,auc,0.7948807183565977,0.7829683170282115,0.8067931196849839,True
2002H2-E,E,tabpfn,20260911,2008H1,21,24660,1109,gini,0.5897614367131954,0.5659366340564229,0.6135862393699678,True
2002H2-E,E,tabpfn,20260911,2008H1,21,24660,1109,ks,0.4467246206925254,,,True
2002H2-E,E,tabpfn,20260911,2008H1,21,24660,1109,brier,0.043284607293652036,,,True
2002H2-E,E,tabpfn,20260911,2008H1,21,24660,1109,brier_miscalibration,0.003137275802586416,,,True
2002H2-E,E,tabpfn,20260911,2008H1,21,24660,1109,brier_discrimination,0.0028018363974082125,,,True
2002H2-E,E,tabpfn,20260911,2008H1,21,24660,1109,brier_uncertainty,0.04294916788847383,,,True
2002H2-E,E,tabpfn,20260911,2008H1,21,24660,1109,observed_over_expected,6.403602191703629,6.040058592353042,6.782511611607159,True
2002H2-E,E,tabpfn,20260911,2008H1,21,24660,1109,log_oe,1.856860674482914,1.7984137126203743,1.9143474775446423,True
2002H2-E,E,tabpfn,20260911,2008H1,21,24660,1109,cox_intercept,0.9346966341334916,0.7151964209979387,1.1541968472690445,True
2002H2-E,E,tabpfn,20260911,2008H1,21,24660,1109,cox_slope,0.7535808140251438,0.7080092188551829,0.7991524091951047,True
2002H2-E,E,tabpfn,20260911,2008H1,21,24660,1109,psi,0.01730071001160622,,,True
2002H2-E,E,tabpfn,20260911,2008H1,21,24660,1109,psi_critical,0.0010244694792870743,,,True
2002H2-E,E,tabpfn,20260911,2008H2,23,24746,863,auc,0.8106695449315025,0.7973652618379801,0.8239738280250248,True
2002H2-E,E,tabpfn,20260911,2008H2,23,24746,863,gini,0.6213390898630049,0.5947305236759601,0.6479476560500497,True
2002H2-E,E,tabpfn,20260911,2008H2,23,24746,863,ks,0.4803438003992911,,,True
2002H2-E,E,tabpfn,20260911,2008H2,23,24746,863,brier,0.0337857144677546,,,True
2002H2-E,E,tabpfn,20260911,2008H2,23,24746,863,brier_miscalibration,0.0023394052304067797,,,True
2002H2-E,E,tabpfn,20260911,2008H2,23,24746,863,brier_discrimination,0.002211795472298682,,,True
2002H2-E,E,tabpfn,20260911,2008H2,23,24746,863,brier_uncertainty,0.0336581047096465,,,True
2002H2-E,E,tabpfn,20260911,2008H2,23,24746,863,observed_over_expected,6.636684841442194,6.208264545667914,7.086051098460505,True
2002H2-E,E,tabpfn,20260911,2008H2,23,24746,863,log_oe,1.8926125679440033,1.8258813956437145,1.9581282176027872,True
2002H2-E,E,tabpfn,20260911,2008H2,23,24746,863,cox_intercept,1.490003724149819,1.2117623741031809,1.768245074196457,True
2002H2-E,E,tabpfn,20260911,2008H2,23,24746,863,cox_slope,0.8873176670862278,0.8306953618308144,0.9439399723416413,True
2002H2-E,E,tabpfn,20260911,2008H2,23,24746,863,psi,0.07084220755767583,,,True
2002H2-E,E,tabpfn,20260911,2008H2,23,24746,863,psi_critical,0.0010220851046916352,,,True
2002H2-E,E,tabpfn,20260911,2009H1,25,24844,119,auc,0.8228109201213348,0.7891938349135228,0.8564280053291469,True
2002H2-E,E,tabpfn,20260911,2009H1,25,24844,119,gini,0.6456218402426697,0.5783876698270456,0.7128560106582937,True
2002H2-E,E,tabpfn,20260911,2009H1,25,24844,119,ks,0.507336669753847,,,True
2002H2-E,E,tabpfn,20260911,2009H1,25,24844,119,brier,0.004800882612035096,,,True
2002H2-E,E,tabpfn,20260911,2009H1,25,24844,119,brier_miscalibration,9.430620897881402e-05,,,True
2002H2-E,E,tabpfn,20260911,2009H1,25,24844,119,brier_discrimination,6.0369467982736985e-05,,,True
2002H2-E,E,tabpfn,20260911,2009H1,25,24844,119,brier_uncertainty,0.0047669458710390186,,,True
2002H2-E,E,tabpfn,20260911,2009H1,25,24844,119,observed_over_expected,1.6399167916191768,1.3590668049501247,1.9614799301791934,True
2002H2-E,E,tabpfn,20260911,2009H1,25,24844,119,log_oe,0.49464550373137606,0.30679829139284664,0.6736992547411469,True
2002H2-E,E,tabpfn,20260911,2009H1,25,24844,119,cox_intercept,-0.6647858426489235,-1.2705669726796678,-0.05900471261817919,True
2002H2-E,E,tabpfn,20260911,2009H1,25,24844,119,cox_slope,0.7625681479271177,0.6528417757357174,0.8722945201185179,True
2002H2-E,E,tabpfn,20260911,2009H1,25,24844,119,psi,0.5194073515446136,,,True
2002H2-E,E,tabpfn,20260911,2009H1,25,24844,119,psi_critical,0.001019388149927719,,,True
2002H2-E,E,tabpfn,20260911,2009H2,27,24709,196,auc,0.8587690246824469,0.8339226286738147,0.883615420691079,True
2002H2-E,E,tabpfn,20260911,2009H2,27,24709,196,gini,0.7175380493648937,0.6678452573476295,0.767230841382158,True
2002H2-E,E,tabpfn,20260911,2009H2,27,24709,196,ks,0.5953690128603149,,,True
2002H2-E,E,tabpfn,20260911,2009H2,27,24709,196,brier,0.007739915522857136,,,True
2002H2-E,E,tabpfn,20260911,2009H2,27,24709,196,brier_miscalibration,0.00015376245394901986,,,True
2002H2-E,E,tabpfn,20260911,2009H2,27,24709,196,brier_discrimination,0.00028325738314120743,,,True
2002H2-E,E,tabpfn,20260911,2009H2,27,24709,196,brier_uncertainty,0.007869410452049324,,,True
2002H2-E,E,tabpfn,20260911,2009H2,27,24709,196,observed_over_expected,1.3731120238754633,1.1882126352153668,1.578444408362391,True
2002H2-E,E,tabpfn,20260911,2009H2,27,24709,196,log_oe,0.3170797140441479,0.17245019079591403,0.4564398103801503,True
2002H2-E,E,tabpfn,20260911,2009H2,27,24709,196,cox_intercept,-0.4763267550591284,-0.8477717905446098,-0.104881719573647,True
2002H2-E,E,tabpfn,20260911,2009H2,27,24709,196,cox_slope,0.7975830506776113,0.7184454434680762,0.8767206578871464,True
2002H2-E,E,tabpfn,20260911,2009H2,27,24709,196,psi,0.19048640024040064,,,True
2002H2-E,E,tabpfn,20260911,2009H2,27,24709,196,psi_critical,0.0010231089059562013,,,True
2002H2-E,E,tabpfn,20260911,2010H1,29,24843,191,auc,0.8386845411690946,0.8090339694143533,0.8683351129238359,True
2002H2-E,E,tabpfn,20260911,2010H1,29,24843,191,gini,0.6773690823381893,0.6180679388287067,0.7366702258476718,True
2002H2-E,E,tabpfn,20260911,2010H1,29,24843,191,ks,0.5602544487326411,,,True
2002H2-E,E,tabpfn,20260911,2010H1,29,24843,191,brier,0.007585191844718718,,,True
2002H2-E,E,tabpfn,20260911,2010H1,29,24843,191,brier_miscalibration,0.00021217625400690113,,,True
2002H2-E,E,tabpfn,20260911,2010H1,29,24843,191,brier_discrimination,0.0002561571363747092,,,True
2002H2-E,E,tabpfn,20260911,2010H1,29,24843,191,brier_uncertainty,0.0076291727270865264,,,True
2002H2-E,E,tabpfn,20260911,2010H1,29,24843,191,observed_over_expected,1.0778469983066568,0.9308735787781468,1.241292594727667,True
2002H2-E,E,tabpfn,20260911,2010H1,29,24843,191,log_oe,0.07496553134374628,-0.07163180171156715,0.21615325178255726,True
2002H2-E,E,tabpfn,20260911,2010H1,29,24843,191,cox_intercept,-0.9153707602322751,-1.2661928334705919,-0.5645486869939584,True
2002H2-E,E,tabpfn,20260911,2010H1,29,24843,191,cox_slope,0.7374033735085387,0.6607850286736046,0.8140217183434728,True
2002H2-E,E,tabpfn,20260911,2010H1,29,24843,191,psi,0.15550794366813914,,,True
2002H2-E,E,tabpfn,20260911,2010H1,29,24843,191,psi_critical,0.0010194155624220973,,,True
2002H2-E,E,tabpfn,20260911,2010H2,31,24683,152,auc,0.8638462825769329,0.834321611248288,0.8933709539055777,True
2002H2-E,E,tabpfn,20260911,2010H2,31,24683,152,gini,0.7276925651538657,0.6686432224965759,0.7867419078111555,True
2002H2-E,E,tabpfn,20260911,2010H2,31,24683,152,ks,0.6099275031163576,,,True
2002H2-E,E,tabpfn,20260911,2010H2,31,24683,152,brier,0.006079469676390294,,,True
2002H2-E,E,tabpfn,20260911,2010H2,31,24683,152,brier_miscalibration,0.00017318711331294583,,,True
2002H2-E,E,tabpfn,20260911,2010H2,31,24683,152,brier_discrimination,0.0002138799436777342,,,True
2002H2-E,E,tabpfn,20260911,2010H2,31,24683,152,brier_uncertainty,0.0061201625067550825,,,True
2002H2-E,E,tabpfn,20260911,2010H2,31,24683,152,observed_over_expected,1.0024244461706229,0.849782984178951,1.1744302722738433,True
2002H2-E,E,tabpfn,20260911,2010H2,31,24683,152,log_oe,0.002421511942634016,-0.1627742748262645,0.1607831553458328,True
2002H2-E,E,tabpfn,20260911,2010H2,31,24683,152,cox_intercept,-0.8729746761872904,-1.2595372022179823,-0.4864121501565986,True
2002H2-E,E,tabpfn,20260911,2010H2,31,24683,152,cox_slope,0.7703550695077358,0.6857682806826527,0.8549418583328189,True
2002H2-E,E,tabpfn,20260911,2010H2,31,24683,152,psi,0.30259713280879197,,,True
2002H2-E,E,tabpfn,20260911,2010H2,31,24683,152,psi_critical,0.0010238301701137374,,,True
2002H2-E,E,tabpfn,20260911,2011H1,33,24614,195,auc,0.8629856322472728,0.838515214464771,0.8874560500297746,True
2002H2-E,E,tabpfn,20260911,2011H1,33,24614,195,gini,0.7259712644945455,0.6770304289295419,0.7749121000595491,True
2002H2-E,E,tabpfn,20260911,2011H1,33,24614,195,ks,0.5879677552473326,,,True
2002H2-E,E,tabpfn,20260911,2011H1,33,24614,195,brier,0.008053952688217493,,,True
2002H2-E,E,tabpfn,20260911,2011H1,33,24614,195,brier_miscalibration,0.0004658981547472369,,,True
2002H2-E,E,tabpfn,20260911,2011H1,33,24614,195,brier_discrimination,0.0002715029328922043,,,True
2002H2-E,E,tabpfn,20260911,2011H1,33,24614,195,brier_uncertainty,0.00785955746636246,,,True
2002H2-E,E,tabpfn,20260911,2011H1,33,24614,195,observed_over_expected,0.8352589322733802,0.7225072259747992,0.9605046854410558,True
2002H2-E,E,tabpfn,20260911,2011H1,33,24614,195,log_oe,-0.18001350367089927,-0.32502785769635995,-0.04029641865834843,True
2002H2-E,E,tabpfn,20260911,2011H1,33,24614,195,cox_intercept,-1.1282948504403074,-1.4430745504852347,-0.8135151503953801,True
2002H2-E,E,tabpfn,20260911,2011H1,33,24614,195,cox_slope,0.7267528458808051,0.6527708439611389,0.8007348478004713,True
2002H2-E,E,tabpfn,20260911,2011H1,33,24614,195,psi,0.1357148194143497,,,True
2002H2-E,E,tabpfn,20260911,2011H1,33,24614,195,psi_critical,0.0010257516819624198,,,True
2002H2-E,E,tabpfn,20260911,2011H2,35,24646,119,auc,0.8895612552518867,0.8626949096504443,0.9164276008533291,True
2002H2-E,E,tabpfn,20260911,2011H2,35,24646,119,gini,0.7791225105037733,0.7253898193008885,0.8328552017066582,True
2002H2-E,E,tabpfn,20260911,2011H2,35,24646,119,ks,0.6408410145156443,,,True
2002H2-E,E,tabpfn,20260911,2011H2,35,24646,119,brier,0.004948193749221806,,,True
2002H2-E,E,tabpfn,20260911,2011H2,35,24646,119,brier_miscalibration,0.0003417232329115923,,,True
2002H2-E,E,tabpfn,20260911,2011H2,35,24646,119,brier_discrimination,0.00019858604475020847,,,True
2002H2-E,E,tabpfn,20260911,2011H2,35,24646,119,brier_uncertainty,0.004805056561060422,,,True
2002H2-E,E,tabpfn,20260911,2011H2,35,24646,119,observed_over_expected,0.7167722295367023,0.5940206328039366,0.8573172851246309,True
2002H2-E,E,tabpfn,20260911,2011H2,35,24646,119,log_oe,-0.33299716034772364,-0.5208412248625882,-0.15394720121836525,True
2002H2-E,E,tabpfn,20260911,2011H2,35,24646,119,cox_intercept,-1.0905761337494386,-1.4977519828957373,-0.68340028460314,True
2002H2-E,E,tabpfn,20260911,2011H2,35,24646,119,cox_slope,0.795952911317925,0.7018340377265508,0.8900717849092992,True
2002H2-E,E,tabpfn,20260911,2011H2,35,24646,119,psi,0.30977747537710676,,,True
2002H2-E,E,tabpfn,20260911,2011H2,35,24646,119,psi_critical,0.0010248592082078211,,,True
2002H2-E,E,tabpfn,20260911,2012H1,37,24306,148,auc,0.8662610785303062,0.8423732898149021,0.8901488672457103,True
2002H2-E,E,tabpfn,20260911,2012H1,37,24306,148,gini,0.7325221570606124,0.6847465796298042,0.7802977344914206,True
2002H2-E,E,tabpfn,20260911,2012H1,37,24306,148,ks,0.6122967491044319,,,True
2002H2-E,E,tabpfn,20260911,2012H1,37,24306,148,brier,0.007145926974469915,,,True
2002H2-E,E,tabpfn,20260911,2012H1,37,24306,148,brier_miscalibration,0.0012477808760829557,,,True
2002H2-E,E,tabpfn,20260911,2012H1,37,24306,148,brier_discrimination,0.00015380911167647577,,,True
2002H2-E,E,tabpfn,20260911,2012H1,37,24306,148,brier_uncertainty,0.006051955210063435,,,True
2002H2-E,E,tabpfn,20260911,2012H1,37,24306,148,observed_over_expected,0.39666457331373367,0.33548507795899346,0.4657175909379623,True
2002H2-E,E,tabpfn,20260911,2012H1,37,24306,148,log_oe,-0.9246642589189322,-1.092177800581907,-0.7641758565958274,True
2002H2-E,E,tabpfn,20260911,2012H1,37,24306,148,cox_intercept,-1.8749113762786296,-2.1975908452204322,-1.552231907336827,True
2002H2-E,E,tabpfn,20260911,2012H1,37,24306,148,cox_slope,0.6974073787541766,0.6106612803802003,0.7841534771281529,True
2002H2-E,E,tabpfn,20260911,2012H1,37,24306,148,psi,0.19085727531704536,,,True
2002H2-E,E,tabpfn,20260911,2012H1,37,24306,148,psi_critical,0.0010344619023195318,,,True
2002H2-E,E,tabpfn,20260911,2012H2,39,24538,131,auc,0.8620577815712361,0.8332344271917371,0.8908811359507351,True
2002H2-E,E,tabpfn,20260911,2012H2,39,24538,131,gini,0.7241155631424723,0.6664688543834743,0.7817622719014703,True
2002H2-E,E,tabpfn,20260911,2012H2,39,24538,131,ks,0.5932208160779804,,,True
2002H2-E,E,tabpfn,20260911,2012H2,39,24538,131,brier,0.006508097084679271,,,True
2002H2-E,E,tabpfn,20260911,2012H2,39,24538,131,brier_miscalibration,0.0013180086882876793,,,True
2002H2-E,E,tabpfn,20260911,2012H2,39,24538,131,brier_discrimination,0.00012006873738600911,,,True
2002H2-E,E,tabpfn,20260911,2012H2,39,24538,131,brier_uncertainty,0.005310157133777601,,,True
2002H2-E,E,tabpfn,20260911,2012H2,39,24538,131,observed_over_expected,0.3764363301993723,0.3148691145217163,0.44647199820988387,True
2002H2-E,E,tabpfn,20260911,2012H2,39,24538,131,log_oe,-0.9770063557390681,-1.1555982359593462,-0.8063785946078109,True
2002H2-E,E,tabpfn,20260911,2012H2,39,24538,131,cox_intercept,-2.0184827869810062,-2.354046753932509,-1.6829188200295033,True
2002H2-E,E,tabpfn,20260911,2012H2,39,24538,131,cox_slope,0.6721092384318461,0.5857908302564097,0.7584276466072826,True
2002H2-E,E,tabpfn,20260911,2012H2,39,24538,131,psi,0.17555204464190066,,,True
2002H2-E,E,tabpfn,20260911,2012H2,39,24538,131,psi_critical,0.0010278806363136351,,,True
2002H2-E,E,tabpfn,20260911,2013H1,41,24341,85,auc,0.8470127463914324,0.8091866365163773,0.8848388562664875,False
2002H2-E,E,tabpfn,20260911,2013H1,41,24341,85,gini,0.6940254927828649,0.6183732730327547,0.769677712532975,False
2002H2-E,E,tabpfn,20260911,2013H1,41,24341,85,ks,0.5743990571162503,,,False
2002H2-E,E,tabpfn,20260911,2013H1,41,24341,85,brier,0.0050209661237500475,,,False
2002H2-E,E,tabpfn,20260911,2013H1,41,24341,85,brier_miscalibration,0.001623632667073595,,,False
2002H2-E,E,tabpfn,20260911,2013H1,41,24341,85,brier_discrimination,8.252257683745608e-05,,,False
2002H2-E,E,tabpfn,20260911,2013H1,41,24341,85,brier_uncertainty,0.0034798560335139086,,,False
2002H2-E,E,tabpfn,20260911,2013H1,41,24341,85,observed_over_expected,0.2418944615792285,0.1932806961632402,0.2989826578447422,False
2002H2-E,E,tabpfn,20260911,2013H1,41,24341,85,log_oe,-1.4192537571254564,-1.6436117624042172,-1.2073697077928027,False
2002H2-E,E,tabpfn,20260911,2013H1,41,24341,85,cox_intercept,-2.5553389900143606,-2.9702010021060206,-2.1404769779227006,False
2002H2-E,E,tabpfn,20260911,2013H1,41,24341,85,cox_slope,0.6480070713767717,0.5431626539661956,0.7528514887873479,False
2002H2-E,E,tabpfn,20260911,2013H1,41,24341,85,psi,0.11726701045237911,,,False
2002H2-E,E,tabpfn,20260911,2013H1,41,24341,85,psi_critical,0.0010334610033319,,,False
2002H2-E,E,tabpfn,20260911,2013H2,43,23974,142,auc,0.8363784165212828,0.806707026074626,0.8660498069679395,True
2002H2-E,E,tabpfn,20260911,2013H2,43,23974,142,gini,0.6727568330425655,0.6134140521492519,0.7320996139358791,True
2002H2-E,E,tabpfn,20260911,2013H2,43,23974,142,ks,0.5325080729425226,,,True
2002H2-E,E,tabpfn,20260911,2013H2,43,23974,142,brier,0.007331267054243211,,,True
2002H2-E,E,tabpfn,20260911,2013H2,43,23974,142,brier_miscalibration,0.001552056922556229,,,True
2002H2-E,E,tabpfn,20260911,2013H2,43,23974,142,brier_discrimination,0.00010879029234236136,,,True
2002H2-E,E,tabpfn,20260911,2013H2,43,23974,142,brier_uncertainty,0.005888000424029344,,,True
2002H2-E,E,tabpfn,20260911,2013H2,43,23974,142,observed_over_expected,0.4056948047388363,0.34186610271663037,0.4779239675770155,True
2002H2-E,E,tabpfn,20260911,2013H2,43,23974,142,log_oe,-0.9021541145238109,-1.0733361311050427,-0.7383036227890556,True
2002H2-E,E,tabpfn,20260911,2013H2,43,23974,142,cox_intercept,-2.1241722754134162,-2.461738651390747,-1.7866058994360856,True
2002H2-E,E,tabpfn,20260911,2013H2,43,23974,142,cox_slope,0.6265802949507361,0.5445851870009142,0.708575402900558,True
2002H2-E,E,tabpfn,20260911,2013H2,43,23974,142,psi,0.03595342676124799,,,True
2002H2-E,E,tabpfn,20260911,2013H2,43,23974,142,psi_critical,0.0010441014843782371,,,True
2002H2-E,E,tabpfn,20260911,2014H1,45,24341,137,auc,0.8210644437126277,0.7886942829630046,0.8534346044622507,True
2002H2-E,E,tabpfn,20260911,2014H1,45,24341,137,gini,0.6421288874252553,0.5773885659260092,0.7068692089245014,True
2002H2-E,E,tabpfn,20260911,2014H1,45,24341,137,ks,0.5183651854612918,,,True
2002H2-E,E,tabpfn,20260911,2014H1,45,24341,137,brier,0.006599290977388478,,,True
2002H2-E,E,tabpfn,20260911,2014H1,45,24341,137,brier_miscalibration,0.0010999040033484696,,,True
2002H2-E,E,tabpfn,20260911,2014H1,45,24341,137,brier_discrimination,9.729821464265955e-05,,,True
2002H2-E,E,tabpfn,20260911,2014H1,45,24341,137,brier_uncertainty,0.005596685188682668,,,True
2002H2-E,E,tabpfn,20260911,2014H1,45,24341,137,observed_over_expected,0.5241089349676885,0.4402139698266931,0.6192645218169699,True
2002H2-E,E,tabpfn,20260911,2014H1,45,24341,137,log_oe,-0.6460557251077567,-0.8204943752122876,-0.47922276023446947,True
2002H2-E,E,tabpfn,20260911,2014H1,45,24341,137,cox_intercept,-2.0351749448805343,-2.4158616375782933,-1.6544882521827753,True
2002H2-E,E,tabpfn,20260911,2014H1,45,24341,137,cox_slope,0.6163913846289768,0.5324128986852456,0.700369870572708,True
2002H2-E,E,tabpfn,20260911,2014H1,45,24341,137,psi,0.041338789976688356,,,True
2002H2-E,E,tabpfn,20260911,2014H1,45,24341,137,psi_critical,0.0010334610033319,,,True
2002H2-E,E,tabpfn,20260911,2014H2,47,24213,99,auc,0.8186182970955301,0.7794395718860435,0.8577970223050168,False
2002H2-E,E,tabpfn,20260911,2014H2,47,24213,99,gini,0.6372365941910603,0.558879143772087,0.7155940446100335,False
2002H2-E,E,tabpfn,20260911,2014H2,47,24213,99,ks,0.5219286671140365,,,False
2002H2-E,E,tabpfn,20260911,2014H2,47,24213,99,brier,0.004635136677980997,,,False
2002H2-E,E,tabpfn,20260911,2014H2,47,24213,99,brier_miscalibration,0.0006193216633879738,,,False
2002H2-E,E,tabpfn,20260911,2014H2,47,24213,99,brier_discrimination,5.6180089077487866e-05,,,False
2002H2-E,E,tabpfn,20260911,2014H2,47,24213,99,brier_uncertainty,0.004071995103670511,,,False
2002H2-E,E,tabpfn,20260911,2014H2,47,24213,99,observed_over_expected,0.5286355493612651,0.4298046896651571,0.6433084885639112,False
2002H2-E,E,tabpfn,20260911,2014H2,47,24213,99,log_oe,-0.6374560271601559,-0.844424383560204,-0.4411309053096143,False
2002H2-E,E,tabpfn,20260911,2014H2,47,24213,99,cox_intercept,-1.9920471635865231,-2.4837155687732375,-1.5003787583998085,False
2002H2-E,E,tabpfn,20260911,2014H2,47,24213,99,cox_slope,0.6610794060942513,0.5574460908803015,0.7647127213082011,False
2002H2-E,E,tabpfn,20260911,2014H2,47,24213,99,psi,0.06946916466816834,,,False
2002H2-E,E,tabpfn,20260911,2014H2,47,24213,99,psi_critical,0.0010371354933066512,,,False
2002H2-E,E,tabpfn,20260911,2015H1,49,24159,83,auc,0.8258226459584807,0.7819858646827434,0.8696594272342179,False
2002H2-E,E,tabpfn,20260911,2015H1,49,24159,83,gini,0.6516452919169613,0.5639717293654869,0.7393188544684357,False
2002H2-E,E,tabpfn,20260911,2015H1,49,24159,83,ks,0.5499302409838723,,,False
2002H2-E,E,tabpfn,20260911,2015H1,49,24159,83,brier,0.003725652145826809,,,False
2002H2-E,E,tabpfn,20260911,2015H1,49,24159,83,brier_miscalibration,0.0003434016762859397,,,False
2002H2-E,E,tabpfn,20260911,2015H1,49,24159,83,brier_discrimination,4.1519035358016706e-05,,,False
2002H2-E,E,tabpfn,20260911,2015H1,49,24159,83,brier_uncertainty,0.003423769504898886,,,False
2002H2-E,E,tabpfn,20260911,2015H1,49,24159,83,observed_over_expected,0.5897529187880206,0.4698895663739584,0.7307863412747998,False
2002H2-E,E,tabpfn,20260911,2015H1,49,24159,83,log_oe,-0.5280516115111431,-0.7552575770484619,-0.31363414475311197,False
2002H2-E,E,tabpfn,20260911,2015H1,49,24159,83,cox_intercept,-1.6467858004455675,-2.2276969167573553,-1.0658746841337796,False
2002H2-E,E,tabpfn,20260911,2015H1,49,24159,83,cox_slope,0.7383040285792355,0.6182861926619918,0.8583218644964792,False
2002H2-E,E,tabpfn,20260911,2015H1,49,24159,83,psi,0.119845009531967,,,False
2002H2-E,E,tabpfn,20260911,2015H1,49,24159,83,psi_critical,0.0010386973468943647,,,False
2002H2-E,E,tabpfn,20260911,2015H2,51,24159,130,auc,0.8011133982335447,0.7674865631059274,0.8347402333611619,True
2002H2-E,E,tabpfn,20260911,2015H2,51,24159,130,gini,0.6022267964670893,0.5349731262118549,0.6694804667223238,True
2002H2-E,E,tabpfn,20260911,2015H2,51,24159,130,ks,0.47027758125598235,,,True
2002H2-E,E,tabpfn,20260911,2015H2,51,24159,130,brier,0.005636208507252098,,,True
2002H2-E,E,tabpfn,20260911,2015H2,51,24159,130,brier_miscalibration,0.0003427899983110992,,,True
2002H2-E,E,tabpfn,20260911,2015H2,51,24159,130,brier_discrimination,5.864356873571189e-05,,,True
2002H2-E,E,tabpfn,20260911,2015H2,51,24159,130,brier_uncertainty,0.005352062077676711,,,True
2002H2-E,E,tabpfn,20260911,2015H2,51,24159,130,observed_over_expected,0.8672536948888455,0.7248943974118466,1.029273556696051,True
2002H2-E,E,tabpfn,20260911,2015H2,51,24159,130,log_oe,-0.14242373267569156,-0.3217292934790077,0.0288532686501273,True
2002H2-E,E,tabpfn,20260911,2015H2,51,24159,130,cox_intercept,-1.5188946812271449,-2.027714012717537,-1.0100753497367527,True
2002H2-E,E,tabpfn,20260911,2015H2,51,24159,130,cox_slope,0.6799869906945982,0.5772050493272145,0.782768932061982,True
2002H2-E,E,tabpfn,20260911,2015H2,51,24159,130,psi,0.09068942120281395,,,True
2002H2-E,E,tabpfn,20260911,2015H2,51,24159,130,psi_critical,0.0010386973468943647,,,True
2002H2-E,E,tabpfn,20260911,2016H1,53,24632,115,auc,0.8133020388692142,0.771178903506057,0.8554251742323713,True
2002H2-E,E,tabpfn,20260911,2016H1,53,24632,115,gini,0.6266040777384283,0.542357807012114,0.7108503484647426,True
2002H2-E,E,tabpfn,20260911,2016H1,53,24632,115,ks,0.5288447590048432,,,True
2002H2-E,E,tabpfn,20260911,2016H1,53,24632,115,brier,0.004836115450535868,,,True
2002H2-E,E,tabpfn,20260911,2016H1,53,24632,115,brier_miscalibration,0.00026040588168638103,,,True
2002H2-E,E,tabpfn,20260911,2016H1,53,24632,115,brier_discrimination,7.121706255155003e-05,,,True
2002H2-E,E,tabpfn,20260911,2016H1,53,24632,115,brier_uncertainty,0.004646926631401037,,,True
2002H2-E,E,tabpfn,20260911,2016H1,53,24632,115,observed_over_expected,0.8253092328473541,0.6816413611141666,0.9901950447526935,True
2002H2-E,E,tabpfn,20260911,2016H1,53,24632,115,log_oe,-0.19199713518404452,-0.38325162292232473,-0.009853340356677936,True
2002H2-E,E,tabpfn,20260911,2016H1,53,24632,115,cox_intercept,-1.216822372382545,-1.7715765785943707,-0.6620681661707195,True
2002H2-E,E,tabpfn,20260911,2016H1,53,24632,115,cox_slope,0.7659089261579504,0.6517770591657621,0.8800407931501386,True
2002H2-E,E,tabpfn,20260911,2016H1,53,24632,115,psi,0.1008668314376889,,,True
2002H2-E,E,tabpfn,20260911,2016H1,53,24632,115,psi_critical,0.0010252493801461782,,,True
2002H2-E,E,tabpfn,20260911,2016H2,55,24760,121,auc,0.7917938335347543,0.7541866394942243,0.8294010275752843,True
2002H2-E,E,tabpfn,20260911,2016H2,55,24760,121,gini,0.5835876670695086,0.5083732789884485,0.6588020551505687,True
2002H2-E,E,tabpfn,20260911,2016H2,55,24760,121,ks,0.49022563502932764,,,True
2002H2-E,E,tabpfn,20260911,2016H2,55,24760,121,brier,0.004871825198921436,,,True
2002H2-E,E,tabpfn,20260911,2016H2,55,24760,121,brier_miscalibration,7.460485726495415e-05,,,True
2002H2-E,E,tabpfn,20260911,2016H2,55,24760,121,brier_discrimination,6.581210423440946e-05,,,True
2002H2-E,E,tabpfn,20260911,2016H2,55,24760,121,brier_uncertainty,0.004863032445890892,,,True
2002H2-E,E,tabpfn,20260911,2016H2,55,24760,121,observed_over_expected,1.0730951330174243,0.8907788066379262,1.2816006788006251,True
2002H2-E,E,tabpfn,20260911,2016H2,55,24760,121,log_oe,0.0705471204988781,-0.11565913526280806,0.24810982698274217,True
2002H2-E,E,tabpfn,20260911,2016H2,55,24760,121,cox_intercept,-0.9964255818532136,-1.6533531782283544,-0.33949798547807286,True
2002H2-E,E,tabpfn,20260911,2016H2,55,24760,121,cox_slope,0.7726259262282055,0.643562386211595,0.9016894662448159,True
2002H2-E,E,tabpfn,20260911,2016H2,55,24760,121,psi,0.1390423938000609,,,True
2002H2-E,E,tabpfn,20260911,2016H2,55,24760,121,psi_critical,0.0010216985183533317,,,True
2002H2-E,E,tabpfn,20260911,2017H1,57,24541,162,auc,0.79474643983716,0.7653348884768533,0.8241579911974667,True
2002H2-E,E,tabpfn,20260911,2017H1,57,24541,162,gini,0.58949287967432,0.5306697769537065,0.6483159823949334,True
2002H2-E,E,tabpfn,20260911,2017H1,57,24541,162,ks,0.4598022280864071,,,True
2002H2-E,E,tabpfn,20260911,2017H1,57,24541,162,brier,0.006670447389581563,,,True
2002H2-E,E,tabpfn,20260911,2017H1,57,24541,162,brier_miscalibration,0.0001999367683849923,,,True
2002H2-E,E,tabpfn,20260911,2017H1,57,24541,162,brier_discrimination,8.711155902342647e-05,,,True
2002H2-E,E,tabpfn,20260911,2017H1,57,24541,162,brier_uncertainty,0.006557622180219997,,,True
2002H2-E,E,tabpfn,20260911,2017H1,57,24541,162,observed_over_expected,1.1091004461756564,0.9453282160453728,1.2929408294000297,True
2002H2-E,E,tabpfn,20260911,2017H1,57,24541,162,log_oe,0.10354927791470678,-0.05622309322299354,0.25691933648430537,True
2002H2-E,E,tabpfn,20260911,2017H1,57,24541,162,cox_intercept,-1.035493478282889,-1.5638753623615724,-0.5071115942042057,True
2002H2-E,E,tabpfn,20260911,2017H1,57,24541,162,cox_slope,0.7432758157456612,0.6353207847950701,0.8512308466962522,True
2002H2-E,E,tabpfn,20260911,2017H1,57,24541,162,psi,0.07910388901827242,,,True
2002H2-E,E,tabpfn,20260911,2017H1,57,24541,162,psi_critical,0.0010277963486622491,,,True
2002H2-E,E,tabpfn,20260911,2017H2,59,24680,143,auc,0.809866418376016,0.77877167729598,0.8409611594560521,True
2002H2-E,E,tabpfn,20260911,2017H2,59,24680,143,gini,0.6197328367520321,0.5575433545919599,0.6819223189121042,True
2002H2-E,E,tabpfn,20260911,2017H2,59,24680,143,ks,0.4935343826406303,,,True
2002H2-E,E,tabpfn,20260911,2017H2,59,24680,143,brier,0.005682942232955547,,,True
2002H2-E,E,tabpfn,20260911,2017H2,59,24680,143,brier_miscalibration,4.512742746875121e-05,,,True
2002H2-E,E,tabpfn,20260911,2017H2,59,24680,143,brier_discrimination,0.00012277815884892233,,,True
2002H2-E,E,tabpfn,20260911,2017H2,59,24680,143,brier_uncertainty,0.005760592964335718,,,True
2002H2-E,E,tabpfn,20260911,2017H2,59,24680,143,observed_over_expected,1.0769988385135612,0.9081119281545358,1.268034205122636,True
2002H2-E,E,tabpfn,20260911,2017H2,59,24680,143,log_oe,0.07417831972758006,-0.09638763908516884,0.23746783129996454,True
2002H2-E,E,tabpfn,20260911,2017H2,59,24680,143,cox_intercept,-0.15894345007659563,-0.811042232166439,0.4931553320132478,True
2002H2-E,E,tabpfn,20260911,2017H2,59,24680,143,cox_slope,0.9481116459944132,0.809906072295468,1.0863172196933584,True
2002H2-E,E,tabpfn,20260911,2017H2,59,24680,143,psi,0.0800367641843446,,,True
2002H2-E,E,tabpfn,20260911,2017H2,59,24680,143,psi_critical,0.0010239134906912927,,,True
2002H2-E,E,tabpfn,20260911,2018H1,61,24416,148,auc,0.7694191327473839,0.7310562924843013,0.8077819730104666,True
2002H2-E,E,tabpfn,20260911,2018H1,61,24416,148,gini,0.5388382654947679,0.4621125849686025,0.6155639460209332,True
2002H2-E,E,tabpfn,20260911,2018H1,61,24416,148,ks,0.41229803233264584,,,True
2002H2-E,E,tabpfn,20260911,2018H1,61,24416,148,brier,0.006010113502815326,,,True
2002H2-E,E,tabpfn,20260911,2018H1,61,24416,148,brier_miscalibration,5.803104852097115e-05,,,True
2002H2-E,E,tabpfn,20260911,2018H1,61,24416,148,brier_discrimination,7.277351536393983e-05,,,True
2002H2-E,E,tabpfn,20260911,2018H1,61,24416,148,brier_uncertainty,0.006024855969658295,,,True
2002H2-E,E,tabpfn,20260911,2018H1,61,24416,148,observed_over_expected,1.1306495584156246,0.956262063636074,1.3274809230113649,True
2002H2-E,E,tabpfn,20260911,2018H1,61,24416,148,log_oe,0.12279229802881392,-0.044723278353830824,0.2832831034177908,True
2002H2-E,E,tabpfn,20260911,2018H1,61,24416,148,cox_intercept,-0.7353234713637891,-1.402254273514034,-0.06839266921354414,True
2002H2-E,E,tabpfn,20260911,2018H1,61,24416,148,cox_slope,0.8144207435967119,0.6784604871113473,0.9503810000820765,True
2002H2-E,E,tabpfn,20260911,2018H1,61,24416,148,psi,0.08182935698317309,,,True
2002H2-E,E,tabpfn,20260911,2018H1,61,24416,148,psi_critical,0.0010313258825568768,,,True
2002H2-E,E,tabpfn,20260911,2018H2,63,24543,146,auc,0.7715781358700626,0.7340168660527475,0.8091394056873777,True
2002H2-E,E,tabpfn,20260911,2018H2,63,24543,146,gini,0.5431562717401253,0.46803373210549504,0.6182788113747555,True
2002H2-E,E,tabpfn,20260911,2018H2,63,24543,146,ks,0.4560520297521422,,,True
2002H2-E,E,tabpfn,20260911,2018H2,63,24543,146,brier,0.005882460127638367,,,True
2002H2-E,E,tabpfn,20260911,2018H2,63,24543,146,brier_miscalibration,2.1032216932297468e-05,,,True
2002H2-E,E,tabpfn,20260911,2018H2,63,24543,146,brier_discrimination,5.192756819717183e-05,,,True
2002H2-E,E,tabpfn,20260911,2018H2,63,24543,146,brier_uncertainty,0.005913355478903241,,,True
2002H2-E,E,tabpfn,20260911,2018H2,63,24543,146,observed_over_expected,1.1009423934635783,0.9300189372682839,1.2940284280593215,True
2002H2-E,E,tabpfn,20260911,2018H2,63,24543,146,log_oe,0.09616653435859986,-0.07255033038808276,0.25776016497133336,True
2002H2-E,E,tabpfn,20260911,2018H2,63,24543,146,cox_intercept,-0.6806491118719677,-1.4092167250905727,0.04791850134663711,True
2002H2-E,E,tabpfn,20260911,2018H2,63,24543,146,cox_slope,0.8332615187781858,0.6841684079297143,0.9823546296266572,True
2002H2-E,E,tabpfn,20260911,2018H2,63,24543,146,psi,0.08378307369871137,,,True
2002H2-E,E,tabpfn,20260911,2018H2,63,24543,146,psi_critical,0.0010277401683422744,,,True
2002H2-E,E,tabpfn,20260911,2019H1,65,24752,110,auc,0.7080948270137458,0.6570270165392642,0.7591626374882274,True
2002H2-E,E,tabpfn,20260911,2019H1,65,24752,110,gini,0.41618965402749164,0.3140540330785284,0.5183252749764549,True
2002H2-E,E,tabpfn,20260911,2019H1,65,24752,110,ks,0.3695088208601723,,,True
2002H2-E,E,tabpfn,20260911,2019H1,65,24752,110,brier,0.004388269901389309,,,True
2002H2-E,E,tabpfn,20260911,2019H1,65,24752,110,brier_miscalibration,3.778607072136512e-05,,,True
2002H2-E,E,tabpfn,20260911,2019H1,65,24752,110,brier_discrimination,7.385160138165953e-05,,,True
2002H2-E,E,tabpfn,20260911,2019H1,65,24752,110,brier_uncertainty,0.004424335432049603,,,True
2002H2-E,E,tabpfn,20260911,2019H1,65,24752,110,observed_over_expected,0.8595112510964328,0.7066794111349692,1.0354706122298614,True
2002H2-E,E,tabpfn,20260911,2019H1,65,24752,110,log_oe,-0.15139136396401098,-0.34717816552185404,0.034856021180239644,True
2002H2-E,E,tabpfn,20260911,2019H1,65,24752,110,cox_intercept,-1.7264404971475504,-2.569834377689497,-0.8830466166056037,True
2002H2-E,E,tabpfn,20260911,2019H1,65,24752,110,cox_slope,0.6728515267289532,0.5085216217186597,0.8371814317392468,True
2002H2-E,E,tabpfn,20260911,2019H1,65,24752,110,psi,0.10596762187228018,,,True
2002H2-E,E,tabpfn,20260911,2019H1,65,24752,110,psi_critical,0.0010219193712836035,,,True
2002H2-E,E,tabpfn,20260911,2019H2,67,24861,136,auc,0.6791167548920478,0.6333806421375372,0.7248528676465584,True
2002H2-E,E,tabpfn,20260911,2019H2,67,24861,136,gini,0.3582335097840956,0.2667612842750744,0.44970573529311686,True
2002H2-E,E,tabpfn,20260911,2019H2,67,24861,136,ks,0.2794471539879855,,,True
2002H2-E,E,tabpfn,20260911,2019H2,67,24861,136,brier,0.0054382559607703196,,,True
2002H2-E,E,tabpfn,20260911,2019H2,67,24861,136,brier_miscalibration,1.9887633573666304e-05,,,True
2002H2-E,E,tabpfn,20260911,2019H2,67,24861,136,brier_discrimination,2.2121737185623255e-05,,,True
2002H2-E,E,tabpfn,20260911,2019H2,67,24861,136,brier_uncertainty,0.0054404900643822765,,,True
2002H2-E,E,tabpfn,20260911,2019H2,67,24861,136,observed_over_expected,1.2580554187170365,1.0559571060827309,1.4873935536043912,True
2002H2-E,E,tabpfn,20260911,2019H2,67,24861,136,log_oe,0.22956721034215263,0.054447565219247866,0.39702529527497576,True
2002H2-E,E,tabpfn,20260911,2019H2,67,24861,136,cox_intercept,-2.1762421364877627,-2.951752432314626,-1.4007318406608995,True
2002H2-E,E,tabpfn,20260911,2019H2,67,24861,136,cox_slope,0.5243941588942495,0.3835870811172021,0.6652012366712968,True
2002H2-E,E,tabpfn,20260911,2019H2,67,24861,136,psi,0.1378862382766875,,,True
2002H2-E,E,tabpfn,20260911,2019H2,67,24861,136,psi_critical,0.0010189224749281938,,,True
2002H2-E,E,tabpfn,20260911,2020H1,69,24880,111,auc,0.6699492499888156,0.6164089781328166,0.7234895218448145,True
2002H2-E,E,tabpfn,20260911,2020H1,69,24880,111,gini,0.3398984999776311,0.23281795626563317,0.44697904368962904,True
2002H2-E,E,tabpfn,20260911,2020H1,69,24880,111,ks,0.2855160057307903,,,True
2002H2-E,E,tabpfn,20260911,2020H1,69,24880,111,brier,0.004444223984583357,,,True
2002H2-E,E,tabpfn,20260911,2020H1,69,24880,111,brier_miscalibration,1.5537524951879204e-05,,,True
2002H2-E,E,tabpfn,20260911,2020H1,69,24880,111,brier_discrimination,1.2824109427982122e-05,,,True
2002H2-E,E,tabpfn,20260911,2020H1,69,24880,111,brier_uncertainty,0.00444151056905946,,,True
2002H2-E,E,tabpfn,20260911,2020H1,69,24880,111,observed_over_expected,1.2785952704609522,1.0522224804401827,1.5390563957843857,True
2002H2-E,E,tabpfn,20260911,2020H1,69,24880,111,log_oe,0.24576203034548777,0.05090457526423418,0.43116949861965,True
2002H2-E,E,tabpfn,20260911,2020H1,69,24880,111,cox_intercept,-2.5664431639984038,-3.433061469109366,-1.6998248588874414,True
2002H2-E,E,tabpfn,20260911,2020H1,69,24880,111,cox_slope,0.46889814271285557,0.31993526757535384,0.6178610178503573,True
2002H2-E,E,tabpfn,20260911,2020H1,69,24880,111,psi,0.23884637735502462,,,True
2002H2-E,E,tabpfn,20260911,2020H1,69,24880,111,psi_critical,0.001018402767712202,,,True
2002H2-E,E,tabpfn,20260911,2020H2,71,24919,71,auc,0.6798087300363678,0.612427131128196,0.7471903289445395,False
2002H2-E,E,tabpfn,20260911,2020H2,71,24919,71,gini,0.35961746007273554,0.22485426225639205,0.49438065788907903,False
2002H2-E,E,tabpfn,20260911,2020H2,71,24919,71,ks,0.30359402065969543,,,False
2002H2-E,E,tabpfn,20260911,2020H2,71,24919,71,brier,0.0028437002089701673,,,False
2002H2-E,E,tabpfn,20260911,2020H2,71,24919,71,brier_miscalibration,1.0305158480867702e-05,,,False
2002H2-E,E,tabpfn,20260911,2020H2,71,24919,71,brier_discrimination,7.71833940529541e-06,,,False
2002H2-E,E,tabpfn,20260911,2020H2,71,24919,71,brier_uncertainty,0.002841113389894595,,,False
2002H2-E,E,tabpfn,20260911,2020H2,71,24919,71,observed_over_expected,0.9944365856600896,0.7768901536136269,1.2538791884508191,False
2002H2-E,E,tabpfn,20260911,2020H2,71,24919,71,log_oe,-0.0055789477688598064,-0.2524563110491497,0.2262420966213316,False
2002H2-E,E,tabpfn,20260911,2020H2,71,24919,71,cox_intercept,-2.695346893279214,-3.7959639508529373,-1.5947298357054909,False
2002H2-E,E,tabpfn,20260911,2020H2,71,24919,71,cox_slope,0.507229410665562,0.3224093440650737,0.6920494772660504,False
2002H2-E,E,tabpfn,20260911,2020H2,71,24919,71,psi,0.37863701399530614,,,False
2002H2-E,E,tabpfn,20260911,2020H2,71,24919,71,psi_critical,0.001017338483214061,,,False
2002H2-E,E,tabpfn,20260911,2021H1,73,24909,90,auc,0.7707961194604492,0.7237414928136224,0.817850746107276,False
2002H2-E,E,tabpfn,20260911,2021H1,73,24909,90,gini,0.5415922389208985,0.44748298562724487,0.6357014922145521,False
2002H2-E,E,tabpfn,20260911,2021H1,73,24909,90,ks,0.41562109674040054,,,False
2002H2-E,E,tabpfn,20260911,2021H1,73,24909,90,brier,0.003583421365952993,,,False
2002H2-E,E,tabpfn,20260911,2021H1,73,24909,90,brier_miscalibration,7.563185612658851e-06,,,False
2002H2-E,E,tabpfn,20260911,2021H1,73,24909,90,brier_discrimination,2.4238826020678284e-05,,,False
2002H2-E,E,tabpfn,20260911,2021H1,73,24909,90,brier_uncertainty,0.0036000970063610124,,,False
2002H2-E,E,tabpfn,20260911,2021H1,73,24909,90,observed_over_expected,1.0799308634069948,0.8686821494014709,1.3268684796056103,False
2002H2-E,E,tabpfn,20260911,2021H1,73,24909,90,log_oe,0.0768970237231638,-0.14077798656158777,0.28282163936485255,False
2002H2-E,E,tabpfn,20260911,2021H1,73,24909,90,cox_intercept,-0.7873206030831115,-1.7492396412928897,0.17459843512666673,False
2002H2-E,E,tabpfn,20260911,2021H1,73,24909,90,cox_slope,0.8302414787766565,0.6496852004664165,1.0107977570868967,False
2002H2-E,E,tabpfn,20260911,2021H1,73,24909,90,psi,0.2640655514165079,,,False
2002H2-E,E,tabpfn,20260911,2021H1,73,24909,90,psi_critical,0.0010176110589622332,,,False
2002H2-E,E,tabpfn,20260911,2021H2,75,24929,136,auc,0.7569982395410468,0.717070975627883,0.7969255034542106,True
2002H2-E,E,tabpfn,20260911,2021H2,75,24929,136,gini,0.5139964790820937,0.43414195125576605,0.5938510069084213,True
2002H2-E,E,tabpfn,20260911,2021H2,75,24929,136,ks,0.39878725256891767,,,True
2002H2-E,E,tabpfn,20260911,2021H2,75,24929,136,brier,0.005392099765054967,,,True
2002H2-E,E,tabpfn,20260911,2021H2,75,24929,136,brier_miscalibration,1.3370099670573406e-05,,,True
2002H2-E,E,tabpfn,20260911,2021H2,75,24929,136,brier_discrimination,4.700152600520171e-05,,,True
2002H2-E,E,tabpfn,20260911,2021H2,75,24929,136,brier_uncertainty,0.005425731191389596,,,True
2002H2-E,E,tabpfn,20260911,2021H2,75,24929,136,observed_over_expected,1.3323591074746757,1.1183231111430763,1.5752446426075943,True
2002H2-E,E,tabpfn,20260911,2021H2,75,24929,136,log_oe,0.28695113598880534,0.11183034115615334,0.4544105888550947,True
2002H2-E,E,tabpfn,20260911,2021H2,75,24929,136,cox_intercept,-0.7663754515689036,-1.5433709657391836,0.01062006260137649,True
2002H2-E,E,tabpfn,20260911,2021H2,75,24929,136,cox_slope,0.7862383502527512,0.6367897099576877,0.9356869905478148,True
2002H2-E,E,tabpfn,20260911,2021H2,75,24929,136,psi,0.1576519831543343,,,True
2002H2-E,E,tabpfn,20260911,2021H2,75,24929,136,psi_critical,0.0010170661261475434,,,True
2002H2-E,E,tabpfn,20260911,2022H1,77,24889,291,auc,0.7757528690204467,0.7512420418094271,0.8002636962314663,True
2002H2-E,E,tabpfn,20260911,2022H1,77,24889,291,gini,0.5515057380408934,0.5024840836188542,0.6005273924629326,True
2002H2-E,E,tabpfn,20260911,2022H1,77,24889,291,ks,0.4305758940533539,,,True
2002H2-E,E,tabpfn,20260911,2022H1,77,24889,291,brier,0.011481927682305661,,,True
2002H2-E,E,tabpfn,20260911,2022H1,77,24889,291,brier_miscalibration,0.00011707128588790174,,,True
2002H2-E,E,tabpfn,20260911,2022H1,77,24889,291,brier_discrimination,0.0001903548849476501,,,True
2002H2-E,E,tabpfn,20260911,2022H1,77,24889,291,brier_uncertainty,0.01155521128136541,,,True
2002H2-E,E,tabpfn,20260911,2022H1,77,24889,291,observed_over_expected,2.332055580332545,2.0730976249300834,2.614112911517002,True
2002H2-E,E,tabpfn,20260911,2022H1,77,24889,291,log_oe,0.8467501019660382,0.7290439258952264,0.960924809187673,True
2002H2-E,E,tabpfn,20260911,2022H1,77,24889,291,cox_intercept,0.3312459777843146,-0.21866806226629815,0.8811600178349273,True
2002H2-E,E,tabpfn,20260911,2022H1,77,24889,291,cox_slope,0.8878824386021644,0.7764283470096198,0.999336530194709,True
2002H2-E,E,tabpfn,20260911,2022H1,77,24889,291,psi,0.11170404629798682,,,True
2002H2-E,E,tabpfn,20260911,2022H1,77,24889,291,psi_critical,0.0010181568675578937,,,True
2002H2-E,E,tabpfn,20260911,2022H2,79,24859,373,auc,0.7717508981988723,0.749297402724203,0.7942043936735417,True
2002H2-E,E,tabpfn,20260911,2022H2,79,24859,373,gini,0.5435017963977447,0.49859480544840595,0.5884087873470834,True
2002H2-E,E,tabpfn,20260911,2022H2,79,24859,373,ks,0.42979990316729655,,,True
2002H2-E,E,tabpfn,20260911,2022H2,79,24859,373,brier,0.014699350801681804,,,True
2002H2-E,E,tabpfn,20260911,2022H2,79,24859,373,brier_miscalibration,0.0002546874118029268,,,True
2002H2-E,E,tabpfn,20260911,2022H2,79,24859,373,brier_discrimination,0.00033482389713988814,,,True
2002H2-E,E,tabpfn,20260911,2022H2,79,24859,373,brier_uncertainty,0.014779487287018766,,,True
2002H2-E,E,tabpfn,20260911,2022H2,79,24859,373,observed_over_expected,2.9423743595641025,2.653235980870901,3.2540459295934685,True
2002H2-E,E,tabpfn,20260911,2022H2,79,24859,373,log_oe,1.0792168607068215,0.9757800198885196,1.1798991235077643,True
2002H2-E,E,tabpfn,20260911,2022H2,79,24859,373,cox_intercept,0.7021258413121462,0.20609037209841385,1.1981613105258786,True
2002H2-E,E,tabpfn,20260911,2022H2,79,24859,373,cox_slope,0.9151958294845395,0.814291005107183,1.016100653861896,True
2002H2-E,E,tabpfn,20260911,2022H2,79,24859,373,psi,0.129737691434949,,,True
2002H2-E,E,tabpfn,20260911,2022H2,79,24859,373,psi_critical,0.0010189772271646342,,,True
2002H2-E,E,tabpfn,20260911,2023H1,81,24882,381,auc,0.7857012317564627,0.7649989464439311,0.8064035170689943,True
2002H2-E,E,tabpfn,20260911,2023H1,81,24882,381,gini,0.5714024635129253,0.5299978928878621,0.6128070341379885,True
2002H2-E,E,tabpfn,20260911,2023H1,81,24882,381,ks,0.4323670542773925,,,True
2002H2-E,E,tabpfn,20260911,2023H1,81,24882,381,brier,0.01499711404150252,,,True
2002H2-E,E,tabpfn,20260911,2023H1,81,24882,381,brier_miscalibration,0.0002536954240683533,,,True
2002H2-E,E,tabpfn,20260911,2023H1,81,24882,381,brier_discrimination,0.0003343895825313036,,,True
2002H2-E,E,tabpfn,20260911,2023H1,81,24882,381,brier_uncertainty,0.015077808199965471,,,True
2002H2-E,E,tabpfn,20260911,2023H1,81,24882,381,observed_over_expected,3.0013844568558254,2.7095225116297272,3.315730606755178,True
2002H2-E,E,tabpfn,20260911,2023H1,81,24882,381,log_oe,1.0990736678349795,0.9967724243968717,1.198677993549217,True
2002H2-E,E,tabpfn,20260911,2023H1,81,24882,381,cox_intercept,0.7718391829783678,0.2966344942947382,1.2470438716619974,True
2002H2-E,E,tabpfn,20260911,2023H1,81,24882,381,cox_slope,0.9245537960828251,0.8273553804351228,1.0217522117305273,True
2002H2-E,E,tabpfn,20260911,2023H1,81,24882,381,psi,0.112945744553201,,,True
2002H2-E,E,tabpfn,20260911,2023H1,81,24882,381,psi_critical,0.001018348107860452,,,True
2002H2-E,E,tabpfn,20260911,2023H2,83,24866,363,auc,0.807982358712696,0.7877227214674529,0.828241995957939,True
2002H2-E,E,tabpfn,20260911,2023H2,83,24866,363,gini,0.6159647174253919,0.5754454429349058,0.656483991915878,True
2002H2-E,E,tabpfn,20260911,2023H2,83,24866,363,ks,0.49711897874089517,,,True
2002H2-E,E,tabpfn,20260911,2023H2,83,24866,363,brier,0.014266552148491585,,,True
2002H2-E,E,tabpfn,20260911,2023H2,83,24866,363,brier_miscalibration,0.00032571524949448136,,,True
2002H2-E,E,tabpfn,20260911,2023H2,83,24866,363,brier_discrimination,0.0004443008989419243,,,True
2002H2-E,E,tabpfn,20260911,2023H2,83,24866,363,brier_uncertainty,0.014385137797939028,,,True
2002H2-E,E,tabpfn,20260911,2023H2,83,24866,363,observed_over_expected,3.0421657076842,2.739181379244421,3.3691148211942816,True
2002H2-E,E,tabpfn,20260911,2023H2,83,24866,363,log_oe,1.1125696656224542,1.0076591090612008,1.2146500455279112,True
2002H2-E,E,tabpfn,20260911,2023H2,83,24866,363,cox_intercept,1.1715216141249536,0.6853057415675449,1.6577374866823624,True
2002H2-E,E,tabpfn,20260911,2023H2,83,24866,363,cox_slope,1.0060923908814479,0.9057125781842963,1.1064722035785994,True
2002H2-E,E,tabpfn,20260911,2023H2,83,24866,363,psi,0.10826905911732176,,,True
2002H2-E,E,tabpfn,20260911,2023H2,83,24866,363,psi_critical,0.0010187856328701958,,,True
2002H2-E,E,tabpfn,20260912,2003H1,1,24276,72,auc,0.8799813850786831,0.8411299361806984,0.9188328339766677,False
2002H2-E,E,tabpfn,20260912,2003H1,1,24276,72,gini,0.7599627701573661,0.6822598723613968,0.8376656679533354,False
2002H2-E,E,tabpfn,20260912,2003H1,1,24276,72,ks,0.6390266071723683,,,False
2002H2-E,E,tabpfn,20260912,2003H1,1,24276,72,brier,0.0029179587587566088,,,False
2002H2-E,E,tabpfn,20260912,2003H1,1,24276,72,brier_miscalibration,6.761973751590869e-05,,,False
2002H2-E,E,tabpfn,20260912,2003H1,1,24276,72,brier_discrimination,0.00010675670123310539,,,False
2002H2-E,E,tabpfn,20260912,2003H1,1,24276,72,brier_uncertainty,0.0029570957224738055,,,False
2002H2-E,E,tabpfn,20260912,2003H1,1,24276,72,observed_over_expected,0.6234938691197844,0.4879930423349298,0.7848852349610497,False
2002H2-E,E,tabpfn,20260912,2003H1,1,24276,72,log_oe,-0.4724163469179533,-0.7174541307410189,-0.24221776938947265,False
2002H2-E,E,tabpfn,20260912,2003H1,1,24276,72,cox_intercept,-0.35661192522688867,-1.094387778725338,0.38116392827156065,False
2002H2-E,E,tabpfn,20260912,2003H1,1,24276,72,cox_slope,1.030808227992929,0.8605965906574438,1.201019865328414,False
2002H2-E,E,tabpfn,20260912,2003H1,1,24276,72,psi,0.22608527348399413,,,False
2002H2-E,E,tabpfn,20260912,2003H1,1,24276,72,psi_critical,0.0010353221128363722,,,False
2002H2-E,E,tabpfn,20260912,2003H2,3,24205,139,auc,0.8491704766329046,0.816823771286888,0.8815171819789211,True
2002H2-E,E,tabpfn,20260912,2003H2,3,24205,139,gini,0.6983409532658091,0.633647542573776,0.7630343639578423,True
2002H2-E,E,tabpfn,20260912,2003H2,3,24205,139,ks,0.5667932370633038,,,True
2002H2-E,E,tabpfn,20260912,2003H2,3,24205,139,brier,0.005588527058784533,,,True
2002H2-E,E,tabpfn,20260912,2003H2,3,24205,139,brier_miscalibration,3.223711300001219e-05,,,True
2002H2-E,E,tabpfn,20260912,2003H2,3,24205,139,brier_discrimination,0.00015334758747142813,,,True
2002H2-E,E,tabpfn,20260912,2003H2,3,24205,139,brier_uncertainty,0.005709637533255949,,,True
2002H2-E,E,tabpfn,20260912,2003H2,3,24205,139,observed_over_expected,0.8849810769570207,0.7443055402229032,1.0443890679097587,True
2002H2-E,E,tabpfn,20260912,2003H2,3,24205,139,log_oe,-0.12218901617227328,-0.2953036561092401,0.043432090447723136,True
2002H2-E,E,tabpfn,20260912,2003H2,3,24205,139,cox_intercept,-0.276783314869487,-0.8328965866409443,0.2793299569019703,True
2002H2-E,E,tabpfn,20260912,2003H2,3,24205,139,cox_slope,0.9626964439732412,0.8324820433055259,1.0929108446409566,True
2002H2-E,E,tabpfn,20260912,2003H2,3,24205,139,psi,0.05801277916880236,,,True
2002H2-E,E,tabpfn,20260912,2003H2,3,24205,139,psi_critical,0.001037366439290114,,,True
2002H2-E,E,tabpfn,20260912,2004H1,5,24219,181,auc,0.8325551762196044,0.8023218723171588,0.86278848012205,True
2002H2-E,E,tabpfn,20260912,2004H1,5,24219,181,gini,0.6651103524392088,0.6046437446343176,0.7255769602441,True
2002H2-E,E,tabpfn,20260912,2004H1,5,24219,181,ks,0.5446735118750745,,,True
2002H2-E,E,tabpfn,20260912,2004H1,5,24219,181,brier,0.007281295018884446,,,True
2002H2-E,E,tabpfn,20260912,2004H1,5,24219,181,brier_miscalibration,3.8409253739538594e-05,,,True
2002H2-E,E,tabpfn,20260912,2004H1,5,24219,181,brier_discrimination,0.0001747327040434463,,,True
2002H2-E,E,tabpfn,20260912,2004H1,5,24219,181,brier_uncertainty,0.007417618469188354,,,True
2002H2-E,E,tabpfn,20260912,2004H1,5,24219,181,observed_over_expected,1.0300462227727245,0.8858938585543403,1.1908277577144089,True
2002H2-E,E,tabpfn,20260912,2004H1,5,24219,181,log_oe,0.02960367771299868,-0.1211581340248653,0.1746486600275526,True
2002H2-E,E,tabpfn,20260912,2004H1,5,24219,181,cox_intercept,-0.4091153123965754,-0.9040738670345814,0.08584324224143053,True
2002H2-E,E,tabpfn,20260912,2004H1,5,24219,181,cox_slope,0.8911642205046918,0.7765683975075118,1.0057600435018719,True
2002H2-E,E,tabpfn,20260912,2004H1,5,24219,181,psi,0.028536015818139464,,,True
2002H2-E,E,tabpfn,20260912,2004H1,5,24219,181,psi_critical,0.0010369623839442791,,,True
2002H2-E,E,tabpfn,20260912,2004H2,7,24090,202,auc,0.822038945773345,0.7985026400321626,0.8455752515145274,True
2002H2-E,E,tabpfn,20260912,2004H2,7,24090,202,gini,0.64407789154669,0.5970052800643253,0.6911505030290548,True
2002H2-E,E,tabpfn,20260912,2004H2,7,24090,202,ks,0.5051950355785746,,,True
2002H2-E,E,tabpfn,20260912,2004H2,7,24090,202,brier,0.008229191736433885,,,True
2002H2-E,E,tabpfn,20260912,2004H2,7,24090,202,brier_miscalibration,5.797485502787719e-05,,,True
2002H2-E,E,tabpfn,20260912,2004H2,7,24090,202,brier_discrimination,0.0001436932530506918,,,True
2002H2-E,E,tabpfn,20260912,2004H2,7,24090,202,brier_uncertainty,0.0083149101344567,,,True
2002H2-E,E,tabpfn,20260912,2004H2,7,24090,202,observed_over_expected,0.9577639759477083,0.8306797744093734,1.098659660067185,True
2002H2-E,E,tabpfn,20260912,2004H2,7,24090,202,log_oe,-0.043153903027860055,-0.18551090808083748,0.09409094599274699,True
2002H2-E,E,tabpfn,20260912,2004H2,7,24090,202,cox_intercept,-0.6157151689258803,-1.0854563675314781,-0.14597397032028242,True
2002H2-E,E,tabpfn,20260912,2004H2,7,24090,202,cox_slope,0.8552522631325088,0.7444669573768811,0.9660375688881365,True
2002H2-E,E,tabpfn,20260912,2004H2,7,24090,202,psi,0.0038527607591061544,,,True
2002H2-E,E,tabpfn,20260912,2004H2,7,24090,202,psi_critical,0.0010407032384610452,,,True
2002H2-E,E,tabpfn,20260912,2005H1,9,24233,248,auc,0.7991816121635161,0.7724301177889479,0.8259331065380844,True
2002H2-E,E,tabpfn,20260912,2005H1,9,24233,248,gini,0.5983632243270323,0.5448602355778958,0.6518662130761688,True
2002H2-E,E,tabpfn,20260912,2005H1,9,24233,248,ks,0.494524635693007,,,True
2002H2-E,E,tabpfn,20260912,2005H1,9,24233,248,brier,0.009968299286211537,,,True
2002H2-E,E,tabpfn,20260912,2005H1,9,24233,248,brier_miscalibration,4.9214453313276355e-05,,,True
2002H2-E,E,tabpfn,20260912,2005H1,9,24233,248,brier_discrimination,0.00021015931112586955,,,True
2002H2-E,E,tabpfn,20260912,2005H1,9,24233,248,brier_uncertainty,0.01012924414402413,,,True
2002H2-E,E,tabpfn,20260912,2005H1,9,24233,248,observed_over_expected,1.244503077755587,1.0950759943701134,1.4084606351946065,True
2002H2-E,E,tabpfn,20260912,2005H1,9,24233,248,log_oe,0.2187363159084998,0.09082376211155382,0.34249735991008845,True
2002H2-E,E,tabpfn,20260912,2005H1,9,24233,248,cox_intercept,-0.6663675939339705,-1.0895870025356778,-0.24314818533226334,True
2002H2-E,E,tabpfn,20260912,2005H1,9,24233,248,cox_slope,0.7796244138570021,0.6839851427070877,0.8752636850069165,True
2002H2-E,E,tabpfn,20260912,2005H1,9,24233,248,psi,0.0047555098956833875,,,True
2002H2-E,E,tabpfn,20260912,2005H1,9,24233,248,psi_critical,0.001036558795463863,,,True
2002H2-E,E,tabpfn,20260912,2005H2,11,24082,266,auc,0.8294385243003377,0.8068937958517158,0.8519832527489596,True
2002H2-E,E,tabpfn,20260912,2005H2,11,24082,266,gini,0.6588770486006754,0.6137875917034317,0.7039665054979192,True
2002H2-E,E,tabpfn,20260912,2005H2,11,24082,266,ks,0.517077354959451,,,True
2002H2-E,E,tabpfn,20260912,2005H2,11,24082,266,brier,0.010660624739517259,,,True
2002H2-E,E,tabpfn,20260912,2005H2,11,24082,266,brier_miscalibration,5.593462923478461e-05,,,True
2002H2-E,E,tabpfn,20260912,2005H2,11,24082,266,brier_discrimination,0.0003188989577993587,,,True
2002H2-E,E,tabpfn,20260912,2005H2,11,24082,266,brier_uncertainty,0.010923589068081833,,,True
2002H2-E,E,tabpfn,20260912,2005H2,11,24082,266,observed_over_expected,1.305844123906389,1.1543380946080568,1.471531516245929,True
2002H2-E,E,tabpfn,20260912,2005H2,11,24082,266,log_oe,0.266849669907413,0.14352710144022382,0.38630370623024873,True
2002H2-E,E,tabpfn,20260912,2005H2,11,24082,266,cox_intercept,-0.030337767512167435,-0.4533197505116301,0.3926442154872952,True
2002H2-E,E,tabpfn,20260912,2005H2,11,24082,266,cox_slope,0.9222093489378898,0.8211915499862164,1.0232271478895631,True
2002H2-E,E,tabpfn,20260912,2005H2,11,24082,266,psi,0.004555714319301545,,,True
2002H2-E,E,tabpfn,20260912,2005H2,11,24082,266,psi_critical,0.0010409365492114375,,,True
2002H2-E,E,tabpfn,20260912,2006H1,13,23280,405,auc,0.8043406597854685,0.7851493516685835,0.8235319679023536,True
2002H2-E,E,tabpfn,20260912,2006H1,13,23280,405,gini,0.6086813195709371,0.5702987033371669,0.6470639358047072,True
2002H2-E,E,tabpfn,20260912,2006H1,13,23280,405,ks,0.4908609593199757,,,True
2002H2-E,E,tabpfn,20260912,2006H1,13,23280,405,brier,0.016729847712984136,,,True
2002H2-E,E,tabpfn,20260912,2006H1,13,23280,405,brier_miscalibration,0.00020039464688085748,,,True
2002H2-E,E,tabpfn,20260912,2006H1,13,23280,405,brier_discrimination,0.0005648017696922372,,,True
2002H2-E,E,tabpfn,20260912,2006H1,13,23280,405,brier_uncertainty,0.017094254835795516,,,True
2002H2-E,E,tabpfn,20260912,2006H1,13,23280,405,observed_over_expected,1.7630153886547693,1.5967634034888047,1.941632392872544,True
2002H2-E,E,tabpfn,20260912,2006H1,13,23280,405,log_oe,0.5670256320530607,0.4679787076556154,0.6635290588883985,True
2002H2-E,E,tabpfn,20260912,2006H1,13,23280,405,cox_intercept,-0.07658064119669827,-0.41975160695488667,0.2665903245614901,True
2002H2-E,E,tabpfn,20260912,2006H1,13,23280,405,cox_slope,0.8291524988259926,0.7479519948314325,0.9103530028205528,True
2002H2-E,E,tabpfn,20260912,2006H1,13,23280,405,psi,0.02375584040024538,,,True
2002H2-E,E,tabpfn,20260912,2006H1,13,23280,405,psi_critical,0.0010651397584764489,,,True
2002H2-E,E,tabpfn,20260912,2006H2,15,23898,525,auc,0.799592529434655,0.7822433294173158,0.8169417294519942,True
2002H2-E,E,tabpfn,20260912,2006H2,15,23898,525,gini,0.59918505886931,0.5644866588346316,0.6338834589039883,True
2002H2-E,E,tabpfn,20260912,2006H2,15,23898,525,ks,0.4654618576990545,,,True
2002H2-E,E,tabpfn,20260912,2006H2,15,23898,525,brier,0.021058245755125854,,,True
2002H2-E,E,tabpfn,20260912,2006H2,15,23898,525,brier_miscalibration,0.000336324695894525,,,True
2002H2-E,E,tabpfn,20260912,2006H2,15,23898,525,brier_discrimination,0.0007638354092747608,,,True
2002H2-E,E,tabpfn,20260912,2006H2,15,23898,525,brier_uncertainty,0.02148575646850609,,,True
2002H2-E,E,tabpfn,20260912,2006H2,15,23898,525,observed_over_expected,2.126133234984232,1.9498914356974846,2.3137470197400685,True
2002H2-E,E,tabpfn,20260912,2006H2,15,23898,525,log_oe,0.7543049472807783,0.6677736970245107,0.8388682968399405,True
2002H2-E,E,tabpfn,20260912,2006H2,15,23898,525,cox_intercept,0.0474469452917137,-0.2508367139709806,0.34573060455440807,True
2002H2-E,E,tabpfn,20260912,2006H2,15,23898,525,cox_slope,0.8082789567698838,0.7377707797908871,0.8787871337488805,True
2002H2-E,E,tabpfn,20260912,2006H2,15,23898,525,psi,0.03288099936257985,,,True
2002H2-E,E,tabpfn,20260912,2006H2,15,23898,525,psi_critical,0.001046345808876259,,,True
2002H2-E,E,tabpfn,20260912,2007H1,17,23169,808,auc,0.8010764299228547,0.7874145672456405,0.8147382926000688,True
2002H2-E,E,tabpfn,20260912,2007H1,17,23169,808,gini,0.6021528598457093,0.574829134491281,0.6294765852001376,True
2002H2-E,E,tabpfn,20260912,2007H1,17,23169,808,ks,0.46068921491227877,,,True
2002H2-E,E,tabpfn,20260912,2007H1,17,23169,808,brier,0.03310267686789735,,,True
2002H2-E,E,tabpfn,20260912,2007H1,17,23169,808,brier_miscalibration,0.0012859328642937165,,,True
2002H2-E,E,tabpfn,20260912,2007H1,17,23169,808,brier_discrimination,0.00184123252754783,,,True
2002H2-E,E,tabpfn,20260912,2007H1,17,23169,808,brier_uncertainty,0.03365797653115146,,,True
2002H2-E,E,tabpfn,20260912,2007H1,17,23169,808,observed_over_expected,3.1316190351814317,2.922803926355547,3.350994600211931,True
2002H2-E,E,tabpfn,20260912,2007H1,17,23169,808,log_oe,1.1415501344535828,1.0725434042881863,1.2092571973578532,True
2002H2-E,E,tabpfn,20260912,2007H1,17,23169,808,cox_intercept,0.49610105364988316,0.2542994167180832,0.7379026905816831,True
2002H2-E,E,tabpfn,20260912,2007H1,17,23169,808,cox_slope,0.8111577220463064,0.7536134953590093,0.8687019487336035,True
2002H2-E,E,tabpfn,20260912,2007H1,17,23169,808,psi,0.045463901648424204,,,True
2002H2-E,E,tabpfn,20260912,2007H1,17,23169,808,psi_critical,0.0010686215825909393,,,True
2002H2-E,E,tabpfn,20260912,2007H2,19,24367,1560,auc,0.7858160815449149,0.7756425502543007,0.795989612835529,True
2002H2-E,E,tabpfn,20260912,2007H2,19,24367,1560,gini,0.5716321630898298,0.5512851005086015,0.5919792256710581,True
2002H2-E,E,tabpfn,20260912,2007H2,19,24367,1560,ks,0.456358961992101,,,True
2002H2-E,E,tabpfn,20260912,2007H2,19,24367,1560,brier,0.06080190980809436,,,True
2002H2-E,E,tabpfn,20260912,2007H2,19,24367,1560,brier_miscalibration,0.005337963339254959,,,True
2002H2-E,E,tabpfn,20260912,2007H2,19,24367,1560,brier_discrimination,0.004458375574983943,,,True
2002H2-E,E,tabpfn,20260912,2007H2,19,24367,1560,brier_uncertainty,0.05992232204382335,,,True
2002H2-E,E,tabpfn,20260912,2007H2,19,24367,1560,observed_over_expected,5.566691741289979,5.302191782361061,5.840276263158514,True
2002H2-E,E,tabpfn,20260912,2007H2,19,24367,1560,log_oe,1.7168009351678044,1.6681202789140985,1.7647781010566355,True
2002H2-E,E,tabpfn,20260912,2007H2,19,24367,1560,cox_intercept,0.8854685349257378,0.7042865329172979,1.0666505369341779,True
2002H2-E,E,tabpfn,20260912,2007H2,19,24367,1560,cox_slope,0.7458889153329742,0.7043565115453124,0.787421319120636,True
2002H2-E,E,tabpfn,20260912,2007H2,19,24367,1560,psi,0.05047859997196942,,,True
2002H2-E,E,tabpfn,20260912,2007H2,19,24367,1560,psi_critical,0.0010327193396994369,,,True
2002H2-E,E,tabpfn,20260912,2008H1,21,24660,1109,auc,0.7893162734642724,0.7769518439877509,0.8016807029407939,True
2002H2-E,E,tabpfn,20260912,2008H1,21,24660,1109,gini,0.5786325469285447,0.5539036879755017,0.6033614058815877,True
2002H2-E,E,tabpfn,20260912,2008H1,21,24660,1109,ks,0.4421173870539154,,,True
2002H2-E,E,tabpfn,20260912,2008H1,21,24660,1109,brier,0.043322697240905705,,,True
2002H2-E,E,tabpfn,20260912,2008H1,21,24660,1109,brier_miscalibration,0.0031050104684278573,,,True
2002H2-E,E,tabpfn,20260912,2008H1,21,24660,1109,brier_discrimination,0.0027314811159959845,,,True
2002H2-E,E,tabpfn,20260912,2008H1,21,24660,1109,brier_uncertainty,0.04294916788847383,,,True
2002H2-E,E,tabpfn,20260912,2008H1,21,24660,1109,observed_over_expected,6.386953410953527,6.0243549917527215,6.764877700977457,True
2002H2-E,E,tabpfn,20260912,2008H1,21,24660,1109,log_oe,1.8542573801976778,1.7958104183351382,1.9117441832594062,True
2002H2-E,E,tabpfn,20260912,2008H1,21,24660,1109,cox_intercept,0.9013764976562121,0.6791956624162153,1.1235573328962087,True
2002H2-E,E,tabpfn,20260912,2008H1,21,24660,1109,cox_slope,0.7496380150387844,0.7034219219370826,0.7958541081404861,True
2002H2-E,E,tabpfn,20260912,2008H1,21,24660,1109,psi,0.01443371970620331,,,True
2002H2-E,E,tabpfn,20260912,2008H1,21,24660,1109,psi_critical,0.0010244694792870743,,,True
2002H2-E,E,tabpfn,20260912,2008H2,23,24746,863,auc,0.8052406796380714,0.7916611660822175,0.8188201931939254,True
2002H2-E,E,tabpfn,20260912,2008H2,23,24746,863,gini,0.6104813592761429,0.583322332164435,0.6376403863878508,True
2002H2-E,E,tabpfn,20260912,2008H2,23,24746,863,ks,0.46579610362976054,,,True
2002H2-E,E,tabpfn,20260912,2008H2,23,24746,863,brier,0.03379791835678204,,,True
2002H2-E,E,tabpfn,20260912,2008H2,23,24746,863,brier_miscalibration,0.0023034484813701586,,,True
2002H2-E,E,tabpfn,20260912,2008H2,23,24746,863,brier_discrimination,0.0021636348342346234,,,True
2002H2-E,E,tabpfn,20260912,2008H2,23,24746,863,brier_uncertainty,0.0336581047096465,,,True
2002H2-E,E,tabpfn,20260912,2008H2,23,24746,863,observed_over_expected,6.560349913691951,6.136857293874265,7.004547575005869,True
2002H2-E,E,tabpfn,20260912,2008H2,23,24746,863,log_oe,1.8810439420352656,1.8143127697349766,1.9465595916940492,True
2002H2-E,E,tabpfn,20260912,2008H2,23,24746,863,cox_intercept,1.4071646061780496,1.1297212751809353,1.6846079371751639,True
2002H2-E,E,tabpfn,20260912,2008H2,23,24746,863,cox_slope,0.8730789213186981,0.8165985829851864,0.9295592596522099,True
2002H2-E,E,tabpfn,20260912,2008H2,23,24746,863,psi,0.064261794848406,,,True
2002H2-E,E,tabpfn,20260912,2008H2,23,24746,863,psi_critical,0.0010220851046916352,,,True
2002H2-E,E,tabpfn,20260912,2009H1,25,24844,119,auc,0.814201935577062,0.7774474539524091,0.8509564172017149,True
2002H2-E,E,tabpfn,20260912,2009H1,25,24844,119,gini,0.628403871154124,0.5548949079048182,0.7019128344034298,True
2002H2-E,E,tabpfn,20260912,2009H1,25,24844,119,ks,0.5148244130817139,,,True
2002H2-E,E,tabpfn,20260912,2009H1,25,24844,119,brier,0.004747931846011941,,,True
2002H2-E,E,tabpfn,20260912,2009H1,25,24844,119,brier_miscalibration,4.554154880445204e-05,,,True
2002H2-E,E,tabpfn,20260912,2009H1,25,24844,119,brier_discrimination,6.455557383152916e-05,,,True
2002H2-E,E,tabpfn,20260912,2009H1,25,24844,119,brier_uncertainty,0.0047669458710390186,,,True
2002H2-E,E,tabpfn,20260912,2009H1,25,24844,119,observed_over_expected,1.7319253440517575,1.435318094053134,2.0715299826718914,True
2002H2-E,E,tabpfn,20260912,2009H1,25,24844,119,log_oe,0.5492337053150298,0.36138649297650044,0.7282874563248007,True
2002H2-E,E,tabpfn,20260912,2009H1,25,24844,119,cox_intercept,-0.41318939220183126,-1.07377751977334,0.24739873536967738,True
2002H2-E,E,tabpfn,20260912,2009H1,25,24844,119,cox_slope,0.8070041764153565,0.6864329907742016,0.9275753620565114,True
2002H2-E,E,tabpfn,20260912,2009H1,25,24844,119,psi,0.5110554095028857,,,True
2002H2-E,E,tabpfn,20260912,2009H1,25,24844,119,psi_critical,0.001019388149927719,,,True
2002H2-E,E,tabpfn,20260912,2009H2,27,24709,196,auc,0.8594947953480745,0.8343553305439224,0.8846342601522266,True
2002H2-E,E,tabpfn,20260912,2009H2,27,24709,196,gini,0.718989590696149,0.6687106610878448,0.7692685203044531,True
2002H2-E,E,tabpfn,20260912,2009H2,27,24709,196,ks,0.5865546561299835,,,True
2002H2-E,E,tabpfn,20260912,2009H2,27,24709,196,brier,0.007659861799540254,,,True
2002H2-E,E,tabpfn,20260912,2009H2,27,24709,196,brier_miscalibration,8.354785471763326e-05,,,True
2002H2-E,E,tabpfn,20260912,2009H2,27,24709,196,brier_discrimination,0.000293096507226703,,,True
2002H2-E,E,tabpfn,20260912,2009H2,27,24709,196,brier_uncertainty,0.007869410452049324,,,True
2002H2-E,E,tabpfn,20260912,2009H2,27,24709,196,observed_over_expected,1.6585778201980539,1.4352384133124656,1.906598180341142,True
2002H2-E,E,tabpfn,20260912,2009H2,27,24709,196,log_oe,0.5059605003409784,0.3613309770927445,0.6453205966769807,True
2002H2-E,E,tabpfn,20260912,2009H2,27,24709,196,cox_intercept,0.16857599334653692,-0.2676534178402862,0.60480540453336,True
2002H2-E,E,tabpfn,20260912,2009H2,27,24709,196,cox_slope,0.9158756722427032,0.8225863655647943,1.009164978920612,True
2002H2-E,E,tabpfn,20260912,2009H2,27,24709,196,psi,0.18372638093454197,,,True
2002H2-E,E,tabpfn,20260912,2009H2,27,24709,196,psi_critical,0.0010231089059562013,,,True
2002H2-E,E,tabpfn,20260912,2010H1,29,24843,191,auc,0.8398171659447148,0.8098841095575623,0.8697502223318673,True
2002H2-E,E,tabpfn,20260912,2010H1,29,24843,191,gini,0.6796343318894296,0.6197682191151246,0.7395004446637345,True
2002H2-E,E,tabpfn,20260912,2010H1,29,24843,191,ks,0.5557194896413575,,,True
2002H2-E,E,tabpfn,20260912,2010H1,29,24843,191,brier,0.007430336584537901,,,True
2002H2-E,E,tabpfn,20260912,2010H1,29,24843,191,brier_miscalibration,6.279559748667302e-05,,,True
2002H2-E,E,tabpfn,20260912,2010H1,29,24843,191,brier_discrimination,0.0002616317400352987,,,True
2002H2-E,E,tabpfn,20260912,2010H1,29,24843,191,brier_uncertainty,0.0076291727270865264,,,True
2002H2-E,E,tabpfn,20260912,2010H1,29,24843,191,observed_over_expected,1.3534584520473976,1.1689031142307265,1.558697993720274,True
2002H2-E,E,tabpfn,20260912,2010H1,29,24843,191,log_oe,0.30266313292385716,0.15606579986854363,0.443850853362668,True
2002H2-E,E,tabpfn,20260912,2010H1,29,24843,191,cox_intercept,-0.3378440797279798,-0.751159559903924,0.07547140044796435,True
2002H2-E,E,tabpfn,20260912,2010H1,29,24843,191,cox_slope,0.8408753304052284,0.7511014479359245,0.9306492128745324,True
2002H2-E,E,tabpfn,20260912,2010H1,29,24843,191,psi,0.14305189959231815,,,True
2002H2-E,E,tabpfn,20260912,2010H1,29,24843,191,psi_critical,0.0010194155624220973,,,True
2002H2-E,E,tabpfn,20260912,2010H2,31,24683,152,auc,0.8648667421887236,0.8351166314534896,0.8946168529239577,True
2002H2-E,E,tabpfn,20260912,2010H2,31,24683,152,gini,0.7297334843774472,0.6702332629069792,0.7892337058479153,True
2002H2-E,E,tabpfn,20260912,2010H2,31,24683,152,ks,0.6106996196005484,,,True
2002H2-E,E,tabpfn,20260912,2010H2,31,24683,152,brier,0.005966013998634334,,,True
2002H2-E,E,tabpfn,20260912,2010H2,31,24683,152,brier_miscalibration,5.8418774160271664e-05,,,True
2002H2-E,E,tabpfn,20260912,2010H2,31,24683,152,brier_discrimination,0.00021256728228102005,,,True
2002H2-E,E,tabpfn,20260912,2010H2,31,24683,152,brier_uncertainty,0.0061201625067550825,,,True
2002H2-E,E,tabpfn,20260912,2010H2,31,24683,152,observed_over_expected,1.2821311415043535,1.0868981015960628,1.5021317879466733,True
2002H2-E,E,tabpfn,20260912,2010H2,31,24683,152,log_oe,0.24852364773193059,0.08332786096303227,0.4068852911351295,True
2002H2-E,E,tabpfn,20260912,2010H2,31,24683,152,cox_intercept,-0.2801211585709291,-0.7345091658582515,0.1742668487163933,True
2002H2-E,E,tabpfn,20260912,2010H2,31,24683,152,cox_slope,0.8700423420643127,0.7718943509443875,0.968190333184238,True
2002H2-E,E,tabpfn,20260912,2010H2,31,24683,152,psi,0.305368731112085,,,True
2002H2-E,E,tabpfn,20260912,2010H2,31,24683,152,psi_critical,0.0010238301701137374,,,True
2002H2-E,E,tabpfn,20260912,2011H1,33,24614,195,auc,0.8653515914992633,0.8420107561051077,0.888692426893419,True
2002H2-E,E,tabpfn,20260912,2011H1,33,24614,195,gini,0.7307031829985267,0.6840215122102153,0.777384853786838,True
2002H2-E,E,tabpfn,20260912,2011H1,33,24614,195,ks,0.6058941072577995,,,True
2002H2-E,E,tabpfn,20260912,2011H1,33,24614,195,brier,0.007707205019646274,,,True
2002H2-E,E,tabpfn,20260912,2011H1,33,24614,195,brier_miscalibration,0.00013538644669037515,,,True
2002H2-E,E,tabpfn,20260912,2011H1,33,24614,195,brier_discrimination,0.00028773889340656146,,,True
2002H2-E,E,tabpfn,20260912,2011H1,33,24614,195,brier_uncertainty,0.00785955746636246,,,True
2002H2-E,E,tabpfn,20260912,2011H1,33,24614,195,observed_over_expected,1.1206261648153406,0.9693527005952547,1.2886622822498364,True
2002H2-E,E,tabpfn,20260912,2011H1,33,24614,195,log_oe,0.11388760481037594,-0.031126749215084522,0.2536046898229269,True
2002H2-E,E,tabpfn,20260912,2011H1,33,24614,195,cox_intercept,-0.48963468536692256,-0.8705450385498902,-0.10872433218395494,True
2002H2-E,E,tabpfn,20260912,2011H1,33,24614,195,cox_slope,0.8405132331338989,0.7525155367652412,0.9285109295025566,True
2002H2-E,E,tabpfn,20260912,2011H1,33,24614,195,psi,0.10753484441896775,,,True
2002H2-E,E,tabpfn,20260912,2011H1,33,24614,195,psi_critical,0.0010257516819624198,,,True
2002H2-E,E,tabpfn,20260912,2011H2,35,24646,119,auc,0.8909968194885896,0.8629319243925148,0.9190617145846643,True
2002H2-E,E,tabpfn,20260912,2011H2,35,24646,119,gini,0.7819936389771791,0.7258638487850295,0.8381234291693287,True
2002H2-E,E,tabpfn,20260912,2011H2,35,24646,119,ks,0.6574445654642989,,,True
2002H2-E,E,tabpfn,20260912,2011H2,35,24646,119,brier,0.0047414456277551234,,,True
2002H2-E,E,tabpfn,20260912,2011H2,35,24646,119,brier_miscalibration,0.00013933887716570652,,,True
2002H2-E,E,tabpfn,20260912,2011H2,35,24646,119,brier_discrimination,0.00020294981047100542,,,True
2002H2-E,E,tabpfn,20260912,2011H2,35,24646,119,brier_uncertainty,0.004805056561060422,,,True
2002H2-E,E,tabpfn,20260912,2011H2,35,24646,119,observed_over_expected,0.9262644630159927,0.7676360492093877,1.1078868600330352,True
2002H2-E,E,tabpfn,20260912,2011H2,35,24646,119,log_oe,-0.07659548790158198,-0.26443955241644657,0.10245447122777648,True
2002H2-E,E,tabpfn,20260912,2011H2,35,24646,119,cox_intercept,-0.457364827687669,-0.9392430025593057,0.02451334718396775,True
2002H2-E,E,tabpfn,20260912,2011H2,35,24646,119,cox_slope,0.9045977760493451,0.7948670306465689,1.0143285214521212,True
2002H2-E,E,tabpfn,20260912,2011H2,35,24646,119,psi,0.3079946457069036,,,True
2002H2-E,E,tabpfn,20260912,2011H2,35,24646,119,psi_critical,0.0010248592082078211,,,True
2002H2-E,E,tabpfn,20260912,2012H1,37,24306,148,auc,0.8666445338458749,0.8418488131882969,0.891440254503453,True
2002H2-E,E,tabpfn,20260912,2012H1,37,24306,148,gini,0.7332890676917498,0.6836976263765937,0.782880509006906,True
2002H2-E,E,tabpfn,20260912,2012H1,37,24306,148,ks,0.6236258818633188,,,True
2002H2-E,E,tabpfn,20260912,2012H1,37,24306,148,brier,0.006222203206621233,,,True
2002H2-E,E,tabpfn,20260912,2012H1,37,24306,148,brier_miscalibration,0.00031903604370018667,,,True
2002H2-E,E,tabpfn,20260912,2012H1,37,24306,148,brier_discrimination,0.00014878804714238848,,,True
2002H2-E,E,tabpfn,20260912,2012H1,37,24306,148,brier_uncertainty,0.006051955210063435,,,True
2002H2-E,E,tabpfn,20260912,2012H1,37,24306,148,observed_over_expected,0.5707550929461161,0.48272477487187476,0.6701145118200421,True
2002H2-E,E,tabpfn,20260912,2012H1,37,24306,148,log_oe,-0.560795070359979,-0.7283086120229535,-0.4003066680368742,True
2002H2-E,E,tabpfn,20260912,2012H1,37,24306,148,cox_intercept,-1.2664681866906964,-1.6663988663163647,-0.8665375070650281,True
2002H2-E,E,tabpfn,20260912,2012H1,37,24306,148,cox_slope,0.7992711399682084,0.696493289467182,0.9020489904692348,True
2002H2-E,E,tabpfn,20260912,2012H1,37,24306,148,psi,0.14978037209071207,,,True
2002H2-E,E,tabpfn,20260912,2012H1,37,24306,148,psi_critical,0.0010344619023195318,,,True
2002H2-E,E,tabpfn,20260912,2012H2,39,24538,131,auc,0.8691681181440564,0.8429825092817302,0.8953537270063825,True
2002H2-E,E,tabpfn,20260912,2012H2,39,24538,131,gini,0.7383362362881127,0.6859650185634605,0.790707454012765,True
2002H2-E,E,tabpfn,20260912,2012H2,39,24538,131,ks,0.6187384610284185,,,True
2002H2-E,E,tabpfn,20260912,2012H2,39,24538,131,brier,0.005501623431222011,,,True
2002H2-E,E,tabpfn,20260912,2012H2,39,24538,131,brier_miscalibration,0.0003130770348519713,,,True
2002H2-E,E,tabpfn,20260912,2012H2,39,24538,131,brier_discrimination,0.00012161073740756152,,,True
2002H2-E,E,tabpfn,20260912,2012H2,39,24538,131,brier_uncertainty,0.005310157133777601,,,True
2002H2-E,E,tabpfn,20260912,2012H2,39,24538,131,observed_over_expected,0.5425372024697664,0.45380372411522707,0.6434758004403712,True
2002H2-E,E,tabpfn,20260912,2012H2,39,24538,131,log_oe,-0.6114986199376112,-0.7900905001578894,-0.44087085880635407,True
2002H2-E,E,tabpfn,20260912,2012H2,39,24538,131,cox_intercept,-1.3375341183851872,-1.7533801302549705,-0.9216881065154039,True
2002H2-E,E,tabpfn,20260912,2012H2,39,24538,131,cox_slope,0.795908232107544,0.6910522828396278,0.9007641813754602,True
2002H2-E,E,tabpfn,20260912,2012H2,39,24538,131,psi,0.14488831153498768,,,True
2002H2-E,E,tabpfn,20260912,2012H2,39,24538,131,psi_critical,0.0010278806363136351,,,True
2002H2-E,E,tabpfn,20260912,2013H1,41,24341,85,auc,0.8534839166537328,0.817653536697446,0.8893142966100196,False
2002H2-E,E,tabpfn,20260912,2013H1,41,24341,85,gini,0.7069678333074656,0.635307073394892,0.7786285932200392,False
2002H2-E,E,tabpfn,20260912,2013H1,41,24341,85,ks,0.5953874359770294,,,False
2002H2-E,E,tabpfn,20260912,2013H1,41,24341,85,brier,0.003874114761502368,,,False
2002H2-E,E,tabpfn,20260912,2013H1,41,24341,85,brier_miscalibration,0.00047179386167124984,,,False
2002H2-E,E,tabpfn,20260912,2013H1,41,24341,85,brier_discrimination,7.753513368279064e-05,,,False
2002H2-E,E,tabpfn,20260912,2013H1,41,24341,85,brier_uncertainty,0.0034798560335139086,,,False
2002H2-E,E,tabpfn,20260912,2013H1,41,24341,85,observed_over_expected,0.3419331098401838,0.273214479900467,0.422630883393136,False
2002H2-E,E,tabpfn,20260912,2013H1,41,24341,85,log_oe,-1.073140146311444,-1.2974981515902047,-0.8612560969787902,False
2002H2-E,E,tabpfn,20260912,2013H1,41,24341,85,cox_intercept,-1.9198228058710298,-2.4318941013350277,-1.407751510407032,False
2002H2-E,E,tabpfn,20260912,2013H1,41,24341,85,cox_slope,0.7653358394972714,0.6378724392234889,0.8927992397710538,False
2002H2-E,E,tabpfn,20260912,2013H1,41,24341,85,psi,0.08762287020390462,,,False
2002H2-E,E,tabpfn,20260912,2013H1,41,24341,85,psi_critical,0.0010334610033319,,,False
2002H2-E,E,tabpfn,20260912,2013H2,43,23974,142,auc,0.8430187958904821,0.8150293100554893,0.871008281725475,True
2002H2-E,E,tabpfn,20260912,2013H2,43,23974,142,gini,0.6860375917809642,0.6300586201109786,0.7420165634509499,True
2002H2-E,E,tabpfn,20260912,2013H2,43,23974,142,ks,0.5328443470490617,,,True
2002H2-E,E,tabpfn,20260912,2013H2,43,23974,142,brier,0.006175513754534547,,,True
2002H2-E,E,tabpfn,20260912,2013H2,43,23974,142,brier_miscalibration,0.0004042700072117971,,,True
2002H2-E,E,tabpfn,20260912,2013H2,43,23974,142,brier_discrimination,0.00011675667670659352,,,True
2002H2-E,E,tabpfn,20260912,2013H2,43,23974,142,brier_uncertainty,0.005888000424029344,,,True
2002H2-E,E,tabpfn,20260912,2013H2,43,23974,142,observed_over_expected,0.5629502437100788,0.4743802572587362,0.6631768779872999,True
2002H2-E,E,tabpfn,20260912,2013H2,43,23974,142,log_oe,-0.5745640318170616,-0.7457460483982934,-0.4107135400823065,True
2002H2-E,E,tabpfn,20260912,2013H2,43,23974,142,cox_intercept,-1.4777710732761538,-1.889536357725649,-1.0660057888266585,True
2002H2-E,E,tabpfn,20260912,2013H2,43,23974,142,cox_slope,0.7508780019405247,0.6511160499804842,0.8506399539005651,True
2002H2-E,E,tabpfn,20260912,2013H2,43,23974,142,psi,0.01784192743036682,,,True
2002H2-E,E,tabpfn,20260912,2013H2,43,23974,142,psi_critical,0.0010441014843782371,,,True
2002H2-E,E,tabpfn,20260912,2014H1,45,24341,137,auc,0.8270120641216329,0.7962492944921191,0.8577748337511466,True
2002H2-E,E,tabpfn,20260912,2014H1,45,24341,137,gini,0.6540241282432657,0.5924985889842382,0.7155496675022932,True
2002H2-E,E,tabpfn,20260912,2014H1,45,24341,137,ks,0.5272615855254665,,,True
2002H2-E,E,tabpfn,20260912,2014H1,45,24341,137,brier,0.005774943530874918,,,True
2002H2-E,E,tabpfn,20260912,2014H1,45,24341,137,brier_miscalibration,0.00027929095627775985,,,True
2002H2-E,E,tabpfn,20260912,2014H1,45,24341,137,brier_discrimination,0.0001010326140855099,,,True
2002H2-E,E,tabpfn,20260912,2014H1,45,24341,137,brier_uncertainty,0.005596685188682668,,,True
2002H2-E,E,tabpfn,20260912,2014H1,45,24341,137,observed_over_expected,0.6867206518719278,0.576796166127473,0.8113995158840874,True
2002H2-E,E,tabpfn,20260912,2014H1,45,24341,137,log_oe,-0.37582768972598696,-0.550266339830518,-0.20899472485269996,True
2002H2-E,E,tabpfn,20260912,2014H1,45,24341,137,cox_intercept,-1.4150476628857114,-1.867959122818525,-0.9621362029528976,True
2002H2-E,E,tabpfn,20260912,2014H1,45,24341,137,cox_slope,0.734901362479012,0.6339926087820218,0.8358101161760023,True
2002H2-E,E,tabpfn,20260912,2014H1,45,24341,137,psi,0.035754158069202166,,,True
2002H2-E,E,tabpfn,20260912,2014H1,45,24341,137,psi_critical,0.0010334610033319,,,True
2002H2-E,E,tabpfn,20260912,2014H2,47,24213,99,auc,0.8246079439162295,0.7879640385360716,0.8612518492963874,False
2002H2-E,E,tabpfn,20260912,2014H2,47,24213,99,gini,0.649215887832459,0.5759280770721431,0.7225036985927749,False
2002H2-E,E,tabpfn,20260912,2014H2,47,24213,99,ks,0.5574807542958824,,,False
2002H2-E,E,tabpfn,20260912,2014H2,47,24213,99,brier,0.00417949352383428,,,False
2002H2-E,E,tabpfn,20260912,2014H2,47,24213,99,brier_miscalibration,0.0001661733979815604,,,False
2002H2-E,E,tabpfn,20260912,2014H2,47,24213,99,brier_discrimination,5.8674977817791026e-05,,,False
2002H2-E,E,tabpfn,20260912,2014H2,47,24213,99,brier_uncertainty,0.004071995103670511,,,False
2002H2-E,E,tabpfn,20260912,2014H2,47,24213,99,observed_over_expected,0.6463968341343032,0.5255499578704483,0.7866148443514138,False
2002H2-E,E,tabpfn,20260912,2014H2,47,24213,99,log_oe,-0.4363416694755138,-0.6433100258755619,-0.24001654762497238,False
2002H2-E,E,tabpfn,20260912,2014H2,47,24213,99,cox_intercept,-1.4022368383709394,-1.9826846376885672,-0.8217890390533116,False
2002H2-E,E,tabpfn,20260912,2014H2,47,24213,99,cox_slope,0.7718850969870913,0.6482241991727042,0.8955459948014783,False
2002H2-E,E,tabpfn,20260912,2014H2,47,24213,99,psi,0.06713377390573583,,,False
2002H2-E,E,tabpfn,20260912,2014H2,47,24213,99,psi_critical,0.0010371354933066512,,,False
2002H2-E,E,tabpfn,20260912,2015H1,49,24159,83,auc,0.8298020125025772,0.7856760548462274,0.8739279701589271,False
2002H2-E,E,tabpfn,20260912,2015H1,49,24159,83,gini,0.6596040250051545,0.5713521096924548,0.7478559403178542,False
2002H2-E,E,tabpfn,20260912,2015H1,49,24159,83,ks,0.5490670106910446,,,False
2002H2-E,E,tabpfn,20260912,2015H1,49,24159,83,brier,0.0034739902460968353,,,False
2002H2-E,E,tabpfn,20260912,2015H1,49,24159,83,brier_miscalibration,9.267774043243129e-05,,,False
2002H2-E,E,tabpfn,20260912,2015H1,49,24159,83,brier_discrimination,4.2456999234481794e-05,,,False
2002H2-E,E,tabpfn,20260912,2015H1,49,24159,83,brier_uncertainty,0.003423769504898886,,,False
2002H2-E,E,tabpfn,20260912,2015H1,49,24159,83,observed_over_expected,0.6857327190390958,0.5463621115430777,0.8497187362274402,False
2002H2-E,E,tabpfn,20260912,2015H1,49,24159,83,log_oe,-0.37726734957076596,-0.6044733151080848,-0.16284988281273488,False
2002H2-E,E,tabpfn,20260912,2015H1,49,24159,83,cox_intercept,-1.0433610020875315,-1.7220994517729402,-0.3646225524021227,False
2002H2-E,E,tabpfn,20260912,2015H1,49,24159,83,cox_slope,0.8504644843033957,0.7083770824507756,0.9925518861560159,False
2002H2-E,E,tabpfn,20260912,2015H1,49,24159,83,psi,0.12384025783866018,,,False
2002H2-E,E,tabpfn,20260912,2015H1,49,24159,83,psi_critical,0.0010386973468943647,,,False
2002H2-E,E,tabpfn,20260912,2015H2,51,24159,130,auc,0.8090054645508471,0.7765097805946446,0.8415011485070496,True
2002H2-E,E,tabpfn,20260912,2015H2,51,24159,130,gini,0.6180109291016942,0.5530195611892892,0.6830022970140992,True
2002H2-E,E,tabpfn,20260912,2015H2,51,24159,130,ks,0.5025770143128335,,,True
2002H2-E,E,tabpfn,20260912,2015H2,51,24159,130,brier,0.005392722649296064,,,True
2002H2-E,E,tabpfn,20260912,2015H2,51,24159,130,brier_miscalibration,0.00010055022740590794,,,True
2002H2-E,E,tabpfn,20260912,2015H2,51,24159,130,brier_discrimination,5.988965578655487e-05,,,True
2002H2-E,E,tabpfn,20260912,2015H2,51,24159,130,brier_uncertainty,0.005352062077676711,,,True
2002H2-E,E,tabpfn,20260912,2015H2,51,24159,130,observed_over_expected,0.9913116750610355,0.8285883168624596,1.1765079809953027,True
2002H2-E,E,tabpfn,20260912,2015H2,51,24159,130,log_oe,-0.008726288487132394,-0.1880318492904485,0.16255071283868652,True
2002H2-E,E,tabpfn,20260912,2015H2,51,24159,130,cox_intercept,-0.9751093788023452,-1.555686691670783,-0.3945320659339073,True
2002H2-E,E,tabpfn,20260912,2015H2,51,24159,130,cox_slope,0.7828632316065159,0.6638645175103379,0.901861945702694,True
2002H2-E,E,tabpfn,20260912,2015H2,51,24159,130,psi,0.09057688244611908,,,True
2002H2-E,E,tabpfn,20260912,2015H2,51,24159,130,psi_critical,0.0010386973468943647,,,True
2002H2-E,E,tabpfn,20260912,2016H1,53,24632,115,auc,0.8221537495721692,0.7810541239337676,0.8632533752105709,True
2002H2-E,E,tabpfn,20260912,2016H1,53,24632,115,gini,0.6443074991443385,0.5621082478675352,0.7265067504211418,True
2002H2-E,E,tabpfn,20260912,2016H1,53,24632,115,ks,0.5623551360103283,,,True
2002H2-E,E,tabpfn,20260912,2016H1,53,24632,115,brier,0.0046506217695974515,,,True
2002H2-E,E,tabpfn,20260912,2016H1,53,24632,115,brier_miscalibration,8.032161148557437e-05,,,True
2002H2-E,E,tabpfn,20260912,2016H1,53,24632,115,brier_discrimination,7.662647328916024e-05,,,True
2002H2-E,E,tabpfn,20260912,2016H1,53,24632,115,brier_uncertainty,0.004646926631401037,,,True
2002H2-E,E,tabpfn,20260912,2016H1,53,24632,115,observed_over_expected,0.9231365067704496,0.7624390954627422,1.107566907352745,True
2002H2-E,E,tabpfn,20260912,2016H1,53,24632,115,log_oe,-0.07997816075541321,-0.27123264849369333,0.10216563407195346,True
2002H2-E,E,tabpfn,20260912,2016H1,53,24632,115,cox_intercept,-0.5843647453765697,-1.2148419469722476,0.04611245621910809,True
2002H2-E,E,tabpfn,20260912,2016H1,53,24632,115,cox_slope,0.8875253240678028,0.7553369972484797,1.0197136508871258,True
2002H2-E,E,tabpfn,20260912,2016H1,53,24632,115,psi,0.10179916513877017,,,True
2002H2-E,E,tabpfn,20260912,2016H1,53,24632,115,psi_critical,0.0010252493801461782,,,True
2002H2-E,E,tabpfn,20260912,2016H2,55,24760,121,auc,0.7996229185806685,0.7630456718952815,0.8362001652660555,True
2002H2-E,E,tabpfn,20260912,2016H2,55,24760,121,gini,0.599245837161337,0.526091343790563,0.6724003305321109,True
2002H2-E,E,tabpfn,20260912,2016H2,55,24760,121,ks,0.4969676173532588,,,True
2002H2-E,E,tabpfn,20260912,2016H2,55,24760,121,brier,0.004831152394501367,,,True
2002H2-E,E,tabpfn,20260912,2016H2,55,24760,121,brier_miscalibration,3.2987518698675104e-05,,,True
2002H2-E,E,tabpfn,20260912,2016H2,55,24760,121,brier_discrimination,6.486757008819944e-05,,,True
2002H2-E,E,tabpfn,20260912,2016H2,55,24760,121,brier_uncertainty,0.004863032445890892,,,True
2002H2-E,E,tabpfn,20260912,2016H2,55,24760,121,observed_over_expected,1.1601390152395228,0.9630341390360035,1.3855574437778377,True
2002H2-E,E,tabpfn,20260912,2016H2,55,24760,121,log_oe,0.14853983866167395,-0.03766641710001225,0.32610254514553805,True
2002H2-E,E,tabpfn,20260912,2016H2,55,24760,121,cox_intercept,-0.5787794310772616,-1.2933997824647587,0.13584092031023554,True
2002H2-E,E,tabpfn,20260912,2016H2,55,24760,121,cox_slope,0.8472443783826454,0.7059580538186927,0.9885307029465982,True
2002H2-E,E,tabpfn,20260912,2016H2,55,24760,121,psi,0.15948493524980933,,,True
2002H2-E,E,tabpfn,20260912,2016H2,55,24760,121,psi_critical,0.0010216985183533317,,,True
2002H2-E,E,tabpfn,20260912,2017H1,57,24541,162,auc,0.7988799812021983,0.7710464917020566,0.8267134707023399,True
2002H2-E,E,tabpfn,20260912,2017H1,57,24541,162,gini,0.5977599624043965,0.5420929834041133,0.6534269414046798,True
2002H2-E,E,tabpfn,20260912,2017H1,57,24541,162,ks,0.47872688445175704,,,True
2002H2-E,E,tabpfn,20260912,2017H1,57,24541,162,brier,0.006542401447036486,,,True
2002H2-E,E,tabpfn,20260912,2017H1,57,24541,162,brier_miscalibration,5.898792190805937e-05,,,True
2002H2-E,E,tabpfn,20260912,2017H1,57,24541,162,brier_discrimination,7.420865509157049e-05,,,True
2002H2-E,E,tabpfn,20260912,2017H1,57,24541,162,brier_uncertainty,0.006557622180219997,,,True
2002H2-E,E,tabpfn,20260912,2017H1,57,24541,162,observed_over_expected,1.235416719355806,1.0529923483560533,1.4401948203035706,True
2002H2-E,E,tabpfn,20260912,2017H1,57,24541,162,log_oe,0.21140833774466977,0.051635966606969244,0.36477839631426817,True
2002H2-E,E,tabpfn,20260912,2017H1,57,24541,162,cox_intercept,-0.5630988058566474,-1.158347738915825,0.0321501272025303,True
2002H2-E,E,tabpfn,20260912,2017H1,57,24541,162,cox_slope,0.8296193180488017,0.7075244513986174,0.951714184698986,True
2002H2-E,E,tabpfn,20260912,2017H1,57,24541,162,psi,0.09727456678965034,,,True
2002H2-E,E,tabpfn,20260912,2017H1,57,24541,162,psi_critical,0.0010277963486622491,,,True
2002H2-E,E,tabpfn,20260912,2017H2,59,24680,143,auc,0.8152741214851497,0.7841375044422417,0.8464107385280576,True
2002H2-E,E,tabpfn,20260912,2017H2,59,24680,143,gini,0.6305482429702993,0.5682750088844835,0.6928214770561152,True
2002H2-E,E,tabpfn,20260912,2017H2,59,24680,143,ks,0.5034973584918566,,,True
2002H2-E,E,tabpfn,20260912,2017H2,59,24680,143,brier,0.005676808632636126,,,True
2002H2-E,E,tabpfn,20260912,2017H2,59,24680,143,brier_miscalibration,3.8999376927474974e-05,,,True
2002H2-E,E,tabpfn,20260912,2017H2,59,24680,143,brier_discrimination,0.0001227837086270672,,,True
2002H2-E,E,tabpfn,20260912,2017H2,59,24680,143,brier_uncertainty,0.005760592964335718,,,True
2002H2-E,E,tabpfn,20260912,2017H2,59,24680,143,observed_over_expected,1.153959876064362,0.9730045108610224,1.358646399478233,True
2002H2-E,E,tabpfn,20260912,2017H2,59,24680,143,log_oe,0.1431993980398093,-0.027366560772939662,0.3064889096121937,True
2002H2-E,E,tabpfn,20260912,2017H2,59,24680,143,cox_intercept,0.21707259591949182,-0.4846353637825612,0.9187805556215448,True
2002H2-E,E,tabpfn,20260912,2017H2,59,24680,143,cox_slope,1.0154600846773734,0.8668226108333245,1.1640975585214224,True
2002H2-E,E,tabpfn,20260912,2017H2,59,24680,143,psi,0.10345834749132818,,,True
2002H2-E,E,tabpfn,20260912,2017H2,59,24680,143,psi_critical,0.0010239134906912927,,,True
2002H2-E,E,tabpfn,20260912,2018H1,61,24416,148,auc,0.7850770562057029,0.7494633464326886,0.8206907659787172,True
2002H2-E,E,tabpfn,20260912,2018H1,61,24416,148,gini,0.5701541124114058,0.4989266928653773,0.6413815319574343,True
2002H2-E,E,tabpfn,20260912,2018H1,61,24416,148,ks,0.4362434793455067,,,True
2002H2-E,E,tabpfn,20260912,2018H1,61,24416,148,brier,0.0059806276634331475,,,True
2002H2-E,E,tabpfn,20260912,2018H1,61,24416,148,brier_miscalibration,3.0933213026772786e-05,,,True
2002H2-E,E,tabpfn,20260912,2018H1,61,24416,148,brier_discrimination,7.516151925191991e-05,,,True
2002H2-E,E,tabpfn,20260912,2018H1,61,24416,148,brier_uncertainty,0.006024855969658295,,,True
2002H2-E,E,tabpfn,20260912,2018H1,61,24416,148,observed_over_expected,1.2215797945633982,1.0331675332560617,1.4342409291623741,True
2002H2-E,E,tabpfn,20260912,2018H1,61,24416,148,log_oe,0.20014493464420435,0.03262935826155951,0.36063574003318133,True
2002H2-E,E,tabpfn,20260912,2018H1,61,24416,148,cox_intercept,-0.2238834603044854,-0.9392172181707534,0.4914502975617827,True
2002H2-E,E,tabpfn,20260912,2018H1,61,24416,148,cox_slope,0.9090521833981725,0.7625595385550248,1.0555448282413202,True
2002H2-E,E,tabpfn,20260912,2018H1,61,24416,148,psi,0.11735974889924376,,,True
2002H2-E,E,tabpfn,20260912,2018H1,61,24416,148,psi_critical,0.0010313258825568768,,,True
2002H2-E,E,tabpfn,20260912,2018H2,63,24543,146,auc,0.7812013435292122,0.7455608480658015,0.816841838992623,True
2002H2-E,E,tabpfn,20260912,2018H2,63,24543,146,gini,0.5624026870584244,0.49112169613160295,0.6336836779852459,True
2002H2-E,E,tabpfn,20260912,2018H2,63,24543,146,ks,0.4309501336622906,,,True
2002H2-E,E,tabpfn,20260912,2018H2,63,24543,146,brier,0.005866317603366821,,,True
2002H2-E,E,tabpfn,20260912,2018H2,63,24543,146,brier_miscalibration,1.6871307684037003e-05,,,True
2002H2-E,E,tabpfn,20260912,2018H2,63,24543,146,brier_discrimination,6.390918322045705e-05,,,True
2002H2-E,E,tabpfn,20260912,2018H2,63,24543,146,brier_uncertainty,0.005913355478903241,,,True
2002H2-E,E,tabpfn,20260912,2018H2,63,24543,146,observed_over_expected,1.1728281733560313,0.990744309474139,1.378521716088135,True
2002H2-E,E,tabpfn,20260912,2018H2,63,24543,146,log_oe,0.1594180741639286,-0.009298790582754124,0.3210117047766621,True
2002H2-E,E,tabpfn,20260912,2018H2,63,24543,146,cox_intercept,-0.225556530965981,-0.9817742841424335,0.5306612222104714,True
2002H2-E,E,tabpfn,20260912,2018H2,63,24543,146,cox_slope,0.9177590484176343,0.7624921980937686,1.0730258987415002,True
2002H2-E,E,tabpfn,20260912,2018H2,63,24543,146,psi,0.12386259588939325,,,True
2002H2-E,E,tabpfn,20260912,2018H2,63,24543,146,psi_critical,0.0010277401683422744,,,True
2002H2-E,E,tabpfn,20260912,2019H1,65,24752,110,auc,0.7141893736488333,0.6645799711993077,0.7637987760983589,True
2002H2-E,E,tabpfn,20260912,2019H1,65,24752,110,gini,0.42837874729766656,0.32915994239861535,0.5275975521967178,True
2002H2-E,E,tabpfn,20260912,2019H1,65,24752,110,ks,0.3569633515579462,,,True
2002H2-E,E,tabpfn,20260912,2019H1,65,24752,110,brier,0.004393882248198175,,,True
2002H2-E,E,tabpfn,20260912,2019H1,65,24752,110,brier_miscalibration,3.458145546592333e-05,,,True
2002H2-E,E,tabpfn,20260912,2019H1,65,24752,110,brier_discrimination,6.503463931735193e-05,,,True
2002H2-E,E,tabpfn,20260912,2019H1,65,24752,110,brier_uncertainty,0.004424335432049603,,,True
2002H2-E,E,tabpfn,20260912,2019H1,65,24752,110,observed_over_expected,0.917917301278078,0.7547001358159238,1.1058335638053851,True
2002H2-E,E,tabpfn,20260912,2019H1,65,24752,110,log_oe,-0.08564797817333945,-0.2814347797311824,0.10059940697091109,True
2002H2-E,E,tabpfn,20260912,2019H1,65,24752,110,cox_intercept,-1.5011313968156066,-2.372390398220596,-0.6298723954106173,True
2002H2-E,E,tabpfn,20260912,2019H1,65,24752,110,cox_slope,0.7096003351949283,0.5406954057690464,0.8785052646208101,True
2002H2-E,E,tabpfn,20260912,2019H1,65,24752,110,psi,0.13909991480245437,,,True
2002H2-E,E,tabpfn,20260912,2019H1,65,24752,110,psi_critical,0.0010219193712836035,,,True
2002H2-E,E,tabpfn,20260912,2019H2,67,24861,136,auc,0.6878186522333909,0.6433929696992668,0.7322443347675149,True
2002H2-E,E,tabpfn,20260912,2019H2,67,24861,136,gini,0.3756373044667818,0.2867859393985337,0.4644886695350299,True
2002H2-E,E,tabpfn,20260912,2019H2,67,24861,136,ks,0.27861446499732356,,,True
2002H2-E,E,tabpfn,20260912,2019H2,67,24861,136,brier,0.00542914883011227,,,True
2002H2-E,E,tabpfn,20260912,2019H2,67,24861,136,brier_miscalibration,1.467379566477689e-05,,,True
2002H2-E,E,tabpfn,20260912,2019H2,67,24861,136,brier_discrimination,2.601502993478371e-05,,,True
2002H2-E,E,tabpfn,20260912,2019H2,67,24861,136,brier_uncertainty,0.0054404900643822765,,,True
2002H2-E,E,tabpfn,20260912,2019H2,67,24861,136,observed_over_expected,1.3226898403243483,1.1102084337892564,1.5638105544847691,True
2002H2-E,E,tabpfn,20260912,2019H2,67,24861,136,log_oe,0.2796674210075495,0.10454777588464473,0.44712550594037265,True
2002H2-E,E,tabpfn,20260912,2019H2,67,24861,136,cox_intercept,-1.9134097486487678,-2.699523972767835,-1.1272955245297007,True
2002H2-E,E,tabpfn,20260912,2019H2,67,24861,136,cox_slope,0.5686425810829601,0.42558890148296247,0.7116962606829577,True
2002H2-E,E,tabpfn,20260912,2019H2,67,24861,136,psi,0.16954644550701553,,,True
2002H2-E,E,tabpfn,20260912,2019H2,67,24861,136,psi_critical,0.0010189224749281938,,,True
2002H2-E,E,tabpfn,20260912,2020H1,69,24880,111,auc,0.6691748876738179,0.6158615267634351,0.7224882485842008,True
2002H2-E,E,tabpfn,20260912,2020H1,69,24880,111,gini,0.3383497753476359,0.23172305352687017,0.4449764971684016,True
2002H2-E,E,tabpfn,20260912,2020H1,69,24880,111,ks,0.28805405187172717,,,True
2002H2-E,E,tabpfn,20260912,2020H1,69,24880,111,brier,0.004444400488583798,,,True
2002H2-E,E,tabpfn,20260912,2020H1,69,24880,111,brier_miscalibration,1.5276958785638388e-05,,,True
2002H2-E,E,tabpfn,20260912,2020H1,69,24880,111,brier_discrimination,1.2387039261300796e-05,,,True
2002H2-E,E,tabpfn,20260912,2020H1,69,24880,111,brier_uncertainty,0.00444151056905946,,,True
2002H2-E,E,tabpfn,20260912,2020H1,69,24880,111,observed_over_expected,1.3119711620051038,1.079689235713592,1.5792312505900925,True
2002H2-E,E,tabpfn,20260912,2020H1,69,24880,111,log_oe,0.27153071010129287,0.07667325502003923,0.456938178375455,True
2002H2-E,E,tabpfn,20260912,2020H1,69,24880,111,cox_intercept,-2.5739931459535303,-3.4443829627608578,-1.703603329146203,True
2002H2-E,E,tabpfn,20260912,2020H1,69,24880,111,cox_slope,0.46544128867365986,0.3166611316236896,0.6142214457236301,True
2002H2-E,E,tabpfn,20260912,2020H1,69,24880,111,psi,0.25906628902756657,,,True
2002H2-E,E,tabpfn,20260912,2020H1,69,24880,111,psi_critical,0.001018402767712202,,,True
2002H2-E,E,tabpfn,20260912,2020H2,71,24919,71,auc,0.6932436538095281,0.6305083822077872,0.7559789254112691,False
2002H2-E,E,tabpfn,20260912,2020H2,71,24919,71,gini,0.38648730761905625,0.2610167644155743,0.5119578508225382,False
2002H2-E,E,tabpfn,20260912,2020H2,71,24919,71,ks,0.29920281508756336,,,False
2002H2-E,E,tabpfn,20260912,2020H2,71,24919,71,brier,0.0028420563250738853,,,False
2002H2-E,E,tabpfn,20260912,2020H2,71,24919,71,brier_miscalibration,1.0973541959924046e-05,,,False
2002H2-E,E,tabpfn,20260912,2020H2,71,24919,71,brier_discrimination,1.0030606780633833e-05,,,False
2002H2-E,E,tabpfn,20260912,2020H2,71,24919,71,brier_uncertainty,0.002841113389894595,,,False
2002H2-E,E,tabpfn,20260912,2020H2,71,24919,71,observed_over_expected,1.0198820456319513,0.7967690755995745,1.2859632178996125,False
2002H2-E,E,tabpfn,20260912,2020H2,71,24919,71,log_oe,0.01968697907187894,-0.2271903842084108,0.2515080234620705,False
2002H2-E,E,tabpfn,20260912,2020H2,71,24919,71,cox_intercept,-2.4556286241834218,-3.5568360851130727,-1.3544211632537708,False
2002H2-E,E,tabpfn,20260912,2020H2,71,24919,71,cox_slope,0.5462455691262754,0.3602425019069575,0.7322486363455933,False
2002H2-E,E,tabpfn,20260912,2020H2,71,24919,71,psi,0.40565820063559704,,,False
2002H2-E,E,tabpfn,20260912,2020H2,71,24919,71,psi_critical,0.001017338483214061,,,False
2002H2-E,E,tabpfn,20260912,2021H1,73,24909,90,auc,0.7751950790389084,0.728538491876147,0.8218516662016697,False
2002H2-E,E,tabpfn,20260912,2021H1,73,24909,90,gini,0.5503901580778168,0.4570769837522941,0.6437033324033394,False
2002H2-E,E,tabpfn,20260912,2021H1,73,24909,90,ks,0.41255624051465944,,,False
2002H2-E,E,tabpfn,20260912,2021H1,73,24909,90,brier,0.0035823300011504854,,,False
2002H2-E,E,tabpfn,20260912,2021H1,73,24909,90,brier_miscalibration,8.139599229767258e-06,,,False
2002H2-E,E,tabpfn,20260912,2021H1,73,24909,90,brier_discrimination,2.5906604440294276e-05,,,False
2002H2-E,E,tabpfn,20260912,2021H1,73,24909,90,brier_uncertainty,0.0036000970063610124,,,False
2002H2-E,E,tabpfn,20260912,2021H1,73,24909,90,observed_over_expected,1.0724818281586763,0.8626902436510767,1.3177161436465443,False
2002H2-E,E,tabpfn,20260912,2021H1,73,24909,90,log_oe,0.06997542823469961,-0.14769958205005185,0.2759000438763884,False
2002H2-E,E,tabpfn,20260912,2021H1,73,24909,90,cox_intercept,-0.6993823416550874,-1.6502926856298696,0.25152800231969474,False
2002H2-E,E,tabpfn,20260912,2021H1,73,24909,90,cox_slope,0.8482543895697725,0.668827739686034,1.027681039453511,False
2002H2-E,E,tabpfn,20260912,2021H1,73,24909,90,psi,0.2651380784830423,,,False
2002H2-E,E,tabpfn,20260912,2021H1,73,24909,90,psi_critical,0.0010176110589622332,,,False
2002H2-E,E,tabpfn,20260912,2021H2,75,24929,136,auc,0.7598379286373524,0.7215733454973292,0.7981025117773757,True
2002H2-E,E,tabpfn,20260912,2021H2,75,24929,136,gini,0.5196758572747049,0.4431466909946584,0.5962050235547514,True
2002H2-E,E,tabpfn,20260912,2021H2,75,24929,136,ks,0.3945969687838835,,,True
2002H2-E,E,tabpfn,20260912,2021H2,75,24929,136,brier,0.005392208768550759,,,True
2002H2-E,E,tabpfn,20260912,2021H2,75,24929,136,brier_miscalibration,1.5345039243305596e-05,,,True
2002H2-E,E,tabpfn,20260912,2021H2,75,24929,136,brier_discrimination,4.886746208214183e-05,,,True
2002H2-E,E,tabpfn,20260912,2021H2,75,24929,136,brier_uncertainty,0.005425731191389596,,,True
2002H2-E,E,tabpfn,20260912,2021H2,75,24929,136,observed_over_expected,1.3058958572587618,1.0961110332232495,1.5439572119931757,True
2002H2-E,E,tabpfn,20260912,2021H2,75,24929,136,log_oe,0.26688928591264527,0.09176849107999345,0.43434873877893465,True
2002H2-E,E,tabpfn,20260912,2021H2,75,24929,136,cox_intercept,-0.7383174142668667,-1.4988863564736592,0.022251527939925908,True
2002H2-E,E,tabpfn,20260912,2021H2,75,24929,136,cox_slope,0.7946047505451922,0.6474942818998014,0.941715219190583,True
2002H2-E,E,tabpfn,20260912,2021H2,75,24929,136,psi,0.1521031414324784,,,True
2002H2-E,E,tabpfn,20260912,2021H2,75,24929,136,psi_critical,0.0010170661261475434,,,True
2002H2-E,E,tabpfn,20260912,2022H1,77,24889,291,auc,0.7825248553440352,0.7581638547333032,0.8068858559547671,True
2002H2-E,E,tabpfn,20260912,2022H1,77,24889,291,gini,0.5650497106880703,0.5163277094666063,0.6137717119095343,True
2002H2-E,E,tabpfn,20260912,2022H1,77,24889,291,ks,0.44117924822206367,,,True
2002H2-E,E,tabpfn,20260912,2022H1,77,24889,291,brier,0.011465444097023407,,,True
2002H2-E,E,tabpfn,20260912,2022H1,77,24889,291,brier_miscalibration,0.00011394491800714897,,,True
2002H2-E,E,tabpfn,20260912,2022H1,77,24889,291,brier_discrimination,0.00020371210234915171,,,True
2002H2-E,E,tabpfn,20260912,2022H1,77,24889,291,brier_uncertainty,0.01155521128136541,,,True
2002H2-E,E,tabpfn,20260912,2022H1,77,24889,291,observed_over_expected,2.2401114636044124,1.9913632393421523,2.5110483427717045,True
2002H2-E,E,tabpfn,20260912,2022H1,77,24889,291,log_oe,0.8065256251666181,0.6888194490958063,0.920700332388253,True
2002H2-E,E,tabpfn,20260912,2022H1,77,24889,291,cox_intercept,0.35726456538386675,-0.17123933830222604,0.8857684690699595,True
2002H2-E,E,tabpfn,20260912,2022H1,77,24889,291,cox_slope,0.9003370762713839,0.7919031448083449,1.008771007734423,True
2002H2-E,E,tabpfn,20260912,2022H1,77,24889,291,psi,0.10668778096463218,,,True
2002H2-E,E,tabpfn,20260912,2022H1,77,24889,291,psi_critical,0.0010181568675578937,,,True
2002H2-E,E,tabpfn,20260912,2022H2,79,24859,373,auc,0.7778675410953221,0.755356511978311,0.8003785702123332,True
2002H2-E,E,tabpfn,20260912,2022H2,79,24859,373,gini,0.5557350821906442,0.510713023956622,0.6007571404246663,True
2002H2-E,E,tabpfn,20260912,2022H2,79,24859,373,ks,0.4370191074880235,,,True
2002H2-E,E,tabpfn,20260912,2022H2,79,24859,373,brier,0.014684201213143955,,,True
2002H2-E,E,tabpfn,20260912,2022H2,79,24859,373,brier_miscalibration,0.00025669430385602543,,,True
2002H2-E,E,tabpfn,20260912,2022H2,79,24859,373,brier_discrimination,0.0003519803777308362,,,True
2002H2-E,E,tabpfn,20260912,2022H2,79,24859,373,brier_uncertainty,0.014779487287018766,,,True
2002H2-E,E,tabpfn,20260912,2022H2,79,24859,373,observed_over_expected,2.978487098898271,2.6858000286977113,3.293983917788223,True
2002H2-E,E,tabpfn,20260912,2022H2,79,24859,373,log_oe,1.0914154866682169,0.9879786458499148,1.1920977494691596,True
2002H2-E,E,tabpfn,20260912,2022H2,79,24859,373,cox_intercept,0.7727483938836448,0.2941353770989809,1.2513614106683086,True
2002H2-E,E,tabpfn,20260912,2022H2,79,24859,373,cox_slope,0.9268592670722299,0.8294232454684415,1.0242952886760182,True
2002H2-E,E,tabpfn,20260912,2022H2,79,24859,373,psi,0.14957579179255975,,,True
2002H2-E,E,tabpfn,20260912,2022H2,79,24859,373,psi_critical,0.0010189772271646342,,,True
2002H2-E,E,tabpfn,20260912,2023H1,81,24882,381,auc,0.7943427452369236,0.7741093769677637,0.8145761135060835,True
2002H2-E,E,tabpfn,20260912,2023H1,81,24882,381,gini,0.5886854904738472,0.5482187539355274,0.629152227012167,True
2002H2-E,E,tabpfn,20260912,2023H1,81,24882,381,ks,0.4632075116972568,,,True
2002H2-E,E,tabpfn,20260912,2023H1,81,24882,381,brier,0.015006582830769777,,,True
2002H2-E,E,tabpfn,20260912,2023H1,81,24882,381,brier_miscalibration,0.0002896432443768582,,,True
2002H2-E,E,tabpfn,20260912,2023H1,81,24882,381,brier_discrimination,0.00036086861357255244,,,True
2002H2-E,E,tabpfn,20260912,2023H1,81,24882,381,brier_uncertainty,0.015077808199965471,,,True
2002H2-E,E,tabpfn,20260912,2023H1,81,24882,381,observed_over_expected,3.188501506625904,2.878443843085174,3.5224451206359917,True
2002H2-E,E,tabpfn,20260912,2023H1,81,24882,381,log_oe,1.1595510592917868,1.0572498158536792,1.2591553850060244,True
2002H2-E,E,tabpfn,20260912,2023H1,81,24882,381,cox_intercept,1.177784497185608,0.6810056887340534,1.6745633056371625,True
2002H2-E,E,tabpfn,20260912,2023H1,81,24882,381,cox_slope,0.9976702405699117,0.8963125846128053,1.0990278965270182,True
2002H2-E,E,tabpfn,20260912,2023H1,81,24882,381,psi,0.16782610494759984,,,True
2002H2-E,E,tabpfn,20260912,2023H1,81,24882,381,psi_critical,0.001018348107860452,,,True
2002H2-E,E,tabpfn,20260912,2023H2,83,24866,363,auc,0.8111653051085328,0.7918177682651687,0.8305128419518969,True
2002H2-E,E,tabpfn,20260912,2023H2,83,24866,363,gini,0.6223306102170656,0.5836355365303374,0.6610256839037938,True
2002H2-E,E,tabpfn,20260912,2023H2,83,24866,363,ks,0.4941598763023226,,,True
2002H2-E,E,tabpfn,20260912,2023H2,83,24866,363,brier,0.014291585956923349,,,True
2002H2-E,E,tabpfn,20260912,2023H2,83,24866,363,brier_miscalibration,0.0003185740630373777,,,True
2002H2-E,E,tabpfn,20260912,2023H2,83,24866,363,brier_discrimination,0.0004121259040530574,,,True
2002H2-E,E,tabpfn,20260912,2023H2,83,24866,363,brier_uncertainty,0.014385137797939028,,,True
2002H2-E,E,tabpfn,20260912,2023H2,83,24866,363,observed_over_expected,3.1995625329344346,2.880902276231925,3.54342747465035,True
2002H2-E,E,tabpfn,20260912,2023H2,83,24866,363,log_oe,1.1630140920022387,1.0581035354409851,1.2650944719076958,True
2002H2-E,E,tabpfn,20260912,2023H2,83,24866,363,cox_intercept,1.5013035510881305,0.9892433347100129,2.013363767466248,True
2002H2-E,E,tabpfn,20260912,2023H2,83,24866,363,cox_slope,1.0645885891690208,0.9594785865580143,1.169698591780027,True
2002H2-E,E,tabpfn,20260912,2023H2,83,24866,363,psi,0.1546710514840868,,,True
2002H2-E,E,tabpfn,20260912,2023H2,83,24866,363,psi_critical,0.0010187856328701958,,,True
2002H2-E,E,tabpfn,20260913,2003H1,1,24276,72,auc,0.8732417965809142,0.8312796382839599,0.9152039548778684,False
2002H2-E,E,tabpfn,20260913,2003H1,1,24276,72,gini,0.7464835931618283,0.6625592765679198,0.8304079097557369,False
2002H2-E,E,tabpfn,20260913,2003H1,1,24276,72,ks,0.6529086101470831,,,False
2002H2-E,E,tabpfn,20260913,2003H1,1,24276,72,brier,0.002924492154727478,,,False
2002H2-E,E,tabpfn,20260913,2003H1,1,24276,72,brier_miscalibration,6.47512495886432e-05,,,False
2002H2-E,E,tabpfn,20260913,2003H1,1,24276,72,brier_discrimination,9.735481733497055e-05,,,False
2002H2-E,E,tabpfn,20260913,2003H1,1,24276,72,brier_uncertainty,0.0029570957224738055,,,False
2002H2-E,E,tabpfn,20260913,2003H1,1,24276,72,observed_over_expected,0.622768826832564,0.48742556988798874,0.7839725155035752,False
2002H2-E,E,tabpfn,20260913,2003H1,1,24276,72,log_oe,-0.4735798935303563,-0.7186176773534217,-0.24338131600187554,False
2002H2-E,E,tabpfn,20260913,2003H1,1,24276,72,cox_intercept,-0.3451777898124933,-1.0620126742113358,0.37165709458634916,False
2002H2-E,E,tabpfn,20260913,2003H1,1,24276,72,cox_slope,1.0334875424888383,0.8705896939384385,1.1963853910392381,False
2002H2-E,E,tabpfn,20260913,2003H1,1,24276,72,psi,0.21432205990533262,,,False
2002H2-E,E,tabpfn,20260913,2003H1,1,24276,72,psi_critical,0.0010353221128363722,,,False
2002H2-E,E,tabpfn,20260913,2003H2,3,24205,139,auc,0.8469607261087165,0.8132978248567697,0.8806236273606634,True
2002H2-E,E,tabpfn,20260913,2003H2,3,24205,139,gini,0.6939214522174331,0.6265956497135394,0.7612472547213267,True
2002H2-E,E,tabpfn,20260913,2003H2,3,24205,139,ks,0.5848987227570225,,,True
2002H2-E,E,tabpfn,20260913,2003H2,3,24205,139,brier,0.005581338430794189,,,True
2002H2-E,E,tabpfn,20260913,2003H2,3,24205,139,brier_miscalibration,3.063693417832726e-05,,,True
2002H2-E,E,tabpfn,20260913,2003H2,3,24205,139,brier_discrimination,0.00015893603664008694,,,True
2002H2-E,E,tabpfn,20260913,2003H2,3,24205,139,brier_uncertainty,0.005709637533255949,,,True
2002H2-E,E,tabpfn,20260913,2003H2,3,24205,139,observed_over_expected,0.9007027731341816,0.7575281343224269,1.062942648369223,True
2002H2-E,E,tabpfn,20260913,2003H2,3,24205,139,log_oe,-0.10457996133165105,-0.2776946012686179,0.06104114528834533,True
2002H2-E,E,tabpfn,20260913,2003H2,3,24205,139,cox_intercept,-0.1794673472735864,-0.7209771877609057,0.36204249321373294,True
2002H2-E,E,tabpfn,20260913,2003H2,3,24205,139,cox_slope,0.9824386843684249,0.8564932057995434,1.1083841629373063,True
2002H2-E,E,tabpfn,20260913,2003H2,3,24205,139,psi,0.05533833757895826,,,True
2002H2-E,E,tabpfn,20260913,2003H2,3,24205,139,psi_critical,0.001037366439290114,,,True
2002H2-E,E,tabpfn,20260913,2004H1,5,24219,181,auc,0.8306095919030596,0.7999363994350576,0.8612827843710616,True
2002H2-E,E,tabpfn,20260913,2004H1,5,24219,181,gini,0.6612191838061192,0.5998727988701151,0.7225655687421233,True
2002H2-E,E,tabpfn,20260913,2004H1,5,24219,181,ks,0.5397365773069251,,,True
2002H2-E,E,tabpfn,20260913,2004H1,5,24219,181,brier,0.007284087132405096,,,True
2002H2-E,E,tabpfn,20260913,2004H1,5,24219,181,brier_miscalibration,4.58326313258553e-05,,,True
2002H2-E,E,tabpfn,20260913,2004H1,5,24219,181,brier_discrimination,0.00017936396810911293,,,True
2002H2-E,E,tabpfn,20260913,2004H1,5,24219,181,brier_uncertainty,0.007417618469188354,,,True
2002H2-E,E,tabpfn,20260913,2004H1,5,24219,181,observed_over_expected,1.0469152842063902,0.9004021374968455,1.2103299374784633,True
2002H2-E,E,tabpfn,20260913,2004H1,5,24219,181,log_oe,0.04584801572689608,-0.10491379601096774,0.19089299804145013,True
2002H2-E,E,tabpfn,20260913,2004H1,5,24219,181,cox_intercept,-0.34551663225247436,-0.8261162555493344,0.13508299104438576,True
2002H2-E,E,tabpfn,20260913,2004H1,5,24219,181,cox_slope,0.9032417876740465,0.792801781556921,1.013681793791172,True
2002H2-E,E,tabpfn,20260913,2004H1,5,24219,181,psi,0.026008388420482993,,,True
2002H2-E,E,tabpfn,20260913,2004H1,5,24219,181,psi_critical,0.0010369623839442791,,,True
2002H2-E,E,tabpfn,20260913,2004H2,7,24090,202,auc,0.8203936853832737,0.7960100169151431,0.8447773538514044,True
2002H2-E,E,tabpfn,20260913,2004H2,7,24090,202,gini,0.6407873707665475,0.5920200338302861,0.6895547077028088,True
2002H2-E,E,tabpfn,20260913,2004H2,7,24090,202,ks,0.4979421292765579,,,True
2002H2-E,E,tabpfn,20260913,2004H2,7,24090,202,brier,0.00822424262971634,,,True
2002H2-E,E,tabpfn,20260913,2004H2,7,24090,202,brier_miscalibration,5.560350336046398e-05,,,True
2002H2-E,E,tabpfn,20260913,2004H2,7,24090,202,brier_discrimination,0.00014627100810082373,,,True
2002H2-E,E,tabpfn,20260913,2004H2,7,24090,202,brier_uncertainty,0.0083149101344567,,,True
2002H2-E,E,tabpfn,20260913,2004H2,7,24090,202,observed_over_expected,0.9748243712470568,0.8454764525832152,1.1182297927626095,True
2002H2-E,E,tabpfn,20260913,2004H2,7,24090,202,log_oe,-0.025497956264317646,-0.16785496131729508,0.11174689275628946,True
2002H2-E,E,tabpfn,20260913,2004H2,7,24090,202,cox_intercept,-0.6228907953034658,-1.079353144545939,-0.16642844606099255,True
2002H2-E,E,tabpfn,20260913,2004H2,7,24090,202,cox_slope,0.8496351308056909,0.7432296951056515,0.9560405665057302,True
2002H2-E,E,tabpfn,20260913,2004H2,7,24090,202,psi,0.00180544376908928,,,True
2002H2-E,E,tabpfn,20260913,2004H2,7,24090,202,psi_critical,0.0010407032384610452,,,True
2002H2-E,E,tabpfn,20260913,2005H1,9,24233,248,auc,0.7985390734800648,0.7716449358145827,0.8254332111455469,True
2002H2-E,E,tabpfn,20260913,2005H1,9,24233,248,gini,0.5970781469601296,0.5432898716291654,0.6508664222910938,True
2002H2-E,E,tabpfn,20260913,2005H1,9,24233,248,ks,0.4995637394339204,,,True
2002H2-E,E,tabpfn,20260913,2005H1,9,24233,248,brier,0.009968622284065016,,,True
2002H2-E,E,tabpfn,20260913,2005H1,9,24233,248,brier_miscalibration,5.051492133235566e-05,,,True
2002H2-E,E,tabpfn,20260913,2005H1,9,24233,248,brier_discrimination,0.00021113678129146968,,,True
2002H2-E,E,tabpfn,20260913,2005H1,9,24233,248,brier_uncertainty,0.01012924414402413,,,True
2002H2-E,E,tabpfn,20260913,2005H1,9,24233,248,observed_over_expected,1.2523685926403303,1.1019970994180632,1.4173623954945307,True
2002H2-E,E,tabpfn,20260913,2005H1,9,24233,248,log_oe,0.22503663241718394,0.09712407862023809,0.34879767641877263,True
2002H2-E,E,tabpfn,20260913,2005H1,9,24233,248,cox_intercept,-0.5981154096484229,-1.013128471893519,-0.18310234740332687,True
2002H2-E,E,tabpfn,20260913,2005H1,9,24233,248,cox_slope,0.7953239954097127,0.7019461704190207,0.8887018204004046,True
2002H2-E,E,tabpfn,20260913,2005H1,9,24233,248,psi,0.002481473146877944,,,True
2002H2-E,E,tabpfn,20260913,2005H1,9,24233,248,psi_critical,0.001036558795463863,,,True
2002H2-E,E,tabpfn,20260913,2005H2,11,24082,266,auc,0.8280550321891393,0.8055170991432032,0.8505929652350754,True
2002H2-E,E,tabpfn,20260913,2005H2,11,24082,266,gini,0.6561100643782787,0.6110341982864065,0.7011859304701509,True
2002H2-E,E,tabpfn,20260913,2005H2,11,24082,266,ks,0.5225579694954552,,,True
2002H2-E,E,tabpfn,20260913,2005H2,11,24082,266,brier,0.010668096019359419,,,True
2002H2-E,E,tabpfn,20260913,2005H2,11,24082,266,brier_miscalibration,5.499793510992633e-05,,,True
2002H2-E,E,tabpfn,20260913,2005H2,11,24082,266,brier_discrimination,0.0003104909838323403,,,True
2002H2-E,E,tabpfn,20260913,2005H2,11,24082,266,brier_uncertainty,0.010923589068081833,,,True
2002H2-E,E,tabpfn,20260913,2005H2,11,24082,266,observed_over_expected,1.3158559232844298,1.1631883097340963,1.4828136272187504,True
2002H2-E,E,tabpfn,20260913,2005H2,11,24082,266,log_oe,0.2744873461227592,0.15116477765557018,0.393941382445595,True
2002H2-E,E,tabpfn,20260913,2005H2,11,24082,266,cox_intercept,-0.0388423149581731,-0.44556410850203154,0.36787947858568537,True
2002H2-E,E,tabpfn,20260913,2005H2,11,24082,266,cox_slope,0.9183081197279227,0.8222395581294293,1.0143766813264161,True
2002H2-E,E,tabpfn,20260913,2005H2,11,24082,266,psi,0.0044203721676439565,,,True
2002H2-E,E,tabpfn,20260913,2005H2,11,24082,266,psi_critical,0.0010409365492114375,,,True
2002H2-E,E,tabpfn,20260913,2006H1,13,23280,405,auc,0.8049504688659516,0.7856440695894833,0.8242568681424198,True
2002H2-E,E,tabpfn,20260913,2006H1,13,23280,405,gini,0.6099009377319031,0.5712881391789666,0.6485137362848397,True
2002H2-E,E,tabpfn,20260913,2006H1,13,23280,405,ks,0.4876017000607165,,,True
2002H2-E,E,tabpfn,20260913,2006H1,13,23280,405,brier,0.01673455505053416,,,True
2002H2-E,E,tabpfn,20260913,2006H1,13,23280,405,brier_miscalibration,0.00019203747967513202,,,True
2002H2-E,E,tabpfn,20260913,2006H1,13,23280,405,brier_discrimination,0.0005517372649364895,,,True
2002H2-E,E,tabpfn,20260913,2006H1,13,23280,405,brier_uncertainty,0.017094254835795516,,,True
2002H2-E,E,tabpfn,20260913,2006H1,13,23280,405,observed_over_expected,1.8092612076460712,1.6386482513493916,1.9925635309478311,True
2002H2-E,E,tabpfn,20260913,2006H1,13,23280,405,log_oe,0.5929185893814043,0.49387166498395896,0.689422016216742,True
2002H2-E,E,tabpfn,20260913,2006H1,13,23280,405,cox_intercept,-0.05697759754174166,-0.3890812049894697,0.2751260099059864,True
2002H2-E,E,tabpfn,20260913,2006H1,13,23280,405,cox_slope,0.8279724237965612,0.7504371000561759,0.9055077475369465,True
2002H2-E,E,tabpfn,20260913,2006H1,13,23280,405,psi,0.023603650335184266,,,True
2002H2-E,E,tabpfn,20260913,2006H1,13,23280,405,psi_critical,0.0010651397584764489,,,True
2002H2-E,E,tabpfn,20260913,2006H2,15,23898,525,auc,0.8033769530573536,0.7862669579889651,0.8204869481257421,True
2002H2-E,E,tabpfn,20260913,2006H2,15,23898,525,gini,0.6067539061147071,0.5725339159779301,0.6409738962514842,True
2002H2-E,E,tabpfn,20260913,2006H2,15,23898,525,ks,0.47607410259701366,,,True
2002H2-E,E,tabpfn,20260913,2006H2,15,23898,525,brier,0.021040295058018826,,,True
2002H2-E,E,tabpfn,20260913,2006H2,15,23898,525,brier_miscalibration,0.0003469028754272546,,,True
2002H2-E,E,tabpfn,20260913,2006H2,15,23898,525,brier_discrimination,0.000792364285914518,,,True
2002H2-E,E,tabpfn,20260913,2006H2,15,23898,525,brier_uncertainty,0.02148575646850609,,,True
2002H2-E,E,tabpfn,20260913,2006H2,15,23898,525,observed_over_expected,2.183664838128248,2.002654065247977,2.3763553140487375,True
2002H2-E,E,tabpfn,20260913,2006H2,15,23898,525,log_oe,0.7810045837106094,0.6944733334543418,0.8655679332697716,True
2002H2-E,E,tabpfn,20260913,2006H2,15,23898,525,cox_intercept,0.10940182388754056,-0.17915348902665523,0.39795713680173633,True
2002H2-E,E,tabpfn,20260913,2006H2,15,23898,525,cox_slope,0.8169922660418923,0.7495110052320275,0.8844735268517572,True
2002H2-E,E,tabpfn,20260913,2006H2,15,23898,525,psi,0.032124067174119524,,,True
2002H2-E,E,tabpfn,20260913,2006H2,15,23898,525,psi_critical,0.001046345808876259,,,True
2002H2-E,E,tabpfn,20260913,2007H1,17,23169,808,auc,0.8043552667059559,0.7908428754733272,0.8178676579385846,True
2002H2-E,E,tabpfn,20260913,2007H1,17,23169,808,gini,0.6087105334119118,0.5816857509466544,0.6357353158771692,True
2002H2-E,E,tabpfn,20260913,2007H1,17,23169,808,ks,0.4720524839702789,,,True
2002H2-E,E,tabpfn,20260913,2007H1,17,23169,808,brier,0.033090660793569614,,,True
2002H2-E,E,tabpfn,20260913,2007H1,17,23169,808,brier_miscalibration,0.001320434107976956,,,True
2002H2-E,E,tabpfn,20260913,2007H1,17,23169,808,brier_discrimination,0.0018877498455588046,,,True
2002H2-E,E,tabpfn,20260913,2007H1,17,23169,808,brier_uncertainty,0.03365797653115146,,,True
2002H2-E,E,tabpfn,20260913,2007H1,17,23169,808,observed_over_expected,3.1979934050333814,2.984752479686337,3.422018614457478,True
2002H2-E,E,tabpfn,20260913,2007H1,17,23169,808,log_oe,1.1625235521936828,1.0935168220282863,1.2302306150979532,True
2002H2-E,E,tabpfn,20260913,2007H1,17,23169,808,cox_intercept,0.5456568951454137,0.3106159435993162,0.7806978466915112,True
2002H2-E,E,tabpfn,20260913,2007H1,17,23169,808,cox_slope,0.8177070067393251,0.7624493132116044,0.8729647002670458,True
2002H2-E,E,tabpfn,20260913,2007H1,17,23169,808,psi,0.04898423094734179,,,True
2002H2-E,E,tabpfn,20260913,2007H1,17,23169,808,psi_critical,0.0010686215825909393,,,True
2002H2-E,E,tabpfn,20260913,2007H2,19,24367,1560,auc,0.7889662193231273,0.7788259791100155,0.799106459536239,True
2002H2-E,E,tabpfn,20260913,2007H2,19,24367,1560,gini,0.5779324386462545,0.557651958220031,0.5982129190724781,True
2002H2-E,E,tabpfn,20260913,2007H2,19,24367,1560,ks,0.4547269000857811,,,True
2002H2-E,E,tabpfn,20260913,2007H2,19,24367,1560,brier,0.06076611694091449,,,True
2002H2-E,E,tabpfn,20260913,2007H2,19,24367,1560,brier_miscalibration,0.005434265890561375,,,True
2002H2-E,E,tabpfn,20260913,2007H2,19,24367,1560,brier_discrimination,0.004590470993470236,,,True
2002H2-E,E,tabpfn,20260913,2007H2,19,24367,1560,brier_uncertainty,0.05992232204382335,,,True
2002H2-E,E,tabpfn,20260913,2007H2,19,24367,1560,observed_over_expected,5.629880297830878,5.362377950520028,5.906570328650193,True
2002H2-E,E,tabpfn,20260913,2007H2,19,24367,1560,log_oe,1.7280881804390478,1.6794075241853421,1.776065346327879,True
2002H2-E,E,tabpfn,20260913,2007H2,19,24367,1560,cox_intercept,0.9543504677905282,0.7751495193232046,1.133551416257852,True
2002H2-E,E,tabpfn,20260913,2007H2,19,24367,1560,cox_slope,0.7591573702382921,0.718465011474716,0.7998497290018682,True
2002H2-E,E,tabpfn,20260913,2007H2,19,24367,1560,psi,0.046075993923437114,,,True
2002H2-E,E,tabpfn,20260913,2007H2,19,24367,1560,psi_critical,0.0010327193396994369,,,True
2002H2-E,E,tabpfn,20260913,2008H1,21,24660,1109,auc,0.7966602342080628,0.7845679107367762,0.8087525576793493,True
2002H2-E,E,tabpfn,20260913,2008H1,21,24660,1109,gini,0.5933204684161255,0.5691358214735525,0.6175051153586986,True
2002H2-E,E,tabpfn,20260913,2008H1,21,24660,1109,ks,0.4536915243203945,,,True
2002H2-E,E,tabpfn,20260913,2008H1,21,24660,1109,brier,0.04328926210291689,,,True
2002H2-E,E,tabpfn,20260913,2008H1,21,24660,1109,brier_miscalibration,0.0032904335357318085,,,True
2002H2-E,E,tabpfn,20260913,2008H1,21,24660,1109,brier_discrimination,0.002950339321288749,,,True
2002H2-E,E,tabpfn,20260913,2008H1,21,24660,1109,brier_uncertainty,0.04294916788847383,,,True
2002H2-E,E,tabpfn,20260913,2008H1,21,24660,1109,observed_over_expected,6.437001350732204,6.071561623214214,6.817887042052028,True
2002H2-E,E,tabpfn,20260913,2008H1,21,24660,1109,log_oe,1.8620628029092332,1.8036158410466936,1.9195496059709616,True
2002H2-E,E,tabpfn,20260913,2008H1,21,24660,1109,cox_intercept,1.2123569240264924,0.9837279936271719,1.440985854425813,True
2002H2-E,E,tabpfn,20260913,2008H1,21,24660,1109,cox_slope,0.8191126968169058,0.7712988878924718,0.8669265057413398,True
2002H2-E,E,tabpfn,20260913,2008H1,21,24660,1109,psi,0.01617038820639262,,,True
2002H2-E,E,tabpfn,20260913,2008H1,21,24660,1109,psi_critical,0.0010244694792870743,,,True
2002H2-E,E,tabpfn,20260913,2008H2,23,24746,863,auc,0.8118563124626141,0.7984296253304667,0.8252829995947616,True
2002H2-E,E,tabpfn,20260913,2008H2,23,24746,863,gini,0.6237126249252283,0.5968592506609334,0.6505659991895232,True
2002H2-E,E,tabpfn,20260913,2008H2,23,24746,863,ks,0.4832962488190182,,,True
2002H2-E,E,tabpfn,20260913,2008H2,23,24746,863,brier,0.033779957665287,,,True
2002H2-E,E,tabpfn,20260913,2008H2,23,24746,863,brier_miscalibration,0.002432962590256639,,,True
2002H2-E,E,tabpfn,20260913,2008H2,23,24746,863,brier_discrimination,0.002311109634616143,,,True
2002H2-E,E,tabpfn,20260913,2008H2,23,24746,863,brier_uncertainty,0.0336581047096465,,,True
2002H2-E,E,tabpfn,20260913,2008H2,23,24746,863,observed_over_expected,6.584363691407413,6.159320901588091,7.030187312318128,True
2002H2-E,E,tabpfn,20260913,2008H2,23,24746,863,log_oe,1.8846977005197971,1.8179665282195083,1.9502133501785808,True
2002H2-E,E,tabpfn,20260913,2008H2,23,24746,863,cox_intercept,1.770372203325926,1.4853131899171876,2.0554312167346644,True
2002H2-E,E,tabpfn,20260913,2008H2,23,24746,863,cox_slope,0.9505115354833196,0.892349823818894,1.008673247147745,True
2002H2-E,E,tabpfn,20260913,2008H2,23,24746,863,psi,0.07866090449027711,,,True
2002H2-E,E,tabpfn,20260913,2008H2,23,24746,863,psi_critical,0.0010220851046916352,,,True
2002H2-E,E,tabpfn,20260913,2009H1,25,24844,119,auc,0.8119699892090305,0.7752047109579179,0.8487352674601432,True
2002H2-E,E,tabpfn,20260913,2009H1,25,24844,119,gini,0.623939978418061,0.5504094219158358,0.6974705349202863,True
2002H2-E,E,tabpfn,20260913,2009H1,25,24844,119,ks,0.5003250885794155,,,True
2002H2-E,E,tabpfn,20260913,2009H1,25,24844,119,brier,0.004745328153268514,,,True
2002H2-E,E,tabpfn,20260913,2009H1,25,24844,119,brier_miscalibration,5.2636430201249626e-05,,,True
2002H2-E,E,tabpfn,20260913,2009H1,25,24844,119,brier_discrimination,7.425414797175393e-05,,,True
2002H2-E,E,tabpfn,20260913,2009H1,25,24844,119,brier_uncertainty,0.0047669458710390186,,,True
2002H2-E,E,tabpfn,20260913,2009H1,25,24844,119,observed_over_expected,1.6655285436475182,1.3802923221082026,1.9921137634547932,True
2002H2-E,E,tabpfn,20260913,2009H1,25,24844,119,log_oe,0.5101425166899809,0.32229530435145154,0.6891962676997518,True
2002H2-E,E,tabpfn,20260913,2009H1,25,24844,119,cox_intercept,0.09248094476127433,-0.6149283726233196,0.7998902621458682,True
2002H2-E,E,tabpfn,20260913,2009H1,25,24844,119,cox_slope,0.9163909255450072,0.7855508005401032,1.0472310505499114,True
2002H2-E,E,tabpfn,20260913,2009H1,25,24844,119,psi,0.4548373975662251,,,True
2002H2-E,E,tabpfn,20260913,2009H1,25,24844,119,psi_critical,0.001019388149927719,,,True
2002H2-E,E,tabpfn,20260913,2009H2,27,24709,196,auc,0.8592248427947853,0.8330565377520558,0.8853931478375148,True
2002H2-E,E,tabpfn,20260913,2009H2,27,24709,196,gini,0.7184496855895706,0.6661130755041116,0.7707862956750295,True
2002H2-E,E,tabpfn,20260913,2009H2,27,24709,196,ks,0.6124565723976533,,,True
2002H2-E,E,tabpfn,20260913,2009H2,27,24709,196,brier,0.007686430045180243,,,True
2002H2-E,E,tabpfn,20260913,2009H2,27,24709,196,brier_miscalibration,0.00013087293794707827,,,True
2002H2-E,E,tabpfn,20260913,2009H2,27,24709,196,brier_discrimination,0.0003138533448161585,,,True
2002H2-E,E,tabpfn,20260913,2009H2,27,24709,196,brier_uncertainty,0.007869410452049324,,,True
2002H2-E,E,tabpfn,20260913,2009H2,27,24709,196,observed_over_expected,1.7483497616473667,1.512921918564155,2.0097944356681987,True
2002H2-E,E,tabpfn,20260913,2009H2,27,24709,196,log_oe,0.5586723496931245,0.41404282644489043,0.6980324460291268,True
2002H2-E,E,tabpfn,20260913,2009H2,27,24709,196,cox_intercept,0.3839489112082972,-0.0557293381327591,0.8236271605493535,True
2002H2-E,E,tabpfn,20260913,2009H2,27,24709,196,cox_slope,0.9537416844026122,0.862254263522133,1.0452291052830915,True
2002H2-E,E,tabpfn,20260913,2009H2,27,24709,196,psi,0.19845078749614567,,,True
2002H2-E,E,tabpfn,20260913,2009H2,27,24709,196,psi_critical,0.0010231089059562013,,,True
2002H2-E,E,tabpfn,20260913,2010H1,29,24843,191,auc,0.8403925045003412,0.8104052802451993,0.8703797287554831,True
2002H2-E,E,tabpfn,20260913,2010H1,29,24843,191,gini,0.6807850090006824,0.6208105604903986,0.7407594575109662,True
2002H2-E,E,tabpfn,20260913,2010H1,29,24843,191,ks,0.5656098333833135,,,True
2002H2-E,E,tabpfn,20260913,2010H1,29,24843,191,brier,0.007456564261905881,,,True
2002H2-E,E,tabpfn,20260913,2010H1,29,24843,191,brier_miscalibration,9.177261446768979e-05,,,True
2002H2-E,E,tabpfn,20260913,2010H1,29,24843,191,brier_discrimination,0.00026438107964833497,,,True
2002H2-E,E,tabpfn,20260913,2010H1,29,24843,191,brier_uncertainty,0.0076291727270865264,,,True
2002H2-E,E,tabpfn,20260913,2010H1,29,24843,191,observed_over_expected,1.4419107041158223,1.2452941646889804,1.66056321731139,True
2002H2-E,E,tabpfn,20260913,2010H1,29,24843,191,log_oe,0.36596911192162235,0.21937177886630882,0.5071568323604333,True
2002H2-E,E,tabpfn,20260913,2010H1,29,24843,191,cox_intercept,-0.14177152546934677,-0.5544843487602121,0.27094129782151855,True
2002H2-E,E,tabpfn,20260913,2010H1,29,24843,191,cox_slope,0.8753838102430673,0.7878541748752058,0.9629134456109288,True
2002H2-E,E,tabpfn,20260913,2010H1,29,24843,191,psi,0.15205592613332433,,,True
2002H2-E,E,tabpfn,20260913,2010H1,29,24843,191,psi_critical,0.0010194155624220973,,,True
2002H2-E,E,tabpfn,20260913,2010H2,31,24683,152,auc,0.8598035997416802,0.8291012039037108,0.8905059955796496,True
2002H2-E,E,tabpfn,20260913,2010H2,31,24683,152,gini,0.7196071994833604,0.6582024078074216,0.7810119911592992,True
2002H2-E,E,tabpfn,20260913,2010H2,31,24683,152,ks,0.6051829693470561,,,True
2002H2-E,E,tabpfn,20260913,2010H2,31,24683,152,brier,0.0059825326035325265,,,True
2002H2-E,E,tabpfn,20260913,2010H2,31,24683,152,brier_miscalibration,0.00010019433793456451,,,True
2002H2-E,E,tabpfn,20260913,2010H2,31,24683,152,brier_discrimination,0.0002378242411571205,,,True
2002H2-E,E,tabpfn,20260913,2010H2,31,24683,152,brier_uncertainty,0.0061201625067550825,,,True
2002H2-E,E,tabpfn,20260913,2010H2,31,24683,152,observed_over_expected,1.3844901763893769,1.1736706922432256,1.6220545907762884,True
2002H2-E,E,tabpfn,20260913,2010H2,31,24683,152,log_oe,0.3253319681825273,0.1601361814136288,0.4836936115857261,True
2002H2-E,E,tabpfn,20260913,2010H2,31,24683,152,cox_intercept,-0.045346838457783166,-0.5059392021875305,0.4152455252719642,True
2002H2-E,E,tabpfn,20260913,2010H2,31,24683,152,cox_slope,0.9107085160872571,0.8144898872839708,1.0069271448905435,True
2002H2-E,E,tabpfn,20260913,2010H2,31,24683,152,psi,0.2758720288581814,,,True
2002H2-E,E,tabpfn,20260913,2010H2,31,24683,152,psi_critical,0.0010238301701137374,,,True
2002H2-E,E,tabpfn,20260913,2011H1,33,24614,195,auc,0.8634589921047188,0.8396370969666702,0.8872808872427673,True
2002H2-E,E,tabpfn,20260913,2011H1,33,24614,195,gini,0.7269179842094375,0.6792741939333404,0.7745617744855346,True
2002H2-E,E,tabpfn,20260913,2011H1,33,24614,195,ks,0.5900193313109485,,,True
2002H2-E,E,tabpfn,20260913,2011H1,33,24614,195,brier,0.007759449850313232,,,True
2002H2-E,E,tabpfn,20260913,2011H1,33,24614,195,brier_miscalibration,0.00014484154583121762,,,True
2002H2-E,E,tabpfn,20260913,2011H1,33,24614,195,brier_discrimination,0.00024494916188044606,,,True
2002H2-E,E,tabpfn,20260913,2011H1,33,24614,195,brier_uncertainty,0.00785955746636246,,,True
2002H2-E,E,tabpfn,20260913,2011H1,33,24614,195,observed_over_expected,1.269876066910794,1.0984553399965444,1.4602919706317639,True
2002H2-E,E,tabpfn,20260913,2011H1,33,24614,195,log_oe,0.2389193105991523,0.09390495657369191,0.37863639561170315,True
2002H2-E,E,tabpfn,20260913,2011H1,33,24614,195,cox_intercept,-0.32355696756774943,-0.7096939584842046,0.06258002334870566,True
2002H2-E,E,tabpfn,20260913,2011H1,33,24614,195,cox_slope,0.8567801422887736,0.7718522659636358,0.9417080186139115,True
2002H2-E,E,tabpfn,20260913,2011H1,33,24614,195,psi,0.10972988944378656,,,True
2002H2-E,E,tabpfn,20260913,2011H1,33,24614,195,psi_critical,0.0010257516819624198,,,True
2002H2-E,E,tabpfn,20260913,2011H2,35,24646,119,auc,0.8871283336182763,0.8587208131131644,0.9155358541233881,True
2002H2-E,E,tabpfn,20260913,2011H2,35,24646,119,gini,0.7742566672365525,0.7174416262263288,0.8310717082467762,True
2002H2-E,E,tabpfn,20260913,2011H2,35,24646,119,ks,0.6393280188905178,,,True
2002H2-E,E,tabpfn,20260913,2011H2,35,24646,119,brier,0.004745124460063313,,,True
2002H2-E,E,tabpfn,20260913,2011H2,35,24646,119,brier_miscalibration,0.00012828331192142172,,,True
2002H2-E,E,tabpfn,20260913,2011H2,35,24646,119,brier_discrimination,0.00018821541291853122,,,True
2002H2-E,E,tabpfn,20260913,2011H2,35,24646,119,brier_uncertainty,0.004805056561060422,,,True
2002H2-E,E,tabpfn,20260913,2011H2,35,24646,119,observed_over_expected,1.034970179754575,0.8577252518675267,1.2379076478251163,True
2002H2-E,E,tabpfn,20260913,2011H2,35,24646,119,log_oe,0.03437261447093506,-0.15347145004392945,0.2134225736002935,True
2002H2-E,E,tabpfn,20260913,2011H2,35,24646,119,cox_intercept,-0.2351694764092802,-0.7267306571079162,0.25639170428935576,True
2002H2-E,E,tabpfn,20260913,2011H2,35,24646,119,cox_slope,0.9352614850204902,0.8285874423301653,1.041935527710815,True
2002H2-E,E,tabpfn,20260913,2011H2,35,24646,119,psi,0.2809318568387822,,,True
2002H2-E,E,tabpfn,20260913,2011H2,35,24646,119,psi_critical,0.0010248592082078211,,,True
2002H2-E,E,tabpfn,20260913,2012H1,37,24306,148,auc,0.869568695278605,0.844307076920945,0.8948303136362651,True
2002H2-E,E,tabpfn,20260913,2012H1,37,24306,148,gini,0.7391373905572101,0.68861415384189,0.7896606272725302,True
2002H2-E,E,tabpfn,20260913,2012H1,37,24306,148,ks,0.6213973100511722,,,True
2002H2-E,E,tabpfn,20260913,2012H1,37,24306,148,brier,0.0061597641779385735,,,True
2002H2-E,E,tabpfn,20260913,2012H1,37,24306,148,brier_miscalibration,0.000278815624187201,,,True
2002H2-E,E,tabpfn,20260913,2012H1,37,24306,148,brier_discrimination,0.00017100665631206245,,,True
2002H2-E,E,tabpfn,20260913,2012H1,37,24306,148,brier_uncertainty,0.006051955210063435,,,True
2002H2-E,E,tabpfn,20260913,2012H1,37,24306,148,observed_over_expected,0.6885903084198057,0.582385695228981,0.8084629713752084,True
2002H2-E,E,tabpfn,20260913,2012H1,37,24306,148,log_oe,-0.3731088025017568,-0.5406223441647314,-0.21262040017865214,True
2002H2-E,E,tabpfn,20260913,2012H1,37,24306,148,cox_intercept,-1.0455417130494582,-1.4381021846763917,-0.6529812414225246,True
2002H2-E,E,tabpfn,20260913,2012H1,37,24306,148,cox_slope,0.8180109633593814,0.7234261211697672,0.9125958055489956,True
2002H2-E,E,tabpfn,20260913,2012H1,37,24306,148,psi,0.07164708825894316,,,True
2002H2-E,E,tabpfn,20260913,2012H1,37,24306,148,psi_critical,0.0010344619023195318,,,True
2002H2-E,E,tabpfn,20260913,2012H2,39,24538,131,auc,0.8708514044744389,0.8443710452160522,0.8973317637328255,True
2002H2-E,E,tabpfn,20260913,2012H2,39,24538,131,gini,0.7417028089488777,0.6887420904321044,0.794663527465651,True
2002H2-E,E,tabpfn,20260913,2012H2,39,24538,131,ks,0.6197424277918017,,,True
2002H2-E,E,tabpfn,20260913,2012H2,39,24538,131,brier,0.005467327938469903,,,True
2002H2-E,E,tabpfn,20260913,2012H2,39,24538,131,brier_miscalibration,0.000282497549337438,,,True
2002H2-E,E,tabpfn,20260913,2012H2,39,24538,131,brier_discrimination,0.0001253267446451366,,,True
2002H2-E,E,tabpfn,20260913,2012H2,39,24538,131,brier_uncertainty,0.005310157133777601,,,True
2002H2-E,E,tabpfn,20260913,2012H2,39,24538,131,observed_over_expected,0.649237055739833,0.5430525176653852,0.7700270731959983,True
2002H2-E,E,tabpfn,20260913,2012H2,39,24538,131,log_oe,-0.4319573658889599,-0.610549246109238,-0.26132960475770267,True
2002H2-E,E,tabpfn,20260913,2012H2,39,24538,131,cox_intercept,-1.1027371661180192,-1.5197605460308488,-0.6857137862051897,True
2002H2-E,E,tabpfn,20260913,2012H2,39,24538,131,cox_slope,0.8220226827347383,0.723021539435922,0.9210238260335547,True
2002H2-E,E,tabpfn,20260913,2012H2,39,24538,131,psi,0.08039711125545133,,,True
2002H2-E,E,tabpfn,20260913,2012H2,39,24538,131,psi_critical,0.0010278806363136351,,,True
2002H2-E,E,tabpfn,20260913,2013H1,41,24341,85,auc,0.8548177285426043,0.8192851796203309,0.8903502774648777,False
2002H2-E,E,tabpfn,20260913,2013H1,41,24341,85,gini,0.7096354570852086,0.6385703592406617,0.7807005549297554,False
2002H2-E,E,tabpfn,20260913,2013H1,41,24341,85,ks,0.5926586993636505,,,False
2002H2-E,E,tabpfn,20260913,2013H1,41,24341,85,brier,0.003781422687656651,,,False
2002H2-E,E,tabpfn,20260913,2013H1,41,24341,85,brier_miscalibration,0.00037651294359685675,,,False
2002H2-E,E,tabpfn,20260913,2013H1,41,24341,85,brier_discrimination,7.494628945411454e-05,,,False
2002H2-E,E,tabpfn,20260913,2013H1,41,24341,85,brier_uncertainty,0.0034798560335139086,,,False
2002H2-E,E,tabpfn,20260913,2013H1,41,24341,85,observed_over_expected,0.40061328374067334,0.3201016421298999,0.4951598459870715,False
2002H2-E,E,tabpfn,20260913,2013H1,41,24341,85,log_oe,-0.914758696687922,-1.1391167019666828,-0.7028746473552681,False
2002H2-E,E,tabpfn,20260913,2013H1,41,24341,85,cox_intercept,-1.665721680223367,-2.18251470970607,-1.1489286507406637,False
2002H2-E,E,tabpfn,20260913,2013H1,41,24341,85,cox_slope,0.8031731376135017,0.6797140205228126,0.9266322547041909,False
2002H2-E,E,tabpfn,20260913,2013H1,41,24341,85,psi,0.04697925442309517,,,False
2002H2-E,E,tabpfn,20260913,2013H1,41,24341,85,psi_critical,0.0010334610033319,,,False
2002H2-E,E,tabpfn,20260913,2013H2,43,23974,142,auc,0.8441230633211825,0.8161462817210161,0.8720998449213488,True
2002H2-E,E,tabpfn,20260913,2013H2,43,23974,142,gini,0.688246126642365,0.6322925634420322,0.7441996898426977,True
2002H2-E,E,tabpfn,20260913,2013H2,43,23974,142,ks,0.5451872024358302,,,True
2002H2-E,E,tabpfn,20260913,2013H2,43,23974,142,brier,0.0061349424978155405,,,True
2002H2-E,E,tabpfn,20260913,2013H2,43,23974,142,brier_miscalibration,0.0003619935912429562,,,True
2002H2-E,E,tabpfn,20260913,2013H2,43,23974,142,brier_discrimination,0.00011505151745675943,,,True
2002H2-E,E,tabpfn,20260913,2013H2,43,23974,142,brier_uncertainty,0.005888000424029344,,,True
2002H2-E,E,tabpfn,20260913,2013H2,43,23974,142,observed_over_expected,0.6332336561879047,0.5336058525307469,0.7459734209893181,True
2002H2-E,E,tabpfn,20260913,2013H2,43,23974,142,log_oe,-0.4569157998484946,-0.6280978164297264,-0.29306530811373943,True
2002H2-E,E,tabpfn,20260913,2013H2,43,23974,142,cox_intercept,-1.3019073992466739,-1.7190648839683806,-0.8847499145249671,True
2002H2-E,E,tabpfn,20260913,2013H2,43,23974,142,cox_slope,0.7755358102023564,0.6776507571352728,0.87342086326944,True
2002H2-E,E,tabpfn,20260913,2013H2,43,23974,142,psi,0.01573761300671573,,,True
2002H2-E,E,tabpfn,20260913,2013H2,43,23974,142,psi_critical,0.0010441014843782371,,,True
2002H2-E,E,tabpfn,20260913,2014H1,45,24341,137,auc,0.823586045378275,0.7925486152477358,0.8546234755088141,True
2002H2-E,E,tabpfn,20260913,2014H1,45,24341,137,gini,0.6471720907565499,0.5850972304954716,0.7092469510176282,True
2002H2-E,E,tabpfn,20260913,2014H1,45,24341,137,ks,0.5152794917169992,,,True
2002H2-E,E,tabpfn,20260913,2014H1,45,24341,137,brier,0.005769242706485631,,,True
2002H2-E,E,tabpfn,20260913,2014H1,45,24341,137,brier_miscalibration,0.0002610390870289537,,,True
2002H2-E,E,tabpfn,20260913,2014H1,45,24341,137,brier_discrimination,8.848156922599063e-05,,,True
2002H2-E,E,tabpfn,20260913,2014H1,45,24341,137,brier_uncertainty,0.005596685188682668,,,True
2002H2-E,E,tabpfn,20260913,2014H1,45,24341,137,observed_over_expected,0.7469509967399215,0.627385342249809,0.8825650946885183,True
2002H2-E,E,tabpfn,20260913,2014H1,45,24341,137,log_oe,-0.2917556960815255,-0.4661943461860564,-0.12492273120823838,True
2002H2-E,E,tabpfn,20260913,2014H1,45,24341,137,cox_intercept,-1.293746609328016,-1.7616959826719394,-0.8257972359840929,True
2002H2-E,E,tabpfn,20260913,2014H1,45,24341,137,cox_slope,0.7528626902705654,0.6510696708879562,0.8546557096531746,True
2002H2-E,E,tabpfn,20260913,2014H1,45,24341,137,psi,0.05129471004751357,,,True
2002H2-E,E,tabpfn,20260913,2014H1,45,24341,137,psi_critical,0.0010334610033319,,,True
2002H2-E,E,tabpfn,20260913,2014H2,47,24213,99,auc,0.8205617173644049,0.783253309723674,0.8578701250051357,False
2002H2-E,E,tabpfn,20260913,2014H2,47,24213,99,gini,0.6411234347288097,0.566506619447348,0.7157402500102714,False
2002H2-E,E,tabpfn,20260913,2014H2,47,24213,99,ks,0.5041607917945315,,,False
2002H2-E,E,tabpfn,20260913,2014H2,47,24213,99,brier,0.004175009944599949,,,False
2002H2-E,E,tabpfn,20260913,2014H2,47,24213,99,brier_miscalibration,0.00016417282229538345,,,False
2002H2-E,E,tabpfn,20260913,2014H2,47,24213,99,brier_discrimination,6.115798136594516e-05,,,False
2002H2-E,E,tabpfn,20260913,2014H2,47,24213,99,brier_uncertainty,0.004071995103670511,,,False
2002H2-E,E,tabpfn,20260913,2014H2,47,24213,99,observed_over_expected,0.669958538866736,0.5447066929835928,0.815287612722222,False
2002H2-E,E,tabpfn,20260913,2014H2,47,24213,99,log_oe,-0.4005394508003669,-0.6075078072004151,-0.20421432894982547,False
2002H2-E,E,tabpfn,20260913,2014H2,47,24213,99,cox_intercept,-1.2909544187563393,-1.879131785726223,-0.7027770517864556,False
2002H2-E,E,tabpfn,20260913,2014H2,47,24213,99,cox_slope,0.7942788055940424,0.6704473369111503,0.9181102742769345,False
2002H2-E,E,tabpfn,20260913,2014H2,47,24213,99,psi,0.08700571834462571,,,False
2002H2-E,E,tabpfn,20260913,2014H2,47,24213,99,psi_critical,0.0010371354933066512,,,False
2002H2-E,E,tabpfn,20260913,2015H1,49,24159,83,auc,0.8307478126495017,0.7890480982290625,0.8724475270699409,False
2002H2-E,E,tabpfn,20260913,2015H1,49,24159,83,gini,0.6614956252990034,0.578096196458125,0.7448950541398818,False
2002H2-E,E,tabpfn,20260913,2015H1,49,24159,83,ks,0.5385496129725748,,,False
2002H2-E,E,tabpfn,20260913,2015H1,49,24159,83,brier,0.0034781857777230482,,,False
2002H2-E,E,tabpfn,20260913,2015H1,49,24159,83,brier_miscalibration,9.686909612530419e-05,,,False
2002H2-E,E,tabpfn,20260913,2015H1,49,24159,83,brier_discrimination,4.2452823301141786e-05,,,False
2002H2-E,E,tabpfn,20260913,2015H1,49,24159,83,brier_uncertainty,0.003423769504898886,,,False
2002H2-E,E,tabpfn,20260913,2015H1,49,24159,83,observed_over_expected,0.6906226333630665,0.5502581833522997,0.8557780239123668,False
2002H2-E,E,tabpfn,20260913,2015H1,49,24159,83,log_oe,-0.37016172108650053,-0.5973676866238192,-0.15574425432846944,False
2002H2-E,E,tabpfn,20260913,2015H1,49,24159,83,cox_intercept,-0.8645445832279772,-1.5493498617957013,-0.17973930466025312,False
2002H2-E,E,tabpfn,20260913,2015H1,49,24159,83,cox_slope,0.8915309802095599,0.7488276377606915,1.0342343226584283,False
2002H2-E,E,tabpfn,20260913,2015H1,49,24159,83,psi,0.1314733948004761,,,False
2002H2-E,E,tabpfn,20260913,2015H1,49,24159,83,psi_critical,0.0010386973468943647,,,False
2002H2-E,E,tabpfn,20260913,2015H2,51,24159,130,auc,0.8025675705957867,0.768836152721841,0.8362989884697323,True
2002H2-E,E,tabpfn,20260913,2015H2,51,24159,130,gini,0.6051351411915733,0.537672305443682,0.6725979769394645,True
2002H2-E,E,tabpfn,20260913,2015H2,51,24159,130,ks,0.46965333555287364,,,True
2002H2-E,E,tabpfn,20260913,2015H2,51,24159,130,brier,0.005384130684064026,,,True
2002H2-E,E,tabpfn,20260913,2015H2,51,24159,130,brier_miscalibration,8.87932714679655e-05,,,True
2002H2-E,E,tabpfn,20260913,2015H2,51,24159,130,brier_discrimination,5.672466508065046e-05,,,True
2002H2-E,E,tabpfn,20260913,2015H2,51,24159,130,brier_uncertainty,0.005352062077676711,,,True
2002H2-E,E,tabpfn,20260913,2015H2,51,24159,130,observed_over_expected,1.0166099849147292,0.8497339207209499,1.2065325072844038,True
2002H2-E,E,tabpfn,20260913,2015H2,51,24159,130,log_oe,0.016473547854090467,-0.1628320129492256,0.18775054917990938,True
2002H2-E,E,tabpfn,20260913,2015H2,51,24159,130,cox_intercept,-0.8216809667982623,-1.4288579835699218,-0.21450395002660272,True
2002H2-E,E,tabpfn,20260913,2015H2,51,24159,130,cox_slope,0.8155428857376429,0.6920221533373503,0.9390636181379355,True
2002H2-E,E,tabpfn,20260913,2015H2,51,24159,130,psi,0.10806295129640074,,,True
2002H2-E,E,tabpfn,20260913,2015H2,51,24159,130,psi_critical,0.0010386973468943647,,,True
2002H2-E,E,tabpfn,20260913,2016H1,53,24632,115,auc,0.8095362401598891,0.7658195484458913,0.853252931873887,True
2002H2-E,E,tabpfn,20260913,2016H1,53,24632,115,gini,0.6190724803197782,0.5316390968917826,0.7065058637477739,True
2002H2-E,E,tabpfn,20260913,2016H1,53,24632,115,ks,0.5203296381747538,,,True
2002H2-E,E,tabpfn,20260913,2016H1,53,24632,115,brier,0.004652801371677889,,,True
2002H2-E,E,tabpfn,20260913,2016H1,53,24632,115,brier_miscalibration,8.156248487948235e-05,,,True
2002H2-E,E,tabpfn,20260913,2016H1,53,24632,115,brier_discrimination,7.568774460263092e-05,,,True
2002H2-E,E,tabpfn,20260913,2016H1,53,24632,115,brier_uncertainty,0.004646926631401037,,,True
2002H2-E,E,tabpfn,20260913,2016H1,53,24632,115,observed_over_expected,0.9272917391952673,0.7658709948927616,1.1125522999705582,True
2002H2-E,E,tabpfn,20260913,2016H1,53,24632,115,log_oe,-0.07548704966461024,-0.2667415374028903,0.10665674516275643,True
2002H2-E,E,tabpfn,20260913,2016H1,53,24632,115,cox_intercept,-0.4484053314817405,-1.099965719921348,0.2031550569578669,True
2002H2-E,E,tabpfn,20260913,2016H1,53,24632,115,cox_slope,0.9185055649925589,0.7831391614445995,1.0538719685405182,True
2002H2-E,E,tabpfn,20260913,2016H1,53,24632,115,psi,0.11598308739836022,,,True
2002H2-E,E,tabpfn,20260913,2016H1,53,24632,115,psi_critical,0.0010252493801461782,,,True
2002H2-E,E,tabpfn,20260913,2016H2,55,24760,121,auc,0.7958078286825395,0.7584139806648551,0.8332016767002239,True
2002H2-E,E,tabpfn,20260913,2016H2,55,24760,121,gini,0.591615657365079,0.5168279613297102,0.6664033534004479,True
2002H2-E,E,tabpfn,20260913,2016H2,55,24760,121,ks,0.49439560140997996,,,True
2002H2-E,E,tabpfn,20260913,2016H2,55,24760,121,brier,0.004845173304622922,,,True
2002H2-E,E,tabpfn,20260913,2016H2,55,24760,121,brier_miscalibration,3.1240334219141165e-05,,,True
2002H2-E,E,tabpfn,20260913,2016H2,55,24760,121,brier_discrimination,4.909947548711099e-05,,,True
2002H2-E,E,tabpfn,20260913,2016H2,55,24760,121,brier_uncertainty,0.004863032445890892,,,True
2002H2-E,E,tabpfn,20260913,2016H2,55,24760,121,observed_over_expected,1.1294952311532522,0.937596661426276,1.348959482164171,True
2002H2-E,E,tabpfn,20260913,2016H2,55,24760,121,log_oe,0.12177083483046713,-0.06443542093121908,0.29933354131433115,True
2002H2-E,E,tabpfn,20260913,2016H2,55,24760,121,cox_intercept,-0.3913383306548202,-1.1367916986863864,0.35411503737674604,True
2002H2-E,E,tabpfn,20260913,2016H2,55,24760,121,cox_slope,0.8932927177927107,0.745773119467161,1.0408123161182603,True
2002H2-E,E,tabpfn,20260913,2016H2,55,24760,121,psi,0.1602261045574763,,,True
2002H2-E,E,tabpfn,20260913,2016H2,55,24760,121,psi_critical,0.0010216985183533317,,,True
2002H2-E,E,tabpfn,20260913,2017H1,57,24541,162,auc,0.8016224244808955,0.7729497279541891,0.8302951210076018,True
2002H2-E,E,tabpfn,20260913,2017H1,57,24541,162,gini,0.603244848961791,0.5458994559083783,0.6605902420152037,True
2002H2-E,E,tabpfn,20260913,2017H1,57,24541,162,ks,0.4766349200561706,,,True
2002H2-E,E,tabpfn,20260913,2017H1,57,24541,162,brier,0.006551880193431046,,,True
2002H2-E,E,tabpfn,20260913,2017H1,57,24541,162,brier_miscalibration,7.263669737188165e-05,,,True
2002H2-E,E,tabpfn,20260913,2017H1,57,24541,162,brier_discrimination,7.837868416083263e-05,,,True
2002H2-E,E,tabpfn,20260913,2017H1,57,24541,162,brier_uncertainty,0.006557622180219997,,,True
2002H2-E,E,tabpfn,20260913,2017H1,57,24541,162,observed_over_expected,1.2317927021047834,1.049903461524712,1.4359700993718878,True
2002H2-E,E,tabpfn,20260913,2017H1,57,24541,162,log_oe,0.20847058967522608,0.04869821853752578,0.36184064824482465,True
2002H2-E,E,tabpfn,20260913,2017H1,57,24541,162,cox_intercept,-0.37945443247815785,-0.9800499744367548,0.22114110948043902,True
2002H2-E,E,tabpfn,20260913,2017H1,57,24541,162,cox_slope,0.8712671147457437,0.7480180775253309,0.9945161519661565,True
2002H2-E,E,tabpfn,20260913,2017H1,57,24541,162,psi,0.1187453119094522,,,True
2002H2-E,E,tabpfn,20260913,2017H1,57,24541,162,psi_critical,0.0010277963486622491,,,True
2002H2-E,E,tabpfn,20260913,2017H2,59,24680,143,auc,0.8118468726122475,0.7794987366522594,0.8441950085722356,True
2002H2-E,E,tabpfn,20260913,2017H2,59,24680,143,gini,0.623693745224495,0.5589974733045189,0.6883900171444712,True
2002H2-E,E,tabpfn,20260913,2017H2,59,24680,143,ks,0.49246763343841227,,,True
2002H2-E,E,tabpfn,20260913,2017H2,59,24680,143,brier,0.005669076261913239,,,True
2002H2-E,E,tabpfn,20260913,2017H2,59,24680,143,brier_miscalibration,4.701792927622704e-05,,,True
2002H2-E,E,tabpfn,20260913,2017H2,59,24680,143,brier_discrimination,0.00013853463169870642,,,True
2002H2-E,E,tabpfn,20260913,2017H2,59,24680,143,brier_uncertainty,0.005760592964335718,,,True
2002H2-E,E,tabpfn,20260913,2017H2,59,24680,143,observed_over_expected,1.1475570351701851,0.9676057156328841,1.3511078386428474,True
2002H2-E,E,tabpfn,20260913,2017H2,59,24680,143,log_oe,0.13763536556938086,-0.03293059324336801,0.30092487714176536,True
2002H2-E,E,tabpfn,20260913,2017H2,59,24680,143,cox_intercept,0.4607891910520442,-0.2501666544969372,1.1717450366010256,True
2002H2-E,E,tabpfn,20260913,2017H2,59,24680,143,cox_slope,1.0691868104793487,0.9187277677326435,1.219645853226054,True
2002H2-E,E,tabpfn,20260913,2017H2,59,24680,143,psi,0.12149496062371395,,,True
2002H2-E,E,tabpfn,20260913,2017H2,59,24680,143,psi_critical,0.0010239134906912927,,,True
2002H2-E,E,tabpfn,20260913,2018H1,61,24416,148,auc,0.7804051269829249,0.7445322669793868,0.8162779869864629,True
2002H2-E,E,tabpfn,20260913,2018H1,61,24416,148,gini,0.5608102539658497,0.4890645339587736,0.6325559739729258,True
2002H2-E,E,tabpfn,20260913,2018H1,61,24416,148,ks,0.41373357864210014,,,True
2002H2-E,E,tabpfn,20260913,2018H1,61,24416,148,brier,0.005978231281905113,,,True
2002H2-E,E,tabpfn,20260913,2018H1,61,24416,148,brier_miscalibration,2.7477569136189275e-05,,,True
2002H2-E,E,tabpfn,20260913,2018H1,61,24416,148,brier_discrimination,7.410225688937126e-05,,,True
2002H2-E,E,tabpfn,20260913,2018H1,61,24416,148,brier_uncertainty,0.006024855969658295,,,True
2002H2-E,E,tabpfn,20260913,2018H1,61,24416,148,observed_over_expected,1.2191464167456902,1.031109471254226,1.431383931954492,True
2002H2-E,E,tabpfn,20260913,2018H1,61,24416,148,log_oe,0.1981509554648253,0.03063537908218048,0.35864176085380217,True
2002H2-E,E,tabpfn,20260913,2018H1,61,24416,148,cox_intercept,0.021663951728004702,-0.711697659056836,0.7550255625128455,True
2002H2-E,E,tabpfn,20260913,2018H1,61,24416,148,cox_slope,0.9620065386330434,0.8117546070085734,1.1122584702575136,True
2002H2-E,E,tabpfn,20260913,2018H1,61,24416,148,psi,0.136159862672973,,,True
2002H2-E,E,tabpfn,20260913,2018H1,61,24416,148,psi_critical,0.0010313258825568768,,,True
2002H2-E,E,tabpfn,20260913,2018H2,63,24543,146,auc,0.7862557208639508,0.7508096039077413,0.8217018378201603,True
2002H2-E,E,tabpfn,20260913,2018H2,63,24543,146,gini,0.5725114417279016,0.5016192078154826,0.6434036756403205,True
2002H2-E,E,tabpfn,20260913,2018H2,63,24543,146,ks,0.4426782205986476,,,True
2002H2-E,E,tabpfn,20260913,2018H2,63,24543,146,brier,0.00587019739779228,,,True
2002H2-E,E,tabpfn,20260913,2018H2,63,24543,146,brier_miscalibration,2.121804040325099e-05,,,True
2002H2-E,E,tabpfn,20260913,2018H2,63,24543,146,brier_discrimination,6.437612151421242e-05,,,True
2002H2-E,E,tabpfn,20260913,2018H2,63,24543,146,brier_uncertainty,0.005913355478903241,,,True
2002H2-E,E,tabpfn,20260913,2018H2,63,24543,146,observed_over_expected,1.1710048397870236,0.9892040520018118,1.376378601710726,True
2002H2-E,E,tabpfn,20260913,2018H2,63,24543,146,log_oe,0.1578622176446342,-0.010854647102048514,0.31945584825736767,True
2002H2-E,E,tabpfn,20260913,2018H2,63,24543,146,cox_intercept,0.07872292803354222,-0.6945450056343252,0.8519908617014096,True
2002H2-E,E,tabpfn,20260913,2018H2,63,24543,146,cox_slope,0.9827729001542648,0.8234883761396903,1.1420574241688393,True
2002H2-E,E,tabpfn,20260913,2018H2,63,24543,146,psi,0.13882400797780572,,,True
2002H2-E,E,tabpfn,20260913,2018H2,63,24543,146,psi_critical,0.0010277401683422744,,,True
2002H2-E,E,tabpfn,20260913,2019H1,65,24752,110,auc,0.7229408769949309,0.6748880092033804,0.7709937447864814,True
2002H2-E,E,tabpfn,20260913,2019H1,65,24752,110,gini,0.44588175398986185,0.34977601840676087,0.5419874895729628,True
2002H2-E,E,tabpfn,20260913,2019H1,65,24752,110,ks,0.360609749798939,,,True
2002H2-E,E,tabpfn,20260913,2019H1,65,24752,110,brier,0.004387321480994049,,,True
2002H2-E,E,tabpfn,20260913,2019H1,65,24752,110,brier_miscalibration,3.50223146678378e-05,,,True
2002H2-E,E,tabpfn,20260913,2019H1,65,24752,110,brier_discrimination,7.203626572339222e-05,,,True
2002H2-E,E,tabpfn,20260913,2019H1,65,24752,110,brier_uncertainty,0.004424335432049603,,,True
2002H2-E,E,tabpfn,20260913,2019H1,65,24752,110,observed_over_expected,0.9146874498147763,0.7520445922995034,1.1019424963320388,True
2002H2-E,E,tabpfn,20260913,2019H1,65,24752,110,log_oe,-0.08917285696191092,-0.28495965851975397,0.0970745281823396,True
2002H2-E,E,tabpfn,20260913,2019H1,65,24752,110,cox_intercept,-0.9698443291006409,-1.8890509874272114,-0.05063767077407033,True
2002H2-E,E,tabpfn,20260913,2019H1,65,24752,110,cox_slope,0.8196119169844558,0.6384820115969825,1.000741822371929,True
2002H2-E,E,tabpfn,20260913,2019H1,65,24752,110,psi,0.1608721215416698,,,True
2002H2-E,E,tabpfn,20260913,2019H1,65,24752,110,psi_critical,0.0010219193712836035,,,True
2002H2-E,E,tabpfn,20260913,2019H2,67,24861,136,auc,0.6829947064771308,0.6382016761545286,0.727787736799733,True
2002H2-E,E,tabpfn,20260913,2019H2,67,24861,136,gini,0.3659894129542616,0.2764033523090572,0.45557547359946593,True
2002H2-E,E,tabpfn,20260913,2019H2,67,24861,136,ks,0.2745684886694819,,,True
2002H2-E,E,tabpfn,20260913,2019H2,67,24861,136,brier,0.005429382180907689,,,True
2002H2-E,E,tabpfn,20260913,2019H2,67,24861,136,brier_miscalibration,1.3683398014430886e-05,,,True
2002H2-E,E,tabpfn,20260913,2019H2,67,24861,136,brier_discrimination,2.4791281489018428e-05,,,True
2002H2-E,E,tabpfn,20260913,2019H2,67,24861,136,brier_uncertainty,0.0054404900643822765,,,True
2002H2-E,E,tabpfn,20260913,2019H2,67,24861,136,observed_over_expected,1.2950810958770058,1.0870348522002002,1.5311688537272887,True
2002H2-E,E,tabpfn,20260913,2019H2,67,24861,136,log_oe,0.25857331548965296,0.08345367036674824,0.42603140042247617,True
2002H2-E,E,tabpfn,20260913,2019H2,67,24861,136,cox_intercept,-1.607793537364267,-2.4720286852777797,-0.743558389450754,True
2002H2-E,E,tabpfn,20260913,2019H2,67,24861,136,cox_slope,0.6344630563616429,0.47480836849344044,0.7941177442298454,True
2002H2-E,E,tabpfn,20260913,2019H2,67,24861,136,psi,0.19264301233914968,,,True
2002H2-E,E,tabpfn,20260913,2019H2,67,24861,136,psi_critical,0.0010189224749281938,,,True
2002H2-E,E,tabpfn,20260913,2020H1,69,24880,111,auc,0.6620437709298785,0.6094414649212383,0.7146460769385188,True
2002H2-E,E,tabpfn,20260913,2020H1,69,24880,111,gini,0.3240875418597571,0.2188829298424766,0.42929215387703756,True
2002H2-E,E,tabpfn,20260913,2020H1,69,24880,111,ks,0.26359307751370414,,,True
2002H2-E,E,tabpfn,20260913,2020H1,69,24880,111,brier,0.0044437524488207675,,,True
2002H2-E,E,tabpfn,20260913,2020H1,69,24880,111,brier_miscalibration,1.3764396269788128e-05,,,True
2002H2-E,E,tabpfn,20260913,2020H1,69,24880,111,brier_discrimination,1.1522516508480872e-05,,,True
2002H2-E,E,tabpfn,20260913,2020H1,69,24880,111,brier_uncertainty,0.00444151056905946,,,True
2002H2-E,E,tabpfn,20260913,2020H1,69,24880,111,observed_over_expected,1.2527225649769702,1.0309304868210922,1.5079131921676439,True
2002H2-E,E,tabpfn,20260913,2020H1,69,24880,111,log_oe,0.22531923477911348,0.030461779697859865,0.4107267030532756,True
2002H2-E,E,tabpfn,20260913,2020H1,69,24880,111,cox_intercept,-2.2900245402130373,-3.273707420733828,-1.3063416596922466,True
2002H2-E,E,tabpfn,20260913,2020H1,69,24880,111,cox_slope,0.5279717313289252,0.3555258990291218,0.7004175636287285,True
2002H2-E,E,tabpfn,20260913,2020H1,69,24880,111,psi,0.25401822155740994,,,True
2002H2-E,E,tabpfn,20260913,2020H1,69,24880,111,psi_critical,0.001018402767712202,,,True
2002H2-E,E,tabpfn,20260913,2020H2,71,24919,71,auc,0.6935128964385154,0.6298755282395174,0.7571502646375134,False
2002H2-E,E,tabpfn,20260913,2020H2,71,24919,71,gini,0.38702579287703087,0.25975105647903485,0.5143005292750269,False
2002H2-E,E,tabpfn,20260913,2020H2,71,24919,71,ks,0.31297556750677924,,,False
2002H2-E,E,tabpfn,20260913,2020H2,71,24919,71,brier,0.0028410026401895143,,,False
2002H2-E,E,tabpfn,20260913,2020H2,71,24919,71,brier_miscalibration,9.92373803435434e-06,,,False
2002H2-E,E,tabpfn,20260913,2020H2,71,24919,71,brier_discrimination,1.0034487739435122e-05,,,False
2002H2-E,E,tabpfn,20260913,2020H2,71,24919,71,brier_uncertainty,0.002841113389894595,,,False
2002H2-E,E,tabpfn,20260913,2020H2,71,24919,71,observed_over_expected,0.9354688514254271,0.7308224075467366,1.1795271223531472,False
2002H2-E,E,tabpfn,20260913,2020H2,71,24919,71,log_oe,-0.06670743000038037,-0.3135847932806702,0.16511361438981104,False
2002H2-E,E,tabpfn,20260913,2020H2,71,24919,71,cox_intercept,-1.9501266803951525,-3.1854011817845063,-0.7148521790057989,False
2002H2-E,E,tabpfn,20260913,2020H2,71,24919,71,cox_slope,0.6524568000739543,0.4363956815081007,0.868517918639808,False
2002H2-E,E,tabpfn,20260913,2020H2,71,24919,71,psi,0.3649655880246239,,,False
2002H2-E,E,tabpfn,20260913,2020H2,71,24919,71,psi_critical,0.001017338483214061,,,False
2002H2-E,E,tabpfn,20260913,2021H1,73,24909,90,auc,0.7688155579730582,0.7211078599971762,0.8165232559489403,False
2002H2-E,E,tabpfn,20260913,2021H1,73,24909,90,gini,0.5376311159461165,0.4422157199943524,0.6330465118978805,False
2002H2-E,E,tabpfn,20260913,2021H1,73,24909,90,ks,0.4286944142256604,,,False
2002H2-E,E,tabpfn,20260913,2021H1,73,24909,90,brier,0.0035835252809598797,,,False
2002H2-E,E,tabpfn,20260913,2021H1,73,24909,90,brier_miscalibration,6.699069485390299e-06,,,False
2002H2-E,E,tabpfn,20260913,2021H1,73,24909,90,brier_discrimination,2.327079488652307e-05,,,False
2002H2-E,E,tabpfn,20260913,2021H1,73,24909,90,brier_uncertainty,0.0036000970063610124,,,False
2002H2-E,E,tabpfn,20260913,2021H1,73,24909,90,observed_over_expected,1.0178299857101263,0.8187290220806687,1.2505675792758788,False
2002H2-E,E,tabpfn,20260913,2021H1,73,24909,90,log_oe,0.01767289603762371,-0.20000211424712772,0.22359751167931247,False
2002H2-E,E,tabpfn,20260913,2021H1,73,24909,90,cox_intercept,-0.3140216817356542,-1.3342529983056175,0.706209634834309,False
2002H2-E,E,tabpfn,20260913,2021H1,73,24909,90,cox_slope,0.9349150297599976,0.7403908846845856,1.1294391748354098,False
2002H2-E,E,tabpfn,20260913,2021H1,73,24909,90,psi,0.25531662671783173,,,False
2002H2-E,E,tabpfn,20260913,2021H1,73,24909,90,psi_critical,0.0010176110589622332,,,False
2002H2-E,E,tabpfn,20260913,2021H2,75,24929,136,auc,0.7639018722077626,0.7244764184284556,0.8033273259870697,True
2002H2-E,E,tabpfn,20260913,2021H2,75,24929,136,gini,0.5278037444155252,0.4489528368569111,0.6066546519741394,True
2002H2-E,E,tabpfn,20260913,2021H2,75,24929,136,ks,0.4171762784087538,,,True
2002H2-E,E,tabpfn,20260913,2021H2,75,24929,136,brier,0.00539016384532505,,,True
2002H2-E,E,tabpfn,20260913,2021H2,75,24929,136,brier_miscalibration,1.2796541315499184e-05,,,True
2002H2-E,E,tabpfn,20260913,2021H2,75,24929,136,brier_discrimination,4.83638873800445e-05,,,True
2002H2-E,E,tabpfn,20260913,2021H2,75,24929,136,brier_uncertainty,0.005425731191389596,,,True
2002H2-E,E,tabpfn,20260913,2021H2,75,24929,136,observed_over_expected,1.2686100508512357,1.0648149818890293,1.4998743018683798,True
2002H2-E,E,tabpfn,20260913,2021H2,75,24929,136,log_oe,0.2379218529761498,0.06280105814349779,0.40538130584243914,True
2002H2-E,E,tabpfn,20260913,2021H2,75,24929,136,cox_intercept,-0.2666165175108695,-1.0724919199838543,0.5392588849621154,True
2002H2-E,E,tabpfn,20260913,2021H2,75,24929,136,cox_slope,0.8968480503586482,0.7386450698569693,1.0550510308603271,True
2002H2-E,E,tabpfn,20260913,2021H2,75,24929,136,psi,0.16422549491127783,,,True
2002H2-E,E,tabpfn,20260913,2021H2,75,24929,136,psi_critical,0.0010170661261475434,,,True
2002H2-E,E,tabpfn,20260913,2022H1,77,24889,291,auc,0.7834934195471428,0.7592031759479254,0.8077836631463602,True
2002H2-E,E,tabpfn,20260913,2022H1,77,24889,291,gini,0.5669868390942856,0.5184063518958508,0.6155673262927204,True
2002H2-E,E,tabpfn,20260913,2022H1,77,24889,291,ks,0.45381780263754573,,,True
2002H2-E,E,tabpfn,20260913,2022H1,77,24889,291,brier,0.01147100652516718,,,True
2002H2-E,E,tabpfn,20260913,2022H1,77,24889,291,brier_miscalibration,0.0001238498070468587,,,True
2002H2-E,E,tabpfn,20260913,2022H1,77,24889,291,brier_discrimination,0.00020805456324508864,,,True
2002H2-E,E,tabpfn,20260913,2022H1,77,24889,291,brier_uncertainty,0.01155521128136541,,,True
2002H2-E,E,tabpfn,20260913,2022H1,77,24889,291,observed_over_expected,2.2643721846628697,2.0129299822746716,2.5382433481980256,True
2002H2-E,E,tabpfn,20260913,2022H1,77,24889,291,log_oe,0.8172975393489025,0.6995913632780906,0.9314722465705373,True
2002H2-E,E,tabpfn,20260913,2022H1,77,24889,291,cox_intercept,0.7093022788506581,0.15639985550777413,1.262204702193542,True
2002H2-E,E,tabpfn,20260913,2022H1,77,24889,291,cox_slope,0.9734436691670344,0.8599756244736464,1.0869117138604223,True
2002H2-E,E,tabpfn,20260913,2022H1,77,24889,291,psi,0.14153619648812849,,,True
2002H2-E,E,tabpfn,20260913,2022H1,77,24889,291,psi_critical,0.0010181568675578937,,,True
2002H2-E,E,tabpfn,20260913,2022H2,79,24859,373,auc,0.7793222214411957,0.7569732959207705,0.8016711469616209,True
2002H2-E,E,tabpfn,20260913,2022H2,79,24859,373,gini,0.5586444428823913,0.5139465918415409,0.6033422939232418,True
2002H2-E,E,tabpfn,20260913,2022H2,79,24859,373,ks,0.43135181037958115,,,True
2002H2-E,E,tabpfn,20260913,2022H2,79,24859,373,brier,0.014692638530508303,,,True
2002H2-E,E,tabpfn,20260913,2022H2,79,24859,373,brier_miscalibration,0.0002781376749502306,,,True
2002H2-E,E,tabpfn,20260913,2022H2,79,24859,373,brier_discrimination,0.000364986431460693,,,True
2002H2-E,E,tabpfn,20260913,2022H2,79,24859,373,brier_uncertainty,0.014779487287018766,,,True
2002H2-E,E,tabpfn,20260913,2022H2,79,24859,373,observed_over_expected,2.9959860075930065,2.701579371670822,3.3133364017525238,True
2002H2-E,E,tabpfn,20260913,2022H2,79,24859,373,log_oe,1.097273395281252,0.99383655446295,1.1979556580821948,True
2002H2-E,E,tabpfn,20260913,2022H2,79,24859,373,cox_intercept,1.157331415484751,0.6528074142898364,1.6618554166796655,True
2002H2-E,E,tabpfn,20260913,2022H2,79,24859,373,cox_slope,1.0068623128044845,0.9039276425079095,1.1097969831010595,True
2002H2-E,E,tabpfn,20260913,2022H2,79,24859,373,psi,0.17174723592924893,,,True
2002H2-E,E,tabpfn,20260913,2022H2,79,24859,373,psi_critical,0.0010189772271646342,,,True
2002H2-E,E,tabpfn,20260913,2023H1,81,24882,381,auc,0.7914870580567659,0.7710115624991453,0.8119625536143865,True
2002H2-E,E,tabpfn,20260913,2023H1,81,24882,381,gini,0.5829741161135318,0.5420231249982905,0.623925107228773,True
2002H2-E,E,tabpfn,20260913,2023H1,81,24882,381,ks,0.4495500264009793,,,True
2002H2-E,E,tabpfn,20260913,2023H1,81,24882,381,brier,0.015016700970115099,,,True
2002H2-E,E,tabpfn,20260913,2023H1,81,24882,381,brier_miscalibration,0.0003045056110368566,,,True
2002H2-E,E,tabpfn,20260913,2023H1,81,24882,381,brier_discrimination,0.0003656128408872292,,,True
2002H2-E,E,tabpfn,20260913,2023H1,81,24882,381,brier_uncertainty,0.015077808199965471,,,True
2002H2-E,E,tabpfn,20260913,2023H1,81,24882,381,observed_over_expected,3.183680592826261,2.874091726702042,3.517119294615439,True
2002H2-E,E,tabpfn,20260913,2023H1,81,24882,381,log_oe,1.1580379466267072,1.0557367031885996,1.2576422723409446,True
2002H2-E,E,tabpfn,20260913,2023H1,81,24882,381,cox_intercept,1.4633893667959692,0.9438794411975626,1.9828992923943758,True
2002H2-E,E,tabpfn,20260913,2023H1,81,24882,381,cox_slope,1.0575005392509103,0.9516647167260487,1.163336361775772,True
2002H2-E,E,tabpfn,20260913,2023H1,81,24882,381,psi,0.18367291046409834,,,True
2002H2-E,E,tabpfn,20260913,2023H1,81,24882,381,psi_critical,0.001018348107860452,,,True
2002H2-E,E,tabpfn,20260913,2023H2,83,24866,363,auc,0.8145922200564859,0.795296798318045,0.8338876417949268,True
2002H2-E,E,tabpfn,20260913,2023H2,83,24866,363,gini,0.6291844401129718,0.59059359663609,0.6677752835898536,True
2002H2-E,E,tabpfn,20260913,2023H2,83,24866,363,ks,0.4945880017615204,,,True
2002H2-E,E,tabpfn,20260913,2023H2,83,24866,363,brier,0.014296417095097264,,,True
2002H2-E,E,tabpfn,20260913,2023H2,83,24866,363,brier_miscalibration,0.00033630681886296504,,,True
2002H2-E,E,tabpfn,20260913,2023H2,83,24866,363,brier_discrimination,0.00042502752170472946,,,True
2002H2-E,E,tabpfn,20260913,2023H2,83,24866,363,brier_uncertainty,0.014385137797939028,,,True
2002H2-E,E,tabpfn,20260913,2023H2,83,24866,363,observed_over_expected,3.1785098186955345,2.8619463059242967,3.5201121728607445,True
2002H2-E,E,tabpfn,20260913,2023H2,83,24866,363,log_oe,1.1564124764867816,1.0515019199255282,1.2584928563922386,True
2002H2-E,E,tabpfn,20260913,2023H2,83,24866,363,cox_intercept,1.929153172241837,1.3941050280452227,2.464201316438451,True
2002H2-E,E,tabpfn,20260913,2023H2,83,24866,363,cox_slope,1.1545806927752695,1.0444998865770134,1.2646614989735256,True
2002H2-E,E,tabpfn,20260913,2023H2,83,24866,363,psi,0.17834676009623657,,,True
2002H2-E,E,tabpfn,20260913,2023H2,83,24866,363,psi_critical,0.0010187856328701958,,,True
2002H2-E,E,tabpfn@t1,20260911,2003H1,1,24276,72,auc,0.877119140087038,0.8371176994819058,0.9171205806921701,False
2002H2-E,E,tabpfn@t1,20260911,2003H1,1,24276,72,gini,0.7542382801740759,0.6742353989638117,0.8342411613843401,False
2002H2-E,E,tabpfn@t1,20260911,2003H1,1,24276,72,ks,0.6577012064121633,,,False
2002H2-E,E,tabpfn@t1,20260911,2003H1,1,24276,72,brier,0.0029609232231362303,,,False
2002H2-E,E,tabpfn@t1,20260911,2003H1,1,24276,72,brier_miscalibration,0.00012667042756975277,,,False
2002H2-E,E,tabpfn@t1,20260911,2003H1,1,24276,72,brier_discrimination,0.00012284292690732798,,,False
2002H2-E,E,tabpfn@t1,20260911,2003H1,1,24276,72,brier_uncertainty,0.0029570957224738055,,,False
2002H2-E,E,tabpfn@t1,20260911,2003H1,1,24276,72,observed_over_expected,0.4247631176469829,0.3324514583356687,0.5347130355392313,False
2002H2-E,E,tabpfn@t1,20260911,2003H1,1,24276,72,log_oe,-0.856223635688649,-1.1012614195117145,-0.6260250581601683,False
2002H2-E,E,tabpfn@t1,20260911,2003H1,1,24276,72,cox_intercept,-0.4301752896814524,-1.1405949484902362,0.28024436912733147,False
2002H2-E,E,tabpfn@t1,20260911,2003H1,1,24276,72,cox_slope,1.1166535309460908,0.9377933261606759,1.2955137357315056,False
2002H2-E,E,tabpfn@t1,20260911,2003H1,1,24276,72,psi,0.23132063721466933,,,False
2002H2-E,E,tabpfn@t1,20260911,2003H1,1,24276,72,psi_critical,0.0010353221128363722,,,False
2002H2-E,E,tabpfn@t1,20260911,2003H2,3,24205,139,auc,0.8465921354165733,0.8137312265924531,0.8794530442406935,True
2002H2-E,E,tabpfn@t1,20260911,2003H2,3,24205,139,gini,0.6931842708331466,0.6274624531849062,0.758906088481387,True
2002H2-E,E,tabpfn@t1,20260911,2003H2,3,24205,139,ks,0.5703024715605227,,,True
2002H2-E,E,tabpfn@t1,20260911,2003H2,3,24205,139,brier,0.0056440533524394374,,,True
2002H2-E,E,tabpfn@t1,20260911,2003H2,3,24205,139,brier_miscalibration,8.124252311006788e-05,,,True
2002H2-E,E,tabpfn@t1,20260911,2003H2,3,24205,139,brier_discrimination,0.00014682670392657943,,,True
2002H2-E,E,tabpfn@t1,20260911,2003H2,3,24205,139,brier_uncertainty,0.005709637533255949,,,True
2002H2-E,E,tabpfn@t1,20260911,2003H2,3,24205,139,observed_over_expected,0.6111312855738382,0.5139865851371688,0.7212118432018753,True
2002H2-E,E,tabpfn@t1,20260911,2003H2,3,24205,139,log_oe,-0.4924434728855134,-0.6655581128224801,-0.326822366265517,True
2002H2-E,E,tabpfn@t1,20260911,2003H2,3,24205,139,cox_intercept,-0.399369425450765,-0.9295174840544216,0.13077863315289157,True
2002H2-E,E,tabpfn@t1,20260911,2003H2,3,24205,139,cox_slope,1.0296277068499553,0.8941067689391121,1.1651486447607984,True
2002H2-E,E,tabpfn@t1,20260911,2003H2,3,24205,139,psi,0.06479544981605012,,,True
2002H2-E,E,tabpfn@t1,20260911,2003H2,3,24205,139,psi_critical,0.001037366439290114,,,True
2002H2-E,E,tabpfn@t1,20260911,2004H1,5,24219,181,auc,0.830661535441812,0.7997691870833014,0.8615538838003226,True
2002H2-E,E,tabpfn@t1,20260911,2004H1,5,24219,181,gini,0.661323070883624,0.5995383741666027,0.7231077676006452,True
2002H2-E,E,tabpfn@t1,20260911,2004H1,5,24219,181,ks,0.5505137124047146,,,True
2002H2-E,E,tabpfn@t1,20260911,2004H1,5,24219,181,brier,0.007335222857266843,,,True
2002H2-E,E,tabpfn@t1,20260911,2004H1,5,24219,181,brier_miscalibration,9.610495570721526e-05,,,True
2002H2-E,E,tabpfn@t1,20260911,2004H1,5,24219,181,brier_discrimination,0.00017850056762872598,,,True
2002H2-E,E,tabpfn@t1,20260911,2004H1,5,24219,181,brier_uncertainty,0.007417618469188354,,,True
2002H2-E,E,tabpfn@t1,20260911,2004H1,5,24219,181,observed_over_expected,0.7134601282419472,0.6136131874077968,0.8248252417701988,True
2002H2-E,E,tabpfn@t1,20260911,2004H1,5,24219,181,log_oe,-0.33762872555809775,-0.4883905372959618,-0.19258374324354383,True
2002H2-E,E,tabpfn@t1,20260911,2004H1,5,24219,181,cox_intercept,-0.5062352070136611,-0.9824414094668612,-0.030029004560460926,True
2002H2-E,E,tabpfn@t1,20260911,2004H1,5,24219,181,cox_slope,0.9581867129684022,0.837479564742769,1.0788938611940355,True
2002H2-E,E,tabpfn@t1,20260911,2004H1,5,24219,181,psi,0.030818355756154762,,,True
2002H2-E,E,tabpfn@t1,20260911,2004H1,5,24219,181,psi_critical,0.0010369623839442791,,,True
2002H2-E,E,tabpfn@t1,20260911,2004H2,7,24090,202,auc,0.819451997108619,0.794759868171718,0.8441441260455201,True
2002H2-E,E,tabpfn@t1,20260911,2004H2,7,24090,202,gini,0.6389039942172381,0.5895197363434359,0.6882882520910403,True
2002H2-E,E,tabpfn@t1,20260911,2004H2,7,24090,202,ks,0.50141916401955,,,True
2002H2-E,E,tabpfn@t1,20260911,2004H2,7,24090,202,brier,0.008330369715385344,,,True
2002H2-E,E,tabpfn@t1,20260911,2004H2,7,24090,202,brier_miscalibration,0.00016704030727911906,,,True
2002H2-E,E,tabpfn@t1,20260911,2004H2,7,24090,202,brier_discrimination,0.00015158072635047468,,,True
2002H2-E,E,tabpfn@t1,20260911,2004H2,7,24090,202,brier_uncertainty,0.0083149101344567,,,True
2002H2-E,E,tabpfn@t1,20260911,2004H2,7,24090,202,observed_over_expected,0.666957827760635,0.5784602384492049,0.7650733152722528,True
2002H2-E,E,tabpfn@t1,20260911,2004H2,7,24090,202,log_oe,-0.40502846181108304,-0.5473854668640604,-0.26778361279047586,True
2002H2-E,E,tabpfn@t1,20260911,2004H2,7,24090,202,cox_intercept,-0.7446680222005531,-1.1947875052419836,-0.2945485391591226,True
2002H2-E,E,tabpfn@t1,20260911,2004H2,7,24090,202,cox_slope,0.9108767459802721,0.7946711133001849,1.0270823786603593,True
2002H2-E,E,tabpfn@t1,20260911,2004H2,7,24090,202,psi,0.002072794365176579,,,True
2002H2-E,E,tabpfn@t1,20260911,2004H2,7,24090,202,psi_critical,0.0010407032384610452,,,True
2002H2-E,E,tabpfn@t1,20260911,2005H1,9,24233,248,auc,0.7978405522268622,0.7703011707008119,0.8253799337529125,True
2002H2-E,E,tabpfn@t1,20260911,2005H1,9,24233,248,gini,0.5956811044537245,0.5406023414016239,0.650759867505825,True
2002H2-E,E,tabpfn@t1,20260911,2005H1,9,24233,248,ks,0.49945026125199216,,,True
2002H2-E,E,tabpfn@t1,20260911,2005H1,9,24233,248,brier,0.01001269233043975,,,True
2002H2-E,E,tabpfn@t1,20260911,2005H1,9,24233,248,brier_miscalibration,9.553582980390343e-05,,,True
2002H2-E,E,tabpfn@t1,20260911,2005H1,9,24233,248,brier_discrimination,0.00021208764338828331,,,True
2002H2-E,E,tabpfn@t1,20260911,2005H1,9,24233,248,brier_uncertainty,0.01012924414402413,,,True
2002H2-E,E,tabpfn@t1,20260911,2005H1,9,24233,248,observed_over_expected,0.8692368696673529,0.7648678789214571,0.9837548299150882,True
2002H2-E,E,tabpfn@t1,20260911,2005H1,9,24233,248,log_oe,-0.14013961356648985,-0.2680521673634359,-0.016378569564901146,True
2002H2-E,E,tabpfn@t1,20260911,2005H1,9,24233,248,cox_intercept,-0.7441615967153333,-1.1580623913227306,-0.33026080210793607,True
2002H2-E,E,tabpfn@t1,20260911,2005H1,9,24233,248,cox_slope,0.8400889322202038,0.7376387632439594,0.9425391011964481,True
2002H2-E,E,tabpfn@t1,20260911,2005H1,9,24233,248,psi,0.003997419815508875,,,True
2002H2-E,E,tabpfn@t1,20260911,2005H1,9,24233,248,psi_critical,0.001036558795463863,,,True
2002H2-E,E,tabpfn@t1,20260911,2005H2,11,24082,266,auc,0.825501147898298,0.8024116191793395,0.8485906766172565,True
2002H2-E,E,tabpfn@t1,20260911,2005H2,11,24082,266,gini,0.651002295796596,0.6048232383586789,0.697181353234513,True
2002H2-E,E,tabpfn@t1,20260911,2005H2,11,24082,266,ks,0.5104958819622115,,,True
2002H2-E,E,tabpfn@t1,20260911,2005H2,11,24082,266,brier,0.010688221427115346,,,True
2002H2-E,E,tabpfn@t1,20260911,2005H2,11,24082,266,brier_miscalibration,8.478768623437598e-05,,,True
2002H2-E,E,tabpfn@t1,20260911,2005H2,11,24082,266,brier_discrimination,0.0003201553272008627,,,True
2002H2-E,E,tabpfn@t1,20260911,2005H2,11,24082,266,brier_uncertainty,0.010923589068081833,,,True
2002H2-E,E,tabpfn@t1,20260911,2005H2,11,24082,266,observed_over_expected,0.9132072525157902,0.8072555525983313,1.0290763103649518,True
2002H2-E,E,tabpfn@t1,20260911,2005H2,11,24082,266,log_oe,-0.09079242248791683,-0.21411499095510605,0.028661613834918963,True
2002H2-E,E,tabpfn@t1,20260911,2005H2,11,24082,266,cox_intercept,-0.17827833189101536,-0.5863788707118092,0.22982220692977842,True
2002H2-E,E,tabpfn@t1,20260911,2005H2,11,24082,266,cox_slope,0.9771691008171179,0.8710928883708847,1.0832453132633513,True
2002H2-E,E,tabpfn@t1,20260911,2005H2,11,24082,266,psi,0.0018156175831491369,,,True
2002H2-E,E,tabpfn@t1,20260911,2005H2,11,24082,266,psi_critical,0.0010409365492114375,,,True
2002H2-E,E,tabpfn@t1,20260911,2006H1,13,23280,405,auc,0.8048886190379815,0.7856248246712662,0.8241524134046968,True
2002H2-E,E,tabpfn@t1,20260911,2006H1,13,23280,405,gini,0.609777238075963,0.5712496493425323,0.6483048268093936,True
2002H2-E,E,tabpfn@t1,20260911,2006H1,13,23280,405,ks,0.4899234972677596,,,True
2002H2-E,E,tabpfn@t1,20260911,2006H1,13,23280,405,brier,0.016648498943749354,,,True
2002H2-E,E,tabpfn@t1,20260911,2006H1,13,23280,405,brier_miscalibration,0.00010468988524919842,,,True
2002H2-E,E,tabpfn@t1,20260911,2006H1,13,23280,405,brier_discrimination,0.0005504457772953601,,,True
2002H2-E,E,tabpfn@t1,20260911,2006H1,13,23280,405,brier_uncertainty,0.017094254835795516,,,True
2002H2-E,E,tabpfn@t1,20260911,2006H1,13,23280,405,observed_over_expected,1.2397040824255403,1.1228002448028527,1.3653026624177176,True
2002H2-E,E,tabpfn@t1,20260911,2006H1,13,23280,405,log_oe,0.21487270793191526,0.11582578353446996,0.3113761347672532,True
2002H2-E,E,tabpfn@t1,20260911,2006H1,13,23280,405,cox_intercept,-0.16697369876211,-0.4967451099631631,0.16279771243894314,True
2002H2-E,E,tabpfn@t1,20260911,2006H1,13,23280,405,cox_slope,0.8908030373159622,0.8051855468173341,0.9764205278145903,True
2002H2-E,E,tabpfn@t1,20260911,2006H1,13,23280,405,psi,0.014659517958528049,,,True
2002H2-E,E,tabpfn@t1,20260911,2006H1,13,23280,405,psi_critical,0.0010651397584764489,,,True
2002H2-E,E,tabpfn@t1,20260911,2006H2,15,23898,525,auc,0.8023172036110041,0.7853409044614637,0.8192935027605446,True
2002H2-E,E,tabpfn@t1,20260911,2006H2,15,23898,525,gini,0.6046344072220082,0.5706818089229273,0.6385870055210892,True
2002H2-E,E,tabpfn@t1,20260911,2006H2,15,23898,525,ks,0.4673785992384375,,,True
2002H2-E,E,tabpfn@t1,20260911,2006H2,15,23898,525,brier,0.02089466189646205,,,True
2002H2-E,E,tabpfn@t1,20260911,2006H2,15,23898,525,brier_miscalibration,0.0002218829219492631,,,True
2002H2-E,E,tabpfn@t1,20260911,2006H2,15,23898,525,brier_discrimination,0.000812977493993304,,,True
2002H2-E,E,tabpfn@t1,20260911,2006H2,15,23898,525,brier_uncertainty,0.02148575646850609,,,True
2002H2-E,E,tabpfn@t1,20260911,2006H2,15,23898,525,observed_over_expected,1.488763134626322,1.3653549261279176,1.620134246133489,True
2002H2-E,E,tabpfn@t1,20260911,2006H2,15,23898,525,log_oe,0.3979456642354041,0.31141441397913655,0.4825090137945663,True
2002H2-E,E,tabpfn@t1,20260911,2006H2,15,23898,525,cox_intercept,-0.036076074197302445,-0.32030520612021146,0.24815305772560656,True
2002H2-E,E,tabpfn@t1,20260911,2006H2,15,23898,525,cox_slope,0.8712573476066381,0.7972838662655796,0.9452308289476966,True
2002H2-E,E,tabpfn@t1,20260911,2006H2,15,23898,525,psi,0.020873578852133232,,,True
2002H2-E,E,tabpfn@t1,20260911,2006H2,15,23898,525,psi_critical,0.001046345808876259,,,True
2002H2-E,E,tabpfn@t1,20260911,2007H1,17,23169,808,auc,0.804037572488522,0.7906749086225462,0.8174002363544979,True
2002H2-E,E,tabpfn@t1,20260911,2007H1,17,23169,808,gini,0.6080751449770441,0.5813498172450924,0.6348004727089958,True
2002H2-E,E,tabpfn@t1,20260911,2007H1,17,23169,808,ks,0.464948199238331,,,True
2002H2-E,E,tabpfn@t1,20260911,2007H1,17,23169,808,brier,0.032641817444504576,,,True
2002H2-E,E,tabpfn@t1,20260911,2007H1,17,23169,808,brier_miscalibration,0.0008823856505033589,,,True
2002H2-E,E,tabpfn@t1,20260911,2007H1,17,23169,808,brier_discrimination,0.0018985447371502456,,,True
2002H2-E,E,tabpfn@t1,20260911,2007H1,17,23169,808,brier_uncertainty,0.03365797653115146,,,True
2002H2-E,E,tabpfn@t1,20260911,2007H1,17,23169,808,observed_over_expected,2.182311900077688,2.036796212573143,2.3351867870846856,True
2002H2-E,E,tabpfn@t1,20260911,2007H1,17,23169,808,log_oe,0.7803848194860193,0.7113780893206229,0.8480918823902899,True
2002H2-E,E,tabpfn@t1,20260911,2007H1,17,23169,808,cox_intercept,0.3877918988740717,0.1583657431557032,0.6172180545924403,True
2002H2-E,E,tabpfn@t1,20260911,2007H1,17,23169,808,cox_slope,0.869591907565298,0.809447365856829,0.9297364492737671,True
2002H2-E,E,tabpfn@t1,20260911,2007H1,17,23169,808,psi,0.03248867306036093,,,True
2002H2-E,E,tabpfn@t1,20260911,2007H1,17,23169,808,psi_critical,0.0010686215825909393,,,True
2002H2-E,E,tabpfn@t1,20260911,2007H2,19,24367,1560,auc,0.7882358008618586,0.7782408339456152,0.7982307677781021,True
2002H2-E,E,tabpfn@t1,20260911,2007H2,19,24367,1560,gini,0.5764716017237173,0.5564816678912303,0.5964615355562042,True
2002H2-E,E,tabpfn@t1,20260911,2007H2,19,24367,1560,ks,0.4511853929236751,,,True
2002H2-E,E,tabpfn@t1,20260911,2007H2,19,24367,1560,brier,0.05975749898442414,,,True
2002H2-E,E,tabpfn@t1,20260911,2007H2,19,24367,1560,brier_miscalibration,0.0043031625568476645,,,True
2002H2-E,E,tabpfn@t1,20260911,2007H2,19,24367,1560,brier_discrimination,0.004467985616246874,,,True
2002H2-E,E,tabpfn@t1,20260911,2007H2,19,24367,1560,brier_uncertainty,0.05992232204382335,,,True
2002H2-E,E,tabpfn@t1,20260911,2007H2,19,24367,1560,observed_over_expected,3.818307265185945,3.6368813551919352,4.005964461963106,True
2002H2-E,E,tabpfn@t1,20260911,2007H2,19,24367,1560,log_oe,1.3398072001130261,1.29112654385932,1.3877843660018572,True
2002H2-E,E,tabpfn@t1,20260911,2007H2,19,24367,1560,cox_intercept,0.7726931605170944,0.5990361098099523,0.9463502112242365,True
2002H2-E,E,tabpfn@t1,20260911,2007H2,19,24367,1560,cox_slope,0.7995554431650141,0.755549286139339,0.8435616001906893,True
2002H2-E,E,tabpfn@t1,20260911,2007H2,19,24367,1560,psi,0.04099875079009828,,,True
2002H2-E,E,tabpfn@t1,20260911,2007H2,19,24367,1560,psi_critical,0.0010327193396994369,,,True
2002H2-E,E,tabpfn@t1,20260911,2008H1,21,24660,1109,auc,0.7949072134341988,0.7829952394096981,0.8068191874586995,True
2002H2-E,E,tabpfn@t1,20260911,2008H1,21,24660,1109,gini,0.5898144268683976,0.5659904788193961,0.613638374917399,True
2002H2-E,E,tabpfn@t1,20260911,2008H1,21,24660,1109,ks,0.4468820979384417,,,True
2002H2-E,E,tabpfn@t1,20260911,2008H1,21,24660,1109,brier,0.04275323146947752,,,True
2002H2-E,E,tabpfn@t1,20260911,2008H1,21,24660,1109,brier_miscalibration,0.0026073438131335377,,,True
2002H2-E,E,tabpfn@t1,20260911,2008H1,21,24660,1109,brier_discrimination,0.0028032802321298483,,,True
2002H2-E,E,tabpfn@t1,20260911,2008H1,21,24660,1109,brier_uncertainty,0.04294916788847383,,,True
2002H2-E,E,tabpfn@t1,20260911,2008H1,21,24660,1109,observed_over_expected,4.3309944136543335,4.085116351468167,4.5872649519787325,True
2002H2-E,E,tabpfn@t1,20260911,2008H1,21,24660,1109,log_oe,1.4657971723804302,1.4073502105178906,1.5232839754421585,True
2002H2-E,E,tabpfn@t1,20260911,2008H1,21,24660,1109,cox_intercept,0.9361888345851328,0.7166241564705529,1.1557535126997127,True
2002H2-E,E,tabpfn@t1,20260911,2008H1,21,24660,1109,cox_slope,0.8374212473301147,0.7867830901827019,0.8880594044775275,True
2002H2-E,E,tabpfn@t1,20260911,2008H1,21,24660,1109,psi,0.017386408319103104,,,True
2002H2-E,E,tabpfn@t1,20260911,2008H1,21,24660,1109,psi_critical,0.0010244694792870743,,,True
2002H2-E,E,tabpfn@t1,20260911,2008H2,23,24746,863,auc,0.810684876528969,0.7973812680463572,0.8239884850115808,True
2002H2-E,E,tabpfn@t1,20260911,2008H2,23,24746,863,gini,0.6213697530579381,0.5947625360927145,0.6479769700231617,True
2002H2-E,E,tabpfn@t1,20260911,2008H2,23,24746,863,ks,0.48080437905356394,,,True
2002H2-E,E,tabpfn@t1,20260911,2008H2,23,24746,863,brier,0.03340574816572402,,,True
2002H2-E,E,tabpfn@t1,20260911,2008H2,23,24746,863,brier_miscalibration,0.0019592957387018772,,,True
2002H2-E,E,tabpfn@t1,20260911,2008H2,23,24746,863,brier_discrimination,0.002211652282624363,,,True
2002H2-E,E,tabpfn@t1,20260911,2008H2,23,24746,863,brier_uncertainty,0.0336581047096465,,,True
2002H2-E,E,tabpfn@t1,20260911,2008H2,23,24746,863,observed_over_expected,4.300543489578797,4.0229289639815375,4.591730908783797,True
2002H2-E,E,tabpfn@t1,20260911,2008H2,23,24746,863,log_oe,1.4587414076379057,1.392010235337617,1.5242570572966894,True
2002H2-E,E,tabpfn@t1,20260911,2008H2,23,24746,863,cox_intercept,1.490619845854617,1.212357997264275,1.7688816944449588,True
2002H2-E,E,tabpfn@t1,20260911,2008H2,23,24746,863,cox_slope,0.9858155365588956,0.9229108851370283,1.048720187980763,True
2002H2-E,E,tabpfn@t1,20260911,2008H2,23,24746,863,psi,0.07107978376592787,,,True
2002H2-E,E,tabpfn@t1,20260911,2008H2,23,24746,863,psi_critical,0.0010220851046916352,,,True
2002H2-E,E,tabpfn@t1,20260911,2009H1,25,24844,119,auc,0.822841508696502,0.7892236804173643,0.8564593369756396,True
2002H2-E,E,tabpfn@t1,20260911,2009H1,25,24844,119,gini,0.6456830173930039,0.5784473608347287,0.7129186739512792,True
2002H2-E,E,tabpfn@t1,20260911,2009H1,25,24844,119,ks,0.5074175595415112,,,True
2002H2-E,E,tabpfn@t1,20260911,2009H1,25,24844,119,brier,0.004804153141751578,,,True
2002H2-E,E,tabpfn@t1,20260911,2009H1,25,24844,119,brier_miscalibration,9.776937686094365e-05,,,True
2002H2-E,E,tabpfn@t1,20260911,2009H1,25,24844,119,brier_discrimination,6.056210614838447e-05,,,True
2002H2-E,E,tabpfn@t1,20260911,2009H1,25,24844,119,brier_uncertainty,0.0047669458710390186,,,True
2002H2-E,E,tabpfn@t1,20260911,2009H1,25,24844,119,observed_over_expected,1.038581924863917,0.8607157543097679,1.2422322961008616,True
2002H2-E,E,tabpfn@t1,20260911,2009H1,25,24844,119,log_oe,0.037856248910491545,-0.14999096342803778,0.21690999992026236,True
2002H2-E,E,tabpfn@t1,20260911,2009H1,25,24844,119,cox_intercept,-0.6570800065649888,-1.2637557124489969,-0.05040430068098056,True
2002H2-E,E,tabpfn@t1,20260911,2009H1,25,24844,119,cox_slope,0.8485285876801504,0.7264464072784387,0.9706107680818621,True
2002H2-E,E,tabpfn@t1,20260911,2009H1,25,24844,119,psi,0.5201650408702083,,,True
2002H2-E,E,tabpfn@t1,20260911,2009H1,25,24844,119,psi_critical,0.001019388149927719,,,True
2002H2-E,E,tabpfn@t1,20260911,2009H2,27,24709,196,auc,0.85878734066139,0.8339405367035156,0.8836341446192643,True
2002H2-E,E,tabpfn@t1,20260911,2009H2,27,24709,196,gini,0.7175746813227799,0.6678810734070313,0.7672682892385285,True
2002H2-E,E,tabpfn@t1,20260911,2009H2,27,24709,196,ks,0.5954506022210622,,,True
2002H2-E,E,tabpfn@t1,20260911,2009H2,27,24709,196,brier,0.00774235112529876,,,True
2002H2-E,E,tabpfn@t1,20260911,2009H2,27,24709,196,brier_miscalibration,0.00015740455805677428,,,True
2002H2-E,E,tabpfn@t1,20260911,2009H2,27,24709,196,brier_discrimination,0.00028446388480733806,,,True
2002H2-E,E,tabpfn@t1,20260911,2009H2,27,24709,196,brier_uncertainty,0.007869410452049324,,,True
2002H2-E,E,tabpfn@t1,20260911,2009H2,27,24709,196,observed_over_expected,0.9618166935899459,0.8323011729655443,1.1056448093592302,True
2002H2-E,E,tabpfn@t1,20260911,2009H2,27,24709,196,log_oe,-0.03893139367665389,-0.18356091692488785,0.1004287026593485,True
2002H2-E,E,tabpfn@t1,20260911,2009H2,27,24709,196,cox_intercept,-0.4678806326737462,-0.8401505177435358,-0.0956107476039566,True
2002H2-E,E,tabpfn@t1,20260911,2009H2,27,24709,196,cox_slope,0.8874795210171652,0.7994138876280968,0.9755451544062336,True
2002H2-E,E,tabpfn@t1,20260911,2009H2,27,24709,196,psi,0.19104111484553135,,,True
2002H2-E,E,tabpfn@t1,20260911,2009H2,27,24709,196,psi_critical,0.0010231089059562013,,,True
2002H2-E,E,tabpfn@t1,20260911,2010H1,29,24843,191,auc,0.8387433705452146,0.8090932383889181,0.8683935027015112,True
2002H2-E,E,tabpfn@t1,20260911,2010H1,29,24843,191,gini,0.6774867410904293,0.6181864767778362,0.7367870054030223,True
2002H2-E,E,tabpfn@t1,20260911,2010H1,29,24843,191,ks,0.5604572720329818,,,True
2002H2-E,E,tabpfn@t1,20260911,2010H1,29,24843,191,brier,0.007628586106311172,,,True
2002H2-E,E,tabpfn@t1,20260911,2010H1,29,24843,191,brier_miscalibration,0.0002550386656955993,,,True
2002H2-E,E,tabpfn@t1,20260911,2010H1,29,24843,191,brier_discrimination,0.0002556252864709535,,,True
2002H2-E,E,tabpfn@t1,20260911,2010H1,29,24843,191,brier_uncertainty,0.0076291727270865264,,,True
2002H2-E,E,tabpfn@t1,20260911,2010H1,29,24843,191,observed_over_expected,0.7799644008153488,0.6736097556027796,0.8982388376126862,True
2002H2-E,E,tabpfn@t1,20260911,2010H1,29,24843,191,log_oe,-0.24850700032035727,-0.39510433337567075,-0.10731927988154634,True
2002H2-E,E,tabpfn@t1,20260911,2010H1,29,24843,191,cox_intercept,-0.907497508714532,-1.2589827434768384,-0.5560122739522257,True
2002H2-E,E,tabpfn@t1,20260911,2010H1,29,24843,191,cox_slope,0.8205218030021512,0.7352876113219677,0.9057559946823346,True
2002H2-E,E,tabpfn@t1,20260911,2010H1,29,24843,191,psi,0.1556756123916331,,,True
2002H2-E,E,tabpfn@t1,20260911,2010H1,29,24843,191,psi_critical,0.0010194155624220973,,,True
2002H2-E,E,tabpfn@t1,20260911,2010H2,31,24683,152,auc,0.8639322371907511,0.8344039652878001,0.893460509093702,True
2002H2-E,E,tabpfn@t1,20260911,2010H2,31,24683,152,gini,0.7278644743815021,0.6688079305756003,0.786921018187404,True
2002H2-E,E,tabpfn@t1,20260911,2010H2,31,24683,152,ks,0.6102128563428872,,,True
2002H2-E,E,tabpfn@t1,20260911,2010H2,31,24683,152,brier,0.00612723100370153,,,True
2002H2-E,E,tabpfn@t1,20260911,2010H2,31,24683,152,brier_miscalibration,0.00022108411211068605,,,True
2002H2-E,E,tabpfn@t1,20260911,2010H2,31,24683,152,brier_discrimination,0.00021401561516423868,,,True
2002H2-E,E,tabpfn@t1,20260911,2010H2,31,24683,152,brier_uncertainty,0.0061201625067550825,,,True
2002H2-E,E,tabpfn@t1,20260911,2010H2,31,24683,152,observed_over_expected,0.7197877069504215,0.6101839873561326,0.8432959470236855,True
2002H2-E,E,tabpfn@t1,20260911,2010H2,31,24683,152,log_oe,-0.32879896190702146,-0.4939947486759199,-0.1704373185038227,True
2002H2-E,E,tabpfn@t1,20260911,2010H2,31,24683,152,cox_intercept,-0.8643327427971859,-1.251594024028547,-0.47707146156582475,True
2002H2-E,E,tabpfn@t1,20260911,2010H2,31,24683,152,cox_slope,0.8572099676098255,0.7631248187811053,0.9512951164385457,True
2002H2-E,E,tabpfn@t1,20260911,2010H2,31,24683,152,psi,0.3030714456144822,,,True
2002H2-E,E,tabpfn@t1,20260911,2010H2,31,24683,152,psi_critical,0.0010238301701137374,,,True
2002H2-E,E,tabpfn@t1,20260911,2011H1,33,24614,195,auc,0.8630234338330494,0.8385573718287808,0.887489495837318,True
2002H2-E,E,tabpfn@t1,20260911,2011H1,33,24614,195,gini,0.7260468676660987,0.6771147436575615,0.7749789916746359,True
2002H2-E,E,tabpfn@t1,20260911,2011H1,33,24614,195,ks,0.5882544172728046,,,True
2002H2-E,E,tabpfn@t1,20260911,2011H1,33,24614,195,brier,0.008153527210592497,,,True
2002H2-E,E,tabpfn@t1,20260911,2011H1,33,24614,195,brier_miscalibration,0.0005655227733915059,,,True
2002H2-E,E,tabpfn@t1,20260911,2011H1,33,24614,195,brier_discrimination,0.00027155302916146914,,,True
2002H2-E,E,tabpfn@t1,20260911,2011H1,33,24614,195,brier_uncertainty,0.00785955746636246,,,True
2002H2-E,E,tabpfn@t1,20260911,2011H1,33,24614,195,observed_over_expected,0.629137102648863,0.5442098075568695,0.7234752141282814,True
2002H2-E,E,tabpfn@t1,20260911,2011H1,33,24614,195,log_oe,-0.4634060767984625,-0.608420430823923,-0.32368899178591165,True
2002H2-E,E,tabpfn@t1,20260911,2011H1,33,24614,195,cox_intercept,-1.1214273186652526,-1.4368309057505575,-0.8060237315799477,True
2002H2-E,E,tabpfn@t1,20260911,2011H1,33,24614,195,cox_slope,0.8083154604157661,0.7260478810396112,0.890583039791921,True
2002H2-E,E,tabpfn@t1,20260911,2011H1,33,24614,195,psi,0.13579887351987852,,,True
2002H2-E,E,tabpfn@t1,20260911,2011H1,33,24614,195,psi_critical,0.0010257516819624198,,,True
2002H2-E,E,tabpfn@t1,20260911,2011H2,35,24646,119,auc,0.8896136756166159,0.8627491130600671,0.9164782381731646,True
2002H2-E,E,tabpfn@t1,20260911,2011H2,35,24646,119,gini,0.7792273512332317,0.7254982261201341,0.8329564763463293,True
2002H2-E,E,tabpfn@t1,20260911,2011H2,35,24646,119,ks,0.6410856428843809,,,True
2002H2-E,E,tabpfn@t1,20260911,2011H2,35,24646,119,brier,0.005033593948449425,,,True
2002H2-E,E,tabpfn@t1,20260911,2011H2,35,24646,119,brier_miscalibration,0.0004273739748709305,,,True
2002H2-E,E,tabpfn@t1,20260911,2011H2,35,24646,119,brier_discrimination,0.00019883658748192767,,,True
2002H2-E,E,tabpfn@t1,20260911,2011H2,35,24646,119,brier_uncertainty,0.004805056561060422,,,True
2002H2-E,E,tabpfn@t1,20260911,2011H2,35,24646,119,observed_over_expected,0.5231797211110218,0.43358201698946097,0.6257650612734792,True
2002H2-E,E,tabpfn@t1,20260911,2011H2,35,24646,119,log_oe,-0.6478302389346882,-0.8356743034495526,-0.4687802798053297,True
2002H2-E,E,tabpfn@t1,20260911,2011H2,35,24646,119,cox_intercept,-1.0821595755873301,-1.490169359123872,-0.6741497920507882,True
2002H2-E,E,tabpfn@t1,20260911,2011H2,35,24646,119,cox_slope,0.8855257706482184,0.7808423550161808,0.9902091862802559,True
2002H2-E,E,tabpfn@t1,20260911,2011H2,35,24646,119,psi,0.31026603397087504,,,True
2002H2-E,E,tabpfn@t1,20260911,2011H2,35,24646,119,psi_critical,0.0010248592082078211,,,True
2002H2-E,E,tabpfn@t1,20260911,2012H1,37,24306,148,auc,0.8663855406859795,0.8424993698011132,0.8902717115708458,True
2002H2-E,E,tabpfn@t1,20260911,2012H1,37,24306,148,gini,0.732771081371959,0.6849987396022263,0.7805434231416917,True
2002H2-E,E,tabpfn@t1,20260911,2012H1,37,24306,148,ks,0.6119655958632695,,,True
2002H2-E,E,tabpfn@t1,20260911,2012H1,37,24306,148,brier,0.007477630713016772,,,True
2002H2-E,E,tabpfn@t1,20260911,2012H1,37,24306,148,brier_miscalibration,0.0015787181536396052,,,True
2002H2-E,E,tabpfn@t1,20260911,2012H1,37,24306,148,brier_discrimination,0.00015304265068626782,,,True
2002H2-E,E,tabpfn@t1,20260911,2012H1,37,24306,148,brier_uncertainty,0.006051955210063435,,,True
2002H2-E,E,tabpfn@t1,20260911,2012H1,37,24306,148,observed_over_expected,0.3134156384008138,0.2650760288575139,0.36797633541844915,True
2002H2-E,E,tabpfn@t1,20260911,2012H1,37,24306,148,log_oe,-1.1602250511321528,-1.3277385927951277,-0.9997366488090482,True
2002H2-E,E,tabpfn@t1,20260911,2012H1,37,24306,148,cox_intercept,-1.8673352284049392,-2.190495373029384,-1.5441750837804942,True
2002H2-E,E,tabpfn@t1,20260911,2012H1,37,24306,148,cox_slope,0.7759260410353119,0.6795196678320677,0.8723324142385561,True
2002H2-E,E,tabpfn@t1,20260911,2012H1,37,24306,148,psi,0.19024105401785407,,,True
2002H2-E,E,tabpfn@t1,20260911,2012H1,37,24306,148,psi_critical,0.0010344619023195318,,,True
2002H2-E,E,tabpfn@t1,20260911,2012H2,39,24538,131,auc,0.862059345382394,0.8332287544155849,0.8908899363492032,True
2002H2-E,E,tabpfn@t1,20260911,2012H2,39,24538,131,gini,0.7241186907647881,0.6664575088311697,0.7817798726984064,True
2002H2-E,E,tabpfn@t1,20260911,2012H2,39,24538,131,ks,0.5933847034873301,,,True
2002H2-E,E,tabpfn@t1,20260911,2012H2,39,24538,131,brier,0.006814233416817793,,,True
2002H2-E,E,tabpfn@t1,20260911,2012H2,39,24538,131,brier_miscalibration,0.0016245336568251317,,,True
2002H2-E,E,tabpfn@t1,20260911,2012H2,39,24538,131,brier_discrimination,0.00012045737378493966,,,True
2002H2-E,E,tabpfn@t1,20260911,2012H2,39,24538,131,brier_uncertainty,0.005310157133777601,,,True
2002H2-E,E,tabpfn@t1,20260911,2012H2,39,24538,131,observed_over_expected,0.2980998685768692,0.24934480050883073,0.3535611026680881,True
2002H2-E,E,tabpfn@t1,20260911,2012H2,39,24538,131,log_oe,-1.2103267191674831,-1.3889185993877613,-1.039698958036226,True
2002H2-E,E,tabpfn@t1,20260911,2012H2,39,24538,131,cox_intercept,-2.012181081708743,-2.348264969881455,-1.6760971935360307,True
2002H2-E,E,tabpfn@t1,20260911,2012H2,39,24538,131,cox_slope,0.7474999008915068,0.6515694807703002,0.8434303210127133,True
2002H2-E,E,tabpfn@t1,20260911,2012H2,39,24538,131,psi,0.17523192654002817,,,True
2002H2-E,E,tabpfn@t1,20260911,2012H2,39,24538,131,psi_critical,0.0010278806363136351,,,True
2002H2-E,E,tabpfn@t1,20260911,2013H1,41,24341,85,auc,0.8471019905323606,0.8092710655067268,0.8849329155579944,False
2002H2-E,E,tabpfn@t1,20260911,2013H1,41,24341,85,gini,0.6942039810647211,0.6185421310134536,0.7698658311159887,False
2002H2-E,E,tabpfn@t1,20260911,2013H1,41,24341,85,ks,0.5745639647679652,,,False
2002H2-E,E,tabpfn@t1,20260911,2013H1,41,24341,85,brier,0.005389340709381727,,,False
2002H2-E,E,tabpfn@t1,20260911,2013H1,41,24341,85,brier_miscalibration,0.0019918247058622078,,,False
2002H2-E,E,tabpfn@t1,20260911,2013H1,41,24341,85,brier_discrimination,8.234002999438911e-05,,,False
2002H2-E,E,tabpfn@t1,20260911,2013H1,41,24341,85,brier_uncertainty,0.0034798560335139086,,,False
2002H2-E,E,tabpfn@t1,20260911,2013H1,41,24341,85,observed_over_expected,0.19141209182794922,0.15294381740298993,0.23658621857118356,False
2002H2-E,E,tabpfn@t1,20260911,2013H1,41,24341,85,log_oe,-1.6533266262641688,-1.8776846315429294,-1.441442576931515,False
2002H2-E,E,tabpfn@t1,20260911,2013H1,41,24341,85,cox_intercept,-2.5493811480396342,-2.9647383420615916,-2.134023954017677,False
2002H2-E,E,tabpfn@t1,20260911,2013H1,41,24341,85,cox_slope,0.7207975042364767,0.6042795555198853,0.8373154529530681,False
2002H2-E,E,tabpfn@t1,20260911,2013H1,41,24341,85,psi,0.11723783774786406,,,False
2002H2-E,E,tabpfn@t1,20260911,2013H1,41,24341,85,psi_critical,0.0010334610033319,,,False
2002H2-E,E,tabpfn@t1,20260911,2013H2,43,23974,142,auc,0.8364088525783773,0.8067361766317185,0.8660815285250361,True
2002H2-E,E,tabpfn@t1,20260911,2013H2,43,23974,142,gini,0.6728177051567545,0.613472353263437,0.7321630570500721,True
2002H2-E,E,tabpfn@t1,20260911,2013H2,43,23974,142,ks,0.532759835278877,,,True
2002H2-E,E,tabpfn@t1,20260911,2013H2,43,23974,142,brier,0.007630931353235681,,,True
2002H2-E,E,tabpfn@t1,20260911,2013H2,43,23974,142,brier_miscalibration,0.0018514925422345695,,,True
2002H2-E,E,tabpfn@t1,20260911,2013H2,43,23974,142,brier_discrimination,0.00010856161302823242,,,True
2002H2-E,E,tabpfn@t1,20260911,2013H2,43,23974,142,brier_uncertainty,0.005888000424029344,,,True
2002H2-E,E,tabpfn@t1,20260911,2013H2,43,23974,142,observed_over_expected,0.3192231254923084,0.26899917015040437,0.3760570283265816,True
2002H2-E,E,tabpfn@t1,20260911,2013H2,43,23974,142,log_oe,-1.1418649677465593,-1.313046984327791,-0.978014476011804,True
2002H2-E,E,tabpfn@t1,20260911,2013H2,43,23974,142,cox_intercept,-2.119035276163216,-2.4570870058521277,-1.7809835464743045,True
2002H2-E,E,tabpfn@t1,20260911,2013H2,43,23974,142,cox_slope,0.69687706923169,0.605720163928391,0.788033974534989,True
2002H2-E,E,tabpfn@t1,20260911,2013H2,43,23974,142,psi,0.03552712107641798,,,True
2002H2-E,E,tabpfn@t1,20260911,2013H2,43,23974,142,psi_critical,0.0010441014843782371,,,True
2002H2-E,E,tabpfn@t1,20260911,2014H1,45,24341,137,auc,0.8211458683911811,0.7887846881584857,0.8535070486238765,True
2002H2-E,E,tabpfn@t1,20260911,2014H1,45,24341,137,gini,0.6422917367823622,0.5775693763169714,0.707014097247753,True
2002H2-E,E,tabpfn@t1,20260911,2014H1,45,24341,137,ks,0.5185304474014671,,,True
2002H2-E,E,tabpfn@t1,20260911,2014H1,45,24341,137,brier,0.006781536782450498,,,True
2002H2-E,E,tabpfn@t1,20260911,2014H1,45,24341,137,brier_miscalibration,0.0012822129527890747,,,True
2002H2-E,E,tabpfn@t1,20260911,2014H1,45,24341,137,brier_discrimination,9.736135902124483e-05,,,True
2002H2-E,E,tabpfn@t1,20260911,2014H1,45,24341,137,brier_uncertainty,0.005596685188682668,,,True
2002H2-E,E,tabpfn@t1,20260911,2014H1,45,24341,137,observed_over_expected,0.39803123413867547,0.334317730542042,0.47029654606499166,True
2002H2-E,E,tabpfn@t1,20260911,2014H1,45,24341,137,log_oe,-0.9212247990415502,-1.095663449146081,-0.754391834168263,True
2002H2-E,E,tabpfn@t1,20260911,2014H1,45,24341,137,cox_intercept,-2.0302447301973237,-2.4113662690935653,-1.649123191301082,True
2002H2-E,E,tabpfn@t1,20260911,2014H1,45,24341,137,cox_slope,0.6856311448234271,0.5922614219426147,0.7790008677042396,True
2002H2-E,E,tabpfn@t1,20260911,2014H1,45,24341,137,psi,0.041422193553917096,,,True
2002H2-E,E,tabpfn@t1,20260911,2014H1,45,24341,137,psi_critical,0.0010334610033319,,,True
2002H2-E,E,tabpfn@t1,20260911,2014H2,47,24213,99,auc,0.818683224381159,0.7795123477636439,0.8578541009986742,False
2002H2-E,E,tabpfn@t1,20260911,2014H2,47,24213,99,gini,0.6373664487623181,0.5590246955272877,0.7157082019973484,False
2002H2-E,E,tabpfn@t1,20260911,2014H2,47,24213,99,ks,0.5221774852279952,,,False
2002H2-E,E,tabpfn@t1,20260911,2014H2,47,24213,99,brier,0.004754148365763872,,,False
2002H2-E,E,tabpfn@t1,20260911,2014H2,47,24213,99,brier_miscalibration,0.0007384244662343052,,,False
2002H2-E,E,tabpfn@t1,20260911,2014H2,47,24213,99,brier_discrimination,5.627120414094383e-05,,,False
2002H2-E,E,tabpfn@t1,20260911,2014H2,47,24213,99,brier_uncertainty,0.004071995103670511,,,False
2002H2-E,E,tabpfn@t1,20260911,2014H2,47,24213,99,observed_over_expected,0.3812147256605035,0.30994487044292296,0.4639087728384504,False
2002H2-E,E,tabpfn@t1,20260911,2014H2,47,24213,99,log_oe,-0.964392478198715,-1.171360834598763,-0.7680673563481735,False
2002H2-E,E,tabpfn@t1,20260911,2014H2,47,24213,99,cox_intercept,-1.987847659511766,-2.479889021283574,-1.495806297739958,False
2002H2-E,E,tabpfn@t1,20260911,2014H2,47,24213,99,cox_slope,0.7351555779346783,0.6199639372876574,0.8503472185816993,False
2002H2-E,E,tabpfn@t1,20260911,2014H2,47,24213,99,psi,0.06951231072840244,,,False
2002H2-E,E,tabpfn@t1,20260911,2014H2,47,24213,99,psi_critical,0.0010371354933066512,,,False
2002H2-E,E,tabpfn@t1,20260911,2015H1,49,24159,83,auc,0.8258241472285555,0.7819878614386617,0.8696604330184492,False
2002H2-E,E,tabpfn@t1,20260911,2015H1,49,24159,83,gini,0.6516482944571109,0.5639757228773234,0.7393208660368984,False
2002H2-E,E,tabpfn@t1,20260911,2015H1,49,24159,83,ks,0.5501379166775091,,,False
2002H2-E,E,tabpfn@t1,20260911,2015H1,49,24159,83,brier,0.003798151811850593,,,False
2002H2-E,E,tabpfn@t1,20260911,2015H1,49,24159,83,brier_miscalibration,0.00041588940070893263,,,False
2002H2-E,E,tabpfn@t1,20260911,2015H1,49,24159,83,brier_discrimination,4.1507093757225597e-05,,,False
2002H2-E,E,tabpfn@t1,20260911,2015H1,49,24159,83,brier_uncertainty,0.003423769504898886,,,False
2002H2-E,E,tabpfn@t1,20260911,2015H1,49,24159,83,observed_over_expected,0.4057096760045849,0.3232518867787686,0.5027310256581259,False
2002H2-E,E,tabpfn@t1,20260911,2015H1,49,24159,83,log_oe,-0.9021174589072763,-1.129323424444595,-0.6876999921492453,False
2002H2-E,E,tabpfn@t1,20260911,2015H1,49,24159,83,cox_intercept,-1.642088225914522,-2.223663271265752,-1.0605131805632921,False
2002H2-E,E,tabpfn@t1,20260911,2015H1,49,24159,83,cox_slope,0.8210270108396518,0.6875690850979268,0.9544849365813768,False
2002H2-E,E,tabpfn@t1,20260911,2015H1,49,24159,83,psi,0.12029274537672462,,,False
2002H2-E,E,tabpfn@t1,20260911,2015H1,49,24159,83,psi_critical,0.0010386973468943647,,,False
2002H2-E,E,tabpfn@t1,20260911,2015H2,51,24159,130,auc,0.8011188403755718,0.7674889309200964,0.8347487498310472,True
2002H2-E,E,tabpfn@t1,20260911,2015H2,51,24159,130,gini,0.6022376807511436,0.5349778618401928,0.6694974996620944,True
2002H2-E,E,tabpfn@t1,20260911,2015H2,51,24159,130,ks,0.47027758125598235,,,True
2002H2-E,E,tabpfn@t1,20260911,2015H2,51,24159,130,brier,0.005694392993141712,,,True
2002H2-E,E,tabpfn@t1,20260911,2015H2,51,24159,130,brier_miscalibration,0.0004009850672053901,,,True
2002H2-E,E,tabpfn@t1,20260911,2015H2,51,24159,130,brier_discrimination,5.865415174038935e-05,,,True
2002H2-E,E,tabpfn@t1,20260911,2015H2,51,24159,130,brier_uncertainty,0.005352062077676711,,,True
2002H2-E,E,tabpfn@t1,20260911,2015H2,51,24159,130,observed_over_expected,0.5953365744916913,0.49761234799777865,0.7065570283178138,True
2002H2-E,E,tabpfn@t1,20260911,2015H2,51,24159,130,log_oe,-0.518628361953665,-0.697933922756981,-0.34735136062784605,True
2002H2-E,E,tabpfn@t1,20260911,2015H2,51,24159,130,cox_intercept,-1.5137577258278552,-2.0232097913585956,-1.0043056602971148,True
2002H2-E,E,tabpfn@t1,20260911,2015H2,51,24159,130,cox_slope,0.7563882282053229,0.6420711674329098,0.870705288977736,True
2002H2-E,E,tabpfn@t1,20260911,2015H2,51,24159,130,psi,0.09094455946256265,,,True
2002H2-E,E,tabpfn@t1,20260911,2015H2,51,24159,130,psi_critical,0.0010386973468943647,,,True
2002H2-E,E,tabpfn@t1,20260911,2016H1,53,24632,115,auc,0.8134073783763173,0.7712906714292347,0.8555240853233999,True
2002H2-E,E,tabpfn@t1,20260911,2016H1,53,24632,115,gini,0.6268147567526345,0.5425813428584694,0.7110481706467997,True
2002H2-E,E,tabpfn@t1,20260911,2016H1,53,24632,115,ks,0.528926335054115,,,True
2002H2-E,E,tabpfn@t1,20260911,2016H1,53,24632,115,brier,0.004880559428405188,,,True
2002H2-E,E,tabpfn@t1,20260911,2016H1,53,24632,115,brier_miscalibration,0.00030513546341566587,,,True
2002H2-E,E,tabpfn@t1,20260911,2016H1,53,24632,115,brier_discrimination,7.150266641151558e-05,,,True
2002H2-E,E,tabpfn@t1,20260911,2016H1,53,24632,115,brier_uncertainty,0.004646926631401037,,,True
2002H2-E,E,tabpfn@t1,20260911,2016H1,53,24632,115,observed_over_expected,0.5539217929245287,0.4574964023814699,0.6645880025382469,True
2002H2-E,E,tabpfn@t1,20260911,2016H1,53,24632,115,log_oe,-0.59073177020626,-0.78198625794454,-0.40858797537889324,True
2002H2-E,E,tabpfn@t1,20260911,2016H1,53,24632,115,cox_intercept,-1.2095636550860756,-1.7650123863159048,-0.6541149238562463,True
2002H2-E,E,tabpfn@t1,20260911,2016H1,53,24632,115,cox_slope,0.8523199294807215,0.7253651664870662,0.9792746924743769,True
2002H2-E,E,tabpfn@t1,20260911,2016H1,53,24632,115,psi,0.10103060187214127,,,True
2002H2-E,E,tabpfn@t1,20260911,2016H1,53,24632,115,psi_critical,0.0010252493801461782,,,True
2002H2-E,E,tabpfn@t1,20260911,2016H2,55,24760,121,auc,0.7918488427437654,0.754244196766568,0.8294534887209629,True
2002H2-E,E,tabpfn@t1,20260911,2016H2,55,24760,121,gini,0.5836976854875309,0.5084883935331359,0.6589069774419258,True
2002H2-E,E,tabpfn@t1,20260911,2016H2,55,24760,121,ks,0.49034739321756576,,,True
2002H2-E,E,tabpfn@t1,20260911,2016H2,55,24760,121,brier,0.004898584358912812,,,True
2002H2-E,E,tabpfn@t1,20260911,2016H2,55,24760,121,brier_miscalibration,0.00010127792629878191,,,True
2002H2-E,E,tabpfn@t1,20260911,2016H2,55,24760,121,brier_discrimination,6.572601327686171e-05,,,True
2002H2-E,E,tabpfn@t1,20260911,2016H2,55,24760,121,brier_uncertainty,0.004863032445890892,,,True
2002H2-E,E,tabpfn@t1,20260911,2016H2,55,24760,121,observed_over_expected,0.6886243108942008,0.5716286683319066,0.8224260432521133,True
2002H2-E,E,tabpfn@t1,20260911,2016H2,55,24760,121,log_oe,-0.3730594238879589,-0.5592656796496451,-0.19549671740409477,True
2002H2-E,E,tabpfn@t1,20260911,2016H2,55,24760,121,cox_intercept,-0.9906440658664774,-1.6486440018034902,-0.33264412992946457,True
2002H2-E,E,tabpfn@t1,20260911,2016H2,55,24760,121,cox_slope,0.8593509018629589,0.7157630158210713,1.0029387879048466,True
2002H2-E,E,tabpfn@t1,20260911,2016H2,55,24760,121,psi,0.1397149343128367,,,True
2002H2-E,E,tabpfn@t1,20260911,2016H2,55,24760,121,psi_critical,0.0010216985183533317,,,True
2002H2-E,E,tabpfn@t1,20260911,2017H1,57,24541,162,auc,0.7947894843720485,0.765377207845243,0.8242017608988541,True
2002H2-E,E,tabpfn@t1,20260911,2017H1,57,24541,162,gini,0.5895789687440971,0.530754415690486,0.6484035217977082,True
2002H2-E,E,tabpfn@t1,20260911,2017H1,57,24541,162,ks,0.46000732263499405,,,True
2002H2-E,E,tabpfn@t1,20260911,2017H1,57,24541,162,brier,0.00670110601560649,,,True
2002H2-E,E,tabpfn@t1,20260911,2017H1,57,24541,162,brier_miscalibration,0.00023037922768345126,,,True
2002H2-E,E,tabpfn@t1,20260911,2017H1,57,24541,162,brier_discrimination,8.689539229695797e-05,,,True
2002H2-E,E,tabpfn@t1,20260911,2017H1,57,24541,162,brier_uncertainty,0.006557622180219997,,,True
2002H2-E,E,tabpfn@t1,20260911,2017H1,57,24541,162,observed_over_expected,0.7356379796652598,0.6270120450948259,0.8575746072830671,True
2002H2-E,E,tabpfn@t1,20260911,2017H1,57,24541,162,log_oe,-0.3070171567184854,-0.4667895278561858,-0.153647098148887,True
2002H2-E,E,tabpfn@t1,20260911,2017H1,57,24541,162,cox_intercept,-1.0301902124263977,-1.5593456404065345,-0.5010347844462611,True
2002H2-E,E,tabpfn@t1,20260911,2017H1,57,24541,162,cox_slope,0.8266339324092551,0.7065643266367243,0.9467035381817859,True
2002H2-E,E,tabpfn@t1,20260911,2017H1,57,24541,162,psi,0.07990366368669406,,,True
2002H2-E,E,tabpfn@t1,20260911,2017H1,57,24541,162,psi_critical,0.0010277963486622491,,,True
2002H2-E,E,tabpfn@t1,20260911,2017H2,59,24680,143,auc,0.8099427979608931,0.7788428918186131,0.841042704103173,True
2002H2-E,E,tabpfn@t1,20260911,2017H2,59,24680,143,gini,0.6198855959217862,0.5576857836372262,0.6820854082063461,True
2002H2-E,E,tabpfn@t1,20260911,2017H2,59,24680,143,ks,0.493778911311617,,,True
2002H2-E,E,tabpfn@t1,20260911,2017H2,59,24680,143,brier,0.00569961816657135,,,True
2002H2-E,E,tabpfn@t1,20260911,2017H2,59,24680,143,brier_miscalibration,6.23489186869228e-05,,,True
2002H2-E,E,tabpfn@t1,20260911,2017H2,59,24680,143,brier_discrimination,0.00012332371645129136,,,True
2002H2-E,E,tabpfn@t1,20260911,2017H2,59,24680,143,brier_uncertainty,0.005760592964335718,,,True
2002H2-E,E,tabpfn@t1,20260911,2017H2,59,24680,143,observed_over_expected,0.6920660101675252,0.5835413896739633,0.8148229521828979,True
2002H2-E,E,tabpfn@t1,20260911,2017H2,59,24680,143,log_oe,-0.368073937498345,-0.538639896311094,-0.20478442592596052,True
2002H2-E,E,tabpfn@t1,20260911,2017H2,59,24680,143,cox_intercept,-0.1477931631484463,-0.8013634784737286,0.505777152176836,True
2002H2-E,E,tabpfn@t1,20260911,2017H2,59,24680,143,cox_slope,1.0554353223420863,0.9015931710980535,1.2092774735861191,True
2002H2-E,E,tabpfn@t1,20260911,2017H2,59,24680,143,psi,0.0807524207794789,,,True
2002H2-E,E,tabpfn@t1,20260911,2017H2,59,24680,143,psi_critical,0.0010239134906912927,,,True
2002H2-E,E,tabpfn@t1,20260911,2018H1,61,24416,148,auc,0.7695715690554573,0.7312002511223747,0.8079428869885399,True
2002H2-E,E,tabpfn@t1,20260911,2018H1,61,24416,148,gini,0.5391431381109146,0.4624005022447495,0.6158857739770798,True
2002H2-E,E,tabpfn@t1,20260911,2018H1,61,24416,148,ks,0.412627684549557,,,True
2002H2-E,E,tabpfn@t1,20260911,2018H1,61,24416,148,brier,0.006025395804473602,,,True
2002H2-E,E,tabpfn@t1,20260911,2018H1,61,24416,148,brier_miscalibration,7.352666394434566e-05,,,True
2002H2-E,E,tabpfn@t1,20260911,2018H1,61,24416,148,brier_discrimination,7.298682912903857e-05,,,True
2002H2-E,E,tabpfn@t1,20260911,2018H1,61,24416,148,brier_uncertainty,0.006024855969658295,,,True
2002H2-E,E,tabpfn@t1,20260911,2018H1,61,24416,148,observed_over_expected,0.7245772099343525,0.6128209159754425,0.8507166666075634,True
2002H2-E,E,tabpfn@t1,20260911,2018H1,61,24416,148,log_oe,-0.32216695294187614,-0.4896825293245209,-0.16167614755289927,True
2002H2-E,E,tabpfn@t1,20260911,2018H1,61,24416,148,cox_intercept,-0.7234916097667204,-1.3919219030374692,-0.05506131649597168,True
2002H2-E,E,tabpfn@t1,20260911,2018H1,61,24416,148,cox_slope,0.9070685078839944,0.755711978788921,1.0584250369790678,True
2002H2-E,E,tabpfn@t1,20260911,2018H1,61,24416,148,psi,0.08307870506253306,,,True
2002H2-E,E,tabpfn@t1,20260911,2018H1,61,24416,148,psi_critical,0.0010313258825568768,,,True
2002H2-E,E,tabpfn@t1,20260911,2018H2,63,24543,146,auc,0.7716895912982789,0.7341208473981601,0.8092583351983976,True
2002H2-E,E,tabpfn@t1,20260911,2018H2,63,24543,146,gini,0.5433791825965577,0.46824169479632016,0.6185166703967953,True
2002H2-E,E,tabpfn@t1,20260911,2018H2,63,24543,146,ks,0.4558428753591419,,,True
2002H2-E,E,tabpfn@t1,20260911,2018H2,63,24543,146,brier,0.005901430403688607,,,True
2002H2-E,E,tabpfn@t1,20260911,2018H2,63,24543,146,brier_miscalibration,4.019451092266389e-05,,,True
2002H2-E,E,tabpfn@t1,20260911,2018H2,63,24543,146,brier_discrimination,5.2119586137298196e-05,,,True
2002H2-E,E,tabpfn@t1,20260911,2018H2,63,24543,146,brier_uncertainty,0.005913355478903241,,,True
2002H2-E,E,tabpfn@t1,20260911,2018H2,63,24543,146,observed_over_expected,0.700571235900986,0.5918061836492609,0.8234391740375108,True
2002H2-E,E,tabpfn@t1,20260911,2018H2,63,24543,146,log_oe,-0.3558592254404249,-0.5245760901871076,-0.19426559482769137,True
2002H2-E,E,tabpfn@t1,20260911,2018H2,63,24543,146,cox_intercept,-0.6674715782238948,-1.3979397548441765,0.06299659839638694,True
2002H2-E,E,tabpfn@t1,20260911,2018H2,63,24543,146,cox_slope,0.9283059560332158,0.7622645090533081,1.0943474030131233,True
2002H2-E,E,tabpfn@t1,20260911,2018H2,63,24543,146,psi,0.08455221684265365,,,True
2002H2-E,E,tabpfn@t1,20260911,2018H2,63,24543,146,psi_critical,0.0010277401683422744,,,True
2002H2-E,E,tabpfn@t1,20260911,2019H1,65,24752,110,auc,0.7082088230736882,0.657134990164774,0.7592826559826024,True
2002H2-E,E,tabpfn@t1,20260911,2019H1,65,24752,110,gini,0.4164176461473763,0.3142699803295479,0.5185653119652047,True
2002H2-E,E,tabpfn@t1,20260911,2019H1,65,24752,110,ks,0.3697117264684832,,,True
2002H2-E,E,tabpfn@t1,20260911,2019H1,65,24752,110,brier,0.004424999940452101,,,True
2002H2-E,E,tabpfn@t1,20260911,2019H1,65,24752,110,brier_miscalibration,7.302570057337709e-05,,,True
2002H2-E,E,tabpfn@t1,20260911,2019H1,65,24752,110,brier_discrimination,7.236119217087899e-05,,,True
2002H2-E,E,tabpfn@t1,20260911,2019H1,65,24752,110,brier_uncertainty,0.004424335432049603,,,True
2002H2-E,E,tabpfn@t1,20260911,2019H1,65,24752,110,observed_over_expected,0.5440995214222266,0.44735182803830253,0.6554877133281842,True
2002H2-E,E,tabpfn@t1,20260911,2019H1,65,24752,110,log_oe,-0.6086231050675113,-0.8044099066253544,-0.4223757199232608,True
2002H2-E,E,tabpfn@t1,20260911,2019H1,65,24752,110,cox_intercept,-1.7191199566645918,-2.5642445751564678,-0.8739953381727159,True
2002H2-E,E,tabpfn@t1,20260911,2019H1,65,24752,110,cox_slope,0.7488222664009505,0.5659289203747024,0.9317156124271986,True
2002H2-E,E,tabpfn@t1,20260911,2019H1,65,24752,110,psi,0.1068334052544662,,,True
2002H2-E,E,tabpfn@t1,20260911,2019H1,65,24752,110,psi_critical,0.0010219193712836035,,,True
2002H2-E,E,tabpfn@t1,20260911,2019H2,67,24861,136,auc,0.6792006185689644,0.6334621807829741,0.7249390563549547,True
2002H2-E,E,tabpfn@t1,20260911,2019H2,67,24861,136,gini,0.3584012371379288,0.26692436156594823,0.4498781127099094,True
2002H2-E,E,tabpfn@t1,20260911,2019H2,67,24861,136,ks,0.2792044846249926,,,True
2002H2-E,E,tabpfn@t1,20260911,2019H2,67,24861,136,brier,0.00545674652151528,,,True
2002H2-E,E,tabpfn@t1,20260911,2019H2,67,24861,136,brier_miscalibration,3.846433874322205e-05,,,True
2002H2-E,E,tabpfn@t1,20260911,2019H2,67,24861,136,brier_discrimination,2.2207881610218638e-05,,,True
2002H2-E,E,tabpfn@t1,20260911,2019H2,67,24861,136,brier_uncertainty,0.0054404900643822765,,,True
2002H2-E,E,tabpfn@t1,20260911,2019H2,67,24861,136,observed_over_expected,0.7833543030780057,0.657513596467214,0.9261564500669701,True
2002H2-E,E,tabpfn@t1,20260911,2019H2,67,24861,136,log_oe,-0.24417019098353335,-0.419289836106438,-0.07671210605071016,True
2002H2-E,E,tabpfn@t1,20260911,2019H2,67,24861,136,cox_intercept,-2.1703453069755456,-2.9469946690744515,-1.3936959448766397,True
2002H2-E,E,tabpfn@t1,20260911,2019H2,67,24861,136,cox_slope,0.5836365284164591,0.4269898226079659,0.7402832342249522,True
2002H2-E,E,tabpfn@t1,20260911,2019H2,67,24861,136,psi,0.1392212585796445,,,True
2002H2-E,E,tabpfn@t1,20260911,2019H2,67,24861,136,psi_critical,0.0010189224749281938,,,True
2002H2-E,E,tabpfn@t1,20260911,2020H1,69,24880,111,auc,0.6699161513647361,0.6163816220322051,0.7234506806972671,True
2002H2-E,E,tabpfn@t1,20260911,2020H1,69,24880,111,gini,0.3398323027294723,0.2327632440644103,0.4469013613945343,True
2002H2-E,E,tabpfn@t1,20260911,2020H1,69,24880,111,ks,0.2857986170594673,,,True
2002H2-E,E,tabpfn@t1,20260911,2020H1,69,24880,111,brier,0.0044605645286336735,,,True
2002H2-E,E,tabpfn@t1,20260911,2020H1,69,24880,111,brier_miscalibration,3.190735991311436e-05,,,True
2002H2-E,E,tabpfn@t1,20260911,2020H1,69,24880,111,brier_discrimination,1.2853400338901089e-05,,,True
2002H2-E,E,tabpfn@t1,20260911,2020H1,69,24880,111,brier_uncertainty,0.00444151056905946,,,True
2002H2-E,E,tabpfn@t1,20260911,2020H1,69,24880,111,observed_over_expected,0.7811323599342793,0.6428344045303914,0.940255906059773,True
2002H2-E,E,tabpfn@t1,20260911,2020H1,69,24880,111,log_oe,-0.24701066855384687,-0.4418681236351005,-0.06160320027968485,True
2002H2-E,E,tabpfn@t1,20260911,2020H1,69,24880,111,cox_intercept,-2.565161296842381,-3.432457782446769,-1.6978648112379935,True
2002H2-E,E,tabpfn@t1,20260911,2020H1,69,24880,111,cox_slope,0.5210778961008915,0.3554862631853952,0.6866695290163878,True
2002H2-E,E,tabpfn@t1,20260911,2020H1,69,24880,111,psi,0.23950524888325875,,,True
2002H2-E,E,tabpfn@t1,20260911,2020H1,69,24880,111,psi_critical,0.001018402767712202,,,True
2002H2-E,E,tabpfn@t1,20260911,2020H2,71,24919,71,auc,0.6798189329149397,0.6124226608911392,0.7472152049387402,False
2002H2-E,E,tabpfn@t1,20260911,2020H2,71,24919,71,gini,0.35963786582987933,0.22484532178227834,0.4944304098774803,False
2002H2-E,E,tabpfn@t1,20260911,2020H2,71,24919,71,ks,0.30230619065325637,,,False
2002H2-E,E,tabpfn@t1,20260911,2020H2,71,24919,71,brier,0.002860632961871835,,,False
2002H2-E,E,tabpfn@t1,20260911,2020H2,71,24919,71,brier_miscalibration,2.7356719184366222e-05,,,False
2002H2-E,E,tabpfn@t1,20260911,2020H2,71,24919,71,brier_discrimination,7.837147207126385e-06,,,False
2002H2-E,E,tabpfn@t1,20260911,2020H2,71,24919,71,brier_uncertainty,0.002841113389894595,,,False
2002H2-E,E,tabpfn@t1,20260911,2020H2,71,24919,71,observed_over_expected,0.5962728401001172,0.46583010422280874,0.7518368849469875,False
2002H2-E,E,tabpfn@t1,20260911,2020H2,71,24919,71,log_oe,-0.5170569312656756,-0.7639342945459655,-0.28523588687548435,False
2002H2-E,E,tabpfn@t1,20260911,2020H2,71,24919,71,cox_intercept,-2.6920842181585285,-3.793423841566268,-1.5907445947507888,False
2002H2-E,E,tabpfn@t1,20260911,2020H2,71,24919,71,cox_slope,0.564030199934861,0.3585853581975389,0.7694750416721832,False
2002H2-E,E,tabpfn@t1,20260911,2020H2,71,24919,71,psi,0.3795206210478539,,,False
2002H2-E,E,tabpfn@t1,20260911,2020H2,71,24919,71,psi_critical,0.001017338483214061,,,False
2002H2-E,E,tabpfn@t1,20260911,2021H1,73,24909,90,auc,0.7707732874903189,0.7237209177552636,0.8178256572253743,False
2002H2-E,E,tabpfn@t1,20260911,2021H1,73,24909,90,gini,0.5415465749806379,0.4474418355105272,0.6356513144507485,False
2002H2-E,E,tabpfn@t1,20260911,2021H1,73,24909,90,ks,0.4157016801643902,,,False
2002H2-E,E,tabpfn@t1,20260911,2021H1,73,24909,90,brier,0.003594563951583096,,,False
2002H2-E,E,tabpfn@t1,20260911,2021H1,73,24909,90,brier_miscalibration,1.8572442204415132e-05,,,False
2002H2-E,E,tabpfn@t1,20260911,2021H1,73,24909,90,brier_discrimination,2.410549698233155e-05,,,False
2002H2-E,E,tabpfn@t1,20260911,2021H1,73,24909,90,brier_uncertainty,0.0036000970063610124,,,False
2002H2-E,E,tabpfn@t1,20260911,2021H1,73,24909,90,observed_over_expected,0.6567374213503805,0.5282709237248872,0.806907380180023,False
2002H2-E,E,tabpfn@t1,20260911,2021H1,73,24909,90,log_oe,-0.42047100347332783,-0.6381460137580792,-0.21454638783163907,False
2002H2-E,E,tabpfn@t1,20260911,2021H1,73,24909,90,cox_intercept,-0.7831183515346026,-1.7461185662244088,0.1798818631552035,False
2002H2-E,E,tabpfn@t1,20260911,2021H1,73,24909,90,cox_slope,0.9230368028299537,0.7222541778848799,1.1238194277750275,False
2002H2-E,E,tabpfn@t1,20260911,2021H1,73,24909,90,psi,0.2647782947101688,,,False
2002H2-E,E,tabpfn@t1,20260911,2021H1,73,24909,90,psi_critical,0.0010176110589622332,,,False
2002H2-E,E,tabpfn@t1,20260911,2021H2,75,24929,136,auc,0.7570752003055892,0.7171505159571893,0.7969998846539891,True
2002H2-E,E,tabpfn@t1,20260911,2021H2,75,24929,136,gini,0.5141504006111783,0.4343010319143785,0.5939997693079782,True
2002H2-E,E,tabpfn@t1,20260911,2021H2,75,24929,136,ks,0.3990292563603104,,,True
2002H2-E,E,tabpfn@t1,20260911,2021H2,75,24929,136,brier,0.0053963963403734876,,,True
2002H2-E,E,tabpfn@t1,20260911,2021H2,75,24929,136,brier_miscalibration,1.7940040357505675e-05,,,True
2002H2-E,E,tabpfn@t1,20260911,2021H2,75,24929,136,brier_discrimination,4.7274891373613737e-05,,,True
2002H2-E,E,tabpfn@t1,20260911,2021H2,75,24929,136,brier_uncertainty,0.005425731191389596,,,True
2002H2-E,E,tabpfn@t1,20260911,2021H2,75,24929,136,observed_over_expected,0.825176305585595,0.6926163735639661,0.9756037597432358,True
2002H2-E,E,tabpfn@t1,20260911,2021H2,75,24929,136,log_oe,-0.19215821173873252,-0.36727900657138446,-0.024698758872443195,True
2002H2-E,E,tabpfn@t1,20260911,2021H2,75,24929,136,cox_intercept,-0.7618737929209934,-1.5395045782939645,0.01575699245197759,True
2002H2-E,E,tabpfn@t1,20260911,2021H2,75,24929,136,cox_slope,0.8742621801873813,0.708112487476916,1.0404118728978466,True
2002H2-E,E,tabpfn@t1,20260911,2021H2,75,24929,136,psi,0.1584848128384669,,,True
2002H2-E,E,tabpfn@t1,20260911,2021H2,75,24929,136,psi_critical,0.0010170661261475434,,,True
2002H2-E,E,tabpfn@t1,20260911,2022H1,77,24889,291,auc,0.7757542660552125,0.7512363257181865,0.8002722063922384,True
2002H2-E,E,tabpfn@t1,20260911,2022H1,77,24889,291,gini,0.5515085321104249,0.5024726514363731,0.6005444127844768,True
2002H2-E,E,tabpfn@t1,20260911,2022H1,77,24889,291,ks,0.4296408586846247,,,True
2002H2-E,E,tabpfn@t1,20260911,2022H1,77,24889,291,brier,0.011425332094218673,,,True
2002H2-E,E,tabpfn@t1,20260911,2022H1,77,24889,291,brier_miscalibration,6.064417365379306e-05,,,True
2002H2-E,E,tabpfn@t1,20260911,2022H1,77,24889,291,brier_discrimination,0.0001905233608005298,,,True
2002H2-E,E,tabpfn@t1,20260911,2022H1,77,24889,291,brier_uncertainty,0.01155521128136541,,,True
2002H2-E,E,tabpfn@t1,20260911,2022H1,77,24889,291,observed_over_expected,1.4657499050166067,1.3029889478012011,1.643029344614655,True
2002H2-E,E,tabpfn@t1,20260911,2022H1,77,24889,291,log_oe,0.38236699206027963,0.2646608159894677,0.49654169928191444,True
2002H2-E,E,tabpfn@t1,20260911,2022H1,77,24889,291,cox_intercept,0.33543851633860383,-0.21494550678564223,0.8858225394628498,True
2002H2-E,E,tabpfn@t1,20260911,2022H1,77,24889,291,cox_slope,0.9871004913259473,0.8631970646091414,1.1110039180427533,True
2002H2-E,E,tabpfn@t1,20260911,2022H1,77,24889,291,psi,0.11252205374431723,,,True
2002H2-E,E,tabpfn@t1,20260911,2022H1,77,24889,291,psi_critical,0.0010181568675578937,,,True
2002H2-E,E,tabpfn@t1,20260911,2022H2,79,24859,373,auc,0.7718486177689982,0.7493954177257738,0.7943018178122225,True
2002H2-E,E,tabpfn@t1,20260911,2022H2,79,24859,373,gini,0.5436972355379963,0.49879083545154757,0.5886036356244451,True
2002H2-E,E,tabpfn@t1,20260911,2022H2,79,24859,373,ks,0.4300857808116647,,,True
2002H2-E,E,tabpfn@t1,20260911,2022H2,79,24859,373,brier,0.014600329762070674,,,True
2002H2-E,E,tabpfn@t1,20260911,2022H2,79,24859,373,brier_miscalibration,0.0001578523410143886,,,True
2002H2-E,E,tabpfn@t1,20260911,2022H2,79,24859,373,brier_discrimination,0.00033700986596247977,,,True
2002H2-E,E,tabpfn@t1,20260911,2022H2,79,24859,373,brier_uncertainty,0.014779487287018766,,,True
2002H2-E,E,tabpfn@t1,20260911,2022H2,79,24859,373,observed_over_expected,1.8490950089431426,1.6673899409943054,2.0449607534557313,True
2002H2-E,E,tabpfn@t1,20260911,2022H2,79,24859,373,log_oe,0.6146963350454736,0.5112594942271717,0.7153785978464164,True
2002H2-E,E,tabpfn@t1,20260911,2022H2,79,24859,373,cox_intercept,0.7111051776265106,0.21431426671035103,1.2078960885426702,True
2002H2-E,E,tabpfn@t1,20260911,2022H2,79,24859,373,cox_slope,1.0184777507212965,0.9062200424441391,1.130735458998454,True
2002H2-E,E,tabpfn@t1,20260911,2022H2,79,24859,373,psi,0.13066108376570507,,,True
2002H2-E,E,tabpfn@t1,20260911,2022H2,79,24859,373,psi_critical,0.0010189772271646342,,,True
2002H2-E,E,tabpfn@t1,20260911,2023H1,81,24882,381,auc,0.7857900384589798,0.7650866295555697,0.8064934473623898,True
2002H2-E,E,tabpfn@t1,20260911,2023H1,81,24882,381,gini,0.5715800769179595,0.5301732591111394,0.6129868947247796,True
2002H2-E,E,tabpfn@t1,20260911,2023H1,81,24882,381,ks,0.4327752008836535,,,True
2002H2-E,E,tabpfn@t1,20260911,2023H1,81,24882,381,brier,0.014894206514383853,,,True
2002H2-E,E,tabpfn@t1,20260911,2023H1,81,24882,381,brier_miscalibration,0.00015235099676033995,,,True
2002H2-E,E,tabpfn@t1,20260911,2023H1,81,24882,381,brier_discrimination,0.0003359526823419577,,,True
2002H2-E,E,tabpfn@t1,20260911,2023H1,81,24882,381,brier_uncertainty,0.015077808199965471,,,True
2002H2-E,E,tabpfn@t1,20260911,2023H1,81,24882,381,observed_over_expected,1.8940905127202041,1.7099045314094563,2.092465652191078,True
2002H2-E,E,tabpfn@t1,20260911,2023H1,81,24882,381,log_oe,0.6387387828090335,0.5364375393709259,0.738343108523271,True
2002H2-E,E,tabpfn@t1,20260911,2023H1,81,24882,381,cox_intercept,0.7838014805557972,0.3074896667142055,1.260113294397389,True
2002H2-E,E,tabpfn@t1,20260911,2023H1,81,24882,381,cox_slope,1.0294584651638365,0.9212425072803577,1.1376744230473155,True
2002H2-E,E,tabpfn@t1,20260911,2023H1,81,24882,381,psi,0.11385348706258236,,,True
2002H2-E,E,tabpfn@t1,20260911,2023H1,81,24882,381,psi_critical,0.001018348107860452,,,True
2002H2-E,E,tabpfn@t1,20260911,2023H2,83,24866,363,auc,0.8080245191767715,0.7877622831663127,0.8282867551872304,True
2002H2-E,E,tabpfn@t1,20260911,2023H2,83,24866,363,gini,0.6160490383535431,0.5755245663326254,0.6565735103744608,True
2002H2-E,E,tabpfn@t1,20260911,2023H2,83,24866,363,ks,0.4966293552180994,,,True
2002H2-E,E,tabpfn@t1,20260911,2023H2,83,24866,363,brier,0.014159713450841353,,,True
2002H2-E,E,tabpfn@t1,20260911,2023H2,83,24866,363,brier_miscalibration,0.00021744453644927976,,,True
2002H2-E,E,tabpfn@t1,20260911,2023H2,83,24866,363,brier_discrimination,0.0004428688835469551,,,True
2002H2-E,E,tabpfn@t1,20260911,2023H2,83,24866,363,brier_uncertainty,0.014385137797939028,,,True
2002H2-E,E,tabpfn@t1,20260911,2023H2,83,24866,363,observed_over_expected,1.912221336219401,1.7217737560894906,2.1177325183133964,True
2002H2-E,E,tabpfn@t1,20260911,2023H2,83,24866,363,log_oe,0.6482655695503757,0.5433550129891221,0.7503459494558327,True
2002H2-E,E,tabpfn@t1,20260911,2023H2,83,24866,363,cox_intercept,1.18057908145581,0.6933895334498796,1.6677686294617402,True
2002H2-E,E,tabpfn@t1,20260911,2023H2,83,24866,363,cox_slope,1.1194034721420707,1.0076885918685778,1.2311183524155636,True
2002H2-E,E,tabpfn@t1,20260911,2023H2,83,24866,363,psi,0.1094330812785908,,,True
2002H2-E,E,tabpfn@t1,20260911,2023H2,83,24866,363,psi_critical,0.0010187856328701958,,,True
2002H2-E,E,tabpfn@t1,20260912,2003H1,1,24276,72,auc,0.8799859756881322,0.8411370681562815,0.9188348832199829,False
2002H2-E,E,tabpfn@t1,20260912,2003H1,1,24276,72,gini,0.7599719513762644,0.6822741363125631,0.8376697664399657,False
2002H2-E,E,tabpfn@t1,20260912,2003H1,1,24276,72,ks,0.6392331845975873,,,False
2002H2-E,E,tabpfn@t1,20260912,2003H1,1,24276,72,brier,0.0029688817483477753,,,False
2002H2-E,E,tabpfn@t1,20260912,2003H1,1,24276,72,brier_miscalibration,0.00011856385350376497,,,False
2002H2-E,E,tabpfn@t1,20260912,2003H1,1,24276,72,brier_discrimination,0.00010677782762979517,,,False
2002H2-E,E,tabpfn@t1,20260912,2003H1,1,24276,72,brier_uncertainty,0.0029570957224738055,,,False
2002H2-E,E,tabpfn@t1,20260912,2003H1,1,24276,72,observed_over_expected,0.41149440052885855,0.3220663656265837,0.5180097114671065,False
2002H2-E,E,tabpfn@t1,20260912,2003H1,1,24276,72,log_oe,-0.8879598664208791,-1.1329976502439447,-0.6577612888923986,False
2002H2-E,E,tabpfn@t1,20260912,2003H1,1,24276,72,cox_intercept,-0.3558246511236934,-1.0937579692954225,0.38210866704803575,False
2002H2-E,E,tabpfn@t1,20260912,2003H1,1,24276,72,cox_slope,1.1452807604755333,0.9561590725485943,1.3344024484024724,False
2002H2-E,E,tabpfn@t1,20260912,2003H1,1,24276,72,psi,0.22605376683964692,,,False
2002H2-E,E,tabpfn@t1,20260912,2003H1,1,24276,72,psi_critical,0.0010353221128363722,,,False
2002H2-E,E,tabpfn@t1,20260912,2003H2,3,24205,139,auc,0.8491991746916603,0.8168560234682395,0.8815423259150811,True
2002H2-E,E,tabpfn@t1,20260912,2003H2,3,24205,139,gini,0.6983983493833206,0.633712046936479,0.7630846518301622,True
2002H2-E,E,tabpfn@t1,20260912,2003H2,3,24205,139,ks,0.5669178942560238,,,True
2002H2-E,E,tabpfn@t1,20260912,2003H2,3,24205,139,brier,0.0056290339222460385,,,True
2002H2-E,E,tabpfn@t1,20260912,2003H2,3,24205,139,brier_miscalibration,7.277313290616691e-05,,,True
2002H2-E,E,tabpfn@t1,20260912,2003H2,3,24205,139,brier_discrimination,0.00015337674391607738,,,True
2002H2-E,E,tabpfn@t1,20260912,2003H2,3,24205,139,brier_uncertainty,0.005709637533255949,,,True
2002H2-E,E,tabpfn@t1,20260912,2003H2,3,24205,139,observed_over_expected,0.5957313011718749,0.501034563892669,0.7030379231326529,True
2002H2-E,E,tabpfn@t1,20260912,2003H2,3,24205,139,log_oe,-0.5179655505342661,-0.6910801904712329,-0.3523444439142695,True
2002H2-E,E,tabpfn@t1,20260912,2003H2,3,24205,139,cox_intercept,-0.2750036064669441,-0.8312485766979677,0.2812413637640795,True
2002H2-E,E,tabpfn@t1,20260912,2003H2,3,24205,139,cox_slope,1.0698745181097915,0.9251786738336021,1.214570362385981,True
2002H2-E,E,tabpfn@t1,20260912,2003H2,3,24205,139,psi,0.05810067497554928,,,True
2002H2-E,E,tabpfn@t1,20260912,2003H2,3,24205,139,psi_critical,0.001037366439290114,,,True
2002H2-E,E,tabpfn@t1,20260912,2004H1,5,24219,181,auc,0.8325701157329626,0.8023404507028049,0.8627997807631202,True
2002H2-E,E,tabpfn@t1,20260912,2004H1,5,24219,181,gini,0.6651402314659252,0.6046809014056098,0.7255995615262405,True
2002H2-E,E,tabpfn@t1,20260912,2004H1,5,24219,181,ks,0.5447151126738097,,,True
2002H2-E,E,tabpfn@t1,20260912,2004H1,5,24219,181,brier,0.007314457069088977,,,True
2002H2-E,E,tabpfn@t1,20260912,2004H1,5,24219,181,brier_miscalibration,7.14990267527511e-05,,,True
2002H2-E,E,tabpfn@t1,20260912,2004H1,5,24219,181,brier_discrimination,0.0001746604268521284,,,True
2002H2-E,E,tabpfn@t1,20260912,2004H1,5,24219,181,brier_uncertainty,0.007417618469188354,,,True
2002H2-E,E,tabpfn@t1,20260912,2004H1,5,24219,181,observed_over_expected,0.6980803815020791,0.6003857973336948,0.8070448461728513,True
2002H2-E,E,tabpfn@t1,20260912,2004H1,5,24219,181,log_oe,-0.35942102310504004,-0.5101828348429039,-0.214376040790486,True
2002H2-E,E,tabpfn@t1,20260912,2004H1,5,24219,181,cox_intercept,-0.4084840650662592,-0.90350824389436,0.08654011376184162,True
2002H2-E,E,tabpfn@t1,20260912,2004H1,5,24219,181,cox_slope,0.9901010465332137,0.8627856412392211,1.1174164518272065,True
2002H2-E,E,tabpfn@t1,20260912,2004H1,5,24219,181,psi,0.028661790156612986,,,True
2002H2-E,E,tabpfn@t1,20260912,2004H1,5,24219,181,psi_critical,0.0010369623839442791,,,True
2002H2-E,E,tabpfn@t1,20260912,2004H2,7,24090,202,auc,0.8220917913961524,0.7985589346417831,0.8456246481505217,True
2002H2-E,E,tabpfn@t1,20260912,2004H2,7,24090,202,gini,0.6441835827923048,0.5971178692835661,0.6912492963010435,True
2002H2-E,E,tabpfn@t1,20260912,2004H2,7,24090,202,ks,0.505613655806304,,,True
2002H2-E,E,tabpfn@t1,20260912,2004H2,7,24090,202,brier,0.008293217432912284,,,True
2002H2-E,E,tabpfn@t1,20260912,2004H2,7,24090,202,brier_miscalibration,0.00012226849444714992,,,True
2002H2-E,E,tabpfn@t1,20260912,2004H2,7,24090,202,brier_discrimination,0.00014396119599156473,,,True
2002H2-E,E,tabpfn@t1,20260912,2004H2,7,24090,202,brier_uncertainty,0.0083149101344567,,,True
2002H2-E,E,tabpfn@t1,20260912,2004H2,7,24090,202,observed_over_expected,0.6571945468937763,0.5699924320254434,0.7538737680897546,True
2002H2-E,E,tabpfn@t1,20260912,2004H2,7,24090,202,log_oe,-0.419775190337051,-0.5621321953900283,-0.28253034131644394,True
2002H2-E,E,tabpfn@t1,20260912,2004H2,7,24090,202,cox_intercept,-0.6142273707075485,-1.084037593116406,-0.14441714829869118,True
2002H2-E,E,tabpfn@t1,20260912,2004H2,7,24090,202,cox_slope,0.9504328570274613,0.827340460435426,1.0735252536194966,True
2002H2-E,E,tabpfn@t1,20260912,2004H2,7,24090,202,psi,0.003767182980481939,,,True
2002H2-E,E,tabpfn@t1,20260912,2004H2,7,24090,202,psi_critical,0.0010407032384610452,,,True
2002H2-E,E,tabpfn@t1,20260912,2005H1,9,24233,248,auc,0.7992041396840767,0.7724521508506846,0.8259561285174687,True
2002H2-E,E,tabpfn@t1,20260912,2005H1,9,24233,248,gini,0.5984082793681533,0.5449043017013693,0.6519122570349374,True
2002H2-E,E,tabpfn@t1,20260912,2005H1,9,24233,248,ks,0.494524635693007,,,True
2002H2-E,E,tabpfn@t1,20260912,2005H1,9,24233,248,brier,0.00998857522639948,,,True
2002H2-E,E,tabpfn@t1,20260912,2005H1,9,24233,248,brier_miscalibration,6.968194120119363e-05,,,True
2002H2-E,E,tabpfn@t1,20260912,2005H1,9,24233,248,brier_discrimination,0.00021035085882584355,,,True
2002H2-E,E,tabpfn@t1,20260912,2005H1,9,24233,248,brier_uncertainty,0.01012924414402413,,,True
2002H2-E,E,tabpfn@t1,20260912,2005H1,9,24233,248,observed_over_expected,0.8504899905852106,0.7483719315677254,0.9625381357245284,True
2002H2-E,E,tabpfn@t1,20260912,2005H1,9,24233,248,log_oe,-0.16194263607472098,-0.289855189871667,-0.03818159207313237,True
2002H2-E,E,tabpfn@t1,20260912,2005H1,9,24233,248,cox_intercept,-0.6656435911197088,-1.0889078578114118,-0.24237932442800592,True
2002H2-E,E,tabpfn@t1,20260912,2005H1,9,24233,248,cox_slope,0.8662134648621813,0.7599600149540503,0.9724669147703123,True
2002H2-E,E,tabpfn@t1,20260912,2005H1,9,24233,248,psi,0.0047188074085296305,,,True
2002H2-E,E,tabpfn@t1,20260912,2005H1,9,24233,248,psi_critical,0.001036558795463863,,,True
2002H2-E,E,tabpfn@t1,20260912,2005H2,11,24082,266,auc,0.829463228107218,0.8069230183516531,0.8520034378627828,True
2002H2-E,E,tabpfn@t1,20260912,2005H2,11,24082,266,gini,0.6589264562144359,0.6138460367033063,0.7040068757255655,True
2002H2-E,E,tabpfn@t1,20260912,2005H2,11,24082,266,ks,0.5174552521714093,,,True
2002H2-E,E,tabpfn@t1,20260912,2005H2,11,24082,266,brier,0.010650304012720454,,,True
2002H2-E,E,tabpfn@t1,20260912,2005H2,11,24082,266,brier_miscalibration,4.519950668092389e-05,,,True
2002H2-E,E,tabpfn@t1,20260912,2005H2,11,24082,266,brier_discrimination,0.0003184845620423024,,,True
2002H2-E,E,tabpfn@t1,20260912,2005H2,11,24082,266,brier_uncertainty,0.010923589068081833,,,True
2002H2-E,E,tabpfn@t1,20260912,2005H2,11,24082,266,observed_over_expected,0.8921643539940655,0.7886540832959051,1.005363458424208,True
2002H2-E,E,tabpfn@t1,20260912,2005H2,11,24082,266,log_oe,-0.11410491001811694,-0.23742747848530601,0.0053491263047189316,True
2002H2-E,E,tabpfn@t1,20260912,2005H2,11,24082,266,cox_intercept,-0.029701291040753346,-0.4527187068457653,0.3933161247642586,True
2002H2-E,E,tabpfn@t1,20260912,2005H2,11,24082,266,cox_slope,1.024565438740998,0.9123422696728833,1.1367886078091125,True
2002H2-E,E,tabpfn@t1,20260912,2005H2,11,24082,266,psi,0.004525803562991974,,,True
2002H2-E,E,tabpfn@t1,20260912,2005H2,11,24082,266,psi_critical,0.0010409365492114375,,,True
2002H2-E,E,tabpfn@t1,20260912,2006H1,13,23280,405,auc,0.804338447008028,0.7851434086254472,0.8235334853906089,True
2002H2-E,E,tabpfn@t1,20260912,2006H1,13,23280,405,gini,0.6086768940160561,0.5702868172508944,0.6470669707812178,True
2002H2-E,E,tabpfn@t1,20260912,2006H1,13,23280,405,ks,0.4909046751669703,,,True
2002H2-E,E,tabpfn@t1,20260912,2006H1,13,23280,405,brier,0.016647090950016027,,,True
2002H2-E,E,tabpfn@t1,20260912,2006H1,13,23280,405,brier_miscalibration,0.0001177424391613606,,,True
2002H2-E,E,tabpfn@t1,20260912,2006H1,13,23280,405,brier_discrimination,0.000564906324940849,,,True
2002H2-E,E,tabpfn@t1,20260912,2006H1,13,23280,405,brier_uncertainty,0.017094254835795516,,,True
2002H2-E,E,tabpfn@t1,20260912,2006H1,13,23280,405,observed_over_expected,1.2185240706437854,1.1036175037353608,1.3419768325800914,True
2002H2-E,E,tabpfn@t1,20260912,2006H1,13,23280,405,log_oe,0.19764034821200274,0.0985934238145574,0.29414377504734057,True
2002H2-E,E,tabpfn@t1,20260912,2006H1,13,23280,405,cox_intercept,-0.07623482029207544,-0.4194150378578893,0.2669453972737384,True
2002H2-E,E,tabpfn@t1,20260912,2006H1,13,23280,405,cox_slope,0.9211089547387414,0.8309085615338629,1.01130934794362,True
2002H2-E,E,tabpfn@t1,20260912,2006H1,13,23280,405,psi,0.0236052810474926,,,True
2002H2-E,E,tabpfn@t1,20260912,2006H1,13,23280,405,psi_critical,0.0010651397584764489,,,True
2002H2-E,E,tabpfn@t1,20260912,2006H2,15,23898,525,auc,0.7996153070392577,0.7822666091379119,0.8169640049406034,True
2002H2-E,E,tabpfn@t1,20260912,2006H2,15,23898,525,gini,0.5992306140785153,0.5645332182758238,0.6339280098812068,True
2002H2-E,E,tabpfn@t1,20260912,2006H2,15,23898,525,ks,0.4657185641552219,,,True
2002H2-E,E,tabpfn@t1,20260912,2006H2,15,23898,525,brier,0.020896302501376803,,,True
2002H2-E,E,tabpfn@t1,20260912,2006H2,15,23898,525,brier_miscalibration,0.00017318116767541664,,,True
2002H2-E,E,tabpfn@t1,20260912,2006H2,15,23898,525,brier_discrimination,0.0007626351348047032,,,True
2002H2-E,E,tabpfn@t1,20260912,2006H2,15,23898,525,brier_uncertainty,0.02148575646850609,,,True
2002H2-E,E,tabpfn@t1,20260912,2006H2,15,23898,525,observed_over_expected,1.4782911790473894,1.3557510235302912,1.6087382265365398,True
2002H2-E,E,tabpfn@t1,20260912,2006H2,15,23898,525,log_oe,0.39088681195005237,0.30435556169378486,0.47545016150921454,True
2002H2-E,E,tabpfn@t1,20260912,2006H2,15,23898,525,cox_intercept,0.048048293387035215,-0.25025844301025785,0.34635502978432825,True
2002H2-E,E,tabpfn@t1,20260912,2006H2,15,23898,525,cox_slope,0.8979505627180835,0.8196265263972631,0.9762745990389039,True
2002H2-E,E,tabpfn@t1,20260912,2006H2,15,23898,525,psi,0.03262582311365804,,,True
2002H2-E,E,tabpfn@t1,20260912,2006H2,15,23898,525,psi_critical,0.001046345808876259,,,True
2002H2-E,E,tabpfn@t1,20260912,2007H1,17,23169,808,auc,0.8010959122163278,0.7874350464000835,0.8147567780325721,True
2002H2-E,E,tabpfn@t1,20260912,2007H1,17,23169,808,gini,0.6021918244326556,0.5748700928001671,0.6295135560651441,True
2002H2-E,E,tabpfn@t1,20260912,2007H1,17,23169,808,ks,0.4610324242924717,,,True
2002H2-E,E,tabpfn@t1,20260912,2007H1,17,23169,808,brier,0.032692316057085516,,,True
2002H2-E,E,tabpfn@t1,20260912,2007H1,17,23169,808,brier_miscalibration,0.0008761654687447218,,,True
2002H2-E,E,tabpfn@t1,20260912,2007H1,17,23169,808,brier_discrimination,0.0018418259428106681,,,True
2002H2-E,E,tabpfn@t1,20260912,2007H1,17,23169,808,brier_uncertainty,0.03365797653115146,,,True
2002H2-E,E,tabpfn@t1,20260912,2007H1,17,23169,808,observed_over_expected,2.1975222309448514,2.0509923246417805,2.3514626290790965,True
2002H2-E,E,tabpfn@t1,20260912,2007H1,17,23169,808,log_oe,0.787330466996946,0.7183237368315497,0.8550375299012165,True
2002H2-E,E,tabpfn@t1,20260912,2007H1,17,23169,808,cox_intercept,0.4966031603879595,0.254794051021635,0.738412269754284,True
2002H2-E,E,tabpfn@t1,20260912,2007H1,17,23169,808,cox_slope,0.9011208612684696,0.8372006667922365,0.9650410557447027,True
2002H2-E,E,tabpfn@t1,20260912,2007H1,17,23169,808,psi,0.04512419040132172,,,True
2002H2-E,E,tabpfn@t1,20260912,2007H1,17,23169,808,psi_critical,0.0010686215825909393,,,True
2002H2-E,E,tabpfn@t1,20260912,2007H2,19,24367,1560,auc,0.785827591169153,0.7756546671724436,0.7960005151658625,True
2002H2-E,E,tabpfn@t1,20260912,2007H2,19,24367,1560,gini,0.571655182338306,0.5513093343448872,0.5920010303317249,True
2002H2-E,E,tabpfn@t1,20260912,2007H2,19,24367,1560,ks,0.455964346303935,,,True
2002H2-E,E,tabpfn@t1,20260912,2007H2,19,24367,1560,brier,0.059876429873136176,,,True
2002H2-E,E,tabpfn@t1,20260912,2007H2,19,24367,1560,brier_miscalibration,0.004408345154889526,,,True
2002H2-E,E,tabpfn@t1,20260912,2007H2,19,24367,1560,brier_discrimination,0.004454237325576697,,,True
2002H2-E,E,tabpfn@t1,20260912,2007H2,19,24367,1560,brier_uncertainty,0.05992232204382335,,,True
2002H2-E,E,tabpfn@t1,20260912,2007H2,19,24367,1560,observed_over_expected,3.9174937733548814,3.731355041355228,4.110025659565971,True
2002H2-E,E,tabpfn@t1,20260912,2007H2,19,24367,1560,log_oe,1.3654521058032227,1.3167714495495169,1.4134292716920538,True
2002H2-E,E,tabpfn@t1,20260912,2007H2,19,24367,1560,cox_intercept,0.885798800141539,0.7046107364066386,1.0669868638764395,True
2002H2-E,E,tabpfn@t1,20260912,2007H2,19,24367,1560,cox_slope,0.8286010192398012,0.7824658940241038,0.8747361444554986,True
2002H2-E,E,tabpfn@t1,20260912,2007H2,19,24367,1560,psi,0.05025366275432164,,,True
2002H2-E,E,tabpfn@t1,20260912,2007H2,19,24367,1560,psi_critical,0.0010327193396994369,,,True
2002H2-E,E,tabpfn@t1,20260912,2008H1,21,24660,1109,auc,0.7893533933742932,0.7769896885562564,0.8017170981923301,True
2002H2-E,E,tabpfn@t1,20260912,2008H1,21,24660,1109,gini,0.5787067867485864,0.5539793771125128,0.6034341963846601,True
2002H2-E,E,tabpfn@t1,20260912,2008H1,21,24660,1109,ks,0.44228723122189134,,,True
2002H2-E,E,tabpfn@t1,20260912,2008H1,21,24660,1109,brier,0.0427887584866931,,,True
2002H2-E,E,tabpfn@t1,20260912,2008H1,21,24660,1109,brier_miscalibration,0.002573649270853552,,,True
2002H2-E,E,tabpfn@t1,20260912,2008H1,21,24660,1109,brier_discrimination,0.002734058672634286,,,True
2002H2-E,E,tabpfn@t1,20260912,2008H1,21,24660,1109,brier_uncertainty,0.04294916788847383,,,True
2002H2-E,E,tabpfn@t1,20260912,2008H1,21,24660,1109,observed_over_expected,4.299149514873889,4.055079342805974,4.553535749370137,True
2002H2-E,E,tabpfn@t1,20260912,2008H1,21,24660,1109,log_oe,1.458417215898411,1.3999702540358712,1.5159040189601392,True
2002H2-E,E,tabpfn@t1,20260912,2008H1,21,24660,1109,cox_intercept,0.9025728344467416,0.6803652526847691,1.1247804162087143,True
2002H2-E,E,tabpfn@t1,20260912,2008H1,21,24660,1109,cox_slope,0.8329761543890315,0.7816307801267237,0.8843215286513393,True
2002H2-E,E,tabpfn@t1,20260912,2008H1,21,24660,1109,psi,0.01450352447347842,,,True
2002H2-E,E,tabpfn@t1,20260912,2008H1,21,24660,1109,psi_critical,0.0010244694792870743,,,True
2002H2-E,E,tabpfn@t1,20260912,2008H2,23,24746,863,auc,0.8052742538958146,0.7916960597038587,0.8188524480877706,True
2002H2-E,E,tabpfn@t1,20260912,2008H2,23,24746,863,gini,0.6105485077916293,0.5833921194077174,0.6377048961755412,True
2002H2-E,E,tabpfn@t1,20260912,2008H2,23,24746,863,ks,0.46579610362976054,,,True
2002H2-E,E,tabpfn@t1,20260912,2008H2,23,24746,863,brier,0.03341735760973165,,,True
2002H2-E,E,tabpfn@t1,20260912,2008H2,23,24746,863,brier_miscalibration,0.001920830508451113,,,True
2002H2-E,E,tabpfn@t1,20260912,2008H2,23,24746,863,brier_discrimination,0.0021615776083659666,,,True
2002H2-E,E,tabpfn@t1,20260912,2008H2,23,24746,863,brier_uncertainty,0.0336581047096465,,,True
2002H2-E,E,tabpfn@t1,20260912,2008H2,23,24746,863,observed_over_expected,4.248559813419774,3.9743010087053885,4.536227446686504,True
2002H2-E,E,tabpfn@t1,20260912,2008H2,23,24746,863,log_oe,1.4465800580771422,1.3798488857768534,1.5120957077359258,True
2002H2-E,E,tabpfn@t1,20260912,2008H2,23,24746,863,cox_intercept,1.4077950191216206,1.1303505503487121,1.6852394878945292,True
2002H2-E,E,tabpfn@t1,20260912,2008H2,23,24746,863,cox_slope,0.9700049211542865,0.9072619802893895,1.0327478620191834,True
2002H2-E,E,tabpfn@t1,20260912,2008H2,23,24746,863,psi,0.06433742547585215,,,True
2002H2-E,E,tabpfn@t1,20260912,2008H2,23,24746,863,psi_critical,0.0010220851046916352,,,True
2002H2-E,E,tabpfn@t1,20260912,2009H1,25,24844,119,auc,0.8142607336159945,0.7775021941844898,0.8510192730474991,True
2002H2-E,E,tabpfn@t1,20260912,2009H1,25,24844,119,gini,0.628521467231989,0.5550043883689797,0.7020385460949983,True
2002H2-E,E,tabpfn@t1,20260912,2009H1,25,24844,119,ks,0.5149457477632104,,,True
2002H2-E,E,tabpfn@t1,20260912,2009H1,25,24844,119,brier,0.00474600837161741,,,True
2002H2-E,E,tabpfn@t1,20260912,2009H1,25,24844,119,brier_miscalibration,4.368505898832281e-05,,,True
2002H2-E,E,tabpfn@t1,20260912,2009H1,25,24844,119,brier_discrimination,6.462255840993143e-05,,,True
2002H2-E,E,tabpfn@t1,20260912,2009H1,25,24844,119,brier_uncertainty,0.0047669458710390186,,,True
2002H2-E,E,tabpfn@t1,20260912,2009H1,25,24844,119,observed_over_expected,1.070092982808577,0.8868302700341684,1.2799222008893465,True
2002H2-E,E,tabpfn@t1,20260912,2009H1,25,24844,119,log_oe,0.06774554451934409,-0.12010166781918521,0.24679929552911495,True
2002H2-E,E,tabpfn@t1,20260912,2009H1,25,24844,119,cox_intercept,-0.4097252101442727,-1.0705366810147205,0.25108626072617507,True
2002H2-E,E,tabpfn@t1,20260912,2009H1,25,24844,119,cox_slope,0.8970877908435457,0.7631008493752879,1.0310747323118037,True
2002H2-E,E,tabpfn@t1,20260912,2009H1,25,24844,119,psi,0.5120428771694436,,,True
2002H2-E,E,tabpfn@t1,20260912,2009H1,25,24844,119,psi_critical,0.001019388149927719,,,True
2002H2-E,E,tabpfn@t1,20260912,2009H2,27,24709,196,auc,0.8595295540808418,0.8343898511316317,0.8846692570300518,True
2002H2-E,E,tabpfn@t1,20260912,2009H2,27,24709,196,gini,0.7190591081616835,0.6687797022632633,0.7693385140601037,True
2002H2-E,E,tabpfn@t1,20260912,2009H2,27,24709,196,ks,0.5867586295318519,,,True
2002H2-E,E,tabpfn@t1,20260912,2009H2,27,24709,196,brier,0.0076331975502286625,,,True
2002H2-E,E,tabpfn@t1,20260912,2009H2,27,24709,196,brier_miscalibration,5.7602753928268254e-05,,,True
2002H2-E,E,tabpfn@t1,20260912,2009H2,27,24709,196,brier_discrimination,0.00029381565574892934,,,True
2002H2-E,E,tabpfn@t1,20260912,2009H2,27,24709,196,brier_uncertainty,0.007869410452049324,,,True
2002H2-E,E,tabpfn@t1,20260912,2009H2,27,24709,196,observed_over_expected,1.1004664435412177,0.9522807390147701,1.2650279614444802,True
2002H2-E,E,tabpfn@t1,20260912,2009H2,27,24709,196,log_oe,0.09573412950787348,-0.04889539374036054,0.23509422584387574,True
2002H2-E,E,tabpfn@t1,20260912,2009H2,27,24709,196,cox_intercept,0.1723293209658781,-0.26419964931958767,0.6088582912513438,True
2002H2-E,E,tabpfn@t1,20260912,2009H2,27,24709,196,cox_slope,1.018074847149618,0.9143852531552223,1.1217644411440135,True
2002H2-E,E,tabpfn@t1,20260912,2009H2,27,24709,196,psi,0.18430846891498395,,,True
2002H2-E,E,tabpfn@t1,20260912,2009H2,27,24709,196,psi_critical,0.0010231089059562013,,,True
2002H2-E,E,tabpfn@t1,20260912,2010H1,29,24843,191,auc,0.8398378730355873,0.8099072407237421,0.8697685053474326,True
2002H2-E,E,tabpfn@t1,20260912,2010H1,29,24843,191,gini,0.6796757460711746,0.6198144814474842,0.7395370106948651,True
2002H2-E,E,tabpfn@t1,20260912,2010H1,29,24843,191,ks,0.5558817482816301,,,True
2002H2-E,E,tabpfn@t1,20260912,2010H1,29,24843,191,brier,0.007430554937810823,,,True
2002H2-E,E,tabpfn@t1,20260912,2010H1,29,24843,191,brier_miscalibration,6.310049741715864e-05,,,True
2002H2-E,E,tabpfn@t1,20260912,2010H1,29,24843,191,brier_discrimination,0.00026171828669286235,,,True
2002H2-E,E,tabpfn@t1,20260912,2010H1,29,24843,191,brier_uncertainty,0.0076291727270865264,,,True
2002H2-E,E,tabpfn@t1,20260912,2010H1,29,24843,191,observed_over_expected,0.9227469340676159,0.796922700690866,1.0626730304628211,True
2002H2-E,E,tabpfn@t1,20260912,2010H1,29,24843,191,log_oe,-0.08040025968105384,-0.22699759273636733,0.060787460757757,True
2002H2-E,E,tabpfn@t1,20260912,2010H1,29,24843,191,cox_intercept,-0.3340898491946567,-0.7477458177049314,0.07956611931561808,True
2002H2-E,E,tabpfn@t1,20260912,2010H1,29,24843,191,cox_slope,0.9347584190981773,0.8349646155179851,1.0345522226783694,True
2002H2-E,E,tabpfn@t1,20260912,2010H1,29,24843,191,psi,0.14355587903691558,,,True
2002H2-E,E,tabpfn@t1,20260912,2010H1,29,24843,191,psi_critical,0.0010194155624220973,,,True
2002H2-E,E,tabpfn@t1,20260912,2010H2,31,24683,152,auc,0.8648722400657385,0.8351261632502337,0.8946183168812433,True
2002H2-E,E,tabpfn@t1,20260912,2010H2,31,24683,152,gini,0.729744480131477,0.6702523265004674,0.7892366337624865,True
2002H2-E,E,tabpfn@t1,20260912,2010H2,31,24683,152,ks,0.6106996196005484,,,True
2002H2-E,E,tabpfn@t1,20260912,2010H2,31,24683,152,brier,0.005973609258269054,,,True
2002H2-E,E,tabpfn@t1,20260912,2010H2,31,24683,152,brier_miscalibration,6.398380484442037e-05,,,True
2002H2-E,E,tabpfn@t1,20260912,2010H2,31,24683,152,brier_discrimination,0.0002105370533304488,,,True
2002H2-E,E,tabpfn@t1,20260912,2010H2,31,24683,152,brier_uncertainty,0.0061201625067550825,,,True
2002H2-E,E,tabpfn@t1,20260912,2010H2,31,24683,152,observed_over_expected,0.8672932833167833,0.7352285524068812,1.0161119780728427,True
2002H2-E,E,tabpfn@t1,20260912,2010H2,31,24683,152,log_oe,-0.142378085681471,-0.30757387245036943,0.015983557721727805,True
2002H2-E,E,tabpfn@t1,20260912,2010H2,31,24683,152,cox_intercept,-0.2774672687650077,-0.7321734791716668,0.17723894164165127,True
2002H2-E,E,tabpfn@t1,20260912,2010H2,31,24683,152,cox_slope,0.9668248699703456,0.8577554185572913,1.0758943213833998,True
2002H2-E,E,tabpfn@t1,20260912,2010H2,31,24683,152,psi,0.3061274902978223,,,True
2002H2-E,E,tabpfn@t1,20260912,2010H2,31,24683,152,psi_critical,0.0010238301701137374,,,True
2002H2-E,E,tabpfn@t1,20260912,2011H1,33,24614,195,auc,0.8653491763979498,0.8420101669560475,0.8886881858398522,True
2002H2-E,E,tabpfn@t1,20260912,2011H1,33,24614,195,gini,0.7306983527958997,0.6840203339120949,0.7773763716797044,True
2002H2-E,E,tabpfn@t1,20260912,2011H1,33,24614,195,ks,0.6061900096709056,,,True
2002H2-E,E,tabpfn@t1,20260912,2011H1,33,24614,195,brier,0.007742939386134409,,,True
2002H2-E,E,tabpfn@t1,20260912,2011H1,33,24614,195,brier_miscalibration,0.00017187156216032923,,,True
2002H2-E,E,tabpfn@t1,20260912,2011H1,33,24614,195,brier_discrimination,0.0002884896423883806,,,True
2002H2-E,E,tabpfn@t1,20260912,2011H1,33,24614,195,brier_uncertainty,0.00785955746636246,,,True
2002H2-E,E,tabpfn@t1,20260912,2011H1,33,24614,195,observed_over_expected,0.787991353739541,0.6816203036978011,0.9061494084161991,True
2002H2-E,E,tabpfn@t1,20260912,2011H1,33,24614,195,log_oe,-0.23826816159620529,-0.3832825156216659,-0.09855107658365446,True
2002H2-E,E,tabpfn@t1,20260912,2011H1,33,24614,195,cox_intercept,-0.4863509689339695,-0.8676210768163428,-0.10508086105159625,True
2002H2-E,E,tabpfn@t1,20260912,2011H1,33,24614,195,cox_slope,0.9341705771285133,0.8363616133481586,1.031979540908868,True
2002H2-E,E,tabpfn@t1,20260912,2011H1,33,24614,195,psi,0.10794377138596166,,,True
2002H2-E,E,tabpfn@t1,20260912,2011H1,33,24614,195,psi_critical,0.0010257516819624198,,,True
2002H2-E,E,tabpfn@t1,20260912,2011H2,35,24646,119,auc,0.8910321090151722,0.8629719854071345,0.9190922326232098,True
2002H2-E,E,tabpfn@t1,20260912,2011H2,35,24646,119,gini,0.7820642180303443,0.725943970814269,0.8381844652464197,True
2002H2-E,E,tabpfn@t1,20260912,2011H2,35,24646,119,ks,0.6576891938330354,,,True
2002H2-E,E,tabpfn@t1,20260912,2011H2,35,24646,119,brier,0.004782645354484564,,,True
2002H2-E,E,tabpfn@t1,20260912,2011H2,35,24646,119,brier_miscalibration,0.00018065336052814143,,,True
2002H2-E,E,tabpfn@t1,20260912,2011H2,35,24646,119,brier_discrimination,0.00020306456710399937,,,True
2002H2-E,E,tabpfn@t1,20260912,2011H2,35,24646,119,brier_uncertainty,0.004805056561060422,,,True
2002H2-E,E,tabpfn@t1,20260912,2011H2,35,24646,119,observed_over_expected,0.6365612709021012,0.5275462878970009,0.7613785217906937,True
2002H2-E,E,tabpfn@t1,20260912,2011H2,35,24646,119,log_oe,-0.4516746033990451,-0.6395186679139094,-0.27262464426968663,True
2002H2-E,E,tabpfn@t1,20260912,2011H2,35,24646,119,cox_intercept,-0.4523014439128804,-0.9346741607668103,0.0300712729410495,True
2002H2-E,E,tabpfn@t1,20260912,2011H2,35,24646,119,cox_slope,1.0057797116079343,0.8837841363874042,1.1277752868284645,True
2002H2-E,E,tabpfn@t1,20260912,2011H2,35,24646,119,psi,0.3087573876385876,,,True
2002H2-E,E,tabpfn@t1,20260912,2011H2,35,24646,119,psi_critical,0.0010248592082078211,,,True
2002H2-E,E,tabpfn@t1,20260912,2012H1,37,24306,148,auc,0.8666744607012841,0.8418751797240834,0.8914737416784847,True
2002H2-E,E,tabpfn@t1,20260912,2012H1,37,24306,148,gini,0.7333489214025681,0.6837503594481669,0.7829474833569694,True
2002H2-E,E,tabpfn@t1,20260912,2012H1,37,24306,148,ks,0.6234603052427375,,,True
2002H2-E,E,tabpfn@t1,20260912,2012H1,37,24306,148,brier,0.006418755265603917,,,True
2002H2-E,E,tabpfn@t1,20260912,2012H1,37,24306,148,brier_miscalibration,0.0005152602048129487,,,True
2002H2-E,E,tabpfn@t1,20260912,2012H1,37,24306,148,brier_discrimination,0.00014846014927246635,,,True
2002H2-E,E,tabpfn@t1,20260912,2012H1,37,24306,148,brier_uncertainty,0.006051955210063435,,,True
2002H2-E,E,tabpfn@t1,20260912,2012H1,37,24306,148,observed_over_expected,0.4211471215258639,0.3561915643663011,0.4944621629024408,True
2002H2-E,E,tabpfn@t1,20260912,2012H1,37,24306,148,log_oe,-0.8647730490396484,-1.032286590702623,-0.7042846467165437,True
2002H2-E,E,tabpfn@t1,20260912,2012H1,37,24306,148,cox_intercept,-1.2614837987729328,-1.6618334682806948,-0.861134129265171,True
2002H2-E,E,tabpfn@t1,20260912,2012H1,37,24306,148,cox_slope,0.8887616181831093,0.7745147315818721,1.0030085047843464,True
2002H2-E,E,tabpfn@t1,20260912,2012H1,37,24306,148,psi,0.149643068106188,,,True
2002H2-E,E,tabpfn@t1,20260912,2012H1,37,24306,148,psi_critical,0.0010344619023195318,,,True
2002H2-E,E,tabpfn@t1,20260912,2012H2,39,24538,131,auc,0.8691071295088976,0.8429107553105897,0.8953035037072055,True
2002H2-E,E,tabpfn@t1,20260912,2012H2,39,24538,131,gini,0.7382142590177951,0.6858215106211794,0.7906070074144109,True
2002H2-E,E,tabpfn@t1,20260912,2012H2,39,24538,131,ks,0.618779432880756,,,True
2002H2-E,E,tabpfn@t1,20260912,2012H2,39,24538,131,brier,0.005690485281472819,,,True
2002H2-E,E,tabpfn@t1,20260912,2012H2,39,24538,131,brier_miscalibration,0.0005015950993295226,,,True
2002H2-E,E,tabpfn@t1,20260912,2012H2,39,24538,131,brier_discrimination,0.00012126695163430443,,,True
2002H2-E,E,tabpfn@t1,20260912,2012H2,39,24538,131,brier_uncertainty,0.005310157133777601,,,True
2002H2-E,E,tabpfn@t1,20260912,2012H2,39,24538,131,observed_over_expected,0.3994294236330967,0.33410162315274416,0.47374293766714726,True
2002H2-E,E,tabpfn@t1,20260912,2012H2,39,24538,131,log_oe,-0.9177181911267706,-1.0963100713470488,-0.7470904299955134,True
2002H2-E,E,tabpfn@t1,20260912,2012H2,39,24538,131,cox_intercept,-1.3335777792743702,-1.749897397433228,-0.9172581611155123,True
2002H2-E,E,tabpfn@t1,20260912,2012H2,39,24538,131,cox_slope,0.8847224796183002,0.7681721470436557,1.0012728121929446,True
2002H2-E,E,tabpfn@t1,20260912,2012H2,39,24538,131,psi,0.14524103443942138,,,True
2002H2-E,E,tabpfn@t1,20260912,2012H2,39,24538,131,psi_critical,0.0010278806363136351,,,True
2002H2-E,E,tabpfn@t1,20260912,2013H1,41,24341,85,auc,0.8535605502095296,0.8177418004824644,0.8893792999365948,False
2002H2-E,E,tabpfn@t1,20260912,2013H1,41,24341,85,gini,0.7071211004190592,0.6354836009649287,0.7787585998731896,False
2002H2-E,E,tabpfn@t1,20260912,2013H1,41,24341,85,ks,0.5954286628899581,,,False
2002H2-E,E,tabpfn@t1,20260912,2013H1,41,24341,85,brier,0.004124436687204291,,,False
2002H2-E,E,tabpfn@t1,20260912,2013H1,41,24341,85,brier_miscalibration,0.0007221565230228879,,,False
2002H2-E,E,tabpfn@t1,20260912,2013H1,41,24341,85,brier_discrimination,7.757586933250515e-05,,,False
2002H2-E,E,tabpfn@t1,20260912,2013H1,41,24341,85,brier_uncertainty,0.0034798560335139086,,,False
2002H2-E,E,tabpfn@t1,20260912,2013H1,41,24341,85,observed_over_expected,0.25183100424582183,0.20122028217739063,0.3112642699033659,False
2002H2-E,E,tabpfn@t1,20260912,2013H1,41,24341,85,log_oe,-1.3789970345077314,-1.6033550397864922,-1.1671129851750777,False
2002H2-E,E,tabpfn@t1,20260912,2013H1,41,24341,85,cox_intercept,-1.9150205012364576,-2.427578419906882,-1.4024625825660333,False
2002H2-E,E,tabpfn@t1,20260912,2013H1,41,24341,85,cox_slope,0.8511075815495488,0.7094072810416188,0.9928078820574788,False
2002H2-E,E,tabpfn@t1,20260912,2013H1,41,24341,85,psi,0.08749649289108334,,,False
2002H2-E,E,tabpfn@t1,20260912,2013H1,41,24341,85,psi_critical,0.0010334610033319,,,False
2002H2-E,E,tabpfn@t1,20260912,2013H2,43,23974,142,auc,0.8430539598787757,0.8150674679597489,0.8710404517978025,True
2002H2-E,E,tabpfn@t1,20260912,2013H2,43,23974,142,gini,0.6861079197575515,0.6301349359194979,0.7420809035956051,True
2002H2-E,E,tabpfn@t1,20260912,2013H2,43,23974,142,ks,0.5331380697748086,,,True
2002H2-E,E,tabpfn@t1,20260912,2013H2,43,23974,142,brier,0.006375014421789238,,,True
2002H2-E,E,tabpfn@t1,20260912,2013H2,43,23974,142,brier_miscalibration,0.0006038652065804059,,,True
2002H2-E,E,tabpfn@t1,20260912,2013H2,43,23974,142,brier_discrimination,0.00011685120882051151,,,True
2002H2-E,E,tabpfn@t1,20260912,2013H2,43,23974,142,brier_uncertainty,0.005888000424029344,,,True
2002H2-E,E,tabpfn@t1,20260912,2013H2,43,23974,142,observed_over_expected,0.4119714561288928,0.347155237119549,0.48531810252869345,True
2002H2-E,E,tabpfn@t1,20260912,2013H2,43,23974,142,log_oe,-0.8868012132732181,-1.05798322985445,-0.7229507215384628,True
2002H2-E,E,tabpfn@t1,20260912,2013H2,43,23974,142,cox_intercept,-1.4737059970739501,-1.8858842292704754,-1.0615277648774248,True
2002H2-E,E,tabpfn@t1,20260912,2013H2,43,23974,142,cox_slope,0.8349067144626702,0.7239961558296351,0.9458172730957053,True
2002H2-E,E,tabpfn@t1,20260912,2013H2,43,23974,142,psi,0.01783109424749809,,,True
2002H2-E,E,tabpfn@t1,20260912,2013H2,43,23974,142,psi_critical,0.0010441014843782371,,,True
2002H2-E,E,tabpfn@t1,20260912,2014H1,45,24341,137,auc,0.827056998481279,0.7962981531319224,0.8578158438306356,True
2002H2-E,E,tabpfn@t1,20260912,2014H1,45,24341,137,gini,0.654113996962558,0.5925963062638449,0.7156316876612712,True
2002H2-E,E,tabpfn@t1,20260912,2014H1,45,24341,137,ks,0.5275507939207732,,,True
2002H2-E,E,tabpfn@t1,20260912,2014H1,45,24341,137,brier,0.00590632173778685,,,True
2002H2-E,E,tabpfn@t1,20260912,2014H1,45,24341,137,brier_miscalibration,0.000411097375254842,,,True
2002H2-E,E,tabpfn@t1,20260912,2014H1,45,24341,137,brier_discrimination,0.0001014608261506603,,,True
2002H2-E,E,tabpfn@t1,20260912,2014H1,45,24341,137,brier_uncertainty,0.005596685188682668,,,True
2002H2-E,E,tabpfn@t1,20260912,2014H1,45,24341,137,observed_over_expected,0.4864033248239698,0.40854395770005886,0.57471319846106,True
2002H2-E,E,tabpfn@t1,20260912,2014H1,45,24341,137,log_oe,-0.7207171127779464,-0.8951557628824773,-0.5538841479046592,True
2002H2-E,E,tabpfn@t1,20260912,2014H1,45,24341,137,cox_intercept,-1.4110932993409573,-1.864424530783497,-0.9577620678984176,True
2002H2-E,E,tabpfn@t1,20260912,2014H1,45,24341,137,cox_slope,0.8171744075805679,0.7049817717485934,0.9293670434125424,True
2002H2-E,E,tabpfn@t1,20260912,2014H1,45,24341,137,psi,0.035867069476681716,,,True
2002H2-E,E,tabpfn@t1,20260912,2014H1,45,24341,137,psi_critical,0.0010334610033319,,,True
2002H2-E,E,tabpfn@t1,20260912,2014H2,47,24213,99,auc,0.8246540213447403,0.7880135192290978,0.8612945234603828,False
2002H2-E,E,tabpfn@t1,20260912,2014H2,47,24213,99,gini,0.6493080426894806,0.5760270384581956,0.7225890469207656,False
2002H2-E,E,tabpfn@t1,20260912,2014H2,47,24213,99,ks,0.5576881027241813,,,False
2002H2-E,E,tabpfn@t1,20260912,2014H2,47,24213,99,brier,0.0042717014837131695,,,False
2002H2-E,E,tabpfn@t1,20260912,2014H2,47,24213,99,brier_miscalibration,0.00025846675542995096,,,False
2002H2-E,E,tabpfn@t1,20260912,2014H2,47,24213,99,brier_discrimination,5.8760375387292146e-05,,,False
2002H2-E,E,tabpfn@t1,20260912,2014H2,47,24213,99,brier_uncertainty,0.004071995103670511,,,False
2002H2-E,E,tabpfn@t1,20260912,2014H2,47,24213,99,observed_over_expected,0.4398251675139989,0.35759781925125966,0.5352331376269942,False
2002H2-E,E,tabpfn@t1,20260912,2014H2,47,24213,99,log_oe,-0.8213779775919854,-1.0283463339920336,-0.6250528557414439,False
2002H2-E,E,tabpfn@t1,20260912,2014H2,47,24213,99,cox_intercept,-1.398925369631936,-1.9797696329241474,-0.8180811063397243,False
2002H2-E,E,tabpfn@t1,20260912,2014H2,47,24213,99,cox_slope,0.8581369751955971,0.7206728181760803,0.9956011322151138,False
2002H2-E,E,tabpfn@t1,20260912,2014H2,47,24213,99,psi,0.0672822087537045,,,False
2002H2-E,E,tabpfn@t1,20260912,2014H2,47,24213,99,psi_critical,0.0010371354933066512,,,False
2002H2-E,E,tabpfn@t1,20260912,2015H1,49,24159,83,auc,0.8298140226631732,0.785691447615334,0.8739365977110123,False
2002H2-E,E,tabpfn@t1,20260912,2015H1,49,24159,83,gini,0.6596280453263463,0.5713828952306681,0.7478731954220246,False
2002H2-E,E,tabpfn@t1,20260912,2015H1,49,24159,83,ks,0.5491916161072267,,,False
2002H2-E,E,tabpfn@t1,20260912,2015H1,49,24159,83,brier,0.003530434675552813,,,False
2002H2-E,E,tabpfn@t1,20260912,2015H1,49,24159,83,brier_miscalibration,0.00014914857791944753,,,False
2002H2-E,E,tabpfn@t1,20260912,2015H1,49,24159,83,brier_discrimination,4.24834072655202e-05,,,False
2002H2-E,E,tabpfn@t1,20260912,2015H1,49,24159,83,brier_uncertainty,0.003423769504898886,,,False
2002H2-E,E,tabpfn@t1,20260912,2015H1,49,24159,83,observed_over_expected,0.45100391865421063,0.3593403763136877,0.5588569265434601,False
2002H2-E,E,tabpfn@t1,20260912,2015H1,49,24159,83,log_oe,-0.7962792507052092,-1.023485216242528,-0.5818617839471781,False
2002H2-E,E,tabpfn@t1,20260912,2015H1,49,24159,83,cox_intercept,-1.040336447556635,-1.71956468384656,-0.36110821126671,False
2002H2-E,E,tabpfn@t1,20260912,2015H1,49,24159,83,cox_slope,0.9453427095573314,0.787394022837424,1.1032913962772386,False
2002H2-E,E,tabpfn@t1,20260912,2015H1,49,24159,83,psi,0.12402399590057983,,,False
2002H2-E,E,tabpfn@t1,20260912,2015H1,49,24159,83,psi_critical,0.0010386973468943647,,,False
2002H2-E,E,tabpfn@t1,20260912,2015H2,51,24159,130,auc,0.8090349161429939,0.7765389565942369,0.841530875691751,True
2002H2-E,E,tabpfn@t1,20260912,2015H2,51,24159,130,gini,0.6180698322859879,0.5530779131884738,0.683061751383502,True
2002H2-E,E,tabpfn@t1,20260912,2015H2,51,24159,130,ks,0.5026186306930408,,,True
2002H2-E,E,tabpfn@t1,20260912,2015H2,51,24159,130,brier,0.005435391031569876,,,True
2002H2-E,E,tabpfn@t1,20260912,2015H2,51,24159,130,brier_miscalibration,0.00014332225617568264,,,True
2002H2-E,E,tabpfn@t1,20260912,2015H2,51,24159,130,brier_discrimination,5.99933022825171e-05,,,True
2002H2-E,E,tabpfn@t1,20260912,2015H2,51,24159,130,brier_uncertainty,0.005352062077676711,,,True
2002H2-E,E,tabpfn@t1,20260912,2015H2,51,24159,130,observed_over_expected,0.6525976604058492,0.5454740528409174,0.7745155990411099,True
2002H2-E,E,tabpfn@t1,20260912,2015H2,51,24159,130,log_oe,-0.4267944798648178,-0.6061000406681338,-0.25551747853899875,True
2002H2-E,E,tabpfn@t1,20260912,2015H2,51,24159,130,cox_intercept,-0.9717049925061911,-1.552724627618514,-0.39068535739386834,True
2002H2-E,E,tabpfn@t1,20260912,2015H2,51,24159,130,cox_slope,0.8703708789395779,0.7380714792408001,1.0026702786383557,True
2002H2-E,E,tabpfn@t1,20260912,2015H2,51,24159,130,psi,0.09079315515032793,,,True
2002H2-E,E,tabpfn@t1,20260912,2015H2,51,24159,130,psi_critical,0.0010386973468943647,,,True
2002H2-E,E,tabpfn@t1,20260912,2016H1,53,24632,115,auc,0.8222330202113528,0.7811424930174095,0.8633235474052962,True
2002H2-E,E,tabpfn@t1,20260912,2016H1,53,24632,115,gini,0.6444660404227056,0.5622849860348189,0.7266470948105923,True
2002H2-E,E,tabpfn@t1,20260912,2016H1,53,24632,115,ks,0.5625182881088722,,,True
2002H2-E,E,tabpfn@t1,20260912,2016H1,53,24632,115,brier,0.0046823614388120235,,,True
2002H2-E,E,tabpfn@t1,20260912,2016H1,53,24632,115,brier_miscalibration,0.00011201186832549611,,,True
2002H2-E,E,tabpfn@t1,20260912,2016H1,53,24632,115,brier_discrimination,7.657706091450996e-05,,,True
2002H2-E,E,tabpfn@t1,20260912,2016H1,53,24632,115,brier_uncertainty,0.004646926631401037,,,True
2002H2-E,E,tabpfn@t1,20260912,2016H1,53,24632,115,observed_over_expected,0.5993480954479349,0.4950150020166754,0.7190898763449017,True
2002H2-E,E,tabpfn@t1,20260912,2016H1,53,24632,115,log_oe,-0.5119127220300229,-0.7031672097683029,-0.32976892720265616,True
2002H2-E,E,tabpfn@t1,20260912,2016H1,53,24632,115,cox_intercept,-0.5799476868658552,-1.2108740587613656,0.05097868502965519,True
2002H2-E,E,tabpfn@t1,20260912,2016H1,53,24632,115,cox_slope,0.9868875922991919,0.8399225017725792,1.1338526828258044,True
2002H2-E,E,tabpfn@t1,20260912,2016H1,53,24632,115,psi,0.10197161135518733,,,True
2002H2-E,E,tabpfn@t1,20260912,2016H1,53,24632,115,psi_critical,0.0010252493801461782,,,True
2002H2-E,E,tabpfn@t1,20260912,2016H2,55,24760,121,auc,0.7996752444136305,0.7630953470810841,0.8362551417461769,True
2002H2-E,E,tabpfn@t1,20260912,2016H2,55,24760,121,gini,0.5993504888272609,0.5261906941621681,0.6725102834923538,True
2002H2-E,E,tabpfn@t1,20260912,2016H2,55,24760,121,ks,0.4967646870395285,,,True
2002H2-E,E,tabpfn@t1,20260912,2016H2,55,24760,121,brier,0.004847036083821363,,,True
2002H2-E,E,tabpfn@t1,20260912,2016H2,55,24760,121,brier_miscalibration,4.892799766349071e-05,,,True
2002H2-E,E,tabpfn@t1,20260912,2016H2,55,24760,121,brier_discrimination,6.492435973301947e-05,,,True
2002H2-E,E,tabpfn@t1,20260912,2016H2,55,24760,121,brier_uncertainty,0.004863032445890892,,,True
2002H2-E,E,tabpfn@t1,20260912,2016H2,55,24760,121,observed_over_expected,0.7299945870138593,0.6059702323352096,0.8718346859024968,True
2002H2-E,E,tabpfn@t1,20260912,2016H2,55,24760,121,log_oe,-0.3147181599166996,-0.5009244156783859,-0.1371554534328355,True
2002H2-E,E,tabpfn@t1,20260912,2016H2,55,24760,121,cox_intercept,-0.5763979355103026,-1.2913170557317564,0.13852118471115105,True
2002H2-E,E,tabpfn@t1,20260912,2016H2,55,24760,121,cox_slope,0.9416573043242152,0.7846375532295957,1.0986770554188348,True
2002H2-E,E,tabpfn@t1,20260912,2016H2,55,24760,121,psi,0.15972690994587105,,,True
2002H2-E,E,tabpfn@t1,20260912,2016H2,55,24760,121,psi_critical,0.0010216985183533317,,,True
2002H2-E,E,tabpfn@t1,20260912,2017H1,57,24541,162,auc,0.7989065675325706,0.7710743151282629,0.8267388199368784,True
2002H2-E,E,tabpfn@t1,20260912,2017H1,57,24541,162,gini,0.5978131350651412,0.5421486302565257,0.6534776398737567,True
2002H2-E,E,tabpfn@t1,20260912,2017H1,57,24541,162,ks,0.47839873317401793,,,True
2002H2-E,E,tabpfn@t1,20260912,2017H1,57,24541,162,brier,0.006561321196135192,,,True
2002H2-E,E,tabpfn@t1,20260912,2017H1,57,24541,162,brier_miscalibration,7.799504512732199e-05,,,True
2002H2-E,E,tabpfn@t1,20260912,2017H1,57,24541,162,brier_discrimination,7.429602921212725e-05,,,True
2002H2-E,E,tabpfn@t1,20260912,2017H1,57,24541,162,brier_uncertainty,0.006557622180219997,,,True
2002H2-E,E,tabpfn@t1,20260912,2017H1,57,24541,162,observed_over_expected,0.7961756510432398,0.6786105897393777,0.928146778912142,True
2002H2-E,E,tabpfn@t1,20260912,2017H1,57,24541,162,log_oe,-0.22793545034141766,-0.387707821479118,-0.07456539177181921,True
2002H2-E,E,tabpfn@t1,20260912,2017H1,57,24541,162,cox_intercept,-0.5609225697968567,-1.1564470775218276,0.03460193792811417,True
2002H2-E,E,tabpfn@t1,20260912,2017H1,57,24541,162,cox_slope,0.9220339639825967,0.7863421499440248,1.0577257780211686,True
2002H2-E,E,tabpfn@t1,20260912,2017H1,57,24541,162,psi,0.09717554422732717,,,True
2002H2-E,E,tabpfn@t1,20260912,2017H1,57,24541,162,psi_critical,0.0010277963486622491,,,True
2002H2-E,E,tabpfn@t1,20260912,2017H2,59,24680,143,auc,0.8153138787690689,0.7841752955398362,0.8464524619983016,True
2002H2-E,E,tabpfn@t1,20260912,2017H2,59,24680,143,gini,0.6306277575381378,0.5683505910796725,0.6929049239966032,True
2002H2-E,E,tabpfn@t1,20260912,2017H2,59,24680,143,ks,0.5037011323843456,,,True
2002H2-E,E,tabpfn@t1,20260912,2017H2,59,24680,143,brier,0.005683740790734309,,,True
2002H2-E,E,tabpfn@t1,20260912,2017H2,59,24680,143,brier_miscalibration,4.585793233555669e-05,,,True
2002H2-E,E,tabpfn@t1,20260912,2017H2,59,24680,143,brier_discrimination,0.00012271010593696563,,,True
2002H2-E,E,tabpfn@t1,20260912,2017H2,59,24680,143,brier_uncertainty,0.005760592964335718,,,True
2002H2-E,E,tabpfn@t1,20260912,2017H2,59,24680,143,observed_over_expected,0.7312747001653265,0.6166016658795151,0.8609863817775676,True
2002H2-E,E,tabpfn@t1,20260912,2017H2,59,24680,143,log_oe,-0.31296610300266947,-0.48353206181541825,-0.14967659143028494,True
2002H2-E,E,tabpfn@t1,20260912,2017H2,59,24680,143,cox_intercept,0.22042622584847443,-0.4815963402844114,0.9224487919813602,True
2002H2-E,E,tabpfn@t1,20260912,2017H2,59,24680,143,cox_slope,1.1287602289769547,0.9635648505366218,1.2939556074172878,True
2002H2-E,E,tabpfn@t1,20260912,2017H2,59,24680,143,psi,0.10354438593891888,,,True
2002H2-E,E,tabpfn@t1,20260912,2017H2,59,24680,143,psi_critical,0.0010239134906912927,,,True
2002H2-E,E,tabpfn@t1,20260912,2018H1,61,24416,148,auc,0.7851016965952271,0.7494891014694572,0.820714291720997,True
2002H2-E,E,tabpfn@t1,20260912,2018H1,61,24416,148,gini,0.5702033931904542,0.4989782029389145,0.6414285834419939,True
2002H2-E,E,tabpfn@t1,20260912,2018H1,61,24416,148,ks,0.4365731315624179,,,True
2002H2-E,E,tabpfn@t1,20260912,2018H1,61,24416,148,brier,0.005987485101920111,,,True
2002H2-E,E,tabpfn@t1,20260912,2018H1,61,24416,148,brier_miscalibration,3.787413047655862e-05,,,True
2002H2-E,E,tabpfn@t1,20260912,2018H1,61,24416,148,brier_discrimination,7.524499821474212e-05,,,True
2002H2-E,E,tabpfn@t1,20260912,2018H1,61,24416,148,brier_uncertainty,0.006024855969658295,,,True
2002H2-E,E,tabpfn@t1,20260912,2018H1,61,24416,148,observed_over_expected,0.7704410307437047,0.6516108589838174,0.9045647813727984,True
2002H2-E,E,tabpfn@t1,20260912,2018H1,61,24416,148,log_oe,-0.2607921609033159,-0.42830773728596067,-0.10030135551433901,True
2002H2-E,E,tabpfn@t1,20260912,2018H1,61,24416,148,cox_intercept,-0.22173628178365856,-0.9373173741689429,0.49384481060162577,True
2002H2-E,E,tabpfn@t1,20260912,2018H1,61,24416,148,cox_slope,1.010280110122809,0.8474898631273654,1.1730703571182526,True
2002H2-E,E,tabpfn@t1,20260912,2018H1,61,24416,148,psi,0.11772259995169117,,,True
2002H2-E,E,tabpfn@t1,20260912,2018H1,61,24416,148,psi_critical,0.0010313258825568768,,,True
2002H2-E,E,tabpfn@t1,20260912,2018H2,63,24543,146,auc,0.7812289968281526,0.74558637429489,0.8168716193614152,True
2002H2-E,E,tabpfn@t1,20260912,2018H2,63,24543,146,gini,0.5624579936563052,0.4911727485897801,0.6337432387228303,True
2002H2-E,E,tabpfn@t1,20260912,2018H2,63,24543,146,ks,0.4305812358469855,,,True
2002H2-E,E,tabpfn@t1,20260912,2018H2,63,24543,146,brier,0.005875646466796245,,,True
2002H2-E,E,tabpfn@t1,20260912,2018H2,63,24543,146,brier_miscalibration,2.6376522726404526e-05,,,True
2002H2-E,E,tabpfn@t1,20260912,2018H2,63,24543,146,brier_discrimination,6.408553483340084e-05,,,True
2002H2-E,E,tabpfn@t1,20260912,2018H2,63,24543,146,brier_uncertainty,0.005913355478903241,,,True
2002H2-E,E,tabpfn@t1,20260912,2018H2,63,24543,146,observed_over_expected,0.7380155721911938,0.6234372136196654,0.8674505918165148,True
2002H2-E,E,tabpfn@t1,20260912,2018H2,63,24543,146,log_oe,-0.3037903540742046,-0.47250721882088725,-0.14219672346147114,True
2002H2-E,E,tabpfn@t1,20260912,2018H2,63,24543,146,cox_intercept,-0.22428208210282427,-0.9806326156483988,0.5320684514427502,True
2002H2-E,E,tabpfn@t1,20260912,2018H2,63,24543,146,cox_slope,1.0197565750733932,0.8472503793166914,1.192262770830095,True
2002H2-E,E,tabpfn@t1,20260912,2018H2,63,24543,146,psi,0.12399662879942903,,,True
2002H2-E,E,tabpfn@t1,20260912,2018H2,63,24543,146,psi_critical,0.0010277401683422744,,,True
2002H2-E,E,tabpfn@t1,20260912,2019H1,65,24752,110,auc,0.7142273723354805,0.6646167294004808,0.7638380152704802,True
2002H2-E,E,tabpfn@t1,20260912,2019H1,65,24752,110,gini,0.428454744670961,0.32923345880096155,0.5276760305409605,True
2002H2-E,E,tabpfn@t1,20260912,2019H1,65,24752,110,ks,0.35647637809799976,,,True
2002H2-E,E,tabpfn@t1,20260912,2019H1,65,24752,110,brier,0.004422364210907774,,,True
2002H2-E,E,tabpfn@t1,20260912,2019H1,65,24752,110,brier_miscalibration,6.309141373993937e-05,,,True
2002H2-E,E,tabpfn@t1,20260912,2019H1,65,24752,110,brier_discrimination,6.506263488176896e-05,,,True
2002H2-E,E,tabpfn@t1,20260912,2019H1,65,24752,110,brier_uncertainty,0.004424335432049603,,,True
2002H2-E,E,tabpfn@t1,20260912,2019H1,65,24752,110,observed_over_expected,0.5747337680931166,0.47253892287892507,0.6923934107405711,True
2002H2-E,E,tabpfn@t1,20260912,2019H1,65,24752,110,log_oe,-0.5538483574199177,-0.7496351589777607,-0.3676009722756671,True
2002H2-E,E,tabpfn@t1,20260912,2019H1,65,24752,110,cox_intercept,-1.4998305080953909,-2.371262624175131,-0.628398392015651,True
2002H2-E,E,tabpfn@t1,20260912,2019H1,65,24752,110,cox_slope,0.7885281946057396,0.6008615705195632,0.976194818691916,True
2002H2-E,E,tabpfn@t1,20260912,2019H1,65,24752,110,psi,0.13937710595469044,,,True
2002H2-E,E,tabpfn@t1,20260912,2019H1,65,24752,110,psi_critical,0.0010219193712836035,,,True
2002H2-E,E,tabpfn@t1,20260912,2019H2,67,24861,136,auc,0.687848985903765,0.6434267628589242,0.7322712089486058,True
2002H2-E,E,tabpfn@t1,20260912,2019H2,67,24861,136,gini,0.37569797180752995,0.2868535257178484,0.4645424178972115,True
2002H2-E,E,tabpfn@t1,20260912,2019H2,67,24861,136,ks,0.2786549098911557,,,True
2002H2-E,E,tabpfn@t1,20260912,2019H2,67,24861,136,brier,0.005442349800188878,,,True
2002H2-E,E,tabpfn@t1,20260912,2019H2,67,24861,136,brier_miscalibration,2.788620882333056e-05,,,True
2002H2-E,E,tabpfn@t1,20260912,2019H2,67,24861,136,brier_discrimination,2.6026473016729258e-05,,,True
2002H2-E,E,tabpfn@t1,20260912,2019H2,67,24861,136,brier_uncertainty,0.0054404900643822765,,,True
2002H2-E,E,tabpfn@t1,20260912,2019H2,67,24861,136,observed_over_expected,0.8175685419901557,0.6862315433644509,0.9666077987454808,True
2002H2-E,E,tabpfn@t1,20260912,2019H2,67,24861,136,log_oe,-0.20142053631235657,-0.3765401814352613,-0.03396245137953334,True
2002H2-E,E,tabpfn@t1,20260912,2019H2,67,24861,136,cox_intercept,-1.911520919769114,-2.6979441224958975,-1.1250977170423306,True
2002H2-E,E,tabpfn@t1,20260912,2019H2,67,24861,136,cox_slope,0.6320537502791468,0.47307456144733784,0.7910329391109557,True
2002H2-E,E,tabpfn@t1,20260912,2019H2,67,24861,136,psi,0.16991939965722946,,,True
2002H2-E,E,tabpfn@t1,20260912,2019H2,67,24861,136,psi_critical,0.0010189224749281938,,,True
2002H2-E,E,tabpfn@t1,20260912,2020H1,69,24880,111,auc,0.6691741602315304,0.615865564964044,0.7224827554990169,True
2002H2-E,E,tabpfn@t1,20260912,2020H1,69,24880,111,gini,0.33834832046306085,0.23173112992808798,0.4449655109980337,True
2002H2-E,E,tabpfn@t1,20260912,2020H1,69,24880,111,ks,0.28769615026629847,,,True
2002H2-E,E,tabpfn@t1,20260912,2020H1,69,24880,111,brier,0.004459878617817885,,,True
2002H2-E,E,tabpfn@t1,20260912,2020H1,69,24880,111,brier_miscalibration,3.0763224307544385e-05,,,True
2002H2-E,E,tabpfn@t1,20260912,2020H1,69,24880,111,brier_discrimination,1.2395175549119626e-05,,,True
2002H2-E,E,tabpfn@t1,20260912,2020H1,69,24880,111,brier_uncertainty,0.00444151056905946,,,True
2002H2-E,E,tabpfn@t1,20260912,2020H1,69,24880,111,observed_over_expected,0.7988998476318281,0.6574561933076682,0.9616427875927186,True
2002H2-E,E,tabpfn@t1,20260912,2020H1,69,24880,111,log_oe,-0.22451968821661727,-0.4193771432978709,-0.0391122199424552,True
2002H2-E,E,tabpfn@t1,20260912,2020H1,69,24880,111,cox_intercept,-2.573694379563153,-3.444260128234221,-1.7031286308920852,True
2002H2-E,E,tabpfn@t1,20260912,2020H1,69,24880,111,cox_slope,0.5170906709055568,0.3517867159062673,0.6823946259048463,True
2002H2-E,E,tabpfn@t1,20260912,2020H1,69,24880,111,psi,0.2592112489996172,,,True
2002H2-E,E,tabpfn@t1,20260912,2020H1,69,24880,111,psi_critical,0.001018402767712202,,,True
2002H2-E,E,tabpfn@t1,20260912,2020H2,71,24919,71,auc,0.6932595249539736,0.6305108186436881,0.7560082312642591,False
2002H2-E,E,tabpfn@t1,20260912,2020H2,71,24919,71,gini,0.38651904990794717,0.26102163728737615,0.5120164625285182,False
2002H2-E,E,tabpfn@t1,20260912,2020H2,71,24919,71,ks,0.29904183633675846,,,False
2002H2-E,E,tabpfn@t1,20260912,2020H2,71,24919,71,brier,0.0028577903278462252,,,False
2002H2-E,E,tabpfn@t1,20260912,2020H2,71,24919,71,brier_miscalibration,2.6721287926443488e-05,,,False
2002H2-E,E,tabpfn@t1,20260912,2020H2,71,24919,71,brier_discrimination,1.0044349974813304e-05,,,False
2002H2-E,E,tabpfn@t1,20260912,2020H2,71,24919,71,brier_uncertainty,0.002841113389894595,,,False
2002H2-E,E,tabpfn@t1,20260912,2020H2,71,24919,71,observed_over_expected,0.6096423618908359,0.4762748625789564,0.7686944356190543,False
2002H2-E,E,tabpfn@t1,20260912,2020H2,71,24919,71,log_oe,-0.4948827857333672,-0.741760149013657,-0.2630617413431757,False
2002H2-E,E,tabpfn@t1,20260912,2020H2,71,24919,71,cox_intercept,-2.454261968750569,-3.5555863141050863,-1.3529376233960515,False
2002H2-E,E,tabpfn@t1,20260912,2020H2,71,24919,71,cox_slope,0.6070564025548435,0.4004054094998113,0.8137073956098757,False
2002H2-E,E,tabpfn@t1,20260912,2020H2,71,24919,71,psi,0.4055511190649086,,,False
2002H2-E,E,tabpfn@t1,20260912,2020H2,71,24919,71,psi_critical,0.001017338483214061,,,False
2002H2-E,E,tabpfn@t1,20260912,2021H1,73,24909,90,auc,0.7751753808685998,0.7285168475857894,0.8218339141514103,False
2002H2-E,E,tabpfn@t1,20260912,2021H1,73,24909,90,gini,0.5503507617371997,0.45703369517157877,0.6436678283028205,False
2002H2-E,E,tabpfn@t1,20260912,2021H1,73,24909,90,ks,0.41239507366668005,,,False
2002H2-E,E,tabpfn@t1,20260912,2021H1,73,24909,90,brier,0.0035938181157591205,,,False
2002H2-E,E,tabpfn@t1,20260912,2021H1,73,24909,90,brier_miscalibration,1.9612263459605275e-05,,,False
2002H2-E,E,tabpfn@t1,20260912,2021H1,73,24909,90,brier_discrimination,2.5891154061497175e-05,,,False
2002H2-E,E,tabpfn@t1,20260912,2021H1,73,24909,90,brier_uncertainty,0.0036000970063610124,,,False
2002H2-E,E,tabpfn@t1,20260912,2021H1,73,24909,90,observed_over_expected,0.6525469555560293,0.5249001682843525,0.8017587200520507,False
2002H2-E,E,tabpfn@t1,20260912,2021H1,73,24909,90,log_oe,-0.4268721798364919,-0.6445471901212434,-0.22094756419480321,False
2002H2-E,E,tabpfn@t1,20260912,2021H1,73,24909,90,cox_intercept,-0.6989728542972264,-1.6499721468789,0.25202643828444704,False
2002H2-E,E,tabpfn@t1,20260912,2021H1,73,24909,90,cox_slope,0.9423542420709727,0.7430244505896368,1.1416840335523086,False
2002H2-E,E,tabpfn@t1,20260912,2021H1,73,24909,90,psi,0.2655109927757242,,,False
2002H2-E,E,tabpfn@t1,20260912,2021H1,73,24909,90,psi_critical,0.0010176110589622332,,,False
2002H2-E,E,tabpfn@t1,20260912,2021H2,75,24929,136,auc,0.7598678825380029,0.7215960011304454,0.7981397639455603,True
2002H2-E,E,tabpfn@t1,20260912,2021H2,75,24929,136,gini,0.5197357650760057,0.44319200226089084,0.5962795278911206,True
2002H2-E,E,tabpfn@t1,20260912,2021H2,75,24929,136,ks,0.3945969687838835,,,True
2002H2-E,E,tabpfn@t1,20260912,2021H2,75,24929,136,brier,0.005398742501965122,,,True
2002H2-E,E,tabpfn@t1,20260912,2021H2,75,24929,136,brier_miscalibration,2.2036430675650975e-05,,,True
2002H2-E,E,tabpfn@t1,20260912,2021H2,75,24929,136,brier_discrimination,4.9025120100124574e-05,,,True
2002H2-E,E,tabpfn@t1,20260912,2021H2,75,24929,136,brier_uncertainty,0.005425731191389596,,,True
2002H2-E,E,tabpfn@t1,20260912,2021H2,75,24929,136,observed_over_expected,0.8110636139763376,0.680770806480343,0.9589183618459739,True
2002H2-E,E,tabpfn@t1,20260912,2021H2,75,24929,136,log_oe,-0.20940878900783164,-0.3845295838404835,-0.04194933614154223,True
2002H2-E,E,tabpfn@t1,20260912,2021H2,75,24929,136,cox_intercept,-0.7368796944142489,-1.4975466442771863,0.023787255448688427,True
2002H2-E,E,tabpfn@t1,20260912,2021H2,75,24929,136,cox_slope,0.8829841425490781,0.7195416526001911,1.046426632497965,True
2002H2-E,E,tabpfn@t1,20260912,2021H2,75,24929,136,psi,0.15247231945224157,,,True
2002H2-E,E,tabpfn@t1,20260912,2021H2,75,24929,136,psi_critical,0.0010170661261475434,,,True
2002H2-E,E,tabpfn@t1,20260912,2022H1,77,24889,291,auc,0.7825079512233694,0.7581433615639085,0.8068725408828302,True
2002H2-E,E,tabpfn@t1,20260912,2022H1,77,24889,291,gini,0.5650159024467387,0.516286723127817,0.6137450817656604,True
2002H2-E,E,tabpfn@t1,20260912,2022H1,77,24889,291,ks,0.44130120935711536,,,True
2002H2-E,E,tabpfn@t1,20260912,2022H1,77,24889,291,brier,0.011408540674504917,,,True
2002H2-E,E,tabpfn@t1,20260912,2022H1,77,24889,291,brier_miscalibration,5.72657103767131e-05,,,True
2002H2-E,E,tabpfn@t1,20260912,2022H1,77,24889,291,brier_discrimination,0.0002039363172372053,,,True
2002H2-E,E,tabpfn@t1,20260912,2022H1,77,24889,291,brier_uncertainty,0.01155521128136541,,,True
2002H2-E,E,tabpfn@t1,20260912,2022H1,77,24889,291,observed_over_expected,1.4164611669210558,1.2591733686428705,1.5877792349111866,True
2002H2-E,E,tabpfn@t1,20260912,2022H1,77,24889,291,log_oe,0.34816162510223253,0.23045544903142073,0.46233633232386745,True
2002H2-E,E,tabpfn@t1,20260912,2022H1,77,24889,291,cox_intercept,0.3580110092916948,-0.17058158538674584,0.8866036039701355,True
2002H2-E,E,tabpfn@t1,20260912,2022H1,77,24889,291,cox_slope,1.0002662606630153,0.879797956762075,1.1207345645639555,True
2002H2-E,E,tabpfn@t1,20260912,2022H1,77,24889,291,psi,0.10699606636760288,,,True
2002H2-E,E,tabpfn@t1,20260912,2022H1,77,24889,291,psi_critical,0.0010181568675578937,,,True
2002H2-E,E,tabpfn@t1,20260912,2022H2,79,24859,373,auc,0.7779003332647927,0.7553905195630013,0.8004101469665841,True
2002H2-E,E,tabpfn@t1,20260912,2022H2,79,24859,373,gini,0.5558006665295854,0.5107810391260026,0.6008202939331682,True
2002H2-E,E,tabpfn@t1,20260912,2022H2,79,24859,373,ks,0.43688213585527563,,,True
2002H2-E,E,tabpfn@t1,20260912,2022H2,79,24859,373,brier,0.014582006578466162,,,True
2002H2-E,E,tabpfn@t1,20260912,2022H2,79,24859,373,brier_miscalibration,0.00015412753441891754,,,True
2002H2-E,E,tabpfn@t1,20260912,2022H2,79,24859,373,brier_discrimination,0.00035160824297152116,,,True
2002H2-E,E,tabpfn@t1,20260912,2022H2,79,24859,373,brier_uncertainty,0.014779487287018766,,,True
2002H2-E,E,tabpfn@t1,20260912,2022H2,79,24859,373,observed_over_expected,1.8724056296577674,1.6884098963291663,2.070740556153563,True
2002H2-E,E,tabpfn@t1,20260912,2022H2,79,24859,373,log_oe,0.6272240370926271,0.5237871962743252,0.7279062998935699,True
2002H2-E,E,tabpfn@t1,20260912,2022H2,79,24859,373,cox_intercept,0.7748876612738268,0.29613554783552387,1.2536397747121297,True
2002H2-E,E,tabpfn@t1,20260912,2022H2,79,24859,373,cox_slope,1.030069924539845,0.9217996982117781,1.138340150867912,True
2002H2-E,E,tabpfn@t1,20260912,2022H2,79,24859,373,psi,0.1499424872484225,,,True
2002H2-E,E,tabpfn@t1,20260912,2022H2,79,24859,373,psi_critical,0.0010189772271646342,,,True
2002H2-E,E,tabpfn@t1,20260912,2023H1,81,24882,381,auc,0.794367651821164,0.7741357203823727,0.8145995832599553,True
2002H2-E,E,tabpfn@t1,20260912,2023H1,81,24882,381,gini,0.588735303642328,0.5482714407647453,0.6291991665199106,True
2002H2-E,E,tabpfn@t1,20260912,2023H1,81,24882,381,ks,0.4624448881565817,,,True
2002H2-E,E,tabpfn@t1,20260912,2023H1,81,24882,381,brier,0.01489913518569258,,,True
2002H2-E,E,tabpfn@t1,20260912,2023H1,81,24882,381,brier_miscalibration,0.00018103914454705924,,,True
2002H2-E,E,tabpfn@t1,20260912,2023H1,81,24882,381,brier_discrimination,0.0003597121588199501,,,True
2002H2-E,E,tabpfn@t1,20260912,2023H1,81,24882,381,brier_uncertainty,0.015077808199965471,,,True
2002H2-E,E,tabpfn@t1,20260912,2023H1,81,24882,381,observed_over_expected,1.9894408213838135,1.795982743490803,2.197802353084998,True
2002H2-E,E,tabpfn@t1,20260912,2023H1,81,24882,381,log_oe,0.6878536049706206,0.5855523615325131,0.7874579306848583,True
2002H2-E,E,tabpfn@t1,20260912,2023H1,81,24882,381,cox_intercept,1.1801530949767056,0.683222449862847,1.6770837400905643,True
2002H2-E,E,tabpfn@t1,20260912,2023H1,81,24882,381,cox_slope,1.1087669351555376,0.9961390221560451,1.22139484815503,True
2002H2-E,E,tabpfn@t1,20260912,2023H1,81,24882,381,psi,0.16815304112969598,,,True
2002H2-E,E,tabpfn@t1,20260912,2023H1,81,24882,381,psi_critical,0.001018348107860452,,,True
2002H2-E,E,tabpfn@t1,20260912,2023H2,83,24866,363,auc,0.8111639559736824,0.7918150585852552,0.8305128533621096,True
2002H2-E,E,tabpfn@t1,20260912,2023H2,83,24866,363,gini,0.6223279119473648,0.5836301171705105,0.6610257067242191,True
2002H2-E,E,tabpfn@t1,20260912,2023H2,83,24866,363,ks,0.4933234126950666,,,True
2002H2-E,E,tabpfn@t1,20260912,2023H2,83,24866,363,brier,0.014183852655769482,,,True
2002H2-E,E,tabpfn@t1,20260912,2023H2,83,24866,363,brier_miscalibration,0.00021024974503569029,,,True
2002H2-E,E,tabpfn@t1,20260912,2023H2,83,24866,363,brier_discrimination,0.0004115348872052362,,,True
2002H2-E,E,tabpfn@t1,20260912,2023H2,83,24866,363,brier_uncertainty,0.014385137797939028,,,True
2002H2-E,E,tabpfn@t1,20260912,2023H2,83,24866,363,observed_over_expected,1.988483875282776,1.7904409317165926,2.2021911820907603,True
2002H2-E,E,tabpfn@t1,20260912,2023H2,83,24866,363,log_oe,0.6873724766474529,0.5824619200861996,0.7894528565529101,True
2002H2-E,E,tabpfn@t1,20260912,2023H2,83,24866,363,cox_intercept,1.5027285974414704,0.9905726982537995,2.0148844966291413,True
2002H2-E,E,tabpfn@t1,20260912,2023H2,83,24866,363,cox_slope,1.1829045260276676,1.066122051560889,1.2996870004944463,True
2002H2-E,E,tabpfn@t1,20260912,2023H2,83,24866,363,psi,0.15467839337373243,,,True
2002H2-E,E,tabpfn@t1,20260912,2023H2,83,24866,363,psi_critical,0.0010187856328701958,,,True
2002H2-E,E,tabpfn@t1,20260913,2003H1,1,24276,72,auc,0.8732039240529572,0.8312362112902826,0.9151716368156319,False
2002H2-E,E,tabpfn@t1,20260913,2003H1,1,24276,72,gini,0.7464078481059144,0.6624724225805652,0.8303432736312637,False
2002H2-E,E,tabpfn@t1,20260913,2003H1,1,24276,72,ks,0.6530738720872583,,,False
2002H2-E,E,tabpfn@t1,20260913,2003H1,1,24276,72,brier,0.00297534905304468,,,False
2002H2-E,E,tabpfn@t1,20260913,2003H1,1,24276,72,brier_miscalibration,0.00011563546965627416,,,False
2002H2-E,E,tabpfn@t1,20260913,2003H1,1,24276,72,brier_discrimination,9.738213908539947e-05,,,False
2002H2-E,E,tabpfn@t1,20260913,2003H1,1,24276,72,brier_uncertainty,0.0029570957224738055,,,False
2002H2-E,E,tabpfn@t1,20260913,2003H1,1,24276,72,observed_over_expected,0.40813900566434125,0.3194401820676621,0.513785772761275,False
2002H2-E,E,tabpfn@t1,20260913,2003H1,1,24276,72,log_oe,-0.8961474624453959,-1.1411852462684615,-0.6659488849169151,False
2002H2-E,E,tabpfn@t1,20260913,2003H1,1,24276,72,cox_intercept,-0.3453794240100752,-1.0622983411556723,0.371539493135522,False
2002H2-E,E,tabpfn@t1,20260913,2003H1,1,24276,72,cox_slope,1.148095859876922,0.9671151891979434,1.3290765305559007,False
2002H2-E,E,tabpfn@t1,20260913,2003H1,1,24276,72,psi,0.21450646154714048,,,False
2002H2-E,E,tabpfn@t1,20260913,2003H1,1,24276,72,psi_critical,0.0010353221128363722,,,False
2002H2-E,E,tabpfn@t1,20260913,2003H2,3,24205,139,auc,0.8469906199199205,0.8133335745847259,0.8806476652551152,True
2002H2-E,E,tabpfn@t1,20260913,2003H2,3,24205,139,gini,0.6939812398398411,0.6266671491694518,0.7612953305102304,True
2002H2-E,E,tabpfn@t1,20260913,2003H2,3,24205,139,ks,0.5849402751545959,,,True
2002H2-E,E,tabpfn@t1,20260913,2003H2,3,24205,139,brier,0.0056188230274169595,,,True
2002H2-E,E,tabpfn@t1,20260913,2003H2,3,24205,139,brier_miscalibration,6.827254040483056e-05,,,True
2002H2-E,E,tabpfn@t1,20260913,2003H2,3,24205,139,brier_discrimination,0.00015908704624382,,,True
2002H2-E,E,tabpfn@t1,20260913,2003H2,3,24205,139,brier_uncertainty,0.005709637533255949,,,True
2002H2-E,E,tabpfn@t1,20260913,2003H2,3,24205,139,observed_over_expected,0.6031851327347431,0.5073035432783158,0.7118343826287898,True
2002H2-E,E,tabpfn@t1,20260913,2003H2,3,24205,139,log_oe,-0.5055311099151797,-0.6786457498521465,-0.33991000329518334,True
2002H2-E,E,tabpfn@t1,20260913,2003H2,3,24205,139,cox_intercept,-0.17877357788817616,-0.7203328969216908,0.36278574114533846,True
2002H2-E,E,tabpfn@t1,20260913,2003H2,3,24205,139,cox_slope,1.0916187452386765,0.9516829263139679,1.2315545641633852,True
2002H2-E,E,tabpfn@t1,20260913,2003H2,3,24205,139,psi,0.05534245126756418,,,True
2002H2-E,E,tabpfn@t1,20260913,2003H2,3,24205,139,psi_critical,0.001037366439290114,,,True
2002H2-E,E,tabpfn@t1,20260913,2004H1,5,24219,181,auc,0.830626140287087,0.7999545505665956,0.8612977300075785,True
2002H2-E,E,tabpfn@t1,20260913,2004H1,5,24219,181,gini,0.6612522805741741,0.5999091011331912,0.722595460015157,True
2002H2-E,E,tabpfn@t1,20260913,2004H1,5,24219,181,ks,0.5398197789043958,,,True
2002H2-E,E,tabpfn@t1,20260913,2004H1,5,24219,181,brier,0.00731624861739738,,,True
2002H2-E,E,tabpfn@t1,20260913,2004H1,5,24219,181,brier_miscalibration,7.797501452956775e-05,,,True
2002H2-E,E,tabpfn@t1,20260913,2004H1,5,24219,181,brier_discrimination,0.0001793448663205419,,,True
2002H2-E,E,tabpfn@t1,20260913,2004H1,5,24219,181,brier_uncertainty,0.007417618469188354,,,True
2002H2-E,E,tabpfn@t1,20260913,2004H1,5,24219,181,observed_over_expected,0.7074700573561704,0.6084614117955042,0.8179001712988383,True
2002H2-E,E,tabpfn@t1,20260913,2004H1,5,24219,181,log_oe,-0.34605997211839823,-0.49682178385626213,-0.20101498980384422,True
2002H2-E,E,tabpfn@t1,20260913,2004H1,5,24219,181,cox_intercept,-0.3450373785922882,-0.8256728535952138,0.13559809641063741,True
2002H2-E,E,tabpfn@t1,20260913,2004H1,5,24219,181,cox_slope,1.003575196849081,0.8808712611633216,1.1262791325348402,True
2002H2-E,E,tabpfn@t1,20260913,2004H1,5,24219,181,psi,0.02603251031546469,,,True
2002H2-E,E,tabpfn@t1,20260913,2004H1,5,24219,181,psi_critical,0.0010369623839442791,,,True
2002H2-E,E,tabpfn@t1,20260913,2004H2,7,24090,202,auc,0.8204102644021936,0.796028922928504,0.8447916058758831,True
2002H2-E,E,tabpfn@t1,20260913,2004H2,7,24090,202,gini,0.6408205288043871,0.592057845857008,0.6895832117517662,True
2002H2-E,E,tabpfn@t1,20260913,2004H2,7,24090,202,ks,0.4980258533221038,,,True
2002H2-E,E,tabpfn@t1,20260913,2004H2,7,24090,202,brier,0.008288437993438513,,,True
2002H2-E,E,tabpfn@t1,20260913,2004H2,7,24090,202,brier_miscalibration,0.00011957403458526077,,,True
2002H2-E,E,tabpfn@t1,20260913,2004H2,7,24090,202,brier_discrimination,0.00014604617560344708,,,True
2002H2-E,E,tabpfn@t1,20260913,2004H2,7,24090,202,brier_uncertainty,0.0083149101344567,,,True
2002H2-E,E,tabpfn@t1,20260913,2004H2,7,24090,202,observed_over_expected,0.6679631961773446,0.5793322061057085,0.7662265824139319,True
2002H2-E,E,tabpfn@t1,20260913,2004H2,7,24090,202,log_oe,-0.40352220250620385,-0.5458792075591813,-0.26627735348559667,True
2002H2-E,E,tabpfn@t1,20260913,2004H2,7,24090,202,cox_intercept,-0.6222200934493294,-1.078727783566775,-0.1657124033318838,True
2002H2-E,E,tabpfn@t1,20260913,2004H2,7,24090,202,cox_slope,0.9440680270424977,0.8258425589687697,1.0622934951162257,True
2002H2-E,E,tabpfn@t1,20260913,2004H2,7,24090,202,psi,0.0018306262390937285,,,True
2002H2-E,E,tabpfn@t1,20260913,2004H2,7,24090,202,psi_critical,0.0010407032384610452,,,True
2002H2-E,E,tabpfn@t1,20260913,2005H1,9,24233,248,auc,0.7985358792793883,0.7716415918570522,0.8254301667017244,True
2002H2-E,E,tabpfn@t1,20260913,2005H1,9,24233,248,gini,0.5970717585587766,0.5432831837141043,0.6508603334034488,True
2002H2-E,E,tabpfn@t1,20260913,2005H1,9,24233,248,ks,0.4996054321585399,,,True
2002H2-E,E,tabpfn@t1,20260913,2005H1,9,24233,248,brier,0.009991380346511342,,,True
2002H2-E,E,tabpfn@t1,20260913,2005H1,9,24233,248,brier_miscalibration,7.315609528104824e-05,,,True
2002H2-E,E,tabpfn@t1,20260913,2005H1,9,24233,248,brier_discrimination,0.0002110198927938369,,,True
2002H2-E,E,tabpfn@t1,20260913,2005H1,9,24233,248,brier_uncertainty,0.01012924414402413,,,True
2002H2-E,E,tabpfn@t1,20260913,2005H1,9,24233,248,observed_over_expected,0.8546639981467,0.7520447673867816,0.9672620495873732,True
2002H2-E,E,tabpfn@t1,20260913,2005H1,9,24233,248,log_oe,-0.15704687190781316,-0.2849594257047592,-0.033285827906224474,True
2002H2-E,E,tabpfn@t1,20260913,2005H1,9,24233,248,cox_intercept,-0.5979299614925451,-1.0129779411602566,-0.18288198182483345,True
2002H2-E,E,tabpfn@t1,20260913,2005H1,9,24233,248,cox_slope,0.8836021004357519,0.779856688579132,0.9873475122923718,True
2002H2-E,E,tabpfn@t1,20260913,2005H1,9,24233,248,psi,0.0024323541892679696,,,True
2002H2-E,E,tabpfn@t1,20260913,2005H1,9,24233,248,psi_critical,0.001036558795463863,,,True
2002H2-E,E,tabpfn@t1,20260913,2005H2,11,24082,266,auc,0.8280771314413006,0.8055435518492692,0.850610711033332,True
2002H2-E,E,tabpfn@t1,20260913,2005H2,11,24082,266,gini,0.6561542628826011,0.6110871036985384,0.7012214220666639,True
2002H2-E,E,tabpfn@t1,20260913,2005H2,11,24082,266,ks,0.5227259238118811,,,True
2002H2-E,E,tabpfn@t1,20260913,2005H2,11,24082,266,brier,0.010660938314889673,,,True
2002H2-E,E,tabpfn@t1,20260913,2005H2,11,24082,266,brier_miscalibration,4.784756617373653e-05,,,True
2002H2-E,E,tabpfn@t1,20260913,2005H2,11,24082,266,brier_discrimination,0.0003104983193658959,,,True
2002H2-E,E,tabpfn@t1,20260913,2005H2,11,24082,266,brier_uncertainty,0.010923589068081833,,,True
2002H2-E,E,tabpfn@t1,20260913,2005H2,11,24082,266,observed_over_expected,0.8977145655142597,0.7935603508002738,1.0116178888146934,True
2002H2-E,E,tabpfn@t1,20260913,2005H2,11,24082,266,log_oe,-0.10790311698155787,-0.23122568544874697,0.011550919341277993,True
2002H2-E,E,tabpfn@t1,20260913,2005H2,11,24082,266,cox_intercept,-0.038520428935470745,-0.4452664981957079,0.3682256403247664,True
2002H2-E,E,tabpfn@t1,20260913,2005H2,11,24082,266,cox_slope,1.0202619717111383,0.9135290849245213,1.1269948584977554,True
2002H2-E,E,tabpfn@t1,20260913,2005H2,11,24082,266,psi,0.00440113343220078,,,True
2002H2-E,E,tabpfn@t1,20260913,2005H2,11,24082,266,psi_critical,0.0010409365492114375,,,True
2002H2-E,E,tabpfn@t1,20260913,2006H1,13,23280,405,auc,0.8049531673750253,0.785647054233342,0.8242592805167086,True
2002H2-E,E,tabpfn@t1,20260913,2006H1,13,23280,405,gini,0.6099063347500506,0.571294108466684,0.6485185610334172,True
2002H2-E,E,tabpfn@t1,20260913,2006H1,13,23280,405,ks,0.48688119813802877,,,True
2002H2-E,E,tabpfn@t1,20260913,2006H1,13,23280,405,brier,0.016652510008315403,,,True
2002H2-E,E,tabpfn@t1,20260913,2006H1,13,23280,405,brier_miscalibration,0.00011003686716959393,,,True
2002H2-E,E,tabpfn@t1,20260913,2006H1,13,23280,405,brier_discrimination,0.000551781694649707,,,True
2002H2-E,E,tabpfn@t1,20260913,2006H1,13,23280,405,brier_uncertainty,0.017094254835795516,,,True
2002H2-E,E,tabpfn@t1,20260913,2006H1,13,23280,405,observed_over_expected,1.2490184133148161,1.1312362362228308,1.3755606594204268,True
2002H2-E,E,tabpfn@t1,20260913,2006H1,13,23280,405,log_oe,0.22235797348058137,0.12331104908313606,0.31886140031591914,True
2002H2-E,E,tabpfn@t1,20260913,2006H1,13,23280,405,cox_intercept,-0.05671269386398482,-0.388838074190831,0.2754126864628614,True
2002H2-E,E,tabpfn@t1,20260913,2006H1,13,23280,405,cox_slope,0.919879206093566,0.8337378191288327,1.0060205930582993,True
2002H2-E,E,tabpfn@t1,20260913,2006H1,13,23280,405,psi,0.023562929243411333,,,True
2002H2-E,E,tabpfn@t1,20260913,2006H1,13,23280,405,psi_critical,0.0010651397584764489,,,True
2002H2-E,E,tabpfn@t1,20260913,2006H2,15,23898,525,auc,0.8033896661389924,0.7862812274087355,0.8204981048692493,True
2002H2-E,E,tabpfn@t1,20260913,2006H2,15,23898,525,gini,0.6067793322779849,0.572562454817471,0.6409962097384987,True
2002H2-E,E,tabpfn@t1,20260913,2006H2,15,23898,525,ks,0.4761168870063749,,,True
2002H2-E,E,tabpfn@t1,20260913,2006H2,15,23898,525,brier,0.02087894649687705,,,True
2002H2-E,E,tabpfn@t1,20260913,2006H2,15,23898,525,brier_miscalibration,0.000189787172046256,,,True
2002H2-E,E,tabpfn@t1,20260913,2006H2,15,23898,525,brier_discrimination,0.0007965971436752969,,,True
2002H2-E,E,tabpfn@t1,20260913,2006H2,15,23898,525,brier_uncertainty,0.02148575646850609,,,True
2002H2-E,E,tabpfn@t1,20260913,2006H2,15,23898,525,observed_over_expected,1.5175794658348376,1.3917825819808791,1.6514933817494848,True
2002H2-E,E,tabpfn@t1,20260913,2006H2,15,23898,525,log_oe,0.4171166088637041,0.3305853586074366,0.5016799584228664,True
2002H2-E,E,tabpfn@t1,20260913,2006H2,15,23898,525,cox_intercept,0.10969830035249019,-0.17887300905508818,0.39826960976006853,True
2002H2-E,E,tabpfn@t1,20260913,2006H2,15,23898,525,cox_slope,0.9076806211927935,0.8327105133413175,0.9826507290442694,True
2002H2-E,E,tabpfn@t1,20260913,2006H2,15,23898,525,psi,0.03206736854848075,,,True
2002H2-E,E,tabpfn@t1,20260913,2006H2,15,23898,525,psi_critical,0.001046345808876259,,,True
2002H2-E,E,tabpfn@t1,20260913,2007H1,17,23169,808,auc,0.8043521949238885,0.7908397931888443,0.8178645966589327,True
2002H2-E,E,tabpfn@t1,20260913,2007H1,17,23169,808,gini,0.6087043898477771,0.5816795863776887,0.6357291933178655,True
2002H2-E,E,tabpfn@t1,20260913,2007H1,17,23169,808,ks,0.47196304253206056,,,True
2002H2-E,E,tabpfn@t1,20260913,2007H1,17,23169,808,brier,0.03268451456486681,,,True
2002H2-E,E,tabpfn@t1,20260913,2007H1,17,23169,808,brier_miscalibration,0.0009144719147329075,,,True
2002H2-E,E,tabpfn@t1,20260913,2007H1,17,23169,808,brier_discrimination,0.0018879338810175589,,,True
2002H2-E,E,tabpfn@t1,20260913,2007H1,17,23169,808,brier_uncertainty,0.03365797653115146,,,True
2002H2-E,E,tabpfn@t1,20260913,2007H1,17,23169,808,observed_over_expected,2.24413630779458,2.09449819343017,2.4013421061363225,True
2002H2-E,E,tabpfn@t1,20260913,2007H1,17,23169,808,log_oe,0.8083207290396212,0.7393139988742248,0.8760277919438916,True
2002H2-E,E,tabpfn@t1,20260913,2007H1,17,23169,808,cox_intercept,0.5458191304436124,0.3107675120486353,0.7808707488385895,True
2002H2-E,E,tabpfn@t1,20260913,2007H1,17,23169,808,cox_slope,0.9084382832213385,0.8470492635791251,0.9698273028635518,True
2002H2-E,E,tabpfn@t1,20260913,2007H1,17,23169,808,psi,0.04883779744182047,,,True
2002H2-E,E,tabpfn@t1,20260913,2007H1,17,23169,808,psi_critical,0.0010686215825909393,,,True
2002H2-E,E,tabpfn@t1,20260913,2007H2,19,24367,1560,auc,0.7889609071888636,0.7788208760984154,0.7991009382793117,True
2002H2-E,E,tabpfn@t1,20260913,2007H2,19,24367,1560,gini,0.5779218143777272,0.5576417521968309,0.5982018765586234,True
2002H2-E,E,tabpfn@t1,20260913,2007H2,19,24367,1560,ks,0.45485843864850306,,,True
2002H2-E,E,tabpfn@t1,20260913,2007H2,19,24367,1560,brier,0.05985014508320528,,,True
2002H2-E,E,tabpfn@t1,20260913,2007H2,19,24367,1560,brier_miscalibration,0.0045201568172736906,,,True
2002H2-E,E,tabpfn@t1,20260913,2007H2,19,24367,1560,brier_discrimination,0.004592333777891755,,,True
2002H2-E,E,tabpfn@t1,20260913,2007H2,19,24367,1560,brier_uncertainty,0.05992232204382335,,,True
2002H2-E,E,tabpfn@t1,20260913,2007H2,19,24367,1560,observed_over_expected,3.9648700910401504,3.776480285213468,4.159730366862916,True
2002H2-E,E,tabpfn@t1,20260913,2007H2,19,24367,1560,log_oe,1.3774730906257622,1.3287924343720563,1.4254502565145935,True
2002H2-E,E,tabpfn@t1,20260913,2007H2,19,24367,1560,cox_intercept,0.9544833840985842,0.7752714713942055,1.133695296802963,True
2002H2-E,E,tabpfn@t1,20260913,2007H2,19,24367,1560,cox_slope,0.8433915801372815,0.798183186704724,0.8885999735698391,True
2002H2-E,E,tabpfn@t1,20260913,2007H2,19,24367,1560,psi,0.04600436940019281,,,True
2002H2-E,E,tabpfn@t1,20260913,2007H2,19,24367,1560,psi_critical,0.0010327193396994369,,,True
2002H2-E,E,tabpfn@t1,20260913,2008H1,21,24660,1109,auc,0.7966764107547196,0.7845847882432593,0.80876803326618,True
2002H2-E,E,tabpfn@t1,20260913,2008H1,21,24660,1109,gini,0.5933528215094392,0.5691695764865186,0.6175360665323599,True
2002H2-E,E,tabpfn@t1,20260913,2008H1,21,24660,1109,ks,0.4537764464043825,,,True
2002H2-E,E,tabpfn@t1,20260913,2008H1,21,24660,1109,brier,0.04274894599846334,,,True
2002H2-E,E,tabpfn@t1,20260913,2008H1,21,24660,1109,brier_miscalibration,0.002750162127607071,,,True
2002H2-E,E,tabpfn@t1,20260913,2008H1,21,24660,1109,brier_discrimination,0.0029503840176175605,,,True
2002H2-E,E,tabpfn@t1,20260913,2008H1,21,24660,1109,brier_uncertainty,0.04294916788847383,,,True
2002H2-E,E,tabpfn@t1,20260913,2008H1,21,24660,1109,observed_over_expected,4.306410353476798,4.061927971012143,4.561226221179588,True
2002H2-E,E,tabpfn@t1,20260913,2008H1,21,24660,1109,log_oe,1.4601046924686676,1.4016577306061282,1.517591495530396,True
2002H2-E,E,tabpfn@t1,20260913,2008H1,21,24660,1109,cox_intercept,1.2128153707096907,0.9841720881172473,1.441458653302134,True
2002H2-E,E,tabpfn@t1,20260913,2008H1,21,24660,1109,cox_slope,0.9100802033484218,0.856958623886494,0.9632017828103495,True
2002H2-E,E,tabpfn@t1,20260913,2008H1,21,24660,1109,psi,0.016298220228658726,,,True
2002H2-E,E,tabpfn@t1,20260913,2008H1,21,24660,1109,psi_critical,0.0010244694792870743,,,True
2002H2-E,E,tabpfn@t1,20260913,2008H2,23,24746,863,auc,0.8118616494110993,0.798435642695172,0.8252876561270266,True
2002H2-E,E,tabpfn@t1,20260913,2008H2,23,24746,863,gini,0.6237232988221986,0.596871285390344,0.6505753122540532,True
2002H2-E,E,tabpfn@t1,20260913,2008H2,23,24746,863,ks,0.48342186117927444,,,True
2002H2-E,E,tabpfn@t1,20260913,2008H2,23,24746,863,brier,0.0333965215174977,,,True
2002H2-E,E,tabpfn@t1,20260913,2008H2,23,24746,863,brier_miscalibration,0.002048365358497707,,,True
2002H2-E,E,tabpfn@t1,20260913,2008H2,23,24746,863,brier_discrimination,0.0023099485506465067,,,True
2002H2-E,E,tabpfn@t1,20260913,2008H2,23,24746,863,brier_uncertainty,0.0336581047096465,,,True
2002H2-E,E,tabpfn@t1,20260913,2008H2,23,24746,863,observed_over_expected,4.234316889479636,3.960977513340347,4.521020142250247,True
2002H2-E,E,tabpfn@t1,20260913,2008H2,23,24746,863,log_oe,1.4432220139081364,1.3764908416078478,1.50873766356692,True
2002H2-E,E,tabpfn@t1,20260913,2008H2,23,24746,863,cox_intercept,1.7706612518945288,1.4855936679411408,2.055728835847917,True
2002H2-E,E,tabpfn@t1,20260913,2008H2,23,24746,863,cox_slope,1.056033601454105,0.991416463249269,1.120650739658941,True
2002H2-E,E,tabpfn@t1,20260913,2008H2,23,24746,863,psi,0.07869955103347212,,,True
2002H2-E,E,tabpfn@t1,20260913,2008H2,23,24746,863,psi_critical,0.0010220851046916352,,,True
2002H2-E,E,tabpfn@t1,20260913,2009H1,25,24844,119,auc,0.8120267480096185,0.7752662986176471,0.8487871974015899,True
2002H2-E,E,tabpfn@t1,20260913,2009H1,25,24844,119,gini,0.624053496019237,0.5505325972352941,0.6975743948031798,True
2002H2-E,E,tabpfn@t1,20260913,2009H1,25,24844,119,ks,0.5006082028362406,,,True
2002H2-E,E,tabpfn@t1,20260913,2009H1,25,24844,119,brier,0.004740351311584912,,,True
2002H2-E,E,tabpfn@t1,20260913,2009H1,25,24844,119,brier_miscalibration,4.759724832494993e-05,,,True
2002H2-E,E,tabpfn@t1,20260913,2009H1,25,24844,119,brier_discrimination,7.419180777905668e-05,,,True
2002H2-E,E,tabpfn@t1,20260913,2009H1,25,24844,119,brier_uncertainty,0.0047669458710390186,,,True
2002H2-E,E,tabpfn@t1,20260913,2009H1,25,24844,119,observed_over_expected,1.0074174603668427,0.8348884748962792,1.2049569465476457,True
2002H2-E,E,tabpfn@t1,20260913,2009H1,25,24844,119,log_oe,0.007390086288448135,-0.1804571260500812,0.18644383729821906,True
2002H2-E,E,tabpfn@t1,20260913,2009H1,25,24844,119,cox_intercept,0.09420809058286102,-0.6132591900204619,0.801675371186184,True
2002H2-E,E,tabpfn@t1,20260913,2009H1,25,24844,119,cox_slope,1.0183757247898615,0.87300471939685,1.163746730182873,True
2002H2-E,E,tabpfn@t1,20260913,2009H1,25,24844,119,psi,0.4553680549945551,,,True
2002H2-E,E,tabpfn@t1,20260913,2009H1,25,24844,119,psi_critical,0.001019388149927719,,,True
2002H2-E,E,tabpfn@t1,20260913,2009H2,27,24709,196,auc,0.8592332723078216,0.8330673795070052,0.8853991651086381,True
2002H2-E,E,tabpfn@t1,20260913,2009H2,27,24709,196,gini,0.7184665446156433,0.6661347590140103,0.7707983302172763,True
2002H2-E,E,tabpfn@t1,20260913,2009H2,27,24709,196,ks,0.6125789564387742,,,True
2002H2-E,E,tabpfn@t1,20260913,2009H2,27,24709,196,brier,0.007656323758830893,,,True
2002H2-E,E,tabpfn@t1,20260913,2009H2,27,24709,196,brier_miscalibration,0.00010082906374689858,,,True
2002H2-E,E,tabpfn@t1,20260913,2009H2,27,24709,196,brier_discrimination,0.0003139157569653295,,,True
2002H2-E,E,tabpfn@t1,20260913,2009H2,27,24709,196,brier_uncertainty,0.007869410452049324,,,True
2002H2-E,E,tabpfn@t1,20260913,2009H2,27,24709,196,observed_over_expected,1.1410036953233407,0.9873593589138802,1.3116270715631704,True
2002H2-E,E,tabpfn@t1,20260913,2009H2,27,24709,196,log_oe,0.13190830954545718,-0.012721213702776823,0.2712684058814594,True
2002H2-E,E,tabpfn@t1,20260913,2009H2,27,24709,196,cox_intercept,0.38497899125702595,-0.05482578478116523,0.8247837672952172,True
2002H2-E,E,tabpfn@t1,20260913,2009H2,27,24709,196,cox_slope,1.0596875721068595,0.9580312559418273,1.1613438882718916,True
2002H2-E,E,tabpfn@t1,20260913,2009H2,27,24709,196,psi,0.19873799351182392,,,True
2002H2-E,E,tabpfn@t1,20260913,2009H2,27,24709,196,psi_critical,0.0010231089059562013,,,True
2002H2-E,E,tabpfn@t1,20260913,2010H1,29,24843,191,auc,0.8404105568359738,0.810427415384697,0.8703936982872506,True
2002H2-E,E,tabpfn@t1,20260913,2010H1,29,24843,191,gini,0.6808211136719475,0.620854830769394,0.7407873965745011,True
2002H2-E,E,tabpfn@t1,20260913,2010H1,29,24843,191,ks,0.5656098333833135,,,True
2002H2-E,E,tabpfn@t1,20260913,2010H1,29,24843,191,brier,0.007448164270577683,,,True
2002H2-E,E,tabpfn@t1,20260913,2010H1,29,24843,191,brier_miscalibration,8.355591506255863e-05,,,True
2002H2-E,E,tabpfn@t1,20260913,2010H1,29,24843,191,brier_discrimination,0.00026456437157140224,,,True
2002H2-E,E,tabpfn@t1,20260913,2010H1,29,24843,191,brier_uncertainty,0.0076291727270865264,,,True
2002H2-E,E,tabpfn@t1,20260913,2010H1,29,24843,191,observed_over_expected,0.9695510555655055,0.8373446902206935,1.1165745670532075,True
2002H2-E,E,tabpfn@t1,20260913,2010H1,29,24843,191,log_oe,-0.03092214393716652,-0.17751947699248008,0.1102655765016443,True
2002H2-E,E,tabpfn@t1,20260913,2010H1,29,24843,191,cox_intercept,-0.1406101708831863,-0.5534291007455356,0.2722087589791631,True
2002H2-E,E,tabpfn@t1,20260913,2010H1,29,24843,191,cox_slope,0.9726595108617654,0.8754048958645695,1.0699141258589613,True
2002H2-E,E,tabpfn@t1,20260913,2010H1,29,24843,191,psi,0.15251995798722318,,,True
2002H2-E,E,tabpfn@t1,20260913,2010H1,29,24843,191,psi_critical,0.0010194155624220973,,,True
2002H2-E,E,tabpfn@t1,20260913,2010H2,31,24683,152,auc,0.8598255912497398,0.8291238217932565,0.8905273607062231,True
2002H2-E,E,tabpfn@t1,20260913,2010H2,31,24683,152,gini,0.7196511824994796,0.658247643586513,0.7810547214124461,True
2002H2-E,E,tabpfn@t1,20260913,2010H2,31,24683,152,ks,0.6053052635869973,,,True
2002H2-E,E,tabpfn@t1,20260913,2010H2,31,24683,152,brier,0.005981656128795779,,,True
2002H2-E,E,tabpfn@t1,20260913,2010H2,31,24683,152,brier_miscalibration,9.945183666601378e-05,,,True
2002H2-E,E,tabpfn@t1,20260913,2010H2,31,24683,152,brier_discrimination,0.00023795821462531744,,,True
2002H2-E,E,tabpfn@t1,20260913,2010H2,31,24683,152,brier_uncertainty,0.0061201625067550825,,,True
2002H2-E,E,tabpfn@t1,20260913,2010H2,31,24683,152,observed_over_expected,0.9159471584890202,0.7764737907823789,1.0731143627253632,True
2002H2-E,E,tabpfn@t1,20260913,2010H2,31,24683,152,log_oe,-0.08779660321104048,-0.25299238997993895,0.07056504019215831,True
2002H2-E,E,tabpfn@t1,20260913,2010H2,31,24683,152,cox_intercept,-0.04403752246291181,-0.5047065829743618,0.41663153804853814,True
2002H2-E,E,tabpfn@t1,20260913,2010H2,31,24683,152,cox_slope,1.011908601027678,0.9050097463664537,1.1188074556889025,True
2002H2-E,E,tabpfn@t1,20260913,2010H2,31,24683,152,psi,0.27633324480402466,,,True
2002H2-E,E,tabpfn@t1,20260913,2010H2,31,24683,152,psi_critical,0.0010238301701137374,,,True
2002H2-E,E,tabpfn@t1,20260913,2011H1,33,24614,195,auc,0.8634688625187826,0.8396512382519934,0.8872864867855719,True
2002H2-E,E,tabpfn@t1,20260913,2011H1,33,24614,195,gini,0.7269377250375653,0.6793024765039868,0.7745729735711437,True
2002H2-E,E,tabpfn@t1,20260913,2011H1,33,24614,195,ks,0.5902650416184958,,,True
2002H2-E,E,tabpfn@t1,20260913,2011H1,33,24614,195,brier,0.007774262315372453,,,True
2002H2-E,E,tabpfn@t1,20260913,2011H1,33,24614,195,brier_miscalibration,0.00015975914078126662,,,True
2002H2-E,E,tabpfn@t1,20260913,2011H1,33,24614,195,brier_discrimination,0.00024505429177127443,,,True
2002H2-E,E,tabpfn@t1,20260913,2011H1,33,24614,195,brier_uncertainty,0.00785955746636246,,,True
2002H2-E,E,tabpfn@t1,20260913,2011H1,33,24614,195,observed_over_expected,0.8748034744727439,0.756713645544766,1.0059788690726277,True
2002H2-E,E,tabpfn@t1,20260913,2011H1,33,24614,195,log_oe,-0.13375601845359372,-0.2787703724790543,0.005961066558957091,True
2002H2-E,E,tabpfn@t1,20260913,2011H1,33,24614,195,cox_intercept,-0.3226682292021228,-0.7089085471811233,0.0635720887768777,True
2002H2-E,E,tabpfn@t1,20260913,2011H1,33,24614,195,cox_slope,0.9519016637382982,0.8575432208425272,1.0462601066340693,True
2002H2-E,E,tabpfn@t1,20260913,2011H1,33,24614,195,psi,0.11016170527290989,,,True
2002H2-E,E,tabpfn@t1,20260913,2011H1,33,24614,195,psi_critical,0.0010257516819624198,,,True
2002H2-E,E,tabpfn@t1,20260913,2011H2,35,24646,119,auc,0.8871560855760741,0.8587584803308012,0.915553690821347,True
2002H2-E,E,tabpfn@t1,20260913,2011H2,35,24646,119,gini,0.7743121711521481,0.7175169606616023,0.8311073816426939,True
2002H2-E,E,tabpfn@t1,20260913,2011H2,35,24646,119,ks,0.6393687902853072,,,True
2002H2-E,E,tabpfn@t1,20260913,2011H2,35,24646,119,brier,0.00477020718449477,,,True
2002H2-E,E,tabpfn@t1,20260913,2011H2,35,24646,119,brier_miscalibration,0.00015335873743668217,,,True
2002H2-E,E,tabpfn@t1,20260913,2011H2,35,24646,119,brier_discrimination,0.0001882081140023341,,,True
2002H2-E,E,tabpfn@t1,20260913,2011H2,35,24646,119,brier_uncertainty,0.004805056561060422,,,True
2002H2-E,E,tabpfn@t1,20260913,2011H2,35,24646,119,observed_over_expected,0.6916444190519063,0.5731961124471646,0.8272624010509609,True
2002H2-E,E,tabpfn@t1,20260913,2011H2,35,24646,119,log_oe,-0.3686833007289196,-0.5565273652437841,-0.18963334159956124,True
2002H2-E,E,tabpfn@t1,20260913,2011H2,35,24646,119,cox_intercept,-0.23368469072649942,-0.725350171067258,0.2579807896142591,True
2002H2-E,E,tabpfn@t1,20260913,2011H2,35,24646,119,cox_slope,1.0392238080338083,0.9207037637675948,1.1577438523000219,True
2002H2-E,E,tabpfn@t1,20260913,2011H2,35,24646,119,psi,0.2815174394304507,,,True
2002H2-E,E,tabpfn@t1,20260913,2011H2,35,24646,119,psi_critical,0.0010248592082078211,,,True
2002H2-E,E,tabpfn@t1,20260913,2012H1,37,24306,148,auc,0.869597643218183,0.844334741318256,0.89486054511811,True
2002H2-E,E,tabpfn@t1,20260913,2012H1,37,24306,148,gini,0.739195286436366,0.6886694826365121,0.78972109023622,True
2002H2-E,E,tabpfn@t1,20260913,2012H1,37,24306,148,ks,0.6206108211034116,,,True
2002H2-E,E,tabpfn@t1,20260913,2012H1,37,24306,148,brier,0.0062934648014266155,,,True
2002H2-E,E,tabpfn@t1,20260913,2012H1,37,24306,148,brier_miscalibration,0.0004122768327819151,,,True
2002H2-E,E,tabpfn@t1,20260913,2012H1,37,24306,148,brier_discrimination,0.00017076724141873445,,,True
2002H2-E,E,tabpfn@t1,20260913,2012H1,37,24306,148,brier_uncertainty,0.006051955210063435,,,True
2002H2-E,E,tabpfn@t1,20260913,2012H1,37,24306,148,observed_over_expected,0.4979704741052313,0.42116607977071974,0.5846592440084029,True
2002H2-E,E,tabpfn@t1,20260913,2012H1,37,24306,148,log_oe,-0.6972144926604618,-0.8647280343234364,-0.5367260903373571,True
2002H2-E,E,tabpfn@t1,20260913,2012H1,37,24306,148,cox_intercept,-1.0440718005717322,-1.4367401099973947,-0.6514034911460699,True
2002H2-E,E,tabpfn@t1,20260913,2012H1,37,24306,148,cox_slope,0.90894681574072,0.8038601715320666,1.0140334599493734,True
2002H2-E,E,tabpfn@t1,20260913,2012H1,37,24306,148,psi,0.07186789081306034,,,True
2002H2-E,E,tabpfn@t1,20260913,2012H1,37,24306,148,psi_critical,0.0010344619023195318,,,True
2002H2-E,E,tabpfn@t1,20260913,2012H2,39,24538,131,auc,0.8708270090203756,0.8443409803587467,0.8973130376820044,True
2002H2-E,E,tabpfn@t1,20260913,2012H2,39,24538,131,gini,0.7416540180407512,0.6886819607174934,0.7946260753640089,True
2002H2-E,E,tabpfn@t1,20260913,2012H2,39,24538,131,ks,0.6197424277918017,,,True
2002H2-E,E,tabpfn@t1,20260913,2012H2,39,24538,131,brier,0.005594792447859279,,,True
2002H2-E,E,tabpfn@t1,20260913,2012H2,39,24538,131,brier_miscalibration,0.00041008292309465885,,,True
2002H2-E,E,tabpfn@t1,20260913,2012H2,39,24538,131,brier_discrimination,0.00012544760901298142,,,True
2002H2-E,E,tabpfn@t1,20260913,2012H2,39,24538,131,brier_uncertainty,0.005310157133777601,,,True
2002H2-E,E,tabpfn@t1,20260913,2012H2,39,24538,131,observed_over_expected,0.4663707718702117,0.390094526476254,0.5531386683992451,True
2002H2-E,E,tabpfn@t1,20260913,2012H2,39,24538,131,log_oe,-0.762774313426244,-0.9413661936465221,-0.5921465522949869,True
2002H2-E,E,tabpfn@t1,20260913,2012H2,39,24538,131,cox_intercept,-1.1014310373758172,-1.5186189656775322,-0.684243109074102,True
2002H2-E,E,tabpfn@t1,20260913,2012H2,39,24538,131,cox_slope,0.9133531856009831,0.8033514988250302,1.0233548723769361,True
2002H2-E,E,tabpfn@t1,20260913,2012H2,39,24538,131,psi,0.08069119371014165,,,True
2002H2-E,E,tabpfn@t1,20260913,2012H2,39,24538,131,psi_critical,0.0010278806363136351,,,True
2002H2-E,E,tabpfn@t1,20260913,2013H1,41,24341,85,auc,0.8548560453205031,0.8193263567879213,0.8903857338530848,False
2002H2-E,E,tabpfn@t1,20260913,2013H1,41,24341,85,gini,0.7097120906410062,0.6386527135758426,0.7807714677061697,False
2002H2-E,E,tabpfn@t1,20260913,2013H1,41,24341,85,ks,0.5927823801024367,,,False
2002H2-E,E,tabpfn@t1,20260913,2013H1,41,24341,85,brier,0.003969043448938518,,,False
2002H2-E,E,tabpfn@t1,20260913,2013H1,41,24341,85,brier_miscalibration,0.0005643842503102276,,,False
2002H2-E,E,tabpfn@t1,20260913,2013H1,41,24341,85,brier_discrimination,7.519683488561857e-05,,,False
2002H2-E,E,tabpfn@t1,20260913,2013H1,41,24341,85,brier_uncertainty,0.0034798560335139086,,,False
2002H2-E,E,tabpfn@t1,20260913,2013H1,41,24341,85,observed_over_expected,0.2881873388003772,0.23027004878540605,0.3562008652418804,False
2002H2-E,E,tabpfn@t1,20260913,2013H1,41,24341,85,log_oe,-1.244144528372117,-1.4685025336508777,-1.0322604790394632,False
2002H2-E,E,tabpfn@t1,20260913,2013H1,41,24341,85,cox_intercept,-1.6637744866135726,-2.1807446901729586,-1.146804283054187,False
2002H2-E,E,tabpfn@t1,20260913,2013H1,41,24341,85,cox_slope,0.8926087893833516,0.7554231828133224,1.0297943959533808,False
2002H2-E,E,tabpfn@t1,20260913,2013H1,41,24341,85,psi,0.04718951732717904,,,False
2002H2-E,E,tabpfn@t1,20260913,2013H1,41,24341,85,psi_critical,0.0010334610033319,,,False
2002H2-E,E,tabpfn@t1,20260913,2013H2,43,23974,142,auc,0.8441409408110293,0.8161625605695801,0.8721193210524785,True
2002H2-E,E,tabpfn@t1,20260913,2013H2,43,23974,142,gini,0.6882818816220586,0.6323251211391603,0.7442386421049569,True
2002H2-E,E,tabpfn@t1,20260913,2013H2,43,23974,142,ks,0.5450193608782605,,,True
2002H2-E,E,tabpfn@t1,20260913,2013H2,43,23974,142,brier,0.006289104345394596,,,True
2002H2-E,E,tabpfn@t1,20260913,2013H2,43,23974,142,brier_miscalibration,0.0005162412806310624,,,True
2002H2-E,E,tabpfn@t1,20260913,2013H2,43,23974,142,brier_discrimination,0.00011513735926581021,,,True
2002H2-E,E,tabpfn@t1,20260913,2013H2,43,23974,142,brier_uncertainty,0.005888000424029344,,,True
2002H2-E,E,tabpfn@t1,20260913,2013H2,43,23974,142,observed_over_expected,0.45561642717876716,0.3839334654372763,0.5367335445932468,True
2002H2-E,E,tabpfn@t1,20260913,2013H2,43,23974,142,log_oe,-0.7861039919160812,-0.9572860084973129,-0.6222535001813259,True
2002H2-E,E,tabpfn@t1,20260913,2013H2,43,23974,142,cox_intercept,-1.2998530440820386,-1.717184721867424,-0.882521366296653,True
2002H2-E,E,tabpfn@t1,20260913,2013H2,43,23974,142,cox_slope,0.8619688865277959,0.7531877759911665,0.9707499970644253,True
2002H2-E,E,tabpfn@t1,20260913,2013H2,43,23974,142,psi,0.015777344928902905,,,True
2002H2-E,E,tabpfn@t1,20260913,2013H2,43,23974,142,psi_critical,0.0010441014843782371,,,True
2002H2-E,E,tabpfn@t1,20260913,2014H1,45,24341,137,auc,0.8235910213308533,0.7925542067386964,0.8546278359230102,True
2002H2-E,E,tabpfn@t1,20260913,2014H1,45,24341,137,gini,0.6471820426617065,0.5851084134773927,0.7092556718460203,True
2002H2-E,E,tabpfn@t1,20260913,2014H1,45,24341,137,ks,0.5149076523516051,,,True
2002H2-E,E,tabpfn@t1,20260913,2014H1,45,24341,137,brier,0.005875624393162215,,,True
2002H2-E,E,tabpfn@t1,20260913,2014H1,45,24341,137,brier_miscalibration,0.00036743182635742746,,,True
2002H2-E,E,tabpfn@t1,20260913,2014H1,45,24341,137,brier_discrimination,8.84926218778807e-05,,,True
2002H2-E,E,tabpfn@t1,20260913,2014H1,45,24341,137,brier_uncertainty,0.005596685188682668,,,True
2002H2-E,E,tabpfn@t1,20260913,2014H1,45,24341,137,observed_over_expected,0.5200473812141054,0.4368025555533616,0.6144655650062038,True
2002H2-E,E,tabpfn@t1,20260913,2014H1,45,24341,137,log_oe,-0.6538353538381977,-0.8282740039427288,-0.48700238896491066,True
2002H2-E,E,tabpfn@t1,20260913,2014H1,45,24341,137,cox_intercept,-1.292277918901004,-1.7604544463142615,-0.8241013914877466,True
2002H2-E,E,tabpfn@t1,20260913,2014H1,45,24341,137,cox_slope,0.8366512374791416,0.7235200419208023,0.9497824330374809,True
2002H2-E,E,tabpfn@t1,20260913,2014H1,45,24341,137,psi,0.05138968006229282,,,True
2002H2-E,E,tabpfn@t1,20260913,2014H1,45,24341,137,psi_critical,0.0010334610033319,,,True
2002H2-E,E,tabpfn@t1,20260913,2014H2,47,24213,99,auc,0.8205824522072345,0.7832821485691482,0.8578827558453207,False
2002H2-E,E,tabpfn@t1,20260913,2014H2,47,24213,99,gini,0.6411649044144689,0.5665642971382965,0.7157655116906414,False
2002H2-E,E,tabpfn@t1,20260913,2014H2,47,24213,99,ks,0.5042022614801913,,,False
2002H2-E,E,tabpfn@t1,20260913,2014H2,47,24213,99,brier,0.00425624741330546,,,False
2002H2-E,E,tabpfn@t1,20260913,2014H2,47,24213,99,brier_miscalibration,0.00024541595588867607,,,False
2002H2-E,E,tabpfn@t1,20260913,2014H2,47,24213,99,brier_discrimination,6.116364625372711e-05,,,False
2002H2-E,E,tabpfn@t1,20260913,2014H2,47,24213,99,brier_uncertainty,0.004071995103670511,,,False
2002H2-E,E,tabpfn@t1,20260913,2014H2,47,24213,99,observed_over_expected,0.45046190415067544,0.36624596880287535,0.5481772216509698,False
2002H2-E,E,tabpfn@t1,20260913,2014H2,47,24213,99,log_oe,-0.7974817689929548,-1.004450125393003,-0.6011566471424132,False
2002H2-E,E,tabpfn@t1,20260913,2014H2,47,24213,99,cox_intercept,-1.2891562696863896,-1.8775391001835375,-0.7007734391892417,False
2002H2-E,E,tabpfn@t1,20260913,2014H2,47,24213,99,cox_slope,0.8827683703023422,0.7451499142993276,1.0203868263053568,False
2002H2-E,E,tabpfn@t1,20260913,2014H2,47,24213,99,psi,0.08705720906507561,,,False
2002H2-E,E,tabpfn@t1,20260913,2014H2,47,24213,99,psi_critical,0.0010371354933066512,,,False
2002H2-E,E,tabpfn@t1,20260913,2015H1,49,24159,83,auc,0.8307378041823384,0.7890372735113332,0.8724383348533437,False
2002H2-E,E,tabpfn@t1,20260913,2015H1,49,24159,83,gini,0.6614756083646769,0.5780745470226665,0.7448766697066873,False
2002H2-E,E,tabpfn@t1,20260913,2015H1,49,24159,83,ks,0.5385911481113022,,,False
2002H2-E,E,tabpfn@t1,20260913,2015H1,49,24159,83,brier,0.0035293604092109547,,,False
2002H2-E,E,tabpfn@t1,20260913,2015H1,49,24159,83,brier_miscalibration,0.00014802308246077188,,,False
2002H2-E,E,tabpfn@t1,20260913,2015H1,49,24159,83,brier_discrimination,4.2432178148703054e-05,,,False
2002H2-E,E,tabpfn@t1,20260913,2015H1,49,24159,83,brier_uncertainty,0.003423769504898886,,,False
2002H2-E,E,tabpfn@t1,20260913,2015H1,49,24159,83,observed_over_expected,0.44860641985579486,0.3574301531763697,0.5558860902503466,False
2002H2-E,E,tabpfn@t1,20260913,2015H1,49,24159,83,log_oe,-0.8016093461295145,-1.0288153116668333,-0.5871918793714835,False
2002H2-E,E,tabpfn@t1,20260913,2015H1,49,24159,83,cox_intercept,-0.8627354589088636,-1.5477932708330688,-0.17767764698465827,False
2002H2-E,E,tabpfn@t1,20260913,2015H1,49,24159,83,cox_slope,0.9908037344872785,0.8322108718882142,1.149396597086343,False
2002H2-E,E,tabpfn@t1,20260913,2015H1,49,24159,83,psi,0.1316192353556636,,,False
2002H2-E,E,tabpfn@t1,20260913,2015H1,49,24159,83,psi_critical,0.0010386973468943647,,,False
2002H2-E,E,tabpfn@t1,20260913,2015H2,51,24159,130,auc,0.8025469224686835,0.7688137914236055,0.8362800535137616,True
2002H2-E,E,tabpfn@t1,20260913,2015H2,51,24159,130,gini,0.6050938449373671,0.537627582847211,0.6725601070275231,True
2002H2-E,E,tabpfn@t1,20260913,2015H2,51,24159,130,ks,0.4696949519330809,,,True
2002H2-E,E,tabpfn@t1,20260913,2015H2,51,24159,130,brier,0.005420752726140339,,,True
2002H2-E,E,tabpfn@t1,20260913,2015H2,51,24159,130,brier_miscalibration,0.0001254054202087058,,,True
2002H2-E,E,tabpfn@t1,20260913,2015H2,51,24159,130,brier_discrimination,5.671477174507781e-05,,,True
2002H2-E,E,tabpfn@t1,20260913,2015H2,51,24159,130,brier_uncertainty,0.005352062077676711,,,True
2002H2-E,E,tabpfn@t1,20260913,2015H2,51,24159,130,observed_over_expected,0.6594948926391718,0.5512391075567982,0.7827013684347593,True
2002H2-E,E,tabpfn@t1,20260913,2015H2,51,24159,130,log_oe,-0.41628105114714037,-0.5955866119504565,-0.24500404982132148,True
2002H2-E,E,tabpfn@t1,20260913,2015H2,51,24159,130,cox_intercept,-0.8201028762365489,-1.4275102384778808,-0.2126955139952168,True
2002H2-E,E,tabpfn@t1,20260913,2015H2,51,24159,130,cox_slope,0.9063535688618283,0.7690744032771142,1.0436327344465424,True
2002H2-E,E,tabpfn@t1,20260913,2015H2,51,24159,130,psi,0.10807733960349776,,,True
2002H2-E,E,tabpfn@t1,20260913,2015H2,51,24159,130,psi_critical,0.0010386973468943647,,,True
2002H2-E,E,tabpfn@t1,20260913,2016H1,53,24632,115,auc,0.8095855404679272,0.7658752905616186,0.8532957903742358,True
2002H2-E,E,tabpfn@t1,20260913,2016H1,53,24632,115,gini,0.6191710809358544,0.5317505811232373,0.7065915807484715,True
2002H2-E,E,tabpfn@t1,20260913,2016H1,53,24632,115,ks,0.5204927902732974,,,True
2002H2-E,E,tabpfn@t1,20260913,2016H1,53,24632,115,brier,0.004681319672685218,,,True
2002H2-E,E,tabpfn@t1,20260913,2016H1,53,24632,115,brier_miscalibration,0.00011027277926556334,,,True
2002H2-E,E,tabpfn@t1,20260913,2016H1,53,24632,115,brier_discrimination,7.587973798138265e-05,,,True
2002H2-E,E,tabpfn@t1,20260913,2016H1,53,24632,115,brier_uncertainty,0.004646926631401037,,,True
2002H2-E,E,tabpfn@t1,20260913,2016H1,53,24632,115,observed_over_expected,0.5946538911257045,0.4911379536374712,0.7134578324104206,True
2002H2-E,E,tabpfn@t1,20260913,2016H1,53,24632,115,log_oe,-0.5197757382740745,-0.7110302260123547,-0.3376319434467078,True
2002H2-E,E,tabpfn@t1,20260913,2016H1,53,24632,115,cox_intercept,-0.44624656534827334,-1.0980250380615306,0.20553190736498395,True
2002H2-E,E,tabpfn@t1,20260913,2016H1,53,24632,115,cox_slope,1.0208782545826487,0.8704365605889124,1.171319948576385,True
2002H2-E,E,tabpfn@t1,20260913,2016H1,53,24632,115,psi,0.11611079656720112,,,True
2002H2-E,E,tabpfn@t1,20260913,2016H1,53,24632,115,psi_critical,0.0010252493801461782,,,True
2002H2-E,E,tabpfn@t1,20260913,2016H2,55,24760,121,auc,0.7958598190934951,0.7584714088287352,0.833248229358255,True
2002H2-E,E,tabpfn@t1,20260913,2016H2,55,24760,121,gini,0.5917196381869902,0.5169428176574704,0.6664964587165101,True
2002H2-E,E,tabpfn@t1,20260913,2016H2,55,24760,121,ks,0.49459853172371016,,,True
2002H2-E,E,tabpfn@t1,20260913,2016H2,55,24760,121,brier,0.0048606892964316775,,,True
2002H2-E,E,tabpfn@t1,20260913,2016H2,55,24760,121,brier_miscalibration,4.6768141618888474e-05,,,True
2002H2-E,E,tabpfn@t1,20260913,2016H2,55,24760,121,brier_discrimination,4.911129107810271e-05,,,True
2002H2-E,E,tabpfn@t1,20260913,2016H2,55,24760,121,brier_uncertainty,0.004863032445890892,,,True
2002H2-E,E,tabpfn@t1,20260913,2016H2,55,24760,121,observed_over_expected,0.7040330329889626,0.5844194849678855,0.8408287254454134,True
2002H2-E,E,tabpfn@t1,20260913,2016H2,55,24760,121,log_oe,-0.3509300020655688,-0.537136257827255,-0.1733672955817048,True
2002H2-E,E,tabpfn@t1,20260913,2016H2,55,24760,121,cox_intercept,-0.3900615981628337,-1.1356483770527488,0.3555251807270815,True
2002H2-E,E,tabpfn@t1,20260913,2016H2,55,24760,121,cox_slope,0.9926735859415627,0.8287523527155519,1.1565948191675735,True
2002H2-E,E,tabpfn@t1,20260913,2016H2,55,24760,121,psi,0.1603892822350349,,,True
2002H2-E,E,tabpfn@t1,20260913,2016H2,55,24760,121,psi_critical,0.0010216985183533317,,,True
2002H2-E,E,tabpfn@t1,20260913,2017H1,57,24541,162,auc,0.8016250831139329,0.7729519215455711,0.8302982446822946,True
2002H2-E,E,tabpfn@t1,20260913,2017H1,57,24541,162,gini,0.6032501662278658,0.5459038430911423,0.6605964893645893,True
2002H2-E,E,tabpfn@t1,20260913,2017H1,57,24541,162,ks,0.4760196364104099,,,True
2002H2-E,E,tabpfn@t1,20260913,2017H1,57,24541,162,brier,0.006567258252511933,,,True
2002H2-E,E,tabpfn@t1,20260913,2017H1,57,24541,162,brier_miscalibration,8.80302745460658e-05,,,True
2002H2-E,E,tabpfn@t1,20260913,2017H1,57,24541,162,brier_discrimination,7.839420225412997e-05,,,True
2002H2-E,E,tabpfn@t1,20260913,2017H1,57,24541,162,brier_uncertainty,0.006557622180219997,,,True
2002H2-E,E,tabpfn@t1,20260913,2017H1,57,24541,162,observed_over_expected,0.7885972984016547,0.6721512734457679,0.9193122665975153,True
2002H2-E,E,tabpfn@t1,20260913,2017H1,57,24541,162,log_oe,-0.23749948336028523,-0.3972718544979855,-0.08412942479068665,True
2002H2-E,E,tabpfn@t1,20260913,2017H1,57,24541,162,cox_intercept,-0.378095146332392,-0.9788799025101718,0.22268960984538771,True
2002H2-E,E,tabpfn@t1,20260913,2017H1,57,24541,162,cox_slope,0.9682262674269939,0.8312573935283782,1.1051951413256096,True
2002H2-E,E,tabpfn@t1,20260913,2017H1,57,24541,162,psi,0.11885845837135975,,,True
2002H2-E,E,tabpfn@t1,20260913,2017H1,57,24541,162,psi_critical,0.0010277963486622491,,,True
2002H2-E,E,tabpfn@t1,20260913,2017H2,59,24680,143,auc,0.8118748024604486,0.7795256303960734,0.8442239745248239,True
2002H2-E,E,tabpfn@t1,20260913,2017H2,59,24680,143,gini,0.6237496049208973,0.5590512607921467,0.6884479490496478,True
2002H2-E,E,tabpfn@t1,20260913,2017H2,59,24680,143,ks,0.4926714073309012,,,True
2002H2-E,E,tabpfn@t1,20260913,2017H2,59,24680,143,brier,0.005673990681355968,,,True
2002H2-E,E,tabpfn@t1,20260913,2017H2,59,24680,143,brier_miscalibration,5.2030364410801666e-05,,,True
2002H2-E,E,tabpfn@t1,20260913,2017H2,59,24680,143,brier_discrimination,0.00013863264739055227,,,True
2002H2-E,E,tabpfn@t1,20260913,2017H2,59,24680,143,brier_uncertainty,0.005760592964335718,,,True
2002H2-E,E,tabpfn@t1,20260913,2017H2,59,24680,143,observed_over_expected,0.7218675320289518,0.608669659558517,0.8499105936302689,True
2002H2-E,E,tabpfn@t1,20260913,2017H2,59,24680,143,log_oe,-0.3259136305667699,-0.49647958937951886,-0.16262411899438559,True
2002H2-E,E,tabpfn@t1,20260913,2017H2,59,24680,143,cox_intercept,0.4622693093016806,-0.24879894275313524,1.1733375613564965,True
2002H2-E,E,tabpfn@t1,20260913,2017H2,59,24680,143,cox_slope,1.1881582025435329,1.020971821070581,1.3553445840164848,True
2002H2-E,E,tabpfn@t1,20260913,2017H2,59,24680,143,psi,0.12134636521889748,,,True
2002H2-E,E,tabpfn@t1,20260913,2017H2,59,24680,143,psi_critical,0.0010239134906912927,,,True
2002H2-E,E,tabpfn@t1,20260913,2018H1,61,24416,148,auc,0.7804087464751713,0.7445335874264137,0.8162839055239289,True
2002H2-E,E,tabpfn@t1,20260913,2018H1,61,24416,148,gini,0.5608174929503427,0.48906717485282747,0.6325678110478579,True
2002H2-E,E,tabpfn@t1,20260913,2018H1,61,24416,148,ks,0.4138571982234418,,,True
2002H2-E,E,tabpfn@t1,20260913,2018H1,61,24416,148,brier,0.005983106118375872,,,True
2002H2-E,E,tabpfn@t1,20260913,2018H1,61,24416,148,brier_miscalibration,3.237026522803516e-05,,,True
2002H2-E,E,tabpfn@t1,20260913,2018H1,61,24416,148,brier_discrimination,7.412011651045797e-05,,,True
2002H2-E,E,tabpfn@t1,20260913,2018H1,61,24416,148,brier_uncertainty,0.006024855969658295,,,True
2002H2-E,E,tabpfn@t1,20260913,2018H1,61,24416,148,observed_over_expected,0.7633602748300072,0.6456222144814271,0.8962513580614189,True
2002H2-E,E,tabpfn@t1,20260913,2018H1,61,24416,148,log_oe,-0.27002517718767155,-0.4375407535703164,-0.10953437179869471,True
2002H2-E,E,tabpfn@t1,20260913,2018H1,61,24416,148,cox_intercept,0.022692199090030857,-0.7107854669789636,0.7561698651590253,True
2002H2-E,E,tabpfn@t1,20260913,2018H1,61,24416,148,cox_slope,1.0689839634634453,0.9020288359978043,1.2359390909290864,True
2002H2-E,E,tabpfn@t1,20260913,2018H1,61,24416,148,psi,0.13662918696160795,,,True
2002H2-E,E,tabpfn@t1,20260913,2018H1,61,24416,148,psi_critical,0.0010313258825568768,,,True
2002H2-E,E,tabpfn@t1,20260913,2018H2,63,24543,146,auc,0.7862242775189628,0.7507753647875179,0.8216731902504077,True
2002H2-E,E,tabpfn@t1,20260913,2018H2,63,24543,146,gini,0.5724485550379257,0.5015507295750359,0.6433463805008155,True
2002H2-E,E,tabpfn@t1,20260913,2018H2,63,24543,146,ks,0.44292415247551764,,,True
2002H2-E,E,tabpfn@t1,20260913,2018H2,63,24543,146,brier,0.00587827804980771,,,True
2002H2-E,E,tabpfn@t1,20260913,2018H2,63,24543,146,brier_miscalibration,2.9385621883699746e-05,,,True
2002H2-E,E,tabpfn@t1,20260913,2018H2,63,24543,146,brier_discrimination,6.44630509792311e-05,,,True
2002H2-E,E,tabpfn@t1,20260913,2018H2,63,24543,146,brier_uncertainty,0.005913355478903241,,,True
2002H2-E,E,tabpfn@t1,20260913,2018H2,63,24543,146,observed_over_expected,0.7321675127798448,0.6184970768503708,0.8605768850974396,True
2002H2-E,E,tabpfn@t1,20260913,2018H2,63,24543,146,log_oe,-0.31174594860588173,-0.4804628133525644,-0.15015231799314813,True
2002H2-E,E,tabpfn@t1,20260913,2018H2,63,24543,146,cox_intercept,0.07855302646004649,-0.6948006258703462,0.8519066787904391,True
2002H2-E,E,tabpfn@t1,20260913,2018H2,63,24543,146,cox_slope,1.0917788586797728,0.9148038543371207,1.2687538630224247,True
2002H2-E,E,tabpfn@t1,20260913,2018H2,63,24543,146,psi,0.13895240067706693,,,True
2002H2-E,E,tabpfn@t1,20260913,2018H2,63,24543,146,psi_critical,0.0010277401683422744,,,True
2002H2-E,E,tabpfn@t1,20260913,2019H1,65,24752,110,auc,0.7229637499907771,0.674915179736045,0.7710123202455091,True
2002H2-E,E,tabpfn@t1,20260913,2019H1,65,24752,110,gini,0.4459274999815541,0.34983035947208996,0.5420246404910183,True
2002H2-E,E,tabpfn@t1,20260913,2019H1,65,24752,110,ks,0.36056916867727684,,,True
2002H2-E,E,tabpfn@t1,20260913,2019H1,65,24752,110,brier,0.004412445136252253,,,True
2002H2-E,E,tabpfn@t1,20260913,2019H1,65,24752,110,brier_miscalibration,6.016649154599093e-05,,,True
2002H2-E,E,tabpfn@t1,20260913,2019H1,65,24752,110,brier_discrimination,7.20567873433416e-05,,,True
2002H2-E,E,tabpfn@t1,20260913,2019H1,65,24752,110,brier_uncertainty,0.004424335432049603,,,True
2002H2-E,E,tabpfn@t1,20260913,2019H1,65,24752,110,observed_over_expected,0.5681940063802527,0.4671620125123484,0.684514827352607,True
2002H2-E,E,tabpfn@t1,20260913,2019H1,65,24752,110,log_oe,-0.56529235805089,-0.761079159608733,-0.37904497290663947,True
2002H2-E,E,tabpfn@t1,20260913,2019H1,65,24752,110,cox_intercept,-0.9695794728368925,-1.888823497664562,-0.05033544800922307,True
2002H2-E,E,tabpfn@t1,20260913,2019H1,65,24752,110,cox_slope,0.9106138446609745,0.7093761924658184,1.1118514968561306,True
2002H2-E,E,tabpfn@t1,20260913,2019H1,65,24752,110,psi,0.16080149256318765,,,True
2002H2-E,E,tabpfn@t1,20260913,2019H1,65,24752,110,psi_critical,0.0010219193712836035,,,True
2002H2-E,E,tabpfn@t1,20260913,2019H2,67,24861,136,auc,0.6830146315351217,0.6382258885567751,0.7278033745134682,True
2002H2-E,E,tabpfn@t1,20260913,2019H2,67,24861,136,gini,0.3660292630702433,0.2764517771135502,0.45560674902693643,True
2002H2-E,E,tabpfn@t1,20260913,2019H2,67,24861,136,ks,0.2746493784571462,,,True
2002H2-E,E,tabpfn@t1,20260913,2019H2,67,24861,136,brier,0.005441038425404054,,,True
2002H2-E,E,tabpfn@t1,20260913,2019H2,67,24861,136,brier_miscalibration,2.5787988065631255e-05,,,True
2002H2-E,E,tabpfn@t1,20260913,2019H2,67,24861,136,brier_discrimination,2.5239627043854157e-05,,,True
2002H2-E,E,tabpfn@t1,20260913,2019H2,67,24861,136,brier_uncertainty,0.0054404900643822765,,,True
2002H2-E,E,tabpfn@t1,20260913,2019H2,67,24861,136,observed_over_expected,0.7930589324089855,0.6656592410481161,0.9376301919167052,True
2002H2-E,E,tabpfn@t1,20260913,2019H2,67,24861,136,log_oe,-0.23185774433431278,-0.40697738945721745,-0.06439965940148949,True
2002H2-E,E,tabpfn@t1,20260913,2019H2,67,24861,136,cox_intercept,-1.6076588659957778,-2.471943961884826,-0.7433737701067294,True
2002H2-E,E,tabpfn@t1,20260913,2019H2,67,24861,136,cox_slope,0.7048869507460807,0.5275073643414536,0.8822665371507077,True
2002H2-E,E,tabpfn@t1,20260913,2019H2,67,24861,136,psi,0.19288077262600076,,,True
2002H2-E,E,tabpfn@t1,20260913,2019H2,67,24861,136,psi_critical,0.0010189224749281938,,,True
2002H2-E,E,tabpfn@t1,20260913,2020H1,69,24880,111,auc,0.6620615932659213,0.6094635383074145,0.7146596482244281,True
2002H2-E,E,tabpfn@t1,20260913,2020H1,69,24880,111,gini,0.3241231865318426,0.21892707661482902,0.42931929644885614,True
2002H2-E,E,tabpfn@t1,20260913,2020H1,69,24880,111,ks,0.26306822790330403,,,True
2002H2-E,E,tabpfn@t1,20260913,2020H1,69,24880,111,brier,0.004458285746780534,,,True
2002H2-E,E,tabpfn@t1,20260913,2020H1,69,24880,111,brier_miscalibration,2.830212730565735e-05,,,True
2002H2-E,E,tabpfn@t1,20260913,2020H1,69,24880,111,brier_discrimination,1.1526949584583258e-05,,,True
2002H2-E,E,tabpfn@t1,20260913,2020H1,69,24880,111,brier_uncertainty,0.00444151056905946,,,True
2002H2-E,E,tabpfn@t1,20260913,2020H1,69,24880,111,observed_over_expected,0.7551527464804243,0.6214544307882414,0.9089840163774762,True
2002H2-E,E,tabpfn@t1,20260913,2020H1,69,24880,111,log_oe,-0.28083523697656676,-0.47569269205782033,-0.09542776870240458,True
2002H2-E,E,tabpfn@t1,20260913,2020H1,69,24880,111,cox_intercept,-2.289791845712164,-3.2734514607127165,-1.3061322307116117,True
2002H2-E,E,tabpfn@t1,20260913,2020H1,69,24880,111,cox_slope,0.5865937387200808,0.3950187809651967,0.7781686964749649,True
2002H2-E,E,tabpfn@t1,20260913,2020H1,69,24880,111,psi,0.2541733929648846,,,True
2002H2-E,E,tabpfn@t1,20260913,2020H1,69,24880,111,psi_critical,0.001018402767712202,,,True
2002H2-E,E,tabpfn@t1,20260913,2020H2,71,24919,71,auc,0.6935202651841506,0.6298805279240047,0.7571600024442964,False
2002H2-E,E,tabpfn@t1,20260913,2020H2,71,24919,71,gini,0.3870405303683011,0.25976105584800946,0.5143200048885928,False
2002H2-E,E,tabpfn@t1,20260913,2020H2,71,24919,71,ks,0.3133377696960903,,,False
2002H2-E,E,tabpfn@t1,20260913,2020H2,71,24919,71,brier,0.002856827198391042,,,False
2002H2-E,E,tabpfn@t1,20260913,2020H2,71,24919,71,brier_miscalibration,2.5751355958773814e-05,,,False
2002H2-E,E,tabpfn@t1,20260913,2020H2,71,24919,71,brier_discrimination,1.003754746232684e-05,,,False
2002H2-E,E,tabpfn@t1,20260913,2020H2,71,24919,71,brier_uncertainty,0.002841113389894595,,,False
2002H2-E,E,tabpfn@t1,20260913,2020H2,71,24919,71,observed_over_expected,0.5549592383232674,0.4335544107360852,0.6997448096805178,False
2002H2-E,E,tabpfn@t1,20260913,2020H2,71,24919,71,log_oe,-0.5888606123954604,-0.83573797567575,-0.35703956800526887,False
2002H2-E,E,tabpfn@t1,20260913,2020H2,71,24919,71,cox_intercept,-1.949643918885372,-3.184841055420203,-0.7144467823505412,False
2002H2-E,E,tabpfn@t1,20260913,2020H2,71,24919,71,cox_slope,0.7249316914406466,0.48491272000844027,0.964950662872853,False
2002H2-E,E,tabpfn@t1,20260913,2020H2,71,24919,71,psi,0.3651591509304579,,,False
2002H2-E,E,tabpfn@t1,20260913,2020H2,71,24919,71,psi_critical,0.001017338483214061,,,False
2002H2-E,E,tabpfn@t1,20260913,2021H1,73,24909,90,auc,0.7688173487158135,0.7211098600836705,0.8165248373479566,False
2002H2-E,E,tabpfn@t1,20260913,2021H1,73,24909,90,gini,0.5376346974316271,0.442219720167341,0.6330496746959131,False
2002H2-E,E,tabpfn@t1,20260913,2021H1,73,24909,90,ks,0.42740507944182543,,,False
2002H2-E,E,tabpfn@t1,20260913,2021H1,73,24909,90,brier,0.003595291420906397,,,False
2002H2-E,E,tabpfn@t1,20260913,2021H1,73,24909,90,brier_miscalibration,1.847698801140914e-05,,,False
2002H2-E,E,tabpfn@t1,20260913,2021H1,73,24909,90,brier_discrimination,2.328257346602457e-05,,,False
2002H2-E,E,tabpfn@t1,20260913,2021H1,73,24909,90,brier_uncertainty,0.0036000970063610124,,,False
2002H2-E,E,tabpfn@t1,20260913,2021H1,73,24909,90,observed_over_expected,0.6140648273045725,0.49394565164283644,0.7544772460844388,False
2002H2-E,E,tabpfn@t1,20260913,2021H1,73,24909,90,log_oe,-0.4876547744791031,-0.7053297847638547,-0.2817301588374143,False
2002H2-E,E,tabpfn@t1,20260913,2021H1,73,24909,90,cox_intercept,-0.31435084348503395,-1.3346099796736002,0.7059082927035323,False
2002H2-E,E,tabpfn@t1,20260913,2021H1,73,24909,90,cox_slope,1.0385577879781005,0.8224513072800919,1.2546642686761091,False
2002H2-E,E,tabpfn@t1,20260913,2021H1,73,24909,90,psi,0.25532006261545337,,,False
2002H2-E,E,tabpfn@t1,20260913,2021H1,73,24909,90,psi_critical,0.0010176110589622332,,,False
2002H2-E,E,tabpfn@t1,20260913,2021H2,75,24929,136,auc,0.7639193700309148,0.7244907988056811,0.8033479412561485,True
2002H2-E,E,tabpfn@t1,20260913,2021H2,75,24929,136,gini,0.5278387400618296,0.44898159761136225,0.606695882512297,True
2002H2-E,E,tabpfn@t1,20260913,2021H2,75,24929,136,ks,0.4173376142696824,,,True
2002H2-E,E,tabpfn@t1,20260913,2021H2,75,24929,136,brier,0.005394948851127942,,,True
2002H2-E,E,tabpfn@t1,20260913,2021H2,75,24929,136,brier_miscalibration,1.7617013233313036e-05,,,True
2002H2-E,E,tabpfn@t1,20260913,2021H2,75,24929,136,brier_discrimination,4.839935349496699e-05,,,True
2002H2-E,E,tabpfn@t1,20260913,2021H2,75,24929,136,brier_uncertainty,0.005425731191389596,,,True
2002H2-E,E,tabpfn@t1,20260913,2021H2,75,24929,136,observed_over_expected,0.7815747983959376,0.6560192032535649,0.9240538133175273,True
2002H2-E,E,tabpfn@t1,20260913,2021H2,75,24929,136,log_oe,-0.24644442238146386,-0.42156521721411583,-0.07898496951517447,True
2002H2-E,E,tabpfn@t1,20260913,2021H2,75,24929,136,cox_intercept,-0.26599327770711567,-1.0719424220785858,0.5399558666643546,True
2002H2-E,E,tabpfn@t1,20260913,2021H2,75,24929,136,cox_slope,0.9964763703235777,0.8207043116399588,1.1722484290071966,True
2002H2-E,E,tabpfn@t1,20260913,2021H2,75,24929,136,psi,0.16404905327125183,,,True
2002H2-E,E,tabpfn@t1,20260913,2021H2,75,24929,136,psi_critical,0.0010170661261475434,,,True
2002H2-E,E,tabpfn@t1,20260913,2022H1,77,24889,291,auc,0.7834749786882347,0.7591807169244179,0.8077692404520515,True
2002H2-E,E,tabpfn@t1,20260913,2022H1,77,24889,291,gini,0.5669499573764694,0.5183614338488358,0.6155384809041029,True
2002H2-E,E,tabpfn@t1,20260913,2022H1,77,24889,291,ks,0.4538991100609135,,,True
2002H2-E,E,tabpfn@t1,20260913,2022H1,77,24889,291,brier,0.011411970054057653,,,True
2002H2-E,E,tabpfn@t1,20260913,2022H1,77,24889,291,brier_miscalibration,6.496381570744031e-05,,,True
2002H2-E,E,tabpfn@t1,20260913,2022H1,77,24889,291,brier_discrimination,0.0002082050430151968,,,True
2002H2-E,E,tabpfn@t1,20260913,2022H1,77,24889,291,brier_uncertainty,0.01155521128136541,,,True
2002H2-E,E,tabpfn@t1,20260913,2022H1,77,24889,291,observed_over_expected,1.4183177894680101,1.2608238266443619,1.5898604121407252,True
2002H2-E,E,tabpfn@t1,20260913,2022H1,77,24889,291,log_oe,0.3494715140501784,0.23176533797936652,0.46364622127181326,True
2002H2-E,E,tabpfn@t1,20260913,2022H1,77,24889,291,cox_intercept,0.7099241910074761,0.15692116205780315,1.2629272199571488,True
2002H2-E,E,tabpfn@t1,20260913,2022H1,77,24889,291,cox_slope,1.0815583687622479,0.9554816526816305,1.2076350848428652,True
2002H2-E,E,tabpfn@t1,20260913,2022H1,77,24889,291,psi,0.14170561383506783,,,True
2002H2-E,E,tabpfn@t1,20260913,2022H1,77,24889,291,psi_critical,0.0010181568675578937,,,True
2002H2-E,E,tabpfn@t1,20260913,2022H2,79,24859,373,auc,0.7793310353632071,0.7569833576256009,0.8016787131008134,True
2002H2-E,E,tabpfn@t1,20260913,2022H2,79,24859,373,gini,0.5586620707264143,0.5139667152512017,0.6033574262016268,True
2002H2-E,E,tabpfn@t1,20260913,2022H2,79,24859,373,ks,0.43102509307173176,,,True
2002H2-E,E,tabpfn@t1,20260913,2022H2,79,24859,373,brier,0.014589238836635623,,,True
2002H2-E,E,tabpfn@t1,20260913,2022H2,79,24859,373,brier_miscalibration,0.0001748279001991069,,,True
2002H2-E,E,tabpfn@t1,20260913,2022H2,79,24859,373,brier_discrimination,0.00036507635058224963,,,True
2002H2-E,E,tabpfn@t1,20260913,2022H2,79,24859,373,brier_uncertainty,0.014779487287018766,,,True
2002H2-E,E,tabpfn@t1,20260913,2022H2,79,24859,373,observed_over_expected,1.8665219413490597,1.6831043805744663,2.0642336370289747,True
2002H2-E,E,tabpfn@t1,20260913,2022H2,79,24859,373,log_oe,0.6240767746471313,0.5206399338288294,0.7247590374480742,True
2002H2-E,E,tabpfn@t1,20260913,2022H2,79,24859,373,cox_intercept,1.1581578537508,0.6535385557243313,1.6627771517772687,True
2002H2-E,E,tabpfn@t1,20260913,2022H2,79,24859,373,cox_slope,1.1187667883558199,1.0043882936462247,1.233145283065415,True
2002H2-E,E,tabpfn@t1,20260913,2022H2,79,24859,373,psi,0.17195958074653273,,,True
2002H2-E,E,tabpfn@t1,20260913,2022H2,79,24859,373,psi_critical,0.0010189772271646342,,,True
2002H2-E,E,tabpfn@t1,20260913,2023H1,81,24882,381,auc,0.7914966993151814,0.7710231826547875,0.8119702159755753,True
2002H2-E,E,tabpfn@t1,20260913,2023H1,81,24882,381,gini,0.5829933986303628,0.5420463653095751,0.6239404319511506,True
2002H2-E,E,tabpfn@t1,20260913,2023H1,81,24882,381,ks,0.4496724703828576,,,True
2002H2-E,E,tabpfn@t1,20260913,2023H1,81,24882,381,brier,0.014910118933017365,,,True
2002H2-E,E,tabpfn@t1,20260913,2023H1,81,24882,381,brier_miscalibration,0.0001978461132918375,,,True
2002H2-E,E,tabpfn@t1,20260913,2023H1,81,24882,381,brier_discrimination,0.00036553538023994386,,,True
2002H2-E,E,tabpfn@t1,20260913,2023H1,81,24882,381,brier_uncertainty,0.015077808199965471,,,True
2002H2-E,E,tabpfn@t1,20260913,2023H1,81,24882,381,observed_over_expected,1.9713918407722184,1.7796888897769352,2.1778630356483744,True
2002H2-E,E,tabpfn@t1,20260913,2023H1,81,24882,381,log_oe,0.6787398114419243,0.5764385680038169,0.7783441371561619,True
2002H2-E,E,tabpfn@t1,20260913,2023H1,81,24882,381,cox_intercept,1.464286926520685,0.9447123008578855,1.9838615521834846,True
2002H2-E,E,tabpfn@t1,20260913,2023H1,81,24882,381,cox_slope,1.175042280118816,1.0574463449443359,1.2926382152932963,True
2002H2-E,E,tabpfn@t1,20260913,2023H1,81,24882,381,psi,0.1835842616779725,,,True
2002H2-E,E,tabpfn@t1,20260913,2023H1,81,24882,381,psi_critical,0.001018348107860452,,,True
2002H2-E,E,tabpfn@t1,20260913,2023H2,83,24866,363,auc,0.8146107706606792,0.7953157807303214,0.833905760591037,True
2002H2-E,E,tabpfn@t1,20260913,2023H2,83,24866,363,gini,0.6292215413213584,0.5906315614606428,0.6678115211820741,True
2002H2-E,E,tabpfn@t1,20260913,2023H2,83,24866,363,ks,0.49462881309074536,,,True
2002H2-E,E,tabpfn@t1,20260913,2023H2,83,24866,363,brier,0.014188009829633105,,,True
2002H2-E,E,tabpfn@t1,20260913,2023H2,83,24866,363,brier_miscalibration,0.00022711757167497362,,,True
2002H2-E,E,tabpfn@t1,20260913,2023H2,83,24866,363,brier_discrimination,0.000424245539980897,,,True
2002H2-E,E,tabpfn@t1,20260913,2023H2,83,24866,363,brier_uncertainty,0.014385137797939028,,,True
2002H2-E,E,tabpfn@t1,20260913,2023H2,83,24866,363,observed_over_expected,1.9604307882501166,1.7651817903634153,2.171123160035534,True
2002H2-E,E,tabpfn@t1,20260913,2023H2,83,24866,363,log_oe,0.6731642390156881,0.5682536824544346,0.7752446189211452,True
2002H2-E,E,tabpfn@t1,20260913,2023H2,83,24866,363,cox_intercept,1.9299276580635285,1.3948286023139118,2.4650267138131454,True
2002H2-E,E,tabpfn@t1,20260913,2023H2,83,24866,363,cox_slope,1.2828661544534639,1.1605576580359631,1.4051746508709646,True
2002H2-E,E,tabpfn@t1,20260913,2023H2,83,24866,363,psi,0.17842888460629386,,,True
2002H2-E,E,tabpfn@t1,20260913,2023H2,83,24866,363,psi_critical,0.0010187856328701958,,,True
