build_id,bootstrap_seed,cohorts,metric,pair,value,ci_lo,ci_hi,se,alpha,resamples,seed,excludes_zero
2016H1-E,20260905,all,gini,gbm - scorecard,0.02576446813096661,0.01941375719425547,0.03313582615943515,0.003470265822163482,0.05,200,20260905,True
2016H1-E,20260905,all,gini,gbm-50k - scorecard,0.009284263884840716,-0.0032285515935743716,0.020279615655462165,0.006344282486930521,0.05,200,20260905,False
2016H1-E,20260905,all,gini,tabpfn - scorecard,0.023374082232222388,0.016403399370912678,0.030723529634723218,0.003930875720266243,0.05,200,20260905,True
2016H1-E,20260905,all,gini,tabicl - scorecard,0.024897225116163196,0.018653783971339336,0.030666763374470555,0.0033309901654676377,0.05,200,20260905,True
2016H1-E,20260905,all,gini,tabicl@t1 - scorecard,0.024897225116163196,0.018653783971339336,0.030666763374470555,0.0033309901654676377,0.05,200,20260905,True
2016H1-E,20260905,all,gini,tabpfn@t1 - scorecard,0.023373414566438027,0.016395433881008635,0.03070657376303692,0.003932482150240383,0.05,200,20260905,True
2016H1-E,20260905,all,gini,gbm-50k - gbm,-0.016480204246125896,-0.029120019810287067,-0.006298871855333872,0.006380944068935956,0.05,200,20260905,True
2016H1-E,20260905,all,gini,tabpfn - gbm,-0.002390385898744222,-0.009193028148019313,0.004813993236368668,0.0035657622879197927,0.05,200,20260905,False
2016H1-E,20260905,all,gini,tabicl - gbm,-0.0008672430148034168,-0.0067311779404193835,0.005526104792822373,0.003231164323801772,0.05,200,20260905,False
2016H1-E,20260905,all,gini,tabicl@t1 - gbm,-0.0008672430148034168,-0.0067311779404193835,0.005526104792822373,0.003231164323801772,0.05,200,20260905,False
2016H1-E,20260905,all,gini,tabpfn@t1 - gbm,-0.0023910535645285855,-0.009196615492424462,0.0048171958757952825,0.003568499202858372,0.05,200,20260905,False
2016H1-E,20260905,all,gini,tabpfn - gbm-50k,0.014089818347381674,0.004435907360584326,0.028347764515128375,0.007546983585716421,0.05,200,20260905,True
2016H1-E,20260905,all,gini,tabicl - gbm-50k,0.015612961231322478,0.008229157853227188,0.025383647322375167,0.005025225753135377,0.05,200,20260905,True
2016H1-E,20260905,all,gini,tabicl@t1 - gbm-50k,0.015612961231322478,0.008229157853227188,0.025383647322375167,0.005025225753135377,0.05,200,20260905,True
2016H1-E,20260905,all,gini,tabpfn@t1 - gbm-50k,0.01408915068159731,0.004417156311662561,0.028356932221319995,0.0075533502882413105,0.05,200,20260905,True
2016H1-E,20260905,all,gini,tabicl - tabpfn,0.0015231428839408052,-0.0049501005497317434,0.006786461944984894,0.0032311033033158225,0.05,200,20260905,False
2016H1-E,20260905,all,gini,tabicl@t1 - tabpfn,0.0015231428839408052,-0.0049501005497317434,0.006786461944984894,0.0032311033033158225,0.05,200,20260905,False
2016H1-E,20260905,all,gini,tabpfn@t1 - tabpfn,-6.676657843633175e-07,-2.125210449195891e-05,1.8909526739602234e-05,1.0619578043602428e-05,0.05,200,20260905,False
2016H1-E,20260905,all,gini,tabicl@t1 - tabicl,0.0,0.0,0.0,0.0,0.05,200,20260905,False
2016H1-E,20260905,all,gini,tabpfn@t1 - tabicl,-0.0015238105497251686,-0.006788611706253582,0.0049669521153965805,0.0032367393738437313,0.05,200,20260905,False
2016H1-E,20260905,all,gini,tabpfn@t1 - tabicl@t1,-0.0015238105497251686,-0.006788611706253582,0.0049669521153965805,0.0032367393738437313,0.05,200,20260905,False
2016H1-E,20260905,all,abs_log_oe,gbm - scorecard,-0.044219070447791164,-0.04675174153508966,-0.04182011816166739,0.0012070059662204642,0.05,200,20260905,True
2016H1-E,20260905,all,abs_log_oe,gbm-50k - scorecard,2.0778281525191122e-05,-0.009527448358935622,0.005854920052709925,0.005776666816405279,0.05,200,20260905,False
2016H1-E,20260905,all,abs_log_oe,tabpfn - scorecard,0.37007408098995015,0.3486358535939702,0.3845499389999793,0.013360538354590546,0.05,200,20260905,True
2016H1-E,20260905,all,abs_log_oe,tabicl - scorecard,0.2720274538393887,0.25187567275661465,0.287641414134845,0.012774206433306947,0.05,200,20260905,True
2016H1-E,20260905,all,abs_log_oe,tabicl@t1 - scorecard,-0.08985037961662812,-0.10494586616533394,-0.07759986051109176,0.009713222455368754,0.05,200,20260905,True
2016H1-E,20260905,all,abs_log_oe,tabpfn@t1 - scorecard,-0.005309401655267831,-0.02087338362751874,0.0052301352948689464,0.009509026987017825,0.05,200,20260905,False
2016H1-E,20260905,all,abs_log_oe,gbm-50k - gbm,0.044239848729316356,0.03457572995680516,0.050427464771344216,0.0057053283968278076,0.05,200,20260905,True
2016H1-E,20260905,all,abs_log_oe,tabpfn - gbm,0.4142931514377413,0.392998003372009,0.428642069453968,0.013242233495635457,0.05,200,20260905,True
2016H1-E,20260905,all,abs_log_oe,tabicl - gbm,0.31624652428717986,0.29623932272151804,0.3316267220582447,0.012658689055568054,0.05,200,20260905,True
2016H1-E,20260905,all,abs_log_oe,tabicl@t1 - gbm,-0.04563130916883695,-0.06074118558964343,-0.03332437433994479,0.009609925195540258,0.05,200,20260905,True
2016H1-E,20260905,all,abs_log_oe,tabpfn@t1 - gbm,0.03890966879252333,0.023634117019447558,0.04951928308062212,0.009401677360348604,0.05,200,20260905,True
2016H1-E,20260905,all,abs_log_oe,tabpfn - gbm-50k,0.37005330270842496,0.35709513979031426,0.3796928258077448,0.007757496262984179,0.05,200,20260905,True
2016H1-E,20260905,all,abs_log_oe,tabicl - gbm-50k,0.27200667555786345,0.2609002199207449,0.282876523171701,0.007436345857820109,0.05,200,20260905,True
2016H1-E,20260905,all,abs_log_oe,tabicl@t1 - gbm-50k,-0.08987115789815331,-0.09603832714528222,-0.08212107469768568,0.004670143158634638,0.05,200,20260905,True
2016H1-E,20260905,all,abs_log_oe,tabpfn@t1 - gbm-50k,-0.0053301799367930225,-0.012048163343323277,0.0002944553949372794,0.003989514619455193,0.05,200,20260905,False
2016H1-E,20260905,all,abs_log_oe,tabicl - tabpfn,-0.09804662715056149,-0.10099162259326998,-0.09571336525218756,0.0018584047458408226,0.05,200,20260905,True
2016H1-E,20260905,all,abs_log_oe,tabicl@t1 - tabpfn,-0.45992446060657827,-0.4646835872383408,-0.45307891224231256,0.004216898658035328,0.05,200,20260905,True
2016H1-E,20260905,all,abs_log_oe,tabpfn@t1 - tabpfn,-0.375383482645218,-0.3794843254379654,-0.36916895446432707,0.003867480216185889,0.05,200,20260905,True
2016H1-E,20260905,all,abs_log_oe,tabicl@t1 - tabicl,-0.3618778334560167,-0.3652648838171232,-0.35681930546865315,0.0031273352969447056,0.05,200,20260905,True
2016H1-E,20260905,all,abs_log_oe,tabpfn@t1 - tabicl,-0.2773368554946565,-0.2830742420126759,-0.2721962130601698,0.0035580795258680045,0.05,200,20260905,True
2016H1-E,20260905,all,abs_log_oe,tabpfn@t1 - tabicl@t1,0.08454097796136029,0.08197348732738237,0.08698879067337725,0.001678061318961255,0.05,200,20260905,True
2016H1-E,20260905,all,cox_slope_deviation,gbm - scorecard,-0.03228305636599844,-0.047294536270369364,0.006435759710480078,0.012912465900354532,0.05,200,20260905,False
2016H1-E,20260905,all,cox_slope_deviation,gbm-50k - scorecard,0.03306837102990363,-0.01455406094140904,0.09139506957276279,0.030032293550316738,0.05,200,20260905,False
2016H1-E,20260905,all,cox_slope_deviation,tabpfn - scorecard,-0.009578981293182987,-0.055020359466493696,0.05043037227397173,0.02663523721676743,0.05,200,20260905,False
2016H1-E,20260905,all,cox_slope_deviation,tabicl - scorecard,0.02623059538576374,-0.038216744118856706,0.07537510465046049,0.03140567625411327,0.05,200,20260905,False
2016H1-E,20260905,all,cox_slope_deviation,tabicl@t1 - scorecard,-0.03386129606235324,-0.05077354576404937,0.004264471427460144,0.013460355671899201,0.05,200,20260905,False
2016H1-E,20260905,all,cox_slope_deviation,tabpfn@t1 - scorecard,-0.005527569851875569,-0.048959794557683886,0.04640457456771793,0.024968259353557516,0.05,200,20260905,False
2016H1-E,20260905,all,cox_slope_deviation,gbm-50k - gbm,0.06535142739590206,0.0034850590941595833,0.11378679604592405,0.03105496392837808,0.05,200,20260905,True
2016H1-E,20260905,all,cox_slope_deviation,tabpfn - gbm,0.02270407507281545,-0.0205691682307538,0.0686893459147286,0.02262570863617032,0.05,200,20260905,False
2016H1-E,20260905,all,cox_slope_deviation,tabicl - gbm,0.05851365175176218,-0.012030518322736085,0.09552887938351252,0.027726332554133506,0.05,200,20260905,False
2016H1-E,20260905,all,cox_slope_deviation,tabicl@t1 - gbm,-0.0015782396963547978,-0.02458684692796309,0.015896547117374336,0.010071926689593882,0.05,200,20260905,False
2016H1-E,20260905,all,cox_slope_deviation,tabpfn@t1 - gbm,0.026755486514122868,-0.026622504308115472,0.07345241434468469,0.0263308506917065,0.05,200,20260905,False
2016H1-E,20260905,all,cox_slope_deviation,tabpfn - gbm-50k,-0.04264735232308662,-0.1271015855701568,0.05252526808874077,0.04672907771077347,0.05,200,20260905,False
2016H1-E,20260905,all,cox_slope_deviation,tabicl - gbm-50k,-0.006837775644139889,-0.10722548477752797,0.07490667165935937,0.05086356808736449,0.05,200,20260905,False
2016H1-E,20260905,all,cox_slope_deviation,tabicl@t1 - gbm-50k,-0.06692966709225685,-0.11612498125932512,-0.0028667633007771645,0.03213338416707308,0.05,200,20260905,True
2016H1-E,20260905,all,cox_slope_deviation,tabpfn@t1 - gbm-50k,-0.0385959408817792,-0.08147573233075854,0.012600335810049535,0.030717723995358683,0.05,200,20260905,False
2016H1-E,20260905,all,cox_slope_deviation,tabicl - tabpfn,0.03580957667894673,-0.004846661122127234,0.059126318947694455,0.01456737723739115,0.05,200,20260905,False
2016H1-E,20260905,all,cox_slope_deviation,tabicl@t1 - tabpfn,-0.024282314769170244,-0.06166336448635034,0.01849723903884206,0.02158705074062535,0.05,200,20260905,False
2016H1-E,20260905,all,cox_slope_deviation,tabpfn@t1 - tabpfn,0.004051411441307416,-0.07430271087492991,0.07578118225394247,0.043455831768264494,0.05,200,20260905,False
2016H1-E,20260905,all,cox_slope_deviation,tabicl@t1 - tabicl,-0.060091891448116976,-0.08818351242394569,0.013992966062506948,0.02648026862044713,0.05,200,20260905,False
2016H1-E,20260905,all,cox_slope_deviation,tabpfn@t1 - tabicl,-0.03175816523763931,-0.10269441459785843,0.0697849848775188,0.04647498771681342,0.05,200,20260905,False
2016H1-E,20260905,all,cox_slope_deviation,tabpfn@t1 - tabicl@t1,0.028333726210477667,-0.01760231967352468,0.06851002731187662,0.024415350505341264,0.05,200,20260905,False
2016H1-E,20260905,all,psi,gbm - scorecard,-0.020287531191240618,-0.021647112009862437,-0.01885471806865333,0.0007220226142900889,0.05,200,20260905,True
2016H1-E,20260905,all,psi,gbm-50k - scorecard,-0.007703412095885141,-0.013981233003347034,-0.002889672249086708,0.003920778883738209,0.05,200,20260905,True
2016H1-E,20260905,all,psi,tabpfn - scorecard,-0.011754613035005546,-0.02092271861783429,-0.004078572633544182,0.0058989725755870855,0.05,200,20260905,True
2016H1-E,20260905,all,psi,tabicl - scorecard,-0.018485046384614758,-0.023753013291495532,-0.013061786025055562,0.0036941710092594274,0.05,200,20260905,True
2016H1-E,20260905,all,psi,tabicl@t1 - scorecard,-0.018485046384614758,-0.023753013291495532,-0.013061786025055562,0.0036941710092594274,0.05,200,20260905,True
2016H1-E,20260905,all,psi,tabpfn@t1 - scorecard,-0.011769183647665401,-0.020935616199281228,-0.00405758280799555,0.005899536671462163,0.05,200,20260905,True
2016H1-E,20260905,all,psi,gbm-50k - gbm,0.012584119095355478,0.006454963379141893,0.017613386473697586,0.0039203062474681815,0.05,200,20260905,True
2016H1-E,20260905,all,psi,tabpfn - gbm,0.008532918156235072,-6.74536009970252e-05,0.01635755308134293,0.0058815980301536765,0.05,200,20260905,False
2016H1-E,20260905,all,psi,tabicl - gbm,0.0018024848066258616,-0.003079237859359272,0.0071017104043754565,0.0036315996330521416,0.05,200,20260905,False
2016H1-E,20260905,all,psi,tabicl@t1 - gbm,0.0018024848066258616,-0.003079237859359272,0.0071017104043754565,0.0036315996330521416,0.05,200,20260905,False
2016H1-E,20260905,all,psi,tabpfn@t1 - gbm,0.008518347543575219,-7.564675808829887e-05,0.01630851359366117,0.005882119385154147,0.05,200,20260905,False
2016H1-E,20260905,all,psi,tabpfn - gbm-50k,-0.004051200939120404,-0.00736013208429916,-0.0004072268216962025,0.0021522512210578396,0.05,200,20260905,True
2016H1-E,20260905,all,psi,tabicl - gbm-50k,-0.010781634288729615,-0.017536898654877266,-0.004905918756518456,0.004496834520873163,0.05,200,20260905,True
2016H1-E,20260905,all,psi,tabicl@t1 - gbm-50k,-0.010781634288729615,-0.017536898654877266,-0.004905918756518456,0.004496834520873163,0.05,200,20260905,True
2016H1-E,20260905,all,psi,tabpfn@t1 - gbm-50k,-0.004065771551780259,-0.0074095900459091105,-0.0004615144139191717,0.0021465792619957216,0.05,200,20260905,True
2016H1-E,20260905,all,psi,tabicl - tabpfn,-0.006730433349609211,-0.012770912497379086,0.0015090346481097224,0.0054800563286351205,0.05,200,20260905,False
2016H1-E,20260905,all,psi,tabicl@t1 - tabpfn,-0.006730433349609211,-0.012770912497379086,0.0015090346481097224,0.0054800563286351205,0.05,200,20260905,False
2016H1-E,20260905,all,psi,tabpfn@t1 - tabpfn,-1.457061265985419e-05,-7.474286965617532e-05,4.7829124035262285e-05,3.478009708261374e-05,0.05,200,20260905,False
2016H1-E,20260905,all,psi,tabicl@t1 - tabicl,0.0,0.0,0.0,0.0,0.05,200,20260905,False
2016H1-E,20260905,all,psi,tabpfn@t1 - tabicl,0.006715862736949356,-0.0015327647730460602,0.012784076004923142,0.005497381616190848,0.05,200,20260905,False
2016H1-E,20260905,all,psi,tabpfn@t1 - tabicl@t1,0.006715862736949356,-0.0015327647730460602,0.012784076004923142,0.005497381616190848,0.05,200,20260905,False
2016H1-E,20260905,nearest,gini,gbm - scorecard,0.023390225199195758,0.01134977666533824,0.03518544875507637,0.006027279004657039,0.05,200,20260905,True
2016H1-E,20260905,nearest,gini,gbm-50k - scorecard,0.008633075400108122,-0.006969141112159366,0.02510469912495679,0.008837455815596204,0.05,200,20260905,False
2016H1-E,20260905,nearest,gini,tabpfn - scorecard,0.02312690234763763,0.009931954617623775,0.03568898320745575,0.00715850277959636,0.05,200,20260905,True
2016H1-E,20260905,nearest,gini,tabicl - scorecard,0.02526994161801997,0.014263320443981454,0.03620994428500378,0.0057730294924522125,0.05,200,20260905,True
2016H1-E,20260905,nearest,gini,tabicl@t1 - scorecard,0.02526994161801997,0.014263320443981454,0.03620994428500378,0.0057730294924522125,0.05,200,20260905,True
2016H1-E,20260905,nearest,gini,tabpfn@t1 - scorecard,0.02313009492679587,0.009940665425429377,0.035703102828980426,0.00716078592972242,0.05,200,20260905,True
2016H1-E,20260905,nearest,gini,gbm-50k - gbm,-0.014757149799087635,-0.028895479728482477,0.003931156335060478,0.00904986054149185,0.05,200,20260905,False
2016H1-E,20260905,nearest,gini,tabpfn - gbm,-0.00026332285155813057,-0.013620736544191856,0.009709491603197219,0.006381290819244212,0.05,200,20260905,False
2016H1-E,20260905,nearest,gini,tabicl - gbm,0.0018797164188242104,-0.008981140111490576,0.011258053081120923,0.005152894554113861,0.05,200,20260905,False
2016H1-E,20260905,nearest,gini,tabicl@t1 - gbm,0.0018797164188242104,-0.008981140111490576,0.011258053081120923,0.005152894554113861,0.05,200,20260905,False
2016H1-E,20260905,nearest,gini,tabpfn@t1 - gbm,-0.000260130272399887,-0.013627851349017492,0.00970016048559398,0.006385053554733065,0.05,200,20260905,False
2016H1-E,20260905,nearest,gini,tabpfn - gbm-50k,0.014493826947529506,0.0007773865654527705,0.03054891621920121,0.00837441458806946,0.05,200,20260905,True
2016H1-E,20260905,nearest,gini,tabicl - gbm-50k,0.016636866217911845,0.0032931487978962114,0.030812278057717923,0.007154120007021936,0.05,200,20260905,True
2016H1-E,20260905,nearest,gini,tabicl@t1 - gbm-50k,0.016636866217911845,0.0032931487978962114,0.030812278057717923,0.007154120007021936,0.05,200,20260905,True
2016H1-E,20260905,nearest,gini,tabpfn@t1 - gbm-50k,0.014497019526687749,0.0007740767606685465,0.030562582320760458,0.008380126113072487,0.05,200,20260905,True
2016H1-E,20260905,nearest,gini,tabicl - tabpfn,0.002143039270382341,-0.003921993007897474,0.008949542853705585,0.0034859381319067673,0.05,200,20260905,False
2016H1-E,20260905,nearest,gini,tabicl@t1 - tabpfn,0.002143039270382341,-0.003921993007897474,0.008949542853705585,0.0034859381319067673,0.05,200,20260905,False
2016H1-E,20260905,nearest,gini,tabpfn@t1 - tabpfn,3.192579158243595e-06,-2.5248614067521766e-05,2.8843290395724755e-05,1.4084773162198855e-05,0.05,200,20260905,False
2016H1-E,20260905,nearest,gini,tabicl@t1 - tabicl,0.0,0.0,0.0,0.0,0.05,200,20260905,False
2016H1-E,20260905,nearest,gini,tabpfn@t1 - tabicl,-0.0021398466912240974,-0.008937038864787361,0.003933379561451257,0.003489975993916824,0.05,200,20260905,False
2016H1-E,20260905,nearest,gini,tabpfn@t1 - tabicl@t1,-0.0021398466912240974,-0.008937038864787361,0.003933379561451257,0.003489975993916824,0.05,200,20260905,False
2016H1-E,20260905,nearest,abs_log_oe,gbm - scorecard,-0.025569206517564613,-0.028540397289374835,-0.021541623051638953,0.001772182755302665,0.05,200,20260905,True
2016H1-E,20260905,nearest,abs_log_oe,gbm-50k - scorecard,0.011696446329387508,-0.0015156863804228662,0.020149214006675627,0.008038051968948905,0.05,200,20260905,False
2016H1-E,20260905,nearest,abs_log_oe,tabpfn - scorecard,0.3750672162387727,0.3466860082242986,0.3916382498147335,0.017317510982767355,0.05,200,20260905,True
2016H1-E,20260905,nearest,abs_log_oe,tabicl - scorecard,0.2854476143688413,0.25774558328246333,0.3051803509536578,0.017060500993908517,0.05,200,20260905,True
2016H1-E,20260905,nearest,abs_log_oe,tabicl@t1 - scorecard,-0.07551489996609384,-0.0975395865086151,-0.059602427203589985,0.013532829362109183,0.05,200,20260905,True
2016H1-E,20260905,nearest,abs_log_oe,tabpfn@t1 - scorecard,0.0019095623951775886,-0.01976126203446944,0.014266171723301283,0.01330092144895486,0.05,200,20260905,False
2016H1-E,20260905,nearest,abs_log_oe,gbm-50k - gbm,0.03726565284695212,0.02292896196830741,0.04598149926191821,0.00806076160401163,0.05,200,20260905,True
2016H1-E,20260905,nearest,abs_log_oe,tabpfn - gbm,0.40063642275633726,0.37273050180291317,0.4167015427035335,0.0172916862918591,0.05,200,20260905,True
2016H1-E,20260905,nearest,abs_log_oe,tabicl - gbm,0.3110168208864059,0.284012803149426,0.33024338968478417,0.017069269032145003,0.05,200,20260905,True
2016H1-E,20260905,nearest,abs_log_oe,tabicl@t1 - gbm,-0.04994569344852923,-0.07133059584431095,-0.034284902153343864,0.013557348264601664,0.05,200,20260905,True
2016H1-E,20260905,nearest,abs_log_oe,tabpfn@t1 - gbm,0.027478768912742202,0.005771877682040713,0.03958064126749875,0.013284860168139156,0.05,200,20260905,True
2016H1-E,20260905,nearest,abs_log_oe,tabpfn - gbm-50k,0.36337076990938516,0.34716217698848956,0.373875326734212,0.009511200874256507,0.05,200,20260905,True
2016H1-E,20260905,nearest,abs_log_oe,tabicl - gbm-50k,0.27375116803945376,0.25859665403187065,0.287832217013382,0.009813383795413886,0.05,200,20260905,True
2016H1-E,20260905,nearest,abs_log_oe,tabicl@t1 - gbm-50k,-0.08721134629548134,-0.0965713610971096,-0.07742644141068669,0.006481910266761598,0.05,200,20260905,True
2016H1-E,20260905,nearest,abs_log_oe,tabpfn@t1 - gbm-50k,-0.00978688393420992,-0.01949730356675655,-0.003501286865464807,0.005490625255716624,0.05,200,20260905,True
2016H1-E,20260905,nearest,abs_log_oe,tabicl - tabpfn,-0.08961960186993138,-0.0947640248056482,-0.0854632123199954,0.0032942247359708525,0.05,200,20260905,True
2016H1-E,20260905,nearest,abs_log_oe,tabicl@t1 - tabpfn,-0.4505821162048665,-0.4572133191071982,-0.44321772920295094,0.00483106051280553,0.05,200,20260905,True
2016H1-E,20260905,nearest,abs_log_oe,tabpfn@t1 - tabpfn,-0.37315765384359506,-0.37751798500251216,-0.36647669428539187,0.004068015245897303,0.05,200,20260905,True
2016H1-E,20260905,nearest,abs_log_oe,tabicl@t1 - tabicl,-0.36096251433493515,-0.3650746708095838,-0.35510819807887894,0.0035492134890108794,0.05,200,20260905,True
2016H1-E,20260905,nearest,abs_log_oe,tabpfn@t1 - tabicl,-0.2835380519736637,-0.2916270736647012,-0.27711822046011636,0.0050692682126987805,0.05,200,20260905,True
2016H1-E,20260905,nearest,abs_log_oe,tabpfn@t1 - tabicl@t1,0.07742446236127143,0.07314705871715967,0.0818551097941569,0.0030636624869242518,0.05,200,20260905,True
2016H1-E,20260905,nearest,cox_slope_deviation,gbm - scorecard,-0.023268476261885957,-0.04963797654995435,0.026238668632230913,0.020881751851568514,0.05,200,20260905,False
2016H1-E,20260905,nearest,cox_slope_deviation,gbm-50k - scorecard,0.0295902616461564,-0.028156074400968248,0.07399953351176783,0.024941303414708457,0.05,200,20260905,False
2016H1-E,20260905,nearest,cox_slope_deviation,tabpfn - scorecard,0.027712775451799204,-0.06020223690856422,0.09550275282806747,0.041589099557613675,0.05,200,20260905,False
2016H1-E,20260905,nearest,cox_slope_deviation,tabicl - scorecard,0.0716314652729897,-0.05434700497376199,0.12385791947484513,0.043983663558056295,0.05,200,20260905,False
2016H1-E,20260905,nearest,cox_slope_deviation,tabicl@t1 - scorecard,-0.01731925998954452,-0.049314267013774005,0.031775128012362264,0.02114929840088548,0.05,200,20260905,False
2016H1-E,20260905,nearest,cox_slope_deviation,tabpfn@t1 - scorecard,0.007362178806802047,-0.036836774703749575,0.06924261315833166,0.027554091947447214,0.05,200,20260905,False
2016H1-E,20260905,nearest,cox_slope_deviation,gbm-50k - gbm,0.05285873790804235,-0.032807466384195905,0.08924364659681462,0.033963142165346176,0.05,200,20260905,False
2016H1-E,20260905,nearest,cox_slope_deviation,tabpfn - gbm,0.05098125171368515,-0.02609910983544151,0.08808946817579391,0.03033313246133156,0.05,200,20260905,False
2016H1-E,20260905,nearest,cox_slope_deviation,tabicl - gbm,0.09489994153487565,-0.00581031504539227,0.11951309155359256,0.033132179570201724,0.05,200,20260905,False
2016H1-E,20260905,nearest,cox_slope_deviation,tabicl@t1 - gbm,0.005949216272341437,-0.02313072159471267,0.02994566286519189,0.013231518537690782,0.05,200,20260905,False
2016H1-E,20260905,nearest,cox_slope_deviation,tabpfn@t1 - gbm,0.030630655068688003,-0.03595689652535668,0.08866747257198439,0.032055734704681815,0.05,200,20260905,False
2016H1-E,20260905,nearest,cox_slope_deviation,tabpfn - gbm-50k,-0.0018774861943571947,-0.10097927505837266,0.110826237280573,0.05341605400358395,0.05,200,20260905,False
2016H1-E,20260905,nearest,cox_slope_deviation,tabicl - gbm-50k,0.04204120362683331,-0.090961643660824,0.13974167225567174,0.057080544908988166,0.05,200,20260905,False
2016H1-E,20260905,nearest,cox_slope_deviation,tabicl@t1 - gbm-50k,-0.04690952163570092,-0.09041378982933249,0.04661505657253165,0.03404836032112476,0.05,200,20260905,False
2016H1-E,20260905,nearest,cox_slope_deviation,tabpfn@t1 - gbm-50k,-0.022228082839354357,-0.06798332678434063,0.03209879716698387,0.02805896623973044,0.05,200,20260905,False
2016H1-E,20260905,nearest,cox_slope_deviation,tabicl - tabpfn,0.043918689821190494,-0.0006633695897552744,0.06913849838381046,0.017359497190325413,0.05,200,20260905,False
2016H1-E,20260905,nearest,cox_slope_deviation,tabicl@t1 - tabpfn,-0.04503203544134373,-0.07167960427896557,0.028461835876989392,0.029072710829355843,0.05,200,20260905,False
2016H1-E,20260905,nearest,cox_slope_deviation,tabpfn@t1 - tabpfn,-0.02035059664499716,-0.09666976112099687,0.10439628624937163,0.054612960524780894,0.05,200,20260905,False
2016H1-E,20260905,nearest,cox_slope_deviation,tabicl@t1 - tabicl,-0.08895072526253422,-0.09672506939970456,0.026685273247539106,0.033270265104926436,0.05,200,20260905,False
2016H1-E,20260905,nearest,cox_slope_deviation,tabpfn@t1 - tabicl,-0.06426928646618767,-0.1275115590248821,0.07629567794239349,0.05615714247708197,0.05,200,20260905,False
2016H1-E,20260905,nearest,cox_slope_deviation,tabpfn@t1 - tabicl@t1,0.02468143879634657,-0.033549347950299103,0.07540129823919835,0.029736863791672,0.05,200,20260905,False
2016H1-E,20260905,nearest,psi,gbm - scorecard,-0.01198889947782982,-0.013810095477283922,-0.010154951573847349,0.0009792918636655223,0.05,200,20260905,True
2016H1-E,20260905,nearest,psi,gbm-50k - scorecard,-0.0039792242774240915,-0.007655287837655588,-0.0011569949348308975,0.001820911496333706,0.05,200,20260905,True
2016H1-E,20260905,nearest,psi,tabpfn - scorecard,-0.0058216320777677785,-0.010037700642922942,-0.0004024692258265732,0.003082945330426557,0.05,200,20260905,True
2016H1-E,20260905,nearest,psi,tabicl - scorecard,-0.0010162551175914893,-0.008418401049831275,0.006557751169515176,0.004750068059539883,0.05,200,20260905,False
2016H1-E,20260905,nearest,psi,tabicl@t1 - scorecard,-0.0010162551175914893,-0.008418401049831275,0.006557751169515176,0.004750068059539883,0.05,200,20260905,False
2016H1-E,20260905,nearest,psi,tabpfn@t1 - scorecard,-0.005873918736510236,-0.010079875750254715,-0.0005348500342624705,0.003052340595861503,0.05,200,20260905,True
2016H1-E,20260905,nearest,psi,gbm-50k - gbm,0.008009675200405726,0.004639121541871969,0.010858908196029868,0.001739479122912901,0.05,200,20260905,True
2016H1-E,20260905,nearest,psi,tabpfn - gbm,0.00616726740006204,0.0025458788791617726,0.01139724484236343,0.0029643524130436812,0.05,200,20260905,True
2016H1-E,20260905,nearest,psi,tabicl - gbm,0.010972644360238329,0.003953825872200013,0.017881165488984697,0.004724572613628933,0.05,200,20260905,True
2016H1-E,20260905,nearest,psi,tabicl@t1 - gbm,0.010972644360238329,0.003953825872200013,0.017881165488984697,0.004724572613628933,0.05,200,20260905,True
2016H1-E,20260905,nearest,psi,tabpfn@t1 - gbm,0.006114980741319582,0.002562234344343677,0.01129401236098171,0.002932775877573917,0.05,200,20260905,True
2016H1-E,20260905,nearest,psi,tabpfn - gbm-50k,-0.0018424078003436868,-0.005399431914793708,0.0017381086535907659,0.0022519158832831503,0.05,200,20260905,False
2016H1-E,20260905,nearest,psi,tabicl - gbm-50k,0.0029629691598326026,-0.004750886616715306,0.011828844173259974,0.0057369506628719,0.05,200,20260905,False
2016H1-E,20260905,nearest,psi,tabicl@t1 - gbm-50k,0.0029629691598326026,-0.004750886616715306,0.011828844173259974,0.0057369506628719,0.05,200,20260905,False
2016H1-E,20260905,nearest,psi,tabpfn@t1 - gbm-50k,-0.001894694459086144,-0.0054050678790695025,0.0015842980901972586,0.0022206885474943803,0.05,200,20260905,False
2016H1-E,20260905,nearest,psi,tabicl - tabpfn,0.004805376960176289,-3.677378078686924e-05,0.013411606052643407,0.0050745367410193675,0.05,200,20260905,False
2016H1-E,20260905,nearest,psi,tabicl@t1 - tabpfn,0.004805376960176289,-3.677378078686924e-05,0.013411606052643407,0.0050745367410193675,0.05,200,20260905,False
2016H1-E,20260905,nearest,psi,tabpfn@t1 - tabpfn,-5.228665874245734e-05,-0.00014645705056099515,2.2924941000158575e-05,4.5455022813505524e-05,0.05,200,20260905,False
2016H1-E,20260905,nearest,psi,tabicl@t1 - tabicl,0.0,0.0,0.0,0.0,0.05,200,20260905,False
2016H1-E,20260905,nearest,psi,tabpfn@t1 - tabicl,-0.004857663618918747,-0.013502257501900395,-7.914544799435241e-06,0.005071883556435173,0.05,200,20260905,True
2016H1-E,20260905,nearest,psi,tabpfn@t1 - tabicl@t1,-0.004857663618918747,-0.013502257501900395,-7.914544799435241e-06,0.005071883556435173,0.05,200,20260905,True
2016H1-E,20260905,"all, cohorts resampled",gini,gbm - scorecard,0.02576446813096661,0.015102489835586914,0.0363203353748008,0.0056520029928088834,0.05,200,20260905,True
2016H1-E,20260905,"all, cohorts resampled",gini,gbm-50k - scorecard,0.009284263884840716,-0.004759687355826952,0.02102855964425993,0.007123276509747793,0.05,200,20260905,False
2016H1-E,20260905,"all, cohorts resampled",gini,tabpfn - scorecard,0.023374082232222388,0.013862690016435714,0.03170518851386467,0.004604935262278542,0.05,200,20260905,True
2016H1-E,20260905,"all, cohorts resampled",gini,tabicl - scorecard,0.024897225116163196,0.016806064574116812,0.03142762103273195,0.0039251155169833536,0.05,200,20260905,True
2016H1-E,20260905,"all, cohorts resampled",gini,tabicl@t1 - scorecard,0.024897225116163196,0.016806064574116812,0.03142762103273195,0.0039251155169833536,0.05,200,20260905,True
2016H1-E,20260905,"all, cohorts resampled",gini,tabpfn@t1 - scorecard,0.023373414566438027,0.013858979004381588,0.03171310326231695,0.004605422544536832,0.05,200,20260905,True
2016H1-E,20260905,"all, cohorts resampled",gini,gbm-50k - gbm,-0.016480204246125896,-0.03675545546776427,-0.001656610338616778,0.008576418320599402,0.05,200,20260905,True
2016H1-E,20260905,"all, cohorts resampled",gini,tabpfn - gbm,-0.002390385898744222,-0.011897457512648627,0.0078116401972063544,0.0051716514303305405,0.05,200,20260905,False
2016H1-E,20260905,"all, cohorts resampled",gini,tabicl - gbm,-0.0008672430148034168,-0.012219734646240871,0.00896691247772955,0.004897616031209275,0.05,200,20260905,False
2016H1-E,20260905,"all, cohorts resampled",gini,tabicl@t1 - gbm,-0.0008672430148034168,-0.012219734646240871,0.00896691247772955,0.004897616031209275,0.05,200,20260905,False
2016H1-E,20260905,"all, cohorts resampled",gini,tabpfn@t1 - gbm,-0.0023910535645285855,-0.011892305590479643,0.007818229305137385,0.005173019278300409,0.05,200,20260905,False
2016H1-E,20260905,"all, cohorts resampled",gini,tabpfn - gbm-50k,0.014089818347381674,0.003443456105525042,0.029023313936447987,0.007762795835578219,0.05,200,20260905,True
2016H1-E,20260905,"all, cohorts resampled",gini,tabicl - gbm-50k,0.015612961231322478,0.006558263422874989,0.026976753850546837,0.005935314201606401,0.05,200,20260905,True
2016H1-E,20260905,"all, cohorts resampled",gini,tabicl@t1 - gbm-50k,0.015612961231322478,0.006558263422874989,0.026976753850546837,0.005935314201606401,0.05,200,20260905,True
2016H1-E,20260905,"all, cohorts resampled",gini,tabpfn@t1 - gbm-50k,0.01408915068159731,0.0034414255405286615,0.02903884807467509,0.007769092890132834,0.05,200,20260905,True
2016H1-E,20260905,"all, cohorts resampled",gini,tabicl - tabpfn,0.0015231428839408052,-0.005137379181485947,0.008409481842262721,0.003661467533425777,0.05,200,20260905,False
2016H1-E,20260905,"all, cohorts resampled",gini,tabicl@t1 - tabpfn,0.0015231428839408052,-0.005137379181485947,0.008409481842262721,0.003661467533425777,0.05,200,20260905,False
2016H1-E,20260905,"all, cohorts resampled",gini,tabpfn@t1 - tabpfn,-6.676657843633175e-07,-2.4617837132014098e-05,1.9681976083166252e-05,1.1709120323991098e-05,0.05,200,20260905,False
2016H1-E,20260905,"all, cohorts resampled",gini,tabicl@t1 - tabicl,0.0,0.0,0.0,0.0,0.05,200,20260905,False
2016H1-E,20260905,"all, cohorts resampled",gini,tabpfn@t1 - tabicl,-0.0015238105497251686,-0.008410309740345758,0.00513858164757848,0.0036660917264895866,0.05,200,20260905,False
2016H1-E,20260905,"all, cohorts resampled",gini,tabpfn@t1 - tabicl@t1,-0.0015238105497251686,-0.008410309740345758,0.00513858164757848,0.0036660917264895866,0.05,200,20260905,False
2016H1-E,20260905,"all, cohorts resampled",abs_log_oe,gbm - scorecard,-0.044219070447791164,-0.06028755613751068,-0.03134324359489739,0.006985992078884311,0.05,200,20260905,True
2016H1-E,20260905,"all, cohorts resampled",abs_log_oe,gbm-50k - scorecard,2.0778281525191122e-05,-0.016837825805288646,0.01304605442841365,0.00779164375690371,0.05,200,20260905,False
2016H1-E,20260905,"all, cohorts resampled",abs_log_oe,tabpfn - scorecard,0.37007408098995015,0.3370794956133036,0.38844210531078976,0.015011791837472489,0.05,200,20260905,True
2016H1-E,20260905,"all, cohorts resampled",abs_log_oe,tabicl - scorecard,0.2720274538393887,0.2393070714121949,0.2930907001365244,0.014509811520254353,0.05,200,20260905,True
2016H1-E,20260905,"all, cohorts resampled",abs_log_oe,tabicl@t1 - scorecard,-0.08985037961662812,-0.11409285970299085,-0.07182156746326293,0.011439613361663109,0.05,200,20260905,True
2016H1-E,20260905,"all, cohorts resampled",abs_log_oe,tabpfn@t1 - scorecard,-0.005309401655267831,-0.029389367074726943,0.00901321528297328,0.010839984729618248,0.05,200,20260905,False
2016H1-E,20260905,"all, cohorts resampled",abs_log_oe,gbm-50k - gbm,0.044239848729316356,0.027685851492602116,0.05552057780371027,0.007445961920762683,0.05,200,20260905,True
2016H1-E,20260905,"all, cohorts resampled",abs_log_oe,tabpfn - gbm,0.4142931514377413,0.37841817361634444,0.4384789843585278,0.01596289544060022,0.05,200,20260905,True
2016H1-E,20260905,"all, cohorts resampled",abs_log_oe,tabicl - gbm,0.31624652428717986,0.2852824493647805,0.33426596286840377,0.014037147802095633,0.05,200,20260905,True
2016H1-E,20260905,"all, cohorts resampled",abs_log_oe,tabicl@t1 - gbm,-0.04563130916883695,-0.06843640829087579,-0.03195071315911079,0.01061366165005097,0.05,200,20260905,True
2016H1-E,20260905,"all, cohorts resampled",abs_log_oe,tabpfn@t1 - gbm,0.03890966879252333,0.01367848676587084,0.05678331056029747,0.0116224039140698,0.05,200,20260905,True
2016H1-E,20260905,"all, cohorts resampled",abs_log_oe,tabpfn - gbm-50k,0.37005330270842496,0.3505615038085015,0.3839262641072451,0.009186640545375655,0.05,200,20260905,True
2016H1-E,20260905,"all, cohorts resampled",abs_log_oe,tabicl - gbm-50k,0.27200667555786345,0.25759605836078303,0.2837678080254733,0.008002570266820124,0.05,200,20260905,True
2016H1-E,20260905,"all, cohorts resampled",abs_log_oe,tabicl@t1 - gbm-50k,-0.08987115789815331,-0.09718533209414269,-0.08058461045082685,0.004887287832082545,0.05,200,20260905,True
2016H1-E,20260905,"all, cohorts resampled",abs_log_oe,tabpfn@t1 - gbm-50k,-0.0053301799367930225,-0.015461675892951209,0.002866069018326251,0.0047891084387253445,0.05,200,20260905,False
2016H1-E,20260905,"all, cohorts resampled",abs_log_oe,tabicl - tabpfn,-0.09804662715056149,-0.10557188037757329,-0.09089593024970985,0.0039905116283585375,0.05,200,20260905,True
2016H1-E,20260905,"all, cohorts resampled",abs_log_oe,tabicl@t1 - tabpfn,-0.45992446060657827,-0.47164706172968296,-0.44680347214597615,0.006478556961909335,0.05,200,20260905,True
2016H1-E,20260905,"all, cohorts resampled",abs_log_oe,tabpfn@t1 - tabpfn,-0.375383482645218,-0.3821359809579317,-0.365812510149933,0.004595951168578254,0.05,200,20260905,True
2016H1-E,20260905,"all, cohorts resampled",abs_log_oe,tabicl@t1 - tabicl,-0.3618778334560167,-0.3671507521553972,-0.35383159059812125,0.0037471202900626914,0.05,200,20260905,True
2016H1-E,20260905,"all, cohorts resampled",abs_log_oe,tabpfn@t1 - tabicl,-0.2773368554946565,-0.2856834400655645,-0.2695070931650286,0.00440257621042686,0.05,200,20260905,True
2016H1-E,20260905,"all, cohorts resampled",abs_log_oe,tabpfn@t1 - tabicl@t1,0.08454097796136029,0.07851533721598147,0.0905701643648949,0.003359263437197812,0.05,200,20260905,True
2016H1-E,20260905,"all, cohorts resampled",cox_slope_deviation,gbm - scorecard,-0.03228305636599844,-0.05637239836564534,0.007997987255875364,0.01727837793009288,0.05,200,20260905,False
2016H1-E,20260905,"all, cohorts resampled",cox_slope_deviation,gbm-50k - scorecard,0.03306837102990363,-0.015534803302052362,0.09800063461370513,0.03187376466353418,0.05,200,20260905,False
2016H1-E,20260905,"all, cohorts resampled",cox_slope_deviation,tabpfn - scorecard,-0.009578981293182987,-0.06512668081726737,0.0561691386021185,0.03281151012000821,0.05,200,20260905,False
2016H1-E,20260905,"all, cohorts resampled",cox_slope_deviation,tabicl - scorecard,0.02623059538576374,-0.05423628079290468,0.09027706736287026,0.03890283394468001,0.05,200,20260905,False
2016H1-E,20260905,"all, cohorts resampled",cox_slope_deviation,tabicl@t1 - scorecard,-0.03386129606235324,-0.07068839635979832,0.006742106529244293,0.019229943013343142,0.05,200,20260905,False
2016H1-E,20260905,"all, cohorts resampled",cox_slope_deviation,tabpfn@t1 - scorecard,-0.005527569851875569,-0.06821357817625485,0.04785842564397719,0.02819468190581795,0.05,200,20260905,False
2016H1-E,20260905,"all, cohorts resampled",cox_slope_deviation,gbm-50k - gbm,0.06535142739590206,0.00831487240527606,0.12923850236836734,0.033454887401913366,0.05,200,20260905,True
2016H1-E,20260905,"all, cohorts resampled",cox_slope_deviation,tabpfn - gbm,0.02270407507281545,-0.02983371820205574,0.07425505773958094,0.027781575783185082,0.05,200,20260905,False
2016H1-E,20260905,"all, cohorts resampled",cox_slope_deviation,tabicl - gbm,0.05851365175176218,-0.021539311604888024,0.1074426990816635,0.033972708527960034,0.05,200,20260905,False
2016H1-E,20260905,"all, cohorts resampled",cox_slope_deviation,tabicl@t1 - gbm,-0.0015782396963547978,-0.02754311510268045,0.02954190433570647,0.014233186170569678,0.05,200,20260905,False
2016H1-E,20260905,"all, cohorts resampled",cox_slope_deviation,tabpfn@t1 - gbm,0.026755486514122868,-0.03230510729841978,0.07593561163111318,0.029489389278344675,0.05,200,20260905,False
2016H1-E,20260905,"all, cohorts resampled",cox_slope_deviation,tabpfn - gbm-50k,-0.04264735232308662,-0.1376903387713757,0.053569677924835614,0.05213214617239372,0.05,200,20260905,False
2016H1-E,20260905,"all, cohorts resampled",cox_slope_deviation,tabicl - gbm-50k,-0.006837775644139889,-0.11869033723955012,0.08544083095555934,0.056773593022520094,0.05,200,20260905,False
2016H1-E,20260905,"all, cohorts resampled",cox_slope_deviation,tabicl@t1 - gbm-50k,-0.06692966709225685,-0.13341638888274018,0.005964380029197806,0.036690532975084324,0.05,200,20260905,False
2016H1-E,20260905,"all, cohorts resampled",cox_slope_deviation,tabpfn@t1 - gbm-50k,-0.0385959408817792,-0.09215223409178908,0.01921778863925792,0.03463103543879518,0.05,200,20260905,False
2016H1-E,20260905,"all, cohorts resampled",cox_slope_deviation,tabicl - tabpfn,0.03580957667894673,-0.002377658654702028,0.06535707550887693,0.015240444959211967,0.05,200,20260905,False
2016H1-E,20260905,"all, cohorts resampled",cox_slope_deviation,tabicl@t1 - tabpfn,-0.024282314769170244,-0.06250895351300513,0.02147976175617982,0.0232116113325115,0.05,200,20260905,False
2016H1-E,20260905,"all, cohorts resampled",cox_slope_deviation,tabpfn@t1 - tabpfn,0.004051411441307416,-0.07145135703063603,0.08581652931109612,0.04756699129201756,0.05,200,20260905,False
2016H1-E,20260905,"all, cohorts resampled",cox_slope_deviation,tabicl@t1 - tabicl,-0.060091891448116976,-0.09165717899818934,0.017563674871505248,0.028823574195993604,0.05,200,20260905,False
2016H1-E,20260905,"all, cohorts resampled",cox_slope_deviation,tabpfn@t1 - tabicl,-0.03175816523763931,-0.09962851890858943,0.0803202172609565,0.0510040071436605,0.05,200,20260905,False
2016H1-E,20260905,"all, cohorts resampled",cox_slope_deviation,tabpfn@t1 - tabicl@t1,0.028333726210477667,-0.017872580378457122,0.08120850236580214,0.02766257515063558,0.05,200,20260905,False
2016H1-E,20260905,"all, cohorts resampled",psi,gbm - scorecard,-0.020287531191240618,-0.027978306914873987,-0.013673851938326102,0.003715870392563502,0.05,200,20260905,True
2016H1-E,20260905,"all, cohorts resampled",psi,gbm-50k - scorecard,-0.007703412095885141,-0.01738980750413768,0.0001467442574522855,0.0046770520710459965,0.05,200,20260905,False
2016H1-E,20260905,"all, cohorts resampled",psi,tabpfn - scorecard,-0.011754613035005546,-0.027272124489377297,-0.0012826574500341237,0.006989154697587428,0.05,200,20260905,True
2016H1-E,20260905,"all, cohorts resampled",psi,tabicl - scorecard,-0.018485046384614758,-0.0371803610975442,-0.00037934323246750226,0.00917005566345595,0.05,200,20260905,True
2016H1-E,20260905,"all, cohorts resampled",psi,tabicl@t1 - scorecard,-0.018485046384614758,-0.0371803610975442,-0.00037934323246750226,0.00917005566345595,0.05,200,20260905,True
2016H1-E,20260905,"all, cohorts resampled",psi,tabpfn@t1 - scorecard,-0.011769183647665401,-0.027303947806446183,-0.0013476623608282478,0.006985266730048641,0.05,200,20260905,True
2016H1-E,20260905,"all, cohorts resampled",psi,gbm-50k - gbm,0.012584119095355478,0.005382434782954769,0.024073679440799994,0.005059376480233551,0.05,200,20260905,True
2016H1-E,20260905,"all, cohorts resampled",psi,tabpfn - gbm,0.008532918156235072,-0.0020908177652688544,0.019799655630361145,0.006535628179673427,0.05,200,20260905,False
2016H1-E,20260905,"all, cohorts resampled",psi,tabicl - gbm,0.0018024848066258616,-0.01006523521609587,0.013489057831608756,0.006178313572690911,0.05,200,20260905,False
2016H1-E,20260905,"all, cohorts resampled",psi,tabicl@t1 - gbm,0.0018024848066258616,-0.01006523521609587,0.013489057831608756,0.006178313572690911,0.05,200,20260905,False
2016H1-E,20260905,"all, cohorts resampled",psi,tabpfn@t1 - gbm,0.008518347543575219,-0.0021392942855946507,0.019812625526128187,0.00654281496476148,0.05,200,20260905,False
2016H1-E,20260905,"all, cohorts resampled",psi,tabpfn - gbm-50k,-0.004051200939120404,-0.009893160036118365,0.0008965967388595986,0.002801268538931552,0.05,200,20260905,False
2016H1-E,20260905,"all, cohorts resampled",psi,tabicl - gbm-50k,-0.010781634288729615,-0.027638653036669486,0.007599198913756116,0.008395180001407007,0.05,200,20260905,False
2016H1-E,20260905,"all, cohorts resampled",psi,tabicl@t1 - gbm-50k,-0.010781634288729615,-0.027638653036669486,0.007599198913756116,0.008395180001407007,0.05,200,20260905,False
2016H1-E,20260905,"all, cohorts resampled",psi,tabpfn@t1 - gbm-50k,-0.004065771551780259,-0.009895730385601133,0.0008668502005308034,0.0027877685101170818,0.05,200,20260905,False
2016H1-E,20260905,"all, cohorts resampled",psi,tabicl - tabpfn,-0.006730433349609211,-0.022269812427562607,0.010804243046810862,0.007979768648282955,0.05,200,20260905,False
2016H1-E,20260905,"all, cohorts resampled",psi,tabicl@t1 - tabpfn,-0.006730433349609211,-0.022269812427562607,0.010804243046810862,0.007979768648282955,0.05,200,20260905,False
2016H1-E,20260905,"all, cohorts resampled",psi,tabpfn@t1 - tabpfn,-1.457061265985419e-05,-8.871186300518692e-05,6.13101149620979e-05,4.1781869450578454e-05,0.05,200,20260905,False
2016H1-E,20260905,"all, cohorts resampled",psi,tabicl@t1 - tabicl,0.0,0.0,0.0,0.0,0.05,200,20260905,False
2016H1-E,20260905,"all, cohorts resampled",psi,tabpfn@t1 - tabicl,0.006715862736949356,-0.010828050418395721,0.022302698727206586,0.00800485854789703,0.05,200,20260905,False
2016H1-E,20260905,"all, cohorts resampled",psi,tabpfn@t1 - tabicl@t1,0.006715862736949356,-0.010828050418395721,0.022302698727206586,0.00800485854789703,0.05,200,20260905,False
2016H1-E,20260906,all,gini,gbm - scorecard,0.02576446813096661,0.018933149852673574,0.033219853268894546,0.00386093490072606,0.05,200,20260906,True
2016H1-E,20260906,all,gini,gbm-50k - scorecard,0.009284263884840716,-0.002878552038312454,0.01910815668579069,0.006506112615325591,0.05,200,20260906,False
2016H1-E,20260906,all,gini,tabpfn - scorecard,0.023374082232222388,0.016383058105126688,0.03050906351842248,0.003784031480216453,0.05,200,20260906,True
2016H1-E,20260906,all,gini,tabicl - scorecard,0.024897225116163196,0.018140563267190768,0.030770242944091804,0.0032878448085961547,0.05,200,20260906,True
2016H1-E,20260906,all,gini,tabicl@t1 - scorecard,0.024897225116163196,0.018140563267190768,0.030770242944091804,0.0032878448085961547,0.05,200,20260906,True
2016H1-E,20260906,all,gini,tabpfn@t1 - scorecard,0.023373414566438027,0.01637490334756901,0.030511818693768747,0.0037857677534621523,0.05,200,20260906,True
2016H1-E,20260906,all,gini,gbm-50k - gbm,-0.016480204246125896,-0.028646812478525192,-0.006428154652117952,0.006340418659110126,0.05,200,20260906,True
2016H1-E,20260906,all,gini,tabpfn - gbm,-0.002390385898744222,-0.00965436166684878,0.004850734017188132,0.004052444168975137,0.05,200,20260906,False
2016H1-E,20260906,all,gini,tabicl - gbm,-0.0008672430148034168,-0.00817359319336355,0.005424123408122578,0.0033110383390646315,0.05,200,20260906,False
2016H1-E,20260906,all,gini,tabicl@t1 - gbm,-0.0008672430148034168,-0.00817359319336355,0.005424123408122578,0.0033110383390646315,0.05,200,20260906,False
2016H1-E,20260906,all,gini,tabpfn@t1 - gbm,-0.0023910535645285855,-0.00964978491320657,0.004858574599470842,0.004054827083445217,0.05,200,20260906,False
2016H1-E,20260906,all,gini,tabpfn - gbm-50k,0.014089818347381674,0.004588163119730537,0.02887910018840531,0.007482107540324777,0.05,200,20260906,True
2016H1-E,20260906,all,gini,tabicl - gbm-50k,0.015612961231322478,0.007987411851137369,0.025825287804823068,0.005121582580196244,0.05,200,20260906,True
2016H1-E,20260906,all,gini,tabicl@t1 - gbm-50k,0.015612961231322478,0.007987411851137369,0.025825287804823068,0.005121582580196244,0.05,200,20260906,True
2016H1-E,20260906,all,gini,tabpfn@t1 - gbm-50k,0.01408915068159731,0.00458774000966109,0.02887671789238405,0.007488560781116993,0.05,200,20260906,True
2016H1-E,20260906,all,gini,tabicl - tabpfn,0.0015231428839408052,-0.004575829321015695,0.005835698476485058,0.0030664139001448233,0.05,200,20260906,False
2016H1-E,20260906,all,gini,tabicl@t1 - tabpfn,0.0015231428839408052,-0.004575829321015695,0.005835698476485058,0.0030664139001448233,0.05,200,20260906,False
2016H1-E,20260906,all,gini,tabpfn@t1 - tabpfn,-6.676657843633175e-07,-2.1483702334239294e-05,1.875155451576127e-05,1.0845766545751894e-05,0.05,200,20260906,False
2016H1-E,20260906,all,gini,tabicl@t1 - tabicl,0.0,0.0,0.0,0.0,0.05,200,20260906,False
2016H1-E,20260906,all,gini,tabpfn@t1 - tabicl,-0.0015238105497251686,-0.005848160602924754,0.004583787971231755,0.0030724215209678345,0.05,200,20260906,False
2016H1-E,20260906,all,gini,tabpfn@t1 - tabicl@t1,-0.0015238105497251686,-0.005848160602924754,0.004583787971231755,0.0030724215209678345,0.05,200,20260906,False
2016H1-E,20260906,all,abs_log_oe,gbm - scorecard,-0.044219070447791164,-0.046167825876498696,-0.04217240159374604,0.0010732139996674679,0.05,200,20260906,True
2016H1-E,20260906,all,abs_log_oe,gbm-50k - scorecard,2.0778281525191122e-05,-0.00967809706477375,0.005796105399722761,0.006215087941777689,0.05,200,20260906,False
2016H1-E,20260906,all,abs_log_oe,tabpfn - scorecard,0.37007408098995015,0.34769098376542795,0.3844308777435553,0.01429006035688652,0.05,200,20260906,True
2016H1-E,20260906,all,abs_log_oe,tabicl - scorecard,0.2720274538393887,0.2516976844866744,0.2876984716364584,0.013698720926555077,0.05,200,20260906,True
2016H1-E,20260906,all,abs_log_oe,tabicl@t1 - scorecard,-0.08985037961662812,-0.1050848820006908,-0.07719344477202476,0.010414178335337594,0.05,200,20260906,True
2016H1-E,20260906,all,abs_log_oe,tabpfn@t1 - scorecard,-0.005309401655267831,-0.021211569836357646,0.005118801838160716,0.010173428468444407,0.05,200,20260906,False
2016H1-E,20260906,all,abs_log_oe,gbm-50k - gbm,0.044239848729316356,0.03443613078386392,0.05060575911193812,0.006159536126120682,0.05,200,20260906,True
2016H1-E,20260906,all,abs_log_oe,tabpfn - gbm,0.4142931514377413,0.3932016161295829,0.42830848497686436,0.014183972075549486,0.05,200,20260906,True
2016H1-E,20260906,all,abs_log_oe,tabicl - gbm,0.31624652428717986,0.29650391327945846,0.3316175466309324,0.013595722531435732,0.05,200,20260906,True
2016H1-E,20260906,all,abs_log_oe,tabicl@t1 - gbm,-0.04563130916883695,-0.0605062513808427,-0.03322890248607446,0.010321859585799118,0.05,200,20260906,True
2016H1-E,20260906,all,abs_log_oe,tabpfn@t1 - gbm,0.03890966879252333,0.023713681380170888,0.04933448167932808,0.010075335834151046,0.05,200,20260906,True
2016H1-E,20260906,all,abs_log_oe,tabpfn - gbm-50k,0.37005330270842496,0.35732420529465636,0.37933015378876034,0.008196519986755817,0.05,200,20260906,True
2016H1-E,20260906,all,abs_log_oe,tabicl - gbm-50k,0.27200667555786345,0.26085800550621435,0.2824475512499211,0.007811205918676271,0.05,200,20260906,True
2016H1-E,20260906,all,abs_log_oe,tabicl@t1 - gbm-50k,-0.08987115789815331,-0.0959186001238285,-0.08259412627677241,0.004770486045303477,0.05,200,20260906,True
2016H1-E,20260906,all,abs_log_oe,tabpfn@t1 - gbm-50k,-0.0053301799367930225,-0.01183447868805873,0.0001662701729746384,0.0041420252538409905,0.05,200,20260906,False
2016H1-E,20260906,all,abs_log_oe,tabicl - tabpfn,-0.09804662715056149,-0.10102508005428908,-0.09576382426987139,0.0017510865774481889,0.05,200,20260906,True
2016H1-E,20260906,all,abs_log_oe,tabicl@t1 - tabpfn,-0.45992446060657827,-0.46447155645212274,-0.45297948718018693,0.004359311635610836,0.05,200,20260906,True
2016H1-E,20260906,all,abs_log_oe,tabpfn@t1 - tabpfn,-0.375383482645218,-0.3794753041352969,-0.36901114924565515,0.004130392945844419,0.05,200,20260906,True
2016H1-E,20260906,all,abs_log_oe,tabicl@t1 - tabicl,-0.3618778334560167,-0.3652864662742919,-0.35666507243337586,0.003341967918313479,0.05,200,20260906,True
2016H1-E,20260906,all,abs_log_oe,tabpfn@t1 - tabicl,-0.2773368554946565,-0.2829719961305103,-0.2720259317574915,0.003763568683830046,0.05,200,20260906,True
2016H1-E,20260906,all,abs_log_oe,tabpfn@t1 - tabicl@t1,0.08454097796136029,0.08211067086868261,0.08701821103491779,0.0015845434017951823,0.05,200,20260906,True
2016H1-E,20260906,all,cox_slope_deviation,gbm - scorecard,-0.03228305636599844,-0.052545392367655964,0.008213925803639709,0.015267280432215242,0.05,200,20260906,False
2016H1-E,20260906,all,cox_slope_deviation,gbm-50k - scorecard,0.03306837102990363,-0.011305537326023565,0.09658904652224733,0.029143634311648254,0.05,200,20260906,False
2016H1-E,20260906,all,cox_slope_deviation,tabpfn - scorecard,-0.009578981293182987,-0.053101473453610326,0.05560839608240103,0.028666638844354705,0.05,200,20260906,False
2016H1-E,20260906,all,cox_slope_deviation,tabicl - scorecard,0.02623059538576374,-0.0409043869562275,0.0832937729121408,0.032649721812281936,0.05,200,20260906,False
2016H1-E,20260906,all,cox_slope_deviation,tabicl@t1 - scorecard,-0.03386129606235324,-0.05092747854904172,0.010164799120625574,0.015523121751187417,0.05,200,20260906,False
2016H1-E,20260906,all,cox_slope_deviation,tabpfn@t1 - scorecard,-0.005527569851875569,-0.04957964836854143,0.04493482822984753,0.026855329719534325,0.05,200,20260906,False
2016H1-E,20260906,all,cox_slope_deviation,gbm-50k - gbm,0.06535142739590206,0.0008419297836501951,0.11589429622827757,0.029857589052209116,0.05,200,20260906,True
2016H1-E,20260906,all,cox_slope_deviation,tabpfn - gbm,0.02270407507281545,-0.02014579470005756,0.07193513002104474,0.02429088124935376,0.05,200,20260906,False
2016H1-E,20260906,all,cox_slope_deviation,tabicl - gbm,0.05851365175176218,-0.004519338878641477,0.09695419553638071,0.027152149138829886,0.05,200,20260906,False
2016H1-E,20260906,all,cox_slope_deviation,tabicl@t1 - gbm,-0.0015782396963547978,-0.022237956219230748,0.02317026275562674,0.011234592896759679,0.05,200,20260906,False
2016H1-E,20260906,all,cox_slope_deviation,tabpfn@t1 - gbm,0.026755486514122868,-0.02212175160681671,0.07373914357121387,0.028068942292738288,0.05,200,20260906,False
2016H1-E,20260906,all,cox_slope_deviation,tabpfn - gbm-50k,-0.04264735232308662,-0.12134680688191546,0.05688011584729299,0.045618484982553865,0.05,200,20260906,False
2016H1-E,20260906,all,cox_slope_deviation,tabicl - gbm-50k,-0.006837775644139889,-0.1121238896310807,0.0865502806381985,0.04868642341958891,0.05,200,20260906,False
2016H1-E,20260906,all,cox_slope_deviation,tabicl@t1 - gbm-50k,-0.06692966709225685,-0.12040003989453275,0.005276553902850131,0.031226749891876272,0.05,200,20260906,False
2016H1-E,20260906,all,cox_slope_deviation,tabpfn@t1 - gbm-50k,-0.0385959408817792,-0.08211806355933526,0.017042772924724423,0.03057649390433735,0.05,200,20260906,False
2016H1-E,20260906,all,cox_slope_deviation,tabicl - tabpfn,0.03580957667894673,-0.00023222195980105107,0.05536677201890012,0.01311765067854577,0.05,200,20260906,False
2016H1-E,20260906,all,cox_slope_deviation,tabicl@t1 - tabpfn,-0.024282314769170244,-0.061387849401996666,0.01770432948593518,0.021490328847698276,0.05,200,20260906,False
2016H1-E,20260906,all,cox_slope_deviation,tabpfn@t1 - tabpfn,0.004051411441307416,-0.08067735911890137,0.08060095618863931,0.04590716476970091,0.05,200,20260906,False
2016H1-E,20260906,all,cox_slope_deviation,tabicl@t1 - tabicl,-0.060091891448116976,-0.08643335495394162,0.007200619350644736,0.02528517947430002,0.05,200,20260906,False
2016H1-E,20260906,all,cox_slope_deviation,tabpfn@t1 - tabicl,-0.03175816523763931,-0.10467590691548428,0.060589124059393054,0.047094303437619826,0.05,200,20260906,False
2016H1-E,20260906,all,cox_slope_deviation,tabpfn@t1 - tabicl@t1,0.028333726210477667,-0.02277519435942112,0.07139851907684662,0.02706585156175775,0.05,200,20260906,False
2016H1-E,20260906,all,psi,gbm - scorecard,-0.020287531191240618,-0.02156798443257796,-0.019294951925967252,0.0005945491746382677,0.05,200,20260906,True
2016H1-E,20260906,all,psi,gbm-50k - scorecard,-0.007703412095885141,-0.014067267182618077,-0.002997570494830648,0.003998564810870338,0.05,200,20260906,True
2016H1-E,20260906,all,psi,tabpfn - scorecard,-0.011754613035005546,-0.020931681997761235,-0.004063338961902018,0.006218703370291827,0.05,200,20260906,True
2016H1-E,20260906,all,psi,tabicl - scorecard,-0.018485046384614758,-0.023894391288528095,-0.013236573721881027,0.0036721652453000613,0.05,200,20260906,True
2016H1-E,20260906,all,psi,tabicl@t1 - scorecard,-0.018485046384614758,-0.023894391288528095,-0.013236573721881027,0.0036721652453000613,0.05,200,20260906,True
2016H1-E,20260906,all,psi,tabpfn@t1 - scorecard,-0.011769183647665401,-0.020970089122110607,-0.004110742574051865,0.006216478654522559,0.05,200,20260906,True
2016H1-E,20260906,all,psi,gbm-50k - gbm,0.012584119095355478,0.006548422374398532,0.01726280761234611,0.004013010269517686,0.05,200,20260906,True
2016H1-E,20260906,all,psi,tabpfn - gbm,0.008532918156235072,-0.00016806969086508242,0.016372830912466045,0.00623494718420524,0.05,200,20260906,False
2016H1-E,20260906,all,psi,tabicl - gbm,0.0018024848066258616,-0.003119947295776194,0.007055867187101209,0.0036584792394583417,0.05,200,20260906,False
2016H1-E,20260906,all,psi,tabicl@t1 - gbm,0.0018024848066258616,-0.003119947295776194,0.007055867187101209,0.0036584792394583417,0.05,200,20260906,False
2016H1-E,20260906,all,psi,tabpfn@t1 - gbm,0.008518347543575219,-0.00020711880605200783,0.01631055015095863,0.006232412373670631,0.05,200,20260906,False
2016H1-E,20260906,all,psi,tabpfn - gbm-50k,-0.004051200939120404,-0.0072966300919659974,-0.00038499896849055474,0.0023862486559830262,0.05,200,20260906,True
2016H1-E,20260906,all,psi,tabicl - gbm-50k,-0.010781634288729615,-0.01704084454003371,-0.004914917125915666,0.004292774798592797,0.05,200,20260906,True
2016H1-E,20260906,all,psi,tabicl@t1 - gbm-50k,-0.010781634288729615,-0.01704084454003371,-0.004914917125915666,0.004292774798592797,0.05,200,20260906,True
2016H1-E,20260906,all,psi,tabpfn@t1 - gbm-50k,-0.004065771551780259,-0.007346620734851644,-0.00043164948725047113,0.002379063877416643,0.05,200,20260906,True
2016H1-E,20260906,all,psi,tabicl - tabpfn,-0.006730433349609211,-0.012713728335794388,0.001556169864764703,0.0054665714791648405,0.05,200,20260906,False
2016H1-E,20260906,all,psi,tabicl@t1 - tabpfn,-0.006730433349609211,-0.012713728335794388,0.001556169864764703,0.0054665714791648405,0.05,200,20260906,False
2016H1-E,20260906,all,psi,tabpfn@t1 - tabpfn,-1.457061265985419e-05,-6.995222187610364e-05,4.676305332074121e-05,3.2310667521110565e-05,0.05,200,20260906,False
2016H1-E,20260906,all,psi,tabicl@t1 - tabicl,0.0,0.0,0.0,0.0,0.05,200,20260906,False
2016H1-E,20260906,all,psi,tabpfn@t1 - tabicl,0.006715862736949356,-0.0015716135913371276,0.012738948187830581,0.005478217894478587,0.05,200,20260906,False
2016H1-E,20260906,all,psi,tabpfn@t1 - tabicl@t1,0.006715862736949356,-0.0015716135913371276,0.012738948187830581,0.005478217894478587,0.05,200,20260906,False
2016H1-E,20260906,nearest,gini,gbm - scorecard,0.023390225199195758,0.014264496170111485,0.0347727105998906,0.005576739059401524,0.05,200,20260906,True
2016H1-E,20260906,nearest,gini,gbm-50k - scorecard,0.008633075400108122,-0.005874252471250457,0.026270272264184713,0.00921246252958425,0.05,200,20260906,False
2016H1-E,20260906,nearest,gini,tabpfn - scorecard,0.02312690234763763,0.011196792467658636,0.03421337678200888,0.006418918713360055,0.05,200,20260906,True
2016H1-E,20260906,nearest,gini,tabicl - scorecard,0.02526994161801997,0.016684216670956806,0.034889015192870826,0.005129799949351906,0.05,200,20260906,True
2016H1-E,20260906,nearest,gini,tabicl@t1 - scorecard,0.02526994161801997,0.016684216670956806,0.034889015192870826,0.005129799949351906,0.05,200,20260906,True
2016H1-E,20260906,nearest,gini,tabpfn@t1 - scorecard,0.02313009492679587,0.01119008514467349,0.03421860561359659,0.00642259343525721,0.05,200,20260906,True
2016H1-E,20260906,nearest,gini,gbm-50k - gbm,-0.014757149799087635,-0.030557698415177588,0.0035719992877467125,0.009217291150926217,0.05,200,20260906,False
2016H1-E,20260906,nearest,gini,tabpfn - gbm,-0.00026332285155813057,-0.015212145013809132,0.011007082442655419,0.0065641774003347385,0.05,200,20260906,False
2016H1-E,20260906,nearest,gini,tabicl - gbm,0.0018797164188242104,-0.009389380991889745,0.011058621290114668,0.005070483123793439,0.05,200,20260906,False
2016H1-E,20260906,nearest,gini,tabicl@t1 - gbm,0.0018797164188242104,-0.009389380991889745,0.011058621290114668,0.005070483123793439,0.05,200,20260906,False
2016H1-E,20260906,nearest,gini,tabpfn@t1 - gbm,-0.000260130272399887,-0.015221356722444805,0.011007098241869387,0.006567407600493473,0.05,200,20260906,False
2016H1-E,20260906,nearest,gini,tabpfn - gbm-50k,0.014493826947529506,0.0015630466764768789,0.029016147615007936,0.008058436819416037,0.05,200,20260906,True
2016H1-E,20260906,nearest,gini,tabicl - gbm-50k,0.016636866217911845,0.0031545163908706457,0.030651288751288107,0.007275698876390863,0.05,200,20260906,True
2016H1-E,20260906,nearest,gini,tabicl@t1 - gbm-50k,0.016636866217911845,0.0031545163908706457,0.030651288751288107,0.007275698876390863,0.05,200,20260906,True
2016H1-E,20260906,nearest,gini,tabpfn@t1 - gbm-50k,0.014497019526687749,0.0015662506668127215,0.02902474773945684,0.008064466094386252,0.05,200,20260906,True
2016H1-E,20260906,nearest,gini,tabicl - tabpfn,0.002143039270382341,-0.0043623321160219455,0.008080694324089845,0.003296358145548676,0.05,200,20260906,False
2016H1-E,20260906,nearest,gini,tabicl@t1 - tabpfn,0.002143039270382341,-0.0043623321160219455,0.008080694324089845,0.003296358145548676,0.05,200,20260906,False
2016H1-E,20260906,nearest,gini,tabpfn@t1 - tabpfn,3.192579158243595e-06,-2.5442713084893042e-05,2.869659516211433e-05,1.3384003907642921e-05,0.05,200,20260906,False
2016H1-E,20260906,nearest,gini,tabicl@t1 - tabicl,0.0,0.0,0.0,0.0,0.05,200,20260906,False
2016H1-E,20260906,nearest,gini,tabpfn@t1 - tabicl,-0.0021398466912240974,-0.008097364950001863,0.004374509544442066,0.0033004731312079347,0.05,200,20260906,False
2016H1-E,20260906,nearest,gini,tabpfn@t1 - tabicl@t1,-0.0021398466912240974,-0.008097364950001863,0.004374509544442066,0.0033004731312079347,0.05,200,20260906,False
2016H1-E,20260906,nearest,abs_log_oe,gbm - scorecard,-0.025569206517564613,-0.028869533213280424,-0.022521533951980838,0.0015908017758683186,0.05,200,20260906,True
2016H1-E,20260906,nearest,abs_log_oe,gbm-50k - scorecard,0.011696446329387508,-0.002236709768837576,0.019483782755197437,0.00860939017781657,0.05,200,20260906,False
2016H1-E,20260906,nearest,abs_log_oe,tabpfn - scorecard,0.3750672162387727,0.3464884723233269,0.3913567386724335,0.01828185316092923,0.05,200,20260906,True
2016H1-E,20260906,nearest,abs_log_oe,tabicl - scorecard,0.2854476143688413,0.2578475186376517,0.3050420048983205,0.018190885684866636,0.05,200,20260906,True
2016H1-E,20260906,nearest,abs_log_oe,tabicl@t1 - scorecard,-0.07551489996609384,-0.09726770665433196,-0.0597560238019544,0.014457732735219005,0.05,200,20260906,True
2016H1-E,20260906,nearest,abs_log_oe,tabpfn@t1 - scorecard,0.0019095623951775886,-0.020331395575710592,0.0139953644090245,0.014021244445837935,0.05,200,20260906,False
2016H1-E,20260906,nearest,abs_log_oe,gbm-50k - gbm,0.03726565284695212,0.022814180607860255,0.04602496357225491,0.008743181444946117,0.05,200,20260906,True
2016H1-E,20260906,nearest,abs_log_oe,tabpfn - gbm,0.40063642275633726,0.3724131267820298,0.41682954249227416,0.0183605327981264,0.05,200,20260906,True
2016H1-E,20260906,nearest,abs_log_oe,tabicl - gbm,0.3110168208864059,0.2837816506161932,0.33035850937030153,0.01829043704161642,0.05,200,20260906,True
2016H1-E,20260906,nearest,abs_log_oe,tabicl@t1 - gbm,-0.04994569344852923,-0.07175921821664498,-0.03410756019491041,0.0145689531253965,0.05,200,20260906,True
2016H1-E,20260906,nearest,abs_log_oe,tabpfn@t1 - gbm,0.027478768912742202,0.005556508266201402,0.03992216282880772,0.014108276793636451,0.05,200,20260906,True
2016H1-E,20260906,nearest,abs_log_oe,tabpfn - gbm-50k,0.36337076990938516,0.3477012970377761,0.373855732630524,0.009863041660919818,0.05,200,20260906,True
2016H1-E,20260906,nearest,abs_log_oe,tabicl - gbm-50k,0.27375116803945376,0.2588053796426702,0.28743404667515754,0.010262491168541749,0.05,200,20260906,True
2016H1-E,20260906,nearest,abs_log_oe,tabicl@t1 - gbm-50k,-0.08721134629548134,-0.09629226536900706,-0.07734105829918936,0.006710250628278483,0.05,200,20260906,True
2016H1-E,20260906,nearest,abs_log_oe,tabpfn@t1 - gbm-50k,-0.00978688393420992,-0.019027000908370343,-0.0034956534206004183,0.005598476158985207,0.05,200,20260906,True
2016H1-E,20260906,nearest,abs_log_oe,tabicl - tabpfn,-0.08961960186993138,-0.09447556027051583,-0.08512105809691568,0.0031716598916192874,0.05,200,20260906,True
2016H1-E,20260906,nearest,abs_log_oe,tabicl@t1 - tabpfn,-0.4505821162048665,-0.4569737544008834,-0.44316442533747286,0.004816382135011346,0.05,200,20260906,True
2016H1-E,20260906,nearest,abs_log_oe,tabpfn@t1 - tabpfn,-0.37315765384359506,-0.3774793384997787,-0.36637766745788064,0.004303428340597628,0.05,200,20260906,True
2016H1-E,20260906,nearest,abs_log_oe,tabicl@t1 - tabicl,-0.36096251433493515,-0.3651403963713188,-0.3550786187328019,0.0037556911390268293,0.05,200,20260906,True
2016H1-E,20260906,nearest,abs_log_oe,tabpfn@t1 - tabicl,-0.2835380519736637,-0.29187914452782426,-0.27693329157572055,0.005288316905861187,0.05,200,20260906,True
2016H1-E,20260906,nearest,abs_log_oe,tabpfn@t1 - tabicl@t1,0.07742446236127143,0.07285614309201086,0.08155604183618542,0.0029758933495685797,0.05,200,20260906,True
2016H1-E,20260906,nearest,cox_slope_deviation,gbm - scorecard,-0.023268476261885957,-0.05640863046678301,0.02976548661015585,0.023210810120543404,0.05,200,20260906,False
2016H1-E,20260906,nearest,cox_slope_deviation,gbm-50k - scorecard,0.0295902616461564,-0.027132377053903856,0.06820779533189791,0.02625241041505381,0.05,200,20260906,False
2016H1-E,20260906,nearest,cox_slope_deviation,tabpfn - scorecard,0.027712775451799204,-0.05032853611974017,0.10603222499257539,0.04065939216881608,0.05,200,20260906,False
2016H1-E,20260906,nearest,cox_slope_deviation,tabicl - scorecard,0.0716314652729897,-0.02886708151572738,0.13461587301438682,0.04336551373535676,0.05,200,20260906,False
2016H1-E,20260906,nearest,cox_slope_deviation,tabicl@t1 - scorecard,-0.01731925998954452,-0.045878852993555666,0.04197999403728878,0.02240667566898698,0.05,200,20260906,False
2016H1-E,20260906,nearest,cox_slope_deviation,tabpfn@t1 - scorecard,0.007362178806802047,-0.036293551465989345,0.0726195510789325,0.028265165252360253,0.05,200,20260906,False
2016H1-E,20260906,nearest,cox_slope_deviation,gbm-50k - gbm,0.05285873790804235,-0.039491881563551136,0.09453150222896389,0.03473596291019863,0.05,200,20260906,False
2016H1-E,20260906,nearest,cox_slope_deviation,tabpfn - gbm,0.05098125171368515,-0.025065631711008028,0.09421161463489343,0.032937346774622296,0.05,200,20260906,False
2016H1-E,20260906,nearest,cox_slope_deviation,tabicl - gbm,0.09489994153487565,-0.0002441764830041019,0.12685179218286521,0.034660130750611015,0.05,200,20260906,False
2016H1-E,20260906,nearest,cox_slope_deviation,tabicl@t1 - gbm,0.005949216272341437,-0.023467719364497586,0.036538324029826194,0.01581668084240945,0.05,200,20260906,False
2016H1-E,20260906,nearest,cox_slope_deviation,tabpfn@t1 - gbm,0.030630655068688003,-0.03516007588742705,0.09200270829051557,0.031911006654904296,0.05,200,20260906,False
2016H1-E,20260906,nearest,cox_slope_deviation,tabpfn - gbm-50k,-0.0018774861943571947,-0.10220298390500421,0.1146383083683529,0.05312481051461863,0.05,200,20260906,False
2016H1-E,20260906,nearest,cox_slope_deviation,tabicl - gbm-50k,0.04204120362683331,-0.08515656738385097,0.14875021513982906,0.05687195182511344,0.05,200,20260906,False
2016H1-E,20260906,nearest,cox_slope_deviation,tabicl@t1 - gbm-50k,-0.04690952163570092,-0.09260606970961827,0.05724028956302432,0.03571335007164077,0.05,200,20260906,False
2016H1-E,20260906,nearest,cox_slope_deviation,tabpfn@t1 - gbm-50k,-0.022228082839354357,-0.0644603465910468,0.03467376254081794,0.02804705688449867,0.05,200,20260906,False
2016H1-E,20260906,nearest,cox_slope_deviation,tabicl - tabpfn,0.043918689821190494,-0.0011991222029387627,0.06928707036398994,0.017212291844878495,0.05,200,20260906,False
2016H1-E,20260906,nearest,cox_slope_deviation,tabicl@t1 - tabpfn,-0.04503203544134373,-0.0699985386600279,0.022740501896767646,0.02796450246210228,0.05,200,20260906,False
2016H1-E,20260906,nearest,cox_slope_deviation,tabpfn@t1 - tabpfn,-0.02035059664499716,-0.0954717241910757,0.10280770398658792,0.05528390214182173,0.05,200,20260906,False
2016H1-E,20260906,nearest,cox_slope_deviation,tabicl@t1 - tabicl,-0.08895072526253422,-0.09679933918641012,0.019858792241794074,0.032257120497482195,0.05,200,20260906,False
2016H1-E,20260906,nearest,cox_slope_deviation,tabpfn@t1 - tabicl,-0.06426928646618767,-0.12903546678666533,0.08653101472462124,0.05669973890497806,0.05,200,20260906,False
2016H1-E,20260906,nearest,cox_slope_deviation,tabpfn@t1 - tabicl@t1,0.02468143879634657,-0.03785469079448827,0.07943922139140108,0.03165738036480003,0.05,200,20260906,False
2016H1-E,20260906,nearest,psi,gbm - scorecard,-0.01198889947782982,-0.013771563861835992,-0.010336382889065217,0.0008945666944730564,0.05,200,20260906,True
2016H1-E,20260906,nearest,psi,gbm-50k - scorecard,-0.0039792242774240915,-0.007372129384817995,-0.0013134190778903447,0.001831635526332379,0.05,200,20260906,True
2016H1-E,20260906,nearest,psi,tabpfn - scorecard,-0.0058216320777677785,-0.009630841965001866,6.88542415642518e-05,0.0032972199283883685,0.05,200,20260906,False
2016H1-E,20260906,nearest,psi,tabicl - scorecard,-0.0010162551175914893,-0.008584832919865856,0.00613407735309818,0.004670086140285648,0.05,200,20260906,False
2016H1-E,20260906,nearest,psi,tabicl@t1 - scorecard,-0.0010162551175914893,-0.008584832919865856,0.00613407735309818,0.004670086140285648,0.05,200,20260906,False
2016H1-E,20260906,nearest,psi,tabpfn@t1 - scorecard,-0.005873918736510236,-0.00964591121439279,-2.448423883897659e-05,0.0032670830056207565,0.05,200,20260906,True
2016H1-E,20260906,nearest,psi,gbm-50k - gbm,0.008009675200405726,0.004856062448031575,0.010964878689606937,0.001844686193116215,0.05,200,20260906,True
2016H1-E,20260906,nearest,psi,tabpfn - gbm,0.00616726740006204,0.0027283744968125746,0.011923944659295806,0.003273780113347599,0.05,200,20260906,True
2016H1-E,20260906,nearest,psi,tabicl - gbm,0.010972644360238329,0.004024643289303132,0.018366686189483936,0.004608964873776623,0.05,200,20260906,True
2016H1-E,20260906,nearest,psi,tabicl@t1 - gbm,0.010972644360238329,0.004024643289303132,0.018366686189483936,0.004608964873776623,0.05,200,20260906,True
2016H1-E,20260906,nearest,psi,tabpfn@t1 - gbm,0.006114980741319582,0.0027074535320122397,0.011795245333489001,0.0032433627001711308,0.05,200,20260906,True
2016H1-E,20260906,nearest,psi,tabpfn - gbm-50k,-0.0018424078003436868,-0.0057780057973797665,0.0020254353176489236,0.00236640656829754,0.05,200,20260906,False
2016H1-E,20260906,nearest,psi,tabicl - gbm-50k,0.0029629691598326026,-0.0051303814602398886,0.012130640980292208,0.005700837201561382,0.05,200,20260906,False
2016H1-E,20260906,nearest,psi,tabicl@t1 - gbm-50k,0.0029629691598326026,-0.0051303814602398886,0.012130640980292208,0.005700837201561382,0.05,200,20260906,False
2016H1-E,20260906,nearest,psi,tabpfn@t1 - gbm-50k,-0.001894694459086144,-0.005789969158889453,0.0019186988034825788,0.0023372188655862826,0.05,200,20260906,False
2016H1-E,20260906,nearest,psi,tabicl - tabpfn,0.004805376960176289,-0.0002548795416521243,0.013538927456187821,0.005293070344629369,0.05,200,20260906,False
2016H1-E,20260906,nearest,psi,tabicl@t1 - tabpfn,0.004805376960176289,-0.0002548795416521243,0.013538927456187821,0.005293070344629369,0.05,200,20260906,False
2016H1-E,20260906,nearest,psi,tabpfn@t1 - tabpfn,-5.228665874245734e-05,-0.00013901405119794803,1.653937046665516e-05,4.2090710532520575e-05,0.05,200,20260906,False
2016H1-E,20260906,nearest,psi,tabicl@t1 - tabicl,0.0,0.0,0.0,0.0,0.05,200,20260906,False
2016H1-E,20260906,nearest,psi,tabpfn@t1 - tabicl,-0.004857663618918747,-0.013542540409361235,0.00014686580797548468,0.005283840469320123,0.05,200,20260906,False
2016H1-E,20260906,nearest,psi,tabpfn@t1 - tabicl@t1,-0.004857663618918747,-0.013542540409361235,0.00014686580797548468,0.005283840469320123,0.05,200,20260906,False
2016H1-E,20260906,"all, cohorts resampled",gini,gbm - scorecard,0.02576446813096661,0.014956828287079487,0.03718269645258822,0.0055419728863853445,0.05,200,20260906,True
2016H1-E,20260906,"all, cohorts resampled",gini,gbm-50k - scorecard,0.009284263884840716,-0.0027693101458037507,0.020282880799061216,0.006480731945491341,0.05,200,20260906,False
2016H1-E,20260906,"all, cohorts resampled",gini,tabpfn - scorecard,0.023374082232222388,0.013936463357186303,0.030814441418189394,0.004367781617005175,0.05,200,20260906,True
2016H1-E,20260906,"all, cohorts resampled",gini,tabicl - scorecard,0.024897225116163196,0.016497322686656216,0.032121124338960284,0.003897206903694482,0.05,200,20260906,True
2016H1-E,20260906,"all, cohorts resampled",gini,tabicl@t1 - scorecard,0.024897225116163196,0.016497322686656216,0.032121124338960284,0.003897206903694482,0.05,200,20260906,True
2016H1-E,20260906,"all, cohorts resampled",gini,tabpfn@t1 - scorecard,0.023373414566438027,0.013942539553540368,0.030826533118355696,0.0043692246862498015,0.05,200,20260906,True
2016H1-E,20260906,"all, cohorts resampled",gini,gbm-50k - gbm,-0.016480204246125896,-0.03281203585915059,-0.0020525171456765266,0.007855803401139283,0.05,200,20260906,True
2016H1-E,20260906,"all, cohorts resampled",gini,tabpfn - gbm,-0.002390385898744222,-0.01304606418656634,0.007303507572795035,0.005316125979072305,0.05,200,20260906,False
2016H1-E,20260906,"all, cohorts resampled",gini,tabicl - gbm,-0.0008672430148034168,-0.009885495447563416,0.008632480517259844,0.004894284775939442,0.05,200,20260906,False
2016H1-E,20260906,"all, cohorts resampled",gini,tabicl@t1 - gbm,-0.0008672430148034168,-0.009885495447563416,0.008632480517259844,0.004894284775939442,0.05,200,20260906,False
2016H1-E,20260906,"all, cohorts resampled",gini,tabpfn@t1 - gbm,-0.0023910535645285855,-0.013050991805957765,0.007308773950345784,0.005319107941706533,0.05,200,20260906,False
2016H1-E,20260906,"all, cohorts resampled",gini,tabpfn - gbm-50k,0.014089818347381674,0.003188683097218467,0.028138581122450927,0.007297040080607908,0.05,200,20260906,True
2016H1-E,20260906,"all, cohorts resampled",gini,tabicl - gbm-50k,0.015612961231322478,0.007393514104951246,0.025987513393441283,0.00520758053537741,0.05,200,20260906,True
2016H1-E,20260906,"all, cohorts resampled",gini,tabicl@t1 - gbm-50k,0.015612961231322478,0.007393514104951246,0.025987513393441283,0.00520758053537741,0.05,200,20260906,True
2016H1-E,20260906,"all, cohorts resampled",gini,tabpfn@t1 - gbm-50k,0.01408915068159731,0.0031743462745152592,0.028140871974720438,0.007303314642808789,0.05,200,20260906,True
2016H1-E,20260906,"all, cohorts resampled",gini,tabicl - tabpfn,0.0015231428839408052,-0.0056022346719772145,0.008785179201054295,0.003684574116062426,0.05,200,20260906,False
2016H1-E,20260906,"all, cohorts resampled",gini,tabicl@t1 - tabpfn,0.0015231428839408052,-0.0056022346719772145,0.008785179201054295,0.003684574116062426,0.05,200,20260906,False
2016H1-E,20260906,"all, cohorts resampled",gini,tabpfn@t1 - tabpfn,-6.676657843633175e-07,-2.7079394466576756e-05,1.9230204614976987e-05,1.2285422847528735e-05,0.05,200,20260906,False
2016H1-E,20260906,"all, cohorts resampled",gini,tabicl@t1 - tabicl,0.0,0.0,0.0,0.0,0.05,200,20260906,False
2016H1-E,20260906,"all, cohorts resampled",gini,tabpfn@t1 - tabicl,-0.0015238105497251686,-0.008788515710501158,0.005604671105693215,0.003689005707587636,0.05,200,20260906,False
2016H1-E,20260906,"all, cohorts resampled",gini,tabpfn@t1 - tabicl@t1,-0.0015238105497251686,-0.008788515710501158,0.005604671105693215,0.003689005707587636,0.05,200,20260906,False
2016H1-E,20260906,"all, cohorts resampled",abs_log_oe,gbm - scorecard,-0.044219070447791164,-0.05609015089475366,-0.032627875112139514,0.006334641798595444,0.05,200,20260906,True
2016H1-E,20260906,"all, cohorts resampled",abs_log_oe,gbm-50k - scorecard,2.0778281525191122e-05,-0.014907007660974058,0.011560424066557487,0.007287087608926905,0.05,200,20260906,False
2016H1-E,20260906,"all, cohorts resampled",abs_log_oe,tabpfn - scorecard,0.37007408098995015,0.3378916084255139,0.38929288765039755,0.015073427392646643,0.05,200,20260906,True
2016H1-E,20260906,"all, cohorts resampled",abs_log_oe,tabicl - scorecard,0.2720274538393887,0.24366737574047298,0.29295488606209424,0.014211114954819729,0.05,200,20260906,True
2016H1-E,20260906,"all, cohorts resampled",abs_log_oe,tabicl@t1 - scorecard,-0.08985037961662812,-0.11064799791297049,-0.07292015151065295,0.010924846271555344,0.05,200,20260906,True
2016H1-E,20260906,"all, cohorts resampled",abs_log_oe,tabpfn@t1 - scorecard,-0.005309401655267831,-0.028536587806874302,0.008785870056198167,0.010702047102806927,0.05,200,20260906,False
2016H1-E,20260906,"all, cohorts resampled",abs_log_oe,gbm-50k - gbm,0.044239848729316356,0.02842554600877387,0.05422838010499326,0.007431462779065338,0.05,200,20260906,True
2016H1-E,20260906,"all, cohorts resampled",abs_log_oe,tabpfn - gbm,0.4142931514377413,0.3796573145331336,0.4377598587157502,0.016249131713875632,0.05,200,20260906,True
2016H1-E,20260906,"all, cohorts resampled",abs_log_oe,tabicl - gbm,0.31624652428717986,0.28619133980248507,0.3341428543348902,0.014134332273924832,0.05,200,20260906,True
2016H1-E,20260906,"all, cohorts resampled",abs_log_oe,tabicl@t1 - gbm,-0.04563130916883695,-0.06750000265105832,-0.03185879232563886,0.010539851994160002,0.05,200,20260906,True
2016H1-E,20260906,"all, cohorts resampled",abs_log_oe,tabpfn@t1 - gbm,0.03890966879252333,0.014080064282037483,0.056127587364229084,0.011791251887809629,0.05,200,20260906,True
2016H1-E,20260906,"all, cohorts resampled",abs_log_oe,tabpfn - gbm-50k,0.37005330270842496,0.3492674563631383,0.384858523218032,0.009521158813881098,0.05,200,20260906,True
2016H1-E,20260906,"all, cohorts resampled",abs_log_oe,tabicl - gbm-50k,0.27200667555786345,0.25702551328915607,0.285035926450589,0.008173636786913772,0.05,200,20260906,True
2016H1-E,20260906,"all, cohorts resampled",abs_log_oe,tabicl@t1 - gbm-50k,-0.08987115789815331,-0.09714259075978801,-0.08051262475177064,0.004828315499237211,0.05,200,20260906,True
2016H1-E,20260906,"all, cohorts resampled",abs_log_oe,tabpfn@t1 - gbm-50k,-0.0053301799367930225,-0.01594251248545394,0.0026961773689503535,0.004969441733351504,0.05,200,20260906,False
2016H1-E,20260906,"all, cohorts resampled",abs_log_oe,tabicl - tabpfn,-0.09804662715056149,-0.10669735647609022,-0.09108919735504521,0.003943062140531697,0.05,200,20260906,True
2016H1-E,20260906,"all, cohorts resampled",abs_log_oe,tabicl@t1 - tabpfn,-0.45992446060657827,-0.472141422866511,-0.44625955912841425,0.006598162629014279,0.05,200,20260906,True
2016H1-E,20260906,"all, cohorts resampled",abs_log_oe,tabpfn@t1 - tabpfn,-0.375383482645218,-0.3825799568913578,-0.3651908551192923,0.004700661394374546,0.05,200,20260906,True
2016H1-E,20260906,"all, cohorts resampled",abs_log_oe,tabicl@t1 - tabicl,-0.3618778334560167,-0.3676276498945332,-0.35359998336037507,0.0038641787887442637,0.05,200,20260906,True
2016H1-E,20260906,"all, cohorts resampled",abs_log_oe,tabpfn@t1 - tabicl,-0.2773368554946565,-0.28554347597704904,-0.26969527979046193,0.004349354220716611,0.05,200,20260906,True
2016H1-E,20260906,"all, cohorts resampled",abs_log_oe,tabpfn@t1 - tabicl@t1,0.08454097796136029,0.07793946638127867,0.09147595008382807,0.0032943950332308763,0.05,200,20260906,True
2016H1-E,20260906,"all, cohorts resampled",cox_slope_deviation,gbm - scorecard,-0.03228305636599844,-0.04994610118026484,0.002031774540712923,0.015319816519625136,0.05,200,20260906,False
2016H1-E,20260906,"all, cohorts resampled",cox_slope_deviation,gbm-50k - scorecard,0.03306837102990363,-0.012310451069142232,0.10270770715568252,0.03411466708528911,0.05,200,20260906,False
2016H1-E,20260906,"all, cohorts resampled",cox_slope_deviation,tabpfn - scorecard,-0.009578981293182987,-0.05923821166696168,0.06809673645401744,0.033738494942204995,0.05,200,20260906,False
2016H1-E,20260906,"all, cohorts resampled",cox_slope_deviation,tabicl - scorecard,0.02623059538576374,-0.05213726310277807,0.10059337068090159,0.03982722260984705,0.05,200,20260906,False
2016H1-E,20260906,"all, cohorts resampled",cox_slope_deviation,tabicl@t1 - scorecard,-0.03386129606235324,-0.059994979717822326,0.017146113927218105,0.01798863513156444,0.05,200,20260906,False
2016H1-E,20260906,"all, cohorts resampled",cox_slope_deviation,tabpfn@t1 - scorecard,-0.005527569851875569,-0.05644744063129312,0.04381557385020583,0.026313319629584452,0.05,200,20260906,False
2016H1-E,20260906,"all, cohorts resampled",cox_slope_deviation,gbm-50k - gbm,0.06535142739590206,0.004419545866610747,0.13249782487935374,0.036415242366385624,0.05,200,20260906,True
2016H1-E,20260906,"all, cohorts resampled",cox_slope_deviation,tabpfn - gbm,0.02270407507281545,-0.03949211119806826,0.082090871152884,0.03097353896243946,0.05,200,20260906,False
2016H1-E,20260906,"all, cohorts resampled",cox_slope_deviation,tabicl - gbm,0.05851365175176218,-0.03179012359312331,0.11661476733222319,0.03722564949716042,0.05,200,20260906,False
2016H1-E,20260906,"all, cohorts resampled",cox_slope_deviation,tabicl@t1 - gbm,-0.0015782396963547978,-0.03381967792641861,0.028722810051014878,0.015761982327142356,0.05,200,20260906,False
2016H1-E,20260906,"all, cohorts resampled",cox_slope_deviation,tabpfn@t1 - gbm,0.026755486514122868,-0.03455313661672357,0.06881741806457418,0.026774228971145182,0.05,200,20260906,False
2016H1-E,20260906,"all, cohorts resampled",cox_slope_deviation,tabpfn - gbm-50k,-0.04264735232308662,-0.1509732457781477,0.06701689517971601,0.057974353381945405,0.05,200,20260906,False
2016H1-E,20260906,"all, cohorts resampled",cox_slope_deviation,tabicl - gbm-50k,-0.006837775644139889,-0.14080254624685581,0.10392439275412564,0.06342455960803083,0.05,200,20260906,False
2016H1-E,20260906,"all, cohorts resampled",cox_slope_deviation,tabicl@t1 - gbm-50k,-0.06692966709225685,-0.13896106518642196,0.021994645253567868,0.039912958360663664,0.05,200,20260906,False
2016H1-E,20260906,"all, cohorts resampled",cox_slope_deviation,tabpfn@t1 - gbm-50k,-0.0385959408817792,-0.09430467031550037,0.017686510575540694,0.032655126410591706,0.05,200,20260906,False
2016H1-E,20260906,"all, cohorts resampled",cox_slope_deviation,tabicl - tabpfn,0.03580957667894673,-0.00555830425576885,0.058642762991879996,0.014592207058260746,0.05,200,20260906,False
2016H1-E,20260906,"all, cohorts resampled",cox_slope_deviation,tabicl@t1 - tabpfn,-0.024282314769170244,-0.06152069260013592,0.02249055925490754,0.02473412911932274,0.05,200,20260906,False
2016H1-E,20260906,"all, cohorts resampled",cox_slope_deviation,tabpfn@t1 - tabpfn,0.004051411441307416,-0.07675246079273977,0.08426271540367859,0.04791458926154684,0.05,200,20260906,False
2016H1-E,20260906,"all, cohorts resampled",cox_slope_deviation,tabicl@t1 - tabicl,-0.060091891448116976,-0.09084121892922223,0.02773392406012463,0.030959567112357873,0.05,200,20260906,False
2016H1-E,20260906,"all, cohorts resampled",cox_slope_deviation,tabpfn@t1 - tabicl,-0.03175816523763931,-0.10295581127456999,0.08366386695709363,0.0522027555991599,0.05,200,20260906,False
2016H1-E,20260906,"all, cohorts resampled",cox_slope_deviation,tabpfn@t1 - tabicl@t1,0.028333726210477667,-0.023542179073967457,0.06956326695391715,0.026436212018595917,0.05,200,20260906,False
2016H1-E,20260906,"all, cohorts resampled",psi,gbm - scorecard,-0.020287531191240618,-0.02789324541059868,-0.013642820803581538,0.00384515436112991,0.05,200,20260906,True
2016H1-E,20260906,"all, cohorts resampled",psi,gbm-50k - scorecard,-0.007703412095885141,-0.016489380451118384,0.001020926225862273,0.00468415484038922,0.05,200,20260906,False
2016H1-E,20260906,"all, cohorts resampled",psi,tabpfn - scorecard,-0.011754613035005546,-0.02753396518020411,-0.0015803803937445183,0.0070994439214585835,0.05,200,20260906,True
2016H1-E,20260906,"all, cohorts resampled",psi,tabicl - scorecard,-0.018485046384614758,-0.03818072148837772,-0.004092821137157841,0.008726950322258687,0.05,200,20260906,True
2016H1-E,20260906,"all, cohorts resampled",psi,tabicl@t1 - scorecard,-0.018485046384614758,-0.03818072148837772,-0.004092821137157841,0.008726950322258687,0.05,200,20260906,True
2016H1-E,20260906,"all, cohorts resampled",psi,tabpfn@t1 - scorecard,-0.011769183647665401,-0.02754513968914951,-0.0015947668497664144,0.007094457535014665,0.05,200,20260906,True
2016H1-E,20260906,"all, cohorts resampled",psi,gbm-50k - gbm,0.012584119095355478,0.0054880882391530805,0.023730693432215923,0.005392713337613036,0.05,200,20260906,True
2016H1-E,20260906,"all, cohorts resampled",psi,tabpfn - gbm,0.008532918156235072,-0.001919949330664597,0.021431352473098433,0.006761809843724082,0.05,200,20260906,False
2016H1-E,20260906,"all, cohorts resampled",psi,tabicl - gbm,0.0018024848066258616,-0.010254911447054298,0.010404205111959991,0.0058279347358402775,0.05,200,20260906,False
2016H1-E,20260906,"all, cohorts resampled",psi,tabicl@t1 - gbm,0.0018024848066258616,-0.010254911447054298,0.010404205111959991,0.0058279347358402775,0.05,200,20260906,False
2016H1-E,20260906,"all, cohorts resampled",psi,tabpfn@t1 - gbm,0.008518347543575219,-0.001909286117792431,0.02141706732110493,0.006766956624649364,0.05,200,20260906,False
2016H1-E,20260906,"all, cohorts resampled",psi,tabpfn - gbm-50k,-0.004051200939120404,-0.01049925289233404,0.001225435782311772,0.0029946226530933357,0.05,200,20260906,False
2016H1-E,20260906,"all, cohorts resampled",psi,tabicl - gbm-50k,-0.010781634288729615,-0.026185450788327035,0.0034265400716871853,0.00788697182404236,0.05,200,20260906,False
2016H1-E,20260906,"all, cohorts resampled",psi,tabicl@t1 - gbm-50k,-0.010781634288729615,-0.026185450788327035,0.0034265400716871853,0.00788697182404236,0.05,200,20260906,False
2016H1-E,20260906,"all, cohorts resampled",psi,tabpfn@t1 - gbm-50k,-0.004065771551780259,-0.010489021949390198,0.0011648704375822887,0.002979369354140335,0.05,200,20260906,False
2016H1-E,20260906,"all, cohorts resampled",psi,tabicl - tabpfn,-0.006730433349609211,-0.021548853114396863,0.006711560129277919,0.007288149990803777,0.05,200,20260906,False
2016H1-E,20260906,"all, cohorts resampled",psi,tabicl@t1 - tabpfn,-0.006730433349609211,-0.021548853114396863,0.006711560129277919,0.007288149990803777,0.05,200,20260906,False
2016H1-E,20260906,"all, cohorts resampled",psi,tabpfn@t1 - tabpfn,-1.457061265985419e-05,-8.235092287424885e-05,6.130079334089081e-05,3.919426994374199e-05,0.05,200,20260906,False
2016H1-E,20260906,"all, cohorts resampled",psi,tabicl@t1 - tabicl,0.0,0.0,0.0,0.0,0.05,200,20260906,False
2016H1-E,20260906,"all, cohorts resampled",psi,tabpfn@t1 - tabicl,0.006715862736949356,-0.0067603442038402075,0.02157442052771541,0.007311102058681112,0.05,200,20260906,False
2016H1-E,20260906,"all, cohorts resampled",psi,tabpfn@t1 - tabicl@t1,0.006715862736949356,-0.0067603442038402075,0.02157442052771541,0.007311102058681112,0.05,200,20260906,False
2016H1-E,20260907,all,gini,gbm - scorecard,0.02576446813096661,0.01690855715461426,0.032766348867263095,0.003951868009178487,0.05,200,20260907,True
2016H1-E,20260907,all,gini,gbm-50k - scorecard,0.009284263884840716,-0.004964956491302233,0.019583385295642155,0.006595943416212384,0.05,200,20260907,False
2016H1-E,20260907,all,gini,tabpfn - scorecard,0.023374082232222388,0.015593779524817187,0.031974543915171384,0.004243783054542218,0.05,200,20260907,True
2016H1-E,20260907,all,gini,tabicl - scorecard,0.024897225116163196,0.017085727081640068,0.031597264394361654,0.003949915342581186,0.05,200,20260907,True
2016H1-E,20260907,all,gini,tabicl@t1 - scorecard,0.024897225116163196,0.017085727081640068,0.031597264394361654,0.003949915342581186,0.05,200,20260907,True
2016H1-E,20260907,all,gini,tabpfn@t1 - scorecard,0.023373414566438027,0.015596390615877209,0.031980380100468365,0.0042444463638511894,0.05,200,20260907,True
2016H1-E,20260907,all,gini,gbm-50k - gbm,-0.016480204246125896,-0.027786792225261214,-0.005620571684300164,0.006379932982785059,0.05,200,20260907,True
2016H1-E,20260907,all,gini,tabpfn - gbm,-0.002390385898744222,-0.009180199285705213,0.004687546763521936,0.0037816225433108665,0.05,200,20260907,False
2016H1-E,20260907,all,gini,tabicl - gbm,-0.0008672430148034168,-0.006568555536387105,0.005646728386388702,0.00328354773050594,0.05,200,20260907,False
2016H1-E,20260907,all,gini,tabicl@t1 - gbm,-0.0008672430148034168,-0.006568555536387105,0.005646728386388702,0.00328354773050594,0.05,200,20260907,False
2016H1-E,20260907,all,gini,tabpfn@t1 - gbm,-0.0023910535645285855,-0.009192185230263496,0.004696629583777398,0.003783266435484375,0.05,200,20260907,False
2016H1-E,20260907,all,gini,tabpfn - gbm-50k,0.014089818347381674,0.0048257791486471515,0.028611650585361074,0.007277463380612261,0.05,200,20260907,True
2016H1-E,20260907,all,gini,tabicl - gbm-50k,0.015612961231322478,0.007647454771967925,0.02526945680396186,0.00494805531138341,0.05,200,20260907,True
2016H1-E,20260907,all,gini,tabicl@t1 - gbm-50k,0.015612961231322478,0.007647454771967925,0.02526945680396186,0.00494805531138341,0.05,200,20260907,True
2016H1-E,20260907,all,gini,tabpfn@t1 - gbm-50k,0.01408915068159731,0.004817067252849111,0.028617309593239458,0.007284585305827375,0.05,200,20260907,True
2016H1-E,20260907,all,gini,tabicl - tabpfn,0.0015231428839408052,-0.004597083996152096,0.006223951040543819,0.002970274304730251,0.05,200,20260907,False
2016H1-E,20260907,all,gini,tabicl@t1 - tabpfn,0.0015231428839408052,-0.004597083996152096,0.006223951040543819,0.002970274304730251,0.05,200,20260907,False
2016H1-E,20260907,all,gini,tabpfn@t1 - tabpfn,-6.676657843633175e-07,-2.4667175585849076e-05,2.1277067424396737e-05,1.1535280370454615e-05,0.05,200,20260907,False
2016H1-E,20260907,all,gini,tabicl@t1 - tabicl,0.0,0.0,0.0,0.0,0.05,200,20260907,False
2016H1-E,20260907,all,gini,tabpfn@t1 - tabicl,-0.0015238105497251686,-0.00623330337765317,0.004599638604275839,0.002976645248108595,0.05,200,20260907,False
2016H1-E,20260907,all,gini,tabpfn@t1 - tabicl@t1,-0.0015238105497251686,-0.00623330337765317,0.004599638604275839,0.002976645248108595,0.05,200,20260907,False
2016H1-E,20260907,all,abs_log_oe,gbm - scorecard,-0.044219070447791164,-0.046277580205226126,-0.04213778326380031,0.0010432417190929396,0.05,200,20260907,True
2016H1-E,20260907,all,abs_log_oe,gbm-50k - scorecard,2.0778281525191122e-05,-0.009831452584862413,0.006204047101153748,0.006293864852490619,0.05,200,20260907,False
2016H1-E,20260907,all,abs_log_oe,tabpfn - scorecard,0.37007408098995015,0.3484365423230382,0.3843294147474334,0.014294976373088972,0.05,200,20260907,True
2016H1-E,20260907,all,abs_log_oe,tabicl - scorecard,0.2720274538393887,0.25192395608152146,0.28731870594771675,0.013525218430137136,0.05,200,20260907,True
2016H1-E,20260907,all,abs_log_oe,tabicl@t1 - scorecard,-0.08985037961662812,-0.10488096255663645,-0.07756618324890319,0.010249441539219514,0.05,200,20260907,True
2016H1-E,20260907,all,abs_log_oe,tabpfn@t1 - scorecard,-0.005309401655267831,-0.02076647777143638,0.005246485187860205,0.010181307828055038,0.05,200,20260907,False
2016H1-E,20260907,all,abs_log_oe,gbm-50k - gbm,0.044239848729316356,0.03430255698452445,0.050406550539666084,0.006287827466861931,0.05,200,20260907,True
2016H1-E,20260907,all,abs_log_oe,tabpfn - gbm,0.4142931514377413,0.3930489830308114,0.42885125994781764,0.014271948675924417,0.05,200,20260907,True
2016H1-E,20260907,all,abs_log_oe,tabicl - gbm,0.31624652428717986,0.296529154164477,0.33140170508409433,0.013505699152387477,0.05,200,20260907,True
2016H1-E,20260907,all,abs_log_oe,tabicl@t1 - gbm,-0.04563130916883695,-0.060581427437162744,-0.03353968522620515,0.010241832840815512,0.05,200,20260907,True
2016H1-E,20260907,all,abs_log_oe,tabpfn@t1 - gbm,0.03890966879252333,0.02371828483562958,0.04965787259774163,0.01016754624876112,0.05,200,20260907,True
2016H1-E,20260907,all,abs_log_oe,tabpfn - gbm-50k,0.37005330270842496,0.35762222131583793,0.37925592463994334,0.00814358159332023,0.05,200,20260907,True
2016H1-E,20260907,all,abs_log_oe,tabicl - gbm-50k,0.27200667555786345,0.2612275553204287,0.2824146877212537,0.007597067031601164,0.05,200,20260907,True
2016H1-E,20260907,all,abs_log_oe,tabicl@t1 - gbm-50k,-0.08987115789815331,-0.0957726900218337,-0.08231144958593062,0.004586695369379035,0.05,200,20260907,True
2016H1-E,20260907,all,abs_log_oe,tabpfn@t1 - gbm-50k,-0.0053301799367930225,-0.011599187150030412,9.535604026357432e-05,0.00410181173240807,0.05,200,20260907,False
2016H1-E,20260907,all,abs_log_oe,tabicl - tabpfn,-0.09804662715056149,-0.10102031809418036,-0.0956365315362417,0.0018032225407488866,0.05,200,20260907,True
2016H1-E,20260907,all,abs_log_oe,tabicl@t1 - tabpfn,-0.45992446060657827,-0.46453697212766587,-0.45279952467647305,0.004487343962581418,0.05,200,20260907,True
2016H1-E,20260907,all,abs_log_oe,tabpfn@t1 - tabpfn,-0.375383482645218,-0.37924630173287033,-0.36912992777730474,0.00412607991863813,0.05,200,20260907,True
2016H1-E,20260907,all,abs_log_oe,tabicl@t1 - tabicl,-0.3618778334560167,-0.3650921268123185,-0.3567514975249324,0.003326367223918146,0.05,200,20260907,True
2016H1-E,20260907,all,abs_log_oe,tabpfn@t1 - tabicl,-0.2773368554946565,-0.2830054579992653,-0.27226929558454527,0.003594150191158039,0.05,200,20260907,True
2016H1-E,20260907,all,abs_log_oe,tabpfn@t1 - tabicl@t1,0.08454097796136029,0.08198927915333877,0.08705866057622404,0.0015394334557039576,0.05,200,20260907,True
2016H1-E,20260907,all,cox_slope_deviation,gbm - scorecard,-0.03228305636599844,-0.05056782913413612,0.006961485156188136,0.014427083731077933,0.05,200,20260907,False
2016H1-E,20260907,all,cox_slope_deviation,gbm-50k - scorecard,0.03306837102990363,-0.010317736654777773,0.08509030781106562,0.028854194658890584,0.05,200,20260907,False
2016H1-E,20260907,all,cox_slope_deviation,tabpfn - scorecard,-0.009578981293182987,-0.05320874959820775,0.05418320275299277,0.029003915509094695,0.05,200,20260907,False
2016H1-E,20260907,all,cox_slope_deviation,tabicl - scorecard,0.02623059538576374,-0.04451693192356901,0.08277216082052635,0.03320847291306443,0.05,200,20260907,False
2016H1-E,20260907,all,cox_slope_deviation,tabicl@t1 - scorecard,-0.03386129606235324,-0.06301277006906203,0.002780643212854089,0.01648437205278729,0.05,200,20260907,False
2016H1-E,20260907,all,cox_slope_deviation,tabpfn@t1 - scorecard,-0.005527569851875569,-0.05508368522023578,0.04476596588942164,0.027004646553655174,0.05,200,20260907,False
2016H1-E,20260907,all,cox_slope_deviation,gbm-50k - gbm,0.06535142739590206,0.005239250590497858,0.11036645891310068,0.031157737174089758,0.05,200,20260907,True
2016H1-E,20260907,all,cox_slope_deviation,tabpfn - gbm,0.02270407507281545,-0.020216820533941516,0.07366402707539581,0.023915603250699108,0.05,200,20260907,False
2016H1-E,20260907,all,cox_slope_deviation,tabicl - gbm,0.05851365175176218,-0.016259045897685627,0.0994697070703377,0.0277999625013025,0.05,200,20260907,False
2016H1-E,20260907,all,cox_slope_deviation,tabicl@t1 - gbm,-0.0015782396963547978,-0.029486670947065762,0.020606356793005456,0.01184019287018477,0.05,200,20260907,False
2016H1-E,20260907,all,cox_slope_deviation,tabpfn@t1 - gbm,0.026755486514122868,-0.030001941704720283,0.0669506255181996,0.026792978921129022,0.05,200,20260907,False
2016H1-E,20260907,all,cox_slope_deviation,tabpfn - gbm-50k,-0.04264735232308662,-0.1201090762328953,0.0552011636711052,0.0470021005396758,0.05,200,20260907,False
2016H1-E,20260907,all,cox_slope_deviation,tabicl - gbm-50k,-0.006837775644139889,-0.10575802470120563,0.07971395811124053,0.05062813887137906,0.05,200,20260907,False
2016H1-E,20260907,all,cox_slope_deviation,tabicl@t1 - gbm-50k,-0.06692966709225685,-0.11419204545165458,-0.0002471126776405485,0.031063850305622382,0.05,200,20260907,True
2016H1-E,20260907,all,cox_slope_deviation,tabpfn@t1 - gbm-50k,-0.0385959408817792,-0.08342263572867252,0.017618418986149846,0.029183024184717694,0.05,200,20260907,False
2016H1-E,20260907,all,cox_slope_deviation,tabicl - tabpfn,0.03580957667894673,-0.005165946733813413,0.06232938654117033,0.014253267432181044,0.05,200,20260907,False
2016H1-E,20260907,all,cox_slope_deviation,tabicl@t1 - tabpfn,-0.024282314769170244,-0.06407783952880894,0.02013101362818639,0.02288272365698104,0.05,200,20260907,False
2016H1-E,20260907,all,cox_slope_deviation,tabpfn@t1 - tabpfn,0.004051411441307416,-0.0800013517556786,0.07820898274480521,0.044189415496022975,0.05,200,20260907,False
2016H1-E,20260907,all,cox_slope_deviation,tabicl@t1 - tabicl,-0.060091891448116976,-0.09156825399180667,0.013417219831920537,0.02696992887690467,0.05,200,20260907,False
2016H1-E,20260907,all,cox_slope_deviation,tabpfn@t1 - tabicl,-0.03175816523763931,-0.10218394324706381,0.064215501679435,0.045564246873001334,0.05,200,20260907,False
2016H1-E,20260907,all,cox_slope_deviation,tabpfn@t1 - tabicl@t1,0.028333726210477667,-0.01948130372465347,0.06847539465629146,0.0242491498053526,0.05,200,20260907,False
2016H1-E,20260907,all,psi,gbm - scorecard,-0.020287531191240618,-0.021582201520955236,-0.01907098414845677,0.0006950665922958915,0.05,200,20260907,True
2016H1-E,20260907,all,psi,gbm-50k - scorecard,-0.007703412095885141,-0.013885380167652686,-0.0029043180144708433,0.0038753748980209675,0.05,200,20260907,True
2016H1-E,20260907,all,psi,tabpfn - scorecard,-0.011754613035005546,-0.020696470102357874,-0.0036669025854680227,0.006002617309485025,0.05,200,20260907,True
2016H1-E,20260907,all,psi,tabicl - scorecard,-0.018485046384614758,-0.0238828109639103,-0.01302794298517058,0.003736459717187179,0.05,200,20260907,True
2016H1-E,20260907,all,psi,tabicl@t1 - scorecard,-0.018485046384614758,-0.0238828109639103,-0.01302794298517058,0.003736459717187179,0.05,200,20260907,True
2016H1-E,20260907,all,psi,tabpfn@t1 - scorecard,-0.011769183647665401,-0.020715433172563854,-0.003692677023940226,0.00599815024152486,0.05,200,20260907,True
2016H1-E,20260907,all,psi,gbm-50k - gbm,0.012584119095355478,0.006525504205550985,0.017396275896800432,0.003874598804326089,0.05,200,20260907,True
2016H1-E,20260907,all,psi,tabpfn - gbm,0.008532918156235072,-5.0556940030694814e-05,0.01628716609882265,0.0059984360894947365,0.05,200,20260907,False
2016H1-E,20260907,all,psi,tabicl - gbm,0.0018024848066258616,-0.003112476533781062,0.007082722816407983,0.0036971296321532563,0.05,200,20260907,False
2016H1-E,20260907,all,psi,tabicl@t1 - gbm,0.0018024848066258616,-0.003112476533781062,0.007082722816407983,0.0036971296321532563,0.05,200,20260907,False
2016H1-E,20260907,all,psi,tabpfn@t1 - gbm,0.008518347543575219,-5.2404611404745905e-05,0.01623390084752552,0.005993931656451833,0.05,200,20260907,False
2016H1-E,20260907,all,psi,tabpfn - gbm-50k,-0.004051200939120404,-0.007272970077933201,-0.00021008387321094375,0.0022978342661605484,0.05,200,20260907,True
2016H1-E,20260907,all,psi,tabicl - gbm-50k,-0.010781634288729615,-0.017053145722212625,-0.004831135694565081,0.004198953265348761,0.05,200,20260907,True
2016H1-E,20260907,all,psi,tabicl@t1 - gbm-50k,-0.010781634288729615,-0.017053145722212625,-0.004831135694565081,0.004198953265348761,0.05,200,20260907,True
2016H1-E,20260907,all,psi,tabpfn@t1 - gbm-50k,-0.004065771551780259,-0.007272728780584935,-0.0002655211663235652,0.0022876850714527606,0.05,200,20260907,True
2016H1-E,20260907,all,psi,tabicl - tabpfn,-0.006730433349609211,-0.01267242591143282,0.0015122282490041296,0.005236109558646247,0.05,200,20260907,False
2016H1-E,20260907,all,psi,tabicl@t1 - tabpfn,-0.006730433349609211,-0.01267242591143282,0.0015122282490041296,0.005236109558646247,0.05,200,20260907,False
2016H1-E,20260907,all,psi,tabpfn@t1 - tabpfn,-1.457061265985419e-05,-7.847245881754013e-05,3.896998002747991e-05,3.331345780845703e-05,0.05,200,20260907,False
2016H1-E,20260907,all,psi,tabicl@t1 - tabicl,0.0,0.0,0.0,0.0,0.05,200,20260907,False
2016H1-E,20260907,all,psi,tabpfn@t1 - tabicl,0.006715862736949356,-0.0015315330319871936,0.012712476955474741,0.00524806111649994,0.05,200,20260907,False
2016H1-E,20260907,all,psi,tabpfn@t1 - tabicl@t1,0.006715862736949356,-0.0015315330319871936,0.012712476955474741,0.00524806111649994,0.05,200,20260907,False
2016H1-E,20260907,nearest,gini,gbm - scorecard,0.023390225199195758,0.012537637794525984,0.033342828851032916,0.005726280063915631,0.05,200,20260907,True
2016H1-E,20260907,nearest,gini,gbm-50k - scorecard,0.008633075400108122,-0.0060625970461694895,0.026625531928056792,0.009439945011849759,0.05,200,20260907,False
2016H1-E,20260907,nearest,gini,tabpfn - scorecard,0.02312690234763763,0.009221432047108416,0.036031695315937404,0.007209634655681888,0.05,200,20260907,True
2016H1-E,20260907,nearest,gini,tabicl - scorecard,0.02526994161801997,0.012429502697720933,0.03592826605042338,0.006222789572817495,0.05,200,20260907,True
2016H1-E,20260907,nearest,gini,tabicl@t1 - scorecard,0.02526994161801997,0.012429502697720933,0.03592826605042338,0.006222789572817495,0.05,200,20260907,True
2016H1-E,20260907,nearest,gini,tabpfn@t1 - scorecard,0.02313009492679587,0.009227020686682508,0.03604898777308075,0.007210277169168632,0.05,200,20260907,True
2016H1-E,20260907,nearest,gini,gbm-50k - gbm,-0.014757149799087635,-0.02832169128947818,0.004242905453039583,0.009348749491866905,0.05,200,20260907,False
2016H1-E,20260907,nearest,gini,tabpfn - gbm,-0.00026332285155813057,-0.012505346858050801,0.011892880428290327,0.006306763282893563,0.05,200,20260907,False
2016H1-E,20260907,nearest,gini,tabicl - gbm,0.0018797164188242104,-0.007366721932580726,0.011975172370932251,0.0054145701805335695,0.05,200,20260907,False
2016H1-E,20260907,nearest,gini,tabicl@t1 - gbm,0.0018797164188242104,-0.007366721932580726,0.011975172370932251,0.0054145701805335695,0.05,200,20260907,False
2016H1-E,20260907,nearest,gini,tabpfn@t1 - gbm,-0.000260130272399887,-0.012491243767858668,0.011892894757040069,0.006308461015307279,0.05,200,20260907,False
2016H1-E,20260907,nearest,gini,tabpfn - gbm-50k,0.014493826947529506,-0.0007187955475506157,0.029931371463378414,0.008370526125204466,0.05,200,20260907,False
2016H1-E,20260907,nearest,gini,tabicl - gbm-50k,0.016636866217911845,0.005145363037996606,0.02994689879964121,0.007286507892225452,0.05,200,20260907,True
2016H1-E,20260907,nearest,gini,tabicl@t1 - gbm-50k,0.016636866217911845,0.005145363037996606,0.02994689879964121,0.007286507892225452,0.05,200,20260907,True
2016H1-E,20260907,nearest,gini,tabpfn@t1 - gbm-50k,0.014497019526687749,-0.0007206662362789521,0.02994596493961805,0.008376445870949252,0.05,200,20260907,False
2016H1-E,20260907,nearest,gini,tabicl - tabpfn,0.002143039270382341,-0.003828084788709342,0.008219703214914977,0.0031135745978765573,0.05,200,20260907,False
2016H1-E,20260907,nearest,gini,tabicl@t1 - tabpfn,0.002143039270382341,-0.003828084788709342,0.008219703214914977,0.0031135745978765573,0.05,200,20260907,False
2016H1-E,20260907,nearest,gini,tabpfn@t1 - tabpfn,3.192579158243595e-06,-2.516478685742063e-05,3.0430600865913325e-05,1.367070291203047e-05,0.05,200,20260907,False
2016H1-E,20260907,nearest,gini,tabicl@t1 - tabicl,0.0,0.0,0.0,0.0,0.05,200,20260907,False
2016H1-E,20260907,nearest,gini,tabpfn@t1 - tabicl,-0.0021398466912240974,-0.008209326646020877,0.0038525320904069763,0.0031166685462905683,0.05,200,20260907,False
2016H1-E,20260907,nearest,gini,tabpfn@t1 - tabicl@t1,-0.0021398466912240974,-0.008209326646020877,0.0038525320904069763,0.0031166685462905683,0.05,200,20260907,False
2016H1-E,20260907,nearest,abs_log_oe,gbm - scorecard,-0.025569206517564613,-0.028308843953298114,-0.0226958515077636,0.001580889197021054,0.05,200,20260907,True
2016H1-E,20260907,nearest,abs_log_oe,gbm-50k - scorecard,0.011696446329387508,-0.002305380402317344,0.020167754541848645,0.00872883137409551,0.05,200,20260907,False
2016H1-E,20260907,nearest,abs_log_oe,tabpfn - scorecard,0.3750672162387727,0.3458719750866092,0.39176403766054285,0.018584953675174973,0.05,200,20260907,True
2016H1-E,20260907,nearest,abs_log_oe,tabicl - scorecard,0.2854476143688413,0.25728791275776103,0.30484598098914534,0.01824301276287051,0.05,200,20260907,True
2016H1-E,20260907,nearest,abs_log_oe,tabicl@t1 - scorecard,-0.07551489996609384,-0.0975459083273894,-0.05978715438503304,0.014489310677041024,0.05,200,20260907,True
2016H1-E,20260907,nearest,abs_log_oe,tabpfn@t1 - scorecard,0.0019095623951775886,-0.020329131172515735,0.014588064465482678,0.014283255931996966,0.05,200,20260907,False
2016H1-E,20260907,nearest,abs_log_oe,gbm-50k - gbm,0.03726565284695212,0.02327113148486162,0.04593399484259219,0.008655836215280177,0.05,200,20260907,True
2016H1-E,20260907,nearest,abs_log_oe,tabpfn - gbm,0.40063642275633726,0.371631916905411,0.4171695093301074,0.018496977060428528,0.05,200,20260907,True
2016H1-E,20260907,nearest,abs_log_oe,tabicl - gbm,0.3110168208864059,0.283661484644276,0.3305516799486149,0.018163594940488734,0.05,200,20260907,True
2016H1-E,20260907,nearest,abs_log_oe,tabicl@t1 - gbm,-0.04994569344852923,-0.07185494879483884,-0.03418004691225188,0.014419945140254612,0.05,200,20260907,True
2016H1-E,20260907,nearest,abs_log_oe,tabpfn@t1 - gbm,0.027478768912742202,0.005371654596739038,0.04005943064055545,0.014204183742346606,0.05,200,20260907,True
2016H1-E,20260907,nearest,abs_log_oe,tabpfn - gbm-50k,0.36337076990938516,0.3472730752074372,0.37367046048398145,0.010054099968857779,0.05,200,20260907,True
2016H1-E,20260907,nearest,abs_log_oe,tabicl - gbm-50k,0.27375116803945376,0.25864663398146304,0.2872452073204283,0.010154977036235534,0.05,200,20260907,True
2016H1-E,20260907,nearest,abs_log_oe,tabicl@t1 - gbm-50k,-0.08721134629548134,-0.09661604807252591,-0.07744015363661555,0.006570389270416143,0.05,200,20260907,True
2016H1-E,20260907,nearest,abs_log_oe,tabpfn@t1 - gbm-50k,-0.00978688393420992,-0.019274254747866672,-0.0032366806509907804,0.005755659432302403,0.05,200,20260907,True
2016H1-E,20260907,nearest,abs_log_oe,tabicl - tabpfn,-0.08961960186993138,-0.09475833094720702,-0.08552373433479568,0.003115540189373585,0.05,200,20260907,True
2016H1-E,20260907,nearest,abs_log_oe,tabicl@t1 - tabpfn,-0.4505821162048665,-0.45717360418080943,-0.4430101778949343,0.004987710866435191,0.05,200,20260907,True
2016H1-E,20260907,nearest,abs_log_oe,tabpfn@t1 - tabpfn,-0.37315765384359506,-0.37757858677200185,-0.3660939196484619,0.004345900531547971,0.05,200,20260907,True
2016H1-E,20260907,nearest,abs_log_oe,tabicl@t1 - tabicl,-0.36096251433493515,-0.36509701918077636,-0.35486095179280797,0.0037767009632633064,0.05,200,20260907,True
2016H1-E,20260907,nearest,abs_log_oe,tabpfn@t1 - tabicl,-0.2835380519736637,-0.2915800213502331,-0.2771806325535072,0.005083291472105056,0.05,200,20260907,True
2016H1-E,20260907,nearest,abs_log_oe,tabpfn@t1 - tabicl@t1,0.07742446236127143,0.07316227618635414,0.08187449566275366,0.0028741910247997086,0.05,200,20260907,True
2016H1-E,20260907,nearest,cox_slope_deviation,gbm - scorecard,-0.023268476261885957,-0.06016388555782832,0.03101734779386775,0.023908758642600274,0.05,200,20260907,False
2016H1-E,20260907,nearest,cox_slope_deviation,gbm-50k - scorecard,0.0295902616461564,-0.027819041259490314,0.07246096441777466,0.025270368800920776,0.05,200,20260907,False
2016H1-E,20260907,nearest,cox_slope_deviation,tabpfn - scorecard,0.027712775451799204,-0.049840473974059926,0.10606431579890903,0.04029025461534535,0.05,200,20260907,False
2016H1-E,20260907,nearest,cox_slope_deviation,tabicl - scorecard,0.0716314652729897,-0.027850788274060408,0.12938981911235609,0.04259524362848606,0.05,200,20260907,False
2016H1-E,20260907,nearest,cox_slope_deviation,tabicl@t1 - scorecard,-0.01731925998954452,-0.04942696016170897,0.03705858288658546,0.02223032953062823,0.05,200,20260907,False
2016H1-E,20260907,nearest,cox_slope_deviation,tabpfn@t1 - scorecard,0.007362178806802047,-0.04155970488532485,0.062443531883521135,0.025326440409348085,0.05,200,20260907,False
2016H1-E,20260907,nearest,cox_slope_deviation,gbm-50k - gbm,0.05285873790804235,-0.04297514367368477,0.09499146917036137,0.036381584276146926,0.05,200,20260907,False
2016H1-E,20260907,nearest,cox_slope_deviation,tabpfn - gbm,0.05098125171368515,-0.01890122878646697,0.08918153668089338,0.03126448618278183,0.05,200,20260907,False
2016H1-E,20260907,nearest,cox_slope_deviation,tabicl - gbm,0.09489994153487565,-0.0029193295831505305,0.11691150352543603,0.03164364303950227,0.05,200,20260907,False
2016H1-E,20260907,nearest,cox_slope_deviation,tabicl@t1 - gbm,0.005949216272341437,-0.026483702021062372,0.03145436777333406,0.015168628752392145,0.05,200,20260907,False
2016H1-E,20260907,nearest,cox_slope_deviation,tabpfn@t1 - gbm,0.030630655068688003,-0.030205910526196318,0.08079169761801404,0.029321409852252456,0.05,200,20260907,False
2016H1-E,20260907,nearest,cox_slope_deviation,tabpfn - gbm-50k,-0.0018774861943571947,-0.09964860380897678,0.09929736777419283,0.051721970005344696,0.05,200,20260907,False
2016H1-E,20260907,nearest,cox_slope_deviation,tabicl - gbm-50k,0.04204120362683331,-0.08126703970630174,0.13516792340307657,0.05465117793758318,0.05,200,20260907,False
2016H1-E,20260907,nearest,cox_slope_deviation,tabicl@t1 - gbm-50k,-0.04690952163570092,-0.09406612103327089,0.043125144804946836,0.03528896269414297,0.05,200,20260907,False
2016H1-E,20260907,nearest,cox_slope_deviation,tabpfn@t1 - gbm-50k,-0.022228082839354357,-0.06542984994333034,0.032847433700732453,0.0285555603504378,0.05,200,20260907,False
2016H1-E,20260907,nearest,cox_slope_deviation,tabicl - tabpfn,0.043918689821190494,0.005968821183643623,0.06869269059700799,0.015628066703340406,0.05,200,20260907,True
2016H1-E,20260907,nearest,cox_slope_deviation,tabicl@t1 - tabpfn,-0.04503203544134373,-0.07301900096534016,0.03355726762132675,0.028067798338291313,0.05,200,20260907,False
2016H1-E,20260907,nearest,cox_slope_deviation,tabpfn@t1 - tabpfn,-0.02035059664499716,-0.09615626828421298,0.09003494340757473,0.05060514072729644,0.05,200,20260907,False
2016H1-E,20260907,nearest,cox_slope_deviation,tabicl@t1 - tabicl,-0.08895072526253422,-0.09694996268803899,0.010423855844150596,0.030798564863820842,0.05,200,20260907,False
2016H1-E,20260907,nearest,cox_slope_deviation,tabpfn@t1 - tabicl,-0.06426928646618767,-0.12747853704190718,0.06557665235001303,0.0508805862723192,0.05,200,20260907,False
2016H1-E,20260907,nearest,cox_slope_deviation,tabpfn@t1 - tabicl@t1,0.02468143879634657,-0.03298429727090999,0.07499872824588459,0.0272104771599875,0.05,200,20260907,False
2016H1-E,20260907,nearest,psi,gbm - scorecard,-0.01198889947782982,-0.013799014909221302,-0.010030659857824975,0.0009883080707067198,0.05,200,20260907,True
2016H1-E,20260907,nearest,psi,gbm-50k - scorecard,-0.0039792242774240915,-0.007276365437151656,-0.001113154283885395,0.0018067715853944898,0.05,200,20260907,True
2016H1-E,20260907,nearest,psi,tabpfn - scorecard,-0.0058216320777677785,-0.00965949605530578,0.0001207584790156899,0.003241628492891366,0.05,200,20260907,False
2016H1-E,20260907,nearest,psi,tabicl - scorecard,-0.0010162551175914893,-0.008490675076242465,0.0062034706856055576,0.004559118769621497,0.05,200,20260907,False
2016H1-E,20260907,nearest,psi,tabicl@t1 - scorecard,-0.0010162551175914893,-0.008490675076242465,0.0062034706856055576,0.004559118769621497,0.05,200,20260907,False
2016H1-E,20260907,nearest,psi,tabpfn@t1 - scorecard,-0.005873918736510236,-0.00970799566039708,5.965670083245997e-05,0.0032090977079065634,0.05,200,20260907,False
2016H1-E,20260907,nearest,psi,gbm-50k - gbm,0.008009675200405726,0.004730971432380206,0.010821233143631362,0.0018125203547755602,0.05,200,20260907,True
2016H1-E,20260907,nearest,psi,tabpfn - gbm,0.00616726740006204,0.0025188011972253404,0.011858175008305718,0.003226548889665369,0.05,200,20260907,True
2016H1-E,20260907,nearest,psi,tabicl - gbm,0.010972644360238329,0.0041857396044869995,0.017835616839439204,0.0044922079995098115,0.05,200,20260907,True
2016H1-E,20260907,nearest,psi,tabicl@t1 - gbm,0.010972644360238329,0.0041857396044869995,0.017835616839439204,0.0044922079995098115,0.05,200,20260907,True
2016H1-E,20260907,nearest,psi,tabpfn@t1 - gbm,0.006114980741319582,0.0024846819512223,0.011747850573087713,0.003193702616875623,0.05,200,20260907,True
2016H1-E,20260907,nearest,psi,tabpfn - gbm-50k,-0.0018424078003436868,-0.0056203036594867665,0.001935187055476538,0.002370727765629039,0.05,200,20260907,False
2016H1-E,20260907,nearest,psi,tabicl - gbm-50k,0.0029629691598326026,-0.00484384664634158,0.01200313745441212,0.005514946663880305,0.05,200,20260907,False
2016H1-E,20260907,nearest,psi,tabicl@t1 - gbm-50k,0.0029629691598326026,-0.00484384664634158,0.01200313745441212,0.005514946663880305,0.05,200,20260907,False
2016H1-E,20260907,nearest,psi,tabpfn@t1 - gbm-50k,-0.001894694459086144,-0.005646741164057702,0.0018496636330876783,0.002337913464274202,0.05,200,20260907,False
2016H1-E,20260907,nearest,psi,tabicl - tabpfn,0.004805376960176289,-0.0001182876794813511,0.013066714309459566,0.0050026994571215665,0.05,200,20260907,False
2016H1-E,20260907,nearest,psi,tabicl@t1 - tabpfn,0.004805376960176289,-0.0001182876794813511,0.013066714309459566,0.0050026994571215665,0.05,200,20260907,False
2016H1-E,20260907,nearest,psi,tabpfn@t1 - tabpfn,-5.228665874245734e-05,-0.00015560394183074966,1.1331586888759838e-05,4.7091567082297936e-05,0.05,200,20260907,False
2016H1-E,20260907,nearest,psi,tabicl@t1 - tabicl,0.0,0.0,0.0,0.0,0.05,200,20260907,False
2016H1-E,20260907,nearest,psi,tabpfn@t1 - tabicl,-0.004857663618918747,-0.013107841538963333,2.0377730220828423e-10,0.0049938411879107926,0.05,200,20260907,False
2016H1-E,20260907,nearest,psi,tabpfn@t1 - tabicl@t1,-0.004857663618918747,-0.013107841538963333,2.0377730220828423e-10,0.0049938411879107926,0.05,200,20260907,False
2016H1-E,20260907,"all, cohorts resampled",gini,gbm - scorecard,0.02576446813096661,0.016289019783671664,0.03429134356229658,0.005039107183438956,0.05,200,20260907,True
2016H1-E,20260907,"all, cohorts resampled",gini,gbm-50k - scorecard,0.009284263884840716,-0.003991965506537581,0.02133721341740272,0.0072661056650151976,0.05,200,20260907,False
2016H1-E,20260907,"all, cohorts resampled",gini,tabpfn - scorecard,0.023374082232222388,0.01520593111077034,0.03128325857746042,0.004282063685571172,0.05,200,20260907,True
2016H1-E,20260907,"all, cohorts resampled",gini,tabicl - scorecard,0.024897225116163196,0.0168355320740431,0.032105479078188635,0.004097633232122437,0.05,200,20260907,True
2016H1-E,20260907,"all, cohorts resampled",gini,tabicl@t1 - scorecard,0.024897225116163196,0.0168355320740431,0.032105479078188635,0.004097633232122437,0.05,200,20260907,True
2016H1-E,20260907,"all, cohorts resampled",gini,tabpfn@t1 - scorecard,0.023373414566438027,0.015195699289179769,0.03129205478657949,0.004282006656502636,0.05,200,20260907,True
2016H1-E,20260907,"all, cohorts resampled",gini,gbm-50k - gbm,-0.016480204246125896,-0.03280565558410853,-0.002958969030670179,0.008285103633328121,0.05,200,20260907,True
2016H1-E,20260907,"all, cohorts resampled",gini,tabpfn - gbm,-0.002390385898744222,-0.010900383112766797,0.006989320513713367,0.0050247208250664395,0.05,200,20260907,False
2016H1-E,20260907,"all, cohorts resampled",gini,tabicl - gbm,-0.0008672430148034168,-0.009036159904904568,0.009089427177196067,0.004860927600930346,0.05,200,20260907,False
2016H1-E,20260907,"all, cohorts resampled",gini,tabicl@t1 - gbm,-0.0008672430148034168,-0.009036159904904568,0.009089427177196067,0.004860927600930346,0.05,200,20260907,False
2016H1-E,20260907,"all, cohorts resampled",gini,tabpfn@t1 - gbm,-0.0023910535645285855,-0.010907256561483706,0.006997420388236929,0.005025981779259737,0.05,200,20260907,False
2016H1-E,20260907,"all, cohorts resampled",gini,tabpfn - gbm-50k,0.014089818347381674,0.003774413046091171,0.028551210812284837,0.007638741558154707,0.05,200,20260907,True
2016H1-E,20260907,"all, cohorts resampled",gini,tabicl - gbm-50k,0.015612961231322478,0.007411847017048581,0.02779527598885717,0.005631918830154874,0.05,200,20260907,True
2016H1-E,20260907,"all, cohorts resampled",gini,tabicl@t1 - gbm-50k,0.015612961231322478,0.007411847017048581,0.02779527598885717,0.005631918830154874,0.05,200,20260907,True
2016H1-E,20260907,"all, cohorts resampled",gini,tabpfn@t1 - gbm-50k,0.01408915068159731,0.003786599794661523,0.028568749514918435,0.007645084752768514,0.05,200,20260907,True
2016H1-E,20260907,"all, cohorts resampled",gini,tabicl - tabpfn,0.0015231428839408052,-0.005856006735027589,0.007665455704822418,0.003563990495236559,0.05,200,20260907,False
2016H1-E,20260907,"all, cohorts resampled",gini,tabicl@t1 - tabpfn,0.0015231428839408052,-0.005856006735027589,0.007665455704822418,0.003563990495236559,0.05,200,20260907,False
2016H1-E,20260907,"all, cohorts resampled",gini,tabpfn@t1 - tabpfn,-6.676657843633175e-07,-2.5857528319599142e-05,1.9917501682556465e-05,1.1639959914789708e-05,0.05,200,20260907,False
2016H1-E,20260907,"all, cohorts resampled",gini,tabicl@t1 - tabicl,0.0,0.0,0.0,0.0,0.05,200,20260907,False
2016H1-E,20260907,"all, cohorts resampled",gini,tabpfn@t1 - tabicl,-0.0015238105497251686,-0.007678001532754842,0.005850988641462272,0.0035679649963477945,0.05,200,20260907,False
2016H1-E,20260907,"all, cohorts resampled",gini,tabpfn@t1 - tabicl@t1,-0.0015238105497251686,-0.007678001532754842,0.005850988641462272,0.0035679649963477945,0.05,200,20260907,False
2016H1-E,20260907,"all, cohorts resampled",abs_log_oe,gbm - scorecard,-0.044219070447791164,-0.05792294441804966,-0.031096287432229384,0.00722814644086786,0.05,200,20260907,True
2016H1-E,20260907,"all, cohorts resampled",abs_log_oe,gbm-50k - scorecard,2.0778281525191122e-05,-0.017298750925871756,0.013044146046116012,0.007896038507295455,0.05,200,20260907,False
2016H1-E,20260907,"all, cohorts resampled",abs_log_oe,tabpfn - scorecard,0.37007408098995015,0.33437435717435304,0.38733681499886097,0.01631175813266246,0.05,200,20260907,True
2016H1-E,20260907,"all, cohorts resampled",abs_log_oe,tabicl - scorecard,0.2720274538393887,0.24094364577459376,0.29485273517923827,0.01550523081510374,0.05,200,20260907,True
2016H1-E,20260907,"all, cohorts resampled",abs_log_oe,tabicl@t1 - scorecard,-0.08985037961662812,-0.11414365072564124,-0.0694450600096926,0.011994841275275317,0.05,200,20260907,True
2016H1-E,20260907,"all, cohorts resampled",abs_log_oe,tabpfn@t1 - scorecard,-0.005309401655267831,-0.0311155388181625,0.008062234804832572,0.011659713097600659,0.05,200,20260907,False
2016H1-E,20260907,"all, cohorts resampled",abs_log_oe,gbm-50k - gbm,0.044239848729316356,0.024664892270387772,0.055557750486193054,0.008410382205904676,0.05,200,20260907,True
2016H1-E,20260907,"all, cohorts resampled",abs_log_oe,tabpfn - gbm,0.4142931514377413,0.3735666362909066,0.4372307220744597,0.01794071707259091,0.05,200,20260907,True
2016H1-E,20260907,"all, cohorts resampled",abs_log_oe,tabicl - gbm,0.31624652428717986,0.28264239159560905,0.3339425104458035,0.01569735630420451,0.05,200,20260907,True
2016H1-E,20260907,"all, cohorts resampled",abs_log_oe,tabicl@t1 - gbm,-0.04563130916883695,-0.07087483550033509,-0.03211012018538908,0.011845661807746289,0.05,200,20260907,True
2016H1-E,20260907,"all, cohorts resampled",abs_log_oe,tabpfn@t1 - gbm,0.03890966879252333,0.008610113061778906,0.055807996939946536,0.013147960952452045,0.05,200,20260907,True
2016H1-E,20260907,"all, cohorts resampled",abs_log_oe,tabpfn - gbm-50k,0.37005330270842496,0.3484487184841224,0.3840420849348358,0.0101098185058505,0.05,200,20260907,True
2016H1-E,20260907,"all, cohorts resampled",abs_log_oe,tabicl - gbm-50k,0.27200667555786345,0.2556727976137825,0.28525567391616685,0.008713113717695196,0.05,200,20260907,True
2016H1-E,20260907,"all, cohorts resampled",abs_log_oe,tabicl@t1 - gbm-50k,-0.08987115789815331,-0.09760714145567483,-0.07977157090385668,0.005174827065181428,0.05,200,20260907,True
2016H1-E,20260907,"all, cohorts resampled",abs_log_oe,tabpfn@t1 - gbm-50k,-0.0053301799367930225,-0.016287442651893413,0.0024517643335554722,0.00524223560814538,0.05,200,20260907,False
2016H1-E,20260907,"all, cohorts resampled",abs_log_oe,tabicl - tabpfn,-0.09804662715056149,-0.10667620741072543,-0.08881524914293559,0.004255506512990867,0.05,200,20260907,True
2016H1-E,20260907,"all, cohorts resampled",abs_log_oe,tabicl@t1 - tabpfn,-0.45992446060657827,-0.47144515739388076,-0.4446188581963337,0.0070241778440377775,0.05,200,20260907,True
2016H1-E,20260907,"all, cohorts resampled",abs_log_oe,tabpfn@t1 - tabpfn,-0.375383482645218,-0.38178713492354327,-0.36463419604952924,0.005004591397151002,0.05,200,20260907,True
2016H1-E,20260907,"all, cohorts resampled",abs_log_oe,tabicl@t1 - tabicl,-0.3618778334560167,-0.36653516788464713,-0.35334298696490746,0.004093869521375435,0.05,200,20260907,True
2016H1-E,20260907,"all, cohorts resampled",abs_log_oe,tabpfn@t1 - tabicl,-0.2773368554946565,-0.2877094147773242,-0.2696011774918293,0.0046537411982168235,0.05,200,20260907,True
2016H1-E,20260907,"all, cohorts resampled",abs_log_oe,tabpfn@t1 - tabicl@t1,0.08454097796136029,0.07696334366602638,0.09099908494786853,0.0035012457680596906,0.05,200,20260907,True
2016H1-E,20260907,"all, cohorts resampled",cox_slope_deviation,gbm - scorecard,-0.03228305636599844,-0.06342307921183517,0.009515433208253954,0.01710422101894432,0.05,200,20260907,False
2016H1-E,20260907,"all, cohorts resampled",cox_slope_deviation,gbm-50k - scorecard,0.03306837102990363,-0.017017114338835803,0.09664540834583751,0.0315570607544895,0.05,200,20260907,False
2016H1-E,20260907,"all, cohorts resampled",cox_slope_deviation,tabpfn - scorecard,-0.009578981293182987,-0.05928092561942811,0.06184525788130165,0.03245083633665118,0.05,200,20260907,False
2016H1-E,20260907,"all, cohorts resampled",cox_slope_deviation,tabicl - scorecard,0.02623059538576374,-0.04933551113364333,0.09514425443822828,0.03930543818194581,0.05,200,20260907,False
2016H1-E,20260907,"all, cohorts resampled",cox_slope_deviation,tabicl@t1 - scorecard,-0.03386129606235324,-0.0645204055933452,0.012228697105549847,0.019705313362814357,0.05,200,20260907,False
2016H1-E,20260907,"all, cohorts resampled",cox_slope_deviation,tabpfn@t1 - scorecard,-0.005527569851875569,-0.05475910093670987,0.04704272857667401,0.02880928224757752,0.05,200,20260907,False
2016H1-E,20260907,"all, cohorts resampled",cox_slope_deviation,gbm-50k - gbm,0.06535142739590206,0.0021072068981775904,0.1268094862375756,0.03292131434246,0.05,200,20260907,True
2016H1-E,20260907,"all, cohorts resampled",cox_slope_deviation,tabpfn - gbm,0.02270407507281545,-0.030859388791087,0.08562002606870943,0.02996492475842245,0.05,200,20260907,False
2016H1-E,20260907,"all, cohorts resampled",cox_slope_deviation,tabicl - gbm,0.05851365175176218,-0.021351045657774737,0.10262643373515934,0.036024757318806715,0.05,200,20260907,False
2016H1-E,20260907,"all, cohorts resampled",cox_slope_deviation,tabicl@t1 - gbm,-0.0015782396963547978,-0.02767449172762202,0.031082579633403662,0.014706852074506756,0.05,200,20260907,False
2016H1-E,20260907,"all, cohorts resampled",cox_slope_deviation,tabpfn@t1 - gbm,0.026755486514122868,-0.020830181437507176,0.07723494771309583,0.026148743635530314,0.05,200,20260907,False
2016H1-E,20260907,"all, cohorts resampled",cox_slope_deviation,tabpfn - gbm-50k,-0.04264735232308662,-0.13746439208260408,0.06460466405163173,0.05442099686100952,0.05,200,20260907,False
2016H1-E,20260907,"all, cohorts resampled",cox_slope_deviation,tabicl - gbm-50k,-0.006837775644139889,-0.1270716617328005,0.09317641758160486,0.05997112595532579,0.05,200,20260907,False
2016H1-E,20260907,"all, cohorts resampled",cox_slope_deviation,tabicl@t1 - gbm-50k,-0.06692966709225685,-0.13074764190815194,0.017196057809158026,0.0380530571900369,0.05,200,20260907,False
2016H1-E,20260907,"all, cohorts resampled",cox_slope_deviation,tabpfn@t1 - gbm-50k,-0.0385959408817792,-0.09478730699209544,0.0168112805434168,0.03284602568063767,0.05,200,20260907,False
2016H1-E,20260907,"all, cohorts resampled",cox_slope_deviation,tabicl - tabpfn,0.03580957667894673,-0.0036594931789517286,0.05957727129318613,0.015093697136371188,0.05,200,20260907,False
2016H1-E,20260907,"all, cohorts resampled",cox_slope_deviation,tabicl@t1 - tabpfn,-0.024282314769170244,-0.0614558511140805,0.022914519283782582,0.023344595031644086,0.05,200,20260907,False
2016H1-E,20260907,"all, cohorts resampled",cox_slope_deviation,tabpfn@t1 - tabpfn,0.004051411441307416,-0.07434310599265861,0.08396141198340226,0.04788146139819798,0.05,200,20260907,False
2016H1-E,20260907,"all, cohorts resampled",cox_slope_deviation,tabicl@t1 - tabicl,-0.060091891448116976,-0.0902288438164121,0.016237215812274018,0.029146087719600946,0.05,200,20260907,False
2016H1-E,20260907,"all, cohorts resampled",cox_slope_deviation,tabpfn@t1 - tabicl,-0.03175816523763931,-0.10438031185130328,0.08763216685090801,0.05202642895008787,0.05,200,20260907,False
2016H1-E,20260907,"all, cohorts resampled",cox_slope_deviation,tabpfn@t1 - tabicl@t1,0.028333726210477667,-0.021328512312273833,0.07978921590959231,0.027766608136413438,0.05,200,20260907,False
2016H1-E,20260907,"all, cohorts resampled",psi,gbm - scorecard,-0.020287531191240618,-0.02847554438227213,-0.013352440355079046,0.0036343570083702597,0.05,200,20260907,True
2016H1-E,20260907,"all, cohorts resampled",psi,gbm-50k - scorecard,-0.007703412095885141,-0.016923439506791628,0.0012967512213909742,0.004739111122883481,0.05,200,20260907,False
2016H1-E,20260907,"all, cohorts resampled",psi,tabpfn - scorecard,-0.011754613035005546,-0.026977675109266193,-0.0011938570208812698,0.007211628520363029,0.05,200,20260907,True
2016H1-E,20260907,"all, cohorts resampled",psi,tabicl - scorecard,-0.018485046384614758,-0.03628411240492555,-0.0037763478353941104,0.008979349021256187,0.05,200,20260907,True
2016H1-E,20260907,"all, cohorts resampled",psi,tabicl@t1 - scorecard,-0.018485046384614758,-0.03628411240492555,-0.0037763478353941104,0.008979349021256187,0.05,200,20260907,True
2016H1-E,20260907,"all, cohorts resampled",psi,tabpfn@t1 - scorecard,-0.011769183647665401,-0.026985105092628536,-0.0011713129271322166,0.007203832357714476,0.05,200,20260907,True
2016H1-E,20260907,"all, cohorts resampled",psi,gbm-50k - gbm,0.012584119095355478,0.0054660009403920936,0.024136070970099337,0.005070136897554378,0.05,200,20260907,True
2016H1-E,20260907,"all, cohorts resampled",psi,tabpfn - gbm,0.008532918156235072,-0.0017241609409450187,0.02188179626294569,0.006651079713783162,0.05,200,20260907,False
2016H1-E,20260907,"all, cohorts resampled",psi,tabicl - gbm,0.0018024848066258616,-0.010048001169207635,0.010676116267000093,0.006041378959379035,0.05,200,20260907,False
2016H1-E,20260907,"all, cohorts resampled",psi,tabicl@t1 - gbm,0.0018024848066258616,-0.010048001169207635,0.010676116267000093,0.006041378959379035,0.05,200,20260907,False
2016H1-E,20260907,"all, cohorts resampled",psi,tabpfn@t1 - gbm,0.008518347543575219,-0.0017219486922167625,0.021906283366924597,0.006653621888041293,0.05,200,20260907,False
2016H1-E,20260907,"all, cohorts resampled",psi,tabpfn - gbm-50k,-0.004051200939120404,-0.01010991428542334,0.0013623984312438361,0.003028355020169957,0.05,200,20260907,False
2016H1-E,20260907,"all, cohorts resampled",psi,tabicl - gbm-50k,-0.010781634288729615,-0.026767681162371035,0.004557330528192848,0.008030756861781846,0.05,200,20260907,False
2016H1-E,20260907,"all, cohorts resampled",psi,tabicl@t1 - gbm-50k,-0.010781634288729615,-0.026767681162371035,0.004557330528192848,0.008030756861781846,0.05,200,20260907,False
2016H1-E,20260907,"all, cohorts resampled",psi,tabpfn@t1 - gbm-50k,-0.004065771551780259,-0.010128338048015172,0.0012870549119759357,0.0030106764096951674,0.05,200,20260907,False
2016H1-E,20260907,"all, cohorts resampled",psi,tabicl - tabpfn,-0.006730433349609211,-0.02218058069180726,0.008514163545158888,0.007516309086822412,0.05,200,20260907,False
2016H1-E,20260907,"all, cohorts resampled",psi,tabicl@t1 - tabpfn,-0.006730433349609211,-0.02218058069180726,0.008514163545158888,0.007516309086822412,0.05,200,20260907,False
2016H1-E,20260907,"all, cohorts resampled",psi,tabpfn@t1 - tabpfn,-1.457061265985419e-05,-9.212050092083542e-05,7.22615913944255e-05,4.1869030340418534e-05,0.05,200,20260907,False
2016H1-E,20260907,"all, cohorts resampled",psi,tabicl@t1 - tabicl,0.0,0.0,0.0,0.0,0.05,200,20260907,False
2016H1-E,20260907,"all, cohorts resampled",psi,tabpfn@t1 - tabicl,0.006715862736949356,-0.00856611162500173,0.022256635161046746,0.007540195779365216,0.05,200,20260907,False
2016H1-E,20260907,"all, cohorts resampled",psi,tabpfn@t1 - tabicl@t1,0.006715862736949356,-0.00856611162500173,0.022256635161046746,0.007540195779365216,0.05,200,20260907,False
