build_id,arm,model,context_seed,cohort,age_quarters,rows,defaults,metric,value,ci_lo,ci_hi,floor
2016H2-E,E,scorecard,,2017H1,1,24541,162,auc,0.7832943147284726,0.7530740669672258,0.8135145624897193,True
2016H2-E,E,scorecard,,2017H1,1,24541,162,gini,0.5665886294569451,0.5061481339344516,0.6270291249794386,True
2016H2-E,E,scorecard,,2017H1,1,24541,162,ks,0.4376699942624167,,,True
2016H2-E,E,scorecard,,2017H1,1,24541,162,brier,0.0066446885715322895,,,True
2016H2-E,E,scorecard,,2017H1,1,24541,162,brier_miscalibration,0.0001574087482558344,,,True
2016H2-E,E,scorecard,,2017H1,1,24541,162,brier_discrimination,7.034235694354171e-05,,,True
2016H2-E,E,scorecard,,2017H1,1,24541,162,brier_uncertainty,0.006557622180219997,,,True
2016H2-E,E,scorecard,,2017H1,1,24541,162,observed_over_expected,0.4996754692453092,0.4258922819588261,0.5824998248486498,True
2016H2-E,E,scorecard,,2017H1,1,24541,162,log_oe,-0.6937964528009385,-0.8535688239386392,-0.5404263942313399,True
2016H2-E,E,scorecard,,2017H1,1,24541,162,cox_intercept,-1.0004688409894515,-1.5789503131680445,-0.42198736881085863,True
2016H2-E,E,scorecard,,2017H1,1,24541,162,cox_slope,0.9229038281395211,0.7750788417686785,1.0707288145103637,True
2016H2-E,E,scorecard,,2017H1,1,24541,162,psi,0.06237063827756499,,,True
2016H2-E,E,scorecard,,2017H1,1,24541,162,psi_critical,0.0007116952007558792,,,True
2016H2-E,E,scorecard,,2017H2,3,24680,143,auc,0.8184300518326684,0.7875663136231404,0.8492937900421963,True
2016H2-E,E,scorecard,,2017H2,3,24680,143,gini,0.6368601036653367,0.5751326272462809,0.6985875800843926,True
2016H2-E,E,scorecard,,2017H2,3,24680,143,ks,0.5113202809742728,,,True
2016H2-E,E,scorecard,,2017H2,3,24680,143,brier,0.005830588624091204,,,True
2016H2-E,E,scorecard,,2017H2,3,24680,143,brier_miscalibration,0.00016438787605116672,,,True
2016H2-E,E,scorecard,,2017H2,3,24680,143,brier_discrimination,9.439221629568059e-05,,,True
2016H2-E,E,scorecard,,2017H2,3,24680,143,brier_uncertainty,0.005760592964335718,,,True
2016H2-E,E,scorecard,,2017H2,3,24680,143,observed_over_expected,0.43179684022743764,0.36408568619365045,0.5083878863118853,True
2016H2-E,E,scorecard,,2017H2,3,24680,143,log_oe,-0.8398000786043562,-1.010366037417105,-0.6765105670319718,True
2016H2-E,E,scorecard,,2017H2,3,24680,143,cox_intercept,-0.4769008224818873,-1.0959838616383708,0.14218221667459613,True
2016H2-E,E,scorecard,,2017H2,3,24680,143,cox_slope,1.1060200571594039,0.9392296467101819,1.2728104676086258,True
2016H2-E,E,scorecard,,2017H2,3,24680,143,psi,0.07534314125152324,,,True
2016H2-E,E,scorecard,,2017H2,3,24680,143,psi_critical,0.0007078123427849226,,,True
2016H2-E,E,scorecard,,2018H1,5,24416,148,auc,0.7643063215267353,0.7267253183961002,0.8018873246573703,True
2016H2-E,E,scorecard,,2018H1,5,24416,148,gini,0.5286126430534706,0.45345063679220043,0.6037746493147407,True
2016H2-E,E,scorecard,,2018H1,5,24416,148,ks,0.4246399440482183,,,True
2016H2-E,E,scorecard,,2018H1,5,24416,148,brier,0.0061522246269812095,,,True
2016H2-E,E,scorecard,,2018H1,5,24416,148,brier_miscalibration,0.00018558500376818048,,,True
2016H2-E,E,scorecard,,2018H1,5,24416,148,brier_discrimination,5.821634644526553e-05,,,True
2016H2-E,E,scorecard,,2018H1,5,24416,148,brier_uncertainty,0.006024855969658295,,,True
2016H2-E,E,scorecard,,2018H1,5,24416,148,observed_over_expected,0.44188503022899717,0.3737302046876475,0.5188114596845429,True
2016H2-E,E,scorecard,,2018H1,5,24416,148,log_oe,-0.8167055433436685,-0.9842211197263135,-0.6562147379546917,True
2016H2-E,E,scorecard,,2018H1,5,24416,148,cox_intercept,-1.262743679044115,-1.8748391827225304,-0.6506481753656999,True
2016H2-E,E,scorecard,,2018H1,5,24416,148,cox_slope,0.8861421258894349,0.7303610654972008,1.041923186281669,True
2016H2-E,E,scorecard,,2018H1,5,24416,148,psi,0.0950475262617305,,,True
2016H2-E,E,scorecard,,2018H1,5,24416,148,psi_critical,0.0007152247346505069,,,True
2016H2-E,E,scorecard,,2018H2,7,24543,146,auc,0.7727501023312432,0.7350736297022018,0.8104265749602846,True
2016H2-E,E,scorecard,,2018H2,7,24543,146,gini,0.5455002046624864,0.4701472594044036,0.6208531499205692,True
2016H2-E,E,scorecard,,2018H2,7,24543,146,ks,0.4337772272696902,,,True
2016H2-E,E,scorecard,,2018H2,7,24543,146,brier,0.006060032103449002,,,True
2016H2-E,E,scorecard,,2018H2,7,24543,146,brier_miscalibration,0.00022283686397287037,,,True
2016H2-E,E,scorecard,,2018H2,7,24543,146,brier_discrimination,7.616023942710968e-05,,,True
2016H2-E,E,scorecard,,2018H2,7,24543,146,brier_uncertainty,0.005913355478903241,,,True
2016H2-E,E,scorecard,,2018H2,7,24543,146,observed_over_expected,0.412849402371794,0.34875372655759607,0.4852559646610402,True
2016H2-E,E,scorecard,,2018H2,7,24543,146,log_oe,-0.884672395687159,-1.0533892604338413,-0.7230787650744251,True
2016H2-E,E,scorecard,,2018H2,7,24543,146,cox_intercept,-1.2238595899767113,-1.8327118656574877,-0.6150073142959348,True
2016H2-E,E,scorecard,,2018H2,7,24543,146,cox_slope,0.9139450314913973,0.755958974429851,1.0719310885529436,True
2016H2-E,E,scorecard,,2018H2,7,24543,146,psi,0.12555979420727373,,,True
2016H2-E,E,scorecard,,2018H2,7,24543,146,psi_critical,0.0007116390204359045,,,True
2016H2-E,E,scorecard,,2019H1,9,24752,110,auc,0.7062262508208453,0.6572065103508326,0.7552459912908581,True
2016H2-E,E,scorecard,,2019H1,9,24752,110,gini,0.41245250164169067,0.3144130207016651,0.5104919825817162,True
2016H2-E,E,scorecard,,2019H1,9,24752,110,ks,0.31675188702215734,,,True
2016H2-E,E,scorecard,,2019H1,9,24752,110,brier,0.004644526479857878,,,True
2016H2-E,E,scorecard,,2019H1,9,24752,110,brier_miscalibration,0.00028780947308226,,,True
2016H2-E,E,scorecard,,2019H1,9,24752,110,brier_discrimination,6.761842527398549e-05,,,True
2016H2-E,E,scorecard,,2019H1,9,24752,110,brier_uncertainty,0.004424335432049603,,,True
2016H2-E,E,scorecard,,2019H1,9,24752,110,observed_over_expected,0.3266113707023423,0.2685357880114832,0.3934753332791971,True
2016H2-E,E,scorecard,,2019H1,9,24752,110,log_oe,-1.118984283674158,-1.3147710852320011,-0.9327368985299075,True
2016H2-E,E,scorecard,,2019H1,9,24752,110,cox_intercept,-2.2405476818253143,-2.9701293130414577,-1.5109660506091709,True
2016H2-E,E,scorecard,,2019H1,9,24752,110,cox_slope,0.7148705271027596,0.5385354713551317,0.8912055828503874,True
2016H2-E,E,scorecard,,2019H1,9,24752,110,psi,0.13300258604585272,,,True
2016H2-E,E,scorecard,,2019H1,9,24752,110,psi_critical,0.0007058182233772336,,,True
2016H2-E,E,scorecard,,2019H2,11,24861,136,auc,0.6890071670730981,0.6465719131178189,0.7314424210283772,True
2016H2-E,E,scorecard,,2019H2,11,24861,136,gini,0.3780143341461961,0.29314382623563784,0.4628848420567544,True
2016H2-E,E,scorecard,,2019H2,11,24861,136,ks,0.2893897579254149,,,True
2016H2-E,E,scorecard,,2019H2,11,24861,136,brier,0.005584096256289025,,,True
2016H2-E,E,scorecard,,2019H2,11,24861,136,brier_miscalibration,0.00016650828276961079,,,True
2016H2-E,E,scorecard,,2019H2,11,24861,136,brier_discrimination,2.2902090862862365e-05,,,True
2016H2-E,E,scorecard,,2019H2,11,24861,136,brier_uncertainty,0.0054404900643822765,,,True
2016H2-E,E,scorecard,,2019H2,11,24861,136,observed_over_expected,0.4767948491598648,0.4002008986435959,0.5637125157454377,True
2016H2-E,E,scorecard,,2019H2,11,24861,136,log_oe,-0.7406689662258743,-0.9157886113487784,-0.5732108812930516,True
2016H2-E,E,scorecard,,2019H2,11,24861,136,cox_intercept,-2.441293991033833,-3.1153542727624126,-1.7672337093052537,True
2016H2-E,E,scorecard,,2019H2,11,24861,136,cox_slope,0.5871204100205596,0.43587866467020214,0.738362155370917,True
2016H2-E,E,scorecard,,2019H2,11,24861,136,psi,0.06426422402166226,,,True
2016H2-E,E,scorecard,,2019H2,11,24861,136,psi_critical,0.000702821327021824,,,True
2016H2-E,E,scorecard,,2020H1,13,24880,111,auc,0.6648125981365111,0.6135077592526,0.7161174370204221,True
2016H2-E,E,scorecard,,2020H1,13,24880,111,gini,0.3296251962730221,0.22701551850520008,0.43223487404084415,True
2016H2-E,E,scorecard,,2020H1,13,24880,111,ks,0.2800019931918677,,,True
2016H2-E,E,scorecard,,2020H1,13,24880,111,brier,0.004581019984702686,,,True
2016H2-E,E,scorecard,,2020H1,13,24880,111,brier_miscalibration,0.00014958652596921453,,,True
2016H2-E,E,scorecard,,2020H1,13,24880,111,brier_discrimination,1.0077110325988625e-05,,,True
2016H2-E,E,scorecard,,2020H1,13,24880,111,brier_uncertainty,0.00444151056905946,,,True
2016H2-E,E,scorecard,,2020H1,13,24880,111,observed_over_expected,0.4802621756190448,0.39523269745029377,0.5780958135198951,True
2016H2-E,E,scorecard,,2020H1,13,24880,111,log_oe,-0.7334231249863494,-0.9282805800676027,-0.5480156567121874,True
2016H2-E,E,scorecard,,2020H1,13,24880,111,cox_intercept,-3.0644311956307284,-3.8142123273880664,-2.3146500638733905,True
2016H2-E,E,scorecard,,2020H1,13,24880,111,cox_slope,0.4653012361155046,0.31034047237492257,0.6202619998560867,True
2016H2-E,E,scorecard,,2020H1,13,24880,111,psi,0.048979165425763,,,True
2016H2-E,E,scorecard,,2020H1,13,24880,111,psi_critical,0.000702301619805832,,,True
2016H2-E,E,scorecard,,2020H2,15,24919,71,auc,0.6865474479199731,0.6177543249311049,0.7553405709088413,False
2016H2-E,E,scorecard,,2020H2,15,24919,71,gini,0.37309489583994626,0.23550864986220987,0.5106811418176826,False
2016H2-E,E,scorecard,,2020H2,15,24919,71,ks,0.3447320270625686,,,False
2016H2-E,E,scorecard,,2020H2,15,24919,71,brier,0.002962821879921395,,,False
2016H2-E,E,scorecard,,2020H2,15,24919,71,brier_miscalibration,0.00012936038617333877,,,False
2016H2-E,E,scorecard,,2020H2,15,24919,71,brier_discrimination,7.651896146538932e-06,,,False
2016H2-E,E,scorecard,,2020H2,15,24919,71,brier_uncertainty,0.002841113389894595,,,False
2016H2-E,E,scorecard,,2020H2,15,24919,71,observed_over_expected,0.35563953188857744,0.27783858170965914,0.4484237748850307,False
2016H2-E,E,scorecard,,2020H2,15,24919,71,log_oe,-1.0338376119808315,-1.2807149752611213,-0.8020165675906403,False
2016H2-E,E,scorecard,,2020H2,15,24919,71,cox_intercept,-3.1010920455187123,-4.038599194948217,-2.163584896089208,False
2016H2-E,E,scorecard,,2020H2,15,24919,71,cox_slope,0.5356577860911781,0.3438498254711973,0.7274657467111589,False
2016H2-E,E,scorecard,,2020H2,15,24919,71,psi,0.09087795932157804,,,False
2016H2-E,E,scorecard,,2020H2,15,24919,71,psi_critical,0.0007012373353076911,,,False
2016H2-E,E,scorecard,,2021H1,17,24909,90,auc,0.7332518545379659,0.6800350382764448,0.786468670799487,False
2016H2-E,E,scorecard,,2021H1,17,24909,90,gini,0.46650370907593186,0.3600700765528897,0.572937341598974,False
2016H2-E,E,scorecard,,2021H1,17,24909,90,ks,0.3739017150838739,,,False
2016H2-E,E,scorecard,,2021H1,17,24909,90,brier,0.003714891127311048,,,False
2016H2-E,E,scorecard,,2021H1,17,24909,90,brier_miscalibration,0.0001309894477101001,,,False
2016H2-E,E,scorecard,,2021H1,17,24909,90,brier_discrimination,1.6195326760064417e-05,,,False
2016H2-E,E,scorecard,,2021H1,17,24909,90,brier_uncertainty,0.0036000970063610124,,,False
2016H2-E,E,scorecard,,2021H1,17,24909,90,observed_over_expected,0.3904029171965705,0.31403495976863355,0.47967267417468396,False
2016H2-E,E,scorecard,,2021H1,17,24909,90,log_oe,-0.9405759521438364,-1.158250962428588,-0.7346513365021474,False
2016H2-E,E,scorecard,,2021H1,17,24909,90,cox_intercept,-2.1987629221990574,-3.0080411238403473,-1.3894847205577674,False
2016H2-E,E,scorecard,,2021H1,17,24909,90,cox_slope,0.7024623969250063,0.5228103297396905,0.8821144641103221,False
2016H2-E,E,scorecard,,2021H1,17,24909,90,psi,0.04248812443079504,,,False
2016H2-E,E,scorecard,,2021H1,17,24909,90,psi_critical,0.0007015099110558631,,,False
2016H2-E,E,scorecard,,2021H2,19,24929,136,auc,0.7607067400428489,0.7209736107201122,0.8004398693655855,True
2016H2-E,E,scorecard,,2021H2,19,24929,136,gini,0.5214134800856978,0.44194722144022447,0.6008797387311711,True
2016H2-E,E,scorecard,,2021H2,19,24929,136,ks,0.39933205767282515,,,True
2016H2-E,E,scorecard,,2021H2,19,24929,136,brier,0.005505830463044971,,,True
2016H2-E,E,scorecard,,2021H2,19,24929,136,brier_miscalibration,0.00016636611114698944,,,True
2016H2-E,E,scorecard,,2021H2,19,24929,136,brier_discrimination,8.626683949161402e-05,,,True
2016H2-E,E,scorecard,,2021H2,19,24929,136,brier_uncertainty,0.005425731191389596,,,True
2016H2-E,E,scorecard,,2021H2,19,24929,136,observed_over_expected,0.4681693163064604,0.3929605490113854,0.5535153422284315,True
2016H2-E,E,scorecard,,2021H2,19,24929,136,log_oe,-0.7589252615140029,-0.9340460563466545,-0.5914658086477127,True
2016H2-E,E,scorecard,,2021H2,19,24929,136,cox_intercept,-1.376884951555417,-2.0313072382685475,-0.7224626648422864,True
2016H2-E,E,scorecard,,2021H2,19,24929,136,cox_slope,0.8457065969892309,0.6865709366039469,1.004842257374515,True
2016H2-E,E,scorecard,,2021H2,19,24929,136,psi,0.029160992828508557,,,True
2016H2-E,E,scorecard,,2021H2,19,24929,136,psi_critical,0.0007009649782411735,,,True
2016H2-E,E,scorecard,,2022H1,21,24889,291,auc,0.7649903925919158,0.739202026227288,0.7907787589565436,True
2016H2-E,E,scorecard,,2022H1,21,24889,291,gini,0.5299807851838316,0.47840405245457607,0.5815575179130872,True
2016H2-E,E,scorecard,,2022H1,21,24889,291,ks,0.42049628821833085,,,True
2016H2-E,E,scorecard,,2022H1,21,24889,291,brier,0.011430245987273853,,,True
2016H2-E,E,scorecard,,2022H1,21,24889,291,brier_miscalibration,8.246947783208114e-05,,,True
2016H2-E,E,scorecard,,2022H1,21,24889,291,brier_discrimination,0.00020743477192363725,,,True
2016H2-E,E,scorecard,,2022H1,21,24889,291,brier_uncertainty,0.01155521128136541,,,True
2016H2-E,E,scorecard,,2022H1,21,24889,291,observed_over_expected,0.8414686564829865,0.7480296301339588,0.9432425616697222,True
2016H2-E,E,scorecard,,2022H1,21,24889,291,log_oe,-0.17260651324284743,-0.2903126893136587,-0.0584318060212123,True
2016H2-E,E,scorecard,,2022H1,21,24889,291,cox_intercept,-0.5455786268577736,-1.0047529353296383,-0.08640431838590884,True
2016H2-E,E,scorecard,,2022H1,21,24889,291,cox_slope,0.9024050908242575,0.7857646427464171,1.0190455389020978,True
2016H2-E,E,scorecard,,2022H1,21,24889,291,psi,0.12344447099979872,,,True
2016H2-E,E,scorecard,,2022H1,21,24889,291,psi_critical,0.0007020557196515237,,,True
2016H2-E,E,scorecard,,2022H2,23,24859,373,auc,0.7720188195300747,0.7492069560225147,0.7948306830376346,True
2016H2-E,E,scorecard,,2022H2,23,24859,373,gini,0.5440376390601493,0.4984139120450295,0.5896613660752692,True
2016H2-E,E,scorecard,,2022H2,23,24859,373,ks,0.42943234619596593,,,True
2016H2-E,E,scorecard,,2022H2,23,24859,373,brier,0.014476487226194379,,,True
2016H2-E,E,scorecard,,2022H2,23,24859,373,brier_miscalibration,4.779795952224511e-05,,,True
2016H2-E,E,scorecard,,2022H2,23,24859,373,brier_discrimination,0.00035079802034663175,,,True
2016H2-E,E,scorecard,,2022H2,23,24859,373,brier_uncertainty,0.014779487287018766,,,True
2016H2-E,E,scorecard,,2022H2,23,24859,373,observed_over_expected,1.0418957236863862,0.9395117291634417,1.152258728636009,True
2016H2-E,E,scorecard,,2022H2,23,24859,373,log_oe,0.0410418650858814,-0.06239497573242108,0.14172412788682362,True
2016H2-E,E,scorecard,,2022H2,23,24859,373,cox_intercept,0.1187211735852255,-0.31142626094208914,0.5488686081125401,True
2016H2-E,E,scorecard,,2022H2,23,24859,373,cox_slope,1.02036770401876,0.9085849580767241,1.132150449960796,True
2016H2-E,E,scorecard,,2022H2,23,24859,373,psi,0.2421423549156142,,,True
2016H2-E,E,scorecard,,2022H2,23,24859,373,psi_critical,0.0007028760792582643,,,True
2016H2-E,E,scorecard,,2023H1,25,24882,381,auc,0.7748459246561366,0.7538311844807368,0.7958606648315363,True
2016H2-E,E,scorecard,,2023H1,25,24882,381,gini,0.5496918493122731,0.5076623689614737,0.5917213296630726,True
2016H2-E,E,scorecard,,2023H1,25,24882,381,ks,0.43311842968324926,,,True
2016H2-E,E,scorecard,,2023H1,25,24882,381,brier,0.014810440079433917,,,True
2016H2-E,E,scorecard,,2023H1,25,24882,381,brier_miscalibration,3.991572485306273e-05,,,True
2016H2-E,E,scorecard,,2023H1,25,24882,381,brier_discrimination,0.0003072838453846167,,,True
2016H2-E,E,scorecard,,2023H1,25,24882,381,brier_uncertainty,0.015077808199965471,,,True
2016H2-E,E,scorecard,,2023H1,25,24882,381,observed_over_expected,1.0772220623494686,0.9724703615669757,1.1900435328254397,True
2016H2-E,E,scorecard,,2023H1,25,24882,381,log_oe,0.07438556294633908,-0.027915680491768947,0.1739898886605773,True
2016H2-E,E,scorecard,,2023H1,25,24882,381,cox_intercept,-0.005214586312961151,-0.41753823641946625,0.4071090637935439,True
2016H2-E,E,scorecard,,2023H1,25,24882,381,cox_slope,0.9780221997677774,0.8716666938277375,1.0843777057078172,True
2016H2-E,E,scorecard,,2023H1,25,24882,381,psi,0.20149841482163305,,,True
2016H2-E,E,scorecard,,2023H1,25,24882,381,psi_critical,0.0007022469599540821,,,True
2016H2-E,E,scorecard,,2023H2,27,24866,363,auc,0.8172939188083902,0.7975233741792678,0.8370644634375126,True
2016H2-E,E,scorecard,,2023H2,27,24866,363,gini,0.6345878376167804,0.5950467483585355,0.6741289268750252,True
2016H2-E,E,scorecard,,2023H2,27,24866,363,ks,0.504179338696819,,,True
2016H2-E,E,scorecard,,2023H2,27,24866,363,brier,0.01401223802285527,,,True
2016H2-E,E,scorecard,,2023H2,27,24866,363,brier_miscalibration,5.198026373197731e-05,,,True
2016H2-E,E,scorecard,,2023H2,27,24866,363,brier_discrimination,0.0004248800388157361,,,True
2016H2-E,E,scorecard,,2023H2,27,24866,363,brier_uncertainty,0.014385137797939028,,,True
2016H2-E,E,scorecard,,2023H2,27,24866,363,observed_over_expected,1.0927732835597008,0.9839385877310147,1.2102163457258701,True
2016H2-E,E,scorecard,,2023H2,27,24866,363,log_oe,0.08871876184126798,-0.016191794719986004,0.19079914174672463,True
2016H2-E,E,scorecard,,2023H2,27,24866,363,cox_intercept,0.6391398268325248,0.2207655193180577,1.0575141343469918,True
2016H2-E,E,scorecard,,2023H2,27,24866,363,cox_slope,1.1474459159639383,1.0365046641036657,1.258387167824211,True
2016H2-E,E,scorecard,,2023H2,27,24866,363,psi,0.15746868192521923,,,True
2016H2-E,E,scorecard,,2023H2,27,24866,363,psi_critical,0.0007026844849638259,,,True
2016H2-E,E,gbm,,2017H1,1,24541,162,auc,0.7903094345011569,0.7615623421509727,0.819056526851341,True
2016H2-E,E,gbm,,2017H1,1,24541,162,gini,0.5806188690023137,0.5231246843019455,0.638113053702682,True
2016H2-E,E,gbm,,2017H1,1,24541,162,ks,0.464693353265485,,,True
2016H2-E,E,gbm,,2017H1,1,24541,162,brier,0.006674135180960322,,,True
2016H2-E,E,gbm,,2017H1,1,24541,162,brier_miscalibration,0.00022118725174921552,,,True
2016H2-E,E,gbm,,2017H1,1,24541,162,brier_discrimination,0.00010467425100889067,,,True
2016H2-E,E,gbm,,2017H1,1,24541,162,brier_uncertainty,0.006557622180219997,,,True
2016H2-E,E,gbm,,2017H1,1,24541,162,observed_over_expected,0.5489092192027495,0.4678560672741913,0.639894378898234,True
2016H2-E,E,gbm,,2017H1,1,24541,162,log_oe,-0.599822207788967,-0.7595945789266676,-0.4464521492193682,True
2016H2-E,E,gbm,,2017H1,1,24541,162,cox_intercept,-1.2941420139632047,-1.8119397375841335,-0.7763442903422759,True
2016H2-E,E,gbm,,2017H1,1,24541,162,cox_slope,0.8202696020440101,0.6926810435039877,0.9478581605840325,True
2016H2-E,E,gbm,,2017H1,1,24541,162,psi,0.0524876333806584,,,True
2016H2-E,E,gbm,,2017H1,1,24541,162,psi_critical,0.0007116952007558792,,,True
2016H2-E,E,gbm,,2017H2,3,24680,143,auc,0.8134400139535242,0.783262736676666,0.8436172912303823,True
2016H2-E,E,gbm,,2017H2,3,24680,143,gini,0.6268800279070483,0.566525473353332,0.6872345824607646,True
2016H2-E,E,gbm,,2017H2,3,24680,143,ks,0.5105265602881448,,,True
2016H2-E,E,gbm,,2017H2,3,24680,143,brier,0.0058843314320821604,,,True
2016H2-E,E,gbm,,2017H2,3,24680,143,brier_miscalibration,0.00019650767351529416,,,True
2016H2-E,E,gbm,,2017H2,3,24680,143,brier_discrimination,7.276920576885192e-05,,,True
2016H2-E,E,gbm,,2017H2,3,24680,143,brier_uncertainty,0.005760592964335718,,,True
2016H2-E,E,gbm,,2017H2,3,24680,143,observed_over_expected,0.484736518733036,0.40872375988920984,0.5707178728938059,True
2016H2-E,E,gbm,,2017H2,3,24680,143,log_oe,-0.7241497960082766,-0.8947157548210254,-0.560860284435892,True
2016H2-E,E,gbm,,2017H2,3,24680,143,cox_intercept,-1.0650579083319798,-1.6226347345530596,-0.5074810821108999,True
2016H2-E,E,gbm,,2017H2,3,24680,143,cox_slope,0.9139933463724916,0.7722982532612959,1.0556884394836874,True
2016H2-E,E,gbm,,2017H2,3,24680,143,psi,0.04904548969640183,,,True
2016H2-E,E,gbm,,2017H2,3,24680,143,psi_critical,0.0007078123427849226,,,True
2016H2-E,E,gbm,,2018H1,5,24416,148,auc,0.7680263242886862,0.7326156749095882,0.8034369736677842,True
2016H2-E,E,gbm,,2018H1,5,24416,148,gini,0.5360526485773724,0.46523134981917647,0.6068739473355684,True
2016H2-E,E,gbm,,2018H1,5,24416,148,ks,0.42948783627867193,,,True
2016H2-E,E,gbm,,2018H1,5,24416,148,brier,0.006154178480871292,,,True
2016H2-E,E,gbm,,2018H1,5,24416,148,brier_miscalibration,0.00020196794172867329,,,True
2016H2-E,E,gbm,,2018H1,5,24416,148,brier_discrimination,7.264543051567571e-05,,,True
2016H2-E,E,gbm,,2018H1,5,24416,148,brier_uncertainty,0.006024855969658295,,,True
2016H2-E,E,gbm,,2018H1,5,24416,148,observed_over_expected,0.5131873332411188,0.4340350859949215,0.6025265651395021,True
2016H2-E,E,gbm,,2018H1,5,24416,148,log_oe,-0.6671143284604604,-0.8346299048431054,-0.5066235230714836,True
2016H2-E,E,gbm,,2018H1,5,24416,148,cox_intercept,-1.5160371975191542,-2.076152089843178,-0.9559223051951309,True
2016H2-E,E,gbm,,2018H1,5,24416,148,cox_slope,0.7832239819636548,0.6479841096401483,0.9184638542871614,True
2016H2-E,E,gbm,,2018H1,5,24416,148,psi,0.06640264898613656,,,True
2016H2-E,E,gbm,,2018H1,5,24416,148,psi_critical,0.0007152247346505069,,,True
2016H2-E,E,gbm,,2018H2,7,24543,146,auc,0.7738372840586172,0.7372892463461921,0.8103853217710423,True
2016H2-E,E,gbm,,2018H2,7,24543,146,gini,0.5476745681172344,0.47457849269238417,0.6207706435420846,True
2016H2-E,E,gbm,,2018H2,7,24543,146,ks,0.4444101312703505,,,True
2016H2-E,E,gbm,,2018H2,7,24543,146,brier,0.006044708625901808,,,True
2016H2-E,E,gbm,,2018H2,7,24543,146,brier_miscalibration,0.00019522174734302403,,,True
2016H2-E,E,gbm,,2018H2,7,24543,146,brier_discrimination,6.386860034445722e-05,,,True
2016H2-E,E,gbm,,2018H2,7,24543,146,brier_uncertainty,0.005913355478903241,,,True
2016H2-E,E,gbm,,2018H2,7,24543,146,observed_over_expected,0.4871218627453802,0.4114952424398515,0.5725545151719027,True
2016H2-E,E,gbm,,2018H2,7,24543,146,log_oe,-0.7192409556922087,-0.8879578204388909,-0.5576473250794748,True
2016H2-E,E,gbm,,2018H2,7,24543,146,cox_intercept,-1.465527059934502,-2.0286929830631246,-0.9023611368058794,True
2016H2-E,E,gbm,,2018H2,7,24543,146,cox_slope,0.8081206039266864,0.6699205975538305,0.9463206102995423,True
2016H2-E,E,gbm,,2018H2,7,24543,146,psi,0.07349871008965343,,,True
2016H2-E,E,gbm,,2018H2,7,24543,146,psi_critical,0.0007116390204359045,,,True
2016H2-E,E,gbm,,2019H1,9,24752,110,auc,0.7168557378016839,0.6702947062796836,0.7634167693236842,True
2016H2-E,E,gbm,,2019H1,9,24752,110,gini,0.43371147560336776,0.34058941255936714,0.5268335386473684,True
2016H2-E,E,gbm,,2019H1,9,24752,110,ks,0.3361135090864821,,,True
2016H2-E,E,gbm,,2019H1,9,24752,110,brier,0.0046557888594753,,,True
2016H2-E,E,gbm,,2019H1,9,24752,110,brier_miscalibration,0.0002560096884649315,,,True
2016H2-E,E,gbm,,2019H1,9,24752,110,brier_discrimination,2.455626103923473e-05,,,True
2016H2-E,E,gbm,,2019H1,9,24752,110,brier_uncertainty,0.004424335432049603,,,True
2016H2-E,E,gbm,,2019H1,9,24752,110,observed_over_expected,0.3798670219328736,0.31232191902860784,0.45763349492517097,True
2016H2-E,E,gbm,,2019H1,9,24752,110,log_oe,-0.9679340297877059,-1.1637208313455492,-0.7816866446434554,True
2016H2-E,E,gbm,,2019H1,9,24752,110,cox_intercept,-2.393226601394222,-3.067708355935032,-1.7187448468534114,True
2016H2-E,E,gbm,,2019H1,9,24752,110,cox_slope,0.6446999257432972,0.48979172875609805,0.7996081227304963,True
2016H2-E,E,gbm,,2019H1,9,24752,110,psi,0.0914327872289308,,,True
2016H2-E,E,gbm,,2019H1,9,24752,110,psi_critical,0.0007058182233772336,,,True
2016H2-E,E,gbm,,2019H2,11,24861,136,auc,0.7006304645215012,0.6580858211645058,0.7431751078784967,True
2016H2-E,E,gbm,,2019H2,11,24861,136,gini,0.4012609290430025,0.3161716423290115,0.48635021575699344,True
2016H2-E,E,gbm,,2019H2,11,24861,136,ks,0.30149646107178973,,,True
2016H2-E,E,gbm,,2019H2,11,24861,136,brier,0.005624798633347094,,,True
2016H2-E,E,gbm,,2019H2,11,24861,136,brier_miscalibration,0.00020785207170387603,,,True
2016H2-E,E,gbm,,2019H2,11,24861,136,brier_discrimination,2.3543502739058718e-05,,,True
2016H2-E,E,gbm,,2019H2,11,24861,136,brier_uncertainty,0.0054404900643822765,,,True
2016H2-E,E,gbm,,2019H2,11,24861,136,observed_over_expected,0.5180076505495533,0.43479313507575446,0.6124382349792646,True
2016H2-E,E,gbm,,2019H2,11,24861,136,log_oe,-0.6577652674310384,-0.8328849125539424,-0.49030718249821553,True
2016H2-E,E,gbm,,2019H2,11,24861,136,cox_intercept,-2.521324768391559,-3.1363472342095395,-1.9063023025735788,True
2016H2-E,E,gbm,,2019H2,11,24861,136,cox_slope,0.5495945239281721,0.4159195705317952,0.683269477324549,True
2016H2-E,E,gbm,,2019H2,11,24861,136,psi,0.05563705631818783,,,True
2016H2-E,E,gbm,,2019H2,11,24861,136,psi_critical,0.000702821327021824,,,True
2016H2-E,E,gbm,,2020H1,13,24880,111,auc,0.6609322391146444,0.6101296397202614,0.7117348385090274,True
2016H2-E,E,gbm,,2020H1,13,24880,111,gini,0.32186447822928876,0.2202592794405227,0.4234696770180548,True
2016H2-E,E,gbm,,2020H1,13,24880,111,ks,0.26548551862452296,,,True
2016H2-E,E,gbm,,2020H1,13,24880,111,brier,0.004582267037266654,,,True
2016H2-E,E,gbm,,2020H1,13,24880,111,brier_miscalibration,0.00018995643043927778,,,True
2016H2-E,E,gbm,,2020H1,13,24880,111,brier_discrimination,4.919996223208371e-05,,,True
2016H2-E,E,gbm,,2020H1,13,24880,111,brier_uncertainty,0.00444151056905946,,,True
2016H2-E,E,gbm,,2020H1,13,24880,111,observed_over_expected,0.5242876450857348,0.43146354371964013,0.6310896591296101,True
2016H2-E,E,gbm,,2020H1,13,24880,111,log_oe,-0.6457148042707809,-0.8405722593520343,-0.4603073359966189,True
2016H2-E,E,gbm,,2020H1,13,24880,111,cox_intercept,-3.184946230921088,-3.893104380829431,-2.476788081012745,True
2016H2-E,E,gbm,,2020H1,13,24880,111,cox_slope,0.42501329866477316,0.28425073679558954,0.5657758605339568,True
2016H2-E,E,gbm,,2020H1,13,24880,111,psi,0.06297213362281028,,,True
2016H2-E,E,gbm,,2020H1,13,24880,111,psi_critical,0.000702301619805832,,,True
2016H2-E,E,gbm,,2020H2,15,24919,71,auc,0.6845388979077298,0.6199881076546744,0.7490896881607852,False
2016H2-E,E,gbm,,2020H2,15,24919,71,gini,0.36907779581545963,0.23997621530934876,0.4981793763215705,False
2016H2-E,E,gbm,,2020H2,15,24919,71,ks,0.314305909507269,,,False
2016H2-E,E,gbm,,2020H2,15,24919,71,brier,0.0029630987897658187,,,False
2016H2-E,E,gbm,,2020H2,15,24919,71,brier_miscalibration,0.00013150236231741167,,,False
2016H2-E,E,gbm,,2020H2,15,24919,71,brier_discrimination,9.516962446188063e-06,,,False
2016H2-E,E,gbm,,2020H2,15,24919,71,brier_uncertainty,0.002841113389894595,,,False
2016H2-E,E,gbm,,2020H2,15,24919,71,observed_over_expected,0.3971793066415521,0.3102909697797264,0.5008010303146627,False
2016H2-E,E,gbm,,2020H2,15,24919,71,log_oe,-0.9233674462509704,-1.1702448095312603,-0.6915464018607793,False
2016H2-E,E,gbm,,2020H2,15,24919,71,cox_intercept,-3.2264442397084028,-4.111646521186526,-2.341241958230279,False
2016H2-E,E,gbm,,2020H2,15,24919,71,cox_slope,0.4908134532374851,0.31700752030686447,0.6646193861681058,False
2016H2-E,E,gbm,,2020H2,15,24919,71,psi,0.10876738832637813,,,False
2016H2-E,E,gbm,,2020H2,15,24919,71,psi_critical,0.0007012373353076911,,,False
2016H2-E,E,gbm,,2021H1,17,24909,90,auc,0.7484695864727292,0.7001005027657813,0.7968386701796771,False
2016H2-E,E,gbm,,2021H1,17,24909,90,gini,0.4969391729454584,0.40020100553156257,0.5936773403593543,False
2016H2-E,E,gbm,,2021H1,17,24909,90,ks,0.42304014397571754,,,False
2016H2-E,E,gbm,,2021H1,17,24909,90,brier,0.0037249032687712604,,,False
2016H2-E,E,gbm,,2021H1,17,24909,90,brier_miscalibration,0.0001401233978341643,,,False
2016H2-E,E,gbm,,2021H1,17,24909,90,brier_discrimination,1.5317135423916373e-05,,,False
2016H2-E,E,gbm,,2021H1,17,24909,90,brier_uncertainty,0.0036000970063610124,,,False
2016H2-E,E,gbm,,2021H1,17,24909,90,observed_over_expected,0.4309951903297711,0.3466868491342134,0.5295467999738714,False
2016H2-E,E,gbm,,2021H1,17,24909,90,log_oe,-0.8416583482683322,-1.0593333585530837,-0.6357337326266432,False
2016H2-E,E,gbm,,2021H1,17,24909,90,cox_intercept,-2.243286736554565,-2.9975806227401285,-1.488992850369001,False
2016H2-E,E,gbm,,2021H1,17,24909,90,cox_slope,0.6709820280213913,0.5080537832133583,0.8339102728294243,False
2016H2-E,E,gbm,,2021H1,17,24909,90,psi,0.05926336799035867,,,False
2016H2-E,E,gbm,,2021H1,17,24909,90,psi_critical,0.0007015099110558631,,,False
2016H2-E,E,gbm,,2021H2,19,24929,136,auc,0.768967492010316,0.7314156981650016,0.8065192858556304,True
2016H2-E,E,gbm,,2021H2,19,24929,136,gini,0.537934984020632,0.46283139633000325,0.6130385717112607,True
2016H2-E,E,gbm,,2021H2,19,24929,136,ks,0.4170994659308486,,,True
2016H2-E,E,gbm,,2021H2,19,24929,136,brier,0.005525677651789911,,,True
2016H2-E,E,gbm,,2021H2,19,24929,136,brier_miscalibration,0.00014742213363115857,,,True
2016H2-E,E,gbm,,2021H2,19,24929,136,brier_discrimination,4.747567323084342e-05,,,True
2016H2-E,E,gbm,,2021H2,19,24929,136,brier_uncertainty,0.005425731191389596,,,True
2016H2-E,E,gbm,,2021H2,19,24929,136,observed_over_expected,0.5287926632959954,0.44384509630265057,0.625190164749222,True
2016H2-E,E,gbm,,2021H2,19,24929,136,log_oe,-0.6371588647920522,-0.8122796596247038,-0.46969941192576214,True
2016H2-E,E,gbm,,2021H2,19,24929,136,cox_intercept,-1.5662882195448034,-2.165722888726113,-0.9668535503634937,True
2016H2-E,E,gbm,,2021H2,19,24929,136,cox_slope,0.7692420398738754,0.6291863249326184,0.9092977548151324,True
2016H2-E,E,gbm,,2021H2,19,24929,136,psi,0.036389848966973275,,,True
2016H2-E,E,gbm,,2021H2,19,24929,136,psi_critical,0.0007009649782411735,,,True
2016H2-E,E,gbm,,2022H1,21,24889,291,auc,0.7732732720146833,0.7478560112911006,0.7986905327382661,True
2016H2-E,E,gbm,,2022H1,21,24889,291,gini,0.5465465440293666,0.49571202258220115,0.5973810654765321,True
2016H2-E,E,gbm,,2022H1,21,24889,291,ks,0.4661670311530371,,,True
2016H2-E,E,gbm,,2022H1,21,24889,291,brier,0.011479749220233485,,,True
2016H2-E,E,gbm,,2022H1,21,24889,291,brier_miscalibration,9.871947230910907e-05,,,True
2016H2-E,E,gbm,,2022H1,21,24889,291,brier_discrimination,0.00017418153344103335,,,True
2016H2-E,E,gbm,,2022H1,21,24889,291,brier_uncertainty,0.01155521128136541,,,True
2016H2-E,E,gbm,,2022H1,21,24889,291,observed_over_expected,0.9663646516547705,0.8590568256851827,1.08324447085611,True
2016H2-E,E,gbm,,2022H1,21,24889,291,log_oe,-0.03421402981454141,-0.15192020588535282,0.07996067740709378,True
2016H2-E,E,gbm,,2022H1,21,24889,291,cox_intercept,-0.7865307005975845,-1.2084138408569671,-0.36464756033820184,True
2016H2-E,E,gbm,,2022H1,21,24889,291,cox_slope,0.8050776548458211,0.7028325517096352,0.9073227579820069,True
2016H2-E,E,gbm,,2022H1,21,24889,291,psi,0.09508491306730406,,,True
2016H2-E,E,gbm,,2022H1,21,24889,291,psi_critical,0.0007020557196515237,,,True
2016H2-E,E,gbm,,2022H2,23,24859,373,auc,0.7858964765990919,0.7641495581633079,0.8076433950348759,True
2016H2-E,E,gbm,,2022H2,23,24859,373,gini,0.5717929531981838,0.5282991163266157,0.6152867900697518,True
2016H2-E,E,gbm,,2022H2,23,24859,373,ks,0.45155988901246624,,,True
2016H2-E,E,gbm,,2022H2,23,24859,373,brier,0.014491793977045864,,,True
2016H2-E,E,gbm,,2022H2,23,24859,373,brier_miscalibration,8.111793394572145e-05,,,True
2016H2-E,E,gbm,,2022H2,23,24859,373,brier_discrimination,0.0003688112439186233,,,True
2016H2-E,E,gbm,,2022H2,23,24859,373,brier_uncertainty,0.014779487287018766,,,True
2016H2-E,E,gbm,,2022H2,23,24859,373,observed_over_expected,1.2929903991572778,1.1659320775460205,1.429950655906505,True
2016H2-E,E,gbm,,2022H2,23,24859,373,log_oe,0.2569576745164283,0.15352083369812577,0.35763993731737037,True
2016H2-E,E,gbm,,2022H2,23,24859,373,cox_intercept,-0.09872263916714959,-0.4839396843285644,0.28649440599426523,True
2016H2-E,E,gbm,,2022H2,23,24859,373,cox_slope,0.905546821563114,0.8110923953064544,1.0000012478197735,True
2016H2-E,E,gbm,,2022H2,23,24859,373,psi,0.12622552874813142,,,True
2016H2-E,E,gbm,,2022H2,23,24859,373,psi_critical,0.0007028760792582643,,,True
2016H2-E,E,gbm,,2023H1,25,24882,381,auc,0.7806802250612516,0.7597482666913893,0.8016121834311138,True
2016H2-E,E,gbm,,2023H1,25,24882,381,gini,0.5613604501225031,0.5194965333827786,0.6032243668622277,True
2016H2-E,E,gbm,,2023H1,25,24882,381,ks,0.4335577496917208,,,True
2016H2-E,E,gbm,,2023H1,25,24882,381,brier,0.014846196604104779,,,True
2016H2-E,E,gbm,,2023H1,25,24882,381,brier_miscalibration,9.171548058455742e-05,,,True
2016H2-E,E,gbm,,2023H1,25,24882,381,brier_discrimination,0.0003233270764452494,,,True
2016H2-E,E,gbm,,2023H1,25,24882,381,brier_uncertainty,0.015077808199965471,,,True
2016H2-E,E,gbm,,2023H1,25,24882,381,observed_over_expected,1.3456503365664263,1.214796015678838,1.4865852979120817,True
2016H2-E,E,gbm,,2023H1,25,24882,381,log_oe,0.296877417805622,0.19457617436751398,0.3964817435198601,True
2016H2-E,E,gbm,,2023H1,25,24882,381,cox_intercept,-0.24968895528307733,-0.6236338305267731,0.12425591996061847,True
2016H2-E,E,gbm,,2023H1,25,24882,381,cox_slope,0.8567022542212803,0.7664469028075837,0.946957605634977,True
2016H2-E,E,gbm,,2023H1,25,24882,381,psi,0.10132787206106766,,,True
2016H2-E,E,gbm,,2023H1,25,24882,381,psi_critical,0.0007022469599540821,,,True
2016H2-E,E,gbm,,2023H2,27,24866,363,auc,0.814212607237951,0.795971018762086,0.832454195713816,True
2016H2-E,E,gbm,,2023H2,27,24866,363,gini,0.6284252144759019,0.591942037524172,0.6649083914276319,True
2016H2-E,E,gbm,,2023H2,27,24866,363,ks,0.49916044462537845,,,True
2016H2-E,E,gbm,,2023H2,27,24866,363,brier,0.014096401966534921,,,True
2016H2-E,E,gbm,,2023H2,27,24866,363,brier_miscalibration,9.157035665325122e-05,,,True
2016H2-E,E,gbm,,2023H2,27,24866,363,brier_discrimination,0.0003803061880573583,,,True
2016H2-E,E,gbm,,2023H2,27,24866,363,brier_uncertainty,0.014385137797939028,,,True
2016H2-E,E,gbm,,2023H2,27,24866,363,observed_over_expected,1.3734766505545142,1.2366853181347035,1.521087601592231,True
2016H2-E,E,gbm,,2023H2,27,24866,363,log_oe,0.31734522644838054,0.2124346698871266,0.41942560635383735,True
2016H2-E,E,gbm,,2023H2,27,24866,363,cox_intercept,0.12156628271434305,-0.2530831959840991,0.49621576141278523,True
2016H2-E,E,gbm,,2023H2,27,24866,363,cox_slope,0.9459988811544612,0.8542213814948066,1.0377763808141156,True
2016H2-E,E,gbm,,2023H2,27,24866,363,psi,0.07022424840543946,,,True
2016H2-E,E,gbm,,2023H2,27,24866,363,psi_critical,0.0007026844849638259,,,True
2016H2-E,E,gbm-50k,20260911,2017H1,1,24541,162,auc,0.7800635691819361,0.7498528862387598,0.8102742521251124,True
2016H2-E,E,gbm-50k,20260911,2017H1,1,24541,162,gini,0.5601271383638722,0.49970577247751957,0.6205485042502248,True
2016H2-E,E,gbm-50k,20260911,2017H1,1,24541,162,ks,0.44989059092043904,,,True
2016H2-E,E,gbm-50k,20260911,2017H1,1,24541,162,brier,0.0066058281058286195,,,True
2016H2-E,E,gbm-50k,20260911,2017H1,1,24541,162,brier_miscalibration,0.00010641341823147688,,,True
2016H2-E,E,gbm-50k,20260911,2017H1,1,24541,162,brier_discrimination,5.820749262285419e-05,,,True
2016H2-E,E,gbm-50k,20260911,2017H1,1,24541,162,brier_uncertainty,0.006557622180219997,,,True
2016H2-E,E,gbm-50k,20260911,2017H1,1,24541,162,observed_over_expected,0.508069726186406,0.43304702431468367,0.5922854827383769,True
2016H2-E,E,gbm-50k,20260911,2017H1,1,24541,162,log_oe,-0.6771365845499827,-0.8369089556876835,-0.5237665259803841,True
2016H2-E,E,gbm-50k,20260911,2017H1,1,24541,162,cox_intercept,-0.46412280947068413,-1.1263562537248795,0.19811063478351115,True
2016H2-E,E,gbm-50k,20260911,2017H1,1,24541,162,cox_slope,1.0583151311245353,0.8921466442376939,1.224483618011377,True
2016H2-E,E,gbm-50k,20260911,2017H1,1,24541,162,psi,0.04598016400136129,,,True
2016H2-E,E,gbm-50k,20260911,2017H1,1,24541,162,psi_critical,0.001027796348662249,,,True
2016H2-E,E,gbm-50k,20260911,2017H2,3,24680,143,auc,0.8172514407384195,0.7885260891877713,0.8459767922890676,True
2016H2-E,E,gbm-50k,20260911,2017H2,3,24680,143,gini,0.634502881476839,0.5770521783755427,0.6919535845781353,True
2016H2-E,E,gbm-50k,20260911,2017H2,3,24680,143,ks,0.5019532368841575,,,True
2016H2-E,E,gbm-50k,20260911,2017H2,3,24680,143,brier,0.005785028764787528,,,True
2016H2-E,E,gbm-50k,20260911,2017H2,3,24680,143,brier_miscalibration,0.0001634505374123194,,,True
2016H2-E,E,gbm-50k,20260911,2017H2,3,24680,143,brier_discrimination,0.00013901473696050978,,,True
2016H2-E,E,gbm-50k,20260911,2017H2,3,24680,143,brier_uncertainty,0.005760592964335718,,,True
2016H2-E,E,gbm-50k,20260911,2017H2,3,24680,143,observed_over_expected,0.44703151408881303,0.3769313723358505,0.5263248486086822,True
2016H2-E,E,gbm-50k,20260911,2017H2,3,24680,143,log_oe,-0.8051261855364141,-0.9756921443491628,-0.6418366739640294,True
2016H2-E,E,gbm-50k,20260911,2017H2,3,24680,143,cox_intercept,0.20617787100549437,-0.4931875719692631,0.9055433139802518,True
2016H2-E,E,gbm-50k,20260911,2017H2,3,24680,143,cox_slope,1.268987134511776,1.0858567395933854,1.4521175294301667,True
2016H2-E,E,gbm-50k,20260911,2017H2,3,24680,143,psi,0.048361876962758905,,,True
2016H2-E,E,gbm-50k,20260911,2017H2,3,24680,143,psi_critical,0.0010239134906912925,,,True
2016H2-E,E,gbm-50k,20260911,2018H1,5,24416,148,auc,0.763710636629707,0.726854842567903,0.8005664306915109,True
2016H2-E,E,gbm-50k,20260911,2018H1,5,24416,148,gini,0.5274212732594139,0.453709685135806,0.6011328613830218,True
2016H2-E,E,gbm-50k,20260911,2018H1,5,24416,148,ks,0.4130776152780439,,,True
2016H2-E,E,gbm-50k,20260911,2018H1,5,24416,148,brier,0.006071452808774421,,,True
2016H2-E,E,gbm-50k,20260911,2018H1,5,24416,148,brier_miscalibration,0.00010321286630729856,,,True
2016H2-E,E,gbm-50k,20260911,2018H1,5,24416,148,brier_discrimination,5.661602719117184e-05,,,True
2016H2-E,E,gbm-50k,20260911,2018H1,5,24416,148,brier_uncertainty,0.006024855969658295,,,True
2016H2-E,E,gbm-50k,20260911,2018H1,5,24416,148,observed_over_expected,0.473188072198188,0.4002051732477479,0.5555639536266576,True
2016H2-E,E,gbm-50k,20260911,2018H1,5,24416,148,log_oe,-0.7482623538773658,-0.9157779302600108,-0.587771548488389,True
2016H2-E,E,gbm-50k,20260911,2018H1,5,24416,148,cox_intercept,-0.4798173461399241,-1.189803217685867,0.23016852540601873,True
2016H2-E,E,gbm-50k,20260911,2018H1,5,24416,148,cox_slope,1.0722026735031973,0.8946146105389582,1.2497907364674365,True
2016H2-E,E,gbm-50k,20260911,2018H1,5,24416,148,psi,0.051662214438407655,,,True
2016H2-E,E,gbm-50k,20260911,2018H1,5,24416,148,psi_critical,0.0010313258825568766,,,True
2016H2-E,E,gbm-50k,20260911,2018H2,7,24543,146,auc,0.7720238172108517,0.7353957488511785,0.8086518855705248,True
2016H2-E,E,gbm-50k,20260911,2018H2,7,24543,146,gini,0.5440476344217033,0.47079149770235706,0.6173037711410496,True
2016H2-E,E,gbm-50k,20260911,2018H2,7,24543,146,ks,0.43680954485196644,,,True
2016H2-E,E,gbm-50k,20260911,2018H2,7,24543,146,brier,0.005971008743459916,,,True
2016H2-E,E,gbm-50k,20260911,2018H2,7,24543,146,brier_miscalibration,0.00011295834662038411,,,True
2016H2-E,E,gbm-50k,20260911,2018H2,7,24543,146,brier_discrimination,5.530508206370941e-05,,,True
2016H2-E,E,gbm-50k,20260911,2018H2,7,24543,146,brier_uncertainty,0.005913355478903241,,,True
2016H2-E,E,gbm-50k,20260911,2018H2,7,24543,146,observed_over_expected,0.4564828698924069,0.38561301305049384,0.5365419790081153,True
2016H2-E,E,gbm-50k,20260911,2018H2,7,24543,146,log_oe,-0.7842041045309118,-0.9529209692775941,-0.6226104739181778,True
2016H2-E,E,gbm-50k,20260911,2018H2,7,24543,146,cox_intercept,-0.4298713567513465,-1.1360156663425292,0.27627295283983616,True
2016H2-E,E,gbm-50k,20260911,2018H2,7,24543,146,cox_slope,1.0950997988328945,0.9166777642079499,1.2735218334578393,True
2016H2-E,E,gbm-50k,20260911,2018H2,7,24543,146,psi,0.056998994842225606,,,True
2016H2-E,E,gbm-50k,20260911,2018H2,7,24543,146,psi_critical,0.0010277401683422742,,,True
2016H2-E,E,gbm-50k,20260911,2019H1,9,24752,110,auc,0.6972111546435873,0.6440438403650256,0.750378468922149,True
2016H2-E,E,gbm-50k,20260911,2019H1,9,24752,110,gini,0.3944223092871746,0.2880876807300512,0.500756937844298,True
2016H2-E,E,gbm-50k,20260911,2019H1,9,24752,110,ks,0.31844448871475906,,,True
2016H2-E,E,gbm-50k,20260911,2019H1,9,24752,110,brier,0.004544483058981164,,,True
2016H2-E,E,gbm-50k,20260911,2019H1,9,24752,110,brier_miscalibration,0.00022327161342678044,,,True
2016H2-E,E,gbm-50k,20260911,2019H1,9,24752,110,brier_discrimination,0.00010312398649521982,,,True
2016H2-E,E,gbm-50k,20260911,2019H1,9,24752,110,brier_uncertainty,0.004424335432049603,,,True
2016H2-E,E,gbm-50k,20260911,2019H1,9,24752,110,observed_over_expected,0.34993155186565367,0.2877093495803715,0.4215696278398346,True
2016H2-E,E,gbm-50k,20260911,2019H1,9,24752,110,log_oe,-1.050017709722353,-1.2458045112801963,-0.8637703245781027,True
2016H2-E,E,gbm-50k,20260911,2019H1,9,24752,110,cox_intercept,-1.4382273208719287,-2.290536536292305,-0.5859181054515521,True
2016H2-E,E,gbm-50k,20260911,2019H1,9,24752,110,cox_slope,0.9073995550657152,0.7014664336845625,1.113332676446868,True
2016H2-E,E,gbm-50k,20260911,2019H1,9,24752,110,psi,0.06783144059529012,,,True
2016H2-E,E,gbm-50k,20260911,2019H1,9,24752,110,psi_critical,0.0010219193712836033,,,True
2016H2-E,E,gbm-50k,20260911,2019H2,11,24861,136,auc,0.6934162552786534,0.6510958828235541,0.7357366277337526,True
2016H2-E,E,gbm-50k,20260911,2019H2,11,24861,136,gini,0.3868325105573067,0.30219176564710826,0.4714732554675052,True
2016H2-E,E,gbm-50k,20260911,2019H2,11,24861,136,ks,0.30720959971450656,,,True
2016H2-E,E,gbm-50k,20260911,2019H2,11,24861,136,brier,0.005542819268285075,,,True
2016H2-E,E,gbm-50k,20260911,2019H2,11,24861,136,brier_miscalibration,0.00012108696628992076,,,True
2016H2-E,E,gbm-50k,20260911,2019H2,11,24861,136,brier_discrimination,1.8757762387122505e-05,,,True
2016H2-E,E,gbm-50k,20260911,2019H2,11,24861,136,brier_uncertainty,0.0054404900643822765,,,True
2016H2-E,E,gbm-50k,20260911,2019H2,11,24861,136,observed_over_expected,0.46987894271079483,0.3943959869908594,0.5555358690598982,True
2016H2-E,E,gbm-50k,20260911,2019H2,11,24861,136,log_oe,-0.7552801861549839,-0.9303998312778881,-0.5878221012221613,True
2016H2-E,E,gbm-50k,20260911,2019H2,11,24861,136,cox_intercept,-1.754919499369732,-2.5747633953899944,-0.9350756033494694,True
2016H2-E,E,gbm-50k,20260911,2019H2,11,24861,136,cox_slope,0.7628093437439019,0.5741336401457013,0.9514850473421024,True
2016H2-E,E,gbm-50k,20260911,2019H2,11,24861,136,psi,0.046740452227164594,,,True
2016H2-E,E,gbm-50k,20260911,2019H2,11,24861,136,psi_critical,0.0010189224749281936,,,True
2016H2-E,E,gbm-50k,20260911,2020H1,13,24880,111,auc,0.6580937593089881,0.6053376566822101,0.710849861935766,True
2016H2-E,E,gbm-50k,20260911,2020H1,13,24880,111,gini,0.3161875186179761,0.21067531336442014,0.4216997238715321,True
2016H2-E,E,gbm-50k,20260911,2020H1,13,24880,111,ks,0.26147658417834846,,,True
2016H2-E,E,gbm-50k,20260911,2020H1,13,24880,111,brier,0.004543633381665777,,,True
2016H2-E,E,gbm-50k,20260911,2020H1,13,24880,111,brier_miscalibration,0.00011608391678936004,,,True
2016H2-E,E,gbm-50k,20260911,2020H1,13,24880,111,brier_discrimination,1.3961104183043103e-05,,,True
2016H2-E,E,gbm-50k,20260911,2020H1,13,24880,111,brier_uncertainty,0.00444151056905946,,,True
2016H2-E,E,gbm-50k,20260911,2020H1,13,24880,111,observed_over_expected,0.4332207752075194,0.3565198849067667,0.5214716652513728,True
2016H2-E,E,gbm-50k,20260911,2020H1,13,24880,111,log_oe,-0.8365078074624774,-1.0313652625437308,-0.6511003391883156,True
2016H2-E,E,gbm-50k,20260911,2020H1,13,24880,111,cox_intercept,-2.233606605635807,-3.2026005437819265,-1.2646126674896871,True
2016H2-E,E,gbm-50k,20260911,2020H1,13,24880,111,cox_slope,0.6797606913660142,0.4659635930723434,0.8935577896596851,True
2016H2-E,E,gbm-50k,20260911,2020H1,13,24880,111,psi,0.05358276295422201,,,True
2016H2-E,E,gbm-50k,20260911,2020H1,13,24880,111,psi_critical,0.0010184027677122018,,,True
2016H2-E,E,gbm-50k,20260911,2020H2,15,24919,71,auc,0.6806000199522957,0.6154052219792703,0.7457948179253211,False
2016H2-E,E,gbm-50k,20260911,2020H2,15,24919,71,gini,0.3612000399045914,0.23081044395854056,0.4915896358506422,False
2016H2-E,E,gbm-50k,20260911,2020H2,15,24919,71,ks,0.3069734407734236,,,False
2016H2-E,E,gbm-50k,20260911,2020H2,15,24919,71,brier,0.002939344283460998,,,False
2016H2-E,E,gbm-50k,20260911,2020H2,15,24919,71,brier_miscalibration,0.0001077293402278719,,,False
2016H2-E,E,gbm-50k,20260911,2020H2,15,24919,71,brier_discrimination,9.498446661468807e-06,,,False
2016H2-E,E,gbm-50k,20260911,2020H2,15,24919,71,brier_uncertainty,0.002841113389894595,,,False
2016H2-E,E,gbm-50k,20260911,2020H2,15,24919,71,observed_over_expected,0.30354660165758507,0.2371416834328565,0.38274010835067374,False
2016H2-E,E,gbm-50k,20260911,2020H2,15,24919,71,log_oe,-1.1922201327983406,-1.4390974960786305,-0.9603990884081494,False
2016H2-E,E,gbm-50k,20260911,2020H2,15,24919,71,cox_intercept,-1.9652680033505665,-3.1472759336783924,-0.7832600730227406,False
2016H2-E,E,gbm-50k,20260911,2020H2,15,24919,71,cox_slope,0.8262553289777392,0.565043516574947,1.0874671413805315,False
2016H2-E,E,gbm-50k,20260911,2020H2,15,24919,71,psi,0.10489348812470102,,,False
2016H2-E,E,gbm-50k,20260911,2020H2,15,24919,71,psi_critical,0.0010173384832140608,,,False
2016H2-E,E,gbm-50k,20260911,2021H1,17,24909,90,auc,0.7620608762999672,0.7140991713654639,0.8100225812344706,False
2016H2-E,E,gbm-50k,20260911,2021H1,17,24909,90,gini,0.5241217525999344,0.4281983427309277,0.6200451624689411,False
2016H2-E,E,gbm-50k,20260911,2021H1,17,24909,90,ks,0.42143787689538925,,,False
2016H2-E,E,gbm-50k,20260911,2021H1,17,24909,90,brier,0.0036846742004168487,,,False
2016H2-E,E,gbm-50k,20260911,2021H1,17,24909,90,brier_miscalibration,0.00010350147806345491,,,False
2016H2-E,E,gbm-50k,20260911,2021H1,17,24909,90,brier_discrimination,1.8924284007618662e-05,,,False
2016H2-E,E,gbm-50k,20260911,2021H1,17,24909,90,brier_uncertainty,0.0036000970063610124,,,False
2016H2-E,E,gbm-50k,20260911,2021H1,17,24909,90,observed_over_expected,0.3514057526695163,0.2826661547369384,0.4317583954386373,False
2016H2-E,E,gbm-50k,20260911,2021H1,17,24909,90,log_oe,-1.045813732647384,-1.2634887429321355,-0.839889117005695,False
2016H2-E,E,gbm-50k,20260911,2021H1,17,24909,90,cox_intercept,-0.7786154073419024,-1.7340464475417323,0.17681563285792745,False
2016H2-E,E,gbm-50k,20260911,2021H1,17,24909,90,cox_slope,1.0675956972077258,0.8423008273750209,1.2928905670404307,False
2016H2-E,E,gbm-50k,20260911,2021H1,17,24909,90,psi,0.0549614902518087,,,False
2016H2-E,E,gbm-50k,20260911,2021H1,17,24909,90,psi_critical,0.001017611058962233,,,False
2016H2-E,E,gbm-50k,20260911,2021H2,19,24929,136,auc,0.7528293090317238,0.7124762020201186,0.7931824160433291,True
2016H2-E,E,gbm-50k,20260911,2021H2,19,24929,136,gini,0.5056586180634477,0.42495240404023726,0.5863648320866581,True
2016H2-E,E,gbm-50k,20260911,2021H2,19,24929,136,ks,0.39381520163423744,,,True
2016H2-E,E,gbm-50k,20260911,2021H2,19,24929,136,brier,0.00546871369816763,,,True
2016H2-E,E,gbm-50k,20260911,2021H2,19,24929,136,brier_miscalibration,8.513374780325794e-05,,,True
2016H2-E,E,gbm-50k,20260911,2021H2,19,24929,136,brier_discrimination,4.2151241025223905e-05,,,True
2016H2-E,E,gbm-50k,20260911,2021H2,19,24929,136,brier_uncertainty,0.005425731191389596,,,True
2016H2-E,E,gbm-50k,20260911,2021H2,19,24929,136,observed_over_expected,0.46945111357455355,0.3940364327582422,0.5550308077423046,True
2016H2-E,E,gbm-50k,20260911,2021H2,19,24929,136,log_oe,-0.7561911101969909,-0.9313119050296425,-0.5887316573307009,True
2016H2-E,E,gbm-50k,20260911,2021H2,19,24929,136,cox_intercept,-0.4924198527209186,-1.2754253527569326,0.2905856473150954,True
2016H2-E,E,gbm-50k,20260911,2021H2,19,24929,136,cox_slope,1.068339045472437,0.8782697570493733,1.2584083338955008,True
2016H2-E,E,gbm-50k,20260911,2021H2,19,24929,136,psi,0.022499829421199907,,,True
2016H2-E,E,gbm-50k,20260911,2021H2,19,24929,136,psi_critical,0.0010170661261475434,,,True
2016H2-E,E,gbm-50k,20260911,2022H1,21,24889,291,auc,0.7728057543303188,0.7476494070075336,0.7979621016531041,True
2016H2-E,E,gbm-50k,20260911,2022H1,21,24889,291,gini,0.5456115086606377,0.49529881401506715,0.5959242033062082,True
2016H2-E,E,gbm-50k,20260911,2022H1,21,24889,291,ks,0.4403807031499502,,,True
2016H2-E,E,gbm-50k,20260911,2022H1,21,24889,291,brier,0.011402267518686292,,,True
2016H2-E,E,gbm-50k,20260911,2022H1,21,24889,291,brier_miscalibration,3.58832199547441e-05,,,True
2016H2-E,E,gbm-50k,20260911,2022H1,21,24889,291,brier_discrimination,0.000188826982633861,,,True
2016H2-E,E,gbm-50k,20260911,2022H1,21,24889,291,brier_uncertainty,0.01155521128136541,,,True
2016H2-E,E,gbm-50k,20260911,2022H1,21,24889,291,observed_over_expected,0.914176797947844,0.8126640567981736,1.024744603464363,True
2016H2-E,E,gbm-50k,20260911,2022H1,21,24889,291,log_oe,-0.08973129303044651,-0.20743746910125785,0.024443414191188506,True
2016H2-E,E,gbm-50k,20260911,2022H1,21,24889,291,cox_intercept,0.46489360738980307,-0.07146996134710154,1.0012571761267077,True
2016H2-E,E,gbm-50k,20260911,2022H1,21,24889,291,cox_slope,1.1410871673350191,1.0067416477299136,1.2754326869401247,True
2016H2-E,E,gbm-50k,20260911,2022H1,21,24889,291,psi,0.05609163311475544,,,True
2016H2-E,E,gbm-50k,20260911,2022H1,21,24889,291,psi_critical,0.0010181568675578935,,,True
2016H2-E,E,gbm-50k,20260911,2022H2,23,24859,373,auc,0.7764685362692343,0.7532147816873853,0.7997222908510833,True
2016H2-E,E,gbm-50k,20260911,2022H2,23,24859,373,gini,0.5529370725384686,0.5064295633747706,0.5994445817021665,True
2016H2-E,E,gbm-50k,20260911,2022H2,23,24859,373,ks,0.4367263319916464,,,True
2016H2-E,E,gbm-50k,20260911,2022H2,23,24859,373,brier,0.014506550092045538,,,True
2016H2-E,E,gbm-50k,20260911,2022H2,23,24859,373,brier_miscalibration,7.834049387451733e-05,,,True
2016H2-E,E,gbm-50k,20260911,2022H2,23,24859,373,brier_discrimination,0.000351277688847745,,,True
2016H2-E,E,gbm-50k,20260911,2022H2,23,24859,373,brier_uncertainty,0.014779487287018766,,,True
2016H2-E,E,gbm-50k,20260911,2022H2,23,24859,373,observed_over_expected,1.166968214856574,1.052293718549409,1.2905795474922332,True
2016H2-E,E,gbm-50k,20260911,2022H2,23,24859,373,log_oe,0.15440911630673787,0.05097227548843552,0.2550913791076801,True
2016H2-E,E,gbm-50k,20260911,2022H2,23,24859,373,cox_intercept,0.8868133660268298,0.41545397464624456,1.3581727574074152,True
2016H2-E,E,gbm-50k,20260911,2022H2,23,24859,373,cox_slope,1.1850496621222144,1.0662011900141712,1.3038981342302576,True
2016H2-E,E,gbm-50k,20260911,2022H2,23,24859,373,psi,0.08249085996738259,,,True
2016H2-E,E,gbm-50k,20260911,2022H2,23,24859,373,psi_critical,0.001018977227164634,,,True
2016H2-E,E,gbm-50k,20260911,2023H1,25,24882,381,auc,0.7705166782522455,0.7480180549758717,0.7930153015286192,True
2016H2-E,E,gbm-50k,20260911,2023H1,25,24882,381,gini,0.5410333565044909,0.4960361099517434,0.5860306030572384,True
2016H2-E,E,gbm-50k,20260911,2023H1,25,24882,381,ks,0.43189366848918587,,,True
2016H2-E,E,gbm-50k,20260911,2023H1,25,24882,381,brier,0.014831657306390798,,,True
2016H2-E,E,gbm-50k,20260911,2023H1,25,24882,381,brier_miscalibration,6.529454185421994e-05,,,True
2016H2-E,E,gbm-50k,20260911,2023H1,25,24882,381,brier_discrimination,0.00031144543542889307,,,True
2016H2-E,E,gbm-50k,20260911,2023H1,25,24882,381,brier_uncertainty,0.015077808199965471,,,True
2016H2-E,E,gbm-50k,20260911,2023H1,25,24882,381,observed_over_expected,1.2022239367751493,1.0853167488329052,1.3281373181744807,True
2016H2-E,E,gbm-50k,20260911,2023H1,25,24882,381,log_oe,0.18417312223418078,0.08187187879607269,0.2837774479484188,True
2016H2-E,E,gbm-50k,20260911,2023H1,25,24882,381,cox_intercept,0.5753659249271192,0.12164152046423471,1.0290903293900038,True
2016H2-E,E,gbm-50k,20260911,2023H1,25,24882,381,cox_slope,1.0975758433030158,0.9846791641603363,1.2104725224456954,True
2016H2-E,E,gbm-50k,20260911,2023H1,25,24882,381,psi,0.0648126972385206,,,True
2016H2-E,E,gbm-50k,20260911,2023H1,25,24882,381,psi_critical,0.0010183481078604518,,,True
2016H2-E,E,gbm-50k,20260911,2023H2,27,24866,363,auc,0.8115084912861067,0.7911328038806817,0.8318841786915316,True
2016H2-E,E,gbm-50k,20260911,2023H2,27,24866,363,gini,0.6230169825722134,0.5822656077613635,0.6637683573830633,True
2016H2-E,E,gbm-50k,20260911,2023H2,27,24866,363,ks,0.5011168025863815,,,True
2016H2-E,E,gbm-50k,20260911,2023H2,27,24866,363,brier,0.014070536245617821,,,True
2016H2-E,E,gbm-50k,20260911,2023H2,27,24866,363,brier_miscalibration,9.376470988544175e-05,,,True
2016H2-E,E,gbm-50k,20260911,2023H2,27,24866,363,brier_discrimination,0.00040836626220664904,,,True
2016H2-E,E,gbm-50k,20260911,2023H2,27,24866,363,brier_uncertainty,0.014385137797939028,,,True
2016H2-E,E,gbm-50k,20260911,2023H2,27,24866,363,observed_over_expected,1.207400356877099,1.0871493839066504,1.3371626756540163,True
2016H2-E,E,gbm-50k,20260911,2023H2,27,24866,363,log_oe,0.18846958295501587,0.083559026393762,0.29054996286047274,True
2016H2-E,E,gbm-50k,20260911,2023H2,27,24866,363,cox_intercept,1.2959736829062165,0.8360331185157752,1.7559142472966578,True
2016H2-E,E,gbm-50k,20260911,2023H2,27,24866,363,cox_slope,1.2800606888640012,1.1631842387781903,1.396937138949812,True
2016H2-E,E,gbm-50k,20260911,2023H2,27,24866,363,psi,0.0403299809316353,,,True
2016H2-E,E,gbm-50k,20260911,2023H2,27,24866,363,psi_critical,0.0010187856328701956,,,True
2016H2-E,E,gbm-50k,20260912,2017H1,1,24541,162,auc,0.7856956933689642,0.7549855616367384,0.81640582510119,True
2016H2-E,E,gbm-50k,20260912,2017H1,1,24541,162,gini,0.5713913867379283,0.5099711232734767,0.63281165020238,True
2016H2-E,E,gbm-50k,20260912,2017H1,1,24541,162,ks,0.4548148857116958,,,True
2016H2-E,E,gbm-50k,20260912,2017H1,1,24541,162,brier,0.0066446443974094655,,,True
2016H2-E,E,gbm-50k,20260912,2017H1,1,24541,162,brier_miscalibration,0.00015758741953552334,,,True
2016H2-E,E,gbm-50k,20260912,2017H1,1,24541,162,brier_discrimination,7.05652023460547e-05,,,True
2016H2-E,E,gbm-50k,20260912,2017H1,1,24541,162,brier_uncertainty,0.006557622180219997,,,True
2016H2-E,E,gbm-50k,20260912,2017H1,1,24541,162,observed_over_expected,0.48842941862906963,0.4163068481027099,0.5693896705236983,True
2016H2-E,E,gbm-50k,20260912,2017H1,1,24541,162,log_oe,-0.7165603038563696,-0.8763326749940703,-0.5631902452867709,True
2016H2-E,E,gbm-50k,20260912,2017H1,1,24541,162,cox_intercept,-0.8157569131429167,-1.4033775775786999,-0.22813624870713356,True
2016H2-E,E,gbm-50k,20260912,2017H1,1,24541,162,cox_slope,0.9785219524426064,0.8282580179664275,1.1287858869187855,True
2016H2-E,E,gbm-50k,20260912,2017H1,1,24541,162,psi,0.03498937745931367,,,True
2016H2-E,E,gbm-50k,20260912,2017H1,1,24541,162,psi_critical,0.001027796348662249,,,True
2016H2-E,E,gbm-50k,20260912,2017H2,3,24680,143,auc,0.8056956085443677,0.7742968498191084,0.837094367269627,True
2016H2-E,E,gbm-50k,20260912,2017H2,3,24680,143,gini,0.6113912170887355,0.5485936996382168,0.6741887345392541,True
2016H2-E,E,gbm-50k,20260912,2017H2,3,24680,143,ks,0.5014738694895193,,,True
2016H2-E,E,gbm-50k,20260912,2017H2,3,24680,143,brier,0.005859526396610418,,,True
2016H2-E,E,gbm-50k,20260912,2017H2,3,24680,143,brier_miscalibration,0.0001851559897410428,,,True
2016H2-E,E,gbm-50k,20260912,2017H2,3,24680,143,brier_discrimination,8.622255746634343e-05,,,True
2016H2-E,E,gbm-50k,20260912,2017H2,3,24680,143,brier_uncertainty,0.005760592964335718,,,True
2016H2-E,E,gbm-50k,20260912,2017H2,3,24680,143,observed_over_expected,0.4243214968143572,0.3577825702777234,0.49958658513693993,True
2016H2-E,E,gbm-50k,20260912,2017H2,3,24680,143,log_oe,-0.8572638638706849,-1.0278298226834337,-0.6939743522983004,True
2016H2-E,E,gbm-50k,20260912,2017H2,3,24680,143,cox_intercept,-0.612843370267952,-1.2316849177499165,0.005998177214012412,True
2016H2-E,E,gbm-50k,20260912,2017H2,3,24680,143,cox_slope,1.0718200486194382,0.9088435812148034,1.2347965160240733,True
2016H2-E,E,gbm-50k,20260912,2017H2,3,24680,143,psi,0.030084479199495487,,,True
2016H2-E,E,gbm-50k,20260912,2017H2,3,24680,143,psi_critical,0.0010239134906912925,,,True
2016H2-E,E,gbm-50k,20260912,2018H1,5,24416,148,auc,0.7684511969939282,0.7348901519809157,0.8020122420069407,True
2016H2-E,E,gbm-50k,20260912,2018H1,5,24416,148,gini,0.5369023939878563,0.46978030396183135,0.6040244840138813,True
2016H2-E,E,gbm-50k,20260912,2018H1,5,24416,148,ks,0.4244918232885927,,,True
2016H2-E,E,gbm-50k,20260912,2018H1,5,24416,148,brier,0.006152434915827425,,,True
2016H2-E,E,gbm-50k,20260912,2018H1,5,24416,148,brier_miscalibration,0.00018243613764758627,,,True
2016H2-E,E,gbm-50k,20260912,2018H1,5,24416,148,brier_discrimination,5.485719147845566e-05,,,True
2016H2-E,E,gbm-50k,20260912,2018H1,5,24416,148,brier_uncertainty,0.006024855969658295,,,True
2016H2-E,E,gbm-50k,20260912,2018H1,5,24416,148,observed_over_expected,0.44245338372686105,0.37421089729898477,0.5194787561251821,True
2016H2-E,E,gbm-50k,20260912,2018H1,5,24416,148,log_oe,-0.8154201675935101,-0.982935743976155,-0.6549293622045331,True
2016H2-E,E,gbm-50k,20260912,2018H1,5,24416,148,cox_intercept,-1.1445355949913998,-1.760301081420808,-0.5287701085619917,True
2016H2-E,E,gbm-50k,20260912,2018H1,5,24416,148,cox_slope,0.9182075712159592,0.7626253411347388,1.0737898012971796,True
2016H2-E,E,gbm-50k,20260912,2018H1,5,24416,148,psi,0.0429239003174222,,,True
2016H2-E,E,gbm-50k,20260912,2018H1,5,24416,148,psi_critical,0.0010313258825568766,,,True
2016H2-E,E,gbm-50k,20260912,2018H2,7,24543,146,auc,0.7672110202186323,0.729997386446185,0.8044246539910797,True
2016H2-E,E,gbm-50k,20260912,2018H2,7,24543,146,gini,0.5344220404372646,0.4599947728923699,0.6088493079821593,True
2016H2-E,E,gbm-50k,20260912,2018H2,7,24543,146,ks,0.41871979543858134,,,True
2016H2-E,E,gbm-50k,20260912,2018H2,7,24543,146,brier,0.006058030330674246,,,True
2016H2-E,E,gbm-50k,20260912,2018H2,7,24543,146,brier_miscalibration,0.00019913436870393555,,,True
2016H2-E,E,gbm-50k,20260912,2018H2,7,24543,146,brier_discrimination,5.4459516932931114e-05,,,True
2016H2-E,E,gbm-50k,20260912,2018H2,7,24543,146,brier_uncertainty,0.005913355478903241,,,True
2016H2-E,E,gbm-50k,20260912,2018H2,7,24543,146,observed_over_expected,0.4204554952614988,0.35517895867513927,0.494196033173411,True
2016H2-E,E,gbm-50k,20260912,2018H2,7,24543,146,log_oe,-0.8664166428362121,-1.0351335075828945,-0.7048230122234782,True
2016H2-E,E,gbm-50k,20260912,2018H2,7,24543,146,cox_intercept,-1.1230987678727584,-1.738876648456194,-0.507320887289323,True
2016H2-E,E,gbm-50k,20260912,2018H2,7,24543,146,cox_slope,0.9369720111494081,0.7791599149429793,1.0947841073558369,True
2016H2-E,E,gbm-50k,20260912,2018H2,7,24543,146,psi,0.0507793434511803,,,True
2016H2-E,E,gbm-50k,20260912,2018H2,7,24543,146,psi_critical,0.0010277401683422742,,,True
2016H2-E,E,gbm-50k,20260912,2019H1,9,24752,110,auc,0.6817921730083892,0.630413772012294,0.7331705740044845,True
2016H2-E,E,gbm-50k,20260912,2019H1,9,24752,110,gini,0.36358434601677847,0.26082754402458797,0.466341148008969,True
2016H2-E,E,gbm-50k,20260912,2019H1,9,24752,110,ks,0.29546893330677115,,,True
2016H2-E,E,gbm-50k,20260912,2019H1,9,24752,110,brier,0.004665557039227129,,,True
2016H2-E,E,gbm-50k,20260912,2019H1,9,24752,110,brier_miscalibration,0.00026260527259548607,,,True
2016H2-E,E,gbm-50k,20260912,2019H1,9,24752,110,brier_discrimination,2.1383665417960135e-05,,,True
2016H2-E,E,gbm-50k,20260912,2019H1,9,24752,110,brier_uncertainty,0.004424335432049603,,,True
2016H2-E,E,gbm-50k,20260912,2019H1,9,24752,110,observed_over_expected,0.33012069215401796,0.271421108260392,0.3977030839077578,True
2016H2-E,E,gbm-50k,20260912,2019H1,9,24752,110,log_oe,-1.1082969575858603,-1.3040837591437036,-0.92204957244161,True
2016H2-E,E,gbm-50k,20260912,2019H1,9,24752,110,cox_intercept,-2.458156578658627,-3.2221436853645464,-1.6941694719527076,True
2016H2-E,E,gbm-50k,20260912,2019H1,9,24752,110,cox_slope,0.66313778423678,0.4831884034282826,0.8430871650452775,True
2016H2-E,E,gbm-50k,20260912,2019H1,9,24752,110,psi,0.05724953572026028,,,True
2016H2-E,E,gbm-50k,20260912,2019H1,9,24752,110,psi_critical,0.0010219193712836033,,,True
2016H2-E,E,gbm-50k,20260912,2019H2,11,24861,136,auc,0.678662195919824,0.635400121609315,0.721924270230333,True
2016H2-E,E,gbm-50k,20260912,2019H2,11,24861,136,gini,0.35732439183964804,0.27080024321863005,0.443848540460666,True
2016H2-E,E,gbm-50k,20260912,2019H2,11,24861,136,ks,0.2607770772616428,,,True
2016H2-E,E,gbm-50k,20260912,2019H2,11,24861,136,brier,0.00560351852042963,,,True
2016H2-E,E,gbm-50k,20260912,2019H2,11,24861,136,brier_miscalibration,0.00018551147656535854,,,True
2016H2-E,E,gbm-50k,20260912,2019H2,11,24861,136,brier_discrimination,2.2483020518005055e-05,,,True
2016H2-E,E,gbm-50k,20260912,2019H2,11,24861,136,brier_uncertainty,0.0054404900643822765,,,True
2016H2-E,E,gbm-50k,20260912,2019H2,11,24861,136,observed_over_expected,0.4557243848439439,0.38251526556906146,0.5388009956894193,True
2016H2-E,E,gbm-50k,20260912,2019H2,11,24861,136,log_oe,-0.7858670714045503,-0.9609867165274544,-0.6184089864717275,True
2016H2-E,E,gbm-50k,20260912,2019H2,11,24861,136,cox_intercept,-2.343623267308883,-3.060499608803973,-1.626746925813793,True
2016H2-E,E,gbm-50k,20260912,2019H2,11,24861,136,cox_slope,0.6228755664247564,0.4602635122836346,0.7854876205658782,True
2016H2-E,E,gbm-50k,20260912,2019H2,11,24861,136,psi,0.03483707006491174,,,True
2016H2-E,E,gbm-50k,20260912,2019H2,11,24861,136,psi_critical,0.0010189224749281936,,,True
2016H2-E,E,gbm-50k,20260912,2020H1,13,24880,111,auc,0.6689262842720793,0.6195266002063742,0.7183259683377845,True
2016H2-E,E,gbm-50k,20260912,2020H1,13,24880,111,gini,0.3378525685441587,0.23905320041274836,0.436651936675569,True
2016H2-E,E,gbm-50k,20260912,2020H1,13,24880,111,ks,0.2875630283276938,,,True
2016H2-E,E,gbm-50k,20260912,2020H1,13,24880,111,brier,0.0045993047642607825,,,True
2016H2-E,E,gbm-50k,20260912,2020H1,13,24880,111,brier_miscalibration,0.00016830554089721037,,,True
2016H2-E,E,gbm-50k,20260912,2020H1,13,24880,111,brier_discrimination,1.0511345695888089e-05,,,True
2016H2-E,E,gbm-50k,20260912,2020H1,13,24880,111,brier_uncertainty,0.00444151056905946,,,True
2016H2-E,E,gbm-50k,20260912,2020H1,13,24880,111,observed_over_expected,0.4354856447590001,0.358383763737222,0.5241979086916188,True
2016H2-E,E,gbm-50k,20260912,2020H1,13,24880,111,log_oe,-0.8312934458987612,-1.0261509009800147,-0.6458859776245993,True
2016H2-E,E,gbm-50k,20260912,2020H1,13,24880,111,cox_intercept,-2.7063559940884465,-3.5493942648946173,-1.8633177232822757,True
2016H2-E,E,gbm-50k,20260912,2020H1,13,24880,111,cox_slope,0.5656525027259022,0.3834930394296614,0.747811966022143,True
2016H2-E,E,gbm-50k,20260912,2020H1,13,24880,111,psi,0.050475063540888446,,,True
2016H2-E,E,gbm-50k,20260912,2020H1,13,24880,111,psi_critical,0.0010184027677122018,,,True
2016H2-E,E,gbm-50k,20260912,2020H2,15,24919,71,auc,0.6963277572712514,0.6314056239001076,0.7612498906423952,False
2016H2-E,E,gbm-50k,20260912,2020H2,15,24919,71,gini,0.3926555145425028,0.26281124780021514,0.5224997812847905,False
2016H2-E,E,gbm-50k,20260912,2020H2,15,24919,71,ks,0.3191364056845905,,,False
2016H2-E,E,gbm-50k,20260912,2020H2,15,24919,71,brier,0.0029728839864831976,,,False
2016H2-E,E,gbm-50k,20260912,2020H2,15,24919,71,brier_miscalibration,0.00014007683204064194,,,False
2016H2-E,E,gbm-50k,20260912,2020H2,15,24919,71,brier_discrimination,8.306235452039401e-06,,,False
2016H2-E,E,gbm-50k,20260912,2020H2,15,24919,71,brier_uncertainty,0.002841113389894595,,,False
2016H2-E,E,gbm-50k,20260912,2020H2,15,24919,71,observed_over_expected,0.3103930515625028,0.24249037996618938,0.3913727563991655,False
2016H2-E,E,gbm-50k,20260912,2020H2,15,24919,71,log_oe,-1.169915876353712,-1.416793239634002,-0.938094831963521,False
2016H2-E,E,gbm-50k,20260912,2020H2,15,24919,71,cox_intercept,-2.2529320408678766,-3.2576665284347026,-1.2481975533010508,False
2016H2-E,E,gbm-50k,20260912,2020H2,15,24919,71,cox_slope,0.7519145640160336,0.5314055862354631,0.9724235417966042,False
2016H2-E,E,gbm-50k,20260912,2020H2,15,24919,71,psi,0.09017774398110641,,,False
2016H2-E,E,gbm-50k,20260912,2020H2,15,24919,71,psi_critical,0.0010173384832140608,,,False
2016H2-E,E,gbm-50k,20260912,2021H1,17,24909,90,auc,0.7452534124841632,0.6943664491199035,0.7961403758484229,False
2016H2-E,E,gbm-50k,20260912,2021H1,17,24909,90,gini,0.4905068249683264,0.38873289823980706,0.5922807516968458,False
2016H2-E,E,gbm-50k,20260912,2021H1,17,24909,90,ks,0.420750231677344,,,False
2016H2-E,E,gbm-50k,20260912,2021H1,17,24909,90,brier,0.003734428977521033,,,False
2016H2-E,E,gbm-50k,20260912,2021H1,17,24909,90,brier_miscalibration,0.00014962075488280041,,,False
2016H2-E,E,gbm-50k,20260912,2021H1,17,24909,90,brier_discrimination,1.5288783722779836e-05,,,False
2016H2-E,E,gbm-50k,20260912,2021H1,17,24909,90,brier_uncertainty,0.0036000970063610124,,,False
2016H2-E,E,gbm-50k,20260912,2021H1,17,24909,90,observed_over_expected,0.3554524536287341,0.285921267639396,0.43673041738107565,False
2016H2-E,E,gbm-50k,20260912,2021H1,17,24909,90,log_oe,-1.0343637837503625,-1.252038794035114,-0.8284391681086735,False
2016H2-E,E,gbm-50k,20260912,2021H1,17,24909,90,cox_intercept,-1.6573927206822734,-2.508057425332534,-0.8067280160320127,False
2016H2-E,E,gbm-50k,20260912,2021H1,17,24909,90,cox_slope,0.853617114863121,0.6577981004187253,1.0494361293075167,False
2016H2-E,E,gbm-50k,20260912,2021H1,17,24909,90,psi,0.052663995006276366,,,False
2016H2-E,E,gbm-50k,20260912,2021H1,17,24909,90,psi_critical,0.001017611058962233,,,False
2016H2-E,E,gbm-50k,20260912,2021H2,19,24929,136,auc,0.7640408167865218,0.7253126800064642,0.8027689535665794,True
2016H2-E,E,gbm-50k,20260912,2021H2,19,24929,136,gini,0.5280816335730436,0.4506253600129284,0.6055379071331588,True
2016H2-E,E,gbm-50k,20260912,2021H2,19,24929,136,ks,0.409584595746902,,,True
2016H2-E,E,gbm-50k,20260912,2021H2,19,24929,136,brier,0.0055083046959304716,,,True
2016H2-E,E,gbm-50k,20260912,2021H2,19,24929,136,brier_miscalibration,0.00014098273529088243,,,True
2016H2-E,E,gbm-50k,20260912,2021H2,19,24929,136,brier_discrimination,5.8409230750006494e-05,,,True
2016H2-E,E,gbm-50k,20260912,2021H2,19,24929,136,brier_uncertainty,0.005425731191389596,,,True
2016H2-E,E,gbm-50k,20260912,2021H2,19,24929,136,observed_over_expected,0.4528899352274635,0.3801357145589146,0.5354505704623052,True
2016H2-E,E,gbm-50k,20260912,2021H2,19,24929,136,log_oe,-0.7921061516135494,-0.9672269464462009,-0.6246466987472592,True
2016H2-E,E,gbm-50k,20260912,2021H2,19,24929,136,cox_intercept,-1.0033539980372832,-1.6681674825580317,-0.3385405135165347,True
2016H2-E,E,gbm-50k,20260912,2021H2,19,24929,136,cox_slope,0.9504136280826124,0.7869874148998467,1.1138398412653783,True
2016H2-E,E,gbm-50k,20260912,2021H2,19,24929,136,psi,0.03481670779329162,,,True
2016H2-E,E,gbm-50k,20260912,2021H2,19,24929,136,psi_critical,0.0010170661261475434,,,True
2016H2-E,E,gbm-50k,20260912,2022H1,21,24889,291,auc,0.7661767545150068,0.7410505347485099,0.7913029742815036,True
2016H2-E,E,gbm-50k,20260912,2022H1,21,24889,291,gini,0.5323535090300135,0.4821010694970198,0.5826059485630073,True
2016H2-E,E,gbm-50k,20260912,2022H1,21,24889,291,ks,0.4121625567300893,,,True
2016H2-E,E,gbm-50k,20260912,2022H1,21,24889,291,brier,0.011454842523096897,,,True
2016H2-E,E,gbm-50k,20260912,2022H1,21,24889,291,brier_miscalibration,7.974016503997997e-05,,,True
2016H2-E,E,gbm-50k,20260912,2022H1,21,24889,291,brier_discrimination,0.00018010892330849217,,,True
2016H2-E,E,gbm-50k,20260912,2022H1,21,24889,291,brier_uncertainty,0.01155521128136541,,,True
2016H2-E,E,gbm-50k,20260912,2022H1,21,24889,291,observed_over_expected,0.8623705439229684,0.7666105137002945,0.9666724894522069,True
2016H2-E,E,gbm-50k,20260912,2022H1,21,24889,291,log_oe,-0.1480702353442097,-0.26577641141502095,-0.033895528122574514,True
2016H2-E,E,gbm-50k,20260912,2022H1,21,24889,291,cox_intercept,-0.38336977856700255,-0.8466999585302557,0.0799604013962506,True
2016H2-E,E,gbm-50k,20260912,2022H1,21,24889,291,cox_slope,0.9397967383255753,0.8235859565538769,1.0560075200972738,True
2016H2-E,E,gbm-50k,20260912,2022H1,21,24889,291,psi,0.07916461127589716,,,True
2016H2-E,E,gbm-50k,20260912,2022H1,21,24889,291,psi_critical,0.0010181568675578935,,,True
2016H2-E,E,gbm-50k,20260912,2022H2,23,24859,373,auc,0.7658176505740873,0.742088679651332,0.7895466214968427,True
2016H2-E,E,gbm-50k,20260912,2022H2,23,24859,373,gini,0.5316353011481747,0.4841773593026639,0.5790932429936855,True
2016H2-E,E,gbm-50k,20260912,2022H2,23,24859,373,ks,0.4288027803380122,,,True
2016H2-E,E,gbm-50k,20260912,2022H2,23,24859,373,brier,0.014508891786867564,,,True
2016H2-E,E,gbm-50k,20260912,2022H2,23,24859,373,brier_miscalibration,4.5358240667370264e-05,,,True
2016H2-E,E,gbm-50k,20260912,2022H2,23,24859,373,brier_discrimination,0.0003159537408185722,,,True
2016H2-E,E,gbm-50k,20260912,2022H2,23,24859,373,brier_uncertainty,0.014779487287018766,,,True
2016H2-E,E,gbm-50k,20260912,2022H2,23,24859,373,observed_over_expected,1.0886336774079233,0.9816568831555503,1.2039474090959714,True
2016H2-E,E,gbm-50k,20260912,2022H2,23,24859,373,log_oe,0.08492340297883387,-0.01851343783946866,0.18560566577977597,True
2016H2-E,E,gbm-50k,20260912,2022H2,23,24859,373,cox_intercept,0.064685587696303,-0.35237467903868247,0.4817458544312885,True
2016H2-E,E,gbm-50k,20260912,2022H2,23,24859,373,cox_slope,0.9939141157303396,0.8880152955598242,1.099812935900855,True
2016H2-E,E,gbm-50k,20260912,2022H2,23,24859,373,psi,0.10123977526700846,,,True
2016H2-E,E,gbm-50k,20260912,2022H2,23,24859,373,psi_critical,0.001018977227164634,,,True
2016H2-E,E,gbm-50k,20260912,2023H1,25,24882,381,auc,0.7715263322585473,0.7495492229442724,0.7935034415728222,True
2016H2-E,E,gbm-50k,20260912,2023H1,25,24882,381,gini,0.5430526645170946,0.4990984458885448,0.5870068831456443,True
2016H2-E,E,gbm-50k,20260912,2023H1,25,24882,381,ks,0.42719709013966006,,,True
2016H2-E,E,gbm-50k,20260912,2023H1,25,24882,381,brier,0.014821532699781235,,,True
2016H2-E,E,gbm-50k,20260912,2023H1,25,24882,381,brier_miscalibration,5.751287600463603e-05,,,True
2016H2-E,E,gbm-50k,20260912,2023H1,25,24882,381,brier_discrimination,0.00031378837618887233,,,True
2016H2-E,E,gbm-50k,20260912,2023H1,25,24882,381,brier_uncertainty,0.015077808199965471,,,True
2016H2-E,E,gbm-50k,20260912,2023H1,25,24882,381,observed_over_expected,1.1202140092007302,1.01128166664527,1.2375381860655819,True
2016H2-E,E,gbm-50k,20260912,2023H1,25,24882,381,log_oe,0.11351974669712242,0.01121850325901431,0.21312407241136053,True
2016H2-E,E,gbm-50k,20260912,2023H1,25,24882,381,cox_intercept,-0.03428603985551266,-0.4338097769916789,0.3652376972806536,True
2016H2-E,E,gbm-50k,20260912,2023H1,25,24882,381,cox_slope,0.960094303665909,0.8591943047819124,1.0609943025499056,True
2016H2-E,E,gbm-50k,20260912,2023H1,25,24882,381,psi,0.072599683238597,,,True
2016H2-E,E,gbm-50k,20260912,2023H1,25,24882,381,psi_critical,0.0010183481078604518,,,True
2016H2-E,E,gbm-50k,20260912,2023H2,27,24866,363,auc,0.8085597322147208,0.788749676001246,0.8283697884281955,True
2016H2-E,E,gbm-50k,20260912,2023H2,27,24866,363,gini,0.6171194644294415,0.577499352002492,0.6567395768563911,True
2016H2-E,E,gbm-50k,20260912,2023H2,27,24866,363,ks,0.5151383610867236,,,True
2016H2-E,E,gbm-50k,20260912,2023H2,27,24866,363,brier,0.014090744993677908,,,True
2016H2-E,E,gbm-50k,20260912,2023H2,27,24866,363,brier_miscalibration,6.697119849319831e-05,,,True
2016H2-E,E,gbm-50k,20260912,2023H2,27,24866,363,brier_discrimination,0.0003613640027543188,,,True
2016H2-E,E,gbm-50k,20260912,2023H2,27,24866,363,brier_uncertainty,0.014385137797939028,,,True
2016H2-E,E,gbm-50k,20260912,2023H2,27,24866,363,observed_over_expected,1.1469428933412105,1.0327131781682333,1.270207698173309,True
2016H2-E,E,gbm-50k,20260912,2023H2,27,24866,363,log_oe,0.13710004906227682,0.03218949250102296,0.23918042896773362,True
2016H2-E,E,gbm-50k,20260912,2023H2,27,24866,363,cox_intercept,0.5000329418243801,0.09054203298145935,0.9095238506673008,True
2016H2-E,E,gbm-50k,20260912,2023H2,27,24866,363,cox_slope,1.0938463891628567,0.988920550978522,1.1987722273471915,True
2016H2-E,E,gbm-50k,20260912,2023H2,27,24866,363,psi,0.05831985658326762,,,True
2016H2-E,E,gbm-50k,20260912,2023H2,27,24866,363,psi_critical,0.0010187856328701956,,,True
2016H2-E,E,gbm-50k,20260913,2017H1,1,24541,162,auc,0.7708852083279528,0.7409755668870162,0.8007948497688895,True
2016H2-E,E,gbm-50k,20260913,2017H1,1,24541,162,gini,0.5417704166559056,0.4819511337740323,0.601589699537779,True
2016H2-E,E,gbm-50k,20260913,2017H1,1,24541,162,ks,0.4258084396659947,,,True
2016H2-E,E,gbm-50k,20260913,2017H1,1,24541,162,brier,0.006712422185274361,,,True
2016H2-E,E,gbm-50k,20260913,2017H1,1,24541,162,brier_miscalibration,0.00021027040638434743,,,True
2016H2-E,E,gbm-50k,20260913,2017H1,1,24541,162,brier_discrimination,5.547040132998331e-05,,,True
2016H2-E,E,gbm-50k,20260913,2017H1,1,24541,162,brier_uncertainty,0.006557622180219997,,,True
2016H2-E,E,gbm-50k,20260913,2017H1,1,24541,162,observed_over_expected,0.5565103860571379,0.4743348289833757,0.6487554870251028,True
2016H2-E,E,gbm-50k,20260913,2017H1,1,24541,162,log_oe,-0.5860694452652425,-0.7458418164029431,-0.43269938669564373,True
2016H2-E,E,gbm-50k,20260913,2017H1,1,24541,162,cox_intercept,-1.5464921066751658,-2.0711934796984606,-1.021790733651871,True
2016H2-E,E,gbm-50k,20260913,2017H1,1,24541,162,cox_slope,0.7538714558585214,0.6284253029016258,0.8793176088154171,True
2016H2-E,E,gbm-50k,20260913,2017H1,1,24541,162,psi,0.05988960188996003,,,True
2016H2-E,E,gbm-50k,20260913,2017H1,1,24541,162,psi_critical,0.001027796348662249,,,True
2016H2-E,E,gbm-50k,20260913,2017H2,3,24680,143,auc,0.7904233965488398,0.7579681368764449,0.8228786562212346,True
2016H2-E,E,gbm-50k,20260913,2017H2,3,24680,143,gini,0.5808467930976795,0.5159362737528899,0.6457573124424691,True
2016H2-E,E,gbm-50k,20260913,2017H2,3,24680,143,ks,0.4462827794530936,,,True
2016H2-E,E,gbm-50k,20260913,2017H2,3,24680,143,brier,0.005885174604294989,,,True
2016H2-E,E,gbm-50k,20260913,2017H2,3,24680,143,brier_miscalibration,0.0001876889246847516,,,True
2016H2-E,E,gbm-50k,20260913,2017H2,3,24680,143,brier_discrimination,6.310728472548079e-05,,,True
2016H2-E,E,gbm-50k,20260913,2017H2,3,24680,143,brier_uncertainty,0.005760592964335718,,,True
2016H2-E,E,gbm-50k,20260913,2017H2,3,24680,143,observed_over_expected,0.495494466405422,0.41779472659260897,0.5833840384806995,True
2016H2-E,E,gbm-50k,20260913,2017H2,3,24680,143,log_oe,-0.7021990929728955,-0.8727650517856443,-0.5389095814005109,True
2016H2-E,E,gbm-50k,20260913,2017H2,3,24680,143,cox_intercept,-1.2697326617100047,-1.8307987077999983,-0.7086666156200109,True
2016H2-E,E,gbm-50k,20260913,2017H2,3,24680,143,cox_slope,0.855460485045384,0.717047552115557,0.9938734179752109,True
2016H2-E,E,gbm-50k,20260913,2017H2,3,24680,143,psi,0.06286558353330751,,,True
2016H2-E,E,gbm-50k,20260913,2017H2,3,24680,143,psi_critical,0.0010239134906912925,,,True
2016H2-E,E,gbm-50k,20260913,2018H1,5,24416,148,auc,0.7462284890791566,0.7093480942543232,0.78310888390399,True
2016H2-E,E,gbm-50k,20260913,2018H1,5,24416,148,gini,0.49245697815831324,0.4186961885086464,0.56621776780798,True
2016H2-E,E,gbm-50k,20260913,2018H1,5,24416,148,ks,0.4085137139776994,,,True
2016H2-E,E,gbm-50k,20260913,2018H1,5,24416,148,brier,0.006131743614057148,,,True
2016H2-E,E,gbm-50k,20260913,2018H1,5,24416,148,brier_miscalibration,0.00016822145035138864,,,True
2016H2-E,E,gbm-50k,20260913,2018H1,5,24416,148,brier_discrimination,6.133380595253497e-05,,,True
2016H2-E,E,gbm-50k,20260913,2018H1,5,24416,148,brier_uncertainty,0.006024855969658295,,,True
2016H2-E,E,gbm-50k,20260913,2018H1,5,24416,148,observed_over_expected,0.5295266097887715,0.4478542487880983,0.621710296961067,True
2016H2-E,E,gbm-50k,20260913,2018H1,5,24416,148,log_oe,-0.6357718606448075,-0.8032874370274524,-0.47528105525583053,True
2016H2-E,E,gbm-50k,20260913,2018H1,5,24416,148,cox_intercept,-1.6676918794588225,-2.2378567959044444,-1.0975269630132003,True
2016H2-E,E,gbm-50k,20260913,2018H1,5,24416,148,cox_slope,0.7401475302341486,0.6059627021600815,0.8743323583082157,True
2016H2-E,E,gbm-50k,20260913,2018H1,5,24416,148,psi,0.07974484052870687,,,True
2016H2-E,E,gbm-50k,20260913,2018H1,5,24416,148,psi_critical,0.0010313258825568766,,,True
2016H2-E,E,gbm-50k,20260913,2018H2,7,24543,146,auc,0.7639354378289268,0.7250986934071977,0.8027721822506559,True
2016H2-E,E,gbm-50k,20260913,2018H2,7,24543,146,gini,0.5278708756578536,0.45019738681439536,0.6055443645013119,True
2016H2-E,E,gbm-50k,20260913,2018H2,7,24543,146,ks,0.4248964475196535,,,True
2016H2-E,E,gbm-50k,20260913,2018H2,7,24543,146,brier,0.0060249823788457455,,,True
2016H2-E,E,gbm-50k,20260913,2018H2,7,24543,146,brier_miscalibration,0.00017469494356482304,,,True
2016H2-E,E,gbm-50k,20260913,2018H2,7,24543,146,brier_discrimination,6.306804362231876e-05,,,True
2016H2-E,E,gbm-50k,20260913,2018H2,7,24543,146,brier_uncertainty,0.005913355478903241,,,True
2016H2-E,E,gbm-50k,20260913,2018H2,7,24543,146,observed_over_expected,0.5033514022494684,0.42520511424745855,0.5916304319658151,True
2016H2-E,E,gbm-50k,20260913,2018H2,7,24543,146,log_oe,-0.6864667399767351,-0.8551836047234174,-0.5248731093640011,True
2016H2-E,E,gbm-50k,20260913,2018H2,7,24543,146,cox_intercept,-1.491339671707667,-2.063888152293592,-0.9187911911217421,True
2016H2-E,E,gbm-50k,20260913,2018H2,7,24543,146,cox_slope,0.7955225439778926,0.6573323476477552,0.93371274030803,True
2016H2-E,E,gbm-50k,20260913,2018H2,7,24543,146,psi,0.09398243116067057,,,True
2016H2-E,E,gbm-50k,20260913,2018H2,7,24543,146,psi_critical,0.0010277401683422742,,,True
2016H2-E,E,gbm-50k,20260913,2019H1,9,24752,110,auc,0.6947104352509756,0.6452831371436322,0.7441377333583191,True
2016H2-E,E,gbm-50k,20260913,2019H1,9,24752,110,gini,0.3894208705019513,0.29056627428726434,0.48827546671663824,True
2016H2-E,E,gbm-50k,20260913,2019H1,9,24752,110,ks,0.2828076233481639,,,True
2016H2-E,E,gbm-50k,20260913,2019H1,9,24752,110,brier,0.00464265163822089,,,True
2016H2-E,E,gbm-50k,20260913,2019H1,9,24752,110,brier_miscalibration,0.0002374463121080396,,,True
2016H2-E,E,gbm-50k,20260913,2019H1,9,24752,110,brier_discrimination,1.9130105936753308e-05,,,True
2016H2-E,E,gbm-50k,20260913,2019H1,9,24752,110,brier_uncertainty,0.004424335432049603,,,True
2016H2-E,E,gbm-50k,20260913,2019H1,9,24752,110,observed_over_expected,0.3918088180293617,0.3221403145674619,0.4720200185447057,True
2016H2-E,E,gbm-50k,20260913,2019H1,9,24752,110,log_oe,-0.9369812672692162,-1.1327680688270594,-0.7507338821249657,True
2016H2-E,E,gbm-50k,20260913,2019H1,9,24752,110,cox_intercept,-2.5822074318484143,-3.2734612300074923,-1.890953633689336,True
2016H2-E,E,gbm-50k,20260913,2019H1,9,24752,110,cox_slope,0.5965397778386968,0.44168451835228506,0.7513950373251086,True
2016H2-E,E,gbm-50k,20260913,2019H1,9,24752,110,psi,0.10428742725803308,,,True
2016H2-E,E,gbm-50k,20260913,2019H1,9,24752,110,psi_critical,0.0010219193712836033,,,True
2016H2-E,E,gbm-50k,20260913,2019H2,11,24861,136,auc,0.6900117468625468,0.6474557565353672,0.7325677371897265,True
2016H2-E,E,gbm-50k,20260913,2019H2,11,24861,136,gini,0.3800234937250937,0.2949115130707345,0.4651354743794529,True
2016H2-E,E,gbm-50k,20260913,2019H2,11,24861,136,ks,0.3032944745137691,,,True
2016H2-E,E,gbm-50k,20260913,2019H2,11,24861,136,brier,0.005568831737513965,,,True
2016H2-E,E,gbm-50k,20260913,2019H2,11,24861,136,brier_miscalibration,0.00015662025903202814,,,True
2016H2-E,E,gbm-50k,20260913,2019H2,11,24861,136,brier_discrimination,2.8278585900340034e-05,,,True
2016H2-E,E,gbm-50k,20260913,2019H2,11,24861,136,brier_uncertainty,0.0054404900643822765,,,True
2016H2-E,E,gbm-50k,20260913,2019H2,11,24861,136,observed_over_expected,0.549645957225638,0.4613489562756714,0.649844069966214,True
2016H2-E,E,gbm-50k,20260913,2019H2,11,24861,136,log_oe,-0.5984809221637224,-0.7736005672866265,-0.43102283723089974,True
2016H2-E,E,gbm-50k,20260913,2019H2,11,24861,136,cox_intercept,-2.4666422474332275,-3.105521756171023,-1.827762738695432,True
2016H2-E,E,gbm-50k,20260913,2019H2,11,24861,136,cox_slope,0.5565608058119973,0.41927646680812436,0.6938451448158702,True
2016H2-E,E,gbm-50k,20260913,2019H2,11,24861,136,psi,0.06729362983882686,,,True
2016H2-E,E,gbm-50k,20260913,2019H2,11,24861,136,psi_critical,0.0010189224749281936,,,True
2016H2-E,E,gbm-50k,20260913,2020H1,13,24880,111,auc,0.65595362409929,0.60412284060545,0.7077844075931301,True
2016H2-E,E,gbm-50k,20260913,2020H1,13,24880,111,gini,0.31190724819858007,0.20824568121089992,0.4155688151862602,True
2016H2-E,E,gbm-50k,20260913,2020H1,13,24880,111,ks,0.2587664979364281,,,True
2016H2-E,E,gbm-50k,20260913,2020H1,13,24880,111,brier,0.004583173749396008,,,True
2016H2-E,E,gbm-50k,20260913,2020H1,13,24880,111,brier_miscalibration,0.00015281205639962846,,,True
2016H2-E,E,gbm-50k,20260913,2020H1,13,24880,111,brier_discrimination,1.1148876063080473e-05,,,True
2016H2-E,E,gbm-50k,20260913,2020H1,13,24880,111,brier_uncertainty,0.00444151056905946,,,True
2016H2-E,E,gbm-50k,20260913,2020H1,13,24880,111,observed_over_expected,0.5406901944425858,0.4449620538178248,0.650833552352154,True
2016H2-E,E,gbm-50k,20260913,2020H1,13,24880,111,log_oe,-0.6149088176900293,-0.8097662727712827,-0.4295013494158672,True
2016H2-E,E,gbm-50k,20260913,2020H1,13,24880,111,cox_intercept,-3.179509284027238,-3.906907339845558,-2.4521112282089184,True
2016H2-E,E,gbm-50k,20260913,2020H1,13,24880,111,cox_slope,0.42495496337205135,0.28115409406476854,0.5687558326793342,True
2016H2-E,E,gbm-50k,20260913,2020H1,13,24880,111,psi,0.057859740317998516,,,True
2016H2-E,E,gbm-50k,20260913,2020H1,13,24880,111,psi_critical,0.0010184027677122018,,,True
2016H2-E,E,gbm-50k,20260913,2020H2,15,24919,71,auc,0.6693465283005178,0.6036428306714111,0.7350502259296244,False
2016H2-E,E,gbm-50k,20260913,2020H2,15,24919,71,gini,0.33869305660103555,0.20728566134282222,0.47010045185924887,False
2016H2-E,E,gbm-50k,20260913,2020H2,15,24919,71,ks,0.30218205563062867,,,False
2016H2-E,E,gbm-50k,20260913,2020H2,15,24919,71,brier,0.002958856640784666,,,False
2016H2-E,E,gbm-50k,20260913,2020H2,15,24919,71,brier_miscalibration,0.00012835591207896457,,,False
2016H2-E,E,gbm-50k,20260913,2020H2,15,24919,71,brier_discrimination,1.0612661188893688e-05,,,False
2016H2-E,E,gbm-50k,20260913,2020H2,15,24919,71,brier_uncertainty,0.002841113389894595,,,False
2016H2-E,E,gbm-50k,20260913,2020H2,15,24919,71,observed_over_expected,0.4002963649120137,0.3127261294605764,0.504731310586809,False
2016H2-E,E,gbm-50k,20260913,2020H2,15,24919,71,log_oe,-0.9155500939341246,-1.1624274572144147,-0.6837290495439334,False
2016H2-E,E,gbm-50k,20260913,2020H2,15,24919,71,cox_intercept,-3.256110396227245,-4.171479757748794,-2.3407410347056956,False
2016H2-E,E,gbm-50k,20260913,2020H2,15,24919,71,cox_slope,0.4866341262092529,0.30741313244380475,0.665855119974701,False
2016H2-E,E,gbm-50k,20260913,2020H2,15,24919,71,psi,0.1002511808153275,,,False
2016H2-E,E,gbm-50k,20260913,2020H2,15,24919,71,psi_critical,0.0010173384832140608,,,False
2016H2-E,E,gbm-50k,20260913,2021H1,17,24909,90,auc,0.7408078935940654,0.6927604919423542,0.7888552952457766,False
2016H2-E,E,gbm-50k,20260913,2021H1,17,24909,90,gini,0.4816157871881308,0.38552098388470846,0.5777105904915532,False
2016H2-E,E,gbm-50k,20260913,2021H1,17,24909,90,ks,0.39414830036128234,,,False
2016H2-E,E,gbm-50k,20260913,2021H1,17,24909,90,brier,0.00372555614859012,,,False
2016H2-E,E,gbm-50k,20260913,2021H1,17,24909,90,brier_miscalibration,0.00013978035046116654,,,False
2016H2-E,E,gbm-50k,20260913,2021H1,17,24909,90,brier_discrimination,1.4321208232059065e-05,,,False
2016H2-E,E,gbm-50k,20260913,2021H1,17,24909,90,brier_uncertainty,0.0036000970063610124,,,False
2016H2-E,E,gbm-50k,20260913,2021H1,17,24909,90,observed_over_expected,0.44351897277453556,0.35676081462718245,0.5449342777601539,False
2016H2-E,E,gbm-50k,20260913,2021H1,17,24909,90,log_oe,-0.8130146984980658,-1.0306897087828175,-0.6070900828563769,False
2016H2-E,E,gbm-50k,20260913,2021H1,17,24909,90,cox_intercept,-2.306322128763708,-3.081359507138732,-1.531284750388684,False
2016H2-E,E,gbm-50k,20260913,2021H1,17,24909,90,cox_slope,0.6545375325984559,0.48964849686287554,0.8194265683340363,False
2016H2-E,E,gbm-50k,20260913,2021H1,17,24909,90,psi,0.06398423001857219,,,False
2016H2-E,E,gbm-50k,20260913,2021H1,17,24909,90,psi_critical,0.001017611058962233,,,False
2016H2-E,E,gbm-50k,20260913,2021H2,19,24929,136,auc,0.7642214299102451,0.725428512745745,0.8030143470747452,True
2016H2-E,E,gbm-50k,20260913,2021H2,19,24929,136,gini,0.5284428598204902,0.4508570254914901,0.6060286941494903,True
2016H2-E,E,gbm-50k,20260913,2021H2,19,24929,136,ks,0.3937339405572256,,,True
2016H2-E,E,gbm-50k,20260913,2021H2,19,24929,136,brier,0.005475392766543962,,,True
2016H2-E,E,gbm-50k,20260913,2021H2,19,24929,136,brier_miscalibration,0.0001282713767750531,,,True
2016H2-E,E,gbm-50k,20260913,2021H2,19,24929,136,brier_discrimination,7.860980162068681e-05,,,True
2016H2-E,E,gbm-50k,20260913,2021H2,19,24929,136,brier_uncertainty,0.005425731191389596,,,True
2016H2-E,E,gbm-50k,20260913,2021H2,19,24929,136,observed_over_expected,0.5313551771826437,0.445995956747096,0.628219818127883,True
2016H2-E,E,gbm-50k,20260913,2021H2,19,24929,136,log_oe,-0.632324597759985,-0.8074453925926365,-0.4648651448936948,True
2016H2-E,E,gbm-50k,20260913,2021H2,19,24929,136,cox_intercept,-1.4144622782093024,-2.015225355075135,-0.8136992013434697,True
2016H2-E,E,gbm-50k,20260913,2021H2,19,24929,136,cox_slope,0.8062869615807347,0.664929105249586,0.9476448179118833,True
2016H2-E,E,gbm-50k,20260913,2021H2,19,24929,136,psi,0.04220214697116141,,,True
2016H2-E,E,gbm-50k,20260913,2021H2,19,24929,136,psi_critical,0.0010170661261475434,,,True
2016H2-E,E,gbm-50k,20260913,2022H1,21,24889,291,auc,0.7500155070859001,0.723958825933012,0.7760721882387883,True
2016H2-E,E,gbm-50k,20260913,2022H1,21,24889,291,gini,0.5000310141718003,0.44791765186602395,0.5521443764775766,True
2016H2-E,E,gbm-50k,20260913,2022H1,21,24889,291,ks,0.380423742997014,,,True
2016H2-E,E,gbm-50k,20260913,2022H1,21,24889,291,brier,0.01150118086466937,,,True
2016H2-E,E,gbm-50k,20260913,2022H1,21,24889,291,brier_miscalibration,9.288757475964422e-05,,,True
2016H2-E,E,gbm-50k,20260913,2022H1,21,24889,291,brier_discrimination,0.00014691799145568306,,,True
2016H2-E,E,gbm-50k,20260913,2022H1,21,24889,291,brier_uncertainty,0.01155521128136541,,,True
2016H2-E,E,gbm-50k,20260913,2022H1,21,24889,291,observed_over_expected,0.9758845884744738,0.8675196421707132,1.0939158244752478,True
2016H2-E,E,gbm-50k,20260913,2022H1,21,24889,291,log_oe,-0.02441094907492836,-0.14211712514573965,0.08976375814670674,True
2016H2-E,E,gbm-50k,20260913,2022H1,21,24889,291,cox_intercept,-1.0124134861299712,-1.433532939503207,-0.5912940327567353,True
2016H2-E,E,gbm-50k,20260913,2022H1,21,24889,291,cox_slope,0.7471507774782821,0.6474137521857832,0.8468878027707809,True
2016H2-E,E,gbm-50k,20260913,2022H1,21,24889,291,psi,0.11112337543738761,,,True
2016H2-E,E,gbm-50k,20260913,2022H1,21,24889,291,psi_critical,0.0010181568675578935,,,True
2016H2-E,E,gbm-50k,20260913,2022H2,23,24859,373,auc,0.7562453480557582,0.7326490263340807,0.7798416697774356,True
2016H2-E,E,gbm-50k,20260913,2022H2,23,24859,373,gini,0.5124906961115163,0.4652980526681614,0.5596833395548713,True
2016H2-E,E,gbm-50k,20260913,2022H2,23,24859,373,ks,0.40989149788279733,,,True
2016H2-E,E,gbm-50k,20260913,2022H2,23,24859,373,brier,0.014560394325992517,,,True
2016H2-E,E,gbm-50k,20260913,2022H2,23,24859,373,brier_miscalibration,6.345091869209424e-05,,,True
2016H2-E,E,gbm-50k,20260913,2022H2,23,24859,373,brier_discrimination,0.000282543879718343,,,True
2016H2-E,E,gbm-50k,20260913,2022H2,23,24859,373,brier_uncertainty,0.014779487287018766,,,True
2016H2-E,E,gbm-50k,20260913,2022H2,23,24859,373,observed_over_expected,1.3012405806568996,1.17337153824291,1.439074739468472,True
2016H2-E,E,gbm-50k,20260913,2022H2,23,24859,373,log_oe,0.26331810223258056,0.1598812614142782,0.3640003650335227,True
2016H2-E,E,gbm-50k,20260913,2022H2,23,24859,373,cox_intercept,-0.490723811858905,-0.8752835280841496,-0.10616409563366042,True
2016H2-E,E,gbm-50k,20260913,2022H2,23,24859,373,cox_slope,0.8061720877093513,0.7148517704430515,0.8974924049756512,True
2016H2-E,E,gbm-50k,20260913,2022H2,23,24859,373,psi,0.14420660703319607,,,True
2016H2-E,E,gbm-50k,20260913,2022H2,23,24859,373,psi_critical,0.001018977227164634,,,True
2016H2-E,E,gbm-50k,20260913,2023H1,25,24882,381,auc,0.748230266673994,0.7257371173411087,0.7707234160068792,True
2016H2-E,E,gbm-50k,20260913,2023H1,25,24882,381,gini,0.4964605333479879,0.45147423468221737,0.5414468320137584,True
2016H2-E,E,gbm-50k,20260913,2023H1,25,24882,381,ks,0.37722387676929137,,,True
2016H2-E,E,gbm-50k,20260913,2023H1,25,24882,381,brier,0.014908222527067687,,,True
2016H2-E,E,gbm-50k,20260913,2023H1,25,24882,381,brier_miscalibration,7.972813672206536e-05,,,True
2016H2-E,E,gbm-50k,20260913,2023H1,25,24882,381,brier_discrimination,0.0002493138096198496,,,True
2016H2-E,E,gbm-50k,20260913,2023H1,25,24882,381,brier_uncertainty,0.015077808199965471,,,True
2016H2-E,E,gbm-50k,20260913,2023H1,25,24882,381,observed_over_expected,1.3556298969489469,1.2238051392687341,1.497610054746116,True
2016H2-E,E,gbm-50k,20260913,2023H1,25,24882,381,log_oe,0.3042662149107415,0.2019649714726335,0.40387054062497985,True
2016H2-E,E,gbm-50k,20260913,2023H1,25,24882,381,cox_intercept,-0.636372021878192,-1.016319836401879,-0.2564242073545049,True
2016H2-E,E,gbm-50k,20260913,2023H1,25,24882,381,cox_slope,0.7607457021571368,0.6720231932054354,0.8494682111088382,True
2016H2-E,E,gbm-50k,20260913,2023H1,25,24882,381,psi,0.12180417602761279,,,True
2016H2-E,E,gbm-50k,20260913,2023H1,25,24882,381,psi_critical,0.0010183481078604518,,,True
2016H2-E,E,gbm-50k,20260913,2023H2,27,24866,363,auc,0.7783158952032523,0.756944842968599,0.7996869474379056,True
2016H2-E,E,gbm-50k,20260913,2023H2,27,24866,363,gini,0.5566317904065046,0.513889685937198,0.5993738948758112,True
2016H2-E,E,gbm-50k,20260913,2023H2,27,24866,363,ks,0.4273714052442446,,,True
2016H2-E,E,gbm-50k,20260913,2023H2,27,24866,363,brier,0.01415933255842731,,,True
2016H2-E,E,gbm-50k,20260913,2023H2,27,24866,363,brier_miscalibration,0.00011046725235624826,,,True
2016H2-E,E,gbm-50k,20260913,2023H2,27,24866,363,brier_discrimination,0.0003362724918679668,,,True
2016H2-E,E,gbm-50k,20260913,2023H2,27,24866,363,brier_uncertainty,0.014385137797939028,,,True
2016H2-E,E,gbm-50k,20260913,2023H2,27,24866,363,observed_over_expected,1.3571155874386955,1.2219537342113516,1.5029681743385588,True
2016H2-E,E,gbm-50k,20260913,2023H2,27,24866,363,log_oe,0.3053615558830811,0.20045099932182717,0.4074419357885378,True
2016H2-E,E,gbm-50k,20260913,2023H2,27,24866,363,cox_intercept,-0.3267952090616089,-0.700897343191527,0.047306925068309136,True
2016H2-E,E,gbm-50k,20260913,2023H2,27,24866,363,cox_slope,0.8367239681694094,0.748184969830994,0.9252629665078248,True
2016H2-E,E,gbm-50k,20260913,2023H2,27,24866,363,psi,0.09458398626587035,,,True
2016H2-E,E,gbm-50k,20260913,2023H2,27,24866,363,psi_critical,0.0010187856328701956,,,True
2016H2-E,E,tabicl,20260911,2017H1,1,24541,162,auc,0.7969890601048566,0.7687922036837816,0.8251859165259315,True
2016H2-E,E,tabicl,20260911,2017H1,1,24541,162,gini,0.5939781202097132,0.5375844073675633,0.6503718330518631,True
2016H2-E,E,tabicl,20260911,2017H1,1,24541,162,ks,0.45143538331664723,,,True
2016H2-E,E,tabicl,20260911,2017H1,1,24541,162,brier,0.006542024818699573,,,True
2016H2-E,E,tabicl,20260911,2017H1,1,24541,162,brier_miscalibration,6.031302086506856e-05,,,True
2016H2-E,E,tabicl,20260911,2017H1,1,24541,162,brier_discrimination,7.591038238549241e-05,,,True
2016H2-E,E,tabicl,20260911,2017H1,1,24541,162,brier_uncertainty,0.006557622180219997,,,True
2016H2-E,E,tabicl,20260911,2017H1,1,24541,162,observed_over_expected,0.7473207532273205,0.6369697144186155,0.8711938741322588,True
2016H2-E,E,tabicl,20260911,2017H1,1,24541,162,log_oe,-0.29126079748633493,-0.4510331686240356,-0.13789073891673623,True
2016H2-E,E,tabicl,20260911,2017H1,1,24541,162,cox_intercept,-1.0666019412069985,-1.6253154455324743,-0.5078884368815226,True
2016H2-E,E,tabicl,20260911,2017H1,1,24541,162,cox_slope,0.8089202573909465,0.6792768076607809,0.9385637071211121,True
2016H2-E,E,tabicl,20260911,2017H1,1,24541,162,psi,0.047739661282312426,,,True
2016H2-E,E,tabicl,20260911,2017H1,1,24541,162,psi_critical,0.001027796348662249,,,True
2016H2-E,E,tabicl,20260911,2017H2,3,24680,143,auc,0.8214823852432362,0.7916050157700608,0.8513597547164117,True
2016H2-E,E,tabicl,20260911,2017H2,3,24680,143,gini,0.6429647704864725,0.5832100315401216,0.7027195094328234,True
2016H2-E,E,tabicl,20260911,2017H2,3,24680,143,ks,0.5160039455185561,,,True
2016H2-E,E,tabicl,20260911,2017H2,3,24680,143,brier,0.005714880588433447,,,True
2016H2-E,E,tabicl,20260911,2017H2,3,24680,143,brier_miscalibration,0.00010975174729203115,,,True
2016H2-E,E,tabicl,20260911,2017H2,3,24680,143,brier_discrimination,0.0001554641231943021,,,True
2016H2-E,E,tabicl,20260911,2017H2,3,24680,143,brier_uncertainty,0.005760592964335718,,,True
2016H2-E,E,tabicl,20260911,2017H2,3,24680,143,observed_over_expected,0.6556372069260124,0.5528250791553092,0.7719324987208732,True
2016H2-E,E,tabicl,20260911,2017H2,3,24680,143,log_oe,-0.42214768124263385,-0.5927136400553826,-0.2588581696702492,True
2016H2-E,E,tabicl,20260911,2017H2,3,24680,143,cox_intercept,-0.6653246572836597,-1.2804994937977725,-0.05014982076954699,True
2016H2-E,E,tabicl,20260911,2017H2,3,24680,143,cox_slope,0.9409608768520825,0.7918123812808235,1.0901093724233415,True
2016H2-E,E,tabicl,20260911,2017H2,3,24680,143,psi,0.048602376863840606,,,True
2016H2-E,E,tabicl,20260911,2017H2,3,24680,143,psi_critical,0.0010239134906912925,,,True
2016H2-E,E,tabicl,20260911,2018H1,5,24416,148,auc,0.7755511094579003,0.7397255123943703,0.8113767065214302,True
2016H2-E,E,tabicl,20260911,2018H1,5,24416,148,gini,0.5511022189158006,0.4794510247887407,0.6227534130428605,True
2016H2-E,E,tabicl,20260911,2018H1,5,24416,148,ks,0.4292038453485627,,,True
2016H2-E,E,tabicl,20260911,2018H1,5,24416,148,brier,0.006007868697618133,,,True
2016H2-E,E,tabicl,20260911,2018H1,5,24416,148,brier_miscalibration,8.956043739820861e-05,,,True
2016H2-E,E,tabicl,20260911,2018H1,5,24416,148,brier_discrimination,0.00010654770943837027,,,True
2016H2-E,E,tabicl,20260911,2018H1,5,24416,148,brier_uncertainty,0.006024855969658295,,,True
2016H2-E,E,tabicl,20260911,2018H1,5,24416,148,observed_over_expected,0.696179788651954,0.5888034151721855,0.8173756240762899,True
2016H2-E,E,tabicl,20260911,2018H1,5,24416,148,log_oe,-0.3621473349771471,-0.529662911359792,-0.20165652958817012,True
2016H2-E,E,tabicl,20260911,2018H1,5,24416,148,cox_intercept,-1.3519315431835663,-1.9480538337473443,-0.7558092526197884,True
2016H2-E,E,tabicl,20260911,2018H1,5,24416,148,cox_slope,0.7599664284547016,0.6247113452656157,0.8952215116437876,True
2016H2-E,E,tabicl,20260911,2018H1,5,24416,148,psi,0.05666944129513043,,,True
2016H2-E,E,tabicl,20260911,2018H1,5,24416,148,psi_critical,0.0010313258825568766,,,True
2016H2-E,E,tabicl,20260911,2018H2,7,24543,146,auc,0.7837137229425806,0.7479407733634145,0.8194866725217467,True
2016H2-E,E,tabicl,20260911,2018H2,7,24543,146,gini,0.5674274458851611,0.49588154672682894,0.6389733450434933,True
2016H2-E,E,tabicl,20260911,2018H2,7,24543,146,ks,0.4362775346845363,,,True
2016H2-E,E,tabicl,20260911,2018H2,7,24543,146,brier,0.005904111405628562,,,True
2016H2-E,E,tabicl,20260911,2018H2,7,24543,146,brier_miscalibration,5.707179733469101e-05,,,True
2016H2-E,E,tabicl,20260911,2018H2,7,24543,146,brier_discrimination,6.631587060937014e-05,,,True
2016H2-E,E,tabicl,20260911,2018H2,7,24543,146,brier_uncertainty,0.005913355478903241,,,True
2016H2-E,E,tabicl,20260911,2018H2,7,24543,146,observed_over_expected,0.6629035261130106,0.5599864593527583,0.7791652069571972,True
2016H2-E,E,tabicl,20260911,2018H2,7,24543,146,log_oe,-0.4111258105258116,-0.5798426752724939,-0.24953217991307763,True
2016H2-E,E,tabicl,20260911,2018H2,7,24543,146,cox_intercept,-1.2752719883942611,-1.881099722780632,-0.6694442540078903,True
2016H2-E,E,tabicl,20260911,2018H2,7,24543,146,cox_slope,0.7889767745226323,0.6493615883868997,0.9285919606583648,True
2016H2-E,E,tabicl,20260911,2018H2,7,24543,146,psi,0.06900321244813216,,,True
2016H2-E,E,tabicl,20260911,2018H2,7,24543,146,psi_critical,0.0010277401683422742,,,True
2016H2-E,E,tabicl,20260911,2019H1,9,24752,110,auc,0.7211746759044056,0.6727363928274457,0.7696129589813656,True
2016H2-E,E,tabicl,20260911,2019H1,9,24752,110,gini,0.4423493518088113,0.34547278565489137,0.5392259179627312,True
2016H2-E,E,tabicl,20260911,2019H1,9,24752,110,ks,0.34746736908899073,,,True
2016H2-E,E,tabicl,20260911,2019H1,9,24752,110,brier,0.0044866896498913225,,,True
2016H2-E,E,tabicl,20260911,2019H1,9,24752,110,brier_miscalibration,0.00010595986056072,,,True
2016H2-E,E,tabicl,20260911,2019H1,9,24752,110,brier_discrimination,4.3605642719000796e-05,,,True
2016H2-E,E,tabicl,20260911,2019H1,9,24752,110,brier_uncertainty,0.004424335432049603,,,True
2016H2-E,E,tabicl,20260911,2019H1,9,24752,110,observed_over_expected,0.51367840545349,0.4223399665979413,0.6188387787893048,True
2016H2-E,E,tabicl,20260911,2019H1,9,24752,110,log_oe,-0.6661578796642792,-0.8619446812221225,-0.479910494520029,True
2016H2-E,E,tabicl,20260911,2019H1,9,24752,110,cox_intercept,-2.3969236558200917,-3.0901804310919303,-1.703666880548253,True
2016H2-E,E,tabicl,20260911,2019H1,9,24752,110,cox_slope,0.5939397638207091,0.4460445808486287,0.7418349467927896,True
2016H2-E,E,tabicl,20260911,2019H1,9,24752,110,psi,0.08651636570777878,,,True
2016H2-E,E,tabicl,20260911,2019H1,9,24752,110,psi_critical,0.0010219193712836033,,,True
2016H2-E,E,tabicl,20260911,2019H2,11,24861,136,auc,0.6923245405341105,0.6495496425587045,0.7350994385095165,True
2016H2-E,E,tabicl,20260911,2019H2,11,24861,136,gini,0.38464908106822104,0.299099285117409,0.47019887701903307,True
2016H2-E,E,tabicl,20260911,2019H2,11,24861,136,ks,0.3119247011241302,,,True
2016H2-E,E,tabicl,20260911,2019H2,11,24861,136,brier,0.0054906043214453205,,,True
2016H2-E,E,tabicl,20260911,2019H2,11,24861,136,brier_miscalibration,7.557798795897533e-05,,,True
2016H2-E,E,tabicl,20260911,2019H2,11,24861,136,brier_discrimination,2.5463730895931326e-05,,,True
2016H2-E,E,tabicl,20260911,2019H2,11,24861,136,brier_uncertainty,0.0054404900643822765,,,True
2016H2-E,E,tabicl,20260911,2019H2,11,24861,136,observed_over_expected,0.6952158163111533,0.5835339767810246,0.8219506932369929,True
2016H2-E,E,tabicl,20260911,2019H2,11,24861,136,log_oe,-0.3635329545544881,-0.5386525996773921,-0.19607486962166534,True
2016H2-E,E,tabicl,20260911,2019H2,11,24861,136,cox_intercept,-2.672018029655931,-3.2846684236295984,-2.0593676356822637,True
2016H2-E,E,tabicl,20260911,2019H2,11,24861,136,cox_slope,0.47613531049689356,0.3535877354270789,0.5986828855667082,True
2016H2-E,E,tabicl,20260911,2019H2,11,24861,136,psi,0.04916650986029625,,,True
2016H2-E,E,tabicl,20260911,2019H2,11,24861,136,psi_critical,0.0010189224749281936,,,True
2016H2-E,E,tabicl,20260911,2020H1,13,24880,111,auc,0.6603910220527766,0.6090994534612444,0.7116825906443087,True
2016H2-E,E,tabicl,20260911,2020H1,13,24880,111,gini,0.3207820441055531,0.21819890692248878,0.42336518128861744,True
2016H2-E,E,tabicl,20260911,2020H1,13,24880,111,ks,0.267613651036478,,,True
2016H2-E,E,tabicl,20260911,2020H1,13,24880,111,brier,0.004516160978126648,,,True
2016H2-E,E,tabicl,20260911,2020H1,13,24880,111,brier_miscalibration,8.47149279026441e-05,,,True
2016H2-E,E,tabicl,20260911,2020H1,13,24880,111,brier_discrimination,1.0064518835456102e-05,,,True
2016H2-E,E,tabicl,20260911,2020H1,13,24880,111,brier_uncertainty,0.00444151056905946,,,True
2016H2-E,E,tabicl,20260911,2020H1,13,24880,111,observed_over_expected,0.6831976892629231,0.56223887561235,0.8223710798383769,True
2016H2-E,E,tabicl,20260911,2020H1,13,24880,111,log_oe,-0.38097101873989725,-0.5758284738211507,-0.1955635504657354,True
2016H2-E,E,tabicl,20260911,2020H1,13,24880,111,cox_intercept,-3.3879282747232735,-4.0635396233905805,-2.7123169260559665,True
2016H2-E,E,tabicl,20260911,2020H1,13,24880,111,cox_slope,0.3550137763026924,0.23148817631393426,0.4785393762914505,True
2016H2-E,E,tabicl,20260911,2020H1,13,24880,111,psi,0.03469837694999502,,,True
2016H2-E,E,tabicl,20260911,2020H1,13,24880,111,psi_critical,0.0010184027677122018,,,True
2016H2-E,E,tabicl,20260911,2020H2,15,24919,71,auc,0.6853177176387365,0.622066556207131,0.748568879070342,False
2016H2-E,E,tabicl,20260911,2020H2,15,24919,71,gini,0.370635435277473,0.24413311241426205,0.49713775814068395,False
2016H2-E,E,tabicl,20260911,2020H2,15,24919,71,ks,0.33381551381696484,,,False
2016H2-E,E,tabicl,20260911,2020H2,15,24919,71,brier,0.0029020338283036705,,,False
2016H2-E,E,tabicl,20260911,2020H2,15,24919,71,brier_miscalibration,7.4542631292369e-05,,,False
2016H2-E,E,tabicl,20260911,2020H2,15,24919,71,brier_discrimination,1.3622192883293565e-05,,,False
2016H2-E,E,tabicl,20260911,2020H2,15,24919,71,brier_uncertainty,0.002841113389894595,,,False
2016H2-E,E,tabicl,20260911,2020H2,15,24919,71,observed_over_expected,0.5168345097301538,0.403769981361414,0.6516735656840893,False
2016H2-E,E,tabicl,20260911,2020H2,15,24919,71,log_oe,-0.6600325529495078,-0.906909916229798,-0.42821150855931683,False
2016H2-E,E,tabicl,20260911,2020H2,15,24919,71,cox_intercept,-3.4336650234817214,-4.279344097732561,-2.587985949230882,False
2016H2-E,E,tabicl,20260911,2020H2,15,24919,71,cox_slope,0.41641203096126733,0.2630399210547929,0.5697841408677418,False
2016H2-E,E,tabicl,20260911,2020H2,15,24919,71,psi,0.059885135923358514,,,False
2016H2-E,E,tabicl,20260911,2020H2,15,24919,71,psi_critical,0.0010173384832140608,,,False
2016H2-E,E,tabicl,20260911,2021H1,17,24909,90,auc,0.7516398726781901,0.7023711055572146,0.8009086397991656,False
2016H2-E,E,tabicl,20260911,2021H1,17,24909,90,gini,0.5032797453563802,0.4047422111144292,0.6018172795983312,False
2016H2-E,E,tabicl,20260911,2021H1,17,24909,90,ks,0.4011966638462468,,,False
2016H2-E,E,tabicl,20260911,2021H1,17,24909,90,brier,0.003634282263016131,,,False
2016H2-E,E,tabicl,20260911,2021H1,17,24909,90,brier_miscalibration,5.6054479736895e-05,,,False
2016H2-E,E,tabicl,20260911,2021H1,17,24909,90,brier_discrimination,2.1869223081776457e-05,,,False
2016H2-E,E,tabicl,20260911,2021H1,17,24909,90,brier_uncertainty,0.0036000970063610124,,,False
2016H2-E,E,tabicl,20260911,2021H1,17,24909,90,observed_over_expected,0.5733699421256767,0.4612112225004715,0.7044770449098046,False
2016H2-E,E,tabicl,20260911,2021H1,17,24909,90,log_oe,-0.55622414733645,-0.7738991576212018,-0.3502995316947611,False
2016H2-E,E,tabicl,20260911,2021H1,17,24909,90,cox_intercept,-2.2020891575071735,-2.964887092048861,-1.439291222965486,False
2016H2-E,E,tabicl,20260911,2021H1,17,24909,90,cox_slope,0.6318760596233562,0.47667414849370326,0.7870779707530092,False
2016H2-E,E,tabicl,20260911,2021H1,17,24909,90,psi,0.03580431012794918,,,False
2016H2-E,E,tabicl,20260911,2021H1,17,24909,90,psi_critical,0.001017611058962233,,,False
2016H2-E,E,tabicl,20260911,2021H2,19,24929,136,auc,0.7681941771989722,0.7298186310529049,0.8065697233450395,True
2016H2-E,E,tabicl,20260911,2021H2,19,24929,136,gini,0.5363883543979444,0.4596372621058098,0.613139446690079,True
2016H2-E,E,tabicl,20260911,2021H2,19,24929,136,ks,0.4064845153162301,,,True
2016H2-E,E,tabicl,20260911,2021H2,19,24929,136,brier,0.005409928331304955,,,True
2016H2-E,E,tabicl,20260911,2021H2,19,24929,136,brier_miscalibration,4.549512174868101e-05,,,True
2016H2-E,E,tabicl,20260911,2021H2,19,24929,136,brier_discrimination,6.129798183332133e-05,,,True
2016H2-E,E,tabicl,20260911,2021H2,19,24929,136,brier_uncertainty,0.005425731191389596,,,True
2016H2-E,E,tabicl,20260911,2021H2,19,24929,136,observed_over_expected,0.716378040257403,0.6012959375897587,0.8469718589127829,True
2016H2-E,E,tabicl,20260911,2021H2,19,24929,136,log_oe,-0.33354726217242125,-0.5086680570050728,-0.16608780930613123,True
2016H2-E,E,tabicl,20260911,2021H2,19,24929,136,cox_intercept,-1.5185767874934737,-2.150344235314936,-0.8868093396720113,True
2016H2-E,E,tabicl,20260911,2021H2,19,24929,136,cox_slope,0.7216743402425537,0.5838552310892173,0.8594934493958901,True
2016H2-E,E,tabicl,20260911,2021H2,19,24929,136,psi,0.03167395583742422,,,True
2016H2-E,E,tabicl,20260911,2021H2,19,24929,136,psi_critical,0.0010170661261475434,,,True
2016H2-E,E,tabicl,20260911,2022H1,21,24889,291,auc,0.7777033391086751,0.7540484970534723,0.8013581811638778,True
2016H2-E,E,tabicl,20260911,2022H1,21,24889,291,gini,0.5554066782173501,0.5080969941069446,0.6027163623277556,True
2016H2-E,E,tabicl,20260911,2022H1,21,24889,291,ks,0.4365399751718982,,,True
2016H2-E,E,tabicl,20260911,2022H1,21,24889,291,brier,0.011415081563713125,,,True
2016H2-E,E,tabicl,20260911,2022H1,21,24889,291,brier_miscalibration,3.585476248883952e-05,,,True
2016H2-E,E,tabicl,20260911,2022H1,21,24889,291,brier_discrimination,0.0001759844801411236,,,True
2016H2-E,E,tabicl,20260911,2022H1,21,24889,291,brier_uncertainty,0.01155521128136541,,,True
2016H2-E,E,tabicl,20260911,2022H1,21,24889,291,observed_over_expected,1.3331107432620561,1.185078408479122,1.4943477487558126,True
2016H2-E,E,tabicl,20260911,2022H1,21,24889,291,log_oe,0.28751511596186385,0.16980893989105242,0.40168982318349894,True
2016H2-E,E,tabicl,20260911,2022H1,21,24889,291,cox_intercept,-0.5659430694858459,-1.0192250140355017,-0.11266112493619007,True
2016H2-E,E,tabicl,20260911,2022H1,21,24889,291,cox_slope,0.7915278114591541,0.6885805455587032,0.894475077359605,True
2016H2-E,E,tabicl,20260911,2022H1,21,24889,291,psi,0.10019866380291569,,,True
2016H2-E,E,tabicl,20260911,2022H1,21,24889,291,psi_critical,0.0010181568675578935,,,True
2016H2-E,E,tabicl,20260911,2022H2,23,24859,373,auc,0.7866854594812509,0.7645578372181447,0.8088130817443571,True
2016H2-E,E,tabicl,20260911,2022H2,23,24859,373,gini,0.5733709189625018,0.5291156744362895,0.6176261634887141,True
2016H2-E,E,tabicl,20260911,2022H2,23,24859,373,ks,0.4359994297775672,,,True
2016H2-E,E,tabicl,20260911,2022H2,23,24859,373,brier,0.014519511293759436,,,True
2016H2-E,E,tabicl,20260911,2022H2,23,24859,373,brier_miscalibration,0.00014466525848813756,,,True
2016H2-E,E,tabicl,20260911,2022H2,23,24859,373,brier_discrimination,0.00040464125174746735,,,True
2016H2-E,E,tabicl,20260911,2022H2,23,24859,373,brier_uncertainty,0.014779487287018766,,,True
2016H2-E,E,tabicl,20260911,2022H2,23,24859,373,observed_over_expected,1.7769283106697993,1.6023148495610533,1.9651497837858602,True
2016H2-E,E,tabicl,20260911,2022H2,23,24859,373,log_oe,0.5748862054604618,0.47144936464215936,0.6755684682614039,True
2016H2-E,E,tabicl,20260911,2022H2,23,24859,373,cox_intercept,0.03837984788360409,-0.37828952311615016,0.45504921888335836,True
2016H2-E,E,tabicl,20260911,2022H2,23,24859,373,cox_slope,0.8663953115027178,0.7710537912202255,0.96173683178521,True
2016H2-E,E,tabicl,20260911,2022H2,23,24859,373,psi,0.11827535189514599,,,True
2016H2-E,E,tabicl,20260911,2022H2,23,24859,373,psi_critical,0.001018977227164634,,,True
2016H2-E,E,tabicl,20260911,2023H1,25,24882,381,auc,0.7938592361273809,0.773637071749622,0.8140814005051397,True
2016H2-E,E,tabicl,20260911,2023H1,25,24882,381,gini,0.5877184722547617,0.5472741434992441,0.6281628010102793,True
2016H2-E,E,tabicl,20260911,2023H1,25,24882,381,ks,0.45186521392184864,,,True
2016H2-E,E,tabicl,20260911,2023H1,25,24882,381,brier,0.014845636916132762,,,True
2016H2-E,E,tabicl,20260911,2023H1,25,24882,381,brier_miscalibration,0.00013105933616932956,,,True
2016H2-E,E,tabicl,20260911,2023H1,25,24882,381,brier_discrimination,0.0003632306200020384,,,True
2016H2-E,E,tabicl,20260911,2023H1,25,24882,381,brier_uncertainty,0.015077808199965471,,,True
2016H2-E,E,tabicl,20260911,2023H1,25,24882,381,observed_over_expected,1.827416349210898,1.6497139261839602,2.018808455718756,True
2016H2-E,E,tabicl,20260911,2023H1,25,24882,381,log_oe,0.602903138248555,0.5006018948104469,0.7025074639627932,True
2016H2-E,E,tabicl,20260911,2023H1,25,24882,381,cox_intercept,0.003691584904366592,-0.3945621041295496,0.40194527393828283,True
2016H2-E,E,tabicl,20260911,2023H1,25,24882,381,cox_slope,0.8501258346259064,0.7591341216347698,0.941117547617043,True
2016H2-E,E,tabicl,20260911,2023H1,25,24882,381,psi,0.08956376547599508,,,True
2016H2-E,E,tabicl,20260911,2023H1,25,24882,381,psi_critical,0.0010183481078604518,,,True
2016H2-E,E,tabicl,20260911,2023H2,27,24866,363,auc,0.8157797397946099,0.7969136631656956,0.8346458164235243,True
2016H2-E,E,tabicl,20260911,2023H2,27,24866,363,gini,0.6315594795892199,0.5938273263313911,0.6692916328470486,True
2016H2-E,E,tabicl,20260911,2023H2,27,24866,363,ks,0.4893855129225195,,,True
2016H2-E,E,tabicl,20260911,2023H2,27,24866,363,brier,0.014104570244888339,,,True
2016H2-E,E,tabicl,20260911,2023H2,27,24866,363,brier_miscalibration,0.00016346803893727002,,,True
2016H2-E,E,tabicl,20260911,2023H2,27,24866,363,brier_discrimination,0.00044403559198795926,,,True
2016H2-E,E,tabicl,20260911,2023H2,27,24866,363,brier_uncertainty,0.014385137797939028,,,True
2016H2-E,E,tabicl,20260911,2023H2,27,24866,363,observed_over_expected,1.87655384803111,1.6896585694502455,2.0782317564757316,True
2016H2-E,E,tabicl,20260911,2023H2,27,24866,363,log_oe,0.6294370351743471,0.5245264786130932,0.7315174150798038,True
2016H2-E,E,tabicl,20260911,2023H2,27,24866,363,cox_intercept,0.32841549697074335,-0.07759188849979431,0.7344228824412811,True
2016H2-E,E,tabicl,20260911,2023H2,27,24866,363,cox_slope,0.9217124993622566,0.8280721967743745,1.0153528019501388,True
2016H2-E,E,tabicl,20260911,2023H2,27,24866,363,psi,0.06525596458217506,,,True
2016H2-E,E,tabicl,20260911,2023H2,27,24866,363,psi_critical,0.0010187856328701956,,,True
2016H2-E,E,tabicl,20260912,2017H1,1,24541,162,auc,0.7996366788052255,0.7729767008846904,0.8262966567257606,True
2016H2-E,E,tabicl,20260912,2017H1,1,24541,162,gini,0.599273357610451,0.5459534017693808,0.6525933134515212,True
2016H2-E,E,tabicl,20260912,2017H1,1,24541,162,ks,0.46936849616068077,,,True
2016H2-E,E,tabicl,20260912,2017H1,1,24541,162,brier,0.006556044326740254,,,True
2016H2-E,E,tabicl,20260912,2017H1,1,24541,162,brier_miscalibration,8.085960733649877e-05,,,True
2016H2-E,E,tabicl,20260912,2017H1,1,24541,162,brier_discrimination,8.243746081624138e-05,,,True
2016H2-E,E,tabicl,20260912,2017H1,1,24541,162,brier_uncertainty,0.006557622180219997,,,True
2016H2-E,E,tabicl,20260912,2017H1,1,24541,162,observed_over_expected,0.6926696434907491,0.5903885086763264,0.8074839988057425,True
2016H2-E,E,tabicl,20260912,2017H1,1,24541,162,log_oe,-0.36720209837170087,-0.5269744695094015,-0.21383203980210214,True
2016H2-E,E,tabicl,20260912,2017H1,1,24541,162,cox_intercept,-1.1146084977449908,-1.6593810460182357,-0.569835949471746,True
2016H2-E,E,tabicl,20260912,2017H1,1,24541,162,cox_slope,0.8124287714707258,0.6835634395014414,0.9412941034400102,True
2016H2-E,E,tabicl,20260912,2017H1,1,24541,162,psi,0.058099481083770534,,,True
2016H2-E,E,tabicl,20260912,2017H1,1,24541,162,psi_critical,0.001027796348662249,,,True
2016H2-E,E,tabicl,20260912,2017H2,3,24680,143,auc,0.8187488226001491,0.7886471024576708,0.8488505427426275,True
2016H2-E,E,tabicl,20260912,2017H2,3,24680,143,gini,0.6374976452002983,0.5772942049153416,0.697701085485255,True
2016H2-E,E,tabicl,20260912,2017H2,3,24680,143,ks,0.5159469458283494,,,True
2016H2-E,E,tabicl,20260912,2017H2,3,24680,143,brier,0.005748049529468965,,,True
2016H2-E,E,tabicl,20260912,2017H2,3,24680,143,brier_miscalibration,0.00011818670850369077,,,True
2016H2-E,E,tabicl,20260912,2017H2,3,24680,143,brier_discrimination,0.0001307301433704439,,,True
2016H2-E,E,tabicl,20260912,2017H2,3,24680,143,brier_uncertainty,0.005760592964335718,,,True
2016H2-E,E,tabicl,20260912,2017H2,3,24680,143,observed_over_expected,0.5976513174964928,0.5039321036268739,0.7036612169128342,True
2016H2-E,E,tabicl,20260912,2017H2,3,24680,143,log_oe,-0.5147477761989475,-0.6853137350116965,-0.35145826462656304,True
2016H2-E,E,tabicl,20260912,2017H2,3,24680,143,cox_intercept,-0.8739621466189783,-1.4619670848507962,-0.28595720838716043,True
2016H2-E,E,tabicl,20260912,2017H2,3,24680,143,cox_slope,0.9102306627466903,0.7655682910149672,1.0548930344784133,True
2016H2-E,E,tabicl,20260912,2017H2,3,24680,143,psi,0.05875537202221286,,,True
2016H2-E,E,tabicl,20260912,2017H2,3,24680,143,psi_critical,0.0010239134906912925,,,True
2016H2-E,E,tabicl,20260912,2018H1,5,24416,148,auc,0.7682646539319936,0.732521398425743,0.8040079094382442,True
2016H2-E,E,tabicl,20260912,2018H1,5,24416,148,gini,0.5365293078639872,0.4650427968514861,0.6080158188764884,True
2016H2-E,E,tabicl,20260912,2018H1,5,24416,148,ks,0.4158896823310866,,,True
2016H2-E,E,tabicl,20260912,2018H1,5,24416,148,brier,0.00604987799573994,,,True
2016H2-E,E,tabicl,20260912,2018H1,5,24416,148,brier_miscalibration,0.00012188815902637509,,,True
2016H2-E,E,tabicl,20260912,2018H1,5,24416,148,brier_discrimination,9.686613294473002e-05,,,True
2016H2-E,E,tabicl,20260912,2018H1,5,24416,148,brier_uncertainty,0.006024855969658295,,,True
2016H2-E,E,tabicl,20260912,2018H1,5,24416,148,observed_over_expected,0.628359369090382,0.5314433836010478,0.7377485526389007,True
2016H2-E,E,tabicl,20260912,2018H1,5,24416,148,log_oe,-0.4646430324084773,-0.6321586087911223,-0.3041522270195004,True
2016H2-E,E,tabicl,20260912,2018H1,5,24416,148,cox_intercept,-1.5796473360301695,-2.150410693029466,-1.0088839790308728,True
2016H2-E,E,tabicl,20260912,2018H1,5,24416,148,cox_slope,0.7240100161135927,0.5932018384860898,0.8548181937410957,True
2016H2-E,E,tabicl,20260912,2018H1,5,24416,148,psi,0.07539058512514873,,,True
2016H2-E,E,tabicl,20260912,2018H1,5,24416,148,psi_critical,0.0010313258825568766,,,True
2016H2-E,E,tabicl,20260912,2018H2,7,24543,146,auc,0.768196291818947,0.7322128543714069,0.8041797292664871,True
2016H2-E,E,tabicl,20260912,2018H2,7,24543,146,gini,0.536392583637894,0.46442570874281386,0.6083594585329741,True
2016H2-E,E,tabicl,20260912,2018H2,7,24543,146,ks,0.41945646809258497,,,True
2016H2-E,E,tabicl,20260912,2018H2,7,24543,146,brier,0.005957589926174862,,,True
2016H2-E,E,tabicl,20260912,2018H2,7,24543,146,brier_miscalibration,0.00010739480878573047,,,True
2016H2-E,E,tabicl,20260912,2018H2,7,24543,146,brier_discrimination,6.316036151410992e-05,,,True
2016H2-E,E,tabicl,20260912,2018H2,7,24543,146,brier_uncertainty,0.005913355478903241,,,True
2016H2-E,E,tabicl,20260912,2018H2,7,24543,146,observed_over_expected,0.5901158461139033,0.49849920879278314,0.6936118413219535,True
2016H2-E,E,tabicl,20260912,2018H2,7,24543,146,log_oe,-0.5274364120107828,-0.6961532767574652,-0.36584278139804893,True
2016H2-E,E,tabicl,20260912,2018H2,7,24543,146,cox_intercept,-1.636614479409533,-2.210661936147294,-1.062567022671772,True
2016H2-E,E,tabicl,20260912,2018H2,7,24543,146,cox_slope,0.7233284608015562,0.5905412047903125,0.8561157168128,True
2016H2-E,E,tabicl,20260912,2018H2,7,24543,146,psi,0.09170313549717703,,,True
2016H2-E,E,tabicl,20260912,2018H2,7,24543,146,psi_critical,0.0010277401683422742,,,True
2016H2-E,E,tabicl,20260912,2019H1,9,24752,110,auc,0.7073639979045384,0.659062242288712,0.7556657535203648,True
2016H2-E,E,tabicl,20260912,2019H1,9,24752,110,gini,0.4147279958090768,0.31812448457742404,0.5113315070407296,True
2016H2-E,E,tabicl,20260912,2019H1,9,24752,110,ks,0.33549224900576247,,,True
2016H2-E,E,tabicl,20260912,2019H1,9,24752,110,brier,0.004550898457122039,,,True
2016H2-E,E,tabicl,20260912,2019H1,9,24752,110,brier_miscalibration,0.0001450904149933735,,,True
2016H2-E,E,tabicl,20260912,2019H1,9,24752,110,brier_discrimination,1.8527389920937505e-05,,,True
2016H2-E,E,tabicl,20260912,2019H1,9,24752,110,brier_uncertainty,0.004424335432049603,,,True
2016H2-E,E,tabicl,20260912,2019H1,9,24752,110,observed_over_expected,0.462487821590124,0.3802517081672673,0.5571684456252117,True
2016H2-E,E,tabicl,20260912,2019H1,9,24752,110,log_oe,-0.7711350540733716,-0.9669218556312146,-0.5848876689291211,True
2016H2-E,E,tabicl,20260912,2019H1,9,24752,110,cox_intercept,-2.7171993631535005,-3.3846595531376327,-2.0497391731693684,True
2016H2-E,E,tabicl,20260912,2019H1,9,24752,110,cox_slope,0.5358190823592041,0.39356386565349655,0.6780742990649116,True
2016H2-E,E,tabicl,20260912,2019H1,9,24752,110,psi,0.10944724322994984,,,True
2016H2-E,E,tabicl,20260912,2019H1,9,24752,110,psi_critical,0.0010219193712836033,,,True
2016H2-E,E,tabicl,20260912,2019H2,11,24861,136,auc,0.6833917206923213,0.6397916833341593,0.7269917580504834,True
2016H2-E,E,tabicl,20260912,2019H2,11,24861,136,gini,0.3667834413846427,0.2795833666683185,0.4539835161009669,True
2016H2-E,E,tabicl,20260912,2019H2,11,24861,136,ks,0.2713905906144055,,,True
2016H2-E,E,tabicl,20260912,2019H2,11,24861,136,brier,0.005519405726236542,,,True
2016H2-E,E,tabicl,20260912,2019H2,11,24861,136,brier_miscalibration,0.00010453735687900121,,,True
2016H2-E,E,tabicl,20260912,2019H2,11,24861,136,brier_discrimination,2.5621695024735658e-05,,,True
2016H2-E,E,tabicl,20260912,2019H2,11,24861,136,brier_uncertainty,0.0054404900643822765,,,True
2016H2-E,E,tabicl,20260912,2019H2,11,24861,136,observed_over_expected,0.6412855733270528,0.5382672719407046,0.7581891970696196,True
2016H2-E,E,tabicl,20260912,2019H2,11,24861,136,log_oe,-0.4442804090618757,-0.6194000541847798,-0.27682232412905305,True
2016H2-E,E,tabicl,20260912,2019H2,11,24861,136,cox_intercept,-2.809967951075191,-3.4042186842952296,-2.2157172178551523,True
2016H2-E,E,tabicl,20260912,2019H2,11,24861,136,cox_slope,0.45421153544967785,0.33482561884899026,0.5735974520503655,True
2016H2-E,E,tabicl,20260912,2019H2,11,24861,136,psi,0.050705013635142314,,,True
2016H2-E,E,tabicl,20260912,2019H2,11,24861,136,psi_critical,0.0010189224749281936,,,True
2016H2-E,E,tabicl,20260912,2020H1,13,24880,111,auc,0.6631580306536906,0.6130715610065024,0.7132445003008788,True
2016H2-E,E,tabicl,20260912,2020H1,13,24880,111,gini,0.3263160613073812,0.2261431220130048,0.42648900060175765,True
2016H2-E,E,tabicl,20260912,2020H1,13,24880,111,ks,0.26027739556747587,,,True
2016H2-E,E,tabicl,20260912,2020H1,13,24880,111,brier,0.004533993627485839,,,True
2016H2-E,E,tabicl,20260912,2020H1,13,24880,111,brier_miscalibration,0.00010218870493333004,,,True
2016H2-E,E,tabicl,20260912,2020H1,13,24880,111,brier_discrimination,9.705646506950882e-06,,,True
2016H2-E,E,tabicl,20260912,2020H1,13,24880,111,brier_uncertainty,0.00444151056905946,,,True
2016H2-E,E,tabicl,20260912,2020H1,13,24880,111,observed_over_expected,0.6502204943885646,0.5351002285437219,0.7826761397279601,True
2016H2-E,E,tabicl,20260912,2020H1,13,24880,111,log_oe,-0.43044375147902164,-0.6253012065602751,-0.24503628320485976,True
2016H2-E,E,tabicl,20260912,2020H1,13,24880,111,cox_intercept,-3.335553668425384,-3.9984829039734326,-2.672624432877335,True
2016H2-E,E,tabicl,20260912,2020H1,13,24880,111,cox_slope,0.3673331196849688,0.24490709902309984,0.48975914034683776,True
2016H2-E,E,tabicl,20260912,2020H1,13,24880,111,psi,0.029073727230769692,,,True
2016H2-E,E,tabicl,20260912,2020H1,13,24880,111,psi_critical,0.0010184027677122018,,,True
2016H2-E,E,tabicl,20260912,2020H2,15,24919,71,auc,0.6779124116884178,0.6145759890498568,0.7412488343269787,False
2016H2-E,E,tabicl,20260912,2020H2,15,24919,71,gini,0.3558248233768355,0.22915197809971355,0.4824976686539575,False
2016H2-E,E,tabicl,20260912,2020H2,15,24919,71,ks,0.3239198552551627,,,False
2016H2-E,E,tabicl,20260912,2020H2,15,24919,71,brier,0.002928666107241429,,,False
2016H2-E,E,tabicl,20260912,2020H2,15,24919,71,brier_miscalibration,9.375567586995771e-05,,,False
2016H2-E,E,tabicl,20260912,2020H2,15,24919,71,brier_discrimination,6.202958523123577e-06,,,False
2016H2-E,E,tabicl,20260912,2020H2,15,24919,71,brier_uncertainty,0.002841113389894595,,,False
2016H2-E,E,tabicl,20260912,2020H2,15,24919,71,observed_over_expected,0.4920009258601763,0.38436907931725073,0.6203610471804147,False
2016H2-E,E,tabicl,20260912,2020H2,15,24919,71,log_oe,-0.709274680661973,-0.9561520439422628,-0.47745363627178167,False
2016H2-E,E,tabicl,20260912,2020H2,15,24919,71,cox_intercept,-3.538936038296623,-4.369583796402041,-2.7082882801912054,False
2016H2-E,E,tabicl,20260912,2020H2,15,24919,71,cox_slope,0.39907973739690533,0.24896864923417825,0.5491908255596324,False
2016H2-E,E,tabicl,20260912,2020H2,15,24919,71,psi,0.05528876613128417,,,False
2016H2-E,E,tabicl,20260912,2020H2,15,24919,71,psi_critical,0.0010173384832140608,,,False
2016H2-E,E,tabicl,20260912,2021H1,17,24909,90,auc,0.7410845633497636,0.6915961798409118,0.7905729468586153,False
2016H2-E,E,tabicl,20260912,2021H1,17,24909,90,gini,0.48216912669952716,0.38319235968182364,0.5811458937172307,False
2016H2-E,E,tabicl,20260912,2021H1,17,24909,90,ks,0.38766133473011266,,,False
2016H2-E,E,tabicl,20260912,2021H1,17,24909,90,brier,0.0036514266014808358,,,False
2016H2-E,E,tabicl,20260912,2021H1,17,24909,90,brier_miscalibration,6.98203489726888e-05,,,False
2016H2-E,E,tabicl,20260912,2021H1,17,24909,90,brier_discrimination,1.849075385286546e-05,,,False
2016H2-E,E,tabicl,20260912,2021H1,17,24909,90,brier_uncertainty,0.0036000970063610124,,,False
2016H2-E,E,tabicl,20260912,2021H1,17,24909,90,observed_over_expected,0.5535037162842894,0.4452310923373728,0.6800681963706469,False
2016H2-E,E,tabicl,20260912,2021H1,17,24909,90,log_oe,-0.5914868127018943,-0.8091618229866459,-0.38556219706020517,False
2016H2-E,E,tabicl,20260912,2021H1,17,24909,90,cox_intercept,-2.394347295288596,-3.1324930720822457,-1.6562015184949463,False
2016H2-E,E,tabicl,20260912,2021H1,17,24909,90,cox_slope,0.5948562663737442,0.44614373731274265,0.7435687954347459,False
2016H2-E,E,tabicl,20260912,2021H1,17,24909,90,psi,0.034418727338534245,,,False
2016H2-E,E,tabicl,20260912,2021H1,17,24909,90,psi_critical,0.001017611058962233,,,False
2016H2-E,E,tabicl,20260912,2021H2,19,24929,136,auc,0.75677165755989,0.717349297419567,0.7961940177002129,True
2016H2-E,E,tabicl,20260912,2021H2,19,24929,136,gini,0.5135433151197799,0.434698594839134,0.5923880354004258,True
2016H2-E,E,tabicl,20260912,2021H2,19,24929,136,ks,0.408834265364275,,,True
2016H2-E,E,tabicl,20260912,2021H2,19,24929,136,brier,0.005439210116115352,,,True
2016H2-E,E,tabicl,20260912,2021H2,19,24929,136,brier_miscalibration,5.956337643303264e-05,,,True
2016H2-E,E,tabicl,20260912,2021H2,19,24929,136,brier_discrimination,4.608445170727667e-05,,,True
2016H2-E,E,tabicl,20260912,2021H2,19,24929,136,brier_uncertainty,0.005425731191389596,,,True
2016H2-E,E,tabicl,20260912,2021H2,19,24929,136,observed_over_expected,0.6810767041304243,0.5716655625478103,0.8052351827427136,True
2016H2-E,E,tabicl,20260912,2021H2,19,24929,136,log_oe,-0.3840803446226673,-0.5592011394553189,-0.21662089175637736,True
2016H2-E,E,tabicl,20260912,2021H2,19,24929,136,cox_intercept,-1.7612167509457815,-2.36747417710228,-1.1549593247892829,True
2016H2-E,E,tabicl,20260912,2021H2,19,24929,136,cox_slope,0.6743287540834916,0.543136563806187,0.8055209443607961,True
2016H2-E,E,tabicl,20260912,2021H2,19,24929,136,psi,0.03827736282558943,,,True
2016H2-E,E,tabicl,20260912,2021H2,19,24929,136,psi_critical,0.0010170661261475434,,,True
2016H2-E,E,tabicl,20260912,2022H1,21,24889,291,auc,0.767527617281767,0.7422949403688575,0.7927602941946765,True
2016H2-E,E,tabicl,20260912,2022H1,21,24889,291,gini,0.535055234563534,0.4845898807377149,0.5855205883893531,True
2016H2-E,E,tabicl,20260912,2022H1,21,24889,291,ks,0.4207330856111287,,,True
2016H2-E,E,tabicl,20260912,2022H1,21,24889,291,brier,0.011418050344313228,,,True
2016H2-E,E,tabicl,20260912,2022H1,21,24889,291,brier_miscalibration,3.743158624585491e-05,,,True
2016H2-E,E,tabicl,20260912,2022H1,21,24889,291,brier_discrimination,0.0001745925232980363,,,True
2016H2-E,E,tabicl,20260912,2022H1,21,24889,291,brier_uncertainty,0.01155521128136541,,,True
2016H2-E,E,tabicl,20260912,2022H1,21,24889,291,observed_over_expected,1.2559500216364192,1.1164858285727766,1.4078545963778648,True
2016H2-E,E,tabicl,20260912,2022H1,21,24889,291,log_oe,0.22789227556354757,0.11018609949273632,0.34206698278518277,True
2016H2-E,E,tabicl,20260912,2022H1,21,24889,291,cox_intercept,-0.7601390604804925,-1.199288173211254,-0.3209899477497311,True
2016H2-E,E,tabicl,20260912,2022H1,21,24889,291,cox_slope,0.7569005753334613,0.6570452013579369,0.8567559493089858,True
2016H2-E,E,tabicl,20260912,2022H1,21,24889,291,psi,0.1335218728592568,,,True
2016H2-E,E,tabicl,20260912,2022H1,21,24889,291,psi_critical,0.0010181568675578935,,,True
2016H2-E,E,tabicl,20260912,2022H2,23,24859,373,auc,0.7825576425025058,0.759871899832238,0.8052433851727736,True
2016H2-E,E,tabicl,20260912,2022H2,23,24859,373,gini,0.5651152850050116,0.519743799664476,0.6104867703455472,True
2016H2-E,E,tabicl,20260912,2022H2,23,24859,373,ks,0.45037367744636697,,,True
2016H2-E,E,tabicl,20260912,2022H2,23,24859,373,brier,0.014511956626953298,,,True
2016H2-E,E,tabicl,20260912,2022H2,23,24859,373,brier_miscalibration,9.992890061213955e-05,,,True
2016H2-E,E,tabicl,20260912,2022H2,23,24859,373,brier_discrimination,0.0003674595606776073,,,True
2016H2-E,E,tabicl,20260912,2022H2,23,24859,373,brier_uncertainty,0.014779487287018766,,,True
2016H2-E,E,tabicl,20260912,2022H2,23,24859,373,observed_over_expected,1.5982395243196514,1.4411852788858244,1.7675333533691557,True
2016H2-E,E,tabicl,20260912,2022H2,23,24859,373,log_oe,0.46890272617405004,0.36546588535574753,0.5695849889749922,True
2016H2-E,E,tabicl,20260912,2022H2,23,24859,373,cox_intercept,-0.11168627570759732,-0.518634993075705,0.2952624416605104,True
2016H2-E,E,tabicl,20260912,2022H2,23,24859,373,cox_slope,0.8533404047954765,0.7585021706448346,0.9481786389461183,True
2016H2-E,E,tabicl,20260912,2022H2,23,24859,373,psi,0.1694407145460576,,,True
2016H2-E,E,tabicl,20260912,2022H2,23,24859,373,psi_critical,0.001018977227164634,,,True
2016H2-E,E,tabicl,20260912,2023H1,25,24882,381,auc,0.7893877275993129,0.7691549961904857,0.8096204590081401,True
2016H2-E,E,tabicl,20260912,2023H1,25,24882,381,gini,0.5787754551986257,0.5383099923809713,0.6192409180162801,True
2016H2-E,E,tabicl,20260912,2023H1,25,24882,381,ks,0.4308257384320165,,,True
2016H2-E,E,tabicl,20260912,2023H1,25,24882,381,brier,0.014836963571431369,,,True
2016H2-E,E,tabicl,20260912,2023H1,25,24882,381,brier_miscalibration,0.00010687625689781086,,,True
2016H2-E,E,tabicl,20260912,2023H1,25,24882,381,brier_discrimination,0.00034772088543191283,,,True
2016H2-E,E,tabicl,20260912,2023H1,25,24882,381,brier_uncertainty,0.015077808199965471,,,True
2016H2-E,E,tabicl,20260912,2023H1,25,24882,381,observed_over_expected,1.6499342288539862,1.4894906001051016,1.8227379732202564,True
2016H2-E,E,tabicl,20260912,2023H1,25,24882,381,log_oe,0.500735425817392,0.39843418237928396,0.6003397515316302,True
2016H2-E,E,tabicl,20260912,2023H1,25,24882,381,cox_intercept,-0.1222187055405589,-0.5114751052051104,0.26703769412399264,True
2016H2-E,E,tabicl,20260912,2023H1,25,24882,381,cox_slope,0.8418074003670706,0.7512654985597604,0.9323493021743807,True
2016H2-E,E,tabicl,20260912,2023H1,25,24882,381,psi,0.13833154304672104,,,True
2016H2-E,E,tabicl,20260912,2023H1,25,24882,381,psi_critical,0.0010183481078604518,,,True
2016H2-E,E,tabicl,20260912,2023H2,27,24866,363,auc,0.8178380698647233,0.7986606606183114,0.8370154791111352,True
2016H2-E,E,tabicl,20260912,2023H2,27,24866,363,gini,0.6356761397294466,0.5973213212366228,0.6740309582222703,True
2016H2-E,E,tabicl,20260912,2023H2,27,24866,363,ks,0.4940799400624357,,,True
2016H2-E,E,tabicl,20260912,2023H2,27,24866,363,brier,0.014079095657236987,,,True
2016H2-E,E,tabicl,20260912,2023H2,27,24866,363,brier_miscalibration,0.00013650860455924167,,,True
2016H2-E,E,tabicl,20260912,2023H2,27,24866,363,brier_discrimination,0.00044255074526128313,,,True
2016H2-E,E,tabicl,20260912,2023H2,27,24866,363,brier_uncertainty,0.014385137797939028,,,True
2016H2-E,E,tabicl,20260912,2023H2,27,24866,363,observed_over_expected,1.7218765564834013,1.5503863543538594,1.906930911771821,True
2016H2-E,E,tabicl,20260912,2023H2,27,24866,363,log_oe,0.5434147173055366,0.4385041607442827,0.6454950972109934,True
2016H2-E,E,tabicl,20260912,2023H2,27,24866,363,cox_intercept,0.363238507018086,-0.040605828322118676,0.7670828423582907,True
2016H2-E,E,tabicl,20260912,2023H2,27,24866,363,cox_slope,0.9505856956434576,0.8551831553414272,1.045988235945488,True
2016H2-E,E,tabicl,20260912,2023H2,27,24866,363,psi,0.09990631948732417,,,True
2016H2-E,E,tabicl,20260912,2023H2,27,24866,363,psi_critical,0.0010187856328701956,,,True
2016H2-E,E,tabicl,20260913,2017H1,1,24541,162,auc,0.805744698305919,0.778111841380514,0.833377555231324,True
2016H2-E,E,tabicl,20260913,2017H1,1,24541,162,gini,0.611489396611838,0.5562236827610281,0.6667551104626479,True
2016H2-E,E,tabicl,20260913,2017H1,1,24541,162,ks,0.4624674444054512,,,True
2016H2-E,E,tabicl,20260913,2017H1,1,24541,162,brier,0.006510038598542847,,,True
2016H2-E,E,tabicl,20260913,2017H1,1,24541,162,brier_miscalibration,3.56136731074503e-05,,,True
2016H2-E,E,tabicl,20260913,2017H1,1,24541,162,brier_discrimination,8.31972547845998e-05,,,True
2016H2-E,E,tabicl,20260913,2017H1,1,24541,162,brier_uncertainty,0.006557622180219997,,,True
2016H2-E,E,tabicl,20260913,2017H1,1,24541,162,observed_over_expected,0.8001386189775157,0.6819883770448212,0.9327666337372812,True
2016H2-E,E,tabicl,20260913,2017H1,1,24541,162,log_oe,-0.2229702926024726,-0.3827426637401732,-0.06960023403287392,True
2016H2-E,E,tabicl,20260913,2017H1,1,24541,162,cox_intercept,-0.47612211059339987,-1.0900215150049688,0.1377772938181691,True
2016H2-E,E,tabicl,20260913,2017H1,1,24541,162,cox_slope,0.9398581506850877,0.7969131104147195,1.082803190955456,True
2016H2-E,E,tabicl,20260913,2017H1,1,24541,162,psi,0.07398065449545847,,,True
2016H2-E,E,tabicl,20260913,2017H1,1,24541,162,psi_critical,0.001027796348662249,,,True
2016H2-E,E,tabicl,20260913,2017H2,3,24680,143,auc,0.8250213535089437,0.7946508043855663,0.855391902632321,True
2016H2-E,E,tabicl,20260913,2017H2,3,24680,143,gini,0.6500427070178874,0.5893016087711327,0.710783805264642,True
2016H2-E,E,tabicl,20260913,2017H2,3,24680,143,ks,0.5055881071286377,,,True
2016H2-E,E,tabicl,20260913,2017H2,3,24680,143,brier,0.005681637907817311,,,True
2016H2-E,E,tabicl,20260913,2017H2,3,24680,143,brier_miscalibration,6.000608848269473e-05,,,True
2016H2-E,E,tabicl,20260913,2017H2,3,24680,143,brier_discrimination,0.00013896114500110222,,,True
2016H2-E,E,tabicl,20260913,2017H2,3,24680,143,brier_uncertainty,0.005760592964335718,,,True
2016H2-E,E,tabicl,20260913,2017H2,3,24680,143,observed_over_expected,0.7039154653369202,0.5935327018245982,0.8287742341430511,True
2016H2-E,E,tabicl,20260913,2017H2,3,24680,143,log_oe,-0.35109700768041263,-0.5216629664931612,-0.18780749610802802,True
2016H2-E,E,tabicl,20260913,2017H2,3,24680,143,cox_intercept,0.004847068223117279,-0.6738989551724475,0.6835930916186821,True
2016H2-E,E,tabicl,20260913,2017H2,3,24680,143,cox_slope,1.0896342585958596,0.9254932509643736,1.2537752662273456,True
2016H2-E,E,tabicl,20260913,2017H2,3,24680,143,psi,0.07554760035636204,,,True
2016H2-E,E,tabicl,20260913,2017H2,3,24680,143,psi_critical,0.0010239134906912925,,,True
2016H2-E,E,tabicl,20260913,2018H1,5,24416,148,auc,0.7870390994257814,0.7529810529136358,0.821097145937927,True
2016H2-E,E,tabicl,20260913,2018H1,5,24416,148,gini,0.5740781988515629,0.5059621058272716,0.6421942918758541,True
2016H2-E,E,tabicl,20260913,2018H1,5,24416,148,ks,0.43637823582606833,,,True
2016H2-E,E,tabicl,20260913,2018H1,5,24416,148,brier,0.005987085894487026,,,True
2016H2-E,E,tabicl,20260913,2018H1,5,24416,148,brier_miscalibration,4.096260637719701e-05,,,True
2016H2-E,E,tabicl,20260913,2018H1,5,24416,148,brier_discrimination,7.873268154846586e-05,,,True
2016H2-E,E,tabicl,20260913,2018H1,5,24416,148,brier_uncertainty,0.006024855969658295,,,True
2016H2-E,E,tabicl,20260913,2018H1,5,24416,148,observed_over_expected,0.7435212814866118,0.6288431191606788,0.872958654323922,True
2016H2-E,E,tabicl,20260913,2018H1,5,24416,148,log_oe,-0.29635789010675107,-0.46387346648939604,-0.1358670847177742,True
2016H2-E,E,tabicl,20260913,2018H1,5,24416,148,cox_intercept,-0.6942844098431031,-1.3578208727224588,-0.030747946963747497,True
2016H2-E,E,tabicl,20260913,2018H1,5,24416,148,cox_slope,0.9063193228026163,0.7542727288072125,1.05836591679802,True
2016H2-E,E,tabicl,20260913,2018H1,5,24416,148,psi,0.09128958850201267,,,True
2016H2-E,E,tabicl,20260913,2018H1,5,24416,148,psi_critical,0.0010313258825568766,,,True
2016H2-E,E,tabicl,20260913,2018H2,7,24543,146,auc,0.7854936408642204,0.7492955030914652,0.8216917786369755,True
2016H2-E,E,tabicl,20260913,2018H2,7,24543,146,gini,0.5709872817284407,0.4985910061829304,0.643383557273951,True
2016H2-E,E,tabicl,20260913,2018H2,7,24543,146,ks,0.4559846511557395,,,True
2016H2-E,E,tabicl,20260913,2018H2,7,24543,146,brier,0.005876017689508338,,,True
2016H2-E,E,tabicl,20260913,2018H2,7,24543,146,brier_miscalibration,3.796122674455671e-05,,,True
2016H2-E,E,tabicl,20260913,2018H2,7,24543,146,brier_discrimination,7.529901613945959e-05,,,True
2016H2-E,E,tabicl,20260913,2018H2,7,24543,146,brier_uncertainty,0.005913355478903241,,,True
2016H2-E,E,tabicl,20260913,2018H2,7,24543,146,observed_over_expected,0.7065124615524884,0.5968250224180164,0.8304223867252998,True
2016H2-E,E,tabicl,20260913,2018H2,7,24543,146,log_oe,-0.3474144385807134,-0.5161313033273958,-0.18582080796797948,True
2016H2-E,E,tabicl,20260913,2018H2,7,24543,146,cox_intercept,-0.7161131359404079,-1.3927846365195196,-0.03944163536129619,True
2016H2-E,E,tabicl,20260913,2018H2,7,24543,146,cox_slope,0.9130991215390881,0.7569784300945591,1.0692198129836172,True
2016H2-E,E,tabicl,20260913,2018H2,7,24543,146,psi,0.10787977341212733,,,True
2016H2-E,E,tabicl,20260913,2018H2,7,24543,146,psi_critical,0.0010277401683422742,,,True
2016H2-E,E,tabicl,20260913,2019H1,9,24752,110,auc,0.7226212084320193,0.6739751980769996,0.771267218787039,True
2016H2-E,E,tabicl,20260913,2019H1,9,24752,110,gini,0.44524241686403854,0.34795039615399914,0.5425344375740779,True
2016H2-E,E,tabicl,20260913,2019H1,9,24752,110,ks,0.34365790852277345,,,True
2016H2-E,E,tabicl,20260913,2019H1,9,24752,110,brier,0.0044464842770399245,,,True
2016H2-E,E,tabicl,20260913,2019H1,9,24752,110,brier_miscalibration,8.690803861559956e-05,,,True
2016H2-E,E,tabicl,20260913,2019H1,9,24752,110,brier_discrimination,6.475919362527831e-05,,,True
2016H2-E,E,tabicl,20260913,2019H1,9,24752,110,brier_uncertainty,0.004424335432049603,,,True
2016H2-E,E,tabicl,20260913,2019H1,9,24752,110,observed_over_expected,0.5515007423575439,0.45343701941372405,0.6644041140889249,True
2016H2-E,E,tabicl,20260913,2019H1,9,24752,110,log_oe,-0.5951120942195967,-0.7908988957774399,-0.4088647090753463,True
2016H2-E,E,tabicl,20260913,2019H1,9,24752,110,cox_intercept,-1.9127727006631525,-2.691660893759367,-1.133884507566938,True
2016H2-E,E,tabicl,20260913,2019H1,9,24752,110,cox_slope,0.6984150678119365,0.5307251767200845,0.8661049589037886,True
2016H2-E,E,tabicl,20260913,2019H1,9,24752,110,psi,0.12546220540554434,,,True
2016H2-E,E,tabicl,20260913,2019H1,9,24752,110,psi_critical,0.0010219193712836033,,,True
2016H2-E,E,tabicl,20260913,2019H2,11,24861,136,auc,0.6984022779991673,0.6560075601008597,0.7407969958974749,True
2016H2-E,E,tabicl,20260913,2019H2,11,24861,136,gini,0.39680455599833464,0.3120151202017194,0.4815939917949499,True
2016H2-E,E,tabicl,20260913,2019H2,11,24861,136,ks,0.29492119193481237,,,True
2016H2-E,E,tabicl,20260913,2019H2,11,24861,136,brier,0.005457380799278675,,,True
2016H2-E,E,tabicl,20260913,2019H2,11,24861,136,brier_miscalibration,4.012400066032932e-05,,,True
2016H2-E,E,tabicl,20260913,2019H2,11,24861,136,brier_discrimination,2.3233265763930935e-05,,,True
2016H2-E,E,tabicl,20260913,2019H2,11,24861,136,brier_uncertainty,0.0054404900643822765,,,True
2016H2-E,E,tabicl,20260913,2019H2,11,24861,136,observed_over_expected,0.7731818484940709,0.6489752796773512,0.9141296004168102,True
2016H2-E,E,tabicl,20260913,2019H2,11,24861,136,log_oe,-0.25724100774598657,-0.4323606528688908,-0.08978292281316398,True
2016H2-E,E,tabicl,20260913,2019H2,11,24861,136,cox_intercept,-2.235556486609645,-2.931137309904348,-1.5399756633149417,True
2016H2-E,E,tabicl,20260913,2019H2,11,24861,136,cox_slope,0.5641857001329944,0.4237986399507693,0.7045727603152195,True
2016H2-E,E,tabicl,20260913,2019H2,11,24861,136,psi,0.07817769468543559,,,True
2016H2-E,E,tabicl,20260913,2019H2,11,24861,136,psi_critical,0.0010189224749281936,,,True
2016H2-E,E,tabicl,20260913,2020H1,13,24880,111,auc,0.6609142349180301,0.6097428461600436,0.7120856236760167,True
2016H2-E,E,tabicl,20260913,2020H1,13,24880,111,gini,0.3218284698360603,0.2194856923200872,0.4241712473520334,True
2016H2-E,E,tabicl,20260913,2020H1,13,24880,111,ks,0.275256523429643,,,True
2016H2-E,E,tabicl,20260913,2020H1,13,24880,111,brier,0.004478603718231561,,,True
2016H2-E,E,tabicl,20260913,2020H1,13,24880,111,brier_miscalibration,4.701885455434766e-05,,,True
2016H2-E,E,tabicl,20260913,2020H1,13,24880,111,brier_discrimination,9.925705382246575e-06,,,True
2016H2-E,E,tabicl,20260913,2020H1,13,24880,111,brier_uncertainty,0.00444151056905946,,,True
2016H2-E,E,tabicl,20260913,2020H1,13,24880,111,observed_over_expected,0.7770307832699263,0.6394590039863827,0.935318802080187,True
2016H2-E,E,tabicl,20260913,2020H1,13,24880,111,log_oe,-0.2522753112912529,-0.44713276637250626,-0.06686784301709094,True
2016H2-E,E,tabicl,20260913,2020H1,13,24880,111,cox_intercept,-3.111032400610141,-3.8745568600627456,-2.347507941157536,True
2016H2-E,E,tabicl,20260913,2020H1,13,24880,111,cox_slope,0.4068745980884223,0.26635048373399517,0.5473987124428494,True
2016H2-E,E,tabicl,20260913,2020H1,13,24880,111,psi,0.07302800008995064,,,True
2016H2-E,E,tabicl,20260913,2020H1,13,24880,111,psi_critical,0.0010184027677122018,,,True
2016H2-E,E,tabicl,20260913,2020H2,15,24919,71,auc,0.6909471558909153,0.6266130086134594,0.7552813031683712,False
2016H2-E,E,tabicl,20260913,2020H2,15,24919,71,gini,0.38189431178183053,0.25322601722691873,0.5105626063367423,False
2016H2-E,E,tabicl,20260913,2020H2,15,24919,71,ks,0.32911141996862053,,,False
2016H2-E,E,tabicl,20260913,2020H2,15,24919,71,brier,0.0028729854942905323,,,False
2016H2-E,E,tabicl,20260913,2020H2,15,24919,71,brier_miscalibration,3.958482100735114e-05,,,False
2016H2-E,E,tabicl,20260913,2020H2,15,24919,71,brier_discrimination,7.712716611413869e-06,,,False
2016H2-E,E,tabicl,20260913,2020H2,15,24919,71,brier_uncertainty,0.002841113389894595,,,False
2016H2-E,E,tabicl,20260913,2020H2,15,24919,71,observed_over_expected,0.5845678224065263,0.45668571721497553,0.7370780976114428,False
2016H2-E,E,tabicl,20260913,2020H2,15,24919,71,log_oe,-0.5368824698887529,-0.7837598331690429,-0.30506142549856174,False
2016H2-E,E,tabicl,20260913,2020H2,15,24919,71,cox_intercept,-2.977461227002129,-3.932413226523126,-2.022509227481132,False
2016H2-E,E,tabicl,20260913,2020H2,15,24919,71,cox_slope,0.5015284057839237,0.3259333398891582,0.6771234716786891,False
2016H2-E,E,tabicl,20260913,2020H2,15,24919,71,psi,0.11657421163334776,,,False
2016H2-E,E,tabicl,20260913,2020H2,15,24919,71,psi_critical,0.0010173384832140608,,,False
2016H2-E,E,tabicl,20260913,2021H1,17,24909,90,auc,0.7561988798904066,0.7075277572329642,0.8048700025478489,False
2016H2-E,E,tabicl,20260913,2021H1,17,24909,90,gini,0.5123977597808131,0.4150555144659285,0.6097400050956978,False
2016H2-E,E,tabicl,20260913,2021H1,17,24909,90,ks,0.4194085176679157,,,False
2016H2-E,E,tabicl,20260913,2021H1,17,24909,90,brier,0.0036098789381624136,,,False
2016H2-E,E,tabicl,20260913,2021H1,17,24909,90,brier_miscalibration,3.170483446098167e-05,,,False
2016H2-E,E,tabicl,20260913,2021H1,17,24909,90,brier_discrimination,2.1922902659580502e-05,,,False
2016H2-E,E,tabicl,20260913,2021H1,17,24909,90,brier_uncertainty,0.0036000970063610124,,,False
2016H2-E,E,tabicl,20260913,2021H1,17,24909,90,observed_over_expected,0.6416389904706392,0.5161259449733535,0.7883565333576348,False
2016H2-E,E,tabicl,20260913,2021H1,17,24909,90,log_oe,-0.4437294535926309,-0.6614044638773825,-0.23780483795094196,False
2016H2-E,E,tabicl,20260913,2021H1,17,24909,90,cox_intercept,-1.6754476205125375,-2.5261638473197374,-0.8247313937053373,False
2016H2-E,E,tabicl,20260913,2021H1,17,24909,90,cox_slope,0.7331921734733581,0.560127464886516,0.9062568820602002,False
2016H2-E,E,tabicl,20260913,2021H1,17,24909,90,psi,0.07512907476104894,,,False
2016H2-E,E,tabicl,20260913,2021H1,17,24909,90,psi_critical,0.001017611058962233,,,False
2016H2-E,E,tabicl,20260913,2021H2,19,24929,136,auc,0.7723579176760045,0.7339566001528368,0.8107592351991721,True
2016H2-E,E,tabicl,20260913,2021H2,19,24929,136,gini,0.544715835352009,0.4679132003056736,0.6215184703983443,True
2016H2-E,E,tabicl,20260913,2021H2,19,24929,136,ks,0.41298599462371965,,,True
2016H2-E,E,tabicl,20260913,2021H2,19,24929,136,brier,0.005386885068706573,,,True
2016H2-E,E,tabicl,20260913,2021H2,19,24929,136,brier_miscalibration,6.0671549010299884e-05,,,True
2016H2-E,E,tabicl,20260913,2021H2,19,24929,136,brier_discrimination,9.951767169332285e-05,,,True
2016H2-E,E,tabicl,20260913,2021H2,19,24929,136,brier_uncertainty,0.005425731191389596,,,True
2016H2-E,E,tabicl,20260913,2021H2,19,24929,136,observed_over_expected,0.7776423453401052,0.6527184766617997,0.9194044844888709,True
2016H2-E,E,tabicl,20260913,2021H2,19,24929,136,log_oe,-0.25148857086271004,-0.42660936569536156,-0.08402911799642002,True
2016H2-E,E,tabicl,20260913,2021H2,19,24929,136,cox_intercept,-0.9534704284645928,-1.6523547697523853,-0.2545860871768003,True
2016H2-E,E,tabicl,20260913,2021H2,19,24929,136,cox_slope,0.8395549617922362,0.6867262342303838,0.9923836893540886,True
2016H2-E,E,tabicl,20260913,2021H2,19,24929,136,psi,0.05820043703497961,,,True
2016H2-E,E,tabicl,20260913,2021H2,19,24929,136,psi_critical,0.0010170661261475434,,,True
2016H2-E,E,tabicl,20260913,2022H1,21,24889,291,auc,0.7830060639691043,0.7585563492724489,0.8074557786657598,True
2016H2-E,E,tabicl,20260913,2022H1,21,24889,291,gini,0.5660121279382087,0.5171126985448977,0.6149115573315196,True
2016H2-E,E,tabicl,20260913,2022H1,21,24889,291,ks,0.44278402205750256,,,True
2016H2-E,E,tabicl,20260913,2022H1,21,24889,291,brier,0.011397134033171408,,,True
2016H2-E,E,tabicl,20260913,2022H1,21,24889,291,brier_miscalibration,5.070243863175734e-05,,,True
2016H2-E,E,tabicl,20260913,2022H1,21,24889,291,brier_discrimination,0.00020877968682575868,,,True
2016H2-E,E,tabicl,20260913,2022H1,21,24889,291,brier_uncertainty,0.01155521128136541,,,True
2016H2-E,E,tabicl,20260913,2022H1,21,24889,291,observed_over_expected,1.4120131777935536,1.2552192966328788,1.5827932706371997,True
2016H2-E,E,tabicl,20260913,2022H1,21,24889,291,log_oe,0.3450164717424821,0.2273102956716709,0.4591911789641173,True
2016H2-E,E,tabicl,20260913,2022H1,21,24889,291,cox_intercept,-0.026004234213796332,-0.5215773897371916,0.46956892130959893,True
2016H2-E,E,tabicl,20260913,2022H1,21,24889,291,cox_slope,0.9098940634375746,0.7970134291676726,1.0227746977074768,True
2016H2-E,E,tabicl,20260913,2022H1,21,24889,291,psi,0.1317302479161764,,,True
2016H2-E,E,tabicl,20260913,2022H1,21,24889,291,psi_critical,0.0010181568675578935,,,True
2016H2-E,E,tabicl,20260913,2022H2,23,24859,373,auc,0.7955875207127167,0.7736887631293148,0.8174862782961185,True
2016H2-E,E,tabicl,20260913,2022H2,23,24859,373,gini,0.5911750414254333,0.5473775262586296,0.6349725565922371,True
2016H2-E,E,tabicl,20260913,2022H2,23,24859,373,ks,0.45239047798610754,,,True
2016H2-E,E,tabicl,20260913,2022H2,23,24859,373,brier,0.01453283503062246,,,True
2016H2-E,E,tabicl,20260913,2022H2,23,24859,373,brier_miscalibration,0.0001810803007693696,,,True
2016H2-E,E,tabicl,20260913,2022H2,23,24859,373,brier_discrimination,0.0004277325571656748,,,True
2016H2-E,E,tabicl,20260913,2022H2,23,24859,373,brier_uncertainty,0.014779487287018766,,,True
2016H2-E,E,tabicl,20260913,2022H2,23,24859,373,observed_over_expected,1.8480840995337768,1.6664783706464963,2.0438427632727194,True
2016H2-E,E,tabicl,20260913,2022H2,23,24859,373,log_oe,0.6141494805897397,0.5107126397714373,0.7148317433906819,True
2016H2-E,E,tabicl,20260913,2022H2,23,24859,373,cox_intercept,0.711642775650724,0.25231939387692187,1.170966157424526,True
2016H2-E,E,tabicl,20260913,2022H2,23,24859,373,cox_slope,1.0186611059924575,0.9127564966156724,1.1245657153692428,True
2016H2-E,E,tabicl,20260913,2022H2,23,24859,373,psi,0.18111784712569395,,,True
2016H2-E,E,tabicl,20260913,2022H2,23,24859,373,psi_critical,0.001018977227164634,,,True
2016H2-E,E,tabicl,20260913,2023H1,25,24882,381,auc,0.8004272898604706,0.7803083631615473,0.820546216559394,True
2016H2-E,E,tabicl,20260913,2023H1,25,24882,381,gini,0.6008545797209413,0.5606167263230946,0.6410924331187879,True
2016H2-E,E,tabicl,20260913,2023H1,25,24882,381,ks,0.47334883004936,,,True
2016H2-E,E,tabicl,20260913,2023H1,25,24882,381,brier,0.014857177015625252,,,True
2016H2-E,E,tabicl,20260913,2023H1,25,24882,381,brier_miscalibration,0.0001778825600166397,,,True
2016H2-E,E,tabicl,20260913,2023H1,25,24882,381,brier_discrimination,0.0003985137443568588,,,True
2016H2-E,E,tabicl,20260913,2023H1,25,24882,381,brier_uncertainty,0.015077808199965471,,,True
2016H2-E,E,tabicl,20260913,2023H1,25,24882,381,observed_over_expected,1.9388469434038669,1.7503087376085567,2.1419095902137335,True
2016H2-E,E,tabicl,20260913,2023H1,25,24882,381,log_oe,0.6620934373036934,0.5597921938655854,0.7616977630179317,True
2016H2-E,E,tabicl,20260913,2023H1,25,24882,381,cox_intercept,0.6862161835651949,0.2386087188690808,1.1338236482613089,True
2016H2-E,E,tabicl,20260913,2023H1,25,24882,381,cox_slope,1.0008328718647168,0.8982969979861126,1.103368745743321,True
2016H2-E,E,tabicl,20260913,2023H1,25,24882,381,psi,0.15449566503799844,,,True
2016H2-E,E,tabicl,20260913,2023H1,25,24882,381,psi_critical,0.0010183481078604518,,,True
2016H2-E,E,tabicl,20260913,2023H2,27,24866,363,auc,0.8187785854973175,0.8000925122614636,0.8374646587331714,True
2016H2-E,E,tabicl,20260913,2023H2,27,24866,363,gini,0.637557170994635,0.6001850245229272,0.6749293174663429,True
2016H2-E,E,tabicl,20260913,2023H2,27,24866,363,ks,0.4990374484981824,,,True
2016H2-E,E,tabicl,20260913,2023H2,27,24866,363,brier,0.014112391324146427,,,True
2016H2-E,E,tabicl,20260913,2023H2,27,24866,363,brier_miscalibration,0.0002353941066796858,,,True
2016H2-E,E,tabicl,20260913,2023H2,27,24866,363,brier_discrimination,0.0005081405804722872,,,True
2016H2-E,E,tabicl,20260913,2023H2,27,24866,363,brier_uncertainty,0.014385137797939028,,,True
2016H2-E,E,tabicl,20260913,2023H2,27,24866,363,observed_over_expected,1.9487912750593663,1.7547015138567663,2.15823271941838,True
2016H2-E,E,tabicl,20260913,2023H2,27,24866,363,log_oe,0.6672093214397602,0.5622987648785062,0.7692897013452169,True
2016H2-E,E,tabicl,20260913,2023H2,27,24866,363,cox_intercept,0.951088222537227,0.5027798893361908,1.3993965557382633,True
2016H2-E,E,tabicl,20260913,2023H2,27,24866,363,cox_slope,1.0620173245902127,0.9583891606473901,1.1656454885330352,True
2016H2-E,E,tabicl,20260913,2023H2,27,24866,363,psi,0.12256504028661613,,,True
2016H2-E,E,tabicl,20260913,2023H2,27,24866,363,psi_critical,0.0010187856328701956,,,True
2016H2-E,E,tabicl@t1,20260911,2017H1,1,24541,162,auc,0.7969890601048566,0.7687922036837816,0.8251859165259315,True
2016H2-E,E,tabicl@t1,20260911,2017H1,1,24541,162,gini,0.5939781202097132,0.5375844073675633,0.6503718330518631,True
2016H2-E,E,tabicl@t1,20260911,2017H1,1,24541,162,ks,0.45143538331664723,,,True
2016H2-E,E,tabicl@t1,20260911,2017H1,1,24541,162,brier,0.0066421533918152205,,,True
2016H2-E,E,tabicl@t1,20260911,2017H1,1,24541,162,brier_miscalibration,0.00016044159398071606,,,True
2016H2-E,E,tabicl@t1,20260911,2017H1,1,24541,162,brier_discrimination,7.591038238549241e-05,,,True
2016H2-E,E,tabicl@t1,20260911,2017H1,1,24541,162,brier_uncertainty,0.006557622180219997,,,True
2016H2-E,E,tabicl@t1,20260911,2017H1,1,24541,162,observed_over_expected,0.508872708642191,0.4337314366012898,0.5932215645927809,True
2016H2-E,E,tabicl@t1,20260911,2017H1,1,24541,162,log_oe,-0.6755573749602081,-0.8353297460979089,-0.5221873163906094,True
2016H2-E,E,tabicl@t1,20260911,2017H1,1,24541,162,cox_intercept,-1.0666019412069963,-1.6253154455325411,-0.5078884368814515,True
2016H2-E,E,tabicl@t1,20260911,2017H1,1,24541,162,cox_slope,0.8988002859899411,0.7547520085119603,1.0428485634679219,True
2016H2-E,E,tabicl@t1,20260911,2017H1,1,24541,162,psi,0.047739661282312426,,,True
2016H2-E,E,tabicl@t1,20260911,2017H1,1,24541,162,psi_critical,0.001027796348662249,,,True
2016H2-E,E,tabicl@t1,20260911,2017H2,3,24680,143,auc,0.8214823852432362,0.7916050157700608,0.8513597547164117,True
2016H2-E,E,tabicl@t1,20260911,2017H2,3,24680,143,gini,0.6429647704864725,0.5832100315401216,0.7027195094328234,True
2016H2-E,E,tabicl@t1,20260911,2017H2,3,24680,143,ks,0.5160039455185561,,,True
2016H2-E,E,tabicl@t1,20260911,2017H2,3,24680,143,brier,0.0058187039097990665,,,True
2016H2-E,E,tabicl@t1,20260911,2017H2,3,24680,143,brier_miscalibration,0.00021357506865765045,,,True
2016H2-E,E,tabicl@t1,20260911,2017H2,3,24680,143,brier_discrimination,0.0001554641231943021,,,True
2016H2-E,E,tabicl@t1,20260911,2017H2,3,24680,143,brier_uncertainty,0.005760592964335718,,,True
2016H2-E,E,tabicl@t1,20260911,2017H2,3,24680,143,observed_over_expected,0.44599534819193093,0.37605769023253055,0.5251048901904897,True
2016H2-E,E,tabicl@t1,20260911,2017H2,3,24680,143,log_oe,-0.8074467570794016,-0.9780127158921504,-0.6441572455070171,True
2016H2-E,E,tabicl@t1,20260911,2017H2,3,24680,143,cox_intercept,-0.6653246572836525,-1.2804994937977185,-0.05014982076958663,True
2016H2-E,E,tabicl@t1,20260911,2017H2,3,24680,143,cox_slope,1.0455120853912045,0.879791534756485,1.211232636025924,True
2016H2-E,E,tabicl@t1,20260911,2017H2,3,24680,143,psi,0.048602376863840606,,,True
2016H2-E,E,tabicl@t1,20260911,2017H2,3,24680,143,psi_critical,0.0010239134906912925,,,True
2016H2-E,E,tabicl@t1,20260911,2018H1,5,24416,148,auc,0.7755511094579003,0.7397255123943703,0.8113767065214302,True
2016H2-E,E,tabicl@t1,20260911,2018H1,5,24416,148,gini,0.5511022189158006,0.4794510247887407,0.6227534130428605,True
2016H2-E,E,tabicl@t1,20260911,2018H1,5,24416,148,ks,0.4292038453485627,,,True
2016H2-E,E,tabicl@t1,20260911,2018H1,5,24416,148,brier,0.006111492937323699,,,True
2016H2-E,E,tabicl@t1,20260911,2018H1,5,24416,148,brier_miscalibration,0.00019318467710377485,,,True
2016H2-E,E,tabicl@t1,20260911,2018H1,5,24416,148,brier_discrimination,0.00010654770943837027,,,True
2016H2-E,E,tabicl@t1,20260911,2018H1,5,24416,148,brier_uncertainty,0.006024855969658295,,,True
2016H2-E,E,tabicl@t1,20260911,2018H1,5,24416,148,observed_over_expected,0.47176802261101675,0.3990041472193145,0.5538966918985041,True
2016H2-E,E,tabicl@t1,20260911,2018H1,5,24416,148,log_oe,-0.7512678917302766,-0.9187834681129216,-0.5907770863412998,True
2016H2-E,E,tabicl@t1,20260911,2018H1,5,24416,148,cox_intercept,-1.3519315431835652,-1.9480538337472564,-0.7558092526198742,True
2016H2-E,E,tabicl@t1,20260911,2018H1,5,24416,148,cox_slope,0.8444071427274465,0.6941237169618175,0.9946905684930756,True
2016H2-E,E,tabicl@t1,20260911,2018H1,5,24416,148,psi,0.05666944129513043,,,True
2016H2-E,E,tabicl@t1,20260911,2018H1,5,24416,148,psi_critical,0.0010313258825568766,,,True
2016H2-E,E,tabicl@t1,20260911,2018H2,7,24543,146,auc,0.7837137229425806,0.7479407733634145,0.8194866725217467,True
2016H2-E,E,tabicl@t1,20260911,2018H2,7,24543,146,gini,0.5674274458851611,0.49588154672682894,0.6389733450434933,True
2016H2-E,E,tabicl@t1,20260911,2018H2,7,24543,146,ks,0.4362775346845363,,,True
2016H2-E,E,tabicl@t1,20260911,2018H2,7,24543,146,brier,0.006014284957597134,,,True
2016H2-E,E,tabicl@t1,20260911,2018H2,7,24543,146,brier_miscalibration,0.0001672453493032633,,,True
2016H2-E,E,tabicl@t1,20260911,2018H2,7,24543,146,brier_discrimination,6.631587060937014e-05,,,True
2016H2-E,E,tabicl@t1,20260911,2018H2,7,24543,146,brier_uncertainty,0.005913355478903241,,,True
2016H2-E,E,tabicl@t1,20260911,2018H2,7,24543,146,observed_over_expected,0.45001541749044177,0.3801496452617524,0.5289402486042798,True
2016H2-E,E,tabicl@t1,20260911,2018H2,7,24543,146,log_oe,-0.7984734357147988,-0.967190300461481,-0.6368798051020649,True
2016H2-E,E,tabicl@t1,20260911,2018H2,7,24543,146,cox_intercept,-1.2752719883942631,-1.8810997227806197,-0.6694442540079065,True
2016H2-E,E,tabicl@t1,20260911,2018H2,7,24543,146,cox_slope,0.876640860580702,0.7215128759854474,1.0317688451759566,True
2016H2-E,E,tabicl@t1,20260911,2018H2,7,24543,146,psi,0.06900321244813216,,,True
2016H2-E,E,tabicl@t1,20260911,2018H2,7,24543,146,psi_critical,0.0010277401683422742,,,True
2016H2-E,E,tabicl@t1,20260911,2019H1,9,24752,110,auc,0.7211746759044056,0.6727363928274457,0.7696129589813656,True
2016H2-E,E,tabicl@t1,20260911,2019H1,9,24752,110,gini,0.4423493518088113,0.34547278565489137,0.5392259179627312,True
2016H2-E,E,tabicl@t1,20260911,2019H1,9,24752,110,ks,0.34746736908899073,,,True
2016H2-E,E,tabicl@t1,20260911,2019H1,9,24752,110,brier,0.004622065144215035,,,True
2016H2-E,E,tabicl@t1,20260911,2019H1,9,24752,110,brier_miscalibration,0.00024133535488443224,,,True
2016H2-E,E,tabicl@t1,20260911,2019H1,9,24752,110,brier_discrimination,4.3605642719000796e-05,,,True
2016H2-E,E,tabicl@t1,20260911,2019H1,9,24752,110,brier_uncertainty,0.004424335432049603,,,True
2016H2-E,E,tabicl@t1,20260911,2019H1,9,24752,110,observed_over_expected,0.34651220102159946,0.28489800204087434,0.41745026662448703,True
2016H2-E,E,tabicl@t1,20260911,2019H1,9,24752,110,log_oe,-1.0598372487885652,-1.2556240503464084,-0.8735898636443149,True
2016H2-E,E,tabicl@t1,20260911,2019H1,9,24752,110,cox_intercept,-2.3969236558200877,-3.0901804310920724,-1.703666880548103,True
2016H2-E,E,tabicl@t1,20260911,2019H1,9,24752,110,cox_slope,0.6599330709119,0.49560508983177576,0.8242610519920243,True
2016H2-E,E,tabicl@t1,20260911,2019H1,9,24752,110,psi,0.08651636570777878,,,True
2016H2-E,E,tabicl@t1,20260911,2019H1,9,24752,110,psi_critical,0.0010219193712836033,,,True
2016H2-E,E,tabicl@t1,20260911,2019H2,11,24861,136,auc,0.6923245405341105,0.6495496425587045,0.7350994385095165,True
2016H2-E,E,tabicl@t1,20260911,2019H2,11,24861,136,gini,0.38464908106822104,0.299099285117409,0.47019887701903307,True
2016H2-E,E,tabicl@t1,20260911,2019H2,11,24861,136,ks,0.3119247011241302,,,True
2016H2-E,E,tabicl@t1,20260911,2019H2,11,24861,136,brier,0.005599233765382052,,,True
2016H2-E,E,tabicl@t1,20260911,2019H2,11,24861,136,brier_miscalibration,0.00018420743189570717,,,True
2016H2-E,E,tabicl@t1,20260911,2019H2,11,24861,136,brier_discrimination,2.5463730895931326e-05,,,True
2016H2-E,E,tabicl@t1,20260911,2019H2,11,24861,136,brier_uncertainty,0.0054404900643822765,,,True
2016H2-E,E,tabicl@t1,20260911,2019H2,11,24861,136,observed_over_expected,0.4660721433948139,0.3912007248987964,0.5510351064716889,True
2016H2-E,E,tabicl@t1,20260911,2019H2,11,24861,136,log_oe,-0.7634148426870041,-0.9385344878099083,-0.5959567577541814,True
2016H2-E,E,tabicl@t1,20260911,2019H2,11,24861,136,cox_intercept,-2.672018029655925,-3.284668423629594,-2.0593676356822557,True
2016H2-E,E,tabicl@t1,20260911,2019H2,11,24861,136,cox_slope,0.5290392338854386,0.39287526158564384,0.6652032061852333,True
2016H2-E,E,tabicl@t1,20260911,2019H2,11,24861,136,psi,0.04916650986029625,,,True
2016H2-E,E,tabicl@t1,20260911,2019H2,11,24861,136,psi_critical,0.0010189224749281936,,,True
2016H2-E,E,tabicl@t1,20260911,2020H1,13,24880,111,auc,0.6603910220527766,0.6090994534612444,0.7116825906443087,True
2016H2-E,E,tabicl@t1,20260911,2020H1,13,24880,111,gini,0.3207820441055531,0.21819890692248878,0.42336518128861744,True
2016H2-E,E,tabicl@t1,20260911,2020H1,13,24880,111,ks,0.267613651036478,,,True
2016H2-E,E,tabicl@t1,20260911,2020H1,13,24880,111,brier,0.004613055997836317,,,True
2016H2-E,E,tabicl@t1,20260911,2020H1,13,24880,111,brier_miscalibration,0.00018160994761231251,,,True
2016H2-E,E,tabicl@t1,20260911,2020H1,13,24880,111,brier_discrimination,1.0064518835456102e-05,,,True
2016H2-E,E,tabicl@t1,20260911,2020H1,13,24880,111,brier_uncertainty,0.00444151056905946,,,True
2016H2-E,E,tabicl@t1,20260911,2020H1,13,24880,111,observed_over_expected,0.45233899873048133,0.37225326437538353,0.5444844394019,True
2016H2-E,E,tabicl@t1,20260911,2020H1,13,24880,111,log_oe,-0.7933233830659246,-0.9881808381471779,-0.6079159147917627,True
2016H2-E,E,tabicl@t1,20260911,2020H1,13,24880,111,cox_intercept,-3.387928274723264,-4.063539623390466,-2.712316926056063,True
2016H2-E,E,tabicl@t1,20260911,2020H1,13,24880,111,cox_slope,0.394459751447438,0.2572090847932835,0.5317104181015925,True
2016H2-E,E,tabicl@t1,20260911,2020H1,13,24880,111,psi,0.03469837694999502,,,True
2016H2-E,E,tabicl@t1,20260911,2020H1,13,24880,111,psi_critical,0.0010184027677122018,,,True
2016H2-E,E,tabicl@t1,20260911,2020H2,15,24919,71,auc,0.6853177176387365,0.622066556207131,0.748568879070342,False
2016H2-E,E,tabicl@t1,20260911,2020H2,15,24919,71,gini,0.370635435277473,0.24413311241426205,0.49713775814068395,False
2016H2-E,E,tabicl@t1,20260911,2020H2,15,24919,71,ks,0.33381551381696484,,,False
2016H2-E,E,tabicl@t1,20260911,2020H2,15,24919,71,brier,0.002987742181709891,,,False
2016H2-E,E,tabicl@t1,20260911,2020H2,15,24919,71,brier_miscalibration,0.0001602509846985894,,,False
2016H2-E,E,tabicl@t1,20260911,2020H2,15,24919,71,brier_discrimination,1.3622192883293565e-05,,,False
2016H2-E,E,tabicl@t1,20260911,2020H2,15,24919,71,brier_uncertainty,0.002841113389894595,,,False
2016H2-E,E,tabicl@t1,20260911,2020H2,15,24919,71,observed_over_expected,0.33795221253968705,0.26402060231899577,0.42612193889984723,False
2016H2-E,E,tabicl@t1,20260911,2020H2,15,24919,71,log_oe,-1.0848507765133169,-1.331728139793607,-0.8530297321231256,False
2016H2-E,E,tabicl@t1,20260911,2020H2,15,24919,71,cox_intercept,-3.433665023481721,-4.2793440977324675,-2.587985949230975,False
2016H2-E,E,tabicl@t1,20260911,2020H2,15,24919,71,cox_slope,0.4626800344014082,0.2922665789497891,0.6330934898530274,False
2016H2-E,E,tabicl@t1,20260911,2020H2,15,24919,71,psi,0.059885135923358514,,,False
2016H2-E,E,tabicl@t1,20260911,2020H2,15,24919,71,psi_critical,0.0010173384832140608,,,False
2016H2-E,E,tabicl@t1,20260911,2021H1,17,24909,90,auc,0.7516398726781901,0.7023711055572146,0.8009086397991656,False
2016H2-E,E,tabicl@t1,20260911,2021H1,17,24909,90,gini,0.5032797453563802,0.4047422111144292,0.6018172795983312,False
2016H2-E,E,tabicl@t1,20260911,2021H1,17,24909,90,ks,0.4011966638462468,,,False
2016H2-E,E,tabicl@t1,20260911,2021H1,17,24909,90,brier,0.003719931054756339,,,False
2016H2-E,E,tabicl@t1,20260911,2021H1,17,24909,90,brier_miscalibration,0.00014170327147710292,,,False
2016H2-E,E,tabicl@t1,20260911,2021H1,17,24909,90,brier_discrimination,2.1869223081776457e-05,,,False
2016H2-E,E,tabicl@t1,20260911,2021H1,17,24909,90,brier_uncertainty,0.0036000970063610124,,,False
2016H2-E,E,tabicl@t1,20260911,2021H1,17,24909,90,observed_over_expected,0.37803595830132597,0.30408714107143614,0.4644778793015107,False
2016H2-E,E,tabicl@t1,20260911,2021H1,17,24909,90,log_oe,-0.9727659601056242,-1.1904409703903758,-0.7668413444639353,False
2016H2-E,E,tabicl@t1,20260911,2021H1,17,24909,90,cox_intercept,-2.202089157507167,-2.9648870920489827,-1.439291222965351,False
2016H2-E,E,tabicl@t1,20260911,2021H1,17,24909,90,cox_slope,0.7020845106926193,0.5296379427707534,0.8745310786144853,False
2016H2-E,E,tabicl@t1,20260911,2021H1,17,24909,90,psi,0.03580431012794918,,,False
2016H2-E,E,tabicl@t1,20260911,2021H1,17,24909,90,psi_critical,0.001017611058962233,,,False
2016H2-E,E,tabicl@t1,20260911,2021H2,19,24929,136,auc,0.7681941771989722,0.7298186310529049,0.8065697233450395,True
2016H2-E,E,tabicl@t1,20260911,2021H2,19,24929,136,gini,0.5363883543979444,0.4596372621058098,0.613139446690079,True
2016H2-E,E,tabicl@t1,20260911,2021H2,19,24929,136,ks,0.4064845153162301,,,True
2016H2-E,E,tabicl@t1,20260911,2021H2,19,24929,136,brier,0.005494383760911815,,,True
2016H2-E,E,tabicl@t1,20260911,2021H2,19,24929,136,brier_miscalibration,0.00012995055135554042,,,True
2016H2-E,E,tabicl@t1,20260911,2021H2,19,24929,136,brier_discrimination,6.129798183332133e-05,,,True
2016H2-E,E,tabicl@t1,20260911,2021H2,19,24929,136,brier_uncertainty,0.005425731191389596,,,True
2016H2-E,E,tabicl@t1,20260911,2021H2,19,24929,136,observed_over_expected,0.47928480828989295,0.4022903997303549,0.5666571589493281,True
2016H2-E,E,tabicl@t1,20260911,2021H2,19,24929,136,log_oe,-0.735460268937702,-0.9105810637703536,-0.5680008160714121,True
2016H2-E,E,tabicl@t1,20260911,2021H2,19,24929,136,cox_intercept,-1.5185767874934732,-2.1503442353149516,-0.8868093396719949,True
2016H2-E,E,tabicl@t1,20260911,2021H2,19,24929,136,cox_slope,0.801860378047282,0.6487280345435708,0.9549927215509934,True
2016H2-E,E,tabicl@t1,20260911,2021H2,19,24929,136,psi,0.03167395583742422,,,True
2016H2-E,E,tabicl@t1,20260911,2021H2,19,24929,136,psi_critical,0.0010170661261475434,,,True
2016H2-E,E,tabicl@t1,20260911,2022H1,21,24889,291,auc,0.7777033391086751,0.7540484970534723,0.8013581811638778,True
2016H2-E,E,tabicl@t1,20260911,2022H1,21,24889,291,gini,0.5554066782173501,0.5080969941069446,0.6027163623277556,True
2016H2-E,E,tabicl@t1,20260911,2022H1,21,24889,291,ks,0.4365399751718982,,,True
2016H2-E,E,tabicl@t1,20260911,2022H1,21,24889,291,brier,0.01141995519855535,,,True
2016H2-E,E,tabicl@t1,20260911,2022H1,21,24889,291,brier_miscalibration,4.0728397331064176e-05,,,True
2016H2-E,E,tabicl@t1,20260911,2022H1,21,24889,291,brier_discrimination,0.0001759844801411236,,,True
2016H2-E,E,tabicl@t1,20260911,2022H1,21,24889,291,brier_uncertainty,0.01155521128136541,,,True
2016H2-E,E,tabicl@t1,20260911,2022H1,21,24889,291,observed_over_expected,0.8978750153852351,0.7981724696346068,1.0064711537931583,True
2016H2-E,E,tabicl@t1,20260911,2022H1,21,24889,291,log_oe,-0.10772440145200787,-0.22543057752281928,0.006450305769627129,True
2016H2-E,E,tabicl@t1,20260911,2022H1,21,24889,291,cox_intercept,-0.5659430694858482,-1.0192250140355532,-0.11266112493614316,True
2016H2-E,E,tabicl@t1,20260911,2022H1,21,24889,291,cox_slope,0.8794753460657262,0.7650894950652133,0.9938611970662391,True
2016H2-E,E,tabicl@t1,20260911,2022H1,21,24889,291,psi,0.10019866380291569,,,True
2016H2-E,E,tabicl@t1,20260911,2022H1,21,24889,291,psi_critical,0.0010181568675578935,,,True
2016H2-E,E,tabicl@t1,20260911,2022H2,23,24859,373,auc,0.7866854594812509,0.7645578372181447,0.8088130817443571,True
2016H2-E,E,tabicl@t1,20260911,2022H2,23,24859,373,gini,0.5733709189625018,0.5291156744362895,0.6176261634887141,True
2016H2-E,E,tabicl@t1,20260911,2022H2,23,24859,373,ks,0.4359994297775672,,,True
2016H2-E,E,tabicl@t1,20260911,2022H2,23,24859,373,brier,0.014444354895727795,,,True
2016H2-E,E,tabicl@t1,20260911,2022H2,23,24859,373,brier_miscalibration,6.95088604564971e-05,,,True
2016H2-E,E,tabicl@t1,20260911,2022H2,23,24859,373,brier_discrimination,0.00040464125174746735,,,True
2016H2-E,E,tabicl@t1,20260911,2022H2,23,24859,373,brier_uncertainty,0.014779487287018766,,,True
2016H2-E,E,tabicl@t1,20260911,2022H2,23,24859,373,observed_over_expected,1.1897656181581242,1.0728508888202437,1.3157917701237882,True
2016H2-E,E,tabicl@t1,20260911,2022H2,23,24859,373,log_oe,0.17375632819337428,0.07031948737507182,0.27443859099431633,True
2016H2-E,E,tabicl@t1,20260911,2022H2,23,24859,373,cox_intercept,0.03837984788360045,-0.3782895231161197,0.45504921888332056,True
2016H2-E,E,tabicl@t1,20260911,2022H2,23,24859,373,cox_slope,0.962661457225241,0.8567264346891474,1.0685964797613345,True
2016H2-E,E,tabicl@t1,20260911,2022H2,23,24859,373,psi,0.11827535189514599,,,True
2016H2-E,E,tabicl@t1,20260911,2022H2,23,24859,373,psi_critical,0.001018977227164634,,,True
2016H2-E,E,tabicl@t1,20260911,2023H1,25,24882,381,auc,0.7938592361273809,0.773637071749622,0.8140814005051397,True
2016H2-E,E,tabicl@t1,20260911,2023H1,25,24882,381,gini,0.5877184722547617,0.5472741434992441,0.6281628010102793,True
2016H2-E,E,tabicl@t1,20260911,2023H1,25,24882,381,ks,0.45186521392184864,,,True
2016H2-E,E,tabicl@t1,20260911,2023H1,25,24882,381,brier,0.014771115535344917,,,True
2016H2-E,E,tabicl@t1,20260911,2023H1,25,24882,381,brier_miscalibration,5.6537955381484595e-05,,,True
2016H2-E,E,tabicl@t1,20260911,2023H1,25,24882,381,brier_discrimination,0.0003632306200020384,,,True
2016H2-E,E,tabicl@t1,20260911,2023H1,25,24882,381,brier_uncertainty,0.015077808199965471,,,True
2016H2-E,E,tabicl@t1,20260911,2023H1,25,24882,381,observed_over_expected,1.2279366740658761,1.1085291168338476,1.3565430460123704,True
2016H2-E,E,tabicl@t1,20260911,2023H1,25,24882,381,log_oe,0.20533526004499392,0.10303401660688596,0.30493958575923213,True
2016H2-E,E,tabicl@t1,20260911,2023H1,25,24882,381,cox_intercept,0.0036915849043719813,-0.3945621041295366,0.40194527393828056,True
2016H2-E,E,tabicl@t1,20260911,2023H1,25,24882,381,cox_slope,0.9445842606954529,0.8434823573719695,1.045686164018936,True
2016H2-E,E,tabicl@t1,20260911,2023H1,25,24882,381,psi,0.08956376547599508,,,True
2016H2-E,E,tabicl@t1,20260911,2023H1,25,24882,381,psi_critical,0.0010183481078604518,,,True
2016H2-E,E,tabicl@t1,20260911,2023H2,27,24866,363,auc,0.8157797397946099,0.7969136631656956,0.8346458164235243,True
2016H2-E,E,tabicl@t1,20260911,2023H2,27,24866,363,gini,0.6315594795892199,0.5938273263313911,0.6692916328470486,True
2016H2-E,E,tabicl@t1,20260911,2023H2,27,24866,363,ks,0.4893855129225195,,,True
2016H2-E,E,tabicl@t1,20260911,2023H2,27,24866,363,brier,0.014019961478221233,,,True
2016H2-E,E,tabicl@t1,20260911,2023H2,27,24866,363,brier_miscalibration,7.885927227016358e-05,,,True
2016H2-E,E,tabicl@t1,20260911,2023H2,27,24866,363,brier_discrimination,0.00044403559198795926,,,True
2016H2-E,E,tabicl@t1,20260911,2023H2,27,24866,363,brier_uncertainty,0.014385137797939028,,,True
2016H2-E,E,tabicl@t1,20260911,2023H2,27,24866,363,observed_over_expected,1.2566305285522652,1.1314764793074705,1.3916837362990002,True
2016H2-E,E,tabicl@t1,20260911,2023H2,27,24866,363,log_oe,0.22843395525810242,0.12352339869684849,0.3305143351635592,True
2016H2-E,E,tabicl@t1,20260911,2023H2,27,24866,363,cox_intercept,0.32841549697074307,-0.07759188849983806,0.7344228824413241,True
2016H2-E,E,tabicl@t1,20260911,2023H2,27,24866,363,cox_slope,1.0241249992913963,0.920080218638183,1.1281697799446098,True
2016H2-E,E,tabicl@t1,20260911,2023H2,27,24866,363,psi,0.06525596458217506,,,True
2016H2-E,E,tabicl@t1,20260911,2023H2,27,24866,363,psi_critical,0.0010187856328701956,,,True
2016H2-E,E,tabicl@t1,20260912,2017H1,1,24541,162,auc,0.7996366788052255,0.7729767008846904,0.8262966567257606,True
2016H2-E,E,tabicl@t1,20260912,2017H1,1,24541,162,gini,0.599273357610451,0.5459534017693808,0.6525933134515212,True
2016H2-E,E,tabicl@t1,20260912,2017H1,1,24541,162,ks,0.46936849616068077,,,True
2016H2-E,E,tabicl@t1,20260912,2017H1,1,24541,162,brier,0.006678907644987021,,,True
2016H2-E,E,tabicl@t1,20260912,2017H1,1,24541,162,brier_miscalibration,0.00020372292558326534,,,True
2016H2-E,E,tabicl@t1,20260912,2017H1,1,24541,162,brier_discrimination,8.243746081624138e-05,,,True
2016H2-E,E,tabicl@t1,20260912,2017H1,1,24541,162,brier_uncertainty,0.006557622180219997,,,True
2016H2-E,E,tabicl@t1,20260912,2017H1,1,24541,162,observed_over_expected,0.475872691339378,0.40560427499577195,0.5547515866130255,True
2016H2-E,E,tabicl@t1,20260912,2017H1,1,24541,162,log_oe,-0.7426049156926033,-0.902377286830304,-0.5892348571230046,True
2016H2-E,E,tabicl@t1,20260912,2017H1,1,24541,162,cox_intercept,-1.1146084977449884,-1.6593810460181895,-0.5698359494717873,True
2016H2-E,E,tabicl@t1,20260912,2017H1,1,24541,162,cox_slope,0.9026986349674737,0.7595149327793913,1.0458823371555561,True
2016H2-E,E,tabicl@t1,20260912,2017H1,1,24541,162,psi,0.058099481083770534,,,True
2016H2-E,E,tabicl@t1,20260912,2017H1,1,24541,162,psi_critical,0.001027796348662249,,,True
2016H2-E,E,tabicl@t1,20260912,2017H2,3,24680,143,auc,0.8187488226001491,0.7886471024576708,0.8488505427426275,True
2016H2-E,E,tabicl@t1,20260912,2017H2,3,24680,143,gini,0.6374976452002983,0.5772942049153416,0.697701085485255,True
2016H2-E,E,tabicl@t1,20260912,2017H2,3,24680,143,ks,0.5159469458283494,,,True
2016H2-E,E,tabicl@t1,20260912,2017H2,3,24680,143,brier,0.005881730583637822,,,True
2016H2-E,E,tabicl@t1,20260912,2017H2,3,24680,143,brier_miscalibration,0.00025186776267254775,,,True
2016H2-E,E,tabicl@t1,20260912,2017H2,3,24680,143,brier_discrimination,0.0001307301433704439,,,True
2016H2-E,E,tabicl@t1,20260912,2017H2,3,24680,143,brier_uncertainty,0.005760592964335718,,,True
2016H2-E,E,tabicl@t1,20260912,2017H2,3,24680,143,observed_over_expected,0.41127726548698906,0.34678383783866246,0.4842286006051611,True
2016H2-E,E,tabicl@t1,20260912,2017H2,3,24680,143,log_oe,-0.8884876800437324,-1.059053638856481,-0.7251981684713478,True
2016H2-E,E,tabicl@t1,20260912,2017H2,3,24680,143,cox_intercept,-0.8739621466189813,-1.4619670848507365,-0.28595720838722616,True
2016H2-E,E,tabicl@t1,20260912,2017H2,3,24680,143,cox_slope,1.0113674030518771,0.8506314344610916,1.1721033716426628,True
2016H2-E,E,tabicl@t1,20260912,2017H2,3,24680,143,psi,0.05875537202221286,,,True
2016H2-E,E,tabicl@t1,20260912,2017H2,3,24680,143,psi_critical,0.0010239134906912925,,,True
2016H2-E,E,tabicl@t1,20260912,2018H1,5,24416,148,auc,0.7682646539319936,0.732521398425743,0.8040079094382442,True
2016H2-E,E,tabicl@t1,20260912,2018H1,5,24416,148,gini,0.5365293078639872,0.4650427968514861,0.6080158188764884,True
2016H2-E,E,tabicl@t1,20260912,2018H1,5,24416,148,ks,0.4158896823310866,,,True
2016H2-E,E,tabicl@t1,20260912,2018H1,5,24416,148,brier,0.006187492642825442,,,True
2016H2-E,E,tabicl@t1,20260912,2018H1,5,24416,148,brier_miscalibration,0.00025950280611187777,,,True
2016H2-E,E,tabicl@t1,20260912,2018H1,5,24416,148,brier_discrimination,9.686613294473002e-05,,,True
2016H2-E,E,tabicl@t1,20260912,2018H1,5,24416,148,brier_uncertainty,0.006024855969658295,,,True
2016H2-E,E,tabicl@t1,20260912,2018H1,5,24416,148,observed_over_expected,0.4311165880624867,0.364622649962448,0.5061683719654575,True
2016H2-E,E,tabicl@t1,20260912,2018H1,5,24416,148,log_oe,-0.8413767195130811,-1.008892295895726,-0.6808859141241044,True
2016H2-E,E,tabicl@t1,20260912,2018H1,5,24416,148,cox_intercept,-1.5796473360301715,-2.15041069302939,-1.0088839790309532,True
2016H2-E,E,tabicl@t1,20260912,2018H1,5,24416,148,cox_slope,0.804455573459547,0.6591131538734523,0.9497979930456417,True
2016H2-E,E,tabicl@t1,20260912,2018H1,5,24416,148,psi,0.07539058512514873,,,True
2016H2-E,E,tabicl@t1,20260912,2018H1,5,24416,148,psi_critical,0.0010313258825568766,,,True
2016H2-E,E,tabicl@t1,20260912,2018H2,7,24543,146,auc,0.768196291818947,0.7322128543714069,0.8041797292664871,True
2016H2-E,E,tabicl@t1,20260912,2018H2,7,24543,146,gini,0.536392583637894,0.46442570874281386,0.6083594585329741,True
2016H2-E,E,tabicl@t1,20260912,2018H2,7,24543,146,ks,0.41945646809258497,,,True
2016H2-E,E,tabicl@t1,20260912,2018H2,7,24543,146,brier,0.006110248840259709,,,True
2016H2-E,E,tabicl@t1,20260912,2018H2,7,24543,146,brier_miscalibration,0.0002600537228705773,,,True
2016H2-E,E,tabicl@t1,20260912,2018H2,7,24543,146,brier_discrimination,6.316036151410992e-05,,,True
2016H2-E,E,tabicl@t1,20260912,2018H2,7,24543,146,brier_uncertainty,0.005913355478903241,,,True
2016H2-E,E,tabicl@t1,20260912,2018H2,7,24543,146,observed_over_expected,0.40628486144584053,0.34320834342778256,0.47754011810469293,True
2016H2-E,E,tabicl@t1,20260912,2018H2,7,24543,146,log_oe,-0.9007007362301354,-1.0694176009768177,-0.7391071056174014,True
2016H2-E,E,tabicl@t1,20260912,2018H2,7,24543,146,cox_intercept,-1.6366144794095343,-2.2106619361473943,-1.0625670226716744,True
2016H2-E,E,tabicl@t1,20260912,2018H2,7,24543,146,cox_slope,0.8036982897795066,0.6561568942114322,0.9512396853475811,True
2016H2-E,E,tabicl@t1,20260912,2018H2,7,24543,146,psi,0.09170313549717703,,,True
2016H2-E,E,tabicl@t1,20260912,2018H2,7,24543,146,psi_critical,0.0010277401683422742,,,True
2016H2-E,E,tabicl@t1,20260912,2019H1,9,24752,110,auc,0.7073639979045384,0.659062242288712,0.7556657535203648,True
2016H2-E,E,tabicl@t1,20260912,2019H1,9,24752,110,gini,0.4147279958090768,0.31812448457742404,0.5113315070407296,True
2016H2-E,E,tabicl@t1,20260912,2019H1,9,24752,110,ks,0.33549224900576247,,,True
2016H2-E,E,tabicl@t1,20260912,2019H1,9,24752,110,brier,0.0047240314595672775,,,True
2016H2-E,E,tabicl@t1,20260912,2019H1,9,24752,110,brier_miscalibration,0.00031822341743861175,,,True
2016H2-E,E,tabicl@t1,20260912,2019H1,9,24752,110,brier_discrimination,1.8527389920937505e-05,,,True
2016H2-E,E,tabicl@t1,20260912,2019H1,9,24752,110,brier_uncertainty,0.004424335432049603,,,True
2016H2-E,E,tabicl@t1,20260912,2019H1,9,24752,110,observed_over_expected,0.3160121908394302,0.2598212747640051,0.3807062866288087,True
2016H2-E,E,tabicl@t1,20260912,2019H1,9,24752,110,log_oe,-1.1519744875335685,-1.3477612890914117,-0.9657271023893181,True
2016H2-E,E,tabicl@t1,20260912,2019H1,9,24752,110,cox_intercept,-2.717199363153501,-3.3846595531376016,-2.0497391731694004,True
2016H2-E,E,tabicl@t1,20260912,2019H1,9,24752,110,cox_slope,0.5953545359546711,0.4372931840594484,0.7534158878498939,True
2016H2-E,E,tabicl@t1,20260912,2019H1,9,24752,110,psi,0.10944724322994984,,,True
2016H2-E,E,tabicl@t1,20260912,2019H1,9,24752,110,psi_critical,0.0010219193712836033,,,True
2016H2-E,E,tabicl@t1,20260912,2019H2,11,24861,136,auc,0.6833917206923213,0.6397916833341593,0.7269917580504834,True
2016H2-E,E,tabicl@t1,20260912,2019H2,11,24861,136,gini,0.3667834413846427,0.2795833666683185,0.4539835161009669,True
2016H2-E,E,tabicl@t1,20260912,2019H2,11,24861,136,ks,0.2713905906144055,,,True
2016H2-E,E,tabicl@t1,20260912,2019H2,11,24861,136,brier,0.0056528504225525815,,,True
2016H2-E,E,tabicl@t1,20260912,2019H2,11,24861,136,brier_miscalibration,0.00023798205319504068,,,True
2016H2-E,E,tabicl@t1,20260912,2019H2,11,24861,136,brier_discrimination,2.5621695024735658e-05,,,True
2016H2-E,E,tabicl@t1,20260912,2019H2,11,24861,136,brier_uncertainty,0.0054404900643822765,,,True
2016H2-E,E,tabicl@t1,20260912,2019H2,11,24861,136,observed_over_expected,0.43495751697233354,0.3650844581707107,0.514248416414106,True
2016H2-E,E,tabicl@t1,20260912,2019H2,11,24861,136,log_oe,-0.8325069147952762,-1.0076265599181804,-0.6650488298624536,True
2016H2-E,E,tabicl@t1,20260912,2019H2,11,24861,136,cox_intercept,-2.8099679510751843,-3.404218684295137,-2.2157172178552313,True
2016H2-E,E,tabicl@t1,20260912,2019H2,11,24861,136,cox_slope,0.5046794838329768,0.37202846538778783,0.6373305022781657,True
2016H2-E,E,tabicl@t1,20260912,2019H2,11,24861,136,psi,0.050705013635142314,,,True
2016H2-E,E,tabicl@t1,20260912,2019H2,11,24861,136,psi_critical,0.0010189224749281936,,,True
2016H2-E,E,tabicl@t1,20260912,2020H1,13,24880,111,auc,0.6631580306536906,0.6130715610065024,0.7132445003008788,True
2016H2-E,E,tabicl@t1,20260912,2020H1,13,24880,111,gini,0.3263160613073812,0.2261431220130048,0.42648900060175765,True
2016H2-E,E,tabicl@t1,20260912,2020H1,13,24880,111,ks,0.26027739556747587,,,True
2016H2-E,E,tabicl@t1,20260912,2020H1,13,24880,111,brier,0.004644553374518218,,,True
2016H2-E,E,tabicl@t1,20260912,2020H1,13,24880,111,brier_miscalibration,0.00021274845196570837,,,True
2016H2-E,E,tabicl@t1,20260912,2020H1,13,24880,111,brier_discrimination,9.705646506950882e-06,,,True
2016H2-E,E,tabicl@t1,20260912,2020H1,13,24880,111,brier_uncertainty,0.00444151056905946,,,True
2016H2-E,E,tabicl@t1,20260912,2020H1,13,24880,111,observed_over_expected,0.4344791228949143,0.3575554445990918,0.5229863494529712,True
2016H2-E,E,tabicl@t1,20260912,2020H1,13,24880,111,log_oe,-0.8336073840043298,-1.0284648390855833,-0.6481999157301679,True
2016H2-E,E,tabicl@t1,20260912,2020H1,13,24880,111,cox_intercept,-3.335553668425388,-3.9984829039734633,-2.6726244328773126,True
2016H2-E,E,tabicl@t1,20260912,2020H1,13,24880,111,cox_slope,0.4081479107610755,0.27211899891454966,0.5441768226076014,True
2016H2-E,E,tabicl@t1,20260912,2020H1,13,24880,111,psi,0.029073727230769692,,,True
2016H2-E,E,tabicl@t1,20260912,2020H1,13,24880,111,psi_critical,0.0010184027677122018,,,True
2016H2-E,E,tabicl@t1,20260912,2020H2,15,24919,71,auc,0.6779124116884178,0.6145759890498568,0.7412488343269787,False
2016H2-E,E,tabicl@t1,20260912,2020H2,15,24919,71,gini,0.3558248233768355,0.22915197809971355,0.4824976686539575,False
2016H2-E,E,tabicl@t1,20260912,2020H2,15,24919,71,ks,0.3239198552551627,,,False
2016H2-E,E,tabicl@t1,20260912,2020H2,15,24919,71,brier,0.003028248561957099,,,False
2016H2-E,E,tabicl@t1,20260912,2020H2,15,24919,71,brier_miscalibration,0.0001933381305856273,,,False
2016H2-E,E,tabicl@t1,20260912,2020H2,15,24919,71,brier_discrimination,6.202958523123577e-06,,,False
2016H2-E,E,tabicl@t1,20260912,2020H2,15,24919,71,brier_uncertainty,0.002841113389894595,,,False
2016H2-E,E,tabicl@t1,20260912,2020H2,15,24919,71,observed_over_expected,0.3249761542987858,0.25388323204778684,0.4097605040823704,False
2016H2-E,E,tabicl@t1,20260912,2020H2,15,24919,71,log_oe,-1.124003470732563,-1.3708808340128529,-0.8921824263423717,False
2016H2-E,E,tabicl@t1,20260912,2020H2,15,24919,71,cox_intercept,-3.5389360382966233,-4.369583796402113,-2.7082882801911334,False
2016H2-E,E,tabicl@t1,20260912,2020H2,15,24919,71,cox_slope,0.44342193044100575,0.2766318324824056,0.610212028399606,False
2016H2-E,E,tabicl@t1,20260912,2020H2,15,24919,71,psi,0.05528876613128417,,,False
2016H2-E,E,tabicl@t1,20260912,2020H2,15,24919,71,psi_critical,0.0010173384832140608,,,False
2016H2-E,E,tabicl@t1,20260912,2021H1,17,24909,90,auc,0.7410845633497636,0.6915961798409118,0.7905729468586153,False
2016H2-E,E,tabicl@t1,20260912,2021H1,17,24909,90,gini,0.48216912669952716,0.38319235968182364,0.5811458937172307,False
2016H2-E,E,tabicl@t1,20260912,2021H1,17,24909,90,ks,0.38766133473011266,,,False
2016H2-E,E,tabicl@t1,20260912,2021H1,17,24909,90,brier,0.0037485601400291907,,,False
2016H2-E,E,tabicl@t1,20260912,2021H1,17,24909,90,brier_miscalibration,0.0001669538875210437,,,False
2016H2-E,E,tabicl@t1,20260912,2021H1,17,24909,90,brier_discrimination,1.849075385286546e-05,,,False
2016H2-E,E,tabicl@t1,20260912,2021H1,17,24909,90,brier_uncertainty,0.0036000970063610124,,,False
2016H2-E,E,tabicl@t1,20260912,2021H1,17,24909,90,observed_over_expected,0.36748793646665956,0.29560245136605595,0.45151794068983314,False
2016H2-E,E,tabicl@t1,20260912,2021H1,17,24909,90,log_oe,-1.0010647868090912,-1.2187397970938427,-0.7951401711674021,False
2016H2-E,E,tabicl@t1,20260912,2021H1,17,24909,90,cox_intercept,-2.394347295288596,-3.1324930720822204,-1.6562015184949717,False
2016H2-E,E,tabicl@t1,20260912,2021H1,17,24909,90,cox_slope,0.6609514070819379,0.49571526368082985,0.8261875504830459,False
2016H2-E,E,tabicl@t1,20260912,2021H1,17,24909,90,psi,0.034418727338534245,,,False
2016H2-E,E,tabicl@t1,20260912,2021H1,17,24909,90,psi_critical,0.001017611058962233,,,False
2016H2-E,E,tabicl@t1,20260912,2021H2,19,24929,136,auc,0.75677165755989,0.717349297419567,0.7961940177002129,True
2016H2-E,E,tabicl@t1,20260912,2021H2,19,24929,136,gini,0.5135433151197799,0.434698594839134,0.5923880354004258,True
2016H2-E,E,tabicl@t1,20260912,2021H2,19,24929,136,ks,0.408834265364275,,,True
2016H2-E,E,tabicl@t1,20260912,2021H2,19,24929,136,brier,0.005541386357323802,,,True
2016H2-E,E,tabicl@t1,20260912,2021H2,19,24929,136,brier_miscalibration,0.00016173961764148325,,,True
2016H2-E,E,tabicl@t1,20260912,2021H2,19,24929,136,brier_discrimination,4.608445170727667e-05,,,True
2016H2-E,E,tabicl@t1,20260912,2021H2,19,24929,136,brier_uncertainty,0.005425731191389596,,,True
2016H2-E,E,tabicl@t1,20260912,2021H2,19,24929,136,observed_over_expected,0.459148135145756,0.38538856986160047,0.5428496236442528,True
2016H2-E,E,tabicl@t1,20260912,2021H2,19,24929,136,log_oe,-0.7783823864668313,-0.9535031812994829,-0.6109229336005413,True
2016H2-E,E,tabicl@t1,20260912,2021H2,19,24929,136,cox_intercept,-1.7612167509457777,-2.367474177102333,-1.1549593247892225,True
2016H2-E,E,tabicl@t1,20260912,2021H2,19,24929,136,cox_slope,0.7492541712038804,0.6034850708957501,0.8950232715120107,True
2016H2-E,E,tabicl@t1,20260912,2021H2,19,24929,136,psi,0.03827736282558943,,,True
2016H2-E,E,tabicl@t1,20260912,2021H2,19,24929,136,psi_critical,0.0010170661261475434,,,True
2016H2-E,E,tabicl@t1,20260912,2022H1,21,24889,291,auc,0.767527617281767,0.7422949403688575,0.7927602941946765,True
2016H2-E,E,tabicl@t1,20260912,2022H1,21,24889,291,gini,0.535055234563534,0.4845898807377149,0.5855205883893531,True
2016H2-E,E,tabicl@t1,20260912,2022H1,21,24889,291,ks,0.4207330856111287,,,True
2016H2-E,E,tabicl@t1,20260912,2022H1,21,24889,291,brier,0.011438343548175547,,,True
2016H2-E,E,tabicl@t1,20260912,2022H1,21,24889,291,brier_miscalibration,5.772479010817365e-05,,,True
2016H2-E,E,tabicl@t1,20260912,2022H1,21,24889,291,brier_discrimination,0.0001745925232980363,,,True
2016H2-E,E,tabicl@t1,20260912,2022H1,21,24889,291,brier_uncertainty,0.01155521128136541,,,True
2016H2-E,E,tabicl@t1,20260912,2022H1,21,24889,291,observed_over_expected,0.8517653393793806,0.7571829406455928,0.9547846072076857,True
2016H2-E,E,tabicl@t1,20260912,2022H1,21,24889,291,log_oe,-0.160444213352412,-0.27815038942322345,-0.04626950613077686,True
2016H2-E,E,tabicl@t1,20260912,2022H1,21,24889,291,cox_intercept,-0.7601390604804953,-1.1992881732112695,-0.32098994774972117,True
2016H2-E,E,tabicl@t1,20260912,2022H1,21,24889,291,cox_slope,0.8410006392594008,0.7300502237310371,0.9519510547877645,True
2016H2-E,E,tabicl@t1,20260912,2022H1,21,24889,291,psi,0.1335218728592568,,,True
2016H2-E,E,tabicl@t1,20260912,2022H1,21,24889,291,psi_critical,0.0010181568675578935,,,True
2016H2-E,E,tabicl@t1,20260912,2022H2,23,24859,373,auc,0.7825576425025058,0.759871899832238,0.8052433851727736,True
2016H2-E,E,tabicl@t1,20260912,2022H2,23,24859,373,gini,0.5651152850050116,0.519743799664476,0.6104867703455472,True
2016H2-E,E,tabicl@t1,20260912,2022H2,23,24859,373,ks,0.45037367744636697,,,True
2016H2-E,E,tabicl@t1,20260912,2022H2,23,24859,373,brier,0.014456225696956797,,,True
2016H2-E,E,tabicl@t1,20260912,2022H2,23,24859,373,brier_miscalibration,4.419797061563924e-05,,,True
2016H2-E,E,tabicl@t1,20260912,2022H2,23,24859,373,brier_discrimination,0.0003674595606776073,,,True
2016H2-E,E,tabicl@t1,20260912,2022H2,23,24859,373,brier_uncertainty,0.014779487287018766,,,True
2016H2-E,E,tabicl@t1,20260912,2022H2,23,24859,373,observed_over_expected,1.0809729846131317,0.9747489838614066,1.1954752559432875,True
2016H2-E,E,tabicl@t1,20260912,2022H2,23,24859,373,log_oe,0.07786154723760212,-0.02557529358070043,0.17854381003854425,True
2016H2-E,E,tabicl@t1,20260912,2022H2,23,24859,373,cox_intercept,-0.11168627570760453,-0.5186349930756522,0.29526244166044313,True
2016H2-E,E,tabicl@t1,20260912,2022H2,23,24859,373,cox_slope,0.9481560053283052,0.8427801896053864,1.0535318210512241,True
2016H2-E,E,tabicl@t1,20260912,2022H2,23,24859,373,psi,0.1694407145460576,,,True
2016H2-E,E,tabicl@t1,20260912,2022H2,23,24859,373,psi_critical,0.001018977227164634,,,True
2016H2-E,E,tabicl@t1,20260912,2023H1,25,24882,381,auc,0.7893877275993129,0.7691549961904857,0.8096204590081401,True
2016H2-E,E,tabicl@t1,20260912,2023H1,25,24882,381,gini,0.5787754551986257,0.5383099923809713,0.6192409180162801,True
2016H2-E,E,tabicl@t1,20260912,2023H1,25,24882,381,ks,0.4308257384320165,,,True
2016H2-E,E,tabicl@t1,20260912,2023H1,25,24882,381,brier,0.01478133844025566,,,True
2016H2-E,E,tabicl@t1,20260912,2023H1,25,24882,381,brier_miscalibration,5.1251125722101554e-05,,,True
2016H2-E,E,tabicl@t1,20260912,2023H1,25,24882,381,brier_discrimination,0.00034772088543191283,,,True
2016H2-E,E,tabicl@t1,20260912,2023H1,25,24882,381,brier_uncertainty,0.015077808199965471,,,True
2016H2-E,E,tabicl@t1,20260912,2023H1,25,24882,381,observed_over_expected,1.119310167323196,1.0104657165564572,1.2365396814687577,True
2016H2-E,E,tabicl@t1,20260912,2023H1,25,24882,381,log_oe,0.11271257351624579,0.010411330078137675,0.21231689923048397,True
2016H2-E,E,tabicl@t1,20260912,2023H1,25,24882,381,cox_intercept,-0.12221870554055508,-0.5114751052050631,0.26703769412395295,True
2016H2-E,E,tabicl@t1,20260912,2023H1,25,24882,381,cox_slope,0.9353415559634126,0.8347394428441909,1.0359436690826342,True
2016H2-E,E,tabicl@t1,20260912,2023H1,25,24882,381,psi,0.13833154304672104,,,True
2016H2-E,E,tabicl@t1,20260912,2023H1,25,24882,381,psi_critical,0.0010183481078604518,,,True
2016H2-E,E,tabicl@t1,20260912,2023H2,27,24866,363,auc,0.8178380698647233,0.7986606606183114,0.8370154791111352,True
2016H2-E,E,tabicl@t1,20260912,2023H2,27,24866,363,gini,0.6356761397294466,0.5973213212366228,0.6740309582222703,True
2016H2-E,E,tabicl@t1,20260912,2023H2,27,24866,363,ks,0.4940799400624357,,,True
2016H2-E,E,tabicl@t1,20260912,2023H2,27,24866,363,brier,0.014002068323343312,,,True
2016H2-E,E,tabicl@t1,20260912,2023H2,27,24866,363,brier_miscalibration,5.9481270665566466e-05,,,True
2016H2-E,E,tabicl@t1,20260912,2023H2,27,24866,363,brier_discrimination,0.00044255074526128313,,,True
2016H2-E,E,tabicl@t1,20260912,2023H2,27,24866,363,brier_uncertainty,0.014385137797939028,,,True
2016H2-E,E,tabicl@t1,20260912,2023H2,27,24866,363,observed_over_expected,1.160937380980165,1.045313885570813,1.2857062081986927,True
2016H2-E,E,tabicl@t1,20260912,2023H2,27,24866,363,log_oe,0.14922776584358638,0.044317209282332515,0.25130814574904314,True
2016H2-E,E,tabicl@t1,20260912,2023H2,27,24866,363,cox_intercept,0.36323850701808796,-0.04060582832206677,0.7670828423582428,True
2016H2-E,E,tabicl@t1,20260912,2023H2,27,24866,363,cox_slope,1.0562063284927312,0.9502035059349331,1.1622091510505292,True
2016H2-E,E,tabicl@t1,20260912,2023H2,27,24866,363,psi,0.09990631948732417,,,True
2016H2-E,E,tabicl@t1,20260912,2023H2,27,24866,363,psi_critical,0.0010187856328701956,,,True
2016H2-E,E,tabicl@t1,20260913,2017H1,1,24541,162,auc,0.805744698305919,0.778111841380514,0.833377555231324,True
2016H2-E,E,tabicl@t1,20260913,2017H1,1,24541,162,gini,0.611489396611838,0.5562236827610281,0.6667551104626479,True
2016H2-E,E,tabicl@t1,20260913,2017H1,1,24541,162,ks,0.4624674444054512,,,True
2016H2-E,E,tabicl@t1,20260913,2017H1,1,24541,162,brier,0.0065801279294908,,,True
2016H2-E,E,tabicl@t1,20260913,2017H1,1,24541,162,brier_miscalibration,0.00010570300405540311,,,True
2016H2-E,E,tabicl@t1,20260913,2017H1,1,24541,162,brier_discrimination,8.31972547845998e-05,,,True
2016H2-E,E,tabicl@t1,20260913,2017H1,1,24541,162,brier_uncertainty,0.006557622180219997,,,True
2016H2-E,E,tabicl@t1,20260913,2017H1,1,24541,162,observed_over_expected,0.5342240036682763,0.45533930321435007,0.6227749964126075,True
2016H2-E,E,tabicl@t1,20260913,2017H1,1,24541,162,log_oe,-0.6269400454552775,-0.7867124165929781,-0.4735699868856788,True
2016H2-E,E,tabicl@t1,20260913,2017H1,1,24541,162,cox_intercept,-0.4761221105934037,-1.090021515004942,0.13777729381813442,True
2016H2-E,E,tabicl@t1,20260913,2017H1,1,24541,162,cox_slope,1.0442868340945408,0.8854590115719173,1.2031146566171644,True
2016H2-E,E,tabicl@t1,20260913,2017H1,1,24541,162,psi,0.07398065449545847,,,True
2016H2-E,E,tabicl@t1,20260913,2017H1,1,24541,162,psi_critical,0.001027796348662249,,,True
2016H2-E,E,tabicl@t1,20260913,2017H2,3,24680,143,auc,0.8250213535089437,0.7946508043855663,0.855391902632321,True
2016H2-E,E,tabicl@t1,20260913,2017H2,3,24680,143,gini,0.6500427070178874,0.5893016087711327,0.710783805264642,True
2016H2-E,E,tabicl@t1,20260913,2017H2,3,24680,143,ks,0.5055881071286377,,,True
2016H2-E,E,tabicl@t1,20260913,2017H2,3,24680,143,brier,0.005753805674358336,,,True
2016H2-E,E,tabicl@t1,20260913,2017H2,3,24680,143,brier_miscalibration,0.00013217385502372041,,,True
2016H2-E,E,tabicl@t1,20260913,2017H2,3,24680,143,brier_discrimination,0.00013896114500110222,,,True
2016H2-E,E,tabicl@t1,20260913,2017H2,3,24680,143,brier_uncertainty,0.005760592964335718,,,True
2016H2-E,E,tabicl@t1,20260913,2017H2,3,24680,143,observed_over_expected,0.46919035870656717,0.3956154325148551,0.5524141737931828,True
2016H2-E,E,tabicl@t1,20260913,2017H2,3,24680,143,log_oe,-0.7567467107801623,-0.9273126695929111,-0.5934571992077778,True
2016H2-E,E,tabicl@t1,20260913,2017H2,3,24680,143,cox_intercept,0.004847068223120439,-0.6738989551723887,0.6835930916186296,True
2016H2-E,E,tabicl@t1,20260913,2017H2,3,24680,143,cox_slope,1.210704731773178,1.0283258344048753,1.3930836291414808,True
2016H2-E,E,tabicl@t1,20260913,2017H2,3,24680,143,psi,0.07554760035636204,,,True
2016H2-E,E,tabicl@t1,20260913,2017H2,3,24680,143,psi_critical,0.0010239134906912925,,,True
2016H2-E,E,tabicl@t1,20260913,2018H1,5,24416,148,auc,0.7870390994257814,0.7529810529136358,0.821097145937927,True
2016H2-E,E,tabicl@t1,20260913,2018H1,5,24416,148,gini,0.5740781988515629,0.5059621058272716,0.6421942918758541,True
2016H2-E,E,tabicl@t1,20260913,2018H1,5,24416,148,ks,0.43637823582606833,,,True
2016H2-E,E,tabicl@t1,20260913,2018H1,5,24416,148,brier,0.006062039492564012,,,True
2016H2-E,E,tabicl@t1,20260913,2018H1,5,24416,148,brier_miscalibration,0.00011591620445418338,,,True
2016H2-E,E,tabicl@t1,20260913,2018H1,5,24416,148,brier_discrimination,7.873268154846586e-05,,,True
2016H2-E,E,tabicl@t1,20260913,2018H1,5,24416,148,brier_uncertainty,0.006024855969658295,,,True
2016H2-E,E,tabicl@t1,20260913,2018H1,5,24416,148,observed_over_expected,0.49408029973730494,0.41787505554841947,0.5800932459179438,True
2016H2-E,E,tabicl@t1,20260913,2018H1,5,24416,148,log_oe,-0.7050572249285305,-0.8725728013111755,-0.5445664195395535,True
2016H2-E,E,tabicl@t1,20260913,2018H1,5,24416,148,cox_intercept,-0.6942844098430955,-1.3578208727225398,-0.03074794696365113,True
2016H2-E,E,tabicl@t1,20260913,2018H1,5,24416,148,cox_slope,1.0070214697806867,0.8380808097857705,1.175962129775603,True
2016H2-E,E,tabicl@t1,20260913,2018H1,5,24416,148,psi,0.09128958850201267,,,True
2016H2-E,E,tabicl@t1,20260913,2018H1,5,24416,148,psi_critical,0.0010313258825568766,,,True
2016H2-E,E,tabicl@t1,20260913,2018H2,7,24543,146,auc,0.7854936408642204,0.7492955030914652,0.8216917786369755,True
2016H2-E,E,tabicl@t1,20260913,2018H2,7,24543,146,gini,0.5709872817284407,0.4985910061829304,0.643383557273951,True
2016H2-E,E,tabicl@t1,20260913,2018H2,7,24543,146,ks,0.4559846511557395,,,True
2016H2-E,E,tabicl@t1,20260913,2018H2,7,24543,146,brier,0.005957325102289771,,,True
2016H2-E,E,tabicl@t1,20260913,2018H2,7,24543,146,brier_miscalibration,0.00011926863952598909,,,True
2016H2-E,E,tabicl@t1,20260913,2018H2,7,24543,146,brier_discrimination,7.529901613945959e-05,,,True
2016H2-E,E,tabicl@t1,20260913,2018H2,7,24543,146,brier_uncertainty,0.005913355478903241,,,True
2016H2-E,E,tabicl@t1,20260913,2018H2,7,24543,146,observed_over_expected,0.47022195487249674,0.39721907826161107,0.5526906591255434,True
2016H2-E,E,tabicl@t1,20260913,2018H2,7,24543,146,log_oe,-0.754550451340763,-0.9232673160874454,-0.5929568207280291,True
2016H2-E,E,tabicl@t1,20260913,2018H2,7,24543,146,cox_intercept,-0.7161131359404039,-1.392784636519674,-0.03944163536113365,True
2016H2-E,E,tabicl@t1,20260913,2018H2,7,24543,146,cox_slope,1.014554579487877,0.8410871445494708,1.1880220144262832,True
2016H2-E,E,tabicl@t1,20260913,2018H2,7,24543,146,psi,0.10787977341212733,,,True
2016H2-E,E,tabicl@t1,20260913,2018H2,7,24543,146,psi_critical,0.0010277401683422742,,,True
2016H2-E,E,tabicl@t1,20260913,2019H1,9,24752,110,auc,0.7226212084320193,0.6739751980769996,0.771267218787039,True
2016H2-E,E,tabicl@t1,20260913,2019H1,9,24752,110,gini,0.44524241686403854,0.34795039615399914,0.5425344375740779,True
2016H2-E,E,tabicl@t1,20260913,2019H1,9,24752,110,ks,0.34365790852277345,,,True
2016H2-E,E,tabicl@t1,20260913,2019H1,9,24752,110,brier,0.00455089505850991,,,True
2016H2-E,E,tabicl@t1,20260913,2019H1,9,24752,110,brier_miscalibration,0.00019131882008558473,,,True
2016H2-E,E,tabicl@t1,20260913,2019H1,9,24752,110,brier_discrimination,6.475919362527831e-05,,,True
2016H2-E,E,tabicl@t1,20260913,2019H1,9,24752,110,brier_uncertainty,0.004424335432049603,,,True
2016H2-E,E,tabicl@t1,20260913,2019H1,9,24752,110,observed_over_expected,0.3646316950863857,0.2997956236594773,0.439279188105882,True
2016H2-E,E,tabicl@t1,20260913,2019H1,9,24752,110,log_oe,-1.0088674893957728,-1.204654290953616,-0.8226201042515223,True
2016H2-E,E,tabicl@t1,20260913,2019H1,9,24752,110,cox_intercept,-1.9127727006631547,-2.691660893759368,-1.1338845075669415,True
2016H2-E,E,tabicl@t1,20260913,2019H1,9,24752,110,cox_slope,0.7760167420132623,0.5896946408000929,0.9623388432264317,True
2016H2-E,E,tabicl@t1,20260913,2019H1,9,24752,110,psi,0.12546220540554434,,,True
2016H2-E,E,tabicl@t1,20260913,2019H1,9,24752,110,psi_critical,0.0010219193712836033,,,True
2016H2-E,E,tabicl@t1,20260913,2019H2,11,24861,136,auc,0.6984022779991673,0.6560075601008597,0.7407969958974749,True
2016H2-E,E,tabicl@t1,20260913,2019H2,11,24861,136,gini,0.39680455599833464,0.3120151202017194,0.4815939917949499,True
2016H2-E,E,tabicl@t1,20260913,2019H2,11,24861,136,ks,0.29492119193481237,,,True
2016H2-E,E,tabicl@t1,20260913,2019H2,11,24861,136,brier,0.005531809284426274,,,True
2016H2-E,E,tabicl@t1,20260913,2019H2,11,24861,136,brier_miscalibration,0.00011455248580792814,,,True
2016H2-E,E,tabicl@t1,20260913,2019H2,11,24861,136,brier_discrimination,2.3233265763930935e-05,,,True
2016H2-E,E,tabicl@t1,20260913,2019H2,11,24861,136,brier_uncertainty,0.0054404900643822765,,,True
2016H2-E,E,tabicl@t1,20260913,2019H2,11,24861,136,observed_over_expected,0.5057915859997145,0.4245395007939493,0.5979952339862119,True
2016H2-E,E,tabicl@t1,20260913,2019H2,11,24861,136,log_oe,-0.6816305799188105,-0.8567502250417147,-0.5141724949859879,True
2016H2-E,E,tabicl@t1,20260913,2019H2,11,24861,136,cox_intercept,-2.2355564866096445,-2.9311373099044173,-1.5399756633148716,True
2016H2-E,E,tabicl@t1,20260913,2019H2,11,24861,136,cox_slope,0.6268730001477717,0.47088737772306144,0.782858622572482,True
2016H2-E,E,tabicl@t1,20260913,2019H2,11,24861,136,psi,0.07817769468543559,,,True
2016H2-E,E,tabicl@t1,20260913,2019H2,11,24861,136,psi_critical,0.0010189224749281936,,,True
2016H2-E,E,tabicl@t1,20260913,2020H1,13,24880,111,auc,0.6609142349180301,0.6097428461600436,0.7120856236760167,True
2016H2-E,E,tabicl@t1,20260913,2020H1,13,24880,111,gini,0.3218284698360603,0.2194856923200872,0.4241712473520334,True
2016H2-E,E,tabicl@t1,20260913,2020H1,13,24880,111,ks,0.275256523429643,,,True
2016H2-E,E,tabicl@t1,20260913,2020H1,13,24880,111,brier,0.00454424460215768,,,True
2016H2-E,E,tabicl@t1,20260913,2020H1,13,24880,111,brier_miscalibration,0.00011265973848046621,,,True
2016H2-E,E,tabicl@t1,20260913,2020H1,13,24880,111,brier_discrimination,9.925705382246575e-06,,,True
2016H2-E,E,tabicl@t1,20260913,2020H1,13,24880,111,brier_uncertainty,0.00444151056905946,,,True
2016H2-E,E,tabicl@t1,20260913,2020H1,13,24880,111,observed_over_expected,0.5007424037866655,0.41208694130710527,0.6027480446650461,True
2016H2-E,E,tabicl@t1,20260913,2020H1,13,24880,111,log_oe,-0.6916634742234309,-0.8865209293046843,-0.5062560059492689,True
2016H2-E,E,tabicl@t1,20260913,2020H1,13,24880,111,cox_intercept,-3.111032400610126,-3.874556860062506,-2.347507941157746,True
2016H2-E,E,tabicl@t1,20260913,2020H1,13,24880,111,cox_slope,0.4520828867649167,0.2959449819267106,0.6082207916031228,True
2016H2-E,E,tabicl@t1,20260913,2020H1,13,24880,111,psi,0.07302800008995064,,,True
2016H2-E,E,tabicl@t1,20260913,2020H1,13,24880,111,psi_critical,0.0010184027677122018,,,True
2016H2-E,E,tabicl@t1,20260913,2020H2,15,24919,71,auc,0.6909471558909153,0.6266130086134594,0.7552813031683712,False
2016H2-E,E,tabicl@t1,20260913,2020H2,15,24919,71,gini,0.38189431178183053,0.25322601722691873,0.5105626063367423,False
2016H2-E,E,tabicl@t1,20260913,2020H2,15,24919,71,ks,0.32911141996862053,,,False
2016H2-E,E,tabicl@t1,20260913,2020H2,15,24919,71,brier,0.00293239229462596,,,False
2016H2-E,E,tabicl@t1,20260913,2020H2,15,24919,71,brier_miscalibration,9.899162134277897e-05,,,False
2016H2-E,E,tabicl@t1,20260913,2020H2,15,24919,71,brier_discrimination,7.712716611413869e-06,,,False
2016H2-E,E,tabicl@t1,20260913,2020H2,15,24919,71,brier_uncertainty,0.002841113389894595,,,False
2016H2-E,E,tabicl@t1,20260913,2020H2,15,24919,71,observed_over_expected,0.3718276490853765,0.29048532966431995,0.4688352757750505,False
2016H2-E,E,tabicl@t1,20260913,2020H2,15,24919,71,log_oe,-0.989324840980004,-1.2362022042602938,-0.7575037965898127,False
2016H2-E,E,tabicl@t1,20260913,2020H2,15,24919,71,cox_intercept,-2.9774612270021183,-3.9324132265233036,-2.022509227480933,False
2016H2-E,E,tabicl@t1,20260913,2020H2,15,24919,71,cox_slope,0.5572537842043617,0.36214815543235945,0.7523594129763639,False
2016H2-E,E,tabicl@t1,20260913,2020H2,15,24919,71,psi,0.11657421163334776,,,False
2016H2-E,E,tabicl@t1,20260913,2020H2,15,24919,71,psi_critical,0.0010173384832140608,,,False
2016H2-E,E,tabicl@t1,20260913,2021H1,17,24909,90,auc,0.7561988798904066,0.7075277572329642,0.8048700025478489,False
2016H2-E,E,tabicl@t1,20260913,2021H1,17,24909,90,gini,0.5123977597808131,0.4150555144659285,0.6097400050956978,False
2016H2-E,E,tabicl@t1,20260913,2021H1,17,24909,90,ks,0.4194085176679157,,,False
2016H2-E,E,tabicl@t1,20260913,2021H1,17,24909,90,brier,0.0036696045445759554,,,False
2016H2-E,E,tabicl@t1,20260913,2021H1,17,24909,90,brier_miscalibration,9.14304408745235e-05,,,False
2016H2-E,E,tabicl@t1,20260913,2021H1,17,24909,90,brier_discrimination,2.1922902659580502e-05,,,False
2016H2-E,E,tabicl@t1,20260913,2021H1,17,24909,90,brier_uncertainty,0.0036000970063610124,,,False
2016H2-E,E,tabicl@t1,20260913,2021H1,17,24909,90,observed_over_expected,0.41288582791653544,0.3321199167513474,0.5072965402710693,False
2016H2-E,E,tabicl@t1,20260913,2021H1,17,24909,90,log_oe,-0.8845841699619412,-1.1022591802466928,-0.6786595543202522,False
2016H2-E,E,tabicl@t1,20260913,2021H1,17,24909,90,cox_intercept,-1.6754476205125557,-2.5261638473196446,-0.8247313937054669,False
2016H2-E,E,tabicl@t1,20260913,2021H1,17,24909,90,cox_slope,0.8146579705259492,0.6223638498739277,1.0069520911779708,False
2016H2-E,E,tabicl@t1,20260913,2021H1,17,24909,90,psi,0.07512907476104894,,,False
2016H2-E,E,tabicl@t1,20260913,2021H1,17,24909,90,psi_critical,0.001017611058962233,,,False
2016H2-E,E,tabicl@t1,20260913,2021H2,19,24929,136,auc,0.7723579176760045,0.7339566001528368,0.8107592351991721,True
2016H2-E,E,tabicl@t1,20260913,2021H2,19,24929,136,gini,0.544715835352009,0.4679132003056736,0.6215184703983443,True
2016H2-E,E,tabicl@t1,20260913,2021H2,19,24929,136,ks,0.41298599462371965,,,True
2016H2-E,E,tabicl@t1,20260913,2021H2,19,24929,136,brier,0.005445661976575363,,,True
2016H2-E,E,tabicl@t1,20260913,2021H2,19,24929,136,brier_miscalibration,0.00011944845687909041,,,True
2016H2-E,E,tabicl@t1,20260913,2021H2,19,24929,136,brier_discrimination,9.951767169332285e-05,,,True
2016H2-E,E,tabicl@t1,20260913,2021H2,19,24929,136,brier_uncertainty,0.005425731191389596,,,True
2016H2-E,E,tabicl@t1,20260913,2021H2,19,24929,136,observed_over_expected,0.5098790982306622,0.4279698890796067,0.6028287068850234,True
2016H2-E,E,tabicl@t1,20260913,2021H2,19,24929,136,log_oe,-0.6735816436602917,-0.8487024384929431,-0.5061221907940014,True
2016H2-E,E,tabicl@t1,20260913,2021H2,19,24929,136,cox_intercept,-0.9534704284645857,-1.6523547697523642,-0.2545860871768073,True
2016H2-E,E,tabicl@t1,20260913,2021H2,19,24929,136,cox_slope,0.9328388464358198,0.7630291491448757,1.102648543726764,True
2016H2-E,E,tabicl@t1,20260913,2021H2,19,24929,136,psi,0.05820043703497961,,,True
2016H2-E,E,tabicl@t1,20260913,2021H2,19,24929,136,psi_critical,0.0010170661261475434,,,True
2016H2-E,E,tabicl@t1,20260913,2022H1,21,24889,291,auc,0.7830060639691043,0.7585563492724489,0.8074557786657598,True
2016H2-E,E,tabicl@t1,20260913,2022H1,21,24889,291,gini,0.5660121279382087,0.5171126985448977,0.6149115573315196,True
2016H2-E,E,tabicl@t1,20260913,2022H1,21,24889,291,ks,0.44278402205750256,,,True
2016H2-E,E,tabicl@t1,20260913,2022H1,21,24889,291,brier,0.011378936011704935,,,True
2016H2-E,E,tabicl@t1,20260913,2022H1,21,24889,291,brier_miscalibration,3.250441716528413e-05,,,True
2016H2-E,E,tabicl@t1,20260913,2022H1,21,24889,291,brier_discrimination,0.00020877968682575868,,,True
2016H2-E,E,tabicl@t1,20260913,2022H1,21,24889,291,brier_uncertainty,0.01155521128136541,,,True
2016H2-E,E,tabicl@t1,20260913,2022H1,21,24889,291,observed_over_expected,0.9358206761370278,0.8319045383916159,1.04900626425273,True
2016H2-E,E,tabicl@t1,20260913,2022H1,21,24889,291,log_oe,-0.06633140618304577,-0.1840375822538571,0.047843301038589255,True
2016H2-E,E,tabicl@t1,20260913,2022H1,21,24889,291,cox_intercept,-0.026004234213795975,-0.5215773897372586,0.46956892130966665,True
2016H2-E,E,tabicl@t1,20260913,2022H1,21,24889,291,cox_slope,1.0109934038195274,0.8855704768529523,1.1364163307861024,True
2016H2-E,E,tabicl@t1,20260913,2022H1,21,24889,291,psi,0.1317302479161764,,,True
2016H2-E,E,tabicl@t1,20260913,2022H1,21,24889,291,psi_critical,0.0010181568675578935,,,True
2016H2-E,E,tabicl@t1,20260913,2022H2,23,24859,373,auc,0.7955875207127167,0.7736887631293148,0.8174862782961185,True
2016H2-E,E,tabicl@t1,20260913,2022H2,23,24859,373,gini,0.5911750414254333,0.5473775262586296,0.6349725565922371,True
2016H2-E,E,tabicl@t1,20260913,2022H2,23,24859,373,ks,0.45239047798610754,,,True
2016H2-E,E,tabicl@t1,20260913,2022H2,23,24859,373,brier,0.014442140549683296,,,True
2016H2-E,E,tabicl@t1,20260913,2022H2,23,24859,373,brier_miscalibration,9.038581983020558e-05,,,True
2016H2-E,E,tabicl@t1,20260913,2022H2,23,24859,373,brier_discrimination,0.0004277325571656748,,,True
2016H2-E,E,tabicl@t1,20260913,2022H2,23,24859,373,brier_uncertainty,0.014779487287018766,,,True
2016H2-E,E,tabicl@t1,20260913,2022H2,23,24859,373,observed_over_expected,1.218410456751501,1.0986808843050624,1.3474708187552646,True
2016H2-E,E,tabicl@t1,20260913,2022H2,23,24859,373,log_oe,0.19754710492533298,0.09411026410703059,0.2982293677262752,True
2016H2-E,E,tabicl@t1,20260913,2022H2,23,24859,373,cox_intercept,0.7116427756507233,0.2523193938769265,1.17096615742452,True
2016H2-E,E,tabicl@t1,20260913,2022H2,23,24859,373,cox_slope,1.1318456733249525,1.0141738851285254,1.2495174615213795,True
2016H2-E,E,tabicl@t1,20260913,2022H2,23,24859,373,psi,0.18111784712569395,,,True
2016H2-E,E,tabicl@t1,20260913,2022H2,23,24859,373,psi_critical,0.001018977227164634,,,True
2016H2-E,E,tabicl@t1,20260913,2023H1,25,24882,381,auc,0.8004272898604706,0.7803083631615473,0.820546216559394,True
2016H2-E,E,tabicl@t1,20260913,2023H1,25,24882,381,gini,0.6008545797209413,0.5606167263230946,0.6410924331187879,True
2016H2-E,E,tabicl@t1,20260913,2023H1,25,24882,381,ks,0.47334883004936,,,True
2016H2-E,E,tabicl@t1,20260913,2023H1,25,24882,381,brier,0.014763702638264365,,,True
2016H2-E,E,tabicl@t1,20260913,2023H1,25,24882,381,brier_miscalibration,8.440818265575273e-05,,,True
2016H2-E,E,tabicl@t1,20260913,2023H1,25,24882,381,brier_discrimination,0.0003985137443568588,,,True
2016H2-E,E,tabicl@t1,20260913,2023H1,25,24882,381,brier_uncertainty,0.015077808199965471,,,True
2016H2-E,E,tabicl@t1,20260913,2023H1,25,24882,381,observed_over_expected,1.2775181646973066,1.1532891823826483,1.4113173904452054,True
2016H2-E,E,tabicl@t1,20260913,2023H1,25,24882,381,log_oe,0.24491926193577446,0.1426180184976663,0.3445235876500125,True
2016H2-E,E,tabicl@t1,20260913,2023H1,25,24882,381,cox_intercept,0.6862161835651933,0.23860871886905394,1.1338236482613326,True
2016H2-E,E,tabicl@t1,20260913,2023H1,25,24882,381,cox_slope,1.1120365242941292,0.9981077755401188,1.2259652730481398,True
2016H2-E,E,tabicl@t1,20260913,2023H1,25,24882,381,psi,0.15449566503799844,,,True
2016H2-E,E,tabicl@t1,20260913,2023H1,25,24882,381,psi_critical,0.0010183481078604518,,,True
2016H2-E,E,tabicl@t1,20260913,2023H2,27,24866,363,auc,0.8187785854973175,0.8000925122614636,0.8374646587331714,True
2016H2-E,E,tabicl@t1,20260913,2023H2,27,24866,363,gini,0.637557170994635,0.6001850245229272,0.6749293174663429,True
2016H2-E,E,tabicl@t1,20260913,2023H2,27,24866,363,ks,0.4990374484981824,,,True
2016H2-E,E,tabicl@t1,20260913,2023H2,27,24866,363,brier,0.014014421369638859,,,True
2016H2-E,E,tabicl@t1,20260913,2023H2,27,24866,363,brier_miscalibration,0.0001374241521721175,,,True
2016H2-E,E,tabicl@t1,20260913,2023H2,27,24866,363,brier_discrimination,0.0005081405804722872,,,True
2016H2-E,E,tabicl@t1,20260913,2023H2,27,24866,363,brier_uncertainty,0.014385137797939028,,,True
2016H2-E,E,tabicl@t1,20260913,2023H2,27,24866,363,observed_over_expected,1.2823467757653282,1.1546315182759725,1.4201637725482354,True
2016H2-E,E,tabicl@t1,20260913,2023H2,27,24866,363,log_oe,0.24869181783784633,0.14378126127659235,0.3507721977433031,True
2016H2-E,E,tabicl@t1,20260913,2023H2,27,24866,363,cox_intercept,0.9510882225372311,0.5027798893362337,1.3993965557382286,True
2016H2-E,E,tabicl@t1,20260913,2023H2,27,24866,363,cox_slope,1.1800192495446817,1.0648768451637776,1.295161653925586,True
2016H2-E,E,tabicl@t1,20260913,2023H2,27,24866,363,psi,0.12256504028661613,,,True
2016H2-E,E,tabicl@t1,20260913,2023H2,27,24866,363,psi_critical,0.0010187856328701956,,,True
2016H2-E,E,tabpfn,20260911,2017H1,1,24541,162,auc,0.7989488524580202,0.7708732017863379,0.8270245031297024,True
2016H2-E,E,tabpfn,20260911,2017H1,1,24541,162,gini,0.5978977049160403,0.5417464035726758,0.6540490062594049,True
2016H2-E,E,tabpfn,20260911,2017H1,1,24541,162,ks,0.46006024209259233,,,True
2016H2-E,E,tabpfn,20260911,2017H1,1,24541,162,brier,0.006524957561118518,,,True
2016H2-E,E,tabpfn,20260911,2017H1,1,24541,162,brier_miscalibration,4.4309593191774535e-05,,,True
2016H2-E,E,tabpfn,20260911,2017H1,1,24541,162,brier_discrimination,7.697421229325378e-05,,,True
2016H2-E,E,tabpfn,20260911,2017H1,1,24541,162,brier_uncertainty,0.006557622180219997,,,True
2016H2-E,E,tabpfn,20260911,2017H1,1,24541,162,observed_over_expected,0.7616551993969165,0.6491875044954545,0.887904345021901,True
2016H2-E,E,tabpfn,20260911,2017H1,1,24541,162,log_oe,-0.2722613199316665,-0.4320336910693672,-0.11889126136206789,True
2016H2-E,E,tabpfn,20260911,2017H1,1,24541,162,cox_intercept,-0.8883402513409523,-1.4846273190639123,-0.2920531836179924,True
2016H2-E,E,tabpfn,20260911,2017H1,1,24541,162,cox_slope,0.8496080634191739,0.7104695631368275,0.9887465637015204,True
2016H2-E,E,tabpfn,20260911,2017H1,1,24541,162,psi,0.04645701119572509,,,True
2016H2-E,E,tabpfn,20260911,2017H1,1,24541,162,psi_critical,0.001027796348662249,,,True
2016H2-E,E,tabpfn,20260911,2017H2,3,24680,143,auc,0.8137315673689314,0.7825818997991352,0.8448812349387276,True
2016H2-E,E,tabpfn,20260911,2017H2,3,24680,143,gini,0.6274631347378627,0.5651637995982703,0.6897624698774552,True
2016H2-E,E,tabpfn,20260911,2017H2,3,24680,143,ks,0.5163926834057657,,,True
2016H2-E,E,tabpfn,20260911,2017H2,3,24680,143,brier,0.005713197954284669,,,True
2016H2-E,E,tabpfn,20260911,2017H2,3,24680,143,brier_miscalibration,7.190160208116279e-05,,,True
2016H2-E,E,tabpfn,20260911,2017H2,3,24680,143,brier_discrimination,0.00011929661213221174,,,True
2016H2-E,E,tabpfn,20260911,2017H2,3,24680,143,brier_uncertainty,0.005760592964335718,,,True
2016H2-E,E,tabpfn,20260911,2017H2,3,24680,143,observed_over_expected,0.6682427095388674,0.5634538810386204,0.7867739339334904,True
2016H2-E,E,tabpfn,20260911,2017H2,3,24680,143,log_oe,-0.4031038338035898,-0.5736697926163385,-0.23981432223120525,True
2016H2-E,E,tabpfn,20260911,2017H2,3,24680,143,cox_intercept,-0.6414735849638066,-1.2986375116856905,0.015690341758077375,True
2016H2-E,E,tabpfn,20260911,2017H2,3,24680,143,cox_slope,0.9427328852019533,0.7850216730469848,1.1004440973569218,True
2016H2-E,E,tabpfn,20260911,2017H2,3,24680,143,psi,0.04530364781740947,,,True
2016H2-E,E,tabpfn,20260911,2017H2,3,24680,143,psi_critical,0.0010239134906912925,,,True
2016H2-E,E,tabpfn,20260911,2018H1,5,24416,148,auc,0.7752462368417536,0.7389176990179165,0.8115747746655908,True
2016H2-E,E,tabpfn,20260911,2018H1,5,24416,148,gini,0.5504924736835073,0.47783539803583297,0.6231495493311816,True
2016H2-E,E,tabpfn,20260911,2018H1,5,24416,148,ks,0.43456069387336904,,,True
2016H2-E,E,tabpfn,20260911,2018H1,5,24416,148,brier,0.006000255371030832,,,True
2016H2-E,E,tabpfn,20260911,2018H1,5,24416,148,brier_miscalibration,4.530362322515552e-05,,,True
2016H2-E,E,tabpfn,20260911,2018H1,5,24416,148,brier_discrimination,6.990422185261785e-05,,,True
2016H2-E,E,tabpfn,20260911,2018H1,5,24416,148,brier_uncertainty,0.006024855969658295,,,True
2016H2-E,E,tabpfn,20260911,2018H1,5,24416,148,observed_over_expected,0.7090646266177131,0.59970094009584,0.8325035445431817,True
2016H2-E,E,tabpfn,20260911,2018H1,5,24416,148,log_oe,-0.34380860481605163,-0.5113241811986966,-0.18331779942707468,True
2016H2-E,E,tabpfn,20260911,2018H1,5,24416,148,cox_intercept,-1.2989388448974302,-1.9281387163317631,-0.6697389734630972,True
2016H2-E,E,tabpfn,20260911,2018H1,5,24416,148,cox_slope,0.7706340867227048,0.6280572464205945,0.9132109270248152,True
2016H2-E,E,tabpfn,20260911,2018H1,5,24416,148,psi,0.05196084439181987,,,True
2016H2-E,E,tabpfn,20260911,2018H1,5,24416,148,psi_critical,0.0010313258825568766,,,True
2016H2-E,E,tabpfn,20260911,2018H2,7,24543,146,auc,0.7857919315253784,0.7497957620498231,0.8217881010009337,True
2016H2-E,E,tabpfn,20260911,2018H2,7,24543,146,gini,0.5715838630507568,0.49959152409964624,0.6435762020018674,True
2016H2-E,E,tabpfn,20260911,2018H2,7,24543,146,ks,0.4435746366749561,,,True
2016H2-E,E,tabpfn,20260911,2018H2,7,24543,146,brier,0.005880927542462588,,,True
2016H2-E,E,tabpfn,20260911,2018H2,7,24543,146,brier_miscalibration,6.151127484371743e-05,,,True
2016H2-E,E,tabpfn,20260911,2018H2,7,24543,146,brier_discrimination,9.393921128437056e-05,,,True
2016H2-E,E,tabpfn,20260911,2018H2,7,24543,146,brier_uncertainty,0.005913355478903241,,,True
2016H2-E,E,tabpfn,20260911,2018H2,7,24543,146,observed_over_expected,0.6795469677153546,0.5740459741497155,0.7987276170360954,True
2016H2-E,E,tabpfn,20260911,2018H2,7,24543,146,log_oe,-0.3863289267857851,-0.5550457915324674,-0.2247352961730512,True
2016H2-E,E,tabpfn,20260911,2018H2,7,24543,146,cox_intercept,-1.1257883802781246,-1.7725437559627575,-0.47903300459349174,True
2016H2-E,E,tabpfn,20260911,2018H2,7,24543,146,cox_slope,0.8212351433178071,0.6717713941062571,0.9706988925293571,True
2016H2-E,E,tabpfn,20260911,2018H2,7,24543,146,psi,0.06093480161813986,,,True
2016H2-E,E,tabpfn,20260911,2018H2,7,24543,146,psi_critical,0.0010277401683422742,,,True
2016H2-E,E,tabpfn,20260911,2019H1,9,24752,110,auc,0.7182164965948749,0.6699926642999742,0.7664403288897755,True
2016H2-E,E,tabpfn,20260911,2019H1,9,24752,110,gini,0.4364329931897497,0.33998532859994834,0.5328806577795511,True
2016H2-E,E,tabpfn,20260911,2019H1,9,24752,110,ks,0.3320871239790159,,,True
2016H2-E,E,tabpfn,20260911,2019H1,9,24752,110,brier,0.004470561475952731,,,True
2016H2-E,E,tabpfn,20260911,2019H1,9,24752,110,brier_miscalibration,0.00011284578302139803,,,True
2016H2-E,E,tabpfn,20260911,2019H1,9,24752,110,brier_discrimination,6.661973911827046e-05,,,True
2016H2-E,E,tabpfn,20260911,2019H1,9,24752,110,brier_uncertainty,0.004424335432049603,,,True
2016H2-E,E,tabpfn,20260911,2019H1,9,24752,110,observed_over_expected,0.5239280610680984,0.4307671053757386,0.6311867464987039,True
2016H2-E,E,tabpfn,20260911,2019H1,9,24752,110,log_oe,-0.6464008921239404,-0.8421876936817835,-0.46015350697968993,True
2016H2-E,E,tabpfn,20260911,2019H1,9,24752,110,cox_intercept,-2.4228441704290637,-3.141753219849931,-1.7039351210081963,True
2016H2-E,E,tabpfn,20260911,2019H1,9,24752,110,cox_slope,0.587403550586373,0.4345873062786894,0.7402197948940565,True
2016H2-E,E,tabpfn,20260911,2019H1,9,24752,110,psi,0.07964509547251472,,,True
2016H2-E,E,tabpfn,20260911,2019H1,9,24752,110,psi_critical,0.0010219193712836033,,,True
2016H2-E,E,tabpfn,20260911,2019H2,11,24861,136,auc,0.6922562897757688,0.6497626967947261,0.7347498827568115,True
2016H2-E,E,tabpfn,20260911,2019H2,11,24861,136,gini,0.3845125795515376,0.2995253935894522,0.46949976551362305,True
2016H2-E,E,tabpfn,20260911,2019H2,11,24861,136,ks,0.29928091357877834,,,True
2016H2-E,E,tabpfn,20260911,2019H2,11,24861,136,brier,0.005477453789084843,,,True
2016H2-E,E,tabpfn,20260911,2019H2,11,24861,136,brier_miscalibration,6.077762507755453e-05,,,True
2016H2-E,E,tabpfn,20260911,2019H2,11,24861,136,brier_discrimination,2.381390037498824e-05,,,True
2016H2-E,E,tabpfn,20260911,2019H2,11,24861,136,brier_uncertainty,0.0054404900643822765,,,True
2016H2-E,E,tabpfn,20260911,2019H2,11,24861,136,observed_over_expected,0.7108746545818879,0.5966773258727879,0.8404640709104314,True
2016H2-E,E,tabpfn,20260911,2019H2,11,24861,136,log_oe,-0.3412591592608473,-0.5163788043837514,-0.17380107432802466,True
2016H2-E,E,tabpfn,20260911,2019H2,11,24861,136,cox_intercept,-2.666677648225357,-3.293987954725676,-2.039367341725038,True
2016H2-E,E,tabpfn,20260911,2019H2,11,24861,136,cox_slope,0.47666995728553463,0.3512415986940415,0.6020983158770278,True
2016H2-E,E,tabpfn,20260911,2019H2,11,24861,136,psi,0.05248934710829875,,,True
2016H2-E,E,tabpfn,20260911,2019H2,11,24861,136,psi_critical,0.0010189224749281936,,,True
2016H2-E,E,tabpfn,20260911,2020H1,13,24880,111,auc,0.664732397624319,0.6135506486257891,0.7159141466228489,True
2016H2-E,E,tabpfn,20260911,2020H1,13,24880,111,gini,0.32946479524863803,0.22710129725157824,0.4318282932456978,True
2016H2-E,E,tabpfn,20260911,2020H1,13,24880,111,ks,0.26565283035063814,,,True
2016H2-E,E,tabpfn,20260911,2020H1,13,24880,111,brier,0.0044983505205178995,,,True
2016H2-E,E,tabpfn,20260911,2020H1,13,24880,111,brier_miscalibration,6.813359131234605e-05,,,True
2016H2-E,E,tabpfn,20260911,2020H1,13,24880,111,brier_discrimination,1.1293639853906731e-05,,,True
2016H2-E,E,tabpfn,20260911,2020H1,13,24880,111,brier_uncertainty,0.00444151056905946,,,True
2016H2-E,E,tabpfn,20260911,2020H1,13,24880,111,observed_over_expected,0.6909799396645459,0.5686432938126847,0.8317386432346462,True
2016H2-E,E,tabpfn,20260911,2020H1,13,24880,111,log_oe,-0.3696444865120711,-0.5645019415933246,-0.18423701823790922,True
2016H2-E,E,tabpfn,20260911,2020H1,13,24880,111,cox_intercept,-3.335933595309061,-4.016920071912488,-2.6549471187056337,True
2016H2-E,E,tabpfn,20260911,2020H1,13,24880,111,cox_slope,0.36532180574576734,0.24001978797634893,0.49062382351518574,True
2016H2-E,E,tabpfn,20260911,2020H1,13,24880,111,psi,0.0452595139191499,,,True
2016H2-E,E,tabpfn,20260911,2020H1,13,24880,111,psi_critical,0.0010184027677122018,,,True
2016H2-E,E,tabpfn,20260911,2020H2,15,24919,71,auc,0.6805297334554655,0.6158746058132956,0.7451848610976355,False
2016H2-E,E,tabpfn,20260911,2020H2,15,24919,71,gini,0.36105946691093105,0.23174921162659112,0.490369722195271,False
2016H2-E,E,tabpfn,20260911,2020H2,15,24919,71,ks,0.3104356175689035,,,False
2016H2-E,E,tabpfn,20260911,2020H2,15,24919,71,brier,0.0028941219670976705,,,False
2016H2-E,E,tabpfn,20260911,2020H2,15,24919,71,brier_miscalibration,6.021920889000623e-05,,,False
2016H2-E,E,tabpfn,20260911,2020H2,15,24919,71,brier_discrimination,7.2106316869307435e-06,,,False
2016H2-E,E,tabpfn,20260911,2020H2,15,24919,71,brier_uncertainty,0.002841113389894595,,,False
2016H2-E,E,tabpfn,20260911,2020H2,15,24919,71,observed_over_expected,0.5242905539238633,0.40959491520086644,0.661074847553115,False
2016H2-E,E,tabpfn,20260911,2020H2,15,24919,71,log_oe,-0.6457092561139887,-0.8925866193942787,-0.4138882117237976,False
2016H2-E,E,tabpfn,20260911,2020H2,15,24919,71,cox_intercept,-3.5192296593440426,-4.372939127512563,-2.665520191175522,False
2016H2-E,E,tabpfn,20260911,2020H2,15,24919,71,cox_slope,0.40025782796541315,0.2463702483119671,0.5541454076188592,False
2016H2-E,E,tabpfn,20260911,2020H2,15,24919,71,psi,0.07352460166356885,,,False
2016H2-E,E,tabpfn,20260911,2020H2,15,24919,71,psi_critical,0.0010173384832140608,,,False
2016H2-E,E,tabpfn,20260911,2021H1,17,24909,90,auc,0.7493201892815091,0.7015531746237808,0.7970872039392375,False
2016H2-E,E,tabpfn,20260911,2021H1,17,24909,90,gini,0.49864037856301824,0.4031063492475615,0.594174407878475,False
2016H2-E,E,tabpfn,20260911,2021H1,17,24909,90,ks,0.39208536470714644,,,False
2016H2-E,E,tabpfn,20260911,2021H1,17,24909,90,brier,0.003627020040528859,,,False
2016H2-E,E,tabpfn,20260911,2021H1,17,24909,90,brier_miscalibration,5.33928348349158e-05,,,False
2016H2-E,E,tabpfn,20260911,2021H1,17,24909,90,brier_discrimination,2.6469800667069422e-05,,,False
2016H2-E,E,tabpfn,20260911,2021H1,17,24909,90,brier_uncertainty,0.0036000970063610124,,,False
2016H2-E,E,tabpfn,20260911,2021H1,17,24909,90,observed_over_expected,0.5811809530395168,0.46749429670415393,0.714074126099551,False
2016H2-E,E,tabpfn,20260911,2021H1,17,24909,90,log_oe,-0.5426931196063662,-0.7603681298911177,-0.3367685039646771,False
2016H2-E,E,tabpfn,20260911,2021H1,17,24909,90,cox_intercept,-2.2027182592765424,-2.990148192903594,-1.4152883256494908,False
2016H2-E,E,tabpfn,20260911,2021H1,17,24909,90,cox_slope,0.6315989063394767,0.4716123237387557,0.7915854889401976,False
2016H2-E,E,tabpfn,20260911,2021H1,17,24909,90,psi,0.04898188705709952,,,False
2016H2-E,E,tabpfn,20260911,2021H1,17,24909,90,psi_critical,0.001017611058962233,,,False
2016H2-E,E,tabpfn,20260911,2021H2,19,24929,136,auc,0.7653473703440962,0.7267255038277185,0.8039692368604738,True
2016H2-E,E,tabpfn,20260911,2021H2,19,24929,136,gini,0.5306947406881923,0.453451007655437,0.6079384737209477,True
2016H2-E,E,tabpfn,20260911,2021H2,19,24929,136,ks,0.4184227758783907,,,True
2016H2-E,E,tabpfn,20260911,2021H2,19,24929,136,brier,0.005406517513721651,,,True
2016H2-E,E,tabpfn,20260911,2021H2,19,24929,136,brier_miscalibration,3.300305504038911e-05,,,True
2016H2-E,E,tabpfn,20260911,2021H2,19,24929,136,brier_discrimination,5.2216732708334004e-05,,,True
2016H2-E,E,tabpfn,20260911,2021H2,19,24929,136,brier_uncertainty,0.005425731191389596,,,True
2016H2-E,E,tabpfn,20260911,2021H2,19,24929,136,observed_over_expected,0.7300811931871587,0.6127977560791595,0.8631730603143657,True
2016H2-E,E,tabpfn,20260911,2021H2,19,24929,136,log_oe,-0.314599527480527,-0.4897203223131785,-0.14714007461423692,True
2016H2-E,E,tabpfn,20260911,2021H2,19,24929,136,cox_intercept,-1.5006139804289247,-2.163395156038831,-0.8378328048190185,True
2016H2-E,E,tabpfn,20260911,2021H2,19,24929,136,cox_slope,0.7244889525627145,0.5804548691884879,0.8685230359369411,True
2016H2-E,E,tabpfn,20260911,2021H2,19,24929,136,psi,0.041703225391152024,,,True
2016H2-E,E,tabpfn,20260911,2021H2,19,24929,136,psi_critical,0.0010170661261475434,,,True
2016H2-E,E,tabpfn,20260911,2022H1,21,24889,291,auc,0.7761188921290783,0.7524222518259047,0.7998155324322518,True
2016H2-E,E,tabpfn,20260911,2022H1,21,24889,291,gini,0.5522377842581565,0.5048445036518094,0.5996310648645036,True
2016H2-E,E,tabpfn,20260911,2022H1,21,24889,291,ks,0.4301432323863952,,,True
2016H2-E,E,tabpfn,20260911,2022H1,21,24889,291,brier,0.011414524975139178,,,True
2016H2-E,E,tabpfn,20260911,2022H1,21,24889,291,brier_miscalibration,4.0073580696409206e-05,,,True
2016H2-E,E,tabpfn,20260911,2022H1,21,24889,291,brier_discrimination,0.00018075988692264032,,,True
2016H2-E,E,tabpfn,20260911,2022H1,21,24889,291,brier_uncertainty,0.01155521128136541,,,True
2016H2-E,E,tabpfn,20260911,2022H1,21,24889,291,observed_over_expected,1.3628247707439731,1.211492907481365,1.527655626813579,True
2016H2-E,E,tabpfn,20260911,2022H1,21,24889,291,log_oe,0.3095595829999011,0.19185340692908961,0.42373429022153614,True
2016H2-E,E,tabpfn,20260911,2022H1,21,24889,291,cox_intercept,-0.4426223934813709,-0.9267977756527053,0.04155298868996343,True
2016H2-E,E,tabpfn,20260911,2022H1,21,24889,291,cox_slope,0.8179925253444961,0.7079677144085589,0.9280173362804333,True
2016H2-E,E,tabpfn,20260911,2022H1,21,24889,291,psi,0.09929884381569497,,,True
2016H2-E,E,tabpfn,20260911,2022H1,21,24889,291,psi_critical,0.0010181568675578935,,,True
2016H2-E,E,tabpfn,20260911,2022H2,23,24859,373,auc,0.7821822570165936,0.7599643939408063,0.8044001200923809,True
2016H2-E,E,tabpfn,20260911,2022H2,23,24859,373,gini,0.5643645140331872,0.5199287878816126,0.6088002401847619,True
2016H2-E,E,tabpfn,20260911,2022H2,23,24859,373,ks,0.4297383699477888,,,True
2016H2-E,E,tabpfn,20260911,2022H2,23,24859,373,brier,0.014551573936103556,,,True
2016H2-E,E,tabpfn,20260911,2022H2,23,24859,373,brier_miscalibration,0.00016259895085146865,,,True
2016H2-E,E,tabpfn,20260911,2022H2,23,24859,373,brier_discrimination,0.00039051230176667846,,,True
2016H2-E,E,tabpfn,20260911,2022H2,23,24859,373,brier_uncertainty,0.014779487287018766,,,True
2016H2-E,E,tabpfn,20260911,2022H2,23,24859,373,observed_over_expected,1.845336511235982,1.6640007796803322,2.0408041361559572,True
2016H2-E,E,tabpfn,20260911,2022H2,23,24859,373,log_oe,0.6126616517751015,0.5092248109567991,0.7133439145760436,True
2016H2-E,E,tabpfn,20260911,2022H2,23,24859,373,cox_intercept,0.05573421098545887,-0.38648595719206735,0.49795437916298513,True
2016H2-E,E,tabpfn,20260911,2022H2,23,24859,373,cox_slope,0.8637362554695909,0.7635400302834706,0.9639324806557111,True
2016H2-E,E,tabpfn,20260911,2022H2,23,24859,373,psi,0.10050888107321818,,,True
2016H2-E,E,tabpfn,20260911,2022H2,23,24859,373,psi_critical,0.001018977227164634,,,True
2016H2-E,E,tabpfn,20260911,2023H1,25,24882,381,auc,0.7900960922801266,0.7696055713967335,0.8105866131635197,True
2016H2-E,E,tabpfn,20260911,2023H1,25,24882,381,gini,0.5801921845602531,0.5392111427934669,0.6211732263270393,True
2016H2-E,E,tabpfn,20260911,2023H1,25,24882,381,ks,0.44930224605969804,,,True
2016H2-E,E,tabpfn,20260911,2023H1,25,24882,381,brier,0.014868084460381169,,,True
2016H2-E,E,tabpfn,20260911,2023H1,25,24882,381,brier_miscalibration,0.00016726515343317913,,,True
2016H2-E,E,tabpfn,20260911,2023H1,25,24882,381,brier_discrimination,0.0003769888930174811,,,True
2016H2-E,E,tabpfn,20260911,2023H1,25,24882,381,brier_uncertainty,0.015077808199965471,,,True
2016H2-E,E,tabpfn,20260911,2023H1,25,24882,381,observed_over_expected,1.9080799495293221,1.7225336012617847,2.1079202547140268,True
2016H2-E,E,tabpfn,20260911,2023H1,25,24882,381,log_oe,0.646097474417256,0.5437962309791481,0.7457018001314941,True
2016H2-E,E,tabpfn,20260911,2023H1,25,24882,381,cox_intercept,0.0387578606498676,-0.3832956253287174,0.4608113466284526,True
2016H2-E,E,tabpfn,20260911,2023H1,25,24882,381,cox_slope,0.8506526488559807,0.7551134331564184,0.9461918645555429,True
2016H2-E,E,tabpfn,20260911,2023H1,25,24882,381,psi,0.06858586394885624,,,True
2016H2-E,E,tabpfn,20260911,2023H1,25,24882,381,psi_critical,0.0010183481078604518,,,True
2016H2-E,E,tabpfn,20260911,2023H2,27,24866,363,auc,0.8159921723195979,0.7972993253995717,0.834685019239624,True
2016H2-E,E,tabpfn,20260911,2023H2,27,24866,363,gini,0.6319843446391957,0.5945986507991434,0.669370038479248,True
2016H2-E,E,tabpfn,20260911,2023H2,27,24866,363,ks,0.5048940428838252,,,True
2016H2-E,E,tabpfn,20260911,2023H2,27,24866,363,brier,0.014136643606465127,,,True
2016H2-E,E,tabpfn,20260911,2023H2,27,24866,363,brier_miscalibration,0.00017471446106064568,,,True
2016H2-E,E,tabpfn,20260911,2023H2,27,24866,363,brier_discrimination,0.0004232086525345468,,,True
2016H2-E,E,tabpfn,20260911,2023H2,27,24866,363,brier_uncertainty,0.014385137797939028,,,True
2016H2-E,E,tabpfn,20260911,2023H2,27,24866,363,observed_over_expected,1.9611188592878581,1.7658013330035207,2.1718851797787164,True
2016H2-E,E,tabpfn,20260911,2023H2,27,24866,363,log_oe,0.6735151569469373,0.5686046003856835,0.7755955368523941,True
2016H2-E,E,tabpfn,20260911,2023H2,27,24866,363,cox_intercept,0.43467055453871584,0.0017711117326146275,0.867569997344817,True
2016H2-E,E,tabpfn,20260911,2023H2,27,24866,363,cox_slope,0.9377090112308935,0.8384053143691895,1.0370127080925973,True
2016H2-E,E,tabpfn,20260911,2023H2,27,24866,363,psi,0.04571377096451482,,,True
2016H2-E,E,tabpfn,20260911,2023H2,27,24866,363,psi_critical,0.0010187856328701956,,,True
2016H2-E,E,tabpfn,20260912,2017H1,1,24541,162,auc,0.7990093680100107,0.7716676535259858,0.8263510824940355,True
2016H2-E,E,tabpfn,20260912,2017H1,1,24541,162,gini,0.5980187360200213,0.5433353070519715,0.6527021649880711,True
2016H2-E,E,tabpfn,20260912,2017H1,1,24541,162,ks,0.4803866310764324,,,True
2016H2-E,E,tabpfn,20260912,2017H1,1,24541,162,brier,0.0065341929292608665,,,True
2016H2-E,E,tabpfn,20260912,2017H1,1,24541,162,brier_miscalibration,5.554148159041261e-05,,,True
2016H2-E,E,tabpfn,20260912,2017H1,1,24541,162,brier_discrimination,7.897073254954298e-05,,,True
2016H2-E,E,tabpfn,20260912,2017H1,1,24541,162,brier_uncertainty,0.006557622180219997,,,True
2016H2-E,E,tabpfn,20260912,2017H1,1,24541,162,observed_over_expected,0.7420291608348262,0.6324594902872624,0.8650251669782858,True
2016H2-E,E,tabpfn,20260912,2017H1,1,24541,162,log_oe,-0.29836673627051646,-0.4581391074082171,-0.14499667770091768,True
2016H2-E,E,tabpfn,20260912,2017H1,1,24541,162,cox_intercept,-1.0258799537518648,-1.5891006820626723,-0.4626592254410573,True
2016H2-E,E,tabpfn,20260912,2017H1,1,24541,162,cox_slope,0.8205730569603952,0.689332367347576,0.9518137465732144,True
2016H2-E,E,tabpfn,20260912,2017H1,1,24541,162,psi,0.04756056395905264,,,True
2016H2-E,E,tabpfn,20260912,2017H1,1,24541,162,psi_critical,0.001027796348662249,,,True
2016H2-E,E,tabpfn,20260912,2017H2,3,24680,143,auc,0.8183878720619153,0.7883483483030875,0.8484273958207431,True
2016H2-E,E,tabpfn,20260912,2017H2,3,24680,143,gini,0.6367757441238306,0.5766966966061751,0.6968547916414862,True
2016H2-E,E,tabpfn,20260912,2017H2,3,24680,143,ks,0.5074770768620872,,,True
2016H2-E,E,tabpfn,20260912,2017H2,3,24680,143,brier,0.005732835372059894,,,True
2016H2-E,E,tabpfn,20260912,2017H2,3,24680,143,brier_miscalibration,5.3190937273973546e-05,,,True
2016H2-E,E,tabpfn,20260912,2017H2,3,24680,143,brier_discrimination,8.094852954979807e-05,,,True
2016H2-E,E,tabpfn,20260912,2017H2,3,24680,143,brier_uncertainty,0.005760592964335718,,,True
2016H2-E,E,tabpfn,20260912,2017H2,3,24680,143,observed_over_expected,0.6484797591026985,0.546790008818125,0.7635054806621826,True
2016H2-E,E,tabpfn,20260912,2017H2,3,24680,143,log_oe,-0.43312448758213223,-0.603690446394881,-0.26983497600974765,True
2016H2-E,E,tabpfn,20260912,2017H2,3,24680,143,cox_intercept,-0.7585598762498532,-1.3748380022616211,-0.1422817502380853,True
2016H2-E,E,tabpfn,20260912,2017H2,3,24680,143,cox_slope,0.9201965547793781,0.7714657928515115,1.0689273167072446,True
2016H2-E,E,tabpfn,20260912,2017H2,3,24680,143,psi,0.04502216217388244,,,True
2016H2-E,E,tabpfn,20260912,2017H2,3,24680,143,psi_critical,0.0010239134906912925,,,True
2016H2-E,E,tabpfn,20260912,2018H1,5,24416,148,auc,0.7733972331487577,0.7377593228653272,0.8090351434321883,True
2016H2-E,E,tabpfn,20260912,2018H1,5,24416,148,gini,0.5467944662975155,0.4755186457306544,0.6180702868643766,True
2016H2-E,E,tabpfn,20260912,2018H1,5,24416,148,ks,0.447496202317366,,,True
2016H2-E,E,tabpfn,20260912,2018H1,5,24416,148,brier,0.0060197325269681435,,,True
2016H2-E,E,tabpfn,20260912,2018H1,5,24416,148,brier_miscalibration,6.164104477891699e-05,,,True
2016H2-E,E,tabpfn,20260912,2018H1,5,24416,148,brier_discrimination,6.676448746906812e-05,,,True
2016H2-E,E,tabpfn,20260912,2018H1,5,24416,148,brier_uncertainty,0.006024855969658295,,,True
2016H2-E,E,tabpfn,20260912,2018H1,5,24416,148,observed_over_expected,0.6922749579847854,0.585500852141808,0.8127910132393833,True
2016H2-E,E,tabpfn,20260912,2018H1,5,24416,148,log_oe,-0.3677720641540549,-0.5352876405366999,-0.207281258765078,True
2016H2-E,E,tabpfn,20260912,2018H1,5,24416,148,cox_intercept,-1.4235127098058626,-2.0149190195633535,-0.8321064000483716,True
2016H2-E,E,tabpfn,20260912,2018H1,5,24416,148,cox_slope,0.7441472756840913,0.6106376500620273,0.8776569013061554,True
2016H2-E,E,tabpfn,20260912,2018H1,5,24416,148,psi,0.05345730222558956,,,True
2016H2-E,E,tabpfn,20260912,2018H1,5,24416,148,psi_critical,0.0010313258825568766,,,True
2016H2-E,E,tabpfn,20260912,2018H2,7,24543,146,auc,0.7771598910937286,0.7413762117117553,0.812943570475702,True
2016H2-E,E,tabpfn,20260912,2018H2,7,24543,146,gini,0.5543197821874573,0.48275242342351055,0.625887140951404,True
2016H2-E,E,tabpfn,20260912,2018H2,7,24543,146,ks,0.437860370211698,,,True
2016H2-E,E,tabpfn,20260912,2018H2,7,24543,146,brier,0.005900226773475335,,,True
2016H2-E,E,tabpfn,20260912,2018H2,7,24543,146,brier_miscalibration,6.710124945831942e-05,,,True
2016H2-E,E,tabpfn,20260912,2018H2,7,24543,146,brier_discrimination,8.022995488622588e-05,,,True
2016H2-E,E,tabpfn,20260912,2018H2,7,24543,146,brier_uncertainty,0.005913355478903241,,,True
2016H2-E,E,tabpfn,20260912,2018H2,7,24543,146,observed_over_expected,0.6601618055875331,0.5576703962921203,0.7759426366185258,True
2016H2-E,E,tabpfn,20260912,2018H2,7,24543,146,log_oe,-0.4152703140273524,-0.5839871787740348,-0.2536766834146184,True
2016H2-E,E,tabpfn,20260912,2018H2,7,24543,146,cox_intercept,-1.3707207911181611,-1.9702639105646118,-0.7711776716717104,True
2016H2-E,E,tabpfn,20260912,2018H2,7,24543,146,cox_slope,0.7667446328061222,0.6294484008625696,0.9040408647496747,True
2016H2-E,E,tabpfn,20260912,2018H2,7,24543,146,psi,0.05849539530755279,,,True
2016H2-E,E,tabpfn,20260912,2018H2,7,24543,146,psi_critical,0.0010277401683422742,,,True
2016H2-E,E,tabpfn,20260912,2019H1,9,24752,110,auc,0.7083161785864489,0.6608084361280728,0.755823921044825,True
2016H2-E,E,tabpfn,20260912,2019H1,9,24752,110,gini,0.4166323571728978,0.32161687225614566,0.51164784208965,True
2016H2-E,E,tabpfn,20260912,2019H1,9,24752,110,ks,0.32746604097955456,,,True
2016H2-E,E,tabpfn,20260912,2019H1,9,24752,110,brier,0.00450576709081263,,,True
2016H2-E,E,tabpfn,20260912,2019H1,9,24752,110,brier_miscalibration,0.00010072183233343635,,,True
2016H2-E,E,tabpfn,20260912,2019H1,9,24752,110,brier_discrimination,1.9290173570409713e-05,,,True
2016H2-E,E,tabpfn,20260912,2019H1,9,24752,110,brier_uncertainty,0.004424335432049603,,,True
2016H2-E,E,tabpfn,20260912,2019H1,9,24752,110,observed_over_expected,0.5144581190602495,0.422981037382967,0.6197781155632277,True
2016H2-E,E,tabpfn,20260912,2019H1,9,24752,110,log_oe,-0.664641128264735,-0.8604279298225782,-0.47839374312048455,True
2016H2-E,E,tabpfn,20260912,2019H1,9,24752,110,cox_intercept,-2.640087423981479,-3.326812295625524,-1.9533625523374343,True
2016H2-E,E,tabpfn,20260912,2019H1,9,24752,110,cox_slope,0.5403694329702279,0.3969134761305141,0.6838253898099417,True
2016H2-E,E,tabpfn,20260912,2019H1,9,24752,110,psi,0.07954007596193118,,,True
2016H2-E,E,tabpfn,20260912,2019H1,9,24752,110,psi_critical,0.0010219193712836033,,,True
2016H2-E,E,tabpfn,20260912,2019H2,11,24861,136,auc,0.6861636828644502,0.6426566556383505,0.7296707100905498,True
2016H2-E,E,tabpfn,20260912,2019H2,11,24861,136,gini,0.37232736572890035,0.285313311276701,0.4593414201810997,True
2016H2-E,E,tabpfn,20260912,2019H2,11,24861,136,ks,0.26686046511627903,,,True
2016H2-E,E,tabpfn,20260912,2019H2,11,24861,136,brier,0.0054936629317919525,,,True
2016H2-E,E,tabpfn,20260912,2019H2,11,24861,136,brier_miscalibration,7.79375733678091e-05,,,True
2016H2-E,E,tabpfn,20260912,2019H2,11,24861,136,brier_discrimination,2.4764705958133133e-05,,,True
2016H2-E,E,tabpfn,20260912,2019H2,11,24861,136,brier_uncertainty,0.0054404900643822765,,,True
2016H2-E,E,tabpfn,20260912,2019H2,11,24861,136,observed_over_expected,0.6919596707367254,0.5808009095356537,0.81810096621786,True
2016H2-E,E,tabpfn,20260912,2019H2,11,24861,136,log_oe,-0.3682276043449596,-0.5433472494678636,-0.20076951941213686,True
2016H2-E,E,tabpfn,20260912,2019H2,11,24861,136,cox_intercept,-2.737135780742714,-3.3460081442318472,-2.1282634172535806,True
2016H2-E,E,tabpfn,20260912,2019H2,11,24861,136,cox_slope,0.4630366953212317,0.34204640948372905,0.5840269811587344,True
2016H2-E,E,tabpfn,20260912,2019H2,11,24861,136,psi,0.047582664202207,,,True
2016H2-E,E,tabpfn,20260912,2019H2,11,24861,136,psi_critical,0.0010189224749281936,,,True
2016H2-E,E,tabpfn,20260912,2020H1,13,24880,111,auc,0.6617353353999971,0.6120957717002148,0.7113748990997794,True
2016H2-E,E,tabpfn,20260912,2020H1,13,24880,111,gini,0.32347067079999414,0.22419154340042957,0.4227497981995587,True
2016H2-E,E,tabpfn,20260912,2020H1,13,24880,111,ks,0.2702615409628208,,,True
2016H2-E,E,tabpfn,20260912,2020H1,13,24880,111,brier,0.004512450742337518,,,True
2016H2-E,E,tabpfn,20260912,2020H1,13,24880,111,brier_miscalibration,8.314924087291994e-05,,,True
2016H2-E,E,tabpfn,20260912,2020H1,13,24880,111,brier_discrimination,1.2209067594862004e-05,,,True
2016H2-E,E,tabpfn,20260912,2020H1,13,24880,111,brier_uncertainty,0.00444151056905946,,,True
2016H2-E,E,tabpfn,20260912,2020H1,13,24880,111,observed_over_expected,0.6850705563726124,0.5637801552660606,0.8246254664845768,True
2016H2-E,E,tabpfn,20260912,2020H1,13,24880,111,log_oe,-0.37823344402044023,-0.5730908991016935,-0.19282597574627827,True
2016H2-E,E,tabpfn,20260912,2020H1,13,24880,111,cox_intercept,-3.2957455009394048,-3.976289771895325,-2.6152012299834846,True
2016H2-E,E,tabpfn,20260912,2020H1,13,24880,111,cox_slope,0.3729867522025531,0.24794108429109582,0.4980324201140104,True
2016H2-E,E,tabpfn,20260912,2020H1,13,24880,111,psi,0.044716010655737506,,,True
2016H2-E,E,tabpfn,20260912,2020H1,13,24880,111,psi_critical,0.0010184027677122018,,,True
2016H2-E,E,tabpfn,20260912,2020H2,15,24919,71,auc,0.6735600337375183,0.6091897312239674,0.7379303362510692,False
2016H2-E,E,tabpfn,20260912,2020H2,15,24919,71,gini,0.34712006747503654,0.2183794624479347,0.47586067250213837,False
2016H2-E,E,tabpfn,20260912,2020H2,15,24919,71,ks,0.2993314847228899,,,False
2016H2-E,E,tabpfn,20260912,2020H2,15,24919,71,brier,0.0029092681281707826,,,False
2016H2-E,E,tabpfn,20260912,2020H2,15,24919,71,brier_miscalibration,7.419091532624581e-05,,,False
2016H2-E,E,tabpfn,20260912,2020H2,15,24919,71,brier_discrimination,6.03617705005827e-06,,,False
2016H2-E,E,tabpfn,20260912,2020H2,15,24919,71,brier_uncertainty,0.002841113389894595,,,False
2016H2-E,E,tabpfn,20260912,2020H2,15,24919,71,observed_over_expected,0.5201301899118947,0.4063446869983297,0.6558290692639701,False
2016H2-E,E,tabpfn,20260912,2020H2,15,24919,71,log_oe,-0.6536761335276221,-0.900553496807912,-0.4218550891374309,False
2016H2-E,E,tabpfn,20260912,2020H2,15,24919,71,cox_intercept,-3.508106460792821,-4.365829566394911,-2.6503833551907308,False
2016H2-E,E,tabpfn,20260912,2020H2,15,24919,71,cox_slope,0.4030424736329277,0.2489577138338115,0.557127233432044,False
2016H2-E,E,tabpfn,20260912,2020H2,15,24919,71,psi,0.08018462604564669,,,False
2016H2-E,E,tabpfn,20260912,2020H2,15,24919,71,psi_critical,0.0010173384832140608,,,False
2016H2-E,E,tabpfn,20260912,2021H1,17,24909,90,auc,0.7440057124693895,0.6958338993078581,0.7921775256309209,False
2016H2-E,E,tabpfn,20260912,2021H1,17,24909,90,gini,0.488011424938779,0.3916677986157162,0.5843550512618418,False
2016H2-E,E,tabpfn,20260912,2021H1,17,24909,90,ks,0.38289079602992326,,,False
2016H2-E,E,tabpfn,20260912,2021H1,17,24909,90,brier,0.003640441956146695,,,False
2016H2-E,E,tabpfn,20260912,2021H1,17,24909,90,brier_miscalibration,5.688953185819211e-05,,,False
2016H2-E,E,tabpfn,20260912,2021H1,17,24909,90,brier_discrimination,1.6544582072509396e-05,,,False
2016H2-E,E,tabpfn,20260912,2021H1,17,24909,90,brier_uncertainty,0.0036000970063610124,,,False
2016H2-E,E,tabpfn,20260912,2021H1,17,24909,90,observed_over_expected,0.5788481879028448,0.46561785118191,0.7112079495367218,False
2016H2-E,E,tabpfn,20260912,2021H1,17,24909,90,log_oe,-0.5467150328477903,-0.7643900431325419,-0.3407904172061013,False
2016H2-E,E,tabpfn,20260912,2021H1,17,24909,90,cox_intercept,-2.2959183017764313,-3.053007046147626,-1.5388295574052364,False
2016H2-E,E,tabpfn,20260912,2021H1,17,24909,90,cox_slope,0.6113761547451373,0.45941664304903246,0.7633356664412421,False
2016H2-E,E,tabpfn,20260912,2021H1,17,24909,90,psi,0.05228296143940019,,,False
2016H2-E,E,tabpfn,20260912,2021H1,17,24909,90,psi_critical,0.001017611058962233,,,False
2016H2-E,E,tabpfn,20260912,2021H2,19,24929,136,auc,0.7585416068577232,0.7191124501991712,0.7979707635162752,True
2016H2-E,E,tabpfn,20260912,2021H2,19,24929,136,gini,0.5170832137154464,0.4382249003983425,0.5959415270325503,True
2016H2-E,E,tabpfn,20260912,2021H2,19,24929,136,ks,0.39323451116420427,,,True
2016H2-E,E,tabpfn,20260912,2021H2,19,24929,136,brier,0.005414820458586543,,,True
2016H2-E,E,tabpfn,20260912,2021H2,19,24929,136,brier_miscalibration,4.6105882277823994e-05,,,True
2016H2-E,E,tabpfn,20260912,2021H2,19,24929,136,brier_discrimination,5.701661508087687e-05,,,True
2016H2-E,E,tabpfn,20260912,2021H2,19,24929,136,brier_uncertainty,0.005425731191389596,,,True
2016H2-E,E,tabpfn,20260912,2021H2,19,24929,136,observed_over_expected,0.7200404006267593,0.604369960365907,0.851301857873845,True
2016H2-E,E,tabpfn,20260912,2021H2,19,24929,136,log_oe,-0.3284479565646442,-0.5035687513972957,-0.1609885036983541,True
2016H2-E,E,tabpfn,20260912,2021H2,19,24929,136,cox_intercept,-1.619300190687238,-2.244901378781039,-0.993699002593437,True
2016H2-E,E,tabpfn,20260912,2021H2,19,24929,136,cox_slope,0.6986746962106384,0.5639038964178055,0.8334454960034713,True
2016H2-E,E,tabpfn,20260912,2021H2,19,24929,136,psi,0.043583389569281344,,,True
2016H2-E,E,tabpfn,20260912,2021H2,19,24929,136,psi_critical,0.0010170661261475434,,,True
2016H2-E,E,tabpfn,20260912,2022H1,21,24889,291,auc,0.7740071343771417,0.7497565545894659,0.7982577141648176,True
2016H2-E,E,tabpfn,20260912,2022H1,21,24889,291,gini,0.5480142687542835,0.49951310917893177,0.5965154283296352,True
2016H2-E,E,tabpfn,20260912,2022H1,21,24889,291,ks,0.4236196388441605,,,True
2016H2-E,E,tabpfn,20260912,2022H1,21,24889,291,brier,0.011412333189863648,,,True
2016H2-E,E,tabpfn,20260912,2022H1,21,24889,291,brier_miscalibration,3.61320976463228e-05,,,True
2016H2-E,E,tabpfn,20260912,2022H1,21,24889,291,brier_discrimination,0.00017901018914808463,,,True
2016H2-E,E,tabpfn,20260912,2022H1,21,24889,291,brier_uncertainty,0.01155521128136541,,,True
2016H2-E,E,tabpfn,20260912,2022H1,21,24889,291,observed_over_expected,1.346882314589831,1.1973207461197601,1.5097849633417018,True
2016H2-E,E,tabpfn,20260912,2022H1,21,24889,291,log_oe,0.2977925250811823,0.1800863490103709,0.41196723230281745,True
2016H2-E,E,tabpfn,20260912,2022H1,21,24889,291,cox_intercept,-0.5934760643037504,-1.0456220119390105,-0.1413301166684905,True
2016H2-E,E,tabpfn,20260912,2022H1,21,24889,291,cox_slope,0.7832696966309801,0.6811723888518739,0.8853670044100863,True
2016H2-E,E,tabpfn,20260912,2022H1,21,24889,291,psi,0.10241900325874531,,,True
2016H2-E,E,tabpfn,20260912,2022H1,21,24889,291,psi_critical,0.0010181568675578935,,,True
2016H2-E,E,tabpfn,20260912,2022H2,23,24859,373,auc,0.7896846564836854,0.7673595708422902,0.8120097421250805,True
2016H2-E,E,tabpfn,20260912,2022H2,23,24859,373,gini,0.5793693129673707,0.5347191416845805,0.624019484250161,True
2016H2-E,E,tabpfn,20260912,2022H2,23,24859,373,ks,0.4612966998267215,,,True
2016H2-E,E,tabpfn,20260912,2022H2,23,24859,373,brier,0.014528050160034485,,,True
2016H2-E,E,tabpfn,20260912,2022H2,23,24859,373,brier_miscalibration,0.00016846098640473615,,,True
2016H2-E,E,tabpfn,20260912,2022H2,23,24859,373,brier_discrimination,0.00041989811338901707,,,True
2016H2-E,E,tabpfn,20260912,2022H2,23,24859,373,brier_uncertainty,0.014779487287018766,,,True
2016H2-E,E,tabpfn,20260912,2022H2,23,24859,373,observed_over_expected,1.8448690933346523,1.6635792935462241,2.040287206923517,True
2016H2-E,E,tabpfn,20260912,2022H2,23,24859,373,log_oe,0.61240832285313,0.5089714820348276,0.7130905856540722,True
2016H2-E,E,tabpfn,20260912,2022H2,23,24859,373,cox_intercept,0.10379506422058903,-0.3151892529647369,0.522779381405915,True
2016H2-E,E,tabpfn,20260912,2022H2,23,24859,373,cox_slope,0.8738145949467322,0.7785106029814423,0.9691185869120221,True
2016H2-E,E,tabpfn,20260912,2022H2,23,24859,373,psi,0.10741440654017043,,,True
2016H2-E,E,tabpfn,20260912,2022H2,23,24859,373,psi_critical,0.001018977227164634,,,True
2016H2-E,E,tabpfn,20260912,2023H1,25,24882,381,auc,0.7913493487490626,0.7708876218274511,0.8118110756706741,True
2016H2-E,E,tabpfn,20260912,2023H1,25,24882,381,gini,0.5826986974981252,0.5417752436549021,0.6236221513413482,True
2016H2-E,E,tabpfn,20260912,2023H1,25,24882,381,ks,0.4480157808117747,,,True
2016H2-E,E,tabpfn,20260912,2023H1,25,24882,381,brier,0.014862954466501037,,,True
2016H2-E,E,tabpfn,20260912,2023H1,25,24882,381,brier_miscalibration,0.000147372367946208,,,True
2016H2-E,E,tabpfn,20260912,2023H1,25,24882,381,brier_discrimination,0.00036222610141064225,,,True
2016H2-E,E,tabpfn,20260912,2023H1,25,24882,381,brier_uncertainty,0.015077808199965471,,,True
2016H2-E,E,tabpfn,20260912,2023H1,25,24882,381,observed_over_expected,1.947815441519789,1.7584051170927286,2.151817392472009,True
2016H2-E,E,tabpfn,20260912,2023H1,25,24882,381,log_oe,0.6667084581856753,0.5644072147475674,0.7663127838999135,True
2016H2-E,E,tabpfn,20260912,2023H1,25,24882,381,cox_intercept,0.019975783027979803,-0.38328667201288585,0.4232382380688455,True
2016H2-E,E,tabpfn,20260912,2023H1,25,24882,381,cox_slope,0.8410809889491585,0.7505021739481772,0.9316598039501398,True
2016H2-E,E,tabpfn,20260912,2023H1,25,24882,381,psi,0.07632740573521785,,,True
2016H2-E,E,tabpfn,20260912,2023H1,25,24882,381,psi_critical,0.0010183481078604518,,,True
2016H2-E,E,tabpfn,20260912,2023H2,27,24866,363,auc,0.8188645928440312,0.8000228684747132,0.8377063172133493,True
2016H2-E,E,tabpfn,20260912,2023H2,27,24866,363,gini,0.6377291856880625,0.6000457369494263,0.6754126344266986,True
2016H2-E,E,tabpfn,20260912,2023H2,27,24866,363,ks,0.5006091905989135,,,True
2016H2-E,E,tabpfn,20260912,2023H2,27,24866,363,brier,0.01412810903681264,,,True
2016H2-E,E,tabpfn,20260912,2023H2,27,24866,363,brier_miscalibration,0.00018851238422063106,,,True
2016H2-E,E,tabpfn,20260912,2023H2,27,24866,363,brier_discrimination,0.00044554114534701983,,,True
2016H2-E,E,tabpfn,20260912,2023H2,27,24866,363,brier_uncertainty,0.014385137797939028,,,True
2016H2-E,E,tabpfn,20260912,2023H2,27,24866,363,observed_over_expected,2.0284453184031856,1.826422417079691,2.246447380874807,True
2016H2-E,E,tabpfn,20260912,2023H2,27,24866,363,log_oe,0.7072696466351096,0.6023590900738558,0.8093500265405664,True
2016H2-E,E,tabpfn,20260912,2023H2,27,24866,363,cox_intercept,0.464327700009325,0.048522976191854306,0.8801324238267957,True
2016H2-E,E,tabpfn,20260912,2023H2,27,24866,363,cox_slope,0.9364884309205282,0.8418780294989198,1.0310988323421368,True
2016H2-E,E,tabpfn,20260912,2023H2,27,24866,363,psi,0.06403525024487303,,,True
2016H2-E,E,tabpfn,20260912,2023H2,27,24866,363,psi_critical,0.0010187856328701956,,,True
2016H2-E,E,tabpfn,20260913,2017H1,1,24541,162,auc,0.8037847793511822,0.7757421700671281,0.8318273886352363,True
2016H2-E,E,tabpfn,20260913,2017H1,1,24541,162,gini,0.6075695587023644,0.5514843401342562,0.6636547772704726,True
2016H2-E,E,tabpfn,20260913,2017H1,1,24541,162,ks,0.47376764762629653,,,True
2016H2-E,E,tabpfn,20260913,2017H1,1,24541,162,brier,0.006505564436360784,,,True
2016H2-E,E,tabpfn,20260913,2017H1,1,24541,162,brier_miscalibration,2.7761883150833125e-05,,,True
2016H2-E,E,tabpfn,20260913,2017H1,1,24541,162,brier_discrimination,7.981962701004638e-05,,,True
2016H2-E,E,tabpfn,20260913,2017H1,1,24541,162,brier_uncertainty,0.006557622180219997,,,True
2016H2-E,E,tabpfn,20260913,2017H1,1,24541,162,observed_over_expected,0.8197547953311172,0.6987079853200887,0.9556343148492459,True
2016H2-E,E,tabpfn,20260913,2017H1,1,24541,162,log_oe,-0.19875001352625227,-0.358522384663953,-0.04537995495665366,True
2016H2-E,E,tabpfn,20260913,2017H1,1,24541,162,cox_intercept,-0.4742071071807854,-1.097701088191538,0.1492868738299673,True
2016H2-E,E,tabpfn,20260913,2017H1,1,24541,162,cox_slope,0.9347131245123317,0.7904210217435069,1.0790052272811566,True
2016H2-E,E,tabpfn,20260913,2017H1,1,24541,162,psi,0.08360416552614253,,,True
2016H2-E,E,tabpfn,20260913,2017H1,1,24541,162,psi_critical,0.001027796348662249,,,True
2016H2-E,E,tabpfn,20260913,2017H2,3,24680,143,auc,0.8156057171829271,0.7837003083034554,0.8475111260623988,True
2016H2-E,E,tabpfn,20260913,2017H2,3,24680,143,gini,0.6312114343658541,0.5674006166069108,0.6950222521247975,True
2016H2-E,E,tabpfn,20260913,2017H2,3,24680,143,ks,0.5049890403845656,,,True
2016H2-E,E,tabpfn,20260913,2017H2,3,24680,143,brier,0.005691237954109741,,,True
2016H2-E,E,tabpfn,20260913,2017H2,3,24680,143,brier_miscalibration,5.719047705983731e-05,,,True
2016H2-E,E,tabpfn,20260913,2017H2,3,24680,143,brier_discrimination,0.0001265454872858146,,,True
2016H2-E,E,tabpfn,20260913,2017H2,3,24680,143,brier_uncertainty,0.005760592964335718,,,True
2016H2-E,E,tabpfn,20260913,2017H2,3,24680,143,observed_over_expected,0.7219623972153378,0.608749648695221,0.8500222857667052,True
2016H2-E,E,tabpfn,20260913,2017H2,3,24680,143,log_oe,-0.3257822228647947,-0.4963481816775435,-0.16249271129241008,True
2016H2-E,E,tabpfn,20260913,2017H2,3,24680,143,cox_intercept,-0.1530504657027428,-0.8420158389876617,0.5359149075821761,True
2016H2-E,E,tabpfn,20260913,2017H2,3,24680,143,cox_slope,1.0436879428362036,0.8800294475421763,1.207346438130231,True
2016H2-E,E,tabpfn,20260913,2017H2,3,24680,143,psi,0.08350715381052354,,,True
2016H2-E,E,tabpfn,20260913,2017H2,3,24680,143,psi_critical,0.0010239134906912925,,,True
2016H2-E,E,tabpfn,20260913,2018H1,5,24416,148,auc,0.7778052178600224,0.7428984829014996,0.8127119528185452,True
2016H2-E,E,tabpfn,20260913,2018H1,5,24416,148,gini,0.5556104357200449,0.48579696580299925,0.6254239056370905,True
2016H2-E,E,tabpfn,20260913,2018H1,5,24416,148,ks,0.420836692964598,,,True
2016H2-E,E,tabpfn,20260913,2018H1,5,24416,148,brier,0.005992661151530511,,,True
2016H2-E,E,tabpfn,20260913,2018H1,5,24416,148,brier_miscalibration,3.532363623109155e-05,,,True
2016H2-E,E,tabpfn,20260913,2018H1,5,24416,148,brier_discrimination,6.75184543588751e-05,,,True
2016H2-E,E,tabpfn,20260913,2018H1,5,24416,148,brier_uncertainty,0.006024855969658295,,,True
2016H2-E,E,tabpfn,20260913,2018H1,5,24416,148,observed_over_expected,0.7656701682543984,0.6475758378975834,0.8989633738511438,True
2016H2-E,E,tabpfn,20260913,2018H1,5,24416,148,log_oe,-0.26700379171814687,-0.43451936810079184,-0.10651298632917,True
2016H2-E,E,tabpfn,20260913,2018H1,5,24416,148,cox_intercept,-0.8659450414290688,-1.5358113665536082,-0.19607871630452944,True
2016H2-E,E,tabpfn,20260913,2018H1,5,24416,148,cox_slope,0.8598916768075633,0.7091531700108001,1.0106301836043265,True
2016H2-E,E,tabpfn,20260913,2018H1,5,24416,148,psi,0.10073573297509537,,,True
2016H2-E,E,tabpfn,20260913,2018H1,5,24416,148,psi_critical,0.0010313258825568766,,,True
2016H2-E,E,tabpfn,20260913,2018H2,7,24543,146,auc,0.7880373232505007,0.7516151396562181,0.8244595068447833,True
2016H2-E,E,tabpfn,20260913,2018H2,7,24543,146,gini,0.5760746465010014,0.5032302793124361,0.6489190136895666,True
2016H2-E,E,tabpfn,20260913,2018H2,7,24543,146,ks,0.4604482024232712,,,True
2016H2-E,E,tabpfn,20260913,2018H2,7,24543,146,brier,0.0058600721228830146,,,True
2016H2-E,E,tabpfn,20260913,2018H2,7,24543,146,brier_miscalibration,6.855515409251705e-05,,,True
2016H2-E,E,tabpfn,20260913,2018H2,7,24543,146,brier_discrimination,0.0001218385101127437,,,True
2016H2-E,E,tabpfn,20260913,2018H2,7,24543,146,brier_uncertainty,0.005913355478903241,,,True
2016H2-E,E,tabpfn,20260913,2018H2,7,24543,146,observed_over_expected,0.728127405517828,0.6150842041291653,0.8558282137041879,True
2016H2-E,E,tabpfn,20260913,2018H2,7,24543,146,log_oe,-0.31727923851805706,-0.4859961032647393,-0.15568560790532318,True
2016H2-E,E,tabpfn,20260913,2018H2,7,24543,146,cox_intercept,-0.6243465137457899,-1.3101005811096873,0.06140755361810757,True
2016H2-E,E,tabpfn,20260913,2018H2,7,24543,146,cox_slope,0.9280557589570704,0.770088431077655,1.0860230868364857,True
2016H2-E,E,tabpfn,20260913,2018H2,7,24543,146,psi,0.11153035651510555,,,True
2016H2-E,E,tabpfn,20260913,2018H2,7,24543,146,psi_critical,0.0010277401683422742,,,True
2016H2-E,E,tabpfn,20260913,2019H1,9,24752,110,auc,0.7201286052637405,0.6717283365281946,0.7685288739992863,True
2016H2-E,E,tabpfn,20260913,2019H1,9,24752,110,gini,0.4402572105274809,0.3434566730563893,0.5370577479985725,True
2016H2-E,E,tabpfn,20260913,2019H1,9,24752,110,ks,0.35501250636385767,,,True
2016H2-E,E,tabpfn,20260913,2019H1,9,24752,110,brier,0.004445565554581212,,,True
2016H2-E,E,tabpfn,20260913,2019H1,9,24752,110,brier_miscalibration,8.76607420594866e-05,,,True
2016H2-E,E,tabpfn,20260913,2019H1,9,24752,110,brier_discrimination,6.643061952787792e-05,,,True
2016H2-E,E,tabpfn,20260913,2019H1,9,24752,110,brier_uncertainty,0.004424335432049603,,,True
2016H2-E,E,tabpfn,20260913,2019H1,9,24752,110,observed_over_expected,0.5669129855708016,0.4661087732090585,0.6829715556384212,True
2016H2-E,E,tabpfn,20260913,2019H1,9,24752,110,log_oe,-0.5675494516330427,-0.7633362531908859,-0.3813020664887924,True
2016H2-E,E,tabpfn,20260913,2019H1,9,24752,110,cox_intercept,-1.98634825784819,-2.77108472729744,-1.20161178839894,True
2016H2-E,E,tabpfn,20260913,2019H1,9,24752,110,cox_slope,0.6776983851887258,0.510465115253925,0.8449316551235266,True
2016H2-E,E,tabpfn,20260913,2019H1,9,24752,110,psi,0.13028125579504277,,,True
2016H2-E,E,tabpfn,20260913,2019H1,9,24752,110,psi_critical,0.0010219193712836033,,,True
2016H2-E,E,tabpfn,20260913,2019H2,11,24861,136,auc,0.6990153452685423,0.6573541752841093,0.7406765152529752,True
2016H2-E,E,tabpfn,20260913,2019H2,11,24861,136,gini,0.3980306905370845,0.31470835056821866,0.48135303050595035,True
2016H2-E,E,tabpfn,20260913,2019H2,11,24861,136,ks,0.2888137155772319,,,True
2016H2-E,E,tabpfn,20260913,2019H2,11,24861,136,brier,0.0054551012574830405,,,True
2016H2-E,E,tabpfn,20260913,2019H2,11,24861,136,brier_miscalibration,4.1263335411473485e-05,,,True
2016H2-E,E,tabpfn,20260913,2019H2,11,24861,136,brier_discrimination,2.6652142310709497e-05,,,True
2016H2-E,E,tabpfn,20260913,2019H2,11,24861,136,brier_uncertainty,0.0054404900643822765,,,True
2016H2-E,E,tabpfn,20260913,2019H2,11,24861,136,observed_over_expected,0.7817422108663271,0.6561604762459139,0.9242504803236717,True
2016H2-E,E,tabpfn,20260913,2019H2,11,24861,136,log_oe,-0.24623024640814864,-0.42134989153105273,-0.07877216147532605,True
2016H2-E,E,tabpfn,20260913,2019H2,11,24861,136,cox_intercept,-2.2464937696409937,-2.941316022630002,-1.5516715166519854,True
2016H2-E,E,tabpfn,20260913,2019H2,11,24861,136,cox_slope,0.5601448994223687,0.42021209516497615,0.7000777036797612,True
2016H2-E,E,tabpfn,20260913,2019H2,11,24861,136,psi,0.09024128136600022,,,True
2016H2-E,E,tabpfn,20260913,2019H2,11,24861,136,psi_critical,0.0010189224749281936,,,True
2016H2-E,E,tabpfn,20260913,2020H1,13,24880,111,auc,0.6605870677492462,0.6095819003164296,0.7115922351820629,True
2016H2-E,E,tabpfn,20260913,2020H1,13,24880,111,gini,0.3211741354984925,0.21916380063285912,0.4231844703641259,True
2016H2-E,E,tabpfn,20260913,2020H1,13,24880,111,ks,0.2575553065278125,,,True
2016H2-E,E,tabpfn,20260913,2020H1,13,24880,111,brier,0.004478324813093491,,,True
2016H2-E,E,tabpfn,20260913,2020H1,13,24880,111,brier_miscalibration,4.649629833414562e-05,,,True
2016H2-E,E,tabpfn,20260913,2020H1,13,24880,111,brier_discrimination,9.682054300115192e-06,,,True
2016H2-E,E,tabpfn,20260913,2020H1,13,24880,111,brier_uncertainty,0.00444151056905946,,,True
2016H2-E,E,tabpfn,20260913,2020H1,13,24880,111,observed_over_expected,0.7786706216261406,0.6408085121713103,0.937292689962061,True
2016H2-E,E,tabpfn,20260913,2020H1,13,24880,111,log_oe,-0.2501671445718678,-0.4450245996531212,-0.0647596762977058,True
2016H2-E,E,tabpfn,20260913,2020H1,13,24880,111,cox_intercept,-3.1544387303917008,-3.9058750381394933,-2.403002422643908,True
2016H2-E,E,tabpfn,20260913,2020H1,13,24880,111,cox_slope,0.39733755797688713,0.25957986738667127,0.535095248567103,True
2016H2-E,E,tabpfn,20260913,2020H1,13,24880,111,psi,0.07850140305010804,,,True
2016H2-E,E,tabpfn,20260913,2020H1,13,24880,111,psi_critical,0.0010184027677122018,,,True
2016H2-E,E,tabpfn,20260913,2020H2,15,24919,71,auc,0.6796341474474665,0.6141256793542113,0.7451426155407218,False
2016H2-E,E,tabpfn,20260913,2020H2,15,24919,71,gini,0.35926829489493306,0.2282513587084225,0.4902852310814436,False
2016H2-E,E,tabpfn,20260913,2020H2,15,24919,71,ks,0.31032281907802256,,,False
2016H2-E,E,tabpfn,20260913,2020H2,15,24919,71,brier,0.0028752677306088568,,,False
2016H2-E,E,tabpfn,20260913,2020H2,15,24919,71,brier_miscalibration,4.153889964219953e-05,,,False
2016H2-E,E,tabpfn,20260913,2020H2,15,24919,71,brier_discrimination,7.384558927937823e-06,,,False
2016H2-E,E,tabpfn,20260913,2020H2,15,24919,71,brier_uncertainty,0.002841113389894595,,,False
2016H2-E,E,tabpfn,20260913,2020H2,15,24919,71,observed_over_expected,0.5888855163281296,0.46005885728482165,0.7425222522498257,False
2016H2-E,E,tabpfn,20260913,2020H2,15,24919,71,log_oe,-0.5295234837845112,-0.7764008470648012,-0.29770243939432006,False
2016H2-E,E,tabpfn,20260913,2020H2,15,24919,71,cox_intercept,-3.226224488804484,-4.17032705206419,-2.2821219255447787,False
2016H2-E,E,tabpfn,20260913,2020H2,15,24919,71,cox_slope,0.4528512097967566,0.28219826838112505,0.6235041512123881,False
2016H2-E,E,tabpfn,20260913,2020H2,15,24919,71,psi,0.12415140681061848,,,False
2016H2-E,E,tabpfn,20260913,2020H2,15,24919,71,psi_critical,0.0010173384832140608,,,False
2016H2-E,E,tabpfn,20260913,2021H1,17,24909,90,auc,0.7508356053382041,0.7024529027815443,0.799218307894864,False
2016H2-E,E,tabpfn,20260913,2021H1,17,24909,90,gini,0.5016712106764083,0.40490580556308853,0.5984366157897281,False
2016H2-E,E,tabpfn,20260913,2021H1,17,24909,90,ks,0.40456908014021514,,,False
2016H2-E,E,tabpfn,20260913,2021H1,17,24909,90,brier,0.0036122414152297334,,,False
2016H2-E,E,tabpfn,20260913,2021H1,17,24909,90,brier_miscalibration,3.260873048505607e-05,,,False
2016H2-E,E,tabpfn,20260913,2021H1,17,24909,90,brier_discrimination,2.0464321616335112e-05,,,False
2016H2-E,E,tabpfn,20260913,2021H1,17,24909,90,brier_uncertainty,0.0036000970063610124,,,False
2016H2-E,E,tabpfn,20260913,2021H1,17,24909,90,observed_over_expected,0.6456251055683226,0.5193323234075183,0.7932541158403783,False
2016H2-E,E,tabpfn,20260913,2021H1,17,24909,90,log_oe,-0.43753627559487257,-0.6552112858796244,-0.2316116599531836,False
2016H2-E,E,tabpfn,20260913,2021H1,17,24909,90,cox_intercept,-1.851327751500267,-2.6953716821982305,-1.0072838208023036,False
2016H2-E,E,tabpfn,20260913,2021H1,17,24909,90,cox_slope,0.694659375784557,0.5246899929046794,0.8646287586644347,False
2016H2-E,E,tabpfn,20260913,2021H1,17,24909,90,psi,0.08011385426018301,,,False
2016H2-E,E,tabpfn,20260913,2021H1,17,24909,90,psi_critical,0.001017611058962233,,,False
2016H2-E,E,tabpfn,20260913,2021H2,19,24929,136,auc,0.7658737879050301,0.727012668194168,0.8047349076158923,True
2016H2-E,E,tabpfn,20260913,2021H2,19,24929,136,gini,0.5317475758100603,0.454025336388336,0.6094698152317846,True
2016H2-E,E,tabpfn,20260913,2021H2,19,24929,136,ks,0.4032130155333218,,,True
2016H2-E,E,tabpfn,20260913,2021H2,19,24929,136,brier,0.005398133191473688,,,True
2016H2-E,E,tabpfn,20260913,2021H2,19,24929,136,brier_miscalibration,2.547986835338325e-05,,,True
2016H2-E,E,tabpfn,20260913,2021H2,19,24929,136,brier_discrimination,5.3077868269291e-05,,,True
2016H2-E,E,tabpfn,20260913,2021H2,19,24929,136,brier_uncertainty,0.005425731191389596,,,True
2016H2-E,E,tabpfn,20260913,2021H2,19,24929,136,observed_over_expected,0.7832820518916653,0.657452196078203,0.9260722946020636,True
2016H2-E,E,tabpfn,20260913,2021H2,19,24929,136,log_oe,-0.24426242832522707,-0.4193832231578786,-0.07680297545893698,True
2016H2-E,E,tabpfn,20260913,2021H2,19,24929,136,cox_intercept,-1.154515817487282,-1.8557557043146107,-0.4532759306599534,True
2016H2-E,E,tabpfn,20260913,2021H2,19,24929,136,cox_slope,0.7930081631291506,0.6415706541287783,0.9444456721295228,True
2016H2-E,E,tabpfn,20260913,2021H2,19,24929,136,psi,0.06572975184752898,,,True
2016H2-E,E,tabpfn,20260913,2021H2,19,24929,136,psi_critical,0.0010170661261475434,,,True
2016H2-E,E,tabpfn,20260913,2022H1,21,24889,291,auc,0.7773338932648675,0.7524194124346826,0.8022483740950523,True
2016H2-E,E,tabpfn,20260913,2022H1,21,24889,291,gini,0.5546677865297349,0.5048388248693652,0.6044967481901047,True
2016H2-E,E,tabpfn,20260913,2022H1,21,24889,291,ks,0.4372885063993971,,,True
2016H2-E,E,tabpfn,20260913,2022H1,21,24889,291,brier,0.011409878776379749,,,True
2016H2-E,E,tabpfn,20260913,2022H1,21,24889,291,brier_miscalibration,5.9392282795457316e-05,,,True
2016H2-E,E,tabpfn,20260913,2022H1,21,24889,291,brier_discrimination,0.000204724787781118,,,True
2016H2-E,E,tabpfn,20260913,2022H1,21,24889,291,brier_uncertainty,0.01155521128136541,,,True
2016H2-E,E,tabpfn,20260913,2022H1,21,24889,291,observed_over_expected,1.4446669358543127,1.28424709033201,1.6193964336475815,True
2016H2-E,E,tabpfn,20260913,2022H1,21,24889,291,log_oe,0.36787880077805185,0.25017262470724044,0.482053507999687,True
2016H2-E,E,tabpfn,20260913,2022H1,21,24889,291,cox_intercept,-0.14103170841905718,-0.6416542696410985,0.3595908528029841,True
2016H2-E,E,tabpfn,20260913,2022H1,21,24889,291,cox_slope,0.8781955465270584,0.7654624630256563,0.9909286300284605,True
2016H2-E,E,tabpfn,20260913,2022H1,21,24889,291,psi,0.13255136209597673,,,True
2016H2-E,E,tabpfn,20260913,2022H1,21,24889,291,psi_critical,0.0010181568675578935,,,True
2016H2-E,E,tabpfn,20260913,2022H2,23,24859,373,auc,0.7950528276923137,0.7730977697994296,0.8170078855851978,True
2016H2-E,E,tabpfn,20260913,2022H2,23,24859,373,gini,0.5901056553846273,0.5461955395988591,0.6340157711703955,True
2016H2-E,E,tabpfn,20260913,2022H2,23,24859,373,ks,0.47608251933205137,,,True
2016H2-E,E,tabpfn,20260913,2022H2,23,24859,373,brier,0.014549347435061704,,,True
2016H2-E,E,tabpfn,20260913,2022H2,23,24859,373,brier_miscalibration,0.0001904182911597347,,,True
2016H2-E,E,tabpfn,20260913,2022H2,23,24859,373,brier_discrimination,0.0004205581431167959,,,True
2016H2-E,E,tabpfn,20260913,2022H2,23,24859,373,brier_uncertainty,0.014779487287018766,,,True
2016H2-E,E,tabpfn,20260913,2022H2,23,24859,373,observed_over_expected,1.9647213322234263,1.771654009319216,2.172834817271255,True
2016H2-E,E,tabpfn,20260913,2022H2,23,24859,373,log_oe,0.6753504196020542,0.5719135787837517,0.7760326824029963,True
2016H2-E,E,tabpfn,20260913,2022H2,23,24859,373,cox_intercept,0.7563728147507057,0.28788516686118365,1.2248604626402277,True
2016H2-E,E,tabpfn,20260913,2022H2,23,24859,373,cox_slope,1.0142751012336606,0.907740986723775,1.1208092157435463,True
2016H2-E,E,tabpfn,20260913,2022H2,23,24859,373,psi,0.1803632479181007,,,True
2016H2-E,E,tabpfn,20260913,2022H2,23,24859,373,psi_critical,0.001018977227164634,,,True
2016H2-E,E,tabpfn,20260913,2023H1,25,24882,381,auc,0.7971669376395909,0.7767821361901093,0.8175517390890725,True
2016H2-E,E,tabpfn,20260913,2023H1,25,24882,381,gini,0.5943338752791818,0.5535642723802185,0.635103478178145,True
2016H2-E,E,tabpfn,20260913,2023H1,25,24882,381,ks,0.4531513577944914,,,True
2016H2-E,E,tabpfn,20260913,2023H1,25,24882,381,brier,0.014883964836022518,,,True
2016H2-E,E,tabpfn,20260913,2023H1,25,24882,381,brier_miscalibration,0.00020277668458532593,,,True
2016H2-E,E,tabpfn,20260913,2023H1,25,24882,381,brier_discrimination,0.0003966200485282789,,,True
2016H2-E,E,tabpfn,20260913,2023H1,25,24882,381,brier_uncertainty,0.015077808199965471,,,True
2016H2-E,E,tabpfn,20260913,2023H1,25,24882,381,observed_over_expected,2.0945427400625194,1.8908642952443397,2.313911986356289,True
2016H2-E,E,tabpfn,20260913,2023H1,25,24882,381,log_oe,0.7393352670513844,0.6370340236132763,0.8389395927656226,True
2016H2-E,E,tabpfn,20260913,2023H1,25,24882,381,cox_intercept,0.6806177063372577,0.22410392121106149,1.137131491463454,True
2016H2-E,E,tabpfn,20260913,2023H1,25,24882,381,cox_slope,0.9813241331266759,0.8788235785431725,1.0838246877101794,True
2016H2-E,E,tabpfn,20260913,2023H1,25,24882,381,psi,0.14648173622737115,,,True
2016H2-E,E,tabpfn,20260913,2023H1,25,24882,381,psi_critical,0.0010183481078604518,,,True
2016H2-E,E,tabpfn,20260913,2023H2,27,24866,363,auc,0.8175476123742198,0.7985164066434635,0.8365788181049761,True
2016H2-E,E,tabpfn,20260913,2023H2,27,24866,363,gini,0.6350952247484396,0.5970328132869269,0.6731576362099523,True
2016H2-E,E,tabpfn,20260913,2023H2,27,24866,363,ks,0.49746604368116387,,,True
2016H2-E,E,tabpfn,20260913,2023H2,27,24866,363,brier,0.014136970342876906,,,True
2016H2-E,E,tabpfn,20260913,2023H2,27,24866,363,brier_miscalibration,0.00025487450859899494,,,True
2016H2-E,E,tabpfn,20260913,2023H2,27,24866,363,brier_discrimination,0.0005030419636611171,,,True
2016H2-E,E,tabpfn,20260913,2023H2,27,24866,363,brier_uncertainty,0.014385137797939028,,,True
2016H2-E,E,tabpfn,20260913,2023H2,27,24866,363,observed_over_expected,2.0999829242697485,1.8908352389751102,2.3256733111352803,True
2016H2-E,E,tabpfn,20260913,2023H2,27,24866,363,log_oe,0.7419292133961983,0.6370186568349444,0.8440095933016551,True
2016H2-E,E,tabpfn,20260913,2023H2,27,24866,363,cox_intercept,0.95394717466051,0.4994224352660402,1.40847191405498,True
2016H2-E,E,tabpfn,20260913,2023H2,27,24866,363,cox_slope,1.0438580926109025,0.9406891810286506,1.1470270041931543,True
2016H2-E,E,tabpfn,20260913,2023H2,27,24866,363,psi,0.11197017206050028,,,True
2016H2-E,E,tabpfn,20260913,2023H2,27,24866,363,psi_critical,0.0010187856328701956,,,True
2016H2-E,E,tabpfn@t1,20260911,2017H1,1,24541,162,auc,0.7989323942535038,0.7708582257773795,0.8270065627296281,True
2016H2-E,E,tabpfn@t1,20260911,2017H1,1,24541,162,gini,0.5978647885070076,0.541716451554759,0.6540131254592563,True
2016H2-E,E,tabpfn@t1,20260911,2017H1,1,24541,162,ks,0.4600192231828749,,,True
2016H2-E,E,tabpfn@t1,20260911,2017H1,1,24541,162,brier,0.006613174918377453,,,True
2016H2-E,E,tabpfn@t1,20260911,2017H1,1,24541,162,brier_miscalibration,0.00013254651757929094,,,True
2016H2-E,E,tabpfn@t1,20260911,2017H1,1,24541,162,brier_discrimination,7.699377942183439e-05,,,True
2016H2-E,E,tabpfn@t1,20260911,2017H1,1,24541,162,brier_uncertainty,0.006557622180219997,,,True
2016H2-E,E,tabpfn@t1,20260911,2017H1,1,24541,162,observed_over_expected,0.5152411344389898,0.4391594865297375,0.6006455970688993,True
2016H2-E,E,tabpfn@t1,20260911,2017H1,1,24541,162,log_oe,-0.6631202656885856,-0.8228926368262863,-0.5097502071189869,True
2016H2-E,E,tabpfn@t1,20260911,2017H1,1,24541,162,cox_intercept,-0.8892155868130217,-1.485422291139746,-0.2930088824862973,True
2016H2-E,E,tabpfn@t1,20260911,2017H1,1,24541,162,cox_slope,0.9436020263637991,0.7890580635130114,1.0981459892145866,True
2016H2-E,E,tabpfn@t1,20260911,2017H1,1,24541,162,psi,0.04649109341566644,,,True
2016H2-E,E,tabpfn@t1,20260911,2017H1,1,24541,162,psi_critical,0.001027796348662249,,,True
2016H2-E,E,tabpfn@t1,20260911,2017H2,3,24680,143,auc,0.81372843238597,0.7825785574623362,0.8448783073096039,True
2016H2-E,E,tabpfn@t1,20260911,2017H2,3,24680,143,gini,0.6274568647719401,0.5651571149246724,0.6897566146192078,True
2016H2-E,E,tabpfn@t1,20260911,2017H2,3,24680,143,ks,0.5164741929627612,,,True
2016H2-E,E,tabpfn@t1,20260911,2017H2,3,24680,143,brier,0.005807371188015997,,,True
2016H2-E,E,tabpfn@t1,20260911,2017H2,3,24680,143,brier_miscalibration,0.00016567612240123934,,,True
2016H2-E,E,tabpfn@t1,20260911,2017H2,3,24680,143,brier_discrimination,0.00011889789872096025,,,True
2016H2-E,E,tabpfn@t1,20260911,2017H2,3,24680,143,brier_uncertainty,0.005760592964335718,,,True
2016H2-E,E,tabpfn@t1,20260911,2017H2,3,24680,143,observed_over_expected,0.45173099833210645,0.3808939185753609,0.5318579156407278,True
2016H2-E,E,tabpfn@t1,20260911,2017H2,3,24680,143,log_oe,-0.7946684127472805,-0.9652343715600292,-0.631378901174896,True
2016H2-E,E,tabpfn@t1,20260911,2017H2,3,24680,143,cox_intercept,-0.6422028902276545,-1.2992793000319103,0.014873519576601102,True
2016H2-E,E,tabpfn@t1,20260911,2017H2,3,24680,143,cox_slope,1.0470960551201964,0.8719192050195432,1.2222729052208496,True
2016H2-E,E,tabpfn@t1,20260911,2017H2,3,24680,143,psi,0.04527028309414944,,,True
2016H2-E,E,tabpfn@t1,20260911,2017H2,3,24680,143,psi_critical,0.0010239134906912925,,,True
2016H2-E,E,tabpfn@t1,20260911,2018H1,5,24416,148,auc,0.775247628954156,0.7389201862211243,0.8115750716871877,True
2016H2-E,E,tabpfn@t1,20260911,2018H1,5,24416,148,gini,0.550495257908312,0.47784037244224864,0.6231501433743754,True
2016H2-E,E,tabpfn@t1,20260911,2018H1,5,24416,148,ks,0.4345194873462551,,,True
2016H2-E,E,tabpfn@t1,20260911,2018H1,5,24416,148,brier,0.006093083669909535,,,True
2016H2-E,E,tabpfn@t1,20260911,2018H1,5,24416,148,brier_miscalibration,0.00013812047734024484,,,True
2016H2-E,E,tabpfn@t1,20260911,2018H1,5,24416,148,brier_discrimination,6.989277708900447e-05,,,True
2016H2-E,E,tabpfn@t1,20260911,2018H1,5,24416,148,brier_uncertainty,0.006024855969658295,,,True
2016H2-E,E,tabpfn@t1,20260911,2018H1,5,24416,148,observed_over_expected,0.477675619132043,0.40400057639427656,0.5608327240440434,True
2016H2-E,E,tabpfn@t1,20260911,2018H1,5,24416,148,log_oe,-0.7388233979208534,-0.9063389743034984,-0.5783325925318766,True
2016H2-E,E,tabpfn@t1,20260911,2018H1,5,24416,148,cox_intercept,-1.2994692293782317,-1.9285955480397017,-0.6703429107167618,True
2016H2-E,E,tabpfn@t1,20260911,2018H1,5,24416,148,cox_slope,0.8559626152703355,0.6975944142279135,1.0143308163127576,True
2016H2-E,E,tabpfn@t1,20260911,2018H1,5,24416,148,psi,0.051914770737356106,,,True
2016H2-E,E,tabpfn@t1,20260911,2018H1,5,24416,148,psi_critical,0.0010313258825568766,,,True
2016H2-E,E,tabpfn@t1,20260911,2018H2,7,24543,146,auc,0.7857885625955582,0.7497899196026114,0.8217872055885049,True
2016H2-E,E,tabpfn@t1,20260911,2018H2,7,24543,146,gini,0.5715771251911164,0.49957983920522286,0.6435744111770099,True
2016H2-E,E,tabpfn@t1,20260911,2018H2,7,24543,146,ks,0.4436156253211011,,,True
2016H2-E,E,tabpfn@t1,20260911,2018H2,7,24543,146,brier,0.0059768261610689665,,,True
2016H2-E,E,tabpfn@t1,20260911,2018H2,7,24543,146,brier_miscalibration,0.00015742313058198388,,,True
2016H2-E,E,tabpfn@t1,20260911,2018H2,7,24543,146,brier_discrimination,9.395244841625856e-05,,,True
2016H2-E,E,tabpfn@t1,20260911,2018H2,7,24543,146,brier_uncertainty,0.005913355478903241,,,True
2016H2-E,E,tabpfn@t1,20260911,2018H2,7,24543,146,observed_over_expected,0.45829489241863997,0.3871437155415222,0.5386717985837359,True
2016H2-E,E,tabpfn@t1,20260911,2018H2,7,24543,146,log_oe,-0.780242432153555,-0.9489592969002374,-0.6186488015408211,True
2016H2-E,E,tabpfn@t1,20260911,2018H2,7,24543,146,cox_intercept,-1.1262723756934605,-1.7729513035365003,-0.4795934478504208,True
2016H2-E,E,tabpfn@t1,20260911,2018H2,7,24543,146,cox_slope,0.9121846439928768,0.7461663205096934,1.07820296747606,True
2016H2-E,E,tabpfn@t1,20260911,2018H2,7,24543,146,psi,0.0609125893994687,,,True
2016H2-E,E,tabpfn@t1,20260911,2018H2,7,24543,146,psi_critical,0.0010277401683422742,,,True
2016H2-E,E,tabpfn@t1,20260911,2019H1,9,24752,110,auc,0.7182072736126791,0.6699806911267574,0.7664338560986008,True
2016H2-E,E,tabpfn@t1,20260911,2019H1,9,24752,110,gini,0.4364145472253582,0.3399613822535148,0.5328677121972016,True
2016H2-E,E,tabpfn@t1,20260911,2019H1,9,24752,110,ks,0.3318030561273804,,,True
2016H2-E,E,tabpfn@t1,20260911,2019H1,9,24752,110,brier,0.004594475359508851,,,True
2016H2-E,E,tabpfn@t1,20260911,2019H1,9,24752,110,brier_miscalibration,0.00023674826123980686,,,True
2016H2-E,E,tabpfn@t1,20260911,2019H1,9,24752,110,brier_discrimination,6.660833378055887e-05,,,True
2016H2-E,E,tabpfn@t1,20260911,2019H1,9,24752,110,brier_uncertainty,0.004424335432049603,,,True
2016H2-E,E,tabpfn@t1,20260911,2019H1,9,24752,110,observed_over_expected,0.3512710009797481,0.2888106279056826,0.42318328931599664,True
2016H2-E,E,tabpfn@t1,20260911,2019H1,9,24752,110,log_oe,-1.0461972708553016,-1.2419840724131448,-0.8599498857110512,True
2016H2-E,E,tabpfn@t1,20260911,2019H1,9,24752,110,cox_intercept,-2.4233276623792386,-3.1421506354711566,-1.7045046892873204,True
2016H2-E,E,tabpfn@t1,20260911,2019H1,9,24752,110,cox_slope,0.6524225892819436,0.4826844986066106,0.8221606799572767,True
2016H2-E,E,tabpfn@t1,20260911,2019H1,9,24752,110,psi,0.07955852476867706,,,True
2016H2-E,E,tabpfn@t1,20260911,2019H1,9,24752,110,psi_critical,0.0010219193712836033,,,True
2016H2-E,E,tabpfn@t1,20260911,2019H2,11,24861,136,auc,0.6922110866591328,0.6497143423949399,0.7347078309233257,True
2016H2-E,E,tabpfn@t1,20260911,2019H2,11,24861,136,gini,0.38442217331826556,0.2994286847898797,0.4694156618466514,True
2016H2-E,E,tabpfn@t1,20260911,2019H2,11,24861,136,ks,0.29895735442812116,,,True
2016H2-E,E,tabpfn@t1,20260911,2019H2,11,24861,136,brier,0.00557536170636423,,,True
2016H2-E,E,tabpfn@t1,20260911,2019H2,11,24861,136,brier_miscalibration,0.00015868744308081707,,,True
2016H2-E,E,tabpfn@t1,20260911,2019H2,11,24861,136,brier_discrimination,2.3815801098863408e-05,,,True
2016H2-E,E,tabpfn@t1,20260911,2019H2,11,24861,136,brier_uncertainty,0.0054404900643822765,,,True
2016H2-E,E,tabpfn@t1,20260911,2019H2,11,24861,136,observed_over_expected,0.4735789212197091,0.39750158833457905,0.5599103378637018,True
2016H2-E,E,tabpfn@t1,20260911,2019H2,11,24861,136,log_oe,-0.7474367039625678,-0.9225563490854719,-0.5799786190297452,True
2016H2-E,E,tabpfn@t1,20260911,2019H2,11,24861,136,cox_intercept,-2.667524020075742,-3.2947561455830505,-2.040291894568434,True
2016H2-E,E,tabpfn@t1,20260911,2019H2,11,24861,136,cox_slope,0.5293306625742555,0.3900192046460845,0.6686421205024266,True
2016H2-E,E,tabpfn@t1,20260911,2019H2,11,24861,136,psi,0.052498117246062403,,,True
2016H2-E,E,tabpfn@t1,20260911,2019H2,11,24861,136,psi_critical,0.0010189224749281936,,,True
2016H2-E,E,tabpfn@t1,20260911,2020H1,13,24880,111,auc,0.6647302152974567,0.6135525841057449,0.7159078464891685,True
2016H2-E,E,tabpfn@t1,20260911,2020H1,13,24880,111,gini,0.32946043059491337,0.22710516821148974,0.431815692978337,True
2016H2-E,E,tabpfn@t1,20260911,2020H1,13,24880,111,ks,0.26496648855242255,,,True
2016H2-E,E,tabpfn@t1,20260911,2020H1,13,24880,111,brier,0.004586719882505377,,,True
2016H2-E,E,tabpfn@t1,20260911,2020H1,13,24880,111,brier_miscalibration,0.00015649952160713514,,,True
2016H2-E,E,tabpfn@t1,20260911,2020H1,13,24880,111,brier_discrimination,1.1290208161218035e-05,,,True
2016H2-E,E,tabpfn@t1,20260911,2020H1,13,24880,111,brier_uncertainty,0.00444151056905946,,,True
2016H2-E,E,tabpfn@t1,20260911,2020H1,13,24880,111,observed_over_expected,0.45513427191623307,0.37455363991482943,0.5478491343713603,True
2016H2-E,E,tabpfn@t1,20260911,2020H1,13,24880,111,log_oe,-0.7871628004529455,-0.9820202555341989,-0.6017553321787836,True
2016H2-E,E,tabpfn@t1,20260911,2020H1,13,24880,111,cox_intercept,-3.3361002946501044,-4.017015473190888,-2.655185116109321,True
2016H2-E,E,tabpfn@t1,20260911,2020H1,13,24880,111,cox_slope,0.4057921999164665,0.26661235859812726,0.5449720412348057,True
2016H2-E,E,tabpfn@t1,20260911,2020H1,13,24880,111,psi,0.04523551091196724,,,True
2016H2-E,E,tabpfn@t1,20260911,2020H1,13,24880,111,psi_critical,0.0010184027677122018,,,True
2016H2-E,E,tabpfn@t1,20260911,2020H2,15,24919,71,auc,0.6805495723860225,0.6158936244166207,0.7452055203554244,False
2016H2-E,E,tabpfn@t1,20260911,2020H2,15,24919,71,gini,0.3610991447720451,0.2317872488332413,0.49041104071084884,False
2016H2-E,E,tabpfn@t1,20260911,2020H2,15,24919,71,ks,0.3106368410074096,,,False
2016H2-E,E,tabpfn@t1,20260911,2020H2,15,24919,71,brier,0.0029737199558573144,,,False
2016H2-E,E,tabpfn@t1,20260911,2020H2,15,24919,71,brier_miscalibration,0.00013981804631649913,,,False
2016H2-E,E,tabpfn@t1,20260911,2020H2,15,24919,71,brier_discrimination,7.211480353779779e-06,,,False
2016H2-E,E,tabpfn@t1,20260911,2020H2,15,24919,71,brier_uncertainty,0.002841113389894595,,,False
2016H2-E,E,tabpfn@t1,20260911,2020H2,15,24919,71,observed_over_expected,0.34116233589910794,0.26652846784383843,0.430169564390281,False
2016H2-E,E,tabpfn@t1,20260911,2020H2,15,24919,71,log_oe,-1.0753968566232934,-1.3222742199035833,-0.8435758122331022,False
2016H2-E,E,tabpfn@t1,20260911,2020H2,15,24919,71,cox_intercept,-3.519102988079161,-4.372744861119135,-2.6654611150391867,False
2016H2-E,E,tabpfn@t1,20260911,2020H2,15,24919,71,cox_slope,0.4446621031163786,0.27372302345427346,0.6156011827784837,False
2016H2-E,E,tabpfn@t1,20260911,2020H2,15,24919,71,psi,0.07358993751075715,,,False
2016H2-E,E,tabpfn@t1,20260911,2020H2,15,24919,71,psi_critical,0.0010173384832140608,,,False
2016H2-E,E,tabpfn@t1,20260911,2021H1,17,24909,90,auc,0.749299595739823,0.7015291168061157,0.7970700746735302,False
2016H2-E,E,tabpfn@t1,20260911,2021H1,17,24909,90,gini,0.49859919147964593,0.4030582336122315,0.5941401493470604,False
2016H2-E,E,tabpfn@t1,20260911,2021H1,17,24909,90,ks,0.3918436144351773,,,False
2016H2-E,E,tabpfn@t1,20260911,2021H1,17,24909,90,brier,0.0037067418234802865,,,False
2016H2-E,E,tabpfn@t1,20260911,2021H1,17,24909,90,brier_miscalibration,0.0001330879699192938,,,False
2016H2-E,E,tabpfn@t1,20260911,2021H1,17,24909,90,brier_discrimination,2.6443152800019725e-05,,,False
2016H2-E,E,tabpfn@t1,20260911,2021H1,17,24909,90,brier_uncertainty,0.0036000970063610124,,,False
2016H2-E,E,tabpfn@t1,20260911,2021H1,17,24909,90,observed_over_expected,0.3812813341487935,0.30669767861816355,0.46846534466840717,False
2016H2-E,E,tabpfn@t1,20260911,2021H1,17,24909,90,log_oe,-0.964217766506497,-1.1818927767912486,-0.7582931508648081,False
2016H2-E,E,tabpfn@t1,20260911,2021H1,17,24909,90,cox_intercept,-2.2034057913573455,-2.990721192171287,-1.416090390543404,False
2016H2-E,E,tabpfn@t1,20260911,2021H1,17,24909,90,cox_slope,0.7014765518407196,0.5237797373430617,0.8791733663383774,False
2016H2-E,E,tabpfn@t1,20260911,2021H1,17,24909,90,psi,0.049024653686655886,,,False
2016H2-E,E,tabpfn@t1,20260911,2021H1,17,24909,90,psi_critical,0.001017611058962233,,,False
2016H2-E,E,tabpfn@t1,20260911,2021H2,19,24929,136,auc,0.7653301690942177,0.726705784802457,0.8039545533859784,True
2016H2-E,E,tabpfn@t1,20260911,2021H2,19,24929,136,gini,0.5306603381884354,0.4534115696049139,0.6079091067719569,True
2016H2-E,E,tabpfn@t1,20260911,2021H2,19,24929,136,ks,0.4184631098436229,,,True
2016H2-E,E,tabpfn@t1,20260911,2021H2,19,24929,136,brier,0.005482796540835998,,,True
2016H2-E,E,tabpfn@t1,20260911,2021H2,19,24929,136,brier_miscalibration,0.00010922112703786856,,,True
2016H2-E,E,tabpfn@t1,20260911,2021H2,19,24929,136,brier_discrimination,5.215577759146595e-05,,,True
2016H2-E,E,tabpfn@t1,20260911,2021H2,19,24929,136,brier_uncertainty,0.005425731191389596,,,True
2016H2-E,E,tabpfn@t1,20260911,2021H2,19,24929,136,observed_over_expected,0.4854387558922103,0.40745575026522624,0.5739329548943208,True
2016H2-E,E,tabpfn@t1,20260911,2021H2,19,24929,136,log_oe,-0.7227021456708983,-0.8978229405035499,-0.5552426928046081,True
2016H2-E,E,tabpfn@t1,20260911,2021H2,19,24929,136,cox_intercept,-1.5014929349523822,-2.1641606964248012,-0.8388251734799633,True
2016H2-E,E,tabpfn@t1,20260911,2021H2,19,24929,136,cox_slope,0.8046200065974125,0.6446444172374672,0.9645955959573578,True
2016H2-E,E,tabpfn@t1,20260911,2021H2,19,24929,136,psi,0.04173337006240027,,,True
2016H2-E,E,tabpfn@t1,20260911,2021H2,19,24929,136,psi_critical,0.0010170661261475434,,,True
2016H2-E,E,tabpfn@t1,20260911,2022H1,21,24889,291,auc,0.7761314654419701,0.7524347437139002,0.79982818717004,True
2016H2-E,E,tabpfn@t1,20260911,2022H1,21,24889,291,gini,0.5522629308839402,0.5048694874278004,0.59965637434008,True
2016H2-E,E,tabpfn@t1,20260911,2022H1,21,24889,291,ks,0.4301432323863952,,,True
2016H2-E,E,tabpfn@t1,20260911,2022H1,21,24889,291,brier,0.011409739773720359,,,True
2016H2-E,E,tabpfn@t1,20260911,2022H1,21,24889,291,brier_miscalibration,3.533915635709796e-05,,,True
2016H2-E,E,tabpfn@t1,20260911,2022H1,21,24889,291,brier_discrimination,0.0001808106640021484,,,True
2016H2-E,E,tabpfn@t1,20260911,2022H1,21,24889,291,brier_uncertainty,0.01155521128136541,,,True
2016H2-E,E,tabpfn@t1,20260911,2022H1,21,24889,291,observed_over_expected,0.9117650997577041,0.8105201603009408,1.02204121533301,True
2016H2-E,E,tabpfn@t1,20260911,2022H1,21,24889,291,log_oe,-0.09237288813878777,-0.2100790642095991,0.021801819082847403,True
2016H2-E,E,tabpfn@t1,20260911,2022H1,21,24889,291,cox_intercept,-0.44313456907098664,-0.9272272391147112,0.04095810097273794,True
2016H2-E,E,tabpfn@t1,20260911,2022H1,21,24889,291,cox_slope,0.9085854192127287,0.7863779993113386,1.030792839114119,True
2016H2-E,E,tabpfn@t1,20260911,2022H1,21,24889,291,psi,0.09923596964429678,,,True
2016H2-E,E,tabpfn@t1,20260911,2022H1,21,24889,291,psi_critical,0.0010181568675578935,,,True
2016H2-E,E,tabpfn@t1,20260911,2022H2,23,24859,373,auc,0.7821847205351682,0.7599666421460717,0.8044027989242647,True
2016H2-E,E,tabpfn@t1,20260911,2022H2,23,24859,373,gini,0.5643694410703364,0.5199332842921434,0.6088055978485294,True
2016H2-E,E,tabpfn@t1,20260911,2022H2,23,24859,373,ks,0.42982004927475115,,,True
2016H2-E,E,tabpfn@t1,20260911,2022H2,23,24859,373,brier,0.01447161298697809,,,True
2016H2-E,E,tabpfn@t1,20260911,2022H2,23,24859,373,brier_miscalibration,8.257478480857422e-05,,,True
2016H2-E,E,tabpfn@t1,20260911,2022H2,23,24859,373,brier_discrimination,0.0003904490848492502,,,True
2016H2-E,E,tabpfn@t1,20260911,2022H2,23,24859,373,brier_uncertainty,0.014779487287018766,,,True
2016H2-E,E,tabpfn@t1,20260911,2022H2,23,24859,373,observed_over_expected,1.2270039684302643,1.106429937145336,1.3569745998116411,True
2016H2-E,E,tabpfn@t1,20260911,2022H2,23,24859,373,log_oe,0.2045753999780383,0.1011385591597359,0.30525766277898053,True
2016H2-E,E,tabpfn@t1,20260911,2022H2,23,24859,373,cox_intercept,0.055311380917510915,-0.386837020804911,0.49745978263993285,True
2016H2-E,E,tabpfn@t1,20260911,2022H2,23,24859,373,cox_slope,0.9594265007504783,0.8481353273945914,1.070717674106365,True
2016H2-E,E,tabpfn@t1,20260911,2022H2,23,24859,373,psi,0.10060560423477871,,,True
2016H2-E,E,tabpfn@t1,20260911,2022H2,23,24859,373,psi_critical,0.001018977227164634,,,True
2016H2-E,E,tabpfn@t1,20260911,2023H1,25,24882,381,auc,0.7901073939774914,0.769617227058305,0.8105975608966778,True
2016H2-E,E,tabpfn@t1,20260911,2023H1,25,24882,381,gini,0.5802147879549828,0.5392344541166101,0.6211951217933556,True
2016H2-E,E,tabpfn@t1,20260911,2023H1,25,24882,381,ks,0.44889409945343706,,,True
2016H2-E,E,tabpfn@t1,20260911,2023H1,25,24882,381,brier,0.014786789034232153,,,True
2016H2-E,E,tabpfn@t1,20260911,2023H1,25,24882,381,brier_miscalibration,8.620360829559096e-05,,,True
2016H2-E,E,tabpfn@t1,20260911,2023H1,25,24882,381,brier_discrimination,0.00037722277402890865,,,True
2016H2-E,E,tabpfn@t1,20260911,2023H1,25,24882,381,brier_uncertainty,0.015077808199965471,,,True
2016H2-E,E,tabpfn@t1,20260911,2023H1,25,24882,381,observed_over_expected,1.2727863743936723,1.1490175229093935,1.4060900221556585,True
2016H2-E,E,tabpfn@t1,20260911,2023H1,25,24882,381,log_oe,0.2412084927623225,0.1389072493242145,0.34081281847656064,True
2016H2-E,E,tabpfn@t1,20260911,2023H1,25,24882,381,cox_intercept,0.03855292271052527,-0.38346458514763215,0.46057043056868274,True
2016H2-E,E,tabpfn@t1,20260911,2023H1,25,24882,381,cox_slope,0.9449302928896536,0.8388051875296305,1.0510553982496766,True
2016H2-E,E,tabpfn@t1,20260911,2023H1,25,24882,381,psi,0.06854641455409183,,,True
2016H2-E,E,tabpfn@t1,20260911,2023H1,25,24882,381,psi_critical,0.0010183481078604518,,,True
2016H2-E,E,tabpfn@t1,20260911,2023H2,27,24866,363,auc,0.8159735092875006,0.7972778162469111,0.83466920232809,True
2016H2-E,E,tabpfn@t1,20260911,2023H2,27,24866,363,gini,0.6319470185750011,0.5945556324938222,0.6693384046561801,True
2016H2-E,E,tabpfn@t1,20260911,2023H2,27,24866,363,ks,0.5048124202253752,,,True
2016H2-E,E,tabpfn@t1,20260911,2023H2,27,24866,363,brier,0.01404608207601683,,,True
2016H2-E,E,tabpfn@t1,20260911,2023H2,27,24866,363,brier_miscalibration,8.24716306329458e-05,,,True
2016H2-E,E,tabpfn@t1,20260911,2023H2,27,24866,363,brier_discrimination,0.00042152735255514447,,,True
2016H2-E,E,tabpfn@t1,20260911,2023H2,27,24866,363,brier_uncertainty,0.014385137797939028,,,True
2016H2-E,E,tabpfn@t1,20260911,2023H2,27,24866,363,observed_over_expected,1.30449957038667,1.1745780065200984,1.4446973830945362,True
2016H2-E,E,tabpfn@t1,20260911,2023H2,27,24866,363,log_oe,0.2658194962627942,0.16090893970154027,0.3678998761682509,True
2016H2-E,E,tabpfn@t1,20260911,2023H2,27,24866,363,cox_intercept,0.4339712132820333,0.0011034105069241407,0.8668390160571424,True
2016H2-E,E,tabpfn@t1,20260911,2023H2,27,24866,363,cox_slope,1.0414973866540165,0.9311947053907496,1.1518000679172833,True
2016H2-E,E,tabpfn@t1,20260911,2023H2,27,24866,363,psi,0.04613287324056827,,,True
2016H2-E,E,tabpfn@t1,20260911,2023H2,27,24866,363,psi_critical,0.0010187856328701956,,,True
2016H2-E,E,tabpfn@t1,20260912,2017H1,1,24541,162,auc,0.7989688555065861,0.771623866781591,0.8263138442315813,True
2016H2-E,E,tabpfn@t1,20260912,2017H1,1,24541,162,gini,0.5979377110131723,0.543247733563182,0.6526276884631625,True
2016H2-E,E,tabpfn@t1,20260912,2017H1,1,24541,162,ks,0.47981540477814594,,,True
2016H2-E,E,tabpfn@t1,20260912,2017H1,1,24541,162,brier,0.006634812479469418,,,True
2016H2-E,E,tabpfn@t1,20260912,2017H1,1,24541,162,brier_miscalibration,0.00015615673804296893,,,True
2016H2-E,E,tabpfn@t1,20260912,2017H1,1,24541,162,brier_discrimination,7.896643879354813e-05,,,True
2016H2-E,E,tabpfn@t1,20260912,2017H1,1,24541,162,brier_uncertainty,0.006557622180219997,,,True
2016H2-E,E,tabpfn@t1,20260912,2017H1,1,24541,162,observed_over_expected,0.505405252324024,0.4307759925684516,0.589179355554476,True
2016H2-E,E,tabpfn@t1,20260912,2017H1,1,24541,162,log_oe,-0.6823946916720242,-0.8421670628097248,-0.5290246331024254,True
2016H2-E,E,tabpfn@t1,20260912,2017H1,1,24541,162,cox_intercept,-1.0264569302790876,-1.5896310809655945,-0.4632827795925808,True
2016H2-E,E,tabpfn@t1,20260912,2017H1,1,24541,162,cox_slope,0.9113780930500263,0.7656091429281885,1.0571470431718641,True
2016H2-E,E,tabpfn@t1,20260912,2017H1,1,24541,162,psi,0.047462396946961645,,,True
2016H2-E,E,tabpfn@t1,20260912,2017H1,1,24541,162,psi_critical,0.001027796348662249,,,True
2016H2-E,E,tabpfn@t1,20260912,2017H2,3,24680,143,auc,0.818418081897725,0.7883785691589037,0.8484575946365464,True
2016H2-E,E,tabpfn@t1,20260912,2017H2,3,24680,143,gini,0.63683616379545,0.5767571383178074,0.6969151892730927,True
2016H2-E,E,tabpfn@t1,20260912,2017H2,3,24680,143,ks,0.5074363220835895,,,True
2016H2-E,E,tabpfn@t1,20260912,2017H2,3,24680,143,brier,0.005840089315714493,,,True
2016H2-E,E,tabpfn@t1,20260912,2017H2,3,24680,143,brier_miscalibration,0.00016044994649112593,,,True
2016H2-E,E,tabpfn@t1,20260912,2017H2,3,24680,143,brier_discrimination,8.095359511235082e-05,,,True
2016H2-E,E,tabpfn@t1,20260912,2017H2,3,24680,143,brier_uncertainty,0.005760592964335718,,,True
2016H2-E,E,tabpfn@t1,20260912,2017H2,3,24680,143,observed_over_expected,0.4417012903505257,0.372436994455971,0.5200491630838645,True
2016H2-E,E,tabpfn@t1,20260912,2017H2,3,24680,143,log_oe,-0.8171214390560408,-0.9876873978687897,-0.6538319274836563,True
2016H2-E,E,tabpfn@t1,20260912,2017H2,3,24680,143,cox_intercept,-0.7580380489428219,-1.3742957164671559,-0.14178038141848803,True
2016H2-E,E,tabpfn@t1,20260912,2017H2,3,24680,143,cox_slope,1.0223495295171732,0.8571299475230656,1.1875691115112808,True
2016H2-E,E,tabpfn@t1,20260912,2017H2,3,24680,143,psi,0.044831050939191174,,,True
2016H2-E,E,tabpfn@t1,20260912,2017H2,3,24680,143,psi_critical,0.0010239134906912925,,,True
2016H2-E,E,tabpfn@t1,20260912,2018H1,5,24416,148,auc,0.7734220127495222,0.7377866850742034,0.8090573404248409,True
2016H2-E,E,tabpfn@t1,20260912,2018H1,5,24416,148,gini,0.5468440254990443,0.47557337014840684,0.6181146808496818,True
2016H2-E,E,tabpfn@t1,20260912,2018H1,5,24416,148,ks,0.4475374088444799,,,True
2016H2-E,E,tabpfn@t1,20260912,2018H1,5,24416,148,brier,0.006126243596732015,,,True
2016H2-E,E,tabpfn@t1,20260912,2018H1,5,24416,148,brier_miscalibration,0.00016817054907550602,,,True
2016H2-E,E,tabpfn@t1,20260912,2018H1,5,24416,148,brier_discrimination,6.678292200178529e-05,,,True
2016H2-E,E,tabpfn@t1,20260912,2018H1,5,24416,148,brier_uncertainty,0.006024855969658295,,,True
2016H2-E,E,tabpfn@t1,20260912,2018H1,5,24416,148,observed_over_expected,0.46975607419408905,0.3973025147985699,0.5515344894621479,True
2016H2-E,E,tabpfn@t1,20260912,2018H1,5,24416,148,log_oe,-0.755541710076923,-0.9230572864595679,-0.5950509046879461,True
2016H2-E,E,tabpfn@t1,20260912,2018H1,5,24416,148,cox_intercept,-1.4230667649389412,-2.0144629750425747,-0.8316705548353076,True
2016H2-E,E,tabpfn@t1,20260912,2018H1,5,24416,148,cox_slope,0.826751591523148,0.6784407377243061,0.9750624453219899,True
2016H2-E,E,tabpfn@t1,20260912,2018H1,5,24416,148,psi,0.05328222390266738,,,True
2016H2-E,E,tabpfn@t1,20260912,2018H1,5,24416,148,psi_critical,0.0010313258825568766,,,True
2016H2-E,E,tabpfn@t1,20260912,2018H2,7,24543,146,auc,0.7771570836522118,0.7413770120289516,0.8129371552754721,True
2016H2-E,E,tabpfn@t1,20260912,2018H2,7,24543,146,gini,0.5543141673044236,0.48275402405790313,0.6258743105509441,True
2016H2-E,E,tabpfn@t1,20260912,2018H2,7,24543,146,ks,0.437860370211698,,,True
2016H2-E,E,tabpfn@t1,20260912,2018H2,7,24543,146,brier,0.006012694079202338,,,True
2016H2-E,E,tabpfn@t1,20260912,2018H2,7,24543,146,brier_miscalibration,0.00017954465154999908,,,True
2016H2-E,E,tabpfn@t1,20260912,2018H2,7,24543,146,brier_discrimination,8.020605125090216e-05,,,True
2016H2-E,E,tabpfn@t1,20260912,2018H2,7,24543,146,brier_uncertainty,0.005913355478903241,,,True
2016H2-E,E,tabpfn@t1,20260912,2018H2,7,24543,146,observed_over_expected,0.4489042845055825,0.37921101784229994,0.5276342423333805,True
2016H2-E,E,tabpfn@t1,20260912,2018H2,7,24543,146,log_oe,-0.8009455887853935,-0.9696624535320756,-0.6393519581726594,True
2016H2-E,E,tabpfn@t1,20260912,2018H2,7,24543,146,cox_intercept,-1.3707936209852765,-1.9703037880727785,-0.7712834538977743,True
2016H2-E,E,tabpfn@t1,20260912,2018H2,7,24543,146,cox_slope,0.8517157250804358,0.699210805047227,1.0042206451136446,True
2016H2-E,E,tabpfn@t1,20260912,2018H2,7,24543,146,psi,0.05855190392723203,,,True
2016H2-E,E,tabpfn@t1,20260912,2018H2,7,24543,146,psi_critical,0.0010277401683422742,,,True
2016H2-E,E,tabpfn@t1,20260912,2019H1,9,24752,110,auc,0.7083043731692381,0.660791908808854,0.7558168375296223,True
2016H2-E,E,tabpfn@t1,20260912,2019H1,9,24752,110,gini,0.4166087463384762,0.32158381761770793,0.5116336750592445,True
2016H2-E,E,tabpfn@t1,20260912,2019H1,9,24752,110,ks,0.3275472032228789,,,True
2016H2-E,E,tabpfn@t1,20260912,2019H1,9,24752,110,brier,0.004644971220367799,,,True
2016H2-E,E,tabpfn@t1,20260912,2019H1,9,24752,110,brier_miscalibration,0.00024016369458254236,,,True
2016H2-E,E,tabpfn@t1,20260912,2019H1,9,24752,110,brier_discrimination,1.952790626434664e-05,,,True
2016H2-E,E,tabpfn@t1,20260912,2019H1,9,24752,110,brier_uncertainty,0.004424335432049603,,,True
2016H2-E,E,tabpfn@t1,20260912,2019H1,9,24752,110,observed_over_expected,0.3472981381678348,0.2855441897422944,0.41839710102246425,True
2016H2-E,E,tabpfn@t1,20260912,2019H1,9,24752,110,log_oe,-1.0575716801222779,-1.253358481680121,-0.8713242949780274,True
2016H2-E,E,tabpfn@t1,20260912,2019H1,9,24752,110,cox_intercept,-2.640011914893321,-3.3267297931715225,-1.9532940366151195,True
2016H2-E,E,tabpfn@t1,20260912,2019H1,9,24752,110,cox_slope,0.6002860224909514,0.44093041294911517,0.7596416320327877,True
2016H2-E,E,tabpfn@t1,20260912,2019H1,9,24752,110,psi,0.07957073335423574,,,True
2016H2-E,E,tabpfn@t1,20260912,2019H1,9,24752,110,psi_critical,0.0010219193712836033,,,True
2016H2-E,E,tabpfn@t1,20260912,2019H2,11,24861,136,auc,0.6861205614702909,0.6426162259459988,0.729624896994583,True
2016H2-E,E,tabpfn@t1,20260912,2019H2,11,24861,136,gini,0.37224112294058176,0.28523245189199753,0.459249793989166,True
2016H2-E,E,tabpfn@t1,20260912,2019H2,11,24861,136,ks,0.26710313447927203,,,True
2016H2-E,E,tabpfn@t1,20260912,2019H2,11,24861,136,brier,0.005605207331009948,,,True
2016H2-E,E,tabpfn@t1,20260912,2019H2,11,24861,136,brier_miscalibration,0.0001895095694417811,,,True
2016H2-E,E,tabpfn@t1,20260912,2019H2,11,24861,136,brier_discrimination,2.4792302814109768e-05,,,True
2016H2-E,E,tabpfn@t1,20260912,2019H2,11,24861,136,brier_uncertainty,0.0054404900643822765,,,True
2016H2-E,E,tabpfn@t1,20260912,2019H2,11,24861,136,observed_over_expected,0.4649158236976029,0.39023016034098185,0.5496679946275291,True
2016H2-E,E,tabpfn@t1,20260912,2019H2,11,24861,136,log_oe,-0.7658989140878883,-0.9410185592107925,-0.5984408291550657,True
2016H2-E,E,tabpfn@t1,20260912,2019H2,11,24861,136,cox_intercept,-2.7375686833682873,-3.346462351525007,-2.1286750152115674,True
2016H2-E,E,tabpfn@t1,20260912,2019H2,11,24861,136,cox_slope,0.5142674817228645,0.37986649651933857,0.6486684669263905,True
2016H2-E,E,tabpfn@t1,20260912,2019H2,11,24861,136,psi,0.047523348177595376,,,True
2016H2-E,E,tabpfn@t1,20260912,2019H2,11,24861,136,psi_critical,0.0010189224749281936,,,True
2016H2-E,E,tabpfn@t1,20260912,2020H1,13,24880,111,auc,0.6617156944582353,0.6120707378612696,0.711360651055201,True
2016H2-E,E,tabpfn@t1,20260912,2020H1,13,24880,111,gini,0.3234313889164706,0.22414147572253929,0.42272130211040193,True
2016H2-E,E,tabpfn@t1,20260912,2020H1,13,24880,111,ks,0.2703019140097746,,,True
2016H2-E,E,tabpfn@t1,20260912,2020H1,13,24880,111,brier,0.0046096376016450885,,,True
2016H2-E,E,tabpfn@t1,20260912,2020H1,13,24880,111,brier_miscalibration,0.00018033480303409656,,,True
2016H2-E,E,tabpfn@t1,20260912,2020H1,13,24880,111,brier_discrimination,1.2207770448468235e-05,,,True
2016H2-E,E,tabpfn@t1,20260912,2020H1,13,24880,111,brier_uncertainty,0.00444151056905946,,,True
2016H2-E,E,tabpfn@t1,20260912,2020H1,13,24880,111,observed_over_expected,0.45417201536788043,0.373761749004923,0.5466908576833873,True
2016H2-E,E,tabpfn@t1,20260912,2020H1,13,24880,111,log_oe,-0.7892792642253945,-0.9841367193066478,-0.6038717959512324,True
2016H2-E,E,tabpfn@t1,20260912,2020H1,13,24880,111,cox_intercept,-3.295785196168541,-3.976378216425796,-2.615192175911286,True
2016H2-E,E,tabpfn@t1,20260912,2020H1,13,24880,111,cox_slope,0.41433210419169647,0.27541447114200296,0.55324973724139,True
2016H2-E,E,tabpfn@t1,20260912,2020H1,13,24880,111,psi,0.04464860153594067,,,True
2016H2-E,E,tabpfn@t1,20260912,2020H1,13,24880,111,psi_critical,0.0010184027677122018,,,True
2016H2-E,E,tabpfn@t1,20260912,2020H2,15,24919,71,auc,0.6735625844571614,0.6091943911515514,0.7379307777627715,False
2016H2-E,E,tabpfn@t1,20260912,2020H2,15,24919,71,gini,0.3471251689143229,0.21838878230310277,0.475861555525543,False
2016H2-E,E,tabpfn@t1,20260912,2020H2,15,24919,71,ks,0.29921075065978614,,,False
2016H2-E,E,tabpfn@t1,20260912,2020H2,15,24919,71,brier,0.0029962590069056837,,,False
2016H2-E,E,tabpfn@t1,20260912,2020H2,15,24919,71,brier_miscalibration,0.00016118546331937798,,,False
2016H2-E,E,tabpfn@t1,20260912,2020H2,15,24919,71,brier_discrimination,6.039846308289291e-06,,,False
2016H2-E,E,tabpfn@t1,20260912,2020H2,15,24919,71,brier_uncertainty,0.002841113389894595,,,False
2016H2-E,E,tabpfn@t1,20260912,2020H2,15,24919,71,observed_over_expected,0.34036824875208893,0.2659080979836319,0.4291683046198528,False
2016H2-E,E,tabpfn@t1,20260912,2020H2,15,24919,71,log_oe,-1.0777271629198815,-1.3246045262001716,-0.8459061185296904,False
2016H2-E,E,tabpfn@t1,20260912,2020H2,15,24919,71,cox_intercept,-3.50767673322247,-4.36546059227704,-2.6498928741678998,False
2016H2-E,E,tabpfn@t1,20260912,2020H2,15,24919,71,cox_slope,0.447819902941766,0.2766353681993921,0.6190044376841399,False
2016H2-E,E,tabpfn@t1,20260912,2020H2,15,24919,71,psi,0.08005326717455424,,,False
2016H2-E,E,tabpfn@t1,20260912,2020H2,15,24919,71,psi_critical,0.0010173384832140608,,,False
2016H2-E,E,tabpfn@t1,20260912,2021H1,17,24909,90,auc,0.7440075032121448,0.6958312714878012,0.7921837349364884,False
2016H2-E,E,tabpfn@t1,20260912,2021H1,17,24909,90,gini,0.48801500642428963,0.39166254297560243,0.5843674698729768,False
2016H2-E,E,tabpfn@t1,20260912,2021H1,17,24909,90,ks,0.3829310877419182,,,False
2016H2-E,E,tabpfn@t1,20260912,2021H1,17,24909,90,brier,0.0037269754338871927,,,False
2016H2-E,E,tabpfn@t1,20260912,2021H1,17,24909,90,brier_miscalibration,0.00014342396145922186,,,False
2016H2-E,E,tabpfn@t1,20260912,2021H1,17,24909,90,brier_discrimination,1.654553393304163e-05,,,False
2016H2-E,E,tabpfn@t1,20260912,2021H1,17,24909,90,brier_uncertainty,0.0036000970063610124,,,False
2016H2-E,E,tabpfn@t1,20260912,2021H1,17,24909,90,observed_over_expected,0.3816302225977404,0.30697831988697255,0.46889401015199716,False
2016H2-E,E,tabpfn@t1,20260912,2021H1,17,24909,90,log_oe,-0.9633031428645215,-1.1809781531492731,-0.7573785272228325,False
2016H2-E,E,tabpfn@t1,20260912,2021H1,17,24909,90,cox_intercept,-2.295730136980203,-3.0528178265401937,-1.5386424474202125,False
2016H2-E,E,tabpfn@t1,20260912,2021H1,17,24909,90,cox_slope,0.6792066746350605,0.5103984503525256,0.8480148989175953,False
2016H2-E,E,tabpfn@t1,20260912,2021H1,17,24909,90,psi,0.052246843258340905,,,False
2016H2-E,E,tabpfn@t1,20260912,2021H1,17,24909,90,psi_critical,0.001017611058962233,,,False
2016H2-E,E,tabpfn@t1,20260912,2021H2,19,24929,136,auc,0.7585499109093885,0.7191220426608236,0.7979777791579534,True
2016H2-E,E,tabpfn@t1,20260912,2021H2,19,24929,136,gini,0.517099821818777,0.43824408532164716,0.5959555583159069,True
2016H2-E,E,tabpfn@t1,20260912,2021H2,19,24929,136,ks,0.3930328413380437,,,True
2016H2-E,E,tabpfn@t1,20260912,2021H2,19,24929,136,brier,0.005499849509863038,,,True
2016H2-E,E,tabpfn@t1,20260912,2021H2,19,24929,136,brier_miscalibration,0.0001309852841637326,,,True
2016H2-E,E,tabpfn@t1,20260912,2021H2,19,24929,136,brier_discrimination,5.686696569028992e-05,,,True
2016H2-E,E,tabpfn@t1,20260912,2021H2,19,24929,136,brier_uncertainty,0.005425731191389596,,,True
2016H2-E,E,tabpfn@t1,20260912,2021H2,19,24929,136,observed_over_expected,0.48158267689546236,0.4042191286695439,0.569373922913362,True
2016H2-E,E,tabpfn@t1,20260912,2021H2,19,24929,136,log_oe,-0.7306773555359067,-0.9057981503685583,-0.5632179026696167,True
2016H2-E,E,tabpfn@t1,20260912,2021H2,19,24929,136,cox_intercept,-1.619297976180923,-2.2448639088196223,-0.9937320435422236,True
2016H2-E,E,tabpfn@t1,20260912,2021H2,19,24929,136,cox_slope,0.7761458181452914,0.6264402519112467,0.925851384379336,True
2016H2-E,E,tabpfn@t1,20260912,2021H2,19,24929,136,psi,0.04361789579351698,,,True
2016H2-E,E,tabpfn@t1,20260912,2021H2,19,24929,136,psi_critical,0.0010170661261475434,,,True
2016H2-E,E,tabpfn@t1,20260912,2022H1,21,24889,291,auc,0.7740308839681599,0.7497807713710677,0.7982809965652521,True
2016H2-E,E,tabpfn@t1,20260912,2022H1,21,24889,291,gini,0.5480617679363198,0.4995615427421354,0.5965619931305042,True
2016H2-E,E,tabpfn@t1,20260912,2022H1,21,24889,291,ks,0.4236196388441605,,,True
2016H2-E,E,tabpfn@t1,20260912,2022H1,21,24889,291,brier,0.011414994625387729,,,True
2016H2-E,E,tabpfn@t1,20260912,2022H1,21,24889,291,brier_miscalibration,3.884783916262985e-05,,,True
2016H2-E,E,tabpfn@t1,20260912,2022H1,21,24889,291,brier_discrimination,0.0001790644951403103,,,True
2016H2-E,E,tabpfn@t1,20260912,2022H1,21,24889,291,brier_uncertainty,0.01155521128136541,,,True
2016H2-E,E,tabpfn@t1,20260912,2022H1,21,24889,291,observed_over_expected,0.9065546836542667,0.8058883233327183,1.0162006101067702,True
2016H2-E,E,tabpfn@t1,20260912,2022H1,21,24889,291,log_oe,-0.09810392666371644,-0.21581010273452783,0.016070780557918656,True
2016H2-E,E,tabpfn@t1,20260912,2022H1,21,24889,291,cox_intercept,-0.593255592667599,-1.0453639907277643,-0.14114719460743363,True
2016H2-E,E,tabpfn@t1,20260912,2022H1,21,24889,291,cox_slope,0.8701689810012404,0.7567589318414855,0.9835790301609953,True
2016H2-E,E,tabpfn@t1,20260912,2022H1,21,24889,291,psi,0.10226750160965906,,,True
2016H2-E,E,tabpfn@t1,20260912,2022H1,21,24889,291,psi_critical,0.0010181568675578935,,,True
2016H2-E,E,tabpfn@t1,20260912,2022H2,23,24859,373,auc,0.7897003682577055,0.7673762294501032,0.8120245070653078,True
2016H2-E,E,tabpfn@t1,20260912,2022H2,23,24859,373,gini,0.579400736515411,0.5347524589002064,0.6240490141306156,True
2016H2-E,E,tabpfn@t1,20260912,2022H2,23,24859,373,ks,0.46105166184583446,,,True
2016H2-E,E,tabpfn@t1,20260912,2022H2,23,24859,373,brier,0.01444610973341646,,,True
2016H2-E,E,tabpfn@t1,20260912,2022H2,23,24859,373,brier_miscalibration,8.636653742460226e-05,,,True
2016H2-E,E,tabpfn@t1,20260912,2022H2,23,24859,373,brier_discrimination,0.0004197440910269079,,,True
2016H2-E,E,tabpfn@t1,20260912,2022H2,23,24859,373,brier_uncertainty,0.014779487287018766,,,True
2016H2-E,E,tabpfn@t1,20260912,2022H2,23,24859,373,observed_over_expected,1.2317339696215572,1.1106951351849763,1.3622056272889806,True
2016H2-E,E,tabpfn@t1,20260912,2022H2,23,24859,373,log_oe,0.20842290804554342,0.10498606722724092,0.3091051708464856,True
2016H2-E,E,tabpfn@t1,20260912,2022H2,23,24859,373,cox_intercept,0.10402938152637564,-0.3149191768947289,0.5229779399474802,True
2016H2-E,E,tabpfn@t1,20260912,2022H2,23,24859,373,cox_slope,0.9707507466477538,0.8648878492925547,1.076613644002953,True
2016H2-E,E,tabpfn@t1,20260912,2022H2,23,24859,373,psi,0.10725065954775227,,,True
2016H2-E,E,tabpfn@t1,20260912,2022H2,23,24859,373,psi_critical,0.001018977227164634,,,True
2016H2-E,E,tabpfn@t1,20260912,2023H1,25,24882,381,auc,0.7913689526411745,0.7709089742601718,0.8118289310221771,True
2016H2-E,E,tabpfn@t1,20260912,2023H1,25,24882,381,gini,0.5827379052823489,0.5418179485203436,0.6236578620443542,True
2016H2-E,E,tabpfn@t1,20260912,2023H1,25,24882,381,ks,0.4481289049105178,,,True
2016H2-E,E,tabpfn@t1,20260912,2023H1,25,24882,381,brier,0.01478085859917317,,,True
2016H2-E,E,tabpfn@t1,20260912,2023H1,25,24882,381,brier_miscalibration,6.533454141183573e-05,,,True
2016H2-E,E,tabpfn@t1,20260912,2023H1,25,24882,381,brier_discrimination,0.00036228414220413653,,,True
2016H2-E,E,tabpfn@t1,20260912,2023H1,25,24882,381,brier_uncertainty,0.015077808199965471,,,True
2016H2-E,E,tabpfn@t1,20260912,2023H1,25,24882,381,observed_over_expected,1.3007736407066761,1.1742832391827096,1.4370084988944394,True
2016H2-E,E,tabpfn@t1,20260912,2023H1,25,24882,381,log_oe,0.2629591956967115,0.16065795225860346,0.3625635214109497,True
2016H2-E,E,tabpfn@t1,20260912,2023H1,25,24882,381,cox_intercept,0.020392535240574376,-0.3828592797213738,0.42364435020252256,True
2016H2-E,E,tabpfn@t1,20260912,2023H1,25,24882,381,cox_slope,0.9344018623370579,0.8337853644969295,1.0350183601771863,True
2016H2-E,E,tabpfn@t1,20260912,2023H1,25,24882,381,psi,0.0761260057526918,,,True
2016H2-E,E,tabpfn@t1,20260912,2023H1,25,24882,381,psi_critical,0.0010183481078604518,,,True
2016H2-E,E,tabpfn@t1,20260912,2023H2,27,24866,363,auc,0.8188276040635493,0.7999824588557298,0.8376727492713687,True
2016H2-E,E,tabpfn@t1,20260912,2023H2,27,24866,363,gini,0.6376552081270985,0.5999649177114597,0.6753454985427374,True
2016H2-E,E,tabpfn@t1,20260912,2023H2,27,24866,363,ks,0.49891546422212424,,,True
2016H2-E,E,tabpfn@t1,20260912,2023H2,27,24866,363,brier,0.014033200141467065,,,True
2016H2-E,E,tabpfn@t1,20260912,2023H2,27,24866,363,brier_miscalibration,9.322683298208963e-05,,,True
2016H2-E,E,tabpfn@t1,20260912,2023H2,27,24866,363,brier_discrimination,0.0004451644894540533,,,True
2016H2-E,E,tabpfn@t1,20260912,2023H2,27,24866,363,brier_uncertainty,0.014385137797939028,,,True
2016H2-E,E,tabpfn@t1,20260912,2023H2,27,24866,363,observed_over_expected,1.3478260771084272,1.213589412157922,1.4926802972330184,True
2016H2-E,E,tabpfn@t1,20260912,2023H2,27,24866,363,log_oe,0.2984929812493457,0.19358242468809173,0.4005733611548025,True
2016H2-E,E,tabpfn@t1,20260912,2023H2,27,24866,363,cox_intercept,0.46388600324697615,0.04810837964451703,0.8796636268494353,True
2016H2-E,E,tabpfn@t1,20260912,2023H2,27,24866,363,cox_slope,1.0401492921837538,0.9350662905987595,1.1452322937687482,True
2016H2-E,E,tabpfn@t1,20260912,2023H2,27,24866,363,psi,0.06381885327012371,,,True
2016H2-E,E,tabpfn@t1,20260912,2023H2,27,24866,363,psi_critical,0.0010187856328701956,,,True
2016H2-E,E,tabpfn@t1,20260913,2017H1,1,24541,162,auc,0.803771612787569,0.7757330498875056,0.8318101756876325,True
2016H2-E,E,tabpfn@t1,20260913,2017H1,1,24541,162,gini,0.6075432255751381,0.5514660997750112,0.663620351375265,True
2016H2-E,E,tabpfn@t1,20260913,2017H1,1,24541,162,ks,0.47393172326516597,,,True
2016H2-E,E,tabpfn@t1,20260913,2017H1,1,24541,162,brier,0.006570300534621309,,,True
2016H2-E,E,tabpfn@t1,20260913,2017H1,1,24541,162,brier_miscalibration,9.260561972436465e-05,,,True
2016H2-E,E,tabpfn@t1,20260913,2017H1,1,24541,162,brier_discrimination,7.99272653230522e-05,,,True
2016H2-E,E,tabpfn@t1,20260913,2017H1,1,24541,162,brier_uncertainty,0.006557622180219997,,,True
2016H2-E,E,tabpfn@t1,20260913,2017H1,1,24541,162,observed_over_expected,0.5462430838121712,0.465583619344699,0.636786314777375,True
2016H2-E,E,tabpfn@t1,20260913,2017H1,1,24541,162,log_oe,-0.6046911938659075,-0.7644635650036082,-0.45132113529630896,True
2016H2-E,E,tabpfn@t1,20260913,2017H1,1,24541,162,cox_intercept,-0.47439394982413435,-1.0979092924204976,0.14912139277222886,True
2016H2-E,E,tabpfn@t1,20260913,2017H1,1,24541,162,cox_slope,1.0383390662308623,0.8780410102377303,1.1986371222239942,True
2016H2-E,E,tabpfn@t1,20260913,2017H1,1,24541,162,psi,0.08372740952924891,,,True
2016H2-E,E,tabpfn@t1,20260913,2017H1,1,24541,162,psi_critical,0.001027796348662249,,,True
2016H2-E,E,tabpfn@t1,20260913,2017H2,3,24680,143,auc,0.8156202521039297,0.7837163178708666,0.8475241863369929,True
2016H2-E,E,tabpfn@t1,20260913,2017H2,3,24680,143,gini,0.6312405042078595,0.5674326357417332,0.6950483726739858,True
2016H2-E,E,tabpfn@t1,20260913,2017H2,3,24680,143,ks,0.5051928142770543,,,True
2016H2-E,E,tabpfn@t1,20260913,2017H2,3,24680,143,brier,0.0057595937188539646,,,True
2016H2-E,E,tabpfn@t1,20260913,2017H2,3,24680,143,brier_miscalibration,0.00012559079250937417,,,True
2016H2-E,E,tabpfn@t1,20260913,2017H2,3,24680,143,brier_discrimination,0.00012659003799112781,,,True
2016H2-E,E,tabpfn@t1,20260913,2017H2,3,24680,143,brier_uncertainty,0.005760592964335718,,,True
2016H2-E,E,tabpfn@t1,20260913,2017H2,3,24680,143,observed_over_expected,0.4800927912304146,0.4048082270349219,0.5652504525939663,True
2016H2-E,E,tabpfn@t1,20260913,2017H2,3,24680,143,log_oe,-0.7337758786997858,-0.9043418375125346,-0.5704863671274012,True
2016H2-E,E,tabpfn@t1,20260913,2017H2,3,24680,143,cox_intercept,-0.15231396398925592,-0.8413205433466733,0.5366926153681615,True
2016H2-E,E,tabpfn@t1,20260913,2017H2,3,24680,143,cox_slope,1.1596475462105154,0.9778207991731566,1.3414742932478743,True
2016H2-E,E,tabpfn@t1,20260913,2017H2,3,24680,143,psi,0.08366976322452871,,,True
2016H2-E,E,tabpfn@t1,20260913,2017H2,3,24680,143,psi_critical,0.0010239134906912925,,,True
2016H2-E,E,tabpfn@t1,20260913,2018H1,5,24416,148,auc,0.7777935241158416,0.7428872134232416,0.8126998348084415,True
2016H2-E,E,tabpfn@t1,20260913,2018H1,5,24416,148,gini,0.5555870482316831,0.4857744268464832,0.6253996696168831,True
2016H2-E,E,tabpfn@t1,20260913,2018H1,5,24416,148,ks,0.419641703678295,,,True
2016H2-E,E,tabpfn@t1,20260913,2018H1,5,24416,148,brier,0.006063630101592719,,,True
2016H2-E,E,tabpfn@t1,20260913,2018H1,5,24416,148,brier_miscalibration,0.00010630985855770905,,,True
2016H2-E,E,tabpfn@t1,20260913,2018H1,5,24416,148,brier_discrimination,6.753572662328462e-05,,,True
2016H2-E,E,tabpfn@t1,20260913,2018H1,5,24416,148,brier_uncertainty,0.006024855969658295,,,True
2016H2-E,E,tabpfn@t1,20260913,2018H1,5,24416,148,observed_over_expected,0.5075545115041401,0.4292710512874341,0.5959131424897458,True
2016H2-E,E,tabpfn@t1,20260913,2018H1,5,24416,148,log_oe,-0.6781511620036144,-0.8456667383862595,-0.5176603566146375,True
2016H2-E,E,tabpfn@t1,20260913,2018H1,5,24416,148,cox_intercept,-0.8655256468003639,-1.5354497190504777,-0.19560157455025018,True
2016H2-E,E,tabpfn@t1,20260913,2018H1,5,24416,148,cox_slope,0.9553638977816581,0.7878926188676986,1.1228351766956175,True
2016H2-E,E,tabpfn@t1,20260913,2018H1,5,24416,148,psi,0.10108611119210198,,,True
2016H2-E,E,tabpfn@t1,20260913,2018H1,5,24416,148,psi_critical,0.0010313258825568766,,,True
2016H2-E,E,tabpfn@t1,20260913,2018H2,7,24543,146,auc,0.7880412536686241,0.7516203232698437,0.8244621840674045,True
2016H2-E,E,tabpfn@t1,20260913,2018H2,7,24543,146,gini,0.5760825073372482,0.5032406465396875,0.6489243681348089,True
2016H2-E,E,tabpfn@t1,20260913,2018H2,7,24543,146,ks,0.4605301797155612,,,True
2016H2-E,E,tabpfn@t1,20260913,2018H2,7,24543,146,brier,0.005932808643312462,,,True
2016H2-E,E,tabpfn@t1,20260913,2018H2,7,24543,146,brier_miscalibration,0.0001412412694354135,,,True
2016H2-E,E,tabpfn@t1,20260913,2018H2,7,24543,146,brier_discrimination,0.00012178810502619288,,,True
2016H2-E,E,tabpfn@t1,20260913,2018H2,7,24543,146,brier_uncertainty,0.005913355478903241,,,True
2016H2-E,E,tabpfn@t1,20260913,2018H2,7,24543,146,observed_over_expected,0.4836418639991988,0.4085555202937757,0.5684641855289481,True
2016H2-E,E,tabpfn@t1,20260913,2018H2,7,24543,146,log_oe,-0.7264105965788147,-0.8951274613254969,-0.5648169659660807,True
2016H2-E,E,tabpfn@t1,20260913,2018H2,7,24543,146,cox_intercept,-0.6240576606853903,-1.3098721521871766,0.06175683081639616,True
2016H2-E,E,tabpfn@t1,20260913,2018H2,7,24543,146,cox_slope,1.0310437918038458,0.8555451992595289,1.2065423843481626,True
2016H2-E,E,tabpfn@t1,20260913,2018H2,7,24543,146,psi,0.11165471933276468,,,True
2016H2-E,E,tabpfn@t1,20260913,2018H2,7,24543,146,psi_critical,0.0010277401683422742,,,True
2016H2-E,E,tabpfn@t1,20260913,2019H1,9,24752,110,auc,0.7201241782322864,0.6717292740089928,0.7685190824555799,True
2016H2-E,E,tabpfn@t1,20260913,2019H1,9,24752,110,gini,0.4402483564645727,0.3434585480179857,0.5370381649111597,True
2016H2-E,E,tabpfn@t1,20260913,2019H1,9,24752,110,ks,0.3552559930938309,,,True
2016H2-E,E,tabpfn@t1,20260913,2019H1,9,24752,110,brier,0.004543846542904557,,,True
2016H2-E,E,tabpfn@t1,20260913,2019H1,9,24752,110,brier_miscalibration,0.00018574115720759125,,,True
2016H2-E,E,tabpfn@t1,20260913,2019H1,9,24752,110,brier_discrimination,6.623004635263746e-05,,,True
2016H2-E,E,tabpfn@t1,20260913,2019H1,9,24752,110,brier_uncertainty,0.004424335432049603,,,True
2016H2-E,E,tabpfn@t1,20260913,2019H1,9,24752,110,observed_over_expected,0.3739981222886157,0.3074965830724773,0.4505631126585012,True
2016H2-E,E,tabpfn@t1,20260913,2019H1,9,24752,110,log_oe,-0.9835045021988831,-1.1792913037567263,-0.7972571170546328,True
2016H2-E,E,tabpfn@t1,20260913,2019H1,9,24752,110,cox_intercept,-1.9860373588623101,-2.7708682377781564,-1.201206479946464,True
2016H2-E,E,tabpfn@t1,20260913,2019H1,9,24752,110,cox_slope,0.7529332205143603,0.5671309153541266,0.938735525674594,True
2016H2-E,E,tabpfn@t1,20260913,2019H1,9,24752,110,psi,0.13034262442552216,,,True
2016H2-E,E,tabpfn@t1,20260913,2019H1,9,24752,110,psi_critical,0.0010219193712836033,,,True
2016H2-E,E,tabpfn@t1,20260913,2019H2,11,24861,136,auc,0.6989829298756914,0.6573179219295696,0.7406479378218133,True
2016H2-E,E,tabpfn@t1,20260913,2019H2,11,24861,136,gini,0.3979658597513829,0.31463584385913923,0.4812958756436265,True
2016H2-E,E,tabpfn@t1,20260913,2019H2,11,24861,136,ks,0.2891372747278891,,,True
2016H2-E,E,tabpfn@t1,20260913,2019H2,11,24861,136,brier,0.005527172212666547,,,True
2016H2-E,E,tabpfn@t1,20260913,2019H2,11,24861,136,brier_miscalibration,0.00011314658703163137,,,True
2016H2-E,E,tabpfn@t1,20260913,2019H2,11,24861,136,brier_discrimination,2.646443874736084e-05,,,True
2016H2-E,E,tabpfn@t1,20260913,2019H2,11,24861,136,brier_uncertainty,0.0054404900643822765,,,True
2016H2-E,E,tabpfn@t1,20260913,2019H2,11,24861,136,observed_over_expected,0.5112153590907028,0.42909198047966146,0.6044077377692137,True
2016H2-E,E,tabpfn@t1,20260913,2019H2,11,24861,136,log_oe,-0.6709643312005527,-0.8460839763234568,-0.50350624626773,True
2016H2-E,E,tabpfn@t1,20260913,2019H2,11,24861,136,cox_intercept,-2.2468995246925814,-2.941800075882998,-1.5519989735021649,True
2016H2-E,E,tabpfn@t1,20260913,2019H2,11,24861,136,cox_slope,0.6221835645433147,0.46671815160361085,0.7776489774830185,True
2016H2-E,E,tabpfn@t1,20260913,2019H2,11,24861,136,psi,0.09040864702544596,,,True
2016H2-E,E,tabpfn@t1,20260913,2019H2,11,24861,136,psi_critical,0.0010189224749281936,,,True
2016H2-E,E,tabpfn@t1,20260913,2020H1,13,24880,111,auc,0.6605757923937907,0.6095747360731212,0.7115768487144603,True
2016H2-E,E,tabpfn@t1,20260913,2020H1,13,24880,111,gini,0.32115158478758143,0.21914947214624236,0.4231536974289205,True
2016H2-E,E,tabpfn@t1,20260913,2020H1,13,24880,111,ks,0.25771679871562786,,,True
2016H2-E,E,tabpfn@t1,20260913,2020H1,13,24880,111,brier,0.004543603887734319,,,True
2016H2-E,E,tabpfn@t1,20260913,2020H1,13,24880,111,brier_miscalibration,0.00011177673186721013,,,True
2016H2-E,E,tabpfn@t1,20260913,2020H1,13,24880,111,brier_discrimination,9.683413192351775e-06,,,True
2016H2-E,E,tabpfn@t1,20260913,2020H1,13,24880,111,brier_uncertainty,0.00444151056905946,,,True
2016H2-E,E,tabpfn@t1,20260913,2020H1,13,24880,111,observed_over_expected,0.5024564504220723,0.4134975193406434,0.6048112577066089,True
2016H2-E,E,tabpfn@t1,20260913,2020H1,13,24880,111,log_oe,-0.6882463086313277,-0.8831037637125811,-0.5028388403571658,True
2016H2-E,E,tabpfn@t1,20260913,2020H1,13,24880,111,cox_intercept,-3.1544458797117905,-3.905943869863878,-2.402947889559703,True
2016H2-E,E,tabpfn@t1,20260913,2020H1,13,24880,111,cox_slope,0.4414173313635663,0.2883653576081789,0.5944693051189538,True
2016H2-E,E,tabpfn@t1,20260913,2020H1,13,24880,111,psi,0.07847087601209776,,,True
2016H2-E,E,tabpfn@t1,20260913,2020H1,13,24880,111,psi_critical,0.0010184027677122018,,,True
2016H2-E,E,tabpfn@t1,20260913,2020H2,15,24919,71,auc,0.6796517190716741,0.6141428789925886,0.7451605591507596,False
2016H2-E,E,tabpfn@t1,20260913,2020H2,15,24919,71,gini,0.3593034381433482,0.22828575798517714,0.49032111830151925,False
2016H2-E,E,tabpfn@t1,20260913,2020H2,15,24919,71,ks,0.3102825743903213,,,False
2016H2-E,E,tabpfn@t1,20260913,2020H2,15,24919,71,brier,0.00293478071693777,,,False
2016H2-E,E,tabpfn@t1,20260913,2020H2,15,24919,71,brier_miscalibration,0.00010105473886489824,,,False
2016H2-E,E,tabpfn@t1,20260913,2020H2,15,24919,71,brier_discrimination,7.3874118217231825e-06,,,False
2016H2-E,E,tabpfn@t1,20260913,2020H2,15,24919,71,brier_uncertainty,0.002841113389894595,,,False
2016H2-E,E,tabpfn@t1,20260913,2020H2,15,24919,71,observed_over_expected,0.37496128155882913,0.2929334377174376,0.4727864543613731,False
2016H2-E,E,tabpfn@t1,20260913,2020H2,15,24919,71,log_oe,-0.9809325075187451,-1.227809870799035,-0.7491114631285538,False
2016H2-E,E,tabpfn@t1,20260913,2020H2,15,24919,71,cox_intercept,-3.226020859166489,-4.1701969285316975,-2.281844789801281,False
2016H2-E,E,tabpfn@t1,20260913,2020H2,15,24919,71,cox_slope,0.5031339585819464,0.3135330347283436,0.6927348824355493,False
2016H2-E,E,tabpfn@t1,20260913,2020H2,15,24919,71,psi,0.12400390633128214,,,False
2016H2-E,E,tabpfn@t1,20260913,2020H2,15,24919,71,psi_critical,0.0010173384832140608,,,False
2016H2-E,E,tabpfn@t1,20260913,2021H1,17,24909,90,auc,0.7508078488254967,0.7024179805281955,0.7991977171227979,False
2016H2-E,E,tabpfn@t1,20260913,2021H1,17,24909,90,gini,0.5016156976509933,0.40483596105639097,0.5983954342455957,False
2016H2-E,E,tabpfn@t1,20260913,2021H1,17,24909,90,ks,0.4045287884282203,,,False
2016H2-E,E,tabpfn@t1,20260913,2021H1,17,24909,90,brier,0.0036723507062878073,,,False
2016H2-E,E,tabpfn@t1,20260913,2021H1,17,24909,90,brier_miscalibration,9.27365508204634e-05,,,False
2016H2-E,E,tabpfn@t1,20260913,2021H1,17,24909,90,brier_discrimination,2.048285089366851e-05,,,False
2016H2-E,E,tabpfn@t1,20260913,2021H1,17,24909,90,brier_uncertainty,0.0036000970063610124,,,False
2016H2-E,E,tabpfn@t1,20260913,2021H1,17,24909,90,observed_over_expected,0.41601265818457245,0.33463509779681055,0.5111383533577385,False
2016H2-E,E,tabpfn@t1,20260913,2021H1,17,24909,90,log_oe,-0.8770395908555068,-1.0947146011402584,-0.6711149752138179,False
2016H2-E,E,tabpfn@t1,20260913,2021H1,17,24909,90,cox_intercept,-1.8518334870919588,-2.6958794584093337,-1.007787515774584,False
2016H2-E,E,tabpfn@t1,20260913,2021H1,17,24909,90,cox_slope,0.7716102623032975,0.5827909386119392,0.9604295859946559,False
2016H2-E,E,tabpfn@t1,20260913,2021H1,17,24909,90,psi,0.08009057655078013,,,False
2016H2-E,E,tabpfn@t1,20260913,2021H1,17,24909,90,psi_critical,0.001017611058962233,,,False
2016H2-E,E,tabpfn@t1,20260913,2021H2,19,24929,136,auc,0.7658874302756233,0.7270281364795612,0.8047467240716855,True
2016H2-E,E,tabpfn@t1,20260913,2021H2,19,24929,136,gini,0.5317748605512467,0.45405627295912243,0.6094934481433709,True
2016H2-E,E,tabpfn@t1,20260913,2021H2,19,24929,136,ks,0.40325334949855396,,,True
2016H2-E,E,tabpfn@t1,20260913,2021H2,19,24929,136,brier,0.005457692968740485,,,True
2016H2-E,E,tabpfn@t1,20260913,2021H2,19,24929,136,brier_miscalibration,8.507762661740317e-05,,,True
2016H2-E,E,tabpfn@t1,20260913,2021H2,19,24929,136,brier_discrimination,5.3115849266514165e-05,,,True
2016H2-E,E,tabpfn@t1,20260913,2021H2,19,24929,136,brier_uncertainty,0.005425731191389596,,,True
2016H2-E,E,tabpfn@t1,20260913,2021H2,19,24929,136,observed_over_expected,0.5135705863243928,0.43106836037504664,0.6071931434774376,True
2016H2-E,E,tabpfn@t1,20260913,2021H2,19,24929,136,log_oe,-0.666367797863968,-0.8414885926966197,-0.49890834499767794,True
2016H2-E,E,tabpfn@t1,20260913,2021H2,19,24929,136,cox_intercept,-1.1544659236147357,-1.8557056562528027,-0.4532261909766686,True
2016H2-E,E,tabpfn@t1,20260913,2021H2,19,24929,136,cox_slope,0.8810053019007819,0.7127655989732425,1.049245004828321,True
2016H2-E,E,tabpfn@t1,20260913,2021H2,19,24929,136,psi,0.06577009885194555,,,True
2016H2-E,E,tabpfn@t1,20260913,2021H2,19,24929,136,psi_critical,0.0010170661261475434,,,True
2016H2-E,E,tabpfn@t1,20260913,2022H1,21,24889,291,auc,0.7773442313221341,0.7524303019843191,0.8022581606599491,True
2016H2-E,E,tabpfn@t1,20260913,2022H1,21,24889,291,gini,0.5546884626442683,0.5048606039686383,0.6045163213198983,True
2016H2-E,E,tabpfn@t1,20260913,2022H1,21,24889,291,ks,0.43736981382276485,,,True
2016H2-E,E,tabpfn@t1,20260913,2022H1,21,24889,291,brier,0.011390538944459407,,,True
2016H2-E,E,tabpfn@t1,20260913,2022H1,21,24889,291,brier_miscalibration,3.9914280893409496e-05,,,True
2016H2-E,E,tabpfn@t1,20260913,2022H1,21,24889,291,brier_discrimination,0.00020458661779941198,,,True
2016H2-E,E,tabpfn@t1,20260913,2022H1,21,24889,291,brier_uncertainty,0.01155521128136541,,,True
2016H2-E,E,tabpfn@t1,20260913,2022H1,21,24889,291,observed_over_expected,0.9557959249869525,0.849661679901194,1.0713974784114884,True
2016H2-E,E,tabpfn@t1,20260913,2022H1,21,24889,291,log_oe,-0.045210856305053795,-0.16291703237586522,0.06896385091658123,True
2016H2-E,E,tabpfn@t1,20260913,2022H1,21,24889,291,cox_intercept,-0.14077250417856918,-0.6413915828390246,0.35984657448188634,True
2016H2-E,E,tabpfn@t1,20260913,2022H1,21,24889,291,cox_slope,0.9756915080737789,0.8504503879587704,1.1009326281887875,True
2016H2-E,E,tabpfn@t1,20260913,2022H1,21,24889,291,psi,0.1324406703168166,,,True
2016H2-E,E,tabpfn@t1,20260913,2022H1,21,24889,291,psi_critical,0.0010181568675578935,,,True
2016H2-E,E,tabpfn@t1,20260913,2022H2,23,24859,373,auc,0.7950740139520553,0.7731201208611512,0.8170279070429595,True
2016H2-E,E,tabpfn@t1,20260913,2022H2,23,24859,373,gini,0.5901480279041107,0.5462402417223025,0.6340558140859189,True
2016H2-E,E,tabpfn@t1,20260913,2022H2,23,24859,373,ks,0.47640923663990076,,,True
2016H2-E,E,tabpfn@t1,20260913,2022H2,23,24859,373,brier,0.014452726308555137,,,True
2016H2-E,E,tabpfn@t1,20260913,2022H2,23,24859,373,brier_miscalibration,9.413633686208324e-05,,,True
2016H2-E,E,tabpfn@t1,20260913,2022H2,23,24859,373,brier_discrimination,0.00042089731532571166,,,True
2016H2-E,E,tabpfn@t1,20260913,2022H2,23,24859,373,brier_uncertainty,0.014779487287018766,,,True
2016H2-E,E,tabpfn@t1,20260913,2022H2,23,24859,373,observed_over_expected,1.2881634430603568,1.1615794520710174,1.4246124035565089,True
2016H2-E,E,tabpfn@t1,20260913,2022H2,23,24859,373,log_oe,0.2532175164174371,0.1497806755991347,0.35389977921837934,True
2016H2-E,E,tabpfn@t1,20260913,2022H2,23,24859,373,cox_intercept,0.7570277849852645,0.28853942240669406,1.2255161475638348,True
2016H2-E,E,tabpfn@t1,20260913,2022H2,23,24859,373,cox_slope,1.126951326148596,1.0085968192269412,1.2453058330702507,True
2016H2-E,E,tabpfn@t1,20260913,2022H2,23,24859,373,psi,0.18057327346340218,,,True
2016H2-E,E,tabpfn@t1,20260913,2022H2,23,24859,373,psi_critical,0.001018977227164634,,,True
2016H2-E,E,tabpfn@t1,20260913,2023H1,25,24882,381,auc,0.7971893267841337,0.776805273792267,0.8175733797760003,True
2016H2-E,E,tabpfn@t1,20260913,2023H1,25,24882,381,gini,0.5943786535682674,0.5536105475845341,0.6351467595520006,True
2016H2-E,E,tabpfn@t1,20260913,2023H1,25,24882,381,ks,0.4531105431338654,,,True
2016H2-E,E,tabpfn@t1,20260913,2023H1,25,24882,381,brier,0.014785588793172636,,,True
2016H2-E,E,tabpfn@t1,20260913,2023H1,25,24882,381,brier_miscalibration,0.00010465052411495063,,,True
2016H2-E,E,tabpfn@t1,20260913,2023H1,25,24882,381,brier_discrimination,0.00039686993090778597,,,True
2016H2-E,E,tabpfn@t1,20260913,2023H1,25,24882,381,brier_uncertainty,0.015077808199965471,,,True
2016H2-E,E,tabpfn@t1,20260913,2023H1,25,24882,381,observed_over_expected,1.3707682548892877,1.2374714063591659,1.514333909180741,True
2016H2-E,E,tabpfn@t1,20260913,2023H1,25,24882,381,log_oe,0.315371352659478,0.21307010922136999,0.41497567837371624,True
2016H2-E,E,tabpfn@t1,20260913,2023H1,25,24882,381,cox_intercept,0.6819448842101594,0.22533623973554728,1.1385535286847714,True
2016H2-E,E,tabpfn@t1,20260913,2023H1,25,24882,381,cox_slope,1.0904687577134853,0.9765756372719595,1.204361878155011,True
2016H2-E,E,tabpfn@t1,20260913,2023H1,25,24882,381,psi,0.14671731659239018,,,True
2016H2-E,E,tabpfn@t1,20260913,2023H1,25,24882,381,psi_critical,0.0010183481078604518,,,True
2016H2-E,E,tabpfn@t1,20260913,2023H2,27,24866,363,auc,0.8175507041415854,0.7985195772714823,0.8365818310116885,True
2016H2-E,E,tabpfn@t1,20260913,2023H2,27,24866,363,gini,0.6351014082831707,0.5970391545429645,0.673163662023377,True
2016H2-E,E,tabpfn@t1,20260913,2023H2,27,24866,363,ks,0.4977109116565138,,,True
2016H2-E,E,tabpfn@t1,20260913,2023H2,27,24866,363,brier,0.014034156665992276,,,True
2016H2-E,E,tabpfn@t1,20260913,2023H2,27,24866,363,brier_miscalibration,0.000151748338946444,,,True
2016H2-E,E,tabpfn@t1,20260913,2023H2,27,24866,363,brier_discrimination,0.0005027294708931963,,,True
2016H2-E,E,tabpfn@t1,20260913,2023H2,27,24866,363,brier_uncertainty,0.014385137797939028,,,True
2016H2-E,E,tabpfn@t1,20260913,2023H2,27,24866,363,observed_over_expected,1.3740508719968585,1.237202350023683,1.5217235360408916,True
2016H2-E,E,tabpfn@t1,20260913,2023H2,27,24866,363,log_oe,0.3177632178577416,0.21285266129648778,0.4198435977631986,True
2016H2-E,E,tabpfn@t1,20260913,2023H2,27,24866,363,cox_intercept,0.9552033553430869,0.5005548543133286,1.4098518563728453,True
2016H2-E,E,tabpfn@t1,20260913,2023H2,27,24866,363,cox_slope,1.159897729102408,1.0452589826216903,1.2745364755831257,True
2016H2-E,E,tabpfn@t1,20260913,2023H2,27,24866,363,psi,0.11236811040684647,,,True
2016H2-E,E,tabpfn@t1,20260913,2023H2,27,24866,363,psi_critical,0.0010187856328701956,,,True
