build_id,bootstrap_seed,cohorts,metric,pair,value,ci_lo,ci_hi,se,alpha,resamples,seed,excludes_zero
2012H2-E,20260905,all,gini,gbm - scorecard,0.01447037780698468,0.008220325137903092,0.021036034821479973,0.003365352672526489,0.05,200,20260905,True
2012H2-E,20260905,all,gini,gbm-50k - scorecard,-0.007490243691843109,-0.020935077409497897,0.00224064372543112,0.00668682879196477,0.05,200,20260905,False
2012H2-E,20260905,all,gini,tabpfn - scorecard,-0.013468298055175446,-0.02996364726161315,0.005516700707243895,0.010407099658166042,0.05,200,20260905,False
2012H2-E,20260905,all,gini,tabicl - scorecard,-0.005030584972033662,-0.026266705136032138,0.019871231486371953,0.014800480775054635,0.05,200,20260905,False
2012H2-E,20260905,all,gini,tabicl@t1 - scorecard,-0.005030584972033662,-0.026266705136032138,0.019871231486371953,0.014800480775054635,0.05,200,20260905,False
2012H2-E,20260905,all,gini,tabpfn@t1 - scorecard,-0.013468298055175446,-0.02996364726161315,0.005516700707243895,0.010407099658166042,0.05,200,20260905,False
2012H2-E,20260905,all,gini,gbm-50k - gbm,-0.021960621498827788,-0.03233089125852946,-0.012981863324229601,0.005629027452813849,0.05,200,20260905,True
2012H2-E,20260905,all,gini,tabpfn - gbm,-0.027938675862160128,-0.043805734372788285,-0.01143657020327581,0.009851901043184416,0.05,200,20260905,True
2012H2-E,20260905,all,gini,tabicl - gbm,-0.019500962779018343,-0.03956981553099339,0.0033507810333697355,0.014404227743849923,0.05,200,20260905,False
2012H2-E,20260905,all,gini,tabicl@t1 - gbm,-0.019500962779018343,-0.03956981553099339,0.0033507810333697355,0.014404227743849923,0.05,200,20260905,False
2012H2-E,20260905,all,gini,tabpfn@t1 - gbm,-0.027938675862160128,-0.043805734372788285,-0.01143657020327581,0.009851901043184416,0.05,200,20260905,True
2012H2-E,20260905,all,gini,tabpfn - gbm-50k,-0.005978054363332337,-0.02455996716600367,0.006971866883061957,0.010309444261701725,0.05,200,20260905,False
2012H2-E,20260905,all,gini,tabicl - gbm-50k,0.002459658719809447,-0.020682998304679484,0.021528748767008495,0.013933704011835243,0.05,200,20260905,False
2012H2-E,20260905,all,gini,tabicl@t1 - gbm-50k,0.002459658719809447,-0.020682998304679484,0.021528748767008495,0.013933704011835243,0.05,200,20260905,False
2012H2-E,20260905,all,gini,tabpfn@t1 - gbm-50k,-0.005978054363332337,-0.02455996716600367,0.006971866883061957,0.010309444261701725,0.05,200,20260905,False
2012H2-E,20260905,all,gini,tabicl - tabpfn,0.008437713083141785,0.0014599847968564715,0.017024396914073443,0.005261019420702634,0.05,200,20260905,True
2012H2-E,20260905,all,gini,tabicl@t1 - tabpfn,0.008437713083141785,0.0014599847968564715,0.017024396914073443,0.005261019420702634,0.05,200,20260905,True
2012H2-E,20260905,all,gini,tabpfn@t1 - tabpfn,0.0,0.0,0.0,0.0,0.05,200,20260905,False
2012H2-E,20260905,all,gini,tabicl@t1 - tabicl,0.0,0.0,0.0,0.0,0.05,200,20260905,False
2012H2-E,20260905,all,gini,tabpfn@t1 - tabicl,-0.008437713083141785,-0.01702439691407344,-0.0014599847968564705,0.005261019420702634,0.05,200,20260905,True
2012H2-E,20260905,all,gini,tabpfn@t1 - tabicl@t1,-0.008437713083141785,-0.01702439691407344,-0.0014599847968564705,0.005261019420702634,0.05,200,20260905,True
2012H2-E,20260905,all,abs_log_oe,gbm - scorecard,-0.0033688922769532503,-0.005793905771041996,-0.001265650360546605,0.001184245273048445,0.05,200,20260905,True
2012H2-E,20260905,all,abs_log_oe,gbm-50k - scorecard,-0.049287988102461565,-0.09924996877154198,0.0004111528062355213,0.040234242204348215,0.05,200,20260905,False
2012H2-E,20260905,all,abs_log_oe,tabpfn - scorecard,-0.25576143920152167,-0.31529260203826953,-0.19712172371462533,0.046090371651939986,0.05,200,20260905,True
2012H2-E,20260905,all,abs_log_oe,tabicl - scorecard,-0.24102811526081422,-0.3270631676985385,-0.14529177762874623,0.07203512173544946,0.05,200,20260905,True
2012H2-E,20260905,all,abs_log_oe,tabicl@t1 - scorecard,0.0798397826497476,-0.003476084061872825,0.16501811810076814,0.06697497414153457,0.05,200,20260905,False
2012H2-E,20260905,all,abs_log_oe,tabpfn@t1 - scorecard,0.06523395599480845,0.006416858498858008,0.11774982996151162,0.04406448860155916,0.05,200,20260905,True
2012H2-E,20260905,all,abs_log_oe,gbm-50k - gbm,-0.045919095825508315,-0.09514850484994394,0.0037977074190275635,0.04028207279470614,0.05,200,20260905,False
2012H2-E,20260905,all,abs_log_oe,tabpfn - gbm,-0.2523925469245684,-0.3111331929686587,-0.19428693375266862,0.04608068452113454,0.05,200,20260905,True
2012H2-E,20260905,all,abs_log_oe,tabicl - gbm,-0.23765922298386097,-0.3223651347070271,-0.14278197975583284,0.07202293100875037,0.05,200,20260905,True
2012H2-E,20260905,all,abs_log_oe,tabicl@t1 - gbm,0.08320867492670085,0.0012101260244874068,0.16783806368702678,0.06696968032146071,0.05,200,20260905,True
2012H2-E,20260905,all,abs_log_oe,tabpfn@t1 - gbm,0.0686028482717617,0.010686014018108925,0.12054393874248773,0.04406376447949849,0.05,200,20260905,True
2012H2-E,20260905,all,abs_log_oe,tabpfn - gbm-50k,-0.20647345109906012,-0.25583826630025297,-0.14835087810813982,0.041434520943864225,0.05,200,20260905,True
2012H2-E,20260905,all,abs_log_oe,tabicl - gbm-50k,-0.19174012715835265,-0.2514981660756872,-0.09610656464364337,0.06495344720652553,0.05,200,20260905,True
2012H2-E,20260905,all,abs_log_oe,tabicl@t1 - gbm-50k,0.12912777075220916,0.07761769141814581,0.21411621514076754,0.05770291800235091,0.05,200,20260905,True
2012H2-E,20260905,all,abs_log_oe,tabpfn@t1 - gbm-50k,0.11452194409727001,0.0712327786177737,0.1664346778674909,0.03696499030406344,0.05,200,20260905,True
2012H2-E,20260905,all,abs_log_oe,tabicl - tabpfn,0.014733323940707477,-0.01226930233553084,0.053188004966664926,0.026796679035741965,0.05,200,20260905,False
2012H2-E,20260905,all,abs_log_oe,tabicl@t1 - tabpfn,0.3356012218512692,0.3106610589473135,0.36410694250082104,0.02101569454598091,0.05,200,20260905,True
2012H2-E,20260905,all,abs_log_oe,tabpfn@t1 - tabpfn,0.32099539519633014,0.3146834927719218,0.32701315069794273,0.00451700788385064,0.05,200,20260905,True
2012H2-E,20260905,all,abs_log_oe,tabicl@t1 - tabicl,0.3208678979105618,0.3102128159029275,0.32945013041170945,0.0074159587465596035,0.05,200,20260905,True
2012H2-E,20260905,all,abs_log_oe,tabpfn@t1 - tabicl,0.30626207125562266,0.2622442439720282,0.33409548069994216,0.030249707281547054,0.05,200,20260905,True
2012H2-E,20260905,all,abs_log_oe,tabpfn@t1 - tabicl@t1,-0.014605826654939147,-0.048438853453130565,0.01042811584969996,0.02392954182608628,0.05,200,20260905,False
2012H2-E,20260905,all,cox_slope_deviation,gbm - scorecard,-0.012189039957793496,-0.025645494820941923,0.001167773322582999,0.0068178207425736055,0.05,200,20260905,False
2012H2-E,20260905,all,cox_slope_deviation,gbm-50k - scorecard,-0.03340683261820692,-0.07578258968061803,0.04213666054654524,0.04271104364462502,0.05,200,20260905,False
2012H2-E,20260905,all,cox_slope_deviation,tabpfn - scorecard,0.18363866754025213,0.14302188917327557,0.20715383008865718,0.01952330051366078,0.05,200,20260905,True
2012H2-E,20260905,all,cox_slope_deviation,tabicl - scorecard,0.1612367654063652,0.11765405196017432,0.1901739415425293,0.022413154541958878,0.05,200,20260905,True
2012H2-E,20260905,all,cox_slope_deviation,tabicl@t1 - scorecard,0.09292316455702083,0.047997899134695376,0.12492423927471692,0.024584991457112983,0.05,200,20260905,True
2012H2-E,20260905,all,cox_slope_deviation,tabpfn@t1 - scorecard,0.11781416692800617,0.0746171903398113,0.14529006651040066,0.021299528127152318,0.05,200,20260905,True
2012H2-E,20260905,all,cox_slope_deviation,gbm-50k - gbm,-0.02121779266041342,-0.061033787808920555,0.05401134097666863,0.0423755473281793,0.05,200,20260905,False
2012H2-E,20260905,all,cox_slope_deviation,tabpfn - gbm,0.1958277074980456,0.15858528086297358,0.2181425745867192,0.01881902118053136,0.05,200,20260905,True
2012H2-E,20260905,all,cox_slope_deviation,tabicl - gbm,0.17342580536415872,0.13115030111686365,0.20186482948429682,0.02189143760596773,0.05,200,20260905,True
2012H2-E,20260905,all,cox_slope_deviation,tabicl@t1 - gbm,0.10511220451481434,0.05945336837584215,0.13504163561828122,0.024173559390016034,0.05,200,20260905,True
2012H2-E,20260905,all,cox_slope_deviation,tabpfn@t1 - gbm,0.13000320688579967,0.08922408321287831,0.15327235220579466,0.02072852273027222,0.05,200,20260905,True
2012H2-E,20260905,all,cox_slope_deviation,tabpfn - gbm-50k,0.21704550015845903,0.15687671802661018,0.269255236327887,0.03651901984223727,0.05,200,20260905,True
2012H2-E,20260905,all,cox_slope_deviation,tabicl - gbm-50k,0.19464359802457212,0.12644264860203983,0.26119280090984626,0.044566071715378575,0.05,200,20260905,True
2012H2-E,20260905,all,cox_slope_deviation,tabicl@t1 - gbm-50k,0.12632999717522778,0.059561513797588665,0.1940075512925748,0.045526804157280755,0.05,200,20260905,True
2012H2-E,20260905,all,cox_slope_deviation,tabpfn@t1 - gbm-50k,0.1512209995462131,0.09299576690113023,0.20321516201252796,0.03645941151682098,0.05,200,20260905,True
2012H2-E,20260905,all,cox_slope_deviation,tabicl - tabpfn,-0.02240190213388693,-0.03334476024063712,-0.006398537838146893,0.009055428677882648,0.05,200,20260905,True
2012H2-E,20260905,all,cox_slope_deviation,tabicl@t1 - tabpfn,-0.09071550298323128,-0.10316749952133968,-0.07035496768545897,0.010839977834613596,0.05,200,20260905,True
2012H2-E,20260905,all,cox_slope_deviation,tabpfn@t1 - tabpfn,-0.06582450061224594,-0.07028363283083804,-0.06121130515847335,0.0024427971526989867,0.05,200,20260905,True
2012H2-E,20260905,all,cox_slope_deviation,tabicl@t1 - tabicl,-0.06831360084934435,-0.07305925730089503,-0.06257746894756563,0.0028924737343505877,0.05,200,20260905,True
2012H2-E,20260905,all,cox_slope_deviation,tabpfn@t1 - tabicl,-0.04342259847835902,-0.0581036146333411,-0.03033202293451775,0.008963254098907735,0.05,200,20260905,True
2012H2-E,20260905,all,cox_slope_deviation,tabpfn@t1 - tabicl@t1,0.02489100237098533,0.006473523718794382,0.037026319903271925,0.010177063358335145,0.05,200,20260905,True
2012H2-E,20260905,all,psi,gbm - scorecard,-0.03832439763256697,-0.03933364865242486,-0.03726767777081267,0.0005508891464380653,0.05,200,20260905,True
2012H2-E,20260905,all,psi,gbm-50k - scorecard,-0.023242930242510836,-0.04687393587033361,-0.0033640853010670647,0.01741337739383491,0.05,200,20260905,True
2012H2-E,20260905,all,psi,tabpfn - scorecard,-0.03657891248692916,-0.05562075734087965,-0.017846700554826234,0.014634814465153401,0.05,200,20260905,True
2012H2-E,20260905,all,psi,tabicl - scorecard,-0.021325475646649314,-0.05298884460605253,0.0011031901651389082,0.02273293727321237,0.05,200,20260905,False
2012H2-E,20260905,all,psi,tabicl@t1 - scorecard,-0.021325475646649314,-0.05298884460605253,0.0011031901651389082,0.02273293727321237,0.05,200,20260905,False
2012H2-E,20260905,all,psi,tabpfn@t1 - scorecard,-0.03657891248692916,-0.05562075734087965,-0.017846700554826234,0.014634814465153401,0.05,200,20260905,True
2012H2-E,20260905,all,psi,gbm-50k - gbm,0.015081467390056133,-0.008220748358716336,0.034987765207908354,0.017461344316158436,0.05,200,20260905,False
2012H2-E,20260905,all,psi,tabpfn - gbm,0.001745485145637803,-0.01708182649864901,0.02036478058333798,0.014674016335636794,0.05,200,20260905,False
2012H2-E,20260905,all,psi,tabicl - gbm,0.016998921985917653,-0.014387208241654632,0.039445493330453045,0.02278732484660348,0.05,200,20260905,False
2012H2-E,20260905,all,psi,tabicl@t1 - gbm,0.016998921985917653,-0.014387208241654632,0.039445493330453045,0.02278732484660348,0.05,200,20260905,False
2012H2-E,20260905,all,psi,tabpfn@t1 - gbm,0.001745485145637803,-0.01708182649864901,0.02036478058333798,0.014674016335636794,0.05,200,20260905,False
2012H2-E,20260905,all,psi,tabpfn - gbm-50k,-0.013335982244418329,-0.017150733356773813,-0.008132136174018326,0.0034426553922099596,0.05,200,20260905,True
2012H2-E,20260905,all,psi,tabicl - gbm-50k,0.0019174545958615212,-0.006813669412120095,0.007987042336092234,0.006064128714637794,0.05,200,20260905,False
2012H2-E,20260905,all,psi,tabicl@t1 - gbm-50k,0.0019174545958615212,-0.006813669412120095,0.007987042336092234,0.006064128714637794,0.05,200,20260905,False
2012H2-E,20260905,all,psi,tabpfn@t1 - gbm-50k,-0.013335982244418329,-0.017150733356773813,-0.008132136174018326,0.0034426553922099596,0.05,200,20260905,True
2012H2-E,20260905,all,psi,tabicl - tabpfn,0.01525343684027985,0.0021819331869245705,0.02448013175449086,0.009453548637025406,0.05,200,20260905,True
2012H2-E,20260905,all,psi,tabicl@t1 - tabpfn,0.01525343684027985,0.0021819331869245705,0.02448013175449086,0.009453548637025406,0.05,200,20260905,True
2012H2-E,20260905,all,psi,tabpfn@t1 - tabpfn,0.0,0.0,0.0,0.0,0.05,200,20260905,False
2012H2-E,20260905,all,psi,tabicl@t1 - tabicl,0.0,0.0,0.0,0.0,0.05,200,20260905,False
2012H2-E,20260905,all,psi,tabpfn@t1 - tabicl,-0.01525343684027985,-0.02448013175449086,-0.00218193318692457,0.009453548637025406,0.05,200,20260905,True
2012H2-E,20260905,all,psi,tabpfn@t1 - tabicl@t1,-0.01525343684027985,-0.02448013175449086,-0.00218193318692457,0.009453548637025406,0.05,200,20260905,True
2012H2-E,20260905,nearest,gini,gbm - scorecard,0.05702084524022988,0.03870589441270486,0.08023895530840057,0.011626110645398808,0.05,200,20260905,True
2012H2-E,20260905,nearest,gini,gbm-50k - scorecard,0.04100801636326682,0.017137360633504184,0.07354454697008841,0.014246364293685233,0.05,200,20260905,True
2012H2-E,20260905,nearest,gini,tabpfn - scorecard,0.039538220089797536,0.01651469606471274,0.06585325616532026,0.013826235202205895,0.05,200,20260905,True
2012H2-E,20260905,nearest,gini,tabicl - scorecard,0.0373263884840909,0.011000726609718944,0.06855197392481305,0.015594391363554047,0.05,200,20260905,True
2012H2-E,20260905,nearest,gini,tabicl@t1 - scorecard,0.0373263884840909,0.011000726609718944,0.06855197392481305,0.015594391363554047,0.05,200,20260905,True
2012H2-E,20260905,nearest,gini,tabpfn@t1 - scorecard,0.039538220089797536,0.01651469606471274,0.06585325616532026,0.013826235202205895,0.05,200,20260905,True
2012H2-E,20260905,nearest,gini,gbm-50k - gbm,-0.016012828876963054,-0.032725521227459066,-4.014678705453845e-05,0.008486764452152762,0.05,200,20260905,True
2012H2-E,20260905,nearest,gini,tabpfn - gbm,-0.017482625150432345,-0.041009610036970665,0.0016742804857198016,0.010446120779242946,0.05,200,20260905,False
2012H2-E,20260905,nearest,gini,tabicl - gbm,-0.019694456756138973,-0.04806594116736204,0.0031523861738795484,0.013790252346413408,0.05,200,20260905,False
2012H2-E,20260905,nearest,gini,tabicl@t1 - gbm,-0.019694456756138973,-0.04806594116736204,0.0031523861738795484,0.013790252346413408,0.05,200,20260905,False
2012H2-E,20260905,nearest,gini,tabpfn@t1 - gbm,-0.017482625150432345,-0.041009610036970665,0.0016742804857198016,0.010446120779242946,0.05,200,20260905,False
2012H2-E,20260905,nearest,gini,tabpfn - gbm-50k,-0.0014697962734692889,-0.022278520474755786,0.02160440333034245,0.011365686261041464,0.05,200,20260905,False
2012H2-E,20260905,nearest,gini,tabicl - gbm-50k,-0.0036816278791759194,-0.02665452030553172,0.023931317220098884,0.01378265923149549,0.05,200,20260905,False
2012H2-E,20260905,nearest,gini,tabicl@t1 - gbm-50k,-0.0036816278791759194,-0.02665452030553172,0.023931317220098884,0.01378265923149549,0.05,200,20260905,False
2012H2-E,20260905,nearest,gini,tabpfn@t1 - gbm-50k,-0.0014697962734692889,-0.022278520474755786,0.02160440333034245,0.011365686261041464,0.05,200,20260905,False
2012H2-E,20260905,nearest,gini,tabicl - tabpfn,-0.0022118316057066303,-0.013817418497127743,0.010229878456328459,0.006723603771371589,0.05,200,20260905,False
2012H2-E,20260905,nearest,gini,tabicl@t1 - tabpfn,-0.0022118316057066303,-0.013817418497127743,0.010229878456328459,0.006723603771371589,0.05,200,20260905,False
2012H2-E,20260905,nearest,gini,tabpfn@t1 - tabpfn,0.0,0.0,0.0,0.0,0.05,200,20260905,False
2012H2-E,20260905,nearest,gini,tabicl@t1 - tabicl,0.0,0.0,0.0,0.0,0.05,200,20260905,False
2012H2-E,20260905,nearest,gini,tabpfn@t1 - tabicl,0.0022118316057066303,-0.010229878456328459,0.013817418497127743,0.006723603771371589,0.05,200,20260905,False
2012H2-E,20260905,nearest,gini,tabpfn@t1 - tabicl@t1,0.0022118316057066303,-0.010229878456328459,0.013817418497127743,0.006723603771371589,0.05,200,20260905,False
2012H2-E,20260905,nearest,abs_log_oe,gbm - scorecard,0.12776820044209303,0.12040332779009205,0.13606082883883883,0.004077777755506756,0.05,200,20260905,True
2012H2-E,20260905,nearest,abs_log_oe,gbm-50k - scorecard,0.11624960678999445,0.048720654738953414,0.15590738328021883,0.04376158753005076,0.05,200,20260905,True
2012H2-E,20260905,nearest,abs_log_oe,tabpfn - scorecard,-0.10402702887855986,-0.1870280723268726,-0.027474926798007972,0.05581572522014688,0.05,200,20260905,True
2012H2-E,20260905,nearest,abs_log_oe,tabicl - scorecard,-0.12470767729554984,-0.19668631777349746,-0.06112658790236485,0.04831295415116874,0.05,200,20260905,True
2012H2-E,20260905,nearest,abs_log_oe,tabicl@t1 - scorecard,0.1871697246689402,0.13376730639712459,0.2463287128320069,0.04043865580172156,0.05,200,20260905,True
2012H2-E,20260905,nearest,abs_log_oe,tabpfn@t1 - scorecard,0.19923408152815383,0.1352119389807112,0.26520945321169653,0.045950116645125154,0.05,200,20260905,True
2012H2-E,20260905,nearest,abs_log_oe,gbm-50k - gbm,-0.011518593652098582,-0.07941792184888971,0.026943984130409233,0.043917631904170966,0.05,200,20260905,False
2012H2-E,20260905,nearest,abs_log_oe,tabpfn - gbm,-0.23179522932065288,-0.3132255433336574,-0.1572169525806944,0.05599056129544266,0.05,200,20260905,True
2012H2-E,20260905,nearest,abs_log_oe,tabicl - gbm,-0.25247587773764285,-0.3229060041812736,-0.18835391977752838,0.04852149672478939,0.05,200,20260905,True
2012H2-E,20260905,nearest,abs_log_oe,tabicl@t1 - gbm,0.059401524226847156,0.006289441546673236,0.11984888429944959,0.04071614985515952,0.05,200,20260905,True
2012H2-E,20260905,nearest,abs_log_oe,tabpfn@t1 - gbm,0.07146588108606082,0.008250304116730656,0.13622321645201316,0.04617328480334767,0.05,200,20260905,True
2012H2-E,20260905,nearest,abs_log_oe,tabpfn - gbm-50k,-0.2202766356685543,-0.2552832936963583,-0.18013675076623356,0.026084468760844016,0.05,200,20260905,True
2012H2-E,20260905,nearest,abs_log_oe,tabicl - gbm-50k,-0.2409572840855443,-0.27298609686936837,-0.2121699790771614,0.02034427646857073,0.05,200,20260905,True
2012H2-E,20260905,nearest,abs_log_oe,tabicl@t1 - gbm-50k,0.07092011787894574,0.027433686715850093,0.09529233722792532,0.027455584397141974,0.05,200,20260905,True
2012H2-E,20260905,nearest,abs_log_oe,tabpfn@t1 - gbm-50k,0.0829844747381594,0.04243370488501339,0.11394383989028566,0.02619849216737162,0.05,200,20260905,True
2012H2-E,20260905,nearest,abs_log_oe,tabicl - tabpfn,-0.020680648416989984,-0.03448220789828249,-0.007251299244018487,0.008104628444627567,0.05,200,20260905,True
2012H2-E,20260905,nearest,abs_log_oe,tabicl@t1 - tabpfn,0.2911967535475,0.27275657092480077,0.3228553651880956,0.01803565292164656,0.05,200,20260905,True
2012H2-E,20260905,nearest,abs_log_oe,tabpfn@t1 - tabpfn,0.3032611104067137,0.29223090530412055,0.3226661493928429,0.011672375503964015,0.05,200,20260905,True
2012H2-E,20260905,nearest,abs_log_oe,tabicl@t1 - tabicl,0.31187740196449004,0.2960703569828905,0.3310920583128309,0.012836235569755819,0.05,200,20260905,True
2012H2-E,20260905,nearest,abs_log_oe,tabpfn@t1 - tabicl,0.3239417588237037,0.310387605889925,0.3350956648531778,0.008126076136334323,0.05,200,20260905,True
2012H2-E,20260905,nearest,abs_log_oe,tabpfn@t1 - tabicl@t1,0.012064356859213662,-0.0007994370084950353,0.020241866545831405,0.006564893359002044,0.05,200,20260905,False
2012H2-E,20260905,nearest,cox_slope_deviation,gbm - scorecard,-0.07394919865503863,-0.11246916807898868,-0.016737836631676505,0.02606204953534953,0.05,200,20260905,True
2012H2-E,20260905,nearest,cox_slope_deviation,gbm-50k - scorecard,-0.0603518519238014,-0.17566641143594372,0.06929357093373276,0.07791023713587363,0.05,200,20260905,False
2012H2-E,20260905,nearest,cox_slope_deviation,tabpfn - scorecard,0.14118482439292154,0.06328945198804131,0.20320090049247505,0.03658889520937292,0.05,200,20260905,True
2012H2-E,20260905,nearest,cox_slope_deviation,tabicl - scorecard,0.11616988030632854,0.04182755768749646,0.1836692506161976,0.037827452359629414,0.05,200,20260905,True
2012H2-E,20260905,nearest,cox_slope_deviation,tabicl@t1 - scorecard,0.03407145165540704,-0.031446316244731196,0.10817243554089674,0.03852413387824096,0.05,200,20260905,False
2012H2-E,20260905,nearest,cox_slope_deviation,tabpfn@t1 - scorecard,0.06186583397384363,-0.013084442369201543,0.12987216697503376,0.03814804842921041,0.05,200,20260905,False
2012H2-E,20260905,nearest,cox_slope_deviation,gbm-50k - gbm,0.013597346731237228,-0.08624607841690625,0.1287502642951974,0.070145478646961,0.05,200,20260905,False
2012H2-E,20260905,nearest,cox_slope_deviation,tabpfn - gbm,0.21513402304796017,0.13425784793323103,0.25848168261749616,0.03422657863837601,0.05,200,20260905,True
2012H2-E,20260905,nearest,cox_slope_deviation,tabicl - gbm,0.19011907896136715,0.10391097342425934,0.24416338452826655,0.037555321342565694,0.05,200,20260905,True
2012H2-E,20260905,nearest,cox_slope_deviation,tabicl@t1 - gbm,0.10802065031044567,0.02064771211246119,0.16756997726092923,0.038703101107956536,0.05,200,20260905,True
2012H2-E,20260905,nearest,cox_slope_deviation,tabpfn@t1 - gbm,0.13581503262888225,0.04471838979397988,0.18409380270555392,0.03690994314444528,0.05,200,20260905,True
2012H2-E,20260905,nearest,cox_slope_deviation,tabpfn - gbm-50k,0.20153667631672292,0.09395026411805876,0.2949481656280657,0.06340723712504683,0.05,200,20260905,True
2012H2-E,20260905,nearest,cox_slope_deviation,tabicl - gbm-50k,0.17652173223012993,0.0708434079615794,0.2626743937315951,0.05933171819579924,0.05,200,20260905,True
2012H2-E,20260905,nearest,cox_slope_deviation,tabicl@t1 - gbm-50k,0.09442330357920843,-0.012808751554648399,0.18336103865391784,0.05836259413812748,0.05,200,20260905,False
2012H2-E,20260905,nearest,cox_slope_deviation,tabpfn@t1 - gbm-50k,0.12221768589764503,0.007357293873845125,0.21852935042825822,0.06419229347826147,0.05,200,20260905,True
2012H2-E,20260905,nearest,cox_slope_deviation,tabicl - tabpfn,-0.02501494408659301,-0.04884294917508221,-0.00492505173857616,0.012483619125509809,0.05,200,20260905,True
2012H2-E,20260905,nearest,cox_slope_deviation,tabicl@t1 - tabpfn,-0.10711337273751452,-0.13583219878030506,-0.0807385664425836,0.015964403654474,0.05,200,20260905,True
2012H2-E,20260905,nearest,cox_slope_deviation,tabpfn@t1 - tabpfn,-0.07931899041907792,-0.0891531213097637,-0.06928624389840712,0.004952890461111782,0.05,200,20260905,True
2012H2-E,20260905,nearest,cox_slope_deviation,tabicl@t1 - tabicl,-0.0820984286509215,-0.09008547242717563,-0.0695322256164717,0.00721139615286574,0.05,200,20260905,True
2012H2-E,20260905,nearest,cox_slope_deviation,tabpfn@t1 - tabicl,-0.0543040463324849,-0.07421871108508912,-0.0323616006852166,0.012710431918356597,0.05,200,20260905,True
2012H2-E,20260905,nearest,cox_slope_deviation,tabpfn@t1 - tabicl@t1,0.0277943823184366,0.004866386939926534,0.05400853678092026,0.014650928971646347,0.05,200,20260905,True
2012H2-E,20260905,nearest,psi,gbm - scorecard,0.010206953925024645,0.008224328656782682,0.01224829924817513,0.0010183288447010576,0.05,200,20260905,True
2012H2-E,20260905,nearest,psi,gbm-50k - scorecard,0.013153907575344575,-0.0022748656356706572,0.026915147942569485,0.010924546943975646,0.05,200,20260905,False
2012H2-E,20260905,nearest,psi,tabpfn - scorecard,0.0021553207376261985,-0.00601147358456779,0.009356471035826083,0.005154488046843276,0.05,200,20260905,False
2012H2-E,20260905,nearest,psi,tabicl - scorecard,0.010447194060844598,-0.003553138960136247,0.026314610314698915,0.010983820611733865,0.05,200,20260905,False
2012H2-E,20260905,nearest,psi,tabicl@t1 - scorecard,0.010447194060844598,-0.003553138960136247,0.026314610314698915,0.010983820611733865,0.05,200,20260905,False
2012H2-E,20260905,nearest,psi,tabpfn@t1 - scorecard,0.0021553207376261985,-0.00601147358456779,0.009356471035826083,0.005154488046843276,0.05,200,20260905,False
2012H2-E,20260905,nearest,psi,gbm-50k - gbm,0.00294695365031993,-0.012119923183793437,0.015978085407032,0.010931966772517107,0.05,200,20260905,False
2012H2-E,20260905,nearest,psi,tabpfn - gbm,-0.008051633187398446,-0.01619121572850108,-0.0007832308708196843,0.005164565105952475,0.05,200,20260905,True
2012H2-E,20260905,nearest,psi,tabicl - gbm,0.00024024013581995288,-0.013615483325623234,0.015528474488409175,0.01099681820185062,0.05,200,20260905,False
2012H2-E,20260905,nearest,psi,tabicl@t1 - gbm,0.00024024013581995288,-0.013615483325623234,0.015528474488409175,0.01099681820185062,0.05,200,20260905,False
2012H2-E,20260905,nearest,psi,tabpfn@t1 - gbm,-0.008051633187398446,-0.01619121572850108,-0.0007832308708196843,0.005164565105952475,0.05,200,20260905,True
2012H2-E,20260905,nearest,psi,tabpfn - gbm-50k,-0.010998586837718377,-0.018277072165655106,-0.0020613118039836697,0.005983827428744885,0.05,200,20260905,True
2012H2-E,20260905,nearest,psi,tabicl - gbm-50k,-0.002706713514499977,-0.0072653809139701245,0.0008331448522200623,0.0025383112047546864,0.05,200,20260905,False
2012H2-E,20260905,nearest,psi,tabicl@t1 - gbm-50k,-0.002706713514499977,-0.0072653809139701245,0.0008331448522200623,0.0025383112047546864,0.05,200,20260905,False
2012H2-E,20260905,nearest,psi,tabpfn@t1 - gbm-50k,-0.010998586837718377,-0.018277072165655106,-0.0020613118039836697,0.005983827428744885,0.05,200,20260905,True
2012H2-E,20260905,nearest,psi,tabicl - tabpfn,0.0082918733232184,0.0014357735462914984,0.017595377129676903,0.006028749122965392,0.05,200,20260905,True
2012H2-E,20260905,nearest,psi,tabicl@t1 - tabpfn,0.0082918733232184,0.0014357735462914984,0.017595377129676903,0.006028749122965392,0.05,200,20260905,True
2012H2-E,20260905,nearest,psi,tabpfn@t1 - tabpfn,0.0,0.0,0.0,0.0,0.05,200,20260905,False
2012H2-E,20260905,nearest,psi,tabicl@t1 - tabicl,0.0,0.0,0.0,0.0,0.05,200,20260905,False
2012H2-E,20260905,nearest,psi,tabpfn@t1 - tabicl,-0.0082918733232184,-0.017595377129676903,-0.0014357735462914977,0.006028749122965392,0.05,200,20260905,True
2012H2-E,20260905,nearest,psi,tabpfn@t1 - tabicl@t1,-0.0082918733232184,-0.017595377129676903,-0.0014357735462914977,0.006028749122965392,0.05,200,20260905,True
2012H2-E,20260905,"all, cohorts resampled",gini,gbm - scorecard,0.01447037780698468,0.0038818326266017614,0.026518648102646102,0.005377261477401296,0.05,200,20260905,True
2012H2-E,20260905,"all, cohorts resampled",gini,gbm-50k - scorecard,-0.007490243691843109,-0.023836744112166467,0.008117933126579518,0.008406331314637057,0.05,200,20260905,False
2012H2-E,20260905,"all, cohorts resampled",gini,tabpfn - scorecard,-0.013468298055175446,-0.0371204904406595,0.006911409276815974,0.011583384611610001,0.05,200,20260905,False
2012H2-E,20260905,"all, cohorts resampled",gini,tabicl - scorecard,-0.005030584972033662,-0.03065607145196631,0.02214538685958983,0.014941080305236672,0.05,200,20260905,False
2012H2-E,20260905,"all, cohorts resampled",gini,tabicl@t1 - scorecard,-0.005030584972033662,-0.03065607145196631,0.02214538685958983,0.014941080305236672,0.05,200,20260905,False
2012H2-E,20260905,"all, cohorts resampled",gini,tabpfn@t1 - scorecard,-0.013468298055175446,-0.0371204904406595,0.006911409276815974,0.011583384611610001,0.05,200,20260905,False
2012H2-E,20260905,"all, cohorts resampled",gini,gbm-50k - gbm,-0.021960621498827788,-0.03563293735361079,-0.012110053062975964,0.006509535099505207,0.05,200,20260905,True
2012H2-E,20260905,"all, cohorts resampled",gini,tabpfn - gbm,-0.027938675862160128,-0.04762520528507329,-0.010793604517957384,0.010523151508392926,0.05,200,20260905,True
2012H2-E,20260905,"all, cohorts resampled",gini,tabicl - gbm,-0.019500962779018343,-0.044146102512416054,0.0027029506827115414,0.0141728931033913,0.05,200,20260905,False
2012H2-E,20260905,"all, cohorts resampled",gini,tabicl@t1 - gbm,-0.019500962779018343,-0.044146102512416054,0.0027029506827115414,0.0141728931033913,0.05,200,20260905,False
2012H2-E,20260905,"all, cohorts resampled",gini,tabpfn@t1 - gbm,-0.027938675862160128,-0.04762520528507329,-0.010793604517957384,0.010523151508392926,0.05,200,20260905,True
2012H2-E,20260905,"all, cohorts resampled",gini,tabpfn - gbm-50k,-0.005978054363332337,-0.030309189299723153,0.008897344193396422,0.01145466024441986,0.05,200,20260905,False
2012H2-E,20260905,"all, cohorts resampled",gini,tabicl - gbm-50k,0.002459658719809447,-0.023980748028160553,0.021351279996291075,0.014371033669633904,0.05,200,20260905,False
2012H2-E,20260905,"all, cohorts resampled",gini,tabicl@t1 - gbm-50k,0.002459658719809447,-0.023980748028160553,0.021351279996291075,0.014371033669633904,0.05,200,20260905,False
2012H2-E,20260905,"all, cohorts resampled",gini,tabpfn@t1 - gbm-50k,-0.005978054363332337,-0.030309189299723153,0.008897344193396422,0.01145466024441986,0.05,200,20260905,False
2012H2-E,20260905,"all, cohorts resampled",gini,tabicl - tabpfn,0.008437713083141785,0.00045613718888467967,0.018303973894909373,0.005370431772140714,0.05,200,20260905,True
2012H2-E,20260905,"all, cohorts resampled",gini,tabicl@t1 - tabpfn,0.008437713083141785,0.00045613718888467967,0.018303973894909373,0.005370431772140714,0.05,200,20260905,True
2012H2-E,20260905,"all, cohorts resampled",gini,tabpfn@t1 - tabpfn,0.0,0.0,0.0,0.0,0.05,200,20260905,False
2012H2-E,20260905,"all, cohorts resampled",gini,tabicl@t1 - tabicl,0.0,0.0,0.0,0.0,0.05,200,20260905,False
2012H2-E,20260905,"all, cohorts resampled",gini,tabpfn@t1 - tabicl,-0.008437713083141785,-0.018303973894909373,-0.00045613718888467923,0.005370431772140714,0.05,200,20260905,True
2012H2-E,20260905,"all, cohorts resampled",gini,tabpfn@t1 - tabicl@t1,-0.008437713083141785,-0.018303973894909373,-0.00045613718888467923,0.005370431772140714,0.05,200,20260905,True
2012H2-E,20260905,"all, cohorts resampled",abs_log_oe,gbm - scorecard,-0.0033688922769532503,-0.024522428032118286,0.022342058424002723,0.012568490569832039,0.05,200,20260905,False
2012H2-E,20260905,"all, cohorts resampled",abs_log_oe,gbm-50k - scorecard,-0.049287988102461565,-0.12425332147429295,0.018750584020426782,0.04140039003779785,0.05,200,20260905,False
2012H2-E,20260905,"all, cohorts resampled",abs_log_oe,tabpfn - scorecard,-0.25576143920152167,-0.34021605207629185,-0.16866716980665725,0.049266095232830584,0.05,200,20260905,True
2012H2-E,20260905,"all, cohorts resampled",abs_log_oe,tabicl - scorecard,-0.24102811526081422,-0.347821047858691,-0.11784485231197218,0.07340844760145926,0.05,200,20260905,True
2012H2-E,20260905,"all, cohorts resampled",abs_log_oe,tabicl@t1 - scorecard,0.0798397826497476,-0.021059037269455152,0.18803380595546815,0.06765014749733407,0.05,200,20260905,False
2012H2-E,20260905,"all, cohorts resampled",abs_log_oe,tabpfn@t1 - scorecard,0.06523395599480845,-0.014423740603587414,0.14132641845471955,0.04613880561513426,0.05,200,20260905,False
2012H2-E,20260905,"all, cohorts resampled",abs_log_oe,gbm-50k - gbm,-0.045919095825508315,-0.10489618452730762,0.0071126284836288585,0.0387650222744834,0.05,200,20260905,False
2012H2-E,20260905,"all, cohorts resampled",abs_log_oe,tabpfn - gbm,-0.2523925469245684,-0.3318230845878135,-0.16830043812742052,0.0472647297564659,0.05,200,20260905,True
2012H2-E,20260905,"all, cohorts resampled",abs_log_oe,tabicl - gbm,-0.23765922298386097,-0.3405870493268664,-0.1122956912433473,0.07253056309108086,0.05,200,20260905,True
2012H2-E,20260905,"all, cohorts resampled",abs_log_oe,tabicl@t1 - gbm,0.08320867492670085,-0.01179176671671448,0.19187924078241522,0.0667650555345805,0.05,200,20260905,False
2012H2-E,20260905,"all, cohorts resampled",abs_log_oe,tabpfn@t1 - gbm,0.0686028482717617,-0.004446931050463559,0.1405370024033509,0.04427893218115278,0.05,200,20260905,False
2012H2-E,20260905,"all, cohorts resampled",abs_log_oe,tabpfn - gbm-50k,-0.20647345109906012,-0.2658259918915423,-0.1207307015573772,0.0449772356209852,0.05,200,20260905,True
2012H2-E,20260905,"all, cohorts resampled",abs_log_oe,tabicl - gbm-50k,-0.19174012715835265,-0.2609689922963958,-0.06838740966204405,0.06835997618873611,0.05,200,20260905,True
2012H2-E,20260905,"all, cohorts resampled",abs_log_oe,tabicl@t1 - gbm-50k,0.12912777075220916,0.07012273390002133,0.23578993672470713,0.06063308660765332,0.05,200,20260905,True
2012H2-E,20260905,"all, cohorts resampled",abs_log_oe,tabpfn@t1 - gbm-50k,0.11452194409727001,0.06350714984432347,0.1864593367633072,0.03989397867930632,0.05,200,20260905,True
2012H2-E,20260905,"all, cohorts resampled",abs_log_oe,tabicl - tabpfn,0.014733323940707477,-0.015169209059778681,0.058451850040303656,0.027327360920099603,0.05,200,20260905,False
2012H2-E,20260905,"all, cohorts resampled",abs_log_oe,tabicl@t1 - tabpfn,0.3356012218512692,0.3046992316905046,0.3709375669197055,0.021740667657742147,0.05,200,20260905,True
2012H2-E,20260905,"all, cohorts resampled",abs_log_oe,tabpfn@t1 - tabpfn,0.32099539519633014,0.30828636214737243,0.33076886493187385,0.00589322467187075,0.05,200,20260905,True
2012H2-E,20260905,"all, cohorts resampled",abs_log_oe,tabicl@t1 - tabicl,0.3208678979105618,0.3035915479465324,0.3324139530068465,0.008355861572898127,0.05,200,20260905,True
2012H2-E,20260905,"all, cohorts resampled",abs_log_oe,tabpfn@t1 - tabicl,0.30626207125562266,0.25281066281225634,0.3361724682761056,0.030967100510760757,0.05,200,20260905,True
2012H2-E,20260905,"all, cohorts resampled",abs_log_oe,tabpfn@t1 - tabicl@t1,-0.014605826654939147,-0.05297293257883576,0.013067332892503527,0.024307563128734715,0.05,200,20260905,False
2012H2-E,20260905,"all, cohorts resampled",cox_slope_deviation,gbm - scorecard,-0.012189039957793496,-0.03581823026539035,0.007452563877468576,0.010573036686644761,0.05,200,20260905,False
2012H2-E,20260905,"all, cohorts resampled",cox_slope_deviation,gbm-50k - scorecard,-0.03340683261820692,-0.08524205233015743,0.04280756427419064,0.0412890562064426,0.05,200,20260905,False
2012H2-E,20260905,"all, cohorts resampled",cox_slope_deviation,tabpfn - scorecard,0.18363866754025213,0.13724202013299255,0.21939177514619096,0.02343739540496498,0.05,200,20260905,True
2012H2-E,20260905,"all, cohorts resampled",cox_slope_deviation,tabicl - scorecard,0.1612367654063652,0.11098015728126956,0.20323402261214413,0.025881077918597287,0.05,200,20260905,True
2012H2-E,20260905,"all, cohorts resampled",cox_slope_deviation,tabicl@t1 - scorecard,0.09292316455702083,0.0398679419205037,0.13696879352457966,0.027867434132214382,0.05,200,20260905,True
2012H2-E,20260905,"all, cohorts resampled",cox_slope_deviation,tabpfn@t1 - scorecard,0.11781416692800617,0.067456804552027,0.15380382082024774,0.02477745100001337,0.05,200,20260905,True
2012H2-E,20260905,"all, cohorts resampled",cox_slope_deviation,gbm-50k - gbm,-0.02121779266041342,-0.060962867540439634,0.05456929745305624,0.04111402734787669,0.05,200,20260905,False
2012H2-E,20260905,"all, cohorts resampled",cox_slope_deviation,tabpfn - gbm,0.1958277074980456,0.15220393711501173,0.2276700818094265,0.021707687977328523,0.05,200,20260905,True
2012H2-E,20260905,"all, cohorts resampled",cox_slope_deviation,tabicl - gbm,0.17342580536415872,0.12976397055134178,0.21379655199357572,0.024534002652106982,0.05,200,20260905,True
2012H2-E,20260905,"all, cohorts resampled",cox_slope_deviation,tabicl@t1 - gbm,0.10511220451481434,0.05595335923952041,0.14636486749518818,0.026643787703066666,0.05,200,20260905,True
2012H2-E,20260905,"all, cohorts resampled",cox_slope_deviation,tabpfn@t1 - gbm,0.13000320688579967,0.08445995481252336,0.16216700124734088,0.02317119571012462,0.05,200,20260905,True
2012H2-E,20260905,"all, cohorts resampled",cox_slope_deviation,tabpfn - gbm-50k,0.21704550015845903,0.15474094544328929,0.27006801531867,0.035924173148296566,0.05,200,20260905,True
2012H2-E,20260905,"all, cohorts resampled",cox_slope_deviation,tabicl - gbm-50k,0.19464359802457212,0.12498963688864476,0.26068487580322963,0.04343661585821752,0.05,200,20260905,True
2012H2-E,20260905,"all, cohorts resampled",cox_slope_deviation,tabicl@t1 - gbm-50k,0.12632999717522778,0.055991488357925806,0.19254375671887236,0.04443460044219776,0.05,200,20260905,True
2012H2-E,20260905,"all, cohorts resampled",cox_slope_deviation,tabpfn@t1 - gbm-50k,0.1512209995462131,0.08808081602464617,0.203839428899358,0.03571401994917264,0.05,200,20260905,True
2012H2-E,20260905,"all, cohorts resampled",cox_slope_deviation,tabicl - tabpfn,-0.02240190213388693,-0.0366506453303467,-0.005125052308333848,0.009643587718712017,0.05,200,20260905,True
2012H2-E,20260905,"all, cohorts resampled",cox_slope_deviation,tabicl@t1 - tabpfn,-0.09071550298323128,-0.10972700847746066,-0.06783812835825694,0.012299827594120976,0.05,200,20260905,True
2012H2-E,20260905,"all, cohorts resampled",cox_slope_deviation,tabpfn@t1 - tabpfn,-0.06582450061224594,-0.07372615734899944,-0.05829568634081463,0.0039314706915249895,0.05,200,20260905,True
2012H2-E,20260905,"all, cohorts resampled",cox_slope_deviation,tabicl@t1 - tabicl,-0.06831360084934435,-0.07681867559481932,-0.06027592276959242,0.004409770499328089,0.05,200,20260905,True
2012H2-E,20260905,"all, cohorts resampled",cox_slope_deviation,tabpfn@t1 - tabicl,-0.04342259847835902,-0.059941811544879715,-0.028681732667059864,0.009526007392954809,0.05,200,20260905,True
2012H2-E,20260905,"all, cohorts resampled",cox_slope_deviation,tabpfn@t1 - tabicl@t1,0.02489100237098533,0.0049518705615518134,0.03884927807349616,0.010786155667846128,0.05,200,20260905,True
2012H2-E,20260905,"all, cohorts resampled",psi,gbm - scorecard,-0.03832439763256697,-0.06027050122866128,-0.01562592894842543,0.01136177851342963,0.05,200,20260905,True
2012H2-E,20260905,"all, cohorts resampled",psi,gbm-50k - scorecard,-0.023242930242510836,-0.057968260440133354,0.0023870960967253886,0.018901810987815532,0.05,200,20260905,False
2012H2-E,20260905,"all, cohorts resampled",psi,tabpfn - scorecard,-0.03657891248692916,-0.06823556241637652,-0.005970584801863756,0.01761785622215371,0.05,200,20260905,True
2012H2-E,20260905,"all, cohorts resampled",psi,tabicl - scorecard,-0.021325475646649314,-0.06578694496455462,0.006037473255091703,0.023232461982768862,0.05,200,20260905,False
2012H2-E,20260905,"all, cohorts resampled",psi,tabicl@t1 - scorecard,-0.021325475646649314,-0.06578694496455462,0.006037473255091703,0.023232461982768862,0.05,200,20260905,False
2012H2-E,20260905,"all, cohorts resampled",psi,tabpfn@t1 - scorecard,-0.03657891248692916,-0.06823556241637652,-0.005970584801863756,0.01761785622215371,0.05,200,20260905,True
2012H2-E,20260905,"all, cohorts resampled",psi,gbm-50k - gbm,0.015081467390056133,-0.011132416094238984,0.044893263512229636,0.017736583426940303,0.05,200,20260905,False
2012H2-E,20260905,"all, cohorts resampled",psi,tabpfn - gbm,0.001745485145637803,-0.020045785910395686,0.02709805051489906,0.014711776776420398,0.05,200,20260905,False
2012H2-E,20260905,"all, cohorts resampled",psi,tabicl - gbm,0.016998921985917653,-0.016408344431798942,0.05162345891676548,0.02255427828213114,0.05,200,20260905,False
2012H2-E,20260905,"all, cohorts resampled",psi,tabicl@t1 - gbm,0.016998921985917653,-0.016408344431798942,0.05162345891676548,0.02255427828213114,0.05,200,20260905,False
2012H2-E,20260905,"all, cohorts resampled",psi,tabpfn@t1 - gbm,0.001745485145637803,-0.020045785910395686,0.02709805051489906,0.014711776776420398,0.05,200,20260905,False
2012H2-E,20260905,"all, cohorts resampled",psi,tabpfn - gbm-50k,-0.013335982244418329,-0.02305777050086056,-0.0050014950141746275,0.005340044096503906,0.05,200,20260905,True
2012H2-E,20260905,"all, cohorts resampled",psi,tabicl - gbm-50k,0.0019174545958615212,-0.008153506513497916,0.011117082807869823,0.006111891482632828,0.05,200,20260905,False
2012H2-E,20260905,"all, cohorts resampled",psi,tabicl@t1 - gbm-50k,0.0019174545958615212,-0.008153506513497916,0.011117082807869823,0.006111891482632828,0.05,200,20260905,False
2012H2-E,20260905,"all, cohorts resampled",psi,tabpfn@t1 - gbm-50k,-0.013335982244418329,-0.02305777050086056,-0.0050014950141746275,0.005340044096503906,0.05,200,20260905,True
2012H2-E,20260905,"all, cohorts resampled",psi,tabicl - tabpfn,0.01525343684027985,0.001398828496660797,0.02914628956382537,0.009761259429137326,0.05,200,20260905,True
2012H2-E,20260905,"all, cohorts resampled",psi,tabicl@t1 - tabpfn,0.01525343684027985,0.001398828496660797,0.02914628956382537,0.009761259429137326,0.05,200,20260905,True
2012H2-E,20260905,"all, cohorts resampled",psi,tabpfn@t1 - tabpfn,0.0,0.0,0.0,0.0,0.05,200,20260905,False
2012H2-E,20260905,"all, cohorts resampled",psi,tabicl@t1 - tabicl,0.0,0.0,0.0,0.0,0.05,200,20260905,False
2012H2-E,20260905,"all, cohorts resampled",psi,tabpfn@t1 - tabicl,-0.01525343684027985,-0.029146289563825367,-0.001398828496660797,0.009761259429137326,0.05,200,20260905,True
2012H2-E,20260905,"all, cohorts resampled",psi,tabpfn@t1 - tabicl@t1,-0.01525343684027985,-0.029146289563825367,-0.001398828496660797,0.009761259429137326,0.05,200,20260905,True
2012H2-E,20260906,all,gini,gbm - scorecard,0.01447037780698468,0.008525929418167951,0.020820806782628272,0.0033927032040938845,0.05,200,20260906,True
2012H2-E,20260906,all,gini,gbm-50k - scorecard,-0.007490243691843109,-0.020388236332705922,0.0027436893952522763,0.006425271069907221,0.05,200,20260906,False
2012H2-E,20260906,all,gini,tabpfn - scorecard,-0.013468298055175446,-0.0308235698836912,0.004313611702507536,0.010123818968630837,0.05,200,20260906,False
2012H2-E,20260906,all,gini,tabicl - scorecard,-0.005030584972033662,-0.0260893719280403,0.018196834426822968,0.014203926160341222,0.05,200,20260906,False
2012H2-E,20260906,all,gini,tabicl@t1 - scorecard,-0.005030584972033662,-0.0260893719280403,0.018196834426822968,0.014203926160341222,0.05,200,20260906,False
2012H2-E,20260906,all,gini,tabpfn@t1 - scorecard,-0.013468298055175446,-0.0308235698836912,0.004313611702507536,0.010123818968630837,0.05,200,20260906,False
2012H2-E,20260906,all,gini,gbm-50k - gbm,-0.021960621498827788,-0.0330202349816735,-0.014686396174570933,0.005726951376635354,0.05,200,20260906,True
2012H2-E,20260906,all,gini,tabpfn - gbm,-0.027938675862160128,-0.044876623881531456,-0.01239725693226436,0.009887852046219376,0.05,200,20260906,True
2012H2-E,20260906,all,gini,tabicl - gbm,-0.019500962779018343,-0.040924937732081786,0.002524710023173238,0.014230356062411978,0.05,200,20260906,False
2012H2-E,20260906,all,gini,tabicl@t1 - gbm,-0.019500962779018343,-0.040924937732081786,0.002524710023173238,0.014230356062411978,0.05,200,20260906,False
2012H2-E,20260906,all,gini,tabpfn@t1 - gbm,-0.027938675862160128,-0.044876623881531456,-0.01239725693226436,0.009887852046219376,0.05,200,20260906,True
2012H2-E,20260906,all,gini,tabpfn - gbm-50k,-0.005978054363332337,-0.025522119116329477,0.008183416534500852,0.010966016383699765,0.05,200,20260906,False
2012H2-E,20260906,all,gini,tabicl - gbm-50k,0.002459658719809447,-0.02109136052802637,0.02136178964536634,0.014207539629050931,0.05,200,20260906,False
2012H2-E,20260906,all,gini,tabicl@t1 - gbm-50k,0.002459658719809447,-0.02109136052802637,0.02136178964536634,0.014207539629050931,0.05,200,20260906,False
2012H2-E,20260906,all,gini,tabpfn@t1 - gbm-50k,-0.005978054363332337,-0.025522119116329477,0.008183416534500852,0.010966016383699765,0.05,200,20260906,False
2012H2-E,20260906,all,gini,tabicl - tabpfn,0.008437713083141785,0.0019502391607785579,0.017481893780189092,0.005143347007728541,0.05,200,20260906,True
2012H2-E,20260906,all,gini,tabicl@t1 - tabpfn,0.008437713083141785,0.0019502391607785579,0.017481893780189092,0.005143347007728541,0.05,200,20260906,True
2012H2-E,20260906,all,gini,tabpfn@t1 - tabpfn,0.0,0.0,0.0,0.0,0.05,200,20260906,False
2012H2-E,20260906,all,gini,tabicl@t1 - tabicl,0.0,0.0,0.0,0.0,0.05,200,20260906,False
2012H2-E,20260906,all,gini,tabpfn@t1 - tabicl,-0.008437713083141785,-0.017481893780189092,-0.0019502391607785579,0.005143347007728541,0.05,200,20260906,True
2012H2-E,20260906,all,gini,tabpfn@t1 - tabicl@t1,-0.008437713083141785,-0.017481893780189092,-0.0019502391607785579,0.005143347007728541,0.05,200,20260906,True
2012H2-E,20260906,all,abs_log_oe,gbm - scorecard,-0.0033688922769532503,-0.0055056798378268325,-0.0013715225282662934,0.001099178590890251,0.05,200,20260906,True
2012H2-E,20260906,all,abs_log_oe,gbm-50k - scorecard,-0.049287988102461565,-0.09927553496708211,3.084364049382187e-05,0.04035767400579609,0.05,200,20260906,False
2012H2-E,20260906,all,abs_log_oe,tabpfn - scorecard,-0.25576143920152167,-0.31509029611501327,-0.19763656461107518,0.044770103338628596,0.05,200,20260906,True
2012H2-E,20260906,all,abs_log_oe,tabicl - scorecard,-0.24102811526081422,-0.3264062551200186,-0.14547572807189077,0.07009359709772903,0.05,200,20260906,True
2012H2-E,20260906,all,abs_log_oe,tabicl@t1 - scorecard,0.0798397826497476,-0.0028863573712215092,0.16488570309349707,0.06510523572181726,0.05,200,20260906,False
2012H2-E,20260906,all,abs_log_oe,tabpfn@t1 - scorecard,0.06523395599480845,0.006538207264682999,0.11721534535801523,0.04280611787402781,0.05,200,20260906,True
2012H2-E,20260906,all,abs_log_oe,gbm-50k - gbm,-0.045919095825508315,-0.09529061245488002,0.0036058822013931907,0.040447604170091404,0.05,200,20260906,False
2012H2-E,20260906,all,abs_log_oe,tabpfn - gbm,-0.2523925469245684,-0.3110764541466784,-0.19502096604116478,0.04470182952787173,0.05,200,20260906,True
2012H2-E,20260906,all,abs_log_oe,tabicl - gbm,-0.23765922298386097,-0.3224652557625534,-0.14270462884329577,0.07001453093916513,0.05,200,20260906,True
2012H2-E,20260906,all,abs_log_oe,tabicl@t1 - gbm,0.08320867492670085,0.0005885686629703346,0.16751231388730914,0.06503960925688833,0.05,200,20260906,True
2012H2-E,20260906,all,abs_log_oe,tabpfn@t1 - gbm,0.0686028482717617,0.010404251427599497,0.11974747737483864,0.04275531751913523,0.05,200,20260906,True
2012H2-E,20260906,all,abs_log_oe,tabpfn - gbm-50k,-0.20647345109906012,-0.25549287197977366,-0.14837249181806078,0.041965503647263105,0.05,200,20260906,True
2012H2-E,20260906,all,abs_log_oe,tabicl - gbm-50k,-0.19174012715835265,-0.2518190371089386,-0.09548841804394498,0.06487454478884083,0.05,200,20260906,True
2012H2-E,20260906,all,abs_log_oe,tabicl@t1 - gbm-50k,0.12912777075220916,0.0773865524377434,0.21452052234190364,0.05755306346592886,0.05,200,20260906,True
2012H2-E,20260906,all,abs_log_oe,tabpfn@t1 - gbm-50k,0.11452194409727001,0.07135447363751034,0.16664419975292896,0.03739804995035445,0.05,200,20260906,True
2012H2-E,20260906,all,abs_log_oe,tabicl - tabpfn,0.014733323940707477,-0.012166126940086331,0.053179726912921,0.026212720371806584,0.05,200,20260906,False
2012H2-E,20260906,all,abs_log_oe,tabicl@t1 - tabpfn,0.3356012218512692,0.3103390403973559,0.3635940418107402,0.020461750664759533,0.05,200,20260906,True
2012H2-E,20260906,all,abs_log_oe,tabpfn@t1 - tabpfn,0.32099539519633014,0.31467930590871473,0.32720410180267734,0.0046178471325431306,0.05,200,20260906,True
2012H2-E,20260906,all,abs_log_oe,tabicl@t1 - tabicl,0.3208678979105618,0.3100523768453401,0.32964500141956776,0.007497183619156411,0.05,200,20260906,True
2012H2-E,20260906,all,abs_log_oe,tabpfn@t1 - tabicl,0.30626207125562266,0.2620117775666439,0.3336584046401368,0.029717057225575653,0.05,200,20260906,True
2012H2-E,20260906,all,abs_log_oe,tabpfn@t1 - tabicl@t1,-0.014605826654939147,-0.0483841726801389,0.010357959467332435,0.02337545656028899,0.05,200,20260906,False
2012H2-E,20260906,all,cox_slope_deviation,gbm - scorecard,-0.012189039957793496,-0.025537759776978707,0.001767883457670669,0.007127907360757757,0.05,200,20260906,False
2012H2-E,20260906,all,cox_slope_deviation,gbm-50k - scorecard,-0.03340683261820692,-0.07413770118126019,0.04189737926102673,0.04125498995038593,0.05,200,20260906,False
2012H2-E,20260906,all,cox_slope_deviation,tabpfn - scorecard,0.18363866754025213,0.14100132487905898,0.20875211481244668,0.02082611853010752,0.05,200,20260906,True
2012H2-E,20260906,all,cox_slope_deviation,tabicl - scorecard,0.1612367654063652,0.11472007183719111,0.19093552028251712,0.023932479077893885,0.05,200,20260906,True
2012H2-E,20260906,all,cox_slope_deviation,tabicl@t1 - scorecard,0.09292316455702083,0.044950190616170234,0.12502443195087584,0.026176880871307068,0.05,200,20260906,True
2012H2-E,20260906,all,cox_slope_deviation,tabpfn@t1 - scorecard,0.11781416692800617,0.07031780227613033,0.14406093757379898,0.022799429632234983,0.05,200,20260906,True
2012H2-E,20260906,all,cox_slope_deviation,gbm-50k - gbm,-0.02121779266041342,-0.058858757718123565,0.04838276088786371,0.04037041607416716,0.05,200,20260906,False
2012H2-E,20260906,all,cox_slope_deviation,tabpfn - gbm,0.1958277074980456,0.15902258794667495,0.2180796323207305,0.019763620157859648,0.05,200,20260906,True
2012H2-E,20260906,all,cox_slope_deviation,tabicl - gbm,0.17342580536415872,0.1323209573071164,0.20594581616185118,0.023247293111945008,0.05,200,20260906,True
2012H2-E,20260906,all,cox_slope_deviation,tabicl@t1 - gbm,0.10511220451481434,0.06110783452863308,0.1403615533934147,0.025571429655366962,0.05,200,20260906,True
2012H2-E,20260906,all,cox_slope_deviation,tabpfn@t1 - gbm,0.13000320688579967,0.09112080346916801,0.15298071352443332,0.021823277395387863,0.05,200,20260906,True
2012H2-E,20260906,all,cox_slope_deviation,tabpfn - gbm-50k,0.21704550015845903,0.15878078332614642,0.26495370319028716,0.03528469714078477,0.05,200,20260906,True
2012H2-E,20260906,all,cox_slope_deviation,tabicl - gbm-50k,0.19464359802457212,0.12763624333616674,0.25579677764601394,0.04326589645104859,0.05,200,20260906,True
2012H2-E,20260906,all,cox_slope_deviation,tabicl@t1 - gbm-50k,0.12632999717522778,0.05990936260553871,0.18921080249833055,0.04429402911050893,0.05,200,20260906,True
2012H2-E,20260906,all,cox_slope_deviation,tabpfn@t1 - gbm-50k,0.1512209995462131,0.09323791686704888,0.20083290545204877,0.035249310643314644,0.05,200,20260906,True
2012H2-E,20260906,all,cox_slope_deviation,tabicl - tabpfn,-0.02240190213388693,-0.03309199495195231,-0.007505062553787588,0.008824953313627492,0.05,200,20260906,True
2012H2-E,20260906,all,cox_slope_deviation,tabicl@t1 - tabpfn,-0.09071550298323128,-0.10372726416426022,-0.07169952029605482,0.010729106640076496,0.05,200,20260906,True
2012H2-E,20260906,all,cox_slope_deviation,tabpfn@t1 - tabpfn,-0.06582450061224594,-0.0714322075870988,-0.0625406617025921,0.0025364209693097706,0.05,200,20260906,True
2012H2-E,20260906,all,cox_slope_deviation,tabicl@t1 - tabicl,-0.06831360084934435,-0.07421961098262327,-0.06281875378282133,0.0031269606546416788,0.05,200,20260906,True
2012H2-E,20260906,all,cox_slope_deviation,tabpfn@t1 - tabicl,-0.04342259847835902,-0.058113340747408544,-0.030517659634313604,0.008744469527471271,0.05,200,20260906,True
2012H2-E,20260906,all,cox_slope_deviation,tabpfn@t1 - tabicl@t1,0.02489100237098533,0.007173633686920116,0.0367688832799471,0.01001966894192,0.05,200,20260906,True
2012H2-E,20260906,all,psi,gbm - scorecard,-0.03832439763256697,-0.03941791226769391,-0.03729837321642574,0.0005593305963486448,0.05,200,20260906,True
2012H2-E,20260906,all,psi,gbm-50k - scorecard,-0.023242930242510836,-0.04674018341793158,-0.0035263720150849626,0.016947013576609642,0.05,200,20260906,True
2012H2-E,20260906,all,psi,tabpfn - scorecard,-0.03657891248692916,-0.055579183988447425,-0.01819319275362979,0.014177449085172766,0.05,200,20260906,True
2012H2-E,20260906,all,psi,tabicl - scorecard,-0.021325475646649314,-0.053017916232637186,0.0010770026025799927,0.02211952206234259,0.05,200,20260906,False
2012H2-E,20260906,all,psi,tabicl@t1 - scorecard,-0.021325475646649314,-0.053017916232637186,0.0010770026025799927,0.02211952206234259,0.05,200,20260906,False
2012H2-E,20260906,all,psi,tabpfn@t1 - scorecard,-0.03657891248692916,-0.055579183988447425,-0.01819319275362979,0.014177449085172766,0.05,200,20260906,True
2012H2-E,20260906,all,psi,gbm-50k - gbm,0.015081467390056133,-0.008189315927391435,0.03503240608501102,0.017000915727734493,0.05,200,20260906,False
2012H2-E,20260906,all,psi,tabpfn - gbm,0.001745485145637803,-0.016997622262154188,0.0202917983186796,0.014229976262582001,0.05,200,20260906,False
2012H2-E,20260906,all,psi,tabicl - gbm,0.016998921985917653,-0.014313180453386804,0.03958922534560953,0.022171659110211062,0.05,200,20260906,False
2012H2-E,20260906,all,psi,tabicl@t1 - gbm,0.016998921985917653,-0.014313180453386804,0.03958922534560953,0.022171659110211062,0.05,200,20260906,False
2012H2-E,20260906,all,psi,tabpfn@t1 - gbm,0.001745485145637803,-0.016997622262154188,0.0202917983186796,0.014229976262582001,0.05,200,20260906,False
2012H2-E,20260906,all,psi,tabpfn - gbm-50k,-0.013335982244418329,-0.017218048968823115,-0.007938247665330744,0.003483391869819397,0.05,200,20260906,True
2012H2-E,20260906,all,psi,tabicl - gbm-50k,0.0019174545958615212,-0.0067623027937871085,0.008156250812602522,0.005966862089611253,0.05,200,20260906,False
2012H2-E,20260906,all,psi,tabicl@t1 - gbm-50k,0.0019174545958615212,-0.0067623027937871085,0.008156250812602522,0.005966862089611253,0.05,200,20260906,False
2012H2-E,20260906,all,psi,tabpfn@t1 - gbm-50k,-0.013335982244418329,-0.017218048968823115,-0.007938247665330744,0.003483391869819397,0.05,200,20260906,True
2012H2-E,20260906,all,psi,tabicl - tabpfn,0.01525343684027985,0.0021929089987710185,0.02464169038454007,0.00939179971705459,0.05,200,20260906,True
2012H2-E,20260906,all,psi,tabicl@t1 - tabpfn,0.01525343684027985,0.0021929089987710185,0.02464169038454007,0.00939179971705459,0.05,200,20260906,True
2012H2-E,20260906,all,psi,tabpfn@t1 - tabpfn,0.0,0.0,0.0,0.0,0.05,200,20260906,False
2012H2-E,20260906,all,psi,tabicl@t1 - tabicl,0.0,0.0,0.0,0.0,0.05,200,20260906,False
2012H2-E,20260906,all,psi,tabpfn@t1 - tabicl,-0.01525343684027985,-0.02464169038454007,-0.0021929089987710185,0.00939179971705459,0.05,200,20260906,True
2012H2-E,20260906,all,psi,tabpfn@t1 - tabicl@t1,-0.01525343684027985,-0.02464169038454007,-0.0021929089987710185,0.00939179971705459,0.05,200,20260906,True
2012H2-E,20260906,nearest,gini,gbm - scorecard,0.05702084524022988,0.0377357273923128,0.07972170483409802,0.011750174507908495,0.05,200,20260906,True
2012H2-E,20260906,nearest,gini,gbm-50k - scorecard,0.04100801636326682,0.014330386193343314,0.06872149430549687,0.014618173600840972,0.05,200,20260906,True
2012H2-E,20260906,nearest,gini,tabpfn - scorecard,0.039538220089797536,0.01678591324141125,0.07046997690036683,0.013696902696891623,0.05,200,20260906,True
2012H2-E,20260906,nearest,gini,tabicl - scorecard,0.0373263884840909,0.012327877158309675,0.06748206942808588,0.014411885576815237,0.05,200,20260906,True
2012H2-E,20260906,nearest,gini,tabicl@t1 - scorecard,0.0373263884840909,0.012327877158309675,0.06748206942808588,0.014411885576815237,0.05,200,20260906,True
2012H2-E,20260906,nearest,gini,tabpfn@t1 - scorecard,0.039538220089797536,0.01678591324141125,0.07046997690036683,0.013696902696891623,0.05,200,20260906,True
2012H2-E,20260906,nearest,gini,gbm-50k - gbm,-0.016012828876963054,-0.03227688062835557,7.203222637238529e-05,0.008617292522776153,0.05,200,20260906,False
2012H2-E,20260906,nearest,gini,tabpfn - gbm,-0.017482625150432345,-0.03814459804435412,0.0015365003807589375,0.010187366676973952,0.05,200,20260906,False
2012H2-E,20260906,nearest,gini,tabicl - gbm,-0.019694456756138973,-0.04437377472905979,0.005834938127568888,0.013486663299122844,0.05,200,20260906,False
2012H2-E,20260906,nearest,gini,tabicl@t1 - gbm,-0.019694456756138973,-0.04437377472905979,0.005834938127568888,0.013486663299122844,0.05,200,20260906,False
2012H2-E,20260906,nearest,gini,tabpfn@t1 - gbm,-0.017482625150432345,-0.03814459804435412,0.0015365003807589375,0.010187366676973952,0.05,200,20260906,False
2012H2-E,20260906,nearest,gini,tabpfn - gbm-50k,-0.0014697962734692889,-0.02062262642760954,0.020554071635253173,0.010800655952875693,0.05,200,20260906,False
2012H2-E,20260906,nearest,gini,tabicl - gbm-50k,-0.0036816278791759194,-0.027297087695972326,0.021591692941243662,0.013105801283134481,0.05,200,20260906,False
2012H2-E,20260906,nearest,gini,tabicl@t1 - gbm-50k,-0.0036816278791759194,-0.027297087695972326,0.021591692941243662,0.013105801283134481,0.05,200,20260906,False
2012H2-E,20260906,nearest,gini,tabpfn@t1 - gbm-50k,-0.0014697962734692889,-0.02062262642760954,0.020554071635253173,0.010800655952875693,0.05,200,20260906,False
2012H2-E,20260906,nearest,gini,tabicl - tabpfn,-0.0022118316057066303,-0.012150527708026174,0.011286553668633804,0.0066319934486456285,0.05,200,20260906,False
2012H2-E,20260906,nearest,gini,tabicl@t1 - tabpfn,-0.0022118316057066303,-0.012150527708026174,0.011286553668633804,0.0066319934486456285,0.05,200,20260906,False
2012H2-E,20260906,nearest,gini,tabpfn@t1 - tabpfn,0.0,0.0,0.0,0.0,0.05,200,20260906,False
2012H2-E,20260906,nearest,gini,tabicl@t1 - tabicl,0.0,0.0,0.0,0.0,0.05,200,20260906,False
2012H2-E,20260906,nearest,gini,tabpfn@t1 - tabicl,0.0022118316057066303,-0.011286553668633802,0.012150527708026175,0.0066319934486456285,0.05,200,20260906,False
2012H2-E,20260906,nearest,gini,tabpfn@t1 - tabicl@t1,0.0022118316057066303,-0.011286553668633802,0.012150527708026175,0.0066319934486456285,0.05,200,20260906,False
2012H2-E,20260906,nearest,abs_log_oe,gbm - scorecard,0.12776820044209303,0.12004058210786477,0.1354009024962877,0.004295581660876932,0.05,200,20260906,True
2012H2-E,20260906,nearest,abs_log_oe,gbm-50k - scorecard,0.11624960678999445,0.048501438631108895,0.1559697291774007,0.04351687968642385,0.05,200,20260906,True
2012H2-E,20260906,nearest,abs_log_oe,tabpfn - scorecard,-0.10402702887855986,-0.18619495708324577,-0.024574380185260303,0.058274911745014674,0.05,200,20260906,True
2012H2-E,20260906,nearest,abs_log_oe,tabicl - scorecard,-0.12470767729554984,-0.19661902771759476,-0.05939307906794166,0.049962110021480606,0.05,200,20260906,True
2012H2-E,20260906,nearest,abs_log_oe,tabicl@t1 - scorecard,0.1871697246689402,0.13409094192321636,0.2479609443025466,0.042259470376495994,0.05,200,20260906,True
2012H2-E,20260906,nearest,abs_log_oe,tabpfn@t1 - scorecard,0.19923408152815383,0.13584880378593947,0.2680281218434914,0.04828504398203208,0.05,200,20260906,True
2012H2-E,20260906,nearest,abs_log_oe,gbm-50k - gbm,-0.011518593652098582,-0.07798453481286544,0.026037244911253272,0.04363817172265047,0.05,200,20260906,False
2012H2-E,20260906,nearest,abs_log_oe,tabpfn - gbm,-0.23179522932065288,-0.31255111854844186,-0.1544697630567616,0.058402034024523486,0.05,200,20260906,True
2012H2-E,20260906,nearest,abs_log_oe,tabicl - gbm,-0.25247587773764285,-0.3226808271821344,-0.18862505580340247,0.050114682562663715,0.05,200,20260906,True
2012H2-E,20260906,nearest,abs_log_oe,tabicl@t1 - gbm,0.059401524226847156,0.007121445398200816,0.11949708884555518,0.04247292587020117,0.05,200,20260906,True
2012H2-E,20260906,nearest,abs_log_oe,tabpfn@t1 - gbm,0.07146588108606082,0.009269330470668451,0.13880533588345215,0.048458385896255014,0.05,200,20260906,True
2012H2-E,20260906,nearest,abs_log_oe,tabpfn - gbm-50k,-0.2202766356685543,-0.2527898965419798,-0.1764776889188967,0.028223374134894133,0.05,200,20260906,True
2012H2-E,20260906,nearest,abs_log_oe,tabicl - gbm-50k,-0.2409572840855443,-0.27022713648743774,-0.210155061869811,0.021399919279655143,0.05,200,20260906,True
2012H2-E,20260906,nearest,abs_log_oe,tabicl@t1 - gbm-50k,0.07092011787894574,0.02837518773756475,0.0965019713235187,0.027561103838381017,0.05,200,20260906,True
2012H2-E,20260906,nearest,abs_log_oe,tabpfn@t1 - gbm-50k,0.0829844747381594,0.042519575077733025,0.11534623166307656,0.0272191879723291,0.05,200,20260906,True
2012H2-E,20260906,nearest,abs_log_oe,tabicl - tabpfn,-0.020680648416989984,-0.03498423197611927,-0.006037009550270721,0.008914491934730186,0.05,200,20260906,True
2012H2-E,20260906,nearest,abs_log_oe,tabicl@t1 - tabpfn,0.2911967535475,0.27112196123596927,0.32216539699516555,0.018373089582634127,0.05,200,20260906,True
2012H2-E,20260906,nearest,abs_log_oe,tabpfn@t1 - tabpfn,0.3032611104067137,0.29130655536712136,0.3227863204197238,0.011718445670948627,0.05,200,20260906,True
2012H2-E,20260906,nearest,abs_log_oe,tabicl@t1 - tabicl,0.31187740196449004,0.29568019382303423,0.3309882074383804,0.012576828718728325,0.05,200,20260906,True
2012H2-E,20260906,nearest,abs_log_oe,tabpfn@t1 - tabicl,0.3239417588237037,0.309336243019602,0.3352829057103184,0.008077065553588999,0.05,200,20260906,True
2012H2-E,20260906,nearest,abs_log_oe,tabpfn@t1 - tabicl@t1,0.012064356859213662,-0.0016155322455201683,0.02088428977715514,0.006894292499704757,0.05,200,20260906,False
2012H2-E,20260906,nearest,cox_slope_deviation,gbm - scorecard,-0.07394919865503863,-0.11102285651163035,-0.015492265417287756,0.025792943628796684,0.05,200,20260906,True
2012H2-E,20260906,nearest,cox_slope_deviation,gbm-50k - scorecard,-0.0603518519238014,-0.17068457088108968,0.07171749943517863,0.07429505031226485,0.05,200,20260906,False
2012H2-E,20260906,nearest,cox_slope_deviation,tabpfn - scorecard,0.14118482439292154,0.07660309883859037,0.19890074304821084,0.03507826005903673,0.05,200,20260906,True
2012H2-E,20260906,nearest,cox_slope_deviation,tabicl - scorecard,0.11616988030632854,0.04934178634293632,0.18034107457109258,0.03685967441654172,0.05,200,20260906,True
2012H2-E,20260906,nearest,cox_slope_deviation,tabicl@t1 - scorecard,0.03407145165540704,-0.030921899858142254,0.09836016872168654,0.038567333714738423,0.05,200,20260906,False
2012H2-E,20260906,nearest,cox_slope_deviation,tabpfn@t1 - scorecard,0.06186583397384363,-0.0033009176095802812,0.12209761920990479,0.03689738832305366,0.05,200,20260906,False
2012H2-E,20260906,nearest,cox_slope_deviation,gbm-50k - gbm,0.013597346731237228,-0.08148416120912154,0.12733769275640294,0.06466908535969827,0.05,200,20260906,False
2012H2-E,20260906,nearest,cox_slope_deviation,tabpfn - gbm,0.21513402304796017,0.12603854939113757,0.2583866828425576,0.033055093916478845,0.05,200,20260906,True
2012H2-E,20260906,nearest,cox_slope_deviation,tabicl - gbm,0.19011907896136715,0.09301616324387064,0.24303462601303188,0.036125631602104726,0.05,200,20260906,True
2012H2-E,20260906,nearest,cox_slope_deviation,tabicl@t1 - gbm,0.10802065031044567,0.010373055749995393,0.16640104956735965,0.03810768849608552,0.05,200,20260906,True
2012H2-E,20260906,nearest,cox_slope_deviation,tabpfn@t1 - gbm,0.13581503262888225,0.04276555199631879,0.18570020356884057,0.03604488000241067,0.05,200,20260906,True
2012H2-E,20260906,nearest,cox_slope_deviation,tabpfn - gbm-50k,0.20153667631672292,0.09870961801790368,0.28412593073339537,0.05853334454436844,0.05,200,20260906,True
2012H2-E,20260906,nearest,cox_slope_deviation,tabicl - gbm-50k,0.17652173223012993,0.06797042838371399,0.2505768219492817,0.05427336454958476,0.05,200,20260906,True
2012H2-E,20260906,nearest,cox_slope_deviation,tabicl@t1 - gbm-50k,0.09442330357920843,-0.009268413745238582,0.17187884352100236,0.05431661933218342,0.05,200,20260906,False
2012H2-E,20260906,nearest,cox_slope_deviation,tabpfn@t1 - gbm-50k,0.12221768589764503,0.018078029727449672,0.20790918107034445,0.060075386620803896,0.05,200,20260906,True
2012H2-E,20260906,nearest,cox_slope_deviation,tabicl - tabpfn,-0.02501494408659301,-0.050040270627304664,-0.002382683098044383,0.01257476037076067,0.05,200,20260906,True
2012H2-E,20260906,nearest,cox_slope_deviation,tabicl@t1 - tabpfn,-0.10711337273751452,-0.13823218502224963,-0.08066923859390072,0.015705797279577306,0.05,200,20260906,True
2012H2-E,20260906,nearest,cox_slope_deviation,tabpfn@t1 - tabpfn,-0.07931899041907792,-0.08845088226425084,-0.06928601232927951,0.0048229940789496694,0.05,200,20260906,True
2012H2-E,20260906,nearest,cox_slope_deviation,tabicl@t1 - tabicl,-0.0820984286509215,-0.09089562997306432,-0.06921100201743781,0.005946345265275706,0.05,200,20260906,True
2012H2-E,20260906,nearest,cox_slope_deviation,tabpfn@t1 - tabicl,-0.0543040463324849,-0.07706896408768579,-0.03164766260830095,0.01289762723451984,0.05,200,20260906,True
2012H2-E,20260906,nearest,cox_slope_deviation,tabpfn@t1 - tabicl@t1,0.0277943823184366,0.0012665684136272592,0.05560030069700504,0.01481667959602513,0.05,200,20260906,True
2012H2-E,20260906,nearest,psi,gbm - scorecard,0.010206953925024645,0.008309338452616867,0.0120445061640672,0.0009186834965218244,0.05,200,20260906,True
2012H2-E,20260906,nearest,psi,gbm-50k - scorecard,0.013153907575344575,-0.0018797482152482163,0.02697576246218734,0.010918209118203827,0.05,200,20260906,False
2012H2-E,20260906,nearest,psi,tabpfn - scorecard,0.0021553207376261985,-0.005722765973293285,0.009909611208473454,0.005187674904665597,0.05,200,20260906,False
2012H2-E,20260906,nearest,psi,tabicl - scorecard,0.010447194060844598,-0.0029034540581293743,0.02638954071894677,0.011167616626692228,0.05,200,20260906,False
2012H2-E,20260906,nearest,psi,tabicl@t1 - scorecard,0.010447194060844598,-0.0029034540581293743,0.02638954071894677,0.011167616626692228,0.05,200,20260906,False
2012H2-E,20260906,nearest,psi,tabpfn@t1 - scorecard,0.0021553207376261985,-0.005722765973293285,0.009909611208473454,0.005187674904665597,0.05,200,20260906,False
2012H2-E,20260906,nearest,psi,gbm-50k - gbm,0.00294695365031993,-0.011711674069473967,0.01636447836751947,0.010848528878428625,0.05,200,20260906,False
2012H2-E,20260906,nearest,psi,tabpfn - gbm,-0.008051633187398446,-0.015541733211872686,-0.000626851230267988,0.005133769199594693,0.05,200,20260906,True
2012H2-E,20260906,nearest,psi,tabicl - gbm,0.00024024013581995288,-0.013078579026636616,0.01586629243904051,0.0110978587437743,0.05,200,20260906,False
2012H2-E,20260906,nearest,psi,tabicl@t1 - gbm,0.00024024013581995288,-0.013078579026636616,0.01586629243904051,0.0110978587437743,0.05,200,20260906,False
2012H2-E,20260906,nearest,psi,tabpfn@t1 - gbm,-0.008051633187398446,-0.015541733211872686,-0.000626851230267988,0.005133769199594693,0.05,200,20260906,True
2012H2-E,20260906,nearest,psi,tabpfn - gbm-50k,-0.010998586837718377,-0.018821723393510927,-0.001971688615870405,0.005954296524249218,0.05,200,20260906,True
2012H2-E,20260906,nearest,psi,tabicl - gbm-50k,-0.002706713514499977,-0.007238270594261518,0.0010423648814814638,0.0025684258456059907,0.05,200,20260906,False
2012H2-E,20260906,nearest,psi,tabicl@t1 - gbm-50k,-0.002706713514499977,-0.007238270594261518,0.0010423648814814638,0.0025684258456059907,0.05,200,20260906,False
2012H2-E,20260906,nearest,psi,tabpfn@t1 - gbm-50k,-0.010998586837718377,-0.018821723393510927,-0.001971688615870405,0.005954296524249218,0.05,200,20260906,True
2012H2-E,20260906,nearest,psi,tabicl - tabpfn,0.0082918733232184,0.0014732383335022525,0.017439349003353602,0.0061485493899941296,0.05,200,20260906,True
2012H2-E,20260906,nearest,psi,tabicl@t1 - tabpfn,0.0082918733232184,0.0014732383335022525,0.017439349003353602,0.0061485493899941296,0.05,200,20260906,True
2012H2-E,20260906,nearest,psi,tabpfn@t1 - tabpfn,0.0,0.0,0.0,0.0,0.05,200,20260906,False
2012H2-E,20260906,nearest,psi,tabicl@t1 - tabicl,0.0,0.0,0.0,0.0,0.05,200,20260906,False
2012H2-E,20260906,nearest,psi,tabpfn@t1 - tabicl,-0.0082918733232184,-0.017439349003353602,-0.0014732383335022523,0.0061485493899941296,0.05,200,20260906,True
2012H2-E,20260906,nearest,psi,tabpfn@t1 - tabicl@t1,-0.0082918733232184,-0.017439349003353602,-0.0014732383335022523,0.0061485493899941296,0.05,200,20260906,True
2012H2-E,20260906,"all, cohorts resampled",gini,gbm - scorecard,0.01447037780698468,0.003584029485382091,0.02790568166932203,0.006209982999341933,0.05,200,20260906,True
2012H2-E,20260906,"all, cohorts resampled",gini,gbm-50k - scorecard,-0.007490243691843109,-0.025896899392010574,0.00942612885243998,0.009073909202861392,0.05,200,20260906,False
2012H2-E,20260906,"all, cohorts resampled",gini,tabpfn - scorecard,-0.013468298055175446,-0.036327132631708774,0.009700278506955063,0.012272454008242678,0.05,200,20260906,False
2012H2-E,20260906,"all, cohorts resampled",gini,tabicl - scorecard,-0.005030584972033662,-0.03143357474026505,0.022722086396579577,0.015430303026170072,0.05,200,20260906,False
2012H2-E,20260906,"all, cohorts resampled",gini,tabicl@t1 - scorecard,-0.005030584972033662,-0.03143357474026505,0.022722086396579577,0.015430303026170072,0.05,200,20260906,False
2012H2-E,20260906,"all, cohorts resampled",gini,tabpfn@t1 - scorecard,-0.013468298055175446,-0.036327132631708774,0.009700278506955063,0.012272454008242678,0.05,200,20260906,False
2012H2-E,20260906,"all, cohorts resampled",gini,gbm-50k - gbm,-0.021960621498827788,-0.0362474080540339,-0.009563145213650393,0.0069010978531075405,0.05,200,20260906,True
2012H2-E,20260906,"all, cohorts resampled",gini,tabpfn - gbm,-0.027938675862160128,-0.04710200994364688,-0.010475956723468472,0.010536822210983076,0.05,200,20260906,True
2012H2-E,20260906,"all, cohorts resampled",gini,tabicl - gbm,-0.019500962779018343,-0.04137049908718698,0.0043219895068352995,0.014373759456619277,0.05,200,20260906,False
2012H2-E,20260906,"all, cohorts resampled",gini,tabicl@t1 - gbm,-0.019500962779018343,-0.04137049908718698,0.0043219895068352995,0.014373759456619277,0.05,200,20260906,False
2012H2-E,20260906,"all, cohorts resampled",gini,tabpfn@t1 - gbm,-0.027938675862160128,-0.04710200994364688,-0.010475956723468472,0.010536822210983076,0.05,200,20260906,True
2012H2-E,20260906,"all, cohorts resampled",gini,tabpfn - gbm-50k,-0.005978054363332337,-0.02694651904412256,0.008448246073701132,0.010535474405875806,0.05,200,20260906,False
2012H2-E,20260906,"all, cohorts resampled",gini,tabicl - gbm-50k,0.002459658719809447,-0.022720474318880544,0.02074889322508009,0.013697614597294,0.05,200,20260906,False
2012H2-E,20260906,"all, cohorts resampled",gini,tabicl@t1 - gbm-50k,0.002459658719809447,-0.022720474318880544,0.02074889322508009,0.013697614597294,0.05,200,20260906,False
2012H2-E,20260906,"all, cohorts resampled",gini,tabpfn@t1 - gbm-50k,-0.005978054363332337,-0.02694651904412256,0.008448246073701132,0.010535474405875806,0.05,200,20260906,False
2012H2-E,20260906,"all, cohorts resampled",gini,tabicl - tabpfn,0.008437713083141785,0.0003603352925987653,0.01876421207000159,0.005725238345440632,0.05,200,20260906,True
2012H2-E,20260906,"all, cohorts resampled",gini,tabicl@t1 - tabpfn,0.008437713083141785,0.0003603352925987653,0.01876421207000159,0.005725238345440632,0.05,200,20260906,True
2012H2-E,20260906,"all, cohorts resampled",gini,tabpfn@t1 - tabpfn,0.0,0.0,0.0,0.0,0.05,200,20260906,False
2012H2-E,20260906,"all, cohorts resampled",gini,tabicl@t1 - tabicl,0.0,0.0,0.0,0.0,0.05,200,20260906,False
2012H2-E,20260906,"all, cohorts resampled",gini,tabpfn@t1 - tabicl,-0.008437713083141785,-0.018764212070001587,-0.0003603352925987638,0.005725238345440632,0.05,200,20260906,True
2012H2-E,20260906,"all, cohorts resampled",gini,tabpfn@t1 - tabicl@t1,-0.008437713083141785,-0.018764212070001587,-0.0003603352925987638,0.005725238345440632,0.05,200,20260906,True
2012H2-E,20260906,"all, cohorts resampled",abs_log_oe,gbm - scorecard,-0.0033688922769532503,-0.024833242211020526,0.024667795323661784,0.013166345305172225,0.05,200,20260906,False
2012H2-E,20260906,"all, cohorts resampled",abs_log_oe,gbm-50k - scorecard,-0.049287988102461565,-0.12831798337435182,0.021203056113984424,0.04419854599763461,0.05,200,20260906,False
2012H2-E,20260906,"all, cohorts resampled",abs_log_oe,tabpfn - scorecard,-0.25576143920152167,-0.3435159079125974,-0.1646093750102749,0.05251498263262589,0.05,200,20260906,True
2012H2-E,20260906,"all, cohorts resampled",abs_log_oe,tabicl - scorecard,-0.24102811526081422,-0.35188961554510023,-0.10983280434588945,0.07645372202910411,0.05,200,20260906,True
2012H2-E,20260906,"all, cohorts resampled",abs_log_oe,tabicl@t1 - scorecard,0.0798397826497476,-0.028330401011120138,0.1926866347308199,0.07063525343684529,0.05,200,20260906,False
2012H2-E,20260906,"all, cohorts resampled",abs_log_oe,tabpfn@t1 - scorecard,0.06523395599480845,-0.01816477243191847,0.1441599562030057,0.04926559899484978,0.05,200,20260906,False
2012H2-E,20260906,"all, cohorts resampled",abs_log_oe,gbm-50k - gbm,-0.045919095825508315,-0.10712719246046479,0.009243179699831808,0.04076708398355161,0.05,200,20260906,False
2012H2-E,20260906,"all, cohorts resampled",abs_log_oe,tabpfn - gbm,-0.2523925469245684,-0.3300381623602925,-0.15519468448956072,0.05024736397888038,0.05,200,20260906,True
2012H2-E,20260906,"all, cohorts resampled",abs_log_oe,tabicl - gbm,-0.23765922298386097,-0.3381624282587432,-0.0929892511197131,0.07511142668099394,0.05,200,20260906,True
2012H2-E,20260906,"all, cohorts resampled",abs_log_oe,tabicl@t1 - gbm,0.08320867492670085,-0.011133596671613954,0.20772794304585238,0.06921298755959379,0.05,200,20260906,False
2012H2-E,20260906,"all, cohorts resampled",abs_log_oe,tabpfn@t1 - gbm,0.0686028482717617,-0.0035441737958748828,0.15184465364800115,0.04704539702120828,0.05,200,20260906,False
2012H2-E,20260906,"all, cohorts resampled",abs_log_oe,tabpfn - gbm-50k,-0.20647345109906012,-0.2659632231444679,-0.10978824594080672,0.04535614005847348,0.05,200,20260906,True
2012H2-E,20260906,"all, cohorts resampled",abs_log_oe,tabicl - gbm-50k,-0.19174012715835265,-0.26045700350385875,-0.04759085550039561,0.06793062345162525,0.05,200,20260906,True
2012H2-E,20260906,"all, cohorts resampled",abs_log_oe,tabicl@t1 - gbm-50k,0.12912777075220916,0.07015854705307292,0.25312633866516987,0.05990995401908205,0.05,200,20260906,True
2012H2-E,20260906,"all, cohorts resampled",abs_log_oe,tabpfn@t1 - gbm-50k,0.11452194409727001,0.06424828490309842,0.19717592387915353,0.039877858043780696,0.05,200,20260906,True
2012H2-E,20260906,"all, cohorts resampled",abs_log_oe,tabicl - tabpfn,0.014733323940707477,-0.015381678689969551,0.062042426758230164,0.026771240127602333,0.05,200,20260906,False
2012H2-E,20260906,"all, cohorts resampled",abs_log_oe,tabicl@t1 - tabpfn,0.3356012218512692,0.3029561075144051,0.3685014970908434,0.02114615689924441,0.05,200,20260906,True
2012H2-E,20260906,"all, cohorts resampled",abs_log_oe,tabpfn@t1 - tabpfn,0.32099539519633014,0.3069748184711196,0.33124290196500666,0.0063447379496319855,0.05,200,20260906,True
2012H2-E,20260906,"all, cohorts resampled",abs_log_oe,tabicl@t1 - tabicl,0.3208678979105618,0.3007200298566891,0.333253319939806,0.008743023191666224,0.05,200,20260906,True
2012H2-E,20260906,"all, cohorts resampled",abs_log_oe,tabpfn@t1 - tabicl,0.30626207125562266,0.24603360536583338,0.33667486445900385,0.030778217233624557,0.05,200,20260906,True
2012H2-E,20260906,"all, cohorts resampled",abs_log_oe,tabpfn@t1 - tabicl@t1,-0.014605826654939147,-0.05573427030645842,0.013529317360808684,0.023892143184630177,0.05,200,20260906,False
2012H2-E,20260906,"all, cohorts resampled",cox_slope_deviation,gbm - scorecard,-0.012189039957793496,-0.034202183786820835,0.009077175821522884,0.011689015559775376,0.05,200,20260906,False
2012H2-E,20260906,"all, cohorts resampled",cox_slope_deviation,gbm-50k - scorecard,-0.03340683261820692,-0.08093012846497309,0.04758735465031388,0.042894317241978314,0.05,200,20260906,False
2012H2-E,20260906,"all, cohorts resampled",cox_slope_deviation,tabpfn - scorecard,0.18363866754025213,0.13016604461644707,0.22396401844866112,0.02561294215664828,0.05,200,20260906,True
2012H2-E,20260906,"all, cohorts resampled",cox_slope_deviation,tabicl - scorecard,0.1612367654063652,0.10932681065722971,0.20709286108520275,0.027319229613837266,0.05,200,20260906,True
2012H2-E,20260906,"all, cohorts resampled",cox_slope_deviation,tabicl@t1 - scorecard,0.09292316455702083,0.040468391319947276,0.1417973431088053,0.029243304917038887,0.05,200,20260906,True
2012H2-E,20260906,"all, cohorts resampled",cox_slope_deviation,tabpfn@t1 - scorecard,0.11781416692800617,0.06890854767116103,0.15879401381293798,0.026803479842919805,0.05,200,20260906,True
2012H2-E,20260906,"all, cohorts resampled",cox_slope_deviation,gbm-50k - gbm,-0.02121779266041342,-0.06045726632356859,0.055571693105605426,0.041874052077429745,0.05,200,20260906,False
2012H2-E,20260906,"all, cohorts resampled",cox_slope_deviation,tabpfn - gbm,0.1958277074980456,0.1500580720126927,0.22675795155304995,0.021580352273221394,0.05,200,20260906,True
2012H2-E,20260906,"all, cohorts resampled",cox_slope_deviation,tabicl - gbm,0.17342580536415872,0.12652461176032395,0.21021805667829543,0.023537676555533824,0.05,200,20260906,True
2012H2-E,20260906,"all, cohorts resampled",cox_slope_deviation,tabicl@t1 - gbm,0.10511220451481434,0.05840458736044047,0.14405755192410685,0.02543761107363402,0.05,200,20260906,True
2012H2-E,20260906,"all, cohorts resampled",cox_slope_deviation,tabpfn@t1 - gbm,0.13000320688579967,0.08638595228338476,0.16073612930234216,0.02263913708455032,0.05,200,20260906,True
2012H2-E,20260906,"all, cohorts resampled",cox_slope_deviation,tabpfn - gbm-50k,0.21704550015845903,0.15481580530975447,0.2736572596574037,0.03565896049385987,0.05,200,20260906,True
2012H2-E,20260906,"all, cohorts resampled",cox_slope_deviation,tabicl - gbm-50k,0.19464359802457212,0.12685118257382338,0.26396988324274995,0.042954866911314026,0.05,200,20260906,True
2012H2-E,20260906,"all, cohorts resampled",cox_slope_deviation,tabicl@t1 - gbm-50k,0.12632999717522778,0.05837786731934493,0.19720707576857918,0.043860436770528706,0.05,200,20260906,True
2012H2-E,20260906,"all, cohorts resampled",cox_slope_deviation,tabpfn@t1 - gbm-50k,0.1512209995462131,0.09077012685447777,0.2085889847960163,0.03527304916436266,0.05,200,20260906,True
2012H2-E,20260906,"all, cohorts resampled",cox_slope_deviation,tabicl - tabpfn,-0.02240190213388693,-0.0370773834254207,-0.005288096933442387,0.009624431560463574,0.05,200,20260906,True
2012H2-E,20260906,"all, cohorts resampled",cox_slope_deviation,tabicl@t1 - tabpfn,-0.09071550298323128,-0.11099389387223034,-0.06511173673297915,0.012698498292617915,0.05,200,20260906,True
2012H2-E,20260906,"all, cohorts resampled",cox_slope_deviation,tabpfn@t1 - tabpfn,-0.06582450061224594,-0.07316654940085868,-0.05730175763627643,0.004289805430483744,0.05,200,20260906,True
2012H2-E,20260906,"all, cohorts resampled",cox_slope_deviation,tabicl@t1 - tabicl,-0.06831360084934435,-0.07675400690978351,-0.05663008257851389,0.004877115677891558,0.05,200,20260906,True
2012H2-E,20260906,"all, cohorts resampled",cox_slope_deviation,tabpfn@t1 - tabicl,-0.04342259847835902,-0.06034540170620822,-0.026604809249066563,0.0095178819064451,0.05,200,20260906,True
2012H2-E,20260906,"all, cohorts resampled",cox_slope_deviation,tabpfn@t1 - tabicl@t1,0.02489100237098533,0.004558988539880298,0.04119709269491185,0.010949472934522971,0.05,200,20260906,True
2012H2-E,20260906,"all, cohorts resampled",psi,gbm - scorecard,-0.03832439763256697,-0.061566764453830296,-0.019169672559728873,0.01193855905625342,0.05,200,20260906,True
2012H2-E,20260906,"all, cohorts resampled",psi,gbm-50k - scorecard,-0.023242930242510836,-0.06516929593212681,0.0013159128549478961,0.02019903064668917,0.05,200,20260906,False
2012H2-E,20260906,"all, cohorts resampled",psi,tabpfn - scorecard,-0.03657891248692916,-0.07567594840487028,-0.00799744831977655,0.0183239263109642,0.05,200,20260906,True
2012H2-E,20260906,"all, cohorts resampled",psi,tabicl - scorecard,-0.021325475646649314,-0.07271862422764352,0.0046469916891635505,0.025039409694412346,0.05,200,20260906,False
2012H2-E,20260906,"all, cohorts resampled",psi,tabicl@t1 - scorecard,-0.021325475646649314,-0.07271862422764352,0.0046469916891635505,0.025039409694412346,0.05,200,20260906,False
2012H2-E,20260906,"all, cohorts resampled",psi,tabpfn@t1 - scorecard,-0.03657891248692916,-0.07567594840487028,-0.00799744831977655,0.0183239263109642,0.05,200,20260906,True
2012H2-E,20260906,"all, cohorts resampled",psi,gbm-50k - gbm,0.015081467390056133,-0.011501834596144605,0.04815799892815999,0.018689205546363725,0.05,200,20260906,False
2012H2-E,20260906,"all, cohorts resampled",psi,tabpfn - gbm,0.001745485145637803,-0.0211628773016335,0.02871493541507974,0.015369773949114254,0.05,200,20260906,False
2012H2-E,20260906,"all, cohorts resampled",psi,tabicl - gbm,0.016998921985917653,-0.017396768923518626,0.05547825124860411,0.023965917936764298,0.05,200,20260906,False
2012H2-E,20260906,"all, cohorts resampled",psi,tabicl@t1 - gbm,0.016998921985917653,-0.017396768923518626,0.05547825124860411,0.023965917936764298,0.05,200,20260906,False
2012H2-E,20260906,"all, cohorts resampled",psi,tabpfn@t1 - gbm,0.001745485145637803,-0.0211628773016335,0.02871493541507974,0.015369773949114254,0.05,200,20260906,False
2012H2-E,20260906,"all, cohorts resampled",psi,tabpfn - gbm-50k,-0.013335982244418329,-0.02305503924306344,-0.005961287774175245,0.005103254057010965,0.05,200,20260906,True
2012H2-E,20260906,"all, cohorts resampled",psi,tabicl - gbm-50k,0.0019174545958615212,-0.00878708394281816,0.011952089871319103,0.006536899544976085,0.05,200,20260906,False
2012H2-E,20260906,"all, cohorts resampled",psi,tabicl@t1 - gbm-50k,0.0019174545958615212,-0.00878708394281816,0.011952089871319103,0.006536899544976085,0.05,200,20260906,False
2012H2-E,20260906,"all, cohorts resampled",psi,tabpfn@t1 - gbm-50k,-0.013335982244418329,-0.02305503924306344,-0.005961287774175245,0.005103254057010965,0.05,200,20260906,True
2012H2-E,20260906,"all, cohorts resampled",psi,tabicl - tabpfn,0.01525343684027985,0.0014823680860761303,0.02850133906011769,0.010033616148775418,0.05,200,20260906,True
2012H2-E,20260906,"all, cohorts resampled",psi,tabicl@t1 - tabpfn,0.01525343684027985,0.0014823680860761303,0.02850133906011769,0.010033616148775418,0.05,200,20260906,True
2012H2-E,20260906,"all, cohorts resampled",psi,tabpfn@t1 - tabpfn,0.0,0.0,0.0,0.0,0.05,200,20260906,False
2012H2-E,20260906,"all, cohorts resampled",psi,tabicl@t1 - tabicl,0.0,0.0,0.0,0.0,0.05,200,20260906,False
2012H2-E,20260906,"all, cohorts resampled",psi,tabpfn@t1 - tabicl,-0.01525343684027985,-0.028501339060117686,-0.0014823680860761301,0.010033616148775418,0.05,200,20260906,True
2012H2-E,20260906,"all, cohorts resampled",psi,tabpfn@t1 - tabicl@t1,-0.01525343684027985,-0.028501339060117686,-0.0014823680860761301,0.010033616148775418,0.05,200,20260906,True
2012H2-E,20260907,all,gini,gbm - scorecard,0.01447037780698468,0.008788009669197423,0.020221520731721374,0.003070082156733854,0.05,200,20260907,True
2012H2-E,20260907,all,gini,gbm-50k - scorecard,-0.007490243691843109,-0.019793105825088482,0.0026952746053337568,0.006183851103086123,0.05,200,20260907,False
2012H2-E,20260907,all,gini,tabpfn - scorecard,-0.013468298055175446,-0.031215521871813076,0.0029079597811507243,0.010163485580654549,0.05,200,20260907,False
2012H2-E,20260907,all,gini,tabicl - scorecard,-0.005030584972033662,-0.026300761905955046,0.01776762126753336,0.014595476006542365,0.05,200,20260907,False
2012H2-E,20260907,all,gini,tabicl@t1 - scorecard,-0.005030584972033662,-0.026300761905955046,0.01776762126753336,0.014595476006542365,0.05,200,20260907,False
2012H2-E,20260907,all,gini,tabpfn@t1 - scorecard,-0.013468298055175446,-0.031215521871813076,0.0029079597811507243,0.010163485580654549,0.05,200,20260907,False
2012H2-E,20260907,all,gini,gbm-50k - gbm,-0.021960621498827788,-0.03314374272656205,-0.013941484473578483,0.00544196031160777,0.05,200,20260907,True
2012H2-E,20260907,all,gini,tabpfn - gbm,-0.027938675862160128,-0.04514568968176342,-0.013487103913167986,0.00981767971234504,0.05,200,20260907,True
2012H2-E,20260907,all,gini,tabicl - gbm,-0.019500962779018343,-0.039400184527672126,0.001629695547210067,0.01435294764243302,0.05,200,20260907,False
2012H2-E,20260907,all,gini,tabicl@t1 - gbm,-0.019500962779018343,-0.039400184527672126,0.001629695547210067,0.01435294764243302,0.05,200,20260907,False
2012H2-E,20260907,all,gini,tabpfn@t1 - gbm,-0.027938675862160128,-0.04514568968176342,-0.013487103913167986,0.00981767971234504,0.05,200,20260907,True
2012H2-E,20260907,all,gini,tabpfn - gbm-50k,-0.005978054363332337,-0.026494329304951977,0.006600165210302925,0.010746844783860579,0.05,200,20260907,False
2012H2-E,20260907,all,gini,tabicl - gbm-50k,0.002459658719809447,-0.02171616139808259,0.019552664563666458,0.014191004092008724,0.05,200,20260907,False
2012H2-E,20260907,all,gini,tabicl@t1 - gbm-50k,0.002459658719809447,-0.02171616139808259,0.019552664563666458,0.014191004092008724,0.05,200,20260907,False
2012H2-E,20260907,all,gini,tabpfn@t1 - gbm-50k,-0.005978054363332337,-0.026494329304951977,0.006600165210302925,0.010746844783860579,0.05,200,20260907,False
2012H2-E,20260907,all,gini,tabicl - tabpfn,0.008437713083141785,0.0020297591182983493,0.01723743535609802,0.0053373821711709835,0.05,200,20260907,True
2012H2-E,20260907,all,gini,tabicl@t1 - tabpfn,0.008437713083141785,0.0020297591182983493,0.01723743535609802,0.0053373821711709835,0.05,200,20260907,True
2012H2-E,20260907,all,gini,tabpfn@t1 - tabpfn,0.0,0.0,0.0,0.0,0.05,200,20260907,False
2012H2-E,20260907,all,gini,tabicl@t1 - tabicl,0.0,0.0,0.0,0.0,0.05,200,20260907,False
2012H2-E,20260907,all,gini,tabpfn@t1 - tabicl,-0.008437713083141785,-0.01723743535609802,-0.0020297591182983493,0.0053373821711709835,0.05,200,20260907,True
2012H2-E,20260907,all,gini,tabpfn@t1 - tabicl@t1,-0.008437713083141785,-0.01723743535609802,-0.0020297591182983493,0.0053373821711709835,0.05,200,20260907,True
2012H2-E,20260907,all,abs_log_oe,gbm - scorecard,-0.0033688922769532503,-0.005443284557458172,-0.001135928465966207,0.0011687892750746208,0.05,200,20260907,True
2012H2-E,20260907,all,abs_log_oe,gbm-50k - scorecard,-0.049287988102461565,-0.09919588425519864,0.00029182228105091996,0.03857008119057395,0.05,200,20260907,False
2012H2-E,20260907,all,abs_log_oe,tabpfn - scorecard,-0.25576143920152167,-0.3152158546054483,-0.19723007951645719,0.0476482279294084,0.05,200,20260907,True
2012H2-E,20260907,all,abs_log_oe,tabicl - scorecard,-0.24102811526081422,-0.3265463761853775,-0.1453428677035993,0.07484035174909985,0.05,200,20260907,True
2012H2-E,20260907,all,abs_log_oe,tabicl@t1 - scorecard,0.0798397826497476,-0.003445578629654572,0.1650201465265096,0.06930622310304121,0.05,200,20260907,False
2012H2-E,20260907,all,abs_log_oe,tabpfn@t1 - scorecard,0.06523395599480845,0.006410552929714597,0.1174651956268869,0.04527887023412242,0.05,200,20260907,True
2012H2-E,20260907,all,abs_log_oe,gbm-50k - gbm,-0.045919095825508315,-0.09526377280592038,0.0033980362061390443,0.038325532432680845,0.05,200,20260907,False
2012H2-E,20260907,all,abs_log_oe,tabpfn - gbm,-0.2523925469245684,-0.31095464030193776,-0.19481216640357488,0.047470610265358246,0.05,200,20260907,True
2012H2-E,20260907,all,abs_log_oe,tabicl - gbm,-0.23765922298386097,-0.32197227778349286,-0.14278326062657926,0.07468897575077474,0.05,200,20260907,True
2012H2-E,20260907,all,abs_log_oe,tabicl@t1 - gbm,0.08320867492670085,0.0011397202601463124,0.16763220606636542,0.06914282967249255,0.05,200,20260907,True
2012H2-E,20260907,all,abs_log_oe,tabpfn@t1 - gbm,0.0686028482717617,0.010585144887526479,0.12001192312818433,0.04509022223836093,0.05,200,20260907,True
2012H2-E,20260907,all,abs_log_oe,tabpfn - gbm-50k,-0.20647345109906012,-0.2551887125031659,-0.148253170361321,0.04244601232064491,0.05,200,20260907,True
2012H2-E,20260907,all,abs_log_oe,tabicl - gbm-50k,-0.19174012715835265,-0.2516480325559233,-0.09619874242278513,0.06755384183699602,0.05,200,20260907,True
2012H2-E,20260907,all,abs_log_oe,tabicl@t1 - gbm-50k,0.12912777075220916,0.07762955322404289,0.21413482643092113,0.06009757836995035,0.05,200,20260907,True
2012H2-E,20260907,all,abs_log_oe,tabpfn@t1 - gbm-50k,0.11452194409727001,0.07166468448174494,0.1664172446296867,0.03792071196177355,0.05,200,20260907,True
2012H2-E,20260907,all,abs_log_oe,tabicl - tabpfn,0.014733323940707477,-0.011986409479398816,0.05315322249349012,0.027973513445759705,0.05,200,20260907,False
2012H2-E,20260907,all,abs_log_oe,tabicl@t1 - tabpfn,0.3356012218512692,0.3107948793184437,0.363867917489735,0.02178861853976655,0.05,200,20260907,True
2012H2-E,20260907,all,abs_log_oe,tabpfn@t1 - tabpfn,0.32099539519633014,0.31456915532442903,0.3269235408424067,0.004568433693044555,0.05,200,20260907,True
2012H2-E,20260907,all,abs_log_oe,tabicl@t1 - tabicl,0.3208678979105618,0.31001907719152955,0.32941303284562734,0.00760316527772964,0.05,200,20260907,True
2012H2-E,20260907,all,abs_log_oe,tabpfn@t1 - tabicl,0.30626207125562266,0.26182080182622886,0.3334852462562444,0.03161571600812339,0.05,200,20260907,True
2012H2-E,20260907,all,abs_log_oe,tabpfn@t1 - tabicl@t1,-0.014605826654939147,-0.04845513804238202,0.01020049552692131,0.024964319743299327,0.05,200,20260907,False
2012H2-E,20260907,all,cox_slope_deviation,gbm - scorecard,-0.012189039957793496,-0.02604603609839062,0.0009260996027690651,0.006804589003400002,0.05,200,20260907,False
2012H2-E,20260907,all,cox_slope_deviation,gbm-50k - scorecard,-0.03340683261820692,-0.07695525065599285,0.03989639688731273,0.04161766647199684,0.05,200,20260907,False
2012H2-E,20260907,all,cox_slope_deviation,tabpfn - scorecard,0.18363866754025213,0.14717571098295307,0.2105458721960347,0.018968390083747375,0.05,200,20260907,True
2012H2-E,20260907,all,cox_slope_deviation,tabicl - scorecard,0.1612367654063652,0.11994408944523259,0.1906739688514342,0.02214635447531198,0.05,200,20260907,True
2012H2-E,20260907,all,cox_slope_deviation,tabicl@t1 - scorecard,0.09292316455702083,0.05077646645902166,0.12532880084044584,0.02445142262928229,0.05,200,20260907,True
2012H2-E,20260907,all,cox_slope_deviation,tabpfn@t1 - scorecard,0.11781416692800617,0.07743560961108696,0.14740162745235139,0.021036422232609313,0.05,200,20260907,True
2012H2-E,20260907,all,cox_slope_deviation,gbm-50k - gbm,-0.02121779266041342,-0.06204508519808497,0.050867037737309835,0.042201496743481705,0.05,200,20260907,False
2012H2-E,20260907,all,cox_slope_deviation,tabpfn - gbm,0.1958277074980456,0.1597978393701331,0.21689409853198643,0.0191883731670933,0.05,200,20260907,True
2012H2-E,20260907,all,cox_slope_deviation,tabicl - gbm,0.17342580536415872,0.1311353331940979,0.2009459981578192,0.02213226023773313,0.05,200,20260907,True
2012H2-E,20260907,all,cox_slope_deviation,tabicl@t1 - gbm,0.10511220451481434,0.058349581989616844,0.13513781018700272,0.02450990209626941,0.05,200,20260907,True
2012H2-E,20260907,all,cox_slope_deviation,tabpfn@t1 - gbm,0.13000320688579967,0.09026428834958583,0.1527586757746923,0.021352772743266853,0.05,200,20260907,True
2012H2-E,20260907,all,cox_slope_deviation,tabpfn - gbm-50k,0.21704550015845903,0.16051154547697827,0.2685527102019986,0.036213770090421385,0.05,200,20260907,True
2012H2-E,20260907,all,cox_slope_deviation,tabicl - gbm-50k,0.19464359802457212,0.1294331792984517,0.2575154594323344,0.04477465990640209,0.05,200,20260907,True
2012H2-E,20260907,all,cox_slope_deviation,tabicl@t1 - gbm-50k,0.12632999717522778,0.06335276106449182,0.1928899371736025,0.04578362583760063,0.05,200,20260907,True
2012H2-E,20260907,all,cox_slope_deviation,tabpfn@t1 - gbm-50k,0.1512209995462131,0.09644483620570021,0.20572106471313373,0.036135860207955145,0.05,200,20260907,True
2012H2-E,20260907,all,cox_slope_deviation,tabicl - tabpfn,-0.02240190213388693,-0.033411480494201964,-0.006854981509301837,0.009402162622370326,0.05,200,20260907,True
2012H2-E,20260907,all,cox_slope_deviation,tabicl@t1 - tabpfn,-0.09071550298323128,-0.10288773094259207,-0.0712423986756528,0.011153685675540924,0.05,200,20260907,True
2012H2-E,20260907,all,cox_slope_deviation,tabpfn@t1 - tabpfn,-0.06582450061224594,-0.07171363385715078,-0.061916689124549326,0.002605925519371759,0.05,200,20260907,True
2012H2-E,20260907,all,cox_slope_deviation,tabicl@t1 - tabicl,-0.06831360084934435,-0.07388533453293931,-0.06336968963322999,0.0030804065793630865,0.05,200,20260907,True
2012H2-E,20260907,all,cox_slope_deviation,tabpfn@t1 - tabicl,-0.04342259847835902,-0.05825592056659251,-0.029857977548557926,0.009480668745916826,0.05,200,20260907,True
2012H2-E,20260907,all,cox_slope_deviation,tabpfn@t1 - tabicl@t1,0.02489100237098533,0.0062645369052318,0.03712386721577974,0.010602449890689983,0.05,200,20260907,True
2012H2-E,20260907,all,psi,gbm - scorecard,-0.03832439763256697,-0.03960234415587159,-0.03731001030952922,0.0005812146571042472,0.05,200,20260907,True
2012H2-E,20260907,all,psi,gbm-50k - scorecard,-0.023242930242510836,-0.04671935087662889,-0.0032007971143057997,0.017804657762077316,0.05,200,20260907,True
2012H2-E,20260907,all,psi,tabpfn - scorecard,-0.03657891248692916,-0.05554288746560837,-0.017972642204666472,0.015042489216532179,0.05,200,20260907,True
2012H2-E,20260907,all,psi,tabicl - scorecard,-0.021325475646649314,-0.05288025319069819,0.0010501358425683365,0.022930876329429018,0.05,200,20260907,False
2012H2-E,20260907,all,psi,tabicl@t1 - scorecard,-0.021325475646649314,-0.05288025319069819,0.0010501358425683365,0.022930876329429018,0.05,200,20260907,False
2012H2-E,20260907,all,psi,tabpfn@t1 - scorecard,-0.03657891248692916,-0.05554288746560837,-0.017972642204666472,0.015042489216532179,0.05,200,20260907,True
2012H2-E,20260907,all,psi,gbm-50k - gbm,0.015081467390056133,-0.008177793312439686,0.03503613278235989,0.017845529477334244,0.05,200,20260907,False
2012H2-E,20260907,all,psi,tabpfn - gbm,0.001745485145637803,-0.017067031684012874,0.02008870068860938,0.015077649824684928,0.05,200,20260907,False
2012H2-E,20260907,all,psi,tabicl - gbm,0.016998921985917653,-0.014377204720465718,0.03926346475586173,0.02297528089239568,0.05,200,20260907,False
2012H2-E,20260907,all,psi,tabicl@t1 - gbm,0.016998921985917653,-0.014377204720465718,0.03926346475586173,0.02297528089239568,0.05,200,20260907,False
2012H2-E,20260907,all,psi,tabpfn@t1 - gbm,0.001745485145637803,-0.017067031684012874,0.02008870068860938,0.015077649824684928,0.05,200,20260907,False
2012H2-E,20260907,all,psi,tabpfn - gbm-50k,-0.013335982244418329,-0.01706111276966921,-0.008056639100837697,0.003380374527685275,0.05,200,20260907,True
2012H2-E,20260907,all,psi,tabicl - gbm-50k,0.0019174545958615212,-0.0068413565647961055,0.008042358538958015,0.0058923820852973905,0.05,200,20260907,False
2012H2-E,20260907,all,psi,tabicl@t1 - gbm-50k,0.0019174545958615212,-0.0068413565647961055,0.008042358538958015,0.0058923820852973905,0.05,200,20260907,False
2012H2-E,20260907,all,psi,tabpfn@t1 - gbm-50k,-0.013335982244418329,-0.01706111276966921,-0.008056639100837697,0.003380374527685275,0.05,200,20260907,True
2012H2-E,20260907,all,psi,tabicl - tabpfn,0.01525343684027985,0.00221567308639835,0.024482321296488932,0.0092081220354836,0.05,200,20260907,True
2012H2-E,20260907,all,psi,tabicl@t1 - tabpfn,0.01525343684027985,0.00221567308639835,0.024482321296488932,0.0092081220354836,0.05,200,20260907,True
2012H2-E,20260907,all,psi,tabpfn@t1 - tabpfn,0.0,0.0,0.0,0.0,0.05,200,20260907,False
2012H2-E,20260907,all,psi,tabicl@t1 - tabicl,0.0,0.0,0.0,0.0,0.05,200,20260907,False
2012H2-E,20260907,all,psi,tabpfn@t1 - tabicl,-0.01525343684027985,-0.024482321296488932,-0.0022156730863983494,0.0092081220354836,0.05,200,20260907,True
2012H2-E,20260907,all,psi,tabpfn@t1 - tabicl@t1,-0.01525343684027985,-0.024482321296488932,-0.0022156730863983494,0.0092081220354836,0.05,200,20260907,True
2012H2-E,20260907,nearest,gini,gbm - scorecard,0.05702084524022988,0.03544347761496815,0.07691452266873786,0.011449643034253812,0.05,200,20260907,True
2012H2-E,20260907,nearest,gini,gbm-50k - scorecard,0.04100801636326682,0.014015105318081497,0.06538088145934015,0.01365816879487014,0.05,200,20260907,True
2012H2-E,20260907,nearest,gini,tabpfn - scorecard,0.039538220089797536,0.010527347544553303,0.06541940431692046,0.01389012936076356,0.05,200,20260907,True
2012H2-E,20260907,nearest,gini,tabicl - scorecard,0.0373263884840909,0.00909796033740033,0.06718635654520203,0.01453882433440323,0.05,200,20260907,True
2012H2-E,20260907,nearest,gini,tabicl@t1 - scorecard,0.0373263884840909,0.00909796033740033,0.06718635654520203,0.01453882433440323,0.05,200,20260907,True
2012H2-E,20260907,nearest,gini,tabpfn@t1 - scorecard,0.039538220089797536,0.010527347544553303,0.06541940431692046,0.01389012936076356,0.05,200,20260907,True
2012H2-E,20260907,nearest,gini,gbm-50k - gbm,-0.016012828876963054,-0.03181195785239079,0.0014295746285601667,0.008593253756036158,0.05,200,20260907,False
2012H2-E,20260907,nearest,gini,tabpfn - gbm,-0.017482625150432345,-0.03903533324968546,0.0005566439411128675,0.010450516010072906,0.05,200,20260907,False
2012H2-E,20260907,nearest,gini,tabicl - gbm,-0.019694456756138973,-0.042672045244717564,0.0046042773752789775,0.013283153706866275,0.05,200,20260907,False
2012H2-E,20260907,nearest,gini,tabicl@t1 - gbm,-0.019694456756138973,-0.042672045244717564,0.0046042773752789775,0.013283153706866275,0.05,200,20260907,False
2012H2-E,20260907,nearest,gini,tabpfn@t1 - gbm,-0.017482625150432345,-0.03903533324968546,0.0005566439411128675,0.010450516010072906,0.05,200,20260907,False
2012H2-E,20260907,nearest,gini,tabpfn - gbm-50k,-0.0014697962734692889,-0.023088481277151563,0.018111069623586874,0.010772170538785422,0.05,200,20260907,False
2012H2-E,20260907,nearest,gini,tabicl - gbm-50k,-0.0036816278791759194,-0.026588392610258367,0.017516547647415823,0.012553877736690566,0.05,200,20260907,False
2012H2-E,20260907,nearest,gini,tabicl@t1 - gbm-50k,-0.0036816278791759194,-0.026588392610258367,0.017516547647415823,0.012553877736690566,0.05,200,20260907,False
2012H2-E,20260907,nearest,gini,tabpfn@t1 - gbm-50k,-0.0014697962734692889,-0.023088481277151563,0.018111069623586874,0.010772170538785422,0.05,200,20260907,False
2012H2-E,20260907,nearest,gini,tabicl - tabpfn,-0.0022118316057066303,-0.013418405204311836,0.010423389034819198,0.006360618844294522,0.05,200,20260907,False
2012H2-E,20260907,nearest,gini,tabicl@t1 - tabpfn,-0.0022118316057066303,-0.013418405204311836,0.010423389034819198,0.006360618844294522,0.05,200,20260907,False
2012H2-E,20260907,nearest,gini,tabpfn@t1 - tabpfn,0.0,0.0,0.0,0.0,0.05,200,20260907,False
2012H2-E,20260907,nearest,gini,tabicl@t1 - tabicl,0.0,0.0,0.0,0.0,0.05,200,20260907,False
2012H2-E,20260907,nearest,gini,tabpfn@t1 - tabicl,0.0022118316057066303,-0.010423389034819198,0.01341840520431184,0.006360618844294522,0.05,200,20260907,False
2012H2-E,20260907,nearest,gini,tabpfn@t1 - tabicl@t1,0.0022118316057066303,-0.010423389034819198,0.01341840520431184,0.006360618844294522,0.05,200,20260907,False
2012H2-E,20260907,nearest,abs_log_oe,gbm - scorecard,0.12776820044209303,0.1206858636162997,0.13446483581446023,0.003811576718816127,0.05,200,20260907,True
2012H2-E,20260907,nearest,abs_log_oe,gbm-50k - scorecard,0.11624960678999445,0.047750743633579826,0.15630957609097954,0.04618290879425182,0.05,200,20260907,True
2012H2-E,20260907,nearest,abs_log_oe,tabpfn - scorecard,-0.10402702887855986,-0.18709194212266123,-0.02393826970915289,0.05853731892926005,0.05,200,20260907,True
2012H2-E,20260907,nearest,abs_log_oe,tabicl - scorecard,-0.12470767729554984,-0.19817049809453835,-0.058728776016116487,0.05089832682035332,0.05,200,20260907,True
2012H2-E,20260907,nearest,abs_log_oe,tabicl@t1 - scorecard,0.1871697246689402,0.1330081109517687,0.24763064353683617,0.041556117486470374,0.05,200,20260907,True
2012H2-E,20260907,nearest,abs_log_oe,tabpfn@t1 - scorecard,0.19923408152815383,0.1359729346075524,0.2672007193559906,0.04756086844364655,0.05,200,20260907,True
2012H2-E,20260907,nearest,abs_log_oe,gbm-50k - gbm,-0.011518593652098582,-0.07962597131654711,0.026111917670310035,0.045951318795582986,0.05,200,20260907,False
2012H2-E,20260907,nearest,abs_log_oe,tabpfn - gbm,-0.23179522932065288,-0.3130014478515883,-0.15619163361331292,0.05819274890024322,0.05,200,20260907,True
2012H2-E,20260907,nearest,abs_log_oe,tabicl - gbm,-0.25247587773764285,-0.32368520217719743,-0.18875100667136166,0.05058813981739337,0.05,200,20260907,True
2012H2-E,20260907,nearest,abs_log_oe,tabicl@t1 - gbm,0.059401524226847156,0.006889972809443756,0.11888090763883744,0.041252366979172235,0.05,200,20260907,True
2012H2-E,20260907,nearest,abs_log_oe,tabpfn@t1 - gbm,0.07146588108606082,0.00893765114579001,0.13733862437255723,0.04723022472113212,0.05,200,20260907,True
2012H2-E,20260907,nearest,abs_log_oe,tabpfn - gbm-50k,-0.2202766356685543,-0.25259887077875015,-0.17660907948545465,0.026439483541324017,0.05,200,20260907,True
2012H2-E,20260907,nearest,abs_log_oe,tabicl - gbm-50k,-0.2409572840855443,-0.2693937241205029,-0.2084114965709131,0.020166153735499157,0.05,200,20260907,True
2012H2-E,20260907,nearest,abs_log_oe,tabicl@t1 - gbm-50k,0.07092011787894574,0.028557102486829015,0.0972338681697855,0.027355595161885876,0.05,200,20260907,True
2012H2-E,20260907,nearest,abs_log_oe,tabpfn@t1 - gbm-50k,0.0829844747381594,0.04244652704474375,0.1157716961743743,0.026352084417585655,0.05,200,20260907,True
2012H2-E,20260907,nearest,abs_log_oe,tabicl - tabpfn,-0.020680648416989984,-0.0348815949642695,-0.00826000446377494,0.008342666332041644,0.05,200,20260907,True
2012H2-E,20260907,nearest,abs_log_oe,tabicl@t1 - tabpfn,0.2911967535475,0.2715280304821273,0.3216015410744172,0.019216614392529766,0.05,200,20260907,True
2012H2-E,20260907,nearest,abs_log_oe,tabpfn@t1 - tabpfn,0.3032611104067137,0.2918633694599626,0.3230547743529432,0.012677312181957442,0.05,200,20260907,True
2012H2-E,20260907,nearest,abs_log_oe,tabicl@t1 - tabicl,0.31187740196449004,0.295478345655498,0.3317730836499196,0.013856778142909807,0.05,200,20260907,True
2012H2-E,20260907,nearest,abs_log_oe,tabpfn@t1 - tabicl,0.3239417588237037,0.3092182153473702,0.3361917937944393,0.008988827191520589,0.05,200,20260907,True
2012H2-E,20260907,nearest,abs_log_oe,tabpfn@t1 - tabicl@t1,0.012064356859213662,0.0003900782060767938,0.020714191051208523,0.006771681974711634,0.05,200,20260907,True
2012H2-E,20260907,nearest,cox_slope_deviation,gbm - scorecard,-0.07394919865503863,-0.11092680285880835,-0.008541220012784099,0.026675176666992484,0.05,200,20260907,True
2012H2-E,20260907,nearest,cox_slope_deviation,gbm-50k - scorecard,-0.0603518519238014,-0.15802470768451146,0.08591494562446574,0.07237479654908671,0.05,200,20260907,False
2012H2-E,20260907,nearest,cox_slope_deviation,tabpfn - scorecard,0.14118482439292154,0.0645308946187335,0.20917153494837015,0.0389422601089424,0.05,200,20260907,True
2012H2-E,20260907,nearest,cox_slope_deviation,tabicl - scorecard,0.11616988030632854,0.048128832895672005,0.19447752519677622,0.039891723433623794,0.05,200,20260907,True
2012H2-E,20260907,nearest,cox_slope_deviation,tabicl@t1 - scorecard,0.03407145165540704,-0.025827192885145078,0.11213572517685874,0.04123255067493524,0.05,200,20260907,False
2012H2-E,20260907,nearest,cox_slope_deviation,tabpfn@t1 - scorecard,0.06186583397384363,-0.019165888519218372,0.12976952508351453,0.04084719189904951,0.05,200,20260907,False
2012H2-E,20260907,nearest,cox_slope_deviation,gbm-50k - gbm,0.013597346731237228,-0.08059015242585148,0.12730788637117588,0.0659906122316667,0.05,200,20260907,False
2012H2-E,20260907,nearest,cox_slope_deviation,tabpfn - gbm,0.21513402304796017,0.12521093925245316,0.25859183516018147,0.03471092849065441,0.05,200,20260907,True
2012H2-E,20260907,nearest,cox_slope_deviation,tabicl - gbm,0.19011907896136715,0.08806243746347478,0.24454413370867506,0.039295506212431046,0.05,200,20260907,True
2012H2-E,20260907,nearest,cox_slope_deviation,tabicl@t1 - gbm,0.10802065031044567,0.012518263964208748,0.1690778311504263,0.0412806487528273,0.05,200,20260907,True
2012H2-E,20260907,nearest,cox_slope_deviation,tabpfn@t1 - gbm,0.13581503262888225,0.03455618901953123,0.1820183151960004,0.037733681218307176,0.05,200,20260907,True
2012H2-E,20260907,nearest,cox_slope_deviation,tabpfn - gbm-50k,0.20153667631672292,0.09369236008904265,0.28315665061725953,0.05868241613830921,0.05,200,20260907,True
2012H2-E,20260907,nearest,cox_slope_deviation,tabicl - gbm-50k,0.17652173223012993,0.06937096541695224,0.25463774627693303,0.05473930927654795,0.05,200,20260907,True
2012H2-E,20260907,nearest,cox_slope_deviation,tabicl@t1 - gbm-50k,0.09442330357920843,-0.012756699927391434,0.17650282279079513,0.05398647516837383,0.05,200,20260907,False
2012H2-E,20260907,nearest,cox_slope_deviation,tabpfn@t1 - gbm-50k,0.12221768589764503,0.008053340005236932,0.2064489404292669,0.059386039441060905,0.05,200,20260907,True
2012H2-E,20260907,nearest,cox_slope_deviation,tabicl - tabpfn,-0.02501494408659301,-0.052640797192715985,-0.00455012438671354,0.012496656062819167,0.05,200,20260907,True
2012H2-E,20260907,nearest,cox_slope_deviation,tabicl@t1 - tabpfn,-0.10711337273751452,-0.13764790337489963,-0.0776589159423351,0.017233669604688213,0.05,200,20260907,True
2012H2-E,20260907,nearest,cox_slope_deviation,tabpfn@t1 - tabpfn,-0.07931899041907792,-0.08821295911409524,-0.0695398357444356,0.00498561096753654,0.05,200,20260907,True
2012H2-E,20260907,nearest,cox_slope_deviation,tabicl@t1 - tabicl,-0.0820984286509215,-0.09095091041285831,-0.06845156435282049,0.008894544374464746,0.05,200,20260907,True
2012H2-E,20260907,nearest,cox_slope_deviation,tabpfn@t1 - tabicl,-0.0543040463324849,-0.0761335640358097,-0.028695907326454242,0.012313179216085388,0.05,200,20260907,True
2012H2-E,20260907,nearest,cox_slope_deviation,tabpfn@t1 - tabicl@t1,0.0277943823184366,0.0024926138251553714,0.05848977465857273,0.015340785712439705,0.05,200,20260907,True
2012H2-E,20260907,nearest,psi,gbm - scorecard,0.010206953925024645,0.008364001596573627,0.012151988629472915,0.0010446194790834898,0.05,200,20260907,True
2012H2-E,20260907,nearest,psi,gbm-50k - scorecard,0.013153907575344575,-0.001373375535964819,0.027176454573162628,0.010451945276814936,0.05,200,20260907,False
2012H2-E,20260907,nearest,psi,tabpfn - scorecard,0.0021553207376261985,-0.005135864166362898,0.009989492210552373,0.004934332496945101,0.05,200,20260907,False
2012H2-E,20260907,nearest,psi,tabicl - scorecard,0.010447194060844598,-0.0027827635953711167,0.026416378141180853,0.010503205385676142,0.05,200,20260907,False
2012H2-E,20260907,nearest,psi,tabicl@t1 - scorecard,0.010447194060844598,-0.0027827635953711167,0.026416378141180853,0.010503205385676142,0.05,200,20260907,False
2012H2-E,20260907,nearest,psi,tabpfn@t1 - scorecard,0.0021553207376261985,-0.005135864166362898,0.009989492210552373,0.004934332496945101,0.05,200,20260907,False
2012H2-E,20260907,nearest,psi,gbm-50k - gbm,0.00294695365031993,-0.011742118082765539,0.016517305859935667,0.010431248230627113,0.05,200,20260907,False
2012H2-E,20260907,nearest,psi,tabpfn - gbm,-0.008051633187398446,-0.015326936173730822,-0.0006213568440391025,0.004913835025588805,0.05,200,20260907,True
2012H2-E,20260907,nearest,psi,tabicl - gbm,0.00024024013581995288,-0.012883112242315569,0.015686728785792733,0.010468719755902666,0.05,200,20260907,False
2012H2-E,20260907,nearest,psi,tabicl@t1 - gbm,0.00024024013581995288,-0.012883112242315569,0.015686728785792733,0.010468719755902666,0.05,200,20260907,False
2012H2-E,20260907,nearest,psi,tabpfn@t1 - gbm,-0.008051633187398446,-0.015326936173730822,-0.0006213568440391025,0.004913835025588805,0.05,200,20260907,True
2012H2-E,20260907,nearest,psi,tabpfn - gbm-50k,-0.010998586837718377,-0.018638780277526863,-0.0021304174274059218,0.0057407388229595,0.05,200,20260907,True
2012H2-E,20260907,nearest,psi,tabicl - gbm-50k,-0.002706713514499977,-0.007862235002609725,0.0004794332905735248,0.002656415948983058,0.05,200,20260907,False
2012H2-E,20260907,nearest,psi,tabicl@t1 - gbm-50k,-0.002706713514499977,-0.007862235002609725,0.0004794332905735248,0.002656415948983058,0.05,200,20260907,False
2012H2-E,20260907,nearest,psi,tabpfn@t1 - gbm-50k,-0.010998586837718377,-0.018638780277526863,-0.0021304174274059218,0.0057407388229595,0.05,200,20260907,True
2012H2-E,20260907,nearest,psi,tabicl - tabpfn,0.0082918733232184,0.0014065694639490856,0.017415871289036367,0.005740766627662763,0.05,200,20260907,True
2012H2-E,20260907,nearest,psi,tabicl@t1 - tabpfn,0.0082918733232184,0.0014065694639490856,0.017415871289036367,0.005740766627662763,0.05,200,20260907,True
2012H2-E,20260907,nearest,psi,tabpfn@t1 - tabpfn,0.0,0.0,0.0,0.0,0.05,200,20260907,False
2012H2-E,20260907,nearest,psi,tabicl@t1 - tabicl,0.0,0.0,0.0,0.0,0.05,200,20260907,False
2012H2-E,20260907,nearest,psi,tabpfn@t1 - tabicl,-0.0082918733232184,-0.017415871289036367,-0.0014065694639490848,0.005740766627662763,0.05,200,20260907,True
2012H2-E,20260907,nearest,psi,tabpfn@t1 - tabicl@t1,-0.0082918733232184,-0.017415871289036367,-0.0014065694639490848,0.005740766627662763,0.05,200,20260907,True
2012H2-E,20260907,"all, cohorts resampled",gini,gbm - scorecard,0.01447037780698468,0.00223430450700467,0.02395052149425983,0.006058569390676783,0.05,200,20260907,True
2012H2-E,20260907,"all, cohorts resampled",gini,gbm-50k - scorecard,-0.007490243691843109,-0.028181664395180703,0.007281968873818503,0.009365364810530295,0.05,200,20260907,False
2012H2-E,20260907,"all, cohorts resampled",gini,tabpfn - scorecard,-0.013468298055175446,-0.038448471885745704,0.006810845698544266,0.012652894754549882,0.05,200,20260907,False
2012H2-E,20260907,"all, cohorts resampled",gini,tabicl - scorecard,-0.005030584972033662,-0.033985029847825046,0.019904907137510704,0.015968486753673593,0.05,200,20260907,False
2012H2-E,20260907,"all, cohorts resampled",gini,tabicl@t1 - scorecard,-0.005030584972033662,-0.033985029847825046,0.019904907137510704,0.015968486753673593,0.05,200,20260907,False
2012H2-E,20260907,"all, cohorts resampled",gini,tabpfn@t1 - scorecard,-0.013468298055175446,-0.038448471885745704,0.006810845698544266,0.012652894754549882,0.05,200,20260907,False
2012H2-E,20260907,"all, cohorts resampled",gini,gbm-50k - gbm,-0.021960621498827788,-0.03437355406572395,-0.010463637512088871,0.0066805778336750275,0.05,200,20260907,True
2012H2-E,20260907,"all, cohorts resampled",gini,tabpfn - gbm,-0.027938675862160128,-0.049361464588667296,-0.008850750138697244,0.011148622995241783,0.05,200,20260907,True
2012H2-E,20260907,"all, cohorts resampled",gini,tabicl - gbm,-0.019500962779018343,-0.043816472791981795,0.004581856341810846,0.014748172231913043,0.05,200,20260907,False
2012H2-E,20260907,"all, cohorts resampled",gini,tabicl@t1 - gbm,-0.019500962779018343,-0.043816472791981795,0.004581856341810846,0.014748172231913043,0.05,200,20260907,False
2012H2-E,20260907,"all, cohorts resampled",gini,tabpfn@t1 - gbm,-0.027938675862160128,-0.049361464588667296,-0.008850750138697244,0.011148622995241783,0.05,200,20260907,True
2012H2-E,20260907,"all, cohorts resampled",gini,tabpfn - gbm-50k,-0.005978054363332337,-0.030783933201054443,0.009693813961433938,0.012258313986596762,0.05,200,20260907,False
2012H2-E,20260907,"all, cohorts resampled",gini,tabicl - gbm-50k,0.002459658719809447,-0.027196968838693755,0.02002729643237237,0.014966668490155337,0.05,200,20260907,False
2012H2-E,20260907,"all, cohorts resampled",gini,tabicl@t1 - gbm-50k,0.002459658719809447,-0.027196968838693755,0.02002729643237237,0.014966668490155337,0.05,200,20260907,False
2012H2-E,20260907,"all, cohorts resampled",gini,tabpfn@t1 - gbm-50k,-0.005978054363332337,-0.030783933201054443,0.009693813961433938,0.012258313986596762,0.05,200,20260907,False
2012H2-E,20260907,"all, cohorts resampled",gini,tabicl - tabpfn,0.008437713083141785,0.0008738161610043276,0.01818393069645717,0.0053097590433667935,0.05,200,20260907,True
2012H2-E,20260907,"all, cohorts resampled",gini,tabicl@t1 - tabpfn,0.008437713083141785,0.0008738161610043276,0.01818393069645717,0.0053097590433667935,0.05,200,20260907,True
2012H2-E,20260907,"all, cohorts resampled",gini,tabpfn@t1 - tabpfn,0.0,0.0,0.0,0.0,0.05,200,20260907,False
2012H2-E,20260907,"all, cohorts resampled",gini,tabicl@t1 - tabicl,0.0,0.0,0.0,0.0,0.05,200,20260907,False
2012H2-E,20260907,"all, cohorts resampled",gini,tabpfn@t1 - tabicl,-0.008437713083141785,-0.01818393069645717,-0.000873816161004325,0.0053097590433667935,0.05,200,20260907,True
2012H2-E,20260907,"all, cohorts resampled",gini,tabpfn@t1 - tabicl@t1,-0.008437713083141785,-0.01818393069645717,-0.000873816161004325,0.0053097590433667935,0.05,200,20260907,True
2012H2-E,20260907,"all, cohorts resampled",abs_log_oe,gbm - scorecard,-0.0033688922769532503,-0.02369599681427928,0.020554444588110666,0.012512374784787787,0.05,200,20260907,False
2012H2-E,20260907,"all, cohorts resampled",abs_log_oe,gbm-50k - scorecard,-0.049287988102461565,-0.1279666964052386,0.018890304312637246,0.041154815521260935,0.05,200,20260907,False
2012H2-E,20260907,"all, cohorts resampled",abs_log_oe,tabpfn - scorecard,-0.25576143920152167,-0.34044650016572026,-0.16351306155122755,0.05091652738188369,0.05,200,20260907,True
2012H2-E,20260907,"all, cohorts resampled",abs_log_oe,tabicl - scorecard,-0.24102811526081422,-0.3509692531474981,-0.106017700085449,0.07627113178790663,0.05,200,20260907,True
2012H2-E,20260907,"all, cohorts resampled",abs_log_oe,tabicl@t1 - scorecard,0.0798397826497476,-0.02427916048302155,0.1988852318692823,0.0696644326788925,0.05,200,20260907,False
2012H2-E,20260907,"all, cohorts resampled",abs_log_oe,tabpfn@t1 - scorecard,0.06523395599480845,-0.01573790518963564,0.14720492667414628,0.04709268589536811,0.05,200,20260907,False
2012H2-E,20260907,"all, cohorts resampled",abs_log_oe,gbm-50k - gbm,-0.045919095825508315,-0.10744402003015142,0.01019985618845176,0.038770244091556355,0.05,200,20260907,False
2012H2-E,20260907,"all, cohorts resampled",abs_log_oe,tabpfn - gbm,-0.2523925469245684,-0.32630665955732924,-0.15681207812061834,0.04971819005606605,0.05,200,20260907,True
2012H2-E,20260907,"all, cohorts resampled",abs_log_oe,tabicl - gbm,-0.23765922298386097,-0.3360074043460224,-0.09609106942183115,0.07606502091105309,0.05,200,20260907,True
2012H2-E,20260907,"all, cohorts resampled",abs_log_oe,tabicl@t1 - gbm,0.08320867492670085,-0.009929327654757717,0.20428049522015732,0.06943256819359005,0.05,200,20260907,False
2012H2-E,20260907,"all, cohorts resampled",abs_log_oe,tabpfn@t1 - gbm,0.0686028482717617,-0.0026270823375299343,0.1507252144287333,0.045995801392585946,0.05,200,20260907,False
2012H2-E,20260907,"all, cohorts resampled",abs_log_oe,tabpfn - gbm-50k,-0.20647345109906012,-0.2693519163745726,-0.1096813249023882,0.04892931472417105,0.05,200,20260907,True
2012H2-E,20260907,"all, cohorts resampled",abs_log_oe,tabicl - gbm-50k,-0.19174012715835265,-0.26484211204321195,-0.05094256499130896,0.07284216867615344,0.05,200,20260907,True
2012H2-E,20260907,"all, cohorts resampled",abs_log_oe,tabicl@t1 - gbm-50k,0.12912777075220916,0.06745248351989176,0.2480624788102859,0.06414459951936508,0.05,200,20260907,True
2012H2-E,20260907,"all, cohorts resampled",abs_log_oe,tabpfn@t1 - gbm-50k,0.11452194409727001,0.06056327073224117,0.19385066027547596,0.04291212265520719,0.05,200,20260907,True
2012H2-E,20260907,"all, cohorts resampled",abs_log_oe,tabicl - tabpfn,0.014733323940707477,-0.01649460942527271,0.061361871106422224,0.02827094214891084,0.05,200,20260907,False
2012H2-E,20260907,"all, cohorts resampled",abs_log_oe,tabicl@t1 - tabpfn,0.3356012218512692,0.3025665773805162,0.3693747789466351,0.02227627832970189,0.05,200,20260907,True
2012H2-E,20260907,"all, cohorts resampled",abs_log_oe,tabpfn@t1 - tabpfn,0.32099539519633014,0.30624071696552146,0.33156900652642113,0.006873176698518121,0.05,200,20260907,True
2012H2-E,20260907,"all, cohorts resampled",abs_log_oe,tabicl@t1 - tabicl,0.3208678979105618,0.30044374822138864,0.33320564046213796,0.009417977296393511,0.05,200,20260907,True
2012H2-E,20260907,"all, cohorts resampled",abs_log_oe,tabpfn@t1 - tabicl,0.30626207125562266,0.24536099846098242,0.33600185020200873,0.0325246238047691,0.05,200,20260907,True
2012H2-E,20260907,"all, cohorts resampled",abs_log_oe,tabpfn@t1 - tabicl@t1,-0.014605826654939147,-0.05508236516220258,0.014357449103783105,0.02510671491522243,0.05,200,20260907,False
2012H2-E,20260907,"all, cohorts resampled",cox_slope_deviation,gbm - scorecard,-0.012189039957793496,-0.02999735040862243,0.013425783627347965,0.011466026232078503,0.05,200,20260907,False
2012H2-E,20260907,"all, cohorts resampled",cox_slope_deviation,gbm-50k - scorecard,-0.03340683261820692,-0.07919227053485238,0.04173990190590871,0.0407749763071923,0.05,200,20260907,False
2012H2-E,20260907,"all, cohorts resampled",cox_slope_deviation,tabpfn - scorecard,0.18363866754025213,0.1328587002672375,0.23081230125120847,0.026295603015417977,0.05,200,20260907,True
2012H2-E,20260907,"all, cohorts resampled",cox_slope_deviation,tabicl - scorecard,0.1612367654063652,0.11127946184469248,0.21596759795786533,0.02929907048503317,0.05,200,20260907,True
2012H2-E,20260907,"all, cohorts resampled",cox_slope_deviation,tabicl@t1 - scorecard,0.09292316455702083,0.03662676357926129,0.14990252199370596,0.03170652096298173,0.05,200,20260907,True
2012H2-E,20260907,"all, cohorts resampled",cox_slope_deviation,tabpfn@t1 - scorecard,0.11781416692800617,0.06647246030117739,0.1643309798030219,0.027813362675287993,0.05,200,20260907,True
2012H2-E,20260907,"all, cohorts resampled",cox_slope_deviation,gbm-50k - gbm,-0.02121779266041342,-0.06451892200913176,0.05442746190028073,0.039912932825399566,0.05,200,20260907,False
2012H2-E,20260907,"all, cohorts resampled",cox_slope_deviation,tabpfn - gbm,0.1958277074980456,0.15175582958087955,0.22888047425176894,0.02329143422396929,0.05,200,20260907,True
2012H2-E,20260907,"all, cohorts resampled",cox_slope_deviation,tabicl - gbm,0.17342580536415872,0.12569419532127063,0.21287830799815746,0.026719199375137215,0.05,200,20260907,True
2012H2-E,20260907,"all, cohorts resampled",cox_slope_deviation,tabicl@t1 - gbm,0.10511220451481434,0.056988189223742866,0.14629420805084214,0.029086591561067694,0.05,200,20260907,True
2012H2-E,20260907,"all, cohorts resampled",cox_slope_deviation,tabpfn@t1 - gbm,0.13000320688579967,0.08325689815225791,0.16358088922872846,0.024731196575636445,0.05,200,20260907,True
2012H2-E,20260907,"all, cohorts resampled",cox_slope_deviation,tabpfn - gbm-50k,0.21704550015845903,0.1507968311665945,0.2821533909608209,0.037427477518405736,0.05,200,20260907,True
2012H2-E,20260907,"all, cohorts resampled",cox_slope_deviation,tabicl - gbm-50k,0.19464359802457212,0.1265373560808578,0.26974746750577944,0.04549075666083369,0.05,200,20260907,True
2012H2-E,20260907,"all, cohorts resampled",cox_slope_deviation,tabicl@t1 - gbm-50k,0.12632999717522778,0.056814082748024464,0.20518194098244896,0.04701963964777172,0.05,200,20260907,True
2012H2-E,20260907,"all, cohorts resampled",cox_slope_deviation,tabpfn@t1 - gbm-50k,0.1512209995462131,0.08849903784441711,0.21696618541832227,0.037680349670351866,0.05,200,20260907,True
2012H2-E,20260907,"all, cohorts resampled",cox_slope_deviation,tabicl - tabpfn,-0.02240190213388693,-0.03789446610345761,-0.0037972776673205802,0.010063074505955274,0.05,200,20260907,True
2012H2-E,20260907,"all, cohorts resampled",cox_slope_deviation,tabicl@t1 - tabpfn,-0.09071550298323128,-0.11240118158469149,-0.06340637785032532,0.013228046939748876,0.05,200,20260907,True
2012H2-E,20260907,"all, cohorts resampled",cox_slope_deviation,tabpfn@t1 - tabpfn,-0.06582450061224594,-0.07295933666192181,-0.057727068023989796,0.0041068524739005345,0.05,200,20260907,True
2012H2-E,20260907,"all, cohorts resampled",cox_slope_deviation,tabicl@t1 - tabicl,-0.06831360084934435,-0.07595850133894314,-0.058610841528180996,0.00484198203740037,0.05,200,20260907,True
2012H2-E,20260907,"all, cohorts resampled",cox_slope_deviation,tabpfn@t1 - tabicl,-0.04342259847835902,-0.06019641054692633,-0.026752895856871715,0.009649075297351638,0.05,200,20260907,True
2012H2-E,20260907,"all, cohorts resampled",cox_slope_deviation,tabpfn@t1 - tabicl@t1,0.02489100237098533,0.002684714456339606,0.040959242556758944,0.011381594806211176,0.05,200,20260907,True
2012H2-E,20260907,"all, cohorts resampled",psi,gbm - scorecard,-0.03832439763256697,-0.06325149253334954,-0.01866486858017978,0.012344013805609634,0.05,200,20260907,True
2012H2-E,20260907,"all, cohorts resampled",psi,gbm-50k - scorecard,-0.023242930242510836,-0.06220808373962239,0.0018371367172636392,0.019624264997609813,0.05,200,20260907,False
2012H2-E,20260907,"all, cohorts resampled",psi,tabpfn - scorecard,-0.03657891248692916,-0.0761800975578189,-0.008338672964133376,0.018517662379177485,0.05,200,20260907,True
2012H2-E,20260907,"all, cohorts resampled",psi,tabicl - scorecard,-0.021325475646649314,-0.07320176269591275,0.006059320579013253,0.024455786106680606,0.05,200,20260907,False
2012H2-E,20260907,"all, cohorts resampled",psi,tabicl@t1 - scorecard,-0.021325475646649314,-0.07320176269591275,0.006059320579013253,0.024455786106680606,0.05,200,20260907,False
2012H2-E,20260907,"all, cohorts resampled",psi,tabpfn@t1 - scorecard,-0.03657891248692916,-0.0761800975578189,-0.008338672964133376,0.018517662379177485,0.05,200,20260907,True
2012H2-E,20260907,"all, cohorts resampled",psi,gbm-50k - gbm,0.015081467390056133,-0.00954650692355834,0.04862570416147328,0.01810498741133831,0.05,200,20260907,False
2012H2-E,20260907,"all, cohorts resampled",psi,tabpfn - gbm,0.001745485145637803,-0.019157403738414954,0.03144386430292829,0.015527972164398315,0.05,200,20260907,False
2012H2-E,20260907,"all, cohorts resampled",psi,tabicl - gbm,0.016998921985917653,-0.015731071521100343,0.05727649274074235,0.02338572795263912,0.05,200,20260907,False
2012H2-E,20260907,"all, cohorts resampled",psi,tabicl@t1 - gbm,0.016998921985917653,-0.015731071521100343,0.05727649274074235,0.02338572795263912,0.05,200,20260907,False
2012H2-E,20260907,"all, cohorts resampled",psi,tabpfn@t1 - gbm,0.001745485145637803,-0.019157403738414954,0.03144386430292829,0.015527972164398315,0.05,200,20260907,False
2012H2-E,20260907,"all, cohorts resampled",psi,tabpfn - gbm-50k,-0.013335982244418329,-0.023793742496057684,-0.004942230301060906,0.005159934073005703,0.05,200,20260907,True
2012H2-E,20260907,"all, cohorts resampled",psi,tabicl - gbm-50k,0.0019174545958615212,-0.009528467986581407,0.012552095823256563,0.0065054970960634366,0.05,200,20260907,False
2012H2-E,20260907,"all, cohorts resampled",psi,tabicl@t1 - gbm-50k,0.0019174545958615212,-0.009528467986581407,0.012552095823256563,0.0065054970960634366,0.05,200,20260907,False
2012H2-E,20260907,"all, cohorts resampled",psi,tabpfn@t1 - gbm-50k,-0.013335982244418329,-0.023793742496057684,-0.004942230301060906,0.005159934073005703,0.05,200,20260907,True
2012H2-E,20260907,"all, cohorts resampled",psi,tabicl - tabpfn,0.01525343684027985,0.0013149136197462533,0.029980519879487612,0.009726973066637268,0.05,200,20260907,True
2012H2-E,20260907,"all, cohorts resampled",psi,tabicl@t1 - tabpfn,0.01525343684027985,0.0013149136197462533,0.029980519879487612,0.009726973066637268,0.05,200,20260907,True
2012H2-E,20260907,"all, cohorts resampled",psi,tabpfn@t1 - tabpfn,0.0,0.0,0.0,0.0,0.05,200,20260907,False
2012H2-E,20260907,"all, cohorts resampled",psi,tabicl@t1 - tabicl,0.0,0.0,0.0,0.0,0.05,200,20260907,False
2012H2-E,20260907,"all, cohorts resampled",psi,tabpfn@t1 - tabicl,-0.01525343684027985,-0.029980519879487612,-0.0013149136197462524,0.009726973066637268,0.05,200,20260907,True
2012H2-E,20260907,"all, cohorts resampled",psi,tabpfn@t1 - tabicl@t1,-0.01525343684027985,-0.029980519879487612,-0.0013149136197462524,0.009726973066637268,0.05,200,20260907,True
