build_id,cohorts,draw,metric,pair,is_difference,value,ci_lo,ci_hi,se,alpha,resamples,seed,excludes_zero,reads_derived
2012H2-E,all,,gini,scorecard,False,0.49920123839520203,0.48160772827714765,0.5174193864537059,0.009372450764226594,0.05,200,20260905,,False
2012H2-E,all,,gini,gbm,False,0.5136716162021867,0.49594719190964437,0.5307111790987636,0.008854131545141114,0.05,200,20260905,,False
2012H2-E,all,,gini,gbm-50k,False,0.49171099470335894,0.4727104876048204,0.5111672378232263,0.010576383774657043,0.05,200,20260905,,False
2012H2-E,all,,gini,tabpfn,False,0.48573294034002656,0.4574377450356968,0.5111556719889898,0.013339980640237793,0.05,200,20260905,,False
2012H2-E,all,,gini,tabicl,False,0.4941706534231683,0.46170192729630466,0.5251717048308217,0.017126524511641362,0.05,200,20260905,,False
2012H2-E,all,,gini,tabicl@t1,False,0.4941706534231683,0.46170192729630466,0.5251717048308217,0.017126524511641362,0.05,200,20260905,,True
2012H2-E,all,,gini,tabpfn@t1,False,0.48573294034002656,0.4574377450356968,0.5111556719889898,0.013339980640237793,0.05,200,20260905,,True
2012H2-E,all,,gini,gbm - scorecard,True,0.01447037780698468,0.008220325137903092,0.021036034821479973,0.003365352672526489,0.05,200,20260905,True,False
2012H2-E,all,,gini,gbm-50k - scorecard,True,-0.007490243691843109,-0.020935077409497897,0.00224064372543112,0.00668682879196477,0.05,200,20260905,False,False
2012H2-E,all,,gini,tabpfn - scorecard,True,-0.013468298055175446,-0.02996364726161315,0.005516700707243895,0.010407099658166042,0.05,200,20260905,False,False
2012H2-E,all,,gini,tabicl - scorecard,True,-0.005030584972033662,-0.026266705136032138,0.019871231486371953,0.014800480775054635,0.05,200,20260905,False,False
2012H2-E,all,,gini,tabicl@t1 - scorecard,True,-0.005030584972033662,-0.026266705136032138,0.019871231486371953,0.014800480775054635,0.05,200,20260905,False,True
2012H2-E,all,,gini,tabpfn@t1 - scorecard,True,-0.013468298055175446,-0.02996364726161315,0.005516700707243895,0.010407099658166042,0.05,200,20260905,False,True
2012H2-E,all,,gini,gbm-50k - gbm,True,-0.021960621498827788,-0.03233089125852946,-0.012981863324229601,0.005629027452813849,0.05,200,20260905,True,False
2012H2-E,all,,gini,tabpfn - gbm,True,-0.027938675862160128,-0.043805734372788285,-0.01143657020327581,0.009851901043184416,0.05,200,20260905,True,False
2012H2-E,all,,gini,tabicl - gbm,True,-0.019500962779018343,-0.03956981553099339,0.0033507810333697355,0.014404227743849923,0.05,200,20260905,False,False
2012H2-E,all,,gini,tabicl@t1 - gbm,True,-0.019500962779018343,-0.03956981553099339,0.0033507810333697355,0.014404227743849923,0.05,200,20260905,False,True
2012H2-E,all,,gini,tabpfn@t1 - gbm,True,-0.027938675862160128,-0.043805734372788285,-0.01143657020327581,0.009851901043184416,0.05,200,20260905,True,True
2012H2-E,all,,gini,tabpfn - gbm-50k,True,-0.005978054363332337,-0.02455996716600367,0.006971866883061957,0.010309444261701725,0.05,200,20260905,False,False
2012H2-E,all,,gini,tabicl - gbm-50k,True,0.002459658719809447,-0.020682998304679484,0.021528748767008495,0.013933704011835243,0.05,200,20260905,False,False
2012H2-E,all,,gini,tabicl@t1 - gbm-50k,True,0.002459658719809447,-0.020682998304679484,0.021528748767008495,0.013933704011835243,0.05,200,20260905,False,True
2012H2-E,all,,gini,tabpfn@t1 - gbm-50k,True,-0.005978054363332337,-0.02455996716600367,0.006971866883061957,0.010309444261701725,0.05,200,20260905,False,True
2012H2-E,all,,gini,tabicl - tabpfn,True,0.008437713083141785,0.0014599847968564715,0.017024396914073443,0.005261019420702634,0.05,200,20260905,True,False
2012H2-E,all,,gini,tabicl@t1 - tabpfn,True,0.008437713083141785,0.0014599847968564715,0.017024396914073443,0.005261019420702634,0.05,200,20260905,True,True
2012H2-E,all,,gini,tabpfn@t1 - tabpfn,True,0.0,0.0,0.0,0.0,0.05,200,20260905,False,True
2012H2-E,all,,gini,tabicl@t1 - tabicl,True,0.0,0.0,0.0,0.0,0.05,200,20260905,False,True
2012H2-E,all,,gini,tabpfn@t1 - tabicl,True,-0.008437713083141785,-0.01702439691407344,-0.0014599847968564705,0.005261019420702634,0.05,200,20260905,True,True
2012H2-E,all,,gini,tabpfn@t1 - tabicl@t1,True,-0.008437713083141785,-0.01702439691407344,-0.0014599847968564705,0.005261019420702634,0.05,200,20260905,True,True
2012H2-E,all,,abs_log_oe,scorecard,False,1.0306097446991056,0.9935605376111175,1.0719031029286967,0.020458577777721587,0.05,200,20260905,,False
2012H2-E,all,,abs_log_oe,gbm,False,1.0272408524221524,0.9902303340848043,1.0672338305618818,0.02040514088194485,0.05,200,20260905,,False
2012H2-E,all,,abs_log_oe,gbm-50k,False,0.981321756596644,0.9080690703684019,1.0641632745973264,0.04560883824788917,0.05,200,20260905,,False
2012H2-E,all,,abs_log_oe,tabpfn,False,0.774848305497584,0.6926010248831634,0.8577559219518438,0.0504393167670659,0.05,200,20260905,,False
2012H2-E,all,,abs_log_oe,tabicl,False,0.7895816294382915,0.6818449277867185,0.9103094903030532,0.07484453640589653,0.05,200,20260905,,False
2012H2-E,all,,abs_log_oe,tabicl@t1,False,1.1104495273488533,1.0044522846792139,1.220818747719165,0.07003507196329817,0.05,200,20260905,,True
2012H2-E,all,,abs_log_oe,tabpfn@t1,False,1.0958437006939141,1.0136602386555165,1.1729575155027556,0.04864045902648451,0.05,200,20260905,,True
2012H2-E,all,,abs_log_oe,gbm - scorecard,True,-0.0033688922769532503,-0.005793905771041996,-0.001265650360546605,0.001184245273048445,0.05,200,20260905,True,False
2012H2-E,all,,abs_log_oe,gbm-50k - scorecard,True,-0.049287988102461565,-0.09924996877154198,0.0004111528062355213,0.040234242204348215,0.05,200,20260905,False,False
2012H2-E,all,,abs_log_oe,tabpfn - scorecard,True,-0.25576143920152167,-0.31529260203826953,-0.19712172371462533,0.046090371651939986,0.05,200,20260905,True,False
2012H2-E,all,,abs_log_oe,tabicl - scorecard,True,-0.24102811526081422,-0.3270631676985385,-0.14529177762874623,0.07203512173544946,0.05,200,20260905,True,False
2012H2-E,all,,abs_log_oe,tabicl@t1 - scorecard,True,0.0798397826497476,-0.003476084061872825,0.16501811810076814,0.06697497414153457,0.05,200,20260905,False,True
2012H2-E,all,,abs_log_oe,tabpfn@t1 - scorecard,True,0.06523395599480845,0.006416858498858008,0.11774982996151162,0.04406448860155916,0.05,200,20260905,True,True
2012H2-E,all,,abs_log_oe,gbm-50k - gbm,True,-0.045919095825508315,-0.09514850484994394,0.0037977074190275635,0.04028207279470614,0.05,200,20260905,False,False
2012H2-E,all,,abs_log_oe,tabpfn - gbm,True,-0.2523925469245684,-0.3111331929686587,-0.19428693375266862,0.04608068452113454,0.05,200,20260905,True,False
2012H2-E,all,,abs_log_oe,tabicl - gbm,True,-0.23765922298386097,-0.3223651347070271,-0.14278197975583284,0.07202293100875037,0.05,200,20260905,True,False
2012H2-E,all,,abs_log_oe,tabicl@t1 - gbm,True,0.08320867492670085,0.0012101260244874068,0.16783806368702678,0.06696968032146071,0.05,200,20260905,True,True
2012H2-E,all,,abs_log_oe,tabpfn@t1 - gbm,True,0.0686028482717617,0.010686014018108925,0.12054393874248773,0.04406376447949849,0.05,200,20260905,True,True
2012H2-E,all,,abs_log_oe,tabpfn - gbm-50k,True,-0.20647345109906012,-0.25583826630025297,-0.14835087810813982,0.041434520943864225,0.05,200,20260905,True,False
2012H2-E,all,,abs_log_oe,tabicl - gbm-50k,True,-0.19174012715835265,-0.2514981660756872,-0.09610656464364337,0.06495344720652553,0.05,200,20260905,True,False
2012H2-E,all,,abs_log_oe,tabicl@t1 - gbm-50k,True,0.12912777075220916,0.07761769141814581,0.21411621514076754,0.05770291800235091,0.05,200,20260905,True,True
2012H2-E,all,,abs_log_oe,tabpfn@t1 - gbm-50k,True,0.11452194409727001,0.0712327786177737,0.1664346778674909,0.03696499030406344,0.05,200,20260905,True,True
2012H2-E,all,,abs_log_oe,tabicl - tabpfn,True,0.014733323940707477,-0.01226930233553084,0.053188004966664926,0.026796679035741965,0.05,200,20260905,False,False
2012H2-E,all,,abs_log_oe,tabicl@t1 - tabpfn,True,0.3356012218512692,0.3106610589473135,0.36410694250082104,0.02101569454598091,0.05,200,20260905,True,True
2012H2-E,all,,abs_log_oe,tabpfn@t1 - tabpfn,True,0.32099539519633014,0.3146834927719218,0.32701315069794273,0.00451700788385064,0.05,200,20260905,True,True
2012H2-E,all,,abs_log_oe,tabicl@t1 - tabicl,True,0.3208678979105618,0.3102128159029275,0.32945013041170945,0.0074159587465596035,0.05,200,20260905,True,True
2012H2-E,all,,abs_log_oe,tabpfn@t1 - tabicl,True,0.30626207125562266,0.2622442439720282,0.33409548069994216,0.030249707281547054,0.05,200,20260905,True,True
2012H2-E,all,,abs_log_oe,tabpfn@t1 - tabicl@t1,True,-0.014605826654939147,-0.048438853453130565,0.01042811584969996,0.02392954182608628,0.05,200,20260905,False,True
2012H2-E,all,,cox_slope_deviation,scorecard,False,0.22394082694953663,0.19644836018676531,0.2533498541924902,0.015782842928667603,0.05,200,20260905,,False
2012H2-E,all,,cox_slope_deviation,gbm,False,0.21175178699174313,0.1865724738999874,0.24205537150616588,0.013914535285718507,0.05,200,20260905,,False
2012H2-E,all,,cox_slope_deviation,gbm-50k,False,0.1905339943313297,0.14193420880046065,0.275657104337939,0.043707779037246,0.05,200,20260905,,False
2012H2-E,all,,cox_slope_deviation,tabpfn,False,0.40757949448978875,0.36731029616542255,0.44909825357373934,0.022301408724672896,0.05,200,20260905,,False
2012H2-E,all,,cox_slope_deviation,tabicl,False,0.3851775923559018,0.34221775227780654,0.4318175775253018,0.025385710206011203,0.05,200,20260905,,False
2012H2-E,all,,cox_slope_deviation,tabicl@t1,False,0.3168639915065575,0.2691308358642296,0.3686861972503355,0.02802653146601002,0.05,200,20260905,,True
2012H2-E,all,,cox_slope_deviation,tabpfn@t1,False,0.3417549938775428,0.29716367169162156,0.387886948415266,0.024692776676001418,0.05,200,20260905,,True
2012H2-E,all,,cox_slope_deviation,gbm - scorecard,True,-0.012189039957793496,-0.025645494820941923,0.001167773322582999,0.0068178207425736055,0.05,200,20260905,False,False
2012H2-E,all,,cox_slope_deviation,gbm-50k - scorecard,True,-0.03340683261820692,-0.07578258968061803,0.04213666054654524,0.04271104364462502,0.05,200,20260905,False,False
2012H2-E,all,,cox_slope_deviation,tabpfn - scorecard,True,0.18363866754025213,0.14302188917327557,0.20715383008865718,0.01952330051366078,0.05,200,20260905,True,False
2012H2-E,all,,cox_slope_deviation,tabicl - scorecard,True,0.1612367654063652,0.11765405196017432,0.1901739415425293,0.022413154541958878,0.05,200,20260905,True,False
2012H2-E,all,,cox_slope_deviation,tabicl@t1 - scorecard,True,0.09292316455702083,0.047997899134695376,0.12492423927471692,0.024584991457112983,0.05,200,20260905,True,True
2012H2-E,all,,cox_slope_deviation,tabpfn@t1 - scorecard,True,0.11781416692800617,0.0746171903398113,0.14529006651040066,0.021299528127152318,0.05,200,20260905,True,True
2012H2-E,all,,cox_slope_deviation,gbm-50k - gbm,True,-0.02121779266041342,-0.061033787808920555,0.05401134097666863,0.0423755473281793,0.05,200,20260905,False,False
2012H2-E,all,,cox_slope_deviation,tabpfn - gbm,True,0.1958277074980456,0.15858528086297358,0.2181425745867192,0.01881902118053136,0.05,200,20260905,True,False
2012H2-E,all,,cox_slope_deviation,tabicl - gbm,True,0.17342580536415872,0.13115030111686365,0.20186482948429682,0.02189143760596773,0.05,200,20260905,True,False
2012H2-E,all,,cox_slope_deviation,tabicl@t1 - gbm,True,0.10511220451481434,0.05945336837584215,0.13504163561828122,0.024173559390016034,0.05,200,20260905,True,True
2012H2-E,all,,cox_slope_deviation,tabpfn@t1 - gbm,True,0.13000320688579967,0.08922408321287831,0.15327235220579466,0.02072852273027222,0.05,200,20260905,True,True
2012H2-E,all,,cox_slope_deviation,tabpfn - gbm-50k,True,0.21704550015845903,0.15687671802661018,0.269255236327887,0.03651901984223727,0.05,200,20260905,True,False
2012H2-E,all,,cox_slope_deviation,tabicl - gbm-50k,True,0.19464359802457212,0.12644264860203983,0.26119280090984626,0.044566071715378575,0.05,200,20260905,True,False
2012H2-E,all,,cox_slope_deviation,tabicl@t1 - gbm-50k,True,0.12632999717522778,0.059561513797588665,0.1940075512925748,0.045526804157280755,0.05,200,20260905,True,True
2012H2-E,all,,cox_slope_deviation,tabpfn@t1 - gbm-50k,True,0.1512209995462131,0.09299576690113023,0.20321516201252796,0.03645941151682098,0.05,200,20260905,True,True
2012H2-E,all,,cox_slope_deviation,tabicl - tabpfn,True,-0.02240190213388693,-0.03334476024063712,-0.006398537838146893,0.009055428677882648,0.05,200,20260905,True,False
2012H2-E,all,,cox_slope_deviation,tabicl@t1 - tabpfn,True,-0.09071550298323128,-0.10316749952133968,-0.07035496768545897,0.010839977834613596,0.05,200,20260905,True,True
2012H2-E,all,,cox_slope_deviation,tabpfn@t1 - tabpfn,True,-0.06582450061224594,-0.07028363283083804,-0.06121130515847335,0.0024427971526989867,0.05,200,20260905,True,True
2012H2-E,all,,cox_slope_deviation,tabicl@t1 - tabicl,True,-0.06831360084934435,-0.07305925730089503,-0.06257746894756563,0.0028924737343505877,0.05,200,20260905,True,True
2012H2-E,all,,cox_slope_deviation,tabpfn@t1 - tabicl,True,-0.04342259847835902,-0.0581036146333411,-0.03033202293451775,0.008963254098907735,0.05,200,20260905,True,True
2012H2-E,all,,cox_slope_deviation,tabpfn@t1 - tabicl@t1,True,0.02489100237098533,0.006473523718794382,0.037026319903271925,0.010177063358335145,0.05,200,20260905,True,True
2012H2-E,all,,psi,scorecard,False,0.12318134148193942,0.12171551800726503,0.1258272201447992,0.0011229295754806756,0.05,200,20260905,,False
2012H2-E,all,,psi,gbm,False,0.08485694384937244,0.08369690443061938,0.08696389859162647,0.000881018690123337,0.05,200,20260905,,False
2012H2-E,all,,psi,gbm-50k,False,0.09993841123942858,0.07633877082717362,0.12101430846186528,0.017446743271966353,0.05,200,20260905,,False
2012H2-E,all,,psi,tabpfn,False,0.08660242899501025,0.06766839128201536,0.10608177904834648,0.014666652520643952,0.05,200,20260905,,False
2012H2-E,all,,psi,tabicl,False,0.10185586583529009,0.0702876409552863,0.12538239983395283,0.022753875204249537,0.05,200,20260905,,False
2012H2-E,all,,psi,tabicl@t1,False,0.10185586583529009,0.0702876409552863,0.12538239983395283,0.022753875204249537,0.05,200,20260905,,True
2012H2-E,all,,psi,tabpfn@t1,False,0.08660242899501025,0.06766839128201536,0.10608177904834648,0.014666652520643952,0.05,200,20260905,,True
2012H2-E,all,,psi,gbm - scorecard,True,-0.03832439763256697,-0.03933364865242486,-0.03726767777081267,0.0005508891464380653,0.05,200,20260905,True,False
2012H2-E,all,,psi,gbm-50k - scorecard,True,-0.023242930242510836,-0.04687393587033361,-0.0033640853010670647,0.01741337739383491,0.05,200,20260905,True,False
2012H2-E,all,,psi,tabpfn - scorecard,True,-0.03657891248692916,-0.05562075734087965,-0.017846700554826234,0.014634814465153401,0.05,200,20260905,True,False
2012H2-E,all,,psi,tabicl - scorecard,True,-0.021325475646649314,-0.05298884460605253,0.0011031901651389082,0.02273293727321237,0.05,200,20260905,False,False
2012H2-E,all,,psi,tabicl@t1 - scorecard,True,-0.021325475646649314,-0.05298884460605253,0.0011031901651389082,0.02273293727321237,0.05,200,20260905,False,True
2012H2-E,all,,psi,tabpfn@t1 - scorecard,True,-0.03657891248692916,-0.05562075734087965,-0.017846700554826234,0.014634814465153401,0.05,200,20260905,True,True
2012H2-E,all,,psi,gbm-50k - gbm,True,0.015081467390056133,-0.008220748358716336,0.034987765207908354,0.017461344316158436,0.05,200,20260905,False,False
2012H2-E,all,,psi,tabpfn - gbm,True,0.001745485145637803,-0.01708182649864901,0.02036478058333798,0.014674016335636794,0.05,200,20260905,False,False
2012H2-E,all,,psi,tabicl - gbm,True,0.016998921985917653,-0.014387208241654632,0.039445493330453045,0.02278732484660348,0.05,200,20260905,False,False
2012H2-E,all,,psi,tabicl@t1 - gbm,True,0.016998921985917653,-0.014387208241654632,0.039445493330453045,0.02278732484660348,0.05,200,20260905,False,True
2012H2-E,all,,psi,tabpfn@t1 - gbm,True,0.001745485145637803,-0.01708182649864901,0.02036478058333798,0.014674016335636794,0.05,200,20260905,False,True
2012H2-E,all,,psi,tabpfn - gbm-50k,True,-0.013335982244418329,-0.017150733356773813,-0.008132136174018326,0.0034426553922099596,0.05,200,20260905,True,False
2012H2-E,all,,psi,tabicl - gbm-50k,True,0.0019174545958615212,-0.006813669412120095,0.007987042336092234,0.006064128714637794,0.05,200,20260905,False,False
2012H2-E,all,,psi,tabicl@t1 - gbm-50k,True,0.0019174545958615212,-0.006813669412120095,0.007987042336092234,0.006064128714637794,0.05,200,20260905,False,True
2012H2-E,all,,psi,tabpfn@t1 - gbm-50k,True,-0.013335982244418329,-0.017150733356773813,-0.008132136174018326,0.0034426553922099596,0.05,200,20260905,True,True
2012H2-E,all,,psi,tabicl - tabpfn,True,0.01525343684027985,0.0021819331869245705,0.02448013175449086,0.009453548637025406,0.05,200,20260905,True,False
2012H2-E,all,,psi,tabicl@t1 - tabpfn,True,0.01525343684027985,0.0021819331869245705,0.02448013175449086,0.009453548637025406,0.05,200,20260905,True,True
2012H2-E,all,,psi,tabpfn@t1 - tabpfn,True,0.0,0.0,0.0,0.0,0.05,200,20260905,False,True
2012H2-E,all,,psi,tabicl@t1 - tabicl,True,0.0,0.0,0.0,0.0,0.05,200,20260905,False,True
2012H2-E,all,,psi,tabpfn@t1 - tabicl,True,-0.01525343684027985,-0.02448013175449086,-0.00218193318692457,0.009453548637025406,0.05,200,20260905,True,True
2012H2-E,all,,psi,tabpfn@t1 - tabicl@t1,True,-0.01525343684027985,-0.02448013175449086,-0.00218193318692457,0.009453548637025406,0.05,200,20260905,True,True
2012H2-E,nearest,,gini,scorecard,False,0.5685359405372326,0.5124613984679136,0.6192326996130483,0.02757939406261217,0.05,200,20260905,,False
2012H2-E,nearest,,gini,gbm,False,0.6255567857774624,0.5723093809438955,0.6741063713656881,0.02625770160038638,0.05,200,20260905,,False
2012H2-E,nearest,,gini,gbm-50k,False,0.6095439569004993,0.5502081824159488,0.662264846831107,0.02849835176187371,0.05,200,20260905,,False
2012H2-E,nearest,,gini,tabpfn,False,0.6080741606270301,0.552674121888568,0.6628310116455259,0.027227683503838477,0.05,200,20260905,,False
2012H2-E,nearest,,gini,tabicl,False,0.6058623290213235,0.5551967002940396,0.6620163091472777,0.02898093175310026,0.05,200,20260905,,False
2012H2-E,nearest,,gini,tabicl@t1,False,0.6058623290213235,0.5551967002940396,0.6620163091472777,0.02898093175310026,0.05,200,20260905,,True
2012H2-E,nearest,,gini,tabpfn@t1,False,0.6080741606270301,0.552674121888568,0.6628310116455259,0.027227683503838477,0.05,200,20260905,,True
2012H2-E,nearest,,gini,gbm - scorecard,True,0.05702084524022988,0.03870589441270486,0.08023895530840057,0.011626110645398808,0.05,200,20260905,True,False
2012H2-E,nearest,,gini,gbm-50k - scorecard,True,0.04100801636326682,0.017137360633504184,0.07354454697008841,0.014246364293685233,0.05,200,20260905,True,False
2012H2-E,nearest,,gini,tabpfn - scorecard,True,0.039538220089797536,0.01651469606471274,0.06585325616532026,0.013826235202205895,0.05,200,20260905,True,False
2012H2-E,nearest,,gini,tabicl - scorecard,True,0.0373263884840909,0.011000726609718944,0.06855197392481305,0.015594391363554047,0.05,200,20260905,True,False
2012H2-E,nearest,,gini,tabicl@t1 - scorecard,True,0.0373263884840909,0.011000726609718944,0.06855197392481305,0.015594391363554047,0.05,200,20260905,True,True
2012H2-E,nearest,,gini,tabpfn@t1 - scorecard,True,0.039538220089797536,0.01651469606471274,0.06585325616532026,0.013826235202205895,0.05,200,20260905,True,True
2012H2-E,nearest,,gini,gbm-50k - gbm,True,-0.016012828876963054,-0.032725521227459066,-4.014678705453845e-05,0.008486764452152762,0.05,200,20260905,True,False
2012H2-E,nearest,,gini,tabpfn - gbm,True,-0.017482625150432345,-0.041009610036970665,0.0016742804857198016,0.010446120779242946,0.05,200,20260905,False,False
2012H2-E,nearest,,gini,tabicl - gbm,True,-0.019694456756138973,-0.04806594116736204,0.0031523861738795484,0.013790252346413408,0.05,200,20260905,False,False
2012H2-E,nearest,,gini,tabicl@t1 - gbm,True,-0.019694456756138973,-0.04806594116736204,0.0031523861738795484,0.013790252346413408,0.05,200,20260905,False,True
2012H2-E,nearest,,gini,tabpfn@t1 - gbm,True,-0.017482625150432345,-0.041009610036970665,0.0016742804857198016,0.010446120779242946,0.05,200,20260905,False,True
2012H2-E,nearest,,gini,tabpfn - gbm-50k,True,-0.0014697962734692889,-0.022278520474755786,0.02160440333034245,0.011365686261041464,0.05,200,20260905,False,False
2012H2-E,nearest,,gini,tabicl - gbm-50k,True,-0.0036816278791759194,-0.02665452030553172,0.023931317220098884,0.01378265923149549,0.05,200,20260905,False,False
2012H2-E,nearest,,gini,tabicl@t1 - gbm-50k,True,-0.0036816278791759194,-0.02665452030553172,0.023931317220098884,0.01378265923149549,0.05,200,20260905,False,True
2012H2-E,nearest,,gini,tabpfn@t1 - gbm-50k,True,-0.0014697962734692889,-0.022278520474755786,0.02160440333034245,0.011365686261041464,0.05,200,20260905,False,True
2012H2-E,nearest,,gini,tabicl - tabpfn,True,-0.0022118316057066303,-0.013817418497127743,0.010229878456328459,0.006723603771371589,0.05,200,20260905,False,False
2012H2-E,nearest,,gini,tabicl@t1 - tabpfn,True,-0.0022118316057066303,-0.013817418497127743,0.010229878456328459,0.006723603771371589,0.05,200,20260905,False,True
2012H2-E,nearest,,gini,tabpfn@t1 - tabpfn,True,0.0,0.0,0.0,0.0,0.05,200,20260905,False,True
2012H2-E,nearest,,gini,tabicl@t1 - tabicl,True,0.0,0.0,0.0,0.0,0.05,200,20260905,False,True
2012H2-E,nearest,,gini,tabpfn@t1 - tabicl,True,0.0022118316057066303,-0.010229878456328459,0.013817418497127743,0.006723603771371589,0.05,200,20260905,False,True
2012H2-E,nearest,,gini,tabpfn@t1 - tabicl@t1,True,0.0022118316057066303,-0.010229878456328459,0.013817418497127743,0.006723603771371589,0.05,200,20260905,False,True
2012H2-E,nearest,,abs_log_oe,scorecard,False,1.0016470960922748,0.8880415846899232,1.1066612317394133,0.057755737416348416,0.05,200,20260905,,False
2012H2-E,nearest,,abs_log_oe,gbm,False,1.1294152965343678,1.0190393595618028,1.230455624096391,0.057528919951121534,0.05,200,20260905,,False
2012H2-E,nearest,,abs_log_oe,gbm-50k,False,1.117896702882269,0.9722462473510336,1.2459899356510267,0.07315411795782495,0.05,200,20260905,,False
2012H2-E,nearest,,abs_log_oe,tabpfn,False,0.8976200672137149,0.7385096081381493,1.0470873983429532,0.07888599282709445,0.05,200,20260905,,False
2012H2-E,nearest,,abs_log_oe,tabicl,False,0.8769394187967249,0.728115177188941,1.0162569103101526,0.07406942537238483,0.05,200,20260905,,False
2012H2-E,nearest,,abs_log_oe,tabicl@t1,False,1.1888168207612149,1.0394033942355112,1.325267736994684,0.06859549616651964,0.05,200,20260905,,True
2012H2-E,nearest,,abs_log_oe,tabpfn@t1,False,1.2008811776204287,1.0544265185992,1.3425320897662694,0.07208098090525392,0.05,200,20260905,,True
2012H2-E,nearest,,abs_log_oe,gbm - scorecard,True,0.12776820044209303,0.12040332779009205,0.13606082883883883,0.004077777755506756,0.05,200,20260905,True,False
2012H2-E,nearest,,abs_log_oe,gbm-50k - scorecard,True,0.11624960678999445,0.048720654738953414,0.15590738328021883,0.04376158753005076,0.05,200,20260905,True,False
2012H2-E,nearest,,abs_log_oe,tabpfn - scorecard,True,-0.10402702887855986,-0.1870280723268726,-0.027474926798007972,0.05581572522014688,0.05,200,20260905,True,False
2012H2-E,nearest,,abs_log_oe,tabicl - scorecard,True,-0.12470767729554984,-0.19668631777349746,-0.06112658790236485,0.04831295415116874,0.05,200,20260905,True,False
2012H2-E,nearest,,abs_log_oe,tabicl@t1 - scorecard,True,0.1871697246689402,0.13376730639712459,0.2463287128320069,0.04043865580172156,0.05,200,20260905,True,True
2012H2-E,nearest,,abs_log_oe,tabpfn@t1 - scorecard,True,0.19923408152815383,0.1352119389807112,0.26520945321169653,0.045950116645125154,0.05,200,20260905,True,True
2012H2-E,nearest,,abs_log_oe,gbm-50k - gbm,True,-0.011518593652098582,-0.07941792184888971,0.026943984130409233,0.043917631904170966,0.05,200,20260905,False,False
2012H2-E,nearest,,abs_log_oe,tabpfn - gbm,True,-0.23179522932065288,-0.3132255433336574,-0.1572169525806944,0.05599056129544266,0.05,200,20260905,True,False
2012H2-E,nearest,,abs_log_oe,tabicl - gbm,True,-0.25247587773764285,-0.3229060041812736,-0.18835391977752838,0.04852149672478939,0.05,200,20260905,True,False
2012H2-E,nearest,,abs_log_oe,tabicl@t1 - gbm,True,0.059401524226847156,0.006289441546673236,0.11984888429944959,0.04071614985515952,0.05,200,20260905,True,True
2012H2-E,nearest,,abs_log_oe,tabpfn@t1 - gbm,True,0.07146588108606082,0.008250304116730656,0.13622321645201316,0.04617328480334767,0.05,200,20260905,True,True
2012H2-E,nearest,,abs_log_oe,tabpfn - gbm-50k,True,-0.2202766356685543,-0.2552832936963583,-0.18013675076623356,0.026084468760844016,0.05,200,20260905,True,False
2012H2-E,nearest,,abs_log_oe,tabicl - gbm-50k,True,-0.2409572840855443,-0.27298609686936837,-0.2121699790771614,0.02034427646857073,0.05,200,20260905,True,False
2012H2-E,nearest,,abs_log_oe,tabicl@t1 - gbm-50k,True,0.07092011787894574,0.027433686715850093,0.09529233722792532,0.027455584397141974,0.05,200,20260905,True,True
2012H2-E,nearest,,abs_log_oe,tabpfn@t1 - gbm-50k,True,0.0829844747381594,0.04243370488501339,0.11394383989028566,0.02619849216737162,0.05,200,20260905,True,True
2012H2-E,nearest,,abs_log_oe,tabicl - tabpfn,True,-0.020680648416989984,-0.03448220789828249,-0.007251299244018487,0.008104628444627567,0.05,200,20260905,True,False
2012H2-E,nearest,,abs_log_oe,tabicl@t1 - tabpfn,True,0.2911967535475,0.27275657092480077,0.3228553651880956,0.01803565292164656,0.05,200,20260905,True,True
2012H2-E,nearest,,abs_log_oe,tabpfn@t1 - tabpfn,True,0.3032611104067137,0.29223090530412055,0.3226661493928429,0.011672375503964015,0.05,200,20260905,True,True
2012H2-E,nearest,,abs_log_oe,tabicl@t1 - tabicl,True,0.31187740196449004,0.2960703569828905,0.3310920583128309,0.012836235569755819,0.05,200,20260905,True,True
2012H2-E,nearest,,abs_log_oe,tabpfn@t1 - tabicl,True,0.3239417588237037,0.310387605889925,0.3350956648531778,0.008126076136334323,0.05,200,20260905,True,True
2012H2-E,nearest,,abs_log_oe,tabpfn@t1 - tabicl@t1,True,0.012064356859213662,-0.0007994370084950353,0.020241866545831405,0.006564893359002044,0.05,200,20260905,False,True
2012H2-E,nearest,,cox_slope_deviation,scorecard,False,0.14494426183537978,0.06927089407428035,0.24726858851691713,0.04698252943909343,0.05,200,20260905,,False
2012H2-E,nearest,,cox_slope_deviation,gbm,False,0.07099506318034116,0.018225649890806824,0.1504388952891593,0.03429747188645084,0.05,200,20260905,,False
2012H2-E,nearest,,cox_slope_deviation,gbm-50k,False,0.08459240991157839,0.013554923222067092,0.2386598072841907,0.06988567070351695,0.05,200,20260905,,False
2012H2-E,nearest,,cox_slope_deviation,tabpfn,False,0.2861290862283013,0.1951188638587807,0.3692984317352971,0.04538348046444236,0.05,200,20260905,,False
2012H2-E,nearest,,cox_slope_deviation,tabicl,False,0.2611141421417083,0.16918190543114603,0.3472038426363021,0.04876857436405964,0.05,200,20260905,,False
2012H2-E,nearest,,cox_slope_deviation,tabicl@t1,False,0.17901571349078682,0.08958485157231254,0.27467093626255784,0.05212575294150619,0.05,200,20260905,,True
2012H2-E,nearest,,cox_slope_deviation,tabpfn@t1,False,0.2068100958092234,0.10568762650975615,0.29922047970588517,0.049933339682878115,0.05,200,20260905,,True
2012H2-E,nearest,,cox_slope_deviation,gbm - scorecard,True,-0.07394919865503863,-0.11246916807898868,-0.016737836631676505,0.02606204953534953,0.05,200,20260905,True,False
2012H2-E,nearest,,cox_slope_deviation,gbm-50k - scorecard,True,-0.0603518519238014,-0.17566641143594372,0.06929357093373276,0.07791023713587363,0.05,200,20260905,False,False
2012H2-E,nearest,,cox_slope_deviation,tabpfn - scorecard,True,0.14118482439292154,0.06328945198804131,0.20320090049247505,0.03658889520937292,0.05,200,20260905,True,False
2012H2-E,nearest,,cox_slope_deviation,tabicl - scorecard,True,0.11616988030632854,0.04182755768749646,0.1836692506161976,0.037827452359629414,0.05,200,20260905,True,False
2012H2-E,nearest,,cox_slope_deviation,tabicl@t1 - scorecard,True,0.03407145165540704,-0.031446316244731196,0.10817243554089674,0.03852413387824096,0.05,200,20260905,False,True
2012H2-E,nearest,,cox_slope_deviation,tabpfn@t1 - scorecard,True,0.06186583397384363,-0.013084442369201543,0.12987216697503376,0.03814804842921041,0.05,200,20260905,False,True
2012H2-E,nearest,,cox_slope_deviation,gbm-50k - gbm,True,0.013597346731237228,-0.08624607841690625,0.1287502642951974,0.070145478646961,0.05,200,20260905,False,False
2012H2-E,nearest,,cox_slope_deviation,tabpfn - gbm,True,0.21513402304796017,0.13425784793323103,0.25848168261749616,0.03422657863837601,0.05,200,20260905,True,False
2012H2-E,nearest,,cox_slope_deviation,tabicl - gbm,True,0.19011907896136715,0.10391097342425934,0.24416338452826655,0.037555321342565694,0.05,200,20260905,True,False
2012H2-E,nearest,,cox_slope_deviation,tabicl@t1 - gbm,True,0.10802065031044567,0.02064771211246119,0.16756997726092923,0.038703101107956536,0.05,200,20260905,True,True
2012H2-E,nearest,,cox_slope_deviation,tabpfn@t1 - gbm,True,0.13581503262888225,0.04471838979397988,0.18409380270555392,0.03690994314444528,0.05,200,20260905,True,True
2012H2-E,nearest,,cox_slope_deviation,tabpfn - gbm-50k,True,0.20153667631672292,0.09395026411805876,0.2949481656280657,0.06340723712504683,0.05,200,20260905,True,False
2012H2-E,nearest,,cox_slope_deviation,tabicl - gbm-50k,True,0.17652173223012993,0.0708434079615794,0.2626743937315951,0.05933171819579924,0.05,200,20260905,True,False
2012H2-E,nearest,,cox_slope_deviation,tabicl@t1 - gbm-50k,True,0.09442330357920843,-0.012808751554648399,0.18336103865391784,0.05836259413812748,0.05,200,20260905,False,True
2012H2-E,nearest,,cox_slope_deviation,tabpfn@t1 - gbm-50k,True,0.12221768589764503,0.007357293873845125,0.21852935042825822,0.06419229347826147,0.05,200,20260905,True,True
2012H2-E,nearest,,cox_slope_deviation,tabicl - tabpfn,True,-0.02501494408659301,-0.04884294917508221,-0.00492505173857616,0.012483619125509809,0.05,200,20260905,True,False
2012H2-E,nearest,,cox_slope_deviation,tabicl@t1 - tabpfn,True,-0.10711337273751452,-0.13583219878030506,-0.0807385664425836,0.015964403654474,0.05,200,20260905,True,True
2012H2-E,nearest,,cox_slope_deviation,tabpfn@t1 - tabpfn,True,-0.07931899041907792,-0.0891531213097637,-0.06928624389840712,0.004952890461111782,0.05,200,20260905,True,True
2012H2-E,nearest,,cox_slope_deviation,tabicl@t1 - tabicl,True,-0.0820984286509215,-0.09008547242717563,-0.0695322256164717,0.00721139615286574,0.05,200,20260905,True,True
2012H2-E,nearest,,cox_slope_deviation,tabpfn@t1 - tabicl,True,-0.0543040463324849,-0.07421871108508912,-0.0323616006852166,0.012710431918356597,0.05,200,20260905,True,True
2012H2-E,nearest,,cox_slope_deviation,tabpfn@t1 - tabicl@t1,True,0.0277943823184366,0.004866386939926534,0.05400853678092026,0.014650928971646347,0.05,200,20260905,True,True
2012H2-E,nearest,,psi,scorecard,False,0.021170671330989876,0.019135028860355587,0.024224316244614928,0.0013446806670019584,0.05,200,20260905,,False
2012H2-E,nearest,,psi,gbm,False,0.03137762525601452,0.028648443311976076,0.035234266444573635,0.0016451397972103783,0.05,200,20260905,,False
2012H2-E,nearest,,psi,gbm-50k,False,0.03432457890633445,0.018935960518112565,0.049580008343491966,0.01104636157478316,0.05,200,20260905,,False
2012H2-E,nearest,,psi,tabpfn,False,0.023325992068616075,0.01586319139317531,0.03158038528336778,0.005256434209371166,0.05,200,20260905,,False
2012H2-E,nearest,,psi,tabicl,False,0.031617865391834477,0.017866787813436893,0.04881933996241578,0.011099668758063723,0.05,200,20260905,,False
2012H2-E,nearest,,psi,tabicl@t1,False,0.031617865391834477,0.017866787813436893,0.04881933996241578,0.011099668758063723,0.05,200,20260905,,True
2012H2-E,nearest,,psi,tabpfn@t1,False,0.023325992068616075,0.01586319139317531,0.03158038528336778,0.005256434209371166,0.05,200,20260905,,True
2012H2-E,nearest,,psi,gbm - scorecard,True,0.010206953925024645,0.008224328656782682,0.01224829924817513,0.0010183288447010576,0.05,200,20260905,True,False
2012H2-E,nearest,,psi,gbm-50k - scorecard,True,0.013153907575344575,-0.0022748656356706572,0.026915147942569485,0.010924546943975646,0.05,200,20260905,False,False
2012H2-E,nearest,,psi,tabpfn - scorecard,True,0.0021553207376261985,-0.00601147358456779,0.009356471035826083,0.005154488046843276,0.05,200,20260905,False,False
2012H2-E,nearest,,psi,tabicl - scorecard,True,0.010447194060844598,-0.003553138960136247,0.026314610314698915,0.010983820611733865,0.05,200,20260905,False,False
2012H2-E,nearest,,psi,tabicl@t1 - scorecard,True,0.010447194060844598,-0.003553138960136247,0.026314610314698915,0.010983820611733865,0.05,200,20260905,False,True
2012H2-E,nearest,,psi,tabpfn@t1 - scorecard,True,0.0021553207376261985,-0.00601147358456779,0.009356471035826083,0.005154488046843276,0.05,200,20260905,False,True
2012H2-E,nearest,,psi,gbm-50k - gbm,True,0.00294695365031993,-0.012119923183793437,0.015978085407032,0.010931966772517107,0.05,200,20260905,False,False
2012H2-E,nearest,,psi,tabpfn - gbm,True,-0.008051633187398446,-0.01619121572850108,-0.0007832308708196843,0.005164565105952475,0.05,200,20260905,True,False
2012H2-E,nearest,,psi,tabicl - gbm,True,0.00024024013581995288,-0.013615483325623234,0.015528474488409175,0.01099681820185062,0.05,200,20260905,False,False
2012H2-E,nearest,,psi,tabicl@t1 - gbm,True,0.00024024013581995288,-0.013615483325623234,0.015528474488409175,0.01099681820185062,0.05,200,20260905,False,True
2012H2-E,nearest,,psi,tabpfn@t1 - gbm,True,-0.008051633187398446,-0.01619121572850108,-0.0007832308708196843,0.005164565105952475,0.05,200,20260905,True,True
2012H2-E,nearest,,psi,tabpfn - gbm-50k,True,-0.010998586837718377,-0.018277072165655106,-0.0020613118039836697,0.005983827428744885,0.05,200,20260905,True,False
2012H2-E,nearest,,psi,tabicl - gbm-50k,True,-0.002706713514499977,-0.0072653809139701245,0.0008331448522200623,0.0025383112047546864,0.05,200,20260905,False,False
2012H2-E,nearest,,psi,tabicl@t1 - gbm-50k,True,-0.002706713514499977,-0.0072653809139701245,0.0008331448522200623,0.0025383112047546864,0.05,200,20260905,False,True
2012H2-E,nearest,,psi,tabpfn@t1 - gbm-50k,True,-0.010998586837718377,-0.018277072165655106,-0.0020613118039836697,0.005983827428744885,0.05,200,20260905,True,True
2012H2-E,nearest,,psi,tabicl - tabpfn,True,0.0082918733232184,0.0014357735462914984,0.017595377129676903,0.006028749122965392,0.05,200,20260905,True,False
2012H2-E,nearest,,psi,tabicl@t1 - tabpfn,True,0.0082918733232184,0.0014357735462914984,0.017595377129676903,0.006028749122965392,0.05,200,20260905,True,True
2012H2-E,nearest,,psi,tabpfn@t1 - tabpfn,True,0.0,0.0,0.0,0.0,0.05,200,20260905,False,True
2012H2-E,nearest,,psi,tabicl@t1 - tabicl,True,0.0,0.0,0.0,0.0,0.05,200,20260905,False,True
2012H2-E,nearest,,psi,tabpfn@t1 - tabicl,True,-0.0082918733232184,-0.017595377129676903,-0.0014357735462914977,0.006028749122965392,0.05,200,20260905,True,True
2012H2-E,nearest,,psi,tabpfn@t1 - tabicl@t1,True,-0.0082918733232184,-0.017595377129676903,-0.0014357735462914977,0.006028749122965392,0.05,200,20260905,True,True
2012H2-E,"all, cohorts resampled",,gini,scorecard,False,0.49920123839520203,0.4550554072595167,0.5424573315434777,0.022074928664097663,0.05,200,20260905,,False
2012H2-E,"all, cohorts resampled",,gini,gbm,False,0.5136716162021867,0.46934214574930827,0.5611602041015589,0.02350872072947403,0.05,200,20260905,,False
2012H2-E,"all, cohorts resampled",,gini,gbm-50k,False,0.49171099470335894,0.44985973552568786,0.5397874466120501,0.024230909742256945,0.05,200,20260905,,False
2012H2-E,"all, cohorts resampled",,gini,tabpfn,False,0.48573294034002656,0.4390833697829448,0.5341044059117568,0.02401336598078358,0.05,200,20260905,,False
2012H2-E,"all, cohorts resampled",,gini,tabicl,False,0.4941706534231683,0.4415413481885291,0.5485907432752759,0.026177167398816106,0.05,200,20260905,,False
2012H2-E,"all, cohorts resampled",,gini,tabicl@t1,False,0.4941706534231683,0.4415413481885291,0.5485907432752759,0.026177167398816106,0.05,200,20260905,,True
2012H2-E,"all, cohorts resampled",,gini,tabpfn@t1,False,0.48573294034002656,0.4390833697829448,0.5341044059117568,0.02401336598078358,0.05,200,20260905,,True
2012H2-E,"all, cohorts resampled",,gini,gbm - scorecard,True,0.01447037780698468,0.0038818326266017614,0.026518648102646102,0.005377261477401296,0.05,200,20260905,True,False
2012H2-E,"all, cohorts resampled",,gini,gbm-50k - scorecard,True,-0.007490243691843109,-0.023836744112166467,0.008117933126579518,0.008406331314637057,0.05,200,20260905,False,False
2012H2-E,"all, cohorts resampled",,gini,tabpfn - scorecard,True,-0.013468298055175446,-0.0371204904406595,0.006911409276815974,0.011583384611610001,0.05,200,20260905,False,False
2012H2-E,"all, cohorts resampled",,gini,tabicl - scorecard,True,-0.005030584972033662,-0.03065607145196631,0.02214538685958983,0.014941080305236672,0.05,200,20260905,False,False
2012H2-E,"all, cohorts resampled",,gini,tabicl@t1 - scorecard,True,-0.005030584972033662,-0.03065607145196631,0.02214538685958983,0.014941080305236672,0.05,200,20260905,False,True
2012H2-E,"all, cohorts resampled",,gini,tabpfn@t1 - scorecard,True,-0.013468298055175446,-0.0371204904406595,0.006911409276815974,0.011583384611610001,0.05,200,20260905,False,True
2012H2-E,"all, cohorts resampled",,gini,gbm-50k - gbm,True,-0.021960621498827788,-0.03563293735361079,-0.012110053062975964,0.006509535099505207,0.05,200,20260905,True,False
2012H2-E,"all, cohorts resampled",,gini,tabpfn - gbm,True,-0.027938675862160128,-0.04762520528507329,-0.010793604517957384,0.010523151508392926,0.05,200,20260905,True,False
2012H2-E,"all, cohorts resampled",,gini,tabicl - gbm,True,-0.019500962779018343,-0.044146102512416054,0.0027029506827115414,0.0141728931033913,0.05,200,20260905,False,False
2012H2-E,"all, cohorts resampled",,gini,tabicl@t1 - gbm,True,-0.019500962779018343,-0.044146102512416054,0.0027029506827115414,0.0141728931033913,0.05,200,20260905,False,True
2012H2-E,"all, cohorts resampled",,gini,tabpfn@t1 - gbm,True,-0.027938675862160128,-0.04762520528507329,-0.010793604517957384,0.010523151508392926,0.05,200,20260905,True,True
2012H2-E,"all, cohorts resampled",,gini,tabpfn - gbm-50k,True,-0.005978054363332337,-0.030309189299723153,0.008897344193396422,0.01145466024441986,0.05,200,20260905,False,False
2012H2-E,"all, cohorts resampled",,gini,tabicl - gbm-50k,True,0.002459658719809447,-0.023980748028160553,0.021351279996291075,0.014371033669633904,0.05,200,20260905,False,False
2012H2-E,"all, cohorts resampled",,gini,tabicl@t1 - gbm-50k,True,0.002459658719809447,-0.023980748028160553,0.021351279996291075,0.014371033669633904,0.05,200,20260905,False,True
2012H2-E,"all, cohorts resampled",,gini,tabpfn@t1 - gbm-50k,True,-0.005978054363332337,-0.030309189299723153,0.008897344193396422,0.01145466024441986,0.05,200,20260905,False,True
2012H2-E,"all, cohorts resampled",,gini,tabicl - tabpfn,True,0.008437713083141785,0.00045613718888467967,0.018303973894909373,0.005370431772140714,0.05,200,20260905,True,False
2012H2-E,"all, cohorts resampled",,gini,tabicl@t1 - tabpfn,True,0.008437713083141785,0.00045613718888467967,0.018303973894909373,0.005370431772140714,0.05,200,20260905,True,True
2012H2-E,"all, cohorts resampled",,gini,tabpfn@t1 - tabpfn,True,0.0,0.0,0.0,0.0,0.05,200,20260905,False,True
2012H2-E,"all, cohorts resampled",,gini,tabicl@t1 - tabicl,True,0.0,0.0,0.0,0.0,0.05,200,20260905,False,True
2012H2-E,"all, cohorts resampled",,gini,tabpfn@t1 - tabicl,True,-0.008437713083141785,-0.018303973894909373,-0.00045613718888467923,0.005370431772140714,0.05,200,20260905,True,True
2012H2-E,"all, cohorts resampled",,gini,tabpfn@t1 - tabicl@t1,True,-0.008437713083141785,-0.018303973894909373,-0.00045613718888467923,0.005370431772140714,0.05,200,20260905,True,True
2012H2-E,"all, cohorts resampled",,abs_log_oe,scorecard,False,1.0306097446991056,0.86943109033595,1.193836453234875,0.08224952225844946,0.05,200,20260905,,False
2012H2-E,"all, cohorts resampled",,abs_log_oe,gbm,False,1.0272408524221524,0.869657733191352,1.1996192051665469,0.08568770099931214,0.05,200,20260905,,False
2012H2-E,"all, cohorts resampled",,abs_log_oe,gbm-50k,False,0.981321756596644,0.8026748558501572,1.165357529724604,0.09707808644206548,0.05,200,20260905,,False
2012H2-E,"all, cohorts resampled",,abs_log_oe,tabpfn,False,0.774848305497584,0.6111535906466086,0.9614654014368703,0.09159985041734106,0.05,200,20260905,,False
2012H2-E,"all, cohorts resampled",,abs_log_oe,tabicl,False,0.7895816294382915,0.5968249681615182,1.0056072179978852,0.10671672852874182,0.05,200,20260905,,False
2012H2-E,"all, cohorts resampled",,abs_log_oe,tabicl@t1,False,1.1104495273488533,0.9200942682584837,1.326233292371696,0.10492755611201184,0.05,200,20260905,,True
2012H2-E,"all, cohorts resampled",,abs_log_oe,tabpfn@t1,False,1.0958437006939141,0.93249627320145,1.2847338901987733,0.09229525118429137,0.05,200,20260905,,True
2012H2-E,"all, cohorts resampled",,abs_log_oe,gbm - scorecard,True,-0.0033688922769532503,-0.024522428032118286,0.022342058424002723,0.012568490569832039,0.05,200,20260905,False,False
2012H2-E,"all, cohorts resampled",,abs_log_oe,gbm-50k - scorecard,True,-0.049287988102461565,-0.12425332147429295,0.018750584020426782,0.04140039003779785,0.05,200,20260905,False,False
2012H2-E,"all, cohorts resampled",,abs_log_oe,tabpfn - scorecard,True,-0.25576143920152167,-0.34021605207629185,-0.16866716980665725,0.049266095232830584,0.05,200,20260905,True,False
2012H2-E,"all, cohorts resampled",,abs_log_oe,tabicl - scorecard,True,-0.24102811526081422,-0.347821047858691,-0.11784485231197218,0.07340844760145926,0.05,200,20260905,True,False
2012H2-E,"all, cohorts resampled",,abs_log_oe,tabicl@t1 - scorecard,True,0.0798397826497476,-0.021059037269455152,0.18803380595546815,0.06765014749733407,0.05,200,20260905,False,True
2012H2-E,"all, cohorts resampled",,abs_log_oe,tabpfn@t1 - scorecard,True,0.06523395599480845,-0.014423740603587414,0.14132641845471955,0.04613880561513426,0.05,200,20260905,False,True
2012H2-E,"all, cohorts resampled",,abs_log_oe,gbm-50k - gbm,True,-0.045919095825508315,-0.10489618452730762,0.0071126284836288585,0.0387650222744834,0.05,200,20260905,False,False
2012H2-E,"all, cohorts resampled",,abs_log_oe,tabpfn - gbm,True,-0.2523925469245684,-0.3318230845878135,-0.16830043812742052,0.0472647297564659,0.05,200,20260905,True,False
2012H2-E,"all, cohorts resampled",,abs_log_oe,tabicl - gbm,True,-0.23765922298386097,-0.3405870493268664,-0.1122956912433473,0.07253056309108086,0.05,200,20260905,True,False
2012H2-E,"all, cohorts resampled",,abs_log_oe,tabicl@t1 - gbm,True,0.08320867492670085,-0.01179176671671448,0.19187924078241522,0.0667650555345805,0.05,200,20260905,False,True
2012H2-E,"all, cohorts resampled",,abs_log_oe,tabpfn@t1 - gbm,True,0.0686028482717617,-0.004446931050463559,0.1405370024033509,0.04427893218115278,0.05,200,20260905,False,True
2012H2-E,"all, cohorts resampled",,abs_log_oe,tabpfn - gbm-50k,True,-0.20647345109906012,-0.2658259918915423,-0.1207307015573772,0.0449772356209852,0.05,200,20260905,True,False
2012H2-E,"all, cohorts resampled",,abs_log_oe,tabicl - gbm-50k,True,-0.19174012715835265,-0.2609689922963958,-0.06838740966204405,0.06835997618873611,0.05,200,20260905,True,False
2012H2-E,"all, cohorts resampled",,abs_log_oe,tabicl@t1 - gbm-50k,True,0.12912777075220916,0.07012273390002133,0.23578993672470713,0.06063308660765332,0.05,200,20260905,True,True
2012H2-E,"all, cohorts resampled",,abs_log_oe,tabpfn@t1 - gbm-50k,True,0.11452194409727001,0.06350714984432347,0.1864593367633072,0.03989397867930632,0.05,200,20260905,True,True
2012H2-E,"all, cohorts resampled",,abs_log_oe,tabicl - tabpfn,True,0.014733323940707477,-0.015169209059778681,0.058451850040303656,0.027327360920099603,0.05,200,20260905,False,False
2012H2-E,"all, cohorts resampled",,abs_log_oe,tabicl@t1 - tabpfn,True,0.3356012218512692,0.3046992316905046,0.3709375669197055,0.021740667657742147,0.05,200,20260905,True,True
2012H2-E,"all, cohorts resampled",,abs_log_oe,tabpfn@t1 - tabpfn,True,0.32099539519633014,0.30828636214737243,0.33076886493187385,0.00589322467187075,0.05,200,20260905,True,True
2012H2-E,"all, cohorts resampled",,abs_log_oe,tabicl@t1 - tabicl,True,0.3208678979105618,0.3035915479465324,0.3324139530068465,0.008355861572898127,0.05,200,20260905,True,True
2012H2-E,"all, cohorts resampled",,abs_log_oe,tabpfn@t1 - tabicl,True,0.30626207125562266,0.25281066281225634,0.3361724682761056,0.030967100510760757,0.05,200,20260905,True,True
2012H2-E,"all, cohorts resampled",,abs_log_oe,tabpfn@t1 - tabicl@t1,True,-0.014605826654939147,-0.05297293257883576,0.013067332892503527,0.024307563128734715,0.05,200,20260905,False,True
2012H2-E,"all, cohorts resampled",,cox_slope_deviation,scorecard,False,0.22394082694953663,0.1582343459221783,0.30077093946532435,0.03575445958965636,0.05,200,20260905,,False
2012H2-E,"all, cohorts resampled",,cox_slope_deviation,gbm,False,0.21175178699174313,0.14356413215828479,0.2854306456507545,0.034524679430510394,0.05,200,20260905,,False
2012H2-E,"all, cohorts resampled",,cox_slope_deviation,gbm-50k,False,0.1905339943313297,0.11322756979963625,0.29647178001409885,0.052477590353264804,0.05,200,20260905,,False
2012H2-E,"all, cohorts resampled",,cox_slope_deviation,tabpfn,False,0.40757949448978875,0.33617991929569446,0.4708967470612406,0.03453090816319308,0.05,200,20260905,,False
2012H2-E,"all, cohorts resampled",,cox_slope_deviation,tabicl,False,0.3851775923559018,0.3034173815768616,0.4520249900770299,0.03779656112528519,0.05,200,20260905,,False
2012H2-E,"all, cohorts resampled",,cox_slope_deviation,tabicl@t1,False,0.3168639915065575,0.22944429204937913,0.3915100683668289,0.04197659667551618,0.05,200,20260905,,True
2012H2-E,"all, cohorts resampled",,cox_slope_deviation,tabpfn@t1,False,0.3417549938775428,0.262453761946695,0.41210749673471203,0.03840716224656118,0.05,200,20260905,,True
2012H2-E,"all, cohorts resampled",,cox_slope_deviation,gbm - scorecard,True,-0.012189039957793496,-0.03581823026539035,0.007452563877468576,0.010573036686644761,0.05,200,20260905,False,False
2012H2-E,"all, cohorts resampled",,cox_slope_deviation,gbm-50k - scorecard,True,-0.03340683261820692,-0.08524205233015743,0.04280756427419064,0.0412890562064426,0.05,200,20260905,False,False
2012H2-E,"all, cohorts resampled",,cox_slope_deviation,tabpfn - scorecard,True,0.18363866754025213,0.13724202013299255,0.21939177514619096,0.02343739540496498,0.05,200,20260905,True,False
2012H2-E,"all, cohorts resampled",,cox_slope_deviation,tabicl - scorecard,True,0.1612367654063652,0.11098015728126956,0.20323402261214413,0.025881077918597287,0.05,200,20260905,True,False
2012H2-E,"all, cohorts resampled",,cox_slope_deviation,tabicl@t1 - scorecard,True,0.09292316455702083,0.0398679419205037,0.13696879352457966,0.027867434132214382,0.05,200,20260905,True,True
2012H2-E,"all, cohorts resampled",,cox_slope_deviation,tabpfn@t1 - scorecard,True,0.11781416692800617,0.067456804552027,0.15380382082024774,0.02477745100001337,0.05,200,20260905,True,True
2012H2-E,"all, cohorts resampled",,cox_slope_deviation,gbm-50k - gbm,True,-0.02121779266041342,-0.060962867540439634,0.05456929745305624,0.04111402734787669,0.05,200,20260905,False,False
2012H2-E,"all, cohorts resampled",,cox_slope_deviation,tabpfn - gbm,True,0.1958277074980456,0.15220393711501173,0.2276700818094265,0.021707687977328523,0.05,200,20260905,True,False
2012H2-E,"all, cohorts resampled",,cox_slope_deviation,tabicl - gbm,True,0.17342580536415872,0.12976397055134178,0.21379655199357572,0.024534002652106982,0.05,200,20260905,True,False
2012H2-E,"all, cohorts resampled",,cox_slope_deviation,tabicl@t1 - gbm,True,0.10511220451481434,0.05595335923952041,0.14636486749518818,0.026643787703066666,0.05,200,20260905,True,True
2012H2-E,"all, cohorts resampled",,cox_slope_deviation,tabpfn@t1 - gbm,True,0.13000320688579967,0.08445995481252336,0.16216700124734088,0.02317119571012462,0.05,200,20260905,True,True
2012H2-E,"all, cohorts resampled",,cox_slope_deviation,tabpfn - gbm-50k,True,0.21704550015845903,0.15474094544328929,0.27006801531867,0.035924173148296566,0.05,200,20260905,True,False
2012H2-E,"all, cohorts resampled",,cox_slope_deviation,tabicl - gbm-50k,True,0.19464359802457212,0.12498963688864476,0.26068487580322963,0.04343661585821752,0.05,200,20260905,True,False
2012H2-E,"all, cohorts resampled",,cox_slope_deviation,tabicl@t1 - gbm-50k,True,0.12632999717522778,0.055991488357925806,0.19254375671887236,0.04443460044219776,0.05,200,20260905,True,True
2012H2-E,"all, cohorts resampled",,cox_slope_deviation,tabpfn@t1 - gbm-50k,True,0.1512209995462131,0.08808081602464617,0.203839428899358,0.03571401994917264,0.05,200,20260905,True,True
2012H2-E,"all, cohorts resampled",,cox_slope_deviation,tabicl - tabpfn,True,-0.02240190213388693,-0.0366506453303467,-0.005125052308333848,0.009643587718712017,0.05,200,20260905,True,False
2012H2-E,"all, cohorts resampled",,cox_slope_deviation,tabicl@t1 - tabpfn,True,-0.09071550298323128,-0.10972700847746066,-0.06783812835825694,0.012299827594120976,0.05,200,20260905,True,True
2012H2-E,"all, cohorts resampled",,cox_slope_deviation,tabpfn@t1 - tabpfn,True,-0.06582450061224594,-0.07372615734899944,-0.05829568634081463,0.0039314706915249895,0.05,200,20260905,True,True
2012H2-E,"all, cohorts resampled",,cox_slope_deviation,tabicl@t1 - tabicl,True,-0.06831360084934435,-0.07681867559481932,-0.06027592276959242,0.004409770499328089,0.05,200,20260905,True,True
2012H2-E,"all, cohorts resampled",,cox_slope_deviation,tabpfn@t1 - tabicl,True,-0.04342259847835902,-0.059941811544879715,-0.028681732667059864,0.009526007392954809,0.05,200,20260905,True,True
2012H2-E,"all, cohorts resampled",,cox_slope_deviation,tabpfn@t1 - tabicl@t1,True,0.02489100237098533,0.0049518705615518134,0.03884927807349616,0.010786155667846128,0.05,200,20260905,True,True
2012H2-E,"all, cohorts resampled",,psi,scorecard,False,0.12318134148193942,0.06894084161075353,0.1674940258173484,0.025274897490133216,0.05,200,20260905,,False
2012H2-E,"all, cohorts resampled",,psi,gbm,False,0.08485694384937244,0.05164559806465423,0.10904929617990759,0.014791944997666553,0.05,200,20260905,,False
2012H2-E,"all, cohorts resampled",,psi,gbm-50k,False,0.09993841123942858,0.05660190883570483,0.15083715545176662,0.02538171134471993,0.05,200,20260905,,False
2012H2-E,"all, cohorts resampled",,psi,tabpfn,False,0.08660242899501025,0.05020650048438915,0.12892038529773303,0.021704152139484366,0.05,200,20260905,,False
2012H2-E,"all, cohorts resampled",,psi,tabicl,False,0.10185586583529009,0.05209974787173436,0.15723251451658032,0.02908097031317528,0.05,200,20260905,,False
2012H2-E,"all, cohorts resampled",,psi,tabicl@t1,False,0.10185586583529009,0.05209974787173436,0.15723251451658032,0.02908097031317528,0.05,200,20260905,,True
2012H2-E,"all, cohorts resampled",,psi,tabpfn@t1,False,0.08660242899501025,0.05020650048438915,0.12892038529773303,0.021704152139484366,0.05,200,20260905,,True
2012H2-E,"all, cohorts resampled",,psi,gbm - scorecard,True,-0.03832439763256697,-0.06027050122866128,-0.01562592894842543,0.01136177851342963,0.05,200,20260905,True,False
2012H2-E,"all, cohorts resampled",,psi,gbm-50k - scorecard,True,-0.023242930242510836,-0.057968260440133354,0.0023870960967253886,0.018901810987815532,0.05,200,20260905,False,False
2012H2-E,"all, cohorts resampled",,psi,tabpfn - scorecard,True,-0.03657891248692916,-0.06823556241637652,-0.005970584801863756,0.01761785622215371,0.05,200,20260905,True,False
2012H2-E,"all, cohorts resampled",,psi,tabicl - scorecard,True,-0.021325475646649314,-0.06578694496455462,0.006037473255091703,0.023232461982768862,0.05,200,20260905,False,False
2012H2-E,"all, cohorts resampled",,psi,tabicl@t1 - scorecard,True,-0.021325475646649314,-0.06578694496455462,0.006037473255091703,0.023232461982768862,0.05,200,20260905,False,True
2012H2-E,"all, cohorts resampled",,psi,tabpfn@t1 - scorecard,True,-0.03657891248692916,-0.06823556241637652,-0.005970584801863756,0.01761785622215371,0.05,200,20260905,True,True
2012H2-E,"all, cohorts resampled",,psi,gbm-50k - gbm,True,0.015081467390056133,-0.011132416094238984,0.044893263512229636,0.017736583426940303,0.05,200,20260905,False,False
2012H2-E,"all, cohorts resampled",,psi,tabpfn - gbm,True,0.001745485145637803,-0.020045785910395686,0.02709805051489906,0.014711776776420398,0.05,200,20260905,False,False
2012H2-E,"all, cohorts resampled",,psi,tabicl - gbm,True,0.016998921985917653,-0.016408344431798942,0.05162345891676548,0.02255427828213114,0.05,200,20260905,False,False
2012H2-E,"all, cohorts resampled",,psi,tabicl@t1 - gbm,True,0.016998921985917653,-0.016408344431798942,0.05162345891676548,0.02255427828213114,0.05,200,20260905,False,True
2012H2-E,"all, cohorts resampled",,psi,tabpfn@t1 - gbm,True,0.001745485145637803,-0.020045785910395686,0.02709805051489906,0.014711776776420398,0.05,200,20260905,False,True
2012H2-E,"all, cohorts resampled",,psi,tabpfn - gbm-50k,True,-0.013335982244418329,-0.02305777050086056,-0.0050014950141746275,0.005340044096503906,0.05,200,20260905,True,False
2012H2-E,"all, cohorts resampled",,psi,tabicl - gbm-50k,True,0.0019174545958615212,-0.008153506513497916,0.011117082807869823,0.006111891482632828,0.05,200,20260905,False,False
2012H2-E,"all, cohorts resampled",,psi,tabicl@t1 - gbm-50k,True,0.0019174545958615212,-0.008153506513497916,0.011117082807869823,0.006111891482632828,0.05,200,20260905,False,True
2012H2-E,"all, cohorts resampled",,psi,tabpfn@t1 - gbm-50k,True,-0.013335982244418329,-0.02305777050086056,-0.0050014950141746275,0.005340044096503906,0.05,200,20260905,True,True
2012H2-E,"all, cohorts resampled",,psi,tabicl - tabpfn,True,0.01525343684027985,0.001398828496660797,0.02914628956382537,0.009761259429137326,0.05,200,20260905,True,False
2012H2-E,"all, cohorts resampled",,psi,tabicl@t1 - tabpfn,True,0.01525343684027985,0.001398828496660797,0.02914628956382537,0.009761259429137326,0.05,200,20260905,True,True
2012H2-E,"all, cohorts resampled",,psi,tabpfn@t1 - tabpfn,True,0.0,0.0,0.0,0.0,0.05,200,20260905,False,True
2012H2-E,"all, cohorts resampled",,psi,tabicl@t1 - tabicl,True,0.0,0.0,0.0,0.0,0.05,200,20260905,False,True
2012H2-E,"all, cohorts resampled",,psi,tabpfn@t1 - tabicl,True,-0.01525343684027985,-0.029146289563825367,-0.001398828496660797,0.009761259429137326,0.05,200,20260905,True,True
2012H2-E,"all, cohorts resampled",,psi,tabpfn@t1 - tabicl@t1,True,-0.01525343684027985,-0.029146289563825367,-0.001398828496660797,0.009761259429137326,0.05,200,20260905,True,True
2012H2-E,all,20260911,gini,scorecard,False,0.49920123839520203,0.48143261463215214,0.5168765998166345,0.009379821664172857,0.05,200,20260905,,False
2012H2-E,all,20260911,gini,gbm,False,0.5136716162021867,0.49575149654351275,0.5309193192850851,0.008837131363696018,0.05,200,20260905,,False
2012H2-E,all,20260911,gini,gbm-50k,False,0.4959272358233386,0.4748739696278782,0.5123352851876654,0.0091645191612027,0.05,200,20260905,,False
2012H2-E,all,20260911,gini,tabpfn,False,0.4963682668179977,0.4771058201874337,0.5129814758810043,0.009102617946535963,0.05,200,20260905,,False
2012H2-E,all,20260911,gini,tabicl,False,0.5117253537215265,0.491902883592718,0.527687911758338,0.009009849712315679,0.05,200,20260905,,False
2012H2-E,all,20260911,gini,tabicl@t1,False,0.5117253537215265,0.491902883592718,0.527687911758338,0.009009849712315679,0.05,200,20260905,,True
2012H2-E,all,20260911,gini,tabpfn@t1,False,0.4963682668179977,0.4771058201874337,0.5129814758810043,0.009102617946535963,0.05,200,20260905,,True
2012H2-E,all,20260911,gini,gbm - scorecard,True,0.01447037780698468,0.008088157381971337,0.020859750999551892,0.003364136167004122,0.05,200,20260905,True,False
2012H2-E,all,20260911,gini,gbm-50k - scorecard,True,-0.0032740025718634436,-0.01397154728854132,0.006207988509348105,0.004654484640163134,0.05,200,20260905,False,False
2012H2-E,all,20260911,gini,tabpfn - scorecard,True,-0.002832971577204302,-0.012467970124666475,0.00694970206950583,0.00485459630345568,0.05,200,20260905,False,False
2012H2-E,all,20260911,gini,tabicl - scorecard,True,0.01252411532632447,0.004090132365202507,0.02198466006654714,0.004498201518760977,0.05,200,20260905,True,False
2012H2-E,all,20260911,gini,tabicl@t1 - scorecard,True,0.01252411532632447,0.004090132365202507,0.02198466006654714,0.004498201518760977,0.05,200,20260905,True,True
2012H2-E,all,20260911,gini,tabpfn@t1 - scorecard,True,-0.002832971577204302,-0.012467970124666475,0.00694970206950583,0.00485459630345568,0.05,200,20260905,False,True
2012H2-E,all,20260911,gini,gbm-50k - gbm,True,-0.017744380378848124,-0.023955993321441185,-0.011459949650243518,0.0033637983332699137,0.05,200,20260905,True,False
2012H2-E,all,20260911,gini,tabpfn - gbm,True,-0.017303349384188982,-0.022603347205917664,-0.010175433205365875,0.0032315188676931435,0.05,200,20260905,True,False
2012H2-E,all,20260911,gini,tabicl - gbm,True,-0.0019462624806602102,-0.006661828418099379,0.0037984329083842116,0.002825798515151775,0.05,200,20260905,False,False
2012H2-E,all,20260911,gini,tabicl@t1 - gbm,True,-0.0019462624806602102,-0.006661828418099379,0.0037984329083842116,0.002825798515151775,0.05,200,20260905,False,True
2012H2-E,all,20260911,gini,tabpfn@t1 - gbm,True,-0.017303349384188982,-0.022603347205917664,-0.010175433205365875,0.0032315188676931435,0.05,200,20260905,True,True
2012H2-E,all,20260911,gini,tabpfn - gbm-50k,True,0.00044103099465914175,-0.0057648230539625615,0.007665725616777544,0.0034924626183571194,0.05,200,20260905,False,False
2012H2-E,all,20260911,gini,tabicl - gbm-50k,True,0.015798117898187913,0.010248223797352112,0.022095699853938246,0.003287330419664757,0.05,200,20260905,True,False
2012H2-E,all,20260911,gini,tabicl@t1 - gbm-50k,True,0.015798117898187913,0.010248223797352112,0.022095699853938246,0.003287330419664757,0.05,200,20260905,True,True
2012H2-E,all,20260911,gini,tabpfn@t1 - gbm-50k,True,0.00044103099465914175,-0.0057648230539625615,0.007665725616777544,0.0034924626183571194,0.05,200,20260905,False,True
2012H2-E,all,20260911,gini,tabicl - tabpfn,True,0.015357086903528772,0.012232302271817947,0.017859657363280566,0.001435464149071767,0.05,200,20260905,True,False
2012H2-E,all,20260911,gini,tabicl@t1 - tabpfn,True,0.015357086903528772,0.012232302271817947,0.017859657363280566,0.001435464149071767,0.05,200,20260905,True,True
2012H2-E,all,20260911,gini,tabpfn@t1 - tabpfn,True,0.0,0.0,0.0,0.0,0.05,200,20260905,False,True
2012H2-E,all,20260911,gini,tabicl@t1 - tabicl,True,0.0,0.0,0.0,0.0,0.05,200,20260905,False,True
2012H2-E,all,20260911,gini,tabpfn@t1 - tabicl,True,-0.015357086903528772,-0.017859657363280566,-0.012232302271817947,0.001435464149071767,0.05,200,20260905,True,True
2012H2-E,all,20260911,gini,tabpfn@t1 - tabicl@t1,True,-0.015357086903528772,-0.017859657363280566,-0.012232302271817947,0.001435464149071767,0.05,200,20260905,True,True
2012H2-E,all,20260911,abs_log_oe,scorecard,False,1.0306097446991056,0.9927246231063532,1.0715739451100204,0.020335615042056217,0.05,200,20260905,,False
2012H2-E,all,20260911,abs_log_oe,gbm,False,1.0272408524221524,0.9893719969203546,1.069005734723562,0.020288483176327227,0.05,200,20260905,,False
2012H2-E,all,20260911,abs_log_oe,gbm-50k,False,0.9335419955484903,0.8966159248078123,0.9746338458738583,0.020376851703135756,0.05,200,20260905,,False
2012H2-E,all,20260911,abs_log_oe,tabpfn,False,0.7181115741452002,0.6809560491989202,0.7597847740790936,0.020268931671809022,0.05,200,20260905,,False
2012H2-E,all,20260911,abs_log_oe,tabicl,False,0.7066284744168569,0.669305691485355,0.7481086758998755,0.020320039992153482,0.05,200,20260905,,False
2012H2-E,all,20260911,abs_log_oe,tabicl@t1,False,1.029576865359926,0.9923242475801841,1.0711536106892054,0.020285751388936464,0.05,200,20260905,,True
2012H2-E,all,20260911,abs_log_oe,tabpfn@t1,False,1.0393600622522365,1.0022322535521664,1.0811475376040267,0.020247770619240265,0.05,200,20260905,,True
2012H2-E,all,20260911,abs_log_oe,gbm - scorecard,True,-0.0033688922769532503,-0.005778735854049693,-0.0012918153166517397,0.001183958804103131,0.05,200,20260905,True,False
2012H2-E,all,20260911,abs_log_oe,gbm-50k - scorecard,True,-0.09706774915061533,-0.09989416651505081,-0.09506148054282854,0.0012535556951564124,0.05,200,20260905,True,False
2012H2-E,all,20260911,abs_log_oe,tabpfn - scorecard,True,-0.3124981705539054,-0.31554814046742397,-0.3093139637945832,0.0016644223060737471,0.05,200,20260905,True,False
2012H2-E,all,20260911,abs_log_oe,tabicl - scorecard,True,-0.32398127028224866,-0.32694681394748154,-0.32098820117284727,0.0015827942432800899,0.05,200,20260905,True,False
2012H2-E,all,20260911,abs_log_oe,tabicl@t1 - scorecard,True,-0.0010328793391796154,-0.003646399543636325,0.001404258082121629,0.0013171897035092197,0.05,200,20260905,False,True
2012H2-E,all,20260911,abs_log_oe,tabpfn@t1 - scorecard,True,0.008750317553130937,0.006165249312609411,0.011469111657126335,0.0014162846780489363,0.05,200,20260905,True,True
2012H2-E,all,20260911,abs_log_oe,gbm-50k - gbm,True,-0.09369885687366208,-0.09561337386635659,-0.09177486092477426,0.001081649791212411,0.05,200,20260905,True,False
2012H2-E,all,20260911,abs_log_oe,tabpfn - gbm,True,-0.30912927827695214,-0.3113413160653751,-0.30644409591664573,0.0012979331371655125,0.05,200,20260905,True,False
2012H2-E,all,20260911,abs_log_oe,tabicl - gbm,True,-0.3206123780052954,-0.3226034466687776,-0.31785858646727727,0.0012505297184675695,0.05,200,20260905,True,False
2012H2-E,all,20260911,abs_log_oe,tabicl@t1 - gbm,True,0.002336012937773635,0.0005797798510424196,0.004836971642128957,0.001055208240602887,0.05,200,20260905,True,True
2012H2-E,all,20260911,abs_log_oe,tabpfn@t1 - gbm,True,0.012119209830084188,0.010293592440498756,0.014523649495462327,0.0011179617178044554,0.05,200,20260905,True,True
2012H2-E,all,20260911,abs_log_oe,tabpfn - gbm-50k,True,-0.21543042140329005,-0.21776982686893437,-0.21282032145010535,0.001248759702562148,0.05,200,20260905,True,False
2012H2-E,all,20260911,abs_log_oe,tabicl - gbm-50k,True,-0.22691352113163332,-0.2293114337518243,-0.22445650102417875,0.0011828342439717979,0.05,200,20260905,True,False
2012H2-E,all,20260911,abs_log_oe,tabicl@t1 - gbm-50k,True,0.09603486981143572,0.09425876141395097,0.09803464420046834,0.0010176014654707088,0.05,200,20260905,True,True
2012H2-E,all,20260911,abs_log_oe,tabpfn@t1 - gbm-50k,True,0.10581806670374627,0.10391610293978229,0.10816377825123145,0.0010937302049521458,0.05,200,20260905,True,True
2012H2-E,all,20260911,abs_log_oe,tabicl - tabpfn,True,-0.011483099728343271,-0.012382946510364715,-0.010553342732450408,0.00048165646544672474,0.05,200,20260905,True,False
2012H2-E,all,20260911,abs_log_oe,tabicl@t1 - tabpfn,True,0.31146529121472577,0.3105201574089886,0.3126212718508994,0.000593951555661206,0.05,200,20260905,True,True
2012H2-E,all,20260911,abs_log_oe,tabpfn@t1 - tabpfn,True,0.3212484881070363,0.3204914031336278,0.32223316653630885,0.00044339876710697393,0.05,200,20260905,True,True
2012H2-E,all,20260911,abs_log_oe,tabicl@t1 - tabicl,True,0.32294839094306904,0.3222016059718488,0.3240095511307174,0.0004536850051772343,0.05,200,20260905,True,True
2012H2-E,all,20260911,abs_log_oe,tabpfn@t1 - tabicl,True,0.3327315878353796,0.33165778081375746,0.33406849207258565,0.000656546400044953,0.05,200,20260905,True,True
2012H2-E,all,20260911,abs_log_oe,tabpfn@t1 - tabicl@t1,True,0.009783196892310553,0.009029959726717423,0.01051582111388082,0.000398983495877086,0.05,200,20260905,True,True
2012H2-E,all,20260911,cox_slope_deviation,scorecard,False,0.22394082694953663,0.19635295091694516,0.25349247238338457,0.015812285339710595,0.05,200,20260905,,False
2012H2-E,all,20260911,cox_slope_deviation,gbm,False,0.21175178699174313,0.18646731302098474,0.24202015530559678,0.013839665432112748,0.05,200,20260905,,False
2012H2-E,all,20260911,cox_slope_deviation,gbm-50k,False,0.254100003172437,0.22555901369459003,0.28669134923035366,0.01528833293079161,0.05,200,20260905,,False
2012H2-E,all,20260911,cox_slope_deviation,tabpfn,False,0.42319136995923917,0.39688916643423583,0.4509211369259856,0.013555147521746594,0.05,200,20260905,,False
2012H2-E,all,20260911,cox_slope_deviation,tabicl,False,0.39247119247277973,0.36530868605511785,0.4200294122852029,0.013809029396070205,0.05,200,20260905,,False
2012H2-E,all,20260911,cox_slope_deviation,tabicl@t1,False,0.32496799163642204,0.2947874289501308,0.35558823587244737,0.015279371194037444,0.05,200,20260905,,True
2012H2-E,all,20260911,cox_slope_deviation,tabpfn@t1,False,0.35910152217693214,0.32987685159359553,0.3899123743622064,0.015055943311544953,0.05,200,20260905,,True
2012H2-E,all,20260911,cox_slope_deviation,gbm - scorecard,True,-0.012189039957793496,-0.025945039420119415,0.0018596409325042163,0.006845134658893838,0.05,200,20260905,False,False
2012H2-E,all,20260911,cox_slope_deviation,gbm-50k - scorecard,True,0.030159176222900347,0.012472360007695282,0.04509784519041245,0.00831386033483734,0.05,200,20260905,True,False
2012H2-E,all,20260911,cox_slope_deviation,tabpfn - scorecard,True,0.19925054300970255,0.1796071636195936,0.21291897535298615,0.008761375218221727,0.05,200,20260905,True,False
2012H2-E,all,20260911,cox_slope_deviation,tabicl - scorecard,True,0.1685303655232431,0.15076809949225198,0.1817953943689139,0.008239773057608089,0.05,200,20260905,True,False
2012H2-E,all,20260911,cox_slope_deviation,tabicl@t1 - scorecard,True,0.10102716468688541,0.08346378774534366,0.11466634408117864,0.008234522790599698,0.05,200,20260905,True,True
2012H2-E,all,20260911,cox_slope_deviation,tabpfn@t1 - scorecard,True,0.13516069522739552,0.11536207447962879,0.1497481194421676,0.008944262152212303,0.05,200,20260905,True,True
2012H2-E,all,20260911,cox_slope_deviation,gbm-50k - gbm,True,0.04234821618069384,0.025918953649144705,0.05393451312719812,0.007173341326749753,0.05,200,20260905,True,False
2012H2-E,all,20260911,cox_slope_deviation,tabpfn - gbm,True,0.21143958296749604,0.1962922949111341,0.2203961665113336,0.006647169708933438,0.05,200,20260905,True,False
2012H2-E,all,20260911,cox_slope_deviation,tabicl - gbm,True,0.1807194054810366,0.16593967788474512,0.1889301905118068,0.006273189486621504,0.05,200,20260905,True,False
2012H2-E,all,20260911,cox_slope_deviation,tabicl@t1 - gbm,True,0.11321620464467891,0.09826351490882053,0.1218387469879629,0.006621510467300306,0.05,200,20260905,True,True
2012H2-E,all,20260911,cox_slope_deviation,tabpfn@t1 - gbm,True,0.147349735185189,0.13112319396580738,0.15590991917465277,0.007090368323597593,0.05,200,20260905,True,True
2012H2-E,all,20260911,cox_slope_deviation,tabpfn - gbm-50k,True,0.1690913667868022,0.1550425483823526,0.1792704991836637,0.006586410942033028,0.05,200,20260905,True,False
2012H2-E,all,20260911,cox_slope_deviation,tabicl - gbm-50k,True,0.13837118930034276,0.12481226826825627,0.14793497266552944,0.00625932975210436,0.05,200,20260905,True,False
2012H2-E,all,20260911,cox_slope_deviation,tabicl@t1 - gbm-50k,True,0.07086798846398507,0.05605766589972339,0.08007670039781348,0.006240373401228856,0.05,200,20260905,True,True
2012H2-E,all,20260911,cox_slope_deviation,tabpfn@t1 - gbm-50k,True,0.10500151900449517,0.08949942577963235,0.11579537621332271,0.006697746524658313,0.05,200,20260905,True,True
2012H2-E,all,20260911,cox_slope_deviation,tabicl - tabpfn,True,-0.030720177486459443,-0.03462353994962321,-0.026696389732956894,0.0021454370924711016,0.05,200,20260905,True,False
2012H2-E,all,20260911,cox_slope_deviation,tabicl@t1 - tabpfn,True,-0.09822337832281713,-0.10361130357384099,-0.0918302470311217,0.003010008365970845,0.05,200,20260905,True,True
2012H2-E,all,20260911,cox_slope_deviation,tabpfn@t1 - tabpfn,True,-0.06408984778230703,-0.06701231484064026,-0.06100876256377928,0.0015045230188478113,0.05,200,20260905,True,True
2012H2-E,all,20260911,cox_slope_deviation,tabicl@t1 - tabicl,True,-0.06750320083635769,-0.070521257104987,-0.0640542819750568,0.0018149274566813783,0.05,200,20260905,True,True
2012H2-E,all,20260911,cox_slope_deviation,tabpfn@t1 - tabicl,True,-0.03336967029584759,-0.03919354098227608,-0.029058395682874417,0.002579207682110499,0.05,200,20260905,True,True
2012H2-E,all,20260911,cox_slope_deviation,tabpfn@t1 - tabicl@t1,True,0.034133530540510104,0.028268638753589752,0.03847059994402604,0.002602754806978455,0.05,200,20260905,True,True
2012H2-E,all,20260911,psi,scorecard,False,0.1231813414819394,0.12166210933644699,0.12583162318280117,0.0011278857631835503,0.05,200,20260905,,False
2012H2-E,all,20260911,psi,gbm,False,0.08485694384937244,0.08369952161119242,0.08700208532417794,0.0008817905098130857,0.05,200,20260905,,False
2012H2-E,all,20260911,psi,gbm-50k,False,0.07726247481670578,0.07604731563689793,0.0791232996310948,0.0008671452388922118,0.05,200,20260905,,False
2012H2-E,all,20260911,psi,tabpfn,False,0.06854238323140549,0.06749138743006544,0.07030071073294729,0.0007670329206330101,0.05,200,20260905,,False
2012H2-E,all,20260911,psi,tabicl,False,0.0710971361013899,0.06995303638056072,0.0727788454977173,0.0007783937405494599,0.05,200,20260905,,False
2012H2-E,all,20260911,psi,tabicl@t1,False,0.0710971361013899,0.06995303638056072,0.0727788454977173,0.0007783937405494599,0.05,200,20260905,,True
2012H2-E,all,20260911,psi,tabpfn@t1,False,0.06854238323140549,0.06749138743006544,0.07030071073294729,0.0007670329206330101,0.05,200,20260905,,True
2012H2-E,all,20260911,psi,gbm - scorecard,True,-0.03832439763256697,-0.03934407604143917,-0.037267331394717246,0.0005506480569267547,0.05,200,20260905,True,False
2012H2-E,all,20260911,psi,gbm-50k - scorecard,True,-0.04591886666523362,-0.04706565121164409,-0.0446422480822246,0.0006175094573915176,0.05,200,20260905,True,False
2012H2-E,all,20260911,psi,tabpfn - scorecard,True,-0.054638958250533914,-0.05616003073380016,-0.0533521797727992,0.0007466146196226814,0.05,200,20260905,True,False
2012H2-E,all,20260911,psi,tabicl - scorecard,True,-0.0520842053805495,-0.053419105072555435,-0.051030042671437244,0.0006385939439973041,0.05,200,20260905,True,False
2012H2-E,all,20260911,psi,tabicl@t1 - scorecard,True,-0.0520842053805495,-0.053419105072555435,-0.051030042671437244,0.0006385939439973041,0.05,200,20260905,True,True
2012H2-E,all,20260911,psi,tabpfn@t1 - scorecard,True,-0.054638958250533914,-0.05616003073380016,-0.0533521797727992,0.0007466146196226814,0.05,200,20260905,True,True
2012H2-E,all,20260911,psi,gbm-50k - gbm,True,-0.007594469032666654,-0.008313262019089293,-0.0066299337572663965,0.00043365239431965346,0.05,200,20260905,True,False
2012H2-E,all,20260911,psi,tabpfn - gbm,True,-0.016314560617966947,-0.01726045917924496,-0.015249800335980484,0.0005131287228017632,0.05,200,20260905,True,False
2012H2-E,all,20260911,psi,tabicl - gbm,True,-0.013759807747982536,-0.014527836724927473,-0.012964332677410801,0.0004190912124045564,0.05,200,20260905,True,False
2012H2-E,all,20260911,psi,tabicl@t1 - gbm,True,-0.013759807747982536,-0.014527836724927473,-0.012964332677410801,0.0004190912124045564,0.05,200,20260905,True,True
2012H2-E,all,20260911,psi,tabpfn@t1 - gbm,True,-0.016314560617966947,-0.01726045917924496,-0.015249800335980484,0.0005131287228017632,0.05,200,20260905,True,True
2012H2-E,all,20260911,psi,tabpfn - gbm-50k,True,-0.008720091585300294,-0.009593986158729192,-0.007734161337848814,0.0004986085316316994,0.05,200,20260905,True,False
2012H2-E,all,20260911,psi,tabicl - gbm-50k,True,-0.006165338715315882,-0.0069832823401786885,-0.00541142020367253,0.00042159766737873974,0.05,200,20260905,True,False
2012H2-E,all,20260911,psi,tabicl@t1 - gbm-50k,True,-0.006165338715315882,-0.0069832823401786885,-0.00541142020367253,0.00042159766737873974,0.05,200,20260905,True,True
2012H2-E,all,20260911,psi,tabpfn@t1 - gbm-50k,True,-0.008720091585300294,-0.009593986158729192,-0.007734161337848814,0.0004986085316316994,0.05,200,20260905,True,True
2012H2-E,all,20260911,psi,tabicl - tabpfn,True,0.0025547528699844113,0.0020774482617096014,0.0030522353050286915,0.0002524957434811135,0.05,200,20260905,True,False
2012H2-E,all,20260911,psi,tabicl@t1 - tabpfn,True,0.0025547528699844113,0.0020774482617096014,0.0030522353050286915,0.0002524957434811135,0.05,200,20260905,True,True
2012H2-E,all,20260911,psi,tabpfn@t1 - tabpfn,True,0.0,0.0,0.0,0.0,0.05,200,20260905,False,True
2012H2-E,all,20260911,psi,tabicl@t1 - tabicl,True,0.0,0.0,0.0,0.0,0.05,200,20260905,False,True
2012H2-E,all,20260911,psi,tabpfn@t1 - tabicl,True,-0.0025547528699844113,-0.0030522353050286915,-0.0020774482617096014,0.0002524957434811135,0.05,200,20260905,True,True
2012H2-E,all,20260911,psi,tabpfn@t1 - tabicl@t1,True,-0.0025547528699844113,-0.0030522353050286915,-0.0020774482617096014,0.0002524957434811135,0.05,200,20260905,True,True
2012H2-E,all,20260912,gini,scorecard,False,0.49920123839520203,0.48143261463215214,0.5168765998166345,0.009379821664172857,0.05,200,20260905,,False
2012H2-E,all,20260912,gini,gbm,False,0.5136716162021867,0.49575149654351275,0.5309193192850851,0.008837131363696018,0.05,200,20260905,,False
2012H2-E,all,20260912,gini,gbm-50k,False,0.4850816680277768,0.4667146532827664,0.5023728949354836,0.009330898125716594,0.05,200,20260905,,False
2012H2-E,all,20260912,gini,tabpfn,False,0.4867156589172205,0.46786571582481074,0.5025713745599325,0.009042719451087632,0.05,200,20260905,,False
2012H2-E,all,20260912,gini,tabicl,False,0.49265375075278556,0.4738955141968429,0.5084990522606878,0.008960304814279327,0.05,200,20260905,,False
2012H2-E,all,20260912,gini,tabicl@t1,False,0.49265375075278556,0.4738955141968429,0.5084990522606878,0.008960304814279327,0.05,200,20260905,,True
2012H2-E,all,20260912,gini,tabpfn@t1,False,0.4867156589172205,0.46786571582481074,0.5025713745599325,0.009042719451087632,0.05,200,20260905,,True
2012H2-E,all,20260912,gini,gbm - scorecard,True,0.01447037780698468,0.008088157381971337,0.020859750999551892,0.003364136167004122,0.05,200,20260905,True,False
2012H2-E,all,20260912,gini,gbm-50k - scorecard,True,-0.014119570367425227,-0.023150476676376857,-0.0040102299453400785,0.004561375291241463,0.05,200,20260905,True,False
2012H2-E,all,20260912,gini,tabpfn - scorecard,True,-0.012485579477981512,-0.021917075769028647,-0.002737689430244816,0.004634619454840564,0.05,200,20260905,True,False
2012H2-E,all,20260912,gini,tabicl - scorecard,True,-0.006547487642416472,-0.016336441622253593,0.0023906669284194495,0.004514243089592486,0.05,200,20260905,False,False
2012H2-E,all,20260912,gini,tabicl@t1 - scorecard,True,-0.006547487642416472,-0.016336441622253593,0.0023906669284194495,0.004514243089592486,0.05,200,20260905,False,True
2012H2-E,all,20260912,gini,tabpfn@t1 - scorecard,True,-0.012485579477981512,-0.021917075769028647,-0.002737689430244816,0.004634619454840564,0.05,200,20260905,True,True
2012H2-E,all,20260912,gini,gbm-50k - gbm,True,-0.028589948174409907,-0.03386202800165642,-0.021257855303951054,0.003264569234569047,0.05,200,20260905,True,False
2012H2-E,all,20260912,gini,tabpfn - gbm,True,-0.026955957284966192,-0.03219015723168324,-0.019919082994323416,0.003284652801331266,0.05,200,20260905,True,False
2012H2-E,all,20260912,gini,tabicl - gbm,True,-0.021017865449401152,-0.026699758171680257,-0.014416950820325273,0.003246464824127479,0.05,200,20260905,True,False
2012H2-E,all,20260912,gini,tabicl@t1 - gbm,True,-0.021017865449401152,-0.026699758171680257,-0.014416950820325273,0.003246464824127479,0.05,200,20260905,True,True
2012H2-E,all,20260912,gini,tabpfn@t1 - gbm,True,-0.026955957284966192,-0.03219015723168324,-0.019919082994323416,0.003284652801331266,0.05,200,20260905,True,True
2012H2-E,all,20260912,gini,tabpfn - gbm-50k,True,0.001633990889443715,-0.0049419083386694745,0.008837005025377237,0.00358433572786562,0.05,200,20260905,False,False
2012H2-E,all,20260912,gini,tabicl - gbm-50k,True,0.007572082725008755,0.0004338583549436212,0.014084530398876801,0.003618576973316254,0.05,200,20260905,True,False
2012H2-E,all,20260912,gini,tabicl@t1 - gbm-50k,True,0.007572082725008755,0.0004338583549436212,0.014084530398876801,0.003618576973316254,0.05,200,20260905,True,True
2012H2-E,all,20260912,gini,tabpfn@t1 - gbm-50k,True,0.001633990889443715,-0.0049419083386694745,0.008837005025377237,0.00358433572786562,0.05,200,20260905,False,True
2012H2-E,all,20260912,gini,tabicl - tabpfn,True,0.00593809183556504,0.002595219786277811,0.008772504231828782,0.0016131823013668003,0.05,200,20260905,True,False
2012H2-E,all,20260912,gini,tabicl@t1 - tabpfn,True,0.00593809183556504,0.002595219786277811,0.008772504231828782,0.0016131823013668003,0.05,200,20260905,True,True
2012H2-E,all,20260912,gini,tabpfn@t1 - tabpfn,True,0.0,0.0,0.0,0.0,0.05,200,20260905,False,True
2012H2-E,all,20260912,gini,tabicl@t1 - tabicl,True,0.0,0.0,0.0,0.0,0.05,200,20260905,False,True
2012H2-E,all,20260912,gini,tabpfn@t1 - tabicl,True,-0.00593809183556504,-0.008772504231828782,-0.002595219786277811,0.0016131823013668003,0.05,200,20260905,True,True
2012H2-E,all,20260912,gini,tabpfn@t1 - tabicl@t1,True,-0.00593809183556504,-0.008772504231828782,-0.002595219786277811,0.0016131823013668003,0.05,200,20260905,True,True
2012H2-E,all,20260912,abs_log_oe,scorecard,False,1.0306097446991056,0.9927246231063532,1.0715739451100204,0.020335615042056217,0.05,200,20260905,,False
2012H2-E,all,20260912,abs_log_oe,gbm,False,1.0272408524221524,0.9893719969203546,1.069005734723562,0.020288483176327227,0.05,200,20260905,,False
2012H2-E,all,20260912,abs_log_oe,gbm-50k,False,1.0295168451826933,0.9912978116531405,1.0717026293381908,0.020152780038430865,0.05,200,20260905,,False
2012H2-E,all,20260912,abs_log_oe,tabpfn,False,0.7758553065804077,0.7381159979125025,0.8181724295039848,0.020284958077841597,0.05,200,20260905,,False
2012H2-E,all,20260912,abs_log_oe,tabicl,False,0.7794041119555565,0.741441347979742,0.821349475081392,0.02030874812920415,0.05,200,20260905,,False
2012H2-E,all,20260912,abs_log_oe,tabicl@t1,False,1.1083533950282853,1.0705517478678184,1.1503310594836658,0.020269676336420198,0.05,200,20260905,,True
2012H2-E,all,20260912,abs_log_oe,tabpfn@t1,False,1.10234860380094,1.0647023551003698,1.1446631839732688,0.02024575672873001,0.05,200,20260905,,True
2012H2-E,all,20260912,abs_log_oe,gbm - scorecard,True,-0.0033688922769532503,-0.005778735854049693,-0.0012918153166517397,0.001183958804103131,0.05,200,20260905,True,False
2012H2-E,all,20260912,abs_log_oe,gbm-50k - scorecard,True,-0.0010928995164123378,-0.003268035935708918,0.0008975626454673706,0.0011463501787304076,0.05,200,20260905,False,False
2012H2-E,all,20260912,abs_log_oe,tabpfn - scorecard,True,-0.2547544381186979,-0.2578233979397283,-0.2517734373351058,0.001574345005759872,0.05,200,20260905,True,False
2012H2-E,all,20260912,abs_log_oe,tabicl - scorecard,True,-0.2512056327435491,-0.2537575695887937,-0.24849202183669966,0.001404326003352838,0.05,200,20260905,True,False
2012H2-E,all,20260912,abs_log_oe,tabicl@t1 - scorecard,True,0.07774365032917974,0.07545123426355765,0.08011853956827145,0.0012592115592442374,0.05,200,20260905,True,True
2012H2-E,all,20260912,abs_log_oe,tabpfn@t1 - scorecard,True,0.07173885910183442,0.06916847261183838,0.07438006820710386,0.001383175692351562,0.05,200,20260905,True,True
2012H2-E,all,20260912,abs_log_oe,gbm-50k - gbm,True,0.0022759927605409125,0.0005839101083359,0.004198352827947078,0.0009690065321616326,0.05,200,20260905,True,False
2012H2-E,all,20260912,abs_log_oe,tabpfn - gbm,True,-0.25138554584174466,-0.2536471344305845,-0.24899070056459213,0.001283441337611799,0.05,200,20260905,True,False
2012H2-E,all,20260912,abs_log_oe,tabicl - gbm,True,-0.24783674046659587,-0.249936522709965,-0.2457645607889543,0.0011199304750845848,0.05,200,20260905,True,False
2012H2-E,all,20260912,abs_log_oe,tabicl@t1 - gbm,True,0.08111254260613299,0.07934087459381431,0.08327080288002149,0.0010678858719089374,0.05,200,20260905,True,True
2012H2-E,all,20260912,abs_log_oe,tabpfn@t1 - gbm,True,0.07510775137878767,0.07314481643792352,0.07742631381315615,0.0011708977853462645,0.05,200,20260905,True,True
2012H2-E,all,20260912,abs_log_oe,tabpfn - gbm-50k,True,-0.2536615386022856,-0.2562508171877977,-0.25088789589140353,0.001342555158543279,0.05,200,20260905,True,False
2012H2-E,all,20260912,abs_log_oe,tabicl - gbm-50k,True,-0.2501127332271368,-0.2522517601396917,-0.2479760139614063,0.0011449055046532377,0.05,200,20260905,True,False
2012H2-E,all,20260912,abs_log_oe,tabicl@t1 - gbm-50k,True,0.07883654984559207,0.07695486520599262,0.08079826969531977,0.0009530280328404892,0.05,200,20260905,True,True
2012H2-E,all,20260912,abs_log_oe,tabpfn@t1 - gbm-50k,True,0.07283175861824676,0.0707746428394525,0.07517619902302451,0.0011084576647899613,0.05,200,20260905,True,True
2012H2-E,all,20260912,abs_log_oe,tabicl - tabpfn,True,0.003548805375148789,0.0025425625650554395,0.004514635370387102,0.0005118854874360126,0.05,200,20260905,True,False
2012H2-E,all,20260912,abs_log_oe,tabicl@t1 - tabpfn,True,0.33249808844787765,0.3311730561164491,0.33396677486646925,0.0006831547938303968,0.05,200,20260905,True,True
2012H2-E,all,20260912,abs_log_oe,tabpfn@t1 - tabpfn,True,0.32649329722053233,0.32577105280538976,0.32728409034734524,0.00040784259981385527,0.05,200,20260905,True,True
2012H2-E,all,20260912,abs_log_oe,tabicl@t1 - tabicl,True,0.32894928307272886,0.32829220121855845,0.32977167848173267,0.0003876142357450116,0.05,200,20260905,True,True
2012H2-E,all,20260912,abs_log_oe,tabpfn@t1 - tabicl,True,0.32294449184538354,0.3218754265340218,0.3240346300024415,0.0005260756686956228,0.05,200,20260905,True,True
2012H2-E,all,20260912,abs_log_oe,tabpfn@t1 - tabicl@t1,True,-0.0060047912273453186,-0.006765481123115752,-0.005202579420822949,0.0004198990953173507,0.05,200,20260905,True,True
2012H2-E,all,20260912,cox_slope_deviation,scorecard,False,0.22394082694953663,0.19635295091694516,0.25349247238338457,0.015812285339710595,0.05,200,20260905,,False
2012H2-E,all,20260912,cox_slope_deviation,gbm,False,0.21175178699174313,0.18646731302098474,0.24202015530559678,0.013839665432112748,0.05,200,20260905,,False
2012H2-E,all,20260912,cox_slope_deviation,gbm-50k,False,0.1615245845985685,0.1485079472969448,0.20558436545894773,0.015387618675302339,0.05,200,20260905,,False
2012H2-E,all,20260912,cox_slope_deviation,tabpfn,False,0.3822433710350082,0.354650161150581,0.40881151976581076,0.013742617282340079,0.05,200,20260905,,False
2012H2-E,all,20260912,cox_slope_deviation,tabicl,False,0.35580100336651854,0.3274914261040025,0.3845226753198609,0.014147685133713653,0.05,200,20260905,,False
2012H2-E,all,20260912,cox_slope_deviation,tabicl@t1,False,0.2842233370739094,0.2533317039129972,0.31613630591095665,0.01548371489542202,0.05,200,20260905,,True
2012H2-E,all,20260912,cox_slope_deviation,tabpfn@t1,False,0.3136037455944532,0.2838361087014025,0.34312391085090066,0.01521240619604388,0.05,200,20260905,,True
2012H2-E,all,20260912,cox_slope_deviation,gbm - scorecard,True,-0.012189039957793496,-0.025945039420119415,0.0018596409325042163,0.006845134658893838,0.05,200,20260905,False,False
2012H2-E,all,20260912,cox_slope_deviation,gbm-50k - scorecard,True,-0.062416242350968126,-0.07403910884814681,-0.028256945846300497,0.011549070044768817,0.05,200,20260905,True,False
2012H2-E,all,20260912,cox_slope_deviation,tabpfn - scorecard,True,0.1583025440854716,0.1413802104612528,0.17206141750423645,0.008502038011651874,0.05,200,20260905,True,False
2012H2-E,all,20260912,cox_slope_deviation,tabicl - scorecard,True,0.13186017641698192,0.11399645833056697,0.14562733352289972,0.008259424301658363,0.05,200,20260905,True,False
2012H2-E,all,20260912,cox_slope_deviation,tabicl@t1 - scorecard,True,0.06028251012437277,0.04298211106122069,0.07497209879900461,0.008365970912327218,0.05,200,20260905,True,True
2012H2-E,all,20260912,cox_slope_deviation,tabpfn@t1 - scorecard,True,0.08966291864491657,0.0719985335071921,0.10308262861554898,0.008637375278906876,0.05,200,20260905,True,True
2012H2-E,all,20260912,cox_slope_deviation,gbm-50k - gbm,True,-0.05022720239317463,-0.05784375288144486,-0.019605359633446715,0.010023884703640785,0.05,200,20260905,True,False
2012H2-E,all,20260912,cox_slope_deviation,tabpfn - gbm,True,0.1704915840432651,0.15459098323377962,0.17914489655303348,0.0064724012357698125,0.05,200,20260905,True,False
2012H2-E,all,20260912,cox_slope_deviation,tabicl - gbm,True,0.1440492163747754,0.12827496478830372,0.15389507540228298,0.006548004945743002,0.05,200,20260905,True,False
2012H2-E,all,20260912,cox_slope_deviation,tabicl@t1 - gbm,True,0.07247155008216627,0.056767248779879875,0.08281676941314989,0.006990526293589618,0.05,200,20260905,True,True
2012H2-E,all,20260912,cox_slope_deviation,tabpfn@t1 - gbm,True,0.10185195860271007,0.08349301696230979,0.11155306036010872,0.006877247401031305,0.05,200,20260905,True,True
2012H2-E,all,20260912,cox_slope_deviation,tabpfn - gbm-50k,True,0.22071878643643972,0.1817360877451691,0.22948148620551007,0.011992872451246958,0.05,200,20260905,True,False
2012H2-E,all,20260912,cox_slope_deviation,tabicl - gbm-50k,True,0.19427641876795004,0.15803825260830967,0.20481864436917338,0.012053971811582508,0.05,200,20260905,True,False
2012H2-E,all,20260912,cox_slope_deviation,tabicl@t1 - gbm-50k,True,0.1226987524753409,0.08514460923737512,0.13374296746015438,0.01216287411306726,0.05,200,20260905,True,True
2012H2-E,all,20260912,cox_slope_deviation,tabpfn@t1 - gbm-50k,True,0.1520791609958847,0.11220327973933329,0.16276853183524168,0.01242964791964256,0.05,200,20260905,True,True
2012H2-E,all,20260912,cox_slope_deviation,tabicl - tabpfn,True,-0.026442367668489675,-0.03086096894254323,-0.021117286260574884,0.0027603018365871344,0.05,200,20260905,True,False
2012H2-E,all,20260912,cox_slope_deviation,tabicl@t1 - tabpfn,True,-0.09802003396109882,-0.10364736144915859,-0.08998096392637443,0.0036315254219902193,0.05,200,20260905,True,True
2012H2-E,all,20260912,cox_slope_deviation,tabpfn@t1 - tabpfn,True,-0.06863962544055502,-0.07161638912985983,-0.06561887000617618,0.0015308104907576744,0.05,200,20260905,True,True
2012H2-E,all,20260912,cox_slope_deviation,tabicl@t1 - tabicl,True,-0.07157766629260914,-0.0743472493308001,-0.06714796832946572,0.0018434511909151063,0.05,200,20260905,True,True
2012H2-E,all,20260912,cox_slope_deviation,tabpfn@t1 - tabicl,True,-0.042197257772065344,-0.04853020067973919,-0.036883008640937055,0.0030217199666106695,0.05,200,20260905,True,True
2012H2-E,all,20260912,cox_slope_deviation,tabpfn@t1 - tabicl@t1,True,0.0293804085205438,0.022696341274235008,0.03427377600916238,0.00322314526467357,0.05,200,20260905,True,True
2012H2-E,all,20260912,psi,scorecard,False,0.1231813414819394,0.12166210933644699,0.12583162318280117,0.0011278857631835503,0.05,200,20260905,,False
2012H2-E,all,20260912,psi,gbm,False,0.08485694384937244,0.08369952161119242,0.08700208532417794,0.0008817905098130857,0.05,200,20260905,,False
2012H2-E,all,20260912,psi,gbm-50k,False,0.10340763633558207,0.10203754535084177,0.1057611120460242,0.0009659570390656528,0.05,200,20260905,,False
2012H2-E,all,20260912,psi,tabpfn,False,0.08700900369518391,0.08574207861487419,0.08885485152074221,0.0008646437735024514,0.05,200,20260905,,False
2012H2-E,all,20260912,psi,tabicl,False,0.110942194237482,0.10944990231947005,0.11314645502645836,0.0009702621822525228,0.05,200,20260905,,False
2012H2-E,all,20260912,psi,tabicl@t1,False,0.110942194237482,0.10944990231947005,0.11314645502645836,0.0009702621822525228,0.05,200,20260905,,True
2012H2-E,all,20260912,psi,tabpfn@t1,False,0.08700900369518391,0.08574207861487419,0.08885485152074221,0.0008646437735024514,0.05,200,20260905,,True
2012H2-E,all,20260912,psi,gbm - scorecard,True,-0.03832439763256697,-0.03934407604143917,-0.037267331394717246,0.0005506480569267547,0.05,200,20260905,True,False
2012H2-E,all,20260912,psi,gbm-50k - scorecard,True,-0.01977370514635733,-0.020898303339957118,-0.018616308681038633,0.000604323154203536,0.05,200,20260905,True,False
2012H2-E,all,20260912,psi,tabpfn - scorecard,True,-0.03617233778675549,-0.037578434907034594,-0.03511461415858343,0.0007249839260972421,0.05,200,20260905,True,False
2012H2-E,all,20260912,psi,tabicl - scorecard,True,-0.012239147244457405,-0.013425831474741641,-0.011058831078978721,0.0006386572237310613,0.05,200,20260905,True,False
2012H2-E,all,20260912,psi,tabicl@t1 - scorecard,True,-0.012239147244457405,-0.013425831474741641,-0.011058831078978721,0.0006386572237310613,0.05,200,20260905,True,True
2012H2-E,all,20260912,psi,tabpfn@t1 - scorecard,True,-0.03617233778675549,-0.037578434907034594,-0.03511461415858343,0.0007249839260972421,0.05,200,20260905,True,True
2012H2-E,all,20260912,psi,gbm-50k - gbm,True,0.018550692486209636,0.017696881033982394,0.019448322101900492,0.0004535758006993051,0.05,200,20260905,True,False
2012H2-E,all,20260912,psi,tabpfn - gbm,True,0.0021520598458114742,0.0011797108408650816,0.0030534408200759903,0.0004902736188316137,0.05,200,20260905,True,False
2012H2-E,all,20260912,psi,tabicl - gbm,True,0.026085250388109563,0.025287294219544947,0.027038741295370632,0.00043430315678860015,0.05,200,20260905,True,False
2012H2-E,all,20260912,psi,tabicl@t1 - gbm,True,0.026085250388109563,0.025287294219544947,0.027038741295370632,0.00043430315678860015,0.05,200,20260905,True,True
2012H2-E,all,20260912,psi,tabpfn@t1 - gbm,True,0.0021520598458114742,0.0011797108408650816,0.0030534408200759903,0.0004902736188316137,0.05,200,20260905,True,True
2012H2-E,all,20260912,psi,tabpfn - gbm-50k,True,-0.01639863264039816,-0.017478691707732853,-0.015424796101849108,0.0005493330685286565,0.05,200,20260905,True,False
2012H2-E,all,20260912,psi,tabicl - gbm-50k,True,0.007534557901899927,0.006572465522722445,0.008378470524099029,0.0004507274136043032,0.05,200,20260905,True,False
2012H2-E,all,20260912,psi,tabicl@t1 - gbm-50k,True,0.007534557901899927,0.006572465522722445,0.008378470524099029,0.0004507274136043032,0.05,200,20260905,True,True
2012H2-E,all,20260912,psi,tabpfn@t1 - gbm-50k,True,-0.01639863264039816,-0.017478691707732853,-0.015424796101849108,0.0005493330685286565,0.05,200,20260905,True,True
2012H2-E,all,20260912,psi,tabicl - tabpfn,True,0.02393319054229809,0.02323309130040917,0.024659563909838905,0.00036803910274427865,0.05,200,20260905,True,False
2012H2-E,all,20260912,psi,tabicl@t1 - tabpfn,True,0.02393319054229809,0.02323309130040917,0.024659563909838905,0.00036803910274427865,0.05,200,20260905,True,True
2012H2-E,all,20260912,psi,tabpfn@t1 - tabpfn,True,0.0,0.0,0.0,0.0,0.05,200,20260905,False,True
2012H2-E,all,20260912,psi,tabicl@t1 - tabicl,True,0.0,0.0,0.0,0.0,0.05,200,20260905,False,True
2012H2-E,all,20260912,psi,tabpfn@t1 - tabicl,True,-0.02393319054229809,-0.024659563909838905,-0.023233091300409167,0.00036803910274427865,0.05,200,20260905,True,True
2012H2-E,all,20260912,psi,tabpfn@t1 - tabicl@t1,True,-0.02393319054229809,-0.024659563909838905,-0.023233091300409167,0.00036803910274427865,0.05,200,20260905,True,True
2012H2-E,all,20260913,gini,scorecard,False,0.49920123839520203,0.48143261463215214,0.5168765998166345,0.009379821664172857,0.05,200,20260905,,False
2012H2-E,all,20260913,gini,gbm,False,0.5136716162021867,0.49575149654351275,0.5309193192850851,0.008837131363696018,0.05,200,20260905,,False
2012H2-E,all,20260913,gini,gbm-50k,False,0.4941240802589614,0.4743779872439834,0.5126162739992567,0.009420011640074947,0.05,200,20260905,,False
2012H2-E,all,20260913,gini,tabpfn,False,0.4741148952848615,0.4543168992513803,0.4910616292286216,0.009416889274712228,0.05,200,20260905,,False
2012H2-E,all,20260913,gini,tabicl,False,0.47813285579519305,0.4579017632771546,0.49430073356449783,0.009399875322252444,0.05,200,20260905,,False
2012H2-E,all,20260913,gini,tabicl@t1,False,0.47813285579519305,0.4579017632771546,0.49430073356449783,0.009399875322252444,0.05,200,20260905,,True
2012H2-E,all,20260913,gini,tabpfn@t1,False,0.4741148952848615,0.4543168992513803,0.4910616292286216,0.009416889274712228,0.05,200,20260905,,True
2012H2-E,all,20260913,gini,gbm - scorecard,True,0.01447037780698468,0.008088157381971337,0.020859750999551892,0.003364136167004122,0.05,200,20260905,True,False
2012H2-E,all,20260913,gini,gbm-50k - scorecard,True,-0.005077158136240656,-0.01268863085466588,0.002993744737115796,0.0040962503667396595,0.05,200,20260905,False,False
2012H2-E,all,20260913,gini,tabpfn - scorecard,True,-0.025086343110340525,-0.03403276538298586,-0.015275398209656628,0.004845549784832044,0.05,200,20260905,True,False
2012H2-E,all,20260913,gini,tabicl - scorecard,True,-0.021068382600008984,-0.030817016403572747,-0.012551647578536959,0.004565344541559695,0.05,200,20260905,True,False
2012H2-E,all,20260913,gini,tabicl@t1 - scorecard,True,-0.021068382600008984,-0.030817016403572747,-0.012551647578536959,0.004565344541559695,0.05,200,20260905,True,True
2012H2-E,all,20260913,gini,tabpfn@t1 - scorecard,True,-0.025086343110340525,-0.03403276538298586,-0.015275398209656628,0.004845549784832044,0.05,200,20260905,True,True
2012H2-E,all,20260913,gini,gbm-50k - gbm,True,-0.019547535943225336,-0.024455316910825465,-0.014257205784749045,0.0027186705589594927,0.05,200,20260905,True,False
2012H2-E,all,20260913,gini,tabpfn - gbm,True,-0.039556720917325205,-0.046054607209454757,-0.031687220638461494,0.0036202997858068705,0.05,200,20260905,True,False
2012H2-E,all,20260913,gini,tabicl - gbm,True,-0.035538760406993664,-0.04191627852613655,-0.029017443746381502,0.0033641055924905554,0.05,200,20260905,True,False
2012H2-E,all,20260913,gini,tabicl@t1 - gbm,True,-0.035538760406993664,-0.04191627852613655,-0.029017443746381502,0.0033641055924905554,0.05,200,20260905,True,True
2012H2-E,all,20260913,gini,tabpfn@t1 - gbm,True,-0.039556720917325205,-0.046054607209454757,-0.031687220638461494,0.0036202997858068705,0.05,200,20260905,True,True
2012H2-E,all,20260913,gini,tabpfn - gbm-50k,True,-0.02000918497409987,-0.026773150465129313,-0.012153798964342538,0.0036260877915499307,0.05,200,20260905,True,False
2012H2-E,all,20260913,gini,tabicl - gbm-50k,True,-0.015991224463768328,-0.021807066863737245,-0.009294058667835179,0.0032372901558121087,0.05,200,20260905,True,False
2012H2-E,all,20260913,gini,tabicl@t1 - gbm-50k,True,-0.015991224463768328,-0.021807066863737245,-0.009294058667835179,0.0032372901558121087,0.05,200,20260905,True,True
2012H2-E,all,20260913,gini,tabpfn@t1 - gbm-50k,True,-0.02000918497409987,-0.026773150465129313,-0.012153798964342538,0.0036260877915499307,0.05,200,20260905,True,True
2012H2-E,all,20260913,gini,tabicl - tabpfn,True,0.004017960510331542,0.00127726341276925,0.006514022346137737,0.001470596606456756,0.05,200,20260905,True,False
2012H2-E,all,20260913,gini,tabicl@t1 - tabpfn,True,0.004017960510331542,0.00127726341276925,0.006514022346137737,0.001470596606456756,0.05,200,20260905,True,True
2012H2-E,all,20260913,gini,tabpfn@t1 - tabpfn,True,0.0,0.0,0.0,0.0,0.05,200,20260905,False,True
2012H2-E,all,20260913,gini,tabicl@t1 - tabicl,True,0.0,0.0,0.0,0.0,0.05,200,20260905,False,True
2012H2-E,all,20260913,gini,tabpfn@t1 - tabicl,True,-0.004017960510331542,-0.006514022346137736,-0.0012772634127692498,0.001470596606456756,0.05,200,20260905,True,True
2012H2-E,all,20260913,gini,tabpfn@t1 - tabicl@t1,True,-0.004017960510331542,-0.006514022346137736,-0.0012772634127692498,0.001470596606456756,0.05,200,20260905,True,True
2012H2-E,all,20260913,abs_log_oe,scorecard,False,1.0306097446991056,0.9927246231063532,1.0715739451100204,0.020335615042056217,0.05,200,20260905,,False
2012H2-E,all,20260913,abs_log_oe,gbm,False,1.0272408524221524,0.9893719969203546,1.069005734723562,0.020288483176327227,0.05,200,20260905,,False
2012H2-E,all,20260913,abs_log_oe,gbm-50k,False,0.9809064290587486,0.9437867563523644,1.0225809886025052,0.020256137193476468,0.05,200,20260905,,False
2012H2-E,all,20260913,abs_log_oe,tabpfn,False,0.8305780357671438,0.7934838161528529,0.8727175059823338,0.02024426817734565,0.05,200,20260905,,False
2012H2-E,all,20260913,abs_log_oe,tabicl,False,0.8827123019424608,0.8449804964750729,0.9237637594848651,0.020201508579339708,0.05,200,20260905,,False
2012H2-E,all,20260913,abs_log_oe,tabicl@t1,False,1.1934183216583483,1.1558820508079986,1.2351021887356926,0.02018940345108759,0.05,200,20260905,,True
2012H2-E,all,20260913,abs_log_oe,tabpfn@t1,False,1.1458224360285656,1.1088046237352827,1.1879238044929923,0.020224076112624497,0.05,200,20260905,,True
2012H2-E,all,20260913,abs_log_oe,gbm - scorecard,True,-0.0033688922769532503,-0.005778735854049693,-0.0012918153166517397,0.001183958804103131,0.05,200,20260905,True,False
2012H2-E,all,20260913,abs_log_oe,gbm-50k - scorecard,True,-0.049703315640357015,-0.05242280182211819,-0.04771260462239353,0.0011216405310549525,0.05,200,20260905,True,False
2012H2-E,all,20260913,abs_log_oe,tabpfn - scorecard,True,-0.20003170893196176,-0.20364561072289086,-0.19643225096399503,0.0018245940834830444,0.05,200,20260905,True,False
2012H2-E,all,20260913,abs_log_oe,tabicl - scorecard,True,-0.14789744275664485,-0.15107803045711612,-0.1446709264095506,0.001732996968197744,0.05,200,20260905,True,False
2012H2-E,all,20260913,abs_log_oe,tabicl@t1 - scorecard,True,0.16280857695924267,0.16009479769365298,0.16590968146913923,0.0014858976614828968,0.05,200,20260905,True,True
2012H2-E,all,20260913,abs_log_oe,tabpfn@t1 - scorecard,True,0.11521269132945999,0.11219611317772746,0.11831789574637905,0.0015609648350388137,0.05,200,20260905,True,True
2012H2-E,all,20260913,abs_log_oe,gbm-50k - gbm,True,-0.046334423363403765,-0.04777085473581996,-0.04440467386181799,0.0008566846676017567,0.05,200,20260905,True,False
2012H2-E,all,20260913,abs_log_oe,tabpfn - gbm,True,-0.1966628166550085,-0.19914846924943308,-0.193809852918499,0.0014323571812914116,0.05,200,20260905,True,False
2012H2-E,all,20260913,abs_log_oe,tabicl - gbm,True,-0.1445285504796916,-0.14671707510899884,-0.14138112676637518,0.001345321862813799,0.05,200,20260905,True,False
2012H2-E,all,20260913,abs_log_oe,tabicl@t1 - gbm,True,0.16617746923619592,0.1642366878453503,0.1686446185294936,0.0011782309502040677,0.05,200,20260905,True,True
2012H2-E,all,20260913,abs_log_oe,tabpfn@t1 - gbm,True,0.11858158360641324,0.11639176978803215,0.12118565368370379,0.001239273581673692,0.05,200,20260905,True,True
2012H2-E,all,20260913,abs_log_oe,tabpfn - gbm-50k,True,-0.15032839329160474,-0.15372514916394697,-0.14770054699683002,0.0015559288670099424,0.05,200,20260905,True,False
2012H2-E,all,20260913,abs_log_oe,tabicl - gbm-50k,True,-0.09819412711628783,-0.10116856364103179,-0.09574019743166083,0.0014662620078887043,0.05,200,20260905,True,False
2012H2-E,all,20260913,abs_log_oe,tabicl@t1 - gbm-50k,True,0.21251189259959968,0.21024077404101763,0.21475073698976438,0.0011971183084634133,0.05,200,20260905,True,True
2012H2-E,all,20260913,abs_log_oe,tabpfn@t1 - gbm-50k,True,0.164916006969817,0.16242680777217497,0.1671188519708317,0.001269392962646383,0.05,200,20260905,True,True
2012H2-E,all,20260913,abs_log_oe,tabicl - tabpfn,True,0.05213426617531691,0.05082885912489517,0.053495074130067724,0.0006941487201753252,0.05,200,20260905,True,False
2012H2-E,all,20260913,abs_log_oe,tabicl@t1 - tabpfn,True,0.36284028589120443,0.36147539128808887,0.36442047893093255,0.0007935870832556722,0.05,200,20260905,True,True
2012H2-E,all,20260913,abs_log_oe,tabpfn@t1 - tabpfn,True,0.31524440026142175,0.314527744438977,0.316258724130773,0.00045649504358188236,0.05,200,20260905,True,True
2012H2-E,all,20260913,abs_log_oe,tabicl@t1 - tabicl,True,0.3107060197158875,0.3100492343006679,0.31167135404245694,0.00043973818833102657,0.05,200,20260905,True,True
2012H2-E,all,20260913,abs_log_oe,tabpfn@t1 - tabicl,True,0.26311013408610484,0.261763330077544,0.2644447199180253,0.000727615987940499,0.05,200,20260905,True,True
2012H2-E,all,20260913,abs_log_oe,tabpfn@t1 - tabicl@t1,True,-0.047595885629782675,-0.04868121298665373,-0.04654953597345995,0.0005487373740200335,0.05,200,20260905,True,True
2012H2-E,all,20260913,cox_slope_deviation,scorecard,False,0.22394082694953663,0.19635295091694516,0.25349247238338457,0.015812285339710595,0.05,200,20260905,,False
2012H2-E,all,20260913,cox_slope_deviation,gbm,False,0.21175178699174313,0.18646731302098474,0.24202015530559678,0.013839665432112748,0.05,200,20260905,,False
2012H2-E,all,20260913,cox_slope_deviation,gbm-50k,False,0.15597739522298365,0.13922799575741354,0.19301995997232985,0.014601452777103799,0.05,200,20260905,,False
2012H2-E,all,20260913,cox_slope_deviation,tabpfn,False,0.41730374247511887,0.3930175348966969,0.4447699147820981,0.013688428182415268,0.05,200,20260905,,False
2012H2-E,all,20260913,cox_slope_deviation,tabicl,False,0.4072605812284072,0.3806536167023091,0.43684986234470474,0.014146011450612919,0.05,200,20260905,,False
2012H2-E,all,20260913,cox_slope_deviation,tabicl@t1,False,0.341400645809341,0.31461893092371684,0.37427762482745,0.015377161859930096,0.05,200,20260905,,True
2012H2-E,all,20260913,cox_slope_deviation,tabpfn@t1,False,0.3525597138612431,0.3262468139979486,0.3830776830912199,0.015116889288223623,0.05,200,20260905,,True
2012H2-E,all,20260913,cox_slope_deviation,gbm - scorecard,True,-0.012189039957793496,-0.025945039420119415,0.0018596409325042163,0.006845134658893838,0.05,200,20260905,False,False
2012H2-E,all,20260913,cox_slope_deviation,gbm-50k - scorecard,True,-0.06796343172655298,-0.0828251315534655,-0.039035537697360304,0.011562153734491628,0.05,200,20260905,True,False
2012H2-E,all,20260913,cox_slope_deviation,tabpfn - scorecard,True,0.19336291552558224,0.17494434993299346,0.20902589557877982,0.00886889984936803,0.05,200,20260905,True,False
2012H2-E,all,20260913,cox_slope_deviation,tabicl - scorecard,True,0.18331975427887057,0.16561193799337665,0.19936145688038245,0.00860488394153918,0.05,200,20260905,True,False
2012H2-E,all,20260913,cox_slope_deviation,tabicl@t1 - scorecard,True,0.11745981885980436,0.10053508988797542,0.13217353482310928,0.00859638394880058,0.05,200,20260905,True,True
2012H2-E,all,20260913,cox_slope_deviation,tabpfn@t1 - scorecard,True,0.12861888691170645,0.11142297624864304,0.14337837786540167,0.0089728095747981,0.05,200,20260905,True,True
2012H2-E,all,20260913,cox_slope_deviation,gbm-50k - gbm,True,-0.05577439176875948,-0.0658567435351101,-0.029350204032153934,0.00936482889333063,0.05,200,20260905,True,False
2012H2-E,all,20260913,cox_slope_deviation,tabpfn - gbm,True,0.20555195548337574,0.19139686627221794,0.2157815873328951,0.006631102957385007,0.05,200,20260905,True,False
2012H2-E,all,20260913,cox_slope_deviation,tabicl - gbm,True,0.19550879423666406,0.17982706283863287,0.2066306948333015,0.006675800200560374,0.05,200,20260905,True,False
2012H2-E,all,20260913,cox_slope_deviation,tabicl@t1 - gbm,True,0.12964885881759786,0.11572481048317104,0.14165226245353651,0.0067646114247730945,0.05,200,20260905,True,True
2012H2-E,all,20260913,cox_slope_deviation,tabpfn@t1 - gbm,True,0.14080792686949994,0.12541960335970403,0.15170548166382022,0.0069147968662145835,0.05,200,20260905,True,True
2012H2-E,all,20260913,cox_slope_deviation,tabpfn - gbm-50k,True,0.2613263472521352,0.22766846716644273,0.2748694555892368,0.01165487781350091,0.05,200,20260905,True,False
2012H2-E,all,20260913,cox_slope_deviation,tabicl - gbm-50k,True,0.25128318600542354,0.21566740584429334,0.26434966787302383,0.01198977373096112,0.05,200,20260905,True,False
2012H2-E,all,20260913,cox_slope_deviation,tabicl@t1 - gbm-50k,True,0.18542325058635734,0.15018946327585508,0.1981285760872058,0.012159487875710313,0.05,200,20260905,True,True
2012H2-E,all,20260913,cox_slope_deviation,tabpfn@t1 - gbm-50k,True,0.19658231863825942,0.16177232022564533,0.21065328013034068,0.012175765963693993,0.05,200,20260905,True,True
2012H2-E,all,20260913,cox_slope_deviation,tabicl - tabpfn,True,-0.010043161246711674,-0.01413711971609877,-0.005342958475958344,0.0023298877320250457,0.05,200,20260905,True,False
2012H2-E,all,20260913,cox_slope_deviation,tabicl@t1 - tabpfn,True,-0.07590309666577788,-0.08105635203523934,-0.06811258473081319,0.003352239743913947,0.05,200,20260905,True,True
2012H2-E,all,20260913,cox_slope_deviation,tabpfn@t1 - tabpfn,True,-0.06474402861387579,-0.06737531860020467,-0.06125466403244195,0.0017194672743440968,0.05,200,20260905,True,True
2012H2-E,all,20260913,cox_slope_deviation,tabicl@t1 - tabicl,True,-0.0658599354190662,-0.06834103514301598,-0.0592188588658471,0.002206719938523488,0.05,200,20260905,True,True
2012H2-E,all,20260913,cox_slope_deviation,tabpfn@t1 - tabicl,True,-0.05470086736716412,-0.06007967896813106,-0.049886992800946835,0.0027699565197547025,0.05,200,20260905,True,True
2012H2-E,all,20260913,cox_slope_deviation,tabpfn@t1 - tabicl@t1,True,0.011159068051902088,0.005160016847913206,0.015509821672690426,0.002743719086615923,0.05,200,20260905,True,True
2012H2-E,all,20260913,psi,scorecard,False,0.1231813414819394,0.12166210933644699,0.12583162318280117,0.0011278857631835503,0.05,200,20260905,,False
2012H2-E,all,20260913,psi,gbm,False,0.08485694384937244,0.08369952161119242,0.08700208532417794,0.0008817905098130857,0.05,200,20260905,,False
2012H2-E,all,20260913,psi,gbm-50k,False,0.11914512256599785,0.11751454146013282,0.12144814286542942,0.0010576901023525884,0.05,200,20260905,,False
2012H2-E,all,20260913,psi,tabpfn,False,0.10425590005844132,0.10264261411814966,0.10631902907539942,0.000986774886270902,0.05,200,20260905,,False
2012H2-E,all,20260913,psi,tabicl,False,0.12352826716699837,0.1218350243364495,0.12595265373952116,0.0010641267933753952,0.05,200,20260905,,False
2012H2-E,all,20260913,psi,tabicl@t1,False,0.12352826716699837,0.1218350243364495,0.12595265373952116,0.0010641267933753952,0.05,200,20260905,,True
2012H2-E,all,20260913,psi,tabpfn@t1,False,0.10425590005844132,0.10264261411814966,0.10631902907539942,0.000986774886270902,0.05,200,20260905,,True
2012H2-E,all,20260913,psi,gbm - scorecard,True,-0.03832439763256697,-0.03934407604143917,-0.037267331394717246,0.0005506480569267547,0.05,200,20260905,True,False
2012H2-E,all,20260913,psi,gbm-50k - scorecard,True,-0.004036218915941553,-0.0052299252651070004,-0.0030174232973335874,0.0005499653965272415,0.05,200,20260905,True,False
2012H2-E,all,20260913,psi,tabpfn - scorecard,True,-0.018925441423498085,-0.020223087882222757,-0.017689647170993632,0.0006821880190787284,0.05,200,20260905,True,False
2012H2-E,all,20260913,psi,tabicl - scorecard,True,0.0003469256850589658,-0.0008357313087066172,0.0013502741096403086,0.0005769920654133836,0.05,200,20260905,False,False
2012H2-E,all,20260913,psi,tabicl@t1 - scorecard,True,0.0003469256850589658,-0.0008357313087066172,0.0013502741096403086,0.0005769920654133836,0.05,200,20260905,False,True
2012H2-E,all,20260913,psi,tabpfn@t1 - scorecard,True,-0.018925441423498085,-0.020223087882222757,-0.017689647170993632,0.0006821880190787284,0.05,200,20260905,True,True
2012H2-E,all,20260913,psi,gbm-50k - gbm,True,0.034288178716625414,0.03332499858797557,0.035258918611884314,0.0005099912722474393,0.05,200,20260905,True,False
2012H2-E,all,20260913,psi,tabpfn - gbm,True,0.019398956209068882,0.018358814032714676,0.020503103215614302,0.0005694711562291544,0.05,200,20260905,True,False
2012H2-E,all,20260913,psi,tabicl - gbm,True,0.03867132331762593,0.03762295260912019,0.03974624268886038,0.0005457822888105331,0.05,200,20260905,True,False
2012H2-E,all,20260913,psi,tabicl@t1 - gbm,True,0.03867132331762593,0.03762295260912019,0.03974624268886038,0.0005457822888105331,0.05,200,20260905,True,True
2012H2-E,all,20260913,psi,tabpfn@t1 - gbm,True,0.019398956209068882,0.018358814032714676,0.020503103215614302,0.0005694711562291544,0.05,200,20260905,True,True
2012H2-E,all,20260913,psi,tabpfn - gbm-50k,True,-0.014889222507556532,-0.015979371945227507,-0.013697280519652308,0.0005811883380007297,0.05,200,20260905,True,False
2012H2-E,all,20260913,psi,tabicl - gbm-50k,True,0.004383144601000519,0.0034669378950229757,0.005566012377884869,0.0005417531004260679,0.05,200,20260905,True,False
2012H2-E,all,20260913,psi,tabicl@t1 - gbm-50k,True,0.004383144601000519,0.0034669378950229757,0.005566012377884869,0.0005417531004260679,0.05,200,20260905,True,True
2012H2-E,all,20260913,psi,tabpfn@t1 - gbm-50k,True,-0.014889222507556532,-0.015979371945227507,-0.013697280519652308,0.0005811883380007297,0.05,200,20260905,True,True
2012H2-E,all,20260913,psi,tabicl - tabpfn,True,0.01927236710855705,0.018611933604306324,0.01996992990756274,0.00033793309922246895,0.05,200,20260905,True,False
2012H2-E,all,20260913,psi,tabicl@t1 - tabpfn,True,0.01927236710855705,0.018611933604306324,0.01996992990756274,0.00033793309922246895,0.05,200,20260905,True,True
2012H2-E,all,20260913,psi,tabpfn@t1 - tabpfn,True,0.0,0.0,0.0,0.0,0.05,200,20260905,False,True
2012H2-E,all,20260913,psi,tabicl@t1 - tabicl,True,0.0,0.0,0.0,0.0,0.05,200,20260905,False,True
2012H2-E,all,20260913,psi,tabpfn@t1 - tabicl,True,-0.01927236710855705,-0.019969929907562738,-0.018611933604306324,0.00033793309922246895,0.05,200,20260905,True,True
2012H2-E,all,20260913,psi,tabpfn@t1 - tabicl@t1,True,-0.01927236710855705,-0.019969929907562738,-0.018611933604306324,0.00033793309922246895,0.05,200,20260905,True,True
