build_id,bootstrap_seed,cohorts,metric,pair,value,ci_lo,ci_hi,se,alpha,resamples,seed,excludes_zero
2012H2-R,20260905,all,gini,gbm - scorecard,0.018724614437915066,0.010885972612262335,0.026275956299647553,0.0039024644426324485,0.05,200,20260905,True
2012H2-R,20260905,all,gini,gbm-50k - scorecard,0.006217665440202302,-0.003969364124570395,0.016577866034728533,0.005205750567839288,0.05,200,20260905,False
2012H2-R,20260905,all,gini,tabpfn - scorecard,0.019719509887097846,0.004321013037262628,0.032826018753412525,0.007463323444498544,0.05,200,20260905,True
2012H2-R,20260905,all,gini,tabicl - scorecard,0.024098599570674544,0.009905973260885695,0.0354886194203434,0.0071117913147696376,0.05,200,20260905,True
2012H2-R,20260905,all,gini,tabicl@t1 - scorecard,0.024098599570674544,0.009905973260885695,0.0354886194203434,0.0071117913147696376,0.05,200,20260905,True
2012H2-R,20260905,all,gini,tabpfn@t1 - scorecard,0.019719509887097846,0.004321013037262628,0.032826018753412525,0.007463323444498544,0.05,200,20260905,True
2012H2-R,20260905,all,gini,gbm-50k - gbm,-0.012506948997712763,-0.01885355393243934,-0.004886168367746251,0.0037737219288786006,0.05,200,20260905,True
2012H2-R,20260905,all,gini,tabpfn - gbm,0.0009948954491827793,-0.010006851448488573,0.011495569716690883,0.006312443825090994,0.05,200,20260905,False
2012H2-R,20260905,all,gini,tabicl - gbm,0.005373985132759477,-0.005576176532175495,0.014044956010746257,0.006201947874128607,0.05,200,20260905,False
2012H2-R,20260905,all,gini,tabicl@t1 - gbm,0.005373985132759477,-0.005576176532175495,0.014044956010746257,0.006201947874128607,0.05,200,20260905,False
2012H2-R,20260905,all,gini,tabpfn@t1 - gbm,0.0009948954491827793,-0.010006851448488573,0.011495569716690883,0.006312443825090994,0.05,200,20260905,False
2012H2-R,20260905,all,gini,tabpfn - gbm-50k,0.013501844446895542,0.0012247936200519645,0.025218186568136052,0.006306425750540786,0.05,200,20260905,True
2012H2-R,20260905,all,gini,tabicl - gbm-50k,0.017880934130472242,0.006449736035555212,0.030417216410069812,0.00665946760400449,0.05,200,20260905,True
2012H2-R,20260905,all,gini,tabicl@t1 - gbm-50k,0.017880934130472242,0.006449736035555212,0.030417216410069812,0.00665946760400449,0.05,200,20260905,True
2012H2-R,20260905,all,gini,tabpfn@t1 - gbm-50k,0.013501844446895542,0.0012247936200519645,0.025218186568136052,0.006306425750540786,0.05,200,20260905,True
2012H2-R,20260905,all,gini,tabicl - tabpfn,0.004379089683576698,-0.00024069478353885834,0.0096477848645324,0.0026564357606855666,0.05,200,20260905,False
2012H2-R,20260905,all,gini,tabicl@t1 - tabpfn,0.004379089683576698,-0.00024069478353885834,0.0096477848645324,0.0026564357606855666,0.05,200,20260905,False
2012H2-R,20260905,all,gini,tabpfn@t1 - tabpfn,0.0,0.0,0.0,0.0,0.05,200,20260905,False
2012H2-R,20260905,all,gini,tabicl@t1 - tabicl,0.0,0.0,0.0,0.0,0.05,200,20260905,False
2012H2-R,20260905,all,gini,tabpfn@t1 - tabicl,-0.004379089683576698,-0.0096477848645324,0.00024069478353885937,0.0026564357606855666,0.05,200,20260905,False
2012H2-R,20260905,all,gini,tabpfn@t1 - tabicl@t1,-0.004379089683576698,-0.0096477848645324,0.00024069478353885937,0.0026564357606855666,0.05,200,20260905,False
2012H2-R,20260905,all,abs_log_oe,gbm - scorecard,-0.11538612768874423,-0.1369847673771164,-0.09490334558333424,0.010599535403382019,0.05,200,20260905,True
2012H2-R,20260905,all,abs_log_oe,gbm-50k - scorecard,-0.1391396444780725,-0.18614190518218449,-0.10464681022088726,0.02654594005808741,0.05,200,20260905,True
2012H2-R,20260905,all,abs_log_oe,tabpfn - scorecard,-0.31224366710488316,-0.37335047951754496,-0.2573077328244334,0.03549851980360802,0.05,200,20260905,True
2012H2-R,20260905,all,abs_log_oe,tabicl - scorecard,-0.27270900853166863,-0.3019831729168553,-0.24348502945550607,0.016388371031174756,0.05,200,20260905,True
2012H2-R,20260905,all,abs_log_oe,tabicl@t1 - scorecard,-0.05378746510930069,-0.08821833452271327,-0.02554435365534833,0.016971593852331983,0.05,200,20260905,True
2012H2-R,20260905,all,abs_log_oe,tabpfn@t1 - scorecard,-0.09839728604200626,-0.15060755568819342,-0.049173543106619894,0.03354892989407024,0.05,200,20260905,True
2012H2-R,20260905,all,abs_log_oe,gbm-50k - gbm,-0.023753516789328282,-0.05716841479453478,-0.005575495134784111,0.022805413582873697,0.05,200,20260905,True
2012H2-R,20260905,all,abs_log_oe,tabpfn - gbm,-0.19685753941613893,-0.24870848413280172,-0.15210109843278208,0.03166304888198562,0.05,200,20260905,True
2012H2-R,20260905,all,abs_log_oe,tabicl - gbm,-0.15732288084292442,-0.17921291845040893,-0.13646355282260758,0.011213805122159052,0.05,200,20260905,True
2012H2-R,20260905,all,abs_log_oe,tabicl@t1 - gbm,0.06159866257944354,0.042116928709175834,0.07690640805084542,0.013191103201092402,0.05,200,20260905,True
2012H2-R,20260905,all,abs_log_oe,tabpfn@t1 - gbm,0.016988841646737973,-0.021370347898731438,0.052626430181213095,0.029717219347545912,0.05,200,20260905,False
2012H2-R,20260905,all,abs_log_oe,tabpfn - gbm-50k,-0.17310402262681066,-0.19501250792939415,-0.14322497515281574,0.01495477249694531,0.05,200,20260905,True
2012H2-R,20260905,all,abs_log_oe,tabicl - gbm-50k,-0.13356936405359612,-0.1726081982857002,-0.08667124702884728,0.028824584782479793,0.05,200,20260905,True
2012H2-R,20260905,all,abs_log_oe,tabicl@t1 - gbm-50k,0.08535217936877182,0.048331588653604395,0.13302786161767355,0.03349967129865087,0.05,200,20260905,True
2012H2-R,20260905,all,abs_log_oe,tabpfn@t1 - gbm-50k,0.04074235843606625,0.025204611631148597,0.06131479636275167,0.014248259809087768,0.05,200,20260905,True
2012H2-R,20260905,all,abs_log_oe,tabicl - tabpfn,0.03953465857321451,0.01265509083028984,0.08823956670827039,0.03280458937079379,0.05,200,20260905,True
2012H2-R,20260905,all,abs_log_oe,tabicl@t1 - tabpfn,0.25845620199558245,0.2188914483593173,0.3241260705504084,0.03858624212723859,0.05,200,20260905,True
2012H2-R,20260905,all,abs_log_oe,tabpfn@t1 - tabpfn,0.2138463810628769,0.20070066888101853,0.2295383036082763,0.007238469175750807,0.05,200,20260905,True
2012H2-R,20260905,all,abs_log_oe,tabicl@t1 - tabicl,0.21892154342236794,0.20363640443031564,0.23562757092936668,0.00841648060934945,0.05,200,20260905,True
2012H2-R,20260905,all,abs_log_oe,tabpfn@t1 - tabicl,0.1743117224896624,0.12397305203671391,0.21105061690075244,0.03156865865787935,0.05,200,20260905,True
2012H2-R,20260905,all,abs_log_oe,tabpfn@t1 - tabicl@t1,-0.04460982093270557,-0.09577694872820017,-0.014776962811089577,0.03602247443900248,0.05,200,20260905,True
2012H2-R,20260905,all,cox_slope_deviation,gbm - scorecard,-0.12465864287419275,-0.13537153186716047,-0.09093397302694296,0.012677142498335323,0.05,200,20260905,True
2012H2-R,20260905,all,cox_slope_deviation,gbm-50k - scorecard,-0.1288382330682276,-0.1499041749175404,-0.06750343193731928,0.02292730687864338,0.05,200,20260905,True
2012H2-R,20260905,all,cox_slope_deviation,tabpfn - scorecard,0.03575761885844514,0.011222573870893532,0.056050644833262164,0.011802994405383214,0.05,200,20260905,True
2012H2-R,20260905,all,cox_slope_deviation,tabicl - scorecard,0.0007757350453571158,-0.020206158791119647,0.01721532603580687,0.009258527497949524,0.05,200,20260905,False
2012H2-R,20260905,all,cox_slope_deviation,tabicl@t1 - scorecard,-0.08035787008189295,-0.09463925801579669,-0.055532331506462064,0.010572392746365296,0.05,200,20260905,True
2012H2-R,20260905,all,cox_slope_deviation,tabpfn@t1 - scorecard,-0.04317096015040491,-0.06728942777509217,-0.019109694667819862,0.013053646452505832,0.05,200,20260905,True
2012H2-R,20260905,all,cox_slope_deviation,gbm-50k - gbm,-0.004179590194034859,-0.026394032329566233,0.03978848143990892,0.01735447484994024,0.05,200,20260905,False
2012H2-R,20260905,all,cox_slope_deviation,tabpfn - gbm,0.16041626173263787,0.1184932175042172,0.17670026431185717,0.015748287749111013,0.05,200,20260905,True
2012H2-R,20260905,all,cox_slope_deviation,tabicl - gbm,0.12543437791954984,0.08439557247751897,0.13992536531216104,0.01439037510127247,0.05,200,20260905,True
2012H2-R,20260905,all,cox_slope_deviation,tabicl@t1 - gbm,0.04430077279229978,0.01634064163661431,0.062318012120736295,0.011278141263126075,0.05,200,20260905,True
2012H2-R,20260905,all,cox_slope_deviation,tabpfn@t1 - gbm,0.08148768272378783,0.040943169133708476,0.09944210652471427,0.01571055986137224,0.05,200,20260905,True
2012H2-R,20260905,all,cox_slope_deviation,tabpfn - gbm-50k,0.16459585192667273,0.09164334941482978,0.1902698681692491,0.02748799767876011,0.05,200,20260905,True
2012H2-R,20260905,all,cox_slope_deviation,tabicl - gbm-50k,0.12961396811358472,0.0605447066484249,0.158932849642784,0.02588214458180476,0.05,200,20260905,True
2012H2-R,20260905,all,cox_slope_deviation,tabicl@t1 - gbm-50k,0.048480362986334645,-0.010349883175052534,0.07932598558563869,0.023400707862780278,0.05,200,20260905,False
2012H2-R,20260905,all,cox_slope_deviation,tabpfn@t1 - gbm-50k,0.08566727291782268,0.016638728605896557,0.11433920816157891,0.02748391492578327,0.05,200,20260905,True
2012H2-R,20260905,all,cox_slope_deviation,tabicl - tabpfn,-0.034981883813088026,-0.0454580375074287,-0.025630776105467726,0.005196356774073167,0.05,200,20260905,True
2012H2-R,20260905,all,cox_slope_deviation,tabicl@t1 - tabpfn,-0.11611548894033809,-0.12463958540511105,-0.08941601883039277,0.008548774132175758,0.05,200,20260905,True
2012H2-R,20260905,all,cox_slope_deviation,tabpfn@t1 - tabpfn,-0.07892857900885004,-0.08136383790440452,-0.06701111362686031,0.00399257712653753,0.05,200,20260905,True
2012H2-R,20260905,all,cox_slope_deviation,tabicl@t1 - tabicl,-0.08113360512725007,-0.08311474997724808,-0.05937169494460825,0.006601018703752598,0.05,200,20260905,True
2012H2-R,20260905,all,cox_slope_deviation,tabpfn@t1 - tabicl,-0.043946695195762026,-0.053251799168258306,-0.029173680370266002,0.006515394252578116,0.05,200,20260905,True
2012H2-R,20260905,all,cox_slope_deviation,tabpfn@t1 - tabicl@t1,0.037186909931488044,0.016791073998176413,0.047282356801220844,0.007872088500438757,0.05,200,20260905,True
2012H2-R,20260905,all,psi,gbm - scorecard,-0.04616832410833202,-0.04750688809181306,-0.04488600254244839,0.0006872717993020833,0.05,200,20260905,True
2012H2-R,20260905,all,psi,gbm-50k - scorecard,-0.046077914597845104,-0.05868228464762675,-0.024114877684646825,0.01525530134906802,0.05,200,20260905,True
2012H2-R,20260905,all,psi,tabpfn - scorecard,-0.0989172280534082,-0.114056890622754,-0.08343981882104151,0.011614950837946036,0.05,200,20260905,True
2012H2-R,20260905,all,psi,tabicl - scorecard,-0.05376764617481172,-0.0621600386576935,-0.03864343686948164,0.010180046730480237,0.05,200,20260905,True
2012H2-R,20260905,all,psi,tabicl@t1 - scorecard,-0.05376764617481172,-0.0621600386576935,-0.03864343686948164,0.010180046730480237,0.05,200,20260905,True
2012H2-R,20260905,all,psi,tabpfn@t1 - scorecard,-0.0989172280534082,-0.114056890622754,-0.08343981882104151,0.011614950837946036,0.05,200,20260905,True
2012H2-R,20260905,all,psi,gbm-50k - gbm,9.040951048691626e-05,-0.012160712962370118,0.02172273429250847,0.015183889713069228,0.05,200,20260905,False
2012H2-R,20260905,all,psi,tabpfn - gbm,-0.05274890394507619,-0.06750618367277768,-0.037610965979321,0.011538822274179955,0.05,200,20260905,True
2012H2-R,20260905,all,psi,tabicl - gbm,-0.007599322066479702,-0.015482325319622773,0.0070640031705355355,0.010104302360825249,0.05,200,20260905,False
2012H2-R,20260905,all,psi,tabicl@t1 - gbm,-0.007599322066479702,-0.015482325319622773,0.0070640031705355355,0.010104302360825249,0.05,200,20260905,False
2012H2-R,20260905,all,psi,tabpfn@t1 - gbm,-0.05274890394507619,-0.06750618367277768,-0.037610965979321,0.011538822274179955,0.05,200,20260905,True
2012H2-R,20260905,all,psi,tabpfn - gbm-50k,-0.05283931345556311,-0.06064545792066011,-0.043013681335018386,0.006800070548419818,0.05,200,20260905,True
2012H2-R,20260905,all,psi,tabicl - gbm-50k,-0.007689731576966619,-0.015589403521178588,-0.0021540750630915533,0.005203581531557341,0.05,200,20260905,True
2012H2-R,20260905,all,psi,tabicl@t1 - gbm-50k,-0.007689731576966619,-0.015589403521178588,-0.0021540750630915533,0.005203581531557341,0.05,200,20260905,True
2012H2-R,20260905,all,psi,tabpfn@t1 - gbm-50k,-0.05283931345556311,-0.06064545792066011,-0.043013681335018386,0.006800070548419818,0.05,200,20260905,True
2012H2-R,20260905,all,psi,tabicl - tabpfn,0.04514958187859649,0.03755345632428903,0.052962893307209144,0.005656559842784102,0.05,200,20260905,True
2012H2-R,20260905,all,psi,tabicl@t1 - tabpfn,0.04514958187859649,0.03755345632428903,0.052962893307209144,0.005656559842784102,0.05,200,20260905,True
2012H2-R,20260905,all,psi,tabpfn@t1 - tabpfn,0.0,0.0,0.0,0.0,0.05,200,20260905,False
2012H2-R,20260905,all,psi,tabicl@t1 - tabicl,0.0,0.0,0.0,0.0,0.05,200,20260905,False
2012H2-R,20260905,all,psi,tabpfn@t1 - tabicl,-0.04514958187859649,-0.052962893307209144,-0.03755345632428903,0.005656559842784102,0.05,200,20260905,True
2012H2-R,20260905,all,psi,tabpfn@t1 - tabicl@t1,-0.04514958187859649,-0.052962893307209144,-0.03755345632428903,0.005656559842784102,0.05,200,20260905,True
2012H2-R,20260905,nearest,gini,gbm - scorecard,0.039658264111022246,0.018236494064772284,0.06645257653965336,0.01299593382093564,0.05,200,20260905,True
2012H2-R,20260905,nearest,gini,gbm-50k - scorecard,0.031954626076622215,0.005592396558877314,0.06242976568637211,0.014722145646447334,0.05,200,20260905,True
2012H2-R,20260905,nearest,gini,tabpfn - scorecard,0.05690331341794511,0.03503976140533848,0.0858958195301691,0.0135718741220821,0.05,200,20260905,True
2012H2-R,20260905,nearest,gini,tabicl - scorecard,0.04929186374142643,0.028065290390724695,0.07298686281240836,0.012462517621920674,0.05,200,20260905,True
2012H2-R,20260905,nearest,gini,tabicl@t1 - scorecard,0.04929186374142643,0.028065290390724695,0.07298686281240836,0.012462517621920674,0.05,200,20260905,True
2012H2-R,20260905,nearest,gini,tabpfn@t1 - scorecard,0.05690331341794511,0.03503976140533848,0.0858958195301691,0.0135718741220821,0.05,200,20260905,True
2012H2-R,20260905,nearest,gini,gbm-50k - gbm,-0.007703638034400033,-0.022051521304947256,0.005564059639365169,0.0072733402364922395,0.05,200,20260905,False
2012H2-R,20260905,nearest,gini,tabpfn - gbm,0.01724504930692287,0.0018948489266614773,0.034597011958203444,0.008581188313016195,0.05,200,20260905,True
2012H2-R,20260905,nearest,gini,tabicl - gbm,0.009633599630404185,-0.005603442868987657,0.02567615094971209,0.00844175399811058,0.05,200,20260905,False
2012H2-R,20260905,nearest,gini,tabicl@t1 - gbm,0.009633599630404185,-0.005603442868987657,0.02567615094971209,0.00844175399811058,0.05,200,20260905,False
2012H2-R,20260905,nearest,gini,tabpfn@t1 - gbm,0.01724504930692287,0.0018948489266614773,0.034597011958203444,0.008581188313016195,0.05,200,20260905,True
2012H2-R,20260905,nearest,gini,tabpfn - gbm-50k,0.0249486873413229,0.009924687927108976,0.04023350425194288,0.009085072941115083,0.05,200,20260905,True
2012H2-R,20260905,nearest,gini,tabicl - gbm-50k,0.017337237664804217,0.0015425164721448812,0.03184873409105161,0.008447298508544967,0.05,200,20260905,True
2012H2-R,20260905,nearest,gini,tabicl@t1 - gbm-50k,0.017337237664804217,0.0015425164721448812,0.03184873409105161,0.008447298508544967,0.05,200,20260905,True
2012H2-R,20260905,nearest,gini,tabpfn@t1 - gbm-50k,0.0249486873413229,0.009924687927108976,0.04023350425194288,0.009085072941115083,0.05,200,20260905,True
2012H2-R,20260905,nearest,gini,tabicl - tabpfn,-0.007611449676518685,-0.017994353833323283,0.0012216093733773915,0.005257336855270173,0.05,200,20260905,False
2012H2-R,20260905,nearest,gini,tabicl@t1 - tabpfn,-0.007611449676518685,-0.017994353833323283,0.0012216093733773915,0.005257336855270173,0.05,200,20260905,False
2012H2-R,20260905,nearest,gini,tabpfn@t1 - tabpfn,0.0,0.0,0.0,0.0,0.05,200,20260905,False
2012H2-R,20260905,nearest,gini,tabicl@t1 - tabicl,0.0,0.0,0.0,0.0,0.05,200,20260905,False
2012H2-R,20260905,nearest,gini,tabpfn@t1 - tabicl,0.007611449676518685,-0.0012216093733773913,0.017994353833323283,0.005257336855270173,0.05,200,20260905,False
2012H2-R,20260905,nearest,gini,tabpfn@t1 - tabicl@t1,0.007611449676518685,-0.0012216093733773913,0.017994353833323283,0.005257336855270173,0.05,200,20260905,False
2012H2-R,20260905,nearest,abs_log_oe,gbm - scorecard,-0.06338255085995481,-0.07448862382595174,-0.0549669548481752,0.0049766696610910495,0.05,200,20260905,True
2012H2-R,20260905,nearest,abs_log_oe,gbm-50k - scorecard,-0.09751507437069817,-0.152422641027763,-0.0587008212491272,0.03510075272690329,0.05,200,20260905,True
2012H2-R,20260905,nearest,abs_log_oe,tabpfn - scorecard,-0.4043766091438486,-0.4674536068208971,-0.3561572803278415,0.04101640575081058,0.05,200,20260905,True
2012H2-R,20260905,nearest,abs_log_oe,tabicl - scorecard,-0.33088163241555996,-0.3524795819079689,-0.31485086110116833,0.010137964462032356,0.05,200,20260905,True
2012H2-R,20260905,nearest,abs_log_oe,tabicl@t1 - scorecard,0.00365113870026749,-0.019269499038045274,0.02056213205343662,0.011647324986180358,0.05,200,20260905,False
2012H2-R,20260905,nearest,abs_log_oe,tabpfn@t1 - scorecard,-0.06449693644511416,-0.11708756955305023,-0.019805413191004973,0.035246116357940435,0.05,200,20260905,True
2012H2-R,20260905,nearest,abs_log_oe,gbm-50k - gbm,-0.03413252351074336,-0.08312826174650716,-0.00021560860420250506,0.033670926541359815,0.05,200,20260905,True
2012H2-R,20260905,nearest,abs_log_oe,tabpfn - gbm,-0.3409940582838938,-0.39895052917602203,-0.2964581386218799,0.039512483006703535,0.05,200,20260905,True
2012H2-R,20260905,nearest,abs_log_oe,tabicl - gbm,-0.26749908155560514,-0.28447248964084754,-0.25588762124411574,0.008945333208613284,0.05,200,20260905,True
2012H2-R,20260905,nearest,abs_log_oe,tabicl@t1 - gbm,0.0670336895602223,0.04766869551622338,0.08185783120201923,0.01117984046545346,0.05,200,20260905,True
2012H2-R,20260905,nearest,abs_log_oe,tabpfn@t1 - gbm,-0.0011143855851593425,-0.04881784095516352,0.039844249466376463,0.0337604692819265,0.05,200,20260905,False
2012H2-R,20260905,nearest,abs_log_oe,tabpfn - gbm-50k,-0.3068615347731505,-0.3198494996407157,-0.2918972198518681,0.007812191161530935,0.05,200,20260905,True
2012H2-R,20260905,nearest,abs_log_oe,tabicl - gbm-50k,-0.2333665580448618,-0.2660719800493955,-0.17558503959648797,0.03667559532235604,0.05,200,20260905,True
2012H2-R,20260905,nearest,abs_log_oe,tabicl@t1 - gbm-50k,0.10116621307096567,0.06623635664419786,0.16264387201119193,0.040138170587377425,0.05,200,20260905,True
2012H2-R,20260905,nearest,abs_log_oe,tabpfn@t1 - gbm-50k,0.03301813792558402,0.019612243480496405,0.044279897004037505,0.006973640472496882,0.05,200,20260905,True
2012H2-R,20260905,nearest,abs_log_oe,tabicl - tabpfn,0.07349497672828868,0.03768087946077531,0.13482385215462842,0.041460548678790496,0.05,200,20260905,True
2012H2-R,20260905,nearest,abs_log_oe,tabicl@t1 - tabpfn,0.4080277478441161,0.3706958807726125,0.4751364822795425,0.044923627670853054,0.05,200,20260905,True
2012H2-R,20260905,nearest,abs_log_oe,tabpfn@t1 - tabpfn,0.3398796726987345,0.3319373019462082,0.35138722039374676,0.006713009700936841,0.05,200,20260905,True
2012H2-R,20260905,nearest,abs_log_oe,tabicl@t1 - tabicl,0.33453277111582747,0.32942460056641315,0.34170362821897454,0.003832341792486914,0.05,200,20260905,True
2012H2-R,20260905,nearest,abs_log_oe,tabpfn@t1 - tabicl,0.26638469597044584,0.21440827802294773,0.2995727287426896,0.035180936610935055,0.05,200,20260905,True
2012H2-R,20260905,nearest,abs_log_oe,tabpfn@t1 - tabicl@t1,-0.06814807514538164,-0.1247862449006593,-0.034259905781988384,0.038553059034587195,0.05,200,20260905,True
2012H2-R,20260905,nearest,cox_slope_deviation,gbm - scorecard,-0.13225885740299376,-0.17353980322486212,-0.041120800275110246,0.0317269033808429,0.05,200,20260905,True
2012H2-R,20260905,nearest,cox_slope_deviation,gbm-50k - scorecard,-0.13076033721963118,-0.22524126894558677,0.02426165738363712,0.06692984107525622,0.05,200,20260905,False
2012H2-R,20260905,nearest,cox_slope_deviation,tabpfn - scorecard,-0.017136443903622012,-0.08354190939589907,0.034816243015150815,0.030207669884643722,0.05,200,20260905,False
2012H2-R,20260905,nearest,cox_slope_deviation,tabicl - scorecard,-0.01986575304620236,-0.07740545865667134,0.03141178177883368,0.03121700587022823,0.05,200,20260905,False
2012H2-R,20260905,nearest,cox_slope_deviation,tabicl@t1 - scorecard,-0.11235661101173101,-0.16761096838864284,-0.03619558994245687,0.0359766931191233,0.05,200,20260905,True
2012H2-R,20260905,nearest,cox_slope_deviation,tabpfn@t1 - scorecard,-0.10932404529775314,-0.16242460482003587,-0.026519878574068127,0.036233915219878746,0.05,200,20260905,True
2012H2-R,20260905,nearest,cox_slope_deviation,gbm-50k - gbm,0.001498520183362569,-0.08065710367234714,0.12181074906698731,0.05291727798769829,0.05,200,20260905,False
2012H2-R,20260905,nearest,cox_slope_deviation,tabpfn - gbm,0.11512241349937175,0.027302257740171743,0.15705182816656796,0.03372822349238665,0.05,200,20260905,True
2012H2-R,20260905,nearest,cox_slope_deviation,tabicl - gbm,0.1123931043567914,0.02379893806754534,0.15532281157117714,0.034544603230602315,0.05,200,20260905,True
2012H2-R,20260905,nearest,cox_slope_deviation,tabicl@t1 - gbm,0.01990224639126274,-0.03231113292886274,0.07064269390934041,0.02717014687726554,0.05,200,20260905,False
2012H2-R,20260905,nearest,cox_slope_deviation,tabpfn@t1 - gbm,0.02293481210524062,-0.026189890332256743,0.07266003145902969,0.02599126275150968,0.05,200,20260905,False
2012H2-R,20260905,nearest,cox_slope_deviation,tabpfn - gbm-50k,0.11362389331600918,-0.06143885222687461,0.19639604169853705,0.07361347288088531,0.05,200,20260905,False
2012H2-R,20260905,nearest,cox_slope_deviation,tabicl - gbm-50k,0.11089458417342883,-0.07022236579079591,0.19341562394628473,0.07437657263510739,0.05,200,20260905,False
2012H2-R,20260905,nearest,cox_slope_deviation,tabicl@t1 - gbm-50k,0.018403726207900168,-0.12260369098382742,0.11140973020290068,0.0634416989711836,0.05,200,20260905,False
2012H2-R,20260905,nearest,cox_slope_deviation,tabpfn@t1 - gbm-50k,0.021436291921878053,-0.11774156370125978,0.10904138775615264,0.06277355047114873,0.05,200,20260905,False
2012H2-R,20260905,nearest,cox_slope_deviation,tabicl - tabpfn,-0.0027293091425803495,-0.02593024978059649,0.018122664399137022,0.011074114456465632,0.05,200,20260905,False
2012H2-R,20260905,nearest,cox_slope_deviation,tabicl@t1 - tabpfn,-0.095220167108109,-0.11426016055583542,-0.020875436107310696,0.025874400023171054,0.05,200,20260905,True
2012H2-R,20260905,nearest,cox_slope_deviation,tabpfn@t1 - tabpfn,-0.09218760139413112,-0.09722470625848907,-0.0019431437139405248,0.02516283517974165,0.05,200,20260905,True
2012H2-R,20260905,nearest,cox_slope_deviation,tabicl@t1 - tabicl,-0.09249085796552865,-0.09673581216270515,-0.004103696817451907,0.023255329048251686,0.05,200,20260905,True
2012H2-R,20260905,nearest,cox_slope_deviation,tabpfn@t1 - tabicl,-0.08945829225155078,-0.10596970327686177,-0.007080922016513849,0.025666282193004337,0.05,200,20260905,True
2012H2-R,20260905,nearest,cox_slope_deviation,tabpfn@t1 - tabicl@t1,0.0030325657139778825,-0.016599896890536106,0.024564570375254023,0.010886876392792302,0.05,200,20260905,False
2012H2-R,20260905,nearest,psi,gbm - scorecard,-0.004903096256604789,-0.008486777020511224,-0.0017707491868194588,0.0016777921322029016,0.05,200,20260905,True
2012H2-R,20260905,nearest,psi,gbm-50k - scorecard,-0.0021698018151116716,-0.017021503207713423,0.01592306786137469,0.01243136347611409,0.05,200,20260905,False
2012H2-R,20260905,nearest,psi,tabpfn - scorecard,-0.03571209373246898,-0.05507221474835327,-0.021174217695708153,0.012501347110981035,0.05,200,20260905,True
2012H2-R,20260905,nearest,psi,tabicl - scorecard,-0.006021465600527687,-0.019740768231662098,0.013599153367637692,0.01266044069014847,0.05,200,20260905,False
2012H2-R,20260905,nearest,psi,tabicl@t1 - scorecard,-0.006021465600527687,-0.019740768231662098,0.013599153367637692,0.01266044069014847,0.05,200,20260905,False
2012H2-R,20260905,nearest,psi,tabpfn@t1 - scorecard,-0.03571209373246898,-0.05507221474835327,-0.021174217695708153,0.012501347110981035,0.05,200,20260905,True
2012H2-R,20260905,nearest,psi,gbm-50k - gbm,0.002733294441493117,-0.011575381347596767,0.02028326479868428,0.012270079308995364,0.05,200,20260905,False
2012H2-R,20260905,nearest,psi,tabpfn - gbm,-0.03080899747586419,-0.05003581971387025,-0.01652047834722448,0.012365844074757085,0.05,200,20260905,True
2012H2-R,20260905,nearest,psi,tabicl - gbm,-0.001118369343922898,-0.014097378799659983,0.017930048466394222,0.012512580091740956,0.05,200,20260905,False
2012H2-R,20260905,nearest,psi,tabicl@t1 - gbm,-0.001118369343922898,-0.014097378799659983,0.017930048466394222,0.012512580091740956,0.05,200,20260905,False
2012H2-R,20260905,nearest,psi,tabpfn@t1 - gbm,-0.03080899747586419,-0.05003581971387025,-0.01652047834722448,0.012365844074757085,0.05,200,20260905,True
2012H2-R,20260905,nearest,psi,tabpfn - gbm-50k,-0.03354229191735731,-0.0408939558956541,-0.022332334211523502,0.006574536770073408,0.05,200,20260905,True
2012H2-R,20260905,nearest,psi,tabicl - gbm-50k,-0.003851663785416015,-0.007497812986775717,-4.444484083841961e-05,0.0019894468072769824,0.05,200,20260905,True
2012H2-R,20260905,nearest,psi,tabicl@t1 - gbm-50k,-0.003851663785416015,-0.007497812986775717,-4.444484083841961e-05,0.0019894468072769824,0.05,200,20260905,True
2012H2-R,20260905,nearest,psi,tabpfn@t1 - gbm-50k,-0.03354229191735731,-0.0408939558956541,-0.022332334211523502,0.006574536770073408,0.05,200,20260905,True
2012H2-R,20260905,nearest,psi,tabicl - tabpfn,0.02969062813194129,0.017146302468932614,0.037334647868660885,0.007737981434933801,0.05,200,20260905,True
2012H2-R,20260905,nearest,psi,tabicl@t1 - tabpfn,0.02969062813194129,0.017146302468932614,0.037334647868660885,0.007737981434933801,0.05,200,20260905,True
2012H2-R,20260905,nearest,psi,tabpfn@t1 - tabpfn,0.0,0.0,0.0,0.0,0.05,200,20260905,False
2012H2-R,20260905,nearest,psi,tabicl@t1 - tabicl,0.0,0.0,0.0,0.0,0.05,200,20260905,False
2012H2-R,20260905,nearest,psi,tabpfn@t1 - tabicl,-0.02969062813194129,-0.037334647868660885,-0.017146302468932614,0.007737981434933801,0.05,200,20260905,True
2012H2-R,20260905,nearest,psi,tabpfn@t1 - tabicl@t1,-0.02969062813194129,-0.037334647868660885,-0.017146302468932614,0.007737981434933801,0.05,200,20260905,True
2012H2-R,20260905,"all, cohorts resampled",gini,gbm - scorecard,0.018724614437915066,0.006574422648414549,0.03211042690988118,0.006668999953550277,0.05,200,20260905,True
2012H2-R,20260905,"all, cohorts resampled",gini,gbm-50k - scorecard,0.006217665440202302,-0.00944611717827478,0.020341661557625592,0.007430254068249302,0.05,200,20260905,False
2012H2-R,20260905,"all, cohorts resampled",gini,tabpfn - scorecard,0.019719509887097846,-0.00034474892945751597,0.03960083087892327,0.010706911772911267,0.05,200,20260905,False
2012H2-R,20260905,"all, cohorts resampled",gini,tabicl - scorecard,0.024098599570674544,0.002611617041882739,0.03984182210751121,0.009957131708985208,0.05,200,20260905,True
2012H2-R,20260905,"all, cohorts resampled",gini,tabicl@t1 - scorecard,0.024098599570674544,0.002611617041882739,0.03984182210751121,0.009957131708985208,0.05,200,20260905,True
2012H2-R,20260905,"all, cohorts resampled",gini,tabpfn@t1 - scorecard,0.019719509887097846,-0.00034474892945751597,0.03960083087892327,0.010706911772911267,0.05,200,20260905,False
2012H2-R,20260905,"all, cohorts resampled",gini,gbm-50k - gbm,-0.012506948997712763,-0.021838200644546175,-0.0034978780891292346,0.004963887618797076,0.05,200,20260905,True
2012H2-R,20260905,"all, cohorts resampled",gini,tabpfn - gbm,0.0009948954491827793,-0.013027588743661297,0.013241217503629306,0.00705875483113998,0.05,200,20260905,False
2012H2-R,20260905,"all, cohorts resampled",gini,tabicl - gbm,0.005373985132759477,-0.00851534544752169,0.01748405168131942,0.006687793581753411,0.05,200,20260905,False
2012H2-R,20260905,"all, cohorts resampled",gini,tabicl@t1 - gbm,0.005373985132759477,-0.00851534544752169,0.01748405168131942,0.006687793581753411,0.05,200,20260905,False
2012H2-R,20260905,"all, cohorts resampled",gini,tabpfn@t1 - gbm,0.0009948954491827793,-0.013027588743661297,0.013241217503629306,0.00705875483113998,0.05,200,20260905,False
2012H2-R,20260905,"all, cohorts resampled",gini,tabpfn - gbm-50k,0.013501844446895542,-0.0015125234857717154,0.028605744955213216,0.0076548762405545465,0.05,200,20260905,False
2012H2-R,20260905,"all, cohorts resampled",gini,tabicl - gbm-50k,0.017880934130472242,0.002602467246730514,0.031981517139598126,0.007697904605133463,0.05,200,20260905,True
2012H2-R,20260905,"all, cohorts resampled",gini,tabicl@t1 - gbm-50k,0.017880934130472242,0.002602467246730514,0.031981517139598126,0.007697904605133463,0.05,200,20260905,True
2012H2-R,20260905,"all, cohorts resampled",gini,tabpfn@t1 - gbm-50k,0.013501844446895542,-0.0015125234857717154,0.028605744955213216,0.0076548762405545465,0.05,200,20260905,False
2012H2-R,20260905,"all, cohorts resampled",gini,tabicl - tabpfn,0.004379089683576698,-0.0022302213717412976,0.010433315681262418,0.003299298409201739,0.05,200,20260905,False
2012H2-R,20260905,"all, cohorts resampled",gini,tabicl@t1 - tabpfn,0.004379089683576698,-0.0022302213717412976,0.010433315681262418,0.003299298409201739,0.05,200,20260905,False
2012H2-R,20260905,"all, cohorts resampled",gini,tabpfn@t1 - tabpfn,0.0,0.0,0.0,0.0,0.05,200,20260905,False
2012H2-R,20260905,"all, cohorts resampled",gini,tabicl@t1 - tabicl,0.0,0.0,0.0,0.0,0.05,200,20260905,False
2012H2-R,20260905,"all, cohorts resampled",gini,tabpfn@t1 - tabicl,-0.004379089683576698,-0.010433315681262417,0.002230221371741298,0.003299298409201739,0.05,200,20260905,False
2012H2-R,20260905,"all, cohorts resampled",gini,tabpfn@t1 - tabicl@t1,-0.004379089683576698,-0.010433315681262417,0.002230221371741298,0.003299298409201739,0.05,200,20260905,False
2012H2-R,20260905,"all, cohorts resampled",abs_log_oe,gbm - scorecard,-0.11538612768874423,-0.16050444211913964,-0.058663939445909856,0.026954973457869912,0.05,200,20260905,True
2012H2-R,20260905,"all, cohorts resampled",abs_log_oe,gbm-50k - scorecard,-0.1391396444780725,-0.22172821855229133,-0.06975809220775059,0.03759851078658995,0.05,200,20260905,True
2012H2-R,20260905,"all, cohorts resampled",abs_log_oe,tabpfn - scorecard,-0.31224366710488316,-0.5239033392565575,-0.12444757799667334,0.10722204924511608,0.05,200,20260905,True
2012H2-R,20260905,"all, cohorts resampled",abs_log_oe,tabicl - scorecard,-0.27270900853166863,-0.44178817241900026,-0.11945389484889207,0.08649114781841173,0.05,200,20260905,True
2012H2-R,20260905,"all, cohorts resampled",abs_log_oe,tabicl@t1 - scorecard,-0.05378746510930069,-0.10637423817936663,-0.004639502500212107,0.026075445561602597,0.05,200,20260905,True
2012H2-R,20260905,"all, cohorts resampled",abs_log_oe,tabpfn@t1 - scorecard,-0.09839728604200626,-0.19312424550232637,-0.02677266758742256,0.044826389696987934,0.05,200,20260905,True
2012H2-R,20260905,"all, cohorts resampled",abs_log_oe,gbm-50k - gbm,-0.023753516789328282,-0.07285973068617477,-0.0011181869995465824,0.024552133410228067,0.05,200,20260905,True
2012H2-R,20260905,"all, cohorts resampled",abs_log_oe,tabpfn - gbm,-0.19685753941613893,-0.38331734823353303,-0.05149401460451354,0.08605382891012478,0.05,200,20260905,True
2012H2-R,20260905,"all, cohorts resampled",abs_log_oe,tabicl - gbm,-0.15732288084292442,-0.2759514908454112,-0.03951860143734465,0.06375679028730125,0.05,200,20260905,True
2012H2-R,20260905,"all, cohorts resampled",abs_log_oe,tabicl@t1 - gbm,0.06159866257944354,0.03476121403406922,0.09250575956319394,0.016443965588563855,0.05,200,20260905,True
2012H2-R,20260905,"all, cohorts resampled",abs_log_oe,tabpfn@t1 - gbm,0.016988841646737973,-0.04508538124726562,0.05657808585638909,0.030635817722716882,0.05,200,20260905,False
2012H2-R,20260905,"all, cohorts resampled",abs_log_oe,tabpfn - gbm-50k,-0.17310402262681066,-0.3203318768941759,-0.02552771990766671,0.07907939282222542,0.05,200,20260905,True
2012H2-R,20260905,"all, cohorts resampled",abs_log_oe,tabicl - gbm-50k,-0.13356936405359612,-0.2719117231582514,-0.012264741408166068,0.0682860510983101,0.05,200,20260905,True
2012H2-R,20260905,"all, cohorts resampled",abs_log_oe,tabicl@t1 - gbm-50k,0.08535217936877182,0.04360662266585334,0.1650683561266592,0.037871161901749474,0.05,200,20260905,True
2012H2-R,20260905,"all, cohorts resampled",abs_log_oe,tabpfn@t1 - gbm-50k,0.04074235843606625,0.015566646123914122,0.06890914446253939,0.01549300144016832,0.05,200,20260905,True
2012H2-R,20260905,"all, cohorts resampled",abs_log_oe,tabicl - tabpfn,0.03953465857321451,-0.0007732910753695244,0.14366329919985016,0.039899218251138825,0.05,200,20260905,False
2012H2-R,20260905,"all, cohorts resampled",abs_log_oe,tabicl@t1 - tabpfn,0.25845620199558245,0.0881964381649174,0.4706069909044063,0.09650139586066285,0.05,200,20260905,True
2012H2-R,20260905,"all, cohorts resampled",abs_log_oe,tabpfn@t1 - tabpfn,0.2138463810628769,0.07795244273511766,0.355233931910589,0.07273980789890114,0.05,200,20260905,True
2012H2-R,20260905,"all, cohorts resampled",abs_log_oe,tabicl@t1 - tabicl,0.21892154342236794,0.088099896682094,0.36257668071310273,0.07097183918885468,0.05,200,20260905,True
2012H2-R,20260905,"all, cohorts resampled",abs_log_oe,tabpfn@t1 - tabicl,0.1743117224896624,0.06253534636717356,0.29449625307414934,0.06418882829360943,0.05,200,20260905,True
2012H2-R,20260905,"all, cohorts resampled",abs_log_oe,tabpfn@t1 - tabicl@t1,-0.04460982093270557,-0.13511918417081234,-0.0007753300109291199,0.040397923913832574,0.05,200,20260905,True
2012H2-R,20260905,"all, cohorts resampled",cox_slope_deviation,gbm - scorecard,-0.12465864287419275,-0.1489461687317525,-0.07777698205442962,0.019201212193915712,0.05,200,20260905,True
2012H2-R,20260905,"all, cohorts resampled",cox_slope_deviation,gbm-50k - scorecard,-0.1288382330682276,-0.16719072641872956,-0.029489661134958094,0.03583086198217122,0.05,200,20260905,True
2012H2-R,20260905,"all, cohorts resampled",cox_slope_deviation,tabpfn - scorecard,0.03575761885844514,0.0011435724472622102,0.06774857710047938,0.01757553530677844,0.05,200,20260905,True
2012H2-R,20260905,"all, cohorts resampled",cox_slope_deviation,tabicl - scorecard,0.0007757350453571158,-0.03226256355138447,0.028790828991902613,0.015768643757710164,0.05,200,20260905,False
2012H2-R,20260905,"all, cohorts resampled",cox_slope_deviation,tabicl@t1 - scorecard,-0.08035787008189295,-0.10780109429471409,-0.035944905481109304,0.017801206821637227,0.05,200,20260905,True
2012H2-R,20260905,"all, cohorts resampled",cox_slope_deviation,tabpfn@t1 - scorecard,-0.04317096015040491,-0.07882136798784482,-0.0039049923030171924,0.018796475912591683,0.05,200,20260905,True
2012H2-R,20260905,"all, cohorts resampled",cox_slope_deviation,gbm-50k - gbm,-0.004179590194034859,-0.038639268121454025,0.06013466851836257,0.02664421808067829,0.05,200,20260905,False
2012H2-R,20260905,"all, cohorts resampled",cox_slope_deviation,tabpfn - gbm,0.16041626173263787,0.11234909981455352,0.18179396125008565,0.018852590341572755,0.05,200,20260905,True
2012H2-R,20260905,"all, cohorts resampled",cox_slope_deviation,tabicl - gbm,0.12543437791954984,0.07594782424904978,0.14561220313416834,0.019073922405846166,0.05,200,20260905,True
2012H2-R,20260905,"all, cohorts resampled",cox_slope_deviation,tabicl@t1 - gbm,0.04430077279229978,0.00998587249005915,0.06632747359993008,0.01610365068849438,0.05,200,20260905,True
2012H2-R,20260905,"all, cohorts resampled",cox_slope_deviation,tabpfn@t1 - gbm,0.08148768272378783,0.033010172497980016,0.10547176109223177,0.01894209407670728,0.05,200,20260905,True
2012H2-R,20260905,"all, cohorts resampled",cox_slope_deviation,tabpfn - gbm-50k,0.16459585192667273,0.0671441269830141,0.20313551011581293,0.03775146967722457,0.05,200,20260905,True
2012H2-R,20260905,"all, cohorts resampled",cox_slope_deviation,tabicl - gbm-50k,0.12961396811358472,0.032478470092800166,0.17108395600099235,0.03823622272547538,0.05,200,20260905,True
2012H2-R,20260905,"all, cohorts resampled",cox_slope_deviation,tabicl@t1 - gbm-50k,0.048480362986334645,-0.04898207494453949,0.09377418811521175,0.03646912224015033,0.05,200,20260905,False
2012H2-R,20260905,"all, cohorts resampled",cox_slope_deviation,tabpfn@t1 - gbm-50k,0.08566727291782268,-0.017374350789210416,0.1281465486201127,0.03880401827409309,0.05,200,20260905,False
2012H2-R,20260905,"all, cohorts resampled",cox_slope_deviation,tabicl - tabpfn,-0.034981883813088026,-0.04910775267808513,-0.01974695291142072,0.008286658164453627,0.05,200,20260905,True
2012H2-R,20260905,"all, cohorts resampled",cox_slope_deviation,tabicl@t1 - tabpfn,-0.11611548894033809,-0.1262135805672687,-0.0840213367960105,0.011281624888258228,0.05,200,20260905,True
2012H2-R,20260905,"all, cohorts resampled",cox_slope_deviation,tabpfn@t1 - tabpfn,-0.07892857900885004,-0.08472351192314266,-0.06585461728778579,0.0049342125969224155,0.05,200,20260905,True
2012H2-R,20260905,"all, cohorts resampled",cox_slope_deviation,tabicl@t1 - tabicl,-0.08113360512725007,-0.08436140147892265,-0.054512448672745996,0.007772650979877878,0.05,200,20260905,True
2012H2-R,20260905,"all, cohorts resampled",cox_slope_deviation,tabpfn@t1 - tabicl,-0.043946695195762026,-0.05786452023682923,-0.027245822161986656,0.008756398649886941,0.05,200,20260905,True
2012H2-R,20260905,"all, cohorts resampled",cox_slope_deviation,tabpfn@t1 - tabicl@t1,0.037186909931488044,0.011812890155601156,0.04890469831790518,0.009709828018726668,0.05,200,20260905,True
2012H2-R,20260905,"all, cohorts resampled",psi,gbm - scorecard,-0.04616832410833202,-0.07085507309876678,-0.02216851901135149,0.012283648012172313,0.05,200,20260905,True
2012H2-R,20260905,"all, cohorts resampled",psi,gbm-50k - scorecard,-0.046077914597845104,-0.07542453505883505,-0.01062820615130019,0.01850646478706286,0.05,200,20260905,True
2012H2-R,20260905,"all, cohorts resampled",psi,tabpfn - scorecard,-0.0989172280534082,-0.1448759784221962,-0.05256535445277069,0.023625759559323896,0.05,200,20260905,True
2012H2-R,20260905,"all, cohorts resampled",psi,tabicl - scorecard,-0.05376764617481172,-0.08431690041969038,-0.01667172947155001,0.017662264869318853,0.05,200,20260905,True
2012H2-R,20260905,"all, cohorts resampled",psi,tabicl@t1 - scorecard,-0.05376764617481172,-0.08431690041969038,-0.01667172947155001,0.017662264869318853,0.05,200,20260905,True
2012H2-R,20260905,"all, cohorts resampled",psi,tabpfn@t1 - scorecard,-0.0989172280534082,-0.1448759784221962,-0.05256535445277069,0.023625759559323896,0.05,200,20260905,True
2012H2-R,20260905,"all, cohorts resampled",psi,gbm-50k - gbm,9.040951048691626e-05,-0.013757269230470794,0.02428166318336362,0.014691956645221231,0.05,200,20260905,False
2012H2-R,20260905,"all, cohorts resampled",psi,tabpfn - gbm,-0.05274890394507619,-0.07916101887794988,-0.027369912502269958,0.01454080657259064,0.05,200,20260905,True
2012H2-R,20260905,"all, cohorts resampled",psi,tabicl - gbm,-0.007599322066479702,-0.018452172909665804,0.011105066891217848,0.010175706213577685,0.05,200,20260905,False
2012H2-R,20260905,"all, cohorts resampled",psi,tabicl@t1 - gbm,-0.007599322066479702,-0.018452172909665804,0.011105066891217848,0.010175706213577685,0.05,200,20260905,False
2012H2-R,20260905,"all, cohorts resampled",psi,tabpfn@t1 - gbm,-0.05274890394507619,-0.07916101887794988,-0.027369912502269958,0.01454080657259064,0.05,200,20260905,True
2012H2-R,20260905,"all, cohorts resampled",psi,tabpfn - gbm-50k,-0.05283931345556311,-0.07094585978948809,-0.029106440109249742,0.011558465945338846,0.05,200,20260905,True
2012H2-R,20260905,"all, cohorts resampled",psi,tabicl - gbm-50k,-0.007689731576966619,-0.02126952722579173,0.0015780530492877339,0.00614522951528814,0.05,200,20260905,False
2012H2-R,20260905,"all, cohorts resampled",psi,tabicl@t1 - gbm-50k,-0.007689731576966619,-0.02126952722579173,0.0015780530492877339,0.00614522951528814,0.05,200,20260905,False
2012H2-R,20260905,"all, cohorts resampled",psi,tabpfn@t1 - gbm-50k,-0.05283931345556311,-0.07094585978948809,-0.029106440109249742,0.011558465945338846,0.05,200,20260905,True
2012H2-R,20260905,"all, cohorts resampled",psi,tabicl - tabpfn,0.04514958187859649,0.027354721456628442,0.061678414365903884,0.008730083117585158,0.05,200,20260905,True
2012H2-R,20260905,"all, cohorts resampled",psi,tabicl@t1 - tabpfn,0.04514958187859649,0.027354721456628442,0.061678414365903884,0.008730083117585158,0.05,200,20260905,True
2012H2-R,20260905,"all, cohorts resampled",psi,tabpfn@t1 - tabpfn,0.0,0.0,0.0,0.0,0.05,200,20260905,False
2012H2-R,20260905,"all, cohorts resampled",psi,tabicl@t1 - tabicl,0.0,0.0,0.0,0.0,0.05,200,20260905,False
2012H2-R,20260905,"all, cohorts resampled",psi,tabpfn@t1 - tabicl,-0.04514958187859649,-0.061678414365903884,-0.027354721456628435,0.008730083117585158,0.05,200,20260905,True
2012H2-R,20260905,"all, cohorts resampled",psi,tabpfn@t1 - tabicl@t1,-0.04514958187859649,-0.061678414365903884,-0.027354721456628435,0.008730083117585158,0.05,200,20260905,True
2012H2-R,20260906,all,gini,gbm - scorecard,0.018724614437915066,0.011071999361002175,0.025954122356901466,0.0040964412790054205,0.05,200,20260906,True
2012H2-R,20260906,all,gini,gbm-50k - scorecard,0.006217665440202302,-0.0038311248276326816,0.01659486124492794,0.005199042208465684,0.05,200,20260906,False
2012H2-R,20260906,all,gini,tabpfn - scorecard,0.019719509887097846,0.006021027728422299,0.031179257785328478,0.00685667446619442,0.05,200,20260906,True
2012H2-R,20260906,all,gini,tabicl - scorecard,0.024098599570674544,0.010186634570460719,0.03542068018819601,0.006963088232352099,0.05,200,20260906,True
2012H2-R,20260906,all,gini,tabicl@t1 - scorecard,0.024098599570674544,0.010186634570460719,0.03542068018819601,0.006963088232352099,0.05,200,20260906,True
2012H2-R,20260906,all,gini,tabpfn@t1 - scorecard,0.019719509887097846,0.006021027728422299,0.031179257785328478,0.00685667446619442,0.05,200,20260906,True
2012H2-R,20260906,all,gini,gbm-50k - gbm,-0.012506948997712763,-0.02012095228253358,-0.0039655569678495785,0.004025251006607982,0.05,200,20260906,True
2012H2-R,20260906,all,gini,tabpfn - gbm,0.0009948954491827793,-0.010407244987956107,0.010717807382425878,0.0057651232438253605,0.05,200,20260906,False
2012H2-R,20260906,all,gini,tabicl - gbm,0.005373985132759477,-0.0062388428128753335,0.013656574100924574,0.00609324588408711,0.05,200,20260906,False
2012H2-R,20260906,all,gini,tabicl@t1 - gbm,0.005373985132759477,-0.0062388428128753335,0.013656574100924574,0.00609324588408711,0.05,200,20260906,False
2012H2-R,20260906,all,gini,tabpfn@t1 - gbm,0.0009948954491827793,-0.010407244987956107,0.010717807382425878,0.0057651232438253605,0.05,200,20260906,False
2012H2-R,20260906,all,gini,tabpfn - gbm-50k,0.013501844446895542,0.002976366607488318,0.025033397030463086,0.0060260830827262996,0.05,200,20260906,True
2012H2-R,20260906,all,gini,tabicl - gbm-50k,0.017880934130472242,0.005173533135498451,0.029827421876412286,0.006912749064683678,0.05,200,20260906,True
2012H2-R,20260906,all,gini,tabicl@t1 - gbm-50k,0.017880934130472242,0.005173533135498451,0.029827421876412286,0.006912749064683678,0.05,200,20260906,True
2012H2-R,20260906,all,gini,tabpfn@t1 - gbm-50k,0.013501844446895542,0.002976366607488318,0.025033397030463086,0.0060260830827262996,0.05,200,20260906,True
2012H2-R,20260906,all,gini,tabicl - tabpfn,0.004379089683576698,-7.690720659026814e-05,0.009286971124836238,0.0024791549995532487,0.05,200,20260906,False
2012H2-R,20260906,all,gini,tabicl@t1 - tabpfn,0.004379089683576698,-7.690720659026814e-05,0.009286971124836238,0.0024791549995532487,0.05,200,20260906,False
2012H2-R,20260906,all,gini,tabpfn@t1 - tabpfn,0.0,0.0,0.0,0.0,0.05,200,20260906,False
2012H2-R,20260906,all,gini,tabicl@t1 - tabicl,0.0,0.0,0.0,0.0,0.05,200,20260906,False
2012H2-R,20260906,all,gini,tabpfn@t1 - tabicl,-0.004379089683576698,-0.009286971124836238,7.690720659026859e-05,0.0024791549995532487,0.05,200,20260906,False
2012H2-R,20260906,all,gini,tabpfn@t1 - tabicl@t1,-0.004379089683576698,-0.009286971124836238,7.690720659026859e-05,0.0024791549995532487,0.05,200,20260906,False
2012H2-R,20260906,all,abs_log_oe,gbm - scorecard,-0.11538612768874423,-0.13732057411129045,-0.0949739354949425,0.010634081815536132,0.05,200,20260906,True
2012H2-R,20260906,all,abs_log_oe,gbm-50k - scorecard,-0.1391396444780725,-0.19036070459321358,-0.1039457989283963,0.02697391264204691,0.05,200,20260906,True
2012H2-R,20260906,all,abs_log_oe,tabpfn - scorecard,-0.31224366710488316,-0.3741618177967259,-0.2609303965070412,0.03523723251465425,0.05,200,20260906,True
2012H2-R,20260906,all,abs_log_oe,tabicl - scorecard,-0.27270900853166863,-0.3029985127926215,-0.24371411813238708,0.016070721340899492,0.05,200,20260906,True
2012H2-R,20260906,all,abs_log_oe,tabicl@t1 - scorecard,-0.05378746510930069,-0.08329487633584794,-0.026466091552960015,0.016452074880627977,0.05,200,20260906,True
2012H2-R,20260906,all,abs_log_oe,tabpfn@t1 - scorecard,-0.09839728604200626,-0.15563904919707605,-0.047147684736429635,0.0332563431820881,0.05,200,20260906,True
2012H2-R,20260906,all,abs_log_oe,gbm-50k - gbm,-0.023753516789328282,-0.05734283509606933,-0.005122359482219918,0.02343846806553767,0.05,200,20260906,True
2012H2-R,20260906,all,abs_log_oe,tabpfn - gbm,-0.19685753941613893,-0.2466647422845219,-0.1530091928188809,0.032085315826976955,0.05,200,20260906,True
2012H2-R,20260906,all,abs_log_oe,tabicl - gbm,-0.15732288084292442,-0.17929632368366,-0.1377545623593432,0.011886552024069963,0.05,200,20260906,True
2012H2-R,20260906,all,abs_log_oe,tabicl@t1 - gbm,0.06159866257944354,0.04195631016711465,0.07666946875728556,0.013318928211818818,0.05,200,20260906,True
2012H2-R,20260906,all,abs_log_oe,tabpfn@t1 - gbm,0.016988841646737973,-0.021651150424144384,0.052470631055680686,0.030069295925056392,0.05,200,20260906,False
2012H2-R,20260906,all,abs_log_oe,tabpfn - gbm-50k,-0.17310402262681066,-0.19297650335791094,-0.1447393717592276,0.015210711785860531,0.05,200,20260906,True
2012H2-R,20260906,all,abs_log_oe,tabicl - gbm-50k,-0.13356936405359612,-0.17236028565352576,-0.08609762675098082,0.030136906218629154,0.05,200,20260906,True
2012H2-R,20260906,all,abs_log_oe,tabicl@t1 - gbm-50k,0.08535217936877182,0.04813359605184229,0.1330216338958391,0.03445753746073349,0.05,200,20260906,True
2012H2-R,20260906,all,abs_log_oe,tabpfn@t1 - gbm-50k,0.04074235843606625,0.024829878425163966,0.061731331122643826,0.0138716042118147,0.05,200,20260906,True
2012H2-R,20260906,all,abs_log_oe,tabicl - tabpfn,0.03953465857321451,0.01278733313119899,0.08709315462495883,0.03363993503158097,0.05,200,20260906,True
2012H2-R,20260906,all,abs_log_oe,tabicl@t1 - tabpfn,0.25845620199558245,0.21923080109699722,0.32164774324890205,0.03929609244024773,0.05,200,20260906,True
2012H2-R,20260906,all,abs_log_oe,tabpfn@t1 - tabpfn,0.2138463810628769,0.20164254552109287,0.22760422949360073,0.006773952642448412,0.05,200,20260906,True
2012H2-R,20260906,all,abs_log_oe,tabicl@t1 - tabicl,0.21892154342236794,0.2040792806771925,0.23540316010603782,0.008097745264446758,0.05,200,20260906,True
2012H2-R,20260906,all,abs_log_oe,tabpfn@t1 - tabicl,0.1743117224896624,0.12214494923307617,0.20893096047796877,0.03251505673793282,0.05,200,20260906,True
2012H2-R,20260906,all,abs_log_oe,tabpfn@t1 - tabicl@t1,-0.04460982093270557,-0.0962254969411265,-0.014925125840221234,0.03702915006983542,0.05,200,20260906,True
2012H2-R,20260906,all,cox_slope_deviation,gbm - scorecard,-0.12465864287419275,-0.14112649740398808,-0.08869029600440499,0.013438848773545394,0.05,200,20260906,True
2012H2-R,20260906,all,cox_slope_deviation,gbm-50k - scorecard,-0.1288382330682276,-0.14867694620800448,-0.06251243381954674,0.022108247081299374,0.05,200,20260906,True
2012H2-R,20260906,all,cox_slope_deviation,tabpfn - scorecard,0.03575761885844514,0.010473621453035058,0.06031414901183076,0.012969947338233583,0.05,200,20260906,True
2012H2-R,20260906,all,cox_slope_deviation,tabicl - scorecard,0.0007757350453571158,-0.01892715575974203,0.021113454667351452,0.010330212746069822,0.05,200,20260906,False
2012H2-R,20260906,all,cox_slope_deviation,tabicl@t1 - scorecard,-0.08035787008189295,-0.0928544149427317,-0.0510819880790533,0.011236808266490081,0.05,200,20260906,True
2012H2-R,20260906,all,cox_slope_deviation,tabpfn@t1 - scorecard,-0.04317096015040491,-0.06613754293217647,-0.01756263136159972,0.013451988747908405,0.05,200,20260906,True
2012H2-R,20260906,all,cox_slope_deviation,gbm-50k - gbm,-0.004179590194034859,-0.023874371369429378,0.04124384844920029,0.01696244368808688,0.05,200,20260906,False
2012H2-R,20260906,all,cox_slope_deviation,tabpfn - gbm,0.16041626173263787,0.11509087268133347,0.18145416852554078,0.016127668532780574,0.05,200,20260906,True
2012H2-R,20260906,all,cox_slope_deviation,tabicl - gbm,0.12543437791954984,0.0805761587896175,0.14251090597060762,0.014661523410584194,0.05,200,20260906,True
2012H2-R,20260906,all,cox_slope_deviation,tabicl@t1 - gbm,0.04430077279229978,0.02036894678964657,0.06351510401798575,0.011518400323027944,0.05,200,20260906,True
2012H2-R,20260906,all,cox_slope_deviation,tabpfn@t1 - gbm,0.08148768272378783,0.041514124752845286,0.10485151953557534,0.01587067391539134,0.05,200,20260906,True
2012H2-R,20260906,all,cox_slope_deviation,tabpfn - gbm-50k,0.16459585192667273,0.090742010676423,0.1953740920763609,0.027784833733763753,0.05,200,20260906,True
2012H2-R,20260906,all,cox_slope_deviation,tabicl - gbm-50k,0.12961396811358472,0.06042176652391292,0.15812578964458784,0.025735511946208243,0.05,200,20260906,True
2012H2-R,20260906,all,cox_slope_deviation,tabicl@t1 - gbm-50k,0.048480362986334645,-0.00819473510383203,0.0804950069020753,0.023136857728152424,0.05,200,20260906,False
2012H2-R,20260906,all,cox_slope_deviation,tabpfn@t1 - gbm-50k,0.08566727291782268,0.01426845633595883,0.1243676909950766,0.027512940729765106,0.05,200,20260906,True
2012H2-R,20260906,all,cox_slope_deviation,tabicl - tabpfn,-0.034981883813088026,-0.044294724971646875,-0.024962037805204913,0.005244957933535744,0.05,200,20260906,True
2012H2-R,20260906,all,cox_slope_deviation,tabicl@t1 - tabpfn,-0.11611548894033809,-0.12253914622657348,-0.08584315433345309,0.009261076853295042,0.05,200,20260906,True
2012H2-R,20260906,all,cox_slope_deviation,tabpfn@t1 - tabpfn,-0.07892857900885004,-0.08146388233912055,-0.06580160515923512,0.004148389030808128,0.05,200,20260906,True
2012H2-R,20260906,all,cox_slope_deviation,tabicl@t1 - tabicl,-0.08113360512725007,-0.08239193362035198,-0.0548473326165198,0.007265725753472133,0.05,200,20260906,True
2012H2-R,20260906,all,cox_slope_deviation,tabpfn@t1 - tabicl,-0.043946695195762026,-0.052967576525513343,-0.029977849886593196,0.006245929052113303,0.05,200,20260906,True
2012H2-R,20260906,all,cox_slope_deviation,tabpfn@t1 - tabicl@t1,0.037186909931488044,0.013235327569043992,0.04545663281190189,0.00799594661326555,0.05,200,20260906,True
2012H2-R,20260906,all,psi,gbm - scorecard,-0.04616832410833202,-0.04739003452663239,-0.044958334694643505,0.0006525398799065947,0.05,200,20260906,True
2012H2-R,20260906,all,psi,gbm-50k - scorecard,-0.046077914597845104,-0.05878510604832534,-0.024157919208299943,0.014959024171323039,0.05,200,20260906,True
2012H2-R,20260906,all,psi,tabpfn - scorecard,-0.0989172280534082,-0.11429560737981666,-0.08363934530364343,0.011354670198710396,0.05,200,20260906,True
2012H2-R,20260906,all,psi,tabicl - scorecard,-0.05376764617481172,-0.06220568329669842,-0.038823325381653215,0.010070347171787314,0.05,200,20260906,True
2012H2-R,20260906,all,psi,tabicl@t1 - scorecard,-0.05376764617481172,-0.06220568329669842,-0.038823325381653215,0.010070347171787314,0.05,200,20260906,True
2012H2-R,20260906,all,psi,tabpfn@t1 - scorecard,-0.0989172280534082,-0.11429560737981666,-0.08363934530364343,0.011354670198710396,0.05,200,20260906,True
2012H2-R,20260906,all,psi,gbm-50k - gbm,9.040951048691626e-05,-0.01237179730043415,0.02160731704744612,0.014887296856988709,0.05,200,20260906,False
2012H2-R,20260906,all,psi,tabpfn - gbm,-0.05274890394507619,-0.06772499054057825,-0.03797432190411466,0.011308523055268615,0.05,200,20260906,True
2012H2-R,20260906,all,psi,tabicl - gbm,-0.007599322066479702,-0.015604768125051535,0.006926777473509924,0.009990976268788103,0.05,200,20260906,False
2012H2-R,20260906,all,psi,tabicl@t1 - gbm,-0.007599322066479702,-0.015604768125051535,0.006926777473509924,0.009990976268788103,0.05,200,20260906,False
2012H2-R,20260906,all,psi,tabpfn@t1 - gbm,-0.05274890394507619,-0.06772499054057825,-0.03797432190411466,0.011308523055268615,0.05,200,20260906,True
2012H2-R,20260906,all,psi,tabpfn - gbm-50k,-0.05283931345556311,-0.060374737053347394,-0.042798110028791934,0.006859252786392933,0.05,200,20260906,True
2012H2-R,20260906,all,psi,tabicl - gbm-50k,-0.007689731576966619,-0.015237113164899844,-0.0020163828497664674,0.005035500584908225,0.05,200,20260906,True
2012H2-R,20260906,all,psi,tabicl@t1 - gbm-50k,-0.007689731576966619,-0.015237113164899844,-0.0020163828497664674,0.005035500584908225,0.05,200,20260906,True
2012H2-R,20260906,all,psi,tabpfn@t1 - gbm-50k,-0.05283931345556311,-0.060374737053347394,-0.042798110028791934,0.006859252786392933,0.05,200,20260906,True
2012H2-R,20260906,all,psi,tabicl - tabpfn,0.04514958187859649,0.03733170424586806,0.053241298088480334,0.00578897317447149,0.05,200,20260906,True
2012H2-R,20260906,all,psi,tabicl@t1 - tabpfn,0.04514958187859649,0.03733170424586806,0.053241298088480334,0.00578897317447149,0.05,200,20260906,True
2012H2-R,20260906,all,psi,tabpfn@t1 - tabpfn,0.0,0.0,0.0,0.0,0.05,200,20260906,False
2012H2-R,20260906,all,psi,tabicl@t1 - tabicl,0.0,0.0,0.0,0.0,0.05,200,20260906,False
2012H2-R,20260906,all,psi,tabpfn@t1 - tabicl,-0.04514958187859649,-0.053241298088480334,-0.03733170424586806,0.00578897317447149,0.05,200,20260906,True
2012H2-R,20260906,all,psi,tabpfn@t1 - tabicl@t1,-0.04514958187859649,-0.053241298088480334,-0.03733170424586806,0.00578897317447149,0.05,200,20260906,True
2012H2-R,20260906,nearest,gini,gbm - scorecard,0.039658264111022246,0.014657109570979399,0.06551158719635639,0.013093424613405793,0.05,200,20260906,True
2012H2-R,20260906,nearest,gini,gbm-50k - scorecard,0.031954626076622215,0.006172557067566462,0.06171767246699831,0.015116490077107279,0.05,200,20260906,True
2012H2-R,20260906,nearest,gini,tabpfn - scorecard,0.05690331341794511,0.029456378333062222,0.08327545969182054,0.013492290373432057,0.05,200,20260906,True
2012H2-R,20260906,nearest,gini,tabicl - scorecard,0.04929186374142643,0.024051355428646386,0.07313464611247449,0.012244043895558027,0.05,200,20260906,True
2012H2-R,20260906,nearest,gini,tabicl@t1 - scorecard,0.04929186374142643,0.024051355428646386,0.07313464611247449,0.012244043895558027,0.05,200,20260906,True
2012H2-R,20260906,nearest,gini,tabpfn@t1 - scorecard,0.05690331341794511,0.029456378333062222,0.08327545969182054,0.013492290373432057,0.05,200,20260906,True
2012H2-R,20260906,nearest,gini,gbm-50k - gbm,-0.007703638034400033,-0.020725812843281687,0.006809443014688363,0.007701634086429683,0.05,200,20260906,False
2012H2-R,20260906,nearest,gini,tabpfn - gbm,0.01724504930692287,0.0030360525018266918,0.03295361716582975,0.00827988209137305,0.05,200,20260906,True
2012H2-R,20260906,nearest,gini,tabicl - gbm,0.009633599630404185,-0.005697246386414969,0.02586872656035371,0.00811944081677753,0.05,200,20260906,False
2012H2-R,20260906,nearest,gini,tabicl@t1 - gbm,0.009633599630404185,-0.005697246386414969,0.02586872656035371,0.00811944081677753,0.05,200,20260906,False
2012H2-R,20260906,nearest,gini,tabpfn@t1 - gbm,0.01724504930692287,0.0030360525018266918,0.03295361716582975,0.00827988209137305,0.05,200,20260906,True
2012H2-R,20260906,nearest,gini,tabpfn - gbm-50k,0.0249486873413229,0.0052716277682399205,0.04362137041279835,0.009976717739048494,0.05,200,20260906,True
2012H2-R,20260906,nearest,gini,tabicl - gbm-50k,0.017337237664804217,0.0014755753971740313,0.033681132090067976,0.008745492520527002,0.05,200,20260906,True
2012H2-R,20260906,nearest,gini,tabicl@t1 - gbm-50k,0.017337237664804217,0.0014755753971740313,0.033681132090067976,0.008745492520527002,0.05,200,20260906,True
2012H2-R,20260906,nearest,gini,tabpfn@t1 - gbm-50k,0.0249486873413229,0.0052716277682399205,0.04362137041279835,0.009976717739048494,0.05,200,20260906,True
2012H2-R,20260906,nearest,gini,tabicl - tabpfn,-0.007611449676518685,-0.015910906440044264,0.0028927490604202747,0.004999030438789328,0.05,200,20260906,False
2012H2-R,20260906,nearest,gini,tabicl@t1 - tabpfn,-0.007611449676518685,-0.015910906440044264,0.0028927490604202747,0.004999030438789328,0.05,200,20260906,False
2012H2-R,20260906,nearest,gini,tabpfn@t1 - tabpfn,0.0,0.0,0.0,0.0,0.05,200,20260906,False
2012H2-R,20260906,nearest,gini,tabicl@t1 - tabicl,0.0,0.0,0.0,0.0,0.05,200,20260906,False
2012H2-R,20260906,nearest,gini,tabpfn@t1 - tabicl,0.007611449676518685,-0.0028927490604202743,0.015910906440044267,0.004999030438789328,0.05,200,20260906,False
2012H2-R,20260906,nearest,gini,tabpfn@t1 - tabicl@t1,0.007611449676518685,-0.0028927490604202743,0.015910906440044267,0.004999030438789328,0.05,200,20260906,False
2012H2-R,20260906,nearest,abs_log_oe,gbm - scorecard,-0.06338255085995481,-0.07139685559479868,-0.05403428437455738,0.004410238038711419,0.05,200,20260906,True
2012H2-R,20260906,nearest,abs_log_oe,gbm-50k - scorecard,-0.09751507437069817,-0.15094574747530243,-0.06061430127000339,0.034799945478449154,0.05,200,20260906,True
2012H2-R,20260906,nearest,abs_log_oe,tabpfn - scorecard,-0.4043766091438486,-0.46683561029364795,-0.3564224919304036,0.04015389766998692,0.05,200,20260906,True
2012H2-R,20260906,nearest,abs_log_oe,tabicl - scorecard,-0.33088163241555996,-0.35114280550922655,-0.3148842287083753,0.01019567708199981,0.05,200,20260906,True
2012H2-R,20260906,nearest,abs_log_oe,tabicl@t1 - scorecard,0.00365113870026749,-0.019067053929123383,0.02290523997921651,0.01223726855144226,0.05,200,20260906,False
2012H2-R,20260906,nearest,abs_log_oe,tabpfn@t1 - scorecard,-0.06449693644511416,-0.11629653877256972,-0.019948868526265467,0.03433958064307386,0.05,200,20260906,True
2012H2-R,20260906,nearest,abs_log_oe,gbm-50k - gbm,-0.03413252351074336,-0.08467320622797604,-0.001371202693921605,0.034473658004443804,0.05,200,20260906,True
2012H2-R,20260906,nearest,abs_log_oe,tabpfn - gbm,-0.3409940582838938,-0.3994212442133774,-0.2966168740475274,0.03974504020634989,0.05,200,20260906,True
2012H2-R,20260906,nearest,abs_log_oe,tabicl - gbm,-0.26749908155560514,-0.28420423074620765,-0.2546773674960811,0.009088653703583856,0.05,200,20260906,True
2012H2-R,20260906,nearest,abs_log_oe,tabicl@t1 - gbm,0.0670336895602223,0.04734895654669748,0.08208508052417281,0.011446121104510765,0.05,200,20260906,True
2012H2-R,20260906,nearest,abs_log_oe,tabpfn@t1 - gbm,-0.0011143855851593425,-0.050174317732158,0.040664126352941435,0.03391178094799723,0.05,200,20260906,False
2012H2-R,20260906,nearest,abs_log_oe,tabpfn - gbm-50k,-0.3068615347731505,-0.31838803294088813,-0.29280506865452366,0.007585029730871862,0.05,200,20260906,True
2012H2-R,20260906,nearest,abs_log_oe,tabicl - gbm-50k,-0.2333665580448618,-0.2673669648433992,-0.17488173806757915,0.0382309754990885,0.05,200,20260906,True
2012H2-R,20260906,nearest,abs_log_oe,tabicl@t1 - gbm-50k,0.10116621307096567,0.06521656195863415,0.16312584064940877,0.041662110943321284,0.05,200,20260906,True
2012H2-R,20260906,nearest,abs_log_oe,tabpfn@t1 - gbm-50k,0.03301813792558402,0.01934501412038057,0.043676450587023845,0.007272299662629143,0.05,200,20260906,True
2012H2-R,20260906,nearest,abs_log_oe,tabicl - tabpfn,0.07349497672828868,0.03659681777823985,0.13467136247326753,0.04241861546060336,0.05,200,20260906,True
2012H2-R,20260906,nearest,abs_log_oe,tabicl@t1 - tabpfn,0.4080277478441161,0.37051570788358934,0.4739218625203387,0.045846955635784614,0.05,200,20260906,True
2012H2-R,20260906,nearest,abs_log_oe,tabpfn@t1 - tabpfn,0.3398796726987345,0.3323253856157609,0.3507482882377161,0.006750752819656058,0.05,200,20260906,True
2012H2-R,20260906,nearest,abs_log_oe,tabicl@t1 - tabicl,0.33453277111582747,0.3295238179346235,0.34115914656335883,0.00380736638875423,0.05,200,20260906,True
2012H2-R,20260906,nearest,abs_log_oe,tabpfn@t1 - tabicl,0.26638469597044584,0.21417789433034273,0.30060626166733384,0.036083317877613326,0.05,200,20260906,True
2012H2-R,20260906,nearest,abs_log_oe,tabpfn@t1 - tabicl@t1,-0.06814807514538164,-0.12452341091882267,-0.03357997332807493,0.039424908045284056,0.05,200,20260906,True
2012H2-R,20260906,nearest,cox_slope_deviation,gbm - scorecard,-0.13225885740299376,-0.16867176761485742,-0.049872586351197776,0.029900961805962818,0.05,200,20260906,True
2012H2-R,20260906,nearest,cox_slope_deviation,gbm-50k - scorecard,-0.13076033721963118,-0.22214618239890113,0.010830038410741467,0.06495782034088589,0.05,200,20260906,False
2012H2-R,20260906,nearest,cox_slope_deviation,tabpfn - scorecard,-0.017136443903622012,-0.07870788589650594,0.03504596935817674,0.030587851750005408,0.05,200,20260906,False
2012H2-R,20260906,nearest,cox_slope_deviation,tabicl - scorecard,-0.01986575304620236,-0.082367264706683,0.03567959433440586,0.03199560691385872,0.05,200,20260906,False
2012H2-R,20260906,nearest,cox_slope_deviation,tabicl@t1 - scorecard,-0.11235661101173101,-0.16831313793246774,-0.03177058330992473,0.036782237537583834,0.05,200,20260906,True
2012H2-R,20260906,nearest,cox_slope_deviation,tabpfn@t1 - scorecard,-0.10932404529775314,-0.16257820290597644,-0.034616732094416985,0.035725559561232766,0.05,200,20260906,True
2012H2-R,20260906,nearest,cox_slope_deviation,gbm-50k - gbm,0.001498520183362569,-0.0973408603064951,0.1188549308866855,0.055296025556882025,0.05,200,20260906,False
2012H2-R,20260906,nearest,cox_slope_deviation,tabpfn - gbm,0.11512241349937175,0.03279281717741379,0.15308452049301033,0.03332501961794523,0.05,200,20260906,True
2012H2-R,20260906,nearest,cox_slope_deviation,tabicl - gbm,0.1123931043567914,0.023092025194295127,0.15029793538083303,0.034641104407304155,0.05,200,20260906,True
2012H2-R,20260906,nearest,cox_slope_deviation,tabicl@t1 - gbm,0.01990224639126274,-0.036469269212105575,0.06221085884317497,0.02671211922535558,0.05,200,20260906,False
2012H2-R,20260906,nearest,cox_slope_deviation,tabpfn@t1 - gbm,0.02293481210524062,-0.02951199461163835,0.06460338723508495,0.025177885192071668,0.05,200,20260906,False
2012H2-R,20260906,nearest,cox_slope_deviation,tabpfn - gbm-50k,0.11362389331600918,-0.06164447732431592,0.20426244252769962,0.0728076901979923,0.05,200,20260906,False
2012H2-R,20260906,nearest,cox_slope_deviation,tabicl - gbm-50k,0.11089458417342883,-0.06763677763415478,0.19894886374496715,0.07373562097161487,0.05,200,20260906,False
2012H2-R,20260906,nearest,cox_slope_deviation,tabicl@t1 - gbm-50k,0.018403726207900168,-0.133300807738803,0.11402296983758076,0.06248792959569048,0.05,200,20260906,False
2012H2-R,20260906,nearest,cox_slope_deviation,tabpfn@t1 - gbm-50k,0.021436291921878053,-0.11300892589912294,0.11882799066291035,0.06255688746684925,0.05,200,20260906,False
2012H2-R,20260906,nearest,cox_slope_deviation,tabicl - tabpfn,-0.0027293091425803495,-0.021020512962342787,0.017010741989138805,0.010513845609383633,0.05,200,20260906,False
2012H2-R,20260906,nearest,cox_slope_deviation,tabicl@t1 - tabpfn,-0.095220167108109,-0.11222582972693829,-0.0012241797363888997,0.027066406129538128,0.05,200,20260906,True
2012H2-R,20260906,nearest,cox_slope_deviation,tabpfn@t1 - tabpfn,-0.09218760139413112,-0.09688414343613501,0.0015740657239632992,0.025217277518087333,0.05,200,20260906,False
2012H2-R,20260906,nearest,cox_slope_deviation,tabicl@t1 - tabicl,-0.09249085796552865,-0.09734720804525236,0.0026620235111294846,0.025041917075736473,0.05,200,20260906,False
2012H2-R,20260906,nearest,cox_slope_deviation,tabpfn@t1 - tabicl,-0.08945829225155078,-0.10730321850135606,-0.001230339972166723,0.02621982114079879,0.05,200,20260906,True
2012H2-R,20260906,nearest,cox_slope_deviation,tabpfn@t1 - tabicl@t1,0.0030325657139778825,-0.01731681776026483,0.022596694733047155,0.010733234831342354,0.05,200,20260906,False
2012H2-R,20260906,nearest,psi,gbm - scorecard,-0.004903096256604789,-0.007905067850357765,-0.002097931860301798,0.0015667803761617316,0.05,200,20260906,True
2012H2-R,20260906,nearest,psi,gbm-50k - scorecard,-0.0021698018151116716,-0.016737229406067897,0.0163588470448466,0.011929339091132718,0.05,200,20260906,False
2012H2-R,20260906,nearest,psi,tabpfn - scorecard,-0.03571209373246898,-0.055208442855524405,-0.021813043119397565,0.012029354277669825,0.05,200,20260906,True
2012H2-R,20260906,nearest,psi,tabicl - scorecard,-0.006021465600527687,-0.01931373615592227,0.013304341871432252,0.012163484926592116,0.05,200,20260906,False
2012H2-R,20260906,nearest,psi,tabicl@t1 - scorecard,-0.006021465600527687,-0.01931373615592227,0.013304341871432252,0.012163484926592116,0.05,200,20260906,False
2012H2-R,20260906,nearest,psi,tabpfn@t1 - scorecard,-0.03571209373246898,-0.055208442855524405,-0.021813043119397565,0.012029354277669825,0.05,200,20260906,True
2012H2-R,20260906,nearest,psi,gbm-50k - gbm,0.002733294441493117,-0.011794068260586876,0.02013157648200136,0.011880636117212939,0.05,200,20260906,False
2012H2-R,20260906,nearest,psi,tabpfn - gbm,-0.03080899747586419,-0.050007322603182504,-0.01773796970290171,0.01207248931970586,0.05,200,20260906,True
2012H2-R,20260906,nearest,psi,tabicl - gbm,-0.001118369343922898,-0.014870501616744226,0.017343701353039212,0.012115151526788548,0.05,200,20260906,False
2012H2-R,20260906,nearest,psi,tabicl@t1 - gbm,-0.001118369343922898,-0.014870501616744226,0.017343701353039212,0.012115151526788548,0.05,200,20260906,False
2012H2-R,20260906,nearest,psi,tabpfn@t1 - gbm,-0.03080899747586419,-0.050007322603182504,-0.01773796970290171,0.01207248931970586,0.05,200,20260906,True
2012H2-R,20260906,nearest,psi,tabpfn - gbm-50k,-0.03354229191735731,-0.04058229189823645,-0.02183057435416778,0.0068193659560406,0.05,200,20260906,True
2012H2-R,20260906,nearest,psi,tabicl - gbm-50k,-0.003851663785416015,-0.0076475884597969135,0.00013191241414449198,0.002018242164366742,0.05,200,20260906,False
2012H2-R,20260906,nearest,psi,tabicl@t1 - gbm-50k,-0.003851663785416015,-0.0076475884597969135,0.00013191241414449198,0.002018242164366742,0.05,200,20260906,False
2012H2-R,20260906,nearest,psi,tabpfn@t1 - gbm-50k,-0.03354229191735731,-0.04058229189823645,-0.02183057435416778,0.0068193659560406,0.05,200,20260906,True
2012H2-R,20260906,nearest,psi,tabicl - tabpfn,0.02969062813194129,0.01721779980675516,0.0369857548618798,0.008070596386109555,0.05,200,20260906,True
2012H2-R,20260906,nearest,psi,tabicl@t1 - tabpfn,0.02969062813194129,0.01721779980675516,0.0369857548618798,0.008070596386109555,0.05,200,20260906,True
2012H2-R,20260906,nearest,psi,tabpfn@t1 - tabpfn,0.0,0.0,0.0,0.0,0.05,200,20260906,False
2012H2-R,20260906,nearest,psi,tabicl@t1 - tabicl,0.0,0.0,0.0,0.0,0.05,200,20260906,False
2012H2-R,20260906,nearest,psi,tabpfn@t1 - tabicl,-0.02969062813194129,-0.03698575486187979,-0.01721779980675516,0.008070596386109555,0.05,200,20260906,True
2012H2-R,20260906,nearest,psi,tabpfn@t1 - tabicl@t1,-0.02969062813194129,-0.03698575486187979,-0.01721779980675516,0.008070596386109555,0.05,200,20260906,True
2012H2-R,20260906,"all, cohorts resampled",gini,gbm - scorecard,0.018724614437915066,0.0076847120106818215,0.032502482688494594,0.006624437051731256,0.05,200,20260906,True
2012H2-R,20260906,"all, cohorts resampled",gini,gbm-50k - scorecard,0.006217665440202302,-0.009127531476028527,0.02081059232835297,0.007495835036371606,0.05,200,20260906,False
2012H2-R,20260906,"all, cohorts resampled",gini,tabpfn - scorecard,0.019719509887097846,0.0013171134973309364,0.04136228478010495,0.011035289135246755,0.05,200,20260906,True
2012H2-R,20260906,"all, cohorts resampled",gini,tabicl - scorecard,0.024098599570674544,0.002903117018827255,0.04200372302780934,0.009871952283356649,0.05,200,20260906,True
2012H2-R,20260906,"all, cohorts resampled",gini,tabicl@t1 - scorecard,0.024098599570674544,0.002903117018827255,0.04200372302780934,0.009871952283356649,0.05,200,20260906,True
2012H2-R,20260906,"all, cohorts resampled",gini,tabpfn@t1 - scorecard,0.019719509887097846,0.0013171134973309364,0.04136228478010495,0.011035289135246755,0.05,200,20260906,True
2012H2-R,20260906,"all, cohorts resampled",gini,gbm-50k - gbm,-0.012506948997712763,-0.023699338017521516,-0.0032455144214870307,0.004987074201450348,0.05,200,20260906,True
2012H2-R,20260906,"all, cohorts resampled",gini,tabpfn - gbm,0.0009948954491827793,-0.013791823781984684,0.013421711653522475,0.007350572702715908,0.05,200,20260906,False
2012H2-R,20260906,"all, cohorts resampled",gini,tabicl - gbm,0.005373985132759477,-0.007089159324509539,0.015667194486642944,0.006936414513518867,0.05,200,20260906,False
2012H2-R,20260906,"all, cohorts resampled",gini,tabicl@t1 - gbm,0.005373985132759477,-0.007089159324509539,0.015667194486642944,0.006936414513518867,0.05,200,20260906,False
2012H2-R,20260906,"all, cohorts resampled",gini,tabpfn@t1 - gbm,0.0009948954491827793,-0.013791823781984684,0.013421711653522475,0.007350572702715908,0.05,200,20260906,False
2012H2-R,20260906,"all, cohorts resampled",gini,tabpfn - gbm-50k,0.013501844446895542,-0.0018186191396358155,0.02785983663326604,0.007701161973855569,0.05,200,20260906,False
2012H2-R,20260906,"all, cohorts resampled",gini,tabicl - gbm-50k,0.017880934130472242,0.005155286057243877,0.0325270675744051,0.007700365173409784,0.05,200,20260906,True
2012H2-R,20260906,"all, cohorts resampled",gini,tabicl@t1 - gbm-50k,0.017880934130472242,0.005155286057243877,0.0325270675744051,0.007700365173409784,0.05,200,20260906,True
2012H2-R,20260906,"all, cohorts resampled",gini,tabpfn@t1 - gbm-50k,0.013501844446895542,-0.0018186191396358155,0.02785983663326604,0.007701161973855569,0.05,200,20260906,False
2012H2-R,20260906,"all, cohorts resampled",gini,tabicl - tabpfn,0.004379089683576698,-0.0028943017255364935,0.011552088779749184,0.004008142711994067,0.05,200,20260906,False
2012H2-R,20260906,"all, cohorts resampled",gini,tabicl@t1 - tabpfn,0.004379089683576698,-0.0028943017255364935,0.011552088779749184,0.004008142711994067,0.05,200,20260906,False
2012H2-R,20260906,"all, cohorts resampled",gini,tabpfn@t1 - tabpfn,0.0,0.0,0.0,0.0,0.05,200,20260906,False
2012H2-R,20260906,"all, cohorts resampled",gini,tabicl@t1 - tabicl,0.0,0.0,0.0,0.0,0.05,200,20260906,False
2012H2-R,20260906,"all, cohorts resampled",gini,tabpfn@t1 - tabicl,-0.004379089683576698,-0.011552088779749184,0.0028943017255364995,0.004008142711994067,0.05,200,20260906,False
2012H2-R,20260906,"all, cohorts resampled",gini,tabpfn@t1 - tabicl@t1,-0.004379089683576698,-0.011552088779749184,0.0028943017255364995,0.004008142711994067,0.05,200,20260906,False
2012H2-R,20260906,"all, cohorts resampled",abs_log_oe,gbm - scorecard,-0.11538612768874423,-0.16078788178574926,-0.05561678368196799,0.0268197611877351,0.05,200,20260906,True
2012H2-R,20260906,"all, cohorts resampled",abs_log_oe,gbm-50k - scorecard,-0.1391396444780725,-0.21526851096068075,-0.06988994775210346,0.03719428566599647,0.05,200,20260906,True
2012H2-R,20260906,"all, cohorts resampled",abs_log_oe,tabpfn - scorecard,-0.31224366710488316,-0.5163458112974768,-0.08986987235716389,0.10945939060583973,0.05,200,20260906,True
2012H2-R,20260906,"all, cohorts resampled",abs_log_oe,tabicl - scorecard,-0.27270900853166863,-0.4055770361481413,-0.0890510556238453,0.08632255241854975,0.05,200,20260906,True
2012H2-R,20260906,"all, cohorts resampled",abs_log_oe,tabicl@t1 - scorecard,-0.05378746510930069,-0.10001217494568865,-0.009231665142124347,0.023791827051362784,0.05,200,20260906,True
2012H2-R,20260906,"all, cohorts resampled",abs_log_oe,tabpfn@t1 - scorecard,-0.09839728604200626,-0.1917408783476723,-0.015274830178127159,0.04517094872777497,0.05,200,20260906,True
2012H2-R,20260906,"all, cohorts resampled",abs_log_oe,gbm-50k - gbm,-0.023753516789328282,-0.0686748332601628,-0.002302347517447317,0.023364119861325805,0.05,200,20260906,True
2012H2-R,20260906,"all, cohorts resampled",abs_log_oe,tabpfn - gbm,-0.19685753941613893,-0.3696178209580364,-0.03538630054770975,0.08827961126212931,0.05,200,20260906,True
2012H2-R,20260906,"all, cohorts resampled",abs_log_oe,tabicl - gbm,-0.15732288084292442,-0.25861560329393174,-0.011572269476687201,0.06338097246082518,0.05,200,20260906,True
2012H2-R,20260906,"all, cohorts resampled",abs_log_oe,tabicl@t1 - gbm,0.06159866257944354,0.03245579669654275,0.09142224768294165,0.016475597487581924,0.05,200,20260906,True
2012H2-R,20260906,"all, cohorts resampled",abs_log_oe,tabpfn@t1 - gbm,0.016988841646737973,-0.04162277993412503,0.057844771476750385,0.03152422267156994,0.05,200,20260906,False
2012H2-R,20260906,"all, cohorts resampled",abs_log_oe,tabpfn - gbm-50k,-0.17310402262681066,-0.31015058378250093,-0.00550046136889164,0.08072977141278806,0.05,200,20260906,True
2012H2-R,20260906,"all, cohorts resampled",abs_log_oe,tabicl - gbm-50k,-0.13356936405359612,-0.2555763144064199,-0.0031190968724557474,0.06618481905566317,0.05,200,20260906,True
2012H2-R,20260906,"all, cohorts resampled",abs_log_oe,tabicl@t1 - gbm-50k,0.08535217936877182,0.04244083344589129,0.15875237450017454,0.03628140331743849,0.05,200,20260906,True
2012H2-R,20260906,"all, cohorts resampled",abs_log_oe,tabpfn@t1 - gbm-50k,0.04074235843606625,0.015858874609039533,0.06904786595491405,0.01585531708959311,0.05,200,20260906,True
2012H2-R,20260906,"all, cohorts resampled",abs_log_oe,tabicl - tabpfn,0.03953465857321451,-0.004574176583633937,0.12987713143704255,0.03995707152755424,0.05,200,20260906,False
2012H2-R,20260906,"all, cohorts resampled",abs_log_oe,tabicl@t1 - tabpfn,0.25845620199558245,0.07889747040610617,0.4625820009683524,0.09926057587608966,0.05,200,20260906,True
2012H2-R,20260906,"all, cohorts resampled",abs_log_oe,tabpfn@t1 - tabpfn,0.2138463810628769,0.06568349338763087,0.3322028840992569,0.07371762306640509,0.05,200,20260906,True
2012H2-R,20260906,"all, cohorts resampled",abs_log_oe,tabicl@t1 - tabicl,0.21892154342236794,0.06938881346374749,0.33064784471464964,0.0718799066907145,0.05,200,20260906,True
2012H2-R,20260906,"all, cohorts resampled",abs_log_oe,tabpfn@t1 - tabicl,0.1743117224896624,0.059200145813478475,0.2904757327969683,0.06248287543734395,0.05,200,20260906,True
2012H2-R,20260906,"all, cohorts resampled",abs_log_oe,tabpfn@t1 - tabicl@t1,-0.04460982093270557,-0.13467091809609694,0.0005491815869037647,0.041118425265691094,0.05,200,20260906,False
2012H2-R,20260906,"all, cohorts resampled",cox_slope_deviation,gbm - scorecard,-0.12465864287419275,-0.14550581051664144,-0.08091233422708063,0.0167268176581746,0.05,200,20260906,True
2012H2-R,20260906,"all, cohorts resampled",cox_slope_deviation,gbm-50k - scorecard,-0.1288382330682276,-0.1711750252485001,-0.037798728644738676,0.03414230402621154,0.05,200,20260906,True
2012H2-R,20260906,"all, cohorts resampled",cox_slope_deviation,tabpfn - scorecard,0.03575761885844514,-0.004530962142654374,0.06768458859275588,0.017857180462305288,0.05,200,20260906,False
2012H2-R,20260906,"all, cohorts resampled",cox_slope_deviation,tabicl - scorecard,0.0007757350453571158,-0.038594024757238415,0.02642622596597801,0.01551210512117899,0.05,200,20260906,False
2012H2-R,20260906,"all, cohorts resampled",cox_slope_deviation,tabicl@t1 - scorecard,-0.08035787008189295,-0.1094193474207308,-0.04742285421842156,0.01614557694302111,0.05,200,20260906,True
2012H2-R,20260906,"all, cohorts resampled",cox_slope_deviation,tabpfn@t1 - scorecard,-0.04317096015040491,-0.0835745305526733,-0.006386415149152839,0.018888319604233404,0.05,200,20260906,True
2012H2-R,20260906,"all, cohorts resampled",cox_slope_deviation,gbm-50k - gbm,-0.004179590194034859,-0.04120768088206124,0.06422793620539446,0.026834959077420624,0.05,200,20260906,False
2012H2-R,20260906,"all, cohorts resampled",cox_slope_deviation,tabpfn - gbm,0.16041626173263787,0.1126972040781478,0.17925290693964469,0.017686997130556617,0.05,200,20260906,True
2012H2-R,20260906,"all, cohorts resampled",cox_slope_deviation,tabicl - gbm,0.12543437791954984,0.07472176093028671,0.14373009434643524,0.018426158052185098,0.05,200,20260906,True
2012H2-R,20260906,"all, cohorts resampled",cox_slope_deviation,tabicl@t1 - gbm,0.04430077279229978,0.010145374348035125,0.06717650136530401,0.015705806218986786,0.05,200,20260906,True
2012H2-R,20260906,"all, cohorts resampled",cox_slope_deviation,tabpfn@t1 - gbm,0.08148768272378783,0.03175320505902042,0.1041055326296541,0.018143268880020415,0.05,200,20260906,True
2012H2-R,20260906,"all, cohorts resampled",cox_slope_deviation,tabpfn - gbm-50k,0.16459585192667273,0.05906334729346962,0.20018103577465418,0.036400411913891734,0.05,200,20260906,True
2012H2-R,20260906,"all, cohorts resampled",cox_slope_deviation,tabicl - gbm-50k,0.12961396811358472,0.02004532006722342,0.172120269612544,0.03799320543112277,0.05,200,20260906,True
2012H2-R,20260906,"all, cohorts resampled",cox_slope_deviation,tabicl@t1 - gbm-50k,0.048480362986334645,-0.044509699516524275,0.09977943959409505,0.036641781457392504,0.05,200,20260906,False
2012H2-R,20260906,"all, cohorts resampled",cox_slope_deviation,tabpfn@t1 - gbm-50k,0.08566727291782268,-0.019874454875889267,0.1268325314433149,0.037745274738032186,0.05,200,20260906,False
2012H2-R,20260906,"all, cohorts resampled",cox_slope_deviation,tabicl - tabpfn,-0.034981883813088026,-0.05106938867621037,-0.01823021691711939,0.008692852335880383,0.05,200,20260906,True
2012H2-R,20260906,"all, cohorts resampled",cox_slope_deviation,tabicl@t1 - tabpfn,-0.11611548894033809,-0.12858143662851534,-0.08518543715461191,0.01135437004021459,0.05,200,20260906,True
2012H2-R,20260906,"all, cohorts resampled",cox_slope_deviation,tabpfn@t1 - tabpfn,-0.07892857900885004,-0.08415885529064586,-0.061941085355564196,0.005415892682718803,0.05,200,20260906,True
2012H2-R,20260906,"all, cohorts resampled",cox_slope_deviation,tabicl@t1 - tabicl,-0.08113360512725007,-0.08552132219494343,-0.05482144352027556,0.007763962752046664,0.05,200,20260906,True
2012H2-R,20260906,"all, cohorts resampled",cox_slope_deviation,tabpfn@t1 - tabicl,-0.043946695195762026,-0.05725094700102925,-0.023705913831245658,0.009367541657325923,0.05,200,20260906,True
2012H2-R,20260906,"all, cohorts resampled",cox_slope_deviation,tabpfn@t1 - tabicl@t1,0.037186909931488044,0.01511260400091483,0.04881617529366295,0.009861331460916145,0.05,200,20260906,True
2012H2-R,20260906,"all, cohorts resampled",psi,gbm - scorecard,-0.04616832410833202,-0.0715068478071837,-0.027237273257673642,0.01266286290216731,0.05,200,20260906,True
2012H2-R,20260906,"all, cohorts resampled",psi,gbm-50k - scorecard,-0.046077914597845104,-0.07785146591958944,-0.015147683002950815,0.018609179495724694,0.05,200,20260906,True
2012H2-R,20260906,"all, cohorts resampled",psi,tabpfn - scorecard,-0.0989172280534082,-0.14678750551272474,-0.06001181372498375,0.02407636473385624,0.05,200,20260906,True
2012H2-R,20260906,"all, cohorts resampled",psi,tabicl - scorecard,-0.05376764617481172,-0.08910891176802051,-0.02462205366957495,0.01795572837673747,0.05,200,20260906,True
2012H2-R,20260906,"all, cohorts resampled",psi,tabicl@t1 - scorecard,-0.05376764617481172,-0.08910891176802051,-0.02462205366957495,0.01795572837673747,0.05,200,20260906,True
2012H2-R,20260906,"all, cohorts resampled",psi,tabpfn@t1 - scorecard,-0.0989172280534082,-0.14678750551272474,-0.06001181372498375,0.02407636473385624,0.05,200,20260906,True
2012H2-R,20260906,"all, cohorts resampled",psi,gbm-50k - gbm,9.040951048691626e-05,-0.013799062400724652,0.02617960988107881,0.015600781104351391,0.05,200,20260906,False
2012H2-R,20260906,"all, cohorts resampled",psi,tabpfn - gbm,-0.05274890394507619,-0.08029590876987035,-0.029181901234534523,0.014557619490388016,0.05,200,20260906,True
2012H2-R,20260906,"all, cohorts resampled",psi,tabicl - gbm,-0.007599322066479702,-0.01921697085301887,0.010291542755629914,0.010421606717910469,0.05,200,20260906,False
2012H2-R,20260906,"all, cohorts resampled",psi,tabicl@t1 - gbm,-0.007599322066479702,-0.01921697085301887,0.010291542755629914,0.010421606717910469,0.05,200,20260906,False
2012H2-R,20260906,"all, cohorts resampled",psi,tabpfn@t1 - gbm,-0.05274890394507619,-0.08029590876987035,-0.029181901234534523,0.014557619490388016,0.05,200,20260906,True
2012H2-R,20260906,"all, cohorts resampled",psi,tabpfn - gbm-50k,-0.05283931345556311,-0.08102962729260337,-0.030474393553971246,0.01293646605509963,0.05,200,20260906,True
2012H2-R,20260906,"all, cohorts resampled",psi,tabicl - gbm-50k,-0.007689731576966619,-0.024720976019181037,0.0008084152543117099,0.00714332568674131,0.05,200,20260906,False
2012H2-R,20260906,"all, cohorts resampled",psi,tabicl@t1 - gbm-50k,-0.007689731576966619,-0.024720976019181037,0.0008084152543117099,0.00714332568674131,0.05,200,20260906,False
2012H2-R,20260906,"all, cohorts resampled",psi,tabpfn@t1 - gbm-50k,-0.05283931345556311,-0.08102962729260337,-0.030474393553971246,0.01293646605509963,0.05,200,20260906,True
2012H2-R,20260906,"all, cohorts resampled",psi,tabicl - tabpfn,0.04514958187859649,0.029487232468813185,0.06216777310681416,0.008791384982511653,0.05,200,20260906,True
2012H2-R,20260906,"all, cohorts resampled",psi,tabicl@t1 - tabpfn,0.04514958187859649,0.029487232468813185,0.06216777310681416,0.008791384982511653,0.05,200,20260906,True
2012H2-R,20260906,"all, cohorts resampled",psi,tabpfn@t1 - tabpfn,0.0,0.0,0.0,0.0,0.05,200,20260906,False
2012H2-R,20260906,"all, cohorts resampled",psi,tabicl@t1 - tabicl,0.0,0.0,0.0,0.0,0.05,200,20260906,False
2012H2-R,20260906,"all, cohorts resampled",psi,tabpfn@t1 - tabicl,-0.04514958187859649,-0.06216777310681416,-0.029487232468813185,0.008791384982511653,0.05,200,20260906,True
2012H2-R,20260906,"all, cohorts resampled",psi,tabpfn@t1 - tabicl@t1,-0.04514958187859649,-0.06216777310681416,-0.029487232468813185,0.008791384982511653,0.05,200,20260906,True
2012H2-R,20260907,all,gini,gbm - scorecard,0.018724614437915066,0.010256457179272335,0.026807020157922357,0.0041683908700802606,0.05,200,20260907,True
2012H2-R,20260907,all,gini,gbm-50k - scorecard,0.006217665440202302,-0.004803081361025241,0.016643043428207067,0.0056941444084858015,0.05,200,20260907,False
2012H2-R,20260907,all,gini,tabpfn - scorecard,0.019719509887097846,0.00458325148080585,0.03479346412787157,0.007542885211311645,0.05,200,20260907,True
2012H2-R,20260907,all,gini,tabicl - scorecard,0.024098599570674544,0.009880569779026788,0.036582647177749616,0.006985713816240612,0.05,200,20260907,True
2012H2-R,20260907,all,gini,tabicl@t1 - scorecard,0.024098599570674544,0.009880569779026788,0.036582647177749616,0.006985713816240612,0.05,200,20260907,True
2012H2-R,20260907,all,gini,tabpfn@t1 - scorecard,0.019719509887097846,0.00458325148080585,0.03479346412787157,0.007542885211311645,0.05,200,20260907,True
2012H2-R,20260907,all,gini,gbm-50k - gbm,-0.012506948997712763,-0.019380603018683055,-0.005893505294544695,0.0037566776518082943,0.05,200,20260907,True
2012H2-R,20260907,all,gini,tabpfn - gbm,0.0009948954491827793,-0.009573633674181199,0.011268454805325592,0.005798973524271806,0.05,200,20260907,False
2012H2-R,20260907,all,gini,tabicl - gbm,0.005373985132759477,-0.006080706636354699,0.01399033931543808,0.005692814325336448,0.05,200,20260907,False
2012H2-R,20260907,all,gini,tabicl@t1 - gbm,0.005373985132759477,-0.006080706636354699,0.01399033931543808,0.005692814325336448,0.05,200,20260907,False
2012H2-R,20260907,all,gini,tabpfn@t1 - gbm,0.0009948954491827793,-0.009573633674181199,0.011268454805325592,0.005798973524271806,0.05,200,20260907,False
2012H2-R,20260907,all,gini,tabpfn - gbm-50k,0.013501844446895542,0.004277592228657545,0.02353482012441036,0.005364225723452448,0.05,200,20260907,True
2012H2-R,20260907,all,gini,tabicl - gbm-50k,0.017880934130472242,0.006708620063692586,0.02927597753605378,0.0059042764939716726,0.05,200,20260907,True
2012H2-R,20260907,all,gini,tabicl@t1 - gbm-50k,0.017880934130472242,0.006708620063692586,0.02927597753605378,0.0059042764939716726,0.05,200,20260907,True
2012H2-R,20260907,all,gini,tabpfn@t1 - gbm-50k,0.013501844446895542,0.004277592228657545,0.02353482012441036,0.005364225723452448,0.05,200,20260907,True
2012H2-R,20260907,all,gini,tabicl - tabpfn,0.004379089683576698,-0.00023781880413296076,0.009393355536604496,0.0026910008821294648,0.05,200,20260907,False
2012H2-R,20260907,all,gini,tabicl@t1 - tabpfn,0.004379089683576698,-0.00023781880413296076,0.009393355536604496,0.0026910008821294648,0.05,200,20260907,False
2012H2-R,20260907,all,gini,tabpfn@t1 - tabpfn,0.0,0.0,0.0,0.0,0.05,200,20260907,False
2012H2-R,20260907,all,gini,tabicl@t1 - tabicl,0.0,0.0,0.0,0.0,0.05,200,20260907,False
2012H2-R,20260907,all,gini,tabpfn@t1 - tabicl,-0.004379089683576698,-0.009393355536604494,0.00023781880413296328,0.0026910008821294648,0.05,200,20260907,False
2012H2-R,20260907,all,gini,tabpfn@t1 - tabicl@t1,-0.004379089683576698,-0.009393355536604494,0.00023781880413296328,0.0026910008821294648,0.05,200,20260907,False
2012H2-R,20260907,all,abs_log_oe,gbm - scorecard,-0.11538612768874423,-0.13634726074583173,-0.09577302790138421,0.010900778406627619,0.05,200,20260907,True
2012H2-R,20260907,all,abs_log_oe,gbm-50k - scorecard,-0.1391396444780725,-0.18319281998345555,-0.10722342293677564,0.024058937979722736,0.05,200,20260907,True
2012H2-R,20260907,all,abs_log_oe,tabpfn - scorecard,-0.31224366710488316,-0.3693078986335988,-0.26401120761738917,0.0311939776615973,0.05,200,20260907,True
2012H2-R,20260907,all,abs_log_oe,tabicl - scorecard,-0.27270900853166863,-0.3097730379336617,-0.2435172221350486,0.01570979697377045,0.05,200,20260907,True
2012H2-R,20260907,all,abs_log_oe,tabicl@t1 - scorecard,-0.05378746510930069,-0.0910990654194331,-0.027924641528148993,0.01724665892789003,0.05,200,20260907,True
2012H2-R,20260907,all,abs_log_oe,tabpfn@t1 - scorecard,-0.09839728604200626,-0.14738277318692816,-0.05208087229428104,0.02946393954246183,0.05,200,20260907,True
2012H2-R,20260907,all,abs_log_oe,gbm-50k - gbm,-0.023753516789328282,-0.057137019697059484,-0.005417482486926053,0.02207452631035578,0.05,200,20260907,True
2012H2-R,20260907,all,abs_log_oe,tabpfn - gbm,-0.19685753941613893,-0.24617539109971331,-0.1526168982035445,0.03001552309059168,0.05,200,20260907,True
2012H2-R,20260907,all,abs_log_oe,tabicl - gbm,-0.15732288084292442,-0.17841229912109985,-0.13919054701686523,0.01141486993104368,0.05,200,20260907,True
2012H2-R,20260907,all,abs_log_oe,tabicl@t1 - gbm,0.06159866257944354,0.04150914804381979,0.07632169307563444,0.01362946140333941,0.05,200,20260907,True
2012H2-R,20260907,all,abs_log_oe,tabpfn@t1 - gbm,0.016988841646737973,-0.021279570375412386,0.0524559544678143,0.028342716210767723,0.05,200,20260907,False
2012H2-R,20260907,all,abs_log_oe,tabpfn - gbm-50k,-0.17310402262681066,-0.19447169555523408,-0.14427914361015284,0.014601571423971397,0.05,200,20260907,True
2012H2-R,20260907,all,abs_log_oe,tabicl - gbm-50k,-0.13356936405359612,-0.17347786695038403,-0.08618681366224995,0.02859432864368329,0.05,200,20260907,True
2012H2-R,20260907,all,abs_log_oe,tabicl@t1 - gbm-50k,0.08535217936877182,0.047809280714834326,0.1324755808173229,0.0332123714290891,0.05,200,20260907,True
2012H2-R,20260907,all,abs_log_oe,tabpfn@t1 - gbm-50k,0.04074235843606625,0.02439952360065103,0.06124967638840526,0.014449313569944241,0.05,200,20260907,True
2012H2-R,20260907,all,abs_log_oe,tabicl - tabpfn,0.03953465857321451,0.012889485315469901,0.08653750879076917,0.03143222050412386,0.05,200,20260907,True
2012H2-R,20260907,all,abs_log_oe,tabicl@t1 - tabpfn,0.25845620199558245,0.21986105975970946,0.32054624305691176,0.037078660201525164,0.05,200,20260907,True
2012H2-R,20260907,all,abs_log_oe,tabpfn@t1 - tabpfn,0.2138463810628769,0.20046674918912752,0.2288510845290039,0.007385861873493883,0.05,200,20260907,True
2012H2-R,20260907,all,abs_log_oe,tabicl@t1 - tabicl,0.21892154342236794,0.20406106775056945,0.23541372787733972,0.008481971163200343,0.05,200,20260907,True
2012H2-R,20260907,all,abs_log_oe,tabpfn@t1 - tabicl,0.1743117224896624,0.12315221262780086,0.21107528693918912,0.030430147599292346,0.05,200,20260907,True
2012H2-R,20260907,all,abs_log_oe,tabpfn@t1 - tabicl@t1,-0.04460982093270557,-0.095871629662761,-0.01486867545017415,0.034598306562901436,0.05,200,20260907,True
2012H2-R,20260907,all,cox_slope_deviation,gbm - scorecard,-0.12465864287419275,-0.14025582288946384,-0.08581391449435012,0.013744259585093625,0.05,200,20260907,True
2012H2-R,20260907,all,cox_slope_deviation,gbm-50k - scorecard,-0.1288382330682276,-0.15444478750968169,-0.05933749397871238,0.02392820970347931,0.05,200,20260907,True
2012H2-R,20260907,all,cox_slope_deviation,tabpfn - scorecard,0.03575761885844514,0.009998605117370236,0.0577370360957076,0.012539789831183522,0.05,200,20260907,True
2012H2-R,20260907,all,cox_slope_deviation,tabicl - scorecard,0.0007757350453571158,-0.0234211334379853,0.018291641515687455,0.010476431880181089,0.05,200,20260907,False
2012H2-R,20260907,all,cox_slope_deviation,tabicl@t1 - scorecard,-0.08035787008189295,-0.09531082746950402,-0.047924351470835694,0.012481107608682934,0.05,200,20260907,True
2012H2-R,20260907,all,cox_slope_deviation,tabpfn@t1 - scorecard,-0.04317096015040491,-0.06723010483637444,-0.018512784953225923,0.013416062002327386,0.05,200,20260907,True
2012H2-R,20260907,all,cox_slope_deviation,gbm-50k - gbm,-0.004179590194034859,-0.026397157075066402,0.040661325969945254,0.017081667544371675,0.05,200,20260907,False
2012H2-R,20260907,all,cox_slope_deviation,tabpfn - gbm,0.16041626173263787,0.11249218051278019,0.1759199294013957,0.01565238662966328,0.05,200,20260907,True
2012H2-R,20260907,all,cox_slope_deviation,tabicl - gbm,0.12543437791954984,0.08064798309857925,0.13660217623287382,0.013679552405680459,0.05,200,20260907,True
2012H2-R,20260907,all,cox_slope_deviation,tabicl@t1 - gbm,0.04430077279229978,0.02289881418657984,0.05813692454835673,0.009909141471615009,0.05,200,20260907,True
2012H2-R,20260907,all,cox_slope_deviation,tabpfn@t1 - gbm,0.08148768272378783,0.039689197261705104,0.09916080090033966,0.01545447947543286,0.05,200,20260907,True
2012H2-R,20260907,all,cox_slope_deviation,tabpfn - gbm-50k,0.16459585192667273,0.09234304530463144,0.1938401485896329,0.027393635251543133,0.05,200,20260907,True
2012H2-R,20260907,all,cox_slope_deviation,tabicl - gbm-50k,0.12961396811358472,0.06032828667493442,0.15721821430866803,0.02535400796384658,0.05,200,20260907,True
2012H2-R,20260907,all,cox_slope_deviation,tabicl@t1 - gbm-50k,0.048480362986334645,-0.007504751421964967,0.07897969629811125,0.02225267047325508,0.05,200,20260907,False
2012H2-R,20260907,all,cox_slope_deviation,tabpfn@t1 - gbm-50k,0.08566727291782268,0.013554651378440013,0.11759722469026303,0.02746001424538712,0.05,200,20260907,True
2012H2-R,20260907,all,cox_slope_deviation,tabicl - tabpfn,-0.034981883813088026,-0.044496250328681895,-0.025707672323294548,0.005003144251974118,0.05,200,20260907,True
2012H2-R,20260907,all,cox_slope_deviation,tabicl@t1 - tabpfn,-0.11611548894033809,-0.12214031392429243,-0.08726413218665767,0.009876640016885025,0.05,200,20260907,True
2012H2-R,20260907,all,cox_slope_deviation,tabpfn@t1 - tabpfn,-0.07892857900885004,-0.08164777041921602,-0.0667934892635326,0.0036809960274316123,0.05,200,20260907,True
2012H2-R,20260907,all,cox_slope_deviation,tabicl@t1 - tabicl,-0.08113360512725007,-0.08266485231510225,-0.054874390321451694,0.00801426520517254,0.05,200,20260907,True
2012H2-R,20260907,all,cox_slope_deviation,tabpfn@t1 - tabicl,-0.043946695195762026,-0.0526005394038875,-0.028534543586411033,0.006137596464604233,0.05,200,20260907,True
2012H2-R,20260907,all,cox_slope_deviation,tabpfn@t1 - tabicl@t1,0.037186909931488044,0.013610306584395332,0.045131001461512645,0.008689923575167305,0.05,200,20260907,True
2012H2-R,20260907,all,psi,gbm - scorecard,-0.04616832410833202,-0.04754685545218009,-0.04457574741306509,0.0007344500439088132,0.05,200,20260907,True
2012H2-R,20260907,all,psi,gbm-50k - scorecard,-0.046077914597845104,-0.05881152113357639,-0.024055859809200605,0.015181727267674866,0.05,200,20260907,True
2012H2-R,20260907,all,psi,tabpfn - scorecard,-0.0989172280534082,-0.11460209931840185,-0.08308064552538531,0.012112656167646466,0.05,200,20260907,True
2012H2-R,20260907,all,psi,tabicl - scorecard,-0.05376764617481172,-0.062290570136824465,-0.03856444079956474,0.0101065530576815,0.05,200,20260907,True
2012H2-R,20260907,all,psi,tabicl@t1 - scorecard,-0.05376764617481172,-0.062290570136824465,-0.03856444079956474,0.0101065530576815,0.05,200,20260907,True
2012H2-R,20260907,all,psi,tabpfn@t1 - scorecard,-0.0989172280534082,-0.11460209931840185,-0.08308064552538531,0.012112656167646466,0.05,200,20260907,True
2012H2-R,20260907,all,psi,gbm-50k - gbm,9.040951048691626e-05,-0.012257432972696923,0.021643230120181527,0.015094262093445533,0.05,200,20260907,False
2012H2-R,20260907,all,psi,tabpfn - gbm,-0.05274890394507619,-0.0677659883619601,-0.03770767913735146,0.012005809587875293,0.05,200,20260907,True
2012H2-R,20260907,all,psi,tabicl - gbm,-0.007599322066479702,-0.015563824847906053,0.006997560434660225,0.010019223154107988,0.05,200,20260907,False
2012H2-R,20260907,all,psi,tabicl@t1 - gbm,-0.007599322066479702,-0.015563824847906053,0.006997560434660225,0.010019223154107988,0.05,200,20260907,False
2012H2-R,20260907,all,psi,tabpfn@t1 - gbm,-0.05274890394507619,-0.0677659883619601,-0.03770767913735146,0.012005809587875293,0.05,200,20260907,True
2012H2-R,20260907,all,psi,tabpfn - gbm-50k,-0.05283931345556311,-0.060401061063544405,-0.04305913173920706,0.006456810324157946,0.05,200,20260907,True
2012H2-R,20260907,all,psi,tabicl - gbm-50k,-0.007689731576966619,-0.015437423534350545,-0.002239554867650579,0.005198259279728323,0.05,200,20260907,True
2012H2-R,20260907,all,psi,tabicl@t1 - gbm-50k,-0.007689731576966619,-0.015437423534350545,-0.002239554867650579,0.005198259279728323,0.05,200,20260907,True
2012H2-R,20260907,all,psi,tabpfn@t1 - gbm-50k,-0.05283931345556311,-0.060401061063544405,-0.04305913173920706,0.006456810324157946,0.05,200,20260907,True
2012H2-R,20260907,all,psi,tabicl - tabpfn,0.04514958187859649,0.03751358526022587,0.05320485667302835,0.005799107011644639,0.05,200,20260907,True
2012H2-R,20260907,all,psi,tabicl@t1 - tabpfn,0.04514958187859649,0.03751358526022587,0.05320485667302835,0.005799107011644639,0.05,200,20260907,True
2012H2-R,20260907,all,psi,tabpfn@t1 - tabpfn,0.0,0.0,0.0,0.0,0.05,200,20260907,False
2012H2-R,20260907,all,psi,tabicl@t1 - tabicl,0.0,0.0,0.0,0.0,0.05,200,20260907,False
2012H2-R,20260907,all,psi,tabpfn@t1 - tabicl,-0.04514958187859649,-0.05320485667302835,-0.03751358526022587,0.005799107011644639,0.05,200,20260907,True
2012H2-R,20260907,all,psi,tabpfn@t1 - tabicl@t1,-0.04514958187859649,-0.05320485667302835,-0.03751358526022587,0.005799107011644639,0.05,200,20260907,True
2012H2-R,20260907,nearest,gini,gbm - scorecard,0.039658264111022246,0.016884915753856988,0.06216208533440057,0.012357743353457958,0.05,200,20260907,True
2012H2-R,20260907,nearest,gini,gbm-50k - scorecard,0.031954626076622215,0.0029430308201342293,0.056371961367106746,0.01321183415907211,0.05,200,20260907,True
2012H2-R,20260907,nearest,gini,tabpfn - scorecard,0.05690331341794511,0.025379286212847085,0.08211726408755249,0.014099980001163585,0.05,200,20260907,True
2012H2-R,20260907,nearest,gini,tabicl - scorecard,0.04929186374142643,0.025600399778477355,0.07171215384902212,0.012327782501852123,0.05,200,20260907,True
2012H2-R,20260907,nearest,gini,tabicl@t1 - scorecard,0.04929186374142643,0.025600399778477355,0.07171215384902212,0.012327782501852123,0.05,200,20260907,True
2012H2-R,20260907,nearest,gini,tabpfn@t1 - scorecard,0.05690331341794511,0.025379286212847085,0.08211726408755249,0.014099980001163585,0.05,200,20260907,True
2012H2-R,20260907,nearest,gini,gbm-50k - gbm,-0.007703638034400033,-0.020975130094717433,0.00861552841132864,0.007815579920985426,0.05,200,20260907,False
2012H2-R,20260907,nearest,gini,tabpfn - gbm,0.01724504930692287,0.0024989220776395903,0.033350819975960816,0.008225743951119168,0.05,200,20260907,True
2012H2-R,20260907,nearest,gini,tabicl - gbm,0.009633599630404185,-0.004223139088427111,0.024999290425414194,0.007739602963165557,0.05,200,20260907,False
2012H2-R,20260907,nearest,gini,tabicl@t1 - gbm,0.009633599630404185,-0.004223139088427111,0.024999290425414194,0.007739602963165557,0.05,200,20260907,False
2012H2-R,20260907,nearest,gini,tabpfn@t1 - gbm,0.01724504930692287,0.0024989220776395903,0.033350819975960816,0.008225743951119168,0.05,200,20260907,True
2012H2-R,20260907,nearest,gini,tabpfn - gbm-50k,0.0249486873413229,0.010182911396545776,0.044647419402117625,0.009306094077160576,0.05,200,20260907,True
2012H2-R,20260907,nearest,gini,tabicl - gbm-50k,0.017337237664804217,0.0025077872732357774,0.0330495729073027,0.008135404366617043,0.05,200,20260907,True
2012H2-R,20260907,nearest,gini,tabicl@t1 - gbm-50k,0.017337237664804217,0.0025077872732357774,0.0330495729073027,0.008135404366617043,0.05,200,20260907,True
2012H2-R,20260907,nearest,gini,tabpfn@t1 - gbm-50k,0.0249486873413229,0.010182911396545776,0.044647419402117625,0.009306094077160576,0.05,200,20260907,True
2012H2-R,20260907,nearest,gini,tabicl - tabpfn,-0.007611449676518685,-0.016382362123703247,0.001606289702243781,0.004841600852444134,0.05,200,20260907,False
2012H2-R,20260907,nearest,gini,tabicl@t1 - tabpfn,-0.007611449676518685,-0.016382362123703247,0.001606289702243781,0.004841600852444134,0.05,200,20260907,False
2012H2-R,20260907,nearest,gini,tabpfn@t1 - tabpfn,0.0,0.0,0.0,0.0,0.05,200,20260907,False
2012H2-R,20260907,nearest,gini,tabicl@t1 - tabicl,0.0,0.0,0.0,0.0,0.05,200,20260907,False
2012H2-R,20260907,nearest,gini,tabpfn@t1 - tabicl,0.007611449676518685,-0.0016062897022437793,0.016382362123703247,0.004841600852444134,0.05,200,20260907,False
2012H2-R,20260907,nearest,gini,tabpfn@t1 - tabicl@t1,0.007611449676518685,-0.0016062897022437793,0.016382362123703247,0.004841600852444134,0.05,200,20260907,False
2012H2-R,20260907,nearest,abs_log_oe,gbm - scorecard,-0.06338255085995481,-0.07084291431185692,-0.05500287154503024,0.004186231928541932,0.05,200,20260907,True
2012H2-R,20260907,nearest,abs_log_oe,gbm-50k - scorecard,-0.09751507437069817,-0.1475728754374185,-0.06079716536930737,0.032013548215938124,0.05,200,20260907,True
2012H2-R,20260907,nearest,abs_log_oe,tabpfn - scorecard,-0.4043766091438486,-0.46162122606098016,-0.3585180846409705,0.03701701663586798,0.05,200,20260907,True
2012H2-R,20260907,nearest,abs_log_oe,tabicl - scorecard,-0.33088163241555996,-0.34976472111140966,-0.31458616175352877,0.010409148252078712,0.05,200,20260907,True
2012H2-R,20260907,nearest,abs_log_oe,tabicl@t1 - scorecard,0.00365113870026749,-0.017407280278149168,0.02140594364714821,0.012177165841147688,0.05,200,20260907,False
2012H2-R,20260907,nearest,abs_log_oe,tabpfn@t1 - scorecard,-0.06449693644511416,-0.11266615167313417,-0.02261150809031229,0.03156186412414255,0.05,200,20260907,True
2012H2-R,20260907,nearest,abs_log_oe,gbm-50k - gbm,-0.03413252351074336,-0.08362403797976989,-0.00025021935850901,0.03223202559628175,0.05,200,20260907,True
2012H2-R,20260907,nearest,abs_log_oe,tabpfn - gbm,-0.3409940582838938,-0.39770907797637395,-0.29647254620840013,0.03714271301060508,0.05,200,20260907,True
2012H2-R,20260907,nearest,abs_log_oe,tabicl - gbm,-0.26749908155560514,-0.2831119519071029,-0.25431581164903316,0.00924569762352566,0.05,200,20260907,True
2012H2-R,20260907,nearest,abs_log_oe,tabicl@t1 - gbm,0.0670336895602223,0.048927848719487244,0.08225914009968394,0.01118899953738549,0.05,200,20260907,True
2012H2-R,20260907,nearest,abs_log_oe,tabpfn@t1 - gbm,-0.0011143855851593425,-0.048988270727568256,0.04021285962118179,0.03166099009335748,0.05,200,20260907,False
2012H2-R,20260907,nearest,abs_log_oe,tabpfn - gbm-50k,-0.3068615347731505,-0.3176296199145612,-0.29283736632420704,0.0072769568999581325,0.05,200,20260907,True
2012H2-R,20260907,nearest,abs_log_oe,tabicl - gbm-50k,-0.2333665580448618,-0.2673388093521968,-0.1760169108410344,0.035651044753338024,0.05,200,20260907,True
2012H2-R,20260907,nearest,abs_log_oe,tabicl@t1 - gbm-50k,0.10116621307096567,0.06482451043329578,0.1625657708874911,0.03892712649188103,0.05,200,20260907,True
2012H2-R,20260907,nearest,abs_log_oe,tabpfn@t1 - gbm-50k,0.03301813792558402,0.01873287251747989,0.04364057958654681,0.007145674729328166,0.05,200,20260907,True
2012H2-R,20260907,nearest,abs_log_oe,tabicl - tabpfn,0.07349497672828868,0.03888248369863867,0.134047307477124,0.03933580689443821,0.05,200,20260907,True
2012H2-R,20260907,nearest,abs_log_oe,tabicl@t1 - tabpfn,0.4080277478441161,0.3711150136756205,0.4734789237405096,0.042647302007010786,0.05,200,20260907,True
2012H2-R,20260907,nearest,abs_log_oe,tabpfn@t1 - tabpfn,0.3398796726987345,0.332119478062478,0.3504762601689147,0.006379078953619185,0.05,200,20260907,True
2012H2-R,20260907,nearest,abs_log_oe,tabicl@t1 - tabicl,0.33453277111582747,0.32940394007228047,0.3408007222394687,0.0036390764638845273,0.05,200,20260907,True
2012H2-R,20260907,nearest,abs_log_oe,tabpfn@t1 - tabicl,0.26638469597044584,0.21481434805766364,0.29831934590360437,0.03333701349986795,0.05,200,20260907,True
2012H2-R,20260907,nearest,abs_log_oe,tabpfn@t1 - tabicl@t1,-0.06814807514538164,-0.12388668975887884,-0.034976128550491495,0.03657195490498643,0.05,200,20260907,True
2012H2-R,20260907,nearest,cox_slope_deviation,gbm - scorecard,-0.13225885740299376,-0.16071630841849027,-0.052972160390105286,0.02800928243375876,0.05,200,20260907,True
2012H2-R,20260907,nearest,cox_slope_deviation,gbm-50k - scorecard,-0.13076033721963118,-0.2273817844664997,0.03727034866288161,0.065142814077421,0.05,200,20260907,False
2012H2-R,20260907,nearest,cox_slope_deviation,tabpfn - scorecard,-0.017136443903622012,-0.06855461614812164,0.037822889854976435,0.029262460117304545,0.05,200,20260907,False
2012H2-R,20260907,nearest,cox_slope_deviation,tabicl - scorecard,-0.01986575304620236,-0.0787619198109301,0.03684919399440215,0.029286625700338038,0.05,200,20260907,False
2012H2-R,20260907,nearest,cox_slope_deviation,tabicl@t1 - scorecard,-0.11235661101173101,-0.16752736849404326,-0.029292571240956917,0.03403444298997007,0.05,200,20260907,True
2012H2-R,20260907,nearest,cox_slope_deviation,tabpfn@t1 - scorecard,-0.10932404529775314,-0.16136952936412358,-0.029779034585510095,0.0342865942143078,0.05,200,20260907,True
2012H2-R,20260907,nearest,cox_slope_deviation,gbm-50k - gbm,0.001498520183362569,-0.08173034412815955,0.12221666426124546,0.050297700428694206,0.05,200,20260907,False
2012H2-R,20260907,nearest,cox_slope_deviation,tabpfn - gbm,0.11512241349937175,0.03699233396968869,0.15467970994321742,0.031604814596659155,0.05,200,20260907,True
2012H2-R,20260907,nearest,cox_slope_deviation,tabicl - gbm,0.1123931043567914,0.028008390756997636,0.14998494082863537,0.03259053405363718,0.05,200,20260907,True
2012H2-R,20260907,nearest,cox_slope_deviation,tabicl@t1 - gbm,0.01990224639126274,-0.02442582491855158,0.061035523497902394,0.024719655193635268,0.05,200,20260907,False
2012H2-R,20260907,nearest,cox_slope_deviation,tabpfn@t1 - gbm,0.02293481210524062,-0.018091564506606397,0.06916392392519426,0.02454463913515039,0.05,200,20260907,False
2012H2-R,20260907,nearest,cox_slope_deviation,tabpfn - gbm-50k,0.11362389331600918,-0.06397111238626636,0.1946280663933531,0.06705137196105602,0.05,200,20260907,False
2012H2-R,20260907,nearest,cox_slope_deviation,tabicl - gbm-50k,0.11089458417342883,-0.07748395793237549,0.19972148630648487,0.06843413584258881,0.05,200,20260907,False
2012H2-R,20260907,nearest,cox_slope_deviation,tabicl@t1 - gbm-50k,0.018403726207900168,-0.10399742471232165,0.11222822772890292,0.056716912165964695,0.05,200,20260907,False
2012H2-R,20260907,nearest,cox_slope_deviation,tabpfn@t1 - gbm-50k,0.021436291921878053,-0.1066428037550622,0.10760515437240266,0.05721432504158309,0.05,200,20260907,False
2012H2-R,20260907,nearest,cox_slope_deviation,tabicl - tabpfn,-0.0027293091425803495,-0.019333218458950262,0.015772814312049563,0.009497587139503416,0.05,200,20260907,False
2012H2-R,20260907,nearest,cox_slope_deviation,tabicl@t1 - tabpfn,-0.095220167108109,-0.11252789851771185,0.0012621043585420984,0.024105642485550416,0.05,200,20260907,False
2012H2-R,20260907,nearest,cox_slope_deviation,tabpfn@t1 - tabpfn,-0.09218760139413112,-0.09601924793526476,-0.006756797510523778,0.02172463644448073,0.05,200,20260907,True
2012H2-R,20260907,nearest,cox_slope_deviation,tabicl@t1 - tabicl,-0.09249085796552865,-0.09580410831627359,-0.006959010658093894,0.022819856921393794,0.05,200,20260907,True
2012H2-R,20260907,nearest,cox_slope_deviation,tabpfn@t1 - tabicl,-0.08945829225155078,-0.10764084398259847,0.0013956412279320682,0.02307733543563251,0.05,200,20260907,False
2012H2-R,20260907,nearest,cox_slope_deviation,tabpfn@t1 - tabicl@t1,0.0030325657139778825,-0.015878476555259317,0.020734565200520524,0.009369872062007562,0.05,200,20260907,False
2012H2-R,20260907,nearest,psi,gbm - scorecard,-0.004903096256604789,-0.008517551153013732,-0.0016686771701056762,0.0016796716431353685,0.05,200,20260907,True
2012H2-R,20260907,nearest,psi,gbm-50k - scorecard,-0.0021698018151116716,-0.01739694556908528,0.01697055408171675,0.012879498720884697,0.05,200,20260907,False
2012H2-R,20260907,nearest,psi,tabpfn - scorecard,-0.03571209373246898,-0.05598621805357784,-0.02101185961366656,0.013356187146098337,0.05,200,20260907,True
2012H2-R,20260907,nearest,psi,tabicl - scorecard,-0.006021465600527687,-0.02015850457457087,0.0135557011343682,0.012825578162915734,0.05,200,20260907,False
2012H2-R,20260907,nearest,psi,tabicl@t1 - scorecard,-0.006021465600527687,-0.02015850457457087,0.0135557011343682,0.012825578162915734,0.05,200,20260907,False
2012H2-R,20260907,nearest,psi,tabpfn@t1 - scorecard,-0.03571209373246898,-0.05598621805357784,-0.02101185961366656,0.013356187146098337,0.05,200,20260907,True
2012H2-R,20260907,nearest,psi,gbm-50k - gbm,0.002733294441493117,-0.012128764188126804,0.020756931298397042,0.012581794238592799,0.05,200,20260907,False
2012H2-R,20260907,nearest,psi,tabpfn - gbm,-0.03080899747586419,-0.05027392535091798,-0.017511888060770715,0.01311450956841739,0.05,200,20260907,True
2012H2-R,20260907,nearest,psi,tabicl - gbm,-0.001118369343922898,-0.015212924785054795,0.01740485561523185,0.012524508259320213,0.05,200,20260907,False
2012H2-R,20260907,nearest,psi,tabicl@t1 - gbm,-0.001118369343922898,-0.015212924785054795,0.01740485561523185,0.012524508259320213,0.05,200,20260907,False
2012H2-R,20260907,nearest,psi,tabpfn@t1 - gbm,-0.03080899747586419,-0.05027392535091798,-0.017511888060770715,0.01311450956841739,0.05,200,20260907,True
2012H2-R,20260907,nearest,psi,tabpfn - gbm-50k,-0.03354229191735731,-0.04088775573055931,-0.02192487879636096,0.006634933449469966,0.05,200,20260907,True
2012H2-R,20260907,nearest,psi,tabicl - gbm-50k,-0.003851663785416015,-0.007509554809065391,-0.00021655448131709774,0.0018023545640400709,0.05,200,20260907,True
2012H2-R,20260907,nearest,psi,tabicl@t1 - gbm-50k,-0.003851663785416015,-0.007509554809065391,-0.00021655448131709774,0.0018023545640400709,0.05,200,20260907,True
2012H2-R,20260907,nearest,psi,tabpfn@t1 - gbm-50k,-0.03354229191735731,-0.04088775573055931,-0.02192487879636096,0.006634933449469966,0.05,200,20260907,True
2012H2-R,20260907,nearest,psi,tabicl - tabpfn,0.02969062813194129,0.017551812904065232,0.036923751255172665,0.0074878201924151525,0.05,200,20260907,True
2012H2-R,20260907,nearest,psi,tabicl@t1 - tabpfn,0.02969062813194129,0.017551812904065232,0.036923751255172665,0.0074878201924151525,0.05,200,20260907,True
2012H2-R,20260907,nearest,psi,tabpfn@t1 - tabpfn,0.0,0.0,0.0,0.0,0.05,200,20260907,False
2012H2-R,20260907,nearest,psi,tabicl@t1 - tabicl,0.0,0.0,0.0,0.0,0.05,200,20260907,False
2012H2-R,20260907,nearest,psi,tabpfn@t1 - tabicl,-0.02969062813194129,-0.036923751255172665,-0.017551812904065232,0.0074878201924151525,0.05,200,20260907,True
2012H2-R,20260907,nearest,psi,tabpfn@t1 - tabicl@t1,-0.02969062813194129,-0.036923751255172665,-0.017551812904065232,0.0074878201924151525,0.05,200,20260907,True
2012H2-R,20260907,"all, cohorts resampled",gini,gbm - scorecard,0.018724614437915066,0.005703250097309299,0.029530219935342546,0.006255327298502148,0.05,200,20260907,True
2012H2-R,20260907,"all, cohorts resampled",gini,gbm-50k - scorecard,0.006217665440202302,-0.007337261387878154,0.01810851942290067,0.006922719068905104,0.05,200,20260907,False
2012H2-R,20260907,"all, cohorts resampled",gini,tabpfn - scorecard,0.019719509887097846,-0.001861495227167814,0.03931584053535545,0.01069541691514206,0.05,200,20260907,False
2012H2-R,20260907,"all, cohorts resampled",gini,tabicl - scorecard,0.024098599570674544,0.004939917108758169,0.039307515776229394,0.009586966931983474,0.05,200,20260907,True
2012H2-R,20260907,"all, cohorts resampled",gini,tabicl@t1 - scorecard,0.024098599570674544,0.004939917108758169,0.039307515776229394,0.009586966931983474,0.05,200,20260907,True
2012H2-R,20260907,"all, cohorts resampled",gini,tabpfn@t1 - scorecard,0.019719509887097846,-0.001861495227167814,0.03931584053535545,0.01069541691514206,0.05,200,20260907,False
2012H2-R,20260907,"all, cohorts resampled",gini,gbm-50k - gbm,-0.012506948997712763,-0.021221869537216713,-0.003184493314742842,0.004798975913874538,0.05,200,20260907,True
2012H2-R,20260907,"all, cohorts resampled",gini,tabpfn - gbm,0.0009948954491827793,-0.012189271100504946,0.013436191829791394,0.007140431927463685,0.05,200,20260907,False
2012H2-R,20260907,"all, cohorts resampled",gini,tabicl - gbm,0.005373985132759477,-0.008472401355934482,0.01701246351562638,0.006693367147522062,0.05,200,20260907,False
2012H2-R,20260907,"all, cohorts resampled",gini,tabicl@t1 - gbm,0.005373985132759477,-0.008472401355934482,0.01701246351562638,0.006693367147522062,0.05,200,20260907,False
2012H2-R,20260907,"all, cohorts resampled",gini,tabpfn@t1 - gbm,0.0009948954491827793,-0.012189271100504946,0.013436191829791394,0.007140431927463685,0.05,200,20260907,False
2012H2-R,20260907,"all, cohorts resampled",gini,tabpfn - gbm-50k,0.013501844446895542,-0.0003299720210290729,0.028683324033839087,0.007665957768180573,0.05,200,20260907,False
2012H2-R,20260907,"all, cohorts resampled",gini,tabicl - gbm-50k,0.017880934130472242,0.004257060505806541,0.031027497495122975,0.007524189594663838,0.05,200,20260907,True
2012H2-R,20260907,"all, cohorts resampled",gini,tabicl@t1 - gbm-50k,0.017880934130472242,0.004257060505806541,0.031027497495122975,0.007524189594663838,0.05,200,20260907,True
2012H2-R,20260907,"all, cohorts resampled",gini,tabpfn@t1 - gbm-50k,0.013501844446895542,-0.0003299720210290729,0.028683324033839087,0.007665957768180573,0.05,200,20260907,False
2012H2-R,20260907,"all, cohorts resampled",gini,tabicl - tabpfn,0.004379089683576698,-0.0035743322073869513,0.011467659327939929,0.003967329578323558,0.05,200,20260907,False
2012H2-R,20260907,"all, cohorts resampled",gini,tabicl@t1 - tabpfn,0.004379089683576698,-0.0035743322073869513,0.011467659327939929,0.003967329578323558,0.05,200,20260907,False
2012H2-R,20260907,"all, cohorts resampled",gini,tabpfn@t1 - tabpfn,0.0,0.0,0.0,0.0,0.05,200,20260907,False
2012H2-R,20260907,"all, cohorts resampled",gini,tabicl@t1 - tabicl,0.0,0.0,0.0,0.0,0.05,200,20260907,False
2012H2-R,20260907,"all, cohorts resampled",gini,tabpfn@t1 - tabicl,-0.004379089683576698,-0.011467659327939927,0.0035743322073869535,0.003967329578323558,0.05,200,20260907,False
2012H2-R,20260907,"all, cohorts resampled",gini,tabpfn@t1 - tabicl@t1,-0.004379089683576698,-0.011467659327939927,0.0035743322073869535,0.003967329578323558,0.05,200,20260907,False
2012H2-R,20260907,"all, cohorts resampled",abs_log_oe,gbm - scorecard,-0.11538612768874423,-0.1588285785309352,-0.052037705218369555,0.028764536884933585,0.05,200,20260907,True
2012H2-R,20260907,"all, cohorts resampled",abs_log_oe,gbm-50k - scorecard,-0.1391396444780725,-0.2236593021987921,-0.06487631048436864,0.040478795266834955,0.05,200,20260907,True
2012H2-R,20260907,"all, cohorts resampled",abs_log_oe,tabpfn - scorecard,-0.31224366710488316,-0.5198449790483627,-0.05543176644166538,0.1179865504437621,0.05,200,20260907,True
2012H2-R,20260907,"all, cohorts resampled",abs_log_oe,tabicl - scorecard,-0.27270900853166863,-0.4161068926265759,-0.06299101436940362,0.09155254992308695,0.05,200,20260907,True
2012H2-R,20260907,"all, cohorts resampled",abs_log_oe,tabicl@t1 - scorecard,-0.05378746510930069,-0.10747109935090948,-0.00474062163500401,0.025940606547805597,0.05,200,20260907,True
2012H2-R,20260907,"all, cohorts resampled",abs_log_oe,tabpfn@t1 - scorecard,-0.09839728604200626,-0.19565680572054509,-0.011917697000466894,0.0489850850960823,0.05,200,20260907,True
2012H2-R,20260907,"all, cohorts resampled",abs_log_oe,gbm-50k - gbm,-0.023753516789328282,-0.07298475995472187,-0.001967338533961329,0.024190338810144717,0.05,200,20260907,True
2012H2-R,20260907,"all, cohorts resampled",abs_log_oe,tabpfn - gbm,-0.19685753941613893,-0.37946260569591245,0.0036489766254796867,0.09402256633357665,0.05,200,20260907,False
2012H2-R,20260907,"all, cohorts resampled",abs_log_oe,tabicl - gbm,-0.15732288084292442,-0.25974667182749045,-0.003924626120019333,0.06631001952804262,0.05,200,20260907,True
2012H2-R,20260907,"all, cohorts resampled",abs_log_oe,tabicl@t1 - gbm,0.06159866257944354,0.03371208005470244,0.09316771233042323,0.017655237708700523,0.05,200,20260907,True
2012H2-R,20260907,"all, cohorts resampled",abs_log_oe,tabpfn@t1 - gbm,0.016988841646737973,-0.044577986433579145,0.057956599090948156,0.03148745869128885,0.05,200,20260907,False
2012H2-R,20260907,"all, cohorts resampled",abs_log_oe,tabpfn - gbm-50k,-0.17310402262681066,-0.307503128862753,0.01624230791535822,0.08480484252406416,0.05,200,20260907,False
2012H2-R,20260907,"all, cohorts resampled",abs_log_oe,tabicl - gbm-50k,-0.13356936405359612,-0.24876348129008238,0.00758342356417705,0.06788581235107718,0.05,200,20260907,False
2012H2-R,20260907,"all, cohorts resampled",abs_log_oe,tabicl@t1 - gbm-50k,0.08535217936877182,0.0413245462924588,0.16599222628947427,0.03866812473426409,0.05,200,20260907,True
2012H2-R,20260907,"all, cohorts resampled",abs_log_oe,tabpfn@t1 - gbm-50k,0.04074235843606625,0.018693817567139,0.07133831538180391,0.016268784274627263,0.05,200,20260907,True
2012H2-R,20260907,"all, cohorts resampled",abs_log_oe,tabicl - tabpfn,0.03953465857321451,-0.008127419509797286,0.13811917359624112,0.04296342820295701,0.05,200,20260907,False
2012H2-R,20260907,"all, cohorts resampled",abs_log_oe,tabicl@t1 - tabpfn,0.25845620199558245,0.04012765451979531,0.4678759758813098,0.1062124742284734,0.05,200,20260907,True
2012H2-R,20260907,"all, cohorts resampled",abs_log_oe,tabpfn@t1 - tabpfn,0.2138463810628769,0.05108067561878648,0.33704813301211356,0.07815550009038222,0.05,200,20260907,True
2012H2-R,20260907,"all, cohorts resampled",abs_log_oe,tabicl@t1 - tabicl,0.21892154342236794,0.051349437797295554,0.3265287603892897,0.07569254518781611,0.05,200,20260907,True
2012H2-R,20260907,"all, cohorts resampled",abs_log_oe,tabpfn@t1 - tabicl,0.1743117224896624,0.046212667139887226,0.2864037662650447,0.0637992363405339,0.05,200,20260907,True
2012H2-R,20260907,"all, cohorts resampled",abs_log_oe,tabpfn@t1 - tabicl@t1,-0.04460982093270557,-0.13541566224030058,0.0021763538655993992,0.04241888458680693,0.05,200,20260907,False
2012H2-R,20260907,"all, cohorts resampled",cox_slope_deviation,gbm - scorecard,-0.12465864287419275,-0.14522080164846812,-0.08146363351214123,0.017148545021226126,0.05,200,20260907,True
2012H2-R,20260907,"all, cohorts resampled",cox_slope_deviation,gbm-50k - scorecard,-0.1288382330682276,-0.1728080929259969,-0.03733575003967102,0.03398830202837484,0.05,200,20260907,True
2012H2-R,20260907,"all, cohorts resampled",cox_slope_deviation,tabpfn - scorecard,0.03575761885844514,-0.0017383514554392726,0.06227024524311037,0.017211681770316397,0.05,200,20260907,False
2012H2-R,20260907,"all, cohorts resampled",cox_slope_deviation,tabicl - scorecard,0.0007757350453571158,-0.02914233142793363,0.025752298725601867,0.014503443760416464,0.05,200,20260907,False
2012H2-R,20260907,"all, cohorts resampled",cox_slope_deviation,tabicl@t1 - scorecard,-0.08035787008189295,-0.10487319479609614,-0.04411433636596262,0.015463762131831189,0.05,200,20260907,True
2012H2-R,20260907,"all, cohorts resampled",cox_slope_deviation,tabpfn@t1 - scorecard,-0.04317096015040491,-0.08090257154397187,-0.012133687329212068,0.018145406445073852,0.05,200,20260907,True
2012H2-R,20260907,"all, cohorts resampled",cox_slope_deviation,gbm-50k - gbm,-0.004179590194034859,-0.046145003546597806,0.0599870043428932,0.02561869701848388,0.05,200,20260907,False
2012H2-R,20260907,"all, cohorts resampled",cox_slope_deviation,tabpfn - gbm,0.16041626173263787,0.10513107363986315,0.18513916388027732,0.018469502786357495,0.05,200,20260907,True
2012H2-R,20260907,"all, cohorts resampled",cox_slope_deviation,tabicl - gbm,0.12543437791954984,0.0702613653155456,0.1470933717513293,0.018807200932622635,0.05,200,20260907,True
2012H2-R,20260907,"all, cohorts resampled",cox_slope_deviation,tabicl@t1 - gbm,0.04430077279229978,0.00760892569667832,0.07226840436957349,0.01583932307514493,0.05,200,20260907,True
2012H2-R,20260907,"all, cohorts resampled",cox_slope_deviation,tabpfn@t1 - gbm,0.08148768272378783,0.03266009638159685,0.10745431773373815,0.018699013286523018,0.05,200,20260907,True
2012H2-R,20260907,"all, cohorts resampled",cox_slope_deviation,tabpfn - gbm-50k,0.16459585192667273,0.057797363535696825,0.2059228663010936,0.03743792029008383,0.05,200,20260907,True
2012H2-R,20260907,"all, cohorts resampled",cox_slope_deviation,tabicl - gbm-50k,0.12961396811358472,0.023475949900656698,0.17645225923336857,0.03829164898372726,0.05,200,20260907,True
2012H2-R,20260907,"all, cohorts resampled",cox_slope_deviation,tabicl@t1 - gbm-50k,0.048480362986334645,-0.04962190169634026,0.10562321027540982,0.03638048197224778,0.05,200,20260907,False
2012H2-R,20260907,"all, cohorts resampled",cox_slope_deviation,tabpfn@t1 - gbm-50k,0.08566727291782268,-0.01907170345831423,0.13695345619181443,0.03832685755975198,0.05,200,20260907,False
2012H2-R,20260907,"all, cohorts resampled",cox_slope_deviation,tabicl - tabpfn,-0.034981883813088026,-0.04749515403611071,-0.018130525307141734,0.008324949207402536,0.05,200,20260907,True
2012H2-R,20260907,"all, cohorts resampled",cox_slope_deviation,tabicl@t1 - tabpfn,-0.11611548894033809,-0.12775848922128677,-0.08046987460167698,0.011346693902328609,0.05,200,20260907,True
2012H2-R,20260907,"all, cohorts resampled",cox_slope_deviation,tabpfn@t1 - tabpfn,-0.07892857900885004,-0.08472276593812783,-0.06438636608259042,0.005304813925765172,0.05,200,20260907,True
2012H2-R,20260907,"all, cohorts resampled",cox_slope_deviation,tabicl@t1 - tabicl,-0.08113360512725007,-0.08519293430155483,-0.05297599136063471,0.008091005851242042,0.05,200,20260907,True
2012H2-R,20260907,"all, cohorts resampled",cox_slope_deviation,tabpfn@t1 - tabicl,-0.043946695195762026,-0.05910981063837021,-0.02355552357175701,0.008999859691695956,0.05,200,20260907,True
2012H2-R,20260907,"all, cohorts resampled",cox_slope_deviation,tabpfn@t1 - tabicl@t1,0.037186909931488044,0.011832292877474882,0.04750662151518163,0.009337618598846404,0.05,200,20260907,True
2012H2-R,20260907,"all, cohorts resampled",psi,gbm - scorecard,-0.04616832410833202,-0.07104963667547168,-0.02473791638182476,0.012799056170823464,0.05,200,20260907,True
2012H2-R,20260907,"all, cohorts resampled",psi,gbm-50k - scorecard,-0.046077914597845104,-0.07697679721838806,-0.012311264200352268,0.018225171005667208,0.05,200,20260907,True
2012H2-R,20260907,"all, cohorts resampled",psi,tabpfn - scorecard,-0.0989172280534082,-0.14957811373964533,-0.058373433553535074,0.024094898368912907,0.05,200,20260907,True
2012H2-R,20260907,"all, cohorts resampled",psi,tabicl - scorecard,-0.05376764617481172,-0.08861639871983083,-0.020708504741822134,0.01788133643314889,0.05,200,20260907,True
2012H2-R,20260907,"all, cohorts resampled",psi,tabicl@t1 - scorecard,-0.05376764617481172,-0.08861639871983083,-0.020708504741822134,0.01788133643314889,0.05,200,20260907,True
2012H2-R,20260907,"all, cohorts resampled",psi,tabpfn@t1 - scorecard,-0.0989172280534082,-0.14957811373964533,-0.058373433553535074,0.024094898368912907,0.05,200,20260907,True
2012H2-R,20260907,"all, cohorts resampled",psi,gbm-50k - gbm,9.040951048691626e-05,-0.013570277411946045,0.024853891231646975,0.014714309807753763,0.05,200,20260907,False
2012H2-R,20260907,"all, cohorts resampled",psi,tabpfn - gbm,-0.05274890394507619,-0.08166791210549881,-0.02919382103273964,0.014370340975105242,0.05,200,20260907,True
2012H2-R,20260907,"all, cohorts resampled",psi,tabicl - gbm,-0.007599322066479702,-0.01929591936321276,0.010477018027422683,0.009831319928474585,0.05,200,20260907,False
2012H2-R,20260907,"all, cohorts resampled",psi,tabicl@t1 - gbm,-0.007599322066479702,-0.01929591936321276,0.010477018027422683,0.009831319928474585,0.05,200,20260907,False
2012H2-R,20260907,"all, cohorts resampled",psi,tabpfn@t1 - gbm,-0.05274890394507619,-0.08166791210549881,-0.02919382103273964,0.014370340975105242,0.05,200,20260907,True
2012H2-R,20260907,"all, cohorts resampled",psi,tabpfn - gbm-50k,-0.05283931345556311,-0.07613202326367696,-0.02949302344113859,0.012353228039499623,0.05,200,20260907,True
2012H2-R,20260907,"all, cohorts resampled",psi,tabicl - gbm-50k,-0.007689731576966619,-0.024473566755892306,0.0003686237223051933,0.006983763378346171,0.05,200,20260907,False
2012H2-R,20260907,"all, cohorts resampled",psi,tabicl@t1 - gbm-50k,-0.007689731576966619,-0.024473566755892306,0.0003686237223051933,0.006983763378346171,0.05,200,20260907,False
2012H2-R,20260907,"all, cohorts resampled",psi,tabpfn@t1 - gbm-50k,-0.05283931345556311,-0.07613202326367696,-0.02949302344113859,0.012353228039499623,0.05,200,20260907,True
2012H2-R,20260907,"all, cohorts resampled",psi,tabicl - tabpfn,0.04514958187859649,0.028618379894262545,0.06320096882536948,0.008706240369943793,0.05,200,20260907,True
2012H2-R,20260907,"all, cohorts resampled",psi,tabicl@t1 - tabpfn,0.04514958187859649,0.028618379894262545,0.06320096882536948,0.008706240369943793,0.05,200,20260907,True
2012H2-R,20260907,"all, cohorts resampled",psi,tabpfn@t1 - tabpfn,0.0,0.0,0.0,0.0,0.05,200,20260907,False
2012H2-R,20260907,"all, cohorts resampled",psi,tabicl@t1 - tabicl,0.0,0.0,0.0,0.0,0.05,200,20260907,False
2012H2-R,20260907,"all, cohorts resampled",psi,tabpfn@t1 - tabicl,-0.04514958187859649,-0.06320096882536948,-0.028618379894262545,0.008706240369943793,0.05,200,20260907,True
2012H2-R,20260907,"all, cohorts resampled",psi,tabpfn@t1 - tabicl@t1,-0.04514958187859649,-0.06320096882536948,-0.028618379894262545,0.008706240369943793,0.05,200,20260907,True
