
### tabicl@2026-09-13-fm-2006h2e-bundle: /home/node/outoftime-node/.venv/bin/python score_context.py 2026-09-13-fm-2006h2e-bundle --out-dir 2026-09-13-fm-2006h2e-bundle-scored-tabicl --models tabicl --chunk 20000
Warning: You are sending unauthenticated requests to the HF Hub. Please set a HF_TOKEN to enable higher rate limits and faster downloads.
INFO: You are downloading 'tabicl-classifier-v2-20260212.ckpt', the latest best-performing version, used in our TabICLv2 paper.

Checkpoint 'tabicl-classifier-v2-20260212.ckpt' not cached.
 Downloading from Hugging Face Hub (jingang/TabICL).

tabicl/20260911: context 50,000 rows read in 7.2s
  reference   50,000 rows     19.2s  mean pd 0.0062
  2007H1      23,169 rows     11.6s  mean pd 0.0083
  2007H2      24,367 rows     11.7s  mean pd 0.0093
  2008H1      24,660 rows     11.8s  mean pd 0.0058
  2008H2      24,746 rows     11.8s  mean pd 0.0047
  2009H1      24,844 rows     11.8s  mean pd 0.0020
  2009H2      24,709 rows     11.8s  mean pd 0.0029
  2010H1      24,843 rows     11.8s  mean pd 0.0032
  2010H2      24,683 rows     11.8s  mean pd 0.0025
  2011H1      24,614 rows     11.7s  mean pd 0.0034
  2011H2      24,646 rows     11.7s  mean pd 0.0026
  2012H1      24,306 rows     11.7s  mean pd 0.0040
  2012H2      24,538 rows     11.7s  mean pd 0.0038
  2013H1      24,341 rows     11.7s  mean pd 0.0044
  2013H2      23,974 rows     11.7s  mean pd 0.0054
  2014H1      24,341 rows     11.7s  mean pd 0.0050
  2014H2      24,213 rows     11.7s  mean pd 0.0045
  2015H1      24,159 rows     11.7s  mean pd 0.0037
  2015H2      24,159 rows     11.7s  mean pd 0.0042
  2016H1      24,632 rows     11.8s  mean pd 0.0040
  2016H2      24,760 rows     11.8s  mean pd 0.0035
  2017H1      24,541 rows     11.8s  mean pd 0.0044
  2017H2      24,680 rows     11.8s  mean pd 0.0044
  2018H1      24,416 rows     11.7s  mean pd 0.0045
  2018H2      24,543 rows     11.7s  mean pd 0.0047
  2019H1      24,752 rows     11.8s  mean pd 0.0044
  2019H2      24,861 rows     11.8s  mean pd 0.0037
  2020H1      24,880 rows     11.8s  mean pd 0.0030
  2020H2      24,919 rows     11.8s  mean pd 0.0025
  2021H1      24,909 rows     11.8s  mean pd 0.0030
  2021H2      24,929 rows     11.8s  mean pd 0.0036
  2022H1      24,889 rows     11.8s  mean pd 0.0047
  2022H2      24,859 rows     11.8s  mean pd 0.0050
  2023H1      24,882 rows     11.8s  mean pd 0.0050
  2023H2      24,866 rows     11.8s  mean pd 0.0046
  repeat 2007H1: largest disagreement 0.00e+00, 0 rows differ
tabicl/20260912: context 50,000 rows read in 0.9s
  reference   50,000 rows     18.8s  mean pd 0.0061
  2007H1      23,169 rows     11.6s  mean pd 0.0088
  2007H2      24,367 rows     11.7s  mean pd 0.0099
  2008H1      24,660 rows     11.8s  mean pd 0.0061
  2008H2      24,746 rows     11.8s  mean pd 0.0049
  2009H1      24,844 rows     11.8s  mean pd 0.0021
  2009H2      24,709 rows     11.8s  mean pd 0.0033
  2010H1      24,843 rows     11.8s  mean pd 0.0038
  2010H2      24,683 rows     11.8s  mean pd 0.0030
  2011H1      24,614 rows     11.8s  mean pd 0.0044
  2011H2      24,646 rows     11.7s  mean pd 0.0033
  2012H1      24,306 rows     11.7s  mean pd 0.0058
  2012H2      24,538 rows     11.7s  mean pd 0.0054
  2013H1      24,341 rows     11.7s  mean pd 0.0060
  2013H2      23,974 rows     11.7s  mean pd 0.0068
  2014H1      24,341 rows     11.7s  mean pd 0.0059
  2014H2      24,213 rows     11.7s  mean pd 0.0050
  2015H1      24,159 rows     11.7s  mean pd 0.0041
  2015H2      24,159 rows     11.7s  mean pd 0.0045
  2016H1      24,632 rows     11.8s  mean pd 0.0043
  2016H2      24,760 rows     11.8s  mean pd 0.0038
  2017H1      24,541 rows     11.8s  mean pd 0.0048
  2017H2      24,680 rows     11.8s  mean pd 0.0047
  2018H1      24,416 rows     11.8s  mean pd 0.0048
  2018H2      24,543 rows     11.7s  mean pd 0.0051
  2019H1      24,752 rows     11.8s  mean pd 0.0048
  2019H2      24,861 rows     11.8s  mean pd 0.0039
  2020H1      24,880 rows     11.8s  mean pd 0.0031
  2020H2      24,919 rows     11.8s  mean pd 0.0026
  2021H1      24,909 rows     11.8s  mean pd 0.0030
  2021H2      24,929 rows     11.8s  mean pd 0.0037
  2022H1      24,889 rows     11.8s  mean pd 0.0048
  2022H2      24,859 rows     11.8s  mean pd 0.0052
  2023H1      24,882 rows     11.8s  mean pd 0.0052
  2023H2      24,866 rows     11.8s  mean pd 0.0050
  repeat 2007H1: largest disagreement 0.00e+00, 0 rows differ
tabicl/20260913: context 50,000 rows read in 0.9s
  reference   50,000 rows     18.8s  mean pd 0.0064
  2007H1      23,169 rows     11.6s  mean pd 0.0089
  2007H2      24,367 rows     11.7s  mean pd 0.0094
  2008H1      24,660 rows     11.8s  mean pd 0.0060
  2008H2      24,746 rows     11.8s  mean pd 0.0050
  2009H1      24,844 rows     11.8s  mean pd 0.0023
  2009H2      24,709 rows     11.8s  mean pd 0.0033
  2010H1      24,843 rows     11.8s  mean pd 0.0036
  2010H2      24,683 rows     11.8s  mean pd 0.0029
  2011H1      24,614 rows     11.7s  mean pd 0.0039
  2011H2      24,646 rows     11.7s  mean pd 0.0030
  2012H1      24,306 rows     11.7s  mean pd 0.0046
  2012H2      24,538 rows     11.7s  mean pd 0.0044
  2013H1      24,341 rows     11.7s  mean pd 0.0050
  2013H2      23,974 rows     11.7s  mean pd 0.0059
  2014H1      24,341 rows     11.7s  mean pd 0.0054
  2014H2      24,213 rows     11.7s  mean pd 0.0048
  2015H1      24,159 rows     11.7s  mean pd 0.0040
  2015H2      24,159 rows     11.7s  mean pd 0.0045
  2016H1      24,632 rows     11.7s  mean pd 0.0043
  2016H2      24,760 rows     11.8s  mean pd 0.0038
  2017H1      24,541 rows     11.7s  mean pd 0.0047
  2017H2      24,680 rows     11.8s  mean pd 0.0047
  2018H1      24,416 rows     11.7s  mean pd 0.0047
  2018H2      24,543 rows     11.7s  mean pd 0.0049
  2019H1      24,752 rows     11.8s  mean pd 0.0047
  2019H2      24,861 rows     11.8s  mean pd 0.0040
  2020H1      24,880 rows     11.8s  mean pd 0.0033
  2020H2      24,919 rows     11.8s  mean pd 0.0027
  2021H1      24,909 rows     11.8s  mean pd 0.0032
  2021H2      24,929 rows     11.8s  mean pd 0.0039
  2022H1      24,889 rows     11.8s  mean pd 0.0049
  2022H2      24,859 rows     11.8s  mean pd 0.0051
  2023H1      24,882 rows     11.8s  mean pd 0.0050
  2023H2      24,866 rows     11.8s  mean pd 0.0046
  repeat 2007H1: largest disagreement 0.00e+00, 0 rows differ

scored rows           : 2,506,890
reference rows        : 150,000
wall                  : 1314s

### tabpfn@2026-09-13-fm-2006h2e-bundle: /home/node/outoftime-node/.venv/bin/python score_context.py 2026-09-13-fm-2006h2e-bundle --out-dir 2026-09-13-fm-2006h2e-bundle-scored-tabpfn --models tabpfn --chunk 20000
tabpfn/20260911: context 50,000 rows read in 2.2s
  reference   50,000 rows     36.8s  mean pd 0.0066
  2007H1      23,169 rows     22.5s  mean pd 0.0088
  2007H2      24,367 rows     22.7s  mean pd 0.0098
  2008H1      24,660 rows     22.7s  mean pd 0.0061
  2008H2      24,746 rows     22.7s  mean pd 0.0047
  2009H1      24,844 rows     22.8s  mean pd 0.0020
  2009H2      24,709 rows     22.8s  mean pd 0.0028
  2010H1      24,843 rows     22.8s  mean pd 0.0032
  2010H2      24,683 rows     23.1s  mean pd 0.0025
  2011H1      24,614 rows     23.1s  mean pd 0.0035
  2011H2      24,646 rows     22.9s  mean pd 0.0026
  2012H1      24,306 rows     22.9s  mean pd 0.0041
  2012H2      24,538 rows     23.0s  mean pd 0.0040
  2013H1      24,341 rows     23.0s  mean pd 0.0047
  2013H2      23,974 rows     22.8s  mean pd 0.0056
  2014H1      24,341 rows     23.1s  mean pd 0.0051
  2014H2      24,213 rows     23.0s  mean pd 0.0045
  2015H1      24,159 rows     23.1s  mean pd 0.0038
  2015H2      24,159 rows     23.2s  mean pd 0.0042
  2016H1      24,632 rows     23.1s  mean pd 0.0041
  2016H2      24,760 rows     23.1s  mean pd 0.0035
  2017H1      24,541 rows     23.1s  mean pd 0.0045
  2017H2      24,680 rows     23.2s  mean pd 0.0044
  2018H1      24,416 rows     23.1s  mean pd 0.0045
  2018H2      24,543 rows     23.3s  mean pd 0.0047
  2019H1      24,752 rows     23.1s  mean pd 0.0045
  2019H2      24,861 rows     23.1s  mean pd 0.0037
  2020H1      24,880 rows     23.1s  mean pd 0.0030
  2020H2      24,919 rows     23.2s  mean pd 0.0025
  2021H1      24,909 rows     23.2s  mean pd 0.0030
  2021H2      24,929 rows     23.1s  mean pd 0.0037
  2022H1      24,889 rows     23.2s  mean pd 0.0048
  2022H2      24,859 rows     23.2s  mean pd 0.0049
  2023H1      24,882 rows     23.1s  mean pd 0.0049
  2023H2      24,866 rows     23.1s  mean pd 0.0047
  repeat 2007H1: largest disagreement 0.00e+00, 0 rows differ
tabpfn/20260912: context 50,000 rows read in 0.9s
  reference   50,000 rows     36.8s  mean pd 0.0064
  2007H1      23,169 rows     22.7s  mean pd 0.0088
  2007H2      24,367 rows     23.0s  mean pd 0.0098
  2008H1      24,660 rows     23.2s  mean pd 0.0059
  2008H2      24,746 rows     23.2s  mean pd 0.0047
  2009H1      24,844 rows     23.2s  mean pd 0.0020
  2009H2      24,709 rows     23.1s  mean pd 0.0031
  2010H1      24,843 rows     23.1s  mean pd 0.0036
  2010H2      24,683 rows     23.1s  mean pd 0.0029
  2011H1      24,614 rows     23.1s  mean pd 0.0042
  2011H2      24,646 rows     23.0s  mean pd 0.0031
  2012H1      24,306 rows     23.1s  mean pd 0.0058
  2012H2      24,538 rows     22.9s  mean pd 0.0055
  2013H1      24,341 rows     22.9s  mean pd 0.0061
  2013H2      23,974 rows     22.7s  mean pd 0.0069
  2014H1      24,341 rows     23.2s  mean pd 0.0058
  2014H2      24,213 rows     23.1s  mean pd 0.0048
  2015H1      24,159 rows     23.0s  mean pd 0.0039
  2015H2      24,159 rows     22.9s  mean pd 0.0043
  2016H1      24,632 rows     23.0s  mean pd 0.0041
  2016H2      24,760 rows     23.1s  mean pd 0.0035
  2017H1      24,541 rows     23.1s  mean pd 0.0045
  2017H2      24,680 rows     22.9s  mean pd 0.0043
  2018H1      24,416 rows     22.9s  mean pd 0.0044
  2018H2      24,543 rows     23.0s  mean pd 0.0046
  2019H1      24,752 rows     23.1s  mean pd 0.0043
  2019H2      24,861 rows     23.1s  mean pd 0.0035
  2020H1      24,880 rows     23.2s  mean pd 0.0028
  2020H2      24,919 rows     23.2s  mean pd 0.0023
  2021H1      24,909 rows     23.3s  mean pd 0.0027
  2021H2      24,929 rows     23.2s  mean pd 0.0034
  2022H1      24,889 rows     23.2s  mean pd 0.0044
  2022H2      24,859 rows     23.2s  mean pd 0.0046
  2023H1      24,882 rows     23.2s  mean pd 0.0047
  2023H2      24,866 rows     23.1s  mean pd 0.0045
  repeat 2007H1: largest disagreement 0.00e+00, 0 rows differ
tabpfn/20260913: context 50,000 rows read in 0.8s
  reference   50,000 rows     36.7s  mean pd 0.0061
  2007H1      23,169 rows     22.8s  mean pd 0.0081
  2007H2      24,367 rows     23.1s  mean pd 0.0088
  2008H1      24,660 rows     23.0s  mean pd 0.0055
  2008H2      24,746 rows     23.0s  mean pd 0.0044
  2009H1      24,844 rows     23.1s  mean pd 0.0020
  2009H2      24,709 rows     23.1s  mean pd 0.0029
  2010H1      24,843 rows     23.2s  mean pd 0.0033
  2010H2      24,683 rows     23.1s  mean pd 0.0027
  2011H1      24,614 rows     23.2s  mean pd 0.0037
  2011H2      24,646 rows     23.2s  mean pd 0.0028
  2012H1      24,306 rows     23.0s  mean pd 0.0046
  2012H2      24,538 rows     23.1s  mean pd 0.0044
  2013H1      24,341 rows     23.0s  mean pd 0.0050
  2013H2      23,974 rows     22.7s  mean pd 0.0058
  2014H1      24,341 rows     23.0s  mean pd 0.0052
  2014H2      24,213 rows     23.1s  mean pd 0.0045
  2015H1      24,159 rows     23.1s  mean pd 0.0038
  2015H2      24,159 rows     23.1s  mean pd 0.0041
  2016H1      24,632 rows     23.1s  mean pd 0.0040
  2016H2      24,760 rows     23.1s  mean pd 0.0035
  2017H1      24,541 rows     23.1s  mean pd 0.0044
  2017H2      24,680 rows     23.0s  mean pd 0.0042
  2018H1      24,416 rows     23.0s  mean pd 0.0043
  2018H2      24,543 rows     22.9s  mean pd 0.0044
  2019H1      24,752 rows     22.9s  mean pd 0.0042
  2019H2      24,861 rows     23.1s  mean pd 0.0036
  2020H1      24,880 rows     23.1s  mean pd 0.0030
  2020H2      24,919 rows     23.0s  mean pd 0.0025
  2021H1      24,909 rows     23.1s  mean pd 0.0029
  2021H2      24,929 rows     23.0s  mean pd 0.0035
  2022H1      24,889 rows     23.0s  mean pd 0.0044
  2022H2      24,859 rows     23.1s  mean pd 0.0045
  2023H1      24,882 rows     22.9s  mean pd 0.0045
  2023H2      24,866 rows     23.0s  mean pd 0.0042
  repeat 2007H1: largest disagreement 0.00e+00, 0 rows differ

scored rows           : 2,506,890
reference rows        : 150,000
wall                  : 2545s

### tabpfn-t1@2026-09-13-fm-2006h2e-bundle: /home/node/outoftime-node/.venv/bin/python score_context.py 2026-09-13-fm-2006h2e-bundle --out-dir 2026-09-13-fm-2006h2e-bundle-scored-tabpfn-t1 --models tabpfn --temperature 1.0 --chunk 20000
tabpfn@t1/20260911: context 50,000 rows read in 2.0s
  reference   50,000 rows     37.2s  mean pd 0.0097
  2007H1      23,169 rows     22.8s  mean pd 0.0126
  2007H2      24,367 rows     23.1s  mean pd 0.0141
  2008H1      24,660 rows     23.1s  mean pd 0.0091
  2008H2      24,746 rows     22.9s  mean pd 0.0073
  2009H1      24,844 rows     23.1s  mean pd 0.0034
  2009H2      24,709 rows     23.0s  mean pd 0.0046
  2010H1      24,843 rows     23.1s  mean pd 0.0050
  2010H2      24,683 rows     23.1s  mean pd 0.0040
  2011H1      24,614 rows     23.1s  mean pd 0.0054
  2011H2      24,646 rows     23.0s  mean pd 0.0042
  2012H1      24,306 rows     23.1s  mean pd 0.0063
  2012H2      24,538 rows     23.0s  mean pd 0.0061
  2013H1      24,341 rows     23.2s  mean pd 0.0071
  2013H2      23,974 rows     22.9s  mean pd 0.0084
  2014H1      24,341 rows     23.1s  mean pd 0.0078
  2014H2      24,213 rows     23.1s  mean pd 0.0070
  2015H1      24,159 rows     23.1s  mean pd 0.0059
  2015H2      24,159 rows     23.1s  mean pd 0.0067
  2016H1      24,632 rows     23.1s  mean pd 0.0064
  2016H2      24,760 rows     23.1s  mean pd 0.0057
  2017H1      24,541 rows     23.1s  mean pd 0.0071
  2017H2      24,680 rows     23.1s  mean pd 0.0070
  2018H1      24,416 rows     23.2s  mean pd 0.0071
  2018H2      24,543 rows     23.2s  mean pd 0.0074
  2019H1      24,752 rows     23.1s  mean pd 0.0071
  2019H2      24,861 rows     23.2s  mean pd 0.0060
  2020H1      24,880 rows     23.2s  mean pd 0.0050
  2020H2      24,919 rows     23.3s  mean pd 0.0041
  2021H1      24,909 rows     23.3s  mean pd 0.0049
  2021H2      24,929 rows     23.3s  mean pd 0.0060
  2022H1      24,889 rows     23.1s  mean pd 0.0076
  2022H2      24,859 rows     23.2s  mean pd 0.0078
  2023H1      24,882 rows     23.2s  mean pd 0.0078
  2023H2      24,866 rows     23.2s  mean pd 0.0074
  repeat 2007H1: largest disagreement 0.00e+00, 0 rows differ
tabpfn@t1/20260912: context 50,000 rows read in 0.8s
  reference   50,000 rows     36.8s  mean pd 0.0095
  2007H1      23,169 rows     22.8s  mean pd 0.0126
  2007H2      24,367 rows     23.3s  mean pd 0.0140
  2008H1      24,660 rows     23.2s  mean pd 0.0089
  2008H2      24,746 rows     23.2s  mean pd 0.0072
  2009H1      24,844 rows     23.2s  mean pd 0.0033
  2009H2      24,709 rows     23.3s  mean pd 0.0049
  2010H1      24,843 rows     23.2s  mean pd 0.0056
  2010H2      24,683 rows     23.2s  mean pd 0.0045
  2011H1      24,614 rows     23.1s  mean pd 0.0064
  2011H2      24,646 rows     23.2s  mean pd 0.0049
  2012H1      24,306 rows     23.2s  mean pd 0.0083
  2012H2      24,538 rows     23.2s  mean pd 0.0079
  2013H1      24,341 rows     23.1s  mean pd 0.0088
  2013H2      23,974 rows     22.8s  mean pd 0.0099
  2014H1      24,341 rows     23.1s  mean pd 0.0086
  2014H2      24,213 rows     23.2s  mean pd 0.0073
  2015H1      24,159 rows     23.3s  mean pd 0.0061
  2015H2      24,159 rows     23.4s  mean pd 0.0067
  2016H1      24,632 rows     23.2s  mean pd 0.0064
  2016H2      24,760 rows     23.2s  mean pd 0.0056
  2017H1      24,541 rows     23.2s  mean pd 0.0071
  2017H2      24,680 rows     23.2s  mean pd 0.0069
  2018H1      24,416 rows     23.1s  mean pd 0.0070
  2018H2      24,543 rows     23.2s  mean pd 0.0073
  2019H1      24,752 rows     23.3s  mean pd 0.0069
  2019H2      24,861 rows     23.0s  mean pd 0.0057
  2020H1      24,880 rows     23.0s  mean pd 0.0047
  2020H2      24,919 rows     23.1s  mean pd 0.0039
  2021H1      24,909 rows     23.1s  mean pd 0.0045
  2021H2      24,929 rows     23.1s  mean pd 0.0056
  2022H1      24,889 rows     23.0s  mean pd 0.0071
  2022H2      24,859 rows     23.1s  mean pd 0.0074
  2023H1      24,882 rows     23.2s  mean pd 0.0074
  2023H2      24,866 rows     23.1s  mean pd 0.0071
  repeat 2007H1: largest disagreement 0.00e+00, 0 rows differ
tabpfn@t1/20260913: context 50,000 rows read in 0.8s
  reference   50,000 rows     36.9s  mean pd 0.0091
  2007H1      23,169 rows     22.9s  mean pd 0.0119
  2007H2      24,367 rows     23.2s  mean pd 0.0128
  2008H1      24,660 rows     23.2s  mean pd 0.0084
  2008H2      24,746 rows     23.3s  mean pd 0.0069
  2009H1      24,844 rows     23.2s  mean pd 0.0034
  2009H2      24,709 rows     23.2s  mean pd 0.0047
  2010H1      24,843 rows     23.3s  mean pd 0.0052
  2010H2      24,683 rows     23.1s  mean pd 0.0043
  2011H1      24,614 rows     23.1s  mean pd 0.0057
  2011H2      24,646 rows     23.0s  mean pd 0.0045
  2012H1      24,306 rows     23.1s  mean pd 0.0069
  2012H2      24,538 rows     23.1s  mean pd 0.0067
  2013H1      24,341 rows     23.2s  mean pd 0.0075
  2013H2      23,974 rows     22.9s  mean pd 0.0086
  2014H1      24,341 rows     23.2s  mean pd 0.0079
  2014H2      24,213 rows     23.2s  mean pd 0.0070
  2015H1      24,159 rows     23.3s  mean pd 0.0060
  2015H2      24,159 rows     23.2s  mean pd 0.0066
  2016H1      24,632 rows     23.1s  mean pd 0.0064
  2016H2      24,760 rows     23.2s  mean pd 0.0057
  2017H1      24,541 rows     23.1s  mean pd 0.0070
  2017H2      24,680 rows     23.1s  mean pd 0.0068
  2018H1      24,416 rows     23.1s  mean pd 0.0069
  2018H2      24,543 rows     23.0s  mean pd 0.0071
  2019H1      24,752 rows     23.1s  mean pd 0.0068
  2019H2      24,861 rows     23.2s  mean pd 0.0059
  2020H1      24,880 rows     23.1s  mean pd 0.0050
  2020H2      24,919 rows     23.0s  mean pd 0.0042
  2021H1      24,909 rows     23.0s  mean pd 0.0049
  2021H2      24,929 rows     23.1s  mean pd 0.0058
  2022H1      24,889 rows     23.1s  mean pd 0.0072
  2022H2      24,859 rows     23.1s  mean pd 0.0073
  2023H1      24,882 rows     22.8s  mean pd 0.0072
  2023H2      24,866 rows     22.7s  mean pd 0.0068
  repeat 2007H1: largest disagreement 0.00e+00, 0 rows differ

scored rows           : 2,506,890
reference rows        : 150,000
wall                  : 2553s

### tabicl@2026-09-13-fm-2002h2e-bundle: /home/node/outoftime-node/.venv/bin/python score_context.py 2026-09-13-fm-2002h2e-bundle --out-dir 2026-09-13-fm-2002h2e-bundle-scored-tabicl --models tabicl --chunk 20000
tabicl/20260911: context 50,000 rows read in 1.9s
  reference   50,000 rows     19.1s  mean pd 0.0096
  2003H1      24,276 rows     11.7s  mean pd 0.0057
  2003H2      24,205 rows     11.7s  mean pd 0.0078
  2004H1      24,219 rows     11.7s  mean pd 0.0088
  2004H2      24,090 rows     11.7s  mean pd 0.0107
  2005H1      24,233 rows     11.7s  mean pd 0.0101
  2005H2      24,082 rows     11.7s  mean pd 0.0104
  2006H1      23,280 rows     11.7s  mean pd 0.0125
  2006H2      23,898 rows     11.7s  mean pd 0.0128
  2007H1      23,169 rows     11.6s  mean pd 0.0140
  2007H2      24,367 rows     11.7s  mean pd 0.0141
  2008H1      24,660 rows     11.8s  mean pd 0.0090
  2008H2      24,746 rows     11.8s  mean pd 0.0074
  2009H1      24,844 rows     11.8s  mean pd 0.0041
  2009H2      24,709 rows     11.8s  mean pd 0.0064
  2010H1      24,843 rows     11.8s  mean pd 0.0073
  2010H2      24,683 rows     11.8s  mean pd 0.0062
  2011H1      24,614 rows     11.8s  mean pd 0.0085
  2011H2      24,646 rows     11.8s  mean pd 0.0063
  2012H1      24,306 rows     11.7s  mean pd 0.0118
  2012H2      24,538 rows     11.8s  mean pd 0.0108
  2013H1      24,341 rows     11.7s  mean pd 0.0112
  2013H2      23,974 rows     11.7s  mean pd 0.0118
  2014H1      24,341 rows     11.8s  mean pd 0.0095
  2014H2      24,213 rows     11.7s  mean pd 0.0078
  2015H1      24,159 rows     11.7s  mean pd 0.0063
  2015H2      24,159 rows     11.7s  mean pd 0.0068
  2016H1      24,632 rows     11.8s  mean pd 0.0066
  2016H2      24,760 rows     11.8s  mean pd 0.0061
  2017H1      24,541 rows     11.8s  mean pd 0.0078
  2017H2      24,680 rows     11.8s  mean pd 0.0078
  2018H1      24,416 rows     11.8s  mean pd 0.0082
  2018H2      24,543 rows     11.8s  mean pd 0.0084
  2019H1      24,752 rows     11.8s  mean pd 0.0079
  2019H2      24,861 rows     11.8s  mean pd 0.0065
  2020H1      24,880 rows     11.8s  mean pd 0.0052
  2020H2      24,919 rows     11.8s  mean pd 0.0042
  2021H1      24,909 rows     11.8s  mean pd 0.0051
  2021H2      24,929 rows     11.8s  mean pd 0.0060
  2022H1      24,889 rows     11.8s  mean pd 0.0072
  2022H2      24,859 rows     11.8s  mean pd 0.0073
  2023H1      24,882 rows     11.8s  mean pd 0.0073
  2023H2      24,866 rows     11.8s  mean pd 0.0066
  repeat 2003H1: largest disagreement 0.00e+00, 0 rows differ
tabicl/20260912: context 50,000 rows read in 1.0s
  reference   50,000 rows     18.8s  mean pd 0.0081
  2003H1      24,276 rows     11.7s  mean pd 0.0052
  2003H2      24,205 rows     11.7s  mean pd 0.0069
  2004H1      24,219 rows     11.7s  mean pd 0.0077
  2004H2      24,090 rows     11.7s  mean pd 0.0092
  2005H1      24,233 rows     11.7s  mean pd 0.0087
  2005H2      24,082 rows     11.7s  mean pd 0.0089
  2006H1      23,280 rows     11.6s  mean pd 0.0105
  2006H2      23,898 rows     11.7s  mean pd 0.0109
  2007H1      23,169 rows     11.6s  mean pd 0.0118
  2007H2      24,367 rows     11.7s  mean pd 0.0120
  2008H1      24,660 rows     11.8s  mean pd 0.0076
  2008H2      24,746 rows     11.8s  mean pd 0.0059
  2009H1      24,844 rows     11.8s  mean pd 0.0031
  2009H2      24,709 rows     11.8s  mean pd 0.0046
  2010H1      24,843 rows     11.8s  mean pd 0.0052
  2010H2      24,683 rows     11.8s  mean pd 0.0044
  2011H1      24,614 rows     11.7s  mean pd 0.0059
  2011H2      24,646 rows     11.7s  mean pd 0.0045
  2012H1      24,306 rows     11.7s  mean pd 0.0075
  2012H2      24,538 rows     11.7s  mean pd 0.0070
  2013H1      24,341 rows     11.7s  mean pd 0.0075
  2013H2      23,974 rows     11.7s  mean pd 0.0082
  2014H1      24,341 rows     11.7s  mean pd 0.0070
  2014H2      24,213 rows     11.7s  mean pd 0.0059
  2015H1      24,159 rows     11.7s  mean pd 0.0049
  2015H2      24,159 rows     11.7s  mean pd 0.0054
  2016H1      24,632 rows     11.7s  mean pd 0.0051
  2016H2      24,760 rows     11.8s  mean pd 0.0045
  2017H1      24,541 rows     11.7s  mean pd 0.0055
  2017H2      24,680 rows     11.8s  mean pd 0.0054
  2018H1      24,416 rows     11.7s  mean pd 0.0053
  2018H2      24,543 rows     11.7s  mean pd 0.0054
  2019H1      24,752 rows     11.8s  mean pd 0.0053
  2019H2      24,861 rows     11.8s  mean pd 0.0046
  2020H1      24,880 rows     11.8s  mean pd 0.0038
  2020H2      24,919 rows     11.8s  mean pd 0.0032
  2021H1      24,909 rows     11.8s  mean pd 0.0038
  2021H2      24,929 rows     11.8s  mean pd 0.0046
  2022H1      24,889 rows     11.8s  mean pd 0.0058
  2022H2      24,859 rows     11.8s  mean pd 0.0055
  2023H1      24,882 rows     11.8s  mean pd 0.0053
  2023H2      24,866 rows     11.8s  mean pd 0.0050
  repeat 2003H1: largest disagreement 0.00e+00, 0 rows differ
tabicl/20260913: context 50,000 rows read in 0.9s
  reference   50,000 rows     18.8s  mean pd 0.0111
  2003H1      24,276 rows     11.7s  mean pd 0.0068
  2003H2      24,205 rows     11.7s  mean pd 0.0091
  2004H1      24,219 rows     11.7s  mean pd 0.0102
  2004H2      24,090 rows     11.7s  mean pd 0.0123
  2005H1      24,233 rows     11.7s  mean pd 0.0120
  2005H2      24,082 rows     11.7s  mean pd 0.0125
  2006H1      23,280 rows     11.6s  mean pd 0.0143
  2006H2      23,898 rows     11.7s  mean pd 0.0145
  2007H1      23,169 rows     11.6s  mean pd 0.0157
  2007H2      24,367 rows     11.7s  mean pd 0.0155
  2008H1      24,660 rows     11.8s  mean pd 0.0103
  2008H2      24,746 rows     11.8s  mean pd 0.0084
  2009H1      24,844 rows     11.8s  mean pd 0.0047
  2009H2      24,709 rows     11.8s  mean pd 0.0063
  2010H1      24,843 rows     11.8s  mean pd 0.0069
  2010H2      24,683 rows     11.8s  mean pd 0.0057
  2011H1      24,614 rows     11.7s  mean pd 0.0074
  2011H2      24,646 rows     11.7s  mean pd 0.0057
  2012H1      24,306 rows     11.7s  mean pd 0.0091
  2012H2      24,538 rows     11.7s  mean pd 0.0085
  2013H1      24,341 rows     11.7s  mean pd 0.0092
  2013H2      23,974 rows     11.7s  mean pd 0.0100
  2014H1      24,341 rows     11.7s  mean pd 0.0085
  2014H2      24,213 rows     11.7s  mean pd 0.0074
  2015H1      24,159 rows     11.7s  mean pd 0.0063
  2015H2      24,159 rows     11.7s  mean pd 0.0068
  2016H1      24,632 rows     11.7s  mean pd 0.0066
  2016H2      24,760 rows     11.8s  mean pd 0.0061
  2017H1      24,541 rows     11.7s  mean pd 0.0074
  2017H2      24,680 rows     11.8s  mean pd 0.0074
  2018H1      24,416 rows     11.7s  mean pd 0.0074
  2018H2      24,543 rows     11.7s  mean pd 0.0075
  2019H1      24,752 rows     11.8s  mean pd 0.0072
  2019H2      24,861 rows     11.8s  mean pd 0.0063
  2020H1      24,880 rows     11.8s  mean pd 0.0053
  2020H2      24,919 rows     11.8s  mean pd 0.0044
  2021H1      24,909 rows     11.8s  mean pd 0.0055
  2021H2      24,929 rows     11.8s  mean pd 0.0066
  2022H1      24,889 rows     11.8s  mean pd 0.0080
  2022H2      24,859 rows     11.8s  mean pd 0.0074
  2023H1      24,882 rows     11.8s  mean pd 0.0067
  2023H2      24,866 rows     11.8s  mean pd 0.0063
  repeat 2003H1: largest disagreement 0.00e+00, 0 rows differ

scored rows           : 3,083,739
reference rows        : 150,000
wall                  : 1592s

### tabpfn@2026-09-13-fm-2002h2e-bundle: /home/node/outoftime-node/.venv/bin/python score_context.py 2026-09-13-fm-2002h2e-bundle --out-dir 2026-09-13-fm-2002h2e-bundle-scored-tabpfn --models tabpfn --chunk 20000
tabpfn/20260911: context 50,000 rows read in 1.9s
  reference   50,000 rows     36.7s  mean pd 0.0086
  2003H1      24,276 rows     22.6s  mean pd 0.0046
  2003H2      24,205 rows     22.6s  mean pd 0.0063
  2004H1      24,219 rows     22.6s  mean pd 0.0071
  2004H2      24,090 rows     22.4s  mean pd 0.0087
  2005H1      24,233 rows     22.6s  mean pd 0.0081
  2005H2      24,082 rows     22.3s  mean pd 0.0083
  2006H1      23,280 rows     22.4s  mean pd 0.0097
  2006H2      23,898 rows     22.4s  mean pd 0.0103
  2007H1      23,169 rows     22.3s  mean pd 0.0113
  2007H2      24,367 rows     22.6s  mean pd 0.0120
  2008H1      24,660 rows     22.6s  mean pd 0.0070
  2008H2      24,746 rows     22.6s  mean pd 0.0053
  2009H1      24,844 rows     22.6s  mean pd 0.0029
  2009H2      24,709 rows     22.6s  mean pd 0.0058
  2010H1      24,843 rows     22.7s  mean pd 0.0071
  2010H2      24,683 rows     22.7s  mean pd 0.0061
  2011H1      24,614 rows     22.6s  mean pd 0.0095
  2011H2      24,646 rows     22.7s  mean pd 0.0067
  2012H1      24,306 rows     22.6s  mean pd 0.0154
  2012H2      24,538 rows     22.7s  mean pd 0.0142
  2013H1      24,341 rows     22.6s  mean pd 0.0144
  2013H2      23,974 rows     22.4s  mean pd 0.0146
  2014H1      24,341 rows     22.6s  mean pd 0.0107
  2014H2      24,213 rows     22.7s  mean pd 0.0077
  2015H1      24,159 rows     22.7s  mean pd 0.0058
  2015H2      24,159 rows     22.7s  mean pd 0.0062
  2016H1      24,632 rows     22.8s  mean pd 0.0057
  2016H2      24,760 rows     22.7s  mean pd 0.0046
  2017H1      24,541 rows     22.7s  mean pd 0.0060
  2017H2      24,680 rows     22.7s  mean pd 0.0054
  2018H1      24,416 rows     22.7s  mean pd 0.0054
  2018H2      24,543 rows     22.8s  mean pd 0.0054
  2019H1      24,752 rows     22.7s  mean pd 0.0052
  2019H2      24,861 rows     22.7s  mean pd 0.0043
  2020H1      24,880 rows     22.7s  mean pd 0.0035
  2020H2      24,919 rows     22.8s  mean pd 0.0029
  2021H1      24,909 rows     22.8s  mean pd 0.0033
  2021H2      24,929 rows     22.8s  mean pd 0.0041
  2022H1      24,889 rows     22.8s  mean pd 0.0050
  2022H2      24,859 rows     22.7s  mean pd 0.0051
  2023H1      24,882 rows     22.8s  mean pd 0.0051
  2023H2      24,866 rows     22.7s  mean pd 0.0048
  repeat 2003H1: largest disagreement 0.00e+00, 0 rows differ
tabpfn/20260912: context 50,000 rows read in 0.8s
  reference   50,000 rows     36.2s  mean pd 0.0083
  2003H1      24,276 rows     22.8s  mean pd 0.0048
  2003H2      24,205 rows     22.7s  mean pd 0.0065
  2004H1      24,219 rows     22.7s  mean pd 0.0073
  2004H2      24,090 rows     22.5s  mean pd 0.0088
  2005H1      24,233 rows     22.9s  mean pd 0.0082
  2005H2      24,082 rows     22.5s  mean pd 0.0085
  2006H1      23,280 rows     22.5s  mean pd 0.0099
  2006H2      23,898 rows     22.6s  mean pd 0.0103
  2007H1      23,169 rows     22.4s  mean pd 0.0111
  2007H2      24,367 rows     22.9s  mean pd 0.0115
  2008H1      24,660 rows     22.8s  mean pd 0.0070
  2008H2      24,746 rows     22.8s  mean pd 0.0053
  2009H1      24,844 rows     22.8s  mean pd 0.0028
  2009H2      24,709 rows     22.9s  mean pd 0.0048
  2010H1      24,843 rows     22.9s  mean pd 0.0057
  2010H2      24,683 rows     22.9s  mean pd 0.0048
  2011H1      24,614 rows     22.9s  mean pd 0.0071
  2011H2      24,646 rows     22.9s  mean pd 0.0052
  2012H1      24,306 rows     22.8s  mean pd 0.0107
  2012H2      24,538 rows     22.7s  mean pd 0.0098
  2013H1      24,341 rows     22.7s  mean pd 0.0102
  2013H2      23,974 rows     22.6s  mean pd 0.0105
  2014H1      24,341 rows     22.8s  mean pd 0.0082
  2014H2      24,213 rows     22.7s  mean pd 0.0063
  2015H1      24,159 rows     22.7s  mean pd 0.0050
  2015H2      24,159 rows     22.9s  mean pd 0.0054
  2016H1      24,632 rows     22.8s  mean pd 0.0051
  2016H2      24,760 rows     22.7s  mean pd 0.0042
  2017H1      24,541 rows     23.0s  mean pd 0.0053
  2017H2      24,680 rows     22.9s  mean pd 0.0050
  2018H1      24,416 rows     22.8s  mean pd 0.0050
  2018H2      24,543 rows     22.9s  mean pd 0.0051
  2019H1      24,752 rows     22.8s  mean pd 0.0048
  2019H2      24,861 rows     22.9s  mean pd 0.0041
  2020H1      24,880 rows     22.9s  mean pd 0.0034
  2020H2      24,919 rows     22.8s  mean pd 0.0028
  2021H1      24,909 rows     22.9s  mean pd 0.0034
  2021H2      24,929 rows     22.8s  mean pd 0.0042
  2022H1      24,889 rows     22.8s  mean pd 0.0052
  2022H2      24,859 rows     22.9s  mean pd 0.0050
  2023H1      24,882 rows     22.9s  mean pd 0.0048
  2023H2      24,866 rows     22.8s  mean pd 0.0046
  repeat 2003H1: largest disagreement 0.00e+00, 0 rows differ
tabpfn/20260913: context 50,000 rows read in 0.8s
  reference   50,000 rows     36.2s  mean pd 0.0085
  2003H1      24,276 rows     22.9s  mean pd 0.0048
  2003H2      24,205 rows     22.8s  mean pd 0.0064
  2004H1      24,219 rows     23.0s  mean pd 0.0071
  2004H2      24,090 rows     22.6s  mean pd 0.0086
  2005H1      24,233 rows     22.7s  mean pd 0.0082
  2005H2      24,082 rows     22.6s  mean pd 0.0084
  2006H1      23,280 rows     22.7s  mean pd 0.0096
  2006H2      23,898 rows     22.6s  mean pd 0.0101
  2007H1      23,169 rows     22.5s  mean pd 0.0109
  2007H2      24,367 rows     22.7s  mean pd 0.0114
  2008H1      24,660 rows     22.8s  mean pd 0.0070
  2008H2      24,746 rows     23.3s  mean pd 0.0053
  2009H1      24,844 rows     22.9s  mean pd 0.0029
  2009H2      24,709 rows     23.0s  mean pd 0.0045
  2010H1      24,843 rows     22.8s  mean pd 0.0053
  2010H2      24,683 rows     22.8s  mean pd 0.0044
  2011H1      24,614 rows     22.7s  mean pd 0.0062
  2011H2      24,646 rows     22.7s  mean pd 0.0047
  2012H1      24,306 rows     22.7s  mean pd 0.0088
  2012H2      24,538 rows     22.8s  mean pd 0.0082
  2013H1      24,341 rows     22.7s  mean pd 0.0087
  2013H2      23,974 rows     22.5s  mean pd 0.0094
  2014H1      24,341 rows     22.7s  mean pd 0.0075
  2014H2      24,213 rows     22.6s  mean pd 0.0061
  2015H1      24,159 rows     22.7s  mean pd 0.0050
  2015H2      24,159 rows     22.8s  mean pd 0.0053
  2016H1      24,632 rows     22.7s  mean pd 0.0050
  2016H2      24,760 rows     22.6s  mean pd 0.0043
  2017H1      24,541 rows     22.6s  mean pd 0.0054
  2017H2      24,680 rows     22.6s  mean pd 0.0050
  2018H1      24,416 rows     22.7s  mean pd 0.0050
  2018H2      24,543 rows     22.6s  mean pd 0.0051
  2019H1      24,752 rows     22.6s  mean pd 0.0049
  2019H2      24,861 rows     22.6s  mean pd 0.0042
  2020H1      24,880 rows     22.7s  mean pd 0.0036
  2020H2      24,919 rows     22.7s  mean pd 0.0030
  2021H1      24,909 rows     22.7s  mean pd 0.0035
  2021H2      24,929 rows     22.7s  mean pd 0.0043
  2022H1      24,889 rows     22.6s  mean pd 0.0052
  2022H2      24,859 rows     22.6s  mean pd 0.0050
  2023H1      24,882 rows     22.7s  mean pd 0.0048
  2023H2      24,866 rows     22.7s  mean pd 0.0046
  repeat 2003H1: largest disagreement 0.00e+00, 0 rows differ

scored rows           : 3,083,739
reference rows        : 150,000
wall                  : 3056s

### tabpfn-t1@2026-09-13-fm-2002h2e-bundle: /home/node/outoftime-node/.venv/bin/python score_context.py 2026-09-13-fm-2002h2e-bundle --out-dir 2026-09-13-fm-2002h2e-bundle-scored-tabpfn-t1 --models tabpfn --temperature 1.0 --chunk 20000
tabpfn@t1/20260911: context 50,000 rows read in 1.9s
  reference   50,000 rows     36.5s  mean pd 0.0124
  2003H1      24,276 rows     22.6s  mean pd 0.0070
  2003H2      24,205 rows     22.6s  mean pd 0.0094
  2004H1      24,219 rows     22.7s  mean pd 0.0105
  2004H2      24,090 rows     22.5s  mean pd 0.0126
  2005H1      24,233 rows     22.7s  mean pd 0.0118
  2005H2      24,082 rows     22.4s  mean pd 0.0121
  2006H1      23,280 rows     22.3s  mean pd 0.0140
  2006H2      23,898 rows     22.4s  mean pd 0.0148
  2007H1      23,169 rows     22.4s  mean pd 0.0160
  2007H2      24,367 rows     22.8s  mean pd 0.0168
  2008H1      24,660 rows     22.7s  mean pd 0.0104
  2008H2      24,746 rows     22.8s  mean pd 0.0081
  2009H1      24,844 rows     22.7s  mean pd 0.0046
  2009H2      24,709 rows     22.9s  mean pd 0.0082
  2010H1      24,843 rows     22.9s  mean pd 0.0099
  2010H2      24,683 rows     22.9s  mean pd 0.0086
  2011H1      24,614 rows     23.0s  mean pd 0.0126
  2011H2      24,646 rows     23.0s  mean pd 0.0092
  2012H1      24,306 rows     22.9s  mean pd 0.0194
  2012H2      24,538 rows     23.0s  mean pd 0.0179
  2013H1      24,341 rows     23.0s  mean pd 0.0182
  2013H2      23,974 rows     22.7s  mean pd 0.0186
  2014H1      24,341 rows     22.9s  mean pd 0.0141
  2014H2      24,213 rows     23.0s  mean pd 0.0107
  2015H1      24,159 rows     22.9s  mean pd 0.0085
  2015H2      24,159 rows     22.9s  mean pd 0.0090
  2016H1      24,632 rows     22.8s  mean pd 0.0084
  2016H2      24,760 rows     22.9s  mean pd 0.0071
  2017H1      24,541 rows     22.9s  mean pd 0.0090
  2017H2      24,680 rows     23.0s  mean pd 0.0084
  2018H1      24,416 rows     22.9s  mean pd 0.0084
  2018H2      24,543 rows     23.0s  mean pd 0.0085
  2019H1      24,752 rows     23.0s  mean pd 0.0082
  2019H2      24,861 rows     22.9s  mean pd 0.0070
  2020H1      24,880 rows     22.9s  mean pd 0.0057
  2020H2      24,919 rows     22.9s  mean pd 0.0048
  2021H1      24,909 rows     22.8s  mean pd 0.0055
  2021H2      24,929 rows     22.9s  mean pd 0.0066
  2022H1      24,889 rows     22.9s  mean pd 0.0080
  2022H2      24,859 rows     22.8s  mean pd 0.0081
  2023H1      24,882 rows     22.7s  mean pd 0.0081
  2023H2      24,866 rows     22.6s  mean pd 0.0076
  repeat 2003H1: largest disagreement 0.00e+00, 0 rows differ
tabpfn@t1/20260912: context 50,000 rows read in 0.8s
  reference   50,000 rows     36.0s  mean pd 0.0121
  2003H1      24,276 rows     22.6s  mean pd 0.0072
  2003H2      24,205 rows     22.7s  mean pd 0.0096
  2004H1      24,219 rows     22.6s  mean pd 0.0107
  2004H2      24,090 rows     22.4s  mean pd 0.0128
  2005H1      24,233 rows     22.6s  mean pd 0.0120
  2005H2      24,082 rows     22.4s  mean pd 0.0124
  2006H1      23,280 rows     22.4s  mean pd 0.0143
  2006H2      23,898 rows     22.4s  mean pd 0.0149
  2007H1      23,169 rows     22.3s  mean pd 0.0159
  2007H2      24,367 rows     22.7s  mean pd 0.0163
  2008H1      24,660 rows     22.6s  mean pd 0.0105
  2008H2      24,746 rows     22.6s  mean pd 0.0082
  2009H1      24,844 rows     22.6s  mean pd 0.0045
  2009H2      24,709 rows     22.7s  mean pd 0.0072
  2010H1      24,843 rows     22.6s  mean pd 0.0083
  2010H2      24,683 rows     22.7s  mean pd 0.0071
  2011H1      24,614 rows     22.6s  mean pd 0.0101
  2011H2      24,646 rows     22.6s  mean pd 0.0076
  2012H1      24,306 rows     22.6s  mean pd 0.0145
  2012H2      24,538 rows     22.6s  mean pd 0.0134
  2013H1      24,341 rows     22.6s  mean pd 0.0139
  2013H2      23,974 rows     22.4s  mean pd 0.0144
  2014H1      24,341 rows     22.6s  mean pd 0.0116
  2014H2      24,213 rows     22.7s  mean pd 0.0093
  2015H1      24,159 rows     22.7s  mean pd 0.0076
  2015H2      24,159 rows     22.8s  mean pd 0.0082
  2016H1      24,632 rows     22.7s  mean pd 0.0078
  2016H2      24,760 rows     22.8s  mean pd 0.0067
  2017H1      24,541 rows     22.8s  mean pd 0.0083
  2017H2      24,680 rows     22.7s  mean pd 0.0079
  2018H1      24,416 rows     22.7s  mean pd 0.0079
  2018H2      24,543 rows     22.7s  mean pd 0.0081
  2019H1      24,752 rows     22.7s  mean pd 0.0077
  2019H2      24,861 rows     22.8s  mean pd 0.0067
  2020H1      24,880 rows     22.8s  mean pd 0.0056
  2020H2      24,919 rows     22.7s  mean pd 0.0047
  2021H1      24,909 rows     22.6s  mean pd 0.0055
  2021H2      24,929 rows     22.7s  mean pd 0.0067
  2022H1      24,889 rows     22.6s  mean pd 0.0083
  2022H2      24,859 rows     22.7s  mean pd 0.0080
  2023H1      24,882 rows     22.6s  mean pd 0.0077
  2023H2      24,866 rows     22.7s  mean pd 0.0073
  repeat 2003H1: largest disagreement 0.00e+00, 0 rows differ
tabpfn@t1/20260913: context 50,000 rows read in 0.7s
  reference   50,000 rows     35.9s  mean pd 0.0124
  2003H1      24,276 rows     22.6s  mean pd 0.0073
  2003H2      24,205 rows     22.7s  mean pd 0.0095
  2004H1      24,219 rows     22.6s  mean pd 0.0106
  2004H2      24,090 rows     22.3s  mean pd 0.0126
  2005H1      24,233 rows     22.6s  mean pd 0.0120
  2005H2      24,082 rows     22.3s  mean pd 0.0123
  2006H1      23,280 rows     22.4s  mean pd 0.0139
  2006H2      23,898 rows     22.5s  mean pd 0.0145
  2007H1      23,169 rows     22.4s  mean pd 0.0155
  2007H2      24,367 rows     22.7s  mean pd 0.0161
  2008H1      24,660 rows     22.6s  mean pd 0.0104
  2008H2      24,746 rows     22.7s  mean pd 0.0082
  2009H1      24,844 rows     22.8s  mean pd 0.0048
  2009H2      24,709 rows     22.8s  mean pd 0.0070
  2010H1      24,843 rows     22.8s  mean pd 0.0079
  2010H2      24,683 rows     22.8s  mean pd 0.0067
  2011H1      24,614 rows     22.8s  mean pd 0.0091
  2011H2      24,646 rows     22.7s  mean pd 0.0070
  2012H1      24,306 rows     22.6s  mean pd 0.0122
  2012H2      24,538 rows     22.7s  mean pd 0.0114
  2013H1      24,341 rows     22.7s  mean pd 0.0121
  2013H2      23,974 rows     22.5s  mean pd 0.0130
  2014H1      24,341 rows     22.7s  mean pd 0.0108
  2014H2      24,213 rows     22.7s  mean pd 0.0091
  2015H1      24,159 rows     22.7s  mean pd 0.0077
  2015H2      24,159 rows     22.7s  mean pd 0.0082
  2016H1      24,632 rows     22.7s  mean pd 0.0079
  2016H2      24,760 rows     22.7s  mean pd 0.0069
  2017H1      24,541 rows     22.7s  mean pd 0.0084
  2017H2      24,680 rows     22.8s  mean pd 0.0080
  2018H1      24,416 rows     22.7s  mean pd 0.0079
  2018H2      24,543 rows     22.8s  mean pd 0.0081
  2019H1      24,752 rows     22.7s  mean pd 0.0078
  2019H2      24,861 rows     22.8s  mean pd 0.0069
  2020H1      24,880 rows     22.7s  mean pd 0.0059
  2020H2      24,919 rows     22.7s  mean pd 0.0051
  2021H1      24,909 rows     22.7s  mean pd 0.0059
  2021H2      24,929 rows     22.8s  mean pd 0.0070
  2022H1      24,889 rows     22.7s  mean pd 0.0082
  2022H2      24,859 rows     22.8s  mean pd 0.0080
  2023H1      24,882 rows     22.7s  mean pd 0.0078
  2023H2      24,866 rows     22.6s  mean pd 0.0074
  repeat 2003H1: largest disagreement 0.00e+00, 0 rows differ

scored rows           : 3,083,739
reference rows        : 150,000
wall                  : 3053s

### tabicl@2026-09-13-fm-2004h2e-bundle: /home/node/outoftime-node/.venv/bin/python score_context.py 2026-09-13-fm-2004h2e-bundle --out-dir 2026-09-13-fm-2004h2e-bundle-scored-tabicl --models tabicl --chunk 20000
tabicl/20260911: context 50,000 rows read in 2.0s
  reference   50,000 rows     19.2s  mean pd 0.0090
  2005H1      24,233 rows     11.7s  mean pd 0.0086
  2005H2      24,082 rows     11.7s  mean pd 0.0085
  2006H1      23,280 rows     11.6s  mean pd 0.0103
  2006H2      23,898 rows     11.7s  mean pd 0.0106
  2007H1      23,169 rows     11.6s  mean pd 0.0113
  2007H2      24,367 rows     11.7s  mean pd 0.0124
  2008H1      24,660 rows     11.8s  mean pd 0.0080
  2008H2      24,746 rows     11.8s  mean pd 0.0064
  2009H1      24,844 rows     11.8s  mean pd 0.0030
  2009H2      24,709 rows     11.8s  mean pd 0.0040
  2010H1      24,843 rows     11.8s  mean pd 0.0044
  2010H2      24,683 rows     11.8s  mean pd 0.0036
  2011H1      24,614 rows     11.8s  mean pd 0.0047
  2011H2      24,646 rows     11.8s  mean pd 0.0037
  2012H1      24,306 rows     11.7s  mean pd 0.0054
  2012H2      24,538 rows     11.8s  mean pd 0.0052
  2013H1      24,341 rows     11.7s  mean pd 0.0059
  2013H2      23,974 rows     11.7s  mean pd 0.0071
  2014H1      24,341 rows     11.7s  mean pd 0.0066
  2014H2      24,213 rows     11.7s  mean pd 0.0060
  2015H1      24,159 rows     11.7s  mean pd 0.0050
  2015H2      24,159 rows     11.7s  mean pd 0.0057
  2016H1      24,632 rows     11.8s  mean pd 0.0054
  2016H2      24,760 rows     11.8s  mean pd 0.0047
  2017H1      24,541 rows     11.8s  mean pd 0.0059
  2017H2      24,680 rows     11.8s  mean pd 0.0058
  2018H1      24,416 rows     11.7s  mean pd 0.0059
  2018H2      24,543 rows     11.8s  mean pd 0.0062
  2019H1      24,752 rows     11.8s  mean pd 0.0059
  2019H2      24,861 rows     11.8s  mean pd 0.0051
  2020H1      24,880 rows     11.8s  mean pd 0.0043
  2020H2      24,919 rows     11.8s  mean pd 0.0035
  2021H1      24,909 rows     11.8s  mean pd 0.0042
  2021H2      24,929 rows     11.8s  mean pd 0.0051
  2022H1      24,889 rows     11.8s  mean pd 0.0066
  2022H2      24,859 rows     11.8s  mean pd 0.0066
  2023H1      24,882 rows     11.8s  mean pd 0.0065
  2023H2      24,866 rows     11.8s  mean pd 0.0061
  repeat 2005H1: largest disagreement 0.00e+00, 0 rows differ
tabicl/20260912: context 50,000 rows read in 1.0s
  reference   50,000 rows     18.8s  mean pd 0.0081
  2005H1      24,233 rows     11.7s  mean pd 0.0077
  2005H2      24,082 rows     11.7s  mean pd 0.0076
  2006H1      23,280 rows     11.6s  mean pd 0.0095
  2006H2      23,898 rows     11.7s  mean pd 0.0101
  2007H1      23,169 rows     11.6s  mean pd 0.0109
  2007H2      24,367 rows     11.8s  mean pd 0.0121
  2008H1      24,660 rows     11.8s  mean pd 0.0072
  2008H2      24,746 rows     11.8s  mean pd 0.0056
  2009H1      24,844 rows     11.8s  mean pd 0.0024
  2009H2      24,709 rows     11.8s  mean pd 0.0035
  2010H1      24,843 rows     11.8s  mean pd 0.0038
  2010H2      24,683 rows     11.8s  mean pd 0.0031
  2011H1      24,614 rows     11.7s  mean pd 0.0042
  2011H2      24,646 rows     11.7s  mean pd 0.0031
  2012H1      24,306 rows     11.7s  mean pd 0.0050
  2012H2      24,538 rows     11.7s  mean pd 0.0047
  2013H1      24,341 rows     11.7s  mean pd 0.0054
  2013H2      23,974 rows     11.7s  mean pd 0.0065
  2014H1      24,341 rows     11.7s  mean pd 0.0059
  2014H2      24,213 rows     11.7s  mean pd 0.0052
  2015H1      24,159 rows     11.7s  mean pd 0.0043
  2015H2      24,159 rows     11.7s  mean pd 0.0048
  2016H1      24,632 rows     11.7s  mean pd 0.0045
  2016H2      24,760 rows     11.8s  mean pd 0.0039
  2017H1      24,541 rows     11.7s  mean pd 0.0050
  2017H2      24,680 rows     11.8s  mean pd 0.0049
  2018H1      24,416 rows     11.7s  mean pd 0.0050
  2018H2      24,543 rows     11.7s  mean pd 0.0053
  2019H1      24,752 rows     11.8s  mean pd 0.0051
  2019H2      24,861 rows     11.8s  mean pd 0.0042
  2020H1      24,880 rows     11.8s  mean pd 0.0034
  2020H2      24,919 rows     11.8s  mean pd 0.0028
  2021H1      24,909 rows     11.8s  mean pd 0.0033
  2021H2      24,929 rows     11.8s  mean pd 0.0041
  2022H1      24,889 rows     11.8s  mean pd 0.0054
  2022H2      24,859 rows     11.8s  mean pd 0.0058
  2023H1      24,882 rows     11.8s  mean pd 0.0059
  2023H2      24,866 rows     11.8s  mean pd 0.0056
  repeat 2005H1: largest disagreement 0.00e+00, 0 rows differ
tabicl/20260913: context 50,000 rows read in 1.0s
  reference   50,000 rows     18.8s  mean pd 0.0081
  2005H1      24,233 rows     11.7s  mean pd 0.0080
  2005H2      24,082 rows     11.7s  mean pd 0.0080
  2006H1      23,280 rows     11.6s  mean pd 0.0099
  2006H2      23,898 rows     11.7s  mean pd 0.0106
  2007H1      23,169 rows     11.6s  mean pd 0.0112
  2007H2      24,367 rows     11.7s  mean pd 0.0119
  2008H1      24,660 rows     11.8s  mean pd 0.0071
  2008H2      24,746 rows     11.8s  mean pd 0.0055
  2009H1      24,844 rows     11.8s  mean pd 0.0028
  2009H2      24,709 rows     11.8s  mean pd 0.0046
  2010H1      24,843 rows     11.8s  mean pd 0.0054
  2010H2      24,683 rows     11.8s  mean pd 0.0044
  2011H1      24,614 rows     11.7s  mean pd 0.0063
  2011H2      24,646 rows     11.7s  mean pd 0.0046
  2012H1      24,306 rows     11.7s  mean pd 0.0086
  2012H2      24,538 rows     11.7s  mean pd 0.0078
  2013H1      24,341 rows     11.7s  mean pd 0.0084
  2013H2      23,974 rows     11.7s  mean pd 0.0091
  2014H1      24,341 rows     11.7s  mean pd 0.0074
  2014H2      24,213 rows     11.7s  mean pd 0.0061
  2015H1      24,159 rows     11.7s  mean pd 0.0049
  2015H2      24,159 rows     11.7s  mean pd 0.0054
  2016H1      24,632 rows     11.7s  mean pd 0.0050
  2016H2      24,760 rows     11.7s  mean pd 0.0042
  2017H1      24,541 rows     11.7s  mean pd 0.0054
  2017H2      24,680 rows     11.8s  mean pd 0.0051
  2018H1      24,416 rows     11.7s  mean pd 0.0052
  2018H2      24,543 rows     11.7s  mean pd 0.0054
  2019H1      24,752 rows     11.7s  mean pd 0.0051
  2019H2      24,861 rows     11.8s  mean pd 0.0043
  2020H1      24,880 rows     11.8s  mean pd 0.0036
  2020H2      24,919 rows     11.8s  mean pd 0.0029
  2021H1      24,909 rows     11.8s  mean pd 0.0035
  2021H2      24,929 rows     11.8s  mean pd 0.0042
  2022H1      24,889 rows     11.8s  mean pd 0.0054
  2022H2      24,859 rows     11.8s  mean pd 0.0056
  2023H1      24,882 rows     11.8s  mean pd 0.0057
  2023H2      24,866 rows     11.8s  mean pd 0.0054
  repeat 2005H1: largest disagreement 0.00e+00, 0 rows differ

scored rows           : 2,793,369
reference rows        : 150,000
wall                  : 1450s

### tabpfn@2026-09-13-fm-2004h2e-bundle: /home/node/outoftime-node/.venv/bin/python score_context.py 2026-09-13-fm-2004h2e-bundle --out-dir 2026-09-13-fm-2004h2e-bundle-scored-tabpfn --models tabpfn --chunk 20000
tabpfn/20260911: context 50,000 rows read in 1.9s
  reference   50,000 rows     36.6s  mean pd 0.0089
  2005H1      24,233 rows     22.6s  mean pd 0.0084
  2005H2      24,082 rows     22.4s  mean pd 0.0084
  2006H1      23,280 rows     22.4s  mean pd 0.0101
  2006H2      23,898 rows     22.4s  mean pd 0.0105
  2007H1      23,169 rows     22.3s  mean pd 0.0112
  2007H2      24,367 rows     22.6s  mean pd 0.0123
  2008H1      24,660 rows     22.6s  mean pd 0.0078
  2008H2      24,746 rows     22.5s  mean pd 0.0061
  2009H1      24,844 rows     22.6s  mean pd 0.0028
  2009H2      24,709 rows     22.6s  mean pd 0.0039
  2010H1      24,843 rows     22.6s  mean pd 0.0042
  2010H2      24,683 rows     22.7s  mean pd 0.0034
  2011H1      24,614 rows     22.7s  mean pd 0.0047
  2011H2      24,646 rows     22.6s  mean pd 0.0036
  2012H1      24,306 rows     22.7s  mean pd 0.0056
  2012H2      24,538 rows     22.7s  mean pd 0.0054
  2013H1      24,341 rows     22.6s  mean pd 0.0062
  2013H2      23,974 rows     22.3s  mean pd 0.0072
  2014H1      24,341 rows     22.6s  mean pd 0.0065
  2014H2      24,213 rows     22.7s  mean pd 0.0058
  2015H1      24,159 rows     22.8s  mean pd 0.0048
  2015H2      24,159 rows     22.6s  mean pd 0.0054
  2016H1      24,632 rows     22.6s  mean pd 0.0052
  2016H2      24,760 rows     22.6s  mean pd 0.0045
  2017H1      24,541 rows     22.7s  mean pd 0.0057
  2017H2      24,680 rows     22.7s  mean pd 0.0056
  2018H1      24,416 rows     22.7s  mean pd 0.0057
  2018H2      24,543 rows     22.7s  mean pd 0.0060
  2019H1      24,752 rows     22.7s  mean pd 0.0057
  2019H2      24,861 rows     22.7s  mean pd 0.0048
  2020H1      24,880 rows     22.6s  mean pd 0.0041
  2020H2      24,919 rows     22.6s  mean pd 0.0033
  2021H1      24,909 rows     22.7s  mean pd 0.0040
  2021H2      24,929 rows     22.7s  mean pd 0.0049
  2022H1      24,889 rows     22.8s  mean pd 0.0063
  2022H2      24,859 rows     22.6s  mean pd 0.0062
  2023H1      24,882 rows     22.7s  mean pd 0.0062
  2023H2      24,866 rows     22.7s  mean pd 0.0058
  repeat 2005H1: largest disagreement 0.00e+00, 0 rows differ
tabpfn/20260912: context 50,000 rows read in 0.8s
  reference   50,000 rows     36.2s  mean pd 0.0084
  2005H1      24,233 rows     22.7s  mean pd 0.0076
  2005H2      24,082 rows     22.5s  mean pd 0.0075
  2006H1      23,280 rows     22.4s  mean pd 0.0092
  2006H2      23,898 rows     22.5s  mean pd 0.0097
  2007H1      23,169 rows     22.5s  mean pd 0.0105
  2007H2      24,367 rows     22.8s  mean pd 0.0117
  2008H1      24,660 rows     22.8s  mean pd 0.0071
  2008H2      24,746 rows     22.8s  mean pd 0.0054
  2009H1      24,844 rows     22.7s  mean pd 0.0024
  2009H2      24,709 rows     22.7s  mean pd 0.0034
  2010H1      24,843 rows     22.8s  mean pd 0.0038
  2010H2      24,683 rows     22.8s  mean pd 0.0031
  2011H1      24,614 rows     22.7s  mean pd 0.0042
  2011H2      24,646 rows     22.8s  mean pd 0.0032
  2012H1      24,306 rows     22.7s  mean pd 0.0054
  2012H2      24,538 rows     22.8s  mean pd 0.0052
  2013H1      24,341 rows     22.7s  mean pd 0.0059
  2013H2      23,974 rows     22.5s  mean pd 0.0068
  2014H1      24,341 rows     22.7s  mean pd 0.0060
  2014H2      24,213 rows     22.6s  mean pd 0.0053
  2015H1      24,159 rows     22.7s  mean pd 0.0043
  2015H2      24,159 rows     22.7s  mean pd 0.0048
  2016H1      24,632 rows     22.7s  mean pd 0.0045
  2016H2      24,760 rows     22.8s  mean pd 0.0039
  2017H1      24,541 rows     22.8s  mean pd 0.0051
  2017H2      24,680 rows     22.9s  mean pd 0.0049
  2018H1      24,416 rows     22.7s  mean pd 0.0051
  2018H2      24,543 rows     22.6s  mean pd 0.0054
  2019H1      24,752 rows     22.8s  mean pd 0.0051
  2019H2      24,861 rows     22.9s  mean pd 0.0042
  2020H1      24,880 rows     22.8s  mean pd 0.0035
  2020H2      24,919 rows     22.8s  mean pd 0.0028
  2021H1      24,909 rows     22.7s  mean pd 0.0034
  2021H2      24,929 rows     22.7s  mean pd 0.0041
  2022H1      24,889 rows     22.8s  mean pd 0.0054
  2022H2      24,859 rows     22.7s  mean pd 0.0057
  2023H1      24,882 rows     22.9s  mean pd 0.0057
  2023H2      24,866 rows     22.8s  mean pd 0.0054
  repeat 2005H1: largest disagreement 0.00e+00, 0 rows differ
tabpfn/20260913: context 50,000 rows read in 0.8s
  reference   50,000 rows     36.3s  mean pd 0.0084
  2005H1      24,233 rows     22.8s  mean pd 0.0077
  2005H2      24,082 rows     22.5s  mean pd 0.0077
  2006H1      23,280 rows     22.6s  mean pd 0.0093
  2006H2      23,898 rows     22.6s  mean pd 0.0097
  2007H1      23,169 rows     22.6s  mean pd 0.0104
  2007H2      24,367 rows     22.9s  mean pd 0.0111
  2008H1      24,660 rows     22.8s  mean pd 0.0067
  2008H2      24,746 rows     22.9s  mean pd 0.0050
  2009H1      24,844 rows     23.0s  mean pd 0.0025
  2009H2      24,709 rows     23.0s  mean pd 0.0040
  2010H1      24,843 rows     22.9s  mean pd 0.0047
  2010H2      24,683 rows     22.9s  mean pd 0.0039
  2011H1      24,614 rows     22.9s  mean pd 0.0056
  2011H2      24,646 rows     22.8s  mean pd 0.0041
  2012H1      24,306 rows     22.9s  mean pd 0.0079
  2012H2      24,538 rows     22.8s  mean pd 0.0072
  2013H1      24,341 rows     22.7s  mean pd 0.0077
  2013H2      23,974 rows     22.4s  mean pd 0.0082
  2014H1      24,341 rows     22.8s  mean pd 0.0066
  2014H2      24,213 rows     22.9s  mean pd 0.0054
  2015H1      24,159 rows     22.8s  mean pd 0.0043
  2015H2      24,159 rows     22.8s  mean pd 0.0047
  2016H1      24,632 rows     22.8s  mean pd 0.0044
  2016H2      24,760 rows     23.0s  mean pd 0.0037
  2017H1      24,541 rows     23.0s  mean pd 0.0048
  2017H2      24,680 rows     23.0s  mean pd 0.0045
  2018H1      24,416 rows     22.9s  mean pd 0.0046
  2018H2      24,543 rows     22.8s  mean pd 0.0048
  2019H1      24,752 rows     22.9s  mean pd 0.0045
  2019H2      24,861 rows     22.9s  mean pd 0.0038
  2020H1      24,880 rows     22.9s  mean pd 0.0031
  2020H2      24,919 rows     22.8s  mean pd 0.0026
  2021H1      24,909 rows     22.8s  mean pd 0.0031
  2021H2      24,929 rows     22.7s  mean pd 0.0038
  2022H1      24,889 rows     22.8s  mean pd 0.0048
  2022H2      24,859 rows     22.9s  mean pd 0.0048
  2023H1      24,882 rows     22.9s  mean pd 0.0047
  2023H2      24,866 rows     22.8s  mean pd 0.0044
  repeat 2005H1: largest disagreement 0.00e+00, 0 rows differ

scored rows           : 2,793,369
reference rows        : 150,000
wall                  : 2784s

### tabpfn-t1@2026-09-13-fm-2004h2e-bundle: /home/node/outoftime-node/.venv/bin/python score_context.py 2026-09-13-fm-2004h2e-bundle --out-dir 2026-09-13-fm-2004h2e-bundle-scored-tabpfn-t1 --models tabpfn --temperature 1.0 --chunk 20000
tabpfn@t1/20260911: context 50,000 rows read in 2.0s
  reference   50,000 rows     36.8s  mean pd 0.0129
  2005H1      24,233 rows     22.8s  mean pd 0.0123
  2005H2      24,082 rows     22.5s  mean pd 0.0123
  2006H1      23,280 rows     22.6s  mean pd 0.0145
  2006H2      23,898 rows     22.6s  mean pd 0.0150
  2007H1      23,169 rows     22.4s  mean pd 0.0159
  2007H2      24,367 rows     22.7s  mean pd 0.0173
  2008H1      24,660 rows     22.7s  mean pd 0.0114
  2008H2      24,746 rows     22.7s  mean pd 0.0092
  2009H1      24,844 rows     22.8s  mean pd 0.0046
  2009H2      24,709 rows     22.7s  mean pd 0.0061
  2010H1      24,843 rows     22.8s  mean pd 0.0066
  2010H2      24,683 rows     22.8s  mean pd 0.0054
  2011H1      24,614 rows     22.6s  mean pd 0.0072
  2011H2      24,646 rows     22.7s  mean pd 0.0056
  2012H1      24,306 rows     22.7s  mean pd 0.0083
  2012H2      24,538 rows     22.7s  mean pd 0.0081
  2013H1      24,341 rows     22.7s  mean pd 0.0091
  2013H2      23,974 rows     22.4s  mean pd 0.0106
  2014H1      24,341 rows     22.7s  mean pd 0.0097
  2014H2      24,213 rows     22.7s  mean pd 0.0088
  2015H1      24,159 rows     22.7s  mean pd 0.0075
  2015H2      24,159 rows     22.7s  mean pd 0.0084
  2016H1      24,632 rows     22.7s  mean pd 0.0081
  2016H2      24,760 rows     22.8s  mean pd 0.0072
  2017H1      24,541 rows     22.8s  mean pd 0.0088
  2017H2      24,680 rows     22.8s  mean pd 0.0088
  2018H1      24,416 rows     22.8s  mean pd 0.0089
  2018H2      24,543 rows     22.7s  mean pd 0.0093
  2019H1      24,752 rows     22.8s  mean pd 0.0089
  2019H2      24,861 rows     22.8s  mean pd 0.0076
  2020H1      24,880 rows     22.8s  mean pd 0.0065
  2020H2      24,919 rows     22.7s  mean pd 0.0054
  2021H1      24,909 rows     22.7s  mean pd 0.0065
  2021H2      24,929 rows     22.7s  mean pd 0.0077
  2022H1      24,889 rows     22.8s  mean pd 0.0097
  2022H2      24,859 rows     22.7s  mean pd 0.0097
  2023H1      24,882 rows     22.9s  mean pd 0.0096
  2023H2      24,866 rows     22.8s  mean pd 0.0091
  repeat 2005H1: largest disagreement 0.00e+00, 0 rows differ
tabpfn@t1/20260912: context 50,000 rows read in 0.8s
  reference   50,000 rows     36.5s  mean pd 0.0121
  2005H1      24,233 rows     22.9s  mean pd 0.0111
  2005H2      24,082 rows     22.8s  mean pd 0.0110
  2006H1      23,280 rows     22.8s  mean pd 0.0132
  2006H2      23,898 rows     22.9s  mean pd 0.0137
  2007H1      23,169 rows     22.7s  mean pd 0.0148
  2007H2      24,367 rows     23.0s  mean pd 0.0164
  2008H1      24,660 rows     22.9s  mean pd 0.0104
  2008H2      24,746 rows     22.9s  mean pd 0.0083
  2009H1      24,844 rows     23.1s  mean pd 0.0040
  2009H2      24,709 rows     23.0s  mean pd 0.0054
  2010H1      24,843 rows     23.0s  mean pd 0.0059
  2010H2      24,683 rows     23.0s  mean pd 0.0048
  2011H1      24,614 rows     22.9s  mean pd 0.0065
  2011H2      24,646 rows     22.9s  mean pd 0.0050
  2012H1      24,306 rows     22.8s  mean pd 0.0078
  2012H2      24,538 rows     22.7s  mean pd 0.0076
  2013H1      24,341 rows     22.7s  mean pd 0.0086
  2013H2      23,974 rows     22.4s  mean pd 0.0099
  2014H1      24,341 rows     22.8s  mean pd 0.0090
  2014H2      24,213 rows     22.6s  mean pd 0.0080
  2015H1      24,159 rows     22.6s  mean pd 0.0067
  2015H2      24,159 rows     22.7s  mean pd 0.0075
  2016H1      24,632 rows     22.7s  mean pd 0.0071
  2016H2      24,760 rows     22.7s  mean pd 0.0063
  2017H1      24,541 rows     22.7s  mean pd 0.0079
  2017H2      24,680 rows     22.7s  mean pd 0.0078
  2018H1      24,416 rows     22.6s  mean pd 0.0080
  2018H2      24,543 rows     22.7s  mean pd 0.0084
  2019H1      24,752 rows     22.7s  mean pd 0.0081
  2019H2      24,861 rows     22.7s  mean pd 0.0068
  2020H1      24,880 rows     22.7s  mean pd 0.0057
  2020H2      24,919 rows     22.6s  mean pd 0.0047
  2021H1      24,909 rows     22.6s  mean pd 0.0055
  2021H2      24,929 rows     22.7s  mean pd 0.0066
  2022H1      24,889 rows     22.7s  mean pd 0.0085
  2022H2      24,859 rows     22.8s  mean pd 0.0089
  2023H1      24,882 rows     22.8s  mean pd 0.0089
  2023H2      24,866 rows     22.7s  mean pd 0.0085
  repeat 2005H1: largest disagreement 0.00e+00, 0 rows differ
tabpfn@t1/20260913: context 50,000 rows read in 0.8s
  reference   50,000 rows     36.3s  mean pd 0.0121
  2005H1      24,233 rows     22.9s  mean pd 0.0112
  2005H2      24,082 rows     22.6s  mean pd 0.0113
  2006H1      23,280 rows     22.6s  mean pd 0.0133
  2006H2      23,898 rows     22.5s  mean pd 0.0139
  2007H1      23,169 rows     22.5s  mean pd 0.0147
  2007H2      24,367 rows     22.7s  mean pd 0.0156
  2008H1      24,660 rows     22.7s  mean pd 0.0099
  2008H2      24,746 rows     22.8s  mean pd 0.0076
  2009H1      24,844 rows     22.8s  mean pd 0.0040
  2009H2      24,709 rows     22.8s  mean pd 0.0061
  2010H1      24,843 rows     22.9s  mean pd 0.0070
  2010H2      24,683 rows     22.8s  mean pd 0.0059
  2011H1      24,614 rows     22.7s  mean pd 0.0081
  2011H2      24,646 rows     22.7s  mean pd 0.0062
  2012H1      24,306 rows     22.8s  mean pd 0.0111
  2012H2      24,538 rows     22.8s  mean pd 0.0101
  2013H1      24,341 rows     22.9s  mean pd 0.0108
  2013H2      23,974 rows     22.6s  mean pd 0.0116
  2014H1      24,341 rows     22.9s  mean pd 0.0096
  2014H2      24,213 rows     22.9s  mean pd 0.0080
  2015H1      24,159 rows     22.8s  mean pd 0.0066
  2015H2      24,159 rows     22.8s  mean pd 0.0073
  2016H1      24,632 rows     22.8s  mean pd 0.0069
  2016H2      24,760 rows     22.7s  mean pd 0.0059
  2017H1      24,541 rows     22.7s  mean pd 0.0074
  2017H2      24,680 rows     22.7s  mean pd 0.0072
  2018H1      24,416 rows     22.7s  mean pd 0.0072
  2018H2      24,543 rows     22.8s  mean pd 0.0075
  2019H1      24,752 rows     22.7s  mean pd 0.0071
  2019H2      24,861 rows     22.7s  mean pd 0.0061
  2020H1      24,880 rows     22.7s  mean pd 0.0051
  2020H2      24,919 rows     22.7s  mean pd 0.0043
  2021H1      24,909 rows     22.7s  mean pd 0.0051
  2021H2      24,929 rows     22.6s  mean pd 0.0061
  2022H1      24,889 rows     22.7s  mean pd 0.0076
  2022H2      24,859 rows     22.8s  mean pd 0.0076
  2023H1      24,882 rows     22.7s  mean pd 0.0074
  2023H2      24,866 rows     22.8s  mean pd 0.0070
  repeat 2005H1: largest disagreement 0.00e+00, 0 rows differ

scored rows           : 2,793,369
reference rows        : 150,000
wall                  : 2787s

### tabicl@2026-09-13-fm-2008h2e-bundle: /home/node/outoftime-node/.venv/bin/python score_context.py 2026-09-13-fm-2008h2e-bundle --out-dir 2026-09-13-fm-2008h2e-bundle-scored-tabicl --models tabicl --chunk 20000
tabicl/20260911: context 50,000 rows read in 1.9s
  reference   50,000 rows     19.1s  mean pd 0.0072
  2009H1      24,844 rows     11.8s  mean pd 0.0023
  2009H2      24,709 rows     11.8s  mean pd 0.0034
  2010H1      24,843 rows     11.8s  mean pd 0.0039
  2010H2      24,683 rows     11.8s  mean pd 0.0030
  2011H1      24,614 rows     11.8s  mean pd 0.0042
  2011H2      24,646 rows     11.8s  mean pd 0.0032
  2012H1      24,306 rows     11.7s  mean pd 0.0051
  2012H2      24,538 rows     11.8s  mean pd 0.0048
  2013H1      24,341 rows     11.7s  mean pd 0.0055
  2013H2      23,974 rows     11.7s  mean pd 0.0065
  2014H1      24,341 rows     11.7s  mean pd 0.0060
  2014H2      24,213 rows     11.7s  mean pd 0.0052
  2015H1      24,159 rows     11.7s  mean pd 0.0043
  2015H2      24,159 rows     11.8s  mean pd 0.0049
  2016H1      24,632 rows     11.8s  mean pd 0.0047
  2016H2      24,760 rows     11.8s  mean pd 0.0041
  2017H1      24,541 rows     11.8s  mean pd 0.0051
  2017H2      24,680 rows     11.8s  mean pd 0.0050
  2018H1      24,416 rows     11.8s  mean pd 0.0051
  2018H2      24,543 rows     11.8s  mean pd 0.0053
  2019H1      24,752 rows     11.8s  mean pd 0.0050
  2019H2      24,861 rows     11.8s  mean pd 0.0042
  2020H1      24,880 rows     11.8s  mean pd 0.0034
  2020H2      24,919 rows     11.8s  mean pd 0.0028
  2021H1      24,909 rows     11.8s  mean pd 0.0033
  2021H2      24,929 rows     11.8s  mean pd 0.0042
  2022H1      24,889 rows     11.8s  mean pd 0.0053
  2022H2      24,859 rows     11.8s  mean pd 0.0056
  2023H1      24,882 rows     11.8s  mean pd 0.0057
  2023H2      24,866 rows     11.8s  mean pd 0.0054
  repeat 2009H1: largest disagreement 0.00e+00, 0 rows differ
tabicl/20260912: context 50,000 rows read in 1.1s
  reference   50,000 rows     18.8s  mean pd 0.0086
  2009H1      24,844 rows     11.8s  mean pd 0.0031
  2009H2      24,709 rows     11.8s  mean pd 0.0046
  2010H1      24,843 rows     11.8s  mean pd 0.0051
  2010H2      24,683 rows     11.8s  mean pd 0.0041
  2011H1      24,614 rows     11.8s  mean pd 0.0056
  2011H2      24,646 rows     11.8s  mean pd 0.0043
  2012H1      24,306 rows     11.7s  mean pd 0.0073
  2012H2      24,538 rows     11.8s  mean pd 0.0068
  2013H1      24,341 rows     11.7s  mean pd 0.0072
  2013H2      23,974 rows     11.7s  mean pd 0.0081
  2014H1      24,341 rows     11.7s  mean pd 0.0072
  2014H2      24,213 rows     11.7s  mean pd 0.0063
  2015H1      24,159 rows     11.7s  mean pd 0.0051
  2015H2      24,159 rows     11.7s  mean pd 0.0058
  2016H1      24,632 rows     11.8s  mean pd 0.0055
  2016H2      24,760 rows     11.8s  mean pd 0.0049
  2017H1      24,541 rows     11.8s  mean pd 0.0061
  2017H2      24,680 rows     11.8s  mean pd 0.0061
  2018H1      24,416 rows     11.8s  mean pd 0.0064
  2018H2      24,543 rows     11.8s  mean pd 0.0067
  2019H1      24,752 rows     11.8s  mean pd 0.0063
  2019H2      24,861 rows     11.8s  mean pd 0.0053
  2020H1      24,880 rows     11.8s  mean pd 0.0042
  2020H2      24,919 rows     11.8s  mean pd 0.0034
  2021H1      24,909 rows     11.8s  mean pd 0.0041
  2021H2      24,929 rows     11.8s  mean pd 0.0050
  2022H1      24,889 rows     11.8s  mean pd 0.0063
  2022H2      24,859 rows     11.8s  mean pd 0.0067
  2023H1      24,882 rows     11.8s  mean pd 0.0068
  2023H2      24,866 rows     11.8s  mean pd 0.0065
  repeat 2009H1: largest disagreement 0.00e+00, 0 rows differ
tabicl/20260913: context 50,000 rows read in 1.0s
  reference   50,000 rows     18.8s  mean pd 0.0072
  2009H1      24,844 rows     11.8s  mean pd 0.0023
  2009H2      24,709 rows     11.8s  mean pd 0.0036
  2010H1      24,843 rows     11.8s  mean pd 0.0040
  2010H2      24,683 rows     11.8s  mean pd 0.0033
  2011H1      24,614 rows     11.7s  mean pd 0.0047
  2011H2      24,646 rows     11.8s  mean pd 0.0035
  2012H1      24,306 rows     11.7s  mean pd 0.0062
  2012H2      24,538 rows     11.8s  mean pd 0.0059
  2013H1      24,341 rows     11.7s  mean pd 0.0064
  2013H2      23,974 rows     11.7s  mean pd 0.0074
  2014H1      24,341 rows     11.7s  mean pd 0.0066
  2014H2      24,213 rows     11.7s  mean pd 0.0058
  2015H1      24,159 rows     11.7s  mean pd 0.0048
  2015H2      24,159 rows     11.7s  mean pd 0.0055
  2016H1      24,632 rows     11.7s  mean pd 0.0052
  2016H2      24,760 rows     11.8s  mean pd 0.0047
  2017H1      24,541 rows     11.7s  mean pd 0.0059
  2017H2      24,680 rows     11.8s  mean pd 0.0059
  2018H1      24,416 rows     11.7s  mean pd 0.0061
  2018H2      24,543 rows     11.7s  mean pd 0.0065
  2019H1      24,752 rows     11.8s  mean pd 0.0061
  2019H2      24,861 rows     11.8s  mean pd 0.0050
  2020H1      24,880 rows     11.8s  mean pd 0.0039
  2020H2      24,919 rows     11.8s  mean pd 0.0033
  2021H1      24,909 rows     11.8s  mean pd 0.0037
  2021H2      24,929 rows     11.8s  mean pd 0.0046
  2022H1      24,889 rows     11.8s  mean pd 0.0058
  2022H2      24,859 rows     11.8s  mean pd 0.0066
  2023H1      24,882 rows     11.8s  mean pd 0.0071
  2023H2      24,866 rows     11.8s  mean pd 0.0066
  repeat 2009H1: largest disagreement 0.00e+00, 0 rows differ

scored rows           : 2,216,064
reference rows        : 150,000
wall                  : 1169s

### tabpfn@2026-09-13-fm-2008h2e-bundle: /home/node/outoftime-node/.venv/bin/python score_context.py 2026-09-13-fm-2008h2e-bundle --out-dir 2026-09-13-fm-2008h2e-bundle-scored-tabpfn --models tabpfn --chunk 20000
tabpfn/20260911: context 50,000 rows read in 2.0s
  reference   50,000 rows     36.8s  mean pd 0.0073
  2009H1      24,844 rows     22.7s  mean pd 0.0023
  2009H2      24,709 rows     22.7s  mean pd 0.0034
  2010H1      24,843 rows     22.8s  mean pd 0.0038
  2010H2      24,683 rows     22.8s  mean pd 0.0030
  2011H1      24,614 rows     22.7s  mean pd 0.0041
  2011H2      24,646 rows     22.8s  mean pd 0.0031
  2012H1      24,306 rows     22.7s  mean pd 0.0049
  2012H2      24,538 rows     22.7s  mean pd 0.0047
  2013H1      24,341 rows     22.7s  mean pd 0.0055
  2013H2      23,974 rows     22.4s  mean pd 0.0066
  2014H1      24,341 rows     22.7s  mean pd 0.0060
  2014H2      24,213 rows     22.7s  mean pd 0.0052
  2015H1      24,159 rows     22.7s  mean pd 0.0044
  2015H2      24,159 rows     22.7s  mean pd 0.0049
  2016H1      24,632 rows     22.7s  mean pd 0.0047
  2016H2      24,760 rows     22.7s  mean pd 0.0041
  2017H1      24,541 rows     22.7s  mean pd 0.0052
  2017H2      24,680 rows     22.6s  mean pd 0.0051
  2018H1      24,416 rows     22.6s  mean pd 0.0052
  2018H2      24,543 rows     22.6s  mean pd 0.0054
  2019H1      24,752 rows     22.6s  mean pd 0.0051
  2019H2      24,861 rows     22.6s  mean pd 0.0043
  2020H1      24,880 rows     22.7s  mean pd 0.0035
  2020H2      24,919 rows     22.7s  mean pd 0.0029
  2021H1      24,909 rows     22.7s  mean pd 0.0034
  2021H2      24,929 rows     22.8s  mean pd 0.0043
  2022H1      24,889 rows     22.9s  mean pd 0.0054
  2022H2      24,859 rows     22.8s  mean pd 0.0055
  2023H1      24,882 rows     22.8s  mean pd 0.0055
  2023H2      24,866 rows     22.8s  mean pd 0.0052
  repeat 2009H1: largest disagreement 0.00e+00, 0 rows differ
tabpfn/20260912: context 50,000 rows read in 0.8s
  reference   50,000 rows     36.3s  mean pd 0.0077
  2009H1      24,844 rows     22.9s  mean pd 0.0026
  2009H2      24,709 rows     22.9s  mean pd 0.0043
  2010H1      24,843 rows     22.9s  mean pd 0.0050
  2010H2      24,683 rows     23.0s  mean pd 0.0042
  2011H1      24,614 rows     22.9s  mean pd 0.0060
  2011H2      24,646 rows     22.9s  mean pd 0.0045
  2012H1      24,306 rows     22.9s  mean pd 0.0086
  2012H2      24,538 rows     22.9s  mean pd 0.0078
  2013H1      24,341 rows     22.9s  mean pd 0.0080
  2013H2      23,974 rows     22.6s  mean pd 0.0084
  2014H1      24,341 rows     22.8s  mean pd 0.0069
  2014H2      24,213 rows     22.8s  mean pd 0.0058
  2015H1      24,159 rows     22.8s  mean pd 0.0047
  2015H2      24,159 rows     22.9s  mean pd 0.0052
  2016H1      24,632 rows     22.9s  mean pd 0.0049
  2016H2      24,760 rows     23.0s  mean pd 0.0043
  2017H1      24,541 rows     22.8s  mean pd 0.0055
  2017H2      24,680 rows     22.9s  mean pd 0.0054
  2018H1      24,416 rows     22.9s  mean pd 0.0057
  2018H2      24,543 rows     23.0s  mean pd 0.0060
  2019H1      24,752 rows     22.9s  mean pd 0.0057
  2019H2      24,861 rows     22.9s  mean pd 0.0047
  2020H1      24,880 rows     22.8s  mean pd 0.0038
  2020H2      24,919 rows     22.9s  mean pd 0.0031
  2021H1      24,909 rows     22.8s  mean pd 0.0037
  2021H2      24,929 rows     22.9s  mean pd 0.0045
  2022H1      24,889 rows     22.8s  mean pd 0.0057
  2022H2      24,859 rows     22.8s  mean pd 0.0061
  2023H1      24,882 rows     22.7s  mean pd 0.0063
  2023H2      24,866 rows     22.8s  mean pd 0.0060
  repeat 2009H1: largest disagreement 0.00e+00, 0 rows differ
tabpfn/20260913: context 50,000 rows read in 0.7s
  reference   50,000 rows     36.1s  mean pd 0.0074
  2009H1      24,844 rows     22.8s  mean pd 0.0023
  2009H2      24,709 rows     22.9s  mean pd 0.0035
  2010H1      24,843 rows     22.9s  mean pd 0.0041
  2010H2      24,683 rows     22.9s  mean pd 0.0033
  2011H1      24,614 rows     22.9s  mean pd 0.0049
  2011H2      24,646 rows     23.0s  mean pd 0.0036
  2012H1      24,306 rows     22.9s  mean pd 0.0071
  2012H2      24,538 rows     22.9s  mean pd 0.0069
  2013H1      24,341 rows     22.8s  mean pd 0.0074
  2013H2      23,974 rows     22.6s  mean pd 0.0083
  2014H1      24,341 rows     22.8s  mean pd 0.0071
  2014H2      24,213 rows     22.9s  mean pd 0.0060
  2015H1      24,159 rows     22.8s  mean pd 0.0048
  2015H2      24,159 rows     22.8s  mean pd 0.0054
  2016H1      24,632 rows     22.9s  mean pd 0.0052
  2016H2      24,760 rows     23.1s  mean pd 0.0046
  2017H1      24,541 rows     23.1s  mean pd 0.0059
  2017H2      24,680 rows     23.0s  mean pd 0.0057
  2018H1      24,416 rows     23.9s  mean pd 0.0060
  2018H2      24,543 rows     22.9s  mean pd 0.0063
  2019H1      24,752 rows     22.9s  mean pd 0.0059
  2019H2      24,861 rows     22.8s  mean pd 0.0048
  2020H1      24,880 rows     22.9s  mean pd 0.0039
  2020H2      24,919 rows     22.9s  mean pd 0.0032
  2021H1      24,909 rows     22.8s  mean pd 0.0037
  2021H2      24,929 rows     22.8s  mean pd 0.0045
  2022H1      24,889 rows     22.9s  mean pd 0.0056
  2022H2      24,859 rows     22.9s  mean pd 0.0063
  2023H1      24,882 rows     23.0s  mean pd 0.0067
  2023H2      24,866 rows     22.9s  mean pd 0.0063
  repeat 2009H1: largest disagreement 0.00e+00, 0 rows differ

scored rows           : 2,216,064
reference rows        : 150,000
wall                  : 2246s

### tabpfn-t1@2026-09-13-fm-2008h2e-bundle: /home/node/outoftime-node/.venv/bin/python score_context.py 2026-09-13-fm-2008h2e-bundle --out-dir 2026-09-13-fm-2008h2e-bundle-scored-tabpfn-t1 --models tabpfn --temperature 1.0 --chunk 20000
tabpfn@t1/20260911: context 50,000 rows read in 1.9s
  reference   50,000 rows     36.7s  mean pd 0.0107
  2009H1      24,844 rows     22.7s  mean pd 0.0039
  2009H2      24,709 rows     22.7s  mean pd 0.0054
  2010H1      24,843 rows     22.7s  mean pd 0.0059
  2010H2      24,683 rows     22.8s  mean pd 0.0047
  2011H1      24,614 rows     22.8s  mean pd 0.0063
  2011H2      24,646 rows     22.8s  mean pd 0.0049
  2012H1      24,306 rows     22.7s  mean pd 0.0072
  2012H2      24,538 rows     22.7s  mean pd 0.0071
  2013H1      24,341 rows     22.7s  mean pd 0.0081
  2013H2      23,974 rows     22.4s  mean pd 0.0097
  2014H1      24,341 rows     22.7s  mean pd 0.0090
  2014H2      24,213 rows     22.6s  mean pd 0.0080
  2015H1      24,159 rows     22.7s  mean pd 0.0068
  2015H2      24,159 rows     22.7s  mean pd 0.0076
  2016H1      24,632 rows     22.7s  mean pd 0.0074
  2016H2      24,760 rows     22.7s  mean pd 0.0066
  2017H1      24,541 rows     22.8s  mean pd 0.0082
  2017H2      24,680 rows     22.7s  mean pd 0.0080
  2018H1      24,416 rows     22.7s  mean pd 0.0081
  2018H2      24,543 rows     22.8s  mean pd 0.0084
  2019H1      24,752 rows     22.7s  mean pd 0.0080
  2019H2      24,861 rows     22.7s  mean pd 0.0068
  2020H1      24,880 rows     22.7s  mean pd 0.0057
  2020H2      24,919 rows     22.7s  mean pd 0.0048
  2021H1      24,909 rows     22.7s  mean pd 0.0056
  2021H2      24,929 rows     22.8s  mean pd 0.0068
  2022H1      24,889 rows     22.7s  mean pd 0.0085
  2022H2      24,859 rows     22.7s  mean pd 0.0087
  2023H1      24,882 rows     22.7s  mean pd 0.0086
  2023H2      24,866 rows     22.7s  mean pd 0.0083
  repeat 2009H1: largest disagreement 0.00e+00, 0 rows differ
tabpfn@t1/20260912: context 50,000 rows read in 0.8s
  reference   50,000 rows     36.2s  mean pd 0.0112
  2009H1      24,844 rows     22.7s  mean pd 0.0044
  2009H2      24,709 rows     22.6s  mean pd 0.0066
  2010H1      24,843 rows     22.7s  mean pd 0.0075
  2010H2      24,683 rows     22.7s  mean pd 0.0064
  2011H1      24,614 rows     22.8s  mean pd 0.0088
  2011H2      24,646 rows     22.7s  mean pd 0.0068
  2012H1      24,306 rows     22.8s  mean pd 0.0120
  2012H2      24,538 rows     22.7s  mean pd 0.0110
  2013H1      24,341 rows     22.8s  mean pd 0.0113
  2013H2      23,974 rows     22.6s  mean pd 0.0120
  2014H1      24,341 rows     22.8s  mean pd 0.0101
  2014H2      24,213 rows     22.8s  mean pd 0.0086
  2015H1      24,159 rows     22.8s  mean pd 0.0072
  2015H2      24,159 rows     22.7s  mean pd 0.0080
  2016H1      24,632 rows     22.8s  mean pd 0.0077
  2016H2      24,760 rows     22.8s  mean pd 0.0068
  2017H1      24,541 rows     22.8s  mean pd 0.0085
  2017H2      24,680 rows     22.8s  mean pd 0.0084
  2018H1      24,416 rows     22.7s  mean pd 0.0089
  2018H2      24,543 rows     23.1s  mean pd 0.0093
  2019H1      24,752 rows     23.4s  mean pd 0.0088
  2019H2      24,861 rows     23.4s  mean pd 0.0074
  2020H1      24,880 rows     23.3s  mean pd 0.0061
  2020H2      24,919 rows     23.3s  mean pd 0.0051
  2021H1      24,909 rows     23.2s  mean pd 0.0060
  2021H2      24,929 rows     23.2s  mean pd 0.0071
  2022H1      24,889 rows     23.2s  mean pd 0.0089
  2022H2      24,859 rows     23.2s  mean pd 0.0095
  2023H1      24,882 rows     23.2s  mean pd 0.0097
  2023H2      24,866 rows     23.2s  mean pd 0.0092
  repeat 2009H1: largest disagreement 0.00e+00, 0 rows differ
tabpfn@t1/20260913: context 50,000 rows read in 0.8s
  reference   50,000 rows     36.9s  mean pd 0.0109
  2009H1      24,844 rows     23.9s  mean pd 0.0038
  2009H2      24,709 rows     23.2s  mean pd 0.0056
  2010H1      24,843 rows     23.2s  mean pd 0.0063
  2010H2      24,683 rows     23.2s  mean pd 0.0051
  2011H1      24,614 rows     23.2s  mean pd 0.0073
  2011H2      24,646 rows     23.3s  mean pd 0.0056
  2012H1      24,306 rows     23.3s  mean pd 0.0100
  2012H2      24,538 rows     23.3s  mean pd 0.0097
  2013H1      24,341 rows     23.3s  mean pd 0.0105
  2013H2      23,974 rows     23.0s  mean pd 0.0118
  2014H1      24,341 rows     23.4s  mean pd 0.0103
  2014H2      24,213 rows     23.3s  mean pd 0.0089
  2015H1      24,159 rows     23.3s  mean pd 0.0074
  2015H2      24,159 rows     23.2s  mean pd 0.0083
  2016H1      24,632 rows     23.2s  mean pd 0.0080
  2016H2      24,760 rows     23.2s  mean pd 0.0072
  2017H1      24,541 rows     23.2s  mean pd 0.0090
  2017H2      24,680 rows     23.2s  mean pd 0.0088
  2018H1      24,416 rows     22.8s  mean pd 0.0092
  2018H2      24,543 rows     22.6s  mean pd 0.0097
  2019H1      24,752 rows     22.6s  mean pd 0.0092
  2019H2      24,861 rows     22.6s  mean pd 0.0076
  2020H1      24,880 rows     22.8s  mean pd 0.0062
  2020H2      24,919 rows     22.7s  mean pd 0.0053
  2021H1      24,909 rows     22.7s  mean pd 0.0059
  2021H2      24,929 rows     22.8s  mean pd 0.0071
  2022H1      24,889 rows     22.6s  mean pd 0.0088
  2022H2      24,859 rows     22.7s  mean pd 0.0097
  2023H1      24,882 rows     22.8s  mean pd 0.0102
  2023H2      24,866 rows     22.8s  mean pd 0.0096
  repeat 2009H1: largest disagreement 0.00e+00, 0 rows differ

scored rows           : 2,216,064
reference rows        : 150,000
wall                  : 2254s

### tabicl@2026-09-13-fm-2010h2e-bundle: /home/node/outoftime-node/.venv/bin/python score_context.py 2026-09-13-fm-2010h2e-bundle --out-dir 2026-09-13-fm-2010h2e-bundle-scored-tabicl --models tabicl --chunk 20000
tabicl/20260911: context 50,000 rows read in 2.0s
  reference   50,000 rows     19.2s  mean pd 0.0125
  2011H1      24,614 rows     11.8s  mean pd 0.0100
  2011H2      24,646 rows     11.8s  mean pd 0.0075
  2012H1      24,306 rows     11.7s  mean pd 0.0138
  2012H2      24,538 rows     11.8s  mean pd 0.0133
  2013H1      24,341 rows     11.7s  mean pd 0.0137
  2013H2      23,974 rows     11.7s  mean pd 0.0144
  2014H1      24,341 rows     11.7s  mean pd 0.0126
  2014H2      24,213 rows     11.7s  mean pd 0.0112
  2015H1      24,159 rows     11.7s  mean pd 0.0099
  2015H2      24,159 rows     11.7s  mean pd 0.0104
  2016H1      24,632 rows     11.8s  mean pd 0.0104
  2016H2      24,760 rows     11.8s  mean pd 0.0098
  2017H1      24,541 rows     11.8s  mean pd 0.0115
  2017H2      24,680 rows     11.8s  mean pd 0.0113
  2018H1      24,416 rows     11.7s  mean pd 0.0112
  2018H2      24,543 rows     11.8s  mean pd 0.0116
  2019H1      24,752 rows     11.8s  mean pd 0.0113
  2019H2      24,861 rows     11.8s  mean pd 0.0103
  2020H1      24,880 rows     11.8s  mean pd 0.0084
  2020H2      24,919 rows     11.8s  mean pd 0.0073
  2021H1      24,909 rows     11.8s  mean pd 0.0078
  2021H2      24,929 rows     11.8s  mean pd 0.0093
  2022H1      24,889 rows     11.8s  mean pd 0.0107
  2022H2      24,859 rows     11.8s  mean pd 0.0113
  2023H1      24,882 rows     11.8s  mean pd 0.0111
  2023H2      24,866 rows     11.8s  mean pd 0.0103
  repeat 2011H1: largest disagreement 0.00e+00, 0 rows differ
tabicl/20260912: context 50,000 rows read in 0.9s
  reference   50,000 rows     18.8s  mean pd 0.0119
  2011H1      24,614 rows     11.7s  mean pd 0.0105
  2011H2      24,646 rows     11.8s  mean pd 0.0080
  2012H1      24,306 rows     11.7s  mean pd 0.0139
  2012H2      24,538 rows     11.7s  mean pd 0.0131
  2013H1      24,341 rows     11.7s  mean pd 0.0136
  2013H2      23,974 rows     11.7s  mean pd 0.0141
  2014H1      24,341 rows     11.7s  mean pd 0.0122
  2014H2      24,213 rows     11.7s  mean pd 0.0108
  2015H1      24,159 rows     11.7s  mean pd 0.0097
  2015H2      24,159 rows     11.7s  mean pd 0.0101
  2016H1      24,632 rows     11.7s  mean pd 0.0101
  2016H2      24,760 rows     11.8s  mean pd 0.0095
  2017H1      24,541 rows     11.7s  mean pd 0.0106
  2017H2      24,680 rows     11.8s  mean pd 0.0104
  2018H1      24,416 rows     11.7s  mean pd 0.0098
  2018H2      24,543 rows     11.7s  mean pd 0.0098
  2019H1      24,752 rows     11.8s  mean pd 0.0096
  2019H2      24,861 rows     11.8s  mean pd 0.0093
  2020H1      24,880 rows     11.8s  mean pd 0.0078
  2020H2      24,919 rows     11.8s  mean pd 0.0070
  2021H1      24,909 rows     11.8s  mean pd 0.0073
  2021H2      24,929 rows     11.8s  mean pd 0.0085
  2022H1      24,889 rows     11.8s  mean pd 0.0092
  2022H2      24,859 rows     11.8s  mean pd 0.0090
  2023H1      24,882 rows     11.8s  mean pd 0.0084
  2023H2      24,866 rows     11.8s  mean pd 0.0079
  repeat 2011H1: largest disagreement 0.00e+00, 0 rows differ
tabicl/20260913: context 50,000 rows read in 1.0s
  reference   50,000 rows     18.8s  mean pd 0.0129
  2011H1      24,614 rows     11.7s  mean pd 0.0098
  2011H2      24,646 rows     11.7s  mean pd 0.0074
  2012H1      24,306 rows     11.7s  mean pd 0.0133
  2012H2      24,538 rows     11.7s  mean pd 0.0128
  2013H1      24,341 rows     11.7s  mean pd 0.0134
  2013H2      23,974 rows     11.7s  mean pd 0.0143
  2014H1      24,341 rows     11.7s  mean pd 0.0128
  2014H2      24,213 rows     11.7s  mean pd 0.0114
  2015H1      24,159 rows     11.7s  mean pd 0.0099
  2015H2      24,159 rows     11.7s  mean pd 0.0109
  2016H1      24,632 rows     11.7s  mean pd 0.0108
  2016H2      24,760 rows     11.8s  mean pd 0.0101
  2017H1      24,541 rows     11.7s  mean pd 0.0122
  2017H2      24,680 rows     11.8s  mean pd 0.0120
  2018H1      24,416 rows     11.7s  mean pd 0.0121
  2018H2      24,543 rows     11.7s  mean pd 0.0126
  2019H1      24,752 rows     11.8s  mean pd 0.0121
  2019H2      24,861 rows     11.8s  mean pd 0.0106
  2020H1      24,880 rows     11.8s  mean pd 0.0085
  2020H2      24,919 rows     11.8s  mean pd 0.0072
  2021H1      24,909 rows     11.8s  mean pd 0.0080
  2021H2      24,929 rows     11.8s  mean pd 0.0098
  2022H1      24,889 rows     11.8s  mean pd 0.0117
  2022H2      24,859 rows     11.8s  mean pd 0.0123
  2023H1      24,882 rows     11.8s  mean pd 0.0124
  2023H2      24,866 rows     11.8s  mean pd 0.0114
  repeat 2011H1: largest disagreement 0.00e+00, 0 rows differ

scored rows           : 1,918,827
reference rows        : 150,000
wall                  : 1025s

### tabpfn@2026-09-13-fm-2010h2e-bundle: /home/node/outoftime-node/.venv/bin/python score_context.py 2026-09-13-fm-2010h2e-bundle --out-dir 2026-09-13-fm-2010h2e-bundle-scored-tabpfn --models tabpfn --chunk 20000
tabpfn/20260911: context 50,000 rows read in 1.9s
  reference   50,000 rows     36.9s  mean pd 0.0124
  2011H1      24,614 rows     23.0s  mean pd 0.0107
  2011H2      24,646 rows     22.9s  mean pd 0.0079
  2012H1      24,306 rows     22.8s  mean pd 0.0157
  2012H2      24,538 rows     22.9s  mean pd 0.0149
  2013H1      24,341 rows     22.9s  mean pd 0.0152
  2013H2      23,974 rows     22.5s  mean pd 0.0154
  2014H1      24,341 rows     22.8s  mean pd 0.0129
  2014H2      24,213 rows     22.9s  mean pd 0.0110
  2015H1      24,159 rows     22.8s  mean pd 0.0096
  2015H2      24,159 rows     22.8s  mean pd 0.0100
  2016H1      24,632 rows     22.8s  mean pd 0.0100
  2016H2      24,760 rows     22.8s  mean pd 0.0094
  2017H1      24,541 rows     22.7s  mean pd 0.0110
  2017H2      24,680 rows     22.7s  mean pd 0.0107
  2018H1      24,416 rows     22.8s  mean pd 0.0106
  2018H2      24,543 rows     22.9s  mean pd 0.0109
  2019H1      24,752 rows     22.8s  mean pd 0.0106
  2019H2      24,861 rows     22.8s  mean pd 0.0097
  2020H1      24,880 rows     22.8s  mean pd 0.0079
  2020H2      24,919 rows     22.8s  mean pd 0.0069
  2021H1      24,909 rows     22.7s  mean pd 0.0074
  2021H2      24,929 rows     22.7s  mean pd 0.0088
  2022H1      24,889 rows     22.7s  mean pd 0.0102
  2022H2      24,859 rows     22.8s  mean pd 0.0105
  2023H1      24,882 rows     22.7s  mean pd 0.0103
  2023H2      24,866 rows     22.7s  mean pd 0.0095
  repeat 2011H1: largest disagreement 0.00e+00, 0 rows differ
tabpfn/20260912: context 50,000 rows read in 0.7s
  reference   50,000 rows     36.2s  mean pd 0.0119
  2011H1      24,614 rows     22.7s  mean pd 0.0100
  2011H2      24,646 rows     22.7s  mean pd 0.0077
  2012H1      24,306 rows     22.7s  mean pd 0.0134
  2012H2      24,538 rows     22.7s  mean pd 0.0128
  2013H1      24,341 rows     22.8s  mean pd 0.0134
  2013H2      23,974 rows     22.5s  mean pd 0.0139
  2014H1      24,341 rows     22.7s  mean pd 0.0119
  2014H2      24,213 rows     22.7s  mean pd 0.0105
  2015H1      24,159 rows     22.6s  mean pd 0.0094
  2015H2      24,159 rows     22.7s  mean pd 0.0097
  2016H1      24,632 rows     22.9s  mean pd 0.0098
  2016H2      24,760 rows     22.9s  mean pd 0.0093
  2017H1      24,541 rows     22.8s  mean pd 0.0104
  2017H2      24,680 rows     22.8s  mean pd 0.0101
  2018H1      24,416 rows     22.8s  mean pd 0.0096
  2018H2      24,543 rows     22.9s  mean pd 0.0096
  2019H1      24,752 rows     22.8s  mean pd 0.0094
  2019H2      24,861 rows     22.8s  mean pd 0.0091
  2020H1      24,880 rows     22.8s  mean pd 0.0076
  2020H2      24,919 rows     22.8s  mean pd 0.0067
  2021H1      24,909 rows     22.8s  mean pd 0.0071
  2021H2      24,929 rows     22.8s  mean pd 0.0083
  2022H1      24,889 rows     22.8s  mean pd 0.0091
  2022H2      24,859 rows     22.8s  mean pd 0.0087
  2023H1      24,882 rows     22.9s  mean pd 0.0081
  2023H2      24,866 rows     22.9s  mean pd 0.0075
  repeat 2011H1: largest disagreement 0.00e+00, 0 rows differ
tabpfn/20260913: context 50,000 rows read in 0.8s
  reference   50,000 rows     36.5s  mean pd 0.0127
  2011H1      24,614 rows     22.9s  mean pd 0.0088
  2011H2      24,646 rows     23.0s  mean pd 0.0067
  2012H1      24,306 rows     22.9s  mean pd 0.0122
  2012H2      24,538 rows     22.8s  mean pd 0.0118
  2013H1      24,341 rows     22.8s  mean pd 0.0124
  2013H2      23,974 rows     22.6s  mean pd 0.0134
  2014H1      24,341 rows     22.8s  mean pd 0.0121
  2014H2      24,213 rows     22.8s  mean pd 0.0108
  2015H1      24,159 rows     22.8s  mean pd 0.0095
  2015H2      24,159 rows     22.8s  mean pd 0.0103
  2016H1      24,632 rows     22.8s  mean pd 0.0103
  2016H2      24,760 rows     22.8s  mean pd 0.0097
  2017H1      24,541 rows     22.8s  mean pd 0.0116
  2017H2      24,680 rows     23.0s  mean pd 0.0113
  2018H1      24,416 rows     22.8s  mean pd 0.0114
  2018H2      24,543 rows     22.8s  mean pd 0.0118
  2019H1      24,752 rows     22.8s  mean pd 0.0114
  2019H2      24,861 rows     22.8s  mean pd 0.0101
  2020H1      24,880 rows     22.8s  mean pd 0.0081
  2020H2      24,919 rows     22.7s  mean pd 0.0069
  2021H1      24,909 rows     22.9s  mean pd 0.0077
  2021H2      24,929 rows     22.8s  mean pd 0.0094
  2022H1      24,889 rows     22.8s  mean pd 0.0113
  2022H2      24,859 rows     22.8s  mean pd 0.0117
  2023H1      24,882 rows     22.8s  mean pd 0.0117
  2023H2      24,866 rows     22.7s  mean pd 0.0107
  repeat 2011H1: largest disagreement 0.00e+00, 0 rows differ

scored rows           : 1,918,827
reference rows        : 150,000
wall                  : 1970s

### tabpfn-t1@2026-09-13-fm-2010h2e-bundle: /home/node/outoftime-node/.venv/bin/python score_context.py 2026-09-13-fm-2010h2e-bundle --out-dir 2026-09-13-fm-2010h2e-bundle-scored-tabpfn-t1 --models tabpfn --temperature 1.0 --chunk 20000
tabpfn@t1/20260911: context 50,000 rows read in 1.9s
  reference   50,000 rows     36.9s  mean pd 0.0173
  2011H1      24,614 rows     22.7s  mean pd 0.0145
  2011H2      24,646 rows     22.7s  mean pd 0.0111
  2012H1      24,306 rows     22.8s  mean pd 0.0204
  2012H2      24,538 rows     22.8s  mean pd 0.0195
  2013H1      24,341 rows     22.7s  mean pd 0.0199
  2013H2      23,974 rows     22.6s  mean pd 0.0205
  2014H1      24,341 rows     22.7s  mean pd 0.0176
  2014H2      24,213 rows     22.7s  mean pd 0.0154
  2015H1      24,159 rows     22.8s  mean pd 0.0138
  2015H2      24,159 rows     22.8s  mean pd 0.0144
  2016H1      24,632 rows     22.6s  mean pd 0.0145
  2016H2      24,760 rows     22.7s  mean pd 0.0137
  2017H1      24,541 rows     22.8s  mean pd 0.0159
  2017H2      24,680 rows     22.7s  mean pd 0.0155
  2018H1      24,416 rows     22.8s  mean pd 0.0155
  2018H2      24,543 rows     22.9s  mean pd 0.0159
  2019H1      24,752 rows     22.7s  mean pd 0.0154
  2019H2      24,861 rows     22.8s  mean pd 0.0142
  2020H1      24,880 rows     22.7s  mean pd 0.0118
  2020H2      24,919 rows     22.7s  mean pd 0.0103
  2021H1      24,909 rows     22.7s  mean pd 0.0111
  2021H2      24,929 rows     22.7s  mean pd 0.0131
  2022H1      24,889 rows     22.8s  mean pd 0.0150
  2022H2      24,859 rows     22.7s  mean pd 0.0154
  2023H1      24,882 rows     22.7s  mean pd 0.0152
  2023H2      24,866 rows     22.7s  mean pd 0.0140
  repeat 2011H1: largest disagreement 0.00e+00, 0 rows differ
tabpfn@t1/20260912: context 50,000 rows read in 0.7s
  reference   50,000 rows     36.2s  mean pd 0.0169
  2011H1      24,614 rows     22.9s  mean pd 0.0139
  2011H2      24,646 rows     23.0s  mean pd 0.0109
  2012H1      24,306 rows     22.8s  mean pd 0.0181
  2012H2      24,538 rows     23.0s  mean pd 0.0174
  2013H1      24,341 rows     22.8s  mean pd 0.0182
  2013H2      23,974 rows     22.7s  mean pd 0.0190
  2014H1      24,341 rows     22.9s  mean pd 0.0166
  2014H2      24,213 rows     22.9s  mean pd 0.0150
  2015H1      24,159 rows     22.8s  mean pd 0.0137
  2015H2      24,159 rows     22.7s  mean pd 0.0141
  2016H1      24,632 rows     22.7s  mean pd 0.0143
  2016H2      24,760 rows     22.8s  mean pd 0.0137
  2017H1      24,541 rows     22.7s  mean pd 0.0152
  2017H2      24,680 rows     22.8s  mean pd 0.0149
  2018H1      24,416 rows     22.7s  mean pd 0.0142
  2018H2      24,543 rows     22.7s  mean pd 0.0143
  2019H1      24,752 rows     22.7s  mean pd 0.0140
  2019H2      24,861 rows     22.7s  mean pd 0.0135
  2020H1      24,880 rows     22.7s  mean pd 0.0114
  2020H2      24,919 rows     22.8s  mean pd 0.0102
  2021H1      24,909 rows     22.7s  mean pd 0.0107
  2021H2      24,929 rows     22.7s  mean pd 0.0125
  2022H1      24,889 rows     22.6s  mean pd 0.0135
  2022H2      24,859 rows     22.7s  mean pd 0.0132
  2023H1      24,882 rows     22.6s  mean pd 0.0123
  2023H2      24,866 rows     22.7s  mean pd 0.0114
  repeat 2011H1: largest disagreement 0.00e+00, 0 rows differ
tabpfn@t1/20260913: context 50,000 rows read in 0.8s
  reference   50,000 rows     36.1s  mean pd 0.0177
  2011H1      24,614 rows     22.7s  mean pd 0.0125
  2011H2      24,646 rows     22.6s  mean pd 0.0097
  2012H1      24,306 rows     22.6s  mean pd 0.0166
  2012H2      24,538 rows     22.7s  mean pd 0.0161
  2013H1      24,341 rows     22.7s  mean pd 0.0170
  2013H2      23,974 rows     22.5s  mean pd 0.0185
  2014H1      24,341 rows     22.7s  mean pd 0.0170
  2014H2      24,213 rows     22.7s  mean pd 0.0154
  2015H1      24,159 rows     22.7s  mean pd 0.0138
  2015H2      24,159 rows     22.7s  mean pd 0.0149
  2016H1      24,632 rows     22.8s  mean pd 0.0149
  2016H2      24,760 rows     22.8s  mean pd 0.0140
  2017H1      24,541 rows     22.8s  mean pd 0.0166
  2017H2      24,680 rows     22.7s  mean pd 0.0164
  2018H1      24,416 rows     22.7s  mean pd 0.0164
  2018H2      24,543 rows     22.7s  mean pd 0.0170
  2019H1      24,752 rows     22.7s  mean pd 0.0165
  2019H2      24,861 rows     22.7s  mean pd 0.0147
  2020H1      24,880 rows     22.7s  mean pd 0.0120
  2020H2      24,919 rows     22.7s  mean pd 0.0104
  2021H1      24,909 rows     22.7s  mean pd 0.0115
  2021H2      24,929 rows     22.7s  mean pd 0.0138
  2022H1      24,889 rows     22.7s  mean pd 0.0164
  2022H2      24,859 rows     22.7s  mean pd 0.0169
  2023H1      24,882 rows     22.7s  mean pd 0.0169
  2023H2      24,866 rows     22.6s  mean pd 0.0155
  repeat 2011H1: largest disagreement 0.00e+00, 0 rows differ

scored rows           : 1,918,827
reference rows        : 150,000
wall                  : 1964s

### tabicl@2026-09-13-fm-2012h2e-bundle: /home/node/outoftime-node/.venv/bin/python score_context.py 2026-09-13-fm-2012h2e-bundle --out-dir 2026-09-13-fm-2012h2e-bundle-scored-tabicl --models tabicl --chunk 20000
tabicl/20260911: context 50,000 rows read in 1.9s
  reference   50,000 rows     19.1s  mean pd 0.0111
  2013H1      24,341 rows     11.8s  mean pd 0.0123
  2013H2      23,974 rows     11.7s  mean pd 0.0134
  2014H1      24,341 rows     11.7s  mean pd 0.0117
  2014H2      24,213 rows     11.7s  mean pd 0.0101
  2015H1      24,159 rows     11.7s  mean pd 0.0086
  2015H2      24,159 rows     11.7s  mean pd 0.0093
  2016H1      24,632 rows     11.8s  mean pd 0.0091
  2016H2      24,760 rows     11.8s  mean pd 0.0084
  2017H1      24,541 rows     11.8s  mean pd 0.0101
  2017H2      24,680 rows     11.8s  mean pd 0.0099
  2018H1      24,416 rows     11.8s  mean pd 0.0099
  2018H2      24,543 rows     11.7s  mean pd 0.0101
  2019H1      24,752 rows     11.8s  mean pd 0.0097
  2019H2      24,861 rows     11.8s  mean pd 0.0086
  2020H1      24,880 rows     11.8s  mean pd 0.0069
  2020H2      24,919 rows     11.8s  mean pd 0.0058
  2021H1      24,909 rows     11.8s  mean pd 0.0065
  2021H2      24,929 rows     11.8s  mean pd 0.0080
  2022H1      24,889 rows     11.8s  mean pd 0.0092
  2022H2      24,859 rows     11.8s  mean pd 0.0093
  2023H1      24,882 rows     11.8s  mean pd 0.0093
  2023H2      24,866 rows     11.8s  mean pd 0.0087
  repeat 2013H1: largest disagreement 0.00e+00, 0 rows differ
tabicl/20260912: context 50,000 rows read in 0.9s
  reference   50,000 rows     18.8s  mean pd 0.0120
  2013H1      24,341 rows     11.7s  mean pd 0.0126
  2013H2      23,974 rows     11.7s  mean pd 0.0138
  2014H1      24,341 rows     11.7s  mean pd 0.0125
  2014H2      24,213 rows     11.7s  mean pd 0.0112
  2015H1      24,159 rows     11.7s  mean pd 0.0097
  2015H2      24,159 rows     11.7s  mean pd 0.0106
  2016H1      24,632 rows     11.7s  mean pd 0.0104
  2016H2      24,760 rows     11.8s  mean pd 0.0097
  2017H1      24,541 rows     11.7s  mean pd 0.0114
  2017H2      24,680 rows     11.8s  mean pd 0.0113
  2018H1      24,416 rows     11.7s  mean pd 0.0112
  2018H2      24,543 rows     11.7s  mean pd 0.0115
  2019H1      24,752 rows     11.8s  mean pd 0.0111
  2019H2      24,861 rows     11.8s  mean pd 0.0100
  2020H1      24,880 rows     11.8s  mean pd 0.0083
  2020H2      24,919 rows     11.8s  mean pd 0.0070
  2021H1      24,909 rows     11.8s  mean pd 0.0077
  2021H2      24,929 rows     11.8s  mean pd 0.0093
  2022H1      24,889 rows     11.8s  mean pd 0.0108
  2022H2      24,859 rows     11.8s  mean pd 0.0109
  2023H1      24,882 rows     11.8s  mean pd 0.0107
  2023H2      24,866 rows     11.8s  mean pd 0.0098
  repeat 2013H1: largest disagreement 0.00e+00, 0 rows differ
tabicl/20260913: context 50,000 rows read in 0.9s
  reference   50,000 rows     18.8s  mean pd 0.0117
  2013H1      24,341 rows     11.7s  mean pd 0.0102
  2013H2      23,974 rows     11.7s  mean pd 0.0116
  2014H1      24,341 rows     11.7s  mean pd 0.0109
  2014H2      24,213 rows     11.7s  mean pd 0.0102
  2015H1      24,159 rows     11.7s  mean pd 0.0091
  2015H2      24,159 rows     11.7s  mean pd 0.0099
  2016H1      24,632 rows     11.7s  mean pd 0.0099
  2016H2      24,760 rows     11.8s  mean pd 0.0095
  2017H1      24,541 rows     11.7s  mean pd 0.0109
  2017H2      24,680 rows     11.8s  mean pd 0.0110
  2018H1      24,416 rows     11.7s  mean pd 0.0110
  2018H2      24,543 rows     11.7s  mean pd 0.0114
  2019H1      24,752 rows     11.8s  mean pd 0.0110
  2019H2      24,861 rows     11.8s  mean pd 0.0099
  2020H1      24,880 rows     11.8s  mean pd 0.0081
  2020H2      24,919 rows     11.8s  mean pd 0.0070
  2021H1      24,909 rows     11.8s  mean pd 0.0076
  2021H2      24,929 rows     11.8s  mean pd 0.0091
  2022H1      24,889 rows     11.8s  mean pd 0.0106
  2022H2      24,859 rows     11.8s  mean pd 0.0110
  2023H1      24,882 rows     11.8s  mean pd 0.0109
  2023H2      24,866 rows     11.8s  mean pd 0.0100
  repeat 2013H1: largest disagreement 0.00e+00, 0 rows differ

scored rows           : 1,624,515
reference rows        : 150,000
wall                  : 883s

### tabpfn@2026-09-13-fm-2012h2e-bundle: /home/node/outoftime-node/.venv/bin/python score_context.py 2026-09-13-fm-2012h2e-bundle --out-dir 2026-09-13-fm-2012h2e-bundle-scored-tabpfn --models tabpfn --chunk 20000
tabpfn/20260911: context 50,000 rows read in 1.9s
  reference   50,000 rows     37.1s  mean pd 0.0109
  2013H1      24,341 rows     23.1s  mean pd 0.0129
  2013H2      23,974 rows     22.9s  mean pd 0.0137
  2014H1      24,341 rows     23.1s  mean pd 0.0116
  2014H2      24,213 rows     22.9s  mean pd 0.0098
  2015H1      24,159 rows     22.9s  mean pd 0.0084
  2015H2      24,159 rows     22.9s  mean pd 0.0090
  2016H1      24,632 rows     23.1s  mean pd 0.0088
  2016H2      24,760 rows     22.9s  mean pd 0.0081
  2017H1      24,541 rows     22.9s  mean pd 0.0098
  2017H2      24,680 rows     22.9s  mean pd 0.0095
  2018H1      24,416 rows     22.9s  mean pd 0.0094
  2018H2      24,543 rows     22.9s  mean pd 0.0096
  2019H1      24,752 rows     23.1s  mean pd 0.0092
  2019H2      24,861 rows     23.0s  mean pd 0.0083
  2020H1      24,880 rows     23.0s  mean pd 0.0066
  2020H2      24,919 rows     22.9s  mean pd 0.0055
  2021H1      24,909 rows     23.0s  mean pd 0.0061
  2021H2      24,929 rows     23.0s  mean pd 0.0076
  2022H1      24,889 rows     22.9s  mean pd 0.0088
  2022H2      24,859 rows     23.0s  mean pd 0.0086
  2023H1      24,882 rows     23.0s  mean pd 0.0086
  2023H2      24,866 rows     22.9s  mean pd 0.0080
  repeat 2013H1: largest disagreement 0.00e+00, 0 rows differ
tabpfn/20260912: context 50,000 rows read in 0.8s
  reference   50,000 rows     36.3s  mean pd 0.0118
  2013H1      24,341 rows     22.8s  mean pd 0.0132
  2013H2      23,974 rows     22.6s  mean pd 0.0143
  2014H1      24,341 rows     22.8s  mean pd 0.0124
  2014H2      24,213 rows     22.8s  mean pd 0.0109
  2015H1      24,159 rows     22.9s  mean pd 0.0094
  2015H2      24,159 rows     22.9s  mean pd 0.0102
  2016H1      24,632 rows     22.9s  mean pd 0.0100
  2016H2      24,760 rows     22.9s  mean pd 0.0093
  2017H1      24,541 rows     22.9s  mean pd 0.0110
  2017H2      24,680 rows     22.9s  mean pd 0.0108
  2018H1      24,416 rows     22.9s  mean pd 0.0106
  2018H2      24,543 rows     22.9s  mean pd 0.0109
  2019H1      24,752 rows     22.9s  mean pd 0.0106
  2019H2      24,861 rows     22.9s  mean pd 0.0096
  2020H1      24,880 rows     22.9s  mean pd 0.0080
  2020H2      24,919 rows     23.0s  mean pd 0.0068
  2021H1      24,909 rows     23.0s  mean pd 0.0074
  2021H2      24,929 rows     23.0s  mean pd 0.0089
  2022H1      24,889 rows     23.0s  mean pd 0.0102
  2022H2      24,859 rows     23.0s  mean pd 0.0101
  2023H1      24,882 rows     23.0s  mean pd 0.0100
  2023H2      24,866 rows     22.9s  mean pd 0.0092
  repeat 2013H1: largest disagreement 0.00e+00, 0 rows differ
tabpfn/20260913: context 50,000 rows read in 0.8s
  reference   50,000 rows     36.5s  mean pd 0.0114
  2013H1      24,341 rows     22.8s  mean pd 0.0106
  2013H2      23,974 rows     22.6s  mean pd 0.0118
  2014H1      24,341 rows     22.9s  mean pd 0.0108
  2014H2      24,213 rows     22.8s  mean pd 0.0098
  2015H1      24,159 rows     22.9s  mean pd 0.0087
  2015H2      24,159 rows     22.9s  mean pd 0.0094
  2016H1      24,632 rows     22.9s  mean pd 0.0094
  2016H2      24,760 rows     23.0s  mean pd 0.0090
  2017H1      24,541 rows     23.0s  mean pd 0.0104
  2017H2      24,680 rows     22.9s  mean pd 0.0104
  2018H1      24,416 rows     22.9s  mean pd 0.0103
  2018H2      24,543 rows     22.9s  mean pd 0.0106
  2019H1      24,752 rows     22.8s  mean pd 0.0103
  2019H2      24,861 rows     22.8s  mean pd 0.0093
  2020H1      24,880 rows     22.8s  mean pd 0.0076
  2020H2      24,919 rows     23.0s  mean pd 0.0065
  2021H1      24,909 rows     22.9s  mean pd 0.0071
  2021H2      24,929 rows     22.9s  mean pd 0.0086
  2022H1      24,889 rows     22.9s  mean pd 0.0099
  2022H2      24,859 rows     22.9s  mean pd 0.0101
  2023H1      24,882 rows     22.8s  mean pd 0.0100
  2023H2      24,866 rows     22.8s  mean pd 0.0092
  repeat 2013H1: largest disagreement 0.00e+00, 0 rows differ

scored rows           : 1,624,515
reference rows        : 150,000
wall                  : 1703s

### tabpfn-t1@2026-09-13-fm-2012h2e-bundle: /home/node/outoftime-node/.venv/bin/python score_context.py 2026-09-13-fm-2012h2e-bundle --out-dir 2026-09-13-fm-2012h2e-bundle-scored-tabpfn-t1 --models tabpfn --temperature 1.0 --chunk 20000
tabpfn@t1/20260911: context 50,000 rows read in 1.9s
  reference   50,000 rows     36.6s  mean pd 0.0152
  2013H1      24,341 rows     22.7s  mean pd 0.0172
  2013H2      23,974 rows     22.4s  mean pd 0.0184
  2014H1      24,341 rows     22.7s  mean pd 0.0160
  2014H2      24,213 rows     22.6s  mean pd 0.0139
  2015H1      24,159 rows     22.6s  mean pd 0.0121
  2015H2      24,159 rows     22.7s  mean pd 0.0129
  2016H1      24,632 rows     22.7s  mean pd 0.0128
  2016H2      24,760 rows     22.7s  mean pd 0.0119
  2017H1      24,541 rows     22.7s  mean pd 0.0142
  2017H2      24,680 rows     22.7s  mean pd 0.0139
  2018H1      24,416 rows     22.7s  mean pd 0.0137
  2018H2      24,543 rows     22.8s  mean pd 0.0140
  2019H1      24,752 rows     22.7s  mean pd 0.0136
  2019H2      24,861 rows     22.7s  mean pd 0.0122
  2020H1      24,880 rows     22.7s  mean pd 0.0099
  2020H2      24,919 rows     22.8s  mean pd 0.0084
  2021H1      24,909 rows     22.7s  mean pd 0.0093
  2021H2      24,929 rows     22.7s  mean pd 0.0114
  2022H1      24,889 rows     22.7s  mean pd 0.0131
  2022H2      24,859 rows     22.7s  mean pd 0.0129
  2023H1      24,882 rows     22.6s  mean pd 0.0127
  2023H2      24,866 rows     22.7s  mean pd 0.0118
  repeat 2013H1: largest disagreement 0.00e+00, 0 rows differ
tabpfn@t1/20260912: context 50,000 rows read in 0.9s
  reference   50,000 rows     36.1s  mean pd 0.0165
  2013H1      24,341 rows     22.6s  mean pd 0.0177
  2013H2      23,974 rows     22.5s  mean pd 0.0193
  2014H1      24,341 rows     22.7s  mean pd 0.0172
  2014H2      24,213 rows     22.9s  mean pd 0.0154
  2015H1      24,159 rows     22.8s  mean pd 0.0136
  2015H2      24,159 rows     22.7s  mean pd 0.0147
  2016H1      24,632 rows     22.8s  mean pd 0.0145
  2016H2      24,760 rows     23.0s  mean pd 0.0136
  2017H1      24,541 rows     23.0s  mean pd 0.0159
  2017H2      24,680 rows     23.0s  mean pd 0.0157
  2018H1      24,416 rows     23.2s  mean pd 0.0156
  2018H2      24,543 rows     23.3s  mean pd 0.0160
  2019H1      24,752 rows     23.2s  mean pd 0.0155
  2019H2      24,861 rows     23.0s  mean pd 0.0142
  2020H1      24,880 rows     23.2s  mean pd 0.0119
  2020H2      24,919 rows     22.9s  mean pd 0.0102
  2021H1      24,909 rows     23.2s  mean pd 0.0112
  2021H2      24,929 rows     23.2s  mean pd 0.0132
  2022H1      24,889 rows     22.8s  mean pd 0.0151
  2022H2      24,859 rows     23.3s  mean pd 0.0150
  2023H1      24,882 rows     23.2s  mean pd 0.0148
  2023H2      24,866 rows     23.0s  mean pd 0.0137
  repeat 2013H1: largest disagreement 0.00e+00, 0 rows differ
tabpfn@t1/20260913: context 50,000 rows read in 0.8s
  reference   50,000 rows     37.2s  mean pd 0.0160
  2013H1      24,341 rows     22.9s  mean pd 0.0148
  2013H2      23,974 rows     23.1s  mean pd 0.0165
  2014H1      24,341 rows     23.3s  mean pd 0.0154
  2014H2      24,213 rows     23.4s  mean pd 0.0142
  2015H1      24,159 rows     23.3s  mean pd 0.0128
  2015H2      24,159 rows     23.5s  mean pd 0.0137
  2016H1      24,632 rows     23.1s  mean pd 0.0138
  2016H2      24,760 rows     23.3s  mean pd 0.0132
  2017H1      24,541 rows     23.0s  mean pd 0.0151
  2017H2      24,680 rows     23.0s  mean pd 0.0152
  2018H1      24,416 rows     23.2s  mean pd 0.0151
  2018H2      24,543 rows     23.4s  mean pd 0.0155
  2019H1      24,752 rows     23.1s  mean pd 0.0151
  2019H2      24,861 rows     23.2s  mean pd 0.0138
  2020H1      24,880 rows     23.4s  mean pd 0.0115
  2020H2      24,919 rows     23.3s  mean pd 0.0100
  2021H1      24,909 rows     23.3s  mean pd 0.0108
  2021H2      24,929 rows     23.2s  mean pd 0.0128
  2022H1      24,889 rows     22.9s  mean pd 0.0146
  2022H2      24,859 rows     23.1s  mean pd 0.0149
  2023H1      24,882 rows     23.1s  mean pd 0.0147
  2023H2      24,866 rows     23.2s  mean pd 0.0136
  repeat 2013H1: largest disagreement 0.00e+00, 0 rows differ

scored rows           : 1,624,515
reference rows        : 150,000
wall                  : 1707s

### tabicl@2026-09-13-fm-2014h2e-bundle: /home/node/outoftime-node/.venv/bin/python score_context.py 2026-09-13-fm-2014h2e-bundle --out-dir 2026-09-13-fm-2014h2e-bundle-scored-tabicl --models tabicl --chunk 20000
tabicl/20260911: context 50,000 rows read in 2.1s
  reference   50,000 rows     19.3s  mean pd 0.0104
  2015H1      24,159 rows     11.8s  mean pd 0.0083
  2015H2      24,159 rows     11.8s  mean pd 0.0092
  2016H1      24,632 rows     11.8s  mean pd 0.0092
  2016H2      24,760 rows     11.8s  mean pd 0.0087
  2017H1      24,541 rows     11.8s  mean pd 0.0104
  2017H2      24,680 rows     11.8s  mean pd 0.0104
  2018H1      24,416 rows     11.8s  mean pd 0.0105
  2018H2      24,543 rows     11.8s  mean pd 0.0108
  2019H1      24,752 rows     11.8s  mean pd 0.0104
  2019H2      24,861 rows     12.0s  mean pd 0.0092
  2020H1      24,880 rows     12.0s  mean pd 0.0074
  2020H2      24,919 rows     11.8s  mean pd 0.0062
  2021H1      24,909 rows     11.8s  mean pd 0.0071
  2021H2      24,929 rows     11.8s  mean pd 0.0086
  2022H1      24,889 rows     11.8s  mean pd 0.0101
  2022H2      24,859 rows     11.8s  mean pd 0.0103
  2023H1      24,882 rows     11.8s  mean pd 0.0105
  2023H2      24,866 rows     11.8s  mean pd 0.0099
  repeat 2015H1: largest disagreement 0.00e+00, 0 rows differ
tabicl/20260912: context 50,000 rows read in 1.1s
  reference   50,000 rows     18.8s  mean pd 0.0103
  2015H1      24,159 rows     11.7s  mean pd 0.0082
  2015H2      24,159 rows     11.7s  mean pd 0.0091
  2016H1      24,632 rows     11.8s  mean pd 0.0091
  2016H2      24,760 rows     11.8s  mean pd 0.0086
  2017H1      24,541 rows     11.8s  mean pd 0.0103
  2017H2      24,680 rows     11.8s  mean pd 0.0102
  2018H1      24,416 rows     11.7s  mean pd 0.0102
  2018H2      24,543 rows     11.7s  mean pd 0.0105
  2019H1      24,752 rows     11.8s  mean pd 0.0100
  2019H2      24,861 rows     11.8s  mean pd 0.0089
  2020H1      24,880 rows     11.8s  mean pd 0.0072
  2020H2      24,919 rows     11.8s  mean pd 0.0061
  2021H1      24,909 rows     11.8s  mean pd 0.0069
  2021H2      24,929 rows     11.8s  mean pd 0.0084
  2022H1      24,889 rows     11.8s  mean pd 0.0098
  2022H2      24,859 rows     11.8s  mean pd 0.0100
  2023H1      24,882 rows     11.8s  mean pd 0.0100
  2023H2      24,866 rows     11.8s  mean pd 0.0093
  repeat 2015H1: largest disagreement 0.00e+00, 0 rows differ
tabicl/20260913: context 50,000 rows read in 1.0s
  reference   50,000 rows     18.8s  mean pd 0.0104
  2015H1      24,159 rows     11.7s  mean pd 0.0080
  2015H2      24,159 rows     11.7s  mean pd 0.0086
  2016H1      24,632 rows     11.7s  mean pd 0.0086
  2016H2      24,760 rows     11.8s  mean pd 0.0082
  2017H1      24,541 rows     11.8s  mean pd 0.0095
  2017H2      24,680 rows     11.8s  mean pd 0.0094
  2018H1      24,416 rows     11.8s  mean pd 0.0092
  2018H2      24,543 rows     11.7s  mean pd 0.0094
  2019H1      24,752 rows     11.8s  mean pd 0.0091
  2019H2      24,861 rows     11.8s  mean pd 0.0083
  2020H1      24,880 rows     11.8s  mean pd 0.0068
  2020H2      24,919 rows     11.8s  mean pd 0.0058
  2021H1      24,909 rows     11.8s  mean pd 0.0064
  2021H2      24,929 rows     11.8s  mean pd 0.0077
  2022H1      24,889 rows     11.8s  mean pd 0.0087
  2022H2      24,859 rows     11.8s  mean pd 0.0086
  2023H1      24,882 rows     11.8s  mean pd 0.0084
  2023H2      24,866 rows     11.8s  mean pd 0.0079
  repeat 2015H1: largest disagreement 0.00e+00, 0 rows differ

scored rows           : 1,333,908
reference rows        : 150,000
wall                  : 744s

### tabpfn@2026-09-13-fm-2014h2e-bundle: /home/node/outoftime-node/.venv/bin/python score_context.py 2026-09-13-fm-2014h2e-bundle --out-dir 2026-09-13-fm-2014h2e-bundle-scored-tabpfn --models tabpfn --chunk 20000
tabpfn/20260911: context 50,000 rows read in 2.2s
  reference   50,000 rows     37.7s  mean pd 0.0103
  2015H1      24,159 rows     23.0s  mean pd 0.0081
  2015H2      24,159 rows     23.1s  mean pd 0.0089
  2016H1      24,632 rows     23.0s  mean pd 0.0089
  2016H2      24,760 rows     23.0s  mean pd 0.0084
  2017H1      24,541 rows     23.0s  mean pd 0.0101
  2017H2      24,680 rows     22.9s  mean pd 0.0101
  2018H1      24,416 rows     23.0s  mean pd 0.0102
  2018H2      24,543 rows     22.8s  mean pd 0.0105
  2019H1      24,752 rows     22.9s  mean pd 0.0101
  2019H2      24,861 rows     22.9s  mean pd 0.0090
  2020H1      24,880 rows     23.0s  mean pd 0.0073
  2020H2      24,919 rows     22.9s  mean pd 0.0061
  2021H1      24,909 rows     23.0s  mean pd 0.0069
  2021H2      24,929 rows     23.0s  mean pd 0.0083
  2022H1      24,889 rows     22.6s  mean pd 0.0097
  2022H2      24,859 rows     23.0s  mean pd 0.0099
  2023H1      24,882 rows     23.1s  mean pd 0.0101
  2023H2      24,866 rows     23.3s  mean pd 0.0096
  repeat 2015H1: largest disagreement 0.00e+00, 0 rows differ
tabpfn/20260912: context 50,000 rows read in 0.9s
  reference   50,000 rows     37.1s  mean pd 0.0104
  2015H1      24,159 rows     22.9s  mean pd 0.0080
  2015H2      24,159 rows     23.0s  mean pd 0.0088
  2016H1      24,632 rows     22.8s  mean pd 0.0089
  2016H2      24,760 rows     23.0s  mean pd 0.0084
  2017H1      24,541 rows     22.9s  mean pd 0.0100
  2017H2      24,680 rows     22.8s  mean pd 0.0101
  2018H1      24,416 rows     23.0s  mean pd 0.0100
  2018H2      24,543 rows     23.1s  mean pd 0.0102
  2019H1      24,752 rows     22.7s  mean pd 0.0098
  2019H2      24,861 rows     23.2s  mean pd 0.0087
  2020H1      24,880 rows     22.9s  mean pd 0.0071
  2020H2      24,919 rows     22.9s  mean pd 0.0060
  2021H1      24,909 rows     23.2s  mean pd 0.0067
  2021H2      24,929 rows     23.1s  mean pd 0.0081
  2022H1      24,889 rows     23.0s  mean pd 0.0094
  2022H2      24,859 rows     23.1s  mean pd 0.0094
  2023H1      24,882 rows     23.0s  mean pd 0.0093
  2023H2      24,866 rows     23.0s  mean pd 0.0088
  repeat 2015H1: largest disagreement 0.00e+00, 0 rows differ
tabpfn/20260913: context 50,000 rows read in 1.0s
  reference   50,000 rows     36.8s  mean pd 0.0104
  2015H1      24,159 rows     23.0s  mean pd 0.0077
  2015H2      24,159 rows     23.1s  mean pd 0.0083
  2016H1      24,632 rows     22.8s  mean pd 0.0083
  2016H2      24,760 rows     23.2s  mean pd 0.0079
  2017H1      24,541 rows     23.3s  mean pd 0.0092
  2017H2      24,680 rows     23.3s  mean pd 0.0091
  2018H1      24,416 rows     22.8s  mean pd 0.0088
  2018H2      24,543 rows     23.2s  mean pd 0.0090
  2019H1      24,752 rows     22.6s  mean pd 0.0086
  2019H2      24,861 rows     23.0s  mean pd 0.0079
  2020H1      24,880 rows     22.9s  mean pd 0.0065
  2020H2      24,919 rows     22.7s  mean pd 0.0055
  2021H1      24,909 rows     23.1s  mean pd 0.0061
  2021H2      24,929 rows     22.8s  mean pd 0.0074
  2022H1      24,889 rows     23.0s  mean pd 0.0082
  2022H2      24,859 rows     23.1s  mean pd 0.0078
  2023H1      24,882 rows     23.2s  mean pd 0.0076
  2023H2      24,866 rows     22.9s  mean pd 0.0072
  repeat 2015H1: largest disagreement 0.00e+00, 0 rows differ

scored rows           : 1,333,908
reference rows        : 150,000
wall                  : 1438s

### tabpfn-t1@2026-09-13-fm-2014h2e-bundle: /home/node/outoftime-node/.venv/bin/python score_context.py 2026-09-13-fm-2014h2e-bundle --out-dir 2026-09-13-fm-2014h2e-bundle-scored-tabpfn-t1 --models tabpfn --temperature 1.0 --chunk 20000
tabpfn@t1/20260911: context 50,000 rows read in 2.3s
  reference   50,000 rows     38.3s  mean pd 0.0146
  2015H1      24,159 rows     23.4s  mean pd 0.0119
  2015H2      24,159 rows     23.3s  mean pd 0.0130
  2016H1      24,632 rows     23.3s  mean pd 0.0130
  2016H2      24,760 rows     23.1s  mean pd 0.0124
  2017H1      24,541 rows     24.6s  mean pd 0.0147
  2017H2      24,680 rows     24.1s  mean pd 0.0147
  2018H1      24,416 rows     23.6s  mean pd 0.0149
  2018H2      24,543 rows     24.3s  mean pd 0.0153
  2019H1      24,752 rows     25.1s  mean pd 0.0149
  2019H2      24,861 rows     23.8s  mean pd 0.0133
  2020H1      24,880 rows     23.6s  mean pd 0.0110
  2020H2      24,919 rows     23.1s  mean pd 0.0092
  2021H1      24,909 rows     23.6s  mean pd 0.0104
  2021H2      24,929 rows     23.3s  mean pd 0.0124
  2022H1      24,889 rows     23.2s  mean pd 0.0144
  2022H2      24,859 rows     23.1s  mean pd 0.0146
  2023H1      24,882 rows     23.0s  mean pd 0.0148
  2023H2      24,866 rows     23.2s  mean pd 0.0141
  repeat 2015H1: largest disagreement 0.00e+00, 0 rows differ
tabpfn@t1/20260912: context 50,000 rows read in 1.0s
  reference   50,000 rows     37.1s  mean pd 0.0147
  2015H1      24,159 rows     22.9s  mean pd 0.0118
  2015H2      24,159 rows     23.0s  mean pd 0.0129
  2016H1      24,632 rows     23.2s  mean pd 0.0130
  2016H2      24,760 rows     23.1s  mean pd 0.0125
  2017H1      24,541 rows     23.1s  mean pd 0.0147
  2017H2      24,680 rows     22.9s  mean pd 0.0147
  2018H1      24,416 rows     22.9s  mean pd 0.0147
  2018H2      24,543 rows     22.9s  mean pd 0.0150
  2019H1      24,752 rows     23.0s  mean pd 0.0145
  2019H2      24,861 rows     23.0s  mean pd 0.0130
  2020H1      24,880 rows     22.9s  mean pd 0.0107
  2020H2      24,919 rows     23.1s  mean pd 0.0091
  2021H1      24,909 rows     23.1s  mean pd 0.0102
  2021H2      24,929 rows     23.1s  mean pd 0.0122
  2022H1      24,889 rows     23.4s  mean pd 0.0139
  2022H2      24,859 rows     23.2s  mean pd 0.0140
  2023H1      24,882 rows     23.1s  mean pd 0.0138
  2023H2      24,866 rows     23.0s  mean pd 0.0130
  repeat 2015H1: largest disagreement 0.00e+00, 0 rows differ
tabpfn@t1/20260913: context 50,000 rows read in 0.9s
  reference   50,000 rows     37.6s  mean pd 0.0148
  2015H1      24,159 rows     23.5s  mean pd 0.0114
  2015H2      24,159 rows     22.9s  mean pd 0.0122
  2016H1      24,632 rows     23.1s  mean pd 0.0123
  2016H2      24,760 rows     23.1s  mean pd 0.0117
  2017H1      24,541 rows     23.2s  mean pd 0.0134
  2017H2      24,680 rows     23.1s  mean pd 0.0133
  2018H1      24,416 rows     23.1s  mean pd 0.0130
  2018H2      24,543 rows     23.0s  mean pd 0.0133
  2019H1      24,752 rows     23.1s  mean pd 0.0128
  2019H2      24,861 rows     23.2s  mean pd 0.0118
  2020H1      24,880 rows     23.1s  mean pd 0.0099
  2020H2      24,919 rows     22.9s  mean pd 0.0085
  2021H1      24,909 rows     23.1s  mean pd 0.0094
  2021H2      24,929 rows     23.0s  mean pd 0.0112
  2022H1      24,889 rows     23.0s  mean pd 0.0123
  2022H2      24,859 rows     23.1s  mean pd 0.0118
  2023H1      24,882 rows     22.9s  mean pd 0.0115
  2023H2      24,866 rows     23.1s  mean pd 0.0108
  repeat 2015H1: largest disagreement 0.00e+00, 0 rows differ

scored rows           : 1,333,908
reference rows        : 150,000
wall                  : 1452s

### tabicl@2026-09-13-fm-2016h2e-bundle: /home/node/outoftime-node/.venv/bin/python score_context.py 2026-09-13-fm-2016h2e-bundle --out-dir 2026-09-13-fm-2016h2e-bundle-scored-tabicl --models tabicl --chunk 20000
tabicl/20260911: context 50,000 rows read in 2.0s
  reference   50,000 rows     19.2s  mean pd 0.0094
  2017H1      24,541 rows     11.8s  mean pd 0.0088
  2017H2      24,680 rows     11.8s  mean pd 0.0088
  2018H1      24,416 rows     11.8s  mean pd 0.0087
  2018H2      24,543 rows     11.8s  mean pd 0.0090
  2019H1      24,752 rows     11.8s  mean pd 0.0087
  2019H2      24,861 rows     11.8s  mean pd 0.0079
  2020H1      24,880 rows     11.8s  mean pd 0.0065
  2020H2      24,919 rows     11.8s  mean pd 0.0055
  2021H1      24,909 rows     11.8s  mean pd 0.0063
  2021H2      24,929 rows     11.8s  mean pd 0.0076
  2022H1      24,889 rows     11.8s  mean pd 0.0088
  2022H2      24,859 rows     11.8s  mean pd 0.0084
  2023H1      24,882 rows     11.8s  mean pd 0.0084
  2023H2      24,866 rows     11.8s  mean pd 0.0078
  repeat 2017H1: largest disagreement 0.00e+00, 0 rows differ
tabicl/20260912: context 50,000 rows read in 1.0s
  reference   50,000 rows     18.8s  mean pd 0.0095
  2017H1      24,541 rows     11.8s  mean pd 0.0095
  2017H2      24,680 rows     11.8s  mean pd 0.0097
  2018H1      24,416 rows     11.8s  mean pd 0.0096
  2018H2      24,543 rows     11.8s  mean pd 0.0101
  2019H1      24,752 rows     11.8s  mean pd 0.0096
  2019H2      24,861 rows     11.8s  mean pd 0.0085
  2020H1      24,880 rows     11.8s  mean pd 0.0069
  2020H2      24,919 rows     11.8s  mean pd 0.0058
  2021H1      24,909 rows     11.8s  mean pd 0.0065
  2021H2      24,929 rows     11.8s  mean pd 0.0080
  2022H1      24,889 rows     11.8s  mean pd 0.0093
  2022H2      24,859 rows     11.8s  mean pd 0.0094
  2023H1      24,882 rows     11.8s  mean pd 0.0093
  2023H2      24,866 rows     11.8s  mean pd 0.0085
  repeat 2017H1: largest disagreement 0.00e+00, 0 rows differ
tabicl/20260913: context 50,000 rows read in 1.0s
  reference   50,000 rows     18.8s  mean pd 0.0096
  2017H1      24,541 rows     11.7s  mean pd 0.0083
  2017H2      24,680 rows     11.8s  mean pd 0.0082
  2018H1      24,416 rows     11.7s  mean pd 0.0082
  2018H2      24,543 rows     11.8s  mean pd 0.0084
  2019H1      24,752 rows     11.8s  mean pd 0.0081
  2019H2      24,861 rows     11.8s  mean pd 0.0071
  2020H1      24,880 rows     11.8s  mean pd 0.0057
  2020H2      24,919 rows     11.8s  mean pd 0.0049
  2021H1      24,909 rows     11.8s  mean pd 0.0056
  2021H2      24,929 rows     11.8s  mean pd 0.0070
  2022H1      24,889 rows     11.8s  mean pd 0.0083
  2022H2      24,859 rows     11.8s  mean pd 0.0081
  2023H1      24,882 rows     11.8s  mean pd 0.0079
  2023H2      24,866 rows     11.8s  mean pd 0.0075
  repeat 2017H1: largest disagreement 0.00e+00, 0 rows differ

scored rows           : 1,040,778
reference rows        : 150,000
wall                  : 601s

### tabpfn@2026-09-13-fm-2016h2e-bundle: /home/node/outoftime-node/.venv/bin/python score_context.py 2026-09-13-fm-2016h2e-bundle --out-dir 2026-09-13-fm-2016h2e-bundle-scored-tabpfn --models tabpfn --chunk 20000
tabpfn/20260911: context 50,000 rows read in 2.3s
  reference   50,000 rows     39.5s  mean pd 0.0095
  2017H1      24,541 rows     23.8s  mean pd 0.0087
  2017H2      24,680 rows     23.3s  mean pd 0.0087
  2018H1      24,416 rows     23.2s  mean pd 0.0085
  2018H2      24,543 rows     23.1s  mean pd 0.0088
  2019H1      24,752 rows     23.2s  mean pd 0.0085
  2019H2      24,861 rows     23.3s  mean pd 0.0077
  2020H1      24,880 rows     23.2s  mean pd 0.0065
  2020H2      24,919 rows     23.1s  mean pd 0.0054
  2021H1      24,909 rows     23.3s  mean pd 0.0062
  2021H2      24,929 rows     23.1s  mean pd 0.0075
  2022H1      24,889 rows     23.1s  mean pd 0.0086
  2022H2      24,859 rows     22.8s  mean pd 0.0081
  2023H1      24,882 rows     22.6s  mean pd 0.0080
  2023H2      24,866 rows     22.6s  mean pd 0.0074
  repeat 2017H1: largest disagreement 0.00e+00, 0 rows differ
tabpfn/20260912: context 50,000 rows read in 0.8s
  reference   50,000 rows     35.8s  mean pd 0.0097
  2017H1      24,541 rows     22.5s  mean pd 0.0089
  2017H2      24,680 rows     22.5s  mean pd 0.0089
  2018H1      24,416 rows     22.5s  mean pd 0.0088
  2018H2      24,543 rows     22.6s  mean pd 0.0090
  2019H1      24,752 rows     22.6s  mean pd 0.0086
  2019H2      24,861 rows     22.6s  mean pd 0.0079
  2020H1      24,880 rows     22.6s  mean pd 0.0065
  2020H2      24,919 rows     22.7s  mean pd 0.0055
  2021H1      24,909 rows     22.7s  mean pd 0.0062
  2021H2      24,929 rows     22.8s  mean pd 0.0076
  2022H1      24,889 rows     22.7s  mean pd 0.0087
  2022H2      24,859 rows     22.7s  mean pd 0.0081
  2023H1      24,882 rows     22.7s  mean pd 0.0079
  2023H2      24,866 rows     22.7s  mean pd 0.0072
  repeat 2017H1: largest disagreement 0.00e+00, 0 rows differ
tabpfn/20260913: context 50,000 rows read in 0.8s
  reference   50,000 rows     36.1s  mean pd 0.0097
  2017H1      24,541 rows     22.7s  mean pd 0.0081
  2017H2      24,680 rows     22.8s  mean pd 0.0080
  2018H1      24,416 rows     22.8s  mean pd 0.0079
  2018H2      24,543 rows     22.7s  mean pd 0.0082
  2019H1      24,752 rows     22.7s  mean pd 0.0078
  2019H2      24,861 rows     22.8s  mean pd 0.0070
  2020H1      24,880 rows     22.7s  mean pd 0.0057
  2020H2      24,919 rows     22.8s  mean pd 0.0048
  2021H1      24,909 rows     22.9s  mean pd 0.0056
  2021H2      24,929 rows     22.9s  mean pd 0.0070
  2022H1      24,889 rows     22.7s  mean pd 0.0081
  2022H2      24,859 rows     22.8s  mean pd 0.0076
  2023H1      24,882 rows     22.8s  mean pd 0.0073
  2023H2      24,866 rows     22.7s  mean pd 0.0070
  repeat 2017H1: largest disagreement 0.00e+00, 0 rows differ

scored rows           : 1,040,778
reference rows        : 150,000
wall                  : 1151s

### tabpfn-t1@2026-09-13-fm-2016h2e-bundle: /home/node/outoftime-node/.venv/bin/python score_context.py 2026-09-13-fm-2016h2e-bundle --out-dir 2026-09-13-fm-2016h2e-bundle-scored-tabpfn-t1 --models tabpfn --temperature 1.0 --chunk 20000
tabpfn@t1/20260911: context 50,000 rows read in 2.0s
  reference   50,000 rows     36.9s  mean pd 0.0135
  2017H1      24,541 rows     22.8s  mean pd 0.0128
  2017H2      24,680 rows     22.7s  mean pd 0.0128
  2018H1      24,416 rows     22.7s  mean pd 0.0127
  2018H2      24,543 rows     22.8s  mean pd 0.0130
  2019H1      24,752 rows     22.7s  mean pd 0.0127
  2019H2      24,861 rows     22.6s  mean pd 0.0116
  2020H1      24,880 rows     22.7s  mean pd 0.0098
  2020H2      24,919 rows     22.8s  mean pd 0.0084
  2021H1      24,909 rows     22.7s  mean pd 0.0095
  2021H2      24,929 rows     22.7s  mean pd 0.0112
  2022H1      24,889 rows     22.7s  mean pd 0.0128
  2022H2      24,859 rows     22.7s  mean pd 0.0122
  2023H1      24,882 rows     22.8s  mean pd 0.0120
  2023H2      24,866 rows     22.7s  mean pd 0.0112
  repeat 2017H1: largest disagreement 0.00e+00, 0 rows differ
tabpfn@t1/20260912: context 50,000 rows read in 0.7s
  reference   50,000 rows     36.0s  mean pd 0.0137
  2017H1      24,541 rows     22.7s  mean pd 0.0131
  2017H2      24,680 rows     22.7s  mean pd 0.0131
  2018H1      24,416 rows     22.6s  mean pd 0.0129
  2018H2      24,543 rows     22.7s  mean pd 0.0133
  2019H1      24,752 rows     22.6s  mean pd 0.0128
  2019H2      24,861 rows     22.5s  mean pd 0.0118
  2020H1      24,880 rows     22.6s  mean pd 0.0098
  2020H2      24,919 rows     22.6s  mean pd 0.0084
  2021H1      24,909 rows     22.7s  mean pd 0.0095
  2021H2      24,929 rows     22.7s  mean pd 0.0113
  2022H1      24,889 rows     22.7s  mean pd 0.0129
  2022H2      24,859 rows     22.7s  mean pd 0.0122
  2023H1      24,882 rows     22.8s  mean pd 0.0118
  2023H2      24,866 rows     22.7s  mean pd 0.0108
  repeat 2017H1: largest disagreement 0.00e+00, 0 rows differ
tabpfn@t1/20260913: context 50,000 rows read in 0.7s
  reference   50,000 rows     36.2s  mean pd 0.0138
  2017H1      24,541 rows     22.7s  mean pd 0.0121
  2017H2      24,680 rows     22.6s  mean pd 0.0121
  2018H1      24,416 rows     22.6s  mean pd 0.0119
  2018H2      24,543 rows     22.7s  mean pd 0.0123
  2019H1      24,752 rows     22.9s  mean pd 0.0119
  2019H2      24,861 rows     22.8s  mean pd 0.0107
  2020H1      24,880 rows     22.8s  mean pd 0.0089
  2020H2      24,919 rows     22.8s  mean pd 0.0076
  2021H1      24,909 rows     22.7s  mean pd 0.0087
  2021H2      24,929 rows     22.8s  mean pd 0.0106
  2022H1      24,889 rows     22.8s  mean pd 0.0122
  2022H2      24,859 rows     22.8s  mean pd 0.0116
  2023H1      24,882 rows     22.9s  mean pd 0.0112
  2023H2      24,866 rows     22.8s  mean pd 0.0106
  repeat 2017H1: largest disagreement 0.00e+00, 0 rows differ

scored rows           : 1,040,778
reference rows        : 150,000
wall                  : 1142s

### tabicl@2026-09-13-fm-2018h2e-bundle: /home/node/outoftime-node/.venv/bin/python score_context.py 2026-09-13-fm-2018h2e-bundle --out-dir 2026-09-13-fm-2018h2e-bundle-scored-tabicl --models tabicl --chunk 20000
tabicl/20260911: context 50,000 rows read in 1.9s
  reference   50,000 rows     19.2s  mean pd 0.0079
  2019H1      24,752 rows     11.8s  mean pd 0.0070
  2019H2      24,861 rows     11.8s  mean pd 0.0061
  2020H1      24,880 rows     11.8s  mean pd 0.0048
  2020H2      24,919 rows     11.8s  mean pd 0.0041
  2021H1      24,909 rows     11.8s  mean pd 0.0047
  2021H2      24,929 rows     11.8s  mean pd 0.0059
  2022H1      24,889 rows     11.8s  mean pd 0.0072
  2022H2      24,859 rows     11.8s  mean pd 0.0071
  2023H1      24,882 rows     11.8s  mean pd 0.0071
  2023H2      24,866 rows     11.8s  mean pd 0.0067
  repeat 2019H1: largest disagreement 0.00e+00, 0 rows differ
tabicl/20260912: context 50,000 rows read in 0.9s
  reference   50,000 rows     18.8s  mean pd 0.0084
  2019H1      24,752 rows     11.8s  mean pd 0.0072
  2019H2      24,861 rows     11.8s  mean pd 0.0065
  2020H1      24,880 rows     11.8s  mean pd 0.0053
  2020H2      24,919 rows     11.8s  mean pd 0.0046
  2021H1      24,909 rows     11.8s  mean pd 0.0052
  2021H2      24,929 rows     11.8s  mean pd 0.0064
  2022H1      24,889 rows     11.8s  mean pd 0.0074
  2022H2      24,859 rows     11.8s  mean pd 0.0071
  2023H1      24,882 rows     11.8s  mean pd 0.0070
  2023H2      24,866 rows     11.8s  mean pd 0.0066
  repeat 2019H1: largest disagreement 0.00e+00, 0 rows differ
tabicl/20260913: context 50,000 rows read in 1.0s
  reference   50,000 rows     18.8s  mean pd 0.0082
  2019H1      24,752 rows     11.8s  mean pd 0.0069
  2019H2      24,861 rows     11.8s  mean pd 0.0060
  2020H1      24,880 rows     11.8s  mean pd 0.0049
  2020H2      24,919 rows     11.8s  mean pd 0.0041
  2021H1      24,909 rows     11.8s  mean pd 0.0047
  2021H2      24,929 rows     11.8s  mean pd 0.0057
  2022H1      24,889 rows     11.8s  mean pd 0.0066
  2022H2      24,859 rows     11.8s  mean pd 0.0066
  2023H1      24,882 rows     11.8s  mean pd 0.0066
  2023H2      24,866 rows     11.8s  mean pd 0.0062
  repeat 2019H1: largest disagreement 0.00e+00, 0 rows differ

scored rows           : 746,238
reference rows        : 150,000
wall                  : 457s

### tabpfn@2026-09-13-fm-2018h2e-bundle: /home/node/outoftime-node/.venv/bin/python score_context.py 2026-09-13-fm-2018h2e-bundle --out-dir 2026-09-13-fm-2018h2e-bundle-scored-tabpfn --models tabpfn --chunk 20000
tabpfn/20260911: context 50,000 rows read in 1.9s
  reference   50,000 rows     36.6s  mean pd 0.0081
  2019H1      24,752 rows     22.7s  mean pd 0.0069
  2019H2      24,861 rows     22.7s  mean pd 0.0060
  2020H1      24,880 rows     22.7s  mean pd 0.0048
  2020H2      24,919 rows     22.8s  mean pd 0.0040
  2021H1      24,909 rows     22.7s  mean pd 0.0046
  2021H2      24,929 rows     22.8s  mean pd 0.0059
  2022H1      24,889 rows     22.8s  mean pd 0.0071
  2022H2      24,859 rows     23.0s  mean pd 0.0068
  2023H1      24,882 rows     22.9s  mean pd 0.0068
  2023H2      24,866 rows     23.0s  mean pd 0.0064
  repeat 2019H1: largest disagreement 0.00e+00, 0 rows differ
tabpfn/20260912: context 50,000 rows read in 0.8s
  reference   50,000 rows     36.4s  mean pd 0.0085
  2019H1      24,752 rows     22.8s  mean pd 0.0072
  2019H2      24,861 rows     22.9s  mean pd 0.0065
  2020H1      24,880 rows     22.9s  mean pd 0.0054
  2020H2      24,919 rows     22.9s  mean pd 0.0046
  2021H1      24,909 rows     22.9s  mean pd 0.0052
  2021H2      24,929 rows     22.9s  mean pd 0.0064
  2022H1      24,889 rows     22.8s  mean pd 0.0073
  2022H2      24,859 rows     22.7s  mean pd 0.0069
  2023H1      24,882 rows     22.9s  mean pd 0.0067
  2023H2      24,866 rows     22.9s  mean pd 0.0064
  repeat 2019H1: largest disagreement 0.00e+00, 0 rows differ
tabpfn/20260913: context 50,000 rows read in 0.8s
  reference   50,000 rows     36.3s  mean pd 0.0088
  2019H1      24,752 rows     22.9s  mean pd 0.0073
  2019H2      24,861 rows     22.9s  mean pd 0.0065
  2020H1      24,880 rows     22.8s  mean pd 0.0053
  2020H2      24,919 rows     22.9s  mean pd 0.0045
  2021H1      24,909 rows     22.8s  mean pd 0.0050
  2021H2      24,929 rows     22.9s  mean pd 0.0060
  2022H1      24,889 rows     22.9s  mean pd 0.0069
  2022H2      24,859 rows     22.9s  mean pd 0.0068
  2023H1      24,882 rows     22.7s  mean pd 0.0069
  2023H2      24,866 rows     22.8s  mean pd 0.0066
  repeat 2019H1: largest disagreement 0.00e+00, 0 rows differ

scored rows           : 746,238
reference rows        : 150,000
wall                  : 873s

### tabpfn-t1@2026-09-13-fm-2018h2e-bundle: /home/node/outoftime-node/.venv/bin/python score_context.py 2026-09-13-fm-2018h2e-bundle --out-dir 2026-09-13-fm-2018h2e-bundle-scored-tabpfn-t1 --models tabpfn --temperature 1.0 --chunk 20000
tabpfn@t1/20260911: context 50,000 rows read in 2.0s
  reference   50,000 rows     36.9s  mean pd 0.0116
  2019H1      24,752 rows     22.7s  mean pd 0.0104
  2019H2      24,861 rows     22.7s  mean pd 0.0092
  2020H1      24,880 rows     22.7s  mean pd 0.0074
  2020H2      24,919 rows     22.9s  mean pd 0.0062
  2021H1      24,909 rows     22.8s  mean pd 0.0072
  2021H2      24,929 rows     22.8s  mean pd 0.0089
  2022H1      24,889 rows     22.9s  mean pd 0.0107
  2022H2      24,859 rows     22.8s  mean pd 0.0103
  2023H1      24,882 rows     23.0s  mean pd 0.0103
  2023H2      24,866 rows     22.8s  mean pd 0.0097
  repeat 2019H1: largest disagreement 0.00e+00, 0 rows differ
tabpfn@t1/20260912: context 50,000 rows read in 0.8s
  reference   50,000 rows     36.3s  mean pd 0.0123
  2019H1      24,752 rows     22.8s  mean pd 0.0110
  2019H2      24,861 rows     22.7s  mean pd 0.0100
  2020H1      24,880 rows     22.6s  mean pd 0.0085
  2020H2      24,919 rows     22.7s  mean pd 0.0073
  2021H1      24,909 rows     22.7s  mean pd 0.0082
  2021H2      24,929 rows     22.7s  mean pd 0.0098
  2022H1      24,889 rows     22.7s  mean pd 0.0111
  2022H2      24,859 rows     22.6s  mean pd 0.0106
  2023H1      24,882 rows     22.6s  mean pd 0.0103
  2023H2      24,866 rows     22.6s  mean pd 0.0098
  repeat 2019H1: largest disagreement 0.00e+00, 0 rows differ
tabpfn@t1/20260913: context 50,000 rows read in 0.7s
  reference   50,000 rows     36.0s  mean pd 0.0126
  2019H1      24,752 rows     22.7s  mean pd 0.0111
  2019H2      24,861 rows     22.7s  mean pd 0.0099
  2020H1      24,880 rows     22.7s  mean pd 0.0083
  2020H2      24,919 rows     22.9s  mean pd 0.0070
  2021H1      24,909 rows     22.8s  mean pd 0.0079
  2021H2      24,929 rows     22.8s  mean pd 0.0093
  2022H1      24,889 rows     22.7s  mean pd 0.0105
  2022H2      24,859 rows     22.7s  mean pd 0.0104
  2023H1      24,882 rows     22.7s  mean pd 0.0105
  2023H2      24,866 rows     22.8s  mean pd 0.0100
  repeat 2019H1: largest disagreement 0.00e+00, 0 rows differ

scored rows           : 746,238
reference rows        : 150,000
wall                  : 870s

### tabicl@2026-09-13-fm-2004h2r-bundle: /home/node/outoftime-node/.venv/bin/python score_context.py 2026-09-13-fm-2004h2r-bundle --out-dir 2026-09-13-fm-2004h2r-bundle-scored-tabicl --models tabicl --chunk 20000
tabicl/20260911: context 50,000 rows read in 1.9s
  reference   50,000 rows     19.1s  mean pd 0.0080
  2005H1      24,233 rows     11.7s  mean pd 0.0075
  2005H2      24,082 rows     11.7s  mean pd 0.0072
  2006H1      23,280 rows     11.6s  mean pd 0.0089
  2006H2      23,898 rows     11.7s  mean pd 0.0094
  2007H1      23,169 rows     11.6s  mean pd 0.0099
  2007H2      24,367 rows     11.7s  mean pd 0.0111
  2008H1      24,660 rows     11.8s  mean pd 0.0067
  2008H2      24,746 rows     11.8s  mean pd 0.0054
  2009H1      24,844 rows     11.8s  mean pd 0.0023
  2009H2      24,709 rows     11.8s  mean pd 0.0035
  2010H1      24,843 rows     11.8s  mean pd 0.0039
  2010H2      24,683 rows     11.8s  mean pd 0.0031
  2011H1      24,614 rows     11.8s  mean pd 0.0043
  2011H2      24,646 rows     11.8s  mean pd 0.0033
  2012H1      24,306 rows     11.7s  mean pd 0.0053
  2012H2      24,538 rows     11.7s  mean pd 0.0050
  2013H1      24,341 rows     11.7s  mean pd 0.0057
  2013H2      23,974 rows     11.7s  mean pd 0.0067
  2014H1      24,341 rows     11.7s  mean pd 0.0060
  2014H2      24,213 rows     11.7s  mean pd 0.0053
  2015H1      24,159 rows     11.7s  mean pd 0.0043
  2015H2      24,159 rows     11.7s  mean pd 0.0050
  2016H1      24,632 rows     11.8s  mean pd 0.0047
  2016H2      24,760 rows     11.8s  mean pd 0.0040
  2017H1      24,541 rows     11.7s  mean pd 0.0052
  2017H2      24,680 rows     11.8s  mean pd 0.0051
  2018H1      24,416 rows     11.7s  mean pd 0.0053
  2018H2      24,543 rows     11.8s  mean pd 0.0056
  2019H1      24,752 rows     11.8s  mean pd 0.0053
  2019H2      24,861 rows     11.8s  mean pd 0.0042
  2020H1      24,880 rows     11.8s  mean pd 0.0034
  2020H2      24,919 rows     11.8s  mean pd 0.0028
  2021H1      24,909 rows     11.8s  mean pd 0.0033
  2021H2      24,929 rows     11.8s  mean pd 0.0041
  2022H1      24,889 rows     11.8s  mean pd 0.0054
  2022H2      24,859 rows     11.8s  mean pd 0.0059
  2023H1      24,882 rows     11.8s  mean pd 0.0060
  2023H2      24,866 rows     11.8s  mean pd 0.0056
  repeat 2005H1: largest disagreement 0.00e+00, 0 rows differ
tabicl/20260912: context 50,000 rows read in 1.1s
  reference   50,000 rows     18.8s  mean pd 0.0075
  2005H1      24,233 rows     11.7s  mean pd 0.0073
  2005H2      24,082 rows     11.7s  mean pd 0.0072
  2006H1      23,280 rows     11.6s  mean pd 0.0092
  2006H2      23,898 rows     11.7s  mean pd 0.0097
  2007H1      23,169 rows     11.6s  mean pd 0.0103
  2007H2      24,367 rows     11.7s  mean pd 0.0113
  2008H1      24,660 rows     11.7s  mean pd 0.0068
  2008H2      24,746 rows     11.8s  mean pd 0.0055
  2009H1      24,844 rows     11.8s  mean pd 0.0025
  2009H2      24,709 rows     11.7s  mean pd 0.0037
  2010H1      24,843 rows     11.8s  mean pd 0.0041
  2010H2      24,683 rows     11.7s  mean pd 0.0033
  2011H1      24,614 rows     11.7s  mean pd 0.0045
  2011H2      24,646 rows     11.7s  mean pd 0.0034
  2012H1      24,306 rows     11.7s  mean pd 0.0053
  2012H2      24,538 rows     11.7s  mean pd 0.0050
  2013H1      24,341 rows     11.7s  mean pd 0.0056
  2013H2      23,974 rows     11.7s  mean pd 0.0066
  2014H1      24,341 rows     11.7s  mean pd 0.0059
  2014H2      24,213 rows     11.7s  mean pd 0.0053
  2015H1      24,159 rows     11.7s  mean pd 0.0043
  2015H2      24,159 rows     11.7s  mean pd 0.0049
  2016H1      24,632 rows     11.7s  mean pd 0.0046
  2016H2      24,760 rows     11.7s  mean pd 0.0039
  2017H1      24,541 rows     11.7s  mean pd 0.0051
  2017H2      24,680 rows     11.7s  mean pd 0.0049
  2018H1      24,416 rows     11.7s  mean pd 0.0052
  2018H2      24,543 rows     11.7s  mean pd 0.0055
  2019H1      24,752 rows     11.7s  mean pd 0.0052
  2019H2      24,861 rows     11.7s  mean pd 0.0041
  2020H1      24,880 rows     11.7s  mean pd 0.0034
  2020H2      24,919 rows     11.8s  mean pd 0.0027
  2021H1      24,909 rows     11.8s  mean pd 0.0032
  2021H2      24,929 rows     11.8s  mean pd 0.0040
  2022H1      24,889 rows     11.8s  mean pd 0.0054
  2022H2      24,859 rows     11.8s  mean pd 0.0060
  2023H1      24,882 rows     11.8s  mean pd 0.0062
  2023H2      24,866 rows     11.8s  mean pd 0.0058
  repeat 2005H1: largest disagreement 0.00e+00, 0 rows differ
tabicl/20260913: context 50,000 rows read in 0.9s
  reference   50,000 rows     18.8s  mean pd 0.0079
  2005H1      24,233 rows     11.7s  mean pd 0.0072
  2005H2      24,082 rows     11.7s  mean pd 0.0069
  2006H1      23,280 rows     11.6s  mean pd 0.0086
  2006H2      23,898 rows     11.7s  mean pd 0.0092
  2007H1      23,169 rows     11.6s  mean pd 0.0098
  2007H2      24,367 rows     11.7s  mean pd 0.0112
  2008H1      24,660 rows     11.7s  mean pd 0.0067
  2008H2      24,746 rows     11.7s  mean pd 0.0053
  2009H1      24,844 rows     11.7s  mean pd 0.0023
  2009H2      24,709 rows     11.7s  mean pd 0.0036
  2010H1      24,843 rows     11.7s  mean pd 0.0042
  2010H2      24,683 rows     11.7s  mean pd 0.0034
  2011H1      24,614 rows     11.7s  mean pd 0.0047
  2011H2      24,646 rows     11.7s  mean pd 0.0036
  2012H1      24,306 rows     11.7s  mean pd 0.0060
  2012H2      24,538 rows     11.7s  mean pd 0.0056
  2013H1      24,341 rows     11.7s  mean pd 0.0064
  2013H2      23,974 rows     11.7s  mean pd 0.0074
  2014H1      24,341 rows     11.7s  mean pd 0.0065
  2014H2      24,213 rows     11.7s  mean pd 0.0056
  2015H1      24,159 rows     11.7s  mean pd 0.0045
  2015H2      24,159 rows     11.7s  mean pd 0.0051
  2016H1      24,632 rows     11.7s  mean pd 0.0048
  2016H2      24,760 rows     11.7s  mean pd 0.0041
  2017H1      24,541 rows     11.7s  mean pd 0.0052
  2017H2      24,680 rows     11.8s  mean pd 0.0051
  2018H1      24,416 rows     11.7s  mean pd 0.0053
  2018H2      24,543 rows     11.7s  mean pd 0.0056
  2019H1      24,752 rows     11.7s  mean pd 0.0052
  2019H2      24,861 rows     11.7s  mean pd 0.0042
  2020H1      24,880 rows     11.7s  mean pd 0.0034
  2020H2      24,919 rows     11.8s  mean pd 0.0028
  2021H1      24,909 rows     11.8s  mean pd 0.0032
  2021H2      24,929 rows     11.7s  mean pd 0.0039
  2022H1      24,889 rows     11.7s  mean pd 0.0051
  2022H2      24,859 rows     11.8s  mean pd 0.0058
  2023H1      24,882 rows     11.8s  mean pd 0.0061
  2023H2      24,866 rows     11.8s  mean pd 0.0057
  repeat 2005H1: largest disagreement 0.00e+00, 0 rows differ

scored rows           : 2,793,369
reference rows        : 150,000
wall                  : 1448s

### tabpfn@2026-09-13-fm-2004h2r-bundle: /home/node/outoftime-node/.venv/bin/python score_context.py 2026-09-13-fm-2004h2r-bundle --out-dir 2026-09-13-fm-2004h2r-bundle-scored-tabpfn --models tabpfn --chunk 20000
tabpfn/20260911: context 50,000 rows read in 2.0s
  reference   50,000 rows     36.5s  mean pd 0.0080
  2005H1      24,233 rows     22.6s  mean pd 0.0073
  2005H2      24,082 rows     22.3s  mean pd 0.0071
  2006H1      23,280 rows     22.3s  mean pd 0.0087
  2006H2      23,898 rows     22.4s  mean pd 0.0093
  2007H1      23,169 rows     22.2s  mean pd 0.0098
  2007H2      24,367 rows     22.6s  mean pd 0.0111
  2008H1      24,660 rows     22.6s  mean pd 0.0065
  2008H2      24,746 rows     22.6s  mean pd 0.0051
  2009H1      24,844 rows     22.7s  mean pd 0.0022
  2009H2      24,709 rows     22.6s  mean pd 0.0034
  2010H1      24,843 rows     22.5s  mean pd 0.0038
  2010H2      24,683 rows     22.6s  mean pd 0.0031
  2011H1      24,614 rows     22.5s  mean pd 0.0043
  2011H2      24,646 rows     22.6s  mean pd 0.0033
  2012H1      24,306 rows     22.6s  mean pd 0.0055
  2012H2      24,538 rows     22.6s  mean pd 0.0052
  2013H1      24,341 rows     22.7s  mean pd 0.0058
  2013H2      23,974 rows     22.4s  mean pd 0.0068
  2014H1      24,341 rows     22.6s  mean pd 0.0059
  2014H2      24,213 rows     22.6s  mean pd 0.0052
  2015H1      24,159 rows     22.7s  mean pd 0.0042
  2015H2      24,159 rows     22.7s  mean pd 0.0048
  2016H1      24,632 rows     22.6s  mean pd 0.0045
  2016H2      24,760 rows     22.7s  mean pd 0.0039
  2017H1      24,541 rows     22.7s  mean pd 0.0051
  2017H2      24,680 rows     22.6s  mean pd 0.0050
  2018H1      24,416 rows     22.9s  mean pd 0.0052
  2018H2      24,543 rows     22.6s  mean pd 0.0055
  2019H1      24,752 rows     22.7s  mean pd 0.0051
  2019H2      24,861 rows     22.6s  mean pd 0.0041
  2020H1      24,880 rows     22.6s  mean pd 0.0033
  2020H2      24,919 rows     22.6s  mean pd 0.0027
  2021H1      24,909 rows     22.6s  mean pd 0.0032
  2021H2      24,929 rows     22.6s  mean pd 0.0039
  2022H1      24,889 rows     22.7s  mean pd 0.0051
  2022H2      24,859 rows     22.6s  mean pd 0.0056
  2023H1      24,882 rows     22.7s  mean pd 0.0058
  2023H2      24,866 rows     22.7s  mean pd 0.0056
  repeat 2005H1: largest disagreement 0.00e+00, 0 rows differ
tabpfn/20260912: context 50,000 rows read in 0.8s
  reference   50,000 rows     36.2s  mean pd 0.0076
  2005H1      24,233 rows     22.6s  mean pd 0.0072
  2005H2      24,082 rows     22.4s  mean pd 0.0070
  2006H1      23,280 rows     22.4s  mean pd 0.0090
  2006H2      23,898 rows     22.5s  mean pd 0.0096
  2007H1      23,169 rows     22.4s  mean pd 0.0102
  2007H2      24,367 rows     22.7s  mean pd 0.0113
  2008H1      24,660 rows     22.7s  mean pd 0.0066
  2008H2      24,746 rows     22.7s  mean pd 0.0051
  2009H1      24,844 rows     22.7s  mean pd 0.0023
  2009H2      24,709 rows     22.9s  mean pd 0.0034
  2010H1      24,843 rows     22.8s  mean pd 0.0038
  2010H2      24,683 rows     22.9s  mean pd 0.0031
  2011H1      24,614 rows     22.9s  mean pd 0.0043
  2011H2      24,646 rows     22.8s  mean pd 0.0032
  2012H1      24,306 rows     22.7s  mean pd 0.0052
  2012H2      24,538 rows     22.7s  mean pd 0.0048
  2013H1      24,341 rows     22.7s  mean pd 0.0054
  2013H2      23,974 rows     22.5s  mean pd 0.0064
  2014H1      24,341 rows     22.7s  mean pd 0.0057
  2014H2      24,213 rows     22.8s  mean pd 0.0050
  2015H1      24,159 rows     22.7s  mean pd 0.0041
  2015H2      24,159 rows     22.8s  mean pd 0.0047
  2016H1      24,632 rows     22.8s  mean pd 0.0044
  2016H2      24,760 rows     22.9s  mean pd 0.0037
  2017H1      24,541 rows     22.8s  mean pd 0.0049
  2017H2      24,680 rows     22.8s  mean pd 0.0048
  2018H1      24,416 rows     22.7s  mean pd 0.0050
  2018H2      24,543 rows     22.7s  mean pd 0.0053
  2019H1      24,752 rows     22.7s  mean pd 0.0050
  2019H2      24,861 rows     22.8s  mean pd 0.0040
  2020H1      24,880 rows     22.8s  mean pd 0.0032
  2020H2      24,919 rows     22.8s  mean pd 0.0026
  2021H1      24,909 rows     22.8s  mean pd 0.0031
  2021H2      24,929 rows     22.7s  mean pd 0.0038
  2022H1      24,889 rows     22.7s  mean pd 0.0052
  2022H2      24,859 rows     22.8s  mean pd 0.0057
  2023H1      24,882 rows     22.7s  mean pd 0.0060
  2023H2      24,866 rows     22.8s  mean pd 0.0057
  repeat 2005H1: largest disagreement 0.00e+00, 0 rows differ
tabpfn/20260913: context 50,000 rows read in 0.8s
  reference   50,000 rows     36.0s  mean pd 0.0085
  2005H1      24,233 rows     22.7s  mean pd 0.0076
  2005H2      24,082 rows     22.5s  mean pd 0.0073
  2006H1      23,280 rows     22.5s  mean pd 0.0092
  2006H2      23,898 rows     22.4s  mean pd 0.0098
  2007H1      23,169 rows     22.4s  mean pd 0.0104
  2007H2      24,367 rows     22.7s  mean pd 0.0119
  2008H1      24,660 rows     22.7s  mean pd 0.0070
  2008H2      24,746 rows     22.6s  mean pd 0.0055
  2009H1      24,844 rows     22.7s  mean pd 0.0024
  2009H2      24,709 rows     22.6s  mean pd 0.0036
  2010H1      24,843 rows     22.7s  mean pd 0.0040
  2010H2      24,683 rows     22.7s  mean pd 0.0033
  2011H1      24,614 rows     22.7s  mean pd 0.0046
  2011H2      24,646 rows     22.7s  mean pd 0.0035
  2012H1      24,306 rows     22.8s  mean pd 0.0058
  2012H2      24,538 rows     22.8s  mean pd 0.0055
  2013H1      24,341 rows     22.8s  mean pd 0.0063
  2013H2      23,974 rows     22.5s  mean pd 0.0073
  2014H1      24,341 rows     22.8s  mean pd 0.0064
  2014H2      24,213 rows     22.7s  mean pd 0.0055
  2015H1      24,159 rows     22.7s  mean pd 0.0045
  2015H2      24,159 rows     22.7s  mean pd 0.0051
  2016H1      24,632 rows     22.8s  mean pd 0.0048
  2016H2      24,760 rows     22.7s  mean pd 0.0041
  2017H1      24,541 rows     22.8s  mean pd 0.0053
  2017H2      24,680 rows     22.7s  mean pd 0.0051
  2018H1      24,416 rows     22.6s  mean pd 0.0053
  2018H2      24,543 rows     22.6s  mean pd 0.0057
  2019H1      24,752 rows     22.7s  mean pd 0.0053
  2019H2      24,861 rows     22.7s  mean pd 0.0042
  2020H1      24,880 rows     22.8s  mean pd 0.0034
  2020H2      24,919 rows     22.7s  mean pd 0.0028
  2021H1      24,909 rows     22.8s  mean pd 0.0032
  2021H2      24,929 rows     22.7s  mean pd 0.0040
  2022H1      24,889 rows     22.8s  mean pd 0.0053
  2022H2      24,859 rows     22.7s  mean pd 0.0059
  2023H1      24,882 rows     22.7s  mean pd 0.0062
  2023H2      24,866 rows     22.8s  mean pd 0.0059
  repeat 2005H1: largest disagreement 0.00e+00, 0 rows differ

scored rows           : 2,793,369
reference rows        : 150,000
wall                  : 2777s

### tabicl@2026-09-13-fm-2006h2r-bundle: /home/node/outoftime-node/.venv/bin/python score_context.py 2026-09-13-fm-2006h2r-bundle --out-dir 2026-09-13-fm-2006h2r-bundle-scored-tabicl --models tabicl --chunk 20000
tabicl/20260911: context 50,000 rows read in 1.9s
  reference   50,000 rows     19.1s  mean pd 0.0036
  2007H1      23,169 rows     11.6s  mean pd 0.0063
  2007H2      24,367 rows     11.7s  mean pd 0.0071
  2008H1      24,660 rows     11.8s  mean pd 0.0045
  2008H2      24,746 rows     11.8s  mean pd 0.0037
  2009H1      24,844 rows     11.8s  mean pd 0.0017
  2009H2      24,709 rows     11.7s  mean pd 0.0024
  2010H1      24,843 rows     11.8s  mean pd 0.0027
  2010H2      24,683 rows     11.7s  mean pd 0.0022
  2011H1      24,614 rows     11.7s  mean pd 0.0030
  2011H2      24,646 rows     11.7s  mean pd 0.0023
  2012H1      24,306 rows     11.7s  mean pd 0.0037
  2012H2      24,538 rows     11.7s  mean pd 0.0035
  2013H1      24,341 rows     11.7s  mean pd 0.0039
  2013H2      23,974 rows     11.7s  mean pd 0.0045
  2014H1      24,341 rows     11.7s  mean pd 0.0041
  2014H2      24,213 rows     11.7s  mean pd 0.0036
  2015H1      24,159 rows     11.7s  mean pd 0.0031
  2015H2      24,159 rows     11.8s  mean pd 0.0034
  2016H1      24,632 rows     11.7s  mean pd 0.0033
  2016H2      24,760 rows     11.8s  mean pd 0.0030
  2017H1      24,541 rows     11.7s  mean pd 0.0037
  2017H2      24,680 rows     11.8s  mean pd 0.0036
  2018H1      24,416 rows     11.7s  mean pd 0.0037
  2018H2      24,543 rows     11.7s  mean pd 0.0039
  2019H1      24,752 rows     11.8s  mean pd 0.0037
  2019H2      24,861 rows     11.8s  mean pd 0.0031
  2020H1      24,880 rows     11.8s  mean pd 0.0025
  2020H2      24,919 rows     11.8s  mean pd 0.0021
  2021H1      24,909 rows     11.8s  mean pd 0.0024
  2021H2      24,929 rows     11.8s  mean pd 0.0030
  2022H1      24,889 rows     11.8s  mean pd 0.0039
  2022H2      24,859 rows     11.8s  mean pd 0.0041
  2023H1      24,882 rows     11.8s  mean pd 0.0042
  2023H2      24,866 rows     11.8s  mean pd 0.0040
  repeat 2007H1: largest disagreement 0.00e+00, 0 rows differ
tabicl/20260912: context 50,000 rows read in 1.0s
  reference   50,000 rows     18.7s  mean pd 0.0033
  2007H1      23,169 rows     11.6s  mean pd 0.0062
  2007H2      24,367 rows     11.7s  mean pd 0.0067
  2008H1      24,660 rows     11.8s  mean pd 0.0039
  2008H2      24,746 rows     11.8s  mean pd 0.0033
  2009H1      24,844 rows     11.8s  mean pd 0.0014
  2009H2      24,709 rows     11.7s  mean pd 0.0021
  2010H1      24,843 rows     11.8s  mean pd 0.0023
  2010H2      24,683 rows     11.7s  mean pd 0.0018
  2011H1      24,614 rows     11.7s  mean pd 0.0025
  2011H2      24,646 rows     11.7s  mean pd 0.0019
  2012H1      24,306 rows     11.7s  mean pd 0.0031
  2012H2      24,538 rows     11.7s  mean pd 0.0030
  2013H1      24,341 rows     11.7s  mean pd 0.0033
  2013H2      23,974 rows     11.7s  mean pd 0.0038
  2014H1      24,341 rows     11.7s  mean pd 0.0035
  2014H2      24,213 rows     11.7s  mean pd 0.0032
  2015H1      24,159 rows     11.7s  mean pd 0.0026
  2015H2      24,159 rows     11.7s  mean pd 0.0030
  2016H1      24,632 rows     11.7s  mean pd 0.0028
  2016H2      24,760 rows     11.8s  mean pd 0.0025
  2017H1      24,541 rows     11.7s  mean pd 0.0032
  2017H2      24,680 rows     11.7s  mean pd 0.0032
  2018H1      24,416 rows     11.7s  mean pd 0.0033
  2018H2      24,543 rows     11.7s  mean pd 0.0035
  2019H1      24,752 rows     11.8s  mean pd 0.0033
  2019H2      24,861 rows     11.8s  mean pd 0.0027
  2020H1      24,880 rows     11.8s  mean pd 0.0021
  2020H2      24,919 rows     11.8s  mean pd 0.0017
  2021H1      24,909 rows     11.8s  mean pd 0.0021
  2021H2      24,929 rows     11.8s  mean pd 0.0026
  2022H1      24,889 rows     11.8s  mean pd 0.0034
  2022H2      24,859 rows     11.8s  mean pd 0.0038
  2023H1      24,882 rows     11.8s  mean pd 0.0039
  2023H2      24,866 rows     11.8s  mean pd 0.0038
  repeat 2007H1: largest disagreement 0.00e+00, 0 rows differ
tabicl/20260913: context 50,000 rows read in 0.9s
  reference   50,000 rows     18.7s  mean pd 0.0032
  2007H1      23,169 rows     11.6s  mean pd 0.0057
  2007H2      24,367 rows     11.7s  mean pd 0.0062
  2008H1      24,660 rows     11.8s  mean pd 0.0040
  2008H2      24,746 rows     11.8s  mean pd 0.0034
  2009H1      24,844 rows     11.8s  mean pd 0.0015
  2009H2      24,709 rows     11.8s  mean pd 0.0022
  2010H1      24,843 rows     11.8s  mean pd 0.0024
  2010H2      24,683 rows     11.7s  mean pd 0.0019
  2011H1      24,614 rows     11.7s  mean pd 0.0025
  2011H2      24,646 rows     11.7s  mean pd 0.0019
  2012H1      24,306 rows     11.7s  mean pd 0.0028
  2012H2      24,538 rows     11.7s  mean pd 0.0027
  2013H1      24,341 rows     11.7s  mean pd 0.0031
  2013H2      23,974 rows     11.7s  mean pd 0.0037
  2014H1      24,341 rows     11.7s  mean pd 0.0035
  2014H2      24,213 rows     11.7s  mean pd 0.0032
  2015H1      24,159 rows     11.7s  mean pd 0.0027
  2015H2      24,159 rows     11.7s  mean pd 0.0030
  2016H1      24,632 rows     11.7s  mean pd 0.0029
  2016H2      24,760 rows     11.7s  mean pd 0.0025
  2017H1      24,541 rows     11.7s  mean pd 0.0032
  2017H2      24,680 rows     11.8s  mean pd 0.0031
  2018H1      24,416 rows     11.7s  mean pd 0.0033
  2018H2      24,543 rows     11.7s  mean pd 0.0035
  2019H1      24,752 rows     11.8s  mean pd 0.0033
  2019H2      24,861 rows     11.8s  mean pd 0.0027
  2020H1      24,880 rows     11.8s  mean pd 0.0022
  2020H2      24,919 rows     11.8s  mean pd 0.0018
  2021H1      24,909 rows     11.8s  mean pd 0.0021
  2021H2      24,929 rows     11.8s  mean pd 0.0026
  2022H1      24,889 rows     11.8s  mean pd 0.0035
  2022H2      24,859 rows     11.8s  mean pd 0.0038
  2023H1      24,882 rows     11.8s  mean pd 0.0039
  2023H2      24,866 rows     11.8s  mean pd 0.0037
  repeat 2007H1: largest disagreement 0.00e+00, 0 rows differ

scored rows           : 2,506,890
reference rows        : 150,000
wall                  : 1306s

### tabpfn@2026-09-13-fm-2006h2r-bundle: /home/node/outoftime-node/.venv/bin/python score_context.py 2026-09-13-fm-2006h2r-bundle --out-dir 2026-09-13-fm-2006h2r-bundle-scored-tabpfn --models tabpfn --chunk 20000
tabpfn/20260911: context 50,000 rows read in 1.9s
  reference   50,000 rows     36.9s  mean pd 0.0038
  2007H1      23,169 rows     22.4s  mean pd 0.0066
  2007H2      24,367 rows     22.7s  mean pd 0.0076
  2008H1      24,660 rows     22.8s  mean pd 0.0047
  2008H2      24,746 rows     23.0s  mean pd 0.0037
  2009H1      24,844 rows     22.7s  mean pd 0.0017
  2009H2      24,709 rows     22.7s  mean pd 0.0023
  2010H1      24,843 rows     22.7s  mean pd 0.0026
  2010H2      24,683 rows     22.7s  mean pd 0.0021
  2011H1      24,614 rows     22.6s  mean pd 0.0030
  2011H2      24,646 rows     22.6s  mean pd 0.0023
  2012H1      24,306 rows     22.6s  mean pd 0.0039
  2012H2      24,538 rows     22.6s  mean pd 0.0039
  2013H1      24,341 rows     22.7s  mean pd 0.0044
  2013H2      23,974 rows     22.5s  mean pd 0.0050
  2014H1      24,341 rows     22.7s  mean pd 0.0044
  2014H2      24,213 rows     22.7s  mean pd 0.0038
  2015H1      24,159 rows     22.6s  mean pd 0.0031
  2015H2      24,159 rows     22.7s  mean pd 0.0035
  2016H1      24,632 rows     22.6s  mean pd 0.0034
  2016H2      24,760 rows     22.6s  mean pd 0.0030
  2017H1      24,541 rows     22.7s  mean pd 0.0038
  2017H2      24,680 rows     22.6s  mean pd 0.0037
  2018H1      24,416 rows     22.7s  mean pd 0.0038
  2018H2      24,543 rows     22.7s  mean pd 0.0040
  2019H1      24,752 rows     22.8s  mean pd 0.0037
  2019H2      24,861 rows     22.7s  mean pd 0.0031
  2020H1      24,880 rows     22.7s  mean pd 0.0025
  2020H2      24,919 rows     22.6s  mean pd 0.0021
  2021H1      24,909 rows     22.6s  mean pd 0.0024
  2021H2      24,929 rows     22.7s  mean pd 0.0031
  2022H1      24,889 rows     22.7s  mean pd 0.0039
  2022H2      24,859 rows     22.7s  mean pd 0.0041
  2023H1      24,882 rows     22.6s  mean pd 0.0040
  2023H2      24,866 rows     22.6s  mean pd 0.0039
  repeat 2007H1: largest disagreement 0.00e+00, 0 rows differ
tabpfn/20260912: context 50,000 rows read in 0.8s
  reference   50,000 rows     36.1s  mean pd 0.0036
  2007H1      23,169 rows     22.4s  mean pd 0.0063
  2007H2      24,367 rows     22.7s  mean pd 0.0069
  2008H1      24,660 rows     22.6s  mean pd 0.0042
  2008H2      24,746 rows     22.7s  mean pd 0.0034
  2009H1      24,844 rows     22.6s  mean pd 0.0014
  2009H2      24,709 rows     22.6s  mean pd 0.0021
  2010H1      24,843 rows     22.6s  mean pd 0.0023
  2010H2      24,683 rows     22.7s  mean pd 0.0018
  2011H1      24,614 rows     22.6s  mean pd 0.0025
  2011H2      24,646 rows     22.6s  mean pd 0.0019
  2012H1      24,306 rows     22.6s  mean pd 0.0029
  2012H2      24,538 rows     22.6s  mean pd 0.0028
  2013H1      24,341 rows     22.6s  mean pd 0.0032
  2013H2      23,974 rows     22.3s  mean pd 0.0038
  2014H1      24,341 rows     22.5s  mean pd 0.0036
  2014H2      24,213 rows     22.6s  mean pd 0.0032
  2015H1      24,159 rows     22.5s  mean pd 0.0027
  2015H2      24,159 rows     22.6s  mean pd 0.0031
  2016H1      24,632 rows     22.5s  mean pd 0.0030
  2016H2      24,760 rows     22.6s  mean pd 0.0026
  2017H1      24,541 rows     22.5s  mean pd 0.0034
  2017H2      24,680 rows     22.6s  mean pd 0.0034
  2018H1      24,416 rows     22.6s  mean pd 0.0036
  2018H2      24,543 rows     22.6s  mean pd 0.0038
  2019H1      24,752 rows     22.6s  mean pd 0.0035
  2019H2      24,861 rows     22.6s  mean pd 0.0028
  2020H1      24,880 rows     22.6s  mean pd 0.0022
  2020H2      24,919 rows     22.5s  mean pd 0.0018
  2021H1      24,909 rows     22.6s  mean pd 0.0022
  2021H2      24,929 rows     22.6s  mean pd 0.0028
  2022H1      24,889 rows     22.6s  mean pd 0.0036
  2022H2      24,859 rows     22.6s  mean pd 0.0040
  2023H1      24,882 rows     22.6s  mean pd 0.0041
  2023H2      24,866 rows     22.6s  mean pd 0.0039
  repeat 2007H1: largest disagreement 0.00e+00, 0 rows differ
tabpfn/20260913: context 50,000 rows read in 0.7s
  reference   50,000 rows     35.9s  mean pd 0.0036
  2007H1      23,169 rows     22.2s  mean pd 0.0061
  2007H2      24,367 rows     22.5s  mean pd 0.0068
  2008H1      24,660 rows     22.6s  mean pd 0.0044
  2008H2      24,746 rows     22.6s  mean pd 0.0037
  2009H1      24,844 rows     22.6s  mean pd 0.0016
  2009H2      24,709 rows     22.6s  mean pd 0.0022
  2010H1      24,843 rows     22.6s  mean pd 0.0024
  2010H2      24,683 rows     22.6s  mean pd 0.0019
  2011H1      24,614 rows     22.7s  mean pd 0.0025
  2011H2      24,646 rows     22.8s  mean pd 0.0019
  2012H1      24,306 rows     22.7s  mean pd 0.0028
  2012H2      24,538 rows     22.7s  mean pd 0.0028
  2013H1      24,341 rows     22.7s  mean pd 0.0032
  2013H2      23,974 rows     22.6s  mean pd 0.0039
  2014H1      24,341 rows     22.8s  mean pd 0.0037
  2014H2      24,213 rows     22.8s  mean pd 0.0034
  2015H1      24,159 rows     22.8s  mean pd 0.0029
  2015H2      24,159 rows     22.7s  mean pd 0.0033
  2016H1      24,632 rows     22.8s  mean pd 0.0032
  2016H2      24,760 rows     22.7s  mean pd 0.0028
  2017H1      24,541 rows     22.7s  mean pd 0.0036
  2017H2      24,680 rows     22.8s  mean pd 0.0036
  2018H1      24,416 rows     22.8s  mean pd 0.0037
  2018H2      24,543 rows     22.7s  mean pd 0.0040
  2019H1      24,752 rows     22.7s  mean pd 0.0037
  2019H2      24,861 rows     22.8s  mean pd 0.0030
  2020H1      24,880 rows     22.8s  mean pd 0.0024
  2020H2      24,919 rows     22.7s  mean pd 0.0020
  2021H1      24,909 rows     22.7s  mean pd 0.0023
  2021H2      24,929 rows     22.7s  mean pd 0.0029
  2022H1      24,889 rows     22.6s  mean pd 0.0038
  2022H2      24,859 rows     22.6s  mean pd 0.0041
  2023H1      24,882 rows     22.7s  mean pd 0.0042
  2023H2      24,866 rows     22.7s  mean pd 0.0040
  repeat 2007H1: largest disagreement 0.00e+00, 0 rows differ

scored rows           : 2,506,890
reference rows        : 150,000
wall                  : 2500s

### tabicl@2026-09-13-fm-2008h2r-bundle: /home/node/outoftime-node/.venv/bin/python score_context.py 2026-09-13-fm-2008h2r-bundle --out-dir 2026-09-13-fm-2008h2r-bundle-scored-tabicl --models tabicl --chunk 20000
tabicl/20260911: context 50,000 rows read in 1.8s
  reference   50,000 rows     19.1s  mean pd 0.0089
  2009H1      24,844 rows     11.7s  mean pd 0.0030
  2009H2      24,709 rows     11.7s  mean pd 0.0045
  2010H1      24,843 rows     11.8s  mean pd 0.0052
  2010H2      24,683 rows     11.8s  mean pd 0.0043
  2011H1      24,614 rows     11.7s  mean pd 0.0059
  2011H2      24,646 rows     11.7s  mean pd 0.0046
  2012H1      24,306 rows     11.7s  mean pd 0.0078
  2012H2      24,538 rows     11.7s  mean pd 0.0073
  2013H1      24,341 rows     11.7s  mean pd 0.0079
  2013H2      23,974 rows     11.7s  mean pd 0.0089
  2014H1      24,341 rows     11.7s  mean pd 0.0080
  2014H2      24,213 rows     11.7s  mean pd 0.0070
  2015H1      24,159 rows     11.7s  mean pd 0.0061
  2015H2      24,159 rows     11.7s  mean pd 0.0066
  2016H1      24,632 rows     11.7s  mean pd 0.0065
  2016H2      24,760 rows     11.7s  mean pd 0.0059
  2017H1      24,541 rows     11.7s  mean pd 0.0071
  2017H2      24,680 rows     11.8s  mean pd 0.0070
  2018H1      24,416 rows     11.7s  mean pd 0.0071
  2018H2      24,543 rows     11.7s  mean pd 0.0073
  2019H1      24,752 rows     11.8s  mean pd 0.0070
  2019H2      24,861 rows     11.8s  mean pd 0.0061
  2020H1      24,880 rows     11.8s  mean pd 0.0050
  2020H2      24,919 rows     11.8s  mean pd 0.0043
  2021H1      24,909 rows     11.8s  mean pd 0.0048
  2021H2      24,929 rows     11.8s  mean pd 0.0056
  2022H1      24,889 rows     11.8s  mean pd 0.0067
  2022H2      24,859 rows     11.8s  mean pd 0.0071
  2023H1      24,882 rows     11.8s  mean pd 0.0073
  2023H2      24,866 rows     11.8s  mean pd 0.0068
  repeat 2009H1: largest disagreement 0.00e+00, 0 rows differ
tabicl/20260912: context 50,000 rows read in 1.0s
  reference   50,000 rows     18.8s  mean pd 0.0089
  2009H1      24,844 rows     11.8s  mean pd 0.0032
  2009H2      24,709 rows     11.8s  mean pd 0.0046
  2010H1      24,843 rows     11.8s  mean pd 0.0052
  2010H2      24,683 rows     11.8s  mean pd 0.0043
  2011H1      24,614 rows     11.7s  mean pd 0.0058
  2011H2      24,646 rows     11.7s  mean pd 0.0046
  2012H1      24,306 rows     11.7s  mean pd 0.0073
  2012H2      24,538 rows     11.7s  mean pd 0.0070
  2013H1      24,341 rows     11.7s  mean pd 0.0076
  2013H2      23,974 rows     11.7s  mean pd 0.0086
  2014H1      24,341 rows     11.7s  mean pd 0.0079
  2014H2      24,213 rows     11.7s  mean pd 0.0070
  2015H1      24,159 rows     11.7s  mean pd 0.0062
  2015H2      24,159 rows     11.7s  mean pd 0.0067
  2016H1      24,632 rows     11.8s  mean pd 0.0067
  2016H2      24,760 rows     11.8s  mean pd 0.0062
  2017H1      24,541 rows     11.7s  mean pd 0.0072
  2017H2      24,680 rows     11.8s  mean pd 0.0072
  2018H1      24,416 rows     11.7s  mean pd 0.0071
  2018H2      24,543 rows     11.7s  mean pd 0.0073
  2019H1      24,752 rows     11.8s  mean pd 0.0070
  2019H2      24,861 rows     11.8s  mean pd 0.0063
  2020H1      24,880 rows     11.8s  mean pd 0.0052
  2020H2      24,919 rows     11.8s  mean pd 0.0046
  2021H1      24,909 rows     11.8s  mean pd 0.0050
  2021H2      24,929 rows     11.8s  mean pd 0.0059
  2022H1      24,889 rows     11.8s  mean pd 0.0067
  2022H2      24,859 rows     11.8s  mean pd 0.0070
  2023H1      24,882 rows     11.8s  mean pd 0.0069
  2023H2      24,866 rows     11.8s  mean pd 0.0065
  repeat 2009H1: largest disagreement 0.00e+00, 0 rows differ
tabicl/20260913: context 50,000 rows read in 0.9s
  reference   50,000 rows     18.8s  mean pd 0.0086
  2009H1      24,844 rows     11.8s  mean pd 0.0030
  2009H2      24,709 rows     11.8s  mean pd 0.0046
  2010H1      24,843 rows     11.8s  mean pd 0.0053
  2010H2      24,683 rows     11.8s  mean pd 0.0044
  2011H1      24,614 rows     11.7s  mean pd 0.0062
  2011H2      24,646 rows     11.7s  mean pd 0.0047
  2012H1      24,306 rows     11.7s  mean pd 0.0083
  2012H2      24,538 rows     11.7s  mean pd 0.0078
  2013H1      24,341 rows     11.7s  mean pd 0.0084
  2013H2      23,974 rows     11.7s  mean pd 0.0090
  2014H1      24,341 rows     11.7s  mean pd 0.0078
  2014H2      24,213 rows     11.7s  mean pd 0.0068
  2015H1      24,159 rows     11.7s  mean pd 0.0057
  2015H2      24,159 rows     11.7s  mean pd 0.0063
  2016H1      24,632 rows     11.7s  mean pd 0.0061
  2016H2      24,760 rows     11.8s  mean pd 0.0055
  2017H1      24,541 rows     11.7s  mean pd 0.0066
  2017H2      24,680 rows     11.8s  mean pd 0.0065
  2018H1      24,416 rows     11.7s  mean pd 0.0065
  2018H2      24,543 rows     11.7s  mean pd 0.0066
  2019H1      24,752 rows     11.8s  mean pd 0.0064
  2019H2      24,861 rows     11.8s  mean pd 0.0056
  2020H1      24,880 rows     11.8s  mean pd 0.0047
  2020H2      24,919 rows     11.8s  mean pd 0.0039
  2021H1      24,909 rows     11.8s  mean pd 0.0045
  2021H2      24,929 rows     11.8s  mean pd 0.0053
  2022H1      24,889 rows     11.8s  mean pd 0.0063
  2022H2      24,859 rows     11.8s  mean pd 0.0063
  2023H1      24,882 rows     11.8s  mean pd 0.0065
  2023H2      24,866 rows     11.8s  mean pd 0.0061
  repeat 2009H1: largest disagreement 0.00e+00, 0 rows differ

scored rows           : 2,216,064
reference rows        : 150,000
wall                  : 1166s

### tabpfn@2026-09-13-fm-2008h2r-bundle: /home/node/outoftime-node/.venv/bin/python score_context.py 2026-09-13-fm-2008h2r-bundle --out-dir 2026-09-13-fm-2008h2r-bundle-scored-tabpfn --models tabpfn --chunk 20000
tabpfn/20260911: context 50,000 rows read in 1.9s
  reference   50,000 rows     36.6s  mean pd 0.0087
  2009H1      24,844 rows     22.7s  mean pd 0.0028
  2009H2      24,709 rows     22.7s  mean pd 0.0041
  2010H1      24,843 rows     22.7s  mean pd 0.0047
  2010H2      24,683 rows     22.7s  mean pd 0.0038
  2011H1      24,614 rows     22.6s  mean pd 0.0053
  2011H2      24,646 rows     22.6s  mean pd 0.0042
  2012H1      24,306 rows     22.7s  mean pd 0.0068
  2012H2      24,538 rows     22.7s  mean pd 0.0065
  2013H1      24,341 rows     22.6s  mean pd 0.0073
  2013H2      23,974 rows     22.4s  mean pd 0.0083
  2014H1      24,341 rows     22.6s  mean pd 0.0075
  2014H2      24,213 rows     22.6s  mean pd 0.0067
  2015H1      24,159 rows     22.6s  mean pd 0.0059
  2015H2      24,159 rows     22.6s  mean pd 0.0064
  2016H1      24,632 rows     22.6s  mean pd 0.0063
  2016H2      24,760 rows     22.6s  mean pd 0.0058
  2017H1      24,541 rows     22.5s  mean pd 0.0069
  2017H2      24,680 rows     22.6s  mean pd 0.0068
  2018H1      24,416 rows     22.6s  mean pd 0.0068
  2018H2      24,543 rows     22.7s  mean pd 0.0070
  2019H1      24,752 rows     22.6s  mean pd 0.0067
  2019H2      24,861 rows     22.7s  mean pd 0.0059
  2020H1      24,880 rows     22.7s  mean pd 0.0048
  2020H2      24,919 rows     22.7s  mean pd 0.0042
  2021H1      24,909 rows     22.7s  mean pd 0.0046
  2021H2      24,929 rows     22.7s  mean pd 0.0054
  2022H1      24,889 rows     22.7s  mean pd 0.0064
  2022H2      24,859 rows     22.7s  mean pd 0.0066
  2023H1      24,882 rows     22.7s  mean pd 0.0068
  2023H2      24,866 rows     22.7s  mean pd 0.0063
  repeat 2009H1: largest disagreement 0.00e+00, 0 rows differ
tabpfn/20260912: context 50,000 rows read in 0.8s
  reference   50,000 rows     36.2s  mean pd 0.0089
  2009H1      24,844 rows     22.6s  mean pd 0.0032
  2009H2      24,709 rows     22.7s  mean pd 0.0044
  2010H1      24,843 rows     22.8s  mean pd 0.0050
  2010H2      24,683 rows     22.8s  mean pd 0.0042
  2011H1      24,614 rows     22.8s  mean pd 0.0057
  2011H2      24,646 rows     22.8s  mean pd 0.0046
  2012H1      24,306 rows     22.8s  mean pd 0.0071
  2012H2      24,538 rows     22.9s  mean pd 0.0069
  2013H1      24,341 rows     22.9s  mean pd 0.0077
  2013H2      23,974 rows     22.6s  mean pd 0.0087
  2014H1      24,341 rows     22.8s  mean pd 0.0079
  2014H2      24,213 rows     22.8s  mean pd 0.0071
  2015H1      24,159 rows     22.7s  mean pd 0.0063
  2015H2      24,159 rows     22.8s  mean pd 0.0067
  2016H1      24,632 rows     22.7s  mean pd 0.0067
  2016H2      24,760 rows     22.8s  mean pd 0.0062
  2017H1      24,541 rows     22.7s  mean pd 0.0072
  2017H2      24,680 rows     22.8s  mean pd 0.0071
  2018H1      24,416 rows     22.8s  mean pd 0.0070
  2018H2      24,543 rows     22.8s  mean pd 0.0072
  2019H1      24,752 rows     22.7s  mean pd 0.0069
  2019H2      24,861 rows     22.8s  mean pd 0.0062
  2020H1      24,880 rows     22.8s  mean pd 0.0052
  2020H2      24,919 rows     22.7s  mean pd 0.0047
  2021H1      24,909 rows     22.7s  mean pd 0.0050
  2021H2      24,929 rows     22.7s  mean pd 0.0058
  2022H1      24,889 rows     22.7s  mean pd 0.0066
  2022H2      24,859 rows     22.6s  mean pd 0.0067
  2023H1      24,882 rows     22.7s  mean pd 0.0066
  2023H2      24,866 rows     22.6s  mean pd 0.0062
  repeat 2009H1: largest disagreement 0.00e+00, 0 rows differ
tabpfn/20260913: context 50,000 rows read in 0.7s
  reference   50,000 rows     36.0s  mean pd 0.0085
  2009H1      24,844 rows     22.6s  mean pd 0.0028
  2009H2      24,709 rows     22.7s  mean pd 0.0043
  2010H1      24,843 rows     22.6s  mean pd 0.0049
  2010H2      24,683 rows     22.6s  mean pd 0.0041
  2011H1      24,614 rows     22.6s  mean pd 0.0058
  2011H2      24,646 rows     22.6s  mean pd 0.0045
  2012H1      24,306 rows     22.7s  mean pd 0.0080
  2012H2      24,538 rows     22.8s  mean pd 0.0076
  2013H1      24,341 rows     22.8s  mean pd 0.0083
  2013H2      23,974 rows     22.5s  mean pd 0.0090
  2014H1      24,341 rows     22.8s  mean pd 0.0077
  2014H2      24,213 rows     22.8s  mean pd 0.0067
  2015H1      24,159 rows     22.8s  mean pd 0.0057
  2015H2      24,159 rows     22.8s  mean pd 0.0062
  2016H1      24,632 rows     22.8s  mean pd 0.0060
  2016H2      24,760 rows     22.9s  mean pd 0.0054
  2017H1      24,541 rows     22.8s  mean pd 0.0065
  2017H2      24,680 rows     22.7s  mean pd 0.0064
  2018H1      24,416 rows     22.7s  mean pd 0.0064
  2018H2      24,543 rows     22.7s  mean pd 0.0065
  2019H1      24,752 rows     22.8s  mean pd 0.0063
  2019H2      24,861 rows     22.7s  mean pd 0.0055
  2020H1      24,880 rows     22.8s  mean pd 0.0046
  2020H2      24,919 rows     22.7s  mean pd 0.0039
  2021H1      24,909 rows     22.8s  mean pd 0.0044
  2021H2      24,929 rows     22.8s  mean pd 0.0052
  2022H1      24,889 rows     22.8s  mean pd 0.0060
  2022H2      24,859 rows     22.7s  mean pd 0.0061
  2023H1      24,882 rows     22.8s  mean pd 0.0063
  2023H2      24,866 rows     22.8s  mean pd 0.0058
  repeat 2009H1: largest disagreement 0.00e+00, 0 rows differ

scored rows           : 2,216,064
reference rows        : 150,000
wall                  : 2235s

### tabicl@2026-09-13-fm-2010h2r-bundle: /home/node/outoftime-node/.venv/bin/python score_context.py 2026-09-13-fm-2010h2r-bundle --out-dir 2026-09-13-fm-2010h2r-bundle-scored-tabicl --models tabicl --chunk 20000
tabicl/20260911: context 50,000 rows read in 2.0s
  reference   50,000 rows     19.2s  mean pd 0.0387
  2011H1      24,614 rows     11.7s  mean pd 0.0215
  2011H2      24,646 rows     11.7s  mean pd 0.0175
  2012H1      24,306 rows     11.7s  mean pd 0.0258
  2012H2      24,538 rows     11.7s  mean pd 0.0265
  2013H1      24,341 rows     11.7s  mean pd 0.0291
  2013H2      23,974 rows     11.7s  mean pd 0.0329
  2014H1      24,341 rows     11.7s  mean pd 0.0323
  2014H2      24,213 rows     11.7s  mean pd 0.0313
  2015H1      24,159 rows     11.7s  mean pd 0.0297
  2015H2      24,159 rows     11.7s  mean pd 0.0306
  2016H1      24,632 rows     11.7s  mean pd 0.0317
  2016H2      24,760 rows     11.8s  mean pd 0.0318
  2017H1      24,541 rows     11.7s  mean pd 0.0345
  2017H2      24,680 rows     11.8s  mean pd 0.0339
  2018H1      24,416 rows     11.7s  mean pd 0.0320
  2018H2      24,543 rows     11.9s  mean pd 0.0318
  2019H1      24,752 rows     11.8s  mean pd 0.0320
  2019H2      24,861 rows     11.8s  mean pd 0.0314
  2020H1      24,880 rows     11.8s  mean pd 0.0265
  2020H2      24,919 rows     11.8s  mean pd 0.0236
  2021H1      24,909 rows     11.8s  mean pd 0.0243
  2021H2      24,929 rows     11.8s  mean pd 0.0276
  2022H1      24,889 rows     11.8s  mean pd 0.0289
  2022H2      24,859 rows     11.8s  mean pd 0.0284
  2023H1      24,882 rows     11.8s  mean pd 0.0273
  2023H2      24,866 rows     11.8s  mean pd 0.0240
  repeat 2011H1: largest disagreement 0.00e+00, 0 rows differ
tabicl/20260912: context 50,000 rows read in 0.9s
  reference   50,000 rows     18.8s  mean pd 0.0390
  2011H1      24,614 rows     11.7s  mean pd 0.0210
  2011H2      24,646 rows     11.7s  mean pd 0.0170
  2012H1      24,306 rows     11.7s  mean pd 0.0268
  2012H2      24,538 rows     11.7s  mean pd 0.0275
  2013H1      24,341 rows     11.7s  mean pd 0.0294
  2013H2      23,974 rows     11.7s  mean pd 0.0324
  2014H1      24,341 rows     11.7s  mean pd 0.0314
  2014H2      24,213 rows     11.7s  mean pd 0.0304
  2015H1      24,159 rows     11.7s  mean pd 0.0290
  2015H2      24,159 rows     11.7s  mean pd 0.0300
  2016H1      24,632 rows     11.7s  mean pd 0.0308
  2016H2      24,760 rows     11.8s  mean pd 0.0311
  2017H1      24,541 rows     11.7s  mean pd 0.0337
  2017H2      24,680 rows     11.8s  mean pd 0.0332
  2018H1      24,416 rows     11.7s  mean pd 0.0313
  2018H2      24,543 rows     11.7s  mean pd 0.0309
  2019H1      24,752 rows     11.8s  mean pd 0.0311
  2019H2      24,861 rows     11.8s  mean pd 0.0305
  2020H1      24,880 rows     11.8s  mean pd 0.0259
  2020H2      24,919 rows     11.8s  mean pd 0.0230
  2021H1      24,909 rows     11.8s  mean pd 0.0240
  2021H2      24,929 rows     11.8s  mean pd 0.0273
  2022H1      24,889 rows     11.9s  mean pd 0.0285
  2022H2      24,859 rows     11.8s  mean pd 0.0272
  2023H1      24,882 rows     11.8s  mean pd 0.0262
  2023H2      24,866 rows     11.8s  mean pd 0.0231
  repeat 2011H1: largest disagreement 0.00e+00, 0 rows differ
tabicl/20260913: context 50,000 rows read in 0.9s
  reference   50,000 rows     18.8s  mean pd 0.0446
  2011H1      24,614 rows     11.7s  mean pd 0.0254
  2011H2      24,646 rows     11.7s  mean pd 0.0209
  2012H1      24,306 rows     11.7s  mean pd 0.0316
  2012H2      24,538 rows     11.7s  mean pd 0.0321
  2013H1      24,341 rows     11.7s  mean pd 0.0347
  2013H2      23,974 rows     11.7s  mean pd 0.0379
  2014H1      24,341 rows     11.7s  mean pd 0.0362
  2014H2      24,213 rows     11.7s  mean pd 0.0348
  2015H1      24,159 rows     11.7s  mean pd 0.0335
  2015H2      24,159 rows     11.7s  mean pd 0.0340
  2016H1      24,632 rows     11.7s  mean pd 0.0353
  2016H2      24,760 rows     11.8s  mean pd 0.0355
  2017H1      24,541 rows     11.7s  mean pd 0.0380
  2017H2      24,680 rows     11.8s  mean pd 0.0374
  2018H1      24,416 rows     11.7s  mean pd 0.0352
  2018H2      24,543 rows     11.7s  mean pd 0.0342
  2019H1      24,752 rows     11.8s  mean pd 0.0348
  2019H2      24,861 rows     11.8s  mean pd 0.0348
  2020H1      24,880 rows     11.8s  mean pd 0.0305
  2020H2      24,919 rows     11.8s  mean pd 0.0273
  2021H1      24,909 rows     11.8s  mean pd 0.0285
  2021H2      24,929 rows     11.8s  mean pd 0.0321
  2022H1      24,889 rows     11.8s  mean pd 0.0326
  2022H2      24,859 rows     11.8s  mean pd 0.0298
  2023H1      24,882 rows     11.8s  mean pd 0.0279
  2023H2      24,866 rows     11.8s  mean pd 0.0248
  repeat 2011H1: largest disagreement 0.00e+00, 0 rows differ

scored rows           : 1,918,827
reference rows        : 150,000
wall                  : 1024s

### tabpfn@2026-09-13-fm-2010h2r-bundle: /home/node/outoftime-node/.venv/bin/python score_context.py 2026-09-13-fm-2010h2r-bundle --out-dir 2026-09-13-fm-2010h2r-bundle-scored-tabpfn --models tabpfn --chunk 20000
tabpfn/20260911: context 50,000 rows read in 1.9s
  reference   50,000 rows     36.5s  mean pd 0.0371
  2011H1      24,614 rows     22.6s  mean pd 0.0202
  2011H2      24,646 rows     22.6s  mean pd 0.0163
  2012H1      24,306 rows     22.6s  mean pd 0.0252
  2012H2      24,538 rows     22.7s  mean pd 0.0257
  2013H1      24,341 rows     22.6s  mean pd 0.0279
  2013H2      23,974 rows     22.3s  mean pd 0.0312
  2014H1      24,341 rows     22.6s  mean pd 0.0307
  2014H2      24,213 rows     22.6s  mean pd 0.0295
  2015H1      24,159 rows     22.5s  mean pd 0.0282
  2015H2      24,159 rows     22.7s  mean pd 0.0292
  2016H1      24,632 rows     22.6s  mean pd 0.0302
  2016H2      24,760 rows     22.6s  mean pd 0.0306
  2017H1      24,541 rows     22.7s  mean pd 0.0336
  2017H2      24,680 rows     22.7s  mean pd 0.0329
  2018H1      24,416 rows     22.6s  mean pd 0.0313
  2018H2      24,543 rows     22.7s  mean pd 0.0312
  2019H1      24,752 rows     22.6s  mean pd 0.0314
  2019H2      24,861 rows     22.7s  mean pd 0.0303
  2020H1      24,880 rows     22.7s  mean pd 0.0251
  2020H2      24,919 rows     22.6s  mean pd 0.0223
  2021H1      24,909 rows     22.6s  mean pd 0.0230
  2021H2      24,929 rows     22.7s  mean pd 0.0261
  2022H1      24,889 rows     22.7s  mean pd 0.0274
  2022H2      24,859 rows     22.7s  mean pd 0.0271
  2023H1      24,882 rows     22.7s  mean pd 0.0267
  2023H2      24,866 rows     22.6s  mean pd 0.0235
  repeat 2011H1: largest disagreement 0.00e+00, 0 rows differ
tabpfn/20260912: context 50,000 rows read in 0.8s
  reference   50,000 rows     36.1s  mean pd 0.0354
  2011H1      24,614 rows     22.6s  mean pd 0.0207
  2011H2      24,646 rows     22.7s  mean pd 0.0167
  2012H1      24,306 rows     22.7s  mean pd 0.0279
  2012H2      24,538 rows     22.7s  mean pd 0.0277
  2013H1      24,341 rows     22.7s  mean pd 0.0292
  2013H2      23,974 rows     22.4s  mean pd 0.0317
  2014H1      24,341 rows     22.7s  mean pd 0.0303
  2014H2      24,213 rows     22.7s  mean pd 0.0289
  2015H1      24,159 rows     22.7s  mean pd 0.0276
  2015H2      24,159 rows     22.7s  mean pd 0.0285
  2016H1      24,632 rows     22.7s  mean pd 0.0293
  2016H2      24,760 rows     22.7s  mean pd 0.0298
  2017H1      24,541 rows     22.7s  mean pd 0.0327
  2017H2      24,680 rows     22.7s  mean pd 0.0321
  2018H1      24,416 rows     22.7s  mean pd 0.0303
  2018H2      24,543 rows     22.7s  mean pd 0.0301
  2019H1      24,752 rows     22.7s  mean pd 0.0303
  2019H2      24,861 rows     22.8s  mean pd 0.0292
  2020H1      24,880 rows     22.7s  mean pd 0.0244
  2020H2      24,919 rows     22.7s  mean pd 0.0220
  2021H1      24,909 rows     22.7s  mean pd 0.0224
  2021H2      24,929 rows     22.8s  mean pd 0.0254
  2022H1      24,889 rows     22.7s  mean pd 0.0263
  2022H2      24,859 rows     22.7s  mean pd 0.0260
  2023H1      24,882 rows     22.7s  mean pd 0.0257
  2023H2      24,866 rows     22.8s  mean pd 0.0225
  repeat 2011H1: largest disagreement 0.00e+00, 0 rows differ
tabpfn/20260913: context 50,000 rows read in 0.7s
  reference   50,000 rows     36.1s  mean pd 0.0346
  2011H1      24,614 rows     22.6s  mean pd 0.0235
  2011H2      24,646 rows     22.7s  mean pd 0.0191
  2012H1      24,306 rows     22.6s  mean pd 0.0337
  2012H2      24,538 rows     22.6s  mean pd 0.0327
  2013H1      24,341 rows     22.6s  mean pd 0.0340
  2013H2      23,974 rows     22.4s  mean pd 0.0354
  2014H1      24,341 rows     22.6s  mean pd 0.0324
  2014H2      24,213 rows     22.6s  mean pd 0.0299
  2015H1      24,159 rows     22.7s  mean pd 0.0285
  2015H2      24,159 rows     22.6s  mean pd 0.0290
  2016H1      24,632 rows     22.6s  mean pd 0.0298
  2016H2      24,760 rows     22.6s  mean pd 0.0298
  2017H1      24,541 rows     22.6s  mean pd 0.0327
  2017H2      24,680 rows     22.7s  mean pd 0.0318
  2018H1      24,416 rows     22.8s  mean pd 0.0302
  2018H2      24,543 rows     22.8s  mean pd 0.0297
  2019H1      24,752 rows     22.7s  mean pd 0.0300
  2019H2      24,861 rows     22.7s  mean pd 0.0291
  2020H1      24,880 rows     22.7s  mean pd 0.0247
  2020H2      24,919 rows     22.7s  mean pd 0.0224
  2021H1      24,909 rows     22.6s  mean pd 0.0224
  2021H2      24,929 rows     22.6s  mean pd 0.0248
  2022H1      24,889 rows     22.7s  mean pd 0.0254
  2022H2      24,859 rows     22.6s  mean pd 0.0254
  2023H1      24,882 rows     22.6s  mean pd 0.0251
  2023H2      24,866 rows     22.6s  mean pd 0.0221
  repeat 2011H1: largest disagreement 0.00e+00, 0 rows differ

scored rows           : 1,918,827
reference rows        : 150,000
wall                  : 1958s

### tabicl@2026-09-13-fm-2012h2r-bundle: /home/node/outoftime-node/.venv/bin/python score_context.py 2026-09-13-fm-2012h2r-bundle --out-dir 2026-09-13-fm-2012h2r-bundle-scored-tabicl --models tabicl --chunk 20000
tabicl/20260911: context 50,000 rows read in 1.9s
  reference   50,000 rows     19.0s  mean pd 0.0064
  2013H1      24,341 rows     11.6s  mean pd 0.0110
  2013H2      23,974 rows     11.5s  mean pd 0.0121
  2014H1      24,341 rows     11.6s  mean pd 0.0108
  2014H2      24,213 rows     11.6s  mean pd 0.0097
  2015H1      24,159 rows     11.6s  mean pd 0.0085
  2015H2      24,159 rows     11.6s  mean pd 0.0095
  2016H1      24,632 rows     11.6s  mean pd 0.0095
  2016H2      24,760 rows     11.6s  mean pd 0.0090
  2017H1      24,541 rows     11.6s  mean pd 0.0107
  2017H2      24,680 rows     11.6s  mean pd 0.0105
  2018H1      24,416 rows     11.6s  mean pd 0.0100
  2018H2      24,543 rows     11.6s  mean pd 0.0102
  2019H1      24,752 rows     11.6s  mean pd 0.0097
  2019H2      24,861 rows     11.6s  mean pd 0.0087
  2020H1      24,880 rows     11.6s  mean pd 0.0070
  2020H2      24,919 rows     11.6s  mean pd 0.0059
  2021H1      24,909 rows     11.6s  mean pd 0.0070
  2021H2      24,929 rows     11.6s  mean pd 0.0090
  2022H1      24,889 rows     11.6s  mean pd 0.0101
  2022H2      24,859 rows     11.6s  mean pd 0.0092
  2023H1      24,882 rows     11.6s  mean pd 0.0083
  2023H2      24,866 rows     11.6s  mean pd 0.0077
  repeat 2013H1: largest disagreement 0.00e+00, 0 rows differ
tabicl/20260912: context 50,000 rows read in 0.9s
  reference   50,000 rows     18.6s  mean pd 0.0071
  2013H1      24,341 rows     11.6s  mean pd 0.0110
  2013H2      23,974 rows     11.5s  mean pd 0.0120
  2014H1      24,341 rows     11.6s  mean pd 0.0109
  2014H2      24,213 rows     11.5s  mean pd 0.0099
  2015H1      24,159 rows     11.5s  mean pd 0.0087
  2015H2      24,159 rows     11.6s  mean pd 0.0097
  2016H1      24,632 rows     11.6s  mean pd 0.0096
  2016H2      24,760 rows     11.6s  mean pd 0.0089
  2017H1      24,541 rows     11.6s  mean pd 0.0107
  2017H2      24,680 rows     11.6s  mean pd 0.0105
  2018H1      24,416 rows     11.6s  mean pd 0.0100
  2018H2      24,543 rows     11.6s  mean pd 0.0102
  2019H1      24,752 rows     11.6s  mean pd 0.0098
  2019H2      24,861 rows     11.6s  mean pd 0.0088
  2020H1      24,880 rows     11.6s  mean pd 0.0072
  2020H2      24,919 rows     11.6s  mean pd 0.0060
  2021H1      24,909 rows     11.6s  mean pd 0.0072
  2021H2      24,929 rows     11.6s  mean pd 0.0093
  2022H1      24,889 rows     11.6s  mean pd 0.0108
  2022H2      24,859 rows     11.6s  mean pd 0.0094
  2023H1      24,882 rows     11.6s  mean pd 0.0084
  2023H2      24,866 rows     11.6s  mean pd 0.0079
  repeat 2013H1: largest disagreement 0.00e+00, 0 rows differ
tabicl/20260913: context 50,000 rows read in 0.9s
  reference   50,000 rows     18.6s  mean pd 0.0063
  2013H1      24,341 rows     11.6s  mean pd 0.0110
  2013H2      23,974 rows     11.5s  mean pd 0.0119
  2014H1      24,341 rows     11.5s  mean pd 0.0106
  2014H2      24,213 rows     11.5s  mean pd 0.0094
  2015H1      24,159 rows     11.5s  mean pd 0.0082
  2015H2      24,159 rows     11.6s  mean pd 0.0093
  2016H1      24,632 rows     11.6s  mean pd 0.0092
  2016H2      24,760 rows     11.6s  mean pd 0.0086
  2017H1      24,541 rows     11.6s  mean pd 0.0103
  2017H2      24,680 rows     11.6s  mean pd 0.0101
  2018H1      24,416 rows     11.6s  mean pd 0.0097
  2018H2      24,543 rows     11.6s  mean pd 0.0099
  2019H1      24,752 rows     11.6s  mean pd 0.0094
  2019H2      24,861 rows     11.6s  mean pd 0.0083
  2020H1      24,880 rows     11.6s  mean pd 0.0067
  2020H2      24,919 rows     11.6s  mean pd 0.0056
  2021H1      24,909 rows     11.6s  mean pd 0.0067
  2021H2      24,929 rows     11.6s  mean pd 0.0087
  2022H1      24,889 rows     11.6s  mean pd 0.0098
  2022H2      24,859 rows     11.6s  mean pd 0.0088
  2023H1      24,882 rows     11.6s  mean pd 0.0082
  2023H2      24,866 rows     11.6s  mean pd 0.0077
  repeat 2013H1: largest disagreement 0.00e+00, 0 rows differ

scored rows           : 1,624,515
reference rows        : 150,000
wall                  : 869s

### tabpfn@2026-09-13-fm-2012h2r-bundle: /home/node/outoftime-node/.venv/bin/python score_context.py 2026-09-13-fm-2012h2r-bundle --out-dir 2026-09-13-fm-2012h2r-bundle-scored-tabpfn --models tabpfn --chunk 20000
tabpfn/20260911: context 50,000 rows read in 2.3s
  reference   50,000 rows     37.0s  mean pd 0.0065
  2013H1      24,341 rows     22.5s  mean pd 0.0106
  2013H2      23,974 rows     22.3s  mean pd 0.0116
  2014H1      24,341 rows     22.6s  mean pd 0.0104
  2014H2      24,213 rows     22.6s  mean pd 0.0094
  2015H1      24,159 rows     22.5s  mean pd 0.0083
  2015H2      24,159 rows     22.5s  mean pd 0.0092
  2016H1      24,632 rows     22.5s  mean pd 0.0092
  2016H2      24,760 rows     22.5s  mean pd 0.0086
  2017H1      24,541 rows     22.6s  mean pd 0.0103
  2017H2      24,680 rows     22.6s  mean pd 0.0101
  2018H1      24,416 rows     22.6s  mean pd 0.0096
  2018H2      24,543 rows     22.6s  mean pd 0.0098
  2019H1      24,752 rows     22.6s  mean pd 0.0093
  2019H2      24,861 rows     22.7s  mean pd 0.0084
  2020H1      24,880 rows     22.6s  mean pd 0.0068
  2020H2      24,919 rows     22.7s  mean pd 0.0057
  2021H1      24,909 rows     22.7s  mean pd 0.0067
  2021H2      24,929 rows     22.6s  mean pd 0.0087
  2022H1      24,889 rows     22.6s  mean pd 0.0098
  2022H2      24,859 rows     22.7s  mean pd 0.0087
  2023H1      24,882 rows     22.6s  mean pd 0.0075
  2023H2      24,866 rows     22.7s  mean pd 0.0070
  repeat 2013H1: largest disagreement 0.00e+00, 0 rows differ
tabpfn/20260912: context 50,000 rows read in 0.8s
  reference   50,000 rows     36.0s  mean pd 0.0062
  2013H1      24,341 rows     22.6s  mean pd 0.0099
  2013H2      23,974 rows     22.4s  mean pd 0.0107
  2014H1      24,341 rows     22.7s  mean pd 0.0094
  2014H2      24,213 rows     22.7s  mean pd 0.0084
  2015H1      24,159 rows     22.7s  mean pd 0.0074
  2015H2      24,159 rows     22.7s  mean pd 0.0082
  2016H1      24,632 rows     22.7s  mean pd 0.0081
  2016H2      24,760 rows     22.8s  mean pd 0.0074
  2017H1      24,541 rows     22.7s  mean pd 0.0091
  2017H2      24,680 rows     22.8s  mean pd 0.0088
  2018H1      24,416 rows     22.7s  mean pd 0.0085
  2018H2      24,543 rows     22.7s  mean pd 0.0087
  2019H1      24,752 rows     22.8s  mean pd 0.0083
  2019H2      24,861 rows     22.7s  mean pd 0.0073
  2020H1      24,880 rows     22.7s  mean pd 0.0061
  2020H2      24,919 rows     22.8s  mean pd 0.0050
  2021H1      24,909 rows     22.7s  mean pd 0.0060
  2021H2      24,929 rows     22.8s  mean pd 0.0077
  2022H1      24,889 rows     22.7s  mean pd 0.0091
  2022H2      24,859 rows     22.7s  mean pd 0.0078
  2023H1      24,882 rows     22.8s  mean pd 0.0070
  2023H2      24,866 rows     22.8s  mean pd 0.0067
  repeat 2013H1: largest disagreement 0.00e+00, 0 rows differ
tabpfn/20260913: context 50,000 rows read in 0.7s
  reference   50,000 rows     36.1s  mean pd 0.0062
  2013H1      24,341 rows     22.9s  mean pd 0.0104
  2013H2      23,974 rows     22.4s  mean pd 0.0113
  2014H1      24,341 rows     22.7s  mean pd 0.0101
  2014H2      24,213 rows     22.7s  mean pd 0.0090
  2015H1      24,159 rows     22.7s  mean pd 0.0079
  2015H2      24,159 rows     22.7s  mean pd 0.0089
  2016H1      24,632 rows     22.7s  mean pd 0.0088
  2016H2      24,760 rows     22.7s  mean pd 0.0082
  2017H1      24,541 rows     22.7s  mean pd 0.0099
  2017H2      24,680 rows     22.7s  mean pd 0.0097
  2018H1      24,416 rows     22.6s  mean pd 0.0093
  2018H2      24,543 rows     22.7s  mean pd 0.0096
  2019H1      24,752 rows     22.7s  mean pd 0.0090
  2019H2      24,861 rows     22.7s  mean pd 0.0079
  2020H1      24,880 rows     22.7s  mean pd 0.0064
  2020H2      24,919 rows     22.7s  mean pd 0.0054
  2021H1      24,909 rows     22.6s  mean pd 0.0064
  2021H2      24,929 rows     22.5s  mean pd 0.0084
  2022H1      24,889 rows     22.6s  mean pd 0.0095
  2022H2      24,859 rows     22.6s  mean pd 0.0084
  2023H1      24,882 rows     22.6s  mean pd 0.0076
  2023H2      24,866 rows     22.7s  mean pd 0.0072
  repeat 2013H1: largest disagreement 0.00e+00, 0 rows differ

scored rows           : 1,624,515
reference rows        : 150,000
wall                  : 1686s

### tabicl@2026-09-13-fm-2014h2r-bundle: /home/node/outoftime-node/.venv/bin/python score_context.py 2026-09-13-fm-2014h2r-bundle --out-dir 2026-09-13-fm-2014h2r-bundle-scored-tabicl --models tabicl --chunk 20000
tabicl/20260911: context 50,000 rows read in 1.9s
  reference   50,000 rows     19.0s  mean pd 0.0043
  2015H1      24,159 rows     11.6s  mean pd 0.0034
  2015H2      24,159 rows     11.6s  mean pd 0.0036
  2016H1      24,632 rows     11.6s  mean pd 0.0035
  2016H2      24,760 rows     11.6s  mean pd 0.0032
  2017H1      24,541 rows     11.6s  mean pd 0.0039
  2017H2      24,680 rows     11.6s  mean pd 0.0039
  2018H1      24,416 rows     11.6s  mean pd 0.0041
  2018H2      24,543 rows     11.6s  mean pd 0.0043
  2019H1      24,752 rows     11.6s  mean pd 0.0041
  2019H2      24,861 rows     11.6s  mean pd 0.0035
  2020H1      24,880 rows     11.6s  mean pd 0.0028
  2020H2      24,919 rows     11.6s  mean pd 0.0023
  2021H1      24,909 rows     11.6s  mean pd 0.0027
  2021H2      24,929 rows     11.6s  mean pd 0.0030
  2022H1      24,889 rows     11.6s  mean pd 0.0036
  2022H2      24,859 rows     11.6s  mean pd 0.0040
  2023H1      24,882 rows     11.6s  mean pd 0.0047
  2023H2      24,866 rows     11.6s  mean pd 0.0046
  repeat 2015H1: largest disagreement 0.00e+00, 0 rows differ
tabicl/20260912: context 50,000 rows read in 0.9s
  reference   50,000 rows     18.6s  mean pd 0.0044
  2015H1      24,159 rows     11.5s  mean pd 0.0031
  2015H2      24,159 rows     11.5s  mean pd 0.0032
  2016H1      24,632 rows     11.6s  mean pd 0.0030
  2016H2      24,760 rows     11.6s  mean pd 0.0026
  2017H1      24,541 rows     11.6s  mean pd 0.0032
  2017H2      24,680 rows     11.6s  mean pd 0.0030
  2018H1      24,416 rows     11.5s  mean pd 0.0030
  2018H2      24,543 rows     11.6s  mean pd 0.0030
  2019H1      24,752 rows     11.6s  mean pd 0.0030
  2019H2      24,861 rows     11.6s  mean pd 0.0027
  2020H1      24,880 rows     11.6s  mean pd 0.0023
  2020H2      24,919 rows     11.6s  mean pd 0.0020
  2021H1      24,909 rows     11.7s  mean pd 0.0023
  2021H2      24,929 rows     11.6s  mean pd 0.0024
  2022H1      24,889 rows     11.6s  mean pd 0.0027
  2022H2      24,859 rows     11.6s  mean pd 0.0027
  2023H1      24,882 rows     11.6s  mean pd 0.0031
  2023H2      24,866 rows     11.6s  mean pd 0.0031
  repeat 2015H1: largest disagreement 0.00e+00, 0 rows differ
tabicl/20260913: context 50,000 rows read in 0.9s
  reference   50,000 rows     18.6s  mean pd 0.0038
  2015H1      24,159 rows     11.5s  mean pd 0.0026
  2015H2      24,159 rows     11.6s  mean pd 0.0027
  2016H1      24,632 rows     11.6s  mean pd 0.0026
  2016H2      24,760 rows     11.6s  mean pd 0.0023
  2017H1      24,541 rows     11.6s  mean pd 0.0027
  2017H2      24,680 rows     11.6s  mean pd 0.0026
  2018H1      24,416 rows     11.6s  mean pd 0.0026
  2018H2      24,543 rows     11.6s  mean pd 0.0027
  2019H1      24,752 rows     11.6s  mean pd 0.0026
  2019H2      24,861 rows     11.6s  mean pd 0.0024
  2020H1      24,880 rows     11.6s  mean pd 0.0021
  2020H2      24,919 rows     11.6s  mean pd 0.0017
  2021H1      24,909 rows     11.6s  mean pd 0.0020
  2021H2      24,929 rows     11.6s  mean pd 0.0022
  2022H1      24,889 rows     11.6s  mean pd 0.0024
  2022H2      24,859 rows     11.6s  mean pd 0.0024
  2023H1      24,882 rows     11.6s  mean pd 0.0026
  2023H2      24,866 rows     11.6s  mean pd 0.0025
  repeat 2015H1: largest disagreement 0.00e+00, 0 rows differ

scored rows           : 1,333,908
reference rows        : 150,000
wall                  : 730s

### tabpfn@2026-09-13-fm-2014h2r-bundle: /home/node/outoftime-node/.venv/bin/python score_context.py 2026-09-13-fm-2014h2r-bundle --out-dir 2026-09-13-fm-2014h2r-bundle-scored-tabpfn --models tabpfn --chunk 20000
tabpfn/20260911: context 50,000 rows read in 1.9s
  reference   50,000 rows     36.8s  mean pd 0.0046
  2015H1      24,159 rows     22.8s  mean pd 0.0034
  2015H2      24,159 rows     22.8s  mean pd 0.0037
  2016H1      24,632 rows     22.8s  mean pd 0.0035
  2016H2      24,760 rows     22.8s  mean pd 0.0031
  2017H1      24,541 rows     22.8s  mean pd 0.0038
  2017H2      24,680 rows     22.8s  mean pd 0.0037
  2018H1      24,416 rows     22.8s  mean pd 0.0038
  2018H2      24,543 rows     22.9s  mean pd 0.0039
  2019H1      24,752 rows     22.8s  mean pd 0.0038
  2019H2      24,861 rows     22.7s  mean pd 0.0032
  2020H1      24,880 rows     22.7s  mean pd 0.0027
  2020H2      24,919 rows     22.7s  mean pd 0.0022
  2021H1      24,909 rows     22.8s  mean pd 0.0025
  2021H2      24,929 rows     22.8s  mean pd 0.0030
  2022H1      24,889 rows     22.7s  mean pd 0.0036
  2022H2      24,859 rows     22.8s  mean pd 0.0037
  2023H1      24,882 rows     22.8s  mean pd 0.0040
  2023H2      24,866 rows     22.7s  mean pd 0.0040
  repeat 2015H1: largest disagreement 0.00e+00, 0 rows differ
tabpfn/20260912: context 50,000 rows read in 0.8s
  reference   50,000 rows     36.1s  mean pd 0.0046
  2015H1      24,159 rows     22.8s  mean pd 0.0031
  2015H2      24,159 rows     22.8s  mean pd 0.0031
  2016H1      24,632 rows     22.8s  mean pd 0.0030
  2016H2      24,760 rows     22.8s  mean pd 0.0025
  2017H1      24,541 rows     22.7s  mean pd 0.0030
  2017H2      24,680 rows     22.9s  mean pd 0.0028
  2018H1      24,416 rows     22.7s  mean pd 0.0027
  2018H2      24,543 rows     22.7s  mean pd 0.0027
  2019H1      24,752 rows     22.8s  mean pd 0.0026
  2019H2      24,861 rows     22.8s  mean pd 0.0025
  2020H1      24,880 rows     22.8s  mean pd 0.0022
  2020H2      24,919 rows     22.8s  mean pd 0.0019
  2021H1      24,909 rows     22.8s  mean pd 0.0021
  2021H2      24,929 rows     22.8s  mean pd 0.0024
  2022H1      24,889 rows     22.8s  mean pd 0.0026
  2022H2      24,859 rows     22.8s  mean pd 0.0024
  2023H1      24,882 rows     22.7s  mean pd 0.0024
  2023H2      24,866 rows     22.7s  mean pd 0.0023
  repeat 2015H1: largest disagreement 0.00e+00, 0 rows differ
tabpfn/20260913: context 50,000 rows read in 0.7s
  reference   50,000 rows     36.2s  mean pd 0.0041
  2015H1      24,159 rows     22.8s  mean pd 0.0027
  2015H2      24,159 rows     22.7s  mean pd 0.0028
  2016H1      24,632 rows     22.8s  mean pd 0.0026
  2016H2      24,760 rows     22.7s  mean pd 0.0023
  2017H1      24,541 rows     22.7s  mean pd 0.0027
  2017H2      24,680 rows     22.8s  mean pd 0.0025
  2018H1      24,416 rows     22.8s  mean pd 0.0024
  2018H2      24,543 rows     22.7s  mean pd 0.0024
  2019H1      24,752 rows     22.8s  mean pd 0.0024
  2019H2      24,861 rows     22.7s  mean pd 0.0023
  2020H1      24,880 rows     22.8s  mean pd 0.0021
  2020H2      24,919 rows     22.9s  mean pd 0.0017
  2021H1      24,909 rows     22.8s  mean pd 0.0020
  2021H2      24,929 rows     22.8s  mean pd 0.0023
  2022H1      24,889 rows     22.8s  mean pd 0.0026
  2022H2      24,859 rows     22.7s  mean pd 0.0023
  2023H1      24,882 rows     22.7s  mean pd 0.0022
  2023H2      24,866 rows     22.8s  mean pd 0.0022
  repeat 2015H1: largest disagreement 0.00e+00, 0 rows differ

scored rows           : 1,333,908
reference rows        : 150,000
wall                  : 1419s

### tabicl@2026-09-13-fm-2016h2r-bundle: /home/node/outoftime-node/.venv/bin/python score_context.py 2026-09-13-fm-2016h2r-bundle --out-dir 2026-09-13-fm-2016h2r-bundle-scored-tabicl --models tabicl --chunk 20000
tabicl/20260911: context 50,000 rows read in 2.0s
  reference   50,000 rows     19.0s  mean pd 0.0028
  2017H1      24,541 rows     11.6s  mean pd 0.0025
  2017H2      24,680 rows     11.6s  mean pd 0.0025
  2018H1      24,416 rows     11.6s  mean pd 0.0025
  2018H2      24,543 rows     11.6s  mean pd 0.0026
  2019H1      24,752 rows     11.6s  mean pd 0.0025
  2019H2      24,861 rows     11.6s  mean pd 0.0021
  2020H1      24,880 rows     11.6s  mean pd 0.0018
  2020H2      24,919 rows     11.6s  mean pd 0.0015
  2021H1      24,909 rows     11.6s  mean pd 0.0018
  2021H2      24,929 rows     11.6s  mean pd 0.0022
  2022H1      24,889 rows     11.6s  mean pd 0.0026
  2022H2      24,859 rows     11.6s  mean pd 0.0025
  2023H1      24,882 rows     11.6s  mean pd 0.0025
  2023H2      24,866 rows     11.6s  mean pd 0.0024
  repeat 2017H1: largest disagreement 1.58e-04, 4,316 rows differ
tabicl/20260912: context 50,000 rows read in 0.9s
  reference   50,000 rows     18.6s  mean pd 0.0026
  2017H1      24,541 rows     11.6s  mean pd 0.0024
  2017H2      24,680 rows     11.6s  mean pd 0.0024
  2018H1      24,416 rows     11.6s  mean pd 0.0025
  2018H2      24,543 rows     11.6s  mean pd 0.0026
  2019H1      24,752 rows     11.6s  mean pd 0.0025
  2019H2      24,861 rows     11.6s  mean pd 0.0021
  2020H1      24,880 rows     11.6s  mean pd 0.0018
  2020H2      24,919 rows     11.6s  mean pd 0.0015
  2021H1      24,909 rows     11.6s  mean pd 0.0018
  2021H2      24,929 rows     11.6s  mean pd 0.0020
  2022H1      24,889 rows     11.6s  mean pd 0.0024
  2022H2      24,859 rows     11.6s  mean pd 0.0025
  2023H1      24,882 rows     11.6s  mean pd 0.0026
  2023H2      24,866 rows     11.6s  mean pd 0.0025
  repeat 2017H1: largest disagreement 1.71e-04, 4,348 rows differ
tabicl/20260913: context 50,000 rows read in 0.9s
  reference   50,000 rows     18.6s  mean pd 0.0030
  2017H1      24,541 rows     11.6s  mean pd 0.0026
  2017H2      24,680 rows     11.6s  mean pd 0.0025
  2018H1      24,416 rows     11.6s  mean pd 0.0025
  2018H2      24,543 rows     11.6s  mean pd 0.0025
  2019H1      24,752 rows     11.6s  mean pd 0.0024
  2019H2      24,861 rows     11.6s  mean pd 0.0022
  2020H1      24,880 rows     11.6s  mean pd 0.0019
  2020H2      24,919 rows     11.6s  mean pd 0.0017
  2021H1      24,909 rows     11.6s  mean pd 0.0019
  2021H2      24,929 rows     11.6s  mean pd 0.0022
  2022H1      24,889 rows     11.6s  mean pd 0.0025
  2022H2      24,859 rows     11.6s  mean pd 0.0024
  2023H1      24,882 rows     11.6s  mean pd 0.0024
  2023H2      24,866 rows     11.6s  mean pd 0.0023
  repeat 2017H1: largest disagreement 1.55e-04, 4,360 rows differ

scored rows           : 1,040,778
reference rows        : 150,000
wall                  : 591s

### tabpfn@2026-09-13-fm-2016h2r-bundle: /home/node/outoftime-node/.venv/bin/python score_context.py 2026-09-13-fm-2016h2r-bundle --out-dir 2026-09-13-fm-2016h2r-bundle-scored-tabpfn --models tabpfn --chunk 20000
tabpfn/20260911: context 50,000 rows read in 1.9s
  reference   50,000 rows     36.8s  mean pd 0.0030
  2017H1      24,541 rows     22.6s  mean pd 0.0024
  2017H2      24,680 rows     22.7s  mean pd 0.0023
  2018H1      24,416 rows     22.7s  mean pd 0.0023
  2018H2      24,543 rows     22.8s  mean pd 0.0023
  2019H1      24,752 rows     22.8s  mean pd 0.0022
  2019H2      24,861 rows     22.7s  mean pd 0.0020
  2020H1      24,880 rows     22.6s  mean pd 0.0017
  2020H2      24,919 rows     22.8s  mean pd 0.0015
  2021H1      24,909 rows     22.7s  mean pd 0.0018
  2021H2      24,929 rows     22.6s  mean pd 0.0021
  2022H1      24,889 rows     22.7s  mean pd 0.0024
  2022H2      24,859 rows     22.8s  mean pd 0.0023
  2023H1      24,882 rows     22.6s  mean pd 0.0021
  2023H2      24,866 rows     22.8s  mean pd 0.0020
  repeat 2017H1: largest disagreement 0.00e+00, 0 rows differ
tabpfn/20260912: context 50,000 rows read in 0.7s
  reference   50,000 rows     36.0s  mean pd 0.0029
  2017H1      24,541 rows     22.7s  mean pd 0.0024
  2017H2      24,680 rows     22.7s  mean pd 0.0023
  2018H1      24,416 rows     22.7s  mean pd 0.0023
  2018H2      24,543 rows     22.8s  mean pd 0.0023
  2019H1      24,752 rows     22.8s  mean pd 0.0022
  2019H2      24,861 rows     22.8s  mean pd 0.0020
  2020H1      24,880 rows     22.9s  mean pd 0.0017
  2020H2      24,919 rows     22.9s  mean pd 0.0015
  2021H1      24,909 rows     22.9s  mean pd 0.0017
  2021H2      24,929 rows     22.9s  mean pd 0.0021
  2022H1      24,889 rows     22.8s  mean pd 0.0024
  2022H2      24,859 rows     22.9s  mean pd 0.0022
  2023H1      24,882 rows     22.8s  mean pd 0.0021
  2023H2      24,866 rows     22.9s  mean pd 0.0020
  repeat 2017H1: largest disagreement 0.00e+00, 0 rows differ
tabpfn/20260913: context 50,000 rows read in 0.8s
  reference   50,000 rows     36.3s  mean pd 0.0032
  2017H1      24,541 rows     22.8s  mean pd 0.0025
  2017H2      24,680 rows     22.9s  mean pd 0.0025
  2018H1      24,416 rows     22.9s  mean pd 0.0024
  2018H2      24,543 rows     22.8s  mean pd 0.0024
  2019H1      24,752 rows     22.8s  mean pd 0.0023
  2019H2      24,861 rows     22.9s  mean pd 0.0021
  2020H1      24,880 rows     22.8s  mean pd 0.0019
  2020H2      24,919 rows     22.8s  mean pd 0.0016
  2021H1      24,909 rows     22.8s  mean pd 0.0019
  2021H2      24,929 rows     22.8s  mean pd 0.0022
  2022H1      24,889 rows     22.8s  mean pd 0.0025
  2022H2      24,859 rows     22.8s  mean pd 0.0023
  2023H1      24,882 rows     22.8s  mean pd 0.0021
  2023H2      24,866 rows     22.6s  mean pd 0.0020
  repeat 2017H1: largest disagreement 0.00e+00, 0 rows differ

scored rows           : 1,040,778
reference rows        : 150,000
wall                  : 1145s

### tabicl@2026-09-13-fm-2018h2r-bundle: /home/node/outoftime-node/.venv/bin/python score_context.py 2026-09-13-fm-2018h2r-bundle --out-dir 2026-09-13-fm-2018h2r-bundle-scored-tabicl --models tabicl --chunk 20000
tabicl/20260911: context 50,000 rows read in 2.0s
  reference   50,000 rows     19.0s  mean pd 0.0025
  2019H1      24,752 rows     11.6s  mean pd 0.0028
  2019H2      24,861 rows     11.6s  mean pd 0.0023
  2020H1      24,880 rows     11.6s  mean pd 0.0019
  2020H2      24,919 rows     11.6s  mean pd 0.0016
  2021H1      24,909 rows     11.6s  mean pd 0.0019
  2021H2      24,929 rows     11.6s  mean pd 0.0023
  2022H1      24,889 rows     11.6s  mean pd 0.0029
  2022H2      24,859 rows     11.6s  mean pd 0.0030
  2023H1      24,882 rows     11.6s  mean pd 0.0030
  2023H2      24,866 rows     11.6s  mean pd 0.0029
  repeat 2019H1: largest disagreement 6.62e-04, 4,695 rows differ
tabicl/20260912: context 50,000 rows read in 1.0s
  reference   50,000 rows     18.6s  mean pd 0.0029
  2019H1      24,752 rows     11.6s  mean pd 0.0033
  2019H2      24,861 rows     11.6s  mean pd 0.0027
  2020H1      24,880 rows     11.6s  mean pd 0.0022
  2020H2      24,919 rows     11.6s  mean pd 0.0018
  2021H1      24,909 rows     11.6s  mean pd 0.0022
  2021H2      24,929 rows     11.6s  mean pd 0.0028
  2022H1      24,889 rows     11.6s  mean pd 0.0035
  2022H2      24,859 rows     11.6s  mean pd 0.0035
  2023H1      24,882 rows     11.6s  mean pd 0.0035
  2023H2      24,866 rows     11.6s  mean pd 0.0034
  repeat 2019H1: largest disagreement 1.03e-03, 4,693 rows differ
tabicl/20260913: context 50,000 rows read in 0.9s
  reference   50,000 rows     18.6s  mean pd 0.0027
  2019H1      24,752 rows     11.6s  mean pd 0.0031
  2019H2      24,861 rows     11.6s  mean pd 0.0027
  2020H1      24,880 rows     11.6s  mean pd 0.0023
  2020H2      24,919 rows     11.6s  mean pd 0.0020
  2021H1      24,909 rows     11.6s  mean pd 0.0024
  2021H2      24,929 rows     11.6s  mean pd 0.0029
  2022H1      24,889 rows     11.6s  mean pd 0.0035
  2022H2      24,859 rows     11.6s  mean pd 0.0034
  2023H1      24,882 rows     11.6s  mean pd 0.0032
  2023H2      24,866 rows     11.6s  mean pd 0.0031
  repeat 2019H1: largest disagreement 2.62e-04, 4,648 rows differ

scored rows           : 746,238
reference rows        : 150,000
wall                  : 450s

### tabpfn@2026-09-13-fm-2018h2r-bundle: /home/node/outoftime-node/.venv/bin/python score_context.py 2026-09-13-fm-2018h2r-bundle --out-dir 2026-09-13-fm-2018h2r-bundle-scored-tabpfn --models tabpfn --chunk 20000
tabpfn/20260911: context 50,000 rows read in 2.3s
  reference   50,000 rows     37.0s  mean pd 0.0027
  2019H1      24,752 rows     22.9s  mean pd 0.0029
  2019H2      24,861 rows     22.9s  mean pd 0.0025
  2020H1      24,880 rows     22.8s  mean pd 0.0020
  2020H2      24,919 rows     22.9s  mean pd 0.0017
  2021H1      24,909 rows     22.8s  mean pd 0.0020
  2021H2      24,929 rows     22.8s  mean pd 0.0024
  2022H1      24,889 rows     22.7s  mean pd 0.0030
  2022H2      24,859 rows     22.7s  mean pd 0.0031
  2023H1      24,882 rows     22.7s  mean pd 0.0031
  2023H2      24,866 rows     22.8s  mean pd 0.0030
  repeat 2019H1: largest disagreement 0.00e+00, 0 rows differ
tabpfn/20260912: context 50,000 rows read in 0.8s
  reference   50,000 rows     36.1s  mean pd 0.0031
  2019H1      24,752 rows     22.8s  mean pd 0.0035
  2019H2      24,861 rows     22.8s  mean pd 0.0028
  2020H1      24,880 rows     22.8s  mean pd 0.0022
  2020H2      24,919 rows     22.9s  mean pd 0.0019
  2021H1      24,909 rows     22.8s  mean pd 0.0023
  2021H2      24,929 rows     23.0s  mean pd 0.0028
  2022H1      24,889 rows     22.9s  mean pd 0.0034
  2022H2      24,859 rows     22.8s  mean pd 0.0035
  2023H1      24,882 rows     22.9s  mean pd 0.0037
  2023H2      24,866 rows     22.9s  mean pd 0.0035
  repeat 2019H1: largest disagreement 0.00e+00, 0 rows differ
tabpfn/20260913: context 50,000 rows read in 0.8s
  reference   50,000 rows     36.4s  mean pd 0.0029
  2019H1      24,752 rows     22.9s  mean pd 0.0032
  2019H2      24,861 rows     22.9s  mean pd 0.0028
  2020H1      24,880 rows     22.8s  mean pd 0.0023
  2020H2      24,919 rows     22.9s  mean pd 0.0020
  2021H1      24,909 rows     22.9s  mean pd 0.0024
  2021H2      24,929 rows     22.9s  mean pd 0.0029
  2022H1      24,889 rows     22.9s  mean pd 0.0035
  2022H2      24,859 rows     22.9s  mean pd 0.0034
  2023H1      24,882 rows     22.9s  mean pd 0.0033
  2023H2      24,866 rows     22.9s  mean pd 0.0032
  repeat 2019H1: largest disagreement 0.00e+00, 0 rows differ

scored rows           : 746,238
reference rows        : 150,000
wall                  : 874s
