build_id,arm,model,context_seed,cohort,age_quarters,rows,defaults,metric,value,ci_lo,ci_hi,floor
2012H2-R,R,scorecard,,2013H1,1,24341,85,auc,0.8448328127425113,0.8072860119557557,0.882379613529267,False
2012H2-R,R,scorecard,,2013H1,1,24341,85,gini,0.6896656254850226,0.6145720239115113,0.7647592270585339,False
2012H2-R,R,scorecard,,2013H1,1,24341,85,ks,0.5749384021418593,,,False
2012H2-R,R,scorecard,,2013H1,1,24341,85,brier,0.004234951078095849,,,False
2012H2-R,R,scorecard,,2013H1,1,24341,85,brier_miscalibration,0.0007968552923507304,,,False
2012H2-R,R,scorecard,,2013H1,1,24341,85,brier_discrimination,4.176024776878992e-05,,,False
2012H2-R,R,scorecard,,2013H1,1,24341,85,brier_uncertainty,0.0034798560335139086,,,False
2012H2-R,R,scorecard,,2013H1,1,24341,85,observed_over_expected,0.2440540753951159,0.1950062902882705,0.3016519503716435,False
2012H2-R,R,scorecard,,2013H1,1,24341,85,log_oe,-1.4103654577713378,-1.6347234630500982,-1.1984814084386837,False
2012H2-R,R,scorecard,,2013H1,1,24341,85,cox_intercept,-2.065824450969536,-2.58305839336553,-1.548590508573542,False
2012H2-R,R,scorecard,,2013H1,1,24341,85,cox_slope,0.8144563468836062,0.6733278809558848,0.9555848128113277,False
2012H2-R,R,scorecard,,2013H1,1,24341,85,psi,0.03390246578729955,,,False
2012H2-R,R,scorecard,,2013H1,1,24341,85,psi_critical,0.0008657010192657553,,,False
2012H2-R,R,scorecard,,2013H2,3,23974,142,auc,0.828334875820887,0.7958073363331185,0.8608624153086556,True
2012H2-R,R,scorecard,,2013H2,3,23974,142,gini,0.6566697516417741,0.591614672666237,0.7217248306173112,True
2012H2-R,R,scorecard,,2013H2,3,23974,142,ks,0.5446080308639349,,,True
2012H2-R,R,scorecard,,2013H2,3,23974,142,brier,0.006386083015601498,,,True
2012H2-R,R,scorecard,,2013H2,3,23974,142,brier_miscalibration,0.0006033598103983634,,,True
2012H2-R,R,scorecard,,2013H2,3,23974,142,brier_discrimination,0.00010527721882620886,,,True
2012H2-R,R,scorecard,,2013H2,3,23974,142,brier_uncertainty,0.005888000424029344,,,True
2012H2-R,R,scorecard,,2013H2,3,23974,142,observed_over_expected,0.3685399736880968,0.3105569088594699,0.43415415819566483,True
2012H2-R,R,scorecard,,2013H2,3,23974,142,log_oe,-0.9982060964703973,-1.1693881130516286,-0.8343556047356423,True
2012H2-R,R,scorecard,,2013H2,3,23974,142,cox_intercept,-1.4935461938862733,-1.9244156425551293,-1.0626767452174173,True
2012H2-R,R,scorecard,,2013H2,3,23974,142,cox_slope,0.8612258139937874,0.7408525861526126,0.9815990418349622,True
2012H2-R,R,scorecard,,2013H2,3,23974,142,psi,0.13256516724319894,,,True
2012H2-R,R,scorecard,,2013H2,3,23974,142,psi_critical,0.0008763415003120926,,,True
2012H2-R,R,scorecard,,2014H1,5,24341,137,auc,0.8039682769452355,0.7704410656552942,0.8374954882351768,True
2012H2-R,R,scorecard,,2014H1,5,24341,137,gini,0.6079365538904711,0.5408821313105885,0.6749909764703537,True
2012H2-R,R,scorecard,,2014H1,5,24341,137,ks,0.4783169096740962,,,True
2012H2-R,R,scorecard,,2014H1,5,24341,137,brier,0.006086271176606345,,,True
2012H2-R,R,scorecard,,2014H1,5,24341,137,brier_miscalibration,0.0005606167212101948,,,True
2012H2-R,R,scorecard,,2014H1,5,24341,137,brier_discrimination,7.103073328651802e-05,,,True
2012H2-R,R,scorecard,,2014H1,5,24341,137,brier_uncertainty,0.005596685188682668,,,True
2012H2-R,R,scorecard,,2014H1,5,24341,137,observed_over_expected,0.3756094453362558,0.315485033747935,0.4438039270794602,True
2012H2-R,R,scorecard,,2014H1,5,24341,137,log_oe,-0.9792053846365933,-1.1536440347411239,-0.8123724197633069,True
2012H2-R,R,scorecard,,2014H1,5,24341,137,cox_intercept,-1.7249150354376093,-2.1908884669672686,-1.25894160390795,True
2012H2-R,R,scorecard,,2014H1,5,24341,137,cox_slope,0.7928496312193376,0.6704984587120455,0.9152008037266297,True
2012H2-R,R,scorecard,,2014H1,5,24341,137,psi,0.1485623361525762,,,True
2012H2-R,R,scorecard,,2014H1,5,24341,137,psi_critical,0.0008657010192657553,,,True
2012H2-R,R,scorecard,,2014H2,7,24213,99,auc,0.792491138472726,0.754185966553649,0.830796310391803,False
2012H2-R,R,scorecard,,2014H2,7,24213,99,gini,0.584982276945452,0.508371933107298,0.661592620783606,False
2012H2-R,R,scorecard,,2014H2,7,24213,99,ks,0.45312543197589233,,,False
2012H2-R,R,scorecard,,2014H2,7,24213,99,brier,0.004480549248313795,,,False
2012H2-R,R,scorecard,,2014H2,7,24213,99,brier_miscalibration,0.00044619539559671937,,,False
2012H2-R,R,scorecard,,2014H2,7,24213,99,brier_discrimination,3.764125095343483e-05,,,False
2012H2-R,R,scorecard,,2014H2,7,24213,99,brier_uncertainty,0.004071995103670511,,,False
2012H2-R,R,scorecard,,2014H2,7,24213,99,observed_over_expected,0.3091176111752508,0.2513266447966741,0.37617217282097576,False
2012H2-R,R,scorecard,,2014H2,7,24213,99,log_oe,-1.1740334558111785,-1.3810018122112264,-0.9777083339606372,False
2012H2-R,R,scorecard,,2014H2,7,24213,99,cox_intercept,-1.963574815523105,-2.5453114650545245,-1.3818381659916852,False
2012H2-R,R,scorecard,,2014H2,7,24213,99,cox_slope,0.7888836023154567,0.6414080431255229,0.9363591615053906,False
2012H2-R,R,scorecard,,2014H2,7,24213,99,psi,0.10630118823532314,,,False
2012H2-R,R,scorecard,,2014H2,7,24213,99,psi_critical,0.0008693755092405066,,,False
2012H2-R,R,scorecard,,2015H1,9,24159,83,auc,0.8166088510880204,0.7723433987178846,0.8608743034581562,False
2012H2-R,R,scorecard,,2015H1,9,24159,83,gini,0.6332177021760408,0.5446867974357692,0.7217486069163124,False
2012H2-R,R,scorecard,,2015H1,9,24159,83,ks,0.5007856646723128,,,False
2012H2-R,R,scorecard,,2015H1,9,24159,83,brier,0.0037257929841039497,,,False
2012H2-R,R,scorecard,,2015H1,9,24159,83,brier_miscalibration,0.00034702115879062115,,,False
2012H2-R,R,scorecard,,2015H1,9,24159,83,brier_discrimination,4.499767958555728e-05,,,False
2012H2-R,R,scorecard,,2015H1,9,24159,83,brier_uncertainty,0.003423769504898886,,,False
2012H2-R,R,scorecard,,2015H1,9,24159,83,observed_over_expected,0.2985834730862119,0.23789837103856742,0.36998667901502164,False
2012H2-R,R,scorecard,,2015H1,9,24159,83,log_oe,-1.2087057434121133,-1.4359117089494318,-0.994288276654082,False
2012H2-R,R,scorecard,,2015H1,9,24159,83,cox_intercept,-1.646660791608331,-2.2819658398156735,-1.0113557434009883,False
2012H2-R,R,scorecard,,2015H1,9,24159,83,cox_slope,0.8889568632811246,0.7261613764789955,1.0517523500832537,False
2012H2-R,R,scorecard,,2015H1,9,24159,83,psi,0.05145327639812334,,,False
2012H2-R,R,scorecard,,2015H1,9,24159,83,psi_critical,0.0008709373628282201,,,False
2012H2-R,R,scorecard,,2015H2,11,24159,130,auc,0.7942356511522937,0.7591252443054051,0.8293460579991823,True
2012H2-R,R,scorecard,,2015H2,11,24159,130,gini,0.5884713023045873,0.5182504886108101,0.6586921159983645,True
2012H2-R,R,scorecard,,2015H2,11,24159,130,ks,0.4653265125153261,,,True
2012H2-R,R,scorecard,,2015H2,11,24159,130,brier,0.005652346723185267,,,True
2012H2-R,R,scorecard,,2015H2,11,24159,130,brier_miscalibration,0.00036260128798611905,,,True
2012H2-R,R,scorecard,,2015H2,11,24159,130,brier_discrimination,6.23166424775631e-05,,,True
2012H2-R,R,scorecard,,2015H2,11,24159,130,brier_uncertainty,0.005352062077676711,,,True
2012H2-R,R,scorecard,,2015H2,11,24159,130,observed_over_expected,0.4093241885130691,0.3421338101261176,0.48579390994300614,True
2012H2-R,R,scorecard,,2015H2,11,24159,130,log_oe,-0.8932477999588354,-1.072553360762152,-0.7219707986330174,True
2012H2-R,R,scorecard,,2015H2,11,24159,130,cox_intercept,-1.6550236220449632,-2.17858767953492,-1.1314595645550063,True
2012H2-R,R,scorecard,,2015H2,11,24159,130,cox_slope,0.7963048047593652,0.6637389304829289,0.9288706790358014,True
2012H2-R,R,scorecard,,2015H2,11,24159,130,psi,0.10625895988156973,,,True
2012H2-R,R,scorecard,,2015H2,11,24159,130,psi_critical,0.0008709373628282201,,,True
2012H2-R,R,scorecard,,2016H1,13,24632,115,auc,0.8232855285861984,0.78791084186179,0.8586602153106069,True
2012H2-R,R,scorecard,,2016H1,13,24632,115,gini,0.6465710571723968,0.5758216837235799,0.7173204306212138,True
2012H2-R,R,scorecard,,2016H1,13,24632,115,ks,0.5295076530747964,,,True
2012H2-R,R,scorecard,,2016H1,13,24632,115,brier,0.004913180437439239,,,True
2012H2-R,R,scorecard,,2016H1,13,24632,115,brier_miscalibration,0.0003221878092504,,,True
2012H2-R,R,scorecard,,2016H1,13,24632,115,brier_discrimination,5.593400321219841e-05,,,True
2012H2-R,R,scorecard,,2016H1,13,24632,115,brier_uncertainty,0.004646926631401037,,,True
2012H2-R,R,scorecard,,2016H1,13,24632,115,observed_over_expected,0.36618551785686576,0.3024408123378118,0.43934451574120664,True
2012H2-R,R,scorecard,,2016H1,13,24632,115,log_oe,-1.0046151946103916,-1.1958696823486714,-0.8224713997830246,True
2012H2-R,R,scorecard,,2016H1,13,24632,115,cox_intercept,-1.3760716013028822,-1.9360752617853398,-0.8160679408204244,True
2012H2-R,R,scorecard,,2016H1,13,24632,115,cox_slope,0.9048288335290647,0.7580376292161566,1.0516200378419729,True
2012H2-R,R,scorecard,,2016H1,13,24632,115,psi,0.10592639876658007,,,True
2012H2-R,R,scorecard,,2016H1,13,24632,115,psi_critical,0.0008574893960800337,,,True
2012H2-R,R,scorecard,,2016H2,15,24760,121,auc,0.8078697717352621,0.7716128391689677,0.8441267043015565,True
2012H2-R,R,scorecard,,2016H2,15,24760,121,gini,0.6157395434705242,0.5432256783379354,0.6882534086031129,True
2012H2-R,R,scorecard,,2016H2,15,24760,121,ks,0.49154317266954656,,,True
2012H2-R,R,scorecard,,2016H2,15,24760,121,brier,0.005086191305822254,,,True
2012H2-R,R,scorecard,,2016H2,15,24760,121,brier_miscalibration,0.0002757467224569453,,,True
2012H2-R,R,scorecard,,2016H2,15,24760,121,brier_discrimination,5.258786252558285e-05,,,True
2012H2-R,R,scorecard,,2016H2,15,24760,121,brier_uncertainty,0.004863032445890892,,,True
2012H2-R,R,scorecard,,2016H2,15,24760,121,observed_over_expected,0.4094001674631984,0.3398440468039226,0.48894782613221033,True
2012H2-R,R,scorecard,,2016H2,15,24760,121,log_oe,-0.8930621967096031,-1.079268452471289,-0.715499490225739,True
2012H2-R,R,scorecard,,2016H2,15,24760,121,cox_intercept,-1.5111459622558283,-2.0700461707863296,-0.9522457537253269,True
2012H2-R,R,scorecard,,2016H2,15,24760,121,cox_slope,0.838632189937864,0.6979569937017105,0.9793073861740176,True
2012H2-R,R,scorecard,,2016H2,15,24760,121,psi,0.06657478517264562,,,True
2012H2-R,R,scorecard,,2016H2,15,24760,121,psi_critical,0.0008539385342871871,,,True
2012H2-R,R,scorecard,,2017H1,17,24541,162,auc,0.7807456984583474,0.7502414674325142,0.8112499294841806,True
2012H2-R,R,scorecard,,2017H1,17,24541,162,gini,0.5614913969166948,0.5004829348650284,0.6224998589683612,True
2012H2-R,R,scorecard,,2017H1,17,24541,162,ks,0.4184501030283603,,,True
2012H2-R,R,scorecard,,2017H1,17,24541,162,brier,0.006827302995933544,,,True
2012H2-R,R,scorecard,,2017H1,17,24541,162,brier_miscalibration,0.0003422845556839997,,,True
2012H2-R,R,scorecard,,2017H1,17,24541,162,brier_discrimination,7.260373997045218e-05,,,True
2012H2-R,R,scorecard,,2017H1,17,24541,162,brier_uncertainty,0.006557622180219997,,,True
2012H2-R,R,scorecard,,2017H1,17,24541,162,observed_over_expected,0.4569100680654499,0.3894417147038759,0.53264578911927,True
2012H2-R,R,scorecard,,2017H1,17,24541,162,log_oe,-0.7832686950561075,-0.9430410661938082,-0.6298986364865089,True
2012H2-R,R,scorecard,,2017H1,17,24541,162,cox_intercept,-1.6007786630086684,-2.0941153616810313,-1.1074419643363056,True
2012H2-R,R,scorecard,,2017H1,17,24541,162,cox_slope,0.7790751024517644,0.6531310971851043,0.9050191077184244,True
2012H2-R,R,scorecard,,2017H1,17,24541,162,psi,0.20063196284288576,,,True
2012H2-R,R,scorecard,,2017H1,17,24541,162,psi_critical,0.0008600363645961045,,,True
2012H2-R,R,scorecard,,2017H2,19,24680,143,auc,0.8201015677479794,0.7881952594884181,0.8520078760075407,True
2012H2-R,R,scorecard,,2017H2,19,24680,143,gini,0.6402031354959588,0.5763905189768361,0.7040157520150814,True
2012H2-R,R,scorecard,,2017H2,19,24680,143,ks,0.5262864046333908,,,True
2012H2-R,R,scorecard,,2017H2,19,24680,143,brier,0.005943925302081267,,,True
2012H2-R,R,scorecard,,2017H2,19,24680,143,brier_miscalibration,0.000320352605534255,,,True
2012H2-R,R,scorecard,,2017H2,19,24680,143,brier_discrimination,0.000137020267788706,,,True
2012H2-R,R,scorecard,,2017H2,19,24680,143,brier_uncertainty,0.005760592964335718,,,True
2012H2-R,R,scorecard,,2017H2,19,24680,143,observed_over_expected,0.4044767622921352,0.34104973874044686,0.47622184112246563,True
2012H2-R,R,scorecard,,2017H2,19,24680,143,log_oe,-0.9051609921136773,-1.0757269509264262,-0.7418714805412927,True
2012H2-R,R,scorecard,,2017H2,19,24680,143,cox_intercept,-1.0941648779323283,-1.619555037675309,-0.5687747181893477,True
2012H2-R,R,scorecard,,2017H2,19,24680,143,cox_slope,0.954526638787463,0.8117416420931728,1.0973116354817534,True
2012H2-R,R,scorecard,,2017H2,19,24680,143,psi,0.20470773843410126,,,True
2012H2-R,R,scorecard,,2017H2,19,24680,143,psi_critical,0.0008561535066251479,,,True
2012H2-R,R,scorecard,,2018H1,21,24416,148,auc,0.7691627056428441,0.7300314018882929,0.8082940093973953,True
2012H2-R,R,scorecard,,2018H1,21,24416,148,gini,0.5383254112856881,0.4600628037765857,0.6165880187947905,True
2012H2-R,R,scorecard,,2018H1,21,24416,148,ks,0.443972487404167,,,True
2012H2-R,R,scorecard,,2018H1,21,24416,148,brier,0.0062668286651092215,,,True
2012H2-R,R,scorecard,,2018H1,21,24416,148,brier_miscalibration,0.00031986401093055204,,,True
2012H2-R,R,scorecard,,2018H1,21,24416,148,brier_discrimination,7.789131547962513e-05,,,True
2012H2-R,R,scorecard,,2018H1,21,24416,148,brier_uncertainty,0.006024855969658295,,,True
2012H2-R,R,scorecard,,2018H1,21,24416,148,observed_over_expected,0.4109355267664101,0.3475542460722142,0.4824740506991888,True
2012H2-R,R,scorecard,,2018H1,21,24416,148,log_oe,-0.8893189459726434,-1.0568345223552884,-0.7288281405836664,True
2012H2-R,R,scorecard,,2018H1,21,24416,148,cox_intercept,-1.6959505861353057,-2.221316452977448,-1.1705847192931635,True
2012H2-R,R,scorecard,,2018H1,21,24416,148,cox_slope,0.7825045162586883,0.6478154334070859,0.9171935991102907,True
2012H2-R,R,scorecard,,2018H1,21,24416,148,psi,0.24236569912664088,,,True
2012H2-R,R,scorecard,,2018H1,21,24416,148,psi_critical,0.0008635658984907323,,,True
2012H2-R,R,scorecard,,2018H2,23,24543,146,auc,0.7738816416345823,0.7358223952123981,0.8119408880567665,True
2012H2-R,R,scorecard,,2018H2,23,24543,146,gini,0.5477632832691646,0.47164479042479623,0.6238817761135329,True
2012H2-R,R,scorecard,,2018H2,23,24543,146,ks,0.44514904987756754,,,True
2012H2-R,R,scorecard,,2018H2,23,24543,146,brier,0.006229110195383885,,,True
2012H2-R,R,scorecard,,2018H2,23,24543,146,brier_miscalibration,0.00037708497061050405,,,True
2012H2-R,R,scorecard,,2018H2,23,24543,146,brier_discrimination,6.133025412986045e-05,,,True
2012H2-R,R,scorecard,,2018H2,23,24543,146,brier_uncertainty,0.005913355478903241,,,True
2012H2-R,R,scorecard,,2018H2,23,24543,146,observed_over_expected,0.3866835343750043,0.32665016065664176,0.45450106119495465,True
2012H2-R,R,scorecard,,2018H2,23,24543,146,log_oe,-0.9501486611176767,-1.118865525864359,-0.7885550305049428,True
2012H2-R,R,scorecard,,2018H2,23,24543,146,cox_intercept,-1.7339572369946994,-2.2603105912398807,-1.2076038827495184,True
2012H2-R,R,scorecard,,2018H2,23,24543,146,cox_slope,0.7871374316109829,0.6506546450776671,0.9236202181442987,True
2012H2-R,R,scorecard,,2018H2,23,24543,146,psi,0.28172416992845206,,,True
2012H2-R,R,scorecard,,2018H2,23,24543,146,psi_critical,0.0008599801842761298,,,True
2012H2-R,R,scorecard,,2019H1,25,24752,110,auc,0.6972017472017472,0.6490022168656724,0.745401277537822,True
2012H2-R,R,scorecard,,2019H1,25,24752,110,gini,0.3944034944034944,0.2980044337313448,0.4908025550756441,True
2012H2-R,R,scorecard,,2019H1,25,24752,110,ks,0.26980395629044274,,,True
2012H2-R,R,scorecard,,2019H1,25,24752,110,brier,0.004810219287836156,,,True
2012H2-R,R,scorecard,,2019H1,25,24752,110,brier_miscalibration,0.00045090037030349594,,,True
2012H2-R,R,scorecard,,2019H1,25,24752,110,brier_discrimination,6.501651451694315e-05,,,True
2012H2-R,R,scorecard,,2019H1,25,24752,110,brier_uncertainty,0.004424335432049603,,,True
2012H2-R,R,scorecard,,2019H1,25,24752,110,observed_over_expected,0.30767067519571967,0.2529629848282412,0.37065709378869216,True
2012H2-R,R,scorecard,,2019H1,25,24752,110,log_oe,-1.1787253044271127,-1.3745121059849559,-0.9924779192828622,True
2012H2-R,R,scorecard,,2019H1,25,24752,110,cox_intercept,-2.7321582835951577,-3.365589109030337,-2.098727458159978,True
2012H2-R,R,scorecard,,2019H1,25,24752,110,cox_slope,0.5932305384985206,0.4427713008622022,0.743689776134839,True
2012H2-R,R,scorecard,,2019H1,25,24752,110,psi,0.27342966000013136,,,True
2012H2-R,R,scorecard,,2019H1,25,24752,110,psi_critical,0.0008541593872174589,,,True
2012H2-R,R,scorecard,,2019H2,27,24861,136,auc,0.6858414619639565,0.6417200342232319,0.729962889704681,True
2012H2-R,R,scorecard,,2019H2,27,24861,136,gini,0.3716829239279129,0.28344006844646374,0.4599257794093621,True
2012H2-R,R,scorecard,,2019H2,27,24861,136,ks,0.283070540653066,,,True
2012H2-R,R,scorecard,,2019H2,27,24861,136,brier,0.005713936786071474,,,True
2012H2-R,R,scorecard,,2019H2,27,24861,136,brier_miscalibration,0.0002950223807418268,,,True
2012H2-R,R,scorecard,,2019H2,27,24861,136,brier_discrimination,2.157565905262955e-05,,,True
2012H2-R,R,scorecard,,2019H2,27,24861,136,brier_uncertainty,0.0054404900643822765,,,True
2012H2-R,R,scorecard,,2019H2,27,24861,136,observed_over_expected,0.452141782340531,0.3795081845490484,0.534565300036093,True
2012H2-R,R,scorecard,,2019H2,27,24861,136,log_oe,-0.7937594705919464,-0.9688791157148504,-0.6263013856591237,True
2012H2-R,R,scorecard,,2019H2,27,24861,136,cox_intercept,-2.81060853455195,-3.4000763988263047,-2.2211406702775953,True
2012H2-R,R,scorecard,,2019H2,27,24861,136,cox_slope,0.49840109509830216,0.36866924837571535,0.628132941820889,True
2012H2-R,R,scorecard,,2019H2,27,24861,136,psi,0.1369639828482856,,,True
2012H2-R,R,scorecard,,2019H2,27,24861,136,psi_critical,0.0008511624908620493,,,True
2012H2-R,R,scorecard,,2020H1,29,24880,111,auc,0.6817501824970841,0.6330666805475438,0.7304336844466244,True
2012H2-R,R,scorecard,,2020H1,29,24880,111,gini,0.36350036499416816,0.26613336109508756,0.46086736889324875,True
2012H2-R,R,scorecard,,2020H1,29,24880,111,ks,0.3202546484471472,,,True
2012H2-R,R,scorecard,,2020H1,29,24880,111,brier,0.004658828873870997,,,True
2012H2-R,R,scorecard,,2020H1,29,24880,111,brier_miscalibration,0.00022871140336989167,,,True
2012H2-R,R,scorecard,,2020H1,29,24880,111,brier_discrimination,1.139309855835522e-05,,,True
2012H2-R,R,scorecard,,2020H1,29,24880,111,brier_uncertainty,0.00444151056905946,,,True
2012H2-R,R,scorecard,,2020H1,29,24880,111,observed_over_expected,0.46865365415902377,0.38567944199323045,0.5641225339282973,True
2012H2-R,R,scorecard,,2020H1,29,24880,111,log_oe,-0.7578912606173863,-0.9527487156986397,-0.5724837923432243,True
2012H2-R,R,scorecard,,2020H1,29,24880,111,cox_intercept,-3.110800054475036,-3.7750438775071276,-2.446556231442944,True
2012H2-R,R,scorecard,,2020H1,29,24880,111,cox_slope,0.4476680248819693,0.311734386026989,0.5836016637369495,True
2012H2-R,R,scorecard,,2020H1,29,24880,111,psi,0.02482639380368717,,,True
2012H2-R,R,scorecard,,2020H1,29,24880,111,psi_critical,0.0008506427836460573,,,True
2012H2-R,R,scorecard,,2020H2,31,24919,71,auc,0.6935168642246266,0.6324362788200042,0.7545974496292489,False
2012H2-R,R,scorecard,,2020H2,31,24919,71,gini,0.3870337284492531,0.2648725576400084,0.5091948992584978,False
2012H2-R,R,scorecard,,2020H2,31,24919,71,ks,0.3361451710909371,,,False
2012H2-R,R,scorecard,,2020H2,31,24919,71,brier,0.003042806476464459,,,False
2012H2-R,R,scorecard,,2020H2,31,24919,71,brier_miscalibration,0.000207232525783575,,,False
2012H2-R,R,scorecard,,2020H2,31,24919,71,brier_discrimination,5.539439213711125e-06,,,False
2012H2-R,R,scorecard,,2020H2,31,24919,71,brier_uncertainty,0.002841113389894595,,,False
2012H2-R,R,scorecard,,2020H2,31,24919,71,observed_over_expected,0.3524988180226894,0.2753849414143289,0.44446366741301735,False
2012H2-R,R,scorecard,,2020H2,31,24919,71,log_oe,-1.0427080098625576,-1.2895853731428477,-0.8108869654723666,False
2012H2-R,R,scorecard,,2020H2,31,24919,71,cox_intercept,-3.4311996528634596,-4.268834822016419,-2.5935644837105003,False
2012H2-R,R,scorecard,,2020H2,31,24919,71,cox_slope,0.4569541470178064,0.29083379723864566,0.6230744967969671,False
2012H2-R,R,scorecard,,2020H2,31,24919,71,psi,0.00384173227529547,,,False
2012H2-R,R,scorecard,,2020H2,31,24919,71,psi_critical,0.0008495784991479164,,,False
2012H2-R,R,scorecard,,2021H1,33,24909,90,auc,0.7281578629275957,0.6760077060468536,0.7803080198083377,False
2012H2-R,R,scorecard,,2021H1,33,24909,90,gini,0.4563157258551913,0.3520154120937071,0.5606160396166755,False
2012H2-R,R,scorecard,,2021H1,33,24909,90,ks,0.3781189142726674,,,False
2012H2-R,R,scorecard,,2021H1,33,24909,90,brier,0.003764587908233753,,,False
2012H2-R,R,scorecard,,2021H1,33,24909,90,brier_miscalibration,0.00018388918376352308,,,False
2012H2-R,R,scorecard,,2021H1,33,24909,90,brier_discrimination,1.9398281890782316e-05,,,False
2012H2-R,R,scorecard,,2021H1,33,24909,90,brier_uncertainty,0.0036000970063610124,,,False
2012H2-R,R,scorecard,,2021H1,33,24909,90,observed_over_expected,0.38747212768270145,0.31167747132134616,0.4760717286344823,False
2012H2-R,R,scorecard,,2021H1,33,24909,90,log_oe,-0.9481113613364888,-1.1657863716212404,-0.7421867456947999,False
2012H2-R,R,scorecard,,2021H1,33,24909,90,cox_intercept,-2.5454399622448975,-3.267422293834778,-1.823457630655017,False
2012H2-R,R,scorecard,,2021H1,33,24909,90,cox_slope,0.6158680229505871,0.45879854101083967,0.7729375048903344,False
2012H2-R,R,scorecard,,2021H1,33,24909,90,psi,0.018245567493558223,,,False
2012H2-R,R,scorecard,,2021H1,33,24909,90,psi_critical,0.0008498510748960885,,,False
2012H2-R,R,scorecard,,2021H2,35,24929,136,auc,0.7635342696349302,0.724641911588671,0.8024266276811894,True
2012H2-R,R,scorecard,,2021H2,35,24929,136,gini,0.5270685392698604,0.44928382317734195,0.6048532553623789,True
2012H2-R,R,scorecard,,2021H2,35,24929,136,ks,0.41171844045164546,,,True
2012H2-R,R,scorecard,,2021H2,35,24929,136,brier,0.005558141274099564,,,True
2012H2-R,R,scorecard,,2021H2,35,24929,136,brier_miscalibration,0.0001855046480527204,,,True
2012H2-R,R,scorecard,,2021H2,35,24929,136,brier_discrimination,5.309456534275184e-05,,,True
2012H2-R,R,scorecard,,2021H2,35,24929,136,brier_uncertainty,0.005425731191389596,,,True
2012H2-R,R,scorecard,,2021H2,35,24929,136,observed_over_expected,0.4688351516944271,0.39351942168948145,0.5543025576434564,True
2012H2-R,R,scorecard,,2021H2,35,24929,136,log_oe,-0.7575040612470308,-0.9326248560796824,-0.5900446083807409,True
2012H2-R,R,scorecard,,2021H2,35,24929,136,cox_intercept,-1.7130147722977862,-2.296431388272729,-1.1295981563228432,True
2012H2-R,R,scorecard,,2021H2,35,24929,136,cox_slope,0.7557597144965308,0.6156460598585214,0.8958733691345402,True
2012H2-R,R,scorecard,,2021H2,35,24929,136,psi,0.09528286223273479,,,True
2012H2-R,R,scorecard,,2021H2,35,24929,136,psi_critical,0.0008493061420813988,,,True
2012H2-R,R,scorecard,,2022H1,37,24889,291,auc,0.7544758199825706,0.7293032070270152,0.779648432938126,True
2012H2-R,R,scorecard,,2022H1,37,24889,291,gini,0.5089516399651413,0.45860641405403046,0.559296865876252,True
2012H2-R,R,scorecard,,2022H1,37,24889,291,ks,0.3952073045918577,,,True
2012H2-R,R,scorecard,,2022H1,37,24889,291,brier,0.011548758641377315,,,True
2012H2-R,R,scorecard,,2022H1,37,24889,291,brier_miscalibration,0.00014096531797955399,,,True
2012H2-R,R,scorecard,,2022H1,37,24889,291,brier_discrimination,0.0001474179579676483,,,True
2012H2-R,R,scorecard,,2022H1,37,24889,291,brier_uncertainty,0.01155521128136541,,,True
2012H2-R,R,scorecard,,2022H1,37,24889,291,observed_over_expected,0.8100220852316754,0.7200749738542865,0.9079925922332006,True
2012H2-R,R,scorecard,,2022H1,37,24889,291,log_oe,-0.21069376596923775,-0.3283999420400492,-0.09651905874760264,True
2012H2-R,R,scorecard,,2022H1,37,24889,291,cox_intercept,-1.1681135696601885,-1.575690779058652,-0.7605363602617249,True
2012H2-R,R,scorecard,,2022H1,37,24889,291,cox_slope,0.7434665478773282,0.6419794985871485,0.844953597167508,True
2012H2-R,R,scorecard,,2022H1,37,24889,291,psi,0.2875175955035875,,,True
2012H2-R,R,scorecard,,2022H1,37,24889,291,psi_critical,0.0008503968834917491,,,True
2012H2-R,R,scorecard,,2022H2,39,24859,373,auc,0.7639775116885744,0.7406541479982852,0.7873008753788636,True
2012H2-R,R,scorecard,,2022H2,39,24859,373,gini,0.5279550233771488,0.48130829599657043,0.5746017507577272,True
2012H2-R,R,scorecard,,2022H2,39,24859,373,ks,0.4315491108449781,,,True
2012H2-R,R,scorecard,,2022H2,39,24859,373,brier,0.014581478666084861,,,True
2012H2-R,R,scorecard,,2022H2,39,24859,373,brier_miscalibration,8.136278660896001e-05,,,True
2012H2-R,R,scorecard,,2022H2,39,24859,373,brier_discrimination,0.0002793714075428645,,,True
2012H2-R,R,scorecard,,2022H2,39,24859,373,brier_uncertainty,0.014779487287018766,,,True
2012H2-R,R,scorecard,,2022H2,39,24859,373,observed_over_expected,0.9471740304326848,0.854098055035664,1.047503621803828,True
2012H2-R,R,scorecard,,2022H2,39,24859,373,log_oe,-0.05427243242347698,-0.15770927324177944,0.046409830377465294,True
2012H2-R,R,scorecard,,2022H2,39,24859,373,cox_intercept,-0.667659989571707,-1.0375171054946604,-0.2978028736487537,True
2012H2-R,R,scorecard,,2022H2,39,24859,373,cox_slope,0.830984050997358,0.7350282704107344,0.9269398315839815,True
2012H2-R,R,scorecard,,2022H2,39,24859,373,psi,0.4689282598185275,,,True
2012H2-R,R,scorecard,,2022H2,39,24859,373,psi_critical,0.0008512172430984896,,,True
2012H2-R,R,scorecard,,2023H1,41,24882,381,auc,0.7648507249315765,0.7427673953481521,0.7869340545150009,True
2012H2-R,R,scorecard,,2023H1,41,24882,381,gini,0.5297014498631529,0.4855347906963041,0.5738681090300017,True
2012H2-R,R,scorecard,,2023H1,41,24882,381,ks,0.3953137699345069,,,True
2012H2-R,R,scorecard,,2023H1,41,24882,381,brier,0.014920733041129366,,,True
2012H2-R,R,scorecard,,2023H1,41,24882,381,brier_miscalibration,0.00014418635998664393,,,True
2012H2-R,R,scorecard,,2023H1,41,24882,381,brier_discrimination,0.00030126151882274924,,,True
2012H2-R,R,scorecard,,2023H1,41,24882,381,brier_uncertainty,0.015077808199965471,,,True
2012H2-R,R,scorecard,,2023H1,41,24882,381,observed_over_expected,0.9038121361614164,0.8159232395635561,0.9984717405268895,True
2012H2-R,R,scorecard,,2023H1,41,24882,381,log_oe,-0.10113375416701195,-0.20343499760511993,-0.0015294284527737365,True
2012H2-R,R,scorecard,,2023H1,41,24882,381,cox_intercept,-0.8638747627322888,-1.1972839767059311,-0.5304655487586465,True
2012H2-R,R,scorecard,,2023H1,41,24882,381,cox_slope,0.783923805578608,0.6965726364216376,0.8712749747355784,True
2012H2-R,R,scorecard,,2023H1,41,24882,381,psi,0.425032671363382,,,True
2012H2-R,R,scorecard,,2023H1,41,24882,381,psi_critical,0.0008505881237943074,,,True
2012H2-R,R,scorecard,,2023H2,43,24866,363,auc,0.8162946595958509,0.7969999026349136,0.8355894165567882,True
2012H2-R,R,scorecard,,2023H2,43,24866,363,gini,0.6325893191917018,0.5939998052698272,0.6711788331135764,True
2012H2-R,R,scorecard,,2023H2,43,24866,363,ks,0.49097546834373124,,,True
2012H2-R,R,scorecard,,2023H2,43,24866,363,brier,0.014089638447476297,,,True
2012H2-R,R,scorecard,,2023H2,43,24866,363,brier_miscalibration,0.00011778530791243733,,,True
2012H2-R,R,scorecard,,2023H2,43,24866,363,brier_discrimination,0.0004132846583751685,,,True
2012H2-R,R,scorecard,,2023H2,43,24866,363,brier_uncertainty,0.014385137797939028,,,True
2012H2-R,R,scorecard,,2023H2,43,24866,363,observed_over_expected,0.9022691143695928,0.8124076709253015,0.9992382197492025,True
2012H2-R,R,scorecard,,2023H2,43,24866,363,log_oe,-0.10284245045826983,-0.20775300701952368,-0.0007620705528130495,True
2012H2-R,R,scorecard,,2023H2,43,24866,363,cox_intercept,-0.2819201401171306,-0.6185637259958428,0.05472344576158156,True
2012H2-R,R,scorecard,,2023H2,43,24866,363,cox_slope,0.9494315376334874,0.8570235586744837,1.0418395165924912,True
2012H2-R,R,scorecard,,2023H2,43,24866,363,psi,0.3626343711258742,,,True
2012H2-R,R,scorecard,,2023H2,43,24866,363,psi_critical,0.0008510256488040512,,,True
2012H2-R,R,gbm,,2013H1,1,24341,85,auc,0.8445595025609192,0.8060802213365243,0.883038783785314,False
2012H2-R,R,gbm,,2013H1,1,24341,85,gini,0.6891190051218383,0.6121604426730487,0.766077567570628,False
2012H2-R,R,gbm,,2013H1,1,24341,85,ks,0.5555544777277666,,,False
2012H2-R,R,gbm,,2013H1,1,24341,85,brier,0.003913099543975953,,,False
2012H2-R,R,gbm,,2013H1,1,24341,85,brier_miscalibration,0.0005047635259481033,,,False
2012H2-R,R,gbm,,2013H1,1,24341,85,brier_discrimination,7.152001548605931e-05,,,False
2012H2-R,R,gbm,,2013H1,1,24341,85,brier_uncertainty,0.0034798560335139086,,,False
2012H2-R,R,gbm,,2013H1,1,24341,85,observed_over_expected,0.2555190495556269,0.20416713743115275,0.31582271072825513,False
2012H2-R,R,gbm,,2013H1,1,24341,85,log_oe,-1.3644583141700246,-1.588816319448785,-1.152574264837371,False
2012H2-R,R,gbm,,2013H1,1,24341,85,cox_intercept,-1.535718163862138,-2.109379837224914,-0.9620564904993618,False
2012H2-R,R,gbm,,2013H1,1,24341,85,cox_slope,0.9637449583557361,0.8040619167687447,1.1234279999427277,False
2012H2-R,R,gbm,,2013H1,1,24341,85,psi,0.04216113860983902,,,False
2012H2-R,R,gbm,,2013H1,1,24341,85,psi_critical,0.0008657010192657553,,,False
2012H2-R,R,gbm,,2013H2,3,23974,142,auc,0.8374763307944342,0.8064953631066425,0.8684572984822259,True
2012H2-R,R,gbm,,2013H2,3,23974,142,gini,0.6749526615888684,0.612990726213285,0.7369145969644517,True
2012H2-R,R,gbm,,2013H2,3,23974,142,ks,0.5290897786855406,,,True
2012H2-R,R,gbm,,2013H2,3,23974,142,brier,0.0061226449907532,,,True
2012H2-R,R,gbm,,2013H2,3,23974,142,brier_miscalibration,0.00034488790939006704,,,True
2012H2-R,R,gbm,,2013H2,3,23974,142,brier_discrimination,0.00011024334266621083,,,True
2012H2-R,R,gbm,,2013H2,3,23974,142,brier_uncertainty,0.005888000424029344,,,True
2012H2-R,R,gbm,,2013H2,3,23974,142,observed_over_expected,0.4029989325799916,0.33959437703121087,0.47474812725767757,True
2012H2-R,R,gbm,,2013H2,3,23974,142,log_oe,-0.9088213657238462,-1.0800033823050776,-0.7449708739890912,True
2012H2-R,R,gbm,,2013H2,3,23974,142,cox_intercept,-0.9502981537011752,-1.4267833553773008,-0.47381295202504964,True
2012H2-R,R,gbm,,2013H2,3,23974,142,cox_slope,0.9987648661066665,0.8658825316772611,1.1316472005360718,True
2012H2-R,R,gbm,,2013H2,3,23974,142,psi,0.15170272503249876,,,True
2012H2-R,R,gbm,,2013H2,3,23974,142,psi_critical,0.0008763415003120926,,,True
2012H2-R,R,gbm,,2014H1,5,24341,137,auc,0.8177193972884979,0.7834324416108321,0.8520063529661636,True
2012H2-R,R,gbm,,2014H1,5,24341,137,gini,0.6354387945769957,0.5668648832216643,0.7040127059323271,True
2012H2-R,R,gbm,,2014H1,5,24341,137,ks,0.4916464311261818,,,True
2012H2-R,R,gbm,,2014H1,5,24341,137,brier,0.005784340657170893,,,True
2012H2-R,R,gbm,,2014H1,5,24341,137,brier_miscalibration,0.00031907318337380097,,,True
2012H2-R,R,gbm,,2014H1,5,24341,137,brier_discrimination,0.00013141771488557608,,,True
2012H2-R,R,gbm,,2014H1,5,24341,137,brier_uncertainty,0.005596685188682668,,,True
2012H2-R,R,gbm,,2014H1,5,24341,137,observed_over_expected,0.42125230208203307,0.353821764571897,0.49773355882438886,True
2012H2-R,R,gbm,,2014H1,5,24341,137,log_oe,-0.8645233324473335,-1.0389619825518641,-0.6976903675740469,True
2012H2-R,R,gbm,,2014H1,5,24341,137,cox_intercept,-1.0055960985480437,-1.521051161096926,-0.4901410359991615,True
2012H2-R,R,gbm,,2014H1,5,24341,137,cox_slope,0.9690359064318208,0.8325850910991036,1.1054867217645379,True
2012H2-R,R,gbm,,2014H1,5,24341,137,psi,0.1717128992694393,,,True
2012H2-R,R,gbm,,2014H1,5,24341,137,psi_critical,0.0008657010192657553,,,True
2012H2-R,R,gbm,,2014H2,7,24213,99,auc,0.8057518035124404,0.7658063091732286,0.8456972978516522,False
2012H2-R,R,gbm,,2014H2,7,24213,99,gini,0.6115036070248807,0.5316126183464571,0.6913945957033043,False
2012H2-R,R,gbm,,2014H2,7,24213,99,ks,0.4885166670436638,,,False
2012H2-R,R,gbm,,2014H2,7,24213,99,brier,0.004253218079986953,,,False
2012H2-R,R,gbm,,2014H2,7,24213,99,brier_miscalibration,0.0002671673756466878,,,False
2012H2-R,R,gbm,,2014H2,7,24213,99,brier_discrimination,8.594439933024521e-05,,,False
2012H2-R,R,gbm,,2014H2,7,24213,99,brier_uncertainty,0.004071995103670511,,,False
2012H2-R,R,gbm,,2014H2,7,24213,99,observed_over_expected,0.3440108410836329,0.27969642407146544,0.41863452901438075,False
2012H2-R,R,gbm,,2014H2,7,24213,99,log_oe,-1.0670821073273162,-1.2740504637273644,-0.870756985476775,False
2012H2-R,R,gbm,,2014H2,7,24213,99,cox_intercept,-1.2280862485107955,-1.8739672272678138,-0.5822052697537771,False
2012H2-R,R,gbm,,2014H2,7,24213,99,cox_slope,0.9645708786842369,0.7998884982835156,1.1292532590849582,False
2012H2-R,R,gbm,,2014H2,7,24213,99,psi,0.12509522872740922,,,False
2012H2-R,R,gbm,,2014H2,7,24213,99,psi_critical,0.0008693755092405066,,,False
2012H2-R,R,gbm,,2015H1,9,24159,83,auc,0.8195926253610553,0.77436344550576,0.8648218052163505,False
2012H2-R,R,gbm,,2015H1,9,24159,83,gini,0.6391852507221105,0.54872689101152,0.7296436104327011,False
2012H2-R,R,gbm,,2015H1,9,24159,83,ks,0.5055677102828993,,,False
2012H2-R,R,gbm,,2015H1,9,24159,83,brier,0.0035691218087385208,,,False
2012H2-R,R,gbm,,2015H1,9,24159,83,brier_miscalibration,0.00018827682149778063,,,False
2012H2-R,R,gbm,,2015H1,9,24159,83,brier_discrimination,4.292451765814569e-05,,,False
2012H2-R,R,gbm,,2015H1,9,24159,83,brier_uncertainty,0.003423769504898886,,,False
2012H2-R,R,gbm,,2015H1,9,24159,83,observed_over_expected,0.3268180767431644,0.26039447957224077,0.4049733014571987,False
2012H2-R,R,gbm,,2015H1,9,24159,83,log_oe,-1.118351603134506,-1.3455575686718244,-0.9039341363764746,False
2012H2-R,R,gbm,,2015H1,9,24159,83,cox_intercept,-0.9883809535956484,-1.7139324226930157,-0.26282948449828103,False
2012H2-R,R,gbm,,2015H1,9,24159,83,cox_slope,1.041159564170157,0.8574242758128711,1.224894852527443,False
2012H2-R,R,gbm,,2015H1,9,24159,83,psi,0.06612496027489836,,,False
2012H2-R,R,gbm,,2015H1,9,24159,83,psi_critical,0.0008709373628282201,,,False
2012H2-R,R,gbm,,2015H2,11,24159,130,auc,0.8138027127477375,0.7807766407569026,0.8468287847385725,True
2012H2-R,R,gbm,,2015H2,11,24159,130,gini,0.627605425495475,0.5615532815138051,0.693657569477145,True
2012H2-R,R,gbm,,2015H2,11,24159,130,ks,0.48456128332111514,,,True
2012H2-R,R,gbm,,2015H2,11,24159,130,brier,0.005433552621282121,,,True
2012H2-R,R,gbm,,2015H2,11,24159,130,brier_miscalibration,0.0001542928839870037,,,True
2012H2-R,R,gbm,,2015H2,11,24159,130,brier_discrimination,7.280234038159385e-05,,,True
2012H2-R,R,gbm,,2015H2,11,24159,130,brier_uncertainty,0.005352062077676711,,,True
2012H2-R,R,gbm,,2015H2,11,24159,130,observed_over_expected,0.45695838345107254,0.3819488737450832,0.5423270991737257,True
2012H2-R,R,gbm,,2015H2,11,24159,130,log_oe,-0.7831629568930547,-0.9624685176963714,-0.6118859555672366,True
2012H2-R,R,gbm,,2015H2,11,24159,130,cox_intercept,-0.7314829872070809,-1.333808302926605,-0.12915767148755686,True
2012H2-R,R,gbm,,2015H2,11,24159,130,cox_slope,1.01950207378107,0.8649122498224056,1.1740918977397345,True
2012H2-R,R,gbm,,2015H2,11,24159,130,psi,0.12259927382099516,,,True
2012H2-R,R,gbm,,2015H2,11,24159,130,psi_critical,0.0008709373628282201,,,True
2012H2-R,R,gbm,,2016H1,13,24632,115,auc,0.8223202711162263,0.7865677940209903,0.8580727482114623,True
2012H2-R,R,gbm,,2016H1,13,24632,115,gini,0.6446405422324526,0.5731355880419806,0.7161454964229246,True
2012H2-R,R,gbm,,2016H1,13,24632,115,ks,0.5323099677065248,,,True
2012H2-R,R,gbm,,2016H1,13,24632,115,brier,0.004770076018974005,,,True
2012H2-R,R,gbm,,2016H1,13,24632,115,brier_miscalibration,0.00017804780528362773,,,True
2012H2-R,R,gbm,,2016H1,13,24632,115,brier_discrimination,5.489841771065974e-05,,,True
2012H2-R,R,gbm,,2016H1,13,24632,115,brier_uncertainty,0.004646926631401037,,,True
2012H2-R,R,gbm,,2016H1,13,24632,115,observed_over_expected,0.40834265594488717,0.33725933592061014,0.4899240895231403,True
2012H2-R,R,gbm,,2016H1,13,24632,115,log_oe,-0.8956486140466021,-1.0869031017848818,-0.7135048192192353,True
2012H2-R,R,gbm,,2016H1,13,24632,115,cox_intercept,-0.7819831728790354,-1.4315170809210966,-0.13244926483697417,True
2012H2-R,R,gbm,,2016H1,13,24632,115,cox_slope,1.0359957122260859,0.8699694624626969,1.202021961989475,True
2012H2-R,R,gbm,,2016H1,13,24632,115,psi,0.1173293638971911,,,True
2012H2-R,R,gbm,,2016H1,13,24632,115,psi_critical,0.0008574893960800337,,,True
2012H2-R,R,gbm,,2016H2,15,24760,121,auc,0.8022140535782988,0.7661037622506872,0.8383243449059103,True
2012H2-R,R,gbm,,2016H2,15,24760,121,gini,0.6044281071565976,0.5322075245013744,0.6766486898118207,True
2012H2-R,R,gbm,,2016H2,15,24760,121,ks,0.4734183091443753,,,True
2012H2-R,R,gbm,,2016H2,15,24760,121,brier,0.004958100963057495,,,True
2012H2-R,R,gbm,,2016H2,15,24760,121,brier_miscalibration,0.00014533125132626303,,,True
2012H2-R,R,gbm,,2016H2,15,24760,121,brier_discrimination,5.026273415965985e-05,,,True
2012H2-R,R,gbm,,2016H2,15,24760,121,brier_uncertainty,0.004863032445890892,,,True
2012H2-R,R,gbm,,2016H2,15,24760,121,observed_over_expected,0.44903697358119427,0.37274665326104633,0.5362861804526444,True
2012H2-R,R,gbm,,2016H2,15,24760,121,log_oe,-0.8006500481241696,-0.9868563038858557,-0.6230873416403055,True
2012H2-R,R,gbm,,2016H2,15,24760,121,cox_intercept,-0.9761945047411067,-1.6225815092981577,-0.3298075001840556,True
2012H2-R,R,gbm,,2016H2,15,24760,121,cox_slope,0.9595849815305819,0.7997987059510213,1.1193712571101426,True
2012H2-R,R,gbm,,2016H2,15,24760,121,psi,0.07234979771712606,,,True
2012H2-R,R,gbm,,2016H2,15,24760,121,psi_critical,0.0008539385342871871,,,True
2012H2-R,R,gbm,,2017H1,17,24541,162,auc,0.7959889076765623,0.7668761801608028,0.8251016351923217,True
2012H2-R,R,gbm,,2017H1,17,24541,162,gini,0.5919778153531245,0.5337523603216057,0.6502032703846434,True
2012H2-R,R,gbm,,2017H1,17,24541,162,ks,0.4635058305088522,,,True
2012H2-R,R,gbm,,2017H1,17,24541,162,brier,0.006647435307982516,,,True
2012H2-R,R,gbm,,2017H1,17,24541,162,brier_miscalibration,0.00016601260138182031,,,True
2012H2-R,R,gbm,,2017H1,17,24541,162,brier_discrimination,7.619947361930078e-05,,,True
2012H2-R,R,gbm,,2017H1,17,24541,162,brier_uncertainty,0.006557622180219997,,,True
2012H2-R,R,gbm,,2017H1,17,24541,162,observed_over_expected,0.5017194809273451,0.42763447034547547,0.5848826443386135,True
2012H2-R,R,gbm,,2017H1,17,24541,162,log_oe,-0.6897141184125312,-0.8494864895502319,-0.5363440598429325,True
2012H2-R,R,gbm,,2017H1,17,24541,162,cox_intercept,-0.8632399049232086,-1.4230013804596413,-0.30347842938677594,True
2012H2-R,R,gbm,,2017H1,17,24541,162,cox_slope,0.9586100511813118,0.814719031529057,1.1025010708335667,True
2012H2-R,R,gbm,,2017H1,17,24541,162,psi,0.22096215359984714,,,True
2012H2-R,R,gbm,,2017H1,17,24541,162,psi_critical,0.0008600363645961045,,,True
2012H2-R,R,gbm,,2017H2,19,24680,143,auc,0.8226273665202629,0.7930890506160262,0.8521656824244996,True
2012H2-R,R,gbm,,2017H2,19,24680,143,gini,0.6452547330405258,0.5861781012320524,0.7043313648489993,True
2012H2-R,R,gbm,,2017H2,19,24680,143,ks,0.5306950456724268,,,True
2012H2-R,R,gbm,,2017H2,19,24680,143,brier,0.0058181054252302,,,True
2012H2-R,R,gbm,,2017H2,19,24680,143,brier_miscalibration,0.00018979133441195725,,,True
2012H2-R,R,gbm,,2017H2,19,24680,143,brier_discrimination,0.0001322788735174758,,,True
2012H2-R,R,gbm,,2017H2,19,24680,143,brier_uncertainty,0.005760592964335718,,,True
2012H2-R,R,gbm,,2017H2,19,24680,143,observed_over_expected,0.44405778671034746,0.3744239626647394,0.5228236488879765,True
2012H2-R,R,gbm,,2017H2,19,24680,143,log_oe,-0.8118005747701907,-0.9823665335829396,-0.6485110631978062,True
2012H2-R,R,gbm,,2017H2,19,24680,143,cox_intercept,-0.44272987033349853,-1.0451375862572498,0.15967784559025266,True
2012H2-R,R,gbm,,2017H2,19,24680,143,cox_slope,1.106876765130756,0.9458461906858131,1.267907339575699,True
2012H2-R,R,gbm,,2017H2,19,24680,143,psi,0.22321418278714922,,,True
2012H2-R,R,gbm,,2017H2,19,24680,143,psi_critical,0.0008561535066251479,,,True
2012H2-R,R,gbm,,2018H1,21,24416,148,auc,0.7733145416720494,0.7366125421130904,0.8100165412310084,True
2012H2-R,R,gbm,,2018H1,21,24416,148,gini,0.5466290833440988,0.4732250842261807,0.6200330824620168,True
2012H2-R,R,gbm,,2018H1,21,24416,148,ks,0.4363659852369264,,,True
2012H2-R,R,gbm,,2018H1,21,24416,148,brier,0.006143393766408434,,,True
2012H2-R,R,gbm,,2018H1,21,24416,148,brier_miscalibration,0.00018317356535604064,,,True
2012H2-R,R,gbm,,2018H1,21,24416,148,brier_discrimination,6.463576860590153e-05,,,True
2012H2-R,R,gbm,,2018H1,21,24416,148,brier_uncertainty,0.006024855969658295,,,True
2012H2-R,R,gbm,,2018H1,21,24416,148,observed_over_expected,0.45329803207489155,0.38338290442666373,0.5322113165296193,True
2012H2-R,R,gbm,,2018H1,21,24416,148,log_oe,-0.7912054623752411,-0.9587210387578862,-0.6307146569862644,True
2012H2-R,R,gbm,,2018H1,21,24416,148,cox_intercept,-1.135034195014133,-1.7301228800029036,-0.5399455100253623,True
2012H2-R,R,gbm,,2018H1,21,24416,148,cox_slope,0.9136576323751495,0.7623345043615634,1.0649807603887356,True
2012H2-R,R,gbm,,2018H1,21,24416,148,psi,0.25324248693427787,,,True
2012H2-R,R,gbm,,2018H1,21,24416,148,psi_critical,0.0008635658984907323,,,True
2012H2-R,R,gbm,,2018H2,23,24543,146,auc,0.7820833012817094,0.7437441276235381,0.8204224749398807,True
2012H2-R,R,gbm,,2018H2,23,24543,146,gini,0.5641666025634189,0.4874882552470763,0.6408449498797615,True
2012H2-R,R,gbm,,2018H2,23,24543,146,ks,0.4551491565603451,,,True
2012H2-R,R,gbm,,2018H2,23,24543,146,brier,0.006029454481578405,,,True
2012H2-R,R,gbm,,2018H2,23,24543,146,brier_miscalibration,0.0001821304700745062,,,True
2012H2-R,R,gbm,,2018H2,23,24543,146,brier_discrimination,6.603146739934257e-05,,,True
2012H2-R,R,gbm,,2018H2,23,24543,146,brier_uncertainty,0.005913355478903241,,,True
2012H2-R,R,gbm,,2018H2,23,24543,146,observed_over_expected,0.4341508766944249,0.366748105400122,0.5102933449061057,True
2012H2-R,R,gbm,,2018H2,23,24543,146,log_oe,-0.8343631631422115,-1.0030800278888938,-0.6727695325294776,True
2012H2-R,R,gbm,,2018H2,23,24543,146,cox_intercept,-0.9687714335135721,-1.579688835386179,-0.3578540316409651,True
2012H2-R,R,gbm,,2018H2,23,24543,146,cox_slope,0.9694983128686419,0.81122582283961,1.1277708028976736,True
2012H2-R,R,gbm,,2018H2,23,24543,146,psi,0.2924919530234231,,,True
2012H2-R,R,gbm,,2018H2,23,24543,146,psi_critical,0.0008599801842761298,,,True
2012H2-R,R,gbm,,2019H1,25,24752,110,auc,0.6963960274771086,0.6463520708193712,0.746439984134846,True
2012H2-R,R,gbm,,2019H1,25,24752,110,gini,0.3927920549542172,0.29270414163874237,0.49287996826969205,True
2012H2-R,R,gbm,,2019H1,25,24752,110,ks,0.3203606554957907,,,True
2012H2-R,R,gbm,,2019H1,25,24752,110,brier,0.004644002267373628,,,True
2012H2-R,R,gbm,,2019H1,25,24752,110,brier_miscalibration,0.00025545785913102387,,,True
2012H2-R,R,gbm,,2019H1,25,24752,110,brier_discrimination,3.57910238069992e-05,,,True
2012H2-R,R,gbm,,2019H1,25,24752,110,brier_uncertainty,0.004424335432049603,,,True
2012H2-R,R,gbm,,2019H1,25,24752,110,observed_over_expected,0.3431392449282231,0.28212479968568627,0.41338679810493306,True
2012H2-R,R,gbm,,2019H1,25,24752,110,log_oe,-1.0696189523065671,-1.2654057538644101,-0.8833715671623167,True
2012H2-R,R,gbm,,2019H1,25,24752,110,cox_intercept,-2.3715957871535203,-3.1120474347002016,-1.6311441396068387,True
2012H2-R,R,gbm,,2019H1,25,24752,110,cox_slope,0.6747060103567842,0.5004123188717486,0.8489997018418198,True
2012H2-R,R,gbm,,2019H1,25,24752,110,psi,0.2872998915300125,,,True
2012H2-R,R,gbm,,2019H1,25,24752,110,psi_critical,0.0008541593872174589,,,True
2012H2-R,R,gbm,,2019H2,27,24861,136,auc,0.6924492951882473,0.6491411447511458,0.7357574456253487,True
2012H2-R,R,gbm,,2019H2,27,24861,136,gini,0.38489859037649454,0.29828228950229163,0.47151489125069745,True
2012H2-R,R,gbm,,2019H2,27,24861,136,ks,0.2992972699696663,,,True
2012H2-R,R,gbm,,2019H2,27,24861,136,brier,0.005587031628392733,,,True
2012H2-R,R,gbm,,2019H2,27,24861,136,brier_miscalibration,0.0001667989863002482,,,True
2012H2-R,R,gbm,,2019H2,27,24861,136,brier_discrimination,2.0257422289791764e-05,,,True
2012H2-R,R,gbm,,2019H2,27,24861,136,brier_uncertainty,0.0054404900643822765,,,True
2012H2-R,R,gbm,,2019H2,27,24861,136,observed_over_expected,0.48706035423353344,0.40881731797520476,0.575849378592576,True
2012H2-R,R,gbm,,2019H2,27,24861,136,log_oe,-0.7193672329139779,-0.894486878036882,-0.5519091479811553,True
2012H2-R,R,gbm,,2019H2,27,24861,136,cox_intercept,-2.303419740294725,-2.984226969853954,-1.6226125107354958,True
2012H2-R,R,gbm,,2019H2,27,24861,136,cox_slope,0.6175649515445255,0.464908351497831,0.7702215515912201,True
2012H2-R,R,gbm,,2019H2,27,24861,136,psi,0.1507521086655774,,,True
2012H2-R,R,gbm,,2019H2,27,24861,136,psi_critical,0.0008511624908620493,,,True
2012H2-R,R,gbm,,2020H1,29,24880,111,auc,0.6769401522318476,0.6271750359359248,0.7267052685277703,True
2012H2-R,R,gbm,,2020H1,29,24880,111,gini,0.3538803044636951,0.25435007187184966,0.4534105370555406,True
2012H2-R,R,gbm,,2020H1,29,24880,111,ks,0.3112460031592819,,,True
2012H2-R,R,gbm,,2020H1,29,24880,111,brier,0.00455584887438296,,,True
2012H2-R,R,gbm,,2020H1,29,24880,111,brier_miscalibration,0.00012559908291588304,,,True
2012H2-R,R,gbm,,2020H1,29,24880,111,brier_discrimination,1.1260777592383628e-05,,,True
2012H2-R,R,gbm,,2020H1,29,24880,111,brier_uncertainty,0.00444151056905946,,,True
2012H2-R,R,gbm,,2020H1,29,24880,111,observed_over_expected,0.4994358105619935,0.4110116778554463,0.6011752868850215,True
2012H2-R,R,gbm,,2020H1,29,24880,111,log_oe,-0.6942761965347065,-0.8891336516159599,-0.5088687282605446,True
2012H2-R,R,gbm,,2020H1,29,24880,111,cox_intercept,-2.6694279666665395,-3.453474355075138,-1.8853815782579408,True
2012H2-R,R,gbm,,2020H1,29,24880,111,cox_slope,0.5498028692226512,0.3855897172541603,0.7140160211911422,True
2012H2-R,R,gbm,,2020H1,29,24880,111,psi,0.032474831839261135,,,True
2012H2-R,R,gbm,,2020H1,29,24880,111,psi_critical,0.0008506427836460573,,,True
2012H2-R,R,gbm,,2020H2,31,24919,71,auc,0.6900603556950201,0.6269479275782314,0.7531727838118089,False
2012H2-R,R,gbm,,2020H2,31,24919,71,gini,0.3801207113900402,0.25389585515646274,0.5063455676236177,False
2012H2-R,R,gbm,,2020H2,31,24919,71,ks,0.34689163636033843,,,False
2012H2-R,R,gbm,,2020H2,31,24919,71,brier,0.0029443452978968826,,,False
2012H2-R,R,gbm,,2020H2,31,24919,71,brier_miscalibration,0.00010899271424034485,,,False
2012H2-R,R,gbm,,2020H2,31,24919,71,brier_discrimination,5.760806238057272e-06,,,False
2012H2-R,R,gbm,,2020H2,31,24919,71,brier_uncertainty,0.002841113389894595,,,False
2012H2-R,R,gbm,,2020H2,31,24919,71,observed_over_expected,0.37587624246793455,0.2936482385719873,0.4739401231409784,False
2012H2-R,R,gbm,,2020H2,31,24919,71,log_oe,-0.9784953321439965,-1.2253726954242865,-0.7466742877538053,False
2012H2-R,R,gbm,,2020H2,31,24919,71,cox_intercept,-2.834902868721536,-3.827630438263676,-1.842175299179396,False
2012H2-R,R,gbm,,2020H2,31,24919,71,cox_slope,0.5897426039641493,0.38667890117531334,0.7928063067529854,False
2012H2-R,R,gbm,,2020H2,31,24919,71,psi,0.009863782731041621,,,False
2012H2-R,R,gbm,,2020H2,31,24919,71,psi_critical,0.0008495784991479164,,,False
2012H2-R,R,gbm,,2021H1,33,24909,90,auc,0.7412040954286815,0.6899844228554273,0.7924237680019357,False
2012H2-R,R,gbm,,2021H1,33,24909,90,gini,0.482408190857363,0.37996884571085454,0.5848475360038714,False
2012H2-R,R,gbm,,2021H1,33,24909,90,ks,0.3892985212941698,,,False
2012H2-R,R,gbm,,2021H1,33,24909,90,brier,0.00369567626162649,,,False
2012H2-R,R,gbm,,2021H1,33,24909,90,brier_miscalibration,0.00011450893096309495,,,False
2012H2-R,R,gbm,,2021H1,33,24909,90,brier_discrimination,1.892967569761721e-05,,,False
2012H2-R,R,gbm,,2021H1,33,24909,90,brier_uncertainty,0.0036000970063610124,,,False
2012H2-R,R,gbm,,2021H1,33,24909,90,observed_over_expected,0.4122991071187208,0.3316479662765399,0.5065756595560823,False
2012H2-R,R,gbm,,2021H1,33,24909,90,log_oe,-0.8860062048822975,-1.1036812151670492,-0.6800815892406086,False
2012H2-R,R,gbm,,2021H1,33,24909,90,cox_intercept,-1.8515736770494773,-2.6746244479365937,-1.0285229061623609,False
2012H2-R,R,gbm,,2021H1,33,24909,90,cox_slope,0.7751479428932591,0.5925156039405403,0.9577802818459779,False
2012H2-R,R,gbm,,2021H1,33,24909,90,psi,0.018810473754712412,,,False
2012H2-R,R,gbm,,2021H1,33,24909,90,psi_critical,0.0008498510748960885,,,False
2012H2-R,R,gbm,,2021H2,35,24929,136,auc,0.7780282503837658,0.7411851631553796,0.8148713376121519,True
2012H2-R,R,gbm,,2021H2,35,24929,136,gini,0.5560565007675315,0.48237032631075927,0.6297426752243038,True
2012H2-R,R,gbm,,2021H2,35,24929,136,ks,0.42024432892585906,,,True
2012H2-R,R,gbm,,2021H2,35,24929,136,brier,0.00547560333009344,,,True
2012H2-R,R,gbm,,2021H2,35,24929,136,brier_miscalibration,0.00011472581686300474,,,True
2012H2-R,R,gbm,,2021H2,35,24929,136,brier_discrimination,6.485367815916004e-05,,,True
2012H2-R,R,gbm,,2021H2,35,24929,136,brier_uncertainty,0.005425731191389596,,,True
2012H2-R,R,gbm,,2021H2,35,24929,136,observed_over_expected,0.4943711763126878,0.4149532275884383,0.5844937318905057,True
2012H2-R,R,gbm,,2021H2,35,24929,136,log_oe,-0.7044686748766015,-0.879589469709253,-0.5370092220103113,True
2012H2-R,R,gbm,,2021H2,35,24929,136,cox_intercept,-0.9714504917850689,-1.615463564958008,-0.3274374186121298,True
2012H2-R,R,gbm,,2021H2,35,24929,136,cox_slope,0.9359492749871104,0.7784734648434679,1.093425085130753,True
2012H2-R,R,gbm,,2021H2,35,24929,136,psi,0.09647704134652478,,,True
2012H2-R,R,gbm,,2021H2,35,24929,136,psi_critical,0.0008493061420813988,,,True
2012H2-R,R,gbm,,2022H1,37,24889,291,auc,0.7663721996787378,0.7415518334317128,0.7911925659257628,True
2012H2-R,R,gbm,,2022H1,37,24889,291,gini,0.5327443993574756,0.48310366686342565,0.5823851318515256,True
2012H2-R,R,gbm,,2022H1,37,24889,291,ks,0.41733717350249744,,,True
2012H2-R,R,gbm,,2022H1,37,24889,291,brier,0.011443094425782448,,,True
2012H2-R,R,gbm,,2022H1,37,24889,291,brier_miscalibration,6.0378325808265604e-05,,,True
2012H2-R,R,gbm,,2022H1,37,24889,291,brier_discrimination,0.00017249518139122663,,,True
2012H2-R,R,gbm,,2022H1,37,24889,291,brier_uncertainty,0.01155521128136541,,,True
2012H2-R,R,gbm,,2022H1,37,24889,291,observed_over_expected,0.8586640346042,0.7633155855131951,0.962517685446434,True
2012H2-R,R,gbm,,2022H1,37,24889,291,log_oe,-0.15237754572084022,-0.27008372179165163,-0.03820283849920506,True
2012H2-R,R,gbm,,2022H1,37,24889,291,cox_intercept,-0.5375213024041086,-0.9846476412078926,-0.09039496360032456,True
2012H2-R,R,gbm,,2022H1,37,24889,291,cox_slope,0.8995472960417459,0.7868846442887165,1.0122099477947752,True
2012H2-R,R,gbm,,2022H1,37,24889,291,psi,0.30405302665501854,,,True
2012H2-R,R,gbm,,2022H1,37,24889,291,psi_critical,0.0008503968834917491,,,True
2012H2-R,R,gbm,,2022H2,39,24859,373,auc,0.7812463936825311,0.7590836304792181,0.8034091568858441,True
2012H2-R,R,gbm,,2022H2,39,24859,373,gini,0.5624927873650623,0.5181672609584362,0.6068183137716883,True
2012H2-R,R,gbm,,2022H2,39,24859,373,ks,0.4540951233500174,,,True
2012H2-R,R,gbm,,2022H2,39,24859,373,brier,0.014488688570726488,,,True
2012H2-R,R,gbm,,2022H2,39,24859,373,brier_miscalibration,4.7968640062460294e-05,,,True
2012H2-R,R,gbm,,2022H2,39,24859,373,brier_discrimination,0.0003387673563547376,,,True
2012H2-R,R,gbm,,2022H2,39,24859,373,brier_uncertainty,0.014779487287018766,,,True
2012H2-R,R,gbm,,2022H2,39,24859,373,observed_over_expected,1.0593886108883555,0.9552856423579739,1.1716045532797634,True
2012H2-R,R,gbm,,2022H2,39,24859,373,log_oe,0.057691959540348454,-0.045744881277953925,0.15837422234129078,True
2012H2-R,R,gbm,,2022H2,39,24859,373,cox_intercept,0.15893328909660795,-0.25855689534090265,0.5764234735341185,True
2012H2-R,R,gbm,,2022H2,39,24859,373,cox_slope,1.0264881663061982,0.9181228405404752,1.1348534920719213,True
2012H2-R,R,gbm,,2022H2,39,24859,373,psi,0.4221506633214846,,,True
2012H2-R,R,gbm,,2022H2,39,24859,373,psi_critical,0.0008512172430984896,,,True
2012H2-R,R,gbm,,2023H1,41,24882,381,auc,0.780344495018201,0.7596609969495551,0.8010279930868469,True
2012H2-R,R,gbm,,2023H1,41,24882,381,gini,0.560688990036402,0.5193219938991103,0.6020559861736938,True
2012H2-R,R,gbm,,2023H1,41,24882,381,ks,0.4331492817101793,,,True
2012H2-R,R,gbm,,2023H1,41,24882,381,brier,0.01480293829305508,,,True
2012H2-R,R,gbm,,2023H1,41,24882,381,brier_miscalibration,5.017362332465462e-05,,,True
2012H2-R,R,gbm,,2023H1,41,24882,381,brier_discrimination,0.00032504353023504566,,,True
2012H2-R,R,gbm,,2023H1,41,24882,381,brier_uncertainty,0.015077808199965471,,,True
2012H2-R,R,gbm,,2023H1,41,24882,381,observed_over_expected,1.073007035477239,0.9686652141886241,1.1853870505222068,True
2012H2-R,R,gbm,,2023H1,41,24882,381,log_oe,0.0704650204558064,-0.03183622298230165,0.1700693461700446,True
2012H2-R,R,gbm,,2023H1,41,24882,381,cox_intercept,-0.008471835390550348,-0.408236156835357,0.3912924860542563,True
2012H2-R,R,gbm,,2023H1,41,24882,381,cox_slope,0.9781093571713634,0.8747381928908552,1.0814805214518717,True
2012H2-R,R,gbm,,2023H1,41,24882,381,psi,0.37593859298678556,,,True
2012H2-R,R,gbm,,2023H1,41,24882,381,psi_critical,0.0008505881237943074,,,True
2012H2-R,R,gbm,,2023H2,43,24866,363,auc,0.8200235558944883,0.8010876760455853,0.8389594357433913,True
2012H2-R,R,gbm,,2023H2,43,24866,363,gini,0.6400471117889766,0.6021753520911706,0.6779188714867825,True
2012H2-R,R,gbm,,2023H2,43,24866,363,ks,0.5002213143294199,,,True
2012H2-R,R,gbm,,2023H2,43,24866,363,brier,0.014004835682368256,,,True
2012H2-R,R,gbm,,2023H2,43,24866,363,brier_miscalibration,0.00010283571862831388,,,True
2012H2-R,R,gbm,,2023H2,43,24866,363,brier_discrimination,0.00048313783419908635,,,True
2012H2-R,R,gbm,,2023H2,43,24866,363,brier_uncertainty,0.014385137797939028,,,True
2012H2-R,R,gbm,,2023H2,43,24866,363,observed_over_expected,1.054350719754845,0.949342717081612,1.167664413444126,True
2012H2-R,R,gbm,,2023H2,43,24866,363,log_oe,0.05292514596032621,-0.05198541060092759,0.1550055258657831,True
2012H2-R,R,gbm,,2023H2,43,24866,363,cox_intercept,0.5565338506807536,0.15263140104712913,0.960436300314378,True
2012H2-R,R,gbm,,2023H2,43,24866,363,cox_slope,1.1370735624284034,1.028728317106996,1.2454188077498107,True
2012H2-R,R,gbm,,2023H2,43,24866,363,psi,0.3056017351290737,,,True
2012H2-R,R,gbm,,2023H2,43,24866,363,psi_critical,0.0008510256488040512,,,True
2012H2-R,R,gbm-50k,20260911,2013H1,1,24341,85,auc,0.8414914927052618,0.8038688436757477,0.8791141417347759,False
2012H2-R,R,gbm-50k,20260911,2013H1,1,24341,85,gini,0.6829829854105236,0.6077376873514955,0.7582282834695517,False
2012H2-R,R,gbm-50k,20260911,2013H1,1,24341,85,ks,0.5447981336334007,,,False
2012H2-R,R,gbm-50k,20260911,2013H1,1,24341,85,brier,0.003940491918441213,,,False
2012H2-R,R,gbm-50k,20260911,2013H1,1,24341,85,brier_miscalibration,0.0005220956811161272,,,False
2012H2-R,R,gbm-50k,20260911,2013H1,1,24341,85,brier_discrimination,6.145979618882302e-05,,,False
2012H2-R,R,gbm-50k,20260911,2013H1,1,24341,85,brier_uncertainty,0.0034798560335139086,,,False
2012H2-R,R,gbm-50k,20260911,2013H1,1,24341,85,observed_over_expected,0.24940444960476732,0.19928139458468103,0.30826503729898347,False
2012H2-R,R,gbm-50k,20260911,2013H1,1,24341,85,log_oe,-1.3886794046573134,-1.6130374099360738,-1.1767953553246595,False
2012H2-R,R,gbm-50k,20260911,2013H1,1,24341,85,cox_intercept,-1.5765864933733107,-2.145882880121749,-1.0072901066248723,False
2012H2-R,R,gbm-50k,20260911,2013H1,1,24341,85,cox_slope,0.959103230461345,0.7999325143708937,1.1182739465517963,False
2012H2-R,R,gbm-50k,20260911,2013H1,1,24341,85,psi,0.04307800192526742,,,False
2012H2-R,R,gbm-50k,20260911,2013H1,1,24341,85,psi_critical,0.0010334610033318997,,,False
2012H2-R,R,gbm-50k,20260911,2013H2,3,23974,142,auc,0.8311416417268296,0.8002025148694935,0.8620807685841657,True
2012H2-R,R,gbm-50k,20260911,2013H2,3,23974,142,gini,0.6622832834536592,0.6004050297389869,0.7241615371683314,True
2012H2-R,R,gbm-50k,20260911,2013H2,3,23974,142,ks,0.5218566349422483,,,True
2012H2-R,R,gbm-50k,20260911,2013H2,3,23974,142,brier,0.006201367464539641,,,True
2012H2-R,R,gbm-50k,20260911,2013H2,3,23974,142,brier_miscalibration,0.0004104485670790546,,,True
2012H2-R,R,gbm-50k,20260911,2013H2,3,23974,142,brier_discrimination,9.708152656875708e-05,,,True
2012H2-R,R,gbm-50k,20260911,2013H2,3,23974,142,brier_uncertainty,0.005888000424029344,,,True
2012H2-R,R,gbm-50k,20260911,2013H2,3,23974,142,observed_over_expected,0.392339891434916,0.33061234222968316,0.4621913698747464,True
2012H2-R,R,gbm-50k,20260911,2013H2,3,23974,142,log_oe,-0.9356267448926756,-1.1068087614739073,-0.7717762531579206,True
2012H2-R,R,gbm-50k,20260911,2013H2,3,23974,142,cox_intercept,-1.1265088608806677,-1.5980862783315302,-0.6549314434298052,True
2012H2-R,R,gbm-50k,20260911,2013H2,3,23974,142,cox_slope,0.9550092330395554,0.8247042596771241,1.0853142064019867,True
2012H2-R,R,gbm-50k,20260911,2013H2,3,23974,142,psi,0.14450709627422992,,,True
2012H2-R,R,gbm-50k,20260911,2013H2,3,23974,142,psi_critical,0.001044101484378237,,,True
2012H2-R,R,gbm-50k,20260911,2014H1,5,24341,137,auc,0.8185098198162335,0.7848330200894706,0.8521866195429963,True
2012H2-R,R,gbm-50k,20260911,2014H1,5,24341,137,gini,0.637019639632467,0.5696660401789413,0.7043732390859927,True
2012H2-R,R,gbm-50k,20260911,2014H1,5,24341,137,ks,0.50120327580529,,,True
2012H2-R,R,gbm-50k,20260911,2014H1,5,24341,137,brier,0.005815579904678184,,,True
2012H2-R,R,gbm-50k,20260911,2014H1,5,24341,137,brier_miscalibration,0.0003425223347416481,,,True
2012H2-R,R,gbm-50k,20260911,2014H1,5,24341,137,brier_discrimination,0.00012362761874613187,,,True
2012H2-R,R,gbm-50k,20260911,2014H1,5,24341,137,brier_uncertainty,0.005596685188682668,,,True
2012H2-R,R,gbm-50k,20260911,2014H1,5,24341,137,observed_over_expected,0.41166219520876496,0.3457667616210241,0.4864023019981451,True
2012H2-R,R,gbm-50k,20260911,2014H1,5,24341,137,log_oe,-0.8875521804882162,-1.0619908305927466,-0.7207192156149295,True
2012H2-R,R,gbm-50k,20260911,2014H1,5,24341,137,cox_intercept,-1.0632437292000538,-1.5708336216241394,-0.5556538367759682,True
2012H2-R,R,gbm-50k,20260911,2014H1,5,24341,137,cox_slope,0.9595831138843234,0.824613989831692,1.0945522379369548,True
2012H2-R,R,gbm-50k,20260911,2014H1,5,24341,137,psi,0.15853235116054418,,,True
2012H2-R,R,gbm-50k,20260911,2014H1,5,24341,137,psi_critical,0.0010334610033318997,,,True
2012H2-R,R,gbm-50k,20260911,2014H2,7,24213,99,auc,0.807104804367805,0.7683745746343915,0.8458350341012184,False
2012H2-R,R,gbm-50k,20260911,2014H2,7,24213,99,gini,0.6142096087356099,0.536749149268783,0.6916700682024368,False
2012H2-R,R,gbm-50k,20260911,2014H2,7,24213,99,ks,0.4825450323086551,,,False
2012H2-R,R,gbm-50k,20260911,2014H2,7,24213,99,brier,0.004262322923558299,,,False
2012H2-R,R,gbm-50k,20260911,2014H2,7,24213,99,brier_miscalibration,0.00026823866508516106,,,False
2012H2-R,R,gbm-50k,20260911,2014H2,7,24213,99,brier_discrimination,7.791084519737264e-05,,,False
2012H2-R,R,gbm-50k,20260911,2014H2,7,24213,99,brier_uncertainty,0.004071995103670511,,,False
2012H2-R,R,gbm-50k,20260911,2014H2,7,24213,99,observed_over_expected,0.334681443630033,0.2721112005991652,0.40728137544319354,False
2012H2-R,R,gbm-50k,20260911,2014H2,7,24213,99,log_oe,-1.0945761141003365,-1.3015444705003845,-0.8982509922497953,False
2012H2-R,R,gbm-50k,20260911,2014H2,7,24213,99,cox_intercept,-1.2166376502675984,-1.8564750408519597,-0.576800259683237,False
2012H2-R,R,gbm-50k,20260911,2014H2,7,24213,99,cox_slope,0.9751814474728977,0.8100662052942782,1.1402966896515172,False
2012H2-R,R,gbm-50k,20260911,2014H2,7,24213,99,psi,0.1194837559400334,,,False
2012H2-R,R,gbm-50k,20260911,2014H2,7,24213,99,psi_critical,0.001037135493306651,,,False
2012H2-R,R,gbm-50k,20260911,2015H1,9,24159,83,auc,0.8049835160545822,0.7587239417339344,0.8512430903752299,False
2012H2-R,R,gbm-50k,20260911,2015H1,9,24159,83,gini,0.6099670321091644,0.5174478834678689,0.7024861807504599,False
2012H2-R,R,gbm-50k,20260911,2015H1,9,24159,83,ks,0.4913271627797116,,,False
2012H2-R,R,gbm-50k,20260911,2015H1,9,24159,83,brier,0.003605080505140059,,,False
2012H2-R,R,gbm-50k,20260911,2015H1,9,24159,83,brier_miscalibration,0.00021986271470994263,,,False
2012H2-R,R,gbm-50k,20260911,2015H1,9,24159,83,brier_discrimination,3.8551714468769253e-05,,,False
2012H2-R,R,gbm-50k,20260911,2015H1,9,24159,83,brier_uncertainty,0.003423769504898886,,,False
2012H2-R,R,gbm-50k,20260911,2015H1,9,24159,83,observed_over_expected,0.3145678466189714,0.25063402712231025,0.38979355318120734,False
2012H2-R,R,gbm-50k,20260911,2015H1,9,24159,83,log_oe,-1.1565554975895005,-1.3837614631268187,-0.9421380308314692,False
2012H2-R,R,gbm-50k,20260911,2015H1,9,24159,83,cox_intercept,-1.2802916564196893,-2.003020495840867,-0.5575628169985118,False
2012H2-R,R,gbm-50k,20260911,2015H1,9,24159,83,cox_slope,0.9747803487955123,0.7935930112862875,1.1559676863047372,False
2012H2-R,R,gbm-50k,20260911,2015H1,9,24159,83,psi,0.0651557544486048,,,False
2012H2-R,R,gbm-50k,20260911,2015H1,9,24159,83,psi_critical,0.0010386973468943645,,,False
2012H2-R,R,gbm-50k,20260911,2015H2,11,24159,130,auc,0.8121390179174522,0.7799097393049117,0.8443682965299928,True
2012H2-R,R,gbm-50k,20260911,2015H2,11,24159,130,gini,0.6242780358349045,0.5598194786098234,0.6887365930599856,True
2012H2-R,R,gbm-50k,20260911,2015H2,11,24159,130,ks,0.5013003518184758,,,True
2012H2-R,R,gbm-50k,20260911,2015H2,11,24159,130,brier,0.005472731333530202,,,True
2012H2-R,R,gbm-50k,20260911,2015H2,11,24159,130,brier_miscalibration,0.00018445402661507442,,,True
2012H2-R,R,gbm-50k,20260911,2015H2,11,24159,130,brier_discrimination,6.378477076158292e-05,,,True
2012H2-R,R,gbm-50k,20260911,2015H2,11,24159,130,brier_uncertainty,0.005352062077676711,,,True
2012H2-R,R,gbm-50k,20260911,2015H2,11,24159,130,observed_over_expected,0.4437077561292694,0.37087333083949947,0.5266009968897634,True
2012H2-R,R,gbm-50k,20260911,2015H2,11,24159,130,log_oe,-0.8125891401792444,-0.991894700982561,-0.6413121388534264,True
2012H2-R,R,gbm-50k,20260911,2015H2,11,24159,130,cox_intercept,-0.8854285315844578,-1.4804782871650652,-0.2903787760038503,True
2012H2-R,R,gbm-50k,20260911,2015H2,11,24159,130,cox_slope,0.9865879496771096,0.8339703441277047,1.1392055552265146,True
2012H2-R,R,gbm-50k,20260911,2015H2,11,24159,130,psi,0.11598462897881386,,,True
2012H2-R,R,gbm-50k,20260911,2015H2,11,24159,130,psi_critical,0.0010386973468943645,,,True
2012H2-R,R,gbm-50k,20260911,2016H1,13,24632,115,auc,0.8134779593928613,0.7767865804395311,0.8501693383461915,True
2012H2-R,R,gbm-50k,20260911,2016H1,13,24632,115,gini,0.6269559187857225,0.5535731608790622,0.7003386766923829,True
2012H2-R,R,gbm-50k,20260911,2016H1,13,24632,115,ks,0.4953854556997718,,,True
2012H2-R,R,gbm-50k,20260911,2016H1,13,24632,115,brier,0.004807312158628664,,,True
2012H2-R,R,gbm-50k,20260911,2016H1,13,24632,115,brier_miscalibration,0.0002103878328010905,,,True
2012H2-R,R,gbm-50k,20260911,2016H1,13,24632,115,brier_discrimination,5.0002305573463614e-05,,,True
2012H2-R,R,gbm-50k,20260911,2016H1,13,24632,115,brier_uncertainty,0.004646926631401037,,,True
2012H2-R,R,gbm-50k,20260911,2016H1,13,24632,115,observed_over_expected,0.39610920648814846,0.327155456299582,0.47524655951356665,True
2012H2-R,R,gbm-50k,20260911,2016H1,13,24632,115,log_oe,-0.9260653317863347,-1.1173198195246146,-0.7439215369589679,True
2012H2-R,R,gbm-50k,20260911,2016H1,13,24632,115,cox_intercept,-0.990585502134783,-1.632513475079404,-0.34865752919016213,True
2012H2-R,R,gbm-50k,20260911,2016H1,13,24632,115,cox_slope,0.9891821220416965,0.8258844813416268,1.1524797627417662,True
2012H2-R,R,gbm-50k,20260911,2016H1,13,24632,115,psi,0.1134135182267362,,,True
2012H2-R,R,gbm-50k,20260911,2016H1,13,24632,115,psi_critical,0.001025249380146178,,,True
2012H2-R,R,gbm-50k,20260911,2016H2,15,24760,121,auc,0.7915114082055626,0.7541427276795879,0.8288800887315374,True
2012H2-R,R,gbm-50k,20260911,2016H2,15,24760,121,gini,0.5830228164111253,0.5082854553591758,0.6577601774630748,True
2012H2-R,R,gbm-50k,20260911,2016H2,15,24760,121,ks,0.44018100713140723,,,True
2012H2-R,R,gbm-50k,20260911,2016H2,15,24760,121,brier,0.004980741056596623,,,True
2012H2-R,R,gbm-50k,20260911,2016H2,15,24760,121,brier_miscalibration,0.0001689456081960805,,,True
2012H2-R,R,gbm-50k,20260911,2016H2,15,24760,121,brier_discrimination,5.123699749034951e-05,,,True
2012H2-R,R,gbm-50k,20260911,2016H2,15,24760,121,brier_uncertainty,0.004863032445890892,,,True
2012H2-R,R,gbm-50k,20260911,2016H2,15,24760,121,observed_over_expected,0.43714565189271093,0.36287563901720216,0.5220843399271509,True
2012H2-R,R,gbm-50k,20260911,2016H2,15,24760,121,log_oe,-0.8274888398928406,-1.0136950956545268,-0.6499261334089765,True
2012H2-R,R,gbm-50k,20260911,2016H2,15,24760,121,cox_intercept,-1.154951217740667,-1.8012990486214013,-0.5086033868599323,True
2012H2-R,R,gbm-50k,20260911,2016H2,15,24760,121,cox_slope,0.9203892523399979,0.7613912557542876,1.0793872489257081,True
2012H2-R,R,gbm-50k,20260911,2016H2,15,24760,121,psi,0.07384990287632262,,,True
2012H2-R,R,gbm-50k,20260911,2016H2,15,24760,121,psi_critical,0.0010216985183533315,,,True
2012H2-R,R,gbm-50k,20260911,2017H1,17,24541,162,auc,0.7844003060719634,0.7546164340629299,0.814184178080997,True
2012H2-R,R,gbm-50k,20260911,2017H1,17,24541,162,gini,0.5688006121439269,0.5092328681258598,0.6283683561619939,True
2012H2-R,R,gbm-50k,20260911,2017H1,17,24541,162,ks,0.4396599177900024,,,True
2012H2-R,R,gbm-50k,20260911,2017H1,17,24541,162,brier,0.0066931495946298105,,,True
2012H2-R,R,gbm-50k,20260911,2017H1,17,24541,162,brier_miscalibration,0.00019757109931176076,,,True
2012H2-R,R,gbm-50k,20260911,2017H1,17,24541,162,brier_discrimination,6.204368490194713e-05,,,True
2012H2-R,R,gbm-50k,20260911,2017H1,17,24541,162,brier_uncertainty,0.006557622180219997,,,True
2012H2-R,R,gbm-50k,20260911,2017H1,17,24541,162,observed_over_expected,0.4895270496794554,0.4172424005193689,0.5706692408327306,True
2012H2-R,R,gbm-50k,20260911,2017H1,17,24541,162,log_oe,-0.714315558723313,-0.8740879298610137,-0.5609455001537144,True
2012H2-R,R,gbm-50k,20260911,2017H1,17,24541,162,cox_intercept,-1.1084400324059331,-1.664979907621022,-0.5519001571908442,True
2012H2-R,R,gbm-50k,20260911,2017H1,17,24541,162,cox_slope,0.8996053681745502,0.7579640849917533,1.041246651357347,True
2012H2-R,R,gbm-50k,20260911,2017H1,17,24541,162,psi,0.21285418519573082,,,True
2012H2-R,R,gbm-50k,20260911,2017H1,17,24541,162,psi_critical,0.001027796348662249,,,True
2012H2-R,R,gbm-50k,20260911,2017H2,19,24680,143,auc,0.8127263778321364,0.7822327514235663,0.8432200042407065,True
2012H2-R,R,gbm-50k,20260911,2017H2,19,24680,143,gini,0.6254527556642728,0.5644655028471326,0.6864400084814131,True
2012H2-R,R,gbm-50k,20260911,2017H2,19,24680,143,ks,0.4966169258870078,,,True
2012H2-R,R,gbm-50k,20260911,2017H2,19,24680,143,brier,0.0058252863948157815,,,True
2012H2-R,R,gbm-50k,20260911,2017H2,19,24680,143,brier_miscalibration,0.0001756446169787337,,,True
2012H2-R,R,gbm-50k,20260911,2017H2,19,24680,143,brier_discrimination,0.00011095118649867043,,,True
2012H2-R,R,gbm-50k,20260911,2017H2,19,24680,143,brier_uncertainty,0.005760592964335718,,,True
2012H2-R,R,gbm-50k,20260911,2017H2,19,24680,143,observed_over_expected,0.436530921178084,0.3680774039433786,0.5139616867289073,True
2012H2-R,R,gbm-50k,20260911,2017H2,19,24680,143,log_oe,-0.828896067315482,-0.9994620261282308,-0.6656065557430975,True
2012H2-R,R,gbm-50k,20260911,2017H2,19,24680,143,cox_intercept,-0.5498182145604777,-1.1505992892886663,0.05096286016771079,True
2012H2-R,R,gbm-50k,20260911,2017H2,19,24680,143,cox_slope,1.082529938282226,0.9223222730102505,1.2427376035542015,True
2012H2-R,R,gbm-50k,20260911,2017H2,19,24680,143,psi,0.2140379976301664,,,True
2012H2-R,R,gbm-50k,20260911,2017H2,19,24680,143,psi_critical,0.0010239134906912925,,,True
2012H2-R,R,gbm-50k,20260911,2018H1,21,24416,148,auc,0.7624399164287082,0.7269181679097914,0.7979616649476251,True
2012H2-R,R,gbm-50k,20260911,2018H1,21,24416,148,gini,0.5248798328574165,0.4538363358195827,0.5959233298952502,True
2012H2-R,R,gbm-50k,20260911,2018H1,21,24416,148,ks,0.4356721564155222,,,True
2012H2-R,R,gbm-50k,20260911,2018H1,21,24416,148,brier,0.006180080782468172,,,True
2012H2-R,R,gbm-50k,20260911,2018H1,21,24416,148,brier_miscalibration,0.0002091521531412269,,,True
2012H2-R,R,gbm-50k,20260911,2018H1,21,24416,148,brier_discrimination,5.392734033134953e-05,,,True
2012H2-R,R,gbm-50k,20260911,2018H1,21,24416,148,brier_uncertainty,0.006024855969658295,,,True
2012H2-R,R,gbm-50k,20260911,2018H1,21,24416,148,observed_over_expected,0.44660054187334786,0.37771841205266476,0.5243478804999238,True
2012H2-R,R,gbm-50k,20260911,2018H1,21,24416,148,log_oe,-0.8060907262464353,-0.9736063026290803,-0.6455999208574584,True
2012H2-R,R,gbm-50k,20260911,2018H1,21,24416,148,cox_intercept,-1.3644629788539007,-1.9626351170787464,-0.7662908406290548,True
2012H2-R,R,gbm-50k,20260911,2018H1,21,24416,148,cox_slope,0.8570906520459596,0.7068709579851713,1.0073103461067479,True
2012H2-R,R,gbm-50k,20260911,2018H1,21,24416,148,psi,0.24368631287390632,,,True
2012H2-R,R,gbm-50k,20260911,2018H1,21,24416,148,psi_critical,0.0010313258825568766,,,True
2012H2-R,R,gbm-50k,20260911,2018H2,23,24543,146,auc,0.7674037510787595,0.7293878596462764,0.8054196425112425,True
2012H2-R,R,gbm-50k,20260911,2018H2,23,24543,146,gini,0.5348075021575189,0.4587757192925528,0.6108392850224851,True
2012H2-R,R,gbm-50k,20260911,2018H2,23,24543,146,ks,0.416764973910446,,,True
2012H2-R,R,gbm-50k,20260911,2018H2,23,24543,146,brier,0.0060576843353099055,,,True
2012H2-R,R,gbm-50k,20260911,2018H2,23,24543,146,brier_miscalibration,0.00019712495466244883,,,True
2012H2-R,R,gbm-50k,20260911,2018H2,23,24543,146,brier_discrimination,5.2796098255784504e-05,,,True
2012H2-R,R,gbm-50k,20260911,2018H2,23,24543,146,brier_uncertainty,0.005913355478903241,,,True
2012H2-R,R,gbm-50k,20260911,2018H2,23,24543,146,observed_over_expected,0.4320452186048705,0.3649693548403066,0.5078183912265727,True
2012H2-R,R,gbm-50k,20260911,2018H2,23,24543,146,log_oe,-0.8392250235193717,-1.007941888266054,-0.6776313929066379,True
2012H2-R,R,gbm-50k,20260911,2018H2,23,24543,146,cox_intercept,-1.2335066287247114,-1.854033004720351,-0.6129802527290716,True
2012H2-R,R,gbm-50k,20260911,2018H2,23,24543,146,cox_slope,0.900352531048553,0.7425694837856684,1.0581355783114375,True
2012H2-R,R,gbm-50k,20260911,2018H2,23,24543,146,psi,0.27696608703972636,,,True
2012H2-R,R,gbm-50k,20260911,2018H2,23,24543,146,psi_critical,0.0010277401683422742,,,True
2012H2-R,R,gbm-50k,20260911,2019H1,25,24752,110,auc,0.6980967453940427,0.6508184864474926,0.7453750043405927,True
2012H2-R,R,gbm-50k,20260911,2019H1,25,24752,110,gini,0.3961934907880853,0.30163697289498526,0.49075000868118535,True
2012H2-R,R,gbm-50k,20260911,2019H1,25,24752,110,ks,0.31120334093307067,,,True
2012H2-R,R,gbm-50k,20260911,2019H1,25,24752,110,brier,0.004666996382034117,,,True
2012H2-R,R,gbm-50k,20260911,2019H1,25,24752,110,brier_miscalibration,0.0002970089409065138,,,True
2012H2-R,R,gbm-50k,20260911,2019H1,25,24752,110,brier_discrimination,5.434799092200043e-05,,,True
2012H2-R,R,gbm-50k,20260911,2019H1,25,24752,110,brier_uncertainty,0.004424335432049603,,,True
2012H2-R,R,gbm-50k,20260911,2019H1,25,24752,110,observed_over_expected,0.33593138804845024,0.2761985898206666,0.40470334693818816,True
2012H2-R,R,gbm-50k,20260911,2019H1,25,24752,110,log_oe,-1.0908483421078035,-1.286635143665647,-0.9046009569635532,True
2012H2-R,R,gbm-50k,20260911,2019H1,25,24752,110,cox_intercept,-2.438844811145656,-3.1784291340069384,-1.6992604882843738,True
2012H2-R,R,gbm-50k,20260911,2019H1,25,24752,110,cox_slope,0.6618422781032722,0.4873662805141004,0.8363182756924441,True
2012H2-R,R,gbm-50k,20260911,2019H1,25,24752,110,psi,0.27735050504974745,,,True
2012H2-R,R,gbm-50k,20260911,2019H1,25,24752,110,psi_critical,0.0010219193712836033,,,True
2012H2-R,R,gbm-50k,20260911,2019H2,27,24861,136,auc,0.6989395110926069,0.6564045478011535,0.7414744743840602,True
2012H2-R,R,gbm-50k,20260911,2019H2,27,24861,136,gini,0.39787902218521376,0.3128090956023071,0.48294894876812045,True
2012H2-R,R,gbm-50k,20260911,2019H2,27,24861,136,ks,0.2991595788972819,,,True
2012H2-R,R,gbm-50k,20260911,2019H2,27,24861,136,brier,0.005588460727156017,,,True
2012H2-R,R,gbm-50k,20260911,2019H2,27,24861,136,brier_miscalibration,0.0001709447560836212,,,True
2012H2-R,R,gbm-50k,20260911,2019H2,27,24861,136,brier_discrimination,2.2974093309880914e-05,,,True
2012H2-R,R,gbm-50k,20260911,2019H2,27,24861,136,brier_uncertainty,0.0054404900643822765,,,True
2012H2-R,R,gbm-50k,20260911,2019H2,27,24861,136,observed_over_expected,0.47296388444230136,0.3969853531624686,0.5591831825060477,True
2012H2-R,R,gbm-50k,20260911,2019H2,27,24861,136,log_oe,-0.7487362476499438,-0.9238558927728479,-0.5812781627171212,True
2012H2-R,R,gbm-50k,20260911,2019H2,27,24861,136,cox_intercept,-2.2317699367402963,-2.9063744709473296,-1.5571654025332629,True
2012H2-R,R,gbm-50k,20260911,2019H2,27,24861,136,cox_slope,0.638558266049871,0.4853035137592481,0.7918130183404939,True
2012H2-R,R,gbm-50k,20260911,2019H2,27,24861,136,psi,0.1487022445127951,,,True
2012H2-R,R,gbm-50k,20260911,2019H2,27,24861,136,psi_critical,0.0010189224749281936,,,True
2012H2-R,R,gbm-50k,20260911,2020H1,29,24880,111,auc,0.6749469603642158,0.6251872023533007,0.7247067183751308,True
2012H2-R,R,gbm-50k,20260911,2020H1,29,24880,111,gini,0.3498939207284315,0.25037440470660144,0.4494134367502616,True
2012H2-R,R,gbm-50k,20260911,2020H1,29,24880,111,ks,0.30029363207933196,,,True
2012H2-R,R,gbm-50k,20260911,2020H1,29,24880,111,brier,0.004571870197552302,,,True
2012H2-R,R,gbm-50k,20260911,2020H1,29,24880,111,brier_miscalibration,0.0001440358041620675,,,True
2012H2-R,R,gbm-50k,20260911,2020H1,29,24880,111,brier_discrimination,1.3676175669225486e-05,,,True
2012H2-R,R,gbm-50k,20260911,2020H1,29,24880,111,brier_uncertainty,0.00444151056905946,,,True
2012H2-R,R,gbm-50k,20260911,2020H1,29,24880,111,observed_over_expected,0.47761970421035904,0.39305807043236557,0.5749150473961874,True
2012H2-R,R,gbm-50k,20260911,2020H1,29,24880,111,log_oe,-0.7389404610329225,-0.9337979161141761,-0.5535329927587607,True
2012H2-R,R,gbm-50k,20260911,2020H1,29,24880,111,cox_intercept,-2.7354956650856366,-3.5052390410640553,-1.9657522891072179,True
2012H2-R,R,gbm-50k,20260911,2020H1,29,24880,111,cox_slope,0.5401382314903117,0.3777843173527885,0.7024921456278349,True
2012H2-R,R,gbm-50k,20260911,2020H1,29,24880,111,psi,0.03405659320581398,,,True
2012H2-R,R,gbm-50k,20260911,2020H1,29,24880,111,psi_critical,0.0010184027677122018,,,True
2012H2-R,R,gbm-50k,20260911,2020H2,31,24919,71,auc,0.6906345510279966,0.626434447423382,0.7548346546326113,False
2012H2-R,R,gbm-50k,20260911,2020H2,31,24919,71,gini,0.3812691020559933,0.2528688948467639,0.5096693092652227,False
2012H2-R,R,gbm-50k,20260911,2020H2,31,24919,71,ks,0.327944324025285,,,False
2012H2-R,R,gbm-50k,20260911,2020H2,31,24919,71,brier,0.0029452470593816565,,,False
2012H2-R,R,gbm-50k,20260911,2020H2,31,24919,71,brier_miscalibration,0.00012018892813913393,,,False
2012H2-R,R,gbm-50k,20260911,2020H2,31,24919,71,brier_discrimination,1.605525865207248e-05,,,False
2012H2-R,R,gbm-50k,20260911,2020H2,31,24919,71,brier_uncertainty,0.002841113389894595,,,False
2012H2-R,R,gbm-50k,20260911,2020H2,31,24919,71,observed_over_expected,0.360422419119075,0.28157514777007964,0.4544544890054764,False
2012H2-R,R,gbm-50k,20260911,2020H2,31,24919,71,log_oe,-1.0204785489699306,-1.2673559122502205,-0.7886575045797394,False
2012H2-R,R,gbm-50k,20260911,2020H2,31,24919,71,cox_intercept,-2.724600876280648,-3.6919899571156884,-1.757211795445608,False
2012H2-R,R,gbm-50k,20260911,2020H2,31,24919,71,cox_slope,0.6179989954046198,0.41680214051417375,0.8191958502950658,False
2012H2-R,R,gbm-50k,20260911,2020H2,31,24919,71,psi,0.010263974632098877,,,False
2012H2-R,R,gbm-50k,20260911,2020H2,31,24919,71,psi_critical,0.0010173384832140608,,,False
2012H2-R,R,gbm-50k,20260911,2021H1,33,24909,90,auc,0.7459853785854027,0.6961184602726729,0.7958522968981325,False
2012H2-R,R,gbm-50k,20260911,2021H1,33,24909,90,gini,0.4919707571708054,0.39223692054534576,0.591704593796265,False
2012H2-R,R,gbm-50k,20260911,2021H1,33,24909,90,ks,0.4093141007561411,,,False
2012H2-R,R,gbm-50k,20260911,2021H1,33,24909,90,brier,0.0037120622582666367,,,False
2012H2-R,R,gbm-50k,20260911,2021H1,33,24909,90,brier_miscalibration,0.00012931814461328165,,,False
2012H2-R,R,gbm-50k,20260911,2021H1,33,24909,90,brier_discrimination,1.7352892707657355e-05,,,False
2012H2-R,R,gbm-50k,20260911,2021H1,33,24909,90,brier_uncertainty,0.0036000970063610124,,,False
2012H2-R,R,gbm-50k,20260911,2021H1,33,24909,90,observed_over_expected,0.39534475420942883,0.318010108311734,0.4857445144988167,False
2012H2-R,R,gbm-50k,20260911,2021H1,33,24909,90,log_oe,-0.9279970992785915,-1.1456721095633433,-0.7220724836369025,False
2012H2-R,R,gbm-50k,20260911,2021H1,33,24909,90,cox_intercept,-1.8844566572050099,-2.694276014468921,-1.0746372999410987,False
2012H2-R,R,gbm-50k,20260911,2021H1,33,24909,90,cox_slope,0.7747969764572864,0.5931641944489887,0.9564297584655841,False
2012H2-R,R,gbm-50k,20260911,2021H1,33,24909,90,psi,0.020998427413427858,,,False
2012H2-R,R,gbm-50k,20260911,2021H1,33,24909,90,psi_critical,0.001017611058962233,,,False
2012H2-R,R,gbm-50k,20260911,2021H2,35,24929,136,auc,0.768927009758447,0.7313374819287791,0.8065165375881148,True
2012H2-R,R,gbm-50k,20260911,2021H2,35,24929,136,gini,0.5378540195168939,0.46267496385755824,0.6130330751762296,True
2012H2-R,R,gbm-50k,20260911,2021H2,35,24929,136,ks,0.4038046792144841,,,True
2012H2-R,R,gbm-50k,20260911,2021H2,35,24929,136,brier,0.005503207897973114,,,True
2012H2-R,R,gbm-50k,20260911,2021H2,35,24929,136,brier_miscalibration,0.00015136701990098572,,,True
2012H2-R,R,gbm-50k,20260911,2021H2,35,24929,136,brier_discrimination,7.389031331746752e-05,,,True
2012H2-R,R,gbm-50k,20260911,2021H2,35,24929,136,brier_uncertainty,0.005425731191389596,,,True
2012H2-R,R,gbm-50k,20260911,2021H2,35,24929,136,observed_over_expected,0.4776817381730355,0.4009448538107849,0.5647618533975912,True
2012H2-R,R,gbm-50k,20260911,2021H2,35,24929,136,log_oe,-0.7388105879687537,-0.9139313828014053,-0.5713511351024636,True
2012H2-R,R,gbm-50k,20260911,2021H2,35,24929,136,cox_intercept,-1.2041799320360136,-1.8389107989677502,-0.569449065104277,True
2012H2-R,R,gbm-50k,20260911,2021H2,35,24929,136,cox_slope,0.8851284624604961,0.7306087245667587,1.0396482003542336,True
2012H2-R,R,gbm-50k,20260911,2021H2,35,24929,136,psi,0.09947127394204185,,,True
2012H2-R,R,gbm-50k,20260911,2021H2,35,24929,136,psi_critical,0.0010170661261475434,,,True
2012H2-R,R,gbm-50k,20260911,2022H1,37,24889,291,auc,0.7612927209738786,0.7362828917801784,0.7863025501675788,True
2012H2-R,R,gbm-50k,20260911,2022H1,37,24889,291,gini,0.5225854419477571,0.4725657835603567,0.5726051003351575,True
2012H2-R,R,gbm-50k,20260911,2022H1,37,24889,291,ks,0.3997821743393213,,,True
2012H2-R,R,gbm-50k,20260911,2022H1,37,24889,291,brier,0.011452963650822262,,,True
2012H2-R,R,gbm-50k,20260911,2022H1,37,24889,291,brier_miscalibration,6.966236093999822e-05,,,True
2012H2-R,R,gbm-50k,20260911,2022H1,37,24889,291,brier_discrimination,0.0001719099914831452,,,True
2012H2-R,R,gbm-50k,20260911,2022H1,37,24889,291,brier_uncertainty,0.01155521128136541,,,True
2012H2-R,R,gbm-50k,20260911,2022H1,37,24889,291,observed_over_expected,0.8361801054547013,0.7433283345608507,0.9373143712600042,True
2012H2-R,R,gbm-50k,20260911,2022H1,37,24889,291,log_oe,-0.1789112519539131,-0.2966174280247244,-0.06473654473227797,True
2012H2-R,R,gbm-50k,20260911,2022H1,37,24889,291,cox_intercept,-0.6359484992572446,-1.077348628833797,-0.19454836968069228,True
2012H2-R,R,gbm-50k,20260911,2022H1,37,24889,291,cox_slope,0.8800751113621911,0.7685661341584109,0.9915840885659712,True
2012H2-R,R,gbm-50k,20260911,2022H1,37,24889,291,psi,0.2962925741171208,,,True
2012H2-R,R,gbm-50k,20260911,2022H1,37,24889,291,psi_critical,0.0010181568675578935,,,True
2012H2-R,R,gbm-50k,20260911,2022H2,39,24859,373,auc,0.7759882048920442,0.7538640081602535,0.798112401623835,True
2012H2-R,R,gbm-50k,20260911,2022H2,39,24859,373,gini,0.5519764097840885,0.5077280163205069,0.59622480324767,True
2012H2-R,R,gbm-50k,20260911,2022H2,39,24859,373,ks,0.4534121265114234,,,True
2012H2-R,R,gbm-50k,20260911,2022H2,39,24859,373,brier,0.014533765272668147,,,True
2012H2-R,R,gbm-50k,20260911,2022H2,39,24859,373,brier_miscalibration,5.7284785753475634e-05,,,True
2012H2-R,R,gbm-50k,20260911,2022H2,39,24859,373,brier_discrimination,0.00030300680010409385,,,True
2012H2-R,R,gbm-50k,20260911,2022H2,39,24859,373,brier_uncertainty,0.014779487287018766,,,True
2012H2-R,R,gbm-50k,20260911,2022H2,39,24859,373,observed_over_expected,1.0493847982084308,0.946264874602167,1.160541084817393,True
2012H2-R,R,gbm-50k,20260911,2022H2,39,24859,373,log_oe,0.04820408599100208,-0.0552327548273003,0.1488863487919442,True
2012H2-R,R,gbm-50k,20260911,2022H2,39,24859,373,cox_intercept,0.010943337198893961,-0.40821140104642517,0.4300980754442131,True
2012H2-R,R,gbm-50k,20260911,2022H2,39,24859,373,cox_slope,0.9896075864356545,0.8815131238917369,1.0977020489795721,True
2012H2-R,R,gbm-50k,20260911,2022H2,39,24859,373,psi,0.4001203043436174,,,True
2012H2-R,R,gbm-50k,20260911,2022H2,39,24859,373,psi_critical,0.001018977227164634,,,True
2012H2-R,R,gbm-50k,20260911,2023H1,41,24882,381,auc,0.771691251340001,0.7510690982358025,0.7923134044441996,True
2012H2-R,R,gbm-50k,20260911,2023H1,41,24882,381,gini,0.5433825026800021,0.502138196471605,0.5846268088883992,True
2012H2-R,R,gbm-50k,20260911,2023H1,41,24882,381,ks,0.4229928587198915,,,True
2012H2-R,R,gbm-50k,20260911,2023H1,41,24882,381,brier,0.014856910140286346,,,True
2012H2-R,R,gbm-50k,20260911,2023H1,41,24882,381,brier_miscalibration,6.022778538994876e-05,,,True
2012H2-R,R,gbm-50k,20260911,2023H1,41,24882,381,brier_discrimination,0.00028112584506907387,,,True
2012H2-R,R,gbm-50k,20260911,2023H1,41,24882,381,brier_uncertainty,0.015077808199965471,,,True
2012H2-R,R,gbm-50k,20260911,2023H1,41,24882,381,observed_over_expected,1.0882054921037696,0.9823857358224146,1.202177298001805,True
2012H2-R,R,gbm-50k,20260911,2023H1,41,24882,381,log_oe,0.08453000201869584,-0.017771241419412078,0.1841343277329341,True
2012H2-R,R,gbm-50k,20260911,2023H1,41,24882,381,cox_intercept,-0.08829685837239347,-0.5021436366597515,0.32554991991496457,True
2012H2-R,R,gbm-50k,20260911,2023H1,41,24882,381,cox_slope,0.953378468205527,0.847643282842055,1.059113653568999,True
2012H2-R,R,gbm-50k,20260911,2023H1,41,24882,381,psi,0.34872792507413775,,,True
2012H2-R,R,gbm-50k,20260911,2023H1,41,24882,381,psi_critical,0.0010183481078604518,,,True
2012H2-R,R,gbm-50k,20260911,2023H2,43,24866,363,auc,0.8112378773206946,0.7921759364328077,0.8302998182085816,True
2012H2-R,R,gbm-50k,20260911,2023H2,43,24866,363,gini,0.6224757546413893,0.5843518728656154,0.6605996364171631,True
2012H2-R,R,gbm-50k,20260911,2023H2,43,24866,363,ks,0.4870805160305889,,,True
2012H2-R,R,gbm-50k,20260911,2023H2,43,24866,363,brier,0.01405042305527618,,,True
2012H2-R,R,gbm-50k,20260911,2023H2,43,24866,363,brier_miscalibration,6.24709458366575e-05,,,True
2012H2-R,R,gbm-50k,20260911,2023H2,43,24866,363,brier_discrimination,0.0003971856884995052,,,True
2012H2-R,R,gbm-50k,20260911,2023H2,43,24866,363,brier_uncertainty,0.014385137797939028,,,True
2012H2-R,R,gbm-50k,20260911,2023H2,43,24866,363,observed_over_expected,1.0656105592270222,0.9594811334530685,1.1801343758640426,True
2012H2-R,R,gbm-50k,20260911,2023H2,43,24866,363,log_oe,0.06354792993940982,-0.04136262662184402,0.16562830984486668,True
2012H2-R,R,gbm-50k,20260911,2023H2,43,24866,363,cox_intercept,0.48669474466893514,0.070770002315941,0.9026194870219293,True
2012H2-R,R,gbm-50k,20260911,2023H2,43,24866,363,cox_slope,1.113749410384571,1.003538940549222,1.22395988021992,True
2012H2-R,R,gbm-50k,20260911,2023H2,43,24866,363,psi,0.2795362559333907,,,True
2012H2-R,R,gbm-50k,20260911,2023H2,43,24866,363,psi_critical,0.0010187856328701956,,,True
2012H2-R,R,gbm-50k,20260912,2013H1,1,24341,85,auc,0.844814139376067,0.8065473015410402,0.8830809772110938,False
2012H2-R,R,gbm-50k,20260912,2013H1,1,24341,85,gini,0.689628278752134,0.6130946030820803,0.7661619544221876,False
2012H2-R,R,gbm-50k,20260912,2013H1,1,24341,85,ks,0.5394798618655905,,,False
2012H2-R,R,gbm-50k,20260912,2013H1,1,24341,85,brier,0.0037275748885340554,,,False
2012H2-R,R,gbm-50k,20260912,2013H1,1,24341,85,brier_miscalibration,0.00032473136960637153,,,False
2012H2-R,R,gbm-50k,20260912,2013H1,1,24341,85,brier_discrimination,7.701251458622476e-05,,,False
2012H2-R,R,gbm-50k,20260912,2013H1,1,24341,85,brier_uncertainty,0.0034798560335139086,,,False
2012H2-R,R,gbm-50k,20260912,2013H1,1,24341,85,observed_over_expected,0.27595966091124385,0.2204997792246974,0.3410873995978352,False
2012H2-R,R,gbm-50k,20260912,2013H1,1,24341,85,log_oe,-1.287500580065515,-1.5118585853442754,-1.0756165307328611,False
2012H2-R,R,gbm-50k,20260912,2013H1,1,24341,85,cox_intercept,-1.0374519070154888,-1.6793592186259105,-0.39554459540506726,False
2012H2-R,R,gbm-50k,20260912,2013H1,1,24341,85,cox_slope,1.0825789107605428,0.9056127889569576,1.259545032564128,False
2012H2-R,R,gbm-50k,20260912,2013H1,1,24341,85,psi,0.03749395305311841,,,False
2012H2-R,R,gbm-50k,20260912,2013H1,1,24341,85,psi_critical,0.0010334610033318997,,,False
2012H2-R,R,gbm-50k,20260912,2013H2,3,23974,142,auc,0.8429623562117924,0.8128091243715105,0.8731155880520742,True
2012H2-R,R,gbm-50k,20260912,2013H2,3,23974,142,gini,0.6859247124235848,0.6256182487430211,0.7462311761041485,True
2012H2-R,R,gbm-50k,20260912,2013H2,3,23974,142,ks,0.5419426596504168,,,True
2012H2-R,R,gbm-50k,20260912,2013H2,3,23974,142,brier,0.005991999476545059,,,True
2012H2-R,R,gbm-50k,20260912,2013H2,3,23974,142,brier_miscalibration,0.00021384825730449974,,,True
2012H2-R,R,gbm-50k,20260912,2013H2,3,23974,142,brier_discrimination,0.00010984920478878443,,,True
2012H2-R,R,gbm-50k,20260912,2013H2,3,23974,142,brier_uncertainty,0.005888000424029344,,,True
2012H2-R,R,gbm-50k,20260912,2013H2,3,23974,142,observed_over_expected,0.43339944877052006,0.3652119246784384,0.510561095884475,True
2012H2-R,R,gbm-50k,20260912,2013H2,3,23974,142,log_oe,-0.8360954617530452,-1.0072774783342766,-0.6722449700182902,True
2012H2-R,R,gbm-50k,20260912,2013H2,3,23974,142,cox_intercept,-0.4722490896586913,-0.9966646246811701,0.05216644536378756,True
2012H2-R,R,gbm-50k,20260912,2013H2,3,23974,142,cox_slope,1.1116110764879257,0.9668928743222237,1.2563292786536275,True
2012H2-R,R,gbm-50k,20260912,2013H2,3,23974,142,psi,0.1336149321653917,,,True
2012H2-R,R,gbm-50k,20260912,2013H2,3,23974,142,psi_critical,0.001044101484378237,,,True
2012H2-R,R,gbm-50k,20260912,2014H1,5,24341,137,auc,0.8162694348644792,0.7814366911858671,0.8511021785430913,True
2012H2-R,R,gbm-50k,20260912,2014H1,5,24341,137,gini,0.6325388697289585,0.5628733823717342,0.7022043570861827,True
2012H2-R,R,gbm-50k,20260912,2014H1,5,24341,137,ks,0.5016300014354869,,,True
2012H2-R,R,gbm-50k,20260912,2014H1,5,24341,137,brier,0.005678069929139749,,,True
2012H2-R,R,gbm-50k,20260912,2014H1,5,24341,137,brier_miscalibration,0.00020803164575368058,,,True
2012H2-R,R,gbm-50k,20260912,2014H1,5,24341,137,brier_discrimination,0.00012664690529660006,,,True
2012H2-R,R,gbm-50k,20260912,2014H1,5,24341,137,brier_uncertainty,0.005596685188682668,,,True
2012H2-R,R,gbm-50k,20260912,2014H1,5,24341,137,observed_over_expected,0.4530332238683094,0.3805154627916209,0.5352845258463388,True
2012H2-R,R,gbm-50k,20260912,2014H1,5,24341,137,log_oe,-0.791789814315839,-0.9662284644203695,-0.6249568494425523,True
2012H2-R,R,gbm-50k,20260912,2014H1,5,24341,137,cox_intercept,-0.5716025510933446,-1.1383573957798956,-0.0048477064067935505,True
2012H2-R,R,gbm-50k,20260912,2014H1,5,24341,137,cox_slope,1.0657130947794422,0.9178987220473857,1.2135274675114986,True
2012H2-R,R,gbm-50k,20260912,2014H1,5,24341,137,psi,0.15476304115104866,,,True
2012H2-R,R,gbm-50k,20260912,2014H1,5,24341,137,psi_critical,0.0010334610033318997,,,True
2012H2-R,R,gbm-50k,20260912,2014H2,7,24213,99,auc,0.8090411035795458,0.7687542816774572,0.8493279254816345,False
2012H2-R,R,gbm-50k,20260912,2014H2,7,24213,99,gini,0.6180822071590917,0.5375085633549144,0.698655850963269,False
2012H2-R,R,gbm-50k,20260912,2014H2,7,24213,99,ks,0.49525863260623154,,,False
2012H2-R,R,gbm-50k,20260912,2014H2,7,24213,99,brier,0.004172655837547363,,,False
2012H2-R,R,gbm-50k,20260912,2014H2,7,24213,99,brier_miscalibration,0.00018692482789284953,,,False
2012H2-R,R,gbm-50k,20260912,2014H2,7,24213,99,brier_discrimination,8.62640940159972e-05,,,False
2012H2-R,R,gbm-50k,20260912,2014H2,7,24213,99,brier_uncertainty,0.004071995103670511,,,False
2012H2-R,R,gbm-50k,20260912,2014H2,7,24213,99,observed_over_expected,0.3660124765503916,0.2975847520799432,0.44540881401121146,False
2012H2-R,R,gbm-50k,20260912,2014H2,7,24213,99,log_oe,-1.0050878572262891,-1.212056213626337,-0.8087627353757479,False
2012H2-R,R,gbm-50k,20260912,2014H2,7,24213,99,cox_intercept,-0.7302581482546302,-1.4382941968042582,-0.02222209970500233,False
2012H2-R,R,gbm-50k,20260912,2014H2,7,24213,99,cox_slope,1.0773646382735365,0.8983407136873429,1.25638856285973,False
2012H2-R,R,gbm-50k,20260912,2014H2,7,24213,99,psi,0.11190675982526092,,,False
2012H2-R,R,gbm-50k,20260912,2014H2,7,24213,99,psi_critical,0.001037135493306651,,,False
2012H2-R,R,gbm-50k,20260912,2015H1,9,24159,83,auc,0.8171392998476712,0.7714690617670941,0.8628095379282483,False
2012H2-R,R,gbm-50k,20260912,2015H1,9,24159,83,gini,0.6342785996953424,0.5429381235341881,0.7256190758564967,False
2012H2-R,R,gbm-50k,20260912,2015H1,9,24159,83,ks,0.5404872522153742,,,False
2012H2-R,R,gbm-50k,20260912,2015H1,9,24159,83,brier,0.003506404651870286,,,False
2012H2-R,R,gbm-50k,20260912,2015H1,9,24159,83,brier_miscalibration,0.00012496381458546165,,,False
2012H2-R,R,gbm-50k,20260912,2015H1,9,24159,83,brier_discrimination,4.232866761406159e-05,,,False
2012H2-R,R,gbm-50k,20260912,2015H1,9,24159,83,brier_uncertainty,0.003423769504898886,,,False
2012H2-R,R,gbm-50k,20260912,2015H1,9,24159,83,observed_over_expected,0.3436789378333629,0.2738284829556351,0.42586626628079066,False
2012H2-R,R,gbm-50k,20260912,2015H1,9,24159,83,log_oe,-1.0680473776751278,-1.2952533432124462,-0.8536299109170964,False
2012H2-R,R,gbm-50k,20260912,2015H1,9,24159,83,cox_intercept,-0.5251055108471953,-1.3234858076033416,0.27327478590895105,False
2012H2-R,R,gbm-50k,20260912,2015H1,9,24159,83,cox_slope,1.142995886098917,0.9437499370194877,1.342241835178346,False
2012H2-R,R,gbm-50k,20260912,2015H1,9,24159,83,psi,0.05906363918036115,,,False
2012H2-R,R,gbm-50k,20260912,2015H1,9,24159,83,psi_critical,0.0010386973468943645,,,False
2012H2-R,R,gbm-50k,20260912,2015H2,11,24159,130,auc,0.7986791601174221,0.7636031720036609,0.8337551482311834,True
2012H2-R,R,gbm-50k,20260912,2015H2,11,24159,130,gini,0.5973583202348443,0.5272063440073218,0.6675102964623667,True
2012H2-R,R,gbm-50k,20260912,2015H2,11,24159,130,ks,0.4548526299951661,,,True
2012H2-R,R,gbm-50k,20260912,2015H2,11,24159,130,brier,0.005396213514999146,,,True
2012H2-R,R,gbm-50k,20260912,2015H2,11,24159,130,brier_miscalibration,0.0001062599808342923,,,True
2012H2-R,R,gbm-50k,20260912,2015H2,11,24159,130,brier_discrimination,6.2108543511857e-05,,,True
2012H2-R,R,gbm-50k,20260912,2015H2,11,24159,130,brier_uncertainty,0.005352062077676711,,,True
2012H2-R,R,gbm-50k,20260912,2015H2,11,24159,130,observed_over_expected,0.48780558657359174,0.4077325225794711,0.5789371599427493,True
2012H2-R,R,gbm-50k,20260912,2015H2,11,24159,130,log_oe,-0.7178383406755086,-0.8971439014788253,-0.5465613393496903,True
2012H2-R,R,gbm-50k,20260912,2015H2,11,24159,130,cox_intercept,-0.4841911046581114,-1.1510190601155557,0.18263685079933284,True
2012H2-R,R,gbm-50k,20260912,2015H2,11,24159,130,cox_slope,1.0637766402529656,0.8979726724477728,1.2295806080581584,True
2012H2-R,R,gbm-50k,20260912,2015H2,11,24159,130,psi,0.10671872016889615,,,True
2012H2-R,R,gbm-50k,20260912,2015H2,11,24159,130,psi_critical,0.0010386973468943645,,,True
2012H2-R,R,gbm-50k,20260912,2016H1,13,24632,115,auc,0.8189756530960771,0.781579253318553,0.8563720528736012,True
2012H2-R,R,gbm-50k,20260912,2016H1,13,24632,115,gini,0.6379513061921542,0.5631585066371061,0.7127441057472024,True
2012H2-R,R,gbm-50k,20260912,2016H1,13,24632,115,ks,0.529045152343272,,,True
2012H2-R,R,gbm-50k,20260912,2016H1,13,24632,115,brier,0.004717748638805767,,,True
2012H2-R,R,gbm-50k,20260912,2016H1,13,24632,115,brier_miscalibration,0.0001223828842864304,,,True
2012H2-R,R,gbm-50k,20260912,2016H1,13,24632,115,brier_discrimination,5.1560876881700905e-05,,,True
2012H2-R,R,gbm-50k,20260912,2016H1,13,24632,115,brier_uncertainty,0.004646926631401037,,,True
2012H2-R,R,gbm-50k,20260912,2016H1,13,24632,115,observed_over_expected,0.4329445247759644,0.3575785698374677,0.5194410846549445,True
2012H2-R,R,gbm-50k,20260912,2016H1,13,24632,115,log_oe,-0.8371456774878109,-1.0284001652260906,-0.655001882660444,True
2012H2-R,R,gbm-50k,20260912,2016H1,13,24632,115,cox_intercept,-0.3707688893712099,-1.0806018226550052,0.3390640439125855,True
2012H2-R,R,gbm-50k,20260912,2016H1,13,24632,115,cox_slope,1.123561433904763,0.9455466230687984,1.3015762447407278,True
2012H2-R,R,gbm-50k,20260912,2016H1,13,24632,115,psi,0.10396224818295786,,,True
2012H2-R,R,gbm-50k,20260912,2016H1,13,24632,115,psi_critical,0.001025249380146178,,,True
2012H2-R,R,gbm-50k,20260912,2016H2,15,24760,121,auc,0.7931123774409917,0.7555105738463918,0.8307141810355917,True
2012H2-R,R,gbm-50k,20260912,2016H2,15,24760,121,gini,0.5862247548819834,0.5110211476927835,0.6614283620711834,True
2012H2-R,R,gbm-50k,20260912,2016H2,15,24760,121,ks,0.46351430356831996,,,True
2012H2-R,R,gbm-50k,20260912,2016H2,15,24760,121,brier,0.004895594948574397,,,True
2012H2-R,R,gbm-50k,20260912,2016H2,15,24760,121,brier_miscalibration,8.701927728547044e-05,,,True
2012H2-R,R,gbm-50k,20260912,2016H2,15,24760,121,brier_discrimination,5.4456774601965505e-05,,,True
2012H2-R,R,gbm-50k,20260912,2016H2,15,24760,121,brier_uncertainty,0.004863032445890892,,,True
2012H2-R,R,gbm-50k,20260912,2016H2,15,24760,121,observed_over_expected,0.48273936845717735,0.4007230909176515,0.5765370499434161,True
2012H2-R,R,gbm-50k,20260912,2016H2,15,24760,121,log_oe,-0.7282783807908472,-0.9144846365525331,-0.5507156743069831,True
2012H2-R,R,gbm-50k,20260912,2016H2,15,24760,121,cox_intercept,-0.49575049133417637,-1.228064593620053,0.2365636109517002,True
2012H2-R,R,gbm-50k,20260912,2016H2,15,24760,121,cox_slope,1.0612445727866966,0.8835836356671637,1.2389055099062296,True
2012H2-R,R,gbm-50k,20260912,2016H2,15,24760,121,psi,0.059128437242036154,,,True
2012H2-R,R,gbm-50k,20260912,2016H2,15,24760,121,psi_critical,0.0010216985183533315,,,True
2012H2-R,R,gbm-50k,20260912,2017H1,17,24541,162,auc,0.7859390215926579,0.7566810557754218,0.8151969874098941,True
2012H2-R,R,gbm-50k,20260912,2017H1,17,24541,162,gini,0.5718780431853159,0.5133621115508435,0.6303939748197882,True
2012H2-R,R,gbm-50k,20260912,2017H1,17,24541,162,ks,0.46293561702315134,,,True
2012H2-R,R,gbm-50k,20260912,2017H1,17,24541,162,brier,0.006606349659222085,,,True
2012H2-R,R,gbm-50k,20260912,2017H1,17,24541,162,brier_miscalibration,0.00011386908045363155,,,True
2012H2-R,R,gbm-50k,20260912,2017H1,17,24541,162,brier_discrimination,6.514160145154341e-05,,,True
2012H2-R,R,gbm-50k,20260912,2017H1,17,24541,162,brier_uncertainty,0.006557622180219997,,,True
2012H2-R,R,gbm-50k,20260912,2017H1,17,24541,162,observed_over_expected,0.5457292203046622,0.4651456340616533,0.636187275157575,True
2012H2-R,R,gbm-50k,20260912,2017H1,17,24541,162,log_oe,-0.6056323597608723,-0.7654047308985731,-0.4522623011912737,True
2012H2-R,R,gbm-50k,20260912,2017H1,17,24541,162,cox_intercept,-0.6117954522790945,-1.2352434737701263,0.011652569211937247,True
2012H2-R,R,gbm-50k,20260912,2017H1,17,24541,162,cox_slope,1.0021241975225614,0.8470178667100445,1.1572305283350783,True
2012H2-R,R,gbm-50k,20260912,2017H1,17,24541,162,psi,0.1905978404578379,,,True
2012H2-R,R,gbm-50k,20260912,2017H1,17,24541,162,psi_critical,0.001027796348662249,,,True
2012H2-R,R,gbm-50k,20260912,2017H2,19,24680,143,auc,0.8193815191614433,0.7884457047867209,0.8503173335361657,True
2012H2-R,R,gbm-50k,20260912,2017H2,19,24680,143,gini,0.6387630383228866,0.5768914095734419,0.7006346670723314,True
2012H2-R,R,gbm-50k,20260912,2017H2,19,24680,143,ks,0.5206913150427027,,,True
2012H2-R,R,gbm-50k,20260912,2017H2,19,24680,143,brier,0.005755586259079762,,,True
2012H2-R,R,gbm-50k,20260912,2017H2,19,24680,143,brier_miscalibration,0.00011887007847413526,,,True
2012H2-R,R,gbm-50k,20260912,2017H2,19,24680,143,brier_discrimination,0.00012387678373009144,,,True
2012H2-R,R,gbm-50k,20260912,2017H2,19,24680,143,brier_uncertainty,0.005760592964335718,,,True
2012H2-R,R,gbm-50k,20260912,2017H2,19,24680,143,observed_over_expected,0.48412515059895833,0.40820826193768395,0.5699980618056134,True
2012H2-R,R,gbm-50k,20260912,2017H2,19,24680,143,log_oe,-0.7254118300727361,-0.8959777888854848,-0.5621223185003515,True
2012H2-R,R,gbm-50k,20260912,2017H2,19,24680,143,cox_intercept,0.14367821157865873,-0.5263210096180457,0.8136774327753633,True
2012H2-R,R,gbm-50k,20260912,2017H2,19,24680,143,cox_slope,1.2318707409928045,1.057083306298956,1.406658175686653,True
2012H2-R,R,gbm-50k,20260912,2017H2,19,24680,143,psi,0.19742013286770407,,,True
2012H2-R,R,gbm-50k,20260912,2017H2,19,24680,143,psi_critical,0.0010239134906912925,,,True
2012H2-R,R,gbm-50k,20260912,2018H1,21,24416,148,auc,0.7761118523336258,0.7392844442385738,0.8129392604286778,True
2012H2-R,R,gbm-50k,20260912,2018H1,21,24416,148,gini,0.5522237046672516,0.4785688884771475,0.6258785208573556,True
2012H2-R,R,gbm-50k,20260912,2018H1,21,24416,148,ks,0.4366321571282837,,,True
2012H2-R,R,gbm-50k,20260912,2018H1,21,24416,148,brier,0.0060710649446985175,,,True
2012H2-R,R,gbm-50k,20260912,2018H1,21,24416,148,brier_miscalibration,0.00011019294134273494,,,True
2012H2-R,R,gbm-50k,20260912,2018H1,21,24416,148,brier_discrimination,6.398396630251206e-05,,,True
2012H2-R,R,gbm-50k,20260912,2018H1,21,24416,148,brier_uncertainty,0.006024855969658295,,,True
2012H2-R,R,gbm-50k,20260912,2018H1,21,24416,148,observed_over_expected,0.4963886190029504,0.4198273475986549,0.5828034135083843,True
2012H2-R,R,gbm-50k,20260912,2018H1,21,24416,148,log_oe,-0.7003961529835102,-0.8679117293661551,-0.5399053475945332,True
2012H2-R,R,gbm-50k,20260912,2018H1,21,24416,148,cox_intercept,-0.5766367094888539,-1.2475229981714864,0.09424957919377863,True
2012H2-R,R,gbm-50k,20260912,2018H1,21,24416,148,cox_slope,1.0357248003642265,0.8677007712231347,1.2037488295053183,True
2012H2-R,R,gbm-50k,20260912,2018H1,21,24416,148,psi,0.22485524228644663,,,True
2012H2-R,R,gbm-50k,20260912,2018H1,21,24416,148,psi_critical,0.0010313258825568766,,,True
2012H2-R,R,gbm-50k,20260912,2018H2,23,24543,146,auc,0.7676735462085221,0.7277334517713807,0.8076136406456635,True
2012H2-R,R,gbm-50k,20260912,2018H2,23,24543,146,gini,0.5353470924170443,0.4554669035427614,0.6152272812913271,True
2012H2-R,R,gbm-50k,20260912,2018H2,23,24543,146,ks,0.4417029154157176,,,True
2012H2-R,R,gbm-50k,20260912,2018H2,23,24543,146,brier,0.005968851836060768,,,True
2012H2-R,R,gbm-50k,20260912,2018H2,23,24543,146,brier_miscalibration,0.00011150277754372242,,,True
2012H2-R,R,gbm-50k,20260912,2018H2,23,24543,146,brier_discrimination,5.600642038619541e-05,,,True
2012H2-R,R,gbm-50k,20260912,2018H2,23,24543,146,brier_uncertainty,0.005913355478903241,,,True
2012H2-R,R,gbm-50k,20260912,2018H2,23,24543,146,observed_over_expected,0.47652324192088114,0.4025420781923561,0.5600970816798777,True
2012H2-R,R,gbm-50k,20260912,2018H2,23,24543,146,log_oe,-0.7412387807481703,-0.9099556454948525,-0.5796451501354364,True
2012H2-R,R,gbm-50k,20260912,2018H2,23,24543,146,cox_intercept,-0.6815509594750851,-1.3723341167708587,0.009232197820688515,True
2012H2-R,R,gbm-50k,20260912,2018H2,23,24543,146,cox_slope,1.0193312293560401,0.8465393119915514,1.1921231467205289,True
2012H2-R,R,gbm-50k,20260912,2018H2,23,24543,146,psi,0.2627541255124589,,,True
2012H2-R,R,gbm-50k,20260912,2018H2,23,24543,146,psi_critical,0.0010277401683422742,,,True
2012H2-R,R,gbm-50k,20260912,2019H1,25,24752,110,auc,0.7034372210047888,0.6546771925392577,0.7521972494703199,True
2012H2-R,R,gbm-50k,20260912,2019H1,25,24752,110,gini,0.40687444200957756,0.3093543850785154,0.5043944989406397,True
2012H2-R,R,gbm-50k,20260912,2019H1,25,24752,110,ks,0.3001911001911002,,,True
2012H2-R,R,gbm-50k,20260912,2019H1,25,24752,110,brier,0.004559427983491304,,,True
2012H2-R,R,gbm-50k,20260912,2019H1,25,24752,110,brier_miscalibration,0.00016528096176904056,,,True
2012H2-R,R,gbm-50k,20260912,2019H1,25,24752,110,brier_discrimination,3.018841032734025e-05,,,True
2012H2-R,R,gbm-50k,20260912,2019H1,25,24752,110,brier_uncertainty,0.004424335432049603,,,True
2012H2-R,R,gbm-50k,20260912,2019H1,25,24752,110,observed_over_expected,0.37114922317879034,0.30515425382111944,0.44713098620097214,True
2012H2-R,R,gbm-50k,20260912,2019H1,25,24752,110,log_oe,-0.9911510784322484,-1.1869378799900916,-0.804903693287998,True
2012H2-R,R,gbm-50k,20260912,2019H1,25,24752,110,cox_intercept,-1.8759887397695547,-2.7145468908421932,-1.0374305886969164,True
2012H2-R,R,gbm-50k,20260912,2019H1,25,24752,110,cox_slope,0.7859035013738063,0.5887021238817269,0.9831048788658856,True
2012H2-R,R,gbm-50k,20260912,2019H1,25,24752,110,psi,0.2604298772643927,,,True
2012H2-R,R,gbm-50k,20260912,2019H1,25,24752,110,psi_critical,0.0010219193712836033,,,True
2012H2-R,R,gbm-50k,20260912,2019H2,27,24861,136,auc,0.699142032950693,0.655018612216172,0.743265453685214,True
2012H2-R,R,gbm-50k,20260912,2019H2,27,24861,136,gini,0.398284065901386,0.31003722443234394,0.48653090737042803,True
2012H2-R,R,gbm-50k,20260912,2019H2,27,24861,136,ks,0.32285998929399873,,,True
2012H2-R,R,gbm-50k,20260912,2019H2,27,24861,136,brier,0.005514130321215217,,,True
2012H2-R,R,gbm-50k,20260912,2019H2,27,24861,136,brier_miscalibration,9.857400673060537e-05,,,True
2012H2-R,R,gbm-50k,20260912,2019H2,27,24861,136,brier_discrimination,2.4933749897665218e-05,,,True
2012H2-R,R,gbm-50k,20260912,2019H2,27,24861,136,brier_uncertainty,0.0054404900643822765,,,True
2012H2-R,R,gbm-50k,20260912,2019H2,27,24861,136,observed_over_expected,0.5219156671801469,0.43807335458784336,0.6170586663666605,True
2012H2-R,R,gbm-50k,20260912,2019H2,27,24861,136,log_oe,-0.6502492612774119,-0.8253689064003159,-0.48279117634458907,True
2012H2-R,R,gbm-50k,20260912,2019H2,27,24861,136,cox_intercept,-1.7493927392198263,-2.5188751015178092,-0.9799103769218435,True
2012H2-R,R,gbm-50k,20260912,2019H2,27,24861,136,cox_slope,0.7411507199382121,0.5672616400094471,0.9150397998669771,True
2012H2-R,R,gbm-50k,20260912,2019H2,27,24861,136,psi,0.13227496565403354,,,True
2012H2-R,R,gbm-50k,20260912,2019H2,27,24861,136,psi_critical,0.0010189224749281936,,,True
2012H2-R,R,gbm-50k,20260912,2020H1,29,24880,111,auc,0.6611328313254109,0.608979361635858,0.7132863010149638,True
2012H2-R,R,gbm-50k,20260912,2020H1,29,24880,111,gini,0.3222656626508218,0.21795872327171595,0.42657260202992764,True
2012H2-R,R,gbm-50k,20260912,2020H1,29,24880,111,ks,0.2687386405340299,,,True
2012H2-R,R,gbm-50k,20260912,2020H1,29,24880,111,brier,0.004512604103289093,,,True
2012H2-R,R,gbm-50k,20260912,2020H1,29,24880,111,brier_miscalibration,8.448809530104719e-05,,,True
2012H2-R,R,gbm-50k,20260912,2020H1,29,24880,111,brier_discrimination,1.3394561071414061e-05,,,True
2012H2-R,R,gbm-50k,20260912,2020H1,29,24880,111,brier_uncertainty,0.00444151056905946,,,True
2012H2-R,R,gbm-50k,20260912,2020H1,29,24880,111,observed_over_expected,0.5167334716846123,0.42524682193328567,0.6219966340289694,True
2012H2-R,R,gbm-50k,20260912,2020H1,29,24880,111,log_oe,-0.66022806606075,-0.8550855211420034,-0.47482059778658803,True
2012H2-R,R,gbm-50k,20260912,2020H1,29,24880,111,cox_intercept,-2.4301761021630046,-3.3126940824869027,-1.5476581218391066,True
2012H2-R,R,gbm-50k,20260912,2020H1,29,24880,111,cox_slope,0.6040834644854145,0.41815441984324725,0.7900125091275818,True
2012H2-R,R,gbm-50k,20260912,2020H1,29,24880,111,psi,0.02752311935065343,,,True
2012H2-R,R,gbm-50k,20260912,2020H1,29,24880,111,psi_critical,0.0010184027677122018,,,True
2012H2-R,R,gbm-50k,20260912,2020H2,31,24919,71,auc,0.6884933635943153,0.6222446202121904,0.7547421069764403,False
2012H2-R,R,gbm-50k,20260912,2020H2,31,24919,71,gini,0.3769867271886307,0.2444892404243808,0.5094842139528806,False
2012H2-R,R,gbm-50k,20260912,2020H2,31,24919,71,ks,0.3343454966761289,,,False
2012H2-R,R,gbm-50k,20260912,2020H2,31,24919,71,brier,0.002901874297152748,,,False
2012H2-R,R,gbm-50k,20260912,2020H2,31,24919,71,brier_miscalibration,6.987138749781725e-05,,,False
2012H2-R,R,gbm-50k,20260912,2020H2,31,24919,71,brier_discrimination,9.110480239664116e-06,,,False
2012H2-R,R,gbm-50k,20260912,2020H2,31,24919,71,brier_uncertainty,0.002841113389894595,,,False
2012H2-R,R,gbm-50k,20260912,2020H2,31,24919,71,observed_over_expected,0.3864960489107685,0.3019448189449266,0.48733057405163804,False
2012H2-R,R,gbm-50k,20260912,2020H2,31,24919,71,log_oe,-0.9506336337474861,-1.1975109970277762,-0.7188125893572949,False
2012H2-R,R,gbm-50k,20260912,2020H2,31,24919,71,cox_intercept,-2.285442611154718,-3.40738130030498,-1.1635039220044565,False
2012H2-R,R,gbm-50k,20260912,2020H2,31,24919,71,cox_slope,0.7095249560166303,0.4759371483387285,0.9431127636945322,False
2012H2-R,R,gbm-50k,20260912,2020H2,31,24919,71,psi,0.017660510507695286,,,False
2012H2-R,R,gbm-50k,20260912,2020H2,31,24919,71,psi_critical,0.0010173384832140608,,,False
2012H2-R,R,gbm-50k,20260912,2021H1,33,24909,90,auc,0.7421487122321163,0.6922907429088255,0.7920066815554071,False
2012H2-R,R,gbm-50k,20260912,2021H1,33,24909,90,gini,0.48429742446423263,0.38458148581765106,0.5840133631108142,False
2012H2-R,R,gbm-50k,20260912,2021H1,33,24909,90,ks,0.3974065568045986,,,False
2012H2-R,R,gbm-50k,20260912,2021H1,33,24909,90,brier,0.0036706259668382725,,,False
2012H2-R,R,gbm-50k,20260912,2021H1,33,24909,90,brier_miscalibration,8.512521120541397e-05,,,False
2012H2-R,R,gbm-50k,20260912,2021H1,33,24909,90,brier_discrimination,1.4596250728153917e-05,,,False
2012H2-R,R,gbm-50k,20260912,2021H1,33,24909,90,brier_uncertainty,0.0036000970063610124,,,False
2012H2-R,R,gbm-50k,20260912,2021H1,33,24909,90,observed_over_expected,0.4252855258512434,0.34209407030027844,0.5225315603114162,False
2012H2-R,R,gbm-50k,20260912,2021H1,33,24909,90,log_oe,-0.8549945100991306,-1.0726695203838823,-0.6490698944574416,False
2012H2-R,R,gbm-50k,20260912,2021H1,33,24909,90,cox_intercept,-1.5290360076769098,-2.4507719711025757,-0.607300044251244,False
2012H2-R,R,gbm-50k,20260912,2021H1,33,24909,90,cox_slope,0.8471032519509272,0.6430702047479302,1.0511362991539241,False
2012H2-R,R,gbm-50k,20260912,2021H1,33,24909,90,psi,0.015757830789848427,,,False
2012H2-R,R,gbm-50k,20260912,2021H1,33,24909,90,psi_critical,0.001017611058962233,,,False
2012H2-R,R,gbm-50k,20260912,2021H2,35,24929,136,auc,0.7693244179452928,0.7308861069060647,0.807762728984521,True
2012H2-R,R,gbm-50k,20260912,2021H2,35,24929,136,gini,0.5386488358905857,0.4617722138121294,0.6155254579690419,True
2012H2-R,R,gbm-50k,20260912,2021H2,35,24929,136,ks,0.40457992175210744,,,True
2012H2-R,R,gbm-50k,20260912,2021H2,35,24929,136,brier,0.005452304852048357,,,True
2012H2-R,R,gbm-50k,20260912,2021H2,35,24929,136,brier_miscalibration,8.71026246836732e-05,,,True
2012H2-R,R,gbm-50k,20260912,2021H2,35,24929,136,brier_discrimination,6.052896402491178e-05,,,True
2012H2-R,R,gbm-50k,20260912,2021H2,35,24929,136,brier_uncertainty,0.005425731191389596,,,True
2012H2-R,R,gbm-50k,20260912,2021H2,35,24929,136,observed_over_expected,0.5197717391956982,0.4362733329179644,0.6145247500868818,True
2012H2-R,R,gbm-50k,20260912,2021H2,35,24929,136,log_oe,-0.6543655268643586,-0.8294863216970102,-0.48690607399806846,True
2012H2-R,R,gbm-50k,20260912,2021H2,35,24929,136,cox_intercept,-0.6846557456198992,-1.3932115006590535,0.023900009419255186,True
2012H2-R,R,gbm-50k,20260912,2021H2,35,24929,136,cox_slope,0.9957311793977841,0.8254225648272127,1.1660397939683556,True
2012H2-R,R,gbm-50k,20260912,2021H2,35,24929,136,psi,0.0784149707428485,,,True
2012H2-R,R,gbm-50k,20260912,2021H2,35,24929,136,psi_critical,0.0010170661261475434,,,True
2012H2-R,R,gbm-50k,20260912,2022H1,37,24889,291,auc,0.7567884014820863,0.7305468007905459,0.7830300021736266,True
2012H2-R,R,gbm-50k,20260912,2022H1,37,24889,291,gini,0.5135768029641725,0.4610936015810918,0.5660600043472532,True
2012H2-R,R,gbm-50k,20260912,2022H1,37,24889,291,ks,0.39539632339566627,,,True
2012H2-R,R,gbm-50k,20260912,2022H1,37,24889,291,brier,0.011437302661877691,,,True
2012H2-R,R,gbm-50k,20260912,2022H1,37,24889,291,brier_miscalibration,4.415529561377016e-05,,,True
2012H2-R,R,gbm-50k,20260912,2022H1,37,24889,291,brier_discrimination,0.00016206391510148813,,,True
2012H2-R,R,gbm-50k,20260912,2022H1,37,24889,291,brier_uncertainty,0.01155521128136541,,,True
2012H2-R,R,gbm-50k,20260912,2022H1,37,24889,291,observed_over_expected,0.898366349448314,0.7986092445930625,1.0070219137017107,True
2012H2-R,R,gbm-50k,20260912,2022H1,37,24889,291,log_oe,-0.10717733234987918,-0.22488350842069055,0.006997374871755958,True
2012H2-R,R,gbm-50k,20260912,2022H1,37,24889,291,cox_intercept,-0.33001522835307473,-0.8141935552612583,0.1541630985551088,True
2012H2-R,R,gbm-50k,20260912,2022H1,37,24889,291,cox_slope,0.9434759653256577,0.8232671173434754,1.06368481330784,True
2012H2-R,R,gbm-50k,20260912,2022H1,37,24889,291,psi,0.26623488297517844,,,True
2012H2-R,R,gbm-50k,20260912,2022H1,37,24889,291,psi_critical,0.0010181568675578935,,,True
2012H2-R,R,gbm-50k,20260912,2022H2,39,24859,373,auc,0.7784407744952031,0.7564630459838972,0.800418503006509,True
2012H2-R,R,gbm-50k,20260912,2022H2,39,24859,373,gini,0.5568815489904062,0.5129260919677945,0.6008370060130179,True
2012H2-R,R,gbm-50k,20260912,2022H2,39,24859,373,ks,0.4364065125358059,,,True
2012H2-R,R,gbm-50k,20260912,2022H2,39,24859,373,brier,0.014511793998891988,,,True
2012H2-R,R,gbm-50k,20260912,2022H2,39,24859,373,brier_miscalibration,5.763210391276398e-05,,,True
2012H2-R,R,gbm-50k,20260912,2022H2,39,24859,373,brier_discrimination,0.00032532539203954103,,,True
2012H2-R,R,gbm-50k,20260912,2022H2,39,24859,373,brier_uncertainty,0.014779487287018766,,,True
2012H2-R,R,gbm-50k,20260912,2022H2,39,24859,373,observed_over_expected,1.1270831748846828,1.0163280628510043,1.2464696769890682,True
2012H2-R,R,gbm-50k,20260912,2022H2,39,24859,373,log_oe,0.11963303436162882,0.01619619354332631,0.22031529716257098,True
2012H2-R,R,gbm-50k,20260912,2022H2,39,24859,373,cox_intercept,0.5086432381772096,0.05418597211447773,0.9631005042399414,True
2012H2-R,R,gbm-50k,20260912,2022H2,39,24859,373,cox_slope,1.0998517542889126,0.9840480853021972,1.215655423275628,True
2012H2-R,R,gbm-50k,20260912,2022H2,39,24859,373,psi,0.37384928439134507,,,True
2012H2-R,R,gbm-50k,20260912,2022H2,39,24859,373,psi_critical,0.001018977227164634,,,True
2012H2-R,R,gbm-50k,20260912,2023H1,41,24882,381,auc,0.7774755778889951,0.7570552540946304,0.7978959016833599,True
2012H2-R,R,gbm-50k,20260912,2023H1,41,24882,381,gini,0.5549511557779903,0.5141105081892607,0.5957918033667198,True
2012H2-R,R,gbm-50k,20260912,2023H1,41,24882,381,ks,0.4262451765587585,,,True
2012H2-R,R,gbm-50k,20260912,2023H1,41,24882,381,brier,0.014832612244365651,,,True
2012H2-R,R,gbm-50k,20260912,2023H1,41,24882,381,brier_miscalibration,5.469667485539023e-05,,,True
2012H2-R,R,gbm-50k,20260912,2023H1,41,24882,381,brier_discrimination,0.0002998926304552101,,,True
2012H2-R,R,gbm-50k,20260912,2023H1,41,24882,381,brier_uncertainty,0.015077808199965471,,,True
2012H2-R,R,gbm-50k,20260912,2023H1,41,24882,381,observed_over_expected,1.172558328749524,1.0585358968887266,1.2953647207573509,True
2012H2-R,R,gbm-50k,20260912,2023H1,41,24882,381,log_oe,0.15918796743528862,0.05688672399718068,0.2587922931495269,True
2012H2-R,R,gbm-50k,20260912,2023H1,41,24882,381,cox_intercept,0.5260622493662842,0.06440573566532432,0.9877187630672442,True
2012H2-R,R,gbm-50k,20260912,2023H1,41,24882,381,cox_slope,1.0931977447573247,0.9762873897018298,1.2101080998128195,True
2012H2-R,R,gbm-50k,20260912,2023H1,41,24882,381,psi,0.3364670868840885,,,True
2012H2-R,R,gbm-50k,20260912,2023H1,41,24882,381,psi_critical,0.0010183481078604518,,,True
2012H2-R,R,gbm-50k,20260912,2023H2,43,24866,363,auc,0.8102225409178546,0.7905344529079943,0.8299106289277149,True
2012H2-R,R,gbm-50k,20260912,2023H2,43,24866,363,gini,0.6204450818357092,0.5810689058159886,0.6598212578554299,True
2012H2-R,R,gbm-50k,20260912,2023H2,43,24866,363,ks,0.49405880361644594,,,True
2012H2-R,R,gbm-50k,20260912,2023H2,43,24866,363,brier,0.014064146061246946,,,True
2012H2-R,R,gbm-50k,20260912,2023H2,43,24866,363,brier_miscalibration,6.491189951463548e-05,,,True
2012H2-R,R,gbm-50k,20260912,2023H2,43,24866,363,brier_discrimination,0.00038590363620671746,,,True
2012H2-R,R,gbm-50k,20260912,2023H2,43,24866,363,brier_uncertainty,0.014385137797939028,,,True
2012H2-R,R,gbm-50k,20260912,2023H2,43,24866,363,observed_over_expected,1.1333498311812555,1.0204739162958734,1.2551537558213717,True
2012H2-R,R,gbm-50k,20260912,2023H2,43,24866,363,log_oe,0.12517769977269225,0.02026714321143854,0.2272580796781492,True
2012H2-R,R,gbm-50k,20260912,2023H2,43,24866,363,cox_intercept,1.0044172223493535,0.5431537185088591,1.465680726189848,True
2012H2-R,R,gbm-50k,20260912,2023H2,43,24866,363,cox_slope,1.2292921508215897,1.1090393623100134,1.349544939333166,True
2012H2-R,R,gbm-50k,20260912,2023H2,43,24866,363,psi,0.27004793784968906,,,True
2012H2-R,R,gbm-50k,20260912,2023H2,43,24866,363,psi_critical,0.0010187856328701956,,,True
2012H2-R,R,gbm-50k,20260913,2013H1,1,24341,85,auc,0.8432804982151173,0.8023451736925381,0.8842158227376965,False
2012H2-R,R,gbm-50k,20260913,2013H1,1,24341,85,gini,0.6865609964302346,0.6046903473850762,0.768431645475393,False
2012H2-R,R,gbm-50k,20260913,2013H1,1,24341,85,ks,0.5368937218686948,,,False
2012H2-R,R,gbm-50k,20260913,2013H1,1,24341,85,brier,0.003947561420066649,,,False
2012H2-R,R,gbm-50k,20260913,2013H1,1,24341,85,brier_miscalibration,0.0005342006865746516,,,False
2012H2-R,R,gbm-50k,20260913,2013H1,1,24341,85,brier_discrimination,6.649530002191158e-05,,,False
2012H2-R,R,gbm-50k,20260913,2013H1,1,24341,85,brier_uncertainty,0.0034798560335139086,,,False
2012H2-R,R,gbm-50k,20260913,2013H1,1,24341,85,observed_over_expected,0.254059448660993,0.20300087394916344,0.3140186373649332,False
2012H2-R,R,gbm-50k,20260913,2013H1,1,24341,85,log_oe,-1.3701869895025638,-1.5945449947813242,-1.1583029401699099,False
2012H2-R,R,gbm-50k,20260913,2013H1,1,24341,85,cox_intercept,-1.6182715672146686,-2.179666716259227,-1.05687641817011,False
2012H2-R,R,gbm-50k,20260913,2013H1,1,24341,85,cox_slope,0.9405096635104142,0.7837015012018527,1.0973178258189757,False
2012H2-R,R,gbm-50k,20260913,2013H1,1,24341,85,psi,0.03723549655190651,,,False
2012H2-R,R,gbm-50k,20260913,2013H1,1,24341,85,psi_critical,0.0010334610033318997,,,False
2012H2-R,R,gbm-50k,20260913,2013H2,3,23974,142,auc,0.8394263069183817,0.807904171882231,0.8709484419545325,True
2012H2-R,R,gbm-50k,20260913,2013H2,3,23974,142,gini,0.6788526138367634,0.6158083437644619,0.7418968839090649,True
2012H2-R,R,gbm-50k,20260913,2013H2,3,23974,142,ks,0.5451948853240288,,,True
2012H2-R,R,gbm-50k,20260913,2013H2,3,23974,142,brier,0.006149454339425013,,,True
2012H2-R,R,gbm-50k,20260913,2013H2,3,23974,142,brier_miscalibration,0.00037013402507755835,,,True
2012H2-R,R,gbm-50k,20260913,2013H2,3,23974,142,brier_discrimination,0.00010868010968188933,,,True
2012H2-R,R,gbm-50k,20260913,2013H2,3,23974,142,brier_uncertainty,0.005888000424029344,,,True
2012H2-R,R,gbm-50k,20260913,2013H2,3,23974,142,observed_over_expected,0.40017166602311294,0.3372119294675469,0.4714174993214113,True
2012H2-R,R,gbm-50k,20260913,2013H2,3,23974,142,log_oe,-0.9158616588813564,-1.0870436754625878,-0.7520111671466013,True
2012H2-R,R,gbm-50k,20260913,2013H2,3,23974,142,cox_intercept,-1.0369357336912743,-1.5020190068673436,-0.5718524605152051,True
2012H2-R,R,gbm-50k,20260913,2013H2,3,23974,142,cox_slope,0.9753659546255216,0.84489067012432,1.1058412391267232,True
2012H2-R,R,gbm-50k,20260913,2013H2,3,23974,142,psi,0.12543528212575852,,,True
2012H2-R,R,gbm-50k,20260913,2013H2,3,23974,142,psi_critical,0.001044101484378237,,,True
2012H2-R,R,gbm-50k,20260913,2014H1,5,24341,137,auc,0.8079345635094398,0.7730161177699478,0.8428530092489318,True
2012H2-R,R,gbm-50k,20260913,2014H1,5,24341,137,gini,0.6158691270188796,0.5460322355398957,0.6857060184978636,True
2012H2-R,R,gbm-50k,20260913,2014H1,5,24341,137,ks,0.4824584100836322,,,True
2012H2-R,R,gbm-50k,20260913,2014H1,5,24341,137,brier,0.005826178051357544,,,True
2012H2-R,R,gbm-50k,20260913,2014H1,5,24341,137,brier_miscalibration,0.00032345874656140947,,,True
2012H2-R,R,gbm-50k,20260913,2014H1,5,24341,137,brier_discrimination,9.396588388653395e-05,,,True
2012H2-R,R,gbm-50k,20260913,2014H1,5,24341,137,brier_uncertainty,0.005596685188682668,,,True
2012H2-R,R,gbm-50k,20260913,2014H1,5,24341,137,observed_over_expected,0.4241080979822511,0.35622042860216635,0.5011078441390714,True
2012H2-R,R,gbm-50k,20260913,2014H1,5,24341,137,log_oe,-0.8577669081725693,-1.0322055582771,-0.6909339432992827,True
2012H2-R,R,gbm-50k,20260913,2014H1,5,24341,137,cox_intercept,-1.2583828788996738,-1.7650103519897904,-0.7517554058095572,True
2012H2-R,R,gbm-50k,20260913,2014H1,5,24341,137,cox_slope,0.8963315837308015,0.7646778384492431,1.0279853290123597,True
2012H2-R,R,gbm-50k,20260913,2014H1,5,24341,137,psi,0.13818478320402677,,,True
2012H2-R,R,gbm-50k,20260913,2014H1,5,24341,137,psi_critical,0.0010334610033318997,,,True
2012H2-R,R,gbm-50k,20260913,2014H2,7,24213,99,auc,0.8034973606011179,0.7644137095371013,0.8425810116651344,False
2012H2-R,R,gbm-50k,20260913,2014H2,7,24213,99,gini,0.6069947212022357,0.5288274190742026,0.6851620233302689,False
2012H2-R,R,gbm-50k,20260913,2014H2,7,24213,99,ks,0.47334881534931295,,,False
2012H2-R,R,gbm-50k,20260913,2014H2,7,24213,99,brier,0.0042746142829726405,,,False
2012H2-R,R,gbm-50k,20260913,2014H2,7,24213,99,brier_miscalibration,0.0002911260745887701,,,False
2012H2-R,R,gbm-50k,20260913,2014H2,7,24213,99,brier_discrimination,8.850689528664031e-05,,,False
2012H2-R,R,gbm-50k,20260913,2014H2,7,24213,99,brier_uncertainty,0.004071995103670511,,,False
2012H2-R,R,gbm-50k,20260913,2014H2,7,24213,99,observed_over_expected,0.3445361998782716,0.28012356461085103,0.4192738499464315,False
2012H2-R,R,gbm-50k,20260913,2014H2,7,24213,99,log_oe,-1.0655561145763983,-1.2725244709764463,-0.869230992725857,False
2012H2-R,R,gbm-50k,20260913,2014H2,7,24213,99,cox_intercept,-1.4076680174530556,-2.0412445689985743,-0.7740914659075369,False
2012H2-R,R,gbm-50k,20260913,2014H2,7,24213,99,cox_slope,0.9155662390628437,0.7550363460144508,1.0760961321112368,False
2012H2-R,R,gbm-50k,20260913,2014H2,7,24213,99,psi,0.09750684706142908,,,False
2012H2-R,R,gbm-50k,20260913,2014H2,7,24213,99,psi_critical,0.001037135493306651,,,False
2012H2-R,R,gbm-50k,20260913,2015H1,9,24159,83,auc,0.8078449368165469,0.7612130356797114,0.8544768379533824,False
2012H2-R,R,gbm-50k,20260913,2015H1,9,24159,83,gini,0.6156898736330938,0.5224260713594229,0.7089536759067647,False
2012H2-R,R,gbm-50k,20260913,2015H1,9,24159,83,ks,0.5108546830618703,,,False
2012H2-R,R,gbm-50k,20260913,2015H1,9,24159,83,brier,0.0036020273066185394,,,False
2012H2-R,R,gbm-50k,20260913,2015H1,9,24159,83,brier_miscalibration,0.00021721563797533986,,,False
2012H2-R,R,gbm-50k,20260913,2015H1,9,24159,83,brier_discrimination,3.895783625568628e-05,,,False
2012H2-R,R,gbm-50k,20260913,2015H1,9,24159,83,brier_uncertainty,0.003423769504898886,,,False
2012H2-R,R,gbm-50k,20260913,2015H1,9,24159,83,observed_over_expected,0.32620714103150933,0.25990771247455197,0.40421626667322164,False
2012H2-R,R,gbm-50k,20260913,2015H1,9,24159,83,log_oe,-1.1202226974606244,-1.3474286629979428,-0.905805230702593,False
2012H2-R,R,gbm-50k,20260913,2015H1,9,24159,83,cox_intercept,-1.3491172619740714,-2.061222939952033,-0.63701158399611,False
2012H2-R,R,gbm-50k,20260913,2015H1,9,24159,83,cox_slope,0.9470856365223158,0.7701596241480175,1.124011648896614,False
2012H2-R,R,gbm-50k,20260913,2015H1,9,24159,83,psi,0.048855344304573625,,,False
2012H2-R,R,gbm-50k,20260913,2015H1,9,24159,83,psi_critical,0.0010386973468943645,,,False
2012H2-R,R,gbm-50k,20260913,2015H2,11,24159,130,auc,0.7976733242204131,0.7616230008691532,0.833723647571673,True
2012H2-R,R,gbm-50k,20260913,2015H2,11,24159,130,gini,0.5953466484408263,0.5232460017383065,0.6674472951433461,True
2012H2-R,R,gbm-50k,20260913,2015H2,11,24159,130,ks,0.45352090582853416,,,True
2012H2-R,R,gbm-50k,20260913,2015H2,11,24159,130,brier,0.005472275162908522,,,True
2012H2-R,R,gbm-50k,20260913,2015H2,11,24159,130,brier_miscalibration,0.0001828920775535361,,,True
2012H2-R,R,gbm-50k,20260913,2015H2,11,24159,130,brier_discrimination,6.267899232172483e-05,,,True
2012H2-R,R,gbm-50k,20260913,2015H2,11,24159,130,brier_uncertainty,0.005352062077676711,,,True
2012H2-R,R,gbm-50k,20260913,2015H2,11,24159,130,observed_over_expected,0.4535121842160646,0.37906836653877785,0.5382370828790652,True
2012H2-R,R,gbm-50k,20260913,2015H2,11,24159,130,log_oe,-0.7907331427182568,-0.9700387035215736,-0.6194561413924387,True
2012H2-R,R,gbm-50k,20260913,2015H2,11,24159,130,cox_intercept,-1.1367525429863286,-1.7215197956125845,-0.5519852903600725,True
2012H2-R,R,gbm-50k,20260913,2015H2,11,24159,130,cox_slope,0.9136225677668947,0.766515810990089,1.0607293245437002,True
2012H2-R,R,gbm-50k,20260913,2015H2,11,24159,130,psi,0.09846969792481876,,,True
2012H2-R,R,gbm-50k,20260913,2015H2,11,24159,130,psi_critical,0.0010386973468943645,,,True
2012H2-R,R,gbm-50k,20260913,2016H1,13,24632,115,auc,0.8159594673438663,0.779889977558868,0.8520289571288645,True
2012H2-R,R,gbm-50k,20260913,2016H1,13,24632,115,gini,0.6319189346877325,0.559779955117736,0.704057914257729,True
2012H2-R,R,gbm-50k,20260913,2016H1,13,24632,115,ks,0.5339822767165995,,,True
2012H2-R,R,gbm-50k,20260913,2016H1,13,24632,115,brier,0.0048197353703338785,,,True
2012H2-R,R,gbm-50k,20260913,2016H1,13,24632,115,brier_miscalibration,0.0002187923992607501,,,True
2012H2-R,R,gbm-50k,20260913,2016H1,13,24632,115,brier_discrimination,4.598366032790898e-05,,,True
2012H2-R,R,gbm-50k,20260913,2016H1,13,24632,115,brier_uncertainty,0.004646926631401037,,,True
2012H2-R,R,gbm-50k,20260913,2016H1,13,24632,115,observed_over_expected,0.40221362830817353,0.3321972348628257,0.4825705636524942,True
2012H2-R,R,gbm-50k,20260913,2016H1,13,24632,115,log_oe,-0.9107719178114492,-1.102026405549729,-0.7286281229840823,True
2012H2-R,R,gbm-50k,20260913,2016H1,13,24632,115,cox_intercept,-1.1396516675700725,-1.761650846629929,-0.5176524885102161,True
2012H2-R,R,gbm-50k,20260913,2016H1,13,24632,115,cox_slope,0.9454324663878796,0.7881245495142035,1.1027403832615557,True
2012H2-R,R,gbm-50k,20260913,2016H1,13,24632,115,psi,0.09371623084640664,,,True
2012H2-R,R,gbm-50k,20260913,2016H1,13,24632,115,psi_critical,0.001025249380146178,,,True
2012H2-R,R,gbm-50k,20260913,2016H2,15,24760,121,auc,0.8034517607810503,0.7676845987365823,0.8392189228255182,True
2012H2-R,R,gbm-50k,20260913,2016H2,15,24760,121,gini,0.6069035215621006,0.5353691974731647,0.6784378456510365,True
2012H2-R,R,gbm-50k,20260913,2016H2,15,24760,121,ks,0.48618681865308605,,,True
2012H2-R,R,gbm-50k,20260913,2016H2,15,24760,121,brier,0.004963629498842361,,,True
2012H2-R,R,gbm-50k,20260913,2016H2,15,24760,121,brier_miscalibration,0.00016436860506355028,,,True
2012H2-R,R,gbm-50k,20260913,2016H2,15,24760,121,brier_discrimination,6.377155211208067e-05,,,True
2012H2-R,R,gbm-50k,20260913,2016H2,15,24760,121,brier_uncertainty,0.004863032445890892,,,True
2012H2-R,R,gbm-50k,20260913,2016H2,15,24760,121,observed_over_expected,0.4438902583941039,0.3684743528177759,0.5301394433420016,True
2012H2-R,R,gbm-50k,20260913,2016H2,15,24760,121,log_oe,-0.8121779128794528,-0.998384168641139,-0.6346152063955888,True
2012H2-R,R,gbm-50k,20260913,2016H2,15,24760,121,cox_intercept,-1.1108301438355892,-1.7305135249672694,-0.4911467627039091,True
2012H2-R,R,gbm-50k,20260913,2016H2,15,24760,121,cox_slope,0.9271291842055623,0.773198652822616,1.0810597155885087,True
2012H2-R,R,gbm-50k,20260913,2016H2,15,24760,121,psi,0.05749940591654086,,,True
2012H2-R,R,gbm-50k,20260913,2016H2,15,24760,121,psi_critical,0.0010216985183533315,,,True
2012H2-R,R,gbm-50k,20260913,2017H1,17,24541,162,auc,0.7959494079857232,0.7670284208684696,0.8248703951029769,True
2012H2-R,R,gbm-50k,20260913,2017H1,17,24541,162,gini,0.5918988159714464,0.5340568417369391,0.6497407902059538,True
2012H2-R,R,gbm-50k,20260913,2017H1,17,24541,162,ks,0.47174860573687427,,,True
2012H2-R,R,gbm-50k,20260913,2017H1,17,24541,162,brier,0.006663681920147694,,,True
2012H2-R,R,gbm-50k,20260913,2017H1,17,24541,162,brier_miscalibration,0.00020445611331426031,,,True
2012H2-R,R,gbm-50k,20260913,2017H1,17,24541,162,brier_discrimination,9.839637338656358e-05,,,True
2012H2-R,R,gbm-50k,20260913,2017H1,17,24541,162,brier_uncertainty,0.006557622180219997,,,True
2012H2-R,R,gbm-50k,20260913,2017H1,17,24541,162,observed_over_expected,0.49858943052272137,0.4249666101211488,0.5812337683687475,True
2012H2-R,R,gbm-50k,20260913,2017H1,17,24541,162,log_oe,-0.6959723064271917,-0.8557446775648924,-0.5426022478575929,True
2012H2-R,R,gbm-50k,20260913,2017H1,17,24541,162,cox_intercept,-1.039476581211998,-1.57661282095368,-0.5023403414703158,True
2012H2-R,R,gbm-50k,20260913,2017H1,17,24541,162,cox_slope,0.9123956658665131,0.7745070825874786,1.0502842491455477,True
2012H2-R,R,gbm-50k,20260913,2017H1,17,24541,162,psi,0.18740944911136465,,,True
2012H2-R,R,gbm-50k,20260913,2017H1,17,24541,162,psi_critical,0.001027796348662249,,,True
2012H2-R,R,gbm-50k,20260913,2017H2,19,24680,143,auc,0.8173647276227053,0.788199279566245,0.8465301756791656,True
2012H2-R,R,gbm-50k,20260913,2017H2,19,24680,143,gini,0.6347294552454106,0.57639855913249,0.6930603513583311,True
2012H2-R,R,gbm-50k,20260913,2017H2,19,24680,143,ks,0.512583109110802,,,True
2012H2-R,R,gbm-50k,20260913,2017H2,19,24680,143,brier,0.005862447231713787,,,True
2012H2-R,R,gbm-50k,20260913,2017H2,19,24680,143,brier_miscalibration,0.00022331330151539788,,,True
2012H2-R,R,gbm-50k,20260913,2017H2,19,24680,143,brier_discrimination,0.00012145903413732922,,,True
2012H2-R,R,gbm-50k,20260913,2017H2,19,24680,143,brier_uncertainty,0.005760592964335718,,,True
2012H2-R,R,gbm-50k,20260913,2017H2,19,24680,143,observed_over_expected,0.4399991792512121,0.3710017957008227,0.5180451357649238,True
2012H2-R,R,gbm-50k,20260913,2017H2,19,24680,143,log_oe,-0.8209824174097242,-0.9915483762224728,-0.6576929058373396,True
2012H2-R,R,gbm-50k,20260913,2017H2,19,24680,143,cox_intercept,-0.7765974976093901,-1.3544954077479494,-0.19869958747083083,True
2012H2-R,R,gbm-50k,20260913,2017H2,19,24680,143,cox_slope,1.0186091950786378,0.8654768659489265,1.171741524208349,True
2012H2-R,R,gbm-50k,20260913,2017H2,19,24680,143,psi,0.18945219562506033,,,True
2012H2-R,R,gbm-50k,20260913,2017H2,19,24680,143,psi_critical,0.0010239134906912925,,,True
2012H2-R,R,gbm-50k,20260913,2018H1,21,24416,148,auc,0.7660773669251912,0.7291696575369168,0.8029850763134657,True
2012H2-R,R,gbm-50k,20260913,2018H1,21,24416,148,gini,0.5321547338503825,0.4583393150738335,0.6059701526269314,True
2012H2-R,R,gbm-50k,20260913,2018H1,21,24416,148,ks,0.42705776486887415,,,True
2012H2-R,R,gbm-50k,20260913,2018H1,21,24416,148,brier,0.006178075983683049,,,True
2012H2-R,R,gbm-50k,20260913,2018H1,21,24416,148,brier_miscalibration,0.00021451818364376374,,,True
2012H2-R,R,gbm-50k,20260913,2018H1,21,24416,148,brier_discrimination,6.129816961900937e-05,,,True
2012H2-R,R,gbm-50k,20260913,2018H1,21,24416,148,brier_uncertainty,0.006024855969658295,,,True
2012H2-R,R,gbm-50k,20260913,2018H1,21,24416,148,observed_over_expected,0.4517916151027353,0.38210883202132073,0.5304426519794467,True
2012H2-R,R,gbm-50k,20260913,2018H1,21,24416,148,log_oe,-0.7945342339900066,-0.9620498103726516,-0.6340434286010298,True
2012H2-R,R,gbm-50k,20260913,2018H1,21,24416,148,cox_intercept,-1.439048450454899,-2.0094811235204753,-0.8686157773893228,True
2012H2-R,R,gbm-50k,20260913,2018H1,21,24416,148,cox_slope,0.8330301592835053,0.6900138909149341,0.9760464276520765,True
2012H2-R,R,gbm-50k,20260913,2018H1,21,24416,148,psi,0.21730729901994017,,,True
2012H2-R,R,gbm-50k,20260913,2018H1,21,24416,148,psi_critical,0.0010313258825568766,,,True
2012H2-R,R,gbm-50k,20260913,2018H2,23,24543,146,auc,0.7716752733465434,0.7324544077392816,0.8108961389538052,True
2012H2-R,R,gbm-50k,20260913,2018H2,23,24543,146,gini,0.5433505466930868,0.4649088154785632,0.6217922779076104,True
2012H2-R,R,gbm-50k,20260913,2018H2,23,24543,146,ks,0.4492215245418115,,,True
2012H2-R,R,gbm-50k,20260913,2018H2,23,24543,146,brier,0.006057241991953416,,,True
2012H2-R,R,gbm-50k,20260913,2018H2,23,24543,146,brier_miscalibration,0.0002045046756417833,,,True
2012H2-R,R,gbm-50k,20260913,2018H2,23,24543,146,brier_discrimination,6.061816259160871e-05,,,True
2012H2-R,R,gbm-50k,20260913,2018H2,23,24543,146,brier_uncertainty,0.005913355478903241,,,True
2012H2-R,R,gbm-50k,20260913,2018H2,23,24543,146,observed_over_expected,0.43517171052975767,0.3676104527893227,0.5114932151364541,True
2012H2-R,R,gbm-50k,20260913,2018H2,23,24543,146,log_oe,-0.8320145889315295,-1.0007314536782117,-0.6704209583187954,True
2012H2-R,R,gbm-50k,20260913,2018H2,23,24543,146,cox_intercept,-1.282087755349371,-1.8672384892888263,-0.6969370214099156,True
2012H2-R,R,gbm-50k,20260913,2018H2,23,24543,146,cox_slope,0.8844418902440193,0.7350969182368937,1.0337868622511448,True
2012H2-R,R,gbm-50k,20260913,2018H2,23,24543,146,psi,0.25597037056889005,,,True
2012H2-R,R,gbm-50k,20260913,2018H2,23,24543,146,psi_critical,0.0010277401683422742,,,True
2012H2-R,R,gbm-50k,20260913,2019H1,25,24752,110,auc,0.6965845452331939,0.6485271112938845,0.7446419791725033,True
2012H2-R,R,gbm-50k,20260913,2019H1,25,24752,110,gini,0.3931690904663878,0.29705422258776903,0.4892839583450066,True
2012H2-R,R,gbm-50k,20260913,2019H1,25,24752,110,ks,0.3001962650611299,,,True
2012H2-R,R,gbm-50k,20260913,2019H1,25,24752,110,brier,0.004679362515039143,,,True
2012H2-R,R,gbm-50k,20260913,2019H1,25,24752,110,brier_miscalibration,0.0003088338335508825,,,True
2012H2-R,R,gbm-50k,20260913,2019H1,25,24752,110,brier_discrimination,5.3806750561343104e-05,,,True
2012H2-R,R,gbm-50k,20260913,2019H1,25,24752,110,brier_uncertainty,0.004424335432049603,,,True
2012H2-R,R,gbm-50k,20260913,2019H1,25,24752,110,observed_over_expected,0.3432205818798286,0.28219167391099836,0.4134847863778829,True
2012H2-R,R,gbm-50k,20260913,2019H1,25,24752,110,log_oe,-1.069381942654168,-1.265168744212011,-0.8831345575099174,True
2012H2-R,R,gbm-50k,20260913,2019H1,25,24752,110,cox_intercept,-2.5820905213713634,-3.290758788530436,-1.8734222542122911,True
2012H2-R,R,gbm-50k,20260913,2019H1,25,24752,110,cox_slope,0.6204063911475178,0.4557540391742597,0.785058743120776,True
2012H2-R,R,gbm-50k,20260913,2019H1,25,24752,110,psi,0.2474319352122594,,,True
2012H2-R,R,gbm-50k,20260913,2019H1,25,24752,110,psi_critical,0.0010219193712836033,,,True
2012H2-R,R,gbm-50k,20260913,2019H2,27,24861,136,auc,0.6873630523999287,0.6438239924724743,0.730902112327383,True
2012H2-R,R,gbm-50k,20260913,2019H2,27,24861,136,gini,0.37472610479985735,0.2876479849449487,0.461804224654766,True
2012H2-R,R,gbm-50k,20260913,2019H2,27,24861,136,ks,0.30303396181526204,,,True
2012H2-R,R,gbm-50k,20260913,2019H2,27,24861,136,brier,0.005603875967685195,,,True
2012H2-R,R,gbm-50k,20260913,2019H2,27,24861,136,brier_miscalibration,0.00018337077784333616,,,True
2012H2-R,R,gbm-50k,20260913,2019H2,27,24861,136,brier_discrimination,1.9984874540417315e-05,,,True
2012H2-R,R,gbm-50k,20260913,2019H2,27,24861,136,brier_uncertainty,0.0054404900643822765,,,True
2012H2-R,R,gbm-50k,20260913,2019H2,27,24861,136,observed_over_expected,0.48614545152820837,0.4080493883604287,0.5747676930278308,True
2012H2-R,R,gbm-50k,20260913,2019H2,27,24861,136,log_oe,-0.7212474168780081,-0.8963670620009121,-0.5537893319451854,True
2012H2-R,R,gbm-50k,20260913,2019H2,27,24861,136,cox_intercept,-2.483683763145085,-3.1357196371667326,-1.8316478891234376,True
2012H2-R,R,gbm-50k,20260913,2019H2,27,24861,136,cox_slope,0.5727885316434203,0.42822467197152814,0.7173523913153124,True
2012H2-R,R,gbm-50k,20260913,2019H2,27,24861,136,psi,0.12802983274388416,,,True
2012H2-R,R,gbm-50k,20260913,2019H2,27,24861,136,psi_critical,0.0010189224749281936,,,True
2012H2-R,R,gbm-50k,20260913,2020H1,29,24880,111,auc,0.6690972332096318,0.617851704608934,0.7203427618103295,True
2012H2-R,R,gbm-50k,20260913,2020H1,29,24880,111,gini,0.33819446641926354,0.23570340921786803,0.44068552362065905,True
2012H2-R,R,gbm-50k,20260913,2020H1,29,24880,111,ks,0.30867303978854704,,,True
2012H2-R,R,gbm-50k,20260913,2020H1,29,24880,111,brier,0.004569282471807354,,,True
2012H2-R,R,gbm-50k,20260913,2020H1,29,24880,111,brier_miscalibration,0.00014303422665248,,,True
2012H2-R,R,gbm-50k,20260913,2020H1,29,24880,111,brier_discrimination,1.5262323904586574e-05,,,True
2012H2-R,R,gbm-50k,20260913,2020H1,29,24880,111,brier_uncertainty,0.00444151056905946,,,True
2012H2-R,R,gbm-50k,20260913,2020H1,29,24880,111,observed_over_expected,0.4997560379223047,0.4112752095884004,0.6015607473809098,True
2012H2-R,R,gbm-50k,20260913,2020H1,29,24880,111,log_oe,-0.6936352237890608,-0.8884926788703141,-0.5082277555148987,True
2012H2-R,R,gbm-50k,20260913,2020H1,29,24880,111,cox_intercept,-2.871402901197854,-3.6205948995538373,-2.1222109028418705,True
2012H2-R,R,gbm-50k,20260913,2020H1,29,24880,111,cox_slope,0.5023848098304393,0.3477604236506076,0.6570091960102711,True
2012H2-R,R,gbm-50k,20260913,2020H1,29,24880,111,psi,0.023352725274980387,,,True
2012H2-R,R,gbm-50k,20260913,2020H1,29,24880,111,psi_critical,0.0010184027677122018,,,True
2012H2-R,R,gbm-50k,20260913,2020H2,31,24919,71,auc,0.6851272639053897,0.621585842795156,0.7486686850156233,False
2012H2-R,R,gbm-50k,20260913,2020H2,31,24919,71,gini,0.3702545278107794,0.2431716855903121,0.4973373700312467,False
2012H2-R,R,gbm-50k,20260913,2020H2,31,24919,71,ks,0.34689730462621193,,,False
2012H2-R,R,gbm-50k,20260913,2020H2,31,24919,71,brier,0.0029576722206528074,,,False
2012H2-R,R,gbm-50k,20260913,2020H2,31,24919,71,brier_miscalibration,0.00012310211543857833,,,False
2012H2-R,R,gbm-50k,20260913,2020H2,31,24919,71,brier_discrimination,6.5432846803659996e-06,,,False
2012H2-R,R,gbm-50k,20260913,2020H2,31,24919,71,brier_uncertainty,0.002841113389894595,,,False
2012H2-R,R,gbm-50k,20260913,2020H2,31,24919,71,observed_over_expected,0.37567396641126954,0.2934902131342662,0.4736850744617247,False
2012H2-R,R,gbm-50k,20260913,2020H2,31,24919,71,log_oe,-0.9790336223584345,-1.2259109856387245,-0.7472125779682433,False
2012H2-R,R,gbm-50k,20260913,2020H2,31,24919,71,cox_intercept,-3.0369125780179727,-3.9837427864712573,-2.090082369564688,False
2012H2-R,R,gbm-50k,20260913,2020H2,31,24919,71,cox_slope,0.5434634792220638,0.3522330554580443,0.7346939029860834,False
2012H2-R,R,gbm-50k,20260913,2020H2,31,24919,71,psi,0.010796614372437785,,,False
2012H2-R,R,gbm-50k,20260913,2020H2,31,24919,71,psi_critical,0.0010173384832140608,,,False
2012H2-R,R,gbm-50k,20260913,2021H1,33,24909,90,auc,0.7320507138348308,0.680362158509296,0.7837392691603655,False
2012H2-R,R,gbm-50k,20260913,2021H1,33,24909,90,gini,0.46410142766966156,0.3607243170185921,0.567478538320731,False
2012H2-R,R,gbm-50k,20260913,2021H1,33,24909,90,ks,0.39139369031790167,,,False
2012H2-R,R,gbm-50k,20260913,2021H1,33,24909,90,brier,0.0037229855561520826,,,False
2012H2-R,R,gbm-50k,20260913,2021H1,33,24909,90,brier_miscalibration,0.00013772980623032605,,,False
2012H2-R,R,gbm-50k,20260913,2021H1,33,24909,90,brier_discrimination,1.4841256439255927e-05,,,False
2012H2-R,R,gbm-50k,20260913,2021H1,33,24909,90,brier_uncertainty,0.0036000970063610124,,,False
2012H2-R,R,gbm-50k,20260913,2021H1,33,24909,90,observed_over_expected,0.40793222094285303,0.32813530060692775,0.5012102386600589,False
2012H2-R,R,gbm-50k,20260913,2021H1,33,24909,90,log_oe,-0.896654243518351,-1.1143292538031027,-0.6907296278766621,False
2012H2-R,R,gbm-50k,20260913,2021H1,33,24909,90,cox_intercept,-2.2076082018485086,-2.994217469657802,-1.4209989340392153,False
2012H2-R,R,gbm-50k,20260913,2021H1,33,24909,90,cox_slope,0.6926161625237348,0.5209007725059077,0.8643315525415619,False
2012H2-R,R,gbm-50k,20260913,2021H1,33,24909,90,psi,0.015540954817159341,,,False
2012H2-R,R,gbm-50k,20260913,2021H1,33,24909,90,psi_critical,0.001017611058962233,,,False
2012H2-R,R,gbm-50k,20260913,2021H2,35,24929,136,auc,0.7730766630049754,0.7366359328104581,0.8095173931994926,True
2012H2-R,R,gbm-50k,20260913,2021H2,35,24929,136,gini,0.5461533260099507,0.4732718656209163,0.6190347863989851,True
2012H2-R,R,gbm-50k,20260913,2021H2,35,24929,136,ks,0.41422300174859605,,,True
2012H2-R,R,gbm-50k,20260913,2021H2,35,24929,136,brier,0.005518787506040335,,,True
2012H2-R,R,gbm-50k,20260913,2021H2,35,24929,136,brier_miscalibration,0.00014137308164556463,,,True
2012H2-R,R,gbm-50k,20260913,2021H2,35,24929,136,brier_discrimination,4.831676699482493e-05,,,True
2012H2-R,R,gbm-50k,20260913,2021H2,35,24929,136,brier_uncertainty,0.005425731191389596,,,True
2012H2-R,R,gbm-50k,20260913,2021H2,35,24929,136,observed_over_expected,0.48869474104273686,0.41018867971566103,0.5777824975108742,True
2012H2-R,R,gbm-50k,20260913,2021H2,35,24929,136,log_oe,-0.7160172358796711,-0.8911380307123228,-0.5485577830133812,True
2012H2-R,R,gbm-50k,20260913,2021H2,35,24929,136,cox_intercept,-1.33498712693132,-1.9537342144451353,-0.7162400394175049,True
2012H2-R,R,gbm-50k,20260913,2021H2,35,24929,136,cox_slope,0.845709163081352,0.6965075635870304,0.9949107625756737,True
2012H2-R,R,gbm-50k,20260913,2021H2,35,24929,136,psi,0.08392358469817093,,,True
2012H2-R,R,gbm-50k,20260913,2021H2,35,24929,136,psi_critical,0.0010170661261475434,,,True
2012H2-R,R,gbm-50k,20260913,2022H1,37,24889,291,auc,0.7642382290740258,0.739414131740882,0.7890623264071697,True
2012H2-R,R,gbm-50k,20260913,2022H1,37,24889,291,gini,0.5284764581480517,0.478828263481764,0.5781246528143393,True
2012H2-R,R,gbm-50k,20260913,2022H1,37,24889,291,ks,0.41522094523931063,,,True
2012H2-R,R,gbm-50k,20260913,2022H1,37,24889,291,brier,0.011449320797308486,,,True
2012H2-R,R,gbm-50k,20260913,2022H1,37,24889,291,brier_miscalibration,6.45669412284982e-05,,,True
2012H2-R,R,gbm-50k,20260913,2022H1,37,24889,291,brier_discrimination,0.00017045742528542206,,,True
2012H2-R,R,gbm-50k,20260913,2022H1,37,24889,291,brier_uncertainty,0.01155521128136541,,,True
2012H2-R,R,gbm-50k,20260913,2022H1,37,24889,291,observed_over_expected,0.8603005778657045,0.764770402446862,0.9643521652531051,True
2012H2-R,R,gbm-50k,20260913,2022H1,37,24889,291,log_oe,-0.1504734416525094,-0.26817961772332083,-0.03629873443087433,True
2012H2-R,R,gbm-50k,20260913,2022H1,37,24889,291,cox_intercept,-0.6993536984528733,-1.1334307163505601,-0.2652766805551865,True
2012H2-R,R,gbm-50k,20260913,2022H1,37,24889,291,cox_slope,0.8557656505734963,0.7469875548132362,0.9645437463337564,True
2012H2-R,R,gbm-50k,20260913,2022H1,37,24889,291,psi,0.27596110219782155,,,True
2012H2-R,R,gbm-50k,20260913,2022H1,37,24889,291,psi_critical,0.0010181568675578935,,,True
2012H2-R,R,gbm-50k,20260913,2022H2,39,24859,373,auc,0.7788054847339585,0.7564279764057006,0.8011829930622164,True
2012H2-R,R,gbm-50k,20260913,2022H2,39,24859,373,gini,0.557610969467917,0.5128559528114012,0.6023659861244328,True
2012H2-R,R,gbm-50k,20260913,2022H2,39,24859,373,ks,0.4614506423652055,,,True
2012H2-R,R,gbm-50k,20260913,2022H2,39,24859,373,brier,0.014513829997717697,,,True
2012H2-R,R,gbm-50k,20260913,2022H2,39,24859,373,brier_miscalibration,7.341922368453088e-05,,,True
2012H2-R,R,gbm-50k,20260913,2022H2,39,24859,373,brier_discrimination,0.0003390765129855991,,,True
2012H2-R,R,gbm-50k,20260913,2022H2,39,24859,373,brier_uncertainty,0.014779487287018766,,,True
2012H2-R,R,gbm-50k,20260913,2022H2,39,24859,373,observed_over_expected,1.0832290288942104,0.9767833333796926,1.1979702721488101,True
2012H2-R,R,gbm-50k,20260913,2022H2,39,24859,373,log_oe,0.07994642201749251,-0.023490418800809904,0.1806286848184347,True
2012H2-R,R,gbm-50k,20260913,2022H2,39,24859,373,cox_intercept,-0.04329009077487525,-0.45097116741203824,0.3643909858622878,True
2012H2-R,R,gbm-50k,20260913,2022H2,39,24859,373,cox_slope,0.9664120817155273,0.8618638776521867,1.0709602857788678,True
2012H2-R,R,gbm-50k,20260913,2022H2,39,24859,373,psi,0.37596658644142283,,,True
2012H2-R,R,gbm-50k,20260913,2022H2,39,24859,373,psi_critical,0.001018977227164634,,,True
2012H2-R,R,gbm-50k,20260913,2023H1,41,24882,381,auc,0.7792370893640744,0.7579432568947365,0.8005309218334123,True
2012H2-R,R,gbm-50k,20260913,2023H1,41,24882,381,gini,0.5584741787281489,0.515886513789473,0.6010618436668247,True
2012H2-R,R,gbm-50k,20260913,2023H1,41,24882,381,ks,0.4430672442423208,,,True
2012H2-R,R,gbm-50k,20260913,2023H1,41,24882,381,brier,0.014805380212846438,,,True
2012H2-R,R,gbm-50k,20260913,2023H1,41,24882,381,brier_miscalibration,5.362706196759999e-05,,,True
2012H2-R,R,gbm-50k,20260913,2023H1,41,24882,381,brier_discrimination,0.00032605504908663277,,,True
2012H2-R,R,gbm-50k,20260913,2023H1,41,24882,381,brier_uncertainty,0.015077808199965471,,,True
2012H2-R,R,gbm-50k,20260913,2023H1,41,24882,381,observed_over_expected,1.0905744585414967,0.9845243381856189,1.2047943750996772,True
2012H2-R,R,gbm-50k,20260913,2023H1,41,24882,381,log_oe,0.08670458359638765,-0.015596659841720397,0.18630890931062571,True
2012H2-R,R,gbm-50k,20260913,2023H1,41,24882,381,cox_intercept,-0.17409124915597832,-0.5584168761217736,0.210234377809817,True
2012H2-R,R,gbm-50k,20260913,2023H1,41,24882,381,cox_slope,0.9290582087029451,0.8305356474350252,1.027580769970865,True
2012H2-R,R,gbm-50k,20260913,2023H1,41,24882,381,psi,0.3378106862371894,,,True
2012H2-R,R,gbm-50k,20260913,2023H1,41,24882,381,psi_critical,0.0010183481078604518,,,True
2012H2-R,R,gbm-50k,20260913,2023H2,43,24866,363,auc,0.8194674312663576,0.8002737811733814,0.8386610813593337,True
2012H2-R,R,gbm-50k,20260913,2023H2,43,24866,363,gini,0.6389348625327151,0.6005475623467629,0.6773221627186674,True
2012H2-R,R,gbm-50k,20260913,2023H2,43,24866,363,ks,0.520341187209437,,,True
2012H2-R,R,gbm-50k,20260913,2023H2,43,24866,363,brier,0.014025952590968544,,,True
2012H2-R,R,gbm-50k,20260913,2023H2,43,24866,363,brier_miscalibration,7.181405050216312e-05,,,True
2012H2-R,R,gbm-50k,20260913,2023H2,43,24866,363,brier_discrimination,0.000430999257472647,,,True
2012H2-R,R,gbm-50k,20260913,2023H2,43,24866,363,brier_uncertainty,0.014385137797939028,,,True
2012H2-R,R,gbm-50k,20260913,2023H2,43,24866,363,observed_over_expected,1.0724831404625181,0.9656692403336583,1.187745570494856,True
2012H2-R,R,gbm-50k,20260913,2023H2,43,24866,363,log_oe,0.06997665184800893,-0.034933904713244965,0.17205703175346576,True
2012H2-R,R,gbm-50k,20260913,2023H2,43,24866,363,cox_intercept,0.3436357103391951,-0.045172083939896024,0.7324435046182862,True
2012H2-R,R,gbm-50k,20260913,2023H2,43,24866,363,cox_slope,1.0740514302378592,0.9707086021997373,1.177394258275981,True
2012H2-R,R,gbm-50k,20260913,2023H2,43,24866,363,psi,0.2727449451569576,,,True
2012H2-R,R,gbm-50k,20260913,2023H2,43,24866,363,psi_critical,0.0010187856328701956,,,True
