build_id,cohorts,draw,metric,pair,is_difference,value,ci_lo,ci_hi,se,alpha,resamples,seed,excludes_zero
2014H2-E,all,,gini,scorecard,False,0.3924567160822306,0.38157907180349826,0.40375856671615773,0.005439080323866436,0.05,200,20260905,
2014H2-E,all,,gini,gbm,False,0.4170303919469694,0.406718055083956,0.42826198534801146,0.00556496399659813,0.05,200,20260905,
2014H2-E,all,,gini,gbm-50k,False,0.3932672166639087,0.3761152630558996,0.4092077394457668,0.009594850527223326,0.05,200,20260905,
2014H2-E,all,,gini,tabpfn,False,0.41678891958947367,0.4012189233746882,0.43297085287286463,0.00866140606924787,0.05,200,20260905,
2014H2-E,all,,gini,tabicl,False,0.4173998003554522,0.4031355104698666,0.43052007235145984,0.007596463531556669,0.05,200,20260905,
2014H2-E,all,,gini,tabicl@t1,False,0.4173998003554522,0.4031355104698666,0.43052007235145984,0.007596463531556669,0.05,200,20260905,
2014H2-E,all,,gini,tabpfn@t1,False,0.41684113094092684,0.4012795824489249,0.4330313697273901,0.008666327622466616,0.05,200,20260905,
2014H2-E,all,,gini,gbm - scorecard,True,0.024573675864738853,0.019231488268194572,0.029745854320285488,0.0025244839733591486,0.05,200,20260905,True
2014H2-E,all,,gini,gbm-50k - scorecard,True,0.0008105005816780678,-0.013283797556540876,0.01311042896239729,0.008080905921178156,0.05,200,20260905,False
2014H2-E,all,,gini,tabpfn - scorecard,True,0.02433220350724306,0.013445570513985972,0.035372684342261845,0.006779743872155885,0.05,200,20260905,True
2014H2-E,all,,gini,tabicl - scorecard,True,0.024943084273221634,0.015032407656019639,0.03419263743465537,0.005595744667320128,0.05,200,20260905,True
2014H2-E,all,,gini,tabicl@t1 - scorecard,True,0.024943084273221634,0.015032407656019639,0.03419263743465537,0.005595744667320128,0.05,200,20260905,True
2014H2-E,all,,gini,tabpfn@t1 - scorecard,True,0.024384414858696284,0.01348439755156437,0.03542745503660661,0.006786551656523069,0.05,200,20260905,True
2014H2-E,all,,gini,gbm-50k - gbm,True,-0.023763175283060784,-0.03688494702743787,-0.012332728537752342,0.00786255702442467,0.05,200,20260905,True
2014H2-E,all,,gini,tabpfn - gbm,True,-0.00024147235749579407,-0.011835389108595336,0.010945018833746465,0.006741426477376702,0.05,200,20260905,False
2014H2-E,all,,gini,tabicl - gbm,True,0.0003694084084827816,-0.009885491229787356,0.009513094574403684,0.005459505794722012,0.05,200,20260905,False
2014H2-E,all,,gini,tabicl@t1 - gbm,True,0.0003694084084827816,-0.009885491229787356,0.009513094574403684,0.005459505794722012,0.05,200,20260905,False
2014H2-E,all,,gini,tabpfn@t1 - gbm,True,-0.00018926100604256998,-0.011789097295779167,0.010988475022805711,0.00674750475601956,0.05,200,20260905,False
2014H2-E,all,,gini,tabpfn - gbm-50k,True,0.02352170292556499,0.01891401849393954,0.02988247997602019,0.0028329235212899125,0.05,200,20260905,True
2014H2-E,all,,gini,tabicl - gbm-50k,True,0.024132583691543568,0.01710547647110856,0.03139281051396878,0.0036606680289196706,0.05,200,20260905,True
2014H2-E,all,,gini,tabicl@t1 - gbm-50k,True,0.024132583691543568,0.01710547647110856,0.03139281051396878,0.0036606680289196706,0.05,200,20260905,True
2014H2-E,all,,gini,tabpfn@t1 - gbm-50k,True,0.023573914277018215,0.01894661954192846,0.029923325178897172,0.0028266136273951263,0.05,200,20260905,True
2014H2-E,all,,gini,tabicl - tabpfn,True,0.0006108807659785757,-0.003965765216809906,0.004427009496830635,0.0023054502826632267,0.05,200,20260905,False
2014H2-E,all,,gini,tabicl@t1 - tabpfn,True,0.0006108807659785757,-0.003965765216809906,0.004427009496830635,0.0023054502826632267,0.05,200,20260905,False
2014H2-E,all,,gini,tabpfn@t1 - tabpfn,True,5.2211351453224086e-05,2.265078792789421e-05,8.031680009349257e-05,1.568179771383663e-05,0.05,200,20260905,True
2014H2-E,all,,gini,tabicl@t1 - tabicl,True,0.0,0.0,0.0,0.0,0.05,200,20260905,False
2014H2-E,all,,gini,tabpfn@t1 - tabicl,True,-0.0005586694145253516,-0.004348216076102273,0.004026246213049956,0.0023047361376273994,0.05,200,20260905,False
2014H2-E,all,,gini,tabpfn@t1 - tabicl@t1,True,-0.0005586694145253516,-0.004348216076102273,0.004026246213049956,0.0023047361376273994,0.05,200,20260905,False
2014H2-E,all,,abs_log_oe,scorecard,False,0.36561164794001705,0.341187415780255,0.3890011460952941,0.011491552758245982,0.05,200,20260905,
2014H2-E,all,,abs_log_oe,gbm,False,0.33380168884138867,0.30978407023870874,0.3567602605038416,0.01152427925246797,0.05,200,20260905,
2014H2-E,all,,abs_log_oe,gbm-50k,False,0.3319822909194578,0.2840067350033251,0.39298440211374225,0.03368219358983088,0.05,200,20260905,
2014H2-E,all,,abs_log_oe,tabpfn,False,0.7095734958319876,0.6554698200843969,0.768087185268548,0.034132167473558524,0.05,200,20260905,
2014H2-E,all,,abs_log_oe,tabicl,False,0.5520592826329712,0.5018843724536763,0.6114639947847283,0.03331486998852712,0.05,200,20260905,
2014H2-E,all,,abs_log_oe,tabicl@t1,False,0.193050055762262,0.14988079532557208,0.2499157951879953,0.03021992273241182,0.05,200,20260905,
2014H2-E,all,,abs_log_oe,tabpfn@t1,False,0.3315234269511142,0.28139759238704126,0.3882674975985403,0.031973693740267074,0.05,200,20260905,
2014H2-E,all,,abs_log_oe,gbm - scorecard,True,-0.03180995909862838,-0.03330231125277855,-0.03053521320506402,0.000731783660980007,0.05,200,20260905,True
2014H2-E,all,,abs_log_oe,gbm-50k - scorecard,True,-0.03362935702055927,-0.06587197011877814,0.01123870487046656,0.032428952251471854,0.05,200,20260905,False
2014H2-E,all,,abs_log_oe,tabpfn - scorecard,True,0.34396184789197054,0.3054497523386254,0.387203404697941,0.03303680137515306,0.05,200,20260905,True
2014H2-E,all,,abs_log_oe,tabicl - scorecard,True,0.18644763469295408,0.15229166787675097,0.2302523258132262,0.032090538264898806,0.05,200,20260905,True
2014H2-E,all,,abs_log_oe,tabicl@t1 - scorecard,True,-0.17256159217775505,-0.20235215397069253,-0.13198712359108902,0.028907724274137347,0.05,200,20260905,True
2014H2-E,all,,abs_log_oe,tabpfn@t1 - scorecard,True,-0.03408822098890283,-0.0683909072115678,0.006718751807920454,0.03069561943473375,0.05,200,20260905,False
2014H2-E,all,,abs_log_oe,gbm-50k - gbm,True,-0.0018193979219308838,-0.03370083950852885,0.042630505349004165,0.03240055595168912,0.05,200,20260905,False
2014H2-E,all,,abs_log_oe,tabpfn - gbm,True,0.3757718069905989,0.33777121403923493,0.4186659083011967,0.032995114349378685,0.05,200,20260905,True
2014H2-E,all,,abs_log_oe,tabicl - gbm,True,0.2182575937915825,0.18425161952202304,0.2618339640556235,0.032058504582294374,0.05,200,20260905,True
2014H2-E,all,,abs_log_oe,tabicl@t1 - gbm,True,-0.14075163307912666,-0.17018965930917537,-0.10034037209080801,0.028882565723143513,0.05,200,20260905,True
2014H2-E,all,,abs_log_oe,tabpfn@t1 - gbm,True,-0.0022782618902744503,-0.036196736364810404,0.03838560191135062,0.030658012281190552,0.05,200,20260905,False
2014H2-E,all,,abs_log_oe,tabpfn - gbm-50k,True,0.37759120491252984,0.3705651145925619,0.3863625151720166,0.005785236663595024,0.05,200,20260905,True
2014H2-E,all,,abs_log_oe,tabicl - gbm-50k,True,0.22007699171351336,0.2168436123753021,0.22440013779932919,0.0023412566035282737,0.05,200,20260905,True
2014H2-E,all,,abs_log_oe,tabicl@t1 - gbm-50k,True,-0.1389322351571958,-0.1442882245309949,-0.13073327342236554,0.003987645143068965,0.05,200,20260905,True
2014H2-E,all,,abs_log_oe,tabpfn@t1 - gbm-50k,True,-0.0004588639683435665,-0.005439674486945376,0.006417459109290077,0.004391465878911179,0.05,200,20260905,False
2014H2-E,all,,abs_log_oe,tabicl - tabpfn,True,-0.15751421319901646,-0.1628133665632714,-0.15256945454002316,0.0036701950395085507,0.05,200,20260905,True
2014H2-E,all,,abs_log_oe,tabicl@t1 - tabpfn,True,-0.5165234400697256,-0.5227546934691464,-0.5017863816115004,0.006812290524339077,0.05,200,20260905,True
2014H2-E,all,,abs_log_oe,tabpfn@t1 - tabpfn,True,-0.3780500688808734,-0.3806328382276115,-0.3738708790577551,0.0028041314827104364,0.05,200,20260905,True
2014H2-E,all,,abs_log_oe,tabicl@t1 - tabicl,True,-0.3590092268707092,-0.3624264107564039,-0.3491415062462341,0.004028952590122008,0.05,200,20260905,True
2014H2-E,all,,abs_log_oe,tabpfn@t1 - tabicl,True,-0.22053585568185693,-0.22386339514745762,-0.21695384558913497,0.00239717738281766,0.05,200,20260905,True
2014H2-E,all,,abs_log_oe,tabpfn@t1 - tabicl@t1,True,0.13847337118885222,0.12786124404887583,0.14291144153549212,0.00428942081804104,0.05,200,20260905,True
2014H2-E,all,,cox_slope_deviation,scorecard,False,0.07438695935220666,0.06319219528283983,0.11549294261580037,0.013708255633462289,0.05,200,20260905,
2014H2-E,all,,cox_slope_deviation,gbm,False,0.09225329993942454,0.07696832670936403,0.13398309829057437,0.01439502877509923,0.05,200,20260905,
2014H2-E,all,,cox_slope_deviation,gbm-50k,False,0.12925056315160507,0.06417588980787958,0.20243409673636586,0.044201724162286814,0.05,200,20260905,
2014H2-E,all,,cox_slope_deviation,tabpfn,False,0.07032278256220698,0.04921050143982144,0.1269671913621381,0.0229837406329469,0.05,200,20260905,
2014H2-E,all,,cox_slope_deviation,tabicl,False,0.10270257109459098,0.06465674750644693,0.1562335813388663,0.026513684629472695,0.05,200,20260905,
2014H2-E,all,,cox_slope_deviation,tabicl@t1,False,0.06337947731977621,0.05111886129956782,0.10479407083465699,0.014653244729116026,0.05,200,20260905,
2014H2-E,all,,cox_slope_deviation,tabpfn@t1,False,0.0819438483806363,0.04869726303143214,0.15392070035968752,0.03127565154206904,0.05,200,20260905,
2014H2-E,all,,cox_slope_deviation,gbm - scorecard,True,0.01786634058721788,-0.00450389746539331,0.03916972386812698,0.010944929737551401,0.05,200,20260905,False
2014H2-E,all,,cox_slope_deviation,gbm-50k - scorecard,True,0.05486360379939842,-0.032833543904452235,0.10683455580450231,0.04327972538591763,0.05,200,20260905,False
2014H2-E,all,,cox_slope_deviation,tabpfn - scorecard,True,-0.004064176789999682,-0.042355075313287895,0.05417879926873385,0.027375427680505254,0.05,200,20260905,False
2014H2-E,all,,cox_slope_deviation,tabicl - scorecard,True,0.028315611742384315,-0.03194003671057188,0.08572983771605683,0.032130009522103646,0.05,200,20260905,False
2014H2-E,all,,cox_slope_deviation,tabicl@t1 - scorecard,True,-0.01100748203243044,-0.04207023383016243,0.015982078722325415,0.015128569625052124,0.05,200,20260905,False
2014H2-E,all,,cox_slope_deviation,tabpfn@t1 - scorecard,True,0.007556889028429649,-0.039092940287483766,0.05767913061609009,0.02886447987279583,0.05,200,20260905,False
2014H2-E,all,,cox_slope_deviation,gbm-50k - gbm,True,0.036997263212180546,-0.05396814502734323,0.083236126401198,0.043386594742095864,0.05,200,20260905,False
2014H2-E,all,,cox_slope_deviation,tabpfn - gbm,True,-0.021930517377217563,-0.05979564054900854,0.04511029431275771,0.028758615692251698,0.05,200,20260905,False
2014H2-E,all,,cox_slope_deviation,tabicl - gbm,True,0.010449271155166437,-0.05127510258202507,0.07678324251345241,0.03337060153426931,0.05,200,20260905,False
2014H2-E,all,,cox_slope_deviation,tabicl@t1 - gbm,True,-0.028873822619648316,-0.06183260051810039,0.0038541737707904816,0.017452251601127577,0.05,200,20260905,False
2014H2-E,all,,cox_slope_deviation,tabpfn@t1 - gbm,True,-0.01030945155878823,-0.05955747855876622,0.038698214731385704,0.029561517367092324,0.05,200,20260905,False
2014H2-E,all,,cox_slope_deviation,tabpfn - gbm-50k,True,-0.058927780589398106,-0.1356906370477984,0.04765465704702733,0.06327043247359791,0.05,200,20260905,False
2014H2-E,all,,cox_slope_deviation,tabicl - gbm-50k,True,-0.026547992057014108,-0.12942211642866966,0.07360364483924219,0.06748323094792734,0.05,200,20260905,False
2014H2-E,all,,cox_slope_deviation,tabicl@t1 - gbm-50k,True,-0.06587108583182887,-0.11177266275722975,0.005994837745259641,0.0396696719593019,0.05,200,20260905,False
2014H2-E,all,,cox_slope_deviation,tabpfn@t1 - gbm-50k,True,-0.04730671477096878,-0.08796553878152522,0.00027575601503921395,0.026249939128765637,0.05,200,20260905,False
2014H2-E,all,,cox_slope_deviation,tabicl - tabpfn,True,0.032379788532384,0.002778706243937053,0.04426244369954741,0.011190736549351215,0.05,200,20260905,True
2014H2-E,all,,cox_slope_deviation,tabicl@t1 - tabpfn,True,-0.006943305242430757,-0.05232429999736074,0.033934219457798016,0.026621280984587197,0.05,200,20260905,False
2014H2-E,all,,cox_slope_deviation,tabpfn@t1 - tabpfn,True,0.01162106581842933,-0.06449842638468256,0.09040564430841151,0.04782610255118611,0.05,200,20260905,False
2014H2-E,all,,cox_slope_deviation,tabicl@t1 - tabicl,True,-0.03932309377481476,-0.08025687685402322,0.026574217376686825,0.03293208495622365,0.05,200,20260905,False
2014H2-E,all,,cox_slope_deviation,tabpfn@t1 - tabicl,True,-0.020758722713954667,-0.09420944591225879,0.08131016786262597,0.05448827265475793,0.05,200,20260905,False
2014H2-E,all,,cox_slope_deviation,tabpfn@t1 - tabicl@t1,True,0.018564371060860087,-0.018206433602005044,0.06370590920753312,0.023247420263151956,0.05,200,20260905,False
2014H2-E,all,,psi,scorecard,False,0.026643574881581738,0.025789388558939284,0.02820405034829331,0.0006326423658456751,0.05,200,20260905,
2014H2-E,all,,psi,gbm,False,0.014034026536290704,0.013489618639053898,0.015253244105861782,0.00045339569301248664,0.05,200,20260905,
2014H2-E,all,,psi,gbm-50k,False,0.013869508576383046,0.009939741501660769,0.01925401692792862,0.003426349778271972,0.05,200,20260905,
2014H2-E,all,,psi,tabpfn,False,0.011817979410208476,0.007327504603287363,0.017354574564299376,0.003688714339847332,0.05,200,20260905,
2014H2-E,all,,psi,tabicl,False,0.03355829542504858,0.02853324779500946,0.04405143290633144,0.006146536223541553,0.05,200,20260905,
2014H2-E,all,,psi,tabicl@t1,False,0.03355829542504858,0.02853324779500946,0.04405143290633144,0.006146536223541553,0.05,200,20260905,
2014H2-E,all,,psi,tabpfn@t1,False,0.011869962822013231,0.007359372594105346,0.01738657892136293,0.0036997185825934187,0.05,200,20260905,
2014H2-E,all,,psi,gbm - scorecard,True,-0.012609548345291035,-0.013352829328167682,-0.011830507423510734,0.00040886502486824853,0.05,200,20260905,True
2014H2-E,all,,psi,gbm-50k - scorecard,True,-0.012774066305198692,-0.017126078703878334,-0.007704212779139605,0.0033791928251130283,0.05,200,20260905,True
2014H2-E,all,,psi,tabpfn - scorecard,True,-0.014825595471373262,-0.019829832455521956,-0.009664749606757969,0.003643178626209802,0.05,200,20260905,True
2014H2-E,all,,psi,tabicl - scorecard,True,0.006914720543466843,0.0006496677910231433,0.017099835904525903,0.00613579806660618,0.05,200,20260905,True
2014H2-E,all,,psi,tabicl@t1 - scorecard,True,0.006914720543466843,0.0006496677910231433,0.017099835904525903,0.00613579806660618,0.05,200,20260905,True
2014H2-E,all,,psi,tabpfn@t1 - scorecard,True,-0.014773612059568508,-0.019779833244648312,-0.009580836890272193,0.003654167649457897,0.05,200,20260905,True
2014H2-E,all,,psi,gbm-50k - gbm,True,-0.00016451795990765858,-0.004298015728458335,0.004640385483905595,0.0033781525060476566,0.05,200,20260905,False
2014H2-E,all,,psi,tabpfn - gbm,True,-0.002216047126082228,-0.006983056100872302,0.0027475129867778744,0.003639774067281211,0.05,200,20260905,False
2014H2-E,all,,psi,tabicl - gbm,True,0.019524268888757874,0.01376576778066324,0.029623594126591803,0.006125360838970822,0.05,200,20260905,True
2014H2-E,all,,psi,tabicl@t1 - gbm,True,0.019524268888757874,0.01376576778066324,0.029623594126591803,0.006125360838970822,0.05,200,20260905,True
2014H2-E,all,,psi,tabpfn@t1 - gbm,True,-0.0021640637142774743,-0.006939931035354068,0.0028094093733642073,0.003650855225391468,0.05,200,20260905,False
2014H2-E,all,,psi,tabpfn - gbm-50k,True,-0.0020515291661745696,-0.0030747076967935754,-0.0010509371605860885,0.0005690253344833718,0.05,200,20260905,True
2014H2-E,all,,psi,tabicl - gbm-50k,True,0.019688786848665533,0.009991104966913333,0.030185174943018606,0.007333228844166243,0.05,200,20260905,True
2014H2-E,all,,psi,tabicl@t1 - gbm-50k,True,0.019688786848665533,0.009991104966913333,0.030185174943018606,0.007333228844166243,0.05,200,20260905,True
2014H2-E,all,,psi,tabpfn@t1 - gbm-50k,True,-0.001999545754369816,-0.0030498626616093784,-0.0009922970177448055,0.0005733727447048693,0.05,200,20260905,True
2014H2-E,all,,psi,tabicl - tabpfn,True,0.021740316014840107,0.012183610641489423,0.03166086838706749,0.007174199786546728,0.05,200,20260905,True
2014H2-E,all,,psi,tabicl@t1 - tabpfn,True,0.021740316014840107,0.012183610641489423,0.03166086838706749,0.007174199786546728,0.05,200,20260905,True
2014H2-E,all,,psi,tabpfn@t1 - tabpfn,True,5.198341180475373e-05,1.2856788634111705e-05,9.07110554901682e-05,2.019315094737579e-05,0.05,200,20260905,True
2014H2-E,all,,psi,tabicl@t1 - tabicl,True,0.0,0.0,0.0,0.0,0.05,200,20260905,False
2014H2-E,all,,psi,tabpfn@t1 - tabicl,True,-0.02168833260303535,-0.03162636479985639,-0.012092420525588544,0.0071805185884760165,0.05,200,20260905,True
2014H2-E,all,,psi,tabpfn@t1 - tabicl@t1,True,-0.02168833260303535,-0.03162636479985639,-0.012092420525588544,0.0071805185884760165,0.05,200,20260905,True
2014H2-E,nearest,,gini,scorecard,False,0.39934952977737126,0.37606200065180184,0.4205265710466611,0.012197112504084309,0.05,200,20260905,
2014H2-E,nearest,,gini,gbm,False,0.4299794371229931,0.40602988052501776,0.4501574590089905,0.011649530708591932,0.05,200,20260905,
2014H2-E,nearest,,gini,gbm-50k,False,0.41187511940328503,0.38770236822672305,0.43430997730598303,0.01280505414747545,0.05,200,20260905,
2014H2-E,nearest,,gini,tabpfn,False,0.4215612429418523,0.3927738257470465,0.44303058858110794,0.013359284069966934,0.05,200,20260905,
2014H2-E,nearest,,gini,tabicl,False,0.4258299457110324,0.40317143429327745,0.4446704879847602,0.012387395958704377,0.05,200,20260905,
2014H2-E,nearest,,gini,tabicl@t1,False,0.4258299457110324,0.40317143429327745,0.4446704879847602,0.012387395958704377,0.05,200,20260905,
2014H2-E,nearest,,gini,tabpfn@t1,False,0.42159509488887337,0.39278098111549775,0.443041930435084,0.013364083107113976,0.05,200,20260905,
2014H2-E,nearest,,gini,gbm - scorecard,True,0.03062990734562182,0.021851913687541188,0.04213690782589261,0.0053588567478363835,0.05,200,20260905,True
2014H2-E,nearest,,gini,gbm-50k - scorecard,True,0.012525589625913788,-0.0025888411643016375,0.026361336049138793,0.007779953027109255,0.05,200,20260905,False
2014H2-E,nearest,,gini,tabpfn - scorecard,True,0.02221171316448106,0.0068581547933121954,0.03684260523017963,0.008030577017524819,0.05,200,20260905,True
2014H2-E,nearest,,gini,tabicl - scorecard,True,0.026480415933661128,0.015707842262399567,0.03831255578188408,0.006444798863919643,0.05,200,20260905,True
2014H2-E,nearest,,gini,tabicl@t1 - scorecard,True,0.026480415933661128,0.015707842262399567,0.03831255578188408,0.006444798863919643,0.05,200,20260905,True
2014H2-E,nearest,,gini,tabpfn@t1 - scorecard,True,0.022245565111502125,0.006857751560496775,0.03685095612916773,0.00803729250971573,0.05,200,20260905,True
2014H2-E,nearest,,gini,gbm-50k - gbm,True,-0.018104317719708034,-0.030782861962191356,-0.00710813168782133,0.0060973457702100725,0.05,200,20260905,True
2014H2-E,nearest,,gini,tabpfn - gbm,True,-0.008418194181140759,-0.02244667649087104,0.004864590963497603,0.007160850850852605,0.05,200,20260905,False
2014H2-E,nearest,,gini,tabicl - gbm,True,-0.004149491411960693,-0.014310978744453468,0.00631291498246297,0.005682339202272517,0.05,200,20260905,False
2014H2-E,nearest,,gini,tabicl@t1 - gbm,True,-0.004149491411960693,-0.014310978744453468,0.00631291498246297,0.005682339202272517,0.05,200,20260905,False
2014H2-E,nearest,,gini,tabpfn@t1 - gbm,True,-0.008384342234119694,-0.022418278089571756,0.004904252877905012,0.007165793573673008,0.05,200,20260905,False
2014H2-E,nearest,,gini,tabpfn - gbm-50k,True,0.009686123538567274,-0.003152904926261372,0.018979756975822507,0.005863482237786968,0.05,200,20260905,False
2014H2-E,nearest,,gini,tabicl - gbm-50k,True,0.01395482630774734,0.0006467512090391523,0.02401202773052262,0.005742976154789787,0.05,200,20260905,True
2014H2-E,nearest,,gini,tabicl@t1 - gbm-50k,True,0.01395482630774734,0.0006467512090391523,0.02401202773052262,0.005742976154789787,0.05,200,20260905,True
2014H2-E,nearest,,gini,tabpfn@t1 - gbm-50k,True,0.009719975485588339,-0.0030993309617900165,0.01899991925031423,0.005866533730212557,0.05,200,20260905,False
2014H2-E,nearest,,gini,tabicl - tabpfn,True,0.004268702769180066,-0.002706544567642123,0.012114540962095402,0.0037132247421174354,0.05,200,20260905,False
2014H2-E,nearest,,gini,tabicl@t1 - tabpfn,True,0.004268702769180066,-0.002706544567642123,0.012114540962095402,0.0037132247421174354,0.05,200,20260905,False
2014H2-E,nearest,,gini,tabpfn@t1 - tabpfn,True,3.385194702106483e-05,-4.37253515441216e-06,8.502483195770988e-05,2.182623101299114e-05,0.05,200,20260905,False
2014H2-E,nearest,,gini,tabicl@t1 - tabicl,True,0.0,0.0,0.0,0.0,0.05,200,20260905,False
2014H2-E,nearest,,gini,tabpfn@t1 - tabicl,True,-0.0042348508221590015,-0.0121024734888806,0.002756148917793213,0.003717211650820191,0.05,200,20260905,False
2014H2-E,nearest,,gini,tabpfn@t1 - tabicl@t1,True,-0.0042348508221590015,-0.0121024734888806,0.002756148917793213,0.003717211650820191,0.05,200,20260905,False
2014H2-E,nearest,,abs_log_oe,scorecard,False,0.23990089437063825,0.19029131760695514,0.28963064141190525,0.024794110086632914,0.05,200,20260905,
2014H2-E,nearest,,abs_log_oe,gbm,False,0.21914392691364948,0.16927826530906365,0.26722765872381665,0.024820318707963914,0.05,200,20260905,
2014H2-E,nearest,,abs_log_oe,gbm-50k,False,0.2212939824014473,0.14776660705498754,0.3076407661492144,0.043895308328067886,0.05,200,20260905,
2014H2-E,nearest,,abs_log_oe,tabpfn,False,0.6018540146361344,0.5157756750896774,0.6840172569021766,0.04471310020325747,0.05,200,20260905,
2014H2-E,nearest,,abs_log_oe,tabicl,False,0.46023324577993824,0.376622591630014,0.5469076969083063,0.046350319688882605,0.05,200,20260905,
2014H2-E,nearest,,abs_log_oe,tabicl@t1,False,0.10111983886834948,0.039158267317928375,0.18449519834830952,0.04028005809095509,0.05,200,20260905,
2014H2-E,nearest,,abs_log_oe,tabpfn@t1,False,0.22607756820416272,0.1443949927122568,0.3062970129790759,0.04267570421199461,0.05,200,20260905,
2014H2-E,nearest,,abs_log_oe,gbm - scorecard,True,-0.020756967456988767,-0.023821092663488672,-0.01795527630879957,0.0015474556536760992,0.05,200,20260905,True
2014H2-E,nearest,,abs_log_oe,gbm-50k - scorecard,True,-0.018606911969190943,-0.056279794751315455,0.03610338663901338,0.03832435063343899,0.05,200,20260905,False
2014H2-E,nearest,,abs_log_oe,tabpfn - scorecard,True,0.36195312026549614,0.3125605594087523,0.4112993328746178,0.03886884600111608,0.05,200,20260905,True
2014H2-E,nearest,,abs_log_oe,tabicl - scorecard,True,0.2203323514093,0.1719270208448416,0.2748946178254294,0.04097508817608024,0.05,200,20260905,True
2014H2-E,nearest,,abs_log_oe,tabicl@t1 - scorecard,True,-0.13878105550228878,-0.18218075348969914,-0.08800161652850748,0.03601193083083941,0.05,200,20260905,True
2014H2-E,nearest,,abs_log_oe,tabpfn@t1 - scorecard,True,-0.013823326166475516,-0.05869747229653759,0.03345192948729291,0.036456424999855776,0.05,200,20260905,False
2014H2-E,nearest,,abs_log_oe,gbm-50k - gbm,True,0.002150055487797823,-0.03534925194643813,0.0560823034644719,0.03831088785809918,0.05,200,20260905,False
2014H2-E,nearest,,abs_log_oe,tabpfn - gbm,True,0.3827100877224849,0.3339040448821749,0.4317765552337016,0.03881763026084784,0.05,200,20260905,True
2014H2-E,nearest,,abs_log_oe,tabicl - gbm,True,0.24108931886628873,0.19318654619422404,0.2964954289572634,0.04094387886588039,0.05,200,20260905,True
2014H2-E,nearest,,abs_log_oe,tabicl@t1 - gbm,True,-0.1180240880453,-0.161039436086465,-0.06637610265519567,0.03597010598448808,0.05,200,20260905,True
2014H2-E,nearest,,abs_log_oe,tabpfn@t1 - gbm,True,0.006933641290513252,-0.037347869680877686,0.054074515447385035,0.036412904519243006,0.05,200,20260905,False
2014H2-E,nearest,,abs_log_oe,tabpfn - gbm-50k,True,0.380560032234687,0.3669225743753093,0.39911677440402243,0.012214935195120133,0.05,200,20260905,True
2014H2-E,nearest,,abs_log_oe,tabicl - gbm-50k,True,0.23893926337849092,0.22611255672647995,0.25133967312003214,0.008766022286447194,0.05,200,20260905,True
2014H2-E,nearest,,abs_log_oe,tabicl@t1 - gbm-50k,True,-0.12017414353309781,-0.1275391756321496,-0.09597743054927221,0.009029706268371403,0.05,200,20260905,True
2014H2-E,nearest,,abs_log_oe,tabpfn@t1 - gbm-50k,True,0.004783585802715429,-0.004763410809677795,0.020542310651213803,0.01017587736317557,0.05,200,20260905,False
2014H2-E,nearest,,abs_log_oe,tabicl - tabpfn,True,-0.14162076885619612,-0.14887243873682302,-0.13468501841571198,0.004905633199737479,0.05,200,20260905,True
2014H2-E,nearest,,abs_log_oe,tabicl@t1 - tabpfn,True,-0.5007341757677849,-0.5096475840542578,-0.4698762402465108,0.010528767991406243,0.05,200,20260905,True
2014H2-E,nearest,,abs_log_oe,tabpfn@t1 - tabpfn,True,-0.37577644643197167,-0.37888562761862943,-0.37082040567231145,0.003061886287264283,0.05,200,20260905,True
2014H2-E,nearest,,abs_log_oe,tabicl@t1 - tabicl,True,-0.3591134069115887,-0.36296533399197506,-0.3292454012955626,0.009429400377770441,0.05,200,20260905,True
2014H2-E,nearest,,abs_log_oe,tabpfn@t1 - tabicl,True,-0.2341556775757755,-0.24272790337821118,-0.22890429669569054,0.005178043811917824,0.05,200,20260905,True
2014H2-E,nearest,,abs_log_oe,tabpfn@t1 - tabicl@t1,True,0.12495772933581324,0.09820562495185005,0.13094554955848414,0.008713233577599693,0.05,200,20260905,True
2014H2-E,nearest,,cox_slope_deviation,scorecard,False,0.05490388695864149,0.022507319126873725,0.1380684254754025,0.02937088168527887,0.05,200,20260905,
2014H2-E,nearest,,cox_slope_deviation,gbm,False,0.11774616420631534,0.05408180105457905,0.17791949594150303,0.034598080880207605,0.05,200,20260905,
2014H2-E,nearest,,cox_slope_deviation,gbm-50k,False,0.14162412483130019,0.02059692701374921,0.26334473118465956,0.07640944429796799,0.05,200,20260905,
2014H2-E,nearest,,cox_slope_deviation,tabpfn,False,0.0589083719661992,0.018215755243745423,0.16965491848781136,0.04234664110800073,0.05,200,20260905,
2014H2-E,nearest,,cox_slope_deviation,tabicl,False,0.07868879595560414,0.036531175614882366,0.17398054860734358,0.03944447834709716,0.05,200,20260905,
2014H2-E,nearest,,cox_slope_deviation,tabicl@t1,False,0.05417971304484275,0.01811727045832664,0.1345929075439337,0.03134182553540518,0.05,200,20260905,
2014H2-E,nearest,,cox_slope_deviation,tabpfn@t1,False,0.08231903393494987,0.020774842843750623,0.17751984962148276,0.04211334703040407,0.05,200,20260905,
2014H2-E,nearest,,cox_slope_deviation,gbm - scorecard,True,0.06284227724767386,-0.008685302534385184,0.08475055893210372,0.024969459823418378,0.05,200,20260905,False
2014H2-E,nearest,,cox_slope_deviation,gbm-50k - scorecard,True,0.0867202378726587,-0.05541796222050402,0.15949154654536626,0.073555308824749,0.05,200,20260905,False
2014H2-E,nearest,,cox_slope_deviation,tabpfn - scorecard,True,0.0040044850075577135,-0.0605935230166901,0.13309380737036605,0.05210740996596046,0.05,200,20260905,False
2014H2-E,nearest,,cox_slope_deviation,tabicl - scorecard,True,0.023784908996962655,-0.06218428124343339,0.1447820766045671,0.0536008185103985,0.05,200,20260905,False
2014H2-E,nearest,,cox_slope_deviation,tabicl@t1 - scorecard,True,-0.0007241739137987419,-0.07429055581126756,0.056447070246919605,0.03218068030664871,0.05,200,20260905,False
2014H2-E,nearest,,cox_slope_deviation,tabpfn@t1 - scorecard,True,0.02741514697630837,-0.06633065105642894,0.08353973771583956,0.04132189352131411,0.05,200,20260905,False
2014H2-E,nearest,,cox_slope_deviation,gbm-50k - gbm,True,0.023877960624984835,-0.12022545287467921,0.11101381395196466,0.07332790597323435,0.05,200,20260905,False
2014H2-E,nearest,,cox_slope_deviation,tabpfn - gbm,True,-0.05883779224011613,-0.116237169907165,0.10282430962199399,0.05912536746967295,0.05,200,20260905,False
2014H2-E,nearest,,cox_slope_deviation,tabicl - gbm,True,-0.0390573682507112,-0.1231284787905691,0.10779759114173658,0.06133488779676808,0.05,200,20260905,False
2014H2-E,nearest,,cox_slope_deviation,tabicl@t1 - gbm,True,-0.0635664511614726,-0.13906570449574582,0.0305508521531889,0.03953003170166463,0.05,200,20260905,False
2014H2-E,nearest,,cox_slope_deviation,tabpfn@t1 - gbm,True,-0.03542713027136548,-0.13127214583924018,0.03519327689590586,0.04312900574846247,0.05,200,20260905,False
2014H2-E,nearest,,cox_slope_deviation,tabpfn - gbm-50k,True,-0.08271575286510097,-0.19784401583804506,0.1254482159675749,0.10928931862729746,0.05,200,20260905,False
2014H2-E,nearest,,cox_slope_deviation,tabicl - gbm-50k,True,-0.06293532887569603,-0.2075336535951856,0.1303525975317039,0.10890951813983812,0.05,200,20260905,False
2014H2-E,nearest,,cox_slope_deviation,tabicl@t1 - gbm-50k,True,-0.08744441178645741,-0.15409875311424417,0.04133392494506767,0.06649678918640453,0.05,200,20260905,False
2014H2-E,nearest,,cox_slope_deviation,tabpfn@t1 - gbm-50k,True,-0.05930509089635031,-0.12143585697981081,0.03507182505345092,0.048591651870994144,0.05,200,20260905,False
2014H2-E,nearest,,cox_slope_deviation,tabicl - tabpfn,True,0.019780423989404935,-0.023010943125391852,0.046373769207678356,0.016533659418005633,0.05,200,20260905,False
2014H2-E,nearest,,cox_slope_deviation,tabicl@t1 - tabpfn,True,-0.004728658921356456,-0.091938721972052,0.06523221962605928,0.048091834010797425,0.05,200,20260905,False
2014H2-E,nearest,,cox_slope_deviation,tabpfn@t1 - tabpfn,True,0.023410661968750645,-0.09726574647482576,0.11682474465590638,0.06735509758537032,0.05,200,20260905,False
2014H2-E,nearest,,cox_slope_deviation,tabicl@t1 - tabicl,True,-0.024509082910761395,-0.09674717870095939,0.08677266970847444,0.05144038260468003,0.05,200,20260905,False
2014H2-E,nearest,,cox_slope_deviation,tabpfn@t1 - tabicl,True,0.003630237979345715,-0.10827385196125192,0.1318339577109689,0.06975310745988793,0.05,200,20260905,False
2014H2-E,nearest,,cox_slope_deviation,tabpfn@t1 - tabicl@t1,True,0.028139320890107105,-0.017571976412871677,0.057042362217936966,0.023114968475342404,0.05,200,20260905,False
2014H2-E,nearest,,psi,scorecard,False,0.014102190047466245,0.012747648221177566,0.01661417467837298,0.0010586187112524529,0.05,200,20260905,
2014H2-E,nearest,,psi,gbm,False,0.006420451946127812,0.00554911611379308,0.008264049992961084,0.0006916936897503552,0.05,200,20260905,
2014H2-E,nearest,,psi,gbm-50k,False,0.008305492794272416,0.00414331117142661,0.01734798248708845,0.005052823911943296,0.05,200,20260905,
2014H2-E,nearest,,psi,tabpfn,False,0.010955426769581363,0.004867242164345106,0.019886042932293575,0.005425191542006926,0.05,200,20260905,
2014H2-E,nearest,,psi,tabicl,False,0.03364025836664302,0.021848752032433694,0.04434348027324922,0.00804815343031086,0.05,200,20260905,
2014H2-E,nearest,,psi,tabicl@t1,False,0.03364025836664302,0.021848752032433694,0.04434348027324922,0.00804815343031086,0.05,200,20260905,
2014H2-E,nearest,,psi,tabpfn@t1,False,0.010990101181488243,0.004879878358725006,0.02001031226139751,0.005443123669393675,0.05,200,20260905,
2014H2-E,nearest,,psi,gbm - scorecard,True,-0.007681738101338434,-0.008912641757380789,-0.006506474615121855,0.0006555846877344625,0.05,200,20260905,True
2014H2-E,nearest,,psi,gbm-50k - scorecard,True,-0.005796697253193828,-0.010857036373929216,0.0021678236482428753,0.005037042737318544,0.05,200,20260905,False
2014H2-E,nearest,,psi,tabpfn - scorecard,True,-0.003146763277884882,-0.010452924663548658,0.005034192706728652,0.005363802393420676,0.05,200,20260905,False
2014H2-E,nearest,,psi,tabicl - scorecard,True,0.019538068319176774,0.006267593557621936,0.030370159341094285,0.008170970012069883,0.05,200,20260905,True
2014H2-E,nearest,,psi,tabicl@t1 - scorecard,True,0.019538068319176774,0.006267593557621936,0.030370159341094285,0.008170970012069883,0.05,200,20260905,True
2014H2-E,nearest,,psi,tabpfn@t1 - scorecard,True,-0.0031120888659780005,-0.010461524264108703,0.005104848781183947,0.005382124960071698,0.05,200,20260905,False
2014H2-E,nearest,,psi,gbm-50k - gbm,True,0.001885040848144604,-0.002485998466540641,0.009825745088838177,0.005013252147775794,0.05,200,20260905,False
2014H2-E,nearest,,psi,tabpfn - gbm,True,0.004534974823453551,-0.002159024675728577,0.012506010403163874,0.005359921740398726,0.05,200,20260905,False
2014H2-E,nearest,,psi,tabicl - gbm,True,0.027219806420515205,0.014648776477002303,0.037864972648169716,0.00810060024710675,0.05,200,20260905,True
2014H2-E,nearest,,psi,tabicl@t1 - gbm,True,0.027219806420515205,0.014648776477002303,0.037864972648169716,0.00810060024710675,0.05,200,20260905,True
2014H2-E,nearest,,psi,tabpfn@t1 - gbm,True,0.004569649235360432,-0.0021271804509946793,0.012610484528603664,0.005377866536469975,0.05,200,20260905,False
2014H2-E,nearest,,psi,tabpfn - gbm-50k,True,0.002649933975308947,-0.000340171746097012,0.005740744143557263,0.0018474418258993843,0.05,200,20260905,False
2014H2-E,nearest,,psi,tabicl - gbm-50k,True,0.025334765572370604,0.00507148971264343,0.039230792013352375,0.012849977687656961,0.05,200,20260905,True
2014H2-E,nearest,,psi,tabicl@t1 - gbm-50k,True,0.025334765572370604,0.00507148971264343,0.039230792013352375,0.012849977687656961,0.05,200,20260905,True
2014H2-E,nearest,,psi,tabpfn@t1 - gbm-50k,True,0.002684608387215828,-0.0002930737188799974,0.00572919158555984,0.0018326681285918873,0.05,200,20260905,False
2014H2-E,nearest,,psi,tabicl - tabpfn,True,0.022684831597061656,0.0029829262582741854,0.03457260392393821,0.01269667229635179,0.05,200,20260905,True
2014H2-E,nearest,,psi,tabicl@t1 - tabpfn,True,0.022684831597061656,0.0029829262582741854,0.03457260392393821,0.01269667229635179,0.05,200,20260905,True
2014H2-E,nearest,,psi,tabpfn@t1 - tabpfn,True,3.4674411906881454e-05,-5.5592234475490895e-05,0.00012917645026235575,4.775747665276323e-05,0.05,200,20260905,False
2014H2-E,nearest,,psi,tabicl@t1 - tabicl,True,0.0,0.0,0.0,0.0,0.05,200,20260905,False
2014H2-E,nearest,,psi,tabpfn@t1 - tabicl,True,-0.022650157185154774,-0.03454433601154198,-0.002946516121726252,0.012722588336045646,0.05,200,20260905,True
2014H2-E,nearest,,psi,tabpfn@t1 - tabicl@t1,True,-0.022650157185154774,-0.03454433601154198,-0.002946516121726252,0.012722588336045646,0.05,200,20260905,True
2014H2-E,"all, cohorts resampled",,gini,scorecard,False,0.3924567160822306,0.37368549850517596,0.41268651640718845,0.010543545995960477,0.05,200,20260905,
2014H2-E,"all, cohorts resampled",,gini,gbm,False,0.4170303919469694,0.39744292069703574,0.4359517635394688,0.010033566507881515,0.05,200,20260905,
2014H2-E,"all, cohorts resampled",,gini,gbm-50k,False,0.3932672166639087,0.36743431206911165,0.4199718139503526,0.014246089649969132,0.05,200,20260905,
2014H2-E,"all, cohorts resampled",,gini,tabpfn,False,0.41678891958947367,0.39321822143065144,0.4405293525705978,0.012042347135217176,0.05,200,20260905,
2014H2-E,"all, cohorts resampled",,gini,tabicl,False,0.4173998003554522,0.3961553734119685,0.4399693506529833,0.011403537059446776,0.05,200,20260905,
2014H2-E,"all, cohorts resampled",,gini,tabicl@t1,False,0.4173998003554522,0.3961553734119685,0.4399693506529833,0.011403537059446776,0.05,200,20260905,
2014H2-E,"all, cohorts resampled",,gini,tabpfn@t1,False,0.41684113094092684,0.3932584583068476,0.4405934271242288,0.012045758851568129,0.05,200,20260905,
2014H2-E,"all, cohorts resampled",,gini,gbm - scorecard,True,0.024573675864738853,0.017323261341408044,0.03363425994815635,0.004218065611885928,0.05,200,20260905,True
2014H2-E,"all, cohorts resampled",,gini,gbm-50k - scorecard,True,0.0008105005816780678,-0.014775611808338012,0.01593405254323994,0.00916191296142073,0.05,200,20260905,False
2014H2-E,"all, cohorts resampled",,gini,tabpfn - scorecard,True,0.02433220350724306,0.011472321979426459,0.03703453528828184,0.0070685162934241656,0.05,200,20260905,True
2014H2-E,"all, cohorts resampled",,gini,tabicl - scorecard,True,0.024943084273221634,0.01376031269649415,0.03666276028740227,0.006217167604535949,0.05,200,20260905,True
2014H2-E,"all, cohorts resampled",,gini,tabicl@t1 - scorecard,True,0.024943084273221634,0.01376031269649415,0.03666276028740227,0.006217167604535949,0.05,200,20260905,True
2014H2-E,"all, cohorts resampled",,gini,tabpfn@t1 - scorecard,True,0.024384414858696284,0.011510765230053868,0.03709496342508798,0.007071613209629241,0.05,200,20260905,True
2014H2-E,"all, cohorts resampled",,gini,gbm-50k - gbm,True,-0.023763175283060784,-0.039163416351912755,-0.009617661800569485,0.008774369307142003,0.05,200,20260905,True
2014H2-E,"all, cohorts resampled",,gini,tabpfn - gbm,True,-0.00024147235749579407,-0.010977293743190649,0.013293735336070915,0.006811959596331546,0.05,200,20260905,False
2014H2-E,"all, cohorts resampled",,gini,tabicl - gbm,True,0.0003694084084827816,-0.009037528737778215,0.011520606670424559,0.00571608338192482,0.05,200,20260905,False
2014H2-E,"all, cohorts resampled",,gini,tabicl@t1 - gbm,True,0.0003694084084827816,-0.009037528737778215,0.011520606670424559,0.00571608338192482,0.05,200,20260905,False
2014H2-E,"all, cohorts resampled",,gini,tabpfn@t1 - gbm,True,-0.00018926100604256998,-0.010929962765424853,0.013339473369238183,0.006815982021007571,0.05,200,20260905,False
2014H2-E,"all, cohorts resampled",,gini,tabpfn - gbm-50k,True,0.02352170292556499,0.014791748187944225,0.03220516870930808,0.0045993741325049435,0.05,200,20260905,True
2014H2-E,"all, cohorts resampled",,gini,tabicl - gbm-50k,True,0.024132583691543568,0.014871560185498978,0.032945765645331845,0.00471728230908569,0.05,200,20260905,True
2014H2-E,"all, cohorts resampled",,gini,tabicl@t1 - gbm-50k,True,0.024132583691543568,0.014871560185498978,0.032945765645331845,0.00471728230908569,0.05,200,20260905,True
2014H2-E,"all, cohorts resampled",,gini,tabpfn@t1 - gbm-50k,True,0.023573914277018215,0.014849570488967796,0.032247887854557636,0.004594640001073871,0.05,200,20260905,True
2014H2-E,"all, cohorts resampled",,gini,tabicl - tabpfn,True,0.0006108807659785757,-0.004959134212562717,0.005209382630794804,0.002605916133107656,0.05,200,20260905,False
2014H2-E,"all, cohorts resampled",,gini,tabicl@t1 - tabpfn,True,0.0006108807659785757,-0.004959134212562717,0.005209382630794804,0.002605916133107656,0.05,200,20260905,False
2014H2-E,"all, cohorts resampled",,gini,tabpfn@t1 - tabpfn,True,5.2211351453224086e-05,2.412730079443953e-05,8.375548566280644e-05,1.6503201969297e-05,0.05,200,20260905,True
2014H2-E,"all, cohorts resampled",,gini,tabicl@t1 - tabicl,True,0.0,0.0,0.0,0.0,0.05,200,20260905,False
2014H2-E,"all, cohorts resampled",,gini,tabpfn@t1 - tabicl,True,-0.0005586694145253516,-0.005173817506972582,0.005029481615274613,0.0026036290368185665,0.05,200,20260905,False
2014H2-E,"all, cohorts resampled",,gini,tabpfn@t1 - tabicl@t1,True,-0.0005586694145253516,-0.005173817506972582,0.005029481615274613,0.0026036290368185665,0.05,200,20260905,False
2014H2-E,"all, cohorts resampled",,abs_log_oe,scorecard,False,0.36561164794001705,0.30992952062025614,0.4242034311847931,0.03066958969626668,0.05,200,20260905,
2014H2-E,"all, cohorts resampled",,abs_log_oe,gbm,False,0.33380168884138867,0.2808549236228443,0.3882020812941166,0.029305278265417567,0.05,200,20260905,
2014H2-E,"all, cohorts resampled",,abs_log_oe,gbm-50k,False,0.3319822909194578,0.2616784239181129,0.4175194480069263,0.042477302784824936,0.05,200,20260905,
2014H2-E,"all, cohorts resampled",,abs_log_oe,tabpfn,False,0.7095734958319876,0.638403306997454,0.7909166955217771,0.04155864642384869,0.05,200,20260905,
2014H2-E,"all, cohorts resampled",,abs_log_oe,tabicl,False,0.5520592826329712,0.4841140887064173,0.6312341006670056,0.040174696318332676,0.05,200,20260905,
2014H2-E,"all, cohorts resampled",,abs_log_oe,tabicl@t1,False,0.193050055762262,0.12969232540270437,0.26937771916068637,0.03787375037721118,0.05,200,20260905,
2014H2-E,"all, cohorts resampled",,abs_log_oe,tabpfn@t1,False,0.3315234269511142,0.26309675984067904,0.4103826475011288,0.03989421856831775,0.05,200,20260905,
2014H2-E,"all, cohorts resampled",,abs_log_oe,gbm - scorecard,True,-0.03180995909862838,-0.03910784657934635,-0.025391892411764507,0.003684323019717558,0.05,200,20260905,True
2014H2-E,"all, cohorts resampled",,abs_log_oe,gbm-50k - scorecard,True,-0.03362935702055927,-0.06915828098561234,0.016804813586363952,0.03143973705938704,0.05,200,20260905,False
2014H2-E,"all, cohorts resampled",,abs_log_oe,tabpfn - scorecard,True,0.34396184789197054,0.30046382810308336,0.3924170237335402,0.031961583270878786,0.05,200,20260905,True
2014H2-E,"all, cohorts resampled",,abs_log_oe,tabicl - scorecard,True,0.18644763469295408,0.1446062065307392,0.2401825277777262,0.031317834357367874,0.05,200,20260905,True
2014H2-E,"all, cohorts resampled",,abs_log_oe,tabicl@t1 - scorecard,True,-0.17256159217775505,-0.20897028703079823,-0.12206647526219941,0.028581520305991624,0.05,200,20260905,True
2014H2-E,"all, cohorts resampled",,abs_log_oe,tabpfn@t1 - scorecard,True,-0.03408822098890283,-0.07319227695628484,0.013079949335456814,0.029753282333559013,0.05,200,20260905,False
2014H2-E,"all, cohorts resampled",,abs_log_oe,gbm-50k - gbm,True,-0.0018193979219308838,-0.03709378072370844,0.04589454322874602,0.0315532445600209,0.05,200,20260905,False
2014H2-E,"all, cohorts resampled",,abs_log_oe,tabpfn - gbm,True,0.3757718069905989,0.33497594906875744,0.42149405730430106,0.03180909760806494,0.05,200,20260905,True
2014H2-E,"all, cohorts resampled",,abs_log_oe,tabicl - gbm,True,0.2182575937915825,0.1806420100993755,0.26867487936088474,0.030754693893076883,0.05,200,20260905,True
2014H2-E,"all, cohorts resampled",,abs_log_oe,tabicl@t1 - gbm,True,-0.14075163307912666,-0.17355508307488388,-0.0940341211740508,0.028033655103555686,0.05,200,20260905,True
2014H2-E,"all, cohorts resampled",,abs_log_oe,tabpfn@t1 - gbm,True,-0.0022782618902744503,-0.0388646233538168,0.04215955420735147,0.02959903829939339,0.05,200,20260905,False
2014H2-E,"all, cohorts resampled",,abs_log_oe,tabpfn - gbm-50k,True,0.37759120491252984,0.36869234329116324,0.39275147009862504,0.007253658789425319,0.05,200,20260905,True
2014H2-E,"all, cohorts resampled",,abs_log_oe,tabicl - gbm-50k,True,0.22007699171351336,0.20763926355213222,0.23683195505264656,0.006951056327624101,0.05,200,20260905,True
2014H2-E,"all, cohorts resampled",,abs_log_oe,tabicl@t1 - gbm-50k,True,-0.1389322351571958,-0.1523488455396136,-0.12345939314030749,0.007271238279407161,0.05,200,20260905,True
2014H2-E,"all, cohorts resampled",,abs_log_oe,tabpfn@t1 - gbm-50k,True,-0.0004588639683435665,-0.007142789104621997,0.013289093977666321,0.005876157911026973,0.05,200,20260905,False
2014H2-E,"all, cohorts resampled",,abs_log_oe,tabicl - tabpfn,True,-0.15751421319901646,-0.16859290184131837,-0.14717983983609753,0.005584832539003525,0.05,200,20260905,True
2014H2-E,"all, cohorts resampled",,abs_log_oe,tabicl@t1 - tabpfn,True,-0.5165234400697256,-0.5273191649451996,-0.5019735249035024,0.007555430465078061,0.05,200,20260905,True
2014H2-E,"all, cohorts resampled",,abs_log_oe,tabpfn@t1 - tabpfn,True,-0.3780500688808734,-0.3811806318364744,-0.37303513051916265,0.002833063427502935,0.05,200,20260905,True
2014H2-E,"all, cohorts resampled",,abs_log_oe,tabicl@t1 - tabicl,True,-0.3590092268707092,-0.36281811425898125,-0.34988585104334285,0.003627608799595379,0.05,200,20260905,True
2014H2-E,"all, cohorts resampled",,abs_log_oe,tabpfn@t1 - tabicl,True,-0.22053585568185693,-0.2288056222509268,-0.21167380077766088,0.004501468152446984,0.05,200,20260905,True
2014H2-E,"all, cohorts resampled",,abs_log_oe,tabpfn@t1 - tabicl@t1,True,0.13847337118885222,0.12794965253330323,0.147478138707531,0.005370865584494409,0.05,200,20260905,True
2014H2-E,"all, cohorts resampled",,cox_slope_deviation,scorecard,False,0.07438695935220666,0.058189639879549296,0.13374503874842367,0.01934883245662767,0.05,200,20260905,
2014H2-E,"all, cohorts resampled",,cox_slope_deviation,gbm,False,0.09225329993942454,0.07256205621208683,0.14625742810174747,0.019436298372416845,0.05,200,20260905,
2014H2-E,"all, cohorts resampled",,cox_slope_deviation,gbm-50k,False,0.12925056315160507,0.06094018506021449,0.2244343040293688,0.048961795942294495,0.05,200,20260905,
2014H2-E,"all, cohorts resampled",,cox_slope_deviation,tabpfn,False,0.07032278256220698,0.04510611832758062,0.13894708111120416,0.0265292628447899,0.05,200,20260905,
2014H2-E,"all, cohorts resampled",,cox_slope_deviation,tabicl,False,0.10270257109459098,0.05539848942602178,0.17168941681435987,0.03241433638056002,0.05,200,20260905,
2014H2-E,"all, cohorts resampled",,cox_slope_deviation,tabicl@t1,False,0.06337947731977621,0.04666768047539934,0.12236186521862541,0.01882812437860693,0.05,200,20260905,
2014H2-E,"all, cohorts resampled",,cox_slope_deviation,tabpfn@t1,False,0.0819438483806363,0.048217961832362,0.16674697566220012,0.0344358757983287,0.05,200,20260905,
2014H2-E,"all, cohorts resampled",,cox_slope_deviation,gbm - scorecard,True,0.01786634058721788,-0.01469956281961522,0.04544532623449635,0.01384792585983116,0.05,200,20260905,False
2014H2-E,"all, cohorts resampled",,cox_slope_deviation,gbm-50k - scorecard,True,0.05486360379939842,-0.03284646371123256,0.1151601320676813,0.045679566353014345,0.05,200,20260905,False
2014H2-E,"all, cohorts resampled",,cox_slope_deviation,tabpfn - scorecard,True,-0.004064176789999682,-0.05982765432224533,0.06339520837583171,0.03317112134087917,0.05,200,20260905,False
2014H2-E,"all, cohorts resampled",,cox_slope_deviation,tabicl - scorecard,True,0.028315611742384315,-0.0569713880164751,0.09219918991096834,0.04090073298889632,0.05,200,20260905,False
2014H2-E,"all, cohorts resampled",,cox_slope_deviation,tabicl@t1 - scorecard,True,-0.01100748203243044,-0.052221429068652396,0.027277789611715803,0.020568294471774096,0.05,200,20260905,False
2014H2-E,"all, cohorts resampled",,cox_slope_deviation,tabpfn@t1 - scorecard,True,0.007556889028429649,-0.04439623548777362,0.06132391457341882,0.0316974194535735,0.05,200,20260905,False
2014H2-E,"all, cohorts resampled",,cox_slope_deviation,gbm-50k - gbm,True,0.036997263212180546,-0.05710478810401895,0.09290007598125592,0.045273538692844124,0.05,200,20260905,False
2014H2-E,"all, cohorts resampled",,cox_slope_deviation,tabpfn - gbm,True,-0.021930517377217563,-0.07653731132193822,0.06808975007474775,0.03564256507836804,0.05,200,20260905,False
2014H2-E,"all, cohorts resampled",,cox_slope_deviation,tabicl - gbm,True,0.010449271155166437,-0.0761722539981309,0.09124692631145657,0.04327482594296589,0.05,200,20260905,False
2014H2-E,"all, cohorts resampled",,cox_slope_deviation,tabicl@t1 - gbm,True,-0.028873822619648316,-0.07144112108435387,0.01665660352446305,0.02259103222958773,0.05,200,20260905,False
2014H2-E,"all, cohorts resampled",,cox_slope_deviation,tabpfn@t1 - gbm,True,-0.01030945155878823,-0.06588118768292914,0.0407120841084408,0.03254347917304424,0.05,200,20260905,False
2014H2-E,"all, cohorts resampled",,cox_slope_deviation,tabpfn - gbm-50k,True,-0.058927780589398106,-0.15977916696947195,0.05122839888931631,0.06890313934311974,0.05,200,20260905,False
2014H2-E,"all, cohorts resampled",,cox_slope_deviation,tabicl - gbm-50k,True,-0.026547992057014108,-0.15839653327032563,0.08114638189235211,0.076662772175134,0.05,200,20260905,False
2014H2-E,"all, cohorts resampled",,cox_slope_deviation,tabicl@t1 - gbm-50k,True,-0.06587108583182887,-0.12474344178516797,0.0012288929177692999,0.04223057192905839,0.05,200,20260905,False
2014H2-E,"all, cohorts resampled",,cox_slope_deviation,tabpfn@t1 - gbm-50k,True,-0.04730671477096878,-0.09305229119386388,-0.002284999455597464,0.02642873559867606,0.05,200,20260905,True
2014H2-E,"all, cohorts resampled",,cox_slope_deviation,tabicl - tabpfn,True,0.032379788532384,-0.005822165231257815,0.04607646476123919,0.014148509214778221,0.05,200,20260905,False
2014H2-E,"all, cohorts resampled",,cox_slope_deviation,tabicl@t1 - tabpfn,True,-0.006943305242430757,-0.05364629053579642,0.04448937227320394,0.02999618792241987,0.05,200,20260905,False
2014H2-E,"all, cohorts resampled",,cox_slope_deviation,tabpfn@t1 - tabpfn,True,0.01162106581842933,-0.06844112063008312,0.10001229995385535,0.052923450337627236,0.05,200,20260905,False
2014H2-E,"all, cohorts resampled",,cox_slope_deviation,tabicl@t1 - tabicl,True,-0.03932309377481476,-0.08123716606991287,0.05050632485355894,0.03954201455528916,0.05,200,20260905,False
2014H2-E,"all, cohorts resampled",,cox_slope_deviation,tabpfn@t1 - tabicl,True,-0.020758722713954667,-0.09873085883013023,0.0994033712386778,0.06239761630727043,0.05,200,20260905,False
2014H2-E,"all, cohorts resampled",,cox_slope_deviation,tabpfn@t1 - tabicl@t1,True,0.018564371060860087,-0.01956387748669779,0.06466115888514148,0.02559505824982195,0.05,200,20260905,False
2014H2-E,"all, cohorts resampled",,psi,scorecard,False,0.026643574881581738,0.021926360473216756,0.034312019511083015,0.0034408911315967927,0.05,200,20260905,
2014H2-E,"all, cohorts resampled",,psi,gbm,False,0.014034026536290704,0.01089481766878679,0.01934816570309632,0.00227971116268701,0.05,200,20260905,
2014H2-E,"all, cohorts resampled",,psi,gbm-50k,False,0.013869508576383046,0.008381272987299886,0.021226165878596222,0.0037047479644879934,0.05,200,20260905,
2014H2-E,"all, cohorts resampled",,psi,tabpfn,False,0.011817979410208476,0.006567022413123689,0.018744056283790143,0.0036633127859877473,0.05,200,20260905,
2014H2-E,"all, cohorts resampled",,psi,tabicl,False,0.03355829542504858,0.0249789629033487,0.04851488440820612,0.007037114446535287,0.05,200,20260905,
2014H2-E,"all, cohorts resampled",,psi,tabicl@t1,False,0.03355829542504858,0.0249789629033487,0.04851488440820612,0.007037114446535287,0.05,200,20260905,
2014H2-E,"all, cohorts resampled",,psi,tabpfn@t1,False,0.011869962822013231,0.00658785446658901,0.018799997885092828,0.0036771866963948383,0.05,200,20260905,
2014H2-E,"all, cohorts resampled",,psi,gbm - scorecard,True,-0.012609548345291035,-0.015503642986622197,-0.009635404738607401,0.001494672758425867,0.05,200,20260905,True
2014H2-E,"all, cohorts resampled",,psi,gbm-50k - scorecard,True,-0.012774066305198692,-0.019608197102246695,-0.005622024055426,0.0039105469594837615,0.05,200,20260905,True
2014H2-E,"all, cohorts resampled",,psi,tabpfn - scorecard,True,-0.014825595471373262,-0.022788926664373012,-0.006251370418485564,0.004540598500614567,0.05,200,20260905,True
2014H2-E,"all, cohorts resampled",,psi,tabicl - scorecard,True,0.006914720543466843,-0.0061053983149931,0.025413827189739516,0.008758793091558087,0.05,200,20260905,False
2014H2-E,"all, cohorts resampled",,psi,tabicl@t1 - scorecard,True,0.006914720543466843,-0.0061053983149931,0.025413827189739516,0.008758793091558087,0.05,200,20260905,False
2014H2-E,"all, cohorts resampled",,psi,tabpfn@t1 - scorecard,True,-0.014773612059568508,-0.022752248879976816,-0.00617542837104663,0.004547909133110308,0.05,200,20260905,True
2014H2-E,"all, cohorts resampled",,psi,gbm-50k - gbm,True,-0.00016451795990765858,-0.005836760859460391,0.0056863203124225695,0.0034750161205856006,0.05,200,20260905,False
2014H2-E,"all, cohorts resampled",,psi,tabpfn - gbm,True,-0.002216047126082228,-0.00875991426929761,0.005086869974319456,0.0038525352170932473,0.05,200,20260905,False
2014H2-E,"all, cohorts resampled",,psi,tabicl - gbm,True,0.019524268888757874,0.007188960871331817,0.03562648905102168,0.007990352791560873,0.05,200,20260905,True
2014H2-E,"all, cohorts resampled",,psi,tabicl@t1 - gbm,True,0.019524268888757874,0.007188960871331817,0.03562648905102168,0.007990352791560873,0.05,200,20260905,True
2014H2-E,"all, cohorts resampled",,psi,tabpfn@t1 - gbm,True,-0.0021640637142774743,-0.008728816771987792,0.0051036157941564,0.003862221676999367,0.05,200,20260905,False
2014H2-E,"all, cohorts resampled",,psi,tabpfn - gbm-50k,True,-0.0020515291661745696,-0.0041503488337945324,0.0012024607499694464,0.001457774016365559,0.05,200,20260905,False
2014H2-E,"all, cohorts resampled",,psi,tabicl - gbm-50k,True,0.019688786848665533,0.006497642200241352,0.03602293605848443,0.008524312571205634,0.05,200,20260905,True
2014H2-E,"all, cohorts resampled",,psi,tabicl@t1 - gbm-50k,True,0.019688786848665533,0.006497642200241352,0.03602293605848443,0.008524312571205634,0.05,200,20260905,True
2014H2-E,"all, cohorts resampled",,psi,tabpfn@t1 - gbm-50k,True,-0.001999545754369816,-0.004109038358320367,0.001281063932304799,0.0014567943506379117,0.05,200,20260905,False
2014H2-E,"all, cohorts resampled",,psi,tabicl - tabpfn,True,0.021740316014840107,0.008406092658995853,0.03764143102532285,0.008082210798363442,0.05,200,20260905,True
2014H2-E,"all, cohorts resampled",,psi,tabicl@t1 - tabpfn,True,0.021740316014840107,0.008406092658995853,0.03764143102532285,0.008082210798363442,0.05,200,20260905,True
2014H2-E,"all, cohorts resampled",,psi,tabpfn@t1 - tabpfn,True,5.198341180475373e-05,8.05983013014253e-06,0.0001151183910403099,2.8171508355502186e-05,0.05,200,20260905,True
2014H2-E,"all, cohorts resampled",,psi,tabicl@t1 - tabicl,True,0.0,0.0,0.0,0.0,0.05,200,20260905,False
2014H2-E,"all, cohorts resampled",,psi,tabpfn@t1 - tabicl,True,-0.02168833260303535,-0.037617900969278056,-0.008299057552617277,0.008091305542648985,0.05,200,20260905,True
2014H2-E,"all, cohorts resampled",,psi,tabpfn@t1 - tabicl@t1,True,-0.02168833260303535,-0.037617900969278056,-0.008299057552617277,0.008091305542648985,0.05,200,20260905,True
2014H2-E,all,20260911,gini,scorecard,False,0.3924567160822306,0.38166746180107447,0.4033862379428241,0.005453859392387436,0.05,200,20260905,
2014H2-E,all,20260911,gini,gbm,False,0.41703039194696945,0.4068892476232372,0.4285680976708367,0.005570736553369352,0.05,200,20260905,
2014H2-E,all,20260911,gini,gbm-50k,False,0.4022330484713158,0.39196519440891264,0.41257083794860083,0.005569844801603233,0.05,200,20260905,
2014H2-E,all,20260911,gini,tabpfn,False,0.4249583527989197,0.41387178091935894,0.43594443527097454,0.005591465363993571,0.05,200,20260905,
2014H2-E,all,20260911,gini,tabicl,False,0.4231406959845701,0.41202169877994826,0.4339917167591436,0.005535156105581316,0.05,200,20260905,
2014H2-E,all,20260911,gini,tabicl@t1,False,0.4231406959845701,0.41202169877994826,0.4339917167591436,0.005535156105581316,0.05,200,20260905,
2014H2-E,all,20260911,gini,tabpfn@t1,False,0.42501155890593856,0.41392694791370643,0.43600303275928565,0.005592118433541667,0.05,200,20260905,
2014H2-E,all,20260911,gini,gbm - scorecard,True,0.024573675864738853,0.019203961354181016,0.02961909215512643,0.0025276064421920403,0.05,200,20260905,True
2014H2-E,all,20260911,gini,gbm-50k - scorecard,True,0.009776332389085207,0.003998093973912592,0.015584645348761883,0.0028461559974633697,0.05,200,20260905,True
2014H2-E,all,20260911,gini,tabpfn - scorecard,True,0.0325016367166891,0.027931381283500423,0.037124079405008795,0.002518125029346329,0.05,200,20260905,True
2014H2-E,all,20260911,gini,tabicl - scorecard,True,0.03068397990233951,0.026332040433664727,0.03571351743022091,0.002522622938226176,0.05,200,20260905,True
2014H2-E,all,20260911,gini,tabicl@t1 - scorecard,True,0.03068397990233951,0.026332040433664727,0.03571351743022091,0.002522622938226176,0.05,200,20260905,True
2014H2-E,all,20260911,gini,tabpfn@t1 - scorecard,True,0.03255484282370796,0.027982085355091474,0.03718112215080142,0.002517018638178069,0.05,200,20260905,True
2014H2-E,all,20260911,gini,gbm-50k - gbm,True,-0.014797343475653646,-0.01939076178884823,-0.010954124815593403,0.0021390593520096684,0.05,200,20260905,True
2014H2-E,all,20260911,gini,tabpfn - gbm,True,0.007927960851950244,0.0037631225026427905,0.011722578703190432,0.002150739721350167,0.05,200,20260905,True
2014H2-E,all,20260911,gini,tabicl - gbm,True,0.006110304037600656,0.001962342746666089,0.010424996948884938,0.00220685704262851,0.05,200,20260905,True
2014H2-E,all,20260911,gini,tabicl@t1 - gbm,True,0.006110304037600656,0.001962342746666089,0.010424996948884938,0.00220685704262851,0.05,200,20260905,True
2014H2-E,all,20260911,gini,tabpfn@t1 - gbm,True,0.00798116695896911,0.0038084134930404037,0.011775012650509384,0.0021500911558306815,0.05,200,20260905,True
2014H2-E,all,20260911,gini,tabpfn - gbm-50k,True,0.02272530432760389,0.018042869936901414,0.026564231607333642,0.0021807451384393954,0.05,200,20260905,True
2014H2-E,all,20260911,gini,tabicl - gbm-50k,True,0.0209076475132543,0.016426610563444546,0.025119702378438236,0.002301323884506891,0.05,200,20260905,True
2014H2-E,all,20260911,gini,tabicl@t1 - gbm-50k,True,0.0209076475132543,0.016426610563444546,0.025119702378438236,0.002301323884506891,0.05,200,20260905,True
2014H2-E,all,20260911,gini,tabpfn@t1 - gbm-50k,True,0.022778510434622756,0.01808625210066546,0.026602410608851112,0.0021798926924443706,0.05,200,20260905,True
2014H2-E,all,20260911,gini,tabicl - tabpfn,True,-0.0018176568143495886,-0.004565720142486085,0.0009230648223415913,0.001369009249868403,0.05,200,20260905,False
2014H2-E,all,20260911,gini,tabicl@t1 - tabpfn,True,-0.0018176568143495886,-0.004565720142486085,0.0009230648223415913,0.001369009249868403,0.05,200,20260905,False
2014H2-E,all,20260911,gini,tabpfn@t1 - tabpfn,True,5.320610701886608e-05,3.6201688991559235e-05,6.932990989838434e-05,8.712552165436606e-06,0.05,200,20260905,True
2014H2-E,all,20260911,gini,tabicl@t1 - tabicl,True,0.0,0.0,0.0,0.0,0.05,200,20260905,False
2014H2-E,all,20260911,gini,tabpfn@t1 - tabicl,True,0.0018708629213684547,-0.0008720797737695157,0.004628512321746486,0.0013696087812462147,0.05,200,20260905,False
2014H2-E,all,20260911,gini,tabpfn@t1 - tabicl@t1,True,0.0018708629213684547,-0.0008720797737695157,0.004628512321746486,0.0013696087812462147,0.05,200,20260905,False
2014H2-E,all,20260911,abs_log_oe,scorecard,False,0.36561164794001705,0.34182202274956663,0.38807994132413176,0.011422169550205342,0.05,200,20260905,
2014H2-E,all,20260911,abs_log_oe,gbm,False,0.33380168884138867,0.31037377229639956,0.356137566649566,0.011466593981792908,0.05,200,20260905,
2014H2-E,all,20260911,abs_log_oe,gbm-50k,False,0.31942335500746116,0.2960488315275044,0.34166891211275413,0.011509983413810893,0.05,200,20260905,
2014H2-E,all,20260911,abs_log_oe,tabpfn,False,0.7049083187753413,0.6809689182185534,0.7274060541493209,0.011498157377310487,0.05,200,20260905,
2014H2-E,all,20260911,abs_log_oe,tabicl,False,0.5425415989934892,0.5190328416677966,0.5650870238387096,0.011470542067765554,0.05,200,20260905,
2014H2-E,all,20260911,abs_log_oe,tabicl@t1,False,0.18254691494661926,0.15965792059541262,0.20487821677807008,0.01129056493066819,0.05,200,20260905,
2014H2-E,all,20260911,abs_log_oe,tabpfn@t1,False,0.3250843385425307,0.30128441855280397,0.34780346013031177,0.011505090876445166,0.05,200,20260905,
2014H2-E,all,20260911,abs_log_oe,gbm - scorecard,True,-0.03180995909862838,-0.03340418620112504,-0.030545032080163965,0.0007371119249872763,0.05,200,20260905,True
2014H2-E,all,20260911,abs_log_oe,gbm-50k - scorecard,True,-0.046188292932555886,-0.04773238366379449,-0.0447096536532236,0.0007735816092142902,0.05,200,20260905,True
2014H2-E,all,20260911,abs_log_oe,tabpfn - scorecard,True,0.3392966708353243,0.3375584371399578,0.3407296359703191,0.000810350868238414,0.05,200,20260905,True
2014H2-E,all,20260911,abs_log_oe,tabicl - scorecard,True,0.17692995105347215,0.17505224397031868,0.1785800214008245,0.000886207164935316,0.05,200,20260905,True
2014H2-E,all,20260911,abs_log_oe,tabicl@t1 - scorecard,True,-0.1830647329933978,-0.184437266898648,-0.1802840406062636,0.0011052594617102177,0.05,200,20260905,True
2014H2-E,all,20260911,abs_log_oe,tabpfn@t1 - scorecard,True,-0.04052730939748633,-0.04203912073255404,-0.03913615892400969,0.0007205877292924931,0.05,200,20260905,True
2014H2-E,all,20260911,abs_log_oe,gbm-50k - gbm,True,-0.014378333833927504,-0.015625177142758257,-0.013051219157421223,0.0006492120472084275,0.05,200,20260905,True
2014H2-E,all,20260911,abs_log_oe,tabpfn - gbm,True,0.37110662993395266,0.3696175227624304,0.3724942744709289,0.0007092205880816964,0.05,200,20260905,True
2014H2-E,all,20260911,abs_log_oe,tabicl - gbm,True,0.20873991015210053,0.20721485751258514,0.21036100486797984,0.0008475041100547213,0.05,200,20260905,True
2014H2-E,all,20260911,abs_log_oe,tabicl@t1 - gbm,True,-0.1512547738947694,-0.152594957757444,-0.1477803185103986,0.001180654668371538,0.05,200,20260905,True
2014H2-E,all,20260911,abs_log_oe,tabpfn@t1 - gbm,True,-0.008717350298857951,-0.009835413996938444,-0.007296640287913418,0.0006377284002071956,0.05,200,20260905,True
2014H2-E,all,20260911,abs_log_oe,tabpfn - gbm-50k,True,0.38548496376788016,0.38424290961157853,0.38695043141665214,0.0007245499589859049,0.05,200,20260905,True
2014H2-E,all,20260911,abs_log_oe,tabicl - gbm-50k,True,0.22311824398602803,0.2214540288657187,0.22468124434056297,0.000849287907461378,0.05,200,20260905,True
2014H2-E,all,20260911,abs_log_oe,tabicl@t1 - gbm-50k,True,-0.1368764400608419,-0.13829616722772345,-0.13326551675123668,0.0011361485153973702,0.05,200,20260905,True
2014H2-E,all,20260911,abs_log_oe,tabpfn@t1 - gbm-50k,True,0.0056609835350695525,0.004531160435015076,0.006820121230165981,0.0006127625692455781,0.05,200,20260905,True
2014H2-E,all,20260911,abs_log_oe,tabicl - tabpfn,True,-0.16236671978185213,-0.16314247400741333,-0.16145274943581317,0.000459735175022589,0.05,200,20260905,True
2014H2-E,all,20260911,abs_log_oe,tabicl@t1 - tabpfn,True,-0.5223614038287221,-0.5230875539530739,-0.518899577363886,0.0010067731191556128,0.05,200,20260905,True
2014H2-E,all,20260911,abs_log_oe,tabpfn@t1 - tabpfn,True,-0.3798239802328106,-0.38023938087101916,-0.3793674864009128,0.00021137702139078054,0.05,200,20260905,True
2014H2-E,all,20260911,abs_log_oe,tabicl@t1 - tabicl,True,-0.35999468404686996,-0.3604270323291661,-0.3571922484281299,0.0009304383997065053,0.05,200,20260905,True
2014H2-E,all,20260911,abs_log_oe,tabpfn@t1 - tabicl,True,-0.21745726045095848,-0.21842400515675947,-0.2165181053075542,0.0005173223155838049,0.05,200,20260905,True
2014H2-E,all,20260911,abs_log_oe,tabpfn@t1 - tabicl@t1,True,0.14253742359591146,0.13911278757338325,0.14319543644276117,0.0009751309744949502,0.05,200,20260905,True
2014H2-E,all,20260911,cox_slope_deviation,scorecard,False,0.07438695935220666,0.061912796489953396,0.11549788049821778,0.013893332322340206,0.05,200,20260905,
2014H2-E,all,20260911,cox_slope_deviation,gbm,False,0.09225329993942454,0.07748645999642347,0.13301164047223693,0.014470797734990102,0.05,200,20260905,
2014H2-E,all,20260911,cox_slope_deviation,gbm-50k,False,0.17173420896060715,0.1412173411833063,0.2118554180492562,0.01779895215662157,0.05,200,20260905,
2014H2-E,all,20260911,cox_slope_deviation,tabpfn,False,0.04256084688444616,0.040332320168622766,0.08821577105429948,0.01249165294386309,0.05,200,20260905,
2014H2-E,all,20260911,cox_slope_deviation,tabicl,False,0.067523647166242,0.05706976211984467,0.10428979554341132,0.012218998409112732,0.05,200,20260905,
2014H2-E,all,20260911,cox_slope_deviation,tabicl@t1,False,0.07116471205894012,0.061664909639061856,0.11443112203423299,0.014390184058212423,0.05,200,20260905,
2014H2-E,all,20260911,cox_slope_deviation,tabpfn@t1,False,0.1265529762968088,0.09816938966892409,0.1641374669766061,0.017007032012490472,0.05,200,20260905,
2014H2-E,all,20260911,cox_slope_deviation,gbm - scorecard,True,0.01786634058721788,-0.006031568027601404,0.03860330824558685,0.010844568714002079,0.05,200,20260905,False
2014H2-E,all,20260911,cox_slope_deviation,gbm-50k - scorecard,True,0.0973472496084005,0.06059282298648512,0.11522074300155281,0.014388482171483507,0.05,200,20260905,True
2014H2-E,all,20260911,cox_slope_deviation,tabpfn - scorecard,True,-0.031826112467760494,-0.04477426021804063,-0.005068149325329689,0.010692349899945903,0.05,200,20260905,True
2014H2-E,all,20260911,cox_slope_deviation,tabicl - scorecard,True,-0.006863312185964657,-0.040569368452915616,0.025182086008491464,0.016478236443191317,0.05,200,20260905,False
2014H2-E,all,20260911,cox_slope_deviation,tabicl@t1 - scorecard,True,-0.0032222472932665336,-0.022908884995939623,0.017935315409632935,0.01059542075203915,0.05,200,20260905,False
2014H2-E,all,20260911,cox_slope_deviation,tabpfn@t1 - scorecard,True,0.052166016944602156,0.01609433797572978,0.07052377653829069,0.013610897809676928,0.05,200,20260905,True
2014H2-E,all,20260911,cox_slope_deviation,gbm-50k - gbm,True,0.07948090902118261,0.051825369436233566,0.08828153301120271,0.00943468883554179,0.05,200,20260905,True
2014H2-E,all,20260911,cox_slope_deviation,tabpfn - gbm,True,-0.049692453054978374,-0.06715798379452494,-0.014417455940408587,0.013625741792549492,0.05,200,20260905,True
2014H2-E,all,20260911,cox_slope_deviation,tabicl - gbm,True,-0.024729652773182537,-0.05934179120643474,0.014227076036669076,0.01976361518080201,0.05,200,20260905,False
2014H2-E,all,20260911,cox_slope_deviation,tabicl@t1 - gbm,True,-0.021088587880484413,-0.03588534165273821,0.0007472483163989862,0.009881883193607902,0.05,200,20260905,False
2014H2-E,all,20260911,cox_slope_deviation,tabpfn@t1 - gbm,True,0.034299676357384276,0.008557134032494959,0.0433702487639409,0.009036204374982985,0.05,200,20260905,True
2014H2-E,all,20260911,cox_slope_deviation,tabpfn - gbm-50k,True,-0.12917336207616098,-0.14247818119055092,-0.07681212381258605,0.017621550483445606,0.05,200,20260905,True
2014H2-E,all,20260911,cox_slope_deviation,tabicl - gbm-50k,True,-0.10421056179436515,-0.1401411774365306,-0.049672962005943996,0.02415977645961876,0.05,200,20260905,True
2014H2-E,all,20260911,cox_slope_deviation,tabicl@t1 - gbm-50k,True,-0.10056949690166703,-0.11218441906573437,-0.06154987334552088,0.013276377921736925,0.05,200,20260905,True
2014H2-E,all,20260911,cox_slope_deviation,tabpfn@t1 - gbm-50k,True,-0.04518123266379834,-0.06001367830084639,-0.03081427173117689,0.007343893868333481,0.05,200,20260905,True
2014H2-E,all,20260911,cox_slope_deviation,tabicl - tabpfn,True,0.024962800281795837,-0.006090233086960503,0.034409326050295126,0.010996954372718488,0.05,200,20260905,False
2014H2-E,all,20260911,cox_slope_deviation,tabicl@t1 - tabpfn,True,0.02860386517449396,0.003043506104478191,0.039549519730992744,0.009358080484530684,0.05,200,20260905,True
2014H2-E,all,20260911,cox_slope_deviation,tabpfn@t1 - tabpfn,True,0.08399212941236264,0.03166289056462458,0.09846982238407823,0.016865026097343094,0.05,200,20260905,True
2014H2-E,all,20260911,cox_slope_deviation,tabicl@t1 - tabicl,True,0.003641064892698123,-0.026442690070456215,0.036797751883127325,0.016778032741895113,0.05,200,20260905,False
2014H2-E,all,20260911,cox_slope_deviation,tabpfn@t1 - tabicl,True,0.05902932913056681,0.0008482271691133865,0.09877089441368025,0.023796371157146206,0.05,200,20260905,True
2014H2-E,all,20260911,cox_slope_deviation,tabpfn@t1 - tabicl@t1,True,0.05538826423786869,0.018826338171659407,0.06750307776978957,0.012146718422394375,0.05,200,20260905,True
2014H2-E,all,20260911,psi,scorecard,False,0.026643574881581738,0.025812918909553225,0.028201717404646238,0.0006334472200812756,0.05,200,20260905,
2014H2-E,all,20260911,psi,gbm,False,0.014034026536290704,0.013549206785217052,0.015229895099928416,0.0004494477981723932,0.05,200,20260905,
2014H2-E,all,20260911,psi,gbm-50k,False,0.013316329248260733,0.012949003698528477,0.014593002135831592,0.00043663607383867114,0.05,200,20260905,
2014H2-E,all,20260911,psi,tabpfn,False,0.011720447316844209,0.011279731676560947,0.012907555869332015,0.0003992772378876394,0.05,200,20260905,
2014H2-E,all,20260911,psi,tabicl,False,0.04232140151382338,0.04107629385836159,0.04449033091427289,0.0008758868259091695,0.05,200,20260905,
2014H2-E,all,20260911,psi,tabicl@t1,False,0.04232140151382338,0.04107629385836159,0.04449033091427289,0.0008758868259091695,0.05,200,20260905,
2014H2-E,all,20260911,psi,tabpfn@t1,False,0.011768190438346796,0.011335681468984369,0.012951306815364317,0.0003991577046901571,0.05,200,20260905,
2014H2-E,all,20260911,psi,gbm - scorecard,True,-0.012609548345291034,-0.013338637099027219,-0.01181018983400351,0.00041552618699304094,0.05,200,20260905,True
2014H2-E,all,20260911,psi,gbm-50k - scorecard,True,-0.013327245633321005,-0.014171267472348542,-0.01234098237279884,0.0004900141962136974,0.05,200,20260905,True
2014H2-E,all,20260911,psi,tabpfn - scorecard,True,-0.014923127564737529,-0.015789949670329942,-0.013902061501247136,0.0004906436762115622,0.05,200,20260905,True
2014H2-E,all,20260911,psi,tabicl - scorecard,True,0.015677826632241643,0.013330533010444581,0.018194279200036474,0.0012654415450568943,0.05,200,20260905,True
2014H2-E,all,20260911,psi,tabicl@t1 - scorecard,True,0.015677826632241643,0.013330533010444581,0.018194279200036474,0.0012654415450568943,0.05,200,20260905,True
2014H2-E,all,20260911,psi,tabpfn@t1 - scorecard,True,-0.014875384443234942,-0.015733716933326553,-0.013871163386117066,0.0004907906629895686,0.05,200,20260905,True
2014H2-E,all,20260911,psi,gbm-50k - gbm,True,-0.0007176972880299712,-0.0014366392821853434,5.025429077089214e-05,0.00037712624475510673,0.05,200,20260905,False
2014H2-E,all,20260911,psi,tabpfn - gbm,True,-0.0023135792194464953,-0.002929850235510716,-0.0016888858175546032,0.00031784754373122563,0.05,200,20260905,True
2014H2-E,all,20260911,psi,tabicl - gbm,True,0.028287374977532677,0.026240727098315396,0.03050967009566469,0.0011128277735232347,0.05,200,20260905,True
2014H2-E,all,20260911,psi,tabicl@t1 - gbm,True,0.028287374977532677,0.026240727098315396,0.03050967009566469,0.0011128277735232347,0.05,200,20260905,True
2014H2-E,all,20260911,psi,tabpfn@t1 - gbm,True,-0.0022658360979439084,-0.0028878469209012046,-0.0016251793862487266,0.00031817415062079877,0.05,200,20260905,True
2014H2-E,all,20260911,psi,tabpfn - gbm-50k,True,-0.0015958819314165242,-0.0022627079828034065,-0.0009084110765777639,0.0003757325432020264,0.05,200,20260905,True
2014H2-E,all,20260911,psi,tabicl - gbm-50k,True,0.029005072265562648,0.027056985741202223,0.03110792062141547,0.0010212778839514595,0.05,200,20260905,True
2014H2-E,all,20260911,psi,tabicl@t1 - gbm-50k,True,0.029005072265562648,0.027056985741202223,0.03110792062141547,0.0010212778839514595,0.05,200,20260905,True
2014H2-E,all,20260911,psi,tabpfn@t1 - gbm-50k,True,-0.0015481388099139372,-0.0022344713494029875,-0.0008318491499655009,0.00037651985445966136,0.05,200,20260905,True
2014H2-E,all,20260911,psi,tabicl - tabpfn,True,0.030600954196979172,0.028690780029553897,0.032643442997555325,0.0009912209974901457,0.05,200,20260905,True
2014H2-E,all,20260911,psi,tabicl@t1 - tabpfn,True,0.030600954196979172,0.028690780029553897,0.032643442997555325,0.0009912209974901457,0.05,200,20260905,True
2014H2-E,all,20260911,psi,tabpfn@t1 - tabpfn,True,4.77431215025869e-05,1.7659346728594524e-05,7.703602293901092e-05,1.529073628421437e-05,0.05,200,20260905,True
2014H2-E,all,20260911,psi,tabicl@t1 - tabicl,True,0.0,0.0,0.0,0.0,0.05,200,20260905,False
2014H2-E,all,20260911,psi,tabpfn@t1 - tabicl,True,-0.030553211075476587,-0.03259061289004758,-0.02863601508791425,0.0009899764096912365,0.05,200,20260905,True
2014H2-E,all,20260911,psi,tabpfn@t1 - tabicl@t1,True,-0.030553211075476587,-0.03259061289004758,-0.02863601508791425,0.0009899764096912365,0.05,200,20260905,True
2014H2-E,all,20260912,gini,scorecard,False,0.3924567160822306,0.38166746180107447,0.4033862379428241,0.005453859392387436,0.05,200,20260905,
2014H2-E,all,20260912,gini,gbm,False,0.41703039194696945,0.4068892476232372,0.4285680976708367,0.005570736553369352,0.05,200,20260905,
2014H2-E,all,20260912,gini,gbm-50k,False,0.3841311976793907,0.37341636027145053,0.39529898405999586,0.005673735536886213,0.05,200,20260905,
2014H2-E,all,20260912,gini,tabpfn,False,0.4097175204075879,0.39914494854102184,0.4205090603312588,0.005701420465822302,0.05,200,20260905,
2014H2-E,all,20260912,gini,tabicl,False,0.41085286953716577,0.4002384558898538,0.4216102700666055,0.00560016028022761,0.05,200,20260905,
2014H2-E,all,20260912,gini,tabicl@t1,False,0.41085286953716577,0.4002384558898538,0.4216102700666055,0.00560016028022761,0.05,200,20260905,
2014H2-E,all,20260912,gini,tabpfn@t1,False,0.4097537646464955,0.3991949667638886,0.42054369643296535,0.005700988540188363,0.05,200,20260905,
2014H2-E,all,20260912,gini,gbm - scorecard,True,0.024573675864738853,0.019203961354181016,0.02961909215512643,0.0025276064421920403,0.05,200,20260905,True
2014H2-E,all,20260912,gini,gbm-50k - scorecard,True,-0.008325518402839904,-0.014847346733011,-0.0027770070984459503,0.0032320057629808183,0.05,200,20260905,True
2014H2-E,all,20260912,gini,tabpfn - scorecard,True,0.017260804325357315,0.012580499438887336,0.022621504585975585,0.0027880063648390253,0.05,200,20260905,True
2014H2-E,all,20260912,gini,tabicl - scorecard,True,0.01839615345493517,0.014160186375846328,0.023684244684525367,0.0026342509902874964,0.05,200,20260905,True
2014H2-E,all,20260912,gini,tabicl@t1 - scorecard,True,0.01839615345493517,0.014160186375846328,0.023684244684525367,0.0026342509902874964,0.05,200,20260905,True
2014H2-E,all,20260912,gini,tabpfn@t1 - scorecard,True,0.017297048564264894,0.01261619781116407,0.022656710641107473,0.0027884699135710764,0.05,200,20260905,True
2014H2-E,all,20260912,gini,gbm-50k - gbm,True,-0.03289919426757876,-0.03857507207989771,-0.028615977364821507,0.0026281129322359804,0.05,200,20260905,True
2014H2-E,all,20260912,gini,tabpfn - gbm,True,-0.007312871539381538,-0.012131451149746592,-0.0027843004516346632,0.0024486790091393187,0.05,200,20260905,True
2014H2-E,all,20260912,gini,tabicl - gbm,True,-0.006177522409803682,-0.010595800119928219,-0.0017031194632411311,0.002325884943391862,0.05,200,20260905,True
2014H2-E,all,20260912,gini,tabicl@t1 - gbm,True,-0.006177522409803682,-0.010595800119928219,-0.0017031194632411311,0.002325884943391862,0.05,200,20260905,True
2014H2-E,all,20260912,gini,tabpfn@t1 - gbm,True,-0.007276627300473959,-0.012092268353278274,-0.00274406137491141,0.002448687621190905,0.05,200,20260905,True
2014H2-E,all,20260912,gini,tabpfn - gbm-50k,True,0.02558632272819722,0.020292554492599896,0.03118311497744976,0.0027572898584641253,0.05,200,20260905,True
2014H2-E,all,20260912,gini,tabicl - gbm-50k,True,0.026721671857775076,0.021591540408395504,0.03235541250986412,0.0028515100866391566,0.05,200,20260905,True
2014H2-E,all,20260912,gini,tabicl@t1 - gbm-50k,True,0.026721671857775076,0.021591540408395504,0.03235541250986412,0.0028515100866391566,0.05,200,20260905,True
2014H2-E,all,20260912,gini,tabpfn@t1 - gbm-50k,True,0.0256225669671048,0.02033524830948396,0.03122425850133378,0.0027568648328439977,0.05,200,20260905,True
2014H2-E,all,20260912,gini,tabicl - tabpfn,True,0.0011353491295778562,-0.0018019023646491366,0.0041977100724240705,0.0015807042731499049,0.05,200,20260905,False
2014H2-E,all,20260912,gini,tabicl@t1 - tabpfn,True,0.0011353491295778562,-0.0018019023646491366,0.0041977100724240705,0.0015807042731499049,0.05,200,20260905,False
2014H2-E,all,20260912,gini,tabpfn@t1 - tabpfn,True,3.6244238907578996e-05,2.042519024936934e-05,5.200946243145155e-05,8.571415056819819e-06,0.05,200,20260905,True
2014H2-E,all,20260912,gini,tabicl@t1 - tabicl,True,0.0,0.0,0.0,0.0,0.05,200,20260905,False
2014H2-E,all,20260912,gini,tabpfn@t1 - tabicl,True,-0.0010991048906702772,-0.004153463588060478,0.0018433634622192782,0.0015819651057746111,0.05,200,20260905,False
2014H2-E,all,20260912,gini,tabpfn@t1 - tabicl@t1,True,-0.0010991048906702772,-0.004153463588060478,0.0018433634622192782,0.0015819651057746111,0.05,200,20260905,False
2014H2-E,all,20260912,abs_log_oe,scorecard,False,0.36561164794001705,0.34182202274956663,0.38807994132413176,0.011422169550205342,0.05,200,20260905,
2014H2-E,all,20260912,abs_log_oe,gbm,False,0.33380168884138867,0.31037377229639956,0.356137566649566,0.011466593981792908,0.05,200,20260905,
2014H2-E,all,20260912,abs_log_oe,gbm-50k,False,0.37563592030962983,0.3518072322835965,0.39798491395195107,0.011476674025528225,0.05,200,20260905,
2014H2-E,all,20260912,abs_log_oe,tabpfn,False,0.7513388344970457,0.72704840234948,0.7749430687346288,0.011476581004247637,0.05,200,20260905,
2014H2-E,all,20260912,abs_log_oe,tabicl,False,0.5943849756963752,0.5706756732689776,0.6169897339743701,0.01148961816664346,0.05,200,20260905,
2014H2-E,all,20260912,abs_log_oe,tabicl@t1,False,0.23242568389123425,0.20885361675901162,0.25530673179694524,0.011496315807286533,0.05,200,20260905,
2014H2-E,all,20260912,abs_log_oe,tabpfn@t1,False,0.3711330885905506,0.34703527229094205,0.3946240847641081,0.011490147475739121,0.05,200,20260905,
2014H2-E,all,20260912,abs_log_oe,gbm - scorecard,True,-0.03180995909862838,-0.03340418620112504,-0.030545032080163965,0.0007371119249872763,0.05,200,20260905,True
2014H2-E,all,20260912,abs_log_oe,gbm-50k - scorecard,True,0.010024272369612786,0.008146080111968029,0.011432571456357555,0.0008679867414756374,0.05,200,20260905,True
2014H2-E,all,20260912,abs_log_oe,tabpfn - scorecard,True,0.3857271865570287,0.3840341626705413,0.3872847619752349,0.0008843227388929646,0.05,200,20260905,True
2014H2-E,all,20260912,abs_log_oe,tabicl - scorecard,True,0.2287733277563581,0.22688373024601843,0.23038252436987472,0.0009165675520574152,0.05,200,20260905,True
2014H2-E,all,20260912,abs_log_oe,tabicl@t1 - scorecard,True,-0.1331859640487828,-0.13482789371774145,-0.13178859969078935,0.0007795167708097915,0.05,200,20260905,True
2014H2-E,all,20260912,abs_log_oe,tabpfn@t1 - scorecard,True,0.00552144065053356,0.004160044548381522,0.00682417573900032,0.0007679744551529713,0.05,200,20260905,True
2014H2-E,all,20260912,abs_log_oe,gbm-50k - gbm,True,0.04183423146824117,0.0406070772389529,0.0432350171903658,0.0006828854631810968,0.05,200,20260905,True
2014H2-E,all,20260912,abs_log_oe,tabpfn - gbm,True,0.4175371456556571,0.41602846254465736,0.4190565432084279,0.0007726426479307929,0.05,200,20260905,True
2014H2-E,all,20260912,abs_log_oe,tabicl - gbm,True,0.2605832868549865,0.25897463913787055,0.26222428698288347,0.0008648471106005575,0.05,200,20260905,True
2014H2-E,all,20260912,abs_log_oe,tabicl@t1 - gbm,True,-0.10137600495015442,-0.10263775069061032,-0.10000335760569495,0.0007461977402275728,0.05,200,20260905,True
2014H2-E,all,20260912,abs_log_oe,tabpfn@t1 - gbm,True,0.03733139974916194,0.03604989086968785,0.038695302501060215,0.0006713999872899551,0.05,200,20260905,True
2014H2-E,all,20260912,abs_log_oe,tabpfn - gbm-50k,True,0.3757029141874159,0.37409643658711716,0.37711279678764226,0.000820249906500625,0.05,200,20260905,True
2014H2-E,all,20260912,abs_log_oe,tabicl - gbm-50k,True,0.21874905538674533,0.21684318648520892,0.2206716610906215,0.000944662161559142,0.05,200,20260905,True
2014H2-E,all,20260912,abs_log_oe,tabicl@t1 - gbm-50k,True,-0.1432102364183956,-0.14479406958950625,-0.14151140334414855,0.0008226768947255244,0.05,200,20260905,True
2014H2-E,all,20260912,abs_log_oe,tabpfn@t1 - gbm-50k,True,-0.0045028317190792255,-0.005916398395665367,-0.0031651313861881534,0.0007177701323213616,0.05,200,20260905,True
2014H2-E,all,20260912,abs_log_oe,tabicl - tabpfn,True,-0.1569538588006706,-0.15797562184887323,-0.1560814405635715,0.0004834943277609492,0.05,200,20260905,True
2014H2-E,all,20260912,abs_log_oe,tabicl@t1 - tabpfn,True,-0.5189131506058116,-0.5198804172597229,-0.5180279425362222,0.0004821477446098207,0.05,200,20260905,True
2014H2-E,all,20260912,abs_log_oe,tabpfn@t1 - tabpfn,True,-0.38020574590649514,-0.38066547883904794,-0.3797710944458784,0.00022979840440297833,0.05,200,20260905,True
2014H2-E,all,20260912,abs_log_oe,tabicl@t1 - tabicl,True,-0.3619592918051409,-0.36243396306247017,-0.3614624794909195,0.00024323073733465727,0.05,200,20260905,True
2014H2-E,all,20260912,abs_log_oe,tabpfn@t1 - tabicl,True,-0.22325188710582455,-0.2243060868647275,-0.22224529487167408,0.0005288315506776205,0.05,200,20260905,True
2014H2-E,all,20260912,abs_log_oe,tabpfn@t1 - tabicl@t1,True,0.13870740469931636,0.13797548980282442,0.13955745210281134,0.00041536927051047504,0.05,200,20260905,True
2014H2-E,all,20260912,cox_slope_deviation,scorecard,False,0.07438695935220666,0.061912796489953396,0.11549788049821778,0.013893332322340206,0.05,200,20260905,
2014H2-E,all,20260912,cox_slope_deviation,gbm,False,0.09225329993942454,0.07748645999642347,0.13301164047223693,0.014470797734990102,0.05,200,20260905,
2014H2-E,all,20260912,cox_slope_deviation,gbm-50k,False,0.06744937647032943,0.060363235506362606,0.10814197721186294,0.012298585623328787,0.05,200,20260905,
2014H2-E,all,20260912,cox_slope_deviation,tabpfn,False,0.10484350735729447,0.08552333653489111,0.13717727731673054,0.013075889293360227,0.05,200,20260905,
2014H2-E,all,20260912,cox_slope_deviation,tabicl,False,0.13752691005399661,0.11142338074333495,0.16347070717510234,0.013313825866646669,0.05,200,20260905,
2014H2-E,all,20260912,cox_slope_deviation,tabicl@t1,False,0.059009344529095016,0.052546746714357696,0.09950353127958647,0.012048202237133696,0.05,200,20260905,
2014H2-E,all,20260912,cox_slope_deviation,tabpfn@t1,False,0.051325057327115856,0.04422961543305259,0.09408329788692775,0.01240923652080697,0.05,200,20260905,
2014H2-E,all,20260912,cox_slope_deviation,gbm - scorecard,True,0.01786634058721788,-0.006031568027601404,0.03860330824558685,0.010844568714002079,0.05,200,20260905,False
2014H2-E,all,20260912,cox_slope_deviation,gbm-50k - scorecard,True,-0.006937582881877222,-0.03580689948290551,0.02069317273614854,0.015930521896055597,0.05,200,20260905,False
2014H2-E,all,20260912,cox_slope_deviation,tabpfn - scorecard,True,0.03045654800508782,-0.024645815282792645,0.057760095102852106,0.02209761955809222,0.05,200,20260905,False
2014H2-E,all,20260912,cox_slope_deviation,tabicl - scorecard,True,0.06313995070178996,0.00286196302138138,0.08982613541848164,0.02303172648418551,0.05,200,20260905,True
2014H2-E,all,20260912,cox_slope_deviation,tabicl@t1 - scorecard,True,-0.015377614823111639,-0.04547954491934495,0.014173092411836471,0.01617817913201747,0.05,200,20260905,False
2014H2-E,all,20260912,cox_slope_deviation,tabpfn@t1 - scorecard,True,-0.0230619020250908,-0.0436899502038094,0.00528089708998221,0.012670991293948651,0.05,200,20260905,False
2014H2-E,all,20260912,cox_slope_deviation,gbm-50k - gbm,True,-0.0248039234690951,-0.05823639486100158,0.01699440880038863,0.018947308127780876,0.05,200,20260905,False
2014H2-E,all,20260912,cox_slope_deviation,tabpfn - gbm,True,0.01259020741786994,-0.04493605180760178,0.05339353738346728,0.024742196782696093,0.05,200,20260905,False
2014H2-E,all,20260912,cox_slope_deviation,tabicl - gbm,True,0.04527361011457208,-0.019107398284660987,0.08208639376932587,0.02558693475679135,0.05,200,20260905,False
2014H2-E,all,20260912,cox_slope_deviation,tabicl@t1 - gbm,True,-0.03324395541032952,-0.06435680070270788,0.0070131867731596026,0.0193005257931162,0.05,200,20260905,False
2014H2-E,all,20260912,cox_slope_deviation,tabpfn@t1 - gbm,True,-0.04092824261230868,-0.062224047132522796,-0.004167632389959094,0.015468147845102136,0.05,200,20260905,True
2014H2-E,all,20260912,cox_slope_deviation,tabpfn - gbm-50k,True,0.03739413088696504,0.0031506586429954587,0.05098644582365732,0.013082483463833913,0.05,200,20260905,True
2014H2-E,all,20260912,cox_slope_deviation,tabicl - gbm-50k,True,0.07007753358366718,0.02672703211540702,0.0799826443290625,0.014367009415111664,0.05,200,20260905,True
2014H2-E,all,20260912,cox_slope_deviation,tabicl@t1 - gbm-50k,True,-0.008440031941234417,-0.025052724312383933,0.008968497547526285,0.008568761597241362,0.05,200,20260905,False
2014H2-E,all,20260912,cox_slope_deviation,tabpfn@t1 - gbm-50k,True,-0.016124319143213578,-0.03898747276014049,0.006946577169399437,0.011154047434969078,0.05,200,20260905,False
2014H2-E,all,20260912,cox_slope_deviation,tabicl - tabpfn,True,0.03268340269670214,0.016639294078288284,0.03729164967090174,0.005196040401039488,0.05,200,20260905,True
2014H2-E,all,20260912,cox_slope_deviation,tabicl@t1 - tabpfn,True,-0.04583416282819946,-0.0563233058430988,-0.014256901038478235,0.010993379649421852,0.05,200,20260905,True
2014H2-E,all,20260912,cox_slope_deviation,tabpfn@t1 - tabpfn,True,-0.05351845003017862,-0.06924198499779893,-0.012335383818602406,0.01610213468981924,0.05,200,20260905,True
2014H2-E,all,20260912,cox_slope_deviation,tabicl@t1 - tabicl,True,-0.0785175655249016,-0.08845213517513247,-0.0403662361953829,0.0125039155979934,0.05,200,20260905,True
2014H2-E,all,20260912,cox_slope_deviation,tabpfn@t1 - tabicl,True,-0.08620185272688076,-0.10042916793802541,-0.03544774444942851,0.01771638310011501,0.05,200,20260905,True
2014H2-E,all,20260912,cox_slope_deviation,tabpfn@t1 - tabicl@t1,True,-0.0076842872019791605,-0.021954165395082187,0.010656653570306157,0.008579380348601262,0.05,200,20260905,False
2014H2-E,all,20260912,psi,scorecard,False,0.026643574881581738,0.025812918909553225,0.028201717404646238,0.0006334472200812756,0.05,200,20260905,
2014H2-E,all,20260912,psi,gbm,False,0.014034026536290704,0.013549206785217052,0.015229895099928416,0.0004494477981723932,0.05,200,20260905,
2014H2-E,all,20260912,psi,gbm-50k,False,0.01815505608251867,0.0176871988629384,0.019584816258950734,0.00047906295354019883,0.05,200,20260905,
2014H2-E,all,20260912,psi,tabpfn,False,0.016237970884767604,0.015794676423539666,0.017606753347266153,0.0004795799428704739,0.05,200,20260905,
2014H2-E,all,20260912,psi,tabicl,False,0.029366213471249417,0.028550302916740117,0.031257027142030755,0.0007090711644565556,0.05,200,20260905,
2014H2-E,all,20260912,psi,tabicl@t1,False,0.029366213471249417,0.028550302916740117,0.031257027142030755,0.0007090711644565556,0.05,200,20260905,
2014H2-E,all,20260912,psi,tabpfn@t1,False,0.01630680357204037,0.01585530565749872,0.017690513969487617,0.0004784824638310921,0.05,200,20260905,
2014H2-E,all,20260912,psi,gbm - scorecard,True,-0.012609548345291034,-0.013338637099027219,-0.01181018983400351,0.00041552618699304094,0.05,200,20260905,True
2014H2-E,all,20260912,psi,gbm-50k - scorecard,True,-0.008488518799063066,-0.009485279182985175,-0.0074939339844620105,0.000502644936220797,0.05,200,20260905,True
2014H2-E,all,20260912,psi,tabpfn - scorecard,True,-0.010405603996814134,-0.011284921031504934,-0.009308951497513646,0.0005241939385811829,0.05,200,20260905,True
2014H2-E,all,20260912,psi,tabicl - scorecard,True,0.0027226385896676787,0.0009663721579276031,0.005011554794750663,0.0010695220898896624,0.05,200,20260905,True
2014H2-E,all,20260912,psi,tabicl@t1 - scorecard,True,0.0027226385896676787,0.0009663721579276031,0.005011554794750663,0.0010695220898896624,0.05,200,20260905,True
2014H2-E,all,20260912,psi,tabpfn@t1 - scorecard,True,-0.010336771309541366,-0.011208467252437923,-0.009228058787346425,0.0005247062977042601,0.05,200,20260905,True
2014H2-E,all,20260912,psi,gbm-50k - gbm,True,0.004121029546227967,0.003446787364661534,0.004926247704665838,0.00036867848542178,0.05,200,20260905,True
2014H2-E,all,20260912,psi,tabpfn - gbm,True,0.0022039443484768995,0.0014331440670579106,0.002902956193734121,0.0003920572890497009,0.05,200,20260905,True
2014H2-E,all,20260912,psi,tabicl - gbm,True,0.015332186934958712,0.013807354303910696,0.01712048242595864,0.0009092186790582334,0.05,200,20260905,True
2014H2-E,all,20260912,psi,tabicl@t1 - gbm,True,0.015332186934958712,0.013807354303910696,0.01712048242595864,0.0009092186790582334,0.05,200,20260905,True
2014H2-E,all,20260912,psi,tabpfn@t1 - gbm,True,0.0022727770357496672,0.0015099213722440578,0.0029660983883235434,0.0003915966019034411,0.05,200,20260905,True
2014H2-E,all,20260912,psi,tabpfn - gbm-50k,True,-0.001917085197751068,-0.002690347908740432,-0.0012130212914845987,0.00041736418583718276,0.05,200,20260905,True
2014H2-E,all,20260912,psi,tabicl - gbm-50k,True,0.011211157388730745,0.009310614299229558,0.012984652313195117,0.000890133400756953,0.05,200,20260905,True
2014H2-E,all,20260912,psi,tabicl@t1 - gbm-50k,True,0.011211157388730745,0.009310614299229558,0.012984652313195117,0.000890133400756953,0.05,200,20260905,True
2014H2-E,all,20260912,psi,tabpfn@t1 - gbm-50k,True,-0.0018482525104783001,-0.002613750752052389,-0.0011384983024193013,0.0004176578100895755,0.05,200,20260905,True
2014H2-E,all,20260912,psi,tabicl - tabpfn,True,0.013128242586481813,0.011525729218062615,0.015005893672344476,0.0008308659268140493,0.05,200,20260905,True
2014H2-E,all,20260912,psi,tabicl@t1 - tabpfn,True,0.013128242586481813,0.011525729218062615,0.015005893672344476,0.0008308659268140493,0.05,200,20260905,True
2014H2-E,all,20260912,psi,tabpfn@t1 - tabpfn,True,6.883268727276778e-05,2.8435629545129834e-05,0.00010191429571802906,2.0117631422279426e-05,0.05,200,20260905,True
2014H2-E,all,20260912,psi,tabicl@t1 - tabicl,True,0.0,0.0,0.0,0.0,0.05,200,20260905,False
2014H2-E,all,20260912,psi,tabpfn@t1 - tabicl,True,-0.013059409899209045,-0.014919892335797992,-0.011486099092867947,0.0008297818748135993,0.05,200,20260905,True
2014H2-E,all,20260912,psi,tabpfn@t1 - tabicl@t1,True,-0.013059409899209045,-0.014919892335797992,-0.011486099092867947,0.0008297818748135993,0.05,200,20260905,True
2014H2-E,all,20260913,gini,scorecard,False,0.3924567160822306,0.38166746180107447,0.4033862379428241,0.005453859392387436,0.05,200,20260905,
2014H2-E,all,20260913,gini,gbm,False,0.41703039194696945,0.4068892476232372,0.4285680976708367,0.005570736553369352,0.05,200,20260905,
2014H2-E,all,20260913,gini,gbm-50k,False,0.3934374038410195,0.38269961925956675,0.4036363335746135,0.0056769916792448055,0.05,200,20260905,
2014H2-E,all,20260913,gini,tabpfn,False,0.41569088556191336,0.40488223534046686,0.42586482173843254,0.00563448844051234,0.05,200,20260905,
2014H2-E,all,20260913,gini,tabicl,False,0.4182058355446208,0.40664165019004167,0.42893682053276105,0.005597794805371311,0.05,200,20260905,
2014H2-E,all,20260913,gini,tabicl@t1,False,0.4182058355446208,0.40664165019004167,0.42893682053276105,0.005597794805371311,0.05,200,20260905,
2014H2-E,all,20260913,gini,tabpfn@t1,False,0.4157580692703466,0.40495241996606157,0.42593084651132057,0.005634280863707069,0.05,200,20260905,
2014H2-E,all,20260913,gini,gbm - scorecard,True,0.024573675864738853,0.019203961354181016,0.02961909215512643,0.0025276064421920403,0.05,200,20260905,True
2014H2-E,all,20260913,gini,gbm-50k - scorecard,True,0.0009806877587889007,-0.005694803933395484,0.007028460760434081,0.00317430653030549,0.05,200,20260905,False
2014H2-E,all,20260913,gini,tabpfn - scorecard,True,0.023234169479682765,0.018833413156913812,0.02860328625472705,0.002622642575414349,0.05,200,20260905,True
2014H2-E,all,20260913,gini,tabicl - scorecard,True,0.025749119462390224,0.02153405441301089,0.030817231060062667,0.0025705935692322893,0.05,200,20260905,True
2014H2-E,all,20260913,gini,tabicl@t1 - scorecard,True,0.025749119462390224,0.02153405441301089,0.030817231060062667,0.0025705935692322893,0.05,200,20260905,True
2014H2-E,all,20260913,gini,tabpfn@t1 - scorecard,True,0.023301353188115992,0.01891123480360439,0.028672491512984424,0.0026223246340620855,0.05,200,20260905,True
2014H2-E,all,20260913,gini,gbm-50k - gbm,True,-0.023592988105949952,-0.028783511869247297,-0.019042489864423823,0.002455452605102906,0.05,200,20260905,True
2014H2-E,all,20260913,gini,tabpfn - gbm,True,-0.0013395063850560884,-0.004670667795472186,0.0031691684681449854,0.0019765553204391163,0.05,200,20260905,False
2014H2-E,all,20260913,gini,tabicl - gbm,True,0.001175443597651371,-0.002497149533374594,0.005122066306858618,0.0019738841151268668,0.05,200,20260905,False
2014H2-E,all,20260913,gini,tabicl@t1 - gbm,True,0.001175443597651371,-0.002497149533374594,0.005122066306858618,0.0019738841151268668,0.05,200,20260905,False
2014H2-E,all,20260913,gini,tabpfn@t1 - gbm,True,-0.0012723226766228612,-0.004606387477455384,0.003230576176775442,0.0019749583812029045,0.05,200,20260905,False
2014H2-E,all,20260913,gini,tabpfn - gbm-50k,True,0.022253481720893864,0.01844882692574155,0.026617968219021185,0.0022377489305517554,0.05,200,20260905,True
2014H2-E,all,20260913,gini,tabicl - gbm-50k,True,0.024768431703601324,0.020675786294121874,0.02928583183947701,0.0022870197881881696,0.05,200,20260905,True
2014H2-E,all,20260913,gini,tabicl@t1 - gbm-50k,True,0.024768431703601324,0.020675786294121874,0.02928583183947701,0.0022870197881881696,0.05,200,20260905,True
2014H2-E,all,20260913,gini,tabpfn@t1 - gbm-50k,True,0.02232066542932709,0.01851844041359602,0.026682208019831843,0.002236788087800604,0.05,200,20260905,True
2014H2-E,all,20260913,gini,tabicl - tabpfn,True,0.0025149499827074595,-0.0004914213928931612,0.005337613721688165,0.0013529573711602275,0.05,200,20260905,False
2014H2-E,all,20260913,gini,tabicl@t1 - tabpfn,True,0.0025149499827074595,-0.0004914213928931612,0.005337613721688165,0.0013529573711602275,0.05,200,20260905,False
2014H2-E,all,20260913,gini,tabpfn@t1 - tabpfn,True,6.718370843322718e-05,5.090562991203196e-05,8.459280312331925e-05,8.915752108590348e-06,0.05,200,20260905,True
2014H2-E,all,20260913,gini,tabicl@t1 - tabicl,True,0.0,0.0,0.0,0.0,0.05,200,20260905,False
2014H2-E,all,20260913,gini,tabpfn@t1 - tabicl,True,-0.0024477662742742323,-0.0052696633669195286,0.000552512301297457,0.0013519719907400213,0.05,200,20260905,False
2014H2-E,all,20260913,gini,tabpfn@t1 - tabicl@t1,True,-0.0024477662742742323,-0.0052696633669195286,0.000552512301297457,0.0013519719907400213,0.05,200,20260905,False
2014H2-E,all,20260913,abs_log_oe,scorecard,False,0.36561164794001705,0.34182202274956663,0.38807994132413176,0.011422169550205342,0.05,200,20260905,
2014H2-E,all,20260913,abs_log_oe,gbm,False,0.33380168884138867,0.31037377229639956,0.356137566649566,0.011466593981792908,0.05,200,20260905,
2014H2-E,all,20260913,abs_log_oe,gbm-50k,False,0.30088759744128235,0.27740650697371394,0.32282767143475305,0.01148820039537682,0.05,200,20260905,
2014H2-E,all,20260913,abs_log_oe,tabpfn,False,0.6724733342235757,0.6482144491104168,0.6947031765027692,0.011457284333056325,0.05,200,20260905,
2014H2-E,all,20260913,abs_log_oe,tabicl,False,0.5192512732090491,0.4955014139395635,0.541926877819588,0.011466660195774954,0.05,200,20260905,
2014H2-E,all,20260913,abs_log_oe,tabicl@t1,False,0.16417756844893244,0.14588096439149714,0.1866627524222847,0.010574083296581173,0.05,200,20260905,
2014H2-E,all,20260913,abs_log_oe,tabpfn@t1,False,0.2983528537202613,0.2742929595013225,0.320732216596036,0.011467837249276193,0.05,200,20260905,
2014H2-E,all,20260913,abs_log_oe,gbm - scorecard,True,-0.03180995909862838,-0.03340418620112504,-0.030545032080163965,0.0007371119249872763,0.05,200,20260905,True
2014H2-E,all,20260913,abs_log_oe,gbm-50k - scorecard,True,-0.0647240504987347,-0.06628238830688807,-0.0632501018011379,0.0008020497600548357,0.05,200,20260905,True
2014H2-E,all,20260913,abs_log_oe,tabpfn - scorecard,True,0.30686168628355864,0.3049750016059575,0.3086658478554674,0.0008963598110957823,0.05,200,20260905,True
2014H2-E,all,20260913,abs_log_oe,tabicl - scorecard,True,0.15363962526903202,0.15175944621982815,0.15541672149684307,0.0009823567100566803,0.05,200,20260905,True
2014H2-E,all,20260913,abs_log_oe,tabicl@t1 - scorecard,True,-0.2014340794910846,-0.20282470470128353,-0.1918982920673364,0.0027858098080975452,0.05,200,20260905,True
2014H2-E,all,20260913,abs_log_oe,tabpfn@t1 - scorecard,True,-0.06725879421975572,-0.06879880367486076,-0.06579331763464057,0.0007689669281410852,0.05,200,20260905,True
2014H2-E,all,20260913,abs_log_oe,gbm-50k - gbm,True,-0.032914091400106316,-0.0341903408889977,-0.031535113839300494,0.0006758388745511086,0.05,200,20260905,True
2014H2-E,all,20260913,abs_log_oe,tabpfn - gbm,True,0.338671645382187,0.33721893172273454,0.34002583558091404,0.000755449772558643,0.05,200,20260905,True
2014H2-E,all,20260913,abs_log_oe,tabicl - gbm,True,0.1854495843676604,0.1837262495409072,0.1871753958724207,0.0008877101970100219,0.05,200,20260905,True
2014H2-E,all,20260913,abs_log_oe,tabicl@t1 - gbm,True,-0.16962412039245622,-0.1707457541498983,-0.15945329019115978,0.0028534554808507208,0.05,200,20260905,True
2014H2-E,all,20260913,abs_log_oe,tabpfn@t1 - gbm,True,-0.03544883512112734,-0.036597901368909336,-0.03420399054117116,0.0006484359607050934,0.05,200,20260905,True
2014H2-E,all,20260913,abs_log_oe,tabpfn - gbm-50k,True,0.37158573678229334,0.3699228438555091,0.3731235226557176,0.0007868247534361106,0.05,200,20260905,True
2014H2-E,all,20260913,abs_log_oe,tabicl - gbm-50k,True,0.21836367576776672,0.21671218733910802,0.22012429994632166,0.0008997789650943643,0.05,200,20260905,True
2014H2-E,all,20260913,abs_log_oe,tabicl@t1 - gbm-50k,True,-0.1367100289923499,-0.13808829935340872,-0.127484769568112,0.002784484224392004,0.05,200,20260905,True
2014H2-E,all,20260913,abs_log_oe,tabpfn@t1 - gbm-50k,True,-0.0025347437210210266,-0.00384890705895712,-0.0013178169292531205,0.0006331050852268097,0.05,200,20260905,True
2014H2-E,all,20260913,abs_log_oe,tabicl - tabpfn,True,-0.15322206101452662,-0.15413835532766507,-0.15228731592207242,0.0004504920519752125,0.05,200,20260905,True
2014H2-E,all,20260913,abs_log_oe,tabicl@t1 - tabpfn,True,-0.5082957657746432,-0.5089356544540217,-0.4994702914808132,0.002722203415556103,0.05,200,20260905,True
2014H2-E,all,20260913,abs_log_oe,tabpfn@t1 - tabpfn,True,-0.37412048050331437,-0.3745393914216854,-0.37359573840650967,0.00023493139740497044,0.05,200,20260905,True
2014H2-E,all,20260913,abs_log_oe,tabicl@t1 - tabicl,True,-0.3550737047601166,-0.3555191265404319,-0.34658818198562247,0.0026920697997881234,0.05,200,20260905,True
2014H2-E,all,20260913,abs_log_oe,tabpfn@t1 - tabicl,True,-0.22089841948878775,-0.22190829593209818,-0.21989529830301005,0.0005259267727736974,0.05,200,20260905,True
2014H2-E,all,20260913,abs_log_oe,tabpfn@t1 - tabicl@t1,True,0.13417528527132888,0.12531237540518955,0.13474498752393002,0.0027102855555899523,0.05,200,20260905,True
2014H2-E,all,20260913,cox_slope_deviation,scorecard,False,0.07438695935220666,0.061912796489953396,0.11549788049821778,0.013893332322340206,0.05,200,20260905,
2014H2-E,all,20260913,cox_slope_deviation,gbm,False,0.09225329993942454,0.07748645999642347,0.13301164047223693,0.014470797734990102,0.05,200,20260905,
2014H2-E,all,20260913,cox_slope_deviation,gbm-50k,False,0.14856810402387866,0.12470712385095961,0.1873093180909492,0.016770246559939663,0.05,200,20260905,
2014H2-E,all,20260913,cox_slope_deviation,tabpfn,False,0.06356399344488028,0.05004938702122186,0.10349534996845629,0.01232543275626283,0.05,200,20260905,
2014H2-E,all,20260913,cox_slope_deviation,tabicl,False,0.1030571560635343,0.08887245505361348,0.13478062604495322,0.012163104346572286,0.05,200,20260905,
2014H2-E,all,20260913,cox_slope_deviation,tabicl@t1,False,0.05996437537129351,0.051850656977104,0.0974305460811875,0.012523941100646314,0.05,200,20260905,
2014H2-E,all,20260913,cox_slope_deviation,tabpfn@t1,False,0.06795351151798425,0.06050290602517012,0.10962186499045118,0.013193697605603641,0.05,200,20260905,
2014H2-E,all,20260913,cox_slope_deviation,gbm - scorecard,True,0.01786634058721788,-0.006031568027601404,0.03860330824558685,0.010844568714002079,0.05,200,20260905,False
2014H2-E,all,20260913,cox_slope_deviation,gbm-50k - scorecard,True,0.074181144671672,0.040329585184943895,0.09360911925175612,0.014717435317078956,0.05,200,20260905,True
2014H2-E,all,20260913,cox_slope_deviation,tabpfn - scorecard,True,-0.01082296590732637,-0.044212174472319586,0.02405651293912326,0.01769981288211053,0.05,200,20260905,False
2014H2-E,all,20260913,cox_slope_deviation,tabicl - scorecard,True,0.028670196711327645,-0.015354690891945143,0.06019426394353514,0.020195150688541424,0.05,200,20260905,False
2014H2-E,all,20260913,cox_slope_deviation,tabicl@t1 - scorecard,True,-0.014422583980913145,-0.04283178417876228,0.011140991029409355,0.013716009853851121,0.05,200,20260905,False
2014H2-E,all,20260913,cox_slope_deviation,tabpfn@t1 - scorecard,True,-0.006433447834222408,-0.024283920371119826,0.01441989434776338,0.009968132150922996,0.05,200,20260905,False
2014H2-E,all,20260913,cox_slope_deviation,gbm-50k - gbm,True,0.05631480408445412,0.03245214697428656,0.06996871327460977,0.00943164766723448,0.05,200,20260905,True
2014H2-E,all,20260913,cox_slope_deviation,tabpfn - gbm,True,-0.02868930649454425,-0.06545035023655421,0.01208757810907559,0.020451976461330446,0.05,200,20260905,False
2014H2-E,all,20260913,cox_slope_deviation,tabicl - gbm,True,0.010803856124109765,-0.03556563133903737,0.05257998537937372,0.022885374374610083,0.05,200,20260905,False
2014H2-E,all,20260913,cox_slope_deviation,tabicl@t1 - gbm,True,-0.032288924568131025,-0.061643500548040533,0.0009757024368200668,0.01553189469959164,0.05,200,20260905,False
2014H2-E,all,20260913,cox_slope_deviation,tabpfn@t1 - gbm,True,-0.024299788421440288,-0.03600337330797545,-0.0031587109219312656,0.008466657134767363,0.05,200,20260905,True
2014H2-E,all,20260913,cox_slope_deviation,tabpfn - gbm-50k,True,-0.08500411057899837,-0.12616517049723666,-0.03462156617880806,0.023624947601116025,0.05,200,20260905,True
2014H2-E,all,20260913,cox_slope_deviation,tabicl - gbm-50k,True,-0.045510947960344356,-0.09307225519668169,0.005974055157359497,0.025668738038876624,0.05,200,20260905,False
2014H2-E,all,20260913,cox_slope_deviation,tabicl@t1 - gbm-50k,True,-0.08860372865258515,-0.11634502043503554,-0.046144865966563156,0.018833883822094354,0.05,200,20260905,True
2014H2-E,all,20260913,cox_slope_deviation,tabpfn@t1 - gbm-50k,True,-0.08061459250589441,-0.09338132041261663,-0.04884377665552735,0.01158305833328164,0.05,200,20260905,True
2014H2-E,all,20260913,cox_slope_deviation,tabicl - tabpfn,True,0.039493162618654015,0.019879497637005472,0.046877517693375254,0.007004880910756293,0.05,200,20260905,True
2014H2-E,all,20260913,cox_slope_deviation,tabicl@t1 - tabpfn,True,-0.0035996180735867744,-0.024338071516962975,0.016109925665583186,0.01010656371657172,0.05,200,20260905,False
2014H2-E,all,20260913,cox_slope_deviation,tabpfn@t1 - tabpfn,True,0.004389518073103962,-0.027960936009158686,0.039475672302782816,0.01716127416295575,0.05,200,20260905,False
2014H2-E,all,20260913,cox_slope_deviation,tabicl@t1 - tabicl,True,-0.04309278069224079,-0.06336186062287547,-0.012279972840769827,0.01392333354206973,0.05,200,20260905,True
2014H2-E,all,20260913,cox_slope_deviation,tabpfn@t1 - tabicl,True,-0.03510364454555005,-0.06402738473070298,0.011115590504921056,0.020114477357057223,0.05,200,20260905,False
2014H2-E,all,20260913,cox_slope_deviation,tabpfn@t1 - tabicl@t1,True,0.007989136146690737,-0.012016961485054567,0.0322193900068853,0.011625300666763672,0.05,200,20260905,False
2014H2-E,all,20260913,psi,scorecard,False,0.026643574881581738,0.025812918909553225,0.028201717404646238,0.0006334472200812756,0.05,200,20260905,
2014H2-E,all,20260913,psi,gbm,False,0.014034026536290704,0.013549206785217052,0.015229895099928416,0.0004494477981723932,0.05,200,20260905,
2014H2-E,all,20260913,psi,gbm-50k,False,0.010137140398369732,0.009789747538575777,0.011247030983580864,0.0003892250371392697,0.05,200,20260905,
2014H2-E,all,20260913,psi,tabpfn,False,0.007495520029013616,0.007220579219005673,0.008582479218100496,0.00035414607310562296,0.05,200,20260905,
2014H2-E,all,20260913,psi,tabicl,False,0.028987271290072943,0.028130253975180212,0.030854472963696488,0.0006939194849682264,0.05,200,20260905,
2014H2-E,all,20260913,psi,tabicl@t1,False,0.028987271290072943,0.028130253975180212,0.030854472963696488,0.0006939194849682264,0.05,200,20260905,
2014H2-E,all,20260913,psi,tabpfn@t1,False,0.007534894455652522,0.007246954003760752,0.008648129276481963,0.00035308370814968653,0.05,200,20260905,
2014H2-E,all,20260913,psi,gbm - scorecard,True,-0.012609548345291034,-0.013338637099027219,-0.01181018983400351,0.00041552618699304094,0.05,200,20260905,True
2014H2-E,all,20260913,psi,gbm-50k - scorecard,True,-0.016506434483212006,-0.0173520125523309,-0.01559961461271763,0.0004855009851406636,0.05,200,20260905,True
2014H2-E,all,20260913,psi,tabpfn - scorecard,True,-0.01914805485256812,-0.020150912306106487,-0.018081115460494308,0.0005440393124742458,0.05,200,20260905,True
2014H2-E,all,20260913,psi,tabicl - scorecard,True,0.0023436964084912054,0.0004229408015487616,0.0045150120224011344,0.0010752890428403408,0.05,200,20260905,True
2014H2-E,all,20260913,psi,tabicl@t1 - scorecard,True,0.0023436964084912054,0.0004229408015487616,0.0045150120224011344,0.0010752890428403408,0.05,200,20260905,True
2014H2-E,all,20260913,psi,tabpfn@t1 - scorecard,True,-0.019108680425929215,-0.020093986149053417,-0.0180321205333077,0.0005423603570980058,0.05,200,20260905,True
2014H2-E,all,20260913,psi,gbm-50k - gbm,True,-0.003896886137920972,-0.004481894283891693,-0.003277714230424822,0.0003205528273692417,0.05,200,20260905,True
2014H2-E,all,20260913,psi,tabpfn - gbm,True,-0.006538506507277089,-0.007224525898813134,-0.005911268459896942,0.00033873540634933385,0.05,200,20260905,True
2014H2-E,all,20260913,psi,tabicl - gbm,True,0.014953244753782239,0.013134609492002706,0.0167003882593668,0.0009085292237011373,0.05,200,20260905,True
2014H2-E,all,20260913,psi,tabicl@t1 - gbm,True,0.014953244753782239,0.013134609492002706,0.0167003882593668,0.0009085292237011373,0.05,200,20260905,True
2014H2-E,all,20260913,psi,tabpfn@t1 - gbm,True,-0.006499132080638182,-0.007182179854136827,-0.005852031654178426,0.00033779744865701267,0.05,200,20260905,True
2014H2-E,all,20260913,psi,tabpfn - gbm-50k,True,-0.0026416203693561168,-0.003292847453507948,-0.0020834180327524883,0.0003252031805707956,0.05,200,20260905,True
2014H2-E,all,20260913,psi,tabicl - gbm-50k,True,0.01885013089170321,0.017263187509912358,0.020242134944122442,0.0008122742422269624,0.05,200,20260905,True
2014H2-E,all,20260913,psi,tabicl@t1 - gbm-50k,True,0.01885013089170321,0.017263187509912358,0.020242134944122442,0.0008122742422269624,0.05,200,20260905,True
2014H2-E,all,20260913,psi,tabpfn@t1 - gbm-50k,True,-0.0026022459427172103,-0.003250930667619192,-0.0020536615227102943,0.0003237846780139825,0.05,200,20260905,True
2014H2-E,all,20260913,psi,tabicl - tabpfn,True,0.021491751261059327,0.02013934058268877,0.022861733808368503,0.0007139997151800302,0.05,200,20260905,True
2014H2-E,all,20260913,psi,tabicl@t1 - tabpfn,True,0.021491751261059327,0.02013934058268877,0.022861733808368503,0.0007139997151800302,0.05,200,20260905,True
2014H2-E,all,20260913,psi,tabpfn@t1 - tabpfn,True,3.93744266389065e-05,7.63768794336049e-06,7.469451895620932e-05,1.7474932108404244e-05,0.05,200,20260905,True
2014H2-E,all,20260913,psi,tabicl@t1 - tabicl,True,0.0,0.0,0.0,0.0,0.05,200,20260905,False
2014H2-E,all,20260913,psi,tabpfn@t1 - tabicl,True,-0.02145237683442042,-0.022828454344653148,-0.020110110386446615,0.0007150026379799707,0.05,200,20260905,True
2014H2-E,all,20260913,psi,tabpfn@t1 - tabicl@t1,True,-0.02145237683442042,-0.022828454344653148,-0.020110110386446615,0.0007150026379799707,0.05,200,20260905,True
